Trade #,Type,Date and time,Price,Qty,Net PnL,Net PnL %,MFE,MAE,Cumulative PnL
852,Exit long,2026-05-05 02:00,2367.100000,1,7.080000,0.3000,6.720000,9.180000,-89.620000
852,Entry long,2026-05-05 01:30,2360.020000,1,7.080000,0.3000,6.720000,9.180000,-89.620000
851,Exit long,2026-05-04 09:30,2361.490000,1,42.560000,1.8353,79.950000,0.780000,-96.700000
851,Entry long,2026-05-04 01:30,2318.930000,1,42.560000,1.8353,79.950000,0.780000,-96.700000
850,Exit long,2026-05-04 01:45,2325.890000,1,6.960000,0.3001,41.280000,0.780000,-139.260000
850,Entry long,2026-05-04 01:30,2318.930000,1,6.960000,0.3001,41.280000,0.780000,-139.260000
849,Exit long,2026-05-03 09:30,2311.220000,2,9.940000,0.2155,13.460000,20.480000,-146.220000
849,Entry long,2026-05-03 01:30,2306.250000,2,9.940000,0.2155,13.460000,20.480000,-146.220000
848,Exit long,2026-05-02 09:30,2304.160000,1,7.910000,0.3445,11.840000,4.420000,-156.160000
848,Entry long,2026-05-02 01:30,2296.250000,1,7.910000,0.3445,11.840000,4.420000,-156.160000
847,Exit long,2026-05-02 02:45,2303.140000,1,6.890000,0.3001,6.320000,4.420000,-164.070000
847,Entry long,2026-05-02 01:30,2296.250000,1,6.890000,0.3001,6.320000,4.420000,-164.070000
846,Exit long,2026-05-01 09:30,2283.160000,1,21.660000,0.9578,33.490000,1.320000,-170.960000
846,Entry long,2026-05-01 01:30,2261.500000,1,21.660000,0.9578,33.490000,1.320000,-170.960000
845,Exit long,2026-05-01 01:45,2268.280000,1,6.780000,0.2998,6.940000,1.320000,-192.620000
845,Entry long,2026-05-01 01:30,2261.500000,1,6.780000,0.2998,6.940000,1.320000,-192.620000
844,Exit long,2026-04-30 09:30,2264.410000,1,-9.830000,-0.4322,7.360000,44.140000,-199.400000
844,Entry long,2026-04-30 01:30,2274.240000,1,-9.830000,-0.4322,7.360000,44.140000,-199.400000
843,Exit long,2026-04-30 02:30,2260.590000,1,-13.650000,-0.6002,7.360000,26.340000,-189.570000
843,Entry long,2026-04-30 01:30,2274.240000,1,-13.650000,-0.6002,7.360000,26.340000,-189.570000
842,Exit long,2026-04-29 09:30,2326.730000,1,45.720000,2.0044,61.140000,5.980000,-175.920000
842,Entry long,2026-04-29 01:30,2281.010000,1,45.720000,2.0044,61.140000,5.980000,-175.920000
841,Exit long,2026-04-29 01:45,2287.850000,1,6.840000,0.2999,10.640000,5.980000,-221.640000
841,Entry long,2026-04-29 01:30,2281.010000,1,6.840000,0.2999,10.640000,5.980000,-221.640000
840,Exit long,2026-04-28 09:30,2287.170000,1,-16.630000,-0.7219,0.000000,37.260000,-228.480000
840,Entry long,2026-04-28 01:30,2303.800000,1,-16.630000,-0.7219,0.000000,37.260000,-228.480000
839,Exit long,2026-04-28 02:30,2289.980000,1,-13.820000,-0.5999,0.000000,24.540000,-211.850000
839,Entry long,2026-04-28 01:30,2303.800000,1,-13.820000,-0.5999,0.000000,24.540000,-211.850000
838,Exit long,2026-04-27 05:00,2367.350000,1,-14.290000,-0.6000,18.230000,6.240000,-198.030000
838,Entry long,2026-04-27 01:30,2381.640000,1,-14.290000,-0.6000,18.230000,6.240000,-198.030000
837,Exit long,2026-04-27 01:45,2388.780000,1,7.140000,0.2998,13.260000,6.240000,-183.740000
837,Entry long,2026-04-27 01:30,2381.640000,1,7.140000,0.2998,13.260000,6.240000,-183.740000
836,Exit long,2026-04-26 09:30,2330.890000,1,16.170000,0.6986,22.270000,19.300000,-190.880000
836,Entry long,2026-04-26 01:30,2314.720000,1,16.170000,0.6986,22.270000,19.300000,-190.880000
835,Exit long,2026-04-26 05:00,2321.660000,1,6.940000,0.2998,7.820000,19.300000,-207.050000
835,Entry long,2026-04-26 01:30,2314.720000,1,6.940000,0.2998,7.820000,19.300000,-207.050000
834,Exit long,2026-04-25 09:30,2316.000000,2,-1.340000,-0.0289,6.660000,9.240000,-213.990000
834,Entry long,2026-04-25 01:30,2316.670000,2,-1.340000,-0.0289,6.660000,9.240000,-213.990000
833,Exit long,2026-04-24 03:30,2306.670000,1,-13.920000,-0.5998,13.770000,13.380000,-212.650000
833,Entry long,2026-04-24 01:30,2320.590000,1,-13.920000,-0.5998,13.770000,13.380000,-212.650000
832,Exit long,2026-04-24 01:45,2327.550000,1,6.960000,0.2999,8.740000,6.620000,-198.730000
832,Entry long,2026-04-24 01:30,2320.590000,1,6.960000,0.2999,8.740000,6.620000,-198.730000
831,Exit long,2026-04-23 09:30,2320.200000,1,-41.920000,-1.7747,13.800000,52.120000,-205.690000
831,Entry long,2026-04-23 01:30,2362.120000,1,-41.920000,-1.7747,13.800000,52.120000,-205.690000
830,Exit long,2026-04-23 02:15,2347.950000,1,-14.170000,-0.5999,13.800000,5.240000,-163.770000
830,Entry long,2026-04-23 01:30,2362.120000,1,-14.170000,-0.5999,13.800000,5.240000,-163.770000
829,Exit long,2026-04-22 09:30,2392.630000,1,80.010000,3.4597,101.730000,2.420000,-149.600000
829,Entry long,2026-04-22 01:30,2312.620000,1,80.010000,3.4597,101.730000,2.420000,-149.600000
828,Exit long,2026-04-22 01:45,2319.560000,1,6.940000,0.3001,16.420000,2.420000,-229.610000
828,Entry long,2026-04-22 01:30,2312.620000,1,6.940000,0.3001,16.420000,2.420000,-229.610000
827,Exit long,2026-04-21 08:45,2328.520000,1,6.960000,0.2998,6.860000,24.050000,-236.550000
827,Entry long,2026-04-21 01:30,2321.560000,1,6.960000,0.2998,6.860000,24.050000,-236.550000
826,Exit long,2026-04-21 02:00,2307.630000,1,-13.930000,-0.6000,6.860000,20.900000,-243.510000
826,Entry long,2026-04-21 01:30,2321.560000,1,-13.930000,-0.6000,6.860000,20.900000,-243.510000
825,Exit long,2026-04-20 05:15,2265.730000,1,-13.680000,-0.6002,27.000000,11.410000,-229.580000
825,Entry long,2026-04-20 01:30,2279.410000,1,-13.680000,-0.6002,27.000000,11.410000,-229.580000
824,Exit long,2026-04-20 01:45,2290.450000,1,11.040000,0.4843,27.000000,0.020000,-215.900000
824,Entry long,2026-04-20 01:30,2279.410000,1,11.040000,0.4843,27.000000,0.020000,-215.900000
823,Exit long,2026-04-19 09:30,2313.560000,1,-29.040000,-1.2396,12.200000,51.310000,-226.940000
823,Entry long,2026-04-19 01:30,2342.600000,1,-29.040000,-1.2396,12.200000,51.310000,-226.940000
822,Exit long,2026-04-19 04:30,2328.540000,1,-14.060000,-0.6002,12.200000,24.900000,-197.900000
822,Entry long,2026-04-19 01:30,2342.600000,1,-14.060000,-0.6002,12.200000,24.900000,-197.900000
821,Exit long,2026-04-18 09:30,2376.650000,1,-46.220000,-1.9077,1.720000,57.870000,-183.840000
821,Entry long,2026-04-18 01:30,2422.870000,1,-46.220000,-1.9077,1.720000,57.870000,-183.840000
820,Exit long,2026-04-18 03:45,2408.330000,1,-14.540000,-0.6001,1.720000,19.180000,-137.620000
820,Entry long,2026-04-18 01:30,2422.870000,1,-14.540000,-0.6001,1.720000,19.180000,-137.620000
819,Exit long,2026-04-17 07:00,2339.320000,1,7.000000,0.3001,11.340000,19.940000,-123.080000
819,Entry long,2026-04-17 01:30,2332.320000,1,7.000000,0.3001,11.340000,19.940000,-123.080000
818,Exit long,2026-04-17 05:00,2318.330000,1,-13.990000,-0.5998,11.340000,19.940000,-130.080000
818,Entry long,2026-04-17 01:30,2332.320000,1,-13.990000,-0.5998,11.340000,19.940000,-130.080000
817,Exit long,2026-04-16 07:45,2335.970000,1,-14.100000,-0.6000,18.380000,5.120000,-116.090000
817,Entry long,2026-04-16 01:30,2350.070000,1,-14.100000,-0.6000,18.380000,5.120000,-116.090000
816,Exit long,2026-04-16 02:15,2357.120000,1,7.050000,0.3000,11.220000,5.120000,-101.990000
816,Entry long,2026-04-16 01:30,2350.070000,1,7.050000,0.3000,11.220000,5.120000,-101.990000
815,Exit long,2026-04-15 09:30,2319.290000,1,-16.060000,-0.6877,12.360000,28.550000,-109.040000
815,Entry long,2026-04-15 01:30,2335.350000,1,-16.060000,-0.6877,12.360000,28.550000,-109.040000
814,Exit long,2026-04-15 02:30,2321.340000,1,-14.010000,-0.5999,12.360000,22.040000,-92.980000
814,Entry long,2026-04-15 01:30,2335.350000,1,-14.010000,-0.5999,12.360000,22.040000,-92.980000
813,Exit long,2026-04-14 09:30,2389.030000,1,26.220000,1.1097,32.490000,8.940000,-78.970000
813,Entry long,2026-04-14 01:30,2362.810000,1,26.220000,1.1097,32.490000,8.940000,-78.970000
812,Exit long,2026-04-14 01:45,2369.900000,1,7.090000,0.3001,10.200000,5.580000,-105.190000
812,Entry long,2026-04-14 01:30,2362.810000,1,7.090000,0.3001,10.200000,5.580000,-105.190000
811,Exit long,2026-04-13 09:30,2189.220000,1,-12.830000,-0.5826,8.480000,25.580000,-112.280000
811,Entry long,2026-04-13 01:30,2202.050000,1,-12.830000,-0.5826,8.480000,25.580000,-112.280000
810,Exit long,2026-04-13 04:45,2188.840000,1,-13.210000,-0.5999,8.480000,25.580000,-99.450000
810,Entry long,2026-04-13 01:30,2202.050000,1,-13.210000,-0.5999,8.480000,25.580000,-99.450000
809,Exit long,2026-04-12 09:30,2213.170000,1,-69.280000,-3.0353,0.020000,129.260000,-86.240000
809,Entry long,2026-04-12 01:30,2282.450000,1,-69.280000,-3.0353,0.020000,129.260000,-86.240000
808,Exit long,2026-04-12 01:45,2226.280000,1,-56.170000,-2.4610,0.020000,129.260000,-16.960000
808,Entry long,2026-04-12 01:30,2282.450000,1,-56.170000,-2.4610,0.020000,129.260000,-16.960000
807,Exit long,2026-04-11 09:30,2244.590000,1,6.800000,0.3039,13.540000,10.760000,39.210000
807,Entry long,2026-04-11 01:30,2237.790000,1,6.800000,0.3039,13.540000,10.760000,39.210000
806,Exit long,2026-04-11 01:45,2244.500000,1,6.710000,0.2998,9.720000,0.740000,32.410000
806,Entry long,2026-04-11 01:30,2237.790000,1,6.710000,0.2998,9.720000,0.740000,32.410000
805,Exit long,2026-04-10 09:30,2193.000000,1,7.880000,0.3606,36.140000,9.870000,25.700000
805,Entry long,2026-04-10 01:30,2185.120000,1,7.880000,0.3606,36.140000,9.870000,25.700000
804,Exit long,2026-04-10 01:45,2198.410000,1,13.290000,0.6082,36.140000,3.360000,17.820000
804,Entry long,2026-04-10 01:30,2185.120000,1,13.290000,0.6082,36.140000,3.360000,17.820000
803,Exit long,2026-04-09 09:30,2183.720000,1,14.610000,0.6735,21.160000,2.560000,4.530000
803,Entry long,2026-04-09 01:30,2169.110000,1,14.610000,0.6735,21.160000,2.560000,4.530000
802,Exit long,2026-04-09 01:45,2175.620000,1,6.510000,0.3001,16.660000,2.560000,-10.080000
802,Entry long,2026-04-09 01:30,2169.110000,1,6.510000,0.3001,16.660000,2.560000,-10.080000
801,Exit long,2026-04-08 09:30,2249.430000,1,17.640000,0.7904,30.960000,2.420000,-16.590000
801,Entry long,2026-04-08 01:30,2231.790000,1,17.640000,0.7904,30.960000,2.420000,-16.590000
800,Exit long,2026-04-08 01:45,2238.490000,1,6.700000,0.3002,14.020000,1.840000,-34.230000
800,Entry long,2026-04-08 01:30,2231.790000,1,6.700000,0.3002,14.020000,1.840000,-34.230000
799,Exit long,2026-04-07 09:00,2118.290000,1,6.340000,0.3002,6.300000,20.020000,-40.930000
799,Entry long,2026-04-07 01:30,2111.950000,1,6.340000,0.3002,6.300000,20.020000,-40.930000
798,Exit long,2026-04-07 01:45,2099.280000,1,-12.670000,-0.5999,3.360000,13.900000,-47.270000
798,Entry long,2026-04-07 01:30,2111.950000,1,-12.670000,-0.5999,3.360000,13.900000,-47.270000
797,Exit long,2026-04-06 09:30,2157.690000,1,38.950000,1.8384,55.670000,10.580000,-34.600000
797,Entry long,2026-04-06 01:30,2118.740000,1,38.950000,1.8384,55.670000,10.580000,-34.600000
796,Exit long,2026-04-06 02:00,2125.100000,1,6.360000,0.3002,1.880000,10.580000,-73.550000
796,Entry long,2026-04-06 01:30,2118.740000,1,6.360000,0.3002,1.880000,10.580000,-73.550000
795,Exit long,2026-04-05 09:30,2042.830000,1,-15.430000,-0.7497,3.460000,31.940000,-79.910000
795,Entry long,2026-04-05 01:30,2058.260000,1,-15.430000,-0.7497,3.460000,31.940000,-79.910000
794,Exit long,2026-04-05 06:00,2045.910000,1,-12.350000,-0.6000,3.460000,24.520000,-64.480000
794,Entry long,2026-04-05 01:30,2058.260000,1,-12.350000,-0.6000,3.460000,24.520000,-64.480000
793,Exit long,2026-04-04 09:30,2049.000000,1,-0.250000,-0.0122,12.080000,4.760000,-52.130000
793,Entry long,2026-04-04 01:30,2049.250000,1,-0.250000,-0.0122,12.080000,4.760000,-52.130000
792,Exit long,2026-04-04 06:45,2055.400000,1,6.150000,0.3001,12.080000,4.760000,-51.880000
792,Entry long,2026-04-04 01:30,2049.250000,1,6.150000,0.3001,12.080000,4.760000,-51.880000
791,Exit long,2026-04-03 06:30,2064.640000,1,6.180000,0.3002,6.840000,28.740000,-58.030000
791,Entry long,2026-04-03 01:30,2058.460000,1,6.180000,0.3002,6.840000,28.740000,-58.030000
790,Exit long,2026-04-03 01:45,2046.110000,1,-12.350000,-0.6000,6.840000,28.740000,-64.210000
790,Entry long,2026-04-03 01:30,2058.460000,1,-12.350000,-0.6000,6.840000,28.740000,-64.210000
789,Exit long,2026-04-02 09:30,2045.590000,1,-65.220000,-3.0898,0.040000,73.580000,-51.860000
789,Entry long,2026-04-02 01:30,2110.810000,1,-65.220000,-3.0898,0.040000,73.580000,-51.860000
788,Exit long,2026-04-02 01:45,2090.720000,1,-20.090000,-0.9518,0.040000,41.180000,13.360000
788,Entry long,2026-04-02 01:30,2110.810000,1,-20.090000,-0.9518,0.040000,41.180000,13.360000
787,Exit long,2026-04-01 03:00,2104.960000,1,6.300000,0.3002,5.680000,22.680000,33.450000
787,Entry long,2026-04-01 01:30,2098.660000,1,6.300000,0.3002,5.680000,22.680000,33.450000
786,Exit long,2026-04-01 02:15,2086.070000,1,-12.590000,-0.5999,5.680000,22.680000,27.150000
786,Entry long,2026-04-01 01:30,2098.660000,1,-12.590000,-0.5999,5.680000,22.680000,27.150000
785,Exit long,2026-03-31 07:00,2048.220000,1,-12.360000,-0.5998,64.840000,7.200000,39.740000
785,Entry long,2026-03-31 01:30,2060.580000,1,-12.360000,-0.5998,64.840000,7.200000,39.740000
784,Exit long,2026-03-31 01:45,2072.910000,1,12.330000,0.5984,64.840000,7.200000,52.100000
784,Entry long,2026-03-31 01:30,2060.580000,1,12.330000,0.5984,64.840000,7.200000,52.100000
783,Exit long,2026-03-30 09:30,2055.530000,1,48.920000,2.4379,68.390000,3.840000,39.770000
783,Entry long,2026-03-30 01:30,2006.610000,1,48.920000,2.4379,68.390000,3.840000,39.770000
782,Exit long,2026-03-30 01:45,2012.630000,1,6.020000,0.3000,11.960000,3.840000,-9.150000
782,Entry long,2026-03-30 01:30,2006.610000,1,6.020000,0.3000,11.960000,3.840000,-9.150000
781,Exit long,2026-03-29 09:30,2001.590000,1,-1.670000,-0.0834,15.740000,10.520000,-15.170000
781,Entry long,2026-03-29 01:30,2003.260000,1,-1.670000,-0.0834,15.740000,10.520000,-15.170000
780,Exit long,2026-03-29 02:45,2009.270000,1,6.010000,0.3000,6.580000,10.520000,-13.500000
780,Entry long,2026-03-29 01:30,2003.260000,1,6.010000,0.3000,6.580000,10.520000,-13.500000
779,Exit long,2026-03-28 09:30,1997.840000,1,10.630000,0.5349,20.420000,11.380000,-19.510000
779,Entry long,2026-03-28 01:30,1987.210000,1,10.630000,0.5349,20.420000,11.380000,-19.510000
778,Exit long,2026-03-28 05:15,1993.170000,1,5.960000,0.2999,11.180000,11.380000,-30.140000
778,Entry long,2026-03-28 01:30,1987.210000,1,5.960000,0.2999,11.180000,11.380000,-30.140000
777,Exit long,2026-03-27 09:30,2049.310000,1,-21.550000,-1.0406,11.140000,38.760000,-36.100000
777,Entry long,2026-03-27 01:30,2070.860000,1,-21.550000,-1.0406,11.140000,38.760000,-36.100000
776,Exit long,2026-03-27 03:00,2058.430000,1,-12.430000,-0.6002,11.140000,10.180000,-14.550000
776,Entry long,2026-03-27 01:30,2070.860000,1,-12.430000,-0.6002,11.140000,10.180000,-14.550000
775,Exit long,2026-03-26 09:30,2115.800000,1,-50.110000,-2.3136,4.360000,55.190000,-2.120000
775,Entry long,2026-03-26 01:30,2165.910000,1,-50.110000,-2.3136,4.360000,55.190000,-2.120000
774,Exit long,2026-03-26 02:15,2152.910000,1,-13.000000,-0.6002,4.360000,18.080000,47.990000
774,Entry long,2026-03-26 01:30,2165.910000,1,-13.000000,-0.6002,4.360000,18.080000,47.990000
773,Exit long,2026-03-25 04:45,2166.370000,1,6.480000,0.3000,8.540000,15.100000,60.990000
773,Entry long,2026-03-25 01:30,2159.890000,1,6.480000,0.3000,8.540000,15.100000,60.990000
772,Exit long,2026-03-25 03:00,2146.930000,1,-12.960000,-0.6000,8.540000,15.100000,54.510000
772,Entry long,2026-03-25 01:30,2159.890000,1,-12.960000,-0.6000,8.540000,15.100000,54.510000
771,Exit long,2026-03-24 07:00,2152.770000,1,6.440000,0.3000,6.160000,47.100000,67.470000
771,Entry long,2026-03-24 01:30,2146.330000,1,6.440000,0.3000,6.160000,47.100000,67.470000
770,Exit long,2026-03-24 01:45,2129.950000,1,-16.380000,-0.7632,2.280000,47.100000,61.030000
770,Entry long,2026-03-24 01:30,2146.330000,1,-16.380000,-0.7632,2.280000,47.100000,61.030000
769,Exit long,2026-03-23 02:15,2064.760000,1,6.180000,0.3002,4.840000,16.180000,77.410000
769,Entry long,2026-03-23 01:30,2058.580000,1,6.180000,0.3002,4.840000,16.180000,77.410000
768,Exit long,2026-03-23 01:45,2046.230000,1,-12.350000,-0.5999,4.840000,16.180000,71.230000
768,Entry long,2026-03-23 01:30,2058.580000,1,-12.350000,-0.5999,4.840000,16.180000,71.230000
767,Exit long,2026-03-22 08:15,2076.620000,1,-12.530000,-0.5998,37.230000,17.200000,83.580000
767,Entry long,2026-03-22 01:30,2089.150000,1,-12.530000,-0.5998,37.230000,17.200000,83.580000
766,Exit long,2026-03-22 02:15,2095.420000,1,6.270000,0.3001,5.300000,17.200000,96.110000
766,Entry long,2026-03-22 01:30,2089.150000,1,6.270000,0.3001,5.300000,17.200000,96.110000
765,Exit long,2026-03-21 09:30,2154.000000,1,1.630000,0.0757,10.080000,14.480000,89.840000
765,Entry long,2026-03-21 01:30,2152.370000,1,1.630000,0.0757,10.080000,14.480000,89.840000
764,Exit long,2026-03-21 07:15,2158.830000,1,6.460000,0.3001,10.080000,14.480000,88.210000
764,Entry long,2026-03-21 01:30,2152.370000,1,6.460000,0.3001,10.080000,14.480000,88.210000
763,Exit long,2026-03-20 02:15,2135.580000,1,-12.890000,-0.6000,22.400000,4.470000,81.750000
763,Entry long,2026-03-20 01:30,2148.470000,1,-12.890000,-0.6000,22.400000,4.470000,81.750000
762,Exit long,2026-03-20 01:45,2157.690000,1,9.220000,0.4291,22.400000,0.000000,94.640000
762,Entry long,2026-03-20 01:30,2148.470000,1,9.220000,0.4291,22.400000,0.000000,94.640000
761,Exit long,2026-03-19 06:30,2178.460000,1,-13.150000,-0.6000,41.030000,10.440000,85.420000
761,Entry long,2026-03-19 01:30,2191.610000,1,-13.150000,-0.6000,41.030000,10.440000,85.420000
760,Exit long,2026-03-19 01:45,2198.620000,1,7.010000,0.3199,17.780000,3.820000,98.570000
760,Entry long,2026-03-19 01:30,2191.610000,1,7.010000,0.3199,17.780000,3.820000,98.570000
759,Exit long,2026-03-18 05:45,2314.850000,1,-13.970000,-0.5999,21.170000,14.000000,91.560000
759,Entry long,2026-03-18 01:30,2328.820000,1,-13.970000,-0.5999,21.170000,14.000000,91.560000
758,Exit long,2026-03-18 02:30,2335.810000,1,6.990000,0.3002,10.660000,14.000000,105.530000
758,Entry long,2026-03-18 01:30,2328.820000,1,6.990000,0.3002,10.660000,14.000000,105.530000
757,Exit long,2026-03-17 09:30,2323.780000,1,-39.770000,-1.6826,24.780000,70.980000,98.540000
757,Entry long,2026-03-17 01:30,2363.550000,1,-39.770000,-1.6826,24.780000,70.980000,98.540000
756,Exit long,2026-03-17 02:00,2349.370000,1,-14.180000,-0.5999,24.780000,27.960000,138.310000
756,Entry long,2026-03-17 01:30,2363.550000,1,-14.180000,-0.5999,24.780000,27.960000,138.310000
755,Exit long,2026-03-16 09:30,2254.260000,1,75.280000,3.4548,109.020000,11.340000,152.490000
755,Entry long,2026-03-16 01:30,2178.980000,1,75.280000,3.4548,109.020000,11.340000,152.490000
754,Exit long,2026-03-16 01:45,2185.520000,1,6.540000,0.3001,5.500000,11.340000,77.210000
754,Entry long,2026-03-16 01:30,2178.980000,1,6.540000,0.3001,5.500000,11.340000,77.210000
753,Exit long,2026-03-15 09:30,2116.760000,1,31.750000,1.5228,38.240000,5.780000,70.670000
753,Entry long,2026-03-15 01:30,2085.010000,1,31.750000,1.5228,38.240000,5.780000,70.670000
752,Exit long,2026-03-15 02:00,2091.270000,1,6.260000,0.3002,10.580000,5.780000,38.920000
752,Entry long,2026-03-15 01:30,2085.010000,1,6.260000,0.3002,10.580000,5.780000,38.920000
751,Exit long,2026-03-14 06:30,2079.090000,1,-12.550000,-0.6000,14.110000,23.160000,32.660000
751,Entry long,2026-03-14 01:30,2091.640000,1,-12.550000,-0.6000,14.110000,23.160000,32.660000
750,Exit long,2026-03-14 03:15,2097.910000,1,6.270000,0.2998,11.800000,23.160000,45.210000
750,Entry long,2026-03-14 01:30,2091.640000,1,6.270000,0.2998,11.800000,23.160000,45.210000
749,Exit long,2026-03-13 09:30,2102.200000,1,-19.870000,-0.9363,13.360000,33.550000,38.940000
749,Entry long,2026-03-13 01:30,2122.070000,1,-19.870000,-0.9363,13.360000,33.550000,38.940000
748,Exit long,2026-03-13 02:30,2109.340000,1,-12.730000,-0.5999,13.360000,24.720000,58.810000
748,Entry long,2026-03-13 01:30,2122.070000,1,-12.730000,-0.5999,13.360000,24.720000,58.810000
747,Exit long,2026-03-12 09:30,2040.130000,1,-8.150000,-0.3979,8.440000,32.110000,71.540000
747,Entry long,2026-03-12 01:30,2048.280000,1,-8.150000,-0.3979,8.440000,32.110000,71.540000
746,Exit long,2026-03-12 02:15,2035.990000,1,-12.290000,-0.6000,8.440000,13.000000,79.690000
746,Entry long,2026-03-12 01:30,2048.280000,1,-12.290000,-0.6000,8.440000,13.000000,79.690000
745,Exit long,2026-03-11 09:30,2017.210000,1,-18.240000,-0.8961,5.680000,29.550000,91.980000
745,Entry long,2026-03-11 01:30,2035.450000,1,-18.240000,-0.8961,5.680000,29.550000,91.980000
744,Exit long,2026-03-11 02:30,2023.240000,1,-12.210000,-0.5999,5.680000,16.080000,110.220000
744,Entry long,2026-03-11 01:30,2035.450000,1,-12.210000,-0.5999,5.680000,16.080000,110.220000
743,Exit long,2026-03-10 09:30,2068.100000,1,56.130000,2.7898,62.030000,12.680000,122.430000
743,Entry long,2026-03-10 01:30,2011.970000,1,56.130000,2.7898,62.030000,12.680000,122.430000
742,Exit long,2026-03-10 01:45,2018.010000,1,6.040000,0.3002,7.240000,12.680000,66.300000
742,Entry long,2026-03-10 01:30,2011.970000,1,6.040000,0.3002,7.240000,12.680000,66.300000
741,Exit long,2026-03-09 02:15,1938.940000,1,-11.700000,-0.5998,23.720000,10.990000,60.260000
741,Entry long,2026-03-09 01:30,1950.640000,1,-11.700000,-0.5998,23.720000,10.990000,60.260000
740,Exit long,2026-03-09 01:45,1957.520000,1,6.880000,0.3527,23.720000,7.960000,71.960000
740,Entry long,2026-03-09 01:30,1950.640000,1,6.880000,0.3527,23.720000,7.960000,71.960000
739,Exit long,2026-03-08 09:30,1967.810000,1,0.450000,0.0229,6.860000,39.780000,65.080000
739,Entry long,2026-03-08 01:30,1967.360000,1,0.450000,0.0229,6.860000,39.780000,65.080000
738,Exit long,2026-03-08 02:45,1955.560000,1,-11.800000,-0.5998,6.860000,14.500000,64.630000
738,Entry long,2026-03-08 01:30,1967.360000,1,-11.800000,-0.5998,6.860000,14.500000,64.630000
737,Exit long,2026-03-07 04:00,1966.370000,1,-11.870000,-0.6000,17.500000,13.680000,76.430000
737,Entry long,2026-03-07 01:30,1978.240000,1,-11.870000,-0.6000,17.500000,13.680000,76.430000
736,Exit long,2026-03-07 03:00,1984.170000,1,5.930000,0.2998,11.080000,13.680000,88.300000
736,Entry long,2026-03-07 01:30,1978.240000,1,5.930000,0.2998,11.080000,13.680000,88.300000
735,Exit long,2026-03-06 09:30,2055.880000,1,-8.800000,-0.4262,45.540000,11.450000,82.370000
735,Entry long,2026-03-06 01:30,2064.680000,1,-8.800000,-0.4262,45.540000,11.450000,82.370000
734,Exit long,2026-03-06 01:45,2084.730000,1,20.050000,0.9711,45.540000,0.160000,91.170000
734,Entry long,2026-03-06 01:30,2064.680000,1,20.050000,0.9711,45.540000,0.160000,91.170000
733,Exit long,2026-03-05 02:15,2132.720000,1,6.380000,0.3000,5.990000,36.180000,71.120000
733,Entry long,2026-03-05 01:30,2126.340000,1,6.380000,0.3000,5.990000,36.180000,71.120000
732,Exit long,2026-03-05 01:45,2112.810000,1,-13.530000,-0.6363,1.460000,36.180000,64.740000
732,Entry long,2026-03-05 01:30,2126.340000,1,-13.530000,-0.6363,1.460000,36.180000,64.740000
731,Exit long,2026-03-04 03:15,1966.230000,1,-11.870000,-0.6001,39.780000,10.720000,78.270000
731,Entry long,2026-03-04 01:30,1978.100000,1,-11.870000,-0.6001,39.780000,10.720000,78.270000
730,Exit long,2026-03-04 01:45,1988.990000,1,10.890000,0.5505,39.780000,2.380000,90.140000
730,Entry long,2026-03-04 01:30,1978.100000,1,10.890000,0.5505,39.780000,2.380000,90.140000
729,Exit long,2026-03-03 09:30,1947.860000,1,-80.320000,-3.9602,10.680000,84.090000,79.250000
729,Entry long,2026-03-03 01:30,2028.180000,1,-80.320000,-3.9602,10.680000,84.090000,79.250000
728,Exit long,2026-03-03 02:00,2016.010000,1,-12.170000,-0.6000,10.680000,20.360000,159.570000
728,Entry long,2026-03-03 01:30,2028.180000,1,-12.170000,-0.6000,10.680000,20.360000,159.570000
727,Exit long,2026-03-02 03:15,1972.750000,1,5.900000,0.3000,11.640000,28.610000,171.740000
727,Entry long,2026-03-02 01:30,1966.850000,1,5.900000,0.3000,11.640000,28.610000,171.740000
726,Exit long,2026-03-02 02:00,1955.050000,1,-11.800000,-0.5999,11.640000,16.620000,165.840000
726,Entry long,2026-03-02 01:30,1966.850000,1,-11.800000,-0.5999,11.640000,16.620000,165.840000
725,Exit long,2026-03-01 09:30,1990.230000,1,37.350000,1.9126,101.790000,3.660000,177.640000
725,Entry long,2026-03-01 01:30,1952.880000,1,37.350000,1.9126,101.790000,3.660000,177.640000
724,Exit long,2026-03-01 01:45,1966.080000,1,13.200000,0.6759,41.460000,3.660000,140.290000
724,Entry long,2026-03-01 01:30,1952.880000,1,13.200000,0.6759,41.460000,3.660000,140.290000
723,Exit long,2026-02-28 04:30,1912.920000,1,-11.550000,-0.6002,10.180000,15.400000,127.090000
723,Entry long,2026-02-28 01:30,1924.470000,1,-11.550000,-0.6002,10.180000,15.400000,127.090000
722,Exit long,2026-02-28 02:45,1930.240000,1,5.770000,0.2998,10.180000,15.400000,138.640000
722,Entry long,2026-02-28 01:30,1924.470000,1,5.770000,0.2998,10.180000,15.400000,138.640000
721,Exit long,2026-02-27 09:30,2036.780000,1,29.240000,1.4565,56.170000,3.080000,132.870000
721,Entry long,2026-02-27 01:30,2007.540000,1,29.240000,1.4565,56.170000,3.080000,132.870000
720,Exit long,2026-02-27 01:45,2013.560000,1,6.020000,0.2999,21.920000,3.080000,103.630000
720,Entry long,2026-02-27 01:30,2007.540000,1,6.020000,0.2999,21.920000,3.080000,103.630000
719,Exit long,2026-02-26 04:00,2060.850000,1,6.160000,0.2998,18.620000,16.860000,97.610000
719,Entry long,2026-02-26 01:30,2054.690000,1,6.160000,0.2998,18.620000,16.860000,97.610000
718,Exit long,2026-02-26 02:00,2042.360000,1,-12.330000,-0.6001,18.620000,12.560000,91.450000
718,Entry long,2026-02-26 01:30,2054.690000,1,-12.330000,-0.6001,18.620000,12.560000,91.450000
717,Exit long,2026-02-25 04:00,1897.800000,1,-11.460000,-0.6002,36.440000,6.830000,103.780000
717,Entry long,2026-02-25 01:30,1909.260000,1,-11.460000,-0.6002,36.440000,6.830000,103.780000
716,Exit long,2026-02-25 01:45,1914.990000,1,5.730000,0.3001,25.280000,2.460000,115.240000
716,Entry long,2026-02-25 01:30,1909.260000,1,5.730000,0.3001,25.280000,2.460000,115.240000
715,Exit long,2026-02-24 09:30,1823.440000,1,-25.360000,-1.3717,18.220000,36.280000,109.510000
715,Entry long,2026-02-24 01:30,1848.800000,1,-25.360000,-1.3717,18.220000,36.280000,109.510000
714,Exit long,2026-02-24 02:00,1837.710000,1,-11.090000,-0.5998,18.220000,21.440000,134.870000
714,Entry long,2026-02-24 01:30,1848.800000,1,-11.090000,-0.5998,18.220000,21.440000,134.870000
713,Exit long,2026-02-23 06:15,1877.350000,1,5.620000,0.3003,16.300000,27.270000,145.960000
713,Entry long,2026-02-23 01:30,1871.730000,1,5.620000,0.3003,16.300000,27.270000,145.960000
712,Exit long,2026-02-23 01:45,1860.500000,1,-11.230000,-0.6000,16.300000,7.160000,140.340000
712,Entry long,2026-02-23 01:30,1871.730000,1,-11.230000,-0.6000,16.300000,7.160000,140.340000
711,Exit long,2026-02-22 09:30,1972.500000,2,-8.860000,-0.2241,11.800000,21.420000,151.570000
711,Entry long,2026-02-22 01:30,1976.930000,2,-8.860000,-0.2241,11.800000,21.420000,151.570000
710,Exit long,2026-02-21 09:30,1974.930000,1,11.680000,0.5949,13.750000,8.180000,160.430000
710,Entry long,2026-02-21 01:30,1963.250000,1,11.680000,0.5949,13.750000,8.180000,160.430000
709,Exit long,2026-02-21 02:15,1969.140000,1,5.890000,0.3000,10.720000,1.100000,148.750000
709,Entry long,2026-02-21 01:30,1963.250000,1,5.890000,0.3000,10.720000,1.100000,148.750000
708,Exit long,2026-02-20 05:30,1960.220000,1,5.860000,0.2998,10.680000,25.840000,142.860000
708,Entry long,2026-02-20 01:30,1954.360000,1,5.860000,0.2998,10.680000,25.840000,142.860000
707,Exit long,2026-02-20 04:15,1942.630000,1,-11.730000,-0.6002,10.680000,22.720000,137.000000
707,Entry long,2026-02-20 01:30,1954.360000,1,-11.730000,-0.6002,10.680000,22.720000,137.000000
706,Exit long,2026-02-19 09:30,1976.350000,1,14.380000,0.7329,24.940000,6.800000,148.730000
706,Entry long,2026-02-19 01:30,1961.970000,1,14.380000,0.7329,24.940000,6.800000,148.730000
705,Exit long,2026-02-19 02:00,1967.860000,1,5.890000,0.3002,10.760000,6.800000,134.350000
705,Entry long,2026-02-19 01:30,1961.970000,1,5.890000,0.3002,10.760000,6.800000,134.350000
704,Exit long,2026-02-18 09:30,2018.840000,1,45.690000,2.3156,65.120000,11.760000,128.460000
704,Entry long,2026-02-18 01:30,1973.150000,1,45.690000,2.3156,65.120000,11.760000,128.460000
703,Exit long,2026-02-18 02:00,1979.070000,1,5.920000,0.3000,10.220000,11.760000,82.770000
703,Entry long,2026-02-18 01:30,1973.150000,1,5.920000,0.3000,10.220000,11.760000,82.770000
702,Exit long,2026-02-17 02:00,1987.540000,1,-12.000000,-0.6001,16.740000,19.140000,76.850000
702,Entry long,2026-02-17 01:30,1999.540000,1,-12.000000,-0.6001,16.740000,19.140000,76.850000
701,Exit long,2026-02-17 02:00,2005.540000,1,6.000000,0.3001,16.740000,19.140000,88.850000
701,Entry long,2026-02-17 01:30,1999.540000,1,6.000000,0.3001,16.740000,19.140000,88.850000
700,Exit long,2026-02-16 05:00,1972.250000,1,5.900000,0.3000,5.850000,21.180000,82.850000
700,Entry long,2026-02-16 01:30,1966.350000,1,5.900000,0.3000,5.850000,21.180000,82.850000
699,Exit long,2026-02-16 02:15,1954.550000,1,-11.800000,-0.6001,3.600000,21.180000,76.950000
699,Entry long,2026-02-16 01:30,1966.350000,1,-11.800000,-0.6001,3.600000,21.180000,76.950000
698,Exit long,2026-02-15 02:30,2049.200000,1,-12.370000,-0.6000,10.130000,19.840000,88.750000
698,Entry long,2026-02-15 01:30,2061.570000,1,-12.370000,-0.6000,10.130000,19.840000,88.750000
697,Exit long,2026-02-15 02:00,2067.750000,1,6.180000,0.2998,8.860000,19.840000,101.120000
697,Entry long,2026-02-15 01:30,2061.570000,1,6.180000,0.2998,8.860000,19.840000,101.120000
696,Exit long,2026-02-14 09:30,2075.700000,1,21.300000,1.0368,37.420000,14.620000,94.940000
696,Entry long,2026-02-14 01:30,2054.400000,1,21.300000,1.0368,37.420000,14.620000,94.940000
695,Exit long,2026-02-14 08:00,2060.560000,1,6.160000,0.2998,11.180000,14.620000,73.640000
695,Entry long,2026-02-14 01:30,2054.400000,1,6.160000,0.2998,11.180000,14.620000,73.640000
694,Exit long,2026-02-13 06:15,1928.480000,1,-11.640000,-0.6000,18.700000,8.610000,67.480000
694,Entry long,2026-02-13 01:30,1940.120000,1,-11.640000,-0.6000,18.700000,8.610000,67.480000
693,Exit long,2026-02-13 01:45,1945.940000,1,5.820000,0.3000,18.700000,2.020000,79.120000
693,Entry long,2026-02-13 01:30,1940.120000,1,5.820000,0.3000,18.700000,2.020000,79.120000
692,Exit long,2026-02-12 04:00,1974.650000,1,5.910000,0.3002,16.520000,23.320000,73.300000
692,Entry long,2026-02-12 01:30,1968.740000,1,5.910000,0.3002,16.520000,23.320000,73.300000
691,Exit long,2026-02-12 02:15,1956.930000,1,-11.810000,-0.5999,16.520000,23.320000,67.390000
691,Entry long,2026-02-12 01:30,1968.740000,1,-11.810000,-0.5999,16.520000,23.320000,67.390000
690,Exit long,2026-02-11 03:15,2004.660000,1,-12.100000,-0.6000,21.500000,8.660000,79.200000
690,Entry long,2026-02-11 01:30,2016.760000,1,-12.100000,-0.6000,21.500000,8.660000,79.200000
689,Exit long,2026-02-11 01:45,2025.130000,1,8.370000,0.4150,21.500000,3.520000,91.300000
689,Entry long,2026-02-11 01:30,2016.760000,1,8.370000,0.4150,21.500000,3.520000,91.300000
688,Exit long,2026-02-10 02:45,2103.090000,1,-12.690000,-0.5998,10.440000,13.660000,82.930000
688,Entry long,2026-02-10 01:30,2115.780000,1,-12.690000,-0.5998,10.440000,13.660000,82.930000
687,Exit long,2026-02-10 01:45,2122.130000,1,6.350000,0.3001,10.440000,13.660000,95.620000
687,Entry long,2026-02-10 01:30,2115.780000,1,6.350000,0.3001,10.440000,13.660000,95.620000
686,Exit long,2026-02-09 03:30,2097.050000,1,6.270000,0.2999,4.140000,72.980000,89.270000
686,Entry long,2026-02-09 01:30,2090.780000,1,6.270000,0.2999,4.140000,72.980000,89.270000
685,Exit long,2026-02-09 01:45,2063.620000,1,-27.160000,-1.2990,2.320000,72.980000,83.000000
685,Entry long,2026-02-09 01:30,2090.780000,1,-27.160000,-1.2990,2.320000,72.980000,83.000000
684,Exit long,2026-02-08 04:15,2070.690000,1,-12.500000,-0.6000,22.810000,12.260000,110.160000
684,Entry long,2026-02-08 01:30,2083.190000,1,-12.500000,-0.6000,22.810000,12.260000,110.160000
683,Exit long,2026-02-08 01:45,2089.440000,1,6.250000,0.3000,21.600000,4.420000,122.660000
683,Entry long,2026-02-08 01:30,2083.190000,1,6.250000,0.3000,21.600000,4.420000,122.660000
682,Exit long,2026-02-07 07:00,2031.830000,1,-12.260000,-0.5998,74.780000,2.720000,116.410000
682,Entry long,2026-02-07 01:30,2044.090000,1,-12.260000,-0.5998,74.780000,2.720000,116.410000
681,Exit long,2026-02-07 01:45,2050.220000,1,6.130000,0.2999,24.960000,2.720000,128.670000
681,Entry long,2026-02-07 01:30,2044.090000,1,6.130000,0.2999,24.960000,2.720000,128.670000
680,Exit long,2026-02-06 03:45,1884.570000,1,-11.380000,-0.6002,67.960000,11.900000,122.540000
680,Entry long,2026-02-06 01:30,1895.950000,1,-11.380000,-0.6002,67.960000,11.900000,122.540000
679,Exit long,2026-02-06 01:45,1920.400000,1,24.450000,1.2896,67.960000,11.900000,133.920000
679,Entry long,2026-02-06 01:30,1895.950000,1,24.450000,1.2896,67.960000,11.900000,133.920000
678,Exit long,2026-02-05 09:30,2137.010000,1,-25.680000,-1.1874,20.620000,101.470000,109.470000
678,Entry long,2026-02-05 01:30,2162.690000,1,-25.680000,-1.1874,20.620000,101.470000,109.470000
677,Exit long,2026-02-05 01:45,2149.710000,1,-12.980000,-0.6002,20.620000,43.000000,135.150000
677,Entry long,2026-02-05 01:30,2162.690000,1,-12.980000,-0.6002,20.620000,43.000000,135.150000
676,Exit long,2026-02-04 03:00,2277.090000,1,6.810000,0.3000,20.440000,29.080000,148.130000
676,Entry long,2026-02-04 01:30,2270.280000,1,6.810000,0.3000,20.440000,29.080000,148.130000
675,Exit long,2026-02-04 02:30,2256.660000,1,-13.620000,-0.5999,20.440000,26.420000,141.320000
675,Entry long,2026-02-04 01:30,2270.280000,1,-13.620000,-0.5999,20.440000,26.420000,141.320000
674,Exit long,2026-02-03 09:30,2272.440000,1,-77.560000,-3.3004,9.420000,90.230000,154.940000
674,Entry long,2026-02-03 01:30,2350.000000,1,-77.560000,-3.3004,9.420000,90.230000,154.940000
673,Exit long,2026-02-03 02:00,2335.900000,1,-14.100000,-0.6000,9.420000,15.380000,232.500000
673,Entry long,2026-02-03 01:30,2350.000000,1,-14.100000,-0.6000,9.420000,15.380000,232.500000
672,Exit long,2026-02-02 09:30,2279.460000,1,-30.160000,-1.3058,1.240000,153.620000,246.600000
672,Entry long,2026-02-02 01:30,2309.620000,1,-30.160000,-1.3058,1.240000,153.620000,246.600000
671,Exit long,2026-02-02 01:45,2295.760000,1,-13.860000,-0.6001,1.240000,35.040000,276.760000
671,Entry long,2026-02-02 01:30,2309.620000,1,-13.860000,-0.6001,1.240000,35.040000,276.760000
670,Exit long,2026-02-01 02:45,2458.350000,1,7.350000,0.2999,6.200000,35.520000,290.620000
670,Entry long,2026-02-01 01:30,2451.000000,1,7.350000,0.2999,6.200000,35.520000,290.620000
669,Exit long,2026-02-01 01:45,2435.530000,1,-15.470000,-0.6312,1.660000,35.520000,283.270000
669,Entry long,2026-02-01 01:30,2451.000000,1,-15.470000,-0.6312,1.660000,35.520000,283.270000
668,Exit long,2026-01-31 09:30,2638.140000,1,-70.760000,-2.6121,0.240000,103.490000,298.740000
668,Entry long,2026-01-31 01:30,2708.900000,1,-70.760000,-2.6121,0.240000,103.490000,298.740000
667,Exit long,2026-01-31 02:00,2692.650000,1,-16.250000,-0.5999,0.240000,22.880000,369.500000
667,Entry long,2026-01-31 01:30,2708.900000,1,-16.250000,-0.5999,0.240000,22.880000,369.500000
666,Exit long,2026-01-30 09:30,2723.780000,1,-75.390000,-2.6933,16.580000,251.680000,385.750000
666,Entry long,2026-01-30 01:30,2799.170000,1,-75.390000,-2.6933,16.580000,251.680000,385.750000
665,Exit long,2026-01-30 01:45,2723.700000,1,-75.470000,-2.6962,16.580000,251.680000,461.140000
665,Entry long,2026-01-30 01:30,2799.170000,1,-75.470000,-2.6962,16.580000,251.680000,461.140000
664,Exit long,2026-01-29 09:30,2948.470000,1,-46.430000,-1.5503,13.360000,58.510000,536.610000
664,Entry long,2026-01-29 01:30,2994.900000,1,-46.430000,-1.5503,13.360000,58.510000,536.610000
663,Exit long,2026-01-29 02:30,2976.930000,1,-17.970000,-0.6000,13.360000,17.800000,583.040000
663,Entry long,2026-01-29 01:30,2994.900000,1,-17.970000,-0.6000,13.360000,17.800000,583.040000
662,Exit long,2026-01-28 09:30,2993.410000,1,-19.440000,-0.6452,15.220000,34.420000,601.010000
662,Entry long,2026-01-28 01:30,3012.850000,1,-19.440000,-0.6452,15.220000,34.420000,601.010000
661,Exit long,2026-01-28 04:15,2994.770000,1,-18.080000,-0.6001,15.220000,34.420000,620.450000
661,Entry long,2026-01-28 01:30,3012.850000,1,-18.080000,-0.6001,15.220000,34.420000,620.450000
660,Exit long,2026-01-27 09:00,2912.840000,1,-17.580000,-0.5999,27.580000,12.130000,638.530000
660,Entry long,2026-01-27 01:30,2930.420000,1,-17.580000,-0.5999,27.580000,12.130000,638.530000
659,Exit long,2026-01-27 02:00,2939.210000,1,8.790000,0.3000,16.580000,5.200000,656.110000
659,Entry long,2026-01-27 01:30,2930.420000,1,8.790000,0.3000,16.580000,5.200000,656.110000
658,Exit long,2026-01-26 03:15,2857.170000,1,-17.250000,-0.6001,23.600000,13.390000,647.320000
658,Entry long,2026-01-26 01:30,2874.420000,1,-17.250000,-0.6001,23.600000,13.390000,647.320000
657,Exit long,2026-01-26 01:45,2883.040000,1,8.620000,0.2999,15.160000,3.820000,664.570000
657,Entry long,2026-01-26 01:30,2874.420000,1,8.620000,0.2999,15.160000,3.820000,664.570000
656,Exit long,2026-01-25 09:30,2934.120000,1,-17.630000,-0.5973,10.620000,33.200000,655.950000
656,Entry long,2026-01-25 01:30,2951.750000,1,-17.630000,-0.5973,10.620000,33.200000,655.950000
655,Exit long,2026-01-25 06:00,2934.040000,1,-17.710000,-0.6000,10.620000,32.500000,673.580000
655,Entry long,2026-01-25 01:30,2951.750000,1,-17.710000,-0.6000,10.620000,32.500000,673.580000
654,Exit long,2026-01-24 09:30,2959.830000,1,2.130000,0.0720,13.980000,14.620000,691.290000
654,Entry long,2026-01-24 01:30,2957.700000,1,2.130000,0.0720,13.980000,14.620000,691.290000
653,Exit long,2026-01-24 03:15,2966.570000,1,8.870000,0.2999,13.980000,14.620000,689.160000
653,Entry long,2026-01-24 01:30,2957.700000,1,8.870000,0.2999,13.980000,14.620000,689.160000
652,Exit long,2026-01-23 06:15,2939.760000,1,-17.750000,-0.6002,26.110000,7.390000,680.290000
652,Entry long,2026-01-23 01:30,2957.510000,1,-17.750000,-0.6002,26.110000,7.390000,680.290000
651,Exit long,2026-01-23 01:45,2966.380000,1,8.870000,0.2999,16.980000,4.860000,698.040000
651,Entry long,2026-01-23 01:30,2957.510000,1,8.870000,0.2999,16.980000,4.860000,698.040000
650,Exit long,2026-01-22 03:30,3003.340000,1,-18.130000,-0.6000,16.020000,19.700000,689.170000
650,Entry long,2026-01-22 01:30,3021.470000,1,-18.130000,-0.6000,16.020000,19.700000,689.170000
649,Exit long,2026-01-22 01:45,3030.530000,1,9.060000,0.2999,4.580000,19.700000,707.300000
649,Entry long,2026-01-22 01:30,3021.470000,1,9.060000,0.2999,4.580000,19.700000,707.300000
648,Exit long,2026-01-21 09:30,2969.020000,1,3.190000,0.1076,35.180000,19.220000,698.240000
648,Entry long,2026-01-21 01:30,2965.830000,1,3.190000,0.1076,35.180000,19.220000,698.240000
647,Exit long,2026-01-21 03:30,2974.730000,1,8.900000,0.3001,15.840000,19.220000,695.050000
647,Entry long,2026-01-21 01:30,2965.830000,1,8.900000,0.3001,15.840000,19.220000,695.050000
646,Exit long,2026-01-20 09:30,3095.850000,1,-100.360000,-3.1400,7.040000,112.720000,686.150000
646,Entry long,2026-01-20 01:30,3196.210000,1,-100.360000,-3.1400,7.040000,112.720000,686.150000
645,Exit long,2026-01-20 04:45,3177.030000,1,-19.180000,-0.6001,7.040000,38.060000,786.510000
645,Entry long,2026-01-20 01:30,3196.210000,1,-19.180000,-0.6001,7.040000,38.060000,786.510000
644,Exit long,2026-01-19 08:15,3217.670000,1,9.620000,0.2999,15.720000,33.820000,805.690000
644,Entry long,2026-01-19 01:30,3208.050000,1,9.620000,0.2999,15.720000,33.820000,805.690000
643,Exit long,2026-01-19 06:15,3188.800000,1,-19.250000,-0.6001,15.720000,33.820000,796.070000
643,Entry long,2026-01-19 01:30,3208.050000,1,-19.250000,-0.6001,15.720000,33.820000,796.070000
642,Exit long,2026-01-18 09:30,3320.910000,1,16.150000,0.4887,17.810000,20.480000,815.320000
642,Entry long,2026-01-18 01:30,3304.760000,1,16.150000,0.4887,17.810000,20.480000,815.320000
641,Exit long,2026-01-18 03:30,3314.670000,1,9.910000,0.2999,13.000000,20.480000,799.170000
641,Entry long,2026-01-18 01:30,3304.760000,1,9.910000,0.2999,13.000000,20.480000,799.170000
640,Exit long,2026-01-17 09:30,3295.140000,2,7.020000,0.1066,8.040000,18.480000,789.260000
640,Entry long,2026-01-17 01:30,3291.630000,2,7.020000,0.1066,8.040000,18.480000,789.260000
639,Exit long,2026-01-16 08:00,3319.390000,1,9.930000,0.3000,22.260000,38.500000,782.240000
639,Entry long,2026-01-16 01:30,3309.460000,1,9.930000,0.3000,22.260000,38.500000,782.240000
638,Exit long,2026-01-16 04:30,3289.600000,1,-19.860000,-0.6001,22.260000,38.500000,772.310000
638,Entry long,2026-01-16 01:30,3309.460000,1,-19.860000,-0.6001,22.260000,38.500000,772.310000
637,Exit long,2026-01-15 08:45,3334.960000,1,9.970000,0.2999,14.900000,49.630000,792.170000
637,Entry long,2026-01-15 01:30,3324.990000,1,9.970000,0.2999,14.900000,49.630000,792.170000
636,Exit long,2026-01-15 02:30,3305.040000,1,-19.950000,-0.6000,14.900000,19.920000,782.200000
636,Entry long,2026-01-15 01:30,3324.990000,1,-19.950000,-0.6000,14.900000,19.920000,782.200000
635,Exit long,2026-01-14 09:30,3330.900000,1,-5.090000,-0.1526,29.670000,22.960000,802.150000
635,Entry long,2026-01-14 01:30,3335.990000,1,-5.090000,-0.1526,29.670000,22.960000,802.150000
634,Exit long,2026-01-14 02:00,3346.000000,1,10.010000,0.3001,11.540000,22.960000,807.240000
634,Entry long,2026-01-14 01:30,3335.990000,1,10.010000,0.3001,11.540000,22.960000,807.240000
633,Exit long,2026-01-13 09:30,3141.870000,1,40.630000,1.3101,46.910000,22.120000,797.230000
633,Entry long,2026-01-13 01:30,3101.240000,1,40.630000,1.3101,46.910000,22.120000,797.230000
632,Exit long,2026-01-13 03:15,3110.540000,1,9.300000,0.2999,15.520000,22.120000,756.600000
632,Entry long,2026-01-13 01:30,3101.240000,1,9.300000,0.2999,15.520000,22.120000,756.600000
631,Exit long,2026-01-12 08:30,3111.090000,1,-18.780000,-0.6000,41.010000,35.340000,747.300000
631,Entry long,2026-01-12 01:30,3129.870000,1,-18.780000,-0.6000,41.010000,35.340000,747.300000
630,Exit long,2026-01-12 02:00,3139.260000,1,9.390000,0.3000,2.260000,35.340000,766.080000
630,Entry long,2026-01-12 01:30,3129.870000,1,9.390000,0.3000,2.260000,35.340000,766.080000
629,Exit long,2026-01-11 09:30,3105.000000,1,13.950000,0.4513,16.540000,5.400000,756.690000
629,Entry long,2026-01-11 01:30,3091.050000,1,13.950000,0.4513,16.540000,5.400000,756.690000
628,Exit long,2026-01-11 05:45,3100.320000,1,9.270000,0.2999,16.540000,5.400000,742.740000
628,Entry long,2026-01-11 01:30,3091.050000,1,9.270000,0.2999,16.540000,5.400000,742.740000
627,Exit long,2026-01-10 09:30,3090.810000,2,4.620000,0.0748,10.060000,22.560000,733.470000
627,Entry long,2026-01-10 01:30,3088.500000,2,4.620000,0.0748,10.060000,22.560000,733.470000
626,Exit long,2026-01-09 09:30,3098.000000,1,-40.190000,-1.2807,19.620000,121.460000,728.850000
626,Entry long,2026-01-09 01:30,3138.190000,1,-40.190000,-1.2807,19.620000,121.460000,728.850000
625,Exit long,2026-01-09 01:45,3097.810000,1,-40.380000,-1.2867,19.620000,121.460000,769.040000
625,Entry long,2026-01-09 01:30,3138.190000,1,-40.380000,-1.2867,19.620000,121.460000,769.040000
624,Exit long,2026-01-08 09:30,3105.820000,1,-70.860000,-2.2306,14.000000,90.420000,809.420000
624,Entry long,2026-01-08 01:30,3176.680000,1,-70.860000,-2.2306,14.000000,90.420000,809.420000
623,Exit long,2026-01-08 02:30,3157.620000,1,-19.060000,-0.6000,14.000000,32.660000,880.280000
623,Entry long,2026-01-08 01:30,3176.680000,1,-19.060000,-0.6000,14.000000,32.660000,880.280000
622,Exit long,2026-01-07 09:00,3235.350000,1,-19.530000,-0.6000,26.770000,33.760000,899.340000
622,Entry long,2026-01-07 01:30,3254.880000,1,-19.530000,-0.6000,26.770000,33.760000,899.340000
621,Exit long,2026-01-07 02:45,3264.640000,1,9.760000,0.2999,17.800000,33.760000,918.870000
621,Entry long,2026-01-07 01:30,3254.880000,1,9.760000,0.2999,17.800000,33.760000,918.870000
620,Exit long,2026-01-06 06:45,3251.450000,1,9.730000,0.3001,8.280000,34.120000,909.110000
620,Entry long,2026-01-06 01:30,3241.720000,1,9.730000,0.3001,8.280000,34.120000,909.110000
619,Exit long,2026-01-06 01:45,3222.270000,1,-19.450000,-0.6000,2.640000,33.160000,899.380000
619,Entry long,2026-01-06 01:30,3241.720000,1,-19.450000,-0.6000,2.640000,33.160000,899.380000
618,Exit long,2026-01-05 04:15,3166.220000,1,-19.110000,-0.5999,71.340000,13.540000,918.830000
618,Entry long,2026-01-05 01:30,3185.330000,1,-19.110000,-0.5999,71.340000,13.540000,918.830000
617,Exit long,2026-01-05 01:45,3210.000000,1,24.670000,0.7745,71.340000,13.540000,937.940000
617,Entry long,2026-01-05 01:30,3185.330000,1,24.670000,0.7745,71.340000,13.540000,937.940000
616,Exit long,2026-01-04 08:00,3128.040000,1,-18.880000,-0.6000,14.640000,22.820000,913.270000
616,Entry long,2026-01-04 01:30,3146.920000,1,-18.880000,-0.6000,14.640000,22.820000,913.270000
615,Exit long,2026-01-04 06:00,3156.360000,1,9.440000,0.3000,14.640000,22.820000,932.150000
615,Entry long,2026-01-04 01:30,3146.920000,1,9.440000,0.3000,14.640000,22.820000,932.150000
614,Exit long,2026-01-03 09:30,3098.150000,1,-25.170000,-0.8059,13.820000,48.800000,922.710000
614,Entry long,2026-01-03 01:30,3123.320000,1,-25.170000,-0.8059,13.820000,48.800000,922.710000
613,Exit long,2026-01-03 05:30,3104.580000,1,-18.740000,-0.6000,13.820000,27.180000,947.880000
613,Entry long,2026-01-03 01:30,3123.320000,1,-18.740000,-0.6000,13.820000,27.180000,947.880000
612,Exit long,2026-01-02 09:30,3038.850000,1,37.860000,1.2616,48.810000,20.640000,966.620000
612,Entry long,2026-01-02 01:30,3000.990000,1,37.860000,1.2616,48.810000,20.640000,966.620000
611,Exit long,2026-01-02 03:00,3009.990000,1,9.000000,0.2999,3.360000,20.640000,928.760000
611,Entry long,2026-01-02 01:30,3000.990000,1,9.000000,0.2999,3.360000,20.640000,928.760000
610,Exit long,2026-01-01 09:30,2982.850000,2,3.100000,0.0520,11.400000,18.400000,919.760000
610,Entry long,2026-01-01 01:30,2981.300000,2,3.100000,0.0520,11.400000,18.400000,919.760000
609,Exit long,2025-12-31 09:30,2972.180000,2,-10.940000,-0.1837,12.640000,30.880000,916.660000
609,Entry long,2025-12-31 01:30,2977.650000,2,-10.940000,-0.1837,12.640000,30.880000,916.660000
608,Exit long,2025-12-30 09:30,2972.820000,1,41.920000,1.4303,72.100000,17.800000,927.600000
608,Entry long,2025-12-30 01:30,2930.900000,1,41.920000,1.4303,72.100000,17.800000,927.600000
607,Exit long,2025-12-30 03:15,2939.690000,1,8.790000,0.2999,15.500000,17.800000,885.680000
607,Entry long,2025-12-30 01:30,2930.900000,1,8.790000,0.2999,15.500000,17.800000,885.680000
606,Exit long,2025-12-29 09:30,3007.380000,1,47.930000,1.6196,96.550000,5.580000,876.890000
606,Entry long,2025-12-29 01:30,2959.450000,1,47.930000,1.6196,96.550000,5.580000,876.890000
605,Exit long,2025-12-29 01:45,2976.360000,1,16.910000,0.5714,48.040000,5.580000,828.960000
605,Entry long,2025-12-29 01:30,2959.450000,1,16.910000,0.5714,48.040000,5.580000,828.960000
604,Exit long,2025-12-28 09:30,2941.410000,2,-2.620000,-0.0445,12.560000,29.920000,812.050000
604,Entry long,2025-12-28 01:30,2942.720000,2,-2.620000,-0.0445,12.560000,29.920000,812.050000
603,Exit long,2025-12-27 09:30,2931.540000,1,7.800000,0.2668,17.460000,2.180000,814.670000
603,Entry long,2025-12-27 01:30,2923.740000,1,7.800000,0.2668,17.460000,2.180000,814.670000
602,Exit long,2025-12-27 07:15,2932.510000,1,8.770000,0.3000,17.460000,2.180000,806.870000
602,Entry long,2025-12-27 01:30,2923.740000,1,8.770000,0.3000,17.460000,2.180000,806.870000
601,Exit long,2025-12-26 09:30,2965.870000,1,48.550000,1.6642,76.680000,2.640000,798.100000
601,Entry long,2025-12-26 01:30,2917.320000,1,48.550000,1.6642,76.680000,2.640000,798.100000
600,Exit long,2025-12-26 02:00,2926.070000,1,8.750000,0.2999,9.300000,2.640000,749.550000
600,Entry long,2025-12-26 01:30,2917.320000,1,8.750000,0.2999,9.300000,2.640000,749.550000
599,Exit long,2025-12-25 08:15,2926.910000,1,-17.670000,-0.6001,11.340000,8.030000,740.800000
599,Entry long,2025-12-25 01:30,2944.580000,1,-17.670000,-0.6001,11.340000,8.030000,740.800000
598,Exit long,2025-12-25 02:30,2953.410000,1,8.830000,0.2999,10.840000,7.380000,758.470000
598,Entry long,2025-12-25 01:30,2944.580000,1,8.830000,0.2999,10.840000,7.380000,758.470000
597,Exit long,2025-12-24 09:30,2922.760000,1,-45.890000,-1.5458,3.980000,52.540000,749.640000
597,Entry long,2025-12-24 01:30,2968.650000,1,-45.890000,-1.5458,3.980000,52.540000,749.640000
596,Exit long,2025-12-24 02:00,2950.840000,1,-17.810000,-0.5999,3.980000,18.960000,795.530000
596,Entry long,2025-12-24 01:30,2968.650000,1,-17.810000,-0.5999,3.980000,18.960000,795.530000
595,Exit long,2025-12-23 09:30,2958.000000,1,-61.810000,-2.0468,12.980000,74.810000,813.340000
595,Entry long,2025-12-23 01:30,3019.810000,1,-61.810000,-2.0468,12.980000,74.810000,813.340000
594,Exit long,2025-12-23 02:30,3001.690000,1,-18.120000,-0.6000,12.980000,25.000000,875.150000
594,Entry long,2025-12-23 01:30,3019.810000,1,-18.120000,-0.6000,12.980000,25.000000,875.150000
593,Exit long,2025-12-22 08:15,3042.640000,1,9.100000,0.3000,26.920000,67.540000,893.270000
593,Entry long,2025-12-22 01:30,3033.540000,1,9.100000,0.3000,26.920000,67.540000,893.270000
592,Exit long,2025-12-22 02:00,3015.340000,1,-18.200000,-0.6000,26.920000,34.200000,884.170000
592,Entry long,2025-12-22 01:30,3033.540000,1,-18.200000,-0.6000,26.920000,34.200000,884.170000
591,Exit long,2025-12-21 09:30,2992.210000,1,18.880000,0.6350,25.230000,26.400000,902.370000
591,Entry long,2025-12-21 01:30,2973.330000,1,18.880000,0.6350,25.230000,26.400000,902.370000
590,Exit long,2025-12-21 08:15,2982.250000,1,8.920000,0.3000,16.700000,26.400000,883.490000
590,Entry long,2025-12-21 01:30,2973.330000,1,8.920000,0.3000,16.700000,26.400000,883.490000
589,Exit long,2025-12-20 09:30,2982.970000,1,4.960000,0.1666,14.800000,10.020000,874.570000
589,Entry long,2025-12-20 01:30,2978.010000,1,4.960000,0.1666,14.800000,10.020000,874.570000
588,Exit long,2025-12-20 02:30,2986.940000,1,8.930000,0.2999,3.020000,10.020000,869.610000
588,Entry long,2025-12-20 01:30,2978.010000,1,8.930000,0.2999,3.020000,10.020000,869.610000
587,Exit long,2025-12-19 09:30,2954.020000,1,133.540000,4.7347,163.520000,28.660000,860.680000
587,Entry long,2025-12-19 01:30,2820.480000,1,133.540000,4.7347,163.520000,28.660000,860.680000
586,Exit long,2025-12-19 02:15,2828.940000,1,8.460000,0.2999,9.900000,28.660000,727.140000
586,Entry long,2025-12-19 01:30,2820.480000,1,8.460000,0.2999,9.900000,28.660000,727.140000
585,Exit long,2025-12-18 09:30,2844.480000,1,19.460000,0.6888,26.730000,9.800000,718.680000
585,Entry long,2025-12-18 01:30,2825.020000,1,19.460000,0.6888,26.730000,9.800000,718.680000
584,Exit long,2025-12-18 02:00,2833.500000,1,8.480000,0.3002,13.560000,9.800000,699.220000
584,Entry long,2025-12-18 01:30,2825.020000,1,8.480000,0.3002,13.560000,9.800000,699.220000
583,Exit long,2025-12-17 09:30,2921.350000,1,-38.510000,-1.3011,11.640000,47.500000,690.740000
583,Entry long,2025-12-17 01:30,2959.860000,1,-38.510000,-1.3011,11.640000,47.500000,690.740000
582,Exit long,2025-12-17 02:00,2942.100000,1,-17.760000,-0.6000,11.640000,25.500000,729.250000
582,Entry long,2025-12-17 01:30,2959.860000,1,-17.760000,-0.6000,11.640000,25.500000,729.250000
581,Exit long,2025-12-16 03:00,2930.440000,1,-17.690000,-0.6000,17.210000,29.960000,747.010000
581,Entry long,2025-12-16 01:30,2948.130000,1,-17.690000,-0.6000,17.210000,29.960000,747.010000
580,Exit long,2025-12-16 02:15,2956.970000,1,8.840000,0.2999,14.860000,29.960000,764.700000
580,Entry long,2025-12-16 01:30,2948.130000,1,8.840000,0.2999,14.860000,29.960000,764.700000
579,Exit long,2025-12-15 09:30,3145.320000,1,70.420000,2.2902,90.200000,5.680000,755.860000
579,Entry long,2025-12-15 01:30,3074.900000,1,70.420000,2.2902,90.200000,5.680000,755.860000
578,Exit long,2025-12-15 01:45,3105.520000,1,30.620000,0.9958,90.200000,5.680000,685.440000
578,Entry long,2025-12-15 01:30,3074.900000,1,30.620000,0.9958,90.200000,5.680000,685.440000
577,Exit long,2025-12-14 09:30,3109.510000,1,-15.300000,-0.4896,7.680000,23.300000,654.820000
577,Entry long,2025-12-14 01:30,3124.810000,1,-15.300000,-0.4896,7.680000,23.300000,654.820000
576,Exit long,2025-12-14 04:30,3106.060000,1,-18.750000,-0.6000,7.680000,23.300000,670.120000
576,Entry long,2025-12-14 01:30,3124.810000,1,-18.750000,-0.6000,7.680000,23.300000,670.120000
575,Exit long,2025-12-13 09:30,3112.640000,1,24.160000,0.7823,43.110000,22.960000,688.870000
575,Entry long,2025-12-13 01:30,3088.480000,1,24.160000,0.7823,43.110000,22.960000,688.870000
574,Exit long,2025-12-13 08:15,3097.750000,1,9.270000,0.3001,17.600000,22.960000,664.710000
574,Entry long,2025-12-13 01:30,3088.480000,1,9.270000,0.3001,17.600000,22.960000,664.710000
573,Exit long,2025-12-12 09:30,3233.140000,1,1.240000,0.0384,32.880000,12.980000,655.440000
573,Entry long,2025-12-12 01:30,3231.900000,1,1.240000,0.0384,32.880000,12.980000,655.440000
572,Exit long,2025-12-12 02:00,3241.600000,1,9.700000,0.3001,27.000000,12.980000,654.200000
572,Entry long,2025-12-12 01:30,3231.900000,1,9.700000,0.3001,27.000000,12.980000,654.200000
571,Exit long,2025-12-11 09:30,3207.200000,1,-58.080000,-1.7787,26.780000,100.280000,644.500000
571,Entry long,2025-12-11 01:30,3265.280000,1,-58.080000,-1.7787,26.780000,100.280000,644.500000
570,Exit long,2025-12-11 02:00,3245.690000,1,-19.590000,-0.5999,26.780000,32.160000,702.580000
570,Entry long,2025-12-11 01:30,3265.280000,1,-19.590000,-0.5999,26.780000,32.160000,702.580000
569,Exit long,2025-12-10 09:30,3315.200000,1,12.850000,0.3891,32.570000,31.540000,722.170000
569,Entry long,2025-12-10 01:30,3302.350000,1,12.850000,0.3891,32.570000,31.540000,722.170000
568,Exit long,2025-12-10 03:00,3312.260000,1,9.910000,0.3001,18.540000,31.540000,709.320000
568,Entry long,2025-12-10 01:30,3302.350000,1,9.910000,0.3001,18.540000,31.540000,709.320000
567,Exit long,2025-12-09 03:30,3117.370000,1,9.320000,0.2999,13.400000,28.080000,699.410000
567,Entry long,2025-12-09 01:30,3108.050000,1,9.320000,0.2999,13.400000,28.080000,699.410000
566,Exit long,2025-12-09 03:15,3089.400000,1,-18.650000,-0.6001,13.400000,28.080000,690.090000
566,Entry long,2025-12-09 01:30,3108.050000,1,-18.650000,-0.6001,13.400000,28.080000,690.090000
565,Exit long,2025-12-08 09:30,3157.940000,1,54.800000,1.7660,76.850000,13.180000,708.740000
565,Entry long,2025-12-08 01:30,3103.140000,1,54.800000,1.7660,76.850000,13.180000,708.740000
564,Exit long,2025-12-08 01:45,3115.500000,1,12.360000,0.3983,61.100000,0.280000,653.940000
564,Entry long,2025-12-08 01:30,3103.140000,1,12.360000,0.3983,61.100000,0.280000,653.940000
563,Exit long,2025-12-07 08:00,3027.890000,1,-18.280000,-0.6001,10.610000,17.010000,641.580000
563,Entry long,2025-12-07 01:30,3046.170000,1,-18.280000,-0.6001,10.610000,17.010000,641.580000
562,Exit long,2025-12-07 02:45,3055.310000,1,9.140000,0.3000,10.260000,10.200000,659.860000
562,Entry long,2025-12-07 01:30,3046.170000,1,9.140000,0.3000,10.260000,10.200000,659.860000
561,Exit long,2025-12-06 09:30,3029.690000,1,3.170000,0.1047,18.280000,18.980000,650.720000
561,Entry long,2025-12-06 01:30,3026.520000,1,3.170000,0.1047,18.280000,18.980000,650.720000
560,Exit long,2025-12-06 03:00,3035.600000,1,9.080000,0.3000,5.660000,18.980000,647.550000
560,Entry long,2025-12-06 01:30,3026.520000,1,9.080000,0.3000,5.660000,18.980000,647.550000
559,Exit long,2025-12-05 08:30,3144.350000,1,-18.980000,-0.6000,29.390000,17.300000,638.470000
559,Entry long,2025-12-05 01:30,3163.330000,1,-18.980000,-0.6000,29.390000,17.300000,638.470000
558,Exit long,2025-12-05 02:15,3172.820000,1,9.490000,0.3000,12.700000,17.300000,657.450000
558,Entry long,2025-12-05 01:30,3163.330000,1,9.490000,0.3000,12.700000,17.300000,657.450000
557,Exit long,2025-12-04 04:45,3189.120000,1,-19.250000,-0.6000,22.840000,22.680000,647.960000
557,Entry long,2025-12-04 01:30,3208.370000,1,-19.250000,-0.6000,22.840000,22.680000,647.960000
556,Exit long,2025-12-04 02:15,3218.000000,1,9.630000,0.3002,22.840000,22.680000,667.210000
556,Entry long,2025-12-04 01:30,3208.370000,1,9.630000,0.3002,22.840000,22.680000,667.210000
555,Exit long,2025-12-03 09:30,3049.770000,1,40.700000,1.3526,75.270000,2.100000,657.580000
555,Entry long,2025-12-03 01:30,3009.070000,1,40.700000,1.3526,75.270000,2.100000,657.580000
554,Exit long,2025-12-03 01:45,3018.100000,1,9.030000,0.3001,13.680000,2.100000,616.880000
554,Entry long,2025-12-03 01:30,3009.070000,1,9.030000,0.3001,13.680000,2.100000,616.880000
553,Exit long,2025-12-02 02:30,2811.130000,1,8.410000,0.3001,7.340000,22.340000,607.850000
553,Entry long,2025-12-02 01:30,2802.720000,1,8.410000,0.3001,7.340000,22.340000,607.850000
552,Exit long,2025-12-02 02:00,2785.900000,1,-16.820000,-0.6001,7.340000,22.340000,599.440000
552,Entry long,2025-12-02 01:30,2802.720000,1,-16.820000,-0.6001,7.340000,22.340000,599.440000
551,Exit long,2025-12-01 02:30,2828.550000,1,-17.070000,-0.5999,27.370000,9.220000,616.260000
551,Entry long,2025-12-01 01:30,2845.620000,1,-17.070000,-0.5999,27.370000,9.220000,616.260000
550,Exit long,2025-12-01 01:45,2854.160000,1,8.540000,0.3001,23.040000,9.220000,633.330000
550,Entry long,2025-12-01 01:30,2845.620000,1,8.540000,0.3001,23.040000,9.220000,633.330000
549,Exit long,2025-11-30 08:15,3013.180000,1,9.010000,0.2999,13.640000,33.340000,624.790000
549,Entry long,2025-11-30 01:30,3004.170000,1,9.010000,0.2999,13.640000,33.340000,624.790000
548,Exit long,2025-11-30 03:15,2986.140000,1,-18.030000,-0.6002,13.640000,33.340000,615.780000
548,Entry long,2025-11-30 01:30,3004.170000,1,-18.030000,-0.6002,13.640000,33.340000,615.780000
547,Exit long,2025-11-29 09:30,2999.810000,1,-37.980000,-1.2503,6.450000,48.670000,633.810000
547,Entry long,2025-11-29 01:30,3037.790000,1,-37.980000,-1.2503,6.450000,48.670000,633.810000
546,Exit long,2025-11-29 03:30,3019.560000,1,-18.230000,-0.6001,3.280000,30.980000,671.790000
546,Entry long,2025-11-29 01:30,3037.790000,1,-18.230000,-0.6001,3.280000,30.980000,671.790000
545,Exit long,2025-11-28 09:30,3058.860000,1,58.690000,1.9562,79.830000,16.140000,690.020000
545,Entry long,2025-11-28 01:30,3000.170000,1,58.690000,1.9562,79.830000,16.140000,690.020000
544,Exit long,2025-11-28 02:45,3009.170000,1,9.000000,0.3000,15.020000,16.140000,631.330000
544,Entry long,2025-11-28 01:30,3000.170000,1,9.000000,0.3000,15.020000,16.140000,631.330000
543,Exit long,2025-11-27 09:30,3029.360000,1,-1.110000,-0.0366,39.530000,15.210000,622.330000
543,Entry long,2025-11-27 01:30,3030.470000,1,-1.110000,-0.0366,39.530000,15.210000,622.330000
542,Exit long,2025-11-27 01:45,3039.560000,1,9.090000,0.3000,15.540000,4.680000,623.440000
542,Entry long,2025-11-27 01:30,3030.470000,1,9.090000,0.3000,15.540000,4.680000,623.440000
541,Exit long,2025-11-26 03:30,2941.180000,1,-17.750000,-0.5999,49.740000,7.710000,614.350000
541,Entry long,2025-11-26 01:30,2958.930000,1,-17.750000,-0.5999,49.740000,7.710000,614.350000
540,Exit long,2025-11-26 01:45,2975.710000,1,16.780000,0.5671,49.740000,5.500000,632.100000
540,Entry long,2025-11-26 01:30,2958.930000,1,16.780000,0.5671,49.740000,5.500000,632.100000
539,Exit long,2025-11-25 09:30,2869.650000,1,-69.610000,-2.3683,10.600000,75.870000,615.320000
539,Entry long,2025-11-25 01:30,2939.260000,1,-69.610000,-2.3683,10.600000,75.870000,615.320000
538,Exit long,2025-11-25 01:45,2921.620000,1,-17.640000,-0.6002,10.600000,16.200000,684.930000
538,Entry long,2025-11-25 01:30,2939.260000,1,-17.640000,-0.6002,10.600000,16.200000,684.930000
537,Exit long,2025-11-24 09:30,2793.190000,1,2.930000,0.1050,94.540000,27.520000,702.570000
537,Entry long,2025-11-24 01:30,2790.260000,1,2.930000,0.1050,94.540000,27.520000,702.570000
536,Exit long,2025-11-24 01:45,2798.630000,1,8.370000,0.3000,1.960000,27.520000,699.640000
536,Entry long,2025-11-24 01:30,2790.260000,1,8.370000,0.3000,1.960000,27.520000,699.640000
535,Exit long,2025-11-23 09:30,2808.310000,1,22.140000,0.7946,64.770000,11.170000,691.270000
535,Entry long,2025-11-23 01:30,2786.170000,1,22.140000,0.7946,64.770000,11.170000,691.270000
534,Exit long,2025-11-23 01:45,2801.800000,1,15.630000,0.5610,37.120000,4.940000,669.130000
534,Entry long,2025-11-23 01:30,2786.170000,1,15.630000,0.5610,37.120000,4.940000,669.130000
533,Exit long,2025-11-22 09:30,2725.860000,1,-44.330000,-1.6003,26.300000,52.870000,653.500000
533,Entry long,2025-11-22 01:30,2770.190000,1,-44.330000,-1.6003,26.300000,52.870000,653.500000
532,Exit long,2025-11-22 02:15,2753.570000,1,-16.620000,-0.6000,26.300000,23.480000,697.830000
532,Entry long,2025-11-22 01:30,2770.190000,1,-16.620000,-0.6000,26.300000,23.480000,697.830000
531,Exit long,2025-11-21 09:30,2709.060000,1,-171.690000,-5.9599,2.200000,238.100000,714.450000
531,Entry long,2025-11-21 01:30,2880.750000,1,-171.690000,-5.9599,2.200000,238.100000,714.450000
530,Exit long,2025-11-21 01:45,2863.470000,1,-17.280000,-0.5998,2.200000,43.500000,886.140000
530,Entry long,2025-11-21 01:30,2880.750000,1,-17.280000,-0.5998,2.200000,43.500000,886.140000
529,Exit long,2025-11-20 06:45,3009.360000,1,-18.170000,-0.6002,35.470000,17.230000,903.420000
529,Entry long,2025-11-20 01:30,3027.530000,1,-18.170000,-0.6002,35.470000,17.230000,903.420000
528,Exit long,2025-11-20 01:45,3039.650000,1,12.120000,0.4003,30.180000,0.000000,921.590000
528,Entry long,2025-11-20 01:30,3027.530000,1,12.120000,0.4003,30.180000,0.000000,921.590000
527,Exit long,2025-11-19 03:15,3091.500000,1,-18.660000,-0.6000,17.400000,32.340000,909.470000
527,Entry long,2025-11-19 01:30,3110.160000,1,-18.660000,-0.6000,17.400000,32.340000,909.470000
526,Exit long,2025-11-19 02:15,3119.490000,1,9.330000,0.3000,17.400000,32.340000,928.130000
526,Entry long,2025-11-19 01:30,3110.160000,1,9.330000,0.3000,17.400000,32.340000,928.130000
525,Exit long,2025-11-18 02:15,3033.630000,1,9.070000,0.2999,28.020000,27.690000,918.800000
525,Entry long,2025-11-18 01:30,3024.560000,1,9.070000,0.2999,28.020000,27.690000,918.800000
524,Exit long,2025-11-18 02:00,3006.410000,1,-18.150000,-0.6001,28.020000,23.840000,909.730000
524,Entry long,2025-11-18 01:30,3024.560000,1,-18.150000,-0.6001,28.020000,23.840000,909.730000
523,Exit long,2025-11-17 02:00,3149.010000,1,9.420000,0.3000,4.360000,26.460000,927.880000
523,Entry long,2025-11-17 01:30,3139.590000,1,9.420000,0.3000,4.360000,26.460000,927.880000
522,Exit long,2025-11-17 01:45,3120.750000,1,-18.840000,-0.6001,4.360000,24.640000,918.460000
522,Entry long,2025-11-17 01:30,3139.590000,1,-18.840000,-0.6001,4.360000,24.640000,918.460000
521,Exit long,2025-11-16 02:00,3162.940000,1,9.460000,0.3000,6.680000,45.880000,937.300000
521,Entry long,2025-11-16 01:30,3153.480000,1,9.460000,0.3000,6.680000,45.880000,937.300000
520,Exit long,2025-11-16 01:45,3134.560000,1,-18.920000,-0.6000,6.680000,45.880000,927.840000
520,Entry long,2025-11-16 01:30,3153.480000,1,-18.920000,-0.6000,6.680000,45.880000,927.840000
519,Exit long,2025-11-15 09:30,3157.970000,1,11.700000,0.3719,46.530000,13.610000,946.760000
519,Entry long,2025-11-15 01:30,3146.270000,1,11.700000,0.3719,46.530000,13.610000,946.760000
518,Exit long,2025-11-15 01:45,3159.720000,1,13.450000,0.4275,30.840000,0.740000,935.060000
518,Entry long,2025-11-15 01:30,3146.270000,1,13.450000,0.4275,30.840000,0.740000,935.060000
517,Exit long,2025-11-14 04:30,3178.340000,1,-19.190000,-0.6002,52.470000,21.060000,921.610000
517,Entry long,2025-11-14 01:30,3197.530000,1,-19.190000,-0.6002,52.470000,21.060000,921.610000
516,Exit long,2025-11-14 01:45,3207.120000,1,9.590000,0.2999,30.320000,21.060000,940.800000
516,Entry long,2025-11-14 01:30,3197.530000,1,9.590000,0.2999,30.320000,21.060000,940.800000
515,Exit long,2025-11-13 03:00,3411.630000,1,-20.590000,-0.5999,48.560000,11.220000,931.210000
515,Entry long,2025-11-13 01:30,3432.220000,1,-20.590000,-0.5999,48.560000,11.220000,931.210000
514,Exit long,2025-11-13 01:45,3453.620000,1,21.400000,0.6235,48.560000,6.860000,951.800000
514,Entry long,2025-11-13 01:30,3432.220000,1,21.400000,0.6235,48.560000,6.860000,951.800000
513,Exit long,2025-11-12 09:30,3480.490000,1,45.810000,1.3337,58.290000,19.100000,930.400000
513,Entry long,2025-11-12 01:30,3434.680000,1,45.810000,1.3337,58.290000,19.100000,930.400000
512,Exit long,2025-11-12 01:45,3444.980000,1,10.300000,0.2999,25.520000,7.020000,884.590000
512,Entry long,2025-11-12 01:30,3434.680000,1,10.300000,0.2999,25.520000,7.020000,884.590000
511,Exit long,2025-11-11 02:30,3629.230000,1,10.860000,0.3001,0.540000,61.220000,874.290000
511,Entry long,2025-11-11 01:30,3618.370000,1,10.860000,0.3001,0.540000,61.220000,874.290000
510,Exit long,2025-11-11 01:45,3595.250000,1,-23.120000,-0.6390,0.540000,59.500000,863.430000
510,Entry long,2025-11-11 01:30,3618.370000,1,-23.120000,-0.6390,0.540000,59.500000,863.430000
509,Exit long,2025-11-10 09:30,3605.100000,1,-36.680000,-1.0072,8.440000,56.360000,886.550000
509,Entry long,2025-11-10 01:30,3641.780000,1,-36.680000,-1.0072,8.440000,56.360000,886.550000
508,Exit long,2025-11-10 02:30,3619.930000,1,-21.850000,-0.6000,8.440000,39.420000,923.230000
508,Entry long,2025-11-10 01:30,3641.780000,1,-21.850000,-0.6000,8.440000,39.420000,923.230000
507,Exit long,2025-11-09 02:45,3367.610000,1,-20.330000,-0.6001,16.320000,20.400000,945.080000
507,Entry long,2025-11-09 01:30,3387.940000,1,-20.330000,-0.6001,16.320000,20.400000,945.080000
506,Exit long,2025-11-09 01:45,3398.100000,1,10.160000,0.2999,16.320000,20.400000,965.410000
506,Entry long,2025-11-09 01:30,3387.940000,1,10.160000,0.2999,16.320000,20.400000,965.410000
505,Exit long,2025-11-08 06:00,3415.380000,1,-20.620000,-0.6001,54.000000,16.760000,955.250000
505,Entry long,2025-11-08 01:30,3436.000000,1,-20.620000,-0.6001,54.000000,16.760000,955.250000
504,Exit long,2025-11-08 02:00,3446.310000,1,10.310000,0.3001,17.980000,16.760000,975.870000
504,Entry long,2025-11-08 01:30,3436.000000,1,10.310000,0.3001,17.980000,16.760000,975.870000
503,Exit long,2025-11-07 02:45,3330.590000,1,9.960000,0.2999,9.700000,95.180000,965.560000
503,Entry long,2025-11-07 01:30,3320.630000,1,9.960000,0.2999,9.700000,95.180000,965.560000
502,Exit long,2025-11-07 01:45,3290.640000,1,-29.990000,-0.9031,0.080000,95.180000,955.600000
502,Entry long,2025-11-07 01:30,3320.630000,1,-29.990000,-0.9031,0.080000,95.180000,955.600000
501,Exit long,2025-11-06 07:15,3359.820000,1,-20.280000,-0.6000,74.900000,3.090000,985.590000
501,Entry long,2025-11-06 01:30,3380.100000,1,-20.280000,-0.6000,74.900000,3.090000,985.590000
500,Exit long,2025-11-06 01:45,3397.410000,1,17.310000,0.5121,42.520000,0.000000,1005.870000
500,Entry long,2025-11-06 01:30,3380.100000,1,17.310000,0.5121,42.520000,0.000000,1005.870000
499,Exit long,2025-11-05 09:30,3308.070000,1,128.950000,4.0562,174.680000,24.220000,988.560000
499,Entry long,2025-11-05 01:30,3179.120000,1,128.950000,4.0562,174.680000,24.220000,988.560000
498,Exit long,2025-11-05 01:45,3188.660000,1,9.540000,0.3001,50.940000,24.220000,859.610000
498,Entry long,2025-11-05 01:30,3179.120000,1,9.540000,0.3001,50.940000,24.220000,859.610000
497,Exit long,2025-11-04 05:15,3606.000000,1,-21.770000,-0.6001,51.760000,11.210000,850.070000
497,Entry long,2025-11-04 01:30,3627.770000,1,-21.770000,-0.6001,51.760000,11.210000,850.070000
496,Exit long,2025-11-04 01:45,3641.800000,1,14.030000,0.3867,51.760000,5.040000,871.840000
496,Entry long,2025-11-04 01:30,3627.770000,1,14.030000,0.3867,51.760000,5.040000,871.840000
495,Exit long,2025-11-03 09:30,3712.210000,1,-134.150000,-3.4877,8.740000,164.360000,857.810000
495,Entry long,2025-11-03 01:30,3846.360000,1,-134.150000,-3.4877,8.740000,164.360000,857.810000
494,Exit long,2025-11-03 02:00,3823.280000,1,-23.080000,-0.6000,8.740000,39.700000,991.960000
494,Entry long,2025-11-03 01:30,3846.360000,1,-23.080000,-0.6000,8.740000,39.700000,991.960000
493,Exit long,2025-11-02 09:30,3898.010000,1,25.010000,0.6458,44.000000,14.280000,1015.040000
493,Entry long,2025-11-02 01:30,3873.000000,1,25.010000,0.6458,44.000000,14.280000,1015.040000
492,Exit long,2025-11-02 02:30,3884.620000,1,11.620000,0.3000,7.560000,14.280000,990.030000
492,Entry long,2025-11-02 01:30,3873.000000,1,11.620000,0.3000,7.560000,14.280000,990.030000
491,Exit long,2025-11-01 09:30,3875.480000,1,21.560000,0.5594,28.080000,38.900000,978.410000
491,Entry long,2025-11-01 01:30,3853.920000,1,21.560000,0.5594,28.080000,38.900000,978.410000
490,Exit long,2025-11-01 04:00,3865.480000,1,11.560000,0.3000,18.700000,38.900000,956.850000
490,Entry long,2025-11-01 01:30,3853.920000,1,11.560000,0.3000,18.700000,38.900000,956.850000
489,Exit long,2025-10-31 04:00,3858.760000,1,11.540000,0.3000,5.560000,41.730000,945.290000
489,Entry long,2025-10-31 01:30,3847.220000,1,11.540000,0.3000,5.560000,41.730000,945.290000
488,Exit long,2025-10-31 02:00,3824.140000,1,-23.080000,-0.5999,5.560000,24.420000,933.750000
488,Entry long,2025-10-31 01:30,3847.220000,1,-23.080000,-0.5999,5.560000,24.420000,933.750000
487,Exit long,2025-10-30 04:00,3887.560000,1,-23.470000,-0.6001,35.970000,2.940000,956.830000
487,Entry long,2025-10-30 01:30,3911.030000,1,-23.470000,-0.6001,35.970000,2.940000,956.830000
486,Exit long,2025-10-30 01:45,3923.890000,1,12.860000,0.3288,29.940000,2.940000,980.300000
486,Entry long,2025-10-30 01:30,3911.030000,1,12.860000,0.3288,29.940000,2.940000,980.300000
485,Exit long,2025-10-29 09:30,3994.670000,1,25.650000,0.6463,73.960000,0.000000,967.440000
485,Entry long,2025-10-29 01:30,3969.020000,1,25.650000,0.6463,73.960000,0.000000,967.440000
484,Exit long,2025-10-29 01:45,3992.460000,1,23.440000,0.5906,73.960000,0.000000,941.790000
484,Entry long,2025-10-29 01:30,3969.020000,1,23.440000,0.5906,73.960000,0.000000,941.790000
483,Exit long,2025-10-28 09:30,4103.460000,1,-24.910000,-0.6034,23.780000,64.080000,918.350000
483,Entry long,2025-10-28 01:30,4128.370000,1,-24.910000,-0.6034,23.780000,64.080000,918.350000
482,Exit long,2025-10-28 02:45,4103.600000,1,-24.770000,-0.6000,23.780000,39.740000,943.260000
482,Entry long,2025-10-28 01:30,4128.370000,1,-24.770000,-0.6000,23.780000,39.740000,943.260000
481,Exit long,2025-10-27 08:15,4157.750000,1,-25.100000,-0.6001,70.150000,7.280000,968.030000
481,Entry long,2025-10-27 01:30,4182.850000,1,-25.100000,-0.6001,70.150000,7.280000,968.030000
480,Exit long,2025-10-27 02:00,4195.400000,1,12.550000,0.3000,50.200000,7.280000,993.130000
480,Entry long,2025-10-27 01:30,4182.850000,1,12.550000,0.3000,50.200000,7.280000,993.130000
479,Exit long,2025-10-26 08:45,3960.850000,1,11.850000,0.3001,7.000000,34.700000,980.580000
479,Entry long,2025-10-26 01:30,3949.000000,1,11.850000,0.3001,7.000000,34.700000,980.580000
478,Exit long,2025-10-26 01:45,3925.310000,1,-23.690000,-0.5999,6.680000,4.420000,968.730000
478,Entry long,2025-10-26 01:30,3949.000000,1,-23.690000,-0.5999,6.680000,4.420000,968.730000
477,Exit long,2025-10-25 09:30,3948.270000,1,17.590000,0.4475,32.580000,26.920000,992.420000
477,Entry long,2025-10-25 01:30,3930.680000,1,17.590000,0.4475,32.580000,26.920000,992.420000
476,Exit long,2025-10-25 07:30,3942.470000,1,11.790000,0.2999,21.460000,26.920000,974.830000
476,Entry long,2025-10-25 01:30,3930.680000,1,11.790000,0.2999,21.460000,26.920000,974.830000
475,Exit long,2025-10-24 09:30,3965.590000,1,105.850000,2.7424,128.260000,2.520000,963.040000
475,Entry long,2025-10-24 01:30,3859.740000,1,105.850000,2.7424,128.260000,2.520000,963.040000
474,Exit long,2025-10-24 01:45,3874.740000,1,15.000000,0.3886,30.780000,2.520000,857.190000
474,Entry long,2025-10-24 01:30,3859.740000,1,15.000000,0.3886,30.780000,2.520000,857.190000
473,Exit long,2025-10-23 09:30,3886.220000,1,67.870000,1.7775,87.120000,10.700000,842.190000
473,Entry long,2025-10-23 01:30,3818.350000,1,67.870000,1.7775,87.120000,10.700000,842.190000
472,Exit long,2025-10-23 02:30,3829.810000,1,11.460000,0.3001,17.300000,10.700000,774.320000
472,Entry long,2025-10-23 01:30,3818.350000,1,11.460000,0.3001,17.300000,10.700000,774.320000
471,Exit long,2025-10-22 09:15,3831.410000,1,-23.130000,-0.6001,28.390000,18.850000,762.860000
471,Entry long,2025-10-22 01:30,3854.540000,1,-23.130000,-0.6001,28.390000,18.850000,762.860000
470,Exit long,2025-10-22 01:45,3866.100000,1,11.560000,0.2999,13.520000,17.080000,785.990000
470,Entry long,2025-10-22 01:30,3854.540000,1,11.560000,0.2999,13.520000,17.080000,785.990000
469,Exit long,2025-10-21 09:30,3868.490000,1,-93.240000,-2.3535,2.740000,123.520000,774.430000
469,Entry long,2025-10-21 01:30,3961.730000,1,-93.240000,-2.3535,2.740000,123.520000,774.430000
468,Exit long,2025-10-21 01:45,3937.960000,1,-23.770000,-0.6000,2.740000,22.400000,867.670000
468,Entry long,2025-10-21 01:30,3961.730000,1,-23.770000,-0.6000,2.740000,22.400000,867.670000
467,Exit long,2025-10-20 02:30,3957.840000,1,11.840000,0.3001,8.000000,28.770000,891.440000
467,Entry long,2025-10-20 01:30,3946.000000,1,11.840000,0.3001,8.000000,28.770000,891.440000
466,Exit long,2025-10-20 02:00,3922.320000,1,-23.680000,-0.6001,8.000000,24.400000,879.600000
466,Entry long,2025-10-20 01:30,3946.000000,1,-23.680000,-0.6001,8.000000,24.400000,879.600000
465,Exit long,2025-10-19 08:15,3846.750000,1,-23.220000,-0.6000,49.510000,14.180000,903.280000
465,Entry long,2025-10-19 01:30,3869.970000,1,-23.220000,-0.6000,49.510000,14.180000,903.280000
464,Exit long,2025-10-19 03:15,3881.580000,1,11.610000,0.3000,11.200000,14.180000,926.500000
464,Entry long,2025-10-19 01:30,3869.970000,1,11.610000,0.3000,11.200000,14.180000,926.500000
463,Exit long,2025-10-18 07:00,3884.300000,1,11.620000,0.3001,15.900000,40.840000,914.890000
463,Entry long,2025-10-18 01:30,3872.680000,1,11.620000,0.3001,15.900000,40.840000,914.890000
462,Exit long,2025-10-18 02:45,3849.440000,1,-23.240000,-0.6001,15.900000,40.840000,903.270000
462,Entry long,2025-10-18 01:30,3872.680000,1,-23.240000,-0.6001,15.900000,40.840000,903.270000
461,Exit long,2025-10-17 09:30,3742.250000,1,-186.670000,-4.7512,6.160000,233.920000,926.510000
461,Entry long,2025-10-17 01:30,3928.920000,1,-186.670000,-4.7512,6.160000,233.920000,926.510000
460,Exit long,2025-10-17 01:45,3905.350000,1,-23.570000,-0.5999,6.160000,41.980000,1113.180000
460,Entry long,2025-10-17 01:30,3928.920000,1,-23.570000,-0.5999,6.160000,41.980000,1113.180000
459,Exit long,2025-10-16 09:30,3986.270000,1,-5.970000,-0.1495,57.760000,15.280000,1136.750000
459,Entry long,2025-10-16 01:30,3992.240000,1,-5.970000,-0.1495,57.760000,15.280000,1136.750000
458,Exit long,2025-10-16 01:45,4004.220000,1,11.980000,0.3001,22.180000,8.440000,1142.720000
458,Entry long,2025-10-16 01:30,3992.240000,1,11.980000,0.3001,22.180000,8.440000,1142.720000
457,Exit long,2025-10-15 03:45,4060.110000,1,-24.510000,-0.6001,59.870000,16.620000,1130.740000
457,Entry long,2025-10-15 01:30,4084.620000,1,-24.510000,-0.6001,59.870000,16.620000,1130.740000
456,Exit long,2025-10-15 01:45,4096.870000,1,12.250000,0.2999,24.560000,8.080000,1155.250000
456,Entry long,2025-10-15 01:30,4084.620000,1,12.250000,0.2999,24.560000,8.080000,1155.250000
455,Exit long,2025-10-14 09:30,3997.900000,1,-224.740000,-5.3223,8.640000,272.630000,1143.000000
455,Entry long,2025-10-14 01:30,4222.640000,1,-224.740000,-5.3223,8.640000,272.630000,1143.000000
454,Exit long,2025-10-14 02:00,4197.300000,1,-25.340000,-0.6001,8.640000,43.280000,1367.740000
454,Entry long,2025-10-14 01:30,4222.640000,1,-25.340000,-0.6001,8.640000,43.280000,1367.740000
453,Exit long,2025-10-13 04:00,4127.700000,1,-24.920000,-0.6001,66.810000,21.950000,1393.080000
453,Entry long,2025-10-13 01:30,4152.620000,1,-24.920000,-0.6001,66.810000,21.950000,1393.080000
452,Exit long,2025-10-13 01:45,4165.080000,1,12.460000,0.3001,41.640000,2.300000,1418.000000
452,Entry long,2025-10-13 01:30,4152.620000,1,12.460000,0.3001,41.640000,2.300000,1418.000000
451,Exit long,2025-10-12 09:30,3817.780000,1,98.460000,2.6473,124.680000,20.420000,1405.540000
451,Entry long,2025-10-12 01:30,3719.320000,1,98.460000,2.6473,124.680000,20.420000,1405.540000
450,Exit long,2025-10-12 01:45,3730.480000,1,11.160000,0.3001,28.740000,20.420000,1307.080000
450,Entry long,2025-10-12 01:30,3719.320000,1,11.160000,0.3001,28.740000,20.420000,1307.080000
449,Exit long,2025-10-11 02:00,3774.750000,1,11.290000,0.3000,59.480000,38.520000,1295.920000
449,Entry long,2025-10-11 01:30,3763.460000,1,11.290000,0.3000,59.480000,38.520000,1295.920000
448,Exit long,2025-10-11 01:45,3740.880000,1,-22.580000,-0.6000,59.480000,38.520000,1284.630000
448,Entry long,2025-10-11 01:30,3763.460000,1,-22.580000,-0.6000,59.480000,38.520000,1284.630000
447,Exit long,2025-10-10 09:30,4346.110000,1,-44.460000,-1.0126,1.290000,79.570000,1307.210000
447,Entry long,2025-10-10 01:30,4390.570000,1,-44.460000,-1.0126,1.290000,79.570000,1307.210000
446,Exit long,2025-10-10 02:00,4364.230000,1,-26.340000,-0.5999,1.220000,43.300000,1351.670000
446,Entry long,2025-10-10 01:30,4390.570000,1,-26.340000,-0.5999,1.220000,43.300000,1351.670000
445,Exit long,2025-10-09 09:30,4348.740000,1,-130.960000,-2.9234,0.080000,163.110000,1378.010000
445,Entry long,2025-10-09 01:30,4479.700000,1,-130.960000,-2.9234,0.080000,163.110000,1378.010000
444,Exit long,2025-10-09 02:00,4452.820000,1,-26.880000,-0.6000,0.000000,38.940000,1508.970000
444,Entry long,2025-10-09 01:30,4479.700000,1,-26.880000,-0.6000,0.000000,38.940000,1508.970000
443,Exit long,2025-10-08 03:15,4450.760000,1,-26.870000,-0.6001,19.420000,22.630000,1535.850000
443,Entry long,2025-10-08 01:30,4477.630000,1,-26.870000,-0.6001,19.420000,22.630000,1535.850000
442,Exit long,2025-10-08 02:15,4491.060000,1,13.430000,0.2999,19.360000,8.700000,1562.720000
442,Entry long,2025-10-08 01:30,4477.630000,1,13.430000,0.2999,19.360000,8.700000,1562.720000
441,Exit long,2025-10-07 08:00,4649.070000,1,-28.060000,-0.5999,53.520000,20.440000,1549.290000
441,Entry long,2025-10-07 01:30,4677.130000,1,-28.060000,-0.5999,53.520000,20.440000,1549.290000
440,Exit long,2025-10-07 03:00,4691.160000,1,14.030000,0.3000,26.660000,20.440000,1577.350000
440,Entry long,2025-10-07 01:30,4677.130000,1,14.030000,0.3000,26.660000,20.440000,1577.350000
439,Exit long,2025-10-06 09:30,4565.310000,1,36.570000,0.8075,47.840000,50.300000,1563.320000
439,Entry long,2025-10-06 01:30,4528.740000,1,36.570000,0.8075,47.840000,50.300000,1563.320000
438,Exit long,2025-10-06 02:45,4542.330000,1,13.590000,0.3001,24.380000,50.300000,1526.750000
438,Entry long,2025-10-06 01:30,4528.740000,1,13.590000,0.3001,24.380000,50.300000,1526.750000
437,Exit long,2025-10-05 09:30,4573.730000,1,96.280000,2.1503,140.990000,0.000000,1513.160000
437,Entry long,2025-10-05 01:30,4477.450000,1,96.280000,2.1503,140.990000,0.000000,1513.160000
436,Exit long,2025-10-05 02:30,4490.880000,1,13.430000,0.2999,26.520000,0.000000,1416.880000
436,Entry long,2025-10-05 01:30,4477.450000,1,13.430000,0.2999,26.520000,0.000000,1416.880000
435,Exit long,2025-10-04 09:30,4493.720000,1,8.320000,0.1855,30.400000,50.800000,1403.450000
435,Entry long,2025-10-04 01:30,4485.400000,1,8.320000,0.1855,30.400000,50.800000,1403.450000
434,Exit long,2025-10-04 05:00,4498.860000,1,13.460000,0.3001,23.980000,50.800000,1395.130000
434,Entry long,2025-10-04 01:30,4485.400000,1,13.460000,0.3001,23.980000,50.800000,1395.130000
433,Exit long,2025-10-03 08:00,4439.800000,1,-26.800000,-0.6000,92.400000,15.140000,1381.670000
433,Entry long,2025-10-03 01:30,4466.600000,1,-26.800000,-0.6000,92.400000,15.140000,1381.670000
432,Exit long,2025-10-03 02:00,4480.000000,1,13.400000,0.3000,19.220000,4.560000,1408.470000
432,Entry long,2025-10-03 01:30,4466.600000,1,13.400000,0.3000,19.220000,4.560000,1408.470000
431,Exit long,2025-10-02 09:30,4384.820000,1,35.700000,0.8209,73.180000,1.360000,1395.070000
431,Entry long,2025-10-02 01:30,4349.120000,1,35.700000,0.8209,73.180000,1.360000,1395.070000
430,Exit long,2025-10-02 01:45,4365.920000,1,16.800000,0.3863,33.760000,1.360000,1359.370000
430,Entry long,2025-10-02 01:30,4349.120000,1,16.800000,0.3863,33.760000,1.360000,1359.370000
429,Exit long,2025-10-01 03:45,4126.100000,1,-24.910000,-0.6001,29.140000,16.960000,1342.570000
429,Entry long,2025-10-01 01:30,4151.010000,1,-24.910000,-0.6001,29.140000,16.960000,1342.570000
428,Exit long,2025-10-01 01:45,4163.460000,1,12.450000,0.2999,29.140000,14.180000,1367.480000
428,Entry long,2025-10-01 01:30,4151.010000,1,12.450000,0.2999,29.140000,14.180000,1367.480000
427,Exit long,2025-09-30 09:30,4168.770000,1,-41.230000,-0.9793,0.640000,58.880000,1355.030000
427,Entry long,2025-09-30 01:30,4210.000000,1,-41.230000,-0.9793,0.640000,58.880000,1355.030000
426,Exit long,2025-09-30 05:00,4184.740000,1,-25.260000,-0.6000,0.640000,49.480000,1396.260000
426,Entry long,2025-09-30 01:30,4210.000000,1,-25.260000,-0.6000,0.640000,49.480000,1396.260000
425,Exit long,2025-09-29 08:45,4130.290000,1,12.350000,0.2999,17.120000,49.100000,1421.520000
425,Entry long,2025-09-29 01:30,4117.940000,1,12.350000,0.2999,17.120000,49.100000,1421.520000
424,Exit long,2025-09-29 07:00,4093.230000,1,-24.710000,-0.6001,17.120000,49.100000,1409.170000
424,Entry long,2025-09-29 01:30,4117.940000,1,-24.710000,-0.6001,17.120000,49.100000,1409.170000
423,Exit long,2025-09-28 09:30,3995.730000,1,-9.340000,-0.2332,13.430000,25.960000,1433.880000
423,Entry long,2025-09-28 01:30,4005.070000,1,-9.340000,-0.2332,13.430000,25.960000,1433.880000
422,Exit long,2025-09-28 05:30,4017.090000,1,12.020000,0.3001,12.500000,25.960000,1443.220000
422,Entry long,2025-09-28 01:30,4005.070000,1,12.020000,0.3001,12.500000,25.960000,1443.220000
421,Exit long,2025-09-27 08:00,3988.940000,1,-24.080000,-0.6000,20.800000,13.620000,1431.200000
421,Entry long,2025-09-27 01:30,4013.020000,1,-24.080000,-0.6000,20.800000,13.620000,1431.200000
420,Exit long,2025-09-27 03:30,4025.060000,1,12.040000,0.3000,20.800000,13.620000,1455.280000
420,Entry long,2025-09-27 01:30,4013.020000,1,12.040000,0.3000,20.800000,13.620000,1455.280000
419,Exit long,2025-09-26 09:30,3925.750000,1,-2.030000,-0.0517,48.210000,22.650000,1443.240000
419,Entry long,2025-09-26 01:30,3927.780000,1,-2.030000,-0.0517,48.210000,22.650000,1443.240000
418,Exit long,2025-09-26 01:45,3941.620000,1,13.840000,0.3524,28.440000,5.560000,1445.270000
418,Entry long,2025-09-26 01:30,3927.780000,1,13.840000,0.3524,28.440000,5.560000,1445.270000
417,Exit long,2025-09-25 02:30,4119.530000,1,12.320000,0.3000,7.960000,58.420000,1431.430000
417,Entry long,2025-09-25 01:30,4107.210000,1,12.320000,0.3000,7.960000,58.420000,1431.430000
416,Exit long,2025-09-25 01:45,4082.570000,1,-24.640000,-0.5999,0.000000,58.420000,1419.110000
416,Entry long,2025-09-25 01:30,4107.210000,1,-24.640000,-0.5999,0.000000,58.420000,1419.110000
415,Exit long,2025-09-24 09:30,4174.420000,1,-13.430000,-0.3207,7.800000,117.850000,1443.750000
415,Entry long,2025-09-24 01:30,4187.850000,1,-13.430000,-0.3207,7.800000,117.850000,1443.750000
414,Exit long,2025-09-24 02:15,4162.720000,1,-25.130000,-0.6001,7.800000,44.420000,1457.180000
414,Entry long,2025-09-24 01:30,4187.850000,1,-25.130000,-0.6001,7.800000,44.420000,1457.180000
413,Exit long,2025-09-23 06:30,4208.560000,1,12.590000,0.3000,7.030000,83.540000,1482.310000
413,Entry long,2025-09-23 01:30,4195.970000,1,12.590000,0.3000,7.030000,83.540000,1482.310000
412,Exit long,2025-09-23 01:45,4170.790000,1,-25.180000,-0.6001,2.060000,61.940000,1469.720000
412,Entry long,2025-09-23 01:30,4195.970000,1,-25.180000,-0.6001,2.060000,61.940000,1469.720000
411,Exit long,2025-09-22 09:30,4180.800000,1,-156.890000,-3.6169,21.860000,336.810000,1494.900000
411,Entry long,2025-09-22 01:30,4337.690000,1,-156.890000,-3.6169,21.860000,336.810000,1494.900000
410,Exit long,2025-09-22 02:15,4311.660000,1,-26.030000,-0.6001,21.860000,41.940000,1651.790000
410,Entry long,2025-09-22 01:30,4337.690000,1,-26.030000,-0.6001,21.860000,41.940000,1651.790000
409,Exit long,2025-09-21 09:30,4454.700000,1,-29.070000,-0.6483,7.620000,33.270000,1677.820000
409,Entry long,2025-09-21 01:30,4483.770000,1,-29.070000,-0.6483,7.620000,33.270000,1677.820000
408,Exit long,2025-09-21 02:15,4456.870000,1,-26.900000,-0.5999,2.460000,15.380000,1706.890000
408,Entry long,2025-09-21 01:30,4483.770000,1,-26.900000,-0.5999,2.460000,15.380000,1706.890000
407,Exit long,2025-09-20 09:30,4463.000000,1,-5.270000,-0.1179,16.320000,33.300000,1733.790000
407,Entry long,2025-09-20 01:30,4468.270000,1,-5.270000,-0.1179,16.320000,33.300000,1733.790000
406,Exit long,2025-09-20 05:30,4481.670000,1,13.400000,0.2999,13.460000,33.300000,1739.060000
406,Entry long,2025-09-20 01:30,4468.270000,1,13.400000,0.2999,13.460000,33.300000,1739.060000
405,Exit long,2025-09-19 09:30,4529.530000,1,-85.470000,-1.8520,9.000000,99.350000,1725.660000
405,Entry long,2025-09-19 01:30,4615.000000,1,-85.470000,-1.8520,9.000000,99.350000,1725.660000
404,Exit long,2025-09-19 02:30,4587.310000,1,-27.690000,-0.6000,9.000000,54.780000,1811.130000
404,Entry long,2025-09-19 01:30,4615.000000,1,-27.690000,-0.6000,9.000000,54.780000,1811.130000
403,Exit long,2025-09-18 06:00,4579.570000,1,-27.640000,-0.5999,48.580000,24.210000,1838.820000
403,Entry long,2025-09-18 01:30,4607.210000,1,-27.640000,-0.5999,48.580000,24.210000,1838.820000
402,Exit long,2025-09-18 01:45,4629.630000,1,22.420000,0.4866,48.580000,3.520000,1866.460000
402,Entry long,2025-09-18 01:30,4607.210000,1,22.420000,0.4866,48.580000,3.520000,1866.460000
401,Exit long,2025-09-17 04:15,4487.760000,1,-27.090000,-0.6000,36.640000,29.680000,1844.040000
401,Entry long,2025-09-17 01:30,4514.850000,1,-27.090000,-0.6000,36.640000,29.680000,1844.040000
400,Exit long,2025-09-17 02:30,4528.390000,1,13.540000,0.2999,0.560000,29.680000,1871.130000
400,Entry long,2025-09-17 01:30,4514.850000,1,13.540000,0.2999,0.560000,29.680000,1871.130000
399,Exit long,2025-09-16 09:30,4505.100000,1,-24.590000,-0.5429,10.620000,48.920000,1857.590000
399,Entry long,2025-09-16 01:30,4529.690000,1,-24.590000,-0.5429,10.620000,48.920000,1857.590000
398,Exit long,2025-09-16 04:15,4502.510000,1,-27.180000,-0.6000,10.620000,48.920000,1882.180000
398,Entry long,2025-09-16 01:30,4529.690000,1,-27.180000,-0.6000,10.620000,48.920000,1882.180000
397,Exit long,2025-09-15 08:00,4573.870000,1,-27.610000,-0.6000,66.520000,16.320000,1909.360000
397,Entry long,2025-09-15 01:30,4601.480000,1,-27.610000,-0.6000,66.520000,16.320000,1909.360000
396,Exit long,2025-09-15 01:45,4615.280000,1,13.800000,0.2999,38.280000,2.060000,1936.970000
396,Entry long,2025-09-15 01:30,4601.480000,1,13.800000,0.2999,38.280000,2.060000,1936.970000
395,Exit long,2025-09-14 09:30,4665.530000,1,7.530000,0.1617,33.300000,27.180000,1923.170000
395,Entry long,2025-09-14 01:30,4658.000000,1,7.530000,0.1617,33.300000,27.180000,1923.170000
394,Exit long,2025-09-14 01:45,4671.970000,1,13.970000,0.2999,13.560000,9.040000,1915.640000
394,Entry long,2025-09-14 01:30,4658.000000,1,13.970000,0.2999,13.560000,9.040000,1915.640000
393,Exit long,2025-09-13 09:30,4719.550000,1,8.230000,0.1747,56.680000,41.840000,1901.670000
393,Entry long,2025-09-13 01:30,4711.320000,1,8.230000,0.1747,56.680000,41.840000,1901.670000
392,Exit long,2025-09-13 03:15,4725.450000,1,14.130000,0.2999,21.860000,41.840000,1893.440000
392,Entry long,2025-09-13 01:30,4711.320000,1,14.130000,0.2999,21.860000,41.840000,1893.440000
391,Exit long,2025-09-12 05:45,4534.400000,1,13.560000,0.2999,7.310000,34.790000,1879.310000
391,Entry long,2025-09-12 01:30,4520.840000,1,13.560000,0.2999,7.310000,34.790000,1879.310000
390,Exit long,2025-09-12 01:45,4493.710000,1,-27.130000,-0.6001,0.400000,29.920000,1865.750000
390,Entry long,2025-09-12 01:30,4520.840000,1,-27.130000,-0.6001,0.400000,29.920000,1865.750000
389,Exit long,2025-09-11 09:30,4415.000000,1,45.640000,1.0445,80.910000,18.720000,1892.880000
389,Entry long,2025-09-11 01:30,4369.360000,1,45.640000,1.0445,80.910000,18.720000,1892.880000
388,Exit long,2025-09-11 02:45,4382.470000,1,13.110000,0.3000,21.280000,18.720000,1847.240000
388,Entry long,2025-09-11 01:30,4369.360000,1,13.110000,0.3000,21.280000,18.720000,1847.240000
387,Exit long,2025-09-10 09:30,4319.490000,1,19.500000,0.4535,33.020000,9.080000,1834.130000
387,Entry long,2025-09-10 01:30,4299.990000,1,19.500000,0.4535,33.020000,9.080000,1834.130000
386,Exit long,2025-09-10 02:00,4312.890000,1,12.900000,0.3000,26.300000,9.080000,1814.630000
386,Entry long,2025-09-10 01:30,4299.990000,1,12.900000,0.3000,26.300000,9.080000,1814.630000
385,Exit long,2025-09-09 09:30,4364.510000,1,76.540000,1.7850,92.800000,25.940000,1801.730000
385,Entry long,2025-09-09 01:30,4287.970000,1,76.540000,1.7850,92.800000,25.940000,1801.730000
384,Exit long,2025-09-09 03:15,4300.830000,1,12.860000,0.2999,16.620000,25.940000,1725.190000
384,Entry long,2025-09-09 01:30,4287.970000,1,12.860000,0.2999,16.620000,25.940000,1725.190000
383,Exit long,2025-09-08 09:30,4318.750000,1,33.320000,0.7775,49.050000,18.440000,1712.330000
383,Entry long,2025-09-08 01:30,4285.430000,1,33.320000,0.7775,49.050000,18.440000,1712.330000
382,Exit long,2025-09-08 02:30,4298.290000,1,12.860000,0.3001,23.360000,18.440000,1679.010000
382,Entry long,2025-09-08 01:30,4285.430000,1,12.860000,0.3001,23.360000,18.440000,1679.010000
381,Exit long,2025-09-07 09:30,4299.230000,1,8.150000,0.1899,22.910000,28.600000,1666.150000
381,Entry long,2025-09-07 01:30,4291.080000,1,8.150000,0.1899,22.910000,28.600000,1666.150000
380,Exit long,2025-09-07 07:30,4303.950000,1,12.870000,0.2999,22.860000,28.600000,1658.000000
380,Entry long,2025-09-07 01:30,4291.080000,1,12.870000,0.2999,22.860000,28.600000,1658.000000
379,Exit long,2025-09-06 09:30,4291.250000,2,-45.740000,-0.5301,18.380000,51.440000,1645.130000
379,Entry long,2025-09-06 01:30,4314.120000,2,-45.740000,-0.5301,18.380000,51.440000,1645.130000
378,Exit long,2025-09-05 09:30,4376.310000,1,57.400000,1.3290,107.860000,23.910000,1690.870000
378,Entry long,2025-09-05 01:30,4318.910000,1,57.400000,1.3290,107.860000,23.910000,1690.870000
377,Exit long,2025-09-05 02:00,4331.870000,1,12.960000,0.3001,24.480000,9.560000,1633.470000
377,Entry long,2025-09-05 01:30,4318.910000,1,12.960000,0.3001,24.480000,9.560000,1633.470000
376,Exit long,2025-09-04 09:30,4378.530000,1,-79.510000,-1.7835,37.500000,104.680000,1620.510000
376,Entry long,2025-09-04 01:30,4458.040000,1,-79.510000,-1.7835,37.500000,104.680000,1620.510000
375,Exit long,2025-09-04 02:30,4431.290000,1,-26.750000,-0.6000,37.500000,39.080000,1700.020000
375,Entry long,2025-09-04 01:30,4458.040000,1,-26.750000,-0.6000,37.500000,39.080000,1700.020000
374,Exit long,2025-09-03 09:30,4318.400000,1,33.410000,0.7797,69.010000,3.990000,1726.770000
374,Entry long,2025-09-03 01:30,4284.990000,1,33.410000,0.7797,69.010000,3.990000,1726.770000
373,Exit long,2025-09-03 01:45,4297.840000,1,12.850000,0.2999,17.700000,1.980000,1693.360000
373,Entry long,2025-09-03 01:30,4284.990000,1,12.850000,0.2999,17.700000,1.980000,1693.360000
372,Exit long,2025-09-02 09:30,4390.890000,1,82.070000,1.9047,105.910000,27.640000,1680.510000
372,Entry long,2025-09-02 01:30,4308.820000,1,82.070000,1.9047,105.910000,27.640000,1680.510000
371,Exit long,2025-09-02 01:45,4330.260000,1,21.440000,0.4976,58.080000,27.640000,1598.440000
371,Entry long,2025-09-02 01:30,4308.820000,1,21.440000,0.4976,58.080000,27.640000,1598.440000
370,Exit long,2025-09-01 02:15,4379.330000,1,-26.430000,-0.5999,36.360000,16.530000,1577.000000
370,Entry long,2025-09-01 01:30,4405.760000,1,-26.430000,-0.5999,36.360000,16.530000,1577.000000
369,Exit long,2025-09-01 01:45,4422.810000,1,17.050000,0.3870,36.360000,12.220000,1603.430000
369,Entry long,2025-09-01 01:30,4405.760000,1,17.050000,0.3870,36.360000,12.220000,1603.430000
368,Exit long,2025-08-31 09:30,4469.520000,1,28.800000,0.6485,49.130000,9.640000,1586.380000
368,Entry long,2025-08-31 01:30,4440.720000,1,28.800000,0.6485,49.130000,9.640000,1586.380000
367,Exit long,2025-08-31 01:45,4454.040000,1,13.320000,0.3000,28.440000,7.160000,1557.580000
367,Entry long,2025-08-31 01:30,4440.720000,1,13.320000,0.3000,28.440000,7.160000,1557.580000
366,Exit long,2025-08-30 03:15,4337.140000,1,12.970000,0.2999,13.140000,69.200000,1544.260000
366,Entry long,2025-08-30 01:30,4324.170000,1,12.970000,0.2999,13.140000,69.200000,1544.260000
365,Exit long,2025-08-30 01:45,4298.220000,1,-25.950000,-0.6001,13.140000,12.640000,1531.290000
365,Entry long,2025-08-30 01:30,4324.170000,1,-25.950000,-0.6001,13.140000,12.640000,1531.290000
364,Exit long,2025-08-29 07:00,4421.300000,1,-26.690000,-0.6000,54.950000,12.990000,1557.240000
364,Entry long,2025-08-29 01:30,4447.990000,1,-26.690000,-0.6000,54.950000,12.990000,1557.240000
363,Exit long,2025-08-29 01:45,4464.490000,1,16.500000,0.3710,40.200000,3.280000,1583.930000
363,Entry long,2025-08-29 01:30,4447.990000,1,16.500000,0.3710,40.200000,3.280000,1583.930000
362,Exit long,2025-08-28 09:30,4596.990000,1,98.310000,2.1853,134.440000,0.420000,1567.430000
362,Entry long,2025-08-28 01:30,4498.680000,1,98.310000,2.1853,134.440000,0.420000,1567.430000
361,Exit long,2025-08-28 01:45,4512.180000,1,13.500000,0.3001,38.460000,0.420000,1469.120000
361,Entry long,2025-08-28 01:30,4498.680000,1,13.500000,0.3001,38.460000,0.420000,1469.120000
360,Exit long,2025-08-27 09:30,4609.660000,1,62.170000,1.3671,96.440000,18.980000,1455.620000
360,Entry long,2025-08-27 01:30,4547.490000,1,62.170000,1.3671,96.440000,18.980000,1455.620000
359,Exit long,2025-08-27 01:45,4561.130000,1,13.640000,0.2999,32.560000,18.980000,1393.450000
359,Entry long,2025-08-27 01:30,4547.490000,1,13.640000,0.2999,32.560000,18.980000,1393.450000
358,Exit long,2025-08-26 09:30,4435.330000,1,49.910000,1.1381,68.360000,29.200000,1379.810000
358,Entry long,2025-08-26 01:30,4385.420000,1,49.910000,1.1381,68.360000,29.200000,1379.810000
357,Exit long,2025-08-26 01:45,4398.580000,1,13.160000,0.3001,19.420000,29.200000,1329.900000
357,Entry long,2025-08-26 01:30,4385.420000,1,13.160000,0.3001,19.420000,29.200000,1329.900000
356,Exit long,2025-08-25 04:00,4708.580000,1,-28.420000,-0.6000,37.000000,47.280000,1316.740000
356,Entry long,2025-08-25 01:30,4737.000000,1,-28.420000,-0.6000,37.000000,47.280000,1316.740000
355,Exit long,2025-08-25 02:00,4751.210000,1,14.210000,0.3000,1.160000,47.280000,1345.160000
355,Entry long,2025-08-25 01:30,4737.000000,1,14.210000,0.3000,1.160000,47.280000,1345.160000
354,Exit long,2025-08-24 09:30,4774.000000,1,3.770000,0.0790,48.620000,26.850000,1330.950000
354,Entry long,2025-08-24 01:30,4770.230000,1,3.770000,0.0790,48.620000,26.850000,1330.950000
353,Exit long,2025-08-24 01:45,4789.050000,1,18.820000,0.3945,48.620000,6.660000,1327.180000
353,Entry long,2025-08-24 01:30,4770.230000,1,18.820000,0.3945,48.620000,6.660000,1327.180000
352,Exit long,2025-08-23 02:15,4742.380000,1,-28.630000,-0.6001,21.340000,29.980000,1308.360000
352,Entry long,2025-08-23 01:30,4771.010000,1,-28.630000,-0.6001,21.340000,29.980000,1308.360000
351,Exit long,2025-08-23 01:45,4785.320000,1,14.310000,0.2999,21.340000,29.980000,1336.990000
351,Entry long,2025-08-23 01:30,4771.010000,1,14.310000,0.2999,21.340000,29.980000,1336.990000
350,Exit long,2025-08-22 09:30,4313.140000,1,67.570000,1.5915,107.400000,19.140000,1322.680000
350,Entry long,2025-08-22 01:30,4245.570000,1,67.570000,1.5915,107.400000,19.140000,1322.680000
349,Exit long,2025-08-22 01:45,4258.310000,1,12.740000,0.3001,23.260000,19.140000,1255.110000
349,Entry long,2025-08-22 01:30,4245.570000,1,12.740000,0.3001,23.260000,19.140000,1255.110000
348,Exit long,2025-08-21 02:15,4282.650000,1,-25.850000,-0.6000,30.440000,8.430000,1242.370000
348,Entry long,2025-08-21 01:30,4308.500000,1,-25.850000,-0.6000,30.440000,8.430000,1242.370000
347,Exit long,2025-08-21 01:45,4321.430000,1,12.930000,0.3001,28.940000,5.000000,1268.220000
347,Entry long,2025-08-21 01:30,4308.500000,1,12.930000,0.3001,28.940000,5.000000,1268.220000
346,Exit long,2025-08-20 09:30,4221.630000,1,130.450000,3.1886,148.820000,62.360000,1255.290000
346,Entry long,2025-08-20 01:30,4091.180000,1,130.450000,3.1886,148.820000,62.360000,1255.290000
345,Exit long,2025-08-20 01:45,4103.450000,1,12.270000,0.2999,3.640000,62.360000,1124.840000
345,Entry long,2025-08-20 01:30,4091.180000,1,12.270000,0.2999,3.640000,62.360000,1124.840000
344,Exit long,2025-08-19 09:30,4278.180000,1,-37.590000,-0.8710,1.280000,123.760000,1112.570000
344,Entry long,2025-08-19 01:30,4315.770000,1,-37.590000,-0.8710,1.280000,123.760000,1112.570000
343,Exit long,2025-08-19 01:45,4289.880000,1,-25.890000,-0.5999,1.280000,41.280000,1150.160000
343,Entry long,2025-08-19 01:30,4315.770000,1,-25.890000,-0.5999,1.280000,41.280000,1150.160000
342,Exit long,2025-08-18 09:30,4234.460000,1,-176.140000,-3.9936,36.560000,186.500000,1176.050000
342,Entry long,2025-08-18 01:30,4410.600000,1,-176.140000,-3.9936,36.560000,186.500000,1176.050000
341,Exit long,2025-08-18 01:45,4384.140000,1,-26.460000,-0.5999,36.560000,41.180000,1352.190000
341,Entry long,2025-08-18 01:30,4410.600000,1,-26.460000,-0.5999,36.560000,41.180000,1352.190000
340,Exit long,2025-08-17 09:30,4544.720000,1,141.220000,3.2070,154.160000,22.100000,1378.650000
340,Entry long,2025-08-17 01:30,4403.500000,1,141.220000,3.2070,154.160000,22.100000,1378.650000
339,Exit long,2025-08-17 02:45,4416.710000,1,13.210000,0.3000,31.500000,22.100000,1237.430000
339,Entry long,2025-08-17 01:30,4403.500000,1,13.210000,0.3000,31.500000,22.100000,1237.430000
338,Exit long,2025-08-16 02:45,4439.430000,1,-26.800000,-0.6001,32.700000,13.860000,1224.220000
338,Entry long,2025-08-16 01:30,4466.230000,1,-26.800000,-0.6001,32.700000,13.860000,1224.220000
337,Exit long,2025-08-16 01:45,4480.530000,1,14.300000,0.3202,32.700000,4.240000,1251.020000
337,Entry long,2025-08-16 01:30,4466.230000,1,14.300000,0.3202,32.700000,4.240000,1251.020000
336,Exit long,2025-08-15 09:30,4619.350000,1,31.540000,0.6875,78.190000,23.920000,1236.720000
336,Entry long,2025-08-15 01:30,4587.810000,1,31.540000,0.6875,78.190000,23.920000,1236.720000
335,Exit long,2025-08-15 01:45,4601.570000,1,13.760000,0.2999,39.600000,23.920000,1205.180000
335,Entry long,2025-08-15 01:30,4587.810000,1,13.760000,0.2999,39.600000,23.920000,1205.180000
334,Exit long,2025-08-14 09:30,4745.010000,1,12.620000,0.2667,61.610000,31.780000,1191.420000
334,Entry long,2025-08-14 01:30,4732.390000,1,12.620000,0.2667,61.610000,31.780000,1191.420000
333,Exit long,2025-08-14 02:30,4746.590000,1,14.200000,0.3001,31.220000,31.780000,1178.800000
333,Entry long,2025-08-14 01:30,4732.390000,1,14.200000,0.3001,31.220000,31.780000,1178.800000
332,Exit long,2025-08-13 09:30,4639.340000,1,56.840000,1.2404,99.500000,39.820000,1164.600000
332,Entry long,2025-08-13 01:30,4582.500000,1,56.840000,1.2404,99.500000,39.820000,1164.600000
331,Exit long,2025-08-13 02:15,4596.250000,1,13.750000,0.3001,7.000000,39.820000,1107.760000
331,Entry long,2025-08-13 01:30,4582.500000,1,13.750000,0.3001,7.000000,39.820000,1107.760000
330,Exit long,2025-08-12 09:30,4302.000000,1,21.000000,0.4905,51.740000,41.140000,1094.010000
330,Entry long,2025-08-12 01:30,4281.000000,1,21.000000,0.4905,51.740000,41.140000,1094.010000
329,Exit long,2025-08-12 02:15,4293.840000,1,12.840000,0.2999,5.120000,41.140000,1073.010000
329,Entry long,2025-08-12 01:30,4281.000000,1,12.840000,0.2999,5.120000,41.140000,1073.010000
328,Exit long,2025-08-11 07:30,4264.920000,1,-25.740000,-0.5999,59.820000,8.660000,1060.170000
328,Entry long,2025-08-11 01:30,4290.660000,1,-25.740000,-0.5999,59.820000,8.660000,1060.170000
327,Exit long,2025-08-11 01:45,4308.130000,1,17.470000,0.4072,59.820000,0.000000,1085.910000
327,Entry long,2025-08-11 01:30,4290.660000,1,17.470000,0.4072,59.820000,0.000000,1085.910000
326,Exit long,2025-08-10 02:00,4268.060000,1,-25.760000,-0.5999,53.400000,1.640000,1068.440000
326,Entry long,2025-08-10 01:30,4293.820000,1,-25.760000,-0.5999,53.400000,1.640000,1068.440000
325,Exit long,2025-08-10 01:45,4317.390000,1,23.570000,0.5489,53.400000,1.640000,1094.200000
325,Entry long,2025-08-10 01:30,4293.820000,1,23.570000,0.5489,53.400000,1.640000,1094.200000
324,Exit long,2025-08-09 09:30,4188.430000,1,169.430000,4.2157,201.000000,3.180000,1070.630000
324,Entry long,2025-08-09 01:30,4019.000000,1,169.430000,4.2157,201.000000,3.180000,1070.630000
323,Exit long,2025-08-09 01:45,4031.060000,1,12.060000,0.3001,29.380000,3.180000,901.200000
323,Entry long,2025-08-09 01:30,4019.000000,1,12.060000,0.3001,29.380000,3.180000,901.200000
322,Exit long,2025-08-08 09:30,3888.760000,1,-7.330000,-0.1881,72.720000,38.780000,889.140000
322,Entry long,2025-08-08 01:30,3896.090000,1,-7.330000,-0.1881,72.720000,38.780000,889.140000
321,Exit long,2025-08-08 03:15,3907.780000,1,11.690000,0.3000,16.140000,38.780000,896.470000
321,Entry long,2025-08-08 01:30,3896.090000,1,11.690000,0.3000,16.140000,38.780000,896.470000
320,Exit long,2025-08-07 08:00,3716.420000,1,11.120000,0.3001,22.160000,59.520000,884.780000
320,Entry long,2025-08-07 01:30,3705.300000,1,11.120000,0.3001,22.160000,59.520000,884.780000
319,Exit long,2025-08-07 01:45,3683.070000,1,-22.230000,-0.6000,22.160000,33.640000,873.660000
319,Entry long,2025-08-07 01:30,3705.300000,1,-22.230000,-0.6000,22.160000,33.640000,873.660000
318,Exit long,2025-08-06 09:30,3627.000000,1,60.010000,1.6824,94.410000,9.300000,895.890000
318,Entry long,2025-08-06 01:30,3566.990000,1,60.010000,1.6824,94.410000,9.300000,895.890000
317,Exit long,2025-08-06 01:45,3578.220000,1,11.230000,0.3148,31.520000,9.300000,835.880000
317,Entry long,2025-08-06 01:30,3566.990000,1,11.230000,0.3148,31.520000,9.300000,835.880000
316,Exit long,2025-08-05 09:30,3644.990000,1,-51.130000,-1.3833,0.000000,97.380000,824.650000
316,Entry long,2025-08-05 01:30,3696.120000,1,-51.130000,-1.3833,0.000000,97.380000,824.650000
315,Exit long,2025-08-05 02:00,3673.940000,1,-22.180000,-0.6001,0.000000,38.240000,875.780000
315,Entry long,2025-08-05 01:30,3696.120000,1,-22.180000,-0.6001,0.000000,38.240000,875.780000
314,Exit long,2025-08-04 02:30,3554.490000,1,10.630000,0.3000,20.880000,23.420000,897.960000
314,Entry long,2025-08-04 01:30,3543.860000,1,10.630000,0.3000,20.880000,23.420000,897.960000
313,Exit long,2025-08-04 02:00,3522.600000,1,-21.260000,-0.5999,20.880000,23.420000,887.330000
313,Entry long,2025-08-04 01:30,3543.860000,1,-21.260000,-0.5999,20.880000,23.420000,887.330000
312,Exit long,2025-08-03 09:30,3459.800000,1,39.870000,1.1658,47.070000,25.200000,908.590000
312,Entry long,2025-08-03 01:30,3419.930000,1,39.870000,1.1658,47.070000,25.200000,908.590000
311,Exit long,2025-08-03 02:00,3430.190000,1,10.260000,0.3000,3.980000,25.200000,868.720000
311,Entry long,2025-08-03 01:30,3419.930000,1,10.260000,0.3000,3.980000,25.200000,868.720000
310,Exit long,2025-08-02 06:15,3481.250000,1,-21.010000,-0.5999,34.220000,14.060000,858.460000
310,Entry long,2025-08-02 01:30,3502.260000,1,-21.010000,-0.5999,34.220000,14.060000,858.460000
309,Exit long,2025-08-02 01:45,3512.770000,1,10.510000,0.3001,13.160000,14.060000,879.470000
309,Entry long,2025-08-02 01:30,3502.260000,1,10.510000,0.3001,13.160000,14.060000,879.470000
308,Exit long,2025-08-01 06:15,3659.390000,1,-22.090000,-0.6000,41.420000,24.060000,868.960000
308,Entry long,2025-08-01 01:30,3681.480000,1,-22.090000,-0.6000,41.420000,24.060000,868.960000
307,Exit long,2025-08-01 01:45,3692.520000,1,11.040000,0.2999,27.040000,24.060000,891.050000
307,Entry long,2025-08-01 01:30,3681.480000,1,11.040000,0.2999,27.040000,24.060000,891.050000
306,Exit long,2025-07-31 09:30,3861.000000,1,15.600000,0.4057,32.600000,32.440000,880.010000
306,Entry long,2025-07-31 01:30,3845.400000,1,15.600000,0.4057,32.600000,32.440000,880.010000
305,Exit long,2025-07-31 02:30,3856.940000,1,11.540000,0.3001,8.880000,32.440000,864.410000
305,Entry long,2025-07-31 01:30,3845.400000,1,11.540000,0.3001,8.880000,32.440000,864.410000
304,Exit long,2025-07-30 09:30,3794.590000,1,25.600000,0.6792,63.620000,4.500000,852.870000
304,Entry long,2025-07-30 01:30,3768.990000,1,25.600000,0.6792,63.620000,4.500000,852.870000
303,Exit long,2025-07-30 01:45,3793.590000,1,24.600000,0.6527,53.500000,4.500000,827.270000
303,Entry long,2025-07-30 01:30,3768.990000,1,24.600000,0.6527,53.500000,4.500000,827.270000
302,Exit long,2025-07-29 05:45,3805.130000,1,11.380000,0.3000,8.990000,66.540000,802.670000
302,Entry long,2025-07-29 01:30,3793.750000,1,11.380000,0.3000,8.990000,66.540000,802.670000
301,Exit long,2025-07-29 01:45,3770.990000,1,-22.760000,-0.5999,6.840000,20.800000,791.290000
301,Entry long,2025-07-29 01:30,3793.750000,1,-22.760000,-0.5999,6.840000,20.800000,791.290000
300,Exit long,2025-07-28 09:30,3880.340000,1,21.650000,0.5611,82.120000,34.000000,814.050000
300,Entry long,2025-07-28 01:30,3858.690000,1,21.650000,0.5611,82.120000,34.000000,814.050000
299,Exit long,2025-07-28 02:15,3870.270000,1,11.580000,0.3001,0.000000,34.000000,792.400000
299,Entry long,2025-07-28 01:30,3858.690000,1,11.580000,0.3001,0.000000,34.000000,792.400000
298,Exit long,2025-07-27 09:30,3766.290000,1,2.010000,0.0534,46.000000,28.460000,780.820000
298,Entry long,2025-07-27 01:30,3764.280000,1,2.010000,0.0534,46.000000,28.460000,780.820000
297,Exit long,2025-07-27 02:45,3775.570000,1,11.290000,0.2999,13.060000,28.460000,778.810000
297,Entry long,2025-07-27 01:30,3764.280000,1,11.290000,0.2999,13.060000,28.460000,778.810000
296,Exit long,2025-07-26 02:15,3729.740000,1,11.160000,0.3001,5.300000,24.020000,767.520000
296,Entry long,2025-07-26 01:30,3718.580000,1,11.160000,0.3001,5.300000,24.020000,767.520000
295,Exit long,2025-07-26 01:45,3696.270000,1,-22.310000,-0.6000,5.300000,20.940000,756.360000
295,Entry long,2025-07-26 01:30,3718.580000,1,-22.310000,-0.6000,5.300000,20.940000,756.360000
294,Exit long,2025-07-25 02:45,3636.280000,1,-21.950000,-0.6000,55.540000,16.190000,778.670000
294,Entry long,2025-07-25 01:30,3658.230000,1,-21.950000,-0.6000,55.540000,16.190000,778.670000
293,Exit long,2025-07-25 01:45,3675.940000,1,17.710000,0.4841,55.540000,13.440000,800.620000
293,Entry long,2025-07-25 01:30,3658.230000,1,17.710000,0.4841,55.540000,13.440000,800.620000
292,Exit long,2025-07-24 04:45,3615.050000,1,-21.820000,-0.6000,28.000000,24.240000,782.910000
292,Entry long,2025-07-24 01:30,3636.870000,1,-21.820000,-0.6000,28.000000,24.240000,782.910000
291,Exit long,2025-07-24 02:00,3647.780000,1,10.910000,0.3000,21.020000,24.240000,804.730000
291,Entry long,2025-07-24 01:30,3636.870000,1,10.910000,0.3000,21.020000,24.240000,804.730000
290,Exit long,2025-07-23 05:30,3700.590000,1,-22.340000,-0.6001,41.150000,13.930000,793.820000
290,Entry long,2025-07-23 01:30,3722.930000,1,-22.340000,-0.6001,41.150000,13.930000,793.820000
289,Exit long,2025-07-23 01:45,3734.100000,1,11.170000,0.3000,38.000000,8.120000,816.160000
289,Entry long,2025-07-23 01:30,3722.930000,1,11.170000,0.3000,38.000000,8.120000,816.160000
288,Exit long,2025-07-22 03:15,3719.410000,1,-22.450000,-0.6000,60.940000,13.910000,804.990000
288,Entry long,2025-07-22 01:30,3741.860000,1,-22.450000,-0.6000,60.940000,13.910000,804.990000
287,Exit long,2025-07-22 01:45,3762.010000,1,20.150000,0.5385,60.940000,5.720000,827.440000
287,Entry long,2025-07-22 01:30,3741.860000,1,20.150000,0.5385,60.940000,5.720000,827.440000
286,Exit long,2025-07-21 02:15,3739.150000,1,11.180000,0.2999,10.680000,55.560000,807.290000
286,Entry long,2025-07-21 01:30,3727.970000,1,11.180000,0.2999,10.680000,55.560000,807.290000
285,Exit long,2025-07-21 01:45,3705.600000,1,-22.370000,-0.6001,10.680000,55.560000,796.110000
285,Entry long,2025-07-21 01:30,3727.970000,1,-22.370000,-0.6001,10.680000,55.560000,796.110000
284,Exit long,2025-07-20 09:30,3698.080000,1,90.350000,2.5043,119.440000,12.600000,818.480000
284,Entry long,2025-07-20 01:30,3607.730000,1,90.350000,2.5043,119.440000,12.600000,818.480000
283,Exit long,2025-07-20 01:45,3618.550000,1,10.820000,0.2999,11.640000,12.600000,728.130000
283,Entry long,2025-07-20 01:30,3607.730000,1,10.820000,0.2999,11.640000,12.600000,728.130000
282,Exit long,2025-07-19 09:30,3558.010000,1,21.250000,0.6008,71.240000,9.800000,717.310000
282,Entry long,2025-07-19 01:30,3536.760000,1,21.250000,0.6008,71.240000,9.800000,717.310000
281,Exit long,2025-07-19 01:45,3547.610000,1,10.850000,0.3068,28.060000,9.800000,696.060000
281,Entry long,2025-07-19 01:30,3536.760000,1,10.850000,0.3068,28.060000,9.800000,696.060000
280,Exit long,2025-07-18 09:30,3603.010000,1,25.600000,0.7156,97.020000,18.060000,685.210000
280,Entry long,2025-07-18 01:30,3577.410000,1,25.600000,0.7156,97.020000,18.060000,685.210000
279,Exit long,2025-07-18 01:45,3604.010000,1,26.600000,0.7436,89.180000,18.060000,659.610000
279,Entry long,2025-07-18 01:30,3577.410000,1,26.600000,0.7436,89.180000,18.060000,659.610000
278,Exit long,2025-07-17 06:15,3383.510000,1,10.120000,0.3000,9.610000,66.520000,633.010000
278,Entry long,2025-07-17 01:30,3373.390000,1,10.120000,0.3000,9.610000,66.520000,633.010000
277,Exit long,2025-07-17 01:45,3347.670000,1,-25.720000,-0.7624,0.220000,66.520000,622.890000
277,Entry long,2025-07-17 01:30,3373.390000,1,-25.720000,-0.7624,0.220000,66.520000,622.890000
276,Exit long,2025-07-16 05:45,3150.480000,1,9.420000,0.2999,10.980000,41.460000,648.610000
276,Entry long,2025-07-16 01:30,3141.060000,1,9.420000,0.2999,10.980000,41.460000,648.610000
275,Exit long,2025-07-16 02:15,3122.210000,1,-18.850000,-0.6001,10.980000,29.820000,639.190000
275,Entry long,2025-07-16 01:30,3141.060000,1,-18.850000,-0.6001,10.980000,29.820000,639.190000
274,Exit long,2025-07-15 02:15,2958.570000,1,-17.860000,-0.6000,38.880000,7.040000,658.040000
274,Entry long,2025-07-15 01:30,2976.430000,1,-17.860000,-0.6000,38.880000,7.040000,658.040000
273,Exit long,2025-07-15 01:45,2994.330000,1,17.900000,0.6014,38.880000,5.620000,675.900000
273,Entry long,2025-07-15 01:30,2976.430000,1,17.900000,0.6014,38.880000,5.620000,675.900000
272,Exit long,2025-07-14 09:30,3040.420000,1,75.420000,2.5437,101.000000,7.120000,658.000000
272,Entry long,2025-07-14 01:30,2965.000000,1,75.420000,2.5437,101.000000,7.120000,658.000000
271,Exit long,2025-07-14 01:45,2973.890000,1,8.890000,0.2998,17.500000,7.120000,582.580000
271,Entry long,2025-07-14 01:30,2965.000000,1,8.890000,0.2998,17.500000,7.120000,582.580000
270,Exit long,2025-07-13 09:30,2950.370000,1,6.380000,0.2167,23.900000,13.920000,573.690000
270,Entry long,2025-07-13 01:30,2943.990000,1,6.380000,0.2167,23.900000,13.920000,573.690000
269,Exit long,2025-07-13 02:45,2952.820000,1,8.830000,0.2999,16.020000,13.920000,567.310000
269,Entry long,2025-07-13 01:30,2943.990000,1,8.830000,0.2999,16.020000,13.920000,567.310000
268,Exit long,2025-07-12 07:00,2972.590000,1,8.890000,0.3000,12.520000,23.700000,558.480000
268,Entry long,2025-07-12 01:30,2963.700000,1,8.890000,0.3000,12.520000,23.700000,558.480000
267,Exit long,2025-07-12 04:45,2945.920000,1,-17.780000,-0.5999,12.520000,21.000000,549.590000
267,Entry long,2025-07-12 01:30,2963.700000,1,-17.780000,-0.5999,12.520000,21.000000,549.590000
266,Exit long,2025-07-11 09:30,3015.500000,1,66.960000,2.2710,79.940000,8.240000,567.370000
266,Entry long,2025-07-11 01:30,2948.540000,1,66.960000,2.2710,79.940000,8.240000,567.370000
265,Exit long,2025-07-11 02:00,2957.390000,1,8.850000,0.3001,16.320000,8.240000,500.410000
265,Entry long,2025-07-11 01:30,2948.540000,1,8.850000,0.3001,16.320000,8.240000,500.410000
264,Exit long,2025-07-10 09:30,2782.720000,1,13.450000,0.4857,52.960000,5.160000,491.560000
264,Entry long,2025-07-10 01:30,2769.270000,1,13.450000,0.4857,52.960000,5.160000,491.560000
263,Exit long,2025-07-10 02:00,2777.580000,1,8.310000,0.3001,16.140000,5.160000,478.110000
263,Entry long,2025-07-10 01:30,2769.270000,1,8.310000,0.3001,16.140000,5.160000,478.110000
262,Exit long,2025-07-09 05:30,2613.390000,1,7.820000,0.3001,6.750000,29.700000,469.800000
262,Entry long,2025-07-09 01:30,2605.570000,1,7.820000,0.3001,6.750000,29.700000,469.800000
261,Exit long,2025-07-09 03:45,2589.940000,1,-15.630000,-0.5999,6.440000,29.700000,461.980000
261,Entry long,2025-07-09 01:30,2605.570000,1,-15.630000,-0.5999,6.440000,29.700000,461.980000
260,Exit long,2025-07-08 09:30,2548.670000,1,17.670000,0.6981,32.000000,17.860000,477.610000
260,Entry long,2025-07-08 01:30,2531.000000,1,17.670000,0.6981,32.000000,17.860000,477.610000
259,Exit long,2025-07-08 04:30,2538.590000,1,7.590000,0.2999,14.820000,17.860000,459.940000
259,Entry long,2025-07-08 01:30,2531.000000,1,7.590000,0.2999,14.820000,17.860000,459.940000
258,Exit long,2025-07-07 09:30,2577.180000,1,17.370000,0.6786,30.070000,1.190000,452.350000
258,Entry long,2025-07-07 01:30,2559.810000,1,17.370000,0.6786,30.070000,1.190000,452.350000
257,Exit long,2025-07-07 02:00,2567.490000,1,7.680000,0.3000,9.900000,0.740000,434.980000
257,Entry long,2025-07-07 01:30,2559.810000,1,7.680000,0.3000,9.900000,0.740000,434.980000
256,Exit long,2025-07-06 09:30,2513.720000,1,0.520000,0.0207,13.240000,11.500000,427.300000
256,Entry long,2025-07-06 01:30,2513.200000,1,0.520000,0.0207,13.240000,11.500000,427.300000
255,Exit long,2025-07-06 06:15,2520.740000,1,7.540000,0.3000,13.240000,11.500000,426.780000
255,Entry long,2025-07-06 01:30,2513.200000,1,7.540000,0.3000,13.240000,11.500000,426.780000
254,Exit long,2025-07-05 09:30,2511.000000,1,2.160000,0.0861,20.020000,24.100000,419.240000
254,Entry long,2025-07-05 01:30,2508.840000,1,2.160000,0.0861,20.020000,24.100000,419.240000
253,Exit long,2025-07-05 02:45,2516.370000,1,7.530000,0.3001,11.900000,24.100000,417.080000
253,Entry long,2025-07-05 01:30,2508.840000,1,7.530000,0.3001,11.900000,24.100000,417.080000
252,Exit long,2025-07-04 09:30,2555.520000,1,-39.590000,-1.5256,2.900000,69.340000,409.550000
252,Entry long,2025-07-04 01:30,2595.110000,1,-39.590000,-1.5256,2.900000,69.340000,409.550000
251,Exit long,2025-07-04 02:30,2579.540000,1,-15.570000,-0.6000,2.900000,24.000000,449.140000
251,Entry long,2025-07-04 01:30,2595.110000,1,-15.570000,-0.6000,2.900000,24.000000,449.140000
250,Exit long,2025-07-03 05:30,2587.110000,1,7.740000,0.3001,7.240000,24.120000,464.710000
250,Entry long,2025-07-03 01:30,2579.370000,1,7.740000,0.3001,7.240000,24.120000,464.710000
249,Exit long,2025-07-03 02:15,2563.890000,1,-15.480000,-0.6001,7.240000,16.460000,456.970000
249,Entry long,2025-07-03 01:30,2579.370000,1,-15.480000,-0.6001,7.240000,16.460000,456.970000
248,Exit long,2025-07-02 09:30,2447.790000,1,42.990000,1.7877,50.000000,7.600000,472.450000
248,Entry long,2025-07-02 01:30,2404.800000,1,42.990000,1.7877,50.000000,7.600000,472.450000
247,Exit long,2025-07-02 02:00,2412.010000,1,7.210000,0.2998,11.560000,7.600000,429.460000
247,Entry long,2025-07-02 01:30,2404.800000,1,7.210000,0.2998,11.560000,7.600000,429.460000
246,Exit long,2025-07-01 09:30,2455.310000,1,-36.640000,-1.4703,15.300000,48.070000,422.250000
246,Entry long,2025-07-01 01:30,2491.950000,1,-36.640000,-1.4703,15.300000,48.070000,422.250000
245,Exit long,2025-07-01 04:15,2477.000000,1,-14.950000,-0.5999,15.300000,28.940000,458.890000
245,Entry long,2025-07-01 01:30,2491.950000,1,-14.950000,-0.5999,15.300000,28.940000,458.890000
244,Exit long,2025-06-30 05:00,2493.720000,1,-15.050000,-0.5999,20.060000,14.630000,473.840000
244,Entry long,2025-06-30 01:30,2508.770000,1,-15.050000,-0.5999,20.060000,14.630000,473.840000
243,Exit long,2025-06-30 01:45,2516.300000,1,7.530000,0.3001,20.060000,4.760000,488.890000
243,Entry long,2025-06-30 01:30,2508.770000,1,7.530000,0.3001,20.060000,4.760000,488.890000
242,Exit long,2025-06-29 09:30,2447.480000,1,14.660000,0.6026,16.830000,19.400000,481.360000
242,Entry long,2025-06-29 01:30,2432.820000,1,14.660000,0.6026,16.830000,19.400000,481.360000
241,Exit long,2025-06-29 08:00,2440.120000,1,7.300000,0.3001,13.560000,19.400000,466.700000
241,Entry long,2025-06-29 01:30,2432.820000,1,7.300000,0.3001,13.560000,19.400000,466.700000
240,Exit long,2025-06-28 09:30,2422.790000,1,11.350000,0.4707,21.560000,13.380000,459.400000
240,Entry long,2025-06-28 01:30,2411.440000,1,11.350000,0.4707,21.560000,13.380000,459.400000
239,Exit long,2025-06-28 02:15,2418.670000,1,7.230000,0.2998,12.880000,13.380000,448.050000
239,Entry long,2025-06-28 01:30,2411.440000,1,7.230000,0.2998,12.880000,13.380000,448.050000
238,Exit long,2025-06-27 09:30,2447.160000,1,25.570000,1.0559,41.790000,2.760000,440.820000
238,Entry long,2025-06-27 01:30,2421.590000,1,25.570000,1.0559,41.790000,2.760000,440.820000
237,Exit long,2025-06-27 01:45,2428.850000,1,7.260000,0.2998,14.540000,2.760000,415.250000
237,Entry long,2025-06-27 01:30,2421.590000,1,7.260000,0.2998,14.540000,2.760000,415.250000
236,Exit long,2025-06-26 09:30,2470.810000,1,30.710000,1.2586,79.900000,9.460000,407.990000
236,Entry long,2025-06-26 01:30,2440.100000,1,30.710000,1.2586,79.900000,9.460000,407.990000
235,Exit long,2025-06-26 01:45,2455.560000,1,15.460000,0.6336,68.700000,9.460000,377.280000
235,Entry long,2025-06-26 01:30,2440.100000,1,15.460000,0.6336,68.700000,9.460000,377.280000
234,Exit long,2025-06-25 04:30,2434.000000,1,-14.690000,-0.5999,26.600000,14.690000,361.820000
234,Entry long,2025-06-25 01:30,2448.690000,1,-14.690000,-0.5999,26.600000,14.690000,361.820000
233,Exit long,2025-06-25 01:45,2461.010000,1,12.320000,0.5031,26.600000,9.080000,376.510000
233,Entry long,2025-06-25 01:30,2448.690000,1,12.320000,0.5031,26.600000,9.080000,376.510000
232,Exit long,2025-06-24 05:30,2416.880000,1,7.230000,0.3000,9.500000,21.600000,364.190000
232,Entry long,2025-06-24 01:30,2409.650000,1,7.230000,0.3000,9.500000,21.600000,364.190000
231,Exit long,2025-06-24 02:00,2395.190000,1,-14.460000,-0.6001,9.500000,14.100000,356.960000
231,Entry long,2025-06-24 01:30,2409.650000,1,-14.460000,-0.6001,9.500000,14.100000,356.960000
230,Exit long,2025-06-23 09:30,2244.580000,1,15.990000,0.7175,49.180000,10.180000,371.420000
230,Entry long,2025-06-23 01:30,2228.590000,1,15.990000,0.7175,49.180000,10.180000,371.420000
229,Exit long,2025-06-23 01:45,2235.280000,1,6.690000,0.3002,12.540000,10.180000,355.430000
229,Entry long,2025-06-23 01:30,2228.590000,1,6.690000,0.3002,12.540000,10.180000,355.430000
228,Exit long,2025-06-22 05:15,2292.580000,1,6.860000,0.3001,5.280000,42.530000,348.740000
228,Entry long,2025-06-22 01:30,2285.720000,1,6.860000,0.3001,5.280000,42.530000,348.740000
227,Exit long,2025-06-22 01:45,2272.010000,1,-13.710000,-0.5998,2.240000,40.020000,341.880000
227,Entry long,2025-06-22 01:30,2285.720000,1,-13.710000,-0.5998,2.240000,40.020000,341.880000
226,Exit long,2025-06-21 09:30,2436.040000,1,18.200000,0.7527,27.200000,5.680000,355.590000
226,Entry long,2025-06-21 01:30,2417.840000,1,18.200000,0.7527,27.200000,5.680000,355.590000
225,Exit long,2025-06-21 01:45,2429.490000,1,11.650000,0.4818,27.200000,5.680000,337.390000
225,Entry long,2025-06-21 01:30,2417.840000,1,11.650000,0.4818,27.200000,5.680000,337.390000
224,Exit long,2025-06-20 09:30,2546.560000,1,30.230000,1.2014,52.230000,13.890000,325.740000
224,Entry long,2025-06-20 01:30,2516.330000,1,30.230000,1.2014,52.230000,13.890000,325.740000
223,Exit long,2025-06-20 01:45,2523.880000,1,7.550000,0.3000,18.040000,0.460000,295.510000
223,Entry long,2025-06-20 01:30,2516.330000,1,7.550000,0.3000,18.040000,0.460000,295.510000
222,Exit long,2025-06-19 09:30,2528.900000,1,8.410000,0.3337,11.020000,27.640000,287.960000
222,Entry long,2025-06-19 01:30,2520.490000,1,8.410000,0.3337,11.020000,27.640000,287.960000
221,Exit long,2025-06-19 05:00,2528.050000,1,7.560000,0.2999,11.020000,27.640000,279.550000
221,Entry long,2025-06-19 01:30,2520.490000,1,7.560000,0.2999,11.020000,27.640000,279.550000
220,Exit long,2025-06-18 09:30,2533.950000,1,13.030000,0.5169,26.430000,15.640000,271.990000
220,Entry long,2025-06-18 01:30,2520.920000,1,13.030000,0.5169,26.430000,15.640000,271.990000
219,Exit long,2025-06-18 02:30,2528.480000,1,7.560000,0.2999,14.200000,15.640000,258.960000
219,Entry long,2025-06-18 01:30,2520.920000,1,7.560000,0.2999,14.200000,15.640000,258.960000
218,Exit long,2025-06-17 02:15,2562.610000,1,-15.470000,-0.6001,23.220000,4.590000,251.400000
218,Entry long,2025-06-17 01:30,2578.080000,1,-15.470000,-0.6001,23.220000,4.590000,251.400000
217,Exit long,2025-06-17 01:45,2585.810000,1,7.730000,0.2998,23.220000,2.760000,266.870000
217,Entry long,2025-06-17 01:30,2578.080000,1,7.730000,0.2998,23.220000,2.760000,266.870000
216,Exit long,2025-06-16 09:30,2623.720000,1,102.090000,4.0486,116.070000,16.500000,259.140000
216,Entry long,2025-06-16 01:30,2521.630000,1,102.090000,4.0486,116.070000,16.500000,259.140000
215,Exit long,2025-06-16 01:45,2537.370000,1,15.740000,0.6242,37.720000,16.500000,157.050000
215,Entry long,2025-06-16 01:30,2521.630000,1,15.740000,0.6242,37.720000,16.500000,157.050000
214,Exit long,2025-06-15 09:00,2512.110000,1,-15.160000,-0.5999,24.960000,10.030000,141.310000
214,Entry long,2025-06-15 01:30,2527.270000,1,-15.160000,-0.5999,24.960000,10.030000,141.310000
213,Exit long,2025-06-15 02:00,2534.850000,1,7.580000,0.2999,10.340000,6.980000,156.470000
213,Entry long,2025-06-15 01:30,2527.270000,1,7.580000,0.2999,10.340000,6.980000,156.470000
212,Exit long,2025-06-14 06:15,2542.930000,1,-15.350000,-0.6000,14.140000,12.450000,148.890000
212,Entry long,2025-06-14 01:30,2558.280000,1,-15.350000,-0.6000,14.140000,12.450000,148.890000
211,Exit long,2025-06-14 02:15,2565.950000,1,7.670000,0.2998,14.140000,8.840000,164.240000
211,Entry long,2025-06-14 01:30,2558.280000,1,7.670000,0.2998,14.140000,8.840000,164.240000
210,Exit long,2025-06-13 02:00,2477.040000,1,-14.950000,-0.5999,16.080000,36.280000,156.570000
210,Entry long,2025-06-13 01:30,2491.990000,1,-14.950000,-0.5999,16.080000,36.280000,156.570000
209,Exit long,2025-06-13 01:45,2499.470000,1,7.480000,0.3002,16.080000,36.280000,171.520000
209,Entry long,2025-06-13 01:30,2491.990000,1,7.480000,0.3002,16.080000,36.280000,171.520000
208,Exit long,2025-06-12 03:15,2747.980000,1,-16.590000,-0.6001,18.910000,27.540000,164.040000
208,Entry long,2025-06-12 01:30,2764.570000,1,-16.590000,-0.6001,18.910000,27.540000,164.040000
207,Exit long,2025-06-12 01:45,2772.860000,1,8.290000,0.2999,6.060000,27.540000,180.630000
207,Entry long,2025-06-12 01:30,2764.570000,1,8.290000,0.2999,6.060000,27.540000,180.630000
206,Exit long,2025-06-11 08:30,2771.090000,1,-16.730000,-0.6001,15.790000,21.780000,172.340000
206,Entry long,2025-06-11 01:30,2787.820000,1,-16.730000,-0.6001,15.790000,21.780000,172.340000
205,Exit long,2025-06-11 02:00,2796.180000,1,8.360000,0.2999,1.600000,21.780000,189.070000
205,Entry long,2025-06-11 01:30,2787.820000,1,8.360000,0.2999,1.600000,21.780000,189.070000
204,Exit long,2025-06-10 09:30,2681.900000,1,-28.810000,-1.0628,7.460000,55.710000,180.710000
204,Entry long,2025-06-10 01:30,2710.710000,1,-28.810000,-1.0628,7.460000,55.710000,180.710000
203,Exit long,2025-06-10 02:00,2694.450000,1,-16.260000,-0.5998,7.460000,17.020000,209.520000
203,Entry long,2025-06-10 01:30,2710.710000,1,-16.260000,-0.5998,7.460000,17.020000,209.520000
202,Exit long,2025-06-09 09:30,2497.360000,1,-5.460000,-0.2182,1.740000,26.990000,225.780000
202,Entry long,2025-06-09 01:30,2502.820000,1,-5.460000,-0.2182,1.740000,26.990000,225.780000
201,Exit long,2025-06-09 02:30,2487.800000,1,-15.020000,-0.6001,1.740000,25.640000,231.240000
201,Entry long,2025-06-09 01:30,2502.820000,1,-15.020000,-0.6001,1.740000,25.640000,231.240000
200,Exit long,2025-06-08 09:15,2496.980000,1,-15.070000,-0.5999,16.180000,4.800000,246.260000
200,Entry long,2025-06-08 01:30,2512.050000,1,-15.070000,-0.5999,16.180000,4.800000,246.260000
199,Exit long,2025-06-08 01:45,2519.590000,1,7.540000,0.3002,16.180000,2.660000,261.330000
199,Entry long,2025-06-08 01:30,2512.050000,1,7.540000,0.3002,16.180000,2.660000,261.330000
198,Exit long,2025-06-07 09:30,2487.830000,1,17.750000,0.7186,31.070000,9.980000,253.790000
198,Entry long,2025-06-07 01:30,2470.080000,1,17.750000,0.7186,31.070000,9.980000,253.790000
197,Exit long,2025-06-07 02:45,2477.490000,1,7.410000,0.3000,9.360000,9.980000,236.040000
197,Entry long,2025-06-07 01:30,2470.080000,1,7.410000,0.3000,9.360000,9.980000,236.040000
196,Exit long,2025-06-06 02:45,2428.960000,1,7.270000,0.3002,12.400000,19.650000,228.630000
196,Entry long,2025-06-06 01:30,2421.690000,1,7.270000,0.3002,12.400000,19.650000,228.630000
195,Exit long,2025-06-06 02:15,2407.160000,1,-14.530000,-0.6000,12.400000,12.440000,221.360000
195,Entry long,2025-06-06 01:30,2421.690000,1,-14.530000,-0.6000,12.400000,12.440000,221.360000
194,Exit long,2025-06-05 09:30,2604.380000,1,-3.770000,-0.1445,25.610000,12.150000,235.890000
194,Entry long,2025-06-05 01:30,2608.150000,1,-3.770000,-0.1445,25.610000,12.150000,235.890000
193,Exit long,2025-06-05 02:00,2615.970000,1,7.820000,0.2998,1.100000,10.080000,239.660000
193,Entry long,2025-06-05 01:30,2608.150000,1,7.820000,0.2998,1.100000,10.080000,239.660000
192,Exit long,2025-06-04 09:30,2634.870000,1,20.360000,0.7787,30.490000,23.040000,231.840000
192,Entry long,2025-06-04 01:30,2614.510000,1,20.360000,0.7787,30.490000,23.040000,231.840000
191,Exit long,2025-06-04 03:00,2622.350000,1,7.840000,0.2999,10.960000,23.040000,211.480000
191,Entry long,2025-06-04 01:30,2614.510000,1,7.840000,0.2999,10.960000,23.040000,211.480000
190,Exit long,2025-06-03 03:00,2608.730000,1,-15.750000,-0.6001,35.000000,11.480000,203.640000
190,Entry long,2025-06-03 01:30,2624.480000,1,-15.750000,-0.6001,35.000000,11.480000,203.640000
189,Exit long,2025-06-03 01:45,2636.840000,1,12.360000,0.4710,35.000000,0.800000,219.390000
189,Entry long,2025-06-03 01:30,2624.480000,1,12.360000,0.4710,35.000000,0.800000,219.390000
188,Exit long,2025-06-02 09:30,2482.560000,1,-47.140000,-1.8635,3.080000,53.400000,207.030000
188,Entry long,2025-06-02 01:30,2529.700000,1,-47.140000,-1.8635,3.080000,53.400000,207.030000
187,Exit long,2025-06-02 02:00,2514.520000,1,-15.180000,-0.6001,3.080000,12.080000,254.170000
187,Entry long,2025-06-02 01:30,2529.700000,1,-15.180000,-0.6001,3.080000,12.080000,254.170000
186,Exit long,2025-06-01 09:30,2493.270000,1,-29.100000,-1.1537,5.260000,33.850000,269.350000
186,Entry long,2025-06-01 01:30,2522.370000,1,-29.100000,-1.1537,5.260000,33.850000,269.350000
185,Exit long,2025-06-01 01:45,2507.240000,1,-15.130000,-0.5998,5.260000,13.740000,298.450000
185,Entry long,2025-06-01 01:30,2522.370000,1,-15.130000,-0.5998,5.260000,13.740000,298.450000
184,Exit long,2025-05-31 02:15,2515.370000,1,7.520000,0.2999,10.700000,67.700000,313.580000
184,Entry long,2025-05-31 01:30,2507.850000,1,7.520000,0.2999,10.700000,67.700000,313.580000
183,Exit long,2025-05-31 01:45,2492.800000,1,-15.050000,-0.6001,10.700000,67.700000,306.060000
183,Entry long,2025-05-31 01:30,2507.850000,1,-15.050000,-0.6001,10.700000,67.700000,306.060000
182,Exit long,2025-05-30 09:30,2613.580000,1,9.000000,0.3455,43.840000,21.160000,321.110000
182,Entry long,2025-05-30 01:30,2604.580000,1,9.000000,0.3455,43.840000,21.160000,321.110000
181,Exit long,2025-05-30 02:00,2612.390000,1,7.810000,0.2999,6.220000,21.160000,312.110000
181,Entry long,2025-05-30 01:30,2604.580000,1,7.810000,0.2999,6.220000,21.160000,312.110000
180,Exit long,2025-05-29 09:30,2718.990000,1,11.590000,0.4281,81.480000,20.800000,304.300000
180,Entry long,2025-05-29 01:30,2707.400000,1,11.590000,0.4281,81.480000,20.800000,304.300000
179,Exit long,2025-05-29 01:45,2715.520000,1,8.120000,0.2999,11.200000,20.800000,292.710000
179,Entry long,2025-05-29 01:30,2707.400000,1,8.120000,0.2999,11.200000,20.800000,292.710000
178,Exit long,2025-05-28 03:45,2647.440000,1,7.920000,0.3001,11.400000,27.700000,284.590000
178,Entry long,2025-05-28 01:30,2639.520000,1,7.920000,0.3001,11.400000,27.700000,284.590000
177,Exit long,2025-05-28 02:15,2623.680000,1,-15.840000,-0.6001,11.400000,27.700000,276.670000
177,Entry long,2025-05-28 01:30,2639.520000,1,-15.840000,-0.6001,11.400000,27.700000,276.670000
176,Exit long,2025-05-27 09:30,2622.970000,1,96.940000,3.8376,117.410000,11.040000,292.510000
176,Entry long,2025-05-27 01:30,2526.030000,1,96.940000,3.8376,117.410000,11.040000,292.510000
175,Exit long,2025-05-27 02:00,2533.610000,1,7.580000,0.3001,9.440000,11.040000,195.570000
175,Entry long,2025-05-27 01:30,2526.030000,1,7.580000,0.3001,9.440000,11.040000,195.570000
174,Exit long,2025-05-26 09:30,2570.000000,1,12.310000,0.4813,40.910000,11.690000,187.990000
174,Entry long,2025-05-26 01:30,2557.690000,1,12.310000,0.4813,40.910000,11.690000,187.990000
173,Exit long,2025-05-26 01:45,2565.360000,1,7.670000,0.2999,16.000000,7.880000,175.680000
173,Entry long,2025-05-26 01:30,2557.690000,1,7.670000,0.2999,16.000000,7.880000,175.680000
172,Exit long,2025-05-25 08:15,2481.020000,1,-14.980000,-0.6002,23.680000,23.600000,168.010000
172,Entry long,2025-05-25 01:30,2496.000000,1,-14.980000,-0.6002,23.680000,23.600000,168.010000
171,Exit long,2025-05-25 02:30,2503.490000,1,7.490000,0.3001,13.740000,23.600000,182.990000
171,Entry long,2025-05-25 01:30,2496.000000,1,7.490000,0.3001,13.740000,23.600000,182.990000
170,Exit long,2025-05-24 09:30,2557.130000,1,29.670000,1.1739,34.870000,20.140000,175.500000
170,Entry long,2025-05-24 01:30,2527.460000,1,29.670000,1.1739,34.870000,20.140000,175.500000
169,Exit long,2025-05-24 02:15,2535.040000,1,7.580000,0.2999,14.280000,20.140000,145.830000
169,Entry long,2025-05-24 01:30,2527.460000,1,7.580000,0.2999,14.280000,20.140000,145.830000
168,Exit long,2025-05-23 06:45,2652.780000,1,-16.010000,-0.5999,65.510000,14.410000,138.250000
168,Entry long,2025-05-23 01:30,2668.790000,1,-16.010000,-0.5999,65.510000,14.410000,138.250000
167,Exit long,2025-05-23 01:45,2677.450000,1,8.660000,0.3245,50.280000,0.340000,154.260000
167,Entry long,2025-05-23 01:30,2668.790000,1,8.660000,0.3245,50.280000,0.340000,154.260000
166,Exit long,2025-05-22 02:30,2599.340000,1,7.770000,0.2998,14.160000,40.080000,145.600000
166,Entry long,2025-05-22 01:30,2591.570000,1,7.770000,0.2998,14.160000,40.080000,145.600000
165,Exit long,2025-05-22 01:45,2574.600000,1,-16.970000,-0.6548,14.160000,40.080000,137.830000
165,Entry long,2025-05-22 01:30,2591.570000,1,-16.970000,-0.6548,14.160000,40.080000,137.830000
164,Exit long,2025-05-21 02:00,2518.960000,1,-15.210000,-0.6002,26.540000,4.620000,154.800000
164,Entry long,2025-05-21 01:30,2534.170000,1,-15.210000,-0.6002,26.540000,4.620000,154.800000
163,Exit long,2025-05-21 01:45,2541.770000,1,7.600000,0.2999,26.540000,4.620000,170.010000
163,Entry long,2025-05-21 01:30,2534.170000,1,7.600000,0.2999,26.540000,4.620000,170.010000
162,Exit long,2025-05-20 09:30,2527.910000,1,-1.290000,-0.0510,58.800000,8.540000,162.410000
162,Entry long,2025-05-20 01:30,2529.200000,1,-1.290000,-0.0510,58.800000,8.540000,162.410000
161,Exit long,2025-05-20 01:45,2536.790000,1,7.590000,0.3001,33.600000,2.380000,163.700000
161,Entry long,2025-05-20 01:30,2529.200000,1,7.590000,0.3001,33.600000,2.380000,163.700000
160,Exit long,2025-05-19 09:30,2406.720000,1,-25.710000,-1.0570,17.440000,85.440000,156.110000
160,Entry long,2025-05-19 01:30,2432.430000,1,-25.710000,-1.0570,17.440000,85.440000,156.110000
159,Exit long,2025-05-19 02:00,2417.840000,1,-14.590000,-0.5998,17.440000,23.360000,181.820000
159,Entry long,2025-05-19 01:30,2432.430000,1,-14.590000,-0.5998,17.440000,23.360000,181.820000
158,Exit long,2025-05-18 09:30,2516.020000,1,40.830000,1.6496,52.660000,8.450000,196.410000
158,Entry long,2025-05-18 01:30,2475.190000,1,40.830000,1.6496,52.660000,8.450000,196.410000
157,Exit long,2025-05-18 01:45,2482.620000,1,7.430000,0.3002,9.920000,6.820000,155.580000
157,Entry long,2025-05-18 01:30,2475.190000,1,7.430000,0.3002,9.920000,6.820000,155.580000
156,Exit long,2025-05-17 04:15,2502.500000,1,7.490000,0.3002,7.280000,44.390000,148.150000
156,Entry long,2025-05-17 01:30,2495.010000,1,7.490000,0.3002,7.280000,44.390000,148.150000
155,Exit long,2025-05-17 01:45,2480.040000,1,-14.970000,-0.6000,0.000000,32.600000,140.660000
155,Entry long,2025-05-17 01:30,2495.010000,1,-14.970000,-0.6000,0.000000,32.600000,140.660000
154,Exit long,2025-05-16 09:30,2608.550000,1,54.790000,2.1455,65.630000,2.660000,155.630000
154,Entry long,2025-05-16 01:30,2553.760000,1,54.790000,2.1455,65.630000,2.660000,155.630000
153,Exit long,2025-05-16 01:45,2565.090000,1,11.330000,0.4437,29.980000,2.660000,100.840000
153,Entry long,2025-05-16 01:30,2553.760000,1,11.330000,0.4437,29.980000,2.660000,100.840000
152,Exit long,2025-05-15 09:30,2549.550000,1,-65.440000,-2.5025,6.020000,101.190000,89.510000
152,Entry long,2025-05-15 01:30,2614.990000,1,-65.440000,-2.5025,6.020000,101.190000,89.510000
151,Exit long,2025-05-15 01:45,2592.240000,1,-22.750000,-0.8700,6.020000,54.580000,154.950000
151,Entry long,2025-05-15 01:30,2614.990000,1,-22.750000,-0.8700,6.020000,54.580000,154.950000
150,Exit long,2025-05-14 01:45,2683.780000,1,-16.200000,-0.6000,49.960000,4.300000,177.700000
150,Entry long,2025-05-14 01:30,2699.980000,1,-16.200000,-0.6000,49.960000,4.300000,177.700000
149,Exit long,2025-05-14 01:45,2716.520000,1,16.540000,0.6126,49.960000,4.300000,193.900000
149,Entry long,2025-05-14 01:30,2699.980000,1,16.540000,0.6126,49.960000,4.300000,193.900000
148,Exit long,2025-05-13 07:15,2467.880000,1,7.380000,0.2999,9.000000,46.140000,177.360000
148,Entry long,2025-05-13 01:30,2460.500000,1,7.380000,0.2999,9.000000,46.140000,177.360000
147,Exit long,2025-05-13 01:45,2445.740000,1,-14.760000,-0.5999,9.000000,43.540000,169.980000
147,Entry long,2025-05-13 01:30,2460.500000,1,-14.760000,-0.5999,9.000000,43.540000,169.980000
146,Exit long,2025-05-12 02:30,2524.620000,1,7.550000,0.3000,6.620000,54.140000,184.740000
146,Entry long,2025-05-12 01:30,2517.070000,1,7.550000,0.3000,6.620000,54.140000,184.740000
145,Exit long,2025-05-12 02:00,2501.970000,1,-15.100000,-0.5999,1.060000,54.140000,177.190000
145,Entry long,2025-05-12 01:30,2517.070000,1,-15.100000,-0.5999,1.060000,54.140000,177.190000
144,Exit long,2025-05-11 02:15,2555.600000,1,7.640000,0.2998,11.060000,37.510000,192.290000
144,Entry long,2025-05-11 01:30,2547.960000,1,7.640000,0.2998,11.060000,37.510000,192.290000
143,Exit long,2025-05-11 01:45,2532.670000,1,-15.290000,-0.6001,11.060000,29.880000,184.650000
143,Entry long,2025-05-11 01:30,2547.960000,1,-15.290000,-0.6001,11.060000,29.880000,184.650000
142,Exit long,2025-05-10 05:45,2354.360000,1,7.040000,0.2999,12.800000,22.010000,199.940000
142,Entry long,2025-05-10 01:30,2347.320000,1,7.040000,0.2999,12.800000,22.010000,199.940000
141,Exit long,2025-05-10 01:45,2333.240000,1,-14.080000,-0.5998,12.800000,9.960000,192.900000
141,Entry long,2025-05-10 01:30,2347.320000,1,-14.080000,-0.5998,12.800000,9.960000,192.900000
140,Exit long,2025-05-09 02:45,2211.610000,1,6.610000,0.2998,6.000000,31.280000,206.980000
140,Entry long,2025-05-09 01:30,2205.000000,1,6.610000,0.2998,6.000000,31.280000,206.980000
139,Exit long,2025-05-09 01:45,2191.770000,1,-13.230000,-0.6000,6.000000,31.280000,200.370000
139,Entry long,2025-05-09 01:30,2205.000000,1,-13.230000,-0.6000,6.000000,31.280000,200.370000
138,Exit long,2025-05-08 09:30,1940.260000,1,112.580000,6.1597,120.830000,17.360000,213.600000
138,Entry long,2025-05-08 01:30,1827.680000,1,112.580000,6.1597,120.830000,17.360000,213.600000
137,Exit long,2025-05-08 02:15,1833.160000,1,5.480000,0.2998,4.980000,17.360000,101.020000
137,Entry long,2025-05-08 01:30,1827.680000,1,5.480000,0.2998,4.980000,17.360000,101.020000
136,Exit long,2025-05-07 09:30,1839.290000,1,-6.680000,-0.3619,1.060000,29.750000,95.540000
136,Entry long,2025-05-07 01:30,1845.970000,1,-6.680000,-0.3619,1.060000,29.750000,95.540000
135,Exit long,2025-05-07 01:45,1834.890000,1,-11.080000,-0.6002,1.060000,15.800000,102.220000
135,Entry long,2025-05-07 01:30,1845.970000,1,-11.080000,-0.6002,1.060000,15.800000,102.220000
134,Exit long,2025-05-06 09:30,1796.720000,1,-19.610000,-1.0796,1.180000,29.290000,113.300000
134,Entry long,2025-05-06 01:30,1816.330000,1,-19.610000,-1.0796,1.180000,29.290000,113.300000
133,Exit long,2025-05-06 01:45,1805.070000,1,-11.260000,-0.6199,1.180000,25.600000,132.910000
133,Entry long,2025-05-06 01:30,1816.330000,1,-11.260000,-0.6199,1.180000,25.600000,132.910000
132,Exit long,2025-05-05 05:45,1808.290000,1,5.410000,0.3001,3.770000,45.720000,144.170000
132,Entry long,2025-05-05 01:30,1802.880000,1,5.410000,0.3001,3.770000,45.720000,144.170000
131,Exit long,2025-05-05 01:45,1790.940000,1,-11.940000,-0.6623,1.800000,45.720000,138.760000
131,Entry long,2025-05-05 01:30,1802.880000,1,-11.940000,-0.6623,1.800000,45.720000,138.760000
130,Exit long,2025-05-04 03:00,1827.780000,1,-11.030000,-0.5998,10.030000,21.060000,150.700000
130,Entry long,2025-05-04 01:30,1838.810000,1,-11.030000,-0.5998,10.030000,21.060000,150.700000
129,Exit long,2025-05-04 02:00,1844.330000,1,5.520000,0.3002,1.540000,21.060000,161.730000
129,Entry long,2025-05-04 01:30,1838.810000,1,5.520000,0.3002,1.540000,21.060000,161.730000
128,Exit long,2025-05-03 08:00,1821.760000,1,-11.000000,-0.6002,10.480000,14.480000,156.210000
128,Entry long,2025-05-03 01:30,1832.760000,1,-11.000000,-0.6002,10.480000,14.480000,156.210000
127,Exit long,2025-05-03 04:45,1838.260000,1,5.500000,0.3001,10.480000,14.480000,167.210000
127,Entry long,2025-05-03 01:30,1832.760000,1,5.500000,0.3001,10.480000,14.480000,167.210000
126,Exit long,2025-05-02 05:30,1833.130000,1,-11.070000,-0.6003,10.600000,12.400000,161.710000
126,Entry long,2025-05-02 01:30,1844.200000,1,-11.070000,-0.6003,10.600000,12.400000,161.710000
125,Exit long,2025-05-02 03:45,1849.730000,1,5.530000,0.2999,10.600000,12.400000,172.780000
125,Entry long,2025-05-02 01:30,1844.200000,1,5.530000,0.2999,10.600000,12.400000,172.780000
124,Exit long,2025-05-01 09:30,1818.110000,1,17.010000,0.9444,18.900000,3.700000,167.250000
124,Entry long,2025-05-01 01:30,1801.100000,1,17.010000,0.9444,18.900000,3.700000,167.250000
123,Exit long,2025-05-01 01:45,1806.500000,1,5.400000,0.2998,8.200000,3.700000,150.240000
123,Entry long,2025-05-01 01:30,1801.100000,1,5.400000,0.2998,8.200000,3.700000,150.240000
122,Exit long,2025-04-30 03:45,1807.520000,1,5.410000,0.3002,3.350000,14.390000,144.840000
122,Entry long,2025-04-30 01:30,1802.110000,1,5.410000,0.3002,3.350000,14.390000,144.840000
121,Exit long,2025-04-30 01:45,1791.300000,1,-10.810000,-0.5999,0.000000,14.320000,139.430000
121,Entry long,2025-04-30 01:30,1802.110000,1,-10.810000,-0.5999,0.000000,14.320000,139.430000
120,Exit long,2025-04-29 02:45,1788.650000,1,-10.800000,-0.6002,22.940000,9.200000,150.240000
120,Entry long,2025-04-29 01:30,1799.450000,1,-10.800000,-0.6002,22.940000,9.200000,150.240000
119,Exit long,2025-04-29 01:45,1804.850000,1,5.400000,0.3001,22.940000,5.460000,161.040000
119,Entry long,2025-04-29 01:30,1799.450000,1,5.400000,0.3001,22.940000,5.460000,161.040000
118,Exit long,2025-04-28 03:15,1775.120000,1,5.310000,0.3000,3.740000,37.640000,155.640000
118,Entry long,2025-04-28 01:30,1769.810000,1,5.310000,0.3000,3.740000,37.640000,155.640000
117,Exit long,2025-04-28 01:45,1757.150000,1,-12.660000,-0.7153,3.100000,37.640000,150.330000
117,Entry long,2025-04-28 01:30,1769.810000,1,-12.660000,-0.7153,3.100000,37.640000,150.330000
116,Exit long,2025-04-27 09:30,1805.180000,1,-23.020000,-1.2592,3.320000,46.060000,162.990000
116,Entry long,2025-04-27 01:30,1828.200000,1,-23.020000,-1.2592,3.320000,46.060000,162.990000
115,Exit long,2025-04-27 01:45,1814.790000,1,-13.410000,-0.7335,3.320000,46.060000,186.010000
115,Entry long,2025-04-27 01:30,1828.200000,1,-13.410000,-0.7335,3.320000,46.060000,186.010000
114,Exit long,2025-04-26 04:30,1791.190000,1,-10.810000,-0.5999,26.100000,10.260000,199.420000
114,Entry long,2025-04-26 01:30,1802.000000,1,-10.810000,-0.5999,26.100000,10.260000,199.420000
113,Exit long,2025-04-26 01:45,1808.500000,1,6.500000,0.3607,26.100000,0.020000,210.230000
113,Entry long,2025-04-26 01:30,1802.000000,1,6.500000,0.3607,26.100000,0.020000,210.230000
112,Exit long,2025-04-25 06:00,1773.010000,1,5.300000,0.2998,10.180000,30.310000,203.730000
112,Entry long,2025-04-25 01:30,1767.710000,1,5.300000,0.2998,10.180000,30.310000,203.730000
111,Exit long,2025-04-25 02:15,1757.100000,1,-10.610000,-0.6002,10.180000,18.580000,198.430000
111,Entry long,2025-04-25 01:30,1767.710000,1,-10.610000,-0.6002,10.180000,18.580000,198.430000
110,Exit long,2025-04-24 02:45,1774.600000,1,-10.710000,-0.5999,18.540000,1.950000,209.040000
110,Entry long,2025-04-24 01:30,1785.310000,1,-10.710000,-0.5999,18.540000,1.950000,209.040000
109,Exit long,2025-04-24 01:45,1792.700000,1,7.390000,0.4139,18.540000,0.020000,219.750000
109,Entry long,2025-04-24 01:30,1785.310000,1,7.390000,0.4139,18.540000,0.020000,219.750000
108,Exit long,2025-04-23 02:15,1786.950000,1,5.340000,0.2997,1.800000,28.980000,212.360000
108,Entry long,2025-04-23 01:30,1781.610000,1,5.340000,0.2997,1.800000,28.980000,212.360000
107,Exit long,2025-04-23 01:45,1770.920000,1,-10.690000,-0.6000,1.800000,28.980000,207.020000
107,Entry long,2025-04-23 01:30,1781.610000,1,-10.690000,-0.6000,1.800000,28.980000,207.020000
106,Exit long,2025-04-22 02:15,1567.700000,1,-9.460000,-0.5998,18.020000,0.900000,217.710000
106,Entry long,2025-04-22 01:30,1577.160000,1,-9.460000,-0.5998,18.020000,0.900000,217.710000
105,Exit long,2025-04-22 01:45,1584.430000,1,7.270000,0.4610,18.020000,0.900000,227.170000
105,Entry long,2025-04-22 01:30,1577.160000,1,7.270000,0.4610,18.020000,0.900000,227.170000
104,Exit long,2025-04-21 09:30,1642.870000,1,28.980000,1.7957,44.110000,2.380000,219.900000
104,Entry long,2025-04-21 01:30,1613.890000,1,28.980000,1.7957,44.110000,2.380000,219.900000
103,Exit long,2025-04-21 01:45,1618.730000,1,4.840000,0.2999,11.900000,2.380000,190.920000
103,Entry long,2025-04-21 01:30,1613.890000,1,4.840000,0.2999,11.900000,2.380000,190.920000
102,Exit long,2025-04-20 09:30,1590.500000,1,-24.630000,-1.5250,6.660000,35.130000,186.080000
102,Entry long,2025-04-20 01:30,1615.130000,1,-24.630000,-1.5250,6.660000,35.130000,186.080000
101,Exit long,2025-04-20 06:30,1605.440000,1,-9.690000,-0.6000,6.660000,17.640000,210.710000
101,Entry long,2025-04-20 01:30,1615.130000,1,-9.690000,-0.6000,6.660000,17.640000,210.710000
100,Exit long,2025-04-19 09:30,1602.380000,1,13.340000,0.8395,23.960000,6.220000,220.400000
100,Entry long,2025-04-19 01:30,1589.040000,1,13.340000,0.8395,23.960000,6.220000,220.400000
99,Exit long,2025-04-19 02:00,1593.810000,1,4.770000,0.3002,2.740000,6.220000,207.060000
99,Entry long,2025-04-19 01:30,1589.040000,1,4.770000,0.3002,2.740000,6.220000,207.060000
98,Exit long,2025-04-18 08:30,1592.010000,1,4.760000,0.2999,1.230000,18.500000,202.290000
98,Entry long,2025-04-18 01:30,1587.250000,1,4.760000,0.2999,1.230000,18.500000,202.290000
97,Exit long,2025-04-18 05:00,1577.730000,1,-9.520000,-0.5998,0.060000,18.500000,197.530000
97,Entry long,2025-04-18 01:30,1587.250000,1,-9.520000,-0.5998,0.060000,18.500000,197.530000
96,Exit long,2025-04-17 03:15,1579.150000,1,-9.530000,-0.5999,10.480000,15.200000,207.050000
96,Entry long,2025-04-17 01:30,1588.680000,1,-9.530000,-0.5999,10.480000,15.200000,207.050000
95,Exit long,2025-04-17 03:00,1593.450000,1,4.770000,0.3002,10.480000,15.200000,216.580000
95,Entry long,2025-04-17 01:30,1588.680000,1,4.770000,0.3002,10.480000,15.200000,216.580000
94,Exit long,2025-04-16 04:15,1585.170000,1,-9.570000,-0.6001,9.070000,10.680000,211.810000
94,Entry long,2025-04-16 01:30,1594.740000,1,-9.570000,-0.6001,9.070000,10.680000,211.810000
93,Exit long,2025-04-16 01:45,1599.520000,1,4.780000,0.2997,0.240000,10.680000,221.380000
93,Entry long,2025-04-16 01:30,1594.740000,1,4.780000,0.2997,0.240000,10.680000,221.380000
92,Exit long,2025-04-15 02:30,1620.500000,1,-9.780000,-0.5999,9.040000,8.700000,216.600000
92,Entry long,2025-04-15 01:30,1630.280000,1,-9.780000,-0.5999,9.040000,8.700000,216.600000
91,Exit long,2025-04-15 01:45,1635.170000,1,4.890000,0.2999,9.040000,4.560000,226.380000
91,Entry long,2025-04-15 01:30,1630.280000,1,4.890000,0.2999,9.040000,4.560000,226.380000
90,Exit long,2025-04-14 09:30,1633.110000,1,14.390000,0.8890,41.090000,15.860000,221.490000
90,Entry long,2025-04-14 01:30,1618.720000,1,14.390000,0.8890,41.090000,15.860000,221.490000
89,Exit long,2025-04-14 02:15,1623.580000,1,4.860000,0.3002,9.680000,15.860000,207.100000
89,Entry long,2025-04-14 01:30,1618.720000,1,4.860000,0.3002,9.680000,15.860000,207.100000
88,Exit long,2025-04-13 09:30,1624.010000,1,-20.660000,-1.2562,9.060000,48.460000,202.240000
88,Entry long,2025-04-13 01:30,1644.670000,1,-20.660000,-1.2562,9.060000,48.460000,202.240000
87,Exit long,2025-04-13 01:45,1634.800000,1,-9.870000,-0.6001,9.060000,20.600000,222.900000
87,Entry long,2025-04-13 01:30,1644.670000,1,-9.870000,-0.6001,9.060000,20.600000,222.900000
86,Exit long,2025-04-12 04:30,1561.770000,1,4.670000,0.2999,7.320000,12.200000,232.770000
86,Entry long,2025-04-12 01:30,1557.100000,1,4.670000,0.2999,7.320000,12.200000,232.770000
85,Exit long,2025-04-12 02:00,1547.760000,1,-9.340000,-0.5998,7.320000,12.200000,228.100000
85,Entry long,2025-04-12 01:30,1557.100000,1,-9.340000,-0.5998,7.320000,12.200000,228.100000
84,Exit long,2025-04-11 09:30,1559.170000,1,32.190000,2.1081,45.340000,0.300000,237.440000
84,Entry long,2025-04-11 01:30,1526.980000,1,32.190000,2.1081,45.340000,0.300000,237.440000
83,Exit long,2025-04-11 01:45,1532.810000,1,5.830000,0.3818,41.520000,0.300000,205.250000
83,Entry long,2025-04-11 01:30,1526.980000,1,5.830000,0.3818,41.520000,0.300000,205.250000
82,Exit long,2025-04-10 03:00,1626.730000,1,-9.820000,-0.6000,9.050000,16.880000,199.420000
82,Entry long,2025-04-10 01:30,1636.550000,1,-9.820000,-0.6000,9.050000,16.880000,199.420000
81,Exit long,2025-04-10 02:00,1641.460000,1,4.910000,0.3000,6.660000,16.880000,209.240000
81,Entry long,2025-04-10 01:30,1636.550000,1,4.910000,0.3000,6.660000,16.880000,209.240000
80,Exit long,2025-04-09 09:30,1474.060000,1,77.260000,5.5312,94.880000,1.460000,204.330000
80,Entry long,2025-04-09 01:30,1396.800000,1,77.260000,5.5312,94.880000,1.460000,204.330000
79,Exit long,2025-04-09 01:45,1419.920000,1,23.120000,1.6552,70.400000,1.460000,127.070000
79,Entry long,2025-04-09 01:30,1396.800000,1,23.120000,1.6552,70.400000,1.460000,127.070000
78,Exit long,2025-04-08 08:15,1556.940000,1,-9.400000,-0.6001,51.660000,9.280000,103.950000
78,Entry long,2025-04-08 01:30,1566.340000,1,-9.400000,-0.6001,51.660000,9.280000,103.950000
77,Exit long,2025-04-08 01:45,1583.000000,1,16.660000,1.0636,40.680000,6.440000,113.350000
77,Entry long,2025-04-08 01:30,1566.340000,1,16.660000,1.0636,40.680000,6.440000,113.350000
76,Exit long,2025-04-07 09:30,1493.310000,1,-114.920000,-7.1457,7.320000,198.230000,96.690000
76,Entry long,2025-04-07 01:30,1608.230000,1,-114.920000,-7.1457,7.320000,198.230000,96.690000
75,Exit long,2025-04-07 01:45,1592.020000,1,-16.210000,-1.0079,7.320000,38.300000,211.610000
75,Entry long,2025-04-07 01:30,1608.230000,1,-16.210000,-1.0079,7.320000,38.300000,211.610000
74,Exit long,2025-04-06 09:30,1793.860000,1,-18.820000,-1.0382,7.400000,30.670000,227.820000
74,Entry long,2025-04-06 01:30,1812.680000,1,-18.820000,-1.0382,7.400000,30.670000,227.820000
73,Exit long,2025-04-06 03:00,1801.800000,1,-10.880000,-0.6002,7.400000,18.700000,246.640000
73,Entry long,2025-04-06 01:30,1812.680000,1,-10.880000,-0.6002,7.400000,18.700000,246.640000
72,Exit long,2025-04-05 09:30,1817.570000,1,-6.990000,-0.3831,1.880000,21.520000,257.520000
72,Entry long,2025-04-05 01:30,1824.560000,1,-6.990000,-0.3831,1.880000,21.520000,257.520000
71,Exit long,2025-04-05 02:15,1813.610000,1,-10.950000,-0.6001,1.880000,19.940000,264.510000
71,Entry long,2025-04-05 01:30,1824.560000,1,-10.950000,-0.6001,1.880000,19.940000,264.510000
70,Exit long,2025-04-04 07:45,1817.690000,1,5.440000,0.3002,4.430000,42.250000,275.460000
70,Entry long,2025-04-04 01:30,1812.250000,1,5.440000,0.3002,4.430000,42.250000,275.460000
69,Exit long,2025-04-04 01:45,1801.380000,1,-10.870000,-0.5998,0.240000,8.040000,270.020000
69,Entry long,2025-04-04 01:30,1812.250000,1,-10.870000,-0.5998,0.240000,8.040000,270.020000
68,Exit long,2025-04-03 06:45,1813.910000,1,-10.950000,-0.6000,20.110000,8.980000,280.890000
68,Entry long,2025-04-03 01:30,1824.860000,1,-10.950000,-0.6000,20.110000,8.980000,280.890000
67,Exit long,2025-04-03 01:45,1830.330000,1,5.470000,0.2997,4.280000,8.980000,291.840000
67,Entry long,2025-04-03 01:30,1824.860000,1,5.470000,0.2997,4.280000,8.980000,291.840000
66,Exit long,2025-04-02 02:15,1873.680000,1,-11.310000,-0.6000,21.700000,9.490000,286.370000
66,Entry long,2025-04-02 01:30,1884.990000,1,-11.310000,-0.6000,21.700000,9.490000,286.370000
65,Exit long,2025-04-02 01:45,1891.960000,1,6.970000,0.3698,21.700000,1.980000,297.680000
65,Entry long,2025-04-02 01:30,1884.990000,1,6.970000,0.3698,21.700000,1.980000,297.680000
64,Exit long,2025-04-01 09:30,1880.220000,1,52.830000,2.8910,64.030000,13.380000,290.710000
64,Entry long,2025-04-01 01:30,1827.390000,1,52.830000,2.8910,64.030000,13.380000,290.710000
63,Exit long,2025-04-01 02:15,1832.870000,1,5.480000,0.2999,5.920000,13.380000,237.880000
63,Entry long,2025-04-01 01:30,1827.390000,1,5.480000,0.2999,5.920000,13.380000,237.880000
62,Exit long,2025-03-31 02:45,1821.360000,1,5.450000,0.3001,2.290000,18.200000,232.400000
62,Entry long,2025-03-31 01:30,1815.910000,1,5.450000,0.3001,2.290000,18.200000,232.400000
61,Exit long,2025-03-31 02:00,1805.010000,1,-10.900000,-0.6003,2.120000,18.200000,226.950000
61,Entry long,2025-03-31 01:30,1815.910000,1,-10.900000,-0.6003,2.120000,18.200000,226.950000
60,Exit long,2025-03-30 09:30,1844.030000,1,8.670000,0.4724,12.820000,6.100000,237.850000
60,Entry long,2025-03-30 01:30,1835.360000,1,8.670000,0.4724,12.820000,6.100000,237.850000
59,Exit long,2025-03-30 02:30,1840.870000,1,5.510000,0.3002,12.820000,6.100000,229.180000
59,Entry long,2025-03-30 01:30,1835.360000,1,5.510000,0.3002,12.820000,6.100000,229.180000
58,Exit long,2025-03-29 03:00,1890.460000,1,-11.410000,-0.5999,22.140000,9.170000,223.670000
58,Entry long,2025-03-29 01:30,1901.870000,1,-11.410000,-0.5999,22.140000,9.170000,223.670000
57,Exit long,2025-03-29 01:45,1907.740000,1,5.870000,0.3086,22.140000,0.020000,235.080000
57,Entry long,2025-03-29 01:30,1901.870000,1,5.870000,0.3086,22.140000,0.020000,235.080000
56,Exit long,2025-03-28 04:30,1988.580000,1,-12.000000,-0.5998,28.040000,6.270000,229.210000
56,Entry long,2025-03-28 01:30,2000.580000,1,-12.000000,-0.5998,28.040000,6.270000,229.210000
55,Exit long,2025-03-28 01:45,2014.370000,1,13.790000,0.6893,28.040000,1.660000,241.210000
55,Entry long,2025-03-28 01:30,2000.580000,1,13.790000,0.6893,28.040000,1.660000,241.210000
54,Exit long,2025-03-27 09:30,2023.350000,1,1.180000,0.0584,14.710000,11.980000,227.420000
54,Entry long,2025-03-27 01:30,2022.170000,1,1.180000,0.0584,14.710000,11.980000,227.420000
53,Exit long,2025-03-27 02:45,2028.240000,1,6.070000,0.3002,7.140000,11.980000,226.240000
53,Entry long,2025-03-27 01:30,2022.170000,1,6.070000,0.3002,7.140000,11.980000,226.240000
52,Exit long,2025-03-26 09:30,2058.600000,1,-16.340000,-0.7875,5.520000,34.040000,220.170000
52,Entry long,2025-03-26 01:30,2074.940000,1,-16.340000,-0.7875,5.520000,34.040000,220.170000
51,Exit long,2025-03-26 02:00,2062.490000,1,-12.450000,-0.6000,5.520000,5.820000,236.510000
51,Entry long,2025-03-26 01:30,2074.940000,1,-12.450000,-0.6000,5.520000,5.820000,236.510000
50,Exit long,2025-03-25 09:30,2063.990000,1,-4.820000,-0.2330,1.080000,32.810000,248.960000
50,Entry long,2025-03-25 01:30,2068.810000,1,-4.820000,-0.2330,1.080000,32.810000,248.960000
49,Exit long,2025-03-25 03:15,2056.400000,1,-12.410000,-0.5999,1.080000,27.600000,253.780000
49,Entry long,2025-03-25 01:30,2068.810000,1,-12.410000,-0.5999,1.080000,27.600000,253.780000
48,Exit long,2025-03-24 09:30,2087.660000,1,101.190000,5.0940,109.860000,20.020000,266.190000
48,Entry long,2025-03-24 01:30,1986.470000,1,101.190000,5.0940,109.860000,20.020000,266.190000
47,Exit long,2025-03-24 02:45,1992.430000,1,5.960000,0.3000,6.380000,20.020000,165.000000
47,Entry long,2025-03-24 01:30,1986.470000,1,5.960000,0.3000,6.380000,20.020000,165.000000
46,Exit long,2025-03-23 09:30,2011.250000,1,20.880000,1.0491,29.630000,3.000000,159.040000
46,Entry long,2025-03-23 01:30,1990.370000,1,20.880000,1.0491,29.630000,3.000000,159.040000
45,Exit long,2025-03-23 01:45,1996.340000,1,5.970000,0.2999,11.020000,3.000000,138.160000
45,Entry long,2025-03-23 01:30,1990.370000,1,5.970000,0.2999,11.020000,3.000000,138.160000
44,Exit long,2025-03-22 09:30,1996.390000,1,16.730000,0.8451,22.240000,14.960000,132.190000
44,Entry long,2025-03-22 01:30,1979.660000,1,16.730000,0.8451,22.240000,14.960000,132.190000
43,Exit long,2025-03-22 03:30,1985.600000,1,5.940000,0.3001,10.680000,14.960000,115.460000
43,Entry long,2025-03-22 01:30,1979.660000,1,5.940000,0.3001,10.680000,14.960000,115.460000
42,Exit long,2025-03-21 03:15,1973.190000,1,-11.910000,-0.6000,9.390000,9.400000,109.520000
42,Entry long,2025-03-21 01:30,1985.100000,1,-11.910000,-0.6000,9.390000,9.400000,109.520000
41,Exit long,2025-03-21 01:45,1991.060000,1,5.960000,0.3002,9.260000,3.100000,121.430000
41,Entry long,2025-03-21 01:30,1985.100000,1,5.960000,0.3002,9.260000,3.100000,121.430000
40,Exit long,2025-03-20 09:30,2006.000000,1,-25.960000,-1.2776,3.800000,29.920000,115.470000
40,Entry long,2025-03-20 01:30,2031.960000,1,-25.960000,-1.2776,3.800000,29.920000,115.470000
39,Exit long,2025-03-20 03:45,2019.770000,1,-12.190000,-0.5999,3.800000,20.440000,141.430000
39,Entry long,2025-03-20 01:30,2031.960000,1,-12.190000,-0.5999,3.800000,20.440000,141.430000
38,Exit long,2025-03-19 09:30,1941.620000,1,4.190000,0.2163,10.060000,20.620000,153.620000
38,Entry long,2025-03-19 01:30,1937.430000,1,4.190000,0.2163,10.060000,20.620000,153.620000
37,Exit long,2025-03-19 08:45,1943.240000,1,5.810000,0.2999,10.060000,20.620000,149.430000
37,Entry long,2025-03-19 01:30,1937.430000,1,5.810000,0.2999,10.060000,20.620000,149.430000
36,Exit long,2025-03-18 09:30,1904.600000,1,-6.680000,-0.3495,5.710000,20.900000,143.620000
36,Entry long,2025-03-18 01:30,1911.280000,1,-6.680000,-0.3495,5.710000,20.900000,143.620000
35,Exit long,2025-03-18 01:45,1899.810000,1,-11.470000,-0.6001,0.020000,20.900000,150.300000
35,Entry long,2025-03-18 01:30,1911.280000,1,-11.470000,-0.6001,0.020000,20.900000,150.300000
34,Exit long,2025-03-17 06:15,1885.580000,1,-11.380000,-0.5999,17.920000,4.110000,161.770000
34,Entry long,2025-03-17 01:30,1896.960000,1,-11.380000,-0.5999,17.920000,4.110000,161.770000
33,Exit long,2025-03-17 01:45,1902.650000,1,5.690000,0.3000,11.740000,0.200000,173.150000
33,Entry long,2025-03-17 01:30,1896.960000,1,5.690000,0.3000,11.740000,0.200000,173.150000
32,Exit long,2025-03-16 09:30,1915.520000,1,-12.870000,-0.6674,4.830000,18.960000,167.460000
32,Entry long,2025-03-16 01:30,1928.390000,1,-12.870000,-0.6674,4.830000,18.960000,167.460000
31,Exit long,2025-03-16 02:00,1916.820000,1,-11.570000,-0.6000,0.300000,18.960000,180.330000
31,Entry long,2025-03-16 01:30,1928.390000,1,-11.570000,-0.6000,0.300000,18.960000,180.330000
30,Exit long,2025-03-15 03:15,1921.610000,1,5.750000,0.3001,0.380000,26.780000,191.900000
30,Entry long,2025-03-15 01:30,1915.860000,1,5.750000,0.3001,0.380000,26.780000,191.900000
29,Exit long,2025-03-15 02:30,1904.360000,1,-11.500000,-0.6003,0.200000,26.780000,186.150000
29,Entry long,2025-03-15 01:30,1915.860000,1,-11.500000,-0.6003,0.200000,26.780000,186.150000
28,Exit long,2025-03-14 09:30,1896.980000,1,20.510000,1.0930,28.470000,1.020000,197.650000
28,Entry long,2025-03-14 01:30,1876.470000,1,20.510000,1.0930,28.470000,1.020000,197.650000
27,Exit long,2025-03-14 01:45,1885.990000,1,9.520000,0.5073,25.060000,1.020000,177.140000
27,Entry long,2025-03-14 01:30,1876.470000,1,9.520000,0.5073,25.060000,1.020000,177.140000
26,Exit long,2025-03-13 02:45,1888.790000,1,-11.400000,-0.5999,15.410000,9.040000,167.620000
26,Entry long,2025-03-13 01:30,1900.190000,1,-11.400000,-0.5999,15.410000,9.040000,167.620000
25,Exit long,2025-03-13 01:45,1905.890000,1,5.700000,0.3000,10.740000,9.040000,179.020000
25,Entry long,2025-03-13 01:30,1900.190000,1,5.700000,0.3000,10.740000,9.040000,179.020000
24,Exit long,2025-03-12 02:00,1906.380000,1,-11.510000,-0.6001,16.200000,8.620000,173.320000
24,Entry long,2025-03-12 01:30,1917.890000,1,-11.510000,-0.6001,16.200000,8.620000,173.320000
23,Exit long,2025-03-12 01:45,1923.640000,1,5.750000,0.2998,16.200000,8.620000,184.830000
23,Entry long,2025-03-12 01:30,1917.890000,1,5.750000,0.2998,16.200000,8.620000,184.830000
22,Exit long,2025-03-11 09:30,1925.310000,1,116.640000,6.4489,118.050000,1.300000,179.080000
22,Entry long,2025-03-11 01:30,1808.670000,1,116.640000,6.4489,118.050000,1.300000,179.080000
21,Exit long,2025-03-11 01:45,1842.540000,1,33.870000,1.8726,67.960000,1.300000,62.440000
21,Entry long,2025-03-11 01:30,1808.670000,1,33.870000,1.8726,67.960000,1.300000,62.440000
20,Exit long,2025-03-10 09:30,2127.780000,1,89.000000,4.3654,114.210000,3.170000,28.570000
20,Entry long,2025-03-10 01:30,2038.780000,1,89.000000,4.3654,114.210000,3.170000,28.570000
19,Exit long,2025-03-10 01:45,2044.900000,1,6.120000,0.3002,19.840000,1.300000,-60.430000
19,Entry long,2025-03-10 01:30,2038.780000,1,6.120000,0.3002,19.840000,1.300000,-60.430000
18,Exit long,2025-03-09 09:30,2176.670000,1,-25.330000,-1.1503,1.840000,31.170000,-66.550000
18,Entry long,2025-03-09 01:30,2202.000000,1,-25.330000,-1.1503,1.840000,31.170000,-66.550000
17,Exit long,2025-03-09 01:45,2188.790000,1,-13.210000,-0.5999,1.840000,14.780000,-41.220000
17,Entry long,2025-03-09 01:30,2202.000000,1,-13.210000,-0.5999,1.840000,14.780000,-41.220000
16,Exit long,2025-03-08 02:45,2141.900000,1,6.410000,0.3002,4.900000,64.840000,-28.010000
16,Entry long,2025-03-08 01:30,2135.490000,1,6.410000,0.3002,4.900000,64.840000,-28.010000
15,Exit long,2025-03-08 01:45,2122.680000,1,-12.810000,-0.5999,0.680000,64.840000,-34.420000
15,Entry long,2025-03-08 01:30,2135.490000,1,-12.810000,-0.5999,0.680000,64.840000,-34.420000
14,Exit long,2025-03-07 03:30,2149.790000,1,-12.980000,-0.6002,60.500000,19.100000,-21.610000
14,Entry long,2025-03-07 01:30,2162.770000,1,-12.980000,-0.6002,60.500000,19.100000,-21.610000
13,Exit long,2025-03-07 01:45,2185.210000,1,22.440000,1.0376,60.500000,19.100000,-8.630000
13,Entry long,2025-03-07 01:30,2162.770000,1,22.440000,1.0376,60.500000,19.100000,-8.630000
12,Exit long,2025-03-06 09:30,2280.700000,1,37.570000,1.6749,75.860000,12.260000,-31.070000
12,Entry long,2025-03-06 01:30,2243.130000,1,37.570000,1.6749,75.860000,12.260000,-31.070000
11,Exit long,2025-03-06 01:45,2259.960000,1,16.830000,0.7503,34.620000,12.260000,-68.640000
11,Entry long,2025-03-06 01:30,2243.130000,1,16.830000,0.7503,34.620000,12.260000,-68.640000
10,Exit long,2025-03-05 04:00,2157.590000,1,-13.020000,-0.5998,27.940000,12.600000,-85.470000
10,Entry long,2025-03-05 01:30,2170.610000,1,-13.020000,-0.5998,27.940000,12.600000,-85.470000
9,Exit long,2025-03-05 01:45,2179.130000,1,8.520000,0.3925,27.940000,12.240000,-72.450000
9,Entry long,2025-03-05 01:30,2170.610000,1,8.520000,0.3925,27.940000,12.240000,-72.450000
8,Exit long,2025-03-04 09:30,2091.150000,1,-29.200000,-1.3771,9.880000,172.780000,-80.970000
8,Entry long,2025-03-04 01:30,2120.350000,1,-29.200000,-1.3771,9.880000,172.780000,-80.970000
7,Exit long,2025-03-04 01:45,2050.360000,1,-69.990000,-3.3009,9.880000,172.780000,-51.770000
7,Entry long,2025-03-04 01:30,2120.350000,1,-69.990000,-3.3009,9.880000,172.780000,-51.770000
6,Exit long,2025-03-03 02:00,2444.980000,1,-14.760000,-0.6001,19.200000,20.080000,18.220000
6,Entry long,2025-03-03 01:30,2459.740000,1,-14.760000,-0.6001,19.200000,20.080000,18.220000
5,Exit long,2025-03-03 01:45,2467.370000,1,7.630000,0.3102,19.200000,20.080000,32.980000
5,Entry long,2025-03-03 01:30,2459.740000,1,7.630000,0.3102,19.200000,20.080000,32.980000
4,Exit long,2025-03-02 02:30,2204.410000,1,-13.310000,-0.6002,9.610000,19.240000,25.350000
4,Entry long,2025-03-02 01:30,2217.720000,1,-13.310000,-0.6002,9.610000,19.240000,25.350000
3,Exit long,2025-03-02 02:00,2224.370000,1,6.650000,0.2999,6.540000,19.240000,38.660000
3,Entry long,2025-03-02 01:30,2217.720000,1,6.650000,0.2999,6.540000,19.240000,38.660000
2,Exit long,2025-03-01 09:30,2235.440000,1,15.130000,0.6814,59.440000,3.860000,32.010000
2,Entry long,2025-03-01 01:30,2220.310000,1,15.130000,0.6814,59.440000,3.860000,32.010000
1,Exit long,2025-03-01 01:45,2237.190000,1,16.880000,0.7603,35.980000,3.860000,16.880000
1,Entry long,2025-03-01 01:30,2220.310000,1,16.880000,0.7603,35.980000,3.860000,16.880000
