Trade #,Type,Date and time,Price,Qty,Net PnL,Net PnL %,MFE,MAE,Cumulative PnL
1230,Exit long,2026-05-04 15:00,2365.090000,1,-5.020000,-0.2100,0.000000,5.020000,-5.020000
1230,Entry long,2026-05-04 15:00,2370.110000,1,0.000000,0.0000,0.000000,0.000000,0.000000
1229,Exit long,2026-05-04 08:00,2361.790000,1,11.310000,0.4800,48.400000,6.610000,432.650000
1229,Entry long,2026-05-04 02:00,2350.480000,1,11.310000,0.4800,48.400000,6.610000,432.650000
1228,Exit long,2026-05-03 23:30,2325.570000,1,-21.420000,-0.9100,9.760000,27.230000,421.340000
1228,Entry long,2026-05-03 22:15,2346.990000,1,-21.420000,-0.9100,9.760000,27.230000,421.340000
1227,Exit long,2026-05-03 21:45,2318.890000,1,8.830000,0.3800,34.190000,3.810000,442.760000
1227,Entry long,2026-05-03 07:30,2310.060000,1,8.830000,0.3800,34.190000,3.810000,442.760000
1226,Exit long,2026-05-03 01:00,2313.010000,1,9.030000,0.3900,38.020000,2.220000,433.930000
1226,Entry long,2026-05-02 12:30,2303.980000,1,9.030000,0.3900,38.020000,2.220000,433.930000
1225,Exit long,2026-05-02 12:15,2301.170000,1,0.550000,0.0200,6.280000,3.110000,424.900000
1225,Entry long,2026-05-02 06:45,2300.620000,1,0.550000,0.0200,6.280000,3.110000,424.900000
1224,Exit long,2026-05-02 02:30,2294.640000,1,-2.790000,-0.1200,1.980000,3.360000,424.350000
1224,Entry long,2026-05-02 01:15,2297.430000,1,-2.790000,-0.1200,1.980000,3.360000,424.350000
1223,Exit short,2026-05-01 00:15,2261.430000,1,-2.740000,-0.1200,7.710000,4.260000,427.140000
1223,Entry short,2026-04-30 21:45,2258.690000,1,-2.740000,-0.1200,7.710000,4.260000,427.140000
1222,Exit short,2026-04-30 18:45,2259.970000,1,-4.160000,-0.1800,5.760000,5.780000,429.880000
1222,Entry short,2026-04-30 17:00,2255.810000,1,-4.160000,-0.1800,5.760000,5.780000,429.880000
1221,Exit short,2026-04-30 07:45,2257.190000,1,-13.020000,-0.5800,14.070000,14.370000,434.040000
1221,Entry short,2026-04-30 03:00,2244.170000,1,-13.020000,-0.5800,14.070000,14.370000,434.040000
1220,Exit short,2026-04-29 03:00,2288.040000,1,-2.380000,-0.1000,0.360000,2.550000,447.060000
1220,Entry short,2026-04-29 02:45,2285.660000,1,-2.380000,-0.1000,0.360000,2.550000,447.060000
1219,Exit short,2026-04-29 02:00,2291.610000,1,-8.240000,-0.3600,5.350000,13.490000,449.440000
1219,Entry short,2026-04-29 01:15,2283.370000,1,-8.240000,-0.3600,5.350000,13.490000,449.440000
1218,Exit short,2026-04-28 23:15,2287.190000,1,-1.050000,-0.0500,3.380000,1.510000,457.680000
1218,Entry short,2026-04-28 22:45,2286.140000,1,-1.050000,-0.0500,3.380000,1.510000,457.680000
1217,Exit short,2026-04-28 17:00,2284.810000,1,-3.160000,-0.1400,25.620000,6.340000,458.730000
1217,Entry short,2026-04-28 09:45,2281.650000,1,-3.160000,-0.1400,25.620000,6.340000,458.730000
1216,Exit short,2026-04-28 09:30,2287.170000,1,-6.800000,-0.3000,13.830000,15.400000,461.890000
1216,Entry short,2026-04-28 02:45,2280.370000,1,-6.800000,-0.3000,13.830000,15.400000,461.890000
1215,Exit long,2026-04-27 05:15,2361.920000,1,28.020000,1.2000,70.090000,1.820000,468.690000
1215,Entry long,2026-04-26 13:45,2333.900000,1,28.020000,1.2000,70.090000,1.820000,468.690000
1214,Exit short,2026-04-26 05:00,2316.230000,1,-5.220000,-0.2300,5.940000,7.620000,440.670000
1214,Entry short,2026-04-26 03:30,2311.010000,1,-5.220000,-0.2300,5.940000,7.620000,440.670000
1213,Exit short,2026-04-26 02:15,2316.630000,1,-3.930000,-0.1700,0.510000,4.270000,445.890000
1213,Entry short,2026-04-26 02:00,2312.700000,1,-3.930000,-0.1700,0.510000,4.270000,445.890000
1212,Exit short,2026-04-25 21:15,2315.140000,1,-8.500000,-0.3700,7.660000,9.840000,449.820000
1212,Entry short,2026-04-25 16:00,2306.640000,1,-8.500000,-0.3700,7.660000,9.840000,449.820000
1211,Exit short,2026-04-25 13:15,2315.790000,1,-4.260000,-0.1800,2.020000,4.370000,458.320000
1211,Entry short,2026-04-25 11:45,2311.530000,1,-4.260000,-0.1800,2.020000,4.370000,458.320000
1210,Exit short,2026-04-25 08:15,2316.600000,1,-3.540000,-0.1500,1.010000,4.930000,462.580000
1210,Entry short,2026-04-25 05:15,2313.060000,1,-3.540000,-0.1500,1.010000,4.930000,462.580000
1209,Exit short,2026-04-25 01:15,2316.900000,1,-3.140000,-0.1400,8.560000,3.740000,466.120000
1209,Entry short,2026-04-24 21:45,2313.760000,1,-3.140000,-0.1400,8.560000,3.740000,466.120000
1208,Exit short,2026-04-24 17:15,2318.120000,1,-2.470000,-0.1100,7.320000,5.040000,469.260000
1208,Entry short,2026-04-24 16:15,2315.650000,1,-2.470000,-0.1100,7.320000,5.040000,469.260000
1207,Exit short,2026-04-24 15:45,2323.920000,1,-14.390000,-0.6200,9.530000,15.470000,471.730000
1207,Entry short,2026-04-24 14:15,2309.530000,1,-14.390000,-0.6200,9.530000,15.470000,471.730000
1206,Exit short,2026-04-24 11:00,2314.540000,1,-7.660000,-0.3300,2.410000,11.190000,486.120000
1206,Entry short,2026-04-24 09:15,2306.880000,1,-7.660000,-0.3300,2.410000,11.190000,486.120000
1205,Exit short,2026-04-24 09:00,2313.820000,1,4.650000,0.2000,20.030000,3.470000,493.780000
1205,Entry short,2026-04-24 03:00,2318.470000,1,4.650000,0.2000,20.030000,3.470000,493.780000
1204,Exit short,2026-04-24 02:00,2331.760000,1,-11.240000,-0.4800,0.520000,12.770000,489.130000
1204,Entry short,2026-04-24 01:45,2320.520000,1,-11.240000,-0.4800,0.520000,12.770000,489.130000
1203,Exit short,2026-04-23 20:45,2326.530000,1,-9.120000,-0.3900,34.100000,11.290000,500.370000
1203,Entry short,2026-04-23 17:15,2317.410000,1,-9.120000,-0.3900,34.100000,11.290000,500.370000
1202,Exit long,2026-04-22 23:30,2385.230000,1,-19.970000,-0.8300,0.000000,25.780000,509.490000
1202,Entry long,2026-04-22 21:45,2405.200000,1,-19.970000,-0.8300,0.000000,25.780000,509.490000
1201,Exit long,2026-04-22 20:30,2396.810000,1,-1.980000,-0.0800,0.010000,8.300000,529.460000
1201,Entry long,2026-04-22 20:15,2398.790000,1,-1.980000,-0.0800,0.010000,8.300000,529.460000
1200,Exit long,2026-04-22 19:45,2394.890000,1,-9.140000,-0.3800,0.970000,12.640000,531.440000
1200,Entry long,2026-04-22 19:30,2404.030000,1,-9.140000,-0.3800,0.970000,12.640000,531.440000
1199,Exit short,2026-04-21 20:15,2317.680000,1,-29.960000,-1.3100,0.810000,32.820000,540.580000
1199,Entry short,2026-04-21 19:45,2287.720000,1,-29.960000,-1.3100,0.810000,32.820000,540.580000
1198,Exit short,2026-04-21 06:45,2318.670000,1,-9.180000,-0.4000,3.080000,17.620000,570.540000
1198,Entry short,2026-04-21 06:15,2309.490000,1,-9.180000,-0.4000,3.080000,17.620000,570.540000
1197,Exit short,2026-04-21 05:00,2313.090000,1,0.690000,0.0300,16.270000,1.220000,579.720000
1197,Entry short,2026-04-21 02:00,2313.780000,1,0.690000,0.0300,16.270000,1.220000,579.720000
1196,Exit short,2026-04-20 22:45,2319.440000,1,-1.940000,-0.0800,1.230000,6.850000,579.030000
1196,Entry short,2026-04-20 22:30,2317.500000,1,-1.940000,-0.0800,1.230000,6.850000,579.030000
1195,Exit short,2026-04-20 17:15,2312.350000,1,-13.360000,-0.5800,2.480000,15.810000,580.970000
1195,Entry short,2026-04-20 17:00,2298.990000,1,-13.360000,-0.5800,2.480000,15.810000,580.970000
1194,Exit short,2026-04-20 15:30,2316.600000,1,-27.040000,-1.1800,12.850000,28.780000,594.330000
1194,Entry short,2026-04-20 15:00,2289.560000,1,-27.040000,-1.1800,12.850000,28.780000,594.330000
1193,Exit short,2026-04-20 06:45,2283.660000,1,-11.560000,-0.5100,10.040000,16.260000,621.370000
1193,Entry short,2026-04-20 05:15,2272.100000,1,-11.560000,-0.5100,10.040000,16.260000,621.370000
1192,Exit short,2026-04-20 03:45,2280.230000,1,-3.890000,-0.1700,1.850000,6.570000,632.930000
1192,Entry short,2026-04-20 02:30,2276.340000,1,-3.890000,-0.1700,1.850000,6.570000,632.930000
1191,Exit short,2026-04-20 01:45,2290.450000,1,28.450000,1.2300,67.990000,5.810000,636.820000
1191,Entry short,2026-04-19 16:30,2318.900000,1,28.450000,1.2300,67.990000,5.810000,636.820000
1190,Exit short,2026-04-19 11:45,2326.160000,1,25.340000,1.0800,60.210000,2.490000,608.370000
1190,Entry short,2026-04-18 23:45,2351.500000,1,25.340000,1.0800,60.210000,2.490000,608.370000
1189,Exit short,2026-04-18 23:15,2353.840000,1,5.330000,0.2300,22.170000,4.230000,583.030000
1189,Entry short,2026-04-18 17:00,2359.170000,1,5.330000,0.2300,22.170000,4.230000,583.030000
1188,Exit long,2026-04-16 16:45,2320.170000,1,-10.620000,-0.4600,3.000000,15.780000,577.700000
1188,Entry long,2026-04-16 16:30,2330.790000,1,-10.620000,-0.4600,3.000000,15.780000,577.700000
1187,Exit long,2026-04-16 13:45,2335.700000,1,-12.130000,-0.5200,1.490000,16.670000,588.320000
1187,Entry long,2026-04-16 13:30,2347.830000,1,-12.130000,-0.5200,1.490000,16.670000,588.320000
1186,Exit long,2026-04-16 05:00,2352.720000,1,-12.440000,-0.5300,2.150000,18.570000,600.450000
1186,Entry long,2026-04-16 02:45,2365.160000,1,-12.440000,-0.5300,2.150000,18.570000,600.450000
1185,Exit long,2026-04-16 01:15,2349.300000,1,-9.910000,-0.4200,0.010000,15.940000,612.890000
1185,Entry long,2026-04-16 01:00,2359.210000,1,-9.910000,-0.4200,0.010000,15.940000,612.890000
1184,Exit long,2026-04-15 13:45,2317.370000,1,-6.430000,-0.2800,16.200000,7.380000,622.800000
1184,Entry long,2026-04-15 11:30,2323.800000,1,-6.430000,-0.2800,16.200000,7.380000,622.800000
1183,Exit long,2026-04-15 09:15,2322.930000,1,-3.560000,-0.1500,2.230000,7.100000,629.230000
1183,Entry long,2026-04-15 09:00,2326.490000,1,-3.560000,-0.1500,2.230000,7.100000,629.230000
1182,Exit long,2026-04-15 04:45,2330.200000,1,1.380000,0.0600,4.490000,1.920000,632.790000
1182,Entry long,2026-04-15 04:30,2328.820000,1,1.380000,0.0600,4.490000,1.920000,632.790000
1181,Exit long,2026-04-15 00:45,2331.960000,1,-4.990000,-0.2100,3.370000,7.590000,631.410000
1181,Entry long,2026-04-15 00:15,2336.950000,1,-4.990000,-0.2100,3.370000,7.590000,631.410000
1180,Exit long,2026-04-14 15:00,2352.080000,1,-36.440000,-1.5300,27.880000,36.520000,636.400000
1180,Entry long,2026-04-14 13:45,2388.520000,1,-36.440000,-1.5300,27.880000,36.520000,636.400000
1179,Exit short,2026-04-13 13:00,2191.480000,1,-8.030000,-0.3700,8.970000,14.550000,672.840000
1179,Entry short,2026-04-13 07:30,2183.450000,1,-8.030000,-0.3700,8.970000,14.550000,672.840000
1178,Exit short,2026-04-13 06:45,2198.710000,1,-6.040000,-0.2800,11.650000,6.590000,680.870000
1178,Entry short,2026-04-13 02:45,2192.670000,1,-6.040000,-0.2800,11.650000,6.590000,680.870000
1177,Exit short,2026-04-13 01:00,2204.090000,1,-16.950000,-0.7700,4.490000,20.320000,686.910000
1177,Entry short,2026-04-12 22:30,2187.140000,1,-16.950000,-0.7700,4.490000,20.320000,686.910000
1176,Exit long,2026-04-11 13:15,2234.610000,1,-9.980000,-0.4400,1.410000,12.390000,703.860000
1176,Entry long,2026-04-11 09:30,2244.590000,1,-9.980000,-0.4400,1.410000,12.390000,703.860000
1175,Exit long,2026-04-11 04:00,2235.940000,1,-12.050000,-0.5400,3.340000,14.340000,713.840000
1175,Entry long,2026-04-11 02:30,2247.990000,1,-12.050000,-0.5400,3.340000,14.340000,713.840000
1174,Exit long,2026-04-10 10:30,2190.470000,1,-1.910000,-0.0900,3.610000,2.370000,725.890000
1174,Entry long,2026-04-10 09:45,2192.380000,1,-1.910000,-0.0900,3.610000,2.370000,725.890000
1173,Exit long,2026-04-10 06:30,2189.790000,1,-10.860000,-0.4900,0.670000,11.650000,727.800000
1173,Entry long,2026-04-10 05:30,2200.650000,1,-10.860000,-0.4900,0.670000,11.650000,727.800000
1172,Exit long,2026-04-09 09:00,2184.990000,1,-2.620000,-0.1200,2.660000,5.730000,738.660000
1172,Entry long,2026-04-09 08:45,2187.610000,1,-2.620000,-0.1200,2.660000,5.730000,738.660000
1171,Exit long,2026-04-08 13:45,2234.040000,1,-18.860000,-0.8400,16.750000,19.540000,741.280000
1171,Entry long,2026-04-08 12:15,2252.900000,1,-18.860000,-0.8400,16.750000,19.540000,741.280000
1170,Exit long,2026-04-07 10:30,2105.640000,1,-8.520000,-0.4000,18.800000,10.860000,760.140000
1170,Entry long,2026-04-07 08:45,2114.160000,1,-8.520000,-0.4000,18.800000,10.860000,760.140000
1169,Exit long,2026-04-06 21:45,2137.970000,1,-13.490000,-0.6300,1.170000,13.740000,768.660000
1169,Entry long,2026-04-06 20:30,2151.460000,1,-13.490000,-0.6300,1.170000,13.740000,768.660000
1168,Exit long,2026-04-06 17:00,2139.250000,1,-14.640000,-0.6800,15.220000,14.780000,782.150000
1168,Entry long,2026-04-06 14:30,2153.890000,1,-14.640000,-0.6800,15.220000,14.780000,782.150000
1167,Exit long,2026-04-06 14:15,2141.440000,1,-3.560000,-0.1700,13.360000,8.290000,796.790000
1167,Entry long,2026-04-06 14:00,2145.000000,1,-3.560000,-0.1700,13.360000,8.290000,796.790000
1166,Exit long,2026-04-06 13:45,2141.020000,1,71.650000,3.4600,105.040000,0.600000,800.350000
1166,Entry long,2026-04-05 22:45,2069.370000,1,71.650000,3.4600,105.040000,0.600000,800.350000
1165,Exit short,2026-04-05 15:15,2039.620000,1,1.980000,0.1000,20.990000,0.700000,728.700000
1165,Entry short,2026-04-05 11:30,2041.600000,1,1.980000,0.1000,20.990000,0.700000,728.700000
1164,Exit short,2026-04-04 15:00,2052.130000,1,-3.760000,-0.1800,0.210000,4.310000,726.720000
1164,Entry short,2026-04-04 14:45,2048.370000,1,-3.760000,-0.1800,0.210000,4.310000,726.720000
1163,Exit short,2026-04-04 13:45,2051.920000,1,-2.750000,-0.1300,2.170000,4.000000,730.480000
1163,Entry short,2026-04-04 12:15,2049.170000,1,-2.750000,-0.1300,2.170000,4.000000,730.480000
1162,Exit short,2026-04-04 10:45,2051.500000,1,-2.050000,-0.1000,3.000000,4.150000,733.230000
1162,Entry short,2026-04-04 09:00,2049.450000,1,-2.050000,-0.1000,3.000000,4.150000,733.230000
1161,Exit short,2026-04-04 00:00,2052.930000,1,-3.660000,-0.1800,0.900000,4.090000,735.280000
1161,Entry short,2026-04-03 23:30,2049.270000,1,-3.660000,-0.1800,0.900000,4.090000,735.280000
1160,Exit short,2026-04-03 20:15,2052.620000,1,-3.580000,-0.1700,8.780000,7.810000,738.940000
1160,Entry short,2026-04-03 13:00,2049.040000,1,-3.580000,-0.1700,8.780000,7.810000,738.940000
1159,Exit short,2026-04-03 11:00,2058.690000,1,-3.700000,-0.1800,2.970000,4.920000,742.520000
1159,Entry short,2026-04-03 10:30,2054.990000,1,-3.700000,-0.1800,2.970000,4.920000,742.520000
1158,Exit short,2026-04-03 01:30,2058.460000,1,-4.480000,-0.2200,5.460000,5.460000,746.220000
1158,Entry short,2026-04-02 23:30,2053.980000,1,-4.480000,-0.2200,5.460000,5.460000,746.220000
1157,Exit short,2026-04-02 19:00,2057.420000,1,-13.860000,-0.6800,0.000000,19.440000,750.700000
1157,Entry short,2026-04-02 18:30,2043.560000,1,-13.860000,-0.6800,0.000000,19.440000,750.700000
1156,Exit long,2026-04-02 01:30,2110.810000,1,-41.760000,-1.9400,5.850000,48.750000,764.560000
1156,Entry long,2026-04-02 00:45,2152.570000,1,-41.760000,-1.9400,5.850000,48.750000,764.560000
1155,Exit long,2026-04-02 00:00,2138.800000,1,-2.220000,-0.1000,23.450000,11.820000,806.320000
1155,Entry long,2026-04-01 19:30,2141.020000,1,-2.220000,-0.1000,23.450000,11.820000,806.320000
1154,Exit long,2026-04-01 18:30,2126.580000,1,-7.350000,-0.3400,33.270000,11.700000,808.540000
1154,Entry long,2026-04-01 16:00,2133.930000,1,-7.350000,-0.3400,33.270000,11.700000,808.540000
1153,Exit long,2026-04-01 13:45,2115.380000,1,13.510000,0.6400,56.120000,2.690000,815.890000
1153,Entry long,2026-04-01 04:00,2101.870000,1,13.510000,0.6400,56.120000,2.690000,815.890000
1152,Exit long,2026-03-31 15:00,2045.200000,1,-10.230000,-0.5000,36.060000,19.130000,802.380000
1152,Entry long,2026-03-31 12:45,2055.430000,1,-10.230000,-0.5000,36.060000,19.130000,802.380000
1151,Exit long,2026-03-31 07:15,2050.380000,1,-10.200000,-0.5000,32.420000,12.550000,812.610000
1151,Entry long,2026-03-31 01:30,2060.580000,1,-10.200000,-0.5000,32.420000,12.550000,812.610000
1150,Exit long,2026-03-30 17:15,2059.030000,1,-11.500000,-0.5600,8.250000,13.290000,822.810000
1150,Entry long,2026-03-30 15:00,2070.530000,1,-11.500000,-0.5600,8.250000,13.290000,822.810000
1149,Exit short,2026-03-29 18:45,1998.000000,1,-5.110000,-0.2600,6.390000,8.110000,834.310000
1149,Entry short,2026-03-29 17:15,1992.890000,1,-5.110000,-0.2600,6.390000,8.110000,834.310000
1148,Exit short,2026-03-29 16:30,1999.820000,1,-1.660000,-0.0800,15.950000,5.040000,839.420000
1148,Entry short,2026-03-29 12:45,1998.160000,1,-1.660000,-0.0800,15.950000,5.040000,839.420000
1147,Exit short,2026-03-29 11:45,2005.000000,1,-4.310000,-0.2200,10.290000,8.790000,841.080000
1147,Entry short,2026-03-29 05:15,2000.690000,1,-4.310000,-0.2200,10.290000,8.790000,841.080000
1146,Exit short,2026-03-29 03:00,2008.190000,1,0.430000,0.0200,20.460000,4.150000,845.390000
1146,Entry short,2026-03-28 22:00,2008.620000,1,0.430000,0.0200,20.460000,4.150000,845.390000
1145,Exit short,2026-03-28 11:00,1995.680000,1,-2.010000,-0.1000,1.500000,2.550000,844.960000
1145,Entry short,2026-03-28 10:45,1993.670000,1,-2.010000,-0.1000,1.500000,2.550000,844.960000
1144,Exit short,2026-03-28 03:45,1989.440000,1,-5.160000,-0.2600,2.760000,5.920000,846.970000
1144,Entry short,2026-03-28 02:30,1984.280000,1,-5.160000,-0.2600,2.760000,5.920000,846.970000
1143,Exit short,2026-03-27 23:45,1990.180000,1,-7.690000,-0.3900,4.590000,7.950000,852.130000
1143,Entry short,2026-03-27 20:30,1982.490000,1,-7.690000,-0.3900,4.590000,7.950000,852.130000
1142,Exit short,2026-03-27 20:15,1991.950000,1,61.390000,2.9900,87.140000,3.290000,859.820000
1142,Entry short,2026-03-27 08:30,2053.340000,1,61.390000,2.9900,87.140000,3.290000,859.820000
1141,Exit short,2026-03-27 06:45,2063.850000,1,-1.650000,-0.0800,20.880000,4.910000,798.430000
1141,Entry short,2026-03-27 03:45,2062.200000,1,-1.650000,-0.0800,20.880000,4.910000,798.430000
1140,Exit short,2026-03-27 01:15,2068.370000,1,-9.170000,-0.4500,3.700000,10.670000,800.080000
1140,Entry short,2026-03-27 00:30,2059.200000,1,-9.170000,-0.4500,3.700000,10.670000,800.080000
1139,Exit short,2026-03-27 00:15,2065.520000,1,-6.880000,-0.3300,1.860000,8.090000,809.250000
1139,Entry short,2026-03-26 23:45,2058.640000,1,-6.880000,-0.3300,1.860000,8.090000,809.250000
1138,Exit long,2026-03-25 23:45,2165.010000,1,-8.280000,-0.3800,3.070000,9.180000,816.130000
1138,Entry long,2026-03-25 23:00,2173.290000,1,-8.280000,-0.3800,3.070000,9.180000,816.130000
1137,Exit long,2026-03-25 15:00,2173.140000,1,24.860000,1.1600,51.830000,9.270000,824.410000
1137,Entry long,2026-03-24 20:45,2148.280000,1,24.860000,1.1600,51.830000,9.270000,824.410000
1136,Exit long,2026-03-24 13:30,2149.280000,1,5.080000,0.2400,30.510000,1.200000,799.550000
1136,Entry long,2026-03-24 07:00,2144.200000,1,5.080000,0.2400,30.510000,1.200000,799.550000
1135,Exit long,2026-03-23 23:00,2151.600000,1,5.570000,0.2600,32.970000,3.520000,794.470000
1135,Entry long,2026-03-23 17:45,2146.030000,1,5.570000,0.2600,32.970000,3.520000,794.470000
1134,Exit short,2026-03-23 11:15,2168.900000,1,-136.280000,-6.7000,11.040000,166.380000,788.900000
1134,Entry short,2026-03-23 06:45,2032.620000,1,-136.280000,-6.7000,11.040000,166.380000,788.900000
1133,Exit short,2026-03-23 05:00,2064.710000,1,-13.160000,-0.6400,2.010000,14.450000,925.180000
1133,Entry short,2026-03-23 04:00,2051.550000,1,-13.160000,-0.6400,2.010000,14.450000,925.180000
1132,Exit short,2026-03-23 02:30,2067.100000,1,40.470000,1.9200,83.460000,3.710000,938.340000
1132,Entry short,2026-03-22 07:00,2107.570000,1,40.470000,1.9200,83.460000,3.710000,938.340000
1131,Exit short,2026-03-22 04:45,2115.850000,1,33.550000,1.5600,103.830000,3.070000,897.870000
1131,Entry short,2026-03-21 22:30,2149.400000,1,33.550000,1.5600,103.830000,3.070000,897.870000
1130,Exit short,2026-03-21 16:00,2154.250000,1,-1.370000,-0.0600,7.880000,3.990000,864.320000
1130,Entry short,2026-03-21 15:15,2152.880000,1,-1.370000,-0.0600,7.880000,3.990000,864.320000
1129,Exit short,2026-03-21 11:30,2154.390000,1,-2.390000,-0.1100,0.220000,3.240000,865.690000
1129,Entry short,2026-03-21 11:15,2152.000000,1,-2.390000,-0.1100,0.220000,3.240000,865.690000
1128,Exit short,2026-03-20 13:30,2145.920000,1,-7.680000,-0.3600,4.320000,13.760000,868.080000
1128,Entry short,2026-03-20 11:45,2138.240000,1,-7.680000,-0.3600,4.320000,13.760000,868.080000
1127,Exit short,2026-03-20 10:45,2146.790000,1,-12.680000,-0.5900,3.880000,16.180000,875.760000
1127,Entry short,2026-03-20 10:15,2134.110000,1,-12.680000,-0.5900,3.880000,16.180000,875.760000
1126,Exit short,2026-03-20 07:45,2151.760000,1,-8.240000,-0.3800,23.480000,8.480000,888.440000
1126,Entry short,2026-03-20 05:45,2143.520000,1,-8.240000,-0.3800,23.480000,8.480000,888.440000
1125,Exit short,2026-03-19 19:30,2144.040000,1,27.690000,1.2800,73.710000,4.940000,896.680000
1125,Entry short,2026-03-19 11:00,2171.730000,1,27.690000,1.2800,73.710000,4.940000,896.680000
1124,Exit short,2026-03-19 10:00,2188.220000,1,4.270000,0.1900,50.700000,5.070000,868.990000
1124,Entry short,2026-03-19 05:00,2192.490000,1,4.270000,0.1900,50.700000,5.070000,868.990000
1123,Exit short,2026-03-19 01:45,2198.620000,1,-8.590000,-0.3900,3.910000,10.470000,864.720000
1123,Entry short,2026-03-19 01:15,2190.030000,1,-8.590000,-0.3900,3.910000,10.470000,864.720000
1122,Exit long,2026-03-18 10:45,2313.140000,1,-17.250000,-0.7400,1.210000,18.990000,873.310000
1122,Entry long,2026-03-18 09:45,2330.390000,1,-17.250000,-0.7400,1.210000,18.990000,873.310000
1121,Exit long,2026-03-18 05:00,2326.320000,1,-6.660000,-0.2900,17.010000,7.860000,890.560000
1121,Entry long,2026-03-18 02:15,2332.980000,1,-6.660000,-0.2900,17.010000,7.860000,890.560000
1120,Exit long,2026-03-17 22:30,2327.560000,1,-10.450000,-0.4500,3.080000,10.760000,897.220000
1120,Entry long,2026-03-17 21:15,2338.010000,1,-10.450000,-0.4500,3.080000,10.760000,897.220000
1119,Exit long,2026-03-17 19:45,2324.550000,1,-0.980000,-0.0400,16.300000,3.000000,907.670000
1119,Entry long,2026-03-17 17:15,2325.530000,1,-0.980000,-0.0400,16.300000,3.000000,907.670000
1118,Exit long,2026-03-17 15:30,2322.290000,1,-9.040000,-0.3900,25.330000,16.360000,908.650000
1118,Entry long,2026-03-17 13:45,2331.330000,1,-9.040000,-0.3900,25.330000,16.360000,908.650000
1117,Exit long,2026-03-17 12:30,2319.210000,1,-9.400000,-0.4000,5.820000,14.060000,917.690000
1117,Entry long,2026-03-17 11:45,2328.610000,1,-9.400000,-0.4000,5.820000,14.060000,917.690000
1116,Exit long,2026-03-17 09:00,2319.520000,1,-10.800000,-0.4600,1.330000,15.670000,927.090000
1116,Entry long,2026-03-17 08:45,2330.320000,1,-10.800000,-0.4600,1.330000,15.670000,927.090000
1115,Exit long,2026-03-15 19:00,2098.060000,1,-9.540000,-0.4500,5.230000,14.950000,937.890000
1115,Entry long,2026-03-15 18:15,2107.600000,1,-9.540000,-0.4500,5.230000,14.950000,937.890000
1114,Exit short,2026-03-14 19:00,2075.740000,1,-2.650000,-0.1300,0.000000,3.880000,947.430000
1114,Entry short,2026-03-14 18:30,2073.090000,1,-2.650000,-0.1300,0.000000,3.880000,947.430000
1113,Exit short,2026-03-14 17:00,2076.360000,1,-6.930000,-0.3300,1.850000,8.150000,950.080000
1113,Entry short,2026-03-14 14:45,2069.430000,1,-6.930000,-0.3300,1.850000,8.150000,950.080000
1112,Exit long,2026-03-14 04:00,2100.000000,1,-0.300000,-0.0100,0.750000,1.410000,957.010000
1112,Entry long,2026-03-14 03:45,2100.300000,1,-0.300000,-0.0100,0.750000,1.410000,957.010000
1111,Exit long,2026-03-13 16:00,2127.010000,1,19.800000,0.9400,102.280000,1.210000,957.310000
1111,Entry long,2026-03-13 09:45,2107.210000,1,19.800000,0.9400,102.280000,1.210000,957.310000
1110,Exit long,2026-03-13 06:30,2095.270000,1,26.660000,1.2900,79.390000,14.210000,937.510000
1110,Entry long,2026-03-12 20:00,2068.610000,1,26.660000,1.2900,79.390000,14.210000,937.510000
1109,Exit long,2026-03-12 18:15,2055.890000,1,-17.110000,-0.8300,4.560000,20.820000,910.850000
1109,Entry long,2026-03-12 15:45,2073.000000,1,-17.110000,-0.8300,4.560000,20.820000,910.850000
1108,Exit long,2026-03-12 08:15,2038.650000,1,-1.070000,-0.0500,4.940000,2.460000,927.960000
1108,Entry long,2026-03-12 08:00,2039.720000,1,-1.070000,-0.0500,4.940000,2.460000,927.960000
1107,Exit long,2026-03-11 12:45,2021.330000,1,-4.100000,-0.2000,9.570000,7.430000,929.030000
1107,Entry long,2026-03-11 12:30,2025.430000,1,-4.100000,-0.2000,9.570000,7.430000,929.030000
1106,Exit long,2026-03-11 11:30,2022.660000,1,-5.620000,-0.2800,5.260000,7.640000,933.130000
1106,Entry long,2026-03-11 10:45,2028.280000,1,-5.620000,-0.2800,5.260000,7.640000,933.130000
1105,Exit long,2026-03-11 05:30,2031.620000,1,-6.340000,-0.3100,2.420000,7.660000,938.750000
1105,Entry long,2026-03-11 05:00,2037.960000,1,-6.340000,-0.3100,2.420000,7.660000,938.750000
1104,Exit long,2026-03-10 18:15,2048.540000,1,-19.220000,-0.9300,20.240000,19.970000,945.090000
1104,Entry long,2026-03-10 15:15,2067.760000,1,-19.220000,-0.9300,20.240000,19.970000,945.090000
1103,Exit long,2026-03-10 12:45,2049.510000,1,31.060000,1.5400,55.550000,3.700000,964.310000
1103,Entry long,2026-03-10 02:15,2018.450000,1,31.060000,1.5400,55.550000,3.700000,964.310000
1102,Exit long,2026-03-09 22:45,2010.110000,1,-39.170000,-1.9100,3.550000,43.120000,933.250000
1102,Entry long,2026-03-09 19:30,2049.280000,1,-39.170000,-1.9100,3.550000,43.120000,933.250000
1101,Exit short,2026-03-08 23:15,1947.210000,1,-19.490000,-1.0100,10.550000,24.440000,972.420000
1101,Entry short,2026-03-08 22:15,1927.720000,1,-19.490000,-1.0100,10.550000,24.440000,972.420000
1100,Exit short,2026-03-08 19:15,1945.060000,1,5.220000,0.2700,27.420000,3.470000,991.910000
1100,Entry short,2026-03-08 12:00,1950.280000,1,5.220000,0.2700,27.420000,3.470000,991.910000
1099,Exit short,2026-03-08 08:45,1956.860000,1,-6.850000,-0.3500,2.160000,8.410000,986.690000
1099,Entry short,2026-03-08 08:15,1950.010000,1,-6.850000,-0.3500,2.160000,8.410000,986.690000
1098,Exit short,2026-03-08 08:00,1953.970000,1,14.080000,0.7200,40.470000,1.220000,993.540000
1098,Entry short,2026-03-08 02:00,1968.050000,1,14.080000,0.7200,40.470000,1.220000,993.540000
1097,Exit short,2026-03-07 14:45,1984.010000,1,-3.070000,-0.1500,11.740000,6.340000,979.460000
1097,Entry short,2026-03-07 13:30,1980.940000,1,-3.070000,-0.1500,11.740000,6.340000,979.460000
1096,Exit short,2026-03-07 08:15,1982.300000,1,-12.300000,-0.6200,3.990000,13.890000,982.530000
1096,Entry short,2026-03-07 04:15,1970.000000,1,-12.300000,-0.6200,3.990000,13.890000,982.530000
1095,Exit short,2026-03-07 03:15,1994.140000,1,-16.480000,-0.8300,6.260000,18.080000,994.830000
1095,Entry short,2026-03-07 00:00,1977.660000,1,-16.480000,-0.8300,6.260000,18.080000,994.830000
1094,Exit long,2026-03-06 08:15,2078.780000,1,-4.440000,-0.2100,3.350000,5.720000,1011.310000
1094,Entry long,2026-03-06 07:45,2083.220000,1,-4.440000,-0.2100,3.350000,5.720000,1011.310000
1093,Exit long,2026-03-06 03:00,2082.630000,1,-8.090000,-0.3900,1.330000,12.020000,1015.750000
1093,Entry long,2026-03-06 02:15,2090.720000,1,-8.090000,-0.3900,1.330000,12.020000,1015.750000
1092,Exit long,2026-03-05 21:15,2092.490000,1,1.070000,0.0500,4.800000,0.750000,1023.840000
1092,Entry long,2026-03-05 21:00,2091.420000,1,1.070000,0.0500,4.800000,0.750000,1023.840000
1091,Exit long,2026-03-05 13:15,2126.080000,1,0.990000,0.0500,37.910000,5.860000,1022.770000
1091,Entry long,2026-03-05 09:45,2125.090000,1,0.990000,0.0500,37.910000,5.860000,1022.770000
1090,Exit long,2026-03-05 05:30,2118.490000,1,-19.400000,-0.9100,6.480000,22.510000,1021.780000
1090,Entry long,2026-03-05 04:45,2137.890000,1,-19.400000,-0.9100,6.480000,22.510000,1021.780000
1089,Exit short,2026-03-04 03:00,1978.090000,1,-5.920000,-0.3000,4.790000,9.590000,1041.180000
1089,Entry short,2026-03-04 02:30,1972.170000,1,-5.920000,-0.3000,4.790000,9.590000,1041.180000
1088,Exit short,2026-03-04 01:30,1978.100000,1,-14.860000,-0.7600,0.010000,19.760000,1047.100000
1088,Entry short,2026-03-04 00:45,1963.240000,1,-14.860000,-0.7600,0.010000,19.760000,1047.100000
1087,Exit short,2026-03-03 22:15,1979.640000,1,-17.360000,-0.8800,1.840000,22.540000,1061.960000
1087,Entry short,2026-03-03 21:30,1962.280000,1,-17.360000,-0.8800,1.840000,22.540000,1061.960000
1086,Exit long,2026-03-01 17:00,1973.350000,1,-41.650000,-2.0700,3.330000,56.920000,1079.320000
1086,Entry long,2026-03-01 14:15,2015.000000,1,-41.650000,-2.0700,3.330000,56.920000,1079.320000
1085,Exit long,2026-03-01 09:00,1985.240000,1,-23.190000,-1.1500,0.000000,28.230000,1120.970000
1085,Entry long,2026-03-01 08:15,2008.430000,1,-23.190000,-1.1500,0.000000,28.230000,1120.970000
1084,Exit short,2026-02-28 14:00,1904.310000,1,17.650000,0.9200,87.900000,8.900000,1144.160000
1084,Entry short,2026-02-28 03:45,1921.960000,1,17.650000,0.9200,87.900000,8.900000,1144.160000
1083,Exit short,2026-02-28 02:30,1928.650000,1,-5.270000,-0.2700,2.350000,6.040000,1126.510000
1083,Entry short,2026-02-28 02:00,1923.380000,1,-5.270000,-0.2700,2.350000,6.040000,1126.510000
1082,Exit long,2026-02-27 09:45,2018.830000,1,-17.950000,-0.8800,0.990000,20.190000,1131.780000
1082,Entry long,2026-02-27 09:30,2036.780000,1,-17.950000,-0.8800,0.990000,20.190000,1131.780000
1081,Exit long,2026-02-27 08:45,2032.840000,1,-3.450000,-0.1700,4.390000,9.130000,1149.730000
1081,Entry long,2026-02-27 08:30,2036.290000,1,-3.450000,-0.1700,4.390000,9.130000,1149.730000
1080,Exit long,2026-02-27 06:30,2031.660000,1,2.380000,0.1200,34.430000,2.350000,1153.180000
1080,Entry long,2026-02-27 03:45,2029.280000,1,2.380000,0.1200,34.430000,2.350000,1153.180000
1079,Exit long,2026-02-27 03:15,2020.800000,1,-4.370000,-0.2200,1.250000,5.930000,1150.800000
1079,Entry long,2026-02-27 03:00,2025.170000,1,-4.370000,-0.2200,1.250000,5.930000,1150.800000
1078,Exit long,2026-02-26 20:30,2027.040000,1,-5.030000,-0.2500,5.160000,6.300000,1155.170000
1078,Entry long,2026-02-26 20:15,2032.070000,1,-5.030000,-0.2500,5.160000,6.300000,1155.170000
1077,Exit long,2026-02-26 14:45,2058.720000,1,-5.990000,-0.2900,12.690000,12.420000,1160.200000
1077,Entry long,2026-02-26 12:45,2064.710000,1,-5.990000,-0.2900,12.690000,12.420000,1160.200000
1076,Exit long,2026-02-26 11:45,2058.180000,1,-14.120000,-0.6800,10.350000,16.190000,1166.190000
1076,Entry long,2026-02-26 09:45,2072.300000,1,-14.120000,-0.6800,10.350000,16.190000,1166.190000
1075,Exit long,2026-02-26 07:45,2057.490000,1,-17.140000,-0.8300,3.720000,20.220000,1180.310000
1075,Entry long,2026-02-26 04:45,2074.630000,1,-17.140000,-0.8300,3.720000,20.220000,1180.310000
1074,Exit long,2026-02-26 00:00,2056.510000,1,151.620000,7.9600,245.060000,1.990000,1197.450000
1074,Entry long,2026-02-25 08:45,1904.890000,1,151.620000,7.9600,245.060000,1.990000,1197.450000
1073,Exit short,2026-02-25 00:45,1855.230000,1,-9.030000,-0.4900,0.010000,9.620000,1045.830000
1073,Entry short,2026-02-25 00:30,1846.200000,1,-9.030000,-0.4900,0.010000,9.620000,1045.830000
1072,Exit short,2026-02-24 15:00,1833.680000,1,69.890000,3.6700,107.570000,5.210000,1054.860000
1072,Entry short,2026-02-23 15:30,1903.570000,1,69.890000,3.6700,107.570000,5.210000,1054.860000
1071,Exit short,2026-02-23 07:45,1884.360000,1,55.800000,2.8800,95.700000,2.020000,984.970000
1071,Entry short,2026-02-23 00:45,1940.160000,1,55.800000,2.8800,95.700000,2.020000,984.970000
1070,Exit long,2026-02-22 12:15,1972.910000,1,-4.220000,-0.2100,5.540000,6.030000,929.170000
1070,Entry long,2026-02-22 10:30,1977.130000,1,-4.220000,-0.2100,5.540000,6.030000,929.170000
1069,Exit long,2026-02-22 06:45,1975.210000,1,-1.050000,-0.0500,2.330000,1.230000,933.390000
1069,Entry long,2026-02-22 06:30,1976.260000,1,-1.050000,-0.0500,2.330000,1.230000,933.390000
1068,Exit long,2026-02-21 21:00,1973.150000,1,9.270000,0.4700,32.760000,1.020000,934.440000
1068,Entry long,2026-02-21 08:15,1963.880000,1,9.270000,0.4700,32.760000,1.020000,934.440000
1067,Exit long,2026-02-21 03:15,1959.810000,1,-8.800000,-0.4500,1.380000,10.210000,925.170000
1067,Entry long,2026-02-21 02:30,1968.610000,1,-8.800000,-0.4500,1.380000,10.210000,925.170000
1066,Exit short,2026-02-20 15:30,1955.580000,1,-3.170000,-0.1600,30.880000,27.860000,933.970000
1066,Entry short,2026-02-20 11:30,1952.410000,1,-3.170000,-0.1600,30.880000,27.860000,933.970000
1065,Exit short,2026-02-20 05:45,1958.870000,1,-21.890000,-1.1300,3.940000,27.860000,937.140000
1065,Entry short,2026-02-20 04:30,1936.980000,1,-21.890000,-1.1300,3.940000,27.860000,937.140000
1064,Exit short,2026-02-19 18:45,1939.490000,1,23.450000,1.1900,57.440000,4.790000,959.030000
1064,Entry short,2026-02-19 10:00,1962.940000,1,23.450000,1.1900,57.440000,4.790000,959.030000
1063,Exit short,2026-02-18 02:45,1989.790000,1,1.430000,0.0700,23.950000,0.690000,935.580000
1063,Entry short,2026-02-18 00:45,1991.220000,1,1.430000,0.0700,23.950000,0.690000,935.580000
1062,Exit short,2026-02-17 18:30,1989.000000,1,-29.940000,-1.5300,6.450000,31.660000,934.150000
1062,Entry short,2026-02-17 17:45,1959.060000,1,-29.940000,-1.5300,6.450000,31.660000,934.150000
1061,Exit short,2026-02-17 16:15,1986.340000,1,-38.790000,-1.9900,7.540000,47.450000,964.090000
1061,Entry short,2026-02-17 15:00,1947.550000,1,-38.790000,-1.9900,7.540000,47.450000,964.090000
1060,Exit short,2026-02-17 04:30,1992.380000,1,-4.330000,-0.2200,6.000000,9.940000,1002.880000
1060,Entry short,2026-02-17 03:45,1988.050000,1,-4.330000,-0.2200,6.000000,9.940000,1002.880000
1059,Exit short,2026-02-16 19:45,1977.070000,1,-6.380000,-0.3200,5.550000,8.490000,1007.210000
1059,Entry short,2026-02-16 19:15,1970.690000,1,-6.380000,-0.3200,5.550000,8.490000,1007.210000
1058,Exit short,2026-02-16 16:45,1973.020000,1,-6.100000,-0.3100,31.530000,18.830000,1013.590000
1058,Entry short,2026-02-16 14:15,1966.920000,1,-6.100000,-0.3100,31.530000,18.830000,1013.590000
1057,Exit short,2026-02-16 12:00,1975.150000,1,-8.140000,-0.4100,0.010000,11.490000,1019.690000
1057,Entry short,2026-02-16 11:45,1967.010000,1,-8.140000,-0.4100,0.010000,11.490000,1019.690000
1056,Exit short,2026-02-16 07:00,1965.730000,1,-10.660000,-0.5500,0.510000,11.560000,1027.830000
1056,Entry short,2026-02-16 05:45,1955.070000,1,-10.660000,-0.5500,0.510000,11.560000,1027.830000
1055,Exit short,2026-02-16 04:45,1964.690000,1,-2.730000,-0.1400,14.720000,7.540000,1038.490000
1055,Entry short,2026-02-16 02:00,1961.960000,1,-2.730000,-0.1400,14.720000,7.540000,1038.490000
1054,Exit long,2026-02-15 08:30,2075.420000,1,-0.290000,-0.0100,27.020000,1.480000,1041.220000
1054,Entry long,2026-02-15 05:00,2075.710000,1,-0.290000,-0.0100,27.020000,1.480000,1041.220000
1053,Exit long,2026-02-15 00:30,2080.800000,1,-3.200000,-0.1500,14.940000,17.520000,1041.510000
1053,Entry long,2026-02-14 15:00,2084.000000,1,-3.200000,-0.1500,14.940000,17.520000,1041.510000
1052,Exit long,2026-02-14 13:45,2070.600000,1,18.220000,0.8900,54.640000,2.940000,1044.710000
1052,Entry long,2026-02-14 06:45,2052.380000,1,18.220000,0.8900,54.640000,2.940000,1044.710000
1051,Exit short,2026-02-13 07:15,1945.990000,1,-7.740000,-0.4000,14.960000,9.610000,1026.490000
1051,Entry short,2026-02-13 05:30,1938.250000,1,-7.740000,-0.4000,14.960000,9.610000,1026.490000
1050,Exit short,2026-02-12 22:45,1934.000000,1,31.970000,1.6300,72.200000,13.220000,1034.230000
1050,Entry short,2026-02-12 15:15,1965.970000,1,31.970000,1.6300,72.200000,13.220000,1034.230000
1049,Exit short,2026-02-12 09:00,1964.600000,1,-5.600000,-0.2900,-0.000000,7.050000,1002.260000
1049,Entry short,2026-02-12 08:45,1959.000000,1,-5.600000,-0.2900,-0.000000,7.050000,1002.260000
1048,Exit short,2026-02-12 00:15,1951.890000,1,-16.090000,-0.8300,3.800000,16.720000,1007.860000
1048,Entry short,2026-02-11 23:30,1935.800000,1,-16.090000,-0.8300,3.800000,16.720000,1007.860000
1047,Exit short,2026-02-11 19:15,1952.020000,1,-35.240000,-1.8400,9.250000,42.070000,1023.950000
1047,Entry short,2026-02-11 15:15,1916.780000,1,-35.240000,-1.8400,9.250000,42.070000,1023.950000
1046,Exit short,2026-02-11 14:00,1959.430000,1,49.410000,2.4600,78.450000,12.090000,1059.190000
1046,Entry short,2026-02-11 03:15,2008.840000,1,49.410000,2.4600,78.450000,12.090000,1059.190000
1045,Exit short,2026-02-10 23:45,2019.530000,1,-10.540000,-0.5200,14.880000,15.950000,1009.780000
1045,Entry short,2026-02-10 18:45,2008.990000,1,-10.540000,-0.5200,14.880000,15.950000,1009.780000
1044,Exit short,2026-02-10 15:45,2023.960000,1,-21.780000,-1.0900,10.920000,26.810000,1020.320000
1044,Entry short,2026-02-10 14:45,2002.180000,1,-21.780000,-1.0900,10.920000,26.810000,1020.320000
1043,Exit long,2026-02-10 02:45,2103.830000,1,-16.070000,-0.7600,3.800000,16.610000,1042.100000
1043,Entry long,2026-02-10 01:45,2119.900000,1,-16.070000,-0.7600,3.800000,16.610000,1042.100000
1042,Exit short,2026-02-09 15:45,2060.590000,1,-24.670000,-1.2100,1.630000,28.960000,1058.170000
1042,Entry short,2026-02-09 15:30,2035.920000,1,-24.670000,-1.2100,1.630000,28.960000,1058.170000
1041,Exit long,2026-02-09 04:15,2089.760000,1,-9.250000,-0.4400,1.870000,10.010000,1082.840000
1041,Entry long,2026-02-09 04:00,2099.010000,1,-9.250000,-0.4400,1.870000,10.010000,1082.840000
1040,Exit long,2026-02-08 23:30,2091.110000,1,-26.820000,-1.2700,4.920000,37.720000,1092.090000
1040,Entry long,2026-02-08 23:15,2117.930000,1,-26.820000,-1.2700,4.920000,37.720000,1092.090000
1039,Exit long,2026-02-08 21:00,2103.490000,1,-8.200000,-0.3900,17.190000,13.310000,1118.910000
1039,Entry long,2026-02-08 19:30,2111.690000,1,-8.200000,-0.3900,17.190000,13.310000,1118.910000
1038,Exit long,2026-02-08 15:30,2101.540000,1,0.070000,0.0000,42.880000,19.470000,1127.110000
1038,Entry long,2026-02-08 08:30,2101.470000,1,0.070000,0.0000,42.880000,19.470000,1127.110000
1037,Exit long,2026-02-08 03:45,2084.370000,1,-10.650000,-0.5100,10.980000,14.430000,1127.040000
1037,Entry long,2026-02-08 02:00,2095.020000,1,-10.650000,-0.5100,10.980000,14.430000,1127.040000
1036,Exit long,2026-02-07 13:45,2032.500000,1,-21.400000,-1.0400,16.050000,26.630000,1137.690000
1036,Entry long,2026-02-07 12:30,2053.900000,1,-21.400000,-1.0400,16.050000,26.630000,1137.690000
1035,Exit long,2026-02-07 07:00,2046.550000,1,-12.240000,-0.5900,60.080000,12.830000,1159.090000
1035,Entry long,2026-02-07 02:15,2058.790000,1,-12.240000,-0.5900,60.080000,12.830000,1159.090000
1034,Exit short,2026-02-07 01:15,2034.870000,1,8.220000,0.4000,11.330000,3.980000,1171.330000
1034,Entry short,2026-02-07 01:00,2043.090000,1,8.220000,0.4000,11.330000,3.980000,1171.330000
1033,Exit short,2026-02-06 09:45,1913.860000,1,-15.650000,-0.8200,32.970000,18.470000,1163.110000
1033,Entry short,2026-02-06 08:00,1898.210000,1,-15.650000,-0.8200,32.970000,18.470000,1163.110000
1032,Exit short,2026-02-06 01:45,1920.400000,1,165.820000,7.9500,350.200000,21.120000,1178.760000
1032,Entry short,2026-02-05 11:15,2086.220000,1,165.820000,7.9500,350.200000,21.120000,1178.760000
1031,Exit short,2026-02-05 09:15,2138.380000,1,-12.860000,-0.6100,64.300000,37.580000,1012.940000
1031,Entry short,2026-02-05 02:15,2125.520000,1,-12.860000,-0.6100,64.300000,37.580000,1012.940000
1030,Exit short,2026-02-05 00:45,2155.080000,1,-32.070000,-1.5100,37.010000,44.680000,1025.800000
1030,Entry short,2026-02-04 21:45,2123.010000,1,-32.070000,-1.5100,37.010000,44.680000,1025.800000
1029,Exit short,2026-02-04 20:15,2166.020000,1,93.880000,4.1500,186.220000,7.890000,1057.870000
1029,Entry short,2026-02-04 09:30,2259.900000,1,93.880000,4.1500,186.220000,7.890000,1057.870000
1028,Exit short,2026-02-04 01:15,2272.220000,1,-34.800000,-1.5600,21.730000,36.580000,963.990000
1028,Entry short,2026-02-03 23:45,2237.420000,1,-34.800000,-1.5600,21.730000,36.580000,963.990000
1027,Exit short,2026-02-03 16:00,2302.160000,1,-46.500000,-2.0600,5.000000,58.180000,998.790000
1027,Entry short,2026-02-03 15:00,2255.660000,1,-46.500000,-2.0600,5.000000,58.180000,998.790000
1026,Exit short,2026-02-03 08:45,2327.970000,1,0.330000,0.0100,31.850000,4.700000,1045.290000
1026,Entry short,2026-02-03 05:30,2328.300000,1,0.330000,0.0100,31.850000,4.700000,1045.290000
1025,Exit short,2026-02-03 04:00,2343.100000,1,-14.200000,-0.6100,46.890000,15.370000,1044.960000
1025,Entry short,2026-02-03 02:30,2328.900000,1,-14.200000,-0.6100,46.890000,15.370000,1044.960000
1024,Exit short,2026-02-02 20:15,2325.140000,1,4.610000,0.2000,7.990000,9.430000,1059.160000
1024,Entry short,2026-02-02 20:00,2329.750000,1,4.610000,0.2000,7.990000,9.430000,1059.160000
1023,Exit short,2026-02-02 08:45,2246.150000,1,138.170000,5.7900,228.320000,39.340000,1054.550000
1023,Entry short,2026-02-01 10:45,2384.320000,1,138.170000,5.7900,228.320000,39.340000,1054.550000
1022,Exit short,2026-02-01 10:15,2436.310000,1,-10.270000,-0.4200,34.000000,13.950000,916.380000
1022,Entry short,2026-02-01 05:45,2426.040000,1,-10.270000,-0.4200,34.000000,13.950000,916.380000
1021,Exit short,2026-01-31 23:30,2453.260000,1,245.250000,9.0900,496.110000,9.050000,926.650000
1021,Entry short,2026-01-31 02:00,2698.510000,1,245.250000,9.0900,496.110000,9.050000,926.650000
1020,Exit short,2026-01-31 01:15,2711.130000,1,-6.080000,-0.2200,1.050000,6.950000,681.400000
1020,Entry short,2026-01-31 01:00,2705.050000,1,-6.080000,-0.2200,1.050000,6.950000,681.400000
1019,Exit short,2026-01-31 00:45,2712.310000,1,-30.900000,-1.1500,18.940000,32.380000,687.480000
1019,Entry short,2026-01-30 20:30,2681.410000,1,-30.900000,-1.1500,18.940000,32.380000,687.480000
1018,Exit short,2026-01-30 19:00,2739.260000,1,-30.120000,-1.1100,74.510000,40.460000,718.380000
1018,Entry short,2026-01-30 15:30,2709.140000,1,-30.120000,-1.1100,74.510000,40.460000,718.380000
1017,Exit short,2026-01-30 14:45,2757.720000,1,-28.940000,-1.0600,6.460000,33.900000,748.500000
1017,Entry short,2026-01-30 14:00,2728.780000,1,-28.940000,-1.0600,6.460000,33.900000,748.500000
1016,Exit short,2026-01-30 12:00,2758.490000,1,47.610000,1.7000,132.770000,9.830000,777.440000
1016,Entry short,2026-01-30 00:30,2806.100000,1,47.610000,1.7000,132.770000,9.830000,777.440000
1015,Exit long,2026-01-28 21:00,3010.670000,1,-10.190000,-0.3400,17.240000,14.060000,729.830000
1015,Entry long,2026-01-28 20:15,3020.860000,1,-10.190000,-0.3400,17.240000,14.060000,729.830000
1014,Exit long,2026-01-28 15:00,3011.600000,1,-4.640000,-0.1500,28.760000,10.240000,740.020000
1014,Entry long,2026-01-28 10:00,3016.240000,1,-4.640000,-0.1500,28.760000,10.240000,740.020000
1013,Exit long,2026-01-28 08:15,2997.790000,1,-11.370000,-0.3800,8.930000,12.480000,744.660000
1013,Entry long,2026-01-28 06:30,3009.160000,1,-11.370000,-0.3800,8.930000,12.480000,744.660000
1012,Exit long,2026-01-27 14:45,2909.790000,1,-17.800000,-0.6100,5.700000,22.090000,756.030000
1012,Entry long,2026-01-27 14:30,2927.590000,1,-17.800000,-0.6100,5.700000,22.090000,756.030000
1011,Exit long,2026-01-27 06:45,2923.810000,1,-6.610000,-0.2300,27.580000,6.880000,773.830000
1011,Entry long,2026-01-27 01:30,2930.420000,1,-6.610000,-0.2300,27.580000,6.880000,773.830000
1010,Exit short,2026-01-26 21:30,2910.270000,1,-4.040000,-0.1400,3.850000,4.040000,780.440000
1010,Entry short,2026-01-26 21:15,2906.230000,1,-4.040000,-0.1400,3.850000,4.040000,780.440000
1009,Exit short,2026-01-26 17:30,2895.650000,1,2.180000,0.0800,8.950000,7.270000,784.480000
1009,Entry short,2026-01-26 17:15,2897.830000,1,2.180000,0.0800,8.950000,7.270000,784.480000
1008,Exit short,2026-01-26 14:45,2916.270000,1,-30.800000,-1.0700,12.690000,47.530000,782.300000
1008,Entry short,2026-01-26 14:30,2885.470000,1,-30.800000,-1.0700,12.690000,47.530000,782.300000
1007,Exit short,2026-01-26 01:00,2840.580000,1,93.360000,3.1800,149.790000,10.140000,813.100000
1007,Entry short,2026-01-25 11:45,2933.940000,1,93.360000,3.1800,149.790000,10.140000,813.100000
1006,Exit short,2026-01-25 01:00,2957.640000,1,-4.870000,-0.1600,1.770000,4.870000,719.740000
1006,Entry short,2026-01-24 23:45,2952.770000,1,-4.870000,-0.1600,1.770000,4.870000,719.740000
1005,Exit short,2026-01-24 22:15,2961.620000,1,-5.230000,-0.1800,9.390000,6.610000,724.610000
1005,Entry short,2026-01-24 19:30,2956.390000,1,-5.230000,-0.1800,9.390000,6.610000,724.610000
1004,Exit short,2026-01-24 17:15,2961.920000,1,-6.380000,-0.2200,5.290000,7.840000,729.840000
1004,Entry short,2026-01-24 16:00,2955.540000,1,-6.380000,-0.2200,5.290000,7.840000,729.840000
1003,Exit short,2026-01-24 10:45,2959.510000,1,-1.420000,-0.0500,0.640000,1.910000,736.220000
1003,Entry short,2026-01-24 10:30,2958.090000,1,-1.420000,-0.0500,0.640000,1.910000,736.220000
1002,Exit short,2026-01-24 07:45,2957.790000,1,-1.410000,-0.0500,0.560000,1.600000,737.640000
1002,Entry short,2026-01-24 07:30,2956.380000,1,-1.410000,-0.0500,0.560000,1.600000,737.640000
1001,Exit short,2026-01-23 22:30,2956.610000,1,-7.620000,-0.2600,19.990000,9.970000,739.050000
1001,Entry short,2026-01-23 20:30,2948.990000,1,-7.620000,-0.2600,19.990000,9.970000,739.050000
1000,Exit short,2026-01-23 16:00,2951.080000,1,2.920000,0.1000,63.800000,11.000000,746.670000
1000,Entry short,2026-01-23 06:45,2954.000000,1,2.920000,0.1000,63.800000,11.000000,746.670000
999,Exit short,2026-01-22 23:45,2948.630000,1,-2.130000,-0.0700,0.650000,8.080000,743.750000
999,Entry short,2026-01-22 23:15,2946.500000,1,-2.130000,-0.0700,0.650000,8.080000,743.750000
998,Exit short,2026-01-22 07:30,3009.060000,1,1.810000,0.0600,6.540000,0.850000,745.880000
998,Entry short,2026-01-22 07:15,3010.870000,1,1.810000,0.0600,6.540000,0.850000,745.880000
997,Exit short,2026-01-21 19:30,2983.200000,1,-95.890000,-3.3200,23.020000,98.130000,744.070000
997,Entry short,2026-01-21 16:45,2887.310000,1,-95.890000,-3.3200,23.020000,98.130000,744.070000
996,Exit short,2026-01-21 14:15,2972.480000,1,-3.460000,-0.1200,68.710000,10.260000,839.960000
996,Entry short,2026-01-21 08:00,2969.020000,1,-3.460000,-0.1200,68.710000,10.260000,839.960000
995,Exit short,2026-01-21 03:45,2981.280000,1,232.530000,7.2400,303.810000,1.690000,843.420000
995,Entry short,2026-01-19 21:15,3213.810000,1,232.530000,7.2400,303.810000,1.690000,843.420000
994,Exit short,2026-01-19 19:30,3216.920000,1,-7.860000,-0.2400,2.450000,14.440000,610.890000
994,Entry short,2026-01-19 18:30,3209.060000,1,-7.860000,-0.2400,2.450000,14.440000,610.890000
993,Exit short,2026-01-19 16:45,3217.510000,1,-9.510000,-0.3000,3.800000,11.990000,618.750000
993,Entry short,2026-01-19 14:30,3208.000000,1,-9.510000,-0.3000,3.800000,11.990000,618.750000
992,Exit long,2026-01-18 23:15,3327.560000,1,13.630000,0.4100,54.050000,1.380000,628.260000
992,Entry long,2026-01-18 09:00,3313.930000,1,13.630000,0.4100,54.050000,1.380000,628.260000
991,Exit long,2026-01-18 07:15,3306.520000,1,-8.110000,-0.2400,2.060000,10.430000,614.630000
991,Entry long,2026-01-18 03:45,3314.630000,1,-8.110000,-0.2400,2.060000,10.430000,614.630000
990,Exit short,2026-01-17 07:00,3289.870000,1,-2.670000,-0.0800,0.360000,5.440000,622.740000
990,Entry short,2026-01-17 06:30,3287.200000,1,-2.670000,-0.0800,0.360000,5.440000,622.740000
989,Exit short,2026-01-17 05:00,3290.710000,1,-2.590000,-0.0800,3.450000,3.380000,625.410000
989,Entry short,2026-01-17 04:00,3288.120000,1,-2.590000,-0.0800,3.450000,3.380000,625.410000
988,Exit short,2026-01-17 03:00,3291.140000,1,-5.160000,-0.1600,3.590000,5.800000,628.000000
988,Entry short,2026-01-17 02:15,3285.980000,1,-5.160000,-0.1600,3.590000,5.800000,628.000000
987,Exit long,2026-01-16 14:45,3292.870000,1,-20.460000,-0.6200,3.840000,25.350000,633.160000
987,Entry long,2026-01-16 14:30,3313.330000,1,-20.460000,-0.6200,3.840000,25.350000,633.160000
986,Exit long,2026-01-16 13:45,3302.770000,1,-8.070000,-0.2400,1.070000,17.550000,653.620000
986,Entry long,2026-01-16 12:45,3310.840000,1,-8.070000,-0.2400,1.070000,17.550000,653.620000
985,Exit long,2026-01-16 07:30,3306.460000,1,-0.540000,-0.0200,8.820000,1.500000,661.690000
985,Entry long,2026-01-16 06:30,3307.000000,1,-0.540000,-0.0200,8.820000,1.500000,661.690000
984,Exit long,2026-01-15 23:15,3310.120000,1,2.420000,0.0700,3.210000,7.150000,662.230000
984,Entry long,2026-01-15 23:00,3307.700000,1,2.420000,0.0700,3.210000,7.150000,662.230000
983,Exit long,2026-01-15 08:30,3320.420000,1,-4.040000,-0.1200,9.470000,4.240000,659.810000
983,Entry long,2026-01-15 07:30,3324.460000,1,-4.040000,-0.1200,9.470000,4.240000,659.810000
982,Exit long,2026-01-14 18:45,3319.380000,1,0.210000,0.0100,84.600000,3.220000,663.850000
982,Entry long,2026-01-14 14:45,3319.170000,1,0.210000,0.0100,84.600000,3.220000,663.850000
981,Exit long,2026-01-14 10:30,3314.230000,1,-16.380000,-0.4900,1.720000,24.790000,663.640000
981,Entry long,2026-01-14 10:15,3330.610000,1,-16.380000,-0.4900,1.720000,24.790000,663.640000
980,Exit short,2026-01-13 03:15,3107.980000,1,-15.800000,-0.5100,0.280000,16.820000,680.020000
980,Entry short,2026-01-13 01:45,3092.180000,1,-15.800000,-0.5100,0.280000,16.820000,680.020000
979,Exit long,2026-01-12 20:30,3109.890000,1,-9.890000,-0.3200,0.000000,12.330000,695.820000
979,Entry long,2026-01-12 20:15,3119.780000,1,-9.890000,-0.3200,0.000000,12.330000,695.820000
978,Exit long,2026-01-12 17:30,3112.550000,1,-16.110000,-0.5100,17.270000,19.660000,705.710000
978,Entry long,2026-01-12 16:00,3128.660000,1,-16.110000,-0.5100,17.270000,19.660000,705.710000
977,Exit long,2026-01-12 08:00,3133.960000,1,7.350000,0.2400,44.270000,14.410000,721.820000
977,Entry long,2026-01-12 01:15,3126.610000,1,7.350000,0.2400,44.270000,14.410000,721.820000
976,Exit long,2026-01-12 00:45,3104.780000,1,-14.140000,-0.4500,3.080000,16.740000,714.470000
976,Entry long,2026-01-12 00:30,3118.920000,1,-14.140000,-0.4500,3.080000,16.740000,714.470000
975,Exit long,2026-01-12 00:15,3114.320000,1,-7.680000,-0.2500,0.220000,14.550000,728.610000
975,Entry long,2026-01-12 00:00,3122.000000,1,-7.680000,-0.2500,0.220000,14.550000,728.610000
974,Exit short,2026-01-11 00:30,3090.140000,1,0.680000,0.0200,13.740000,1.990000,736.290000
974,Entry short,2026-01-10 18:15,3090.820000,1,0.680000,0.0200,13.740000,1.990000,736.290000
973,Exit short,2026-01-10 15:15,3093.110000,1,-3.110000,-0.1000,0.920000,3.910000,735.610000
973,Entry short,2026-01-10 14:45,3090.000000,1,-3.110000,-0.1000,0.920000,3.910000,735.610000
972,Exit short,2026-01-10 06:30,3085.990000,1,-6.430000,-0.2100,2.340000,8.300000,738.720000
972,Entry short,2026-01-10 03:15,3079.560000,1,-6.430000,-0.2100,2.340000,8.300000,738.720000
971,Exit short,2026-01-10 01:45,3089.100000,1,-4.710000,-0.1500,20.390000,13.230000,745.150000
971,Entry short,2026-01-09 18:30,3084.390000,1,-4.710000,-0.1500,20.390000,13.230000,745.150000
970,Exit short,2026-01-09 15:30,3129.040000,1,-19.280000,-0.6200,52.970000,27.230000,749.860000
970,Entry short,2026-01-09 08:00,3109.760000,1,-19.280000,-0.6200,52.970000,27.230000,749.860000
969,Exit short,2026-01-09 03:45,3113.530000,1,-7.370000,-0.2400,2.520000,9.540000,769.140000
969,Entry short,2026-01-09 03:30,3106.160000,1,-7.370000,-0.2400,2.520000,9.540000,769.140000
968,Exit short,2026-01-09 02:15,3122.100000,1,-17.780000,-0.5700,2.230000,20.730000,776.510000
968,Entry short,2026-01-09 02:00,3104.320000,1,-17.780000,-0.5700,2.230000,20.730000,776.510000
967,Exit short,2026-01-09 01:00,3114.700000,1,-9.260000,-0.3000,2.340000,11.300000,794.290000
967,Entry short,2026-01-09 00:00,3105.440000,1,-9.260000,-0.3000,2.340000,11.300000,794.290000
966,Exit short,2026-01-08 21:45,3116.290000,1,-20.750000,-0.6700,5.410000,24.950000,803.550000
966,Entry short,2026-01-08 20:15,3095.540000,1,-20.750000,-0.6700,5.410000,24.950000,803.550000
965,Exit short,2026-01-08 17:00,3120.820000,1,30.680000,0.9700,99.070000,8.790000,824.300000
965,Entry short,2026-01-08 03:30,3151.500000,1,30.680000,0.9700,99.070000,8.790000,824.300000
964,Exit long,2026-01-07 04:45,3261.170000,1,-12.210000,-0.3700,1.620000,21.380000,793.620000
964,Entry long,2026-01-07 03:30,3273.380000,1,-12.210000,-0.3700,1.620000,21.380000,793.620000
963,Exit long,2026-01-07 01:30,3254.880000,1,1.440000,0.0400,48.200000,7.840000,805.830000
963,Entry long,2026-01-06 21:15,3253.440000,1,1.440000,0.0400,48.200000,7.840000,805.830000
962,Exit long,2026-01-06 16:45,3241.490000,1,13.830000,0.4300,80.340000,2.130000,804.390000
962,Entry long,2026-01-06 10:30,3227.660000,1,13.830000,0.4300,80.340000,2.130000,804.390000
961,Exit long,2026-01-06 07:45,3217.470000,1,-29.430000,-0.9100,8.040000,36.730000,790.560000
961,Entry long,2026-01-06 06:45,3246.900000,1,-29.430000,-0.9100,8.040000,36.730000,790.560000
960,Exit long,2026-01-06 05:45,3217.520000,1,-12.690000,-0.3900,2.160000,14.600000,819.990000
960,Entry long,2026-01-06 04:15,3230.210000,1,-12.690000,-0.3900,2.160000,14.600000,819.990000
959,Exit long,2026-01-06 02:00,3216.970000,1,-24.750000,-0.7600,1.320000,26.680000,832.680000
959,Entry long,2026-01-06 01:30,3241.720000,1,-24.750000,-0.7600,1.320000,26.680000,832.680000
958,Exit long,2026-01-05 17:30,3164.620000,1,-26.890000,-0.8400,10.180000,34.500000,857.430000
958,Entry long,2026-01-05 15:45,3191.510000,1,-26.890000,-0.8400,10.180000,34.500000,857.430000
957,Exit long,2026-01-05 13:30,3158.770000,1,-8.480000,-0.2700,16.110000,12.250000,884.320000
957,Entry long,2026-01-05 10:00,3167.250000,1,-8.480000,-0.2700,16.110000,12.250000,884.320000
956,Exit long,2026-01-04 22:45,3135.830000,1,-2.000000,-0.0600,17.170000,2.520000,892.800000
956,Entry long,2026-01-04 20:45,3137.830000,1,-2.000000,-0.0600,17.170000,2.520000,892.800000
955,Exit long,2026-01-04 11:45,3137.640000,1,-7.510000,-0.2400,0.970000,11.280000,894.800000
955,Entry long,2026-01-04 10:15,3145.150000,1,-7.510000,-0.2400,0.970000,11.280000,894.800000
954,Exit long,2026-01-03 13:45,3101.690000,1,-0.540000,-0.0200,4.340000,0.540000,902.310000
954,Entry long,2026-01-03 13:30,3102.230000,1,-0.540000,-0.0200,4.340000,0.540000,902.310000
953,Exit long,2026-01-03 03:15,3121.280000,1,136.470000,4.5700,164.190000,1.140000,902.850000
953,Entry long,2026-01-01 17:15,2984.810000,1,136.470000,4.5700,164.190000,1.140000,902.850000
952,Exit long,2026-01-01 16:45,2980.800000,1,-6.460000,-0.2200,6.650000,7.790000,766.380000
952,Entry long,2026-01-01 15:45,2987.260000,1,-6.460000,-0.2200,6.650000,7.790000,766.380000
951,Exit long,2026-01-01 14:00,2981.420000,1,1.090000,0.0400,11.610000,1.530000,772.840000
951,Entry long,2026-01-01 08:30,2980.330000,1,1.090000,0.0400,11.610000,1.530000,772.840000
950,Exit long,2026-01-01 06:30,2978.110000,1,-2.400000,-0.0800,0.010000,3.670000,771.750000
950,Entry long,2026-01-01 06:00,2980.510000,1,-2.400000,-0.0800,0.010000,3.670000,771.750000
949,Exit long,2026-01-01 04:00,2979.010000,1,0.330000,0.0100,9.800000,0.980000,774.150000
949,Entry long,2026-01-01 01:00,2978.680000,1,0.330000,0.0100,9.800000,0.980000,774.150000
948,Exit long,2025-12-31 22:45,2975.340000,1,-5.700000,-0.1900,2.330000,6.160000,773.820000
948,Entry long,2025-12-31 22:00,2981.040000,1,-5.700000,-0.1900,2.330000,6.160000,773.820000
947,Exit long,2025-12-31 15:15,2978.500000,1,2.920000,0.1000,52.150000,8.450000,779.520000
947,Entry long,2025-12-31 10:00,2975.580000,1,2.920000,0.1000,52.150000,8.450000,779.520000
946,Exit long,2025-12-31 08:45,2965.810000,1,-11.860000,-0.4000,0.910000,15.460000,776.600000
946,Entry long,2025-12-31 05:30,2977.670000,1,-11.860000,-0.4000,0.910000,15.460000,776.600000
945,Exit long,2025-12-31 03:45,2968.140000,1,-9.510000,-0.3200,6.320000,13.130000,788.460000
945,Entry long,2025-12-31 01:30,2977.650000,1,-9.510000,-0.3200,6.320000,13.130000,788.460000
944,Exit long,2025-12-31 00:15,2965.080000,1,-7.110000,-0.2400,1.670000,8.190000,797.970000
944,Entry long,2025-12-30 23:30,2972.190000,1,-7.110000,-0.2400,1.670000,8.190000,797.970000
943,Exit short,2025-12-30 03:30,2939.270000,1,-8.370000,-0.2900,13.420000,12.850000,805.080000
943,Entry short,2025-12-30 01:30,2930.900000,1,-8.370000,-0.2900,13.420000,12.850000,805.080000
942,Exit long,2025-12-29 09:00,3013.270000,1,70.190000,2.3800,112.920000,3.980000,813.450000
942,Entry long,2025-12-28 22:45,2943.080000,1,70.190000,2.3800,112.920000,3.980000,813.450000
941,Exit long,2025-12-28 16:30,2941.350000,1,-1.090000,-0.0400,17.550000,3.930000,743.260000
941,Entry long,2025-12-28 14:15,2942.440000,1,-1.090000,-0.0400,17.550000,3.930000,743.260000
940,Exit long,2025-12-28 14:00,2939.230000,1,-1.660000,-0.0600,0.010000,2.580000,744.350000
940,Entry long,2025-12-28 13:45,2940.890000,1,-1.660000,-0.0600,0.010000,2.580000,744.350000
939,Exit long,2025-12-28 12:45,2938.780000,1,-2.360000,-0.0800,4.690000,4.940000,746.010000
939,Entry long,2025-12-28 10:30,2941.140000,1,-2.360000,-0.0800,4.690000,4.940000,746.010000
938,Exit long,2025-12-28 09:45,2933.920000,1,-7.310000,-0.2500,1.770000,11.220000,748.370000
938,Entry long,2025-12-28 09:15,2941.230000,1,-7.310000,-0.2500,1.770000,11.220000,748.370000
937,Exit long,2025-12-28 09:00,2938.620000,1,-1.660000,-0.0600,0.630000,3.440000,755.680000
937,Entry long,2025-12-28 08:45,2940.280000,1,-1.660000,-0.0600,0.630000,3.440000,755.680000
936,Exit short,2025-12-27 13:45,2930.900000,1,-2.800000,-0.1000,4.100000,3.540000,757.340000
936,Entry short,2025-12-27 13:15,2928.100000,1,-2.800000,-0.1000,4.100000,3.540000,757.340000
935,Exit short,2025-12-27 12:45,2932.000000,1,-8.840000,-0.3000,1.720000,9.260000,760.140000
935,Entry short,2025-12-27 10:45,2923.160000,1,-8.840000,-0.3000,1.720000,9.260000,760.140000
934,Exit short,2025-12-27 03:30,2927.870000,1,-4.220000,-0.1400,3.650000,9.350000,768.980000
934,Entry short,2025-12-26 22:00,2923.650000,1,-4.220000,-0.1400,3.650000,9.350000,768.980000
933,Exit long,2025-12-26 14:45,2955.800000,1,-12.340000,-0.4200,16.790000,17.140000,773.200000
933,Entry long,2025-12-26 12:15,2968.140000,1,-12.340000,-0.4200,16.790000,17.140000,773.200000
932,Exit long,2025-12-26 12:00,2963.650000,1,-6.340000,-0.2100,5.490000,9.030000,785.540000
932,Entry long,2025-12-26 09:45,2969.990000,1,-6.340000,-0.2100,5.490000,9.030000,785.540000
931,Exit short,2025-12-26 02:15,2952.490000,1,-6.740000,-0.2300,56.870000,8.720000,791.880000
931,Entry short,2025-12-25 22:00,2945.750000,1,-6.740000,-0.2300,56.870000,8.720000,791.880000
930,Exit short,2025-12-25 15:00,2931.730000,1,-8.740000,-0.3000,0.090000,11.350000,798.620000
930,Entry short,2025-12-25 14:30,2922.990000,1,-8.740000,-0.3000,0.090000,11.350000,798.620000
929,Exit short,2025-12-25 05:00,2943.640000,1,-0.010000,-0.0000,2.630000,1.800000,807.360000
929,Entry short,2025-12-25 04:15,2943.630000,1,-0.010000,-0.0000,2.630000,1.800000,807.360000
928,Exit short,2025-12-25 01:15,2943.170000,1,-2.470000,-0.0800,6.040000,3.000000,807.370000
928,Entry short,2025-12-25 00:45,2940.700000,1,-2.470000,-0.0800,6.040000,3.000000,807.370000
927,Exit short,2025-12-24 16:15,2930.590000,1,-3.790000,-0.1300,40.050000,8.080000,809.840000
927,Entry short,2025-12-24 14:30,2926.800000,1,-3.790000,-0.1300,40.050000,8.080000,809.840000
926,Exit short,2025-12-24 14:15,2933.350000,1,-6.580000,-0.2200,0.580000,8.750000,813.630000
926,Entry short,2025-12-24 13:45,2926.770000,1,-6.580000,-0.2200,0.580000,8.750000,813.630000
925,Exit short,2025-12-24 13:00,2935.010000,1,14.150000,0.4800,36.980000,8.780000,820.210000
925,Entry short,2025-12-24 02:15,2949.160000,1,14.150000,0.4800,36.980000,8.780000,820.210000
924,Exit short,2025-12-23 20:15,2947.780000,1,18.270000,0.6200,66.750000,0.810000,806.060000
924,Entry short,2025-12-23 12:15,2966.050000,1,18.270000,0.6200,66.750000,0.810000,806.060000
923,Exit long,2025-12-23 00:00,3008.500000,1,3.760000,0.1300,3.840000,4.180000,787.790000
923,Entry long,2025-12-22 23:45,3004.740000,1,3.760000,0.1300,3.840000,4.180000,787.790000
922,Exit long,2025-12-22 16:45,3039.280000,1,-10.900000,-0.3600,8.430000,13.540000,784.030000
922,Entry long,2025-12-22 16:15,3050.180000,1,-10.900000,-0.3600,8.430000,13.540000,784.030000
921,Exit long,2025-12-22 02:15,2992.540000,1,6.900000,0.2300,74.750000,19.640000,794.930000
921,Entry long,2025-12-21 22:30,2985.640000,1,6.900000,0.2300,74.750000,19.640000,794.930000
920,Exit long,2025-12-21 18:15,2969.000000,1,-15.570000,-0.5200,2.940000,18.640000,788.030000
920,Entry long,2025-12-21 17:00,2984.570000,1,-15.570000,-0.5200,2.940000,18.640000,788.030000
919,Exit long,2025-12-21 04:45,2974.310000,1,-1.920000,-0.0600,1.060000,2.240000,803.600000
919,Entry long,2025-12-21 04:30,2976.230000,1,-1.920000,-0.0600,1.060000,2.240000,803.600000
918,Exit long,2025-12-21 01:15,2974.490000,1,-4.020000,-0.1300,0.000000,5.410000,805.520000
918,Entry long,2025-12-21 01:00,2978.510000,1,-4.020000,-0.1300,0.000000,5.410000,805.520000
917,Exit long,2025-12-20 22:00,2977.510000,1,-0.840000,-0.0300,6.400000,1.170000,809.540000
917,Entry long,2025-12-20 20:15,2978.350000,1,-0.840000,-0.0300,6.400000,1.170000,809.540000
916,Exit long,2025-12-20 13:15,2976.000000,1,-7.990000,-0.2700,8.980000,8.980000,810.380000
916,Entry long,2025-12-20 11:45,2983.990000,1,-7.990000,-0.2700,8.980000,8.980000,810.380000
915,Exit long,2025-12-20 10:30,2976.960000,1,-10.850000,-0.3600,0.190000,12.470000,818.370000
915,Entry long,2025-12-20 08:30,2987.810000,1,-10.850000,-0.3600,0.190000,12.470000,818.370000
914,Exit long,2025-12-20 07:00,2979.310000,1,-8.530000,-0.2900,4.970000,9.540000,829.220000
914,Entry long,2025-12-20 02:45,2987.840000,1,-8.530000,-0.2900,4.970000,9.540000,829.220000
913,Exit long,2025-12-20 00:30,2978.150000,1,0.350000,0.0100,24.200000,8.570000,837.750000
913,Entry long,2025-12-19 19:30,2977.800000,1,0.350000,0.0100,24.200000,8.570000,837.750000
912,Exit short,2025-12-19 03:00,2834.550000,1,-12.540000,-0.4400,49.040000,45.280000,837.400000
912,Entry short,2025-12-18 17:30,2822.010000,1,-12.540000,-0.4400,49.040000,45.280000,837.400000
911,Exit short,2025-12-18 07:30,2837.190000,1,-11.640000,-0.4100,4.550000,12.220000,849.940000
911,Entry short,2025-12-18 05:30,2825.550000,1,-11.640000,-0.4100,4.550000,12.220000,849.940000
910,Exit short,2025-12-18 04:30,2835.840000,1,-7.920000,-0.2800,1.080000,12.000000,861.580000
910,Entry short,2025-12-18 03:45,2827.920000,1,-7.920000,-0.2800,1.080000,12.000000,861.580000
909,Exit short,2025-12-18 02:45,2839.380000,1,36.720000,1.2800,86.580000,8.110000,869.500000
909,Entry short,2025-12-17 16:15,2876.100000,1,36.720000,1.2800,86.580000,8.110000,869.500000
908,Exit short,2025-12-17 14:00,2943.230000,1,-14.880000,-0.5100,23.060000,25.410000,832.780000
908,Entry short,2025-12-17 08:30,2928.350000,1,-14.880000,-0.5100,23.060000,25.410000,832.780000
907,Exit short,2025-12-17 07:45,2948.460000,1,-2.000000,-0.0700,34.100000,6.660000,847.660000
907,Entry short,2025-12-17 04:00,2946.460000,1,-2.000000,-0.0700,34.100000,6.660000,847.660000
906,Exit short,2025-12-17 02:45,2954.960000,1,-8.400000,-0.2900,4.820000,8.440000,849.660000
906,Entry short,2025-12-17 02:30,2946.560000,1,-8.400000,-0.2900,4.820000,8.440000,849.660000
905,Exit short,2025-12-16 19:45,2943.870000,1,-19.790000,-0.6800,5.230000,19.910000,858.060000
905,Entry short,2025-12-16 19:15,2924.080000,1,-19.790000,-0.6800,5.230000,19.910000,858.060000
904,Exit short,2025-12-16 18:45,2950.210000,1,-20.200000,-0.6900,20.000000,22.460000,877.850000
904,Entry short,2025-12-16 17:30,2930.010000,1,-20.200000,-0.6900,20.000000,22.460000,877.850000
903,Exit short,2025-12-16 16:00,2961.730000,1,-52.640000,-1.8100,23.630000,65.610000,898.050000
903,Entry short,2025-12-16 14:00,2909.090000,1,-52.640000,-1.8100,23.630000,65.610000,898.050000
902,Exit short,2025-12-16 10:45,2954.140000,1,-24.320000,-0.8300,13.650000,31.690000,950.690000
902,Entry short,2025-12-16 07:30,2929.820000,1,-24.320000,-0.8300,13.650000,31.690000,950.690000
901,Exit short,2025-12-16 07:00,2944.480000,1,3.650000,0.1200,78.130000,17.210000,975.010000
901,Entry short,2025-12-16 01:30,2948.130000,1,3.650000,0.1200,78.130000,17.210000,975.010000
900,Exit short,2025-12-15 01:45,3105.520000,1,-24.300000,-0.7900,58.710000,38.780000,971.360000
900,Entry short,2025-12-14 21:00,3081.220000,1,-24.300000,-0.7900,58.710000,38.780000,971.360000
899,Exit short,2025-12-14 16:30,3099.150000,1,11.040000,0.3500,61.870000,2.420000,995.660000
899,Entry short,2025-12-14 09:15,3110.190000,1,11.040000,0.3500,61.870000,2.420000,995.660000
898,Exit short,2025-12-14 08:00,3113.770000,1,-5.460000,-0.1800,5.300000,8.040000,984.620000
898,Entry short,2025-12-14 04:45,3108.310000,1,-5.460000,-0.1800,5.300000,8.040000,984.620000
897,Exit short,2025-12-13 22:30,3106.930000,1,-2.630000,-0.0800,0.130000,7.150000,990.080000
897,Entry short,2025-12-13 22:15,3104.300000,1,-2.630000,-0.0800,0.130000,7.150000,990.080000
896,Exit short,2025-12-13 22:00,3110.140000,1,-7.100000,-0.2300,28.040000,10.910000,992.710000
896,Entry short,2025-12-13 21:00,3103.040000,1,-7.100000,-0.2300,28.040000,10.910000,992.710000
895,Exit short,2025-12-13 18:15,3108.600000,1,-0.790000,-0.0300,13.420000,1.950000,999.810000
895,Entry short,2025-12-13 16:15,3107.810000,1,-0.790000,-0.0300,13.420000,1.950000,999.810000
894,Exit short,2025-12-13 14:00,3108.010000,1,-10.970000,-0.3500,4.400000,11.900000,1000.600000
894,Entry short,2025-12-13 13:30,3097.040000,1,-10.970000,-0.3500,4.400000,11.900000,1000.600000
893,Exit short,2025-12-13 07:00,3092.150000,1,-6.230000,-0.2000,2.930000,8.310000,1011.570000
893,Entry short,2025-12-13 06:15,3085.920000,1,-6.230000,-0.2000,2.930000,8.310000,1011.570000
892,Exit long,2025-12-12 11:00,3242.540000,1,-8.580000,-0.2600,1.630000,12.860000,1017.800000
892,Entry long,2025-12-12 10:15,3251.120000,1,-8.580000,-0.2600,1.630000,12.860000,1017.800000
891,Exit short,2025-12-12 01:30,3231.900000,1,-44.290000,-1.3900,0.000000,47.390000,1026.380000
891,Entry short,2025-12-12 01:00,3187.610000,1,-44.290000,-1.3900,0.000000,47.390000,1026.380000
890,Exit long,2025-12-10 21:45,3354.160000,1,21.860000,0.6600,113.820000,29.690000,1070.670000
890,Entry long,2025-12-10 13:30,3332.300000,1,21.860000,0.6600,113.820000,29.690000,1070.670000
889,Exit long,2025-12-10 11:00,3310.770000,1,-8.330000,-0.2500,55.830000,10.070000,1048.810000
889,Entry long,2025-12-10 04:45,3319.100000,1,-8.330000,-0.2500,55.830000,10.070000,1048.810000
888,Exit long,2025-12-10 00:45,3316.730000,1,193.800000,6.2100,274.570000,4.920000,1057.140000
888,Entry long,2025-12-09 15:15,3122.930000,1,193.800000,6.2100,274.570000,4.920000,1057.140000
887,Exit long,2025-12-09 13:45,3108.590000,1,-21.300000,-0.6800,10.100000,22.290000,863.340000
887,Entry long,2025-12-09 12:30,3129.890000,1,-21.300000,-0.6800,10.100000,22.290000,863.340000
886,Exit long,2025-12-09 09:30,3115.280000,1,-5.350000,-0.1700,8.970000,6.770000,884.640000
886,Entry long,2025-12-09 07:30,3120.630000,1,-5.350000,-0.1700,8.970000,6.770000,884.640000
885,Exit long,2025-12-09 04:45,3104.520000,1,-20.380000,-0.6500,0.000000,22.560000,889.990000
885,Entry long,2025-12-09 04:30,3124.900000,1,-20.380000,-0.6500,0.000000,22.560000,889.990000
884,Exit long,2025-12-08 22:45,3123.390000,1,-2.150000,-0.0700,26.460000,7.100000,910.370000
884,Entry long,2025-12-08 20:30,3125.540000,1,-2.150000,-0.0700,26.460000,7.100000,910.370000
883,Exit long,2025-12-08 15:00,3126.820000,1,-22.710000,-0.7200,28.470000,26.480000,912.520000
883,Entry long,2025-12-08 13:45,3149.530000,1,-22.710000,-0.7200,28.470000,26.480000,912.520000
882,Exit long,2025-12-08 12:45,3124.480000,1,21.340000,0.6900,76.850000,13.180000,935.230000
882,Entry long,2025-12-08 01:30,3103.140000,1,21.340000,0.6900,76.850000,13.180000,935.230000
881,Exit short,2025-12-07 16:00,3025.830000,1,3.560000,0.1200,125.640000,10.810000,913.890000
881,Entry short,2025-12-07 13:45,3029.390000,1,3.560000,0.1200,125.640000,10.810000,913.890000
880,Exit short,2025-12-07 06:15,3044.170000,1,-1.040000,-0.0300,1.010000,3.370000,910.330000
880,Entry short,2025-12-07 06:00,3043.130000,1,-1.040000,-0.0300,1.010000,3.370000,910.330000
879,Exit short,2025-12-07 00:45,3043.120000,1,-6.990000,-0.2300,11.780000,11.850000,911.370000
879,Entry short,2025-12-06 23:15,3036.130000,1,-6.990000,-0.2300,11.780000,11.850000,911.370000
878,Exit short,2025-12-06 22:00,3041.430000,1,-9.590000,-0.3200,8.840000,11.910000,918.360000
878,Entry short,2025-12-06 19:15,3031.840000,1,-9.590000,-0.3200,8.840000,11.910000,918.360000
877,Exit short,2025-12-06 10:45,3033.240000,1,-8.260000,-0.2700,12.980000,12.020000,927.950000
877,Entry short,2025-12-06 08:00,3024.980000,1,-8.260000,-0.2700,12.980000,12.020000,927.950000
876,Exit long,2025-12-05 08:15,3161.260000,1,-3.480000,-0.1100,16.900000,7.880000,936.210000
876,Entry long,2025-12-05 06:30,3164.740000,1,-3.480000,-0.1100,16.900000,7.880000,936.210000
875,Exit long,2025-12-05 01:00,3145.230000,1,-5.880000,-0.1900,0.000000,6.930000,939.690000
875,Entry long,2025-12-05 00:45,3151.110000,1,-5.880000,-0.1900,0.000000,6.930000,939.690000
874,Exit long,2025-12-04 16:45,3178.520000,1,-34.860000,-1.0800,11.620000,41.200000,945.570000
874,Entry long,2025-12-04 15:45,3213.380000,1,-34.860000,-1.0800,11.620000,41.200000,945.570000
873,Exit long,2025-12-04 11:00,3187.280000,1,-19.380000,-0.6000,0.010000,23.110000,980.430000
873,Entry long,2025-12-04 09:45,3206.660000,1,-19.380000,-0.6000,0.010000,23.110000,980.430000
872,Exit long,2025-12-04 08:00,3189.010000,1,-7.390000,-0.2300,0.480000,8.790000,999.810000
872,Entry long,2025-12-04 07:45,3196.400000,1,-7.390000,-0.2300,0.480000,8.790000,999.810000
871,Exit long,2025-12-04 07:15,3188.490000,1,-17.720000,-0.5500,4.840000,27.190000,1007.200000
871,Entry long,2025-12-04 06:45,3206.210000,1,-17.720000,-0.5500,4.840000,27.190000,1007.200000
870,Exit short,2025-12-02 09:15,2801.810000,1,-14.430000,-0.5200,6.780000,23.600000,1024.920000
870,Entry short,2025-12-02 08:30,2787.380000,1,-14.430000,-0.5200,6.780000,23.600000,1024.920000
869,Exit short,2025-12-01 21:30,2782.710000,1,53.770000,1.9000,118.410000,2.500000,1039.350000
869,Entry short,2025-12-01 12:00,2836.480000,1,53.770000,1.9000,118.410000,2.500000,1039.350000
868,Exit short,2025-11-30 06:30,2996.290000,1,-11.960000,-0.4000,0.000000,12.100000,985.580000
868,Entry short,2025-11-30 05:30,2984.330000,1,-11.960000,-0.4000,0.000000,12.100000,985.580000
867,Exit short,2025-11-30 03:45,3002.580000,1,-16.660000,-0.5600,0.840000,18.000000,997.540000
867,Entry short,2025-11-30 03:30,2985.920000,1,-16.660000,-0.5600,0.840000,18.000000,997.540000
866,Exit short,2025-11-30 00:15,2995.650000,1,-12.250000,-0.4100,0.590000,13.650000,1014.200000
866,Entry short,2025-11-29 22:15,2983.400000,1,-12.250000,-0.4100,0.590000,13.650000,1014.200000
865,Exit short,2025-11-29 22:00,2992.830000,1,0.170000,0.0100,32.990000,6.000000,1026.450000
865,Entry short,2025-11-29 17:30,2993.000000,1,0.170000,0.0100,32.990000,6.000000,1026.450000
864,Exit long,2025-11-29 06:00,3031.610000,1,-6.740000,-0.2200,3.600000,8.490000,1026.280000
864,Entry long,2025-11-29 05:30,3038.350000,1,-6.740000,-0.2200,3.600000,8.490000,1026.280000
863,Exit long,2025-11-28 22:00,3035.020000,1,-16.120000,-0.5300,7.250000,17.140000,1033.020000
863,Entry long,2025-11-28 19:45,3051.140000,1,-16.120000,-0.5300,7.250000,17.140000,1033.020000
862,Exit long,2025-11-28 16:30,3027.850000,1,-25.710000,-0.8400,45.440000,28.560000,1049.140000
862,Entry long,2025-11-28 13:45,3053.560000,1,-25.710000,-0.8400,45.440000,28.560000,1049.140000
861,Exit long,2025-11-28 13:15,3029.290000,1,7.620000,0.2500,58.330000,6.360000,1074.850000
861,Entry long,2025-11-28 08:45,3021.670000,1,7.620000,0.2500,58.330000,6.360000,1074.850000
860,Exit long,2025-11-28 07:45,3009.240000,1,-10.950000,-0.3600,0.140000,15.710000,1067.230000
860,Entry long,2025-11-28 07:30,3020.190000,1,-10.950000,-0.3600,0.140000,15.710000,1067.230000
859,Exit long,2025-11-28 06:30,3010.000000,1,-3.670000,-0.1200,14.330000,5.900000,1078.180000
859,Entry long,2025-11-28 04:45,3013.670000,1,-3.670000,-0.1200,14.330000,5.900000,1078.180000
858,Exit long,2025-11-27 22:45,3011.050000,1,-4.250000,-0.1400,28.200000,6.300000,1081.850000
858,Entry long,2025-11-27 16:30,3015.300000,1,-4.250000,-0.1400,28.200000,6.300000,1081.850000
857,Exit long,2025-11-27 12:00,3026.750000,1,-6.090000,-0.2000,1.880000,10.950000,1086.100000
857,Entry long,2025-11-27 11:00,3032.840000,1,-6.090000,-0.2000,1.880000,10.950000,1086.100000
856,Exit long,2025-11-26 15:00,2909.330000,1,-23.560000,-0.8000,15.650000,29.890000,1092.190000
856,Entry long,2025-11-26 14:00,2932.890000,1,-23.560000,-0.8000,15.650000,29.890000,1092.190000
855,Exit long,2025-11-25 22:15,2910.640000,1,-21.010000,-0.7200,12.990000,26.060000,1115.750000
855,Entry long,2025-11-25 20:15,2931.650000,1,-21.010000,-0.7200,12.990000,26.060000,1115.750000
854,Exit long,2025-11-25 19:15,2902.530000,1,-25.870000,-0.8800,28.600000,34.900000,1136.760000
854,Entry long,2025-11-25 16:30,2928.400000,1,-25.870000,-0.8800,28.600000,34.900000,1136.760000
853,Exit long,2025-11-25 13:45,2903.500000,1,-17.280000,-0.5900,12.720000,18.750000,1162.630000
853,Entry long,2025-11-25 12:15,2920.780000,1,-17.280000,-0.5900,12.720000,18.750000,1162.630000
852,Exit long,2025-11-25 01:00,2941.970000,1,110.740000,3.9100,155.750000,20.370000,1179.910000
852,Entry long,2025-11-24 15:00,2831.230000,1,110.740000,3.9100,155.750000,20.370000,1179.910000
851,Exit long,2025-11-24 14:00,2813.900000,1,-11.540000,-0.4100,0.150000,12.880000,1069.170000
851,Entry long,2025-11-24 13:45,2825.440000,1,-11.540000,-0.4100,0.150000,12.880000,1069.170000
850,Exit long,2025-11-24 04:30,2813.640000,1,-44.340000,-1.5500,12.010000,56.990000,1080.710000
850,Entry long,2025-11-24 02:15,2857.980000,1,-44.340000,-1.5500,12.010000,56.990000,1080.710000
849,Exit long,2025-11-23 23:15,2813.670000,1,-15.450000,-0.5500,14.870000,16.840000,1125.050000
849,Entry long,2025-11-23 19:45,2829.120000,1,-15.450000,-0.5500,14.870000,16.840000,1125.050000
848,Exit long,2025-11-23 17:00,2798.660000,1,-20.100000,-0.7100,38.240000,22.700000,1140.500000
848,Entry long,2025-11-23 09:45,2818.760000,1,-20.100000,-0.7100,38.240000,22.700000,1140.500000
847,Exit short,2025-11-22 21:30,2744.990000,1,-6.290000,-0.2300,0.330000,8.700000,1160.600000
847,Entry short,2025-11-22 21:15,2738.700000,1,-6.290000,-0.2300,0.330000,8.700000,1160.600000
846,Exit short,2025-11-22 14:15,2739.240000,1,-11.350000,-0.4200,25.020000,14.160000,1166.890000
846,Entry short,2025-11-22 08:30,2727.890000,1,-11.350000,-0.4200,25.020000,14.160000,1166.890000
845,Exit short,2025-11-22 03:15,2755.750000,1,-13.710000,-0.5000,4.340000,14.420000,1178.240000
845,Entry short,2025-11-22 02:45,2742.040000,1,-13.710000,-0.5000,4.340000,14.420000,1178.240000
844,Exit short,2025-11-21 23:30,2759.950000,1,-39.330000,-1.4500,9.090000,39.350000,1191.950000
844,Entry short,2025-11-21 23:00,2720.620000,1,-39.330000,-1.4500,9.090000,39.350000,1191.950000
843,Exit short,2025-11-21 21:30,2763.430000,1,-53.270000,-1.9700,3.160000,58.840000,1231.280000
843,Entry short,2025-11-21 20:30,2710.160000,1,-53.270000,-1.9700,3.160000,58.840000,1231.280000
842,Exit short,2025-11-21 17:00,2761.310000,1,-57.620000,-2.1300,30.110000,59.110000,1284.550000
842,Entry short,2025-11-21 16:00,2703.690000,1,-57.620000,-2.1300,30.110000,59.110000,1284.550000
841,Exit short,2025-11-21 13:45,2757.480000,1,103.560000,3.6200,241.040000,0.250000,1342.170000
841,Entry short,2025-11-21 02:00,2861.040000,1,103.560000,3.6200,241.040000,0.250000,1342.170000
840,Exit short,2025-11-21 01:30,2880.750000,1,-32.590000,-1.1400,22.540000,37.680000,1238.610000
840,Entry short,2025-11-20 23:45,2848.160000,1,-32.590000,-1.1400,22.540000,37.680000,1238.610000
839,Exit short,2025-11-20 22:15,2896.700000,1,103.650000,3.4500,212.340000,21.450000,1271.200000
839,Entry short,2025-11-20 13:45,3000.350000,1,103.650000,3.4500,212.340000,21.450000,1271.200000
838,Exit short,2025-11-20 11:45,3018.150000,1,-5.380000,-0.1800,22.300000,10.390000,1167.550000
838,Entry short,2025-11-20 09:30,3012.770000,1,-5.380000,-0.1800,22.300000,10.390000,1167.550000
837,Exit short,2025-11-20 07:15,3031.180000,1,-11.550000,-0.3800,5.730000,11.550000,1172.930000
837,Entry short,2025-11-20 07:00,3019.630000,1,-11.550000,-0.3800,5.730000,11.550000,1172.930000
836,Exit short,2025-11-19 15:15,3084.990000,1,-19.200000,-0.6300,44.030000,39.170000,1184.480000
836,Entry short,2025-11-19 14:00,3065.790000,1,-19.200000,-0.6300,44.030000,39.170000,1184.480000
835,Exit short,2025-11-18 14:30,3056.560000,1,-21.040000,-0.6900,0.010000,32.480000,1203.680000
835,Entry short,2025-11-18 14:15,3035.520000,1,-21.040000,-0.6900,0.010000,32.480000,1203.680000
834,Exit short,2025-11-18 14:00,3046.990000,1,-9.260000,-0.3000,0.910000,12.260000,1224.720000
834,Entry short,2025-11-18 13:45,3037.730000,1,-9.260000,-0.3000,0.910000,12.260000,1224.720000
833,Exit short,2025-11-18 07:45,3024.710000,1,-40.300000,-1.3500,41.100000,49.090000,1233.980000
833,Entry short,2025-11-18 03:00,2984.410000,1,-40.300000,-1.3500,41.100000,49.090000,1233.980000
832,Exit short,2025-11-18 02:45,3027.720000,1,-10.990000,-0.3600,40.090000,27.700000,1274.280000
832,Entry short,2025-11-18 02:00,3016.730000,1,-10.990000,-0.3600,40.090000,27.700000,1274.280000
831,Exit short,2025-11-17 00:15,3093.610000,1,77.920000,2.4600,170.520000,9.790000,1285.270000
831,Entry short,2025-11-16 11:30,3171.530000,1,77.920000,2.4600,170.520000,9.790000,1285.270000
830,Exit short,2025-11-16 02:30,3176.690000,1,0.290000,0.0100,46.970000,11.020000,1207.350000
830,Entry short,2025-11-15 20:45,3176.980000,1,0.290000,0.0100,46.970000,11.020000,1207.350000
829,Exit short,2025-11-15 10:45,3166.790000,1,-10.010000,-0.3200,24.120000,11.220000,1207.060000
829,Entry short,2025-11-15 08:30,3156.780000,1,-10.010000,-0.3200,24.120000,11.220000,1207.060000
828,Exit short,2025-11-15 02:00,3172.120000,1,-3.060000,-0.1000,81.060000,16.940000,1217.070000
828,Entry short,2025-11-14 20:30,3169.060000,1,-3.060000,-0.1000,81.060000,16.940000,1217.070000
827,Exit short,2025-11-14 19:15,3191.000000,1,-23.260000,-0.7300,9.220000,23.910000,1220.130000
827,Entry short,2025-11-14 19:00,3167.740000,1,-23.260000,-0.7300,9.220000,23.910000,1220.130000
826,Exit short,2025-11-14 14:45,3199.870000,1,-13.220000,-0.4100,118.650000,22.350000,1243.390000
826,Entry short,2025-11-14 09:30,3186.650000,1,-13.220000,-0.4100,118.650000,22.350000,1243.390000
825,Exit short,2025-11-14 07:30,3219.040000,1,-7.040000,-0.2200,108.000000,18.000000,1256.610000
825,Entry short,2025-11-14 04:15,3212.000000,1,-7.040000,-0.2200,108.000000,18.000000,1256.610000
824,Exit short,2025-11-14 02:45,3244.470000,1,-23.230000,-0.7200,38.070000,28.760000,1263.650000
824,Entry short,2025-11-14 00:15,3221.240000,1,-23.230000,-0.7200,38.070000,28.760000,1263.650000
823,Exit short,2025-11-12 08:30,3458.000000,1,-31.490000,-0.9200,0.180000,31.490000,1286.880000
823,Entry short,2025-11-12 08:00,3426.510000,1,-31.490000,-0.9200,0.180000,31.490000,1286.880000
822,Exit short,2025-11-12 05:00,3442.650000,1,-9.660000,-0.2800,2.690000,10.810000,1318.370000
822,Entry short,2025-11-12 04:45,3432.990000,1,-9.660000,-0.2800,2.690000,10.810000,1318.370000
821,Exit short,2025-11-12 03:45,3441.010000,1,-17.940000,-0.5200,7.490000,18.930000,1328.030000
821,Entry short,2025-11-12 02:45,3423.070000,1,-17.940000,-0.5200,7.490000,18.930000,1328.030000
820,Exit long,2025-11-11 12:30,3564.440000,1,-8.420000,-0.2400,20.140000,9.020000,1345.970000
820,Entry long,2025-11-11 11:15,3572.860000,1,-8.420000,-0.2400,20.140000,9.020000,1345.970000
819,Exit long,2025-11-11 09:45,3564.440000,1,-11.370000,-0.3200,9.480000,13.020000,1354.390000
819,Entry long,2025-11-11 09:30,3575.810000,1,-11.370000,-0.3200,9.480000,13.020000,1354.390000
818,Exit long,2025-11-11 00:30,3562.340000,1,-12.260000,-0.3400,5.400000,17.410000,1365.760000
818,Entry long,2025-11-10 23:00,3574.600000,1,-12.260000,-0.3400,5.400000,17.410000,1365.760000
817,Exit long,2025-11-10 20:30,3564.650000,1,-10.500000,-0.2900,0.330000,12.840000,1378.020000
817,Entry long,2025-11-10 20:15,3575.150000,1,-10.500000,-0.2900,0.330000,12.840000,1378.020000
816,Exit long,2025-11-10 14:15,3598.230000,1,-15.680000,-0.4300,0.320000,18.640000,1388.520000
816,Entry long,2025-11-10 14:00,3613.910000,1,-15.680000,-0.4300,0.320000,18.640000,1388.520000
815,Exit long,2025-11-10 12:15,3592.170000,1,-31.150000,-0.8600,3.490000,41.640000,1404.200000
815,Entry long,2025-11-10 10:00,3623.320000,1,-31.150000,-0.8600,3.490000,41.640000,1404.200000
814,Exit long,2025-11-10 05:45,3599.710000,1,176.710000,5.1600,235.000000,9.250000,1435.350000
814,Entry long,2025-11-09 11:15,3423.000000,1,176.710000,5.1600,235.000000,9.250000,1435.350000
813,Exit long,2025-11-08 21:15,3394.200000,1,-1.900000,-0.0600,2.510000,3.100000,1258.640000
813,Entry long,2025-11-08 21:00,3396.100000,1,-1.900000,-0.0600,2.510000,3.100000,1258.640000
812,Exit long,2025-11-08 19:15,3398.600000,1,-2.740000,-0.0800,3.690000,3.030000,1260.540000
812,Entry long,2025-11-08 19:00,3401.340000,1,-2.740000,-0.0800,3.690000,3.030000,1260.540000
811,Exit long,2025-11-08 11:45,3418.320000,1,-34.070000,-0.9900,2.510000,34.870000,1263.280000
811,Entry long,2025-11-08 11:15,3452.390000,1,-34.070000,-0.9900,2.510000,34.870000,1263.280000
810,Exit long,2025-11-08 10:15,3435.310000,1,-12.790000,-0.3700,20.330000,14.060000,1297.350000
810,Entry long,2025-11-08 08:15,3448.100000,1,-12.790000,-0.3700,20.330000,14.060000,1297.350000
809,Exit short,2025-11-07 15:15,3312.780000,1,12.170000,0.3700,132.030000,7.650000,1310.140000
809,Entry short,2025-11-07 09:15,3324.950000,1,12.170000,0.3700,132.030000,7.650000,1310.140000
808,Exit short,2025-11-07 02:45,3326.930000,1,-23.020000,-0.7000,0.110000,26.420000,1297.970000
808,Entry short,2025-11-07 02:30,3303.910000,1,-23.020000,-0.7000,0.110000,26.420000,1297.970000
807,Exit short,2025-11-07 02:15,3315.770000,1,-25.130000,-0.7600,5.630000,35.350000,1320.990000
807,Entry short,2025-11-07 01:45,3290.640000,1,-25.130000,-0.7600,5.630000,35.350000,1320.990000
806,Exit short,2025-11-07 01:30,3320.630000,1,-12.110000,-0.3700,4.970000,18.480000,1346.120000
806,Entry short,2025-11-07 01:15,3308.520000,1,-12.110000,-0.3700,4.970000,18.480000,1346.120000
805,Exit short,2025-11-07 01:00,3323.850000,1,-2.660000,-0.0800,35.220000,14.240000,1358.230000
805,Entry short,2025-11-06 19:45,3321.190000,1,-2.660000,-0.0800,35.220000,14.240000,1358.230000
804,Exit short,2025-11-06 13:45,3391.700000,1,-19.070000,-0.5700,32.100000,24.130000,1360.890000
804,Entry short,2025-11-06 12:30,3372.630000,1,-19.070000,-0.5700,32.100000,24.130000,1360.890000
803,Exit short,2025-11-06 11:30,3402.840000,1,-6.750000,-0.2000,38.150000,18.210000,1379.960000
803,Entry short,2025-11-06 05:45,3396.090000,1,-6.750000,-0.2000,38.150000,18.210000,1379.960000
802,Exit short,2025-11-05 12:00,3320.980000,1,-26.430000,-0.8000,22.310000,29.430000,1386.710000
802,Entry short,2025-11-05 08:45,3294.550000,1,-26.430000,-0.8000,22.310000,29.430000,1386.710000
801,Exit short,2025-11-05 02:45,3291.260000,1,184.290000,5.3000,420.550000,12.680000,1413.140000
801,Entry short,2025-11-04 16:30,3475.550000,1,184.290000,5.3000,420.550000,12.680000,1413.140000
800,Exit short,2025-11-04 14:45,3524.750000,1,-17.020000,-0.4900,36.350000,18.550000,1228.850000
800,Entry short,2025-11-04 12:30,3507.730000,1,-17.020000,-0.4900,36.350000,18.550000,1228.850000
799,Exit short,2025-11-04 12:15,3515.840000,1,44.960000,1.2600,100.800000,0.180000,1245.870000
799,Entry short,2025-11-04 05:30,3560.800000,1,44.960000,1.2600,100.800000,0.180000,1245.870000
798,Exit short,2025-11-03 14:15,3723.750000,1,122.610000,3.1900,196.230000,4.370000,1200.910000
798,Entry short,2025-11-03 01:30,3846.360000,1,122.610000,3.1900,196.230000,4.370000,1200.910000
797,Exit short,2025-11-02 23:15,3879.620000,1,-31.190000,-0.8100,2.980000,33.430000,1078.300000
797,Entry short,2025-11-02 22:45,3848.430000,1,-31.190000,-0.8100,2.980000,33.430000,1078.300000
796,Exit long,2025-11-02 09:45,3875.340000,1,1.280000,0.0300,42.940000,9.610000,1109.490000
796,Entry long,2025-11-02 02:30,3874.060000,1,1.280000,0.0300,42.940000,9.610000,1109.490000
795,Exit long,2025-11-01 22:00,3865.810000,1,-14.320000,-0.3700,9.870000,14.320000,1108.210000
795,Entry long,2025-11-01 20:15,3880.130000,1,-14.320000,-0.3700,9.870000,14.320000,1108.210000
794,Exit long,2025-11-01 17:30,3867.750000,1,-23.980000,-0.6200,15.880000,25.260000,1122.530000
794,Entry long,2025-11-01 15:15,3891.730000,1,-23.980000,-0.6200,15.880000,25.260000,1122.530000
793,Exit short,2025-10-31 23:30,3853.870000,1,-0.240000,-0.0100,3.630000,3.280000,1146.510000
793,Entry short,2025-10-31 23:00,3853.630000,1,-0.240000,-0.0100,3.630000,3.280000,1146.510000
792,Exit short,2025-10-31 18:45,3859.780000,1,-38.910000,-1.0200,18.230000,46.400000,1146.750000
792,Entry short,2025-10-31 17:00,3820.870000,1,-38.910000,-1.0200,18.230000,46.400000,1146.750000
791,Exit short,2025-10-31 11:45,3841.330000,1,-7.720000,-0.2000,1.150000,8.560000,1185.660000
791,Entry short,2025-10-31 11:30,3833.610000,1,-7.720000,-0.2000,1.150000,8.560000,1185.660000
790,Exit short,2025-10-31 08:00,3829.430000,1,-5.090000,-0.1300,5.560000,6.720000,1193.380000
790,Entry short,2025-10-31 07:45,3824.340000,1,-5.090000,-0.1300,5.560000,6.720000,1193.380000
789,Exit short,2025-10-30 22:00,3771.560000,1,132.010000,3.3800,225.870000,8.910000,1198.470000
789,Entry short,2025-10-30 09:30,3903.570000,1,132.010000,3.3800,225.870000,8.910000,1198.470000
788,Exit short,2025-10-30 07:15,3924.540000,1,-38.860000,-1.0000,48.860000,44.320000,1066.460000
788,Entry short,2025-10-30 04:15,3885.680000,1,-38.860000,-1.0000,48.860000,44.320000,1066.460000
787,Exit short,2025-10-29 17:45,4002.550000,1,-12.850000,-0.3200,66.140000,20.200000,1105.320000
787,Entry short,2025-10-29 14:15,3989.700000,1,-12.850000,-0.3200,66.140000,20.200000,1105.320000
786,Exit short,2025-10-29 12:45,4008.950000,1,-6.260000,-0.1600,0.620000,7.910000,1118.170000
786,Entry short,2025-10-29 12:30,4002.690000,1,-6.260000,-0.1600,0.620000,7.910000,1118.170000
785,Exit short,2025-10-29 12:15,4009.940000,1,-4.370000,-0.1100,23.570000,9.740000,1124.430000
785,Entry short,2025-10-29 09:00,4005.570000,1,-4.370000,-0.1100,23.570000,9.740000,1124.430000
784,Exit long,2025-10-28 18:45,4107.330000,1,-30.870000,-0.7500,11.670000,34.390000,1128.800000
784,Entry long,2025-10-28 17:15,4138.200000,1,-30.870000,-0.7500,11.670000,34.390000,1128.800000
783,Exit long,2025-10-28 14:45,4105.770000,1,-14.230000,-0.3500,54.080000,19.970000,1159.670000
783,Entry long,2025-10-28 13:00,4120.000000,1,-14.230000,-0.3500,54.080000,19.970000,1159.670000
782,Exit long,2025-10-28 08:00,4115.360000,1,-3.750000,-0.0900,4.440000,7.350000,1173.900000
782,Entry long,2025-10-28 07:30,4119.110000,1,-3.750000,-0.0900,4.440000,7.350000,1173.900000
781,Exit long,2025-10-27 20:15,4148.530000,1,-22.720000,-0.5400,60.390000,30.410000,1177.650000
781,Entry long,2025-10-27 16:00,4171.250000,1,-22.720000,-0.5400,60.390000,30.410000,1177.650000
780,Exit long,2025-10-26 06:15,3939.300000,1,-4.200000,-0.1100,1.470000,6.740000,1200.370000
780,Entry long,2025-10-26 05:45,3943.500000,1,-4.200000,-0.1100,1.470000,6.740000,1200.370000
779,Exit long,2025-10-26 01:45,3948.160000,1,4.050000,0.1000,24.820000,11.610000,1204.570000
779,Entry long,2025-10-25 18:30,3944.110000,1,4.050000,0.1000,24.820000,11.610000,1204.570000
778,Exit long,2025-10-25 14:45,3935.570000,1,3.550000,0.0900,31.240000,9.270000,1200.520000
778,Entry long,2025-10-25 06:15,3932.020000,1,3.550000,0.0900,31.240000,9.270000,1200.520000
777,Exit long,2025-10-25 04:00,3919.420000,1,-12.210000,-0.3100,4.630000,14.410000,1196.970000
777,Entry long,2025-10-25 02:00,3931.630000,1,-12.210000,-0.3100,4.630000,14.410000,1196.970000
776,Exit long,2025-10-25 00:15,3923.250000,1,-9.430000,-0.2400,11.130000,12.440000,1209.180000
776,Entry long,2025-10-24 19:30,3932.680000,1,-9.430000,-0.2400,11.130000,12.440000,1209.180000
775,Exit short,2025-10-24 00:45,3860.430000,1,-13.160000,-0.3400,3.250000,17.730000,1218.610000
775,Entry short,2025-10-24 00:30,3847.270000,1,-13.160000,-0.3400,3.250000,17.730000,1218.610000
774,Exit short,2025-10-23 15:15,3863.620000,1,-1.760000,-0.0500,54.850000,13.340000,1231.770000
774,Entry short,2025-10-23 12:00,3861.860000,1,-1.760000,-0.0500,54.850000,13.340000,1231.770000
773,Exit short,2025-10-23 00:00,3803.940000,1,30.300000,0.7900,127.930000,7.460000,1233.530000
773,Entry short,2025-10-22 17:00,3834.240000,1,30.300000,0.7900,127.930000,7.460000,1233.530000
772,Exit short,2025-10-22 16:45,3842.570000,1,-32.070000,-0.8400,33.470000,52.940000,1203.230000
772,Entry short,2025-10-22 14:30,3810.500000,1,-32.070000,-0.8400,33.470000,52.940000,1203.230000
771,Exit short,2025-10-21 14:15,3925.480000,1,-60.710000,-1.5700,1.370000,60.980000,1235.300000
771,Entry short,2025-10-21 14:00,3864.770000,1,-60.710000,-1.5700,1.370000,60.980000,1235.300000
770,Exit long,2025-10-20 21:15,3991.020000,1,-0.630000,-0.0200,10.310000,3.650000,1296.010000
770,Entry long,2025-10-20 20:45,3991.650000,1,-0.630000,-0.0200,10.310000,3.650000,1296.010000
769,Exit long,2025-10-20 11:00,4024.310000,1,-1.560000,-0.0400,59.130000,12.470000,1296.640000
769,Entry long,2025-10-20 04:00,4025.870000,1,-1.560000,-0.0400,59.130000,12.470000,1296.640000
768,Exit long,2025-10-20 00:00,3980.600000,1,69.340000,1.7700,118.740000,14.410000,1298.200000
768,Entry long,2025-10-19 10:00,3911.260000,1,69.340000,1.7700,118.740000,14.410000,1298.200000
767,Exit short,2025-10-19 03:30,3884.350000,1,-4.840000,-0.1200,25.980000,6.840000,1228.860000
767,Entry short,2025-10-19 00:30,3879.510000,1,-4.840000,-0.1200,25.980000,6.840000,1228.860000
766,Exit short,2025-10-18 17:15,3868.900000,1,-2.520000,-0.0700,14.430000,2.950000,1233.700000
766,Entry short,2025-10-18 16:30,3866.380000,1,-2.520000,-0.0700,14.430000,2.950000,1233.700000
765,Exit short,2025-10-18 14:45,3869.400000,1,2.760000,0.0700,26.050000,8.170000,1236.220000
765,Entry short,2025-10-18 13:30,3872.160000,1,2.760000,0.0700,26.050000,8.170000,1236.220000
764,Exit short,2025-10-18 05:15,3853.350000,1,-11.200000,-0.2900,1.550000,11.670000,1233.460000
764,Entry short,2025-10-18 05:00,3842.150000,1,-11.200000,-0.2900,1.550000,11.670000,1233.460000
763,Exit short,2025-10-18 00:30,3838.320000,1,-17.870000,-0.4700,3.240000,21.710000,1244.660000
763,Entry short,2025-10-18 00:15,3820.450000,1,-17.870000,-0.4700,3.240000,21.710000,1244.660000
762,Exit short,2025-10-17 16:00,3796.030000,1,-40.880000,-1.0900,42.640000,44.590000,1262.530000
762,Entry short,2025-10-17 14:30,3755.150000,1,-40.880000,-1.0900,42.640000,44.590000,1262.530000
761,Exit short,2025-10-17 14:00,3787.340000,1,-34.580000,-0.9200,14.760000,55.240000,1303.410000
761,Entry short,2025-10-17 13:45,3752.760000,1,-34.580000,-0.9200,14.760000,55.240000,1303.410000
760,Exit short,2025-10-17 13:30,3776.850000,1,-20.590000,-0.5500,1.380000,31.740000,1337.990000
760,Entry short,2025-10-17 13:15,3756.260000,1,-20.590000,-0.5500,1.380000,31.740000,1337.990000
759,Exit short,2025-10-17 12:30,3785.530000,1,112.920000,2.9000,227.450000,6.830000,1358.580000
759,Entry short,2025-10-17 05:45,3898.450000,1,112.920000,2.9000,227.450000,6.830000,1358.580000
758,Exit short,2025-10-16 14:45,4053.310000,1,-67.780000,-1.7000,20.270000,72.470000,1245.660000
758,Entry short,2025-10-16 14:15,3985.530000,1,-67.780000,-1.7000,20.270000,72.470000,1245.660000
757,Exit short,2025-10-16 09:45,4018.190000,1,-14.140000,-0.3500,66.750000,23.000000,1313.440000
757,Entry short,2025-10-16 08:15,4004.050000,1,-14.140000,-0.3500,66.750000,23.000000,1313.440000
756,Exit short,2025-10-16 06:30,4016.260000,1,-21.540000,-0.5400,2.030000,22.280000,1327.580000
756,Entry short,2025-10-16 06:00,3994.720000,1,-21.540000,-0.5400,2.030000,22.280000,1327.580000
755,Exit long,2025-10-15 11:00,4116.660000,1,0.020000,0.0000,99.480000,14.860000,1349.120000
755,Entry long,2025-10-15 07:00,4116.640000,1,0.020000,0.0000,99.480000,14.860000,1349.120000
754,Exit long,2025-10-15 06:15,4098.700000,1,-17.940000,-0.4400,6.750000,30.250000,1349.100000
754,Entry long,2025-10-15 05:15,4116.640000,1,-17.940000,-0.4400,6.750000,30.250000,1349.100000
753,Exit long,2025-10-15 03:30,4095.520000,1,-27.240000,-0.6600,21.730000,41.430000,1367.040000
753,Entry long,2025-10-15 02:15,4122.760000,1,-27.240000,-0.6600,21.730000,41.430000,1367.040000
752,Exit long,2025-10-14 01:15,4215.600000,1,67.490000,1.6300,144.920000,21.300000,1394.280000
752,Entry long,2025-10-13 16:15,4148.110000,1,67.490000,1.6300,144.920000,21.300000,1394.280000
751,Exit long,2025-10-13 14:30,4107.390000,1,-27.730000,-0.6700,9.270000,41.450000,1326.790000
751,Entry long,2025-10-13 14:15,4135.120000,1,-27.730000,-0.6700,9.270000,41.450000,1326.790000
750,Exit long,2025-10-13 10:15,4150.790000,1,-7.300000,-0.1800,38.460000,18.020000,1354.520000
750,Entry long,2025-10-13 06:30,4158.090000,1,-7.300000,-0.1800,38.460000,18.020000,1354.520000
749,Exit short,2025-10-12 14:15,3822.180000,1,-14.030000,-0.3700,2.100000,17.290000,1361.820000
749,Entry short,2025-10-12 14:00,3808.150000,1,-14.030000,-0.3700,2.100000,17.290000,1361.820000
748,Exit short,2025-10-12 03:15,3757.970000,1,56.530000,1.4800,174.500000,9.110000,1375.850000
748,Entry short,2025-10-11 18:15,3814.500000,1,56.530000,1.4800,174.500000,9.110000,1375.850000
747,Exit short,2025-10-11 15:15,3840.720000,1,-38.860000,-1.0200,4.710000,51.570000,1319.320000
747,Entry short,2025-10-11 14:30,3801.860000,1,-38.860000,-1.0200,4.710000,51.570000,1319.320000
746,Exit short,2025-10-11 14:00,3830.210000,1,-27.310000,-0.7200,1.620000,34.090000,1358.180000
746,Entry short,2025-10-11 13:45,3802.900000,1,-27.310000,-0.7200,1.620000,34.090000,1358.180000
745,Exit short,2025-10-11 09:15,3830.640000,1,497.940000,11.5000,928.580000,2.420000,1385.490000
745,Entry short,2025-10-10 14:45,4328.580000,1,497.940000,11.5000,928.580000,2.420000,1385.490000
744,Exit short,2025-10-10 06:00,4366.570000,1,-21.560000,-0.5000,19.830000,23.640000,887.550000
744,Entry short,2025-10-10 04:00,4345.010000,1,-21.560000,-0.5000,19.830000,23.640000,887.550000
743,Exit short,2025-10-10 03:30,4375.740000,1,-22.250000,-0.5100,5.050000,22.510000,909.110000
743,Entry short,2025-10-10 03:15,4353.490000,1,-22.250000,-0.5100,5.050000,22.510000,909.110000
742,Exit short,2025-10-09 20:15,4329.200000,1,20.160000,0.4600,86.810000,23.960000,931.360000
742,Entry short,2025-10-09 14:00,4349.360000,1,20.160000,0.4600,86.810000,23.960000,931.360000
741,Exit short,2025-10-09 12:45,4402.790000,1,94.630000,2.1000,180.830000,2.580000,911.200000
741,Entry short,2025-10-09 01:15,4497.420000,1,94.630000,2.1000,180.830000,2.580000,911.200000
740,Exit short,2025-10-08 17:00,4494.540000,1,-30.670000,-0.6900,29.280000,34.080000,816.570000
740,Entry short,2025-10-08 14:45,4463.870000,1,-30.670000,-0.6900,29.280000,34.080000,816.570000
739,Exit short,2025-10-08 14:15,4492.180000,1,-37.660000,-0.8500,18.360000,67.480000,847.240000
739,Entry short,2025-10-08 13:45,4454.520000,1,-37.660000,-0.8500,18.360000,67.480000,847.240000
738,Exit long,2025-10-07 13:45,4685.700000,1,-9.710000,-0.2100,58.590000,27.400000,884.900000
738,Entry long,2025-10-07 10:15,4695.410000,1,-9.710000,-0.2100,58.590000,27.400000,884.900000
737,Exit long,2025-10-07 06:30,4675.020000,1,-13.560000,-0.2900,42.070000,13.560000,894.610000
737,Entry long,2025-10-07 03:45,4688.580000,1,-13.560000,-0.2900,42.070000,13.560000,894.610000
736,Exit long,2025-10-07 00:15,4680.610000,1,154.380000,3.4100,208.760000,0.780000,908.170000
736,Entry long,2025-10-06 06:00,4526.230000,1,154.380000,3.4100,208.760000,0.780000,908.170000
735,Exit long,2025-10-06 05:15,4512.020000,1,-16.720000,-0.3700,20.760000,25.150000,753.790000
735,Entry long,2025-10-06 01:30,4528.740000,1,-16.720000,-0.3700,20.760000,25.150000,753.790000
734,Exit long,2025-10-05 23:30,4514.180000,1,-2.920000,-0.0600,2.720000,6.840000,770.510000
734,Entry long,2025-10-05 23:15,4517.100000,1,-2.920000,-0.0600,2.720000,6.840000,770.510000
733,Exit long,2025-10-05 10:15,4537.340000,1,53.040000,1.1800,134.140000,6.590000,773.430000
733,Entry long,2025-10-05 01:45,4484.300000,1,53.040000,1.1800,134.140000,6.590000,773.430000
732,Exit long,2025-10-04 21:00,4473.000000,1,-9.670000,-0.2200,1.150000,11.960000,720.390000
732,Entry long,2025-10-04 20:30,4482.670000,1,-9.670000,-0.2200,1.150000,11.960000,720.390000
731,Exit long,2025-10-04 15:00,4468.260000,1,-30.750000,-0.6800,10.880000,31.990000,730.060000
731,Entry long,2025-10-04 13:45,4499.010000,1,-30.750000,-0.6800,10.880000,31.990000,730.060000
730,Exit long,2025-10-04 05:45,4494.620000,1,-3.960000,-0.0900,0.940000,4.340000,760.810000
730,Entry long,2025-10-04 05:30,4498.580000,1,-3.960000,-0.0900,0.940000,4.340000,760.810000
729,Exit long,2025-10-04 00:15,4507.290000,1,7.580000,0.1700,44.300000,9.710000,764.770000
729,Entry long,2025-10-03 18:30,4499.710000,1,7.580000,0.1700,44.300000,9.710000,764.770000
728,Exit long,2025-10-03 18:00,4469.560000,1,-30.010000,-0.6700,91.260000,48.060000,757.190000
728,Entry long,2025-10-03 15:45,4499.570000,1,-30.010000,-0.6700,91.260000,48.060000,757.190000
727,Exit long,2025-10-03 12:30,4471.860000,1,-8.800000,-0.2000,12.420000,17.160000,787.200000
727,Entry long,2025-10-03 10:30,4480.660000,1,-8.800000,-0.2000,12.420000,17.160000,787.200000
726,Exit long,2025-10-03 05:45,4472.440000,1,-18.960000,-0.4200,67.600000,21.060000,796.000000
726,Entry long,2025-10-03 02:15,4491.400000,1,-18.960000,-0.4200,67.600000,21.060000,796.000000
725,Exit long,2025-10-03 02:00,4469.640000,1,-4.230000,-0.0900,2.050000,9.550000,814.960000
725,Entry long,2025-10-03 01:45,4473.870000,1,-4.230000,-0.0900,2.050000,9.550000,814.960000
724,Exit long,2025-10-03 00:45,4466.890000,1,-14.810000,-0.3300,0.010000,18.500000,819.190000
724,Entry long,2025-10-03 00:00,4481.700000,1,-14.810000,-0.3300,0.010000,18.500000,819.190000
723,Exit long,2025-10-02 15:00,4372.540000,1,-13.950000,-0.3200,32.390000,21.910000,834.000000
723,Entry long,2025-10-02 12:15,4386.490000,1,-13.950000,-0.3200,32.390000,21.910000,834.000000
722,Exit long,2025-10-02 12:00,4377.240000,1,-8.770000,-0.2000,6.540000,10.890000,847.950000
722,Entry long,2025-10-02 11:45,4386.010000,1,-8.770000,-0.2000,6.540000,10.890000,847.950000
721,Exit long,2025-10-02 11:00,4378.020000,1,48.950000,1.1300,93.230000,2.930000,856.720000
721,Entry long,2025-10-01 23:30,4329.070000,1,48.950000,1.1300,93.230000,2.930000,856.720000
720,Exit long,2025-10-01 22:00,4302.520000,1,-11.930000,-0.2800,23.590000,29.900000,807.770000
720,Entry long,2025-10-01 19:15,4314.450000,1,-11.930000,-0.2800,23.590000,29.900000,807.770000
719,Exit long,2025-10-01 19:00,4306.160000,1,154.060000,3.7100,191.190000,7.230000,819.700000
719,Entry long,2025-10-01 08:15,4152.100000,1,154.060000,3.7100,191.190000,7.230000,819.700000
718,Exit long,2025-10-01 03:30,4139.510000,1,-11.500000,-0.2800,21.460000,12.610000,665.640000
718,Entry long,2025-10-01 01:30,4151.010000,1,-11.500000,-0.2800,21.460000,12.610000,665.640000
717,Exit long,2025-09-30 22:45,4140.930000,1,-17.550000,-0.4200,41.410000,24.080000,677.140000
717,Entry long,2025-09-30 20:00,4158.480000,1,-17.550000,-0.4200,41.410000,24.080000,677.140000
716,Exit long,2025-09-30 02:15,4198.840000,1,52.620000,1.2700,100.650000,21.010000,694.690000
716,Entry long,2025-09-29 13:45,4146.220000,1,52.620000,1.2700,100.650000,21.010000,694.690000
715,Exit long,2025-09-29 11:15,4093.270000,1,-26.120000,-0.6300,18.610000,27.590000,642.070000
715,Entry long,2025-09-29 08:30,4119.390000,1,-26.120000,-0.6300,18.610000,27.590000,642.070000
714,Exit short,2025-09-28 07:15,4006.190000,1,-5.850000,-0.1500,2.950000,6.270000,668.190000
714,Entry short,2025-09-28 06:45,4000.340000,1,-5.850000,-0.1500,2.950000,6.270000,668.190000
713,Exit long,2025-09-28 06:30,3998.630000,1,-11.700000,-0.2900,5.060000,12.880000,674.040000
713,Entry long,2025-09-28 05:45,4010.330000,1,-11.700000,-0.2900,5.060000,12.880000,674.040000
712,Exit short,2025-09-27 12:45,4008.530000,1,-13.050000,-0.3300,1.960000,15.140000,685.740000
712,Entry short,2025-09-27 12:15,3995.480000,1,-13.050000,-0.3300,1.960000,15.140000,685.740000
711,Exit long,2025-09-27 05:15,4012.450000,1,-12.200000,-0.3000,1.750000,13.980000,698.790000
711,Entry long,2025-09-27 04:30,4024.650000,1,-12.200000,-0.3000,1.750000,13.980000,698.790000
710,Exit long,2025-09-27 04:15,4013.330000,1,-10.030000,-0.2500,2.450000,10.560000,710.990000
710,Entry long,2025-09-27 03:45,4023.360000,1,-10.030000,-0.2500,2.450000,10.560000,710.990000
709,Exit short,2025-09-27 02:00,4016.700000,1,-4.690000,-0.1200,-0.000000,5.600000,721.020000
709,Entry short,2025-09-27 01:45,4012.010000,1,-4.690000,-0.1200,-0.000000,5.600000,721.020000
708,Exit short,2025-09-26 06:45,3942.170000,1,-13.570000,-0.3500,0.890000,18.430000,725.710000
708,Entry short,2025-09-26 06:15,3928.600000,1,-13.570000,-0.3500,0.890000,18.430000,725.710000
707,Exit short,2025-09-26 01:00,3930.780000,1,239.300000,5.7400,348.080000,2.430000,739.280000
707,Entry short,2025-09-24 19:00,4170.080000,1,239.300000,5.7400,348.080000,2.430000,739.280000
706,Exit short,2025-09-24 17:15,4178.780000,1,-20.780000,-0.5000,0.830000,25.370000,499.980000
706,Entry short,2025-09-24 16:15,4158.000000,1,-20.780000,-0.5000,0.830000,25.370000,499.980000
705,Exit short,2025-09-24 14:45,4179.420000,1,-8.040000,-0.1900,26.380000,8.620000,520.760000
705,Entry short,2025-09-24 13:45,4171.380000,1,-8.040000,-0.1900,26.380000,8.620000,520.760000
704,Exit short,2025-09-24 05:45,4168.000000,1,-0.550000,-0.0100,97.450000,4.810000,528.800000
704,Entry short,2025-09-24 03:00,4167.450000,1,-0.550000,-0.0100,97.450000,4.810000,528.800000
703,Exit short,2025-09-24 00:30,4183.470000,1,-21.220000,-0.5100,6.240000,30.750000,529.350000
703,Entry short,2025-09-24 00:00,4162.250000,1,-21.220000,-0.5100,6.240000,30.750000,529.350000
702,Exit short,2025-09-23 11:45,4192.130000,1,-3.680000,-0.0900,13.010000,5.850000,550.570000
702,Entry short,2025-09-23 10:45,4188.450000,1,-3.680000,-0.0900,13.010000,5.850000,550.570000
701,Exit short,2025-09-23 04:00,4186.490000,1,-24.260000,-0.5800,49.800000,33.890000,554.250000
701,Entry short,2025-09-23 02:00,4162.230000,1,-24.260000,-0.5800,49.800000,33.890000,554.250000
700,Exit short,2025-09-22 21:15,4179.140000,1,-6.930000,-0.1700,53.050000,15.740000,578.510000
700,Entry short,2025-09-22 15:15,4172.210000,1,-6.930000,-0.1700,53.050000,15.740000,578.510000
699,Exit short,2025-09-22 14:00,4205.040000,1,268.610000,6.0000,472.770000,2.710000,585.440000
699,Entry short,2025-09-21 21:15,4473.650000,1,268.610000,6.0000,472.770000,2.710000,585.440000
698,Exit short,2025-09-21 13:30,4468.860000,1,3.490000,0.0800,32.280000,0.650000,316.830000
698,Entry short,2025-09-21 08:15,4472.350000,1,3.490000,0.0800,32.280000,0.650000,316.830000
697,Exit short,2025-09-21 01:00,4484.950000,1,-6.240000,-0.1400,6.600000,8.970000,313.340000
697,Entry short,2025-09-20 23:45,4478.710000,1,-6.240000,-0.1400,6.600000,8.970000,313.340000
696,Exit short,2025-09-20 19:30,4479.270000,1,-6.480000,-0.1400,3.840000,10.440000,319.580000
696,Entry short,2025-09-20 19:00,4472.790000,1,-6.480000,-0.1400,3.840000,10.440000,319.580000
695,Exit short,2025-09-20 14:45,4472.150000,1,-9.150000,-0.2100,9.790000,11.780000,326.060000
695,Entry short,2025-09-20 09:30,4463.000000,1,-9.150000,-0.2100,9.790000,11.780000,326.060000
694,Exit short,2025-09-20 04:45,4471.260000,1,-14.460000,-0.3200,5.180000,14.720000,335.210000
694,Entry short,2025-09-20 02:15,4456.800000,1,-14.460000,-0.3200,5.180000,14.720000,335.210000
693,Exit short,2025-09-20 00:45,4471.000000,1,-17.180000,-0.3900,10.550000,17.770000,349.670000
693,Entry short,2025-09-19 23:15,4453.820000,1,-17.180000,-0.3900,10.550000,17.770000,349.670000
692,Exit short,2025-09-19 22:30,4470.230000,1,22.930000,0.5100,60.160000,2.820000,366.850000
692,Entry short,2025-09-19 15:00,4493.160000,1,22.930000,0.5100,60.160000,2.820000,366.850000
691,Exit long,2025-09-19 02:30,4590.010000,1,-17.850000,-0.3900,11.640000,20.250000,343.920000
691,Entry long,2025-09-19 00:45,4607.860000,1,-17.850000,-0.3900,11.640000,20.250000,343.920000
690,Exit long,2025-09-18 19:30,4589.800000,1,-15.310000,-0.3300,29.730000,20.110000,361.770000
690,Entry long,2025-09-18 14:15,4605.110000,1,-15.310000,-0.3300,29.730000,20.110000,361.770000
689,Exit long,2025-09-18 10:30,4570.000000,1,-29.650000,-0.6400,2.350000,31.980000,377.080000
689,Entry long,2025-09-18 09:00,4599.650000,1,-29.650000,-0.6400,2.350000,31.980000,377.080000
688,Exit short,2025-09-17 12:30,4504.150000,1,-0.150000,-0.0000,27.000000,4.330000,406.730000
688,Entry short,2025-09-17 09:15,4504.000000,1,-0.150000,-0.0000,27.000000,4.330000,406.730000
687,Exit short,2025-09-17 06:00,4512.390000,1,-14.220000,-0.3200,36.790000,18.600000,406.880000
687,Entry short,2025-09-17 04:15,4498.170000,1,-14.220000,-0.3200,36.790000,18.600000,406.880000
686,Exit short,2025-09-16 08:15,4525.560000,1,-21.510000,-0.4800,6.550000,22.950000,421.100000
686,Entry short,2025-09-16 06:45,4504.050000,1,-21.510000,-0.4800,6.550000,22.950000,421.100000
685,Exit short,2025-09-16 05:15,4526.070000,1,-18.110000,-0.4000,22.940000,21.880000,442.610000
685,Entry short,2025-09-16 04:15,4507.960000,1,-18.110000,-0.4000,22.940000,21.880000,442.610000
684,Exit short,2025-09-15 02:00,4616.230000,1,-7.920000,-0.1700,30.300000,13.510000,460.720000
684,Entry short,2025-09-14 23:30,4608.310000,1,-7.920000,-0.1700,30.300000,13.510000,460.720000
683,Exit short,2025-09-14 19:30,4618.760000,1,-9.190000,-0.2000,19.560000,9.860000,468.640000
683,Entry short,2025-09-14 18:30,4609.570000,1,-9.190000,-0.2000,19.560000,9.860000,468.640000
682,Exit long,2025-09-14 06:45,4660.510000,1,-14.220000,-0.3000,5.260000,15.160000,477.830000
682,Entry long,2025-09-14 05:30,4674.730000,1,-14.220000,-0.3000,5.260000,15.160000,477.830000
681,Exit long,2025-09-13 21:45,4657.910000,1,-2.490000,-0.0500,0.630000,4.400000,492.050000
681,Entry long,2025-09-13 21:30,4660.400000,1,-2.490000,-0.0500,0.630000,4.400000,492.050000
680,Exit long,2025-09-13 13:45,4710.010000,1,-12.480000,-0.2600,0.290000,12.490000,494.540000
680,Entry long,2025-09-13 13:30,4722.490000,1,-12.480000,-0.2600,0.290000,12.490000,494.540000
679,Exit long,2025-09-13 11:15,4709.380000,1,-12.710000,-0.2700,16.240000,15.390000,507.020000
679,Entry long,2025-09-13 08:45,4722.090000,1,-12.710000,-0.2700,16.240000,15.390000,507.020000
678,Exit long,2025-09-13 07:15,4712.760000,1,174.780000,3.8500,230.020000,15.980000,519.730000
678,Entry long,2025-09-12 14:00,4537.980000,1,174.780000,3.8500,230.020000,15.980000,519.730000
677,Exit long,2025-09-12 13:45,4513.610000,1,-11.350000,-0.2500,3.390000,19.520000,344.950000
677,Entry long,2025-09-12 13:00,4524.960000,1,-11.350000,-0.2500,3.390000,19.520000,344.950000
676,Exit long,2025-09-12 12:15,4510.590000,1,-22.410000,-0.4900,0.590000,31.340000,356.300000
676,Entry long,2025-09-12 11:30,4533.000000,1,-22.410000,-0.4900,0.590000,31.340000,356.300000
675,Exit long,2025-09-12 09:30,4516.270000,1,89.200000,2.0100,134.930000,4.850000,378.710000
675,Entry long,2025-09-11 22:00,4427.070000,1,89.200000,2.0100,134.930000,4.850000,378.710000
674,Exit long,2025-09-11 20:15,4413.810000,1,-10.850000,-0.2500,4.340000,11.140000,289.510000
674,Entry long,2025-09-11 19:45,4424.660000,1,-10.850000,-0.2500,4.340000,11.140000,289.510000
673,Exit long,2025-09-11 18:30,4414.540000,1,-14.140000,-0.3200,11.320000,18.680000,300.360000
673,Entry long,2025-09-11 17:15,4428.680000,1,-14.140000,-0.3200,11.320000,18.680000,300.360000
672,Exit long,2025-09-11 13:15,4390.860000,1,45.260000,1.0400,137.840000,16.720000,314.500000
672,Entry long,2025-09-11 00:45,4345.600000,1,45.260000,1.0400,137.840000,16.720000,314.500000
671,Exit long,2025-09-11 00:15,4336.860000,1,-10.970000,-0.2500,0.000000,10.980000,269.240000
671,Entry long,2025-09-11 00:00,4347.830000,1,-10.970000,-0.2500,0.000000,10.980000,269.240000
670,Exit short,2025-09-10 06:30,4308.010000,1,-10.000000,-0.2300,0.910000,10.820000,280.210000
670,Entry short,2025-09-10 06:15,4298.010000,1,-10.000000,-0.2300,0.910000,10.820000,280.210000
669,Exit short,2025-09-10 02:15,4311.430000,1,-27.420000,-0.6400,0.380000,30.490000,290.210000
669,Entry short,2025-09-10 01:00,4284.010000,1,-27.420000,-0.6400,0.380000,30.490000,290.210000
668,Exit short,2025-09-08 06:30,4299.960000,1,-5.130000,-0.1200,7.830000,7.860000,317.630000
668,Entry short,2025-09-08 05:15,4294.830000,1,-5.130000,-0.1200,7.830000,7.860000,317.630000
667,Exit short,2025-09-08 02:45,4301.190000,1,-15.760000,-0.3700,9.220000,22.010000,322.760000
667,Entry short,2025-09-08 01:30,4285.430000,1,-15.760000,-0.3700,9.220000,22.010000,322.760000
666,Exit short,2025-09-07 19:45,4293.950000,1,-1.220000,-0.0300,25.290000,2.150000,338.520000
666,Entry short,2025-09-07 16:15,4292.730000,1,-1.220000,-0.0300,25.290000,2.150000,338.520000
665,Exit short,2025-09-07 15:45,4302.720000,1,-4.530000,-0.1100,2.340000,4.790000,339.740000
665,Entry short,2025-09-07 15:30,4298.190000,1,-4.530000,-0.1100,2.340000,4.790000,339.740000
664,Exit short,2025-09-07 13:30,4296.240000,1,-1.780000,-0.0400,7.940000,3.010000,344.270000
664,Entry short,2025-09-07 13:15,4294.460000,1,-1.780000,-0.0400,7.940000,3.010000,344.270000
663,Exit short,2025-09-07 07:30,4291.120000,1,-6.280000,-0.1500,8.060000,7.580000,346.050000
663,Entry short,2025-09-07 06:45,4284.840000,1,-6.280000,-0.1500,8.060000,7.580000,346.050000
662,Exit short,2025-09-06 22:00,4281.680000,1,14.100000,0.3300,75.780000,11.320000,352.330000
662,Entry short,2025-09-06 09:15,4295.780000,1,14.100000,0.3300,75.780000,11.320000,352.330000
661,Exit short,2025-09-06 08:45,4309.990000,1,-3.260000,-0.0800,18.330000,6.630000,338.230000
661,Entry short,2025-09-06 04:30,4306.730000,1,-3.260000,-0.0800,18.330000,6.630000,338.230000
660,Exit short,2025-09-06 03:00,4321.220000,1,-12.910000,-0.3000,2.610000,13.570000,341.490000
660,Entry short,2025-09-06 02:30,4308.310000,1,-12.910000,-0.3000,2.610000,13.570000,341.490000
659,Exit short,2025-09-06 01:00,4320.940000,1,-11.660000,-0.2700,22.090000,17.720000,354.400000
659,Entry short,2025-09-05 21:45,4309.280000,1,-11.660000,-0.2700,22.090000,17.720000,354.400000
658,Exit short,2025-09-05 04:00,4326.510000,1,-27.490000,-0.6400,1.020000,30.980000,366.060000
658,Entry short,2025-09-05 03:30,4299.020000,1,-27.490000,-0.6400,1.020000,30.980000,366.060000
657,Exit short,2025-09-05 01:45,4329.270000,1,-30.370000,-0.7100,11.740000,32.250000,393.550000
657,Entry short,2025-09-05 00:15,4298.900000,1,-30.370000,-0.7100,11.740000,32.250000,393.550000
656,Exit long,2025-09-04 12:45,4388.020000,1,-19.410000,-0.4400,24.570000,26.610000,423.920000
656,Entry long,2025-09-04 10:15,4407.430000,1,-19.410000,-0.4400,24.570000,26.610000,423.920000
655,Exit long,2025-09-04 02:30,4438.500000,1,-23.610000,-0.5300,6.860000,23.610000,443.330000
655,Entry long,2025-09-04 01:45,4462.110000,1,-23.610000,-0.5300,6.860000,23.610000,443.330000
654,Exit long,2025-09-04 01:30,4458.040000,1,-13.250000,-0.3000,9.700000,23.960000,466.940000
654,Entry long,2025-09-04 00:30,4471.290000,1,-13.250000,-0.3000,9.700000,23.960000,466.940000
653,Exit short,2025-09-03 08:15,4321.120000,1,-17.600000,-0.4100,18.520000,18.650000,480.190000
653,Entry short,2025-09-03 06:15,4303.520000,1,-17.600000,-0.4100,18.520000,18.650000,480.190000
652,Exit short,2025-09-03 02:00,4323.400000,1,-31.220000,-0.7300,11.180000,31.990000,497.790000
652,Entry short,2025-09-03 01:15,4292.180000,1,-31.220000,-0.7300,11.180000,31.990000,497.790000
651,Exit short,2025-09-02 11:45,4372.340000,1,-4.140000,-0.0900,4.200000,6.440000,529.010000
651,Entry short,2025-09-02 11:30,4368.200000,1,-4.140000,-0.0900,4.200000,6.440000,529.010000
650,Exit long,2025-08-31 20:00,4453.240000,1,-19.260000,-0.4300,16.500000,21.080000,533.150000
650,Entry long,2025-08-31 15:15,4472.500000,1,-19.260000,-0.4300,16.500000,21.080000,533.150000
649,Exit long,2025-08-31 14:45,4459.420000,1,-12.560000,-0.2800,26.020000,23.980000,552.410000
649,Entry long,2025-08-31 11:30,4471.980000,1,-12.560000,-0.2800,26.020000,23.980000,552.410000
648,Exit short,2025-08-30 15:30,4369.650000,1,1.640000,0.0400,41.840000,4.710000,564.970000
648,Entry short,2025-08-30 12:30,4371.290000,1,1.640000,0.0400,41.840000,4.710000,564.970000
647,Exit short,2025-08-30 03:30,4357.190000,1,-15.810000,-0.3600,86.410000,40.590000,563.330000
647,Entry short,2025-08-30 01:00,4341.380000,1,-15.810000,-0.3600,86.410000,40.590000,563.330000
646,Exit short,2025-08-29 21:30,4337.980000,1,-17.820000,-0.4100,17.260000,19.250000,579.140000
646,Entry short,2025-08-29 21:00,4320.160000,1,-17.820000,-0.4100,17.260000,19.250000,579.140000
645,Exit short,2025-08-29 19:45,4347.660000,1,-17.990000,-0.4200,65.380000,30.330000,596.960000
645,Entry short,2025-08-29 14:00,4329.670000,1,-17.990000,-0.4200,65.380000,30.330000,596.960000
644,Exit short,2025-08-29 13:00,4405.290000,1,70.030000,1.5600,159.120000,10.240000,614.950000
644,Entry short,2025-08-29 05:15,4475.320000,1,70.030000,1.5600,159.120000,10.240000,614.950000
643,Exit short,2025-08-29 04:00,4487.560000,1,-20.720000,-0.4600,34.750000,36.100000,544.920000
643,Entry short,2025-08-29 01:15,4466.840000,1,-20.720000,-0.4600,34.750000,36.100000,544.920000
642,Exit long,2025-08-27 12:45,4582.410000,1,-12.170000,-0.2600,28.750000,18.570000,565.640000
642,Entry long,2025-08-27 11:15,4594.580000,1,-12.170000,-0.2600,28.750000,18.570000,565.640000
641,Exit long,2025-08-27 10:45,4576.860000,1,-32.800000,-0.7100,5.640000,42.570000,577.810000
641,Entry long,2025-08-27 09:30,4609.660000,1,-32.800000,-0.7100,5.640000,42.570000,577.810000
640,Exit long,2025-08-27 07:15,4583.730000,1,-17.350000,-0.3800,42.850000,26.610000,610.610000
640,Entry long,2025-08-27 04:00,4601.080000,1,-17.350000,-0.3800,42.850000,26.610000,610.610000
639,Exit short,2025-08-26 12:45,4508.260000,1,-99.530000,-2.2600,1.450000,126.830000,627.960000
639,Entry short,2025-08-26 12:15,4408.730000,1,-99.530000,-2.2600,1.450000,126.830000,627.960000
638,Exit short,2025-08-26 07:45,4425.360000,1,-20.790000,-0.4700,3.490000,49.210000,727.490000
638,Entry short,2025-08-26 07:30,4404.570000,1,-20.790000,-0.4700,3.490000,49.210000,727.490000
637,Exit short,2025-08-26 04:15,4430.360000,1,-48.690000,-1.1100,9.670000,52.010000,748.280000
637,Entry short,2025-08-26 03:15,4381.670000,1,-48.690000,-1.1100,9.670000,52.010000,748.280000
636,Exit short,2025-08-26 02:30,4421.000000,1,199.470000,4.3200,310.470000,5.170000,796.970000
636,Entry short,2025-08-25 16:45,4620.470000,1,199.470000,4.3200,310.470000,5.170000,796.970000
635,Exit long,2025-08-24 13:45,4761.260000,1,-10.360000,-0.2200,6.620000,10.360000,597.500000
635,Entry long,2025-08-24 13:30,4771.620000,1,-10.360000,-0.2200,6.620000,10.360000,597.500000
634,Exit long,2025-08-24 10:00,4770.670000,1,-13.010000,-0.2700,0.160000,13.340000,607.860000
634,Entry long,2025-08-24 09:45,4783.680000,1,-13.010000,-0.2700,0.160000,13.340000,607.860000
633,Exit long,2025-08-24 06:45,4769.730000,1,-18.030000,-0.3800,11.770000,26.420000,620.870000
633,Entry long,2025-08-24 04:00,4787.760000,1,-18.030000,-0.3800,11.770000,26.420000,620.870000
632,Exit long,2025-08-23 17:30,4729.620000,1,-17.890000,-0.3800,21.490000,32.510000,638.900000
632,Entry long,2025-08-23 14:30,4747.510000,1,-17.890000,-0.3800,21.490000,32.510000,638.900000
631,Exit short,2025-08-22 01:45,4255.940000,1,-31.940000,-0.7600,0.590000,33.200000,656.790000
631,Entry short,2025-08-22 01:15,4224.000000,1,-31.940000,-0.7600,0.590000,33.200000,656.790000
630,Exit short,2025-08-22 00:45,4247.960000,1,-11.220000,-0.2600,29.220000,18.100000,688.730000
630,Entry short,2025-08-21 23:30,4236.740000,1,-11.220000,-0.2600,29.220000,18.100000,688.730000
629,Exit long,2025-08-21 14:45,4276.420000,1,-37.380000,-0.8700,2.560000,62.230000,699.950000
629,Entry long,2025-08-21 14:30,4313.800000,1,-37.380000,-0.8700,2.560000,62.230000,699.950000
628,Exit short,2025-08-20 12:00,4193.480000,1,-31.670000,-0.7600,15.570000,31.880000,737.330000
628,Entry short,2025-08-20 11:45,4161.810000,1,-31.670000,-0.7600,15.570000,31.880000,737.330000
627,Exit short,2025-08-20 03:00,4135.000000,1,74.400000,1.7700,149.400000,21.460000,769.000000
627,Entry short,2025-08-19 14:30,4209.400000,1,74.400000,1.7700,149.400000,21.460000,769.000000
626,Exit short,2025-08-19 01:00,4340.630000,1,-12.580000,-0.2900,63.050000,13.420000,694.600000
626,Entry short,2025-08-18 23:30,4328.050000,1,-12.580000,-0.2900,63.050000,13.420000,694.600000
625,Exit long,2025-08-17 23:30,4483.310000,1,-45.630000,-1.0100,3.210000,50.700000,707.180000
625,Entry long,2025-08-17 22:45,4528.940000,1,-45.630000,-1.0100,3.210000,50.700000,707.180000
624,Exit short,2025-08-17 00:45,4417.960000,1,-6.770000,-0.1500,3.650000,14.550000,752.810000
624,Entry short,2025-08-17 00:30,4411.190000,1,-6.770000,-0.1500,3.650000,14.550000,752.810000
623,Exit short,2025-08-16 18:30,4408.500000,1,-12.570000,-0.2900,25.930000,30.810000,759.580000
623,Entry short,2025-08-16 10:00,4395.930000,1,-12.570000,-0.2900,25.930000,30.810000,759.580000
622,Exit short,2025-08-16 07:45,4451.460000,1,-12.460000,-0.2800,32.000000,16.830000,772.150000
622,Entry short,2025-08-16 03:45,4439.000000,1,-12.460000,-0.2800,32.000000,16.830000,772.150000
621,Exit long,2025-08-14 10:45,4705.730000,1,-52.530000,-1.1000,8.740000,89.260000,784.610000
621,Entry long,2025-08-14 10:00,4758.260000,1,-52.530000,-1.1000,8.740000,89.260000,784.610000
620,Exit long,2025-08-14 07:15,4734.110000,1,-36.260000,-0.7600,11.870000,40.070000,837.140000
620,Entry long,2025-08-14 06:45,4770.370000,1,-36.260000,-0.7600,11.870000,40.070000,837.140000
619,Exit long,2025-08-14 05:45,4730.010000,1,-29.580000,-0.6200,29.190000,34.590000,873.400000
619,Entry long,2025-08-14 02:45,4759.590000,1,-29.580000,-0.6200,29.190000,34.590000,873.400000
618,Exit long,2025-08-14 02:00,4719.030000,1,-17.870000,-0.3800,6.620000,20.400000,902.980000
618,Entry long,2025-08-14 01:45,4736.900000,1,-17.870000,-0.3800,6.620000,20.400000,902.980000
617,Exit long,2025-08-14 01:15,4720.890000,1,2.890000,0.0600,65.620000,35.000000,920.850000
617,Entry long,2025-08-13 16:30,4718.000000,1,2.890000,0.0600,65.620000,35.000000,920.850000
616,Exit long,2025-08-13 15:00,4647.620000,1,8.280000,0.1800,97.420000,6.490000,917.960000
616,Entry long,2025-08-13 09:30,4639.340000,1,8.280000,0.1800,97.420000,6.490000,917.960000
615,Exit long,2025-08-13 08:45,4610.800000,1,-22.180000,-0.4800,1.320000,23.160000,909.680000
615,Entry long,2025-08-13 08:15,4632.980000,1,-22.180000,-0.4800,1.320000,23.160000,909.680000
614,Exit long,2025-08-12 05:45,4272.010000,1,0.010000,0.0000,48.630000,15.490000,931.860000
614,Entry long,2025-08-12 01:00,4272.000000,1,0.010000,0.0000,48.630000,15.490000,931.860000
613,Exit long,2025-08-11 20:00,4257.530000,1,-15.300000,-0.3600,97.170000,40.830000,931.850000
613,Entry long,2025-08-11 14:15,4272.830000,1,-15.300000,-0.3600,97.170000,40.830000,931.850000
612,Exit long,2025-08-11 07:30,4289.470000,1,40.560000,0.9500,100.760000,23.150000,947.150000
612,Entry long,2025-08-10 23:00,4248.910000,1,40.560000,0.9500,100.760000,23.150000,947.150000
611,Exit long,2025-08-10 20:30,4212.950000,1,-4.620000,-0.1100,40.390000,10.940000,906.590000
611,Entry long,2025-08-10 15:00,4217.570000,1,-4.620000,-0.1100,40.390000,10.940000,906.590000
610,Exit long,2025-08-10 03:00,4245.310000,1,49.830000,1.1900,136.510000,25.480000,911.210000
610,Entry long,2025-08-09 15:00,4195.480000,1,49.830000,1.1900,136.510000,25.480000,911.210000
609,Exit long,2025-08-09 14:00,4164.820000,1,133.230000,3.3000,217.280000,9.660000,861.380000
609,Entry long,2025-08-09 02:00,4031.590000,1,133.230000,3.3000,217.280000,9.660000,861.380000
608,Exit long,2025-08-08 23:45,4011.000000,1,99.220000,2.5400,158.220000,9.310000,728.150000
608,Entry long,2025-08-08 13:30,3911.780000,1,99.220000,2.5400,158.220000,9.310000,728.150000
607,Exit long,2025-08-08 13:00,3890.850000,1,-22.540000,-0.5800,5.610000,22.700000,628.930000
607,Entry long,2025-08-08 11:45,3913.390000,1,-22.540000,-0.5800,5.610000,22.700000,628.930000
606,Exit long,2025-08-08 08:45,3890.210000,1,214.400000,5.8300,293.000000,0.560000,651.470000
606,Entry long,2025-08-07 05:45,3675.810000,1,214.400000,5.8300,293.000000,0.560000,651.470000
605,Exit long,2025-08-07 02:45,3656.090000,1,21.100000,0.5800,81.390000,16.750000,437.070000
605,Entry long,2025-08-06 15:00,3634.990000,1,21.100000,0.5800,81.390000,16.750000,437.070000
604,Exit short,2025-08-06 05:15,3616.800000,1,-31.900000,-0.8900,22.560000,32.660000,415.970000
604,Entry short,2025-08-06 01:15,3584.900000,1,-31.900000,-0.8900,22.560000,32.660000,415.970000
603,Exit long,2025-08-05 12:30,3655.270000,1,-4.710000,-0.1300,32.320000,19.210000,447.870000
603,Entry long,2025-08-05 10:15,3659.980000,1,-4.710000,-0.1300,32.320000,19.210000,447.870000
602,Exit long,2025-08-05 01:30,3696.120000,1,158.610000,4.4800,197.490000,2.580000,452.580000
602,Entry long,2025-08-04 07:30,3537.510000,1,158.610000,4.4800,197.490000,2.580000,452.580000
601,Exit short,2025-08-03 15:45,3472.610000,1,-9.590000,-0.2800,10.230000,12.980000,293.970000
601,Entry short,2025-08-03 15:15,3463.020000,1,-9.590000,-0.2800,10.230000,12.980000,293.970000
600,Exit short,2025-08-03 01:45,3418.730000,1,54.940000,1.5800,120.160000,16.830000,303.560000
600,Entry short,2025-08-02 14:45,3473.670000,1,54.940000,1.5800,120.160000,16.830000,303.560000
599,Exit short,2025-08-02 11:30,3512.170000,1,-10.410000,-0.3000,48.620000,21.240000,248.620000
599,Entry short,2025-08-02 06:15,3501.760000,1,-10.410000,-0.3000,48.620000,21.240000,248.620000
598,Exit short,2025-08-02 02:30,3521.870000,1,76.360000,2.1200,169.370000,56.740000,259.030000
598,Entry short,2025-08-01 14:00,3598.230000,1,76.360000,2.1200,169.370000,56.740000,259.030000
597,Exit short,2025-08-01 12:30,3643.530000,1,40.710000,1.1000,100.800000,9.640000,182.670000
597,Entry short,2025-08-01 04:15,3684.240000,1,40.710000,1.1000,100.800000,9.640000,182.670000
596,Exit short,2025-07-30 23:15,3779.420000,1,-43.030000,-1.1500,66.390000,50.050000,141.960000
596,Entry short,2025-07-30 19:00,3736.390000,1,-43.030000,-1.1500,66.390000,50.050000,141.960000
595,Exit short,2025-07-30 01:45,3793.590000,1,-24.600000,-0.6500,2.250000,26.750000,184.990000
595,Entry short,2025-07-30 01:30,3768.990000,1,-24.600000,-0.6500,2.250000,26.750000,184.990000
594,Exit long,2025-07-29 14:15,3809.070000,1,-45.500000,-1.1800,20.400000,64.570000,209.590000
594,Entry long,2025-07-29 12:45,3854.570000,1,-45.500000,-1.1800,20.400000,64.570000,209.590000
593,Exit short,2025-07-29 04:00,3790.460000,1,-37.290000,-0.9900,25.960000,44.000000,255.090000
593,Entry short,2025-07-29 00:45,3753.170000,1,-37.290000,-0.9900,25.960000,44.000000,255.090000
592,Exit long,2025-07-28 08:45,3886.800000,1,32.350000,0.8400,86.360000,16.790000,292.380000
592,Entry long,2025-07-27 22:15,3854.450000,1,32.350000,0.8400,86.360000,16.790000,292.380000
591,Exit long,2025-07-27 21:15,3820.920000,1,36.960000,0.9800,85.010000,2.830000,260.030000
591,Entry long,2025-07-27 10:30,3783.960000,1,36.960000,0.9800,85.010000,2.830000,260.030000
590,Exit long,2025-07-27 08:00,3766.500000,1,11.700000,0.3100,55.480000,6.160000,223.070000
590,Entry long,2025-07-27 01:00,3754.800000,1,11.700000,0.3100,55.480000,6.160000,223.070000
589,Exit long,2025-07-27 00:15,3734.780000,1,-3.890000,-0.1000,56.530000,10.310000,211.370000
589,Entry long,2025-07-26 19:00,3738.670000,1,-3.890000,-0.1000,56.530000,10.310000,211.370000
588,Exit short,2025-07-24 08:15,3635.750000,1,-26.930000,-0.7500,103.820000,28.920000,215.260000
588,Entry short,2025-07-24 05:00,3608.820000,1,-26.930000,-0.7500,103.820000,28.920000,215.260000
587,Exit short,2025-07-22 20:45,3702.000000,1,-19.230000,-0.5200,28.230000,20.960000,242.190000
587,Entry short,2025-07-22 19:45,3682.770000,1,-19.230000,-0.5200,28.230000,20.960000,242.190000
586,Exit short,2025-07-22 19:00,3710.470000,1,-17.180000,-0.4700,1.270000,31.510000,261.420000
586,Entry short,2025-07-22 18:45,3693.290000,1,-17.180000,-0.4700,1.270000,31.510000,261.420000
585,Exit short,2025-07-22 15:00,3706.710000,1,-58.280000,-1.6000,22.430000,59.990000,278.600000
585,Entry short,2025-07-22 14:00,3648.430000,1,-58.280000,-1.6000,22.430000,59.990000,278.600000
584,Exit long,2025-07-22 02:45,3765.000000,1,-28.750000,-0.7600,0.880000,31.180000,336.880000
584,Entry long,2025-07-22 02:00,3793.750000,1,-28.750000,-0.7600,0.880000,31.180000,336.880000
583,Exit long,2025-07-22 00:45,3747.000000,1,-26.990000,-0.7200,0.000000,30.890000,365.630000
583,Entry long,2025-07-22 00:30,3773.990000,1,-26.990000,-0.7200,0.000000,30.890000,365.630000
582,Exit long,2025-07-21 13:15,3775.350000,1,-19.900000,-0.5200,42.750000,21.620000,392.620000
582,Entry long,2025-07-21 10:45,3795.250000,1,-19.900000,-0.5200,42.750000,21.620000,392.620000
581,Exit long,2025-07-21 10:30,3773.030000,1,-8.460000,-0.2200,4.950000,11.490000,412.520000
581,Entry long,2025-07-21 10:15,3781.490000,1,-8.460000,-0.2200,4.950000,11.490000,412.520000
580,Exit long,2025-07-21 10:00,3771.760000,1,14.050000,0.3700,54.290000,11.750000,420.980000
580,Entry long,2025-07-21 03:15,3757.710000,1,14.050000,0.3700,54.290000,11.750000,420.980000
579,Exit long,2025-07-21 00:15,3731.720000,1,-23.960000,-0.6400,0.810000,25.360000,406.930000
579,Entry long,2025-07-21 00:00,3755.680000,1,-23.960000,-0.6400,0.810000,25.360000,406.930000
578,Exit long,2025-07-20 22:15,3721.970000,1,-46.930000,-1.2500,1.580000,54.900000,430.890000
578,Entry long,2025-07-20 22:00,3768.900000,1,-46.930000,-1.2500,1.580000,54.900000,430.890000
577,Exit long,2025-07-20 20:00,3748.850000,1,-11.830000,-0.3100,5.920000,14.040000,477.820000
577,Entry long,2025-07-20 19:45,3760.680000,1,-11.830000,-0.3100,5.920000,14.040000,477.820000
576,Exit long,2025-07-19 21:15,3550.730000,1,-11.760000,-0.3300,30.960000,15.340000,489.650000
576,Entry long,2025-07-19 19:30,3562.490000,1,-11.760000,-0.3300,30.960000,15.340000,489.650000
575,Exit long,2025-07-19 17:15,3547.790000,1,-19.780000,-0.5500,2.330000,21.380000,501.410000
575,Entry long,2025-07-19 16:45,3567.570000,1,-19.780000,-0.5500,2.330000,21.380000,501.410000
574,Exit long,2025-07-19 14:00,3557.830000,1,-7.840000,-0.2200,0.000000,17.120000,521.190000
574,Entry long,2025-07-19 13:45,3565.670000,1,-7.840000,-0.2200,0.000000,17.120000,521.190000
573,Exit long,2025-07-19 06:30,3566.940000,1,1.030000,0.0300,42.090000,0.250000,529.030000
573,Entry long,2025-07-19 02:45,3565.910000,1,1.030000,0.0300,42.090000,0.250000,529.030000
572,Exit long,2025-07-18 18:45,3590.910000,1,-15.430000,-0.4300,0.500000,20.670000,528.000000
572,Entry long,2025-07-18 18:30,3606.340000,1,-15.430000,-0.4300,0.500000,20.670000,528.000000
571,Exit long,2025-07-18 14:30,3598.080000,1,-41.120000,-1.1300,34.520000,54.170000,543.430000
571,Entry long,2025-07-18 13:00,3639.200000,1,-41.120000,-1.1300,34.520000,54.170000,543.430000
570,Exit long,2025-07-18 11:15,3608.730000,1,-10.770000,-0.3000,7.230000,11.400000,584.550000
570,Entry long,2025-07-18 11:00,3619.500000,1,-10.770000,-0.3000,7.230000,11.400000,584.550000
569,Exit long,2025-07-18 10:45,3612.710000,1,-6.350000,-0.1800,3.230000,16.630000,595.320000
569,Entry long,2025-07-18 10:15,3619.060000,1,-6.350000,-0.1800,3.230000,16.630000,595.320000
568,Exit long,2025-07-18 09:00,3606.350000,1,121.790000,3.5000,189.870000,43.480000,601.670000
568,Entry long,2025-07-17 21:15,3484.560000,1,121.790000,3.5000,189.870000,43.480000,601.670000
567,Exit long,2025-07-17 20:00,3410.770000,1,-19.230000,-0.5600,24.000000,27.800000,479.880000
567,Entry long,2025-07-17 18:30,3430.000000,1,-19.230000,-0.5600,24.000000,27.800000,479.880000
566,Exit long,2025-07-17 12:30,3417.160000,1,52.350000,1.5600,117.810000,4.270000,499.110000
566,Entry long,2025-07-17 05:45,3364.810000,1,52.350000,1.5600,117.810000,4.270000,499.110000
565,Exit long,2025-07-17 02:00,3337.840000,1,217.860000,6.9800,303.490000,4.860000,446.760000
565,Entry long,2025-07-16 04:45,3119.980000,1,217.860000,6.9800,303.490000,4.860000,446.760000
564,Exit long,2025-07-16 04:15,3101.140000,1,41.140000,1.3400,93.840000,5.250000,228.900000
564,Entry long,2025-07-15 21:15,3060.000000,1,41.140000,1.3400,93.840000,5.250000,228.900000
563,Exit short,2025-07-15 12:00,2980.160000,1,-8.700000,-0.2900,10.950000,10.540000,187.760000
563,Entry short,2025-07-15 10:15,2971.460000,1,-8.700000,-0.2900,10.950000,10.540000,187.760000
562,Exit long,2025-07-14 23:00,3012.340000,1,-1.640000,-0.0500,3.770000,3.400000,196.460000
562,Entry long,2025-07-14 22:45,3013.980000,1,-1.640000,-0.0500,3.770000,3.400000,196.460000
561,Exit long,2025-07-14 14:45,3030.740000,1,50.080000,1.6800,102.340000,1.640000,198.100000
561,Entry long,2025-07-14 02:15,2980.660000,1,50.080000,1.6800,102.340000,1.640000,198.100000
560,Exit long,2025-07-13 21:15,2982.990000,1,20.650000,0.7000,57.180000,4.470000,148.020000
560,Entry long,2025-07-13 11:30,2962.340000,1,20.650000,0.7000,57.180000,4.470000,148.020000
559,Exit long,2025-07-12 23:45,2933.220000,1,-2.970000,-0.1000,2.110000,3.990000,127.370000
559,Entry long,2025-07-12 23:30,2936.190000,1,-2.970000,-0.1000,2.110000,3.990000,127.370000
558,Exit long,2025-07-12 23:00,2936.460000,1,0.990000,0.0300,1.590000,5.890000,130.340000
558,Entry long,2025-07-12 22:45,2935.470000,1,0.990000,0.0300,1.590000,5.890000,130.340000
557,Exit long,2025-07-12 08:00,2961.690000,1,-6.590000,-0.2200,9.720000,8.170000,129.350000
557,Entry long,2025-07-12 07:15,2968.280000,1,-6.590000,-0.2200,9.720000,8.170000,129.350000
556,Exit long,2025-07-12 03:45,2961.960000,1,-4.440000,-0.1500,0.500000,5.300000,135.940000
556,Entry long,2025-07-12 03:30,2966.400000,1,-4.440000,-0.1500,0.500000,5.300000,135.940000
555,Exit long,2025-07-11 21:45,2958.090000,1,-37.210000,-1.2400,0.500000,39.570000,140.380000
555,Entry long,2025-07-11 21:30,2995.300000,1,-37.210000,-1.2400,0.500000,39.570000,140.380000
554,Exit long,2025-07-11 20:45,2981.170000,1,-11.330000,-0.3800,17.050000,15.500000,177.590000
554,Entry long,2025-07-11 18:00,2992.500000,1,-11.330000,-0.3800,17.050000,15.500000,177.590000
553,Exit long,2025-07-11 15:15,2971.060000,1,-30.740000,-1.0200,3.980000,36.250000,188.920000
553,Entry long,2025-07-11 14:00,3001.800000,1,-30.740000,-1.0200,3.980000,36.250000,188.920000
552,Exit long,2025-07-11 11:45,2984.320000,1,179.550000,6.4000,236.180000,11.780000,219.660000
552,Entry long,2025-07-10 16:30,2804.770000,1,179.550000,6.4000,236.180000,11.780000,219.660000
551,Exit long,2025-07-10 14:30,2763.190000,1,-24.240000,-0.8700,6.570000,30.710000,40.110000
551,Entry long,2025-07-10 13:30,2787.430000,1,-24.240000,-0.8700,6.570000,30.710000,40.110000
550,Exit long,2025-07-10 09:45,2776.990000,1,160.120000,6.1200,205.360000,1.850000,64.350000
550,Entry long,2025-07-09 11:00,2616.870000,1,160.120000,6.1200,205.360000,1.850000,64.350000
549,Exit long,2025-07-09 02:00,2603.930000,1,29.860000,1.1600,53.760000,3.300000,-95.770000
549,Entry long,2025-07-08 16:45,2574.070000,1,29.860000,1.1600,53.760000,3.300000,-95.770000
548,Exit short,2025-07-08 04:45,2540.520000,1,-9.520000,-0.3800,8.930000,12.280000,-125.630000
548,Entry short,2025-07-08 01:30,2531.000000,1,-9.520000,-0.3800,8.930000,12.280000,-125.630000
547,Exit long,2025-07-07 19:45,2544.260000,1,-5.310000,-0.2100,4.570000,5.750000,-116.110000
547,Entry long,2025-07-07 19:30,2549.570000,1,-5.310000,-0.2100,4.570000,5.750000,-116.110000
546,Exit long,2025-07-07 10:15,2566.110000,1,-11.170000,-0.4300,10.450000,16.340000,-110.800000
546,Entry long,2025-07-07 08:00,2577.280000,1,-11.170000,-0.4300,10.450000,16.340000,-110.800000
545,Exit long,2025-07-07 06:45,2564.350000,1,-9.310000,-0.3600,0.650000,9.410000,-99.630000
545,Entry long,2025-07-07 06:30,2573.660000,1,-9.310000,-0.3600,0.650000,9.410000,-99.630000
544,Exit long,2025-07-07 06:15,2568.290000,1,-7.300000,-0.2800,14.290000,13.580000,-90.320000
544,Entry long,2025-07-07 02:15,2575.590000,1,-7.300000,-0.2800,14.290000,13.580000,-90.320000
543,Exit long,2025-07-07 01:15,2554.550000,1,9.580000,0.3800,62.110000,1.610000,-83.020000
543,Entry long,2025-07-06 20:30,2544.970000,1,9.580000,0.3800,62.110000,1.610000,-83.020000
542,Exit short,2025-07-06 09:15,2513.620000,1,-5.090000,-0.2000,0.620000,6.270000,-92.600000
542,Entry short,2025-07-06 08:30,2508.530000,1,-5.090000,-0.2000,0.620000,6.270000,-92.600000
541,Exit short,2025-07-06 06:15,2514.010000,1,-3.150000,-0.1300,3.410000,3.510000,-87.510000
541,Entry short,2025-07-06 04:30,2510.860000,1,-3.150000,-0.1300,3.410000,3.510000,-87.510000
540,Exit short,2025-07-06 04:00,2513.770000,1,-4.920000,-0.2000,0.790000,5.260000,-84.360000
540,Entry short,2025-07-06 03:30,2508.850000,1,-4.920000,-0.2000,0.790000,5.260000,-84.360000
539,Exit short,2025-07-05 13:00,2516.810000,1,-4.550000,-0.1800,3.160000,4.910000,-79.440000
539,Entry short,2025-07-05 12:30,2512.260000,1,-4.550000,-0.1800,3.160000,4.910000,-79.440000
538,Exit short,2025-07-05 10:00,2520.260000,1,-5.080000,-0.2000,7.530000,6.390000,-74.890000
538,Entry short,2025-07-05 09:00,2515.180000,1,-5.080000,-0.2000,7.530000,6.390000,-74.890000
537,Exit long,2025-07-03 23:30,2587.300000,1,0.170000,0.0100,15.630000,6.600000,-69.810000
537,Entry long,2025-07-03 19:30,2587.130000,1,0.170000,0.0100,15.630000,6.600000,-69.810000
536,Exit long,2025-07-03 15:15,2582.460000,1,-38.660000,-1.4700,13.880000,44.520000,-69.980000
536,Entry long,2025-07-03 13:45,2621.120000,1,-38.660000,-1.4700,13.880000,44.520000,-69.980000
535,Exit long,2025-07-03 12:45,2578.080000,1,-4.240000,-0.1600,33.680000,18.550000,-31.320000
535,Entry long,2025-07-03 05:30,2582.320000,1,-4.240000,-0.1600,33.680000,18.550000,-31.320000
534,Exit short,2025-07-02 13:15,2448.010000,1,-15.440000,-0.6300,0.740000,16.250000,-27.080000
534,Entry short,2025-07-02 12:45,2432.570000,1,-15.440000,-0.6300,0.740000,16.250000,-27.080000
533,Exit long,2025-07-01 02:45,2486.250000,1,-7.150000,-0.2900,1.290000,7.840000,-11.640000
533,Entry long,2025-07-01 02:30,2493.400000,1,-7.150000,-0.2900,1.290000,7.840000,-11.640000
532,Exit long,2025-07-01 02:00,2487.610000,1,-9.470000,-0.3800,2.520000,11.670000,-4.490000
532,Entry long,2025-07-01 01:15,2497.080000,1,-9.470000,-0.3800,2.520000,11.670000,-4.490000
531,Exit long,2025-06-30 16:30,2462.560000,1,-13.490000,-0.5400,1.380000,16.000000,4.980000
531,Entry long,2025-06-30 16:15,2476.050000,1,-13.490000,-0.5400,1.380000,16.000000,4.980000
530,Exit long,2025-06-29 14:30,2445.110000,1,11.650000,0.4800,30.500000,2.160000,18.470000
530,Entry long,2025-06-29 06:15,2433.460000,1,11.650000,0.4800,30.500000,2.160000,18.470000
529,Exit long,2025-06-29 01:45,2429.780000,1,-3.540000,-0.1500,8.360000,4.760000,6.820000
529,Entry long,2025-06-28 22:15,2433.320000,1,-3.540000,-0.1500,8.360000,4.760000,6.820000
528,Exit short,2025-06-28 14:15,2425.160000,1,-3.720000,-0.1500,1.150000,3.920000,10.360000
528,Entry short,2025-06-28 13:45,2421.440000,1,-3.720000,-0.1500,1.150000,3.920000,10.360000
527,Exit short,2025-06-28 03:30,2419.840000,1,-2.740000,-0.1100,12.350000,4.680000,14.080000
527,Entry short,2025-06-28 01:00,2417.100000,1,-2.740000,-0.1100,12.350000,4.680000,14.080000
526,Exit long,2025-06-26 21:15,2421.980000,1,-15.980000,-0.6600,18.620000,20.960000,16.820000
526,Entry long,2025-06-26 20:15,2437.960000,1,-15.980000,-0.6600,18.620000,20.960000,16.820000
525,Exit long,2025-06-26 09:45,2469.200000,1,45.300000,1.8700,96.100000,6.250000,32.800000
525,Entry long,2025-06-26 01:15,2423.900000,1,45.300000,1.8700,96.100000,6.250000,32.800000
524,Exit long,2025-06-25 22:15,2423.120000,1,-5.670000,-0.2300,26.480000,11.400000,-12.500000
524,Entry long,2025-06-25 19:15,2428.790000,1,-5.670000,-0.2300,26.480000,11.400000,-12.500000
523,Exit long,2025-06-25 14:15,2428.010000,1,-11.510000,-0.4700,5.280000,16.710000,-6.830000
523,Entry long,2025-06-25 13:30,2439.520000,1,-11.510000,-0.4700,5.280000,16.710000,-6.830000
522,Exit long,2025-06-25 08:30,2433.290000,1,-14.410000,-0.5900,2.000000,15.190000,4.680000
522,Entry long,2025-06-25 07:30,2447.700000,1,-14.410000,-0.5900,2.000000,15.190000,4.680000
521,Exit long,2025-06-25 04:15,2438.310000,1,-7.890000,-0.3200,21.640000,10.910000,19.090000
521,Entry long,2025-06-24 23:45,2446.200000,1,-7.890000,-0.3200,21.640000,10.910000,19.090000
520,Exit long,2025-06-24 23:15,2430.650000,1,-16.900000,-0.6900,1.250000,17.930000,26.980000
520,Entry long,2025-06-24 21:00,2447.550000,1,-16.900000,-0.6900,1.250000,17.930000,26.980000
519,Exit long,2025-06-24 19:30,2429.680000,1,-0.330000,-0.0100,51.270000,33.570000,43.880000
519,Entry long,2025-06-24 09:30,2430.010000,1,-0.330000,-0.0100,51.270000,33.570000,43.880000
518,Exit short,2025-06-23 17:30,2273.940000,1,-45.430000,-2.0400,41.500000,54.660000,44.210000
518,Entry short,2025-06-23 16:15,2228.510000,1,-45.430000,-2.0400,41.500000,54.660000,44.210000
517,Exit short,2025-06-23 11:00,2245.900000,1,-6.910000,-0.3100,-0.000000,8.700000,89.640000
517,Entry short,2025-06-23 10:45,2238.990000,1,-6.910000,-0.3100,-0.000000,8.700000,89.640000
516,Exit short,2025-06-22 12:15,2277.910000,1,-8.910000,-0.3900,35.660000,17.640000,96.550000
516,Entry short,2025-06-22 07:45,2269.000000,1,-8.910000,-0.3900,35.660000,17.640000,96.550000
515,Exit short,2025-06-22 06:15,2292.100000,1,127.220000,5.2600,206.250000,14.980000,105.460000
515,Entry short,2025-06-21 14:00,2419.320000,1,127.220000,5.2600,206.250000,14.980000,105.460000
514,Exit short,2025-06-20 04:15,2518.160000,1,-0.910000,-0.0400,3.330000,1.620000,-21.760000
514,Entry short,2025-06-20 03:45,2517.250000,1,-0.910000,-0.0400,3.330000,1.620000,-21.760000
513,Exit short,2025-06-20 03:30,2520.810000,1,-5.590000,-0.2200,1.000000,7.260000,-20.850000
513,Entry short,2025-06-20 03:15,2515.220000,1,-5.590000,-0.2200,1.000000,7.260000,-20.850000
512,Exit short,2025-06-19 21:45,2508.790000,1,-6.820000,-0.2700,0.250000,12.300000,-15.260000
512,Entry short,2025-06-19 20:45,2501.970000,1,-6.820000,-0.2700,0.250000,12.300000,-15.260000
511,Exit short,2025-06-19 17:45,2515.470000,1,8.710000,0.3500,40.600000,0.610000,-8.440000
511,Entry short,2025-06-19 13:00,2524.180000,1,8.710000,0.3500,40.600000,0.610000,-8.440000
510,Exit short,2025-06-19 08:15,2524.570000,1,-7.010000,-0.2800,0.010000,9.180000,-17.150000
510,Entry short,2025-06-19 08:00,2517.560000,1,-7.010000,-0.2800,0.010000,9.180000,-17.150000
509,Exit short,2025-06-19 07:45,2521.470000,1,-2.700000,-0.1100,1.010000,4.190000,-10.140000
509,Entry short,2025-06-19 07:30,2518.770000,1,-2.700000,-0.1100,1.010000,4.190000,-10.140000
508,Exit short,2025-06-19 07:00,2518.190000,1,0.510000,0.0200,2.890000,0.500000,-7.440000
508,Entry short,2025-06-19 06:45,2518.700000,1,0.510000,0.0200,2.890000,0.500000,-7.440000
507,Exit short,2025-06-19 02:45,2524.500000,1,-13.610000,-0.5400,4.220000,15.110000,-7.950000
507,Entry short,2025-06-19 02:15,2510.890000,1,-13.610000,-0.5400,4.220000,15.110000,-7.950000
506,Exit short,2025-06-18 20:45,2522.430000,1,-15.220000,-0.6100,42.210000,16.070000,5.660000
506,Entry short,2025-06-18 16:15,2507.210000,1,-15.220000,-0.6100,42.210000,16.070000,5.660000
505,Exit short,2025-06-18 15:45,2513.270000,1,-13.800000,-0.5500,10.540000,18.280000,20.880000
505,Entry short,2025-06-18 15:15,2499.470000,1,-13.800000,-0.5500,10.540000,18.280000,20.880000
504,Exit short,2025-06-18 14:15,2528.920000,1,-3.150000,-0.1200,60.770000,7.430000,34.680000
504,Entry short,2025-06-18 10:00,2525.770000,1,-3.150000,-0.1200,60.770000,7.430000,34.680000
503,Exit short,2025-06-18 07:45,2529.620000,1,-11.350000,-0.4500,0.930000,13.730000,37.830000
503,Entry short,2025-06-18 07:15,2518.270000,1,-11.350000,-0.4500,0.930000,13.730000,37.830000
502,Exit short,2025-06-17 23:45,2516.670000,1,-23.220000,-0.9300,0.860000,25.230000,49.180000
502,Entry short,2025-06-17 23:00,2493.450000,1,-23.220000,-0.9300,0.860000,25.230000,49.180000
501,Exit long,2025-06-17 04:30,2594.930000,1,-11.300000,-0.4300,6.510000,14.200000,72.400000
501,Entry long,2025-06-17 03:30,2606.230000,1,-11.300000,-0.4300,6.510000,14.200000,72.400000
500,Exit long,2025-06-16 22:45,2553.520000,1,-67.480000,-2.5700,59.000000,67.980000,83.700000
500,Entry long,2025-06-16 13:45,2621.000000,1,-67.480000,-2.5700,59.000000,67.980000,83.700000
499,Exit long,2025-06-16 13:15,2612.140000,1,-1.990000,-0.0800,3.370000,6.130000,151.180000
499,Entry long,2025-06-16 13:00,2614.130000,1,-1.990000,-0.0800,3.370000,6.130000,151.180000
498,Exit short,2025-06-16 01:45,2537.370000,1,-15.740000,-0.6200,8.250000,18.860000,153.170000
498,Entry short,2025-06-16 01:30,2521.630000,1,-15.740000,-0.6200,8.250000,18.860000,153.170000
497,Exit short,2025-06-15 22:15,2540.200000,1,-4.260000,-0.1700,45.560000,9.060000,168.910000
497,Entry short,2025-06-15 20:00,2535.940000,1,-4.260000,-0.1700,45.560000,9.060000,168.910000
496,Exit short,2025-06-15 13:00,2524.610000,1,2.880000,0.1100,20.110000,2.840000,173.170000
496,Entry short,2025-06-15 07:30,2527.490000,1,2.880000,0.1100,20.110000,2.840000,173.170000
495,Exit short,2025-06-14 21:45,2520.570000,1,9.070000,0.3600,42.960000,6.360000,170.290000
495,Entry short,2025-06-14 13:45,2529.640000,1,9.070000,0.3600,42.960000,6.360000,170.290000
494,Exit short,2025-06-14 03:00,2554.020000,1,-2.060000,-0.0800,0.560000,2.930000,161.220000
494,Entry short,2025-06-14 02:45,2551.960000,1,-2.060000,-0.0800,0.560000,2.930000,161.220000
493,Exit short,2025-06-13 20:45,2551.460000,1,-23.130000,-0.9100,19.630000,23.560000,163.280000
493,Entry short,2025-06-13 18:15,2528.330000,1,-23.130000,-0.9100,19.630000,23.560000,163.280000
492,Exit short,2025-06-13 15:15,2547.800000,1,-40.100000,-1.6000,5.050000,46.800000,186.410000
492,Entry short,2025-06-13 14:30,2507.700000,1,-40.100000,-1.6000,5.050000,46.800000,186.410000
491,Exit short,2025-06-13 11:00,2531.770000,1,-15.850000,-0.6300,10.570000,17.660000,226.510000
491,Entry short,2025-06-13 09:15,2515.920000,1,-15.850000,-0.6300,10.570000,17.660000,226.510000
490,Exit long,2025-06-12 18:15,2748.780000,1,-10.200000,-0.3700,10.990000,13.970000,242.360000
490,Entry long,2025-06-12 17:30,2758.980000,1,-10.200000,-0.3700,10.990000,13.970000,242.360000
489,Exit long,2025-06-12 15:30,2747.190000,1,-13.130000,-0.4800,12.200000,19.520000,252.560000
489,Entry long,2025-06-12 14:15,2760.320000,1,-13.130000,-0.4800,12.200000,19.520000,252.560000
488,Exit long,2025-06-11 18:15,2809.080000,1,-4.140000,-0.1500,65.780000,29.740000,265.690000
488,Entry long,2025-06-11 12:45,2813.220000,1,-4.140000,-0.1500,65.780000,29.740000,265.690000
487,Exit long,2025-06-11 08:15,2785.510000,1,-10.690000,-0.3800,5.060000,12.190000,269.830000
487,Entry long,2025-06-11 07:15,2796.200000,1,-10.690000,-0.3800,5.060000,12.190000,269.830000
486,Exit long,2025-06-11 06:45,2786.710000,1,-7.030000,-0.2500,9.870000,14.940000,280.520000
486,Entry long,2025-06-11 03:45,2793.740000,1,-7.030000,-0.2500,9.870000,14.940000,280.520000
485,Exit long,2025-06-11 02:45,2779.590000,1,97.690000,3.6400,152.330000,1.570000,287.550000
485,Entry long,2025-06-10 09:30,2681.900000,1,97.690000,3.6400,152.330000,1.570000,287.550000
484,Exit long,2025-06-08 12:30,2507.300000,1,-4.990000,-0.2000,0.990000,6.840000,189.860000
484,Entry long,2025-06-08 12:00,2512.290000,1,-4.990000,-0.2000,0.990000,6.840000,189.860000
483,Exit long,2025-06-08 09:15,2511.350000,1,-5.410000,-0.2100,1.510000,7.490000,194.850000
483,Entry long,2025-06-08 08:15,2516.760000,1,-5.410000,-0.2100,1.510000,7.490000,194.850000
482,Exit short,2025-06-07 09:15,2486.660000,1,-4.030000,-0.1600,0.720000,4.560000,200.260000
482,Entry short,2025-06-07 09:00,2482.630000,1,-4.030000,-0.1600,0.720000,4.560000,200.260000
481,Exit short,2025-06-07 03:15,2485.550000,1,5.250000,0.2100,34.950000,1.730000,204.290000
481,Entry short,2025-06-06 22:00,2490.800000,1,5.250000,0.2100,34.950000,1.730000,204.290000
480,Exit short,2025-06-06 21:30,2490.230000,1,-2.290000,-0.0900,1.820000,4.530000,199.040000
480,Entry short,2025-06-06 21:15,2487.940000,1,-2.290000,-0.0900,1.820000,4.530000,199.040000
479,Exit short,2025-06-06 18:00,2498.410000,1,-12.020000,-0.4800,1.390000,14.290000,201.330000
479,Entry short,2025-06-06 17:45,2486.390000,1,-12.020000,-0.4800,1.390000,14.290000,201.330000
478,Exit long,2025-06-05 13:45,2613.020000,1,-5.350000,-0.2000,21.630000,7.040000,213.350000
478,Entry long,2025-06-05 12:15,2618.370000,1,-5.350000,-0.2000,21.630000,7.040000,213.350000
477,Exit long,2025-06-05 05:45,2610.500000,1,-13.250000,-0.5100,10.010000,16.440000,218.700000
477,Entry long,2025-06-05 02:45,2623.750000,1,-13.250000,-0.5100,10.010000,16.440000,218.700000
476,Exit long,2025-06-04 18:45,2637.290000,1,-6.990000,-0.2600,35.360000,14.280000,231.950000
476,Entry long,2025-06-04 15:15,2644.280000,1,-6.990000,-0.2600,35.360000,14.280000,231.950000
475,Exit long,2025-06-04 12:00,2623.710000,1,12.530000,0.4800,38.200000,4.700000,238.940000
475,Entry long,2025-06-04 01:45,2611.180000,1,12.530000,0.4800,38.200000,4.700000,238.940000
474,Exit long,2025-06-03 20:30,2603.220000,1,-21.610000,-0.8200,0.000000,22.250000,226.410000
474,Entry long,2025-06-03 19:30,2624.830000,1,-21.610000,-0.8200,0.000000,22.250000,226.410000
473,Exit long,2025-06-03 16:30,2609.450000,1,-7.840000,-0.3000,37.690000,11.590000,248.020000
473,Entry long,2025-06-03 13:15,2617.290000,1,-7.840000,-0.3000,37.690000,11.590000,248.020000
472,Exit long,2025-06-03 12:00,2600.210000,1,-12.630000,-0.4800,6.680000,14.010000,255.860000
472,Entry long,2025-06-03 09:45,2612.840000,1,-12.630000,-0.4800,6.680000,14.010000,255.860000
471,Exit long,2025-06-03 08:45,2600.350000,1,-12.950000,-0.5000,6.140000,19.830000,268.490000
471,Entry long,2025-06-03 06:00,2613.300000,1,-12.950000,-0.5000,6.140000,19.830000,268.490000
470,Exit short,2025-06-02 13:00,2496.960000,1,-3.660000,-0.1500,20.560000,4.120000,281.440000
470,Entry short,2025-06-02 09:00,2493.300000,1,-3.660000,-0.1500,20.560000,4.120000,281.440000
469,Exit short,2025-06-02 08:15,2507.030000,1,19.500000,0.7700,44.530000,3.660000,285.100000
469,Entry short,2025-06-02 01:45,2526.530000,1,19.500000,0.7700,44.530000,3.660000,285.100000
468,Exit short,2025-06-01 19:30,2517.780000,1,-3.960000,-0.1600,1.090000,8.170000,265.600000
468,Entry short,2025-06-01 19:15,2513.820000,1,-3.960000,-0.1600,1.090000,8.170000,265.600000
467,Exit short,2025-06-01 14:30,2510.840000,1,1.330000,0.0500,47.170000,5.830000,269.560000
467,Entry short,2025-06-01 06:30,2512.170000,1,1.330000,0.0500,47.170000,5.830000,269.560000
466,Exit short,2025-05-31 23:15,2537.200000,1,-7.550000,-0.3000,6.330000,8.340000,268.230000
466,Entry short,2025-05-31 23:00,2529.650000,1,-7.550000,-0.3000,6.330000,8.340000,268.230000
465,Exit short,2025-05-31 18:15,2533.600000,1,-7.380000,-0.2900,1.600000,8.000000,275.780000
465,Entry short,2025-05-31 18:00,2526.220000,1,-7.380000,-0.2900,1.600000,8.000000,275.780000
464,Exit short,2025-05-31 12:15,2529.390000,1,-17.990000,-0.7200,0.710000,19.660000,283.160000
464,Entry short,2025-05-31 11:15,2511.400000,1,-17.990000,-0.7200,0.710000,19.660000,283.160000
463,Exit short,2025-05-31 06:30,2518.660000,1,-7.380000,-0.2900,0.060000,10.150000,301.150000
463,Entry short,2025-05-31 06:00,2511.280000,1,-7.380000,-0.2900,0.060000,10.150000,301.150000
462,Exit short,2025-05-31 05:45,2520.850000,1,47.230000,1.8400,94.080000,5.050000,308.530000
462,Entry short,2025-05-30 21:45,2568.080000,1,47.230000,1.8400,94.080000,5.050000,308.530000
461,Exit short,2025-05-30 21:00,2576.260000,1,39.750000,1.5200,86.010000,26.360000,261.300000
461,Entry short,2025-05-30 06:45,2616.010000,1,39.750000,1.5200,86.010000,26.360000,261.300000
460,Exit short,2025-05-30 04:45,2631.500000,1,-8.840000,-0.3400,2.300000,9.230000,221.550000
460,Entry short,2025-05-30 04:30,2622.660000,1,-8.840000,-0.3400,2.300000,9.230000,221.550000
459,Exit long,2025-05-29 22:30,2658.120000,1,-4.000000,-0.1500,4.860000,4.270000,230.390000
459,Entry long,2025-05-29 22:15,2662.120000,1,-4.000000,-0.1500,4.860000,4.270000,230.390000
458,Exit long,2025-05-29 11:45,2716.310000,1,-18.770000,-0.6900,8.920000,22.080000,234.390000
458,Entry long,2025-05-29 10:00,2735.080000,1,-18.770000,-0.6900,8.920000,22.080000,234.390000
457,Exit long,2025-05-28 22:30,2638.960000,1,-12.250000,-0.4600,1.310000,13.200000,253.160000
457,Entry long,2025-05-28 22:00,2651.210000,1,-12.250000,-0.4600,1.310000,13.200000,253.160000
456,Exit long,2025-05-28 19:00,2635.540000,1,-16.320000,-0.6200,5.380000,20.860000,265.410000
456,Entry long,2025-05-28 17:30,2651.860000,1,-16.320000,-0.6200,5.380000,20.860000,265.410000
455,Exit long,2025-05-28 14:15,2632.900000,1,-10.490000,-0.4000,45.740000,11.160000,281.730000
455,Entry long,2025-05-28 11:15,2643.390000,1,-10.490000,-0.4000,45.740000,11.160000,281.730000
454,Exit long,2025-05-28 09:15,2635.770000,1,-6.240000,-0.2400,0.710000,7.000000,292.220000
454,Entry long,2025-05-28 09:00,2642.010000,1,-6.240000,-0.2400,0.710000,7.000000,292.220000
453,Exit long,2025-05-27 21:30,2665.090000,1,116.670000,4.5800,163.380000,0.590000,298.460000
453,Entry long,2025-05-27 04:00,2548.420000,1,116.670000,4.5800,163.380000,0.590000,298.460000
452,Exit long,2025-05-27 00:45,2553.280000,1,-11.780000,-0.4600,19.680000,13.210000,181.790000
452,Entry long,2025-05-26 21:00,2565.060000,1,-11.780000,-0.4600,19.680000,13.210000,181.790000
451,Exit short,2025-05-25 16:45,2507.030000,1,-9.660000,-0.3900,2.370000,12.380000,193.570000
451,Entry short,2025-05-25 16:30,2497.370000,1,-9.660000,-0.3900,2.370000,12.380000,193.570000
450,Exit short,2025-05-25 16:00,2510.470000,1,-22.510000,-0.9000,2.960000,27.170000,203.230000
450,Entry short,2025-05-25 15:30,2487.960000,1,-22.510000,-0.9000,2.960000,27.170000,203.230000
449,Exit short,2025-05-25 12:00,2496.580000,1,51.640000,2.0300,90.620000,7.250000,225.740000
449,Entry short,2025-05-24 19:00,2548.220000,1,51.640000,2.0300,90.620000,7.250000,225.740000
448,Exit short,2025-05-24 15:00,2557.440000,1,-5.970000,-0.2300,9.130000,8.980000,174.100000
448,Entry short,2025-05-24 13:45,2551.470000,1,-5.970000,-0.2300,9.130000,8.980000,174.100000
447,Exit long,2025-05-23 10:15,2664.920000,1,-16.850000,-0.6300,0.630000,21.770000,180.070000
447,Entry long,2025-05-23 10:00,2681.770000,1,-16.850000,-0.6300,0.630000,21.770000,180.070000
446,Exit long,2025-05-23 06:15,2671.540000,1,13.680000,0.5100,76.440000,14.100000,196.920000
446,Entry long,2025-05-22 23:45,2657.860000,1,13.680000,0.5100,76.440000,14.100000,196.920000
445,Exit long,2025-05-22 19:30,2652.640000,1,-9.700000,-0.3600,16.960000,27.870000,183.240000
445,Entry long,2025-05-22 14:30,2662.340000,1,-9.700000,-0.3600,16.960000,27.870000,183.240000
444,Exit long,2025-05-22 14:00,2643.150000,1,122.880000,4.8800,172.340000,3.590000,192.940000
444,Entry long,2025-05-21 22:45,2520.270000,1,122.880000,4.8800,172.340000,3.590000,192.940000
443,Exit long,2025-05-21 17:30,2476.710000,1,-70.210000,-2.7600,68.070000,75.090000,70.060000
443,Entry long,2025-05-21 14:15,2546.920000,1,-70.210000,-2.7600,68.070000,75.090000,70.060000
442,Exit long,2025-05-21 08:45,2542.290000,1,42.040000,1.6800,115.210000,16.750000,140.270000
442,Entry long,2025-05-20 20:00,2500.250000,1,42.040000,1.6800,115.210000,16.750000,140.270000
441,Exit long,2025-05-20 18:15,2498.300000,1,2.390000,0.1000,7.090000,3.340000,98.230000
441,Entry long,2025-05-20 18:00,2495.910000,1,2.390000,0.1000,7.090000,3.340000,98.230000
440,Exit short,2025-05-19 13:45,2432.170000,1,-36.940000,-1.5400,1.600000,44.770000,95.840000
440,Entry short,2025-05-19 13:15,2395.230000,1,-36.940000,-1.5400,1.600000,44.770000,95.840000
439,Exit short,2025-05-19 08:15,2408.250000,1,21.640000,0.8900,82.900000,11.260000,132.780000
439,Entry short,2025-05-19 01:15,2429.890000,1,21.640000,0.8900,82.900000,11.260000,132.780000
438,Exit short,2025-05-18 12:30,2500.310000,1,0.180000,0.0100,13.840000,0.880000,111.140000
438,Entry short,2025-05-18 12:00,2500.490000,1,0.180000,0.0100,13.840000,0.880000,111.140000
437,Exit short,2025-05-18 03:45,2479.080000,1,-11.520000,-0.4700,0.370000,13.230000,110.960000
437,Entry short,2025-05-18 03:30,2467.560000,1,-11.520000,-0.4700,0.370000,13.230000,110.960000
436,Exit short,2025-05-18 00:15,2478.990000,1,-21.160000,-0.8600,6.550000,24.430000,122.480000
436,Entry short,2025-05-17 22:30,2457.830000,1,-21.160000,-0.8600,6.550000,24.430000,122.480000
435,Exit short,2025-05-17 21:00,2488.050000,1,-22.110000,-0.9000,5.280000,29.610000,143.640000
435,Entry short,2025-05-17 19:00,2465.940000,1,-22.110000,-0.9000,5.280000,29.610000,143.640000
434,Exit long,2025-05-16 13:30,2598.380000,1,0.430000,0.0200,50.730000,6.870000,165.750000
434,Entry long,2025-05-16 09:15,2597.950000,1,0.430000,0.0200,50.730000,6.870000,165.750000
433,Exit short,2025-05-16 00:00,2547.760000,1,-19.760000,-0.7800,13.000000,21.510000,165.320000
433,Entry short,2025-05-15 23:15,2528.000000,1,-19.760000,-0.7800,13.000000,21.510000,165.320000
432,Exit short,2025-05-15 22:15,2550.210000,1,-26.210000,-1.0400,13.510000,29.670000,185.080000
432,Entry short,2025-05-15 19:00,2524.000000,1,-26.210000,-1.0400,13.510000,29.670000,185.080000
431,Exit short,2025-05-15 16:00,2562.910000,1,-32.430000,-1.2800,54.870000,37.860000,211.290000
431,Entry short,2025-05-15 14:00,2530.480000,1,-32.430000,-1.2800,54.870000,37.860000,211.290000
430,Exit long,2025-05-15 01:45,2592.240000,1,-10.400000,-0.4000,43.460000,14.940000,243.720000
430,Entry long,2025-05-14 23:45,2602.640000,1,-10.400000,-0.4000,43.460000,14.940000,243.720000
429,Exit long,2025-05-14 22:15,2601.000000,1,-4.380000,-0.1700,1.500000,5.780000,254.120000
429,Entry long,2025-05-14 22:00,2605.380000,1,-4.380000,-0.1700,1.500000,5.780000,254.120000
428,Exit long,2025-05-14 19:30,2602.060000,1,-10.420000,-0.4000,4.340000,10.930000,258.500000
428,Entry long,2025-05-14 19:00,2612.480000,1,-10.420000,-0.4000,4.340000,10.930000,258.500000
427,Exit long,2025-05-14 07:30,2648.390000,1,-21.530000,-0.8100,9.920000,29.110000,268.920000
427,Entry long,2025-05-14 05:45,2669.920000,1,-21.530000,-0.8100,9.920000,29.110000,268.920000
426,Exit long,2025-05-12 22:45,2490.860000,1,8.260000,0.3300,13.170000,1.090000,290.450000
426,Entry long,2025-05-12 22:30,2482.600000,1,8.260000,0.3300,13.170000,1.090000,290.450000
425,Exit long,2025-05-12 14:30,2509.230000,1,-45.250000,-1.7700,21.120000,58.480000,282.190000
425,Entry long,2025-05-12 12:45,2554.480000,1,-45.250000,-1.7700,21.120000,58.480000,282.190000
424,Exit long,2025-05-11 22:45,2483.480000,1,-16.770000,-0.6700,27.460000,18.300000,327.440000
424,Entry long,2025-05-11 18:45,2500.250000,1,-16.770000,-0.6700,27.460000,18.300000,327.440000
423,Exit long,2025-05-11 13:30,2500.270000,1,-28.130000,-1.1100,6.400000,33.900000,344.210000
423,Entry long,2025-05-11 11:45,2528.400000,1,-28.130000,-1.1100,6.400000,33.900000,344.210000
422,Exit long,2025-05-11 06:45,2521.960000,1,179.340000,7.6600,265.380000,1.920000,372.340000
422,Entry long,2025-05-10 05:45,2342.620000,1,179.340000,7.6600,265.380000,1.920000,372.340000
421,Exit long,2025-05-10 01:00,2325.770000,1,-23.470000,-1.0000,30.750000,41.930000,193.000000
421,Entry long,2025-05-09 18:00,2349.240000,1,-23.470000,-1.0000,30.750000,41.930000,193.000000
420,Exit short,2025-05-06 22:15,1788.450000,1,-22.210000,-1.2600,1.260000,32.640000,216.470000
420,Entry short,2025-05-06 21:30,1766.240000,1,-22.210000,-1.2600,1.260000,32.640000,216.470000
419,Exit short,2025-05-06 01:15,1815.810000,1,-2.540000,-0.1400,4.270000,3.100000,238.680000
419,Entry short,2025-05-06 01:00,1813.270000,1,-2.540000,-0.1400,4.270000,3.100000,238.680000
418,Exit short,2025-05-05 21:15,1813.610000,1,-5.420000,-0.3000,0.610000,5.700000,241.220000
418,Entry short,2025-05-05 21:00,1808.190000,1,-5.420000,-0.3000,0.610000,5.700000,241.220000
417,Exit short,2025-05-05 16:45,1809.070000,1,-3.910000,-0.2200,11.870000,9.700000,246.640000
417,Entry short,2025-05-05 10:45,1805.160000,1,-3.910000,-0.2200,11.870000,9.700000,246.640000
416,Exit short,2025-05-05 06:00,1815.720000,1,8.760000,0.4800,44.460000,-0.000000,250.550000
416,Entry short,2025-05-04 22:30,1824.480000,1,8.760000,0.4800,44.460000,-0.000000,250.550000
415,Exit short,2025-05-04 19:45,1829.650000,1,-5.140000,-0.2800,3.450000,6.140000,241.790000
415,Entry short,2025-05-04 16:45,1824.510000,1,-5.140000,-0.2800,3.450000,6.140000,241.790000
414,Exit long,2025-05-04 08:30,1834.440000,1,-7.270000,-0.3900,7.820000,12.380000,246.930000
414,Entry long,2025-05-04 05:30,1841.710000,1,-7.270000,-0.3900,7.820000,12.380000,246.930000
413,Exit long,2025-05-04 02:45,1831.830000,1,-4.850000,-0.2600,12.160000,7.680000,254.200000
413,Entry long,2025-05-04 02:00,1836.680000,1,-4.850000,-0.2600,12.160000,7.680000,254.200000
412,Exit long,2025-05-04 01:45,1832.750000,1,-5.500000,-0.3000,2.090000,6.140000,259.050000
412,Entry long,2025-05-04 01:15,1838.250000,1,-5.500000,-0.3000,2.090000,6.140000,259.050000
411,Exit short,2025-05-03 19:30,1833.500000,1,-7.270000,-0.4000,18.480000,7.440000,264.550000
411,Entry short,2025-05-03 17:00,1826.230000,1,-7.270000,-0.4000,18.480000,7.440000,264.550000
410,Exit long,2025-05-03 05:15,1834.740000,1,-2.700000,-0.1500,0.270000,3.230000,271.820000
410,Entry long,2025-05-03 05:00,1837.440000,1,-2.700000,-0.1500,0.270000,3.230000,271.820000
409,Exit long,2025-05-02 11:30,1831.590000,1,-1.400000,-0.0800,1.650000,2.360000,274.520000
409,Entry long,2025-05-02 11:15,1832.990000,1,-1.400000,-0.0800,1.650000,2.360000,274.520000
408,Exit long,2025-05-02 04:45,1839.940000,1,-7.400000,-0.4000,3.520000,9.180000,275.920000
408,Entry long,2025-05-02 02:30,1847.340000,1,-7.400000,-0.4000,3.520000,9.180000,275.920000
407,Exit long,2025-05-02 01:45,1840.350000,1,-5.620000,-0.3000,4.520000,7.970000,283.320000
407,Entry long,2025-05-02 01:15,1845.970000,1,-5.620000,-0.3000,4.520000,7.970000,283.320000
406,Exit long,2025-04-30 05:30,1803.210000,1,-4.970000,-0.2700,4.040000,5.420000,288.940000
406,Entry long,2025-04-30 04:00,1808.180000,1,-4.970000,-0.2700,4.040000,5.420000,288.940000
405,Exit long,2025-04-29 20:15,1813.790000,1,-10.550000,-0.5800,3.660000,12.430000,293.910000
405,Entry long,2025-04-29 18:00,1824.340000,1,-10.550000,-0.5800,3.660000,12.430000,293.910000
404,Exit long,2025-04-29 17:00,1815.290000,1,-14.310000,-0.7800,0.370000,17.140000,304.460000
404,Entry long,2025-04-29 16:45,1829.600000,1,-14.310000,-0.7800,0.370000,17.140000,304.460000
403,Exit long,2025-04-29 13:30,1812.820000,1,0.370000,0.0200,30.370000,11.450000,318.770000
403,Entry long,2025-04-29 06:30,1812.450000,1,0.370000,0.0200,30.370000,11.450000,318.770000
402,Exit long,2025-04-27 20:30,1798.550000,1,-1.140000,-0.0600,8.080000,2.120000,318.400000
402,Entry long,2025-04-27 18:15,1799.690000,1,-1.140000,-0.0600,8.080000,2.120000,318.400000
401,Exit long,2025-04-27 09:15,1806.040000,1,-5.100000,-0.2800,1.650000,5.380000,319.540000
401,Entry long,2025-04-27 08:45,1811.140000,1,-5.100000,-0.2800,1.650000,5.380000,319.540000
400,Exit long,2025-04-27 02:00,1803.620000,1,2.120000,0.1200,55.500000,6.500000,324.640000
400,Entry long,2025-04-26 15:30,1801.500000,1,2.120000,0.1200,55.500000,6.500000,324.640000
399,Exit long,2025-04-26 09:45,1797.840000,1,-4.390000,-0.2400,39.260000,10.300000,322.520000
399,Entry long,2025-04-26 06:45,1802.230000,1,-4.390000,-0.2400,39.260000,10.300000,322.520000
398,Exit long,2025-04-26 03:30,1793.900000,1,-8.100000,-0.4500,13.050000,10.260000,326.910000
398,Entry long,2025-04-26 01:30,1802.000000,1,-8.100000,-0.4500,13.050000,10.260000,326.910000
397,Exit long,2025-04-25 18:00,1784.810000,1,-6.170000,-0.3400,35.930000,9.660000,335.010000
397,Entry long,2025-04-25 14:45,1790.980000,1,-6.170000,-0.3400,35.930000,9.660000,335.010000
396,Exit long,2025-04-25 13:00,1772.000000,1,2.240000,0.1300,32.240000,7.450000,341.180000
396,Entry long,2025-04-25 04:45,1769.760000,1,2.240000,0.1300,32.240000,7.450000,341.180000
395,Exit long,2025-04-25 02:15,1759.240000,1,-5.740000,-0.3300,24.900000,6.560000,338.940000
395,Entry long,2025-04-24 23:15,1764.980000,1,-5.740000,-0.3300,24.900000,6.560000,338.940000
394,Exit long,2025-04-24 21:00,1761.320000,1,-2.090000,-0.1200,6.230000,3.730000,344.680000
394,Entry long,2025-04-24 19:45,1763.410000,1,-2.090000,-0.1200,6.230000,3.730000,344.680000
393,Exit long,2025-04-24 19:15,1756.690000,1,-5.620000,-0.3200,1.070000,7.300000,346.770000
393,Entry long,2025-04-24 19:00,1762.310000,1,-5.620000,-0.3200,1.070000,7.300000,346.770000
392,Exit long,2025-04-24 13:15,1752.850000,1,-4.140000,-0.2400,0.780000,4.980000,352.390000
392,Entry long,2025-04-24 13:00,1756.990000,1,-4.140000,-0.2400,0.780000,4.980000,352.390000
391,Exit long,2025-04-24 02:45,1784.680000,1,-12.390000,-0.6900,0.420000,13.710000,356.530000
391,Entry long,2025-04-24 02:30,1797.070000,1,-12.390000,-0.6900,0.420000,13.710000,356.530000
390,Exit long,2025-04-24 00:30,1786.440000,1,-8.430000,-0.4700,11.410000,11.430000,368.920000
390,Entry long,2025-04-23 22:30,1794.870000,1,-8.430000,-0.4700,11.410000,11.430000,368.920000
389,Exit long,2025-04-23 21:45,1789.000000,1,-6.230000,-0.3500,1.940000,7.290000,377.350000
389,Entry long,2025-04-23 21:15,1795.230000,1,-6.230000,-0.3500,1.940000,7.290000,377.350000
388,Exit long,2025-04-23 19:15,1785.880000,1,-14.110000,-0.7800,9.610000,15.890000,383.580000
388,Entry long,2025-04-23 18:00,1799.990000,1,-14.110000,-0.7800,9.610000,15.890000,383.580000
387,Exit long,2025-04-23 14:30,1797.300000,1,2.050000,0.1100,42.750000,14.850000,397.690000
387,Entry long,2025-04-23 10:30,1795.250000,1,2.050000,0.1100,42.750000,14.850000,397.690000
386,Exit short,2025-04-22 05:45,1580.080000,1,-4.080000,-0.2600,0.710000,6.000000,395.640000
386,Entry short,2025-04-22 05:30,1576.000000,1,-4.080000,-0.2600,0.710000,6.000000,395.640000
385,Exit short,2025-04-22 04:00,1578.210000,1,-6.430000,-0.4100,1.480000,8.220000,399.720000
385,Entry short,2025-04-22 02:45,1571.780000,1,-6.430000,-0.4100,1.480000,8.220000,399.720000
384,Exit short,2025-04-20 23:15,1585.220000,1,-5.880000,-0.3700,0.960000,6.660000,406.150000
384,Entry short,2025-04-20 22:45,1579.340000,1,-5.880000,-0.3700,0.960000,6.660000,406.150000
383,Exit long,2025-04-20 05:45,1611.890000,1,-4.120000,-0.2500,0.490000,4.690000,412.030000
383,Entry long,2025-04-20 04:45,1616.010000,1,-4.120000,-0.2500,0.490000,4.690000,412.030000
382,Exit long,2025-04-20 03:45,1609.900000,1,-7.200000,-0.4500,1.360000,8.340000,416.150000
382,Entry long,2025-04-20 02:00,1617.100000,1,-7.200000,-0.4500,1.360000,8.340000,416.150000
381,Exit long,2025-04-19 17:00,1599.110000,1,-2.850000,-0.1800,10.040000,4.200000,423.350000
381,Entry long,2025-04-19 13:45,1601.960000,1,-2.850000,-0.1800,10.040000,4.200000,423.350000
380,Exit short,2025-04-18 17:00,1586.710000,1,-4.440000,-0.2800,3.470000,5.010000,426.200000
380,Entry short,2025-04-18 15:15,1582.270000,1,-4.440000,-0.2800,3.470000,5.010000,426.200000
379,Exit short,2025-04-18 07:45,1583.640000,1,-1.170000,-0.0700,9.820000,8.530000,430.640000
379,Entry short,2025-04-17 19:45,1582.470000,1,-1.170000,-0.0700,9.820000,8.530000,430.640000
378,Exit short,2025-04-17 16:30,1604.360000,1,-11.350000,-0.7100,30.750000,17.560000,431.810000
378,Entry short,2025-04-17 14:00,1593.010000,1,-11.350000,-0.7100,30.750000,17.560000,431.810000
377,Exit short,2025-04-17 10:30,1593.380000,1,1.160000,0.0700,6.850000,1.740000,443.160000
377,Entry short,2025-04-17 10:00,1594.540000,1,1.160000,0.0700,6.850000,1.740000,443.160000
376,Exit short,2025-04-17 04:30,1583.000000,1,-0.810000,-0.0500,1.080000,2.290000,442.000000
376,Entry short,2025-04-17 04:15,1582.190000,1,-0.810000,-0.0500,1.080000,2.290000,442.000000
375,Exit short,2025-04-17 00:30,1582.160000,1,-5.740000,-0.3600,2.420000,8.390000,442.810000
375,Entry short,2025-04-16 23:45,1576.420000,1,-5.740000,-0.3600,2.420000,8.390000,442.810000
374,Exit short,2025-04-16 21:15,1582.290000,1,-9.460000,-0.6000,2.080000,9.800000,448.550000
374,Entry short,2025-04-16 21:00,1572.830000,1,-9.460000,-0.6000,2.080000,9.800000,448.550000
373,Exit short,2025-04-16 20:00,1588.130000,1,-43.100000,-2.7900,2.600000,49.910000,458.010000
373,Entry short,2025-04-16 18:00,1545.030000,1,-43.100000,-2.7900,2.600000,49.910000,458.010000
372,Exit short,2025-04-16 14:30,1583.690000,1,-11.300000,-0.7200,7.370000,12.930000,501.110000
372,Entry short,2025-04-16 13:30,1572.390000,1,-11.300000,-0.7200,7.370000,12.930000,501.110000
371,Exit short,2025-04-16 11:00,1580.690000,1,12.270000,0.7700,42.960000,0.010000,512.410000
371,Entry short,2025-04-16 03:45,1592.960000,1,12.270000,0.7700,42.960000,0.010000,512.410000
370,Exit long,2025-04-15 14:00,1628.260000,1,-13.170000,-0.8000,19.250000,21.430000,500.140000
370,Entry long,2025-04-15 13:15,1641.430000,1,-13.170000,-0.8000,19.250000,21.430000,500.140000
369,Exit long,2025-04-15 03:15,1628.380000,1,-2.700000,-0.1700,1.890000,4.250000,513.310000
369,Entry long,2025-04-15 03:00,1631.080000,1,-2.700000,-0.1700,1.890000,4.250000,513.310000
368,Exit long,2025-04-15 02:30,1622.930000,1,-10.640000,-0.6500,3.780000,11.990000,516.010000
368,Entry long,2025-04-15 02:00,1633.570000,1,-10.640000,-0.6500,3.780000,11.990000,516.010000
367,Exit long,2025-04-14 15:30,1650.320000,1,15.400000,0.9400,56.650000,6.280000,526.650000
367,Entry long,2025-04-14 08:00,1634.920000,1,15.400000,0.9400,56.650000,6.280000,526.650000
366,Exit long,2025-04-13 19:45,1580.110000,1,-35.050000,-2.1700,33.570000,55.760000,511.250000
366,Entry long,2025-04-13 17:30,1615.160000,1,-35.050000,-2.1700,33.570000,55.760000,511.250000
365,Exit long,2025-04-13 10:15,1620.950000,1,-3.060000,-0.1900,3.440000,5.910000,546.300000
365,Entry long,2025-04-13 09:30,1624.010000,1,-3.060000,-0.1900,3.440000,5.910000,546.300000
364,Exit long,2025-04-13 00:30,1638.730000,1,71.890000,4.5900,103.010000,3.040000,549.360000
364,Entry long,2025-04-12 05:00,1566.840000,1,71.890000,4.5900,103.010000,3.040000,549.360000
363,Exit long,2025-04-11 23:15,1563.000000,1,-3.660000,-0.2300,24.220000,11.760000,477.470000
363,Entry long,2025-04-11 15:45,1566.660000,1,-3.660000,-0.2300,24.220000,11.760000,477.470000
362,Exit short,2025-04-11 14:45,1556.760000,1,-11.740000,-0.7600,1.200000,12.980000,481.130000
362,Entry short,2025-04-11 14:30,1545.020000,1,-11.740000,-0.7600,1.200000,12.980000,481.130000
361,Exit short,2025-04-11 01:45,1532.810000,1,-16.020000,-1.0600,13.160000,30.950000,492.870000
361,Entry short,2025-04-10 23:30,1516.790000,1,-16.020000,-1.0600,13.160000,30.950000,492.870000
360,Exit short,2025-04-09 13:45,1476.160000,1,-27.280000,-1.8800,9.850000,44.080000,508.890000
360,Entry short,2025-04-09 11:45,1448.880000,1,-27.280000,-1.8800,9.850000,44.080000,508.890000
359,Exit short,2025-04-08 14:15,1574.000000,1,-6.330000,-0.4000,3.800000,15.070000,536.170000
359,Entry short,2025-04-08 14:00,1567.670000,1,-6.330000,-0.4000,3.800000,15.070000,536.170000
358,Exit short,2025-04-08 09:45,1572.320000,1,3.320000,0.2100,22.160000,2.260000,542.500000
358,Entry short,2025-04-08 07:00,1575.640000,1,3.320000,0.2100,22.160000,2.260000,542.500000
357,Exit short,2025-04-08 00:45,1555.870000,1,-2.300000,-0.1500,6.520000,4.980000,539.180000
357,Entry short,2025-04-08 00:30,1553.570000,1,-2.300000,-0.1500,6.520000,4.980000,539.180000
356,Exit short,2025-04-07 12:45,1505.580000,1,292.110000,16.2500,387.690000,3.080000,541.480000
356,Entry short,2025-04-06 07:00,1797.690000,1,292.110000,16.2500,387.690000,3.080000,541.480000
355,Exit short,2025-04-05 21:30,1794.190000,1,-8.300000,-0.4600,24.710000,18.610000,249.370000
355,Entry short,2025-04-05 19:45,1785.890000,1,-8.300000,-0.4600,24.710000,18.610000,249.370000
354,Exit short,2025-04-05 04:15,1813.470000,1,-2.260000,-0.1200,2.940000,3.340000,257.670000
354,Entry short,2025-04-05 03:15,1811.210000,1,-2.260000,-0.1200,2.940000,3.340000,257.670000
353,Exit short,2025-04-04 14:00,1801.340000,1,-13.340000,-0.7500,30.480000,20.450000,259.930000
353,Entry short,2025-04-04 10:45,1788.000000,1,-13.340000,-0.7500,30.480000,20.450000,259.930000
352,Exit short,2025-04-04 05:30,1797.490000,1,-15.730000,-0.8800,0.160000,21.140000,273.270000
352,Entry short,2025-04-04 02:00,1781.760000,1,-15.730000,-0.8800,0.160000,21.140000,273.270000
351,Exit short,2025-04-03 19:00,1787.590000,1,33.370000,1.8300,73.490000,6.040000,289.000000
351,Entry short,2025-04-03 06:00,1820.960000,1,33.370000,1.8300,73.490000,6.040000,289.000000
350,Exit long,2025-04-02 20:45,1870.000000,1,-4.700000,-0.2500,83.270000,9.700000,255.630000
350,Entry long,2025-04-02 15:00,1874.700000,1,-4.700000,-0.2500,83.270000,9.700000,255.630000
349,Exit long,2025-04-02 09:45,1876.570000,1,-7.410000,-0.3900,1.020000,9.980000,260.330000
349,Entry long,2025-04-02 09:15,1883.980000,1,-7.410000,-0.3900,1.020000,9.980000,260.330000
348,Exit long,2025-04-02 00:00,1904.210000,1,22.730000,1.2100,46.310000,-0.000000,267.740000
348,Entry long,2025-04-01 15:00,1881.480000,1,22.730000,1.2100,46.310000,-0.000000,267.740000
347,Exit long,2025-04-01 14:15,1849.280000,1,-19.340000,-1.0300,12.320000,24.650000,245.010000
347,Entry long,2025-04-01 13:15,1868.620000,1,-19.340000,-1.0300,12.320000,24.650000,245.010000
346,Exit short,2025-04-01 02:00,1825.510000,1,-4.020000,-0.2200,-0.000000,6.050000,264.350000
346,Entry short,2025-04-01 01:45,1821.490000,1,-4.020000,-0.2200,-0.000000,6.050000,264.350000
345,Exit short,2025-03-31 21:15,1826.140000,1,2.870000,0.1600,11.710000,-0.000000,268.370000
345,Entry short,2025-03-31 20:45,1829.010000,1,2.870000,0.1600,11.710000,-0.000000,268.370000
344,Exit short,2025-03-31 11:00,1802.630000,1,-1.330000,-0.0700,24.740000,8.680000,265.500000
344,Entry short,2025-03-31 06:30,1801.300000,1,-1.330000,-0.0700,24.740000,8.680000,265.500000
343,Exit short,2025-03-31 05:15,1811.960000,1,-14.230000,-0.7900,5.730000,15.270000,266.830000
343,Entry short,2025-03-31 04:00,1797.730000,1,-14.230000,-0.7900,5.730000,15.270000,266.830000
342,Exit short,2025-03-31 01:30,1815.910000,1,-6.650000,-0.3700,43.220000,10.560000,281.060000
342,Entry short,2025-03-30 21:45,1809.260000,1,-6.650000,-0.3700,43.220000,10.560000,281.060000
341,Exit short,2025-03-30 21:15,1820.270000,1,-7.770000,-0.4300,0.350000,8.410000,287.710000
341,Entry short,2025-03-30 20:30,1812.500000,1,-7.770000,-0.4300,0.350000,8.410000,287.710000
340,Exit short,2025-03-30 12:30,1837.230000,1,-9.440000,-0.5200,0.710000,13.350000,295.480000
340,Entry short,2025-03-30 10:45,1827.790000,1,-9.440000,-0.5200,0.710000,13.350000,295.480000
339,Exit short,2025-03-30 01:00,1825.700000,1,-9.260000,-0.5100,0.430000,13.340000,304.920000
339,Entry short,2025-03-30 00:45,1816.440000,1,-9.260000,-0.5100,0.430000,13.340000,304.920000
338,Exit short,2025-03-30 00:00,1827.310000,1,67.910000,3.5800,99.090000,1.350000,314.180000
338,Entry short,2025-03-29 04:30,1895.220000,1,67.910000,3.5800,99.090000,1.350000,314.180000
337,Exit short,2025-03-28 21:15,1883.800000,1,-7.500000,-0.4000,3.700000,10.200000,246.270000
337,Entry short,2025-03-28 21:00,1876.300000,1,-7.500000,-0.4000,3.700000,10.200000,246.270000
336,Exit short,2025-03-28 20:45,1887.630000,1,107.060000,5.3700,140.490000,9.190000,253.770000
336,Entry short,2025-03-28 03:30,1994.690000,1,107.060000,5.3700,140.490000,9.190000,253.770000
335,Exit short,2025-03-28 01:45,2014.370000,1,-14.500000,-0.7300,9.150000,14.730000,146.710000
335,Entry short,2025-03-27 23:15,1999.870000,1,-14.500000,-0.7300,9.150000,14.730000,146.710000
334,Exit short,2025-03-27 21:45,2017.270000,1,-14.730000,-0.7400,10.060000,18.290000,161.210000
334,Entry short,2025-03-27 15:45,2002.540000,1,-14.730000,-0.7400,10.060000,18.290000,161.210000
333,Exit short,2025-03-27 14:45,2020.170000,1,-3.820000,-0.1900,30.640000,8.640000,175.940000
333,Entry short,2025-03-27 11:30,2016.350000,1,-3.820000,-0.1900,30.640000,8.640000,175.940000
332,Exit short,2025-03-27 09:30,2023.350000,1,0.150000,0.0100,1.270000,1.500000,179.760000
332,Entry short,2025-03-27 09:15,2023.500000,1,0.150000,0.0100,1.270000,1.500000,179.760000
331,Exit short,2025-03-27 08:30,2025.480000,1,-4.880000,-0.2400,1.120000,5.950000,179.610000
331,Entry short,2025-03-27 08:15,2020.600000,1,-4.880000,-0.2400,1.120000,5.950000,179.610000
330,Exit long,2025-03-26 09:15,2062.240000,1,-0.850000,-0.0400,8.590000,3.060000,184.490000
330,Entry long,2025-03-26 06:45,2063.090000,1,-0.850000,-0.0400,8.590000,3.060000,184.490000
329,Exit long,2025-03-26 02:15,2057.600000,1,-17.100000,-0.8200,3.000000,18.730000,185.340000
329,Entry long,2025-03-26 00:45,2074.700000,1,-17.100000,-0.8200,3.000000,18.730000,185.340000
328,Exit long,2025-03-25 21:00,2063.800000,1,-10.850000,-0.5200,8.340000,12.360000,202.440000
328,Entry long,2025-03-25 20:00,2074.650000,1,-10.850000,-0.5200,8.340000,12.360000,202.440000
327,Exit long,2025-03-25 16:45,2063.550000,1,-3.710000,-0.1800,11.900000,8.820000,213.290000
327,Entry long,2025-03-25 14:30,2067.260000,1,-3.710000,-0.1800,11.900000,8.820000,213.290000
326,Exit long,2025-03-25 01:30,2068.810000,1,-18.480000,-0.8900,3.090000,19.290000,217.000000
326,Entry long,2025-03-25 00:45,2087.290000,1,-18.480000,-0.8900,3.090000,19.290000,217.000000
325,Exit long,2025-03-24 22:00,2082.780000,1,-6.510000,-0.3100,2.250000,8.100000,235.480000
325,Entry long,2025-03-24 21:30,2089.290000,1,-6.510000,-0.3100,2.250000,8.100000,235.480000
324,Exit long,2025-03-24 21:15,2081.740000,1,-9.360000,-0.4500,10.200000,13.490000,241.990000
324,Entry long,2025-03-24 17:30,2091.100000,1,-9.360000,-0.4500,10.200000,13.490000,241.990000
323,Exit long,2025-03-24 16:30,2072.260000,1,60.780000,3.0200,92.760000,6.480000,251.350000
323,Entry long,2025-03-24 03:30,2011.480000,1,60.780000,3.0200,92.760000,6.480000,251.350000
322,Exit long,2025-03-24 01:00,1997.670000,1,-7.330000,-0.3700,15.960000,9.400000,190.570000
322,Entry long,2025-03-24 00:00,2005.000000,1,-7.330000,-0.3700,15.960000,9.400000,190.570000
321,Exit long,2025-03-23 05:45,1992.630000,1,-1.340000,-0.0700,14.950000,3.030000,197.900000
321,Entry long,2025-03-23 01:45,1993.970000,1,-1.340000,-0.0700,14.950000,3.030000,197.900000
320,Exit long,2025-03-22 21:45,1986.230000,1,-4.800000,-0.2400,12.280000,6.030000,199.240000
320,Entry long,2025-03-22 17:45,1991.030000,1,-4.800000,-0.2400,12.280000,6.030000,199.240000
319,Exit short,2025-03-21 23:15,1969.600000,1,-7.560000,-0.3900,0.250000,7.760000,204.040000
319,Entry short,2025-03-21 22:45,1962.040000,1,-7.560000,-0.3900,0.250000,7.760000,204.040000
318,Exit long,2025-03-21 05:00,1982.520000,1,-2.400000,-0.1200,2.080000,3.750000,211.600000
318,Entry long,2025-03-21 04:45,1984.920000,1,-2.400000,-0.1200,2.080000,3.750000,211.600000
317,Exit long,2025-03-20 21:00,1978.500000,1,-1.320000,-0.0700,0.240000,3.430000,214.000000
317,Entry long,2025-03-20 20:45,1979.820000,1,-1.320000,-0.0700,0.240000,3.430000,214.000000
316,Exit long,2025-03-20 15:00,2002.620000,1,0.110000,0.0100,2.750000,5.110000,215.320000
316,Entry long,2025-03-20 14:45,2002.510000,1,0.110000,0.0100,2.750000,5.110000,215.320000
315,Exit short,2025-03-18 19:15,1891.880000,1,8.600000,0.4500,29.340000,2.110000,215.210000
315,Entry short,2025-03-18 10:00,1900.480000,1,8.600000,0.4500,29.340000,2.110000,215.210000
314,Exit short,2025-03-18 09:45,1906.730000,1,-2.130000,-0.1100,0.690000,6.900000,206.610000
314,Entry short,2025-03-18 09:30,1904.600000,1,-2.130000,-0.1100,0.690000,6.900000,206.610000
313,Exit short,2025-03-17 13:45,1906.490000,1,-9.290000,-0.4900,2.740000,16.430000,208.740000
313,Entry short,2025-03-17 13:30,1897.200000,1,-9.290000,-0.4900,2.740000,16.430000,208.740000
312,Exit short,2025-03-17 07:30,1898.710000,1,-5.600000,-0.3000,14.450000,7.650000,218.030000
312,Entry short,2025-03-17 06:00,1893.110000,1,-5.600000,-0.3000,14.450000,7.650000,218.030000
311,Exit short,2025-03-17 00:45,1898.000000,1,-15.780000,-0.8400,25.140000,18.870000,223.630000
311,Entry short,2025-03-16 19:15,1882.220000,1,-15.780000,-0.8400,25.140000,18.870000,223.630000
310,Exit long,2025-03-16 06:15,1930.480000,1,-0.690000,-0.0400,0.310000,2.580000,239.410000
310,Entry long,2025-03-16 06:00,1931.170000,1,-0.690000,-0.0400,0.310000,2.580000,239.410000
309,Exit long,2025-03-16 00:00,1936.260000,1,0.260000,0.0100,21.680000,0.900000,240.100000
309,Entry long,2025-03-15 20:00,1936.000000,1,0.260000,0.0100,21.680000,0.900000,240.100000
308,Exit long,2025-03-15 19:30,1931.930000,1,7.360000,0.3800,23.430000,2.970000,239.840000
308,Entry long,2025-03-15 10:45,1924.570000,1,7.360000,0.3800,23.430000,2.970000,239.840000
307,Exit long,2025-03-15 10:30,1919.590000,1,-3.220000,-0.1700,1.360000,3.960000,232.480000
307,Entry long,2025-03-15 10:15,1922.810000,1,-3.220000,-0.1700,1.360000,3.960000,232.480000
306,Exit long,2025-03-15 04:15,1915.470000,1,-4.320000,-0.2300,3.780000,4.680000,235.700000
306,Entry long,2025-03-15 04:00,1919.790000,1,-4.320000,-0.2300,3.780000,4.680000,235.700000
305,Exit short,2025-03-13 14:15,1888.840000,1,-18.500000,-0.9900,7.340000,19.600000,240.020000
305,Entry short,2025-03-13 14:00,1870.340000,1,-18.500000,-0.9900,7.340000,19.600000,240.020000
304,Exit short,2025-03-13 09:15,1882.260000,1,6.800000,0.3600,36.880000,11.300000,258.520000
304,Entry short,2025-03-13 03:00,1889.060000,1,6.800000,0.3600,36.880000,11.300000,258.520000
303,Exit short,2025-03-12 20:45,1885.580000,1,0.800000,0.0400,57.510000,8.720000,251.720000
303,Entry short,2025-03-12 14:00,1886.380000,1,0.800000,0.0400,57.510000,8.720000,251.720000
302,Exit short,2025-03-12 11:15,1911.770000,1,-19.280000,-1.0200,0.060000,21.000000,250.920000
302,Entry short,2025-03-12 10:45,1892.490000,1,-19.280000,-1.0200,0.060000,21.000000,250.920000
301,Exit short,2025-03-12 07:30,1907.020000,1,14.810000,0.7700,70.500000,10.170000,270.200000
301,Entry short,2025-03-11 23:45,1921.830000,1,14.810000,0.7700,70.500000,10.170000,270.200000
300,Exit short,2025-03-11 13:30,1919.870000,1,-16.680000,-0.8800,38.230000,66.580000,255.390000
300,Entry short,2025-03-11 12:45,1903.190000,1,-16.680000,-0.8800,38.230000,66.580000,255.390000
299,Exit short,2025-03-11 04:30,1873.620000,1,169.380000,8.2900,290.500000,4.650000,272.070000
299,Entry short,2025-03-10 14:15,2043.000000,1,169.380000,8.2900,290.500000,4.650000,272.070000
298,Exit short,2025-03-08 12:00,2140.890000,1,-0.390000,-0.0200,15.100000,2.000000,102.690000
298,Entry short,2025-03-08 07:45,2140.500000,1,-0.390000,-0.0200,15.100000,2.000000,102.690000
297,Exit short,2025-03-08 07:30,2141.970000,1,-3.250000,-0.1500,6.720000,8.280000,103.080000
297,Entry short,2025-03-08 06:45,2138.720000,1,-3.250000,-0.1500,6.720000,8.280000,103.080000
296,Exit short,2025-03-08 04:45,2150.100000,1,25.620000,1.1800,72.650000,10.490000,106.330000
296,Entry short,2025-03-07 19:45,2175.720000,1,25.620000,1.1800,72.650000,10.490000,106.330000
295,Exit short,2025-03-07 19:00,2193.960000,1,-30.900000,-1.4300,23.230000,36.930000,80.710000
295,Entry short,2025-03-07 16:30,2163.060000,1,-30.900000,-1.4300,23.230000,36.930000,80.710000
294,Exit short,2025-03-07 13:30,2190.810000,1,-23.600000,-1.0900,0.010000,28.350000,111.610000
294,Entry short,2025-03-07 12:45,2167.210000,1,-23.600000,-1.0900,0.010000,28.350000,111.610000
293,Exit long,2025-03-06 12:30,2284.290000,1,-18.450000,-0.8000,0.830000,26.590000,135.210000
293,Entry long,2025-03-06 10:30,2302.740000,1,-18.450000,-0.8000,0.830000,26.590000,135.210000
292,Exit long,2025-03-06 09:30,2280.700000,1,64.490000,2.9100,102.780000,10.200000,153.660000
292,Entry long,2025-03-05 19:15,2216.210000,1,64.490000,2.9100,102.780000,10.200000,153.660000
291,Exit short,2025-03-05 04:45,2168.160000,1,-5.000000,-0.2300,2.130000,5.840000,89.170000
291,Entry short,2025-03-05 04:30,2163.160000,1,-5.000000,-0.2300,2.130000,5.840000,89.170000
290,Exit short,2025-03-04 14:45,2115.750000,1,-32.920000,-1.5800,44.020000,75.360000,94.170000
290,Entry short,2025-03-04 13:15,2082.830000,1,-32.920000,-1.5800,44.020000,75.360000,94.170000
289,Exit short,2025-03-04 10:45,2096.380000,1,-8.250000,-0.4000,1.730000,13.850000,127.090000
289,Entry short,2025-03-04 10:30,2088.130000,1,-8.250000,-0.4000,1.730000,13.850000,127.090000
288,Exit short,2025-03-04 09:15,2102.120000,1,-22.980000,-1.1100,11.860000,31.700000,135.340000
288,Entry short,2025-03-04 07:15,2079.140000,1,-22.980000,-1.1100,11.860000,31.700000,135.340000
287,Exit long,2025-03-03 14:00,2375.600000,1,-9.560000,-0.4000,0.340000,16.540000,158.320000
287,Entry long,2025-03-03 13:45,2385.160000,1,-9.560000,-0.4000,0.340000,16.540000,158.320000
286,Exit short,2025-03-02 15:30,2238.600000,1,-12.310000,-0.5500,56.200000,33.130000,167.880000
286,Entry short,2025-03-02 13:15,2226.290000,1,-12.310000,-0.5500,56.200000,33.130000,167.880000
285,Exit short,2025-03-02 09:15,2218.160000,1,-7.380000,-0.3300,4.130000,8.800000,180.190000
285,Entry short,2025-03-02 08:15,2210.780000,1,-7.380000,-0.3300,4.130000,8.800000,180.190000
284,Exit short,2025-03-02 03:15,2222.700000,1,-13.770000,-0.6200,0.110000,16.670000,187.570000
284,Entry short,2025-03-02 03:00,2208.930000,1,-13.770000,-0.6200,0.110000,16.670000,187.570000
283,Exit short,2025-03-02 00:45,2217.650000,1,-8.250000,-0.3700,1.820000,15.160000,201.340000
283,Entry short,2025-03-02 00:30,2209.400000,1,-8.250000,-0.3700,1.820000,15.160000,201.340000
282,Exit short,2025-03-02 00:00,2216.590000,1,-10.900000,-0.4900,1.680000,14.070000,209.590000
282,Entry short,2025-03-01 23:30,2205.690000,1,-10.900000,-0.4900,1.680000,14.070000,209.590000
281,Exit short,2025-03-01 09:30,2235.440000,1,2.990000,0.1300,15.230000,1.570000,220.490000
281,Entry short,2025-03-01 06:45,2238.430000,1,2.990000,0.1300,15.230000,1.570000,220.490000
280,Exit short,2025-02-28 13:45,2154.550000,1,-30.110000,-1.4200,20.640000,40.540000,217.500000
280,Entry short,2025-02-28 12:00,2124.440000,1,-30.110000,-1.4200,20.640000,40.540000,217.500000
279,Exit short,2025-02-28 11:45,2134.000000,1,127.360000,5.6300,191.360000,1.640000,247.610000
279,Entry short,2025-02-28 01:30,2261.360000,1,127.360000,5.6300,191.360000,1.640000,247.610000
278,Exit short,2025-02-27 13:15,2354.130000,1,-8.120000,-0.3500,1.880000,9.600000,120.250000
278,Entry short,2025-02-27 13:00,2346.010000,1,-8.120000,-0.3500,1.880000,9.600000,120.250000
277,Exit short,2025-02-27 12:45,2359.170000,1,-8.150000,-0.3500,0.560000,9.470000,128.370000
277,Entry short,2025-02-27 12:30,2351.020000,1,-8.150000,-0.3500,0.560000,9.470000,128.370000
276,Exit short,2025-02-27 06:30,2346.890000,1,-7.940000,-0.3400,36.940000,12.930000,136.520000
276,Entry short,2025-02-27 03:15,2338.950000,1,-7.940000,-0.3400,36.940000,12.930000,136.520000
275,Exit short,2025-02-27 01:30,2356.890000,1,111.590000,4.5200,215.700000,1.080000,144.460000
275,Entry short,2025-02-26 11:45,2468.480000,1,111.590000,4.5200,215.700000,1.080000,144.460000
274,Exit short,2025-02-26 09:45,2489.300000,1,-6.640000,-0.2700,26.000000,9.840000,32.870000
274,Entry short,2025-02-26 08:00,2482.660000,1,-6.640000,-0.2700,26.000000,9.840000,32.870000
273,Exit short,2025-02-26 06:15,2480.040000,1,-5.420000,-0.2200,0.490000,8.360000,39.510000
273,Entry short,2025-02-26 06:00,2474.620000,1,-5.420000,-0.2200,0.490000,8.360000,39.510000
272,Exit short,2025-02-25 17:00,2416.720000,1,-28.040000,-1.1700,28.030000,46.060000,44.930000
272,Entry short,2025-02-25 14:45,2388.680000,1,-28.040000,-1.1700,28.030000,46.060000,44.930000
271,Exit long,2025-02-24 01:00,2803.640000,1,-34.870000,-1.2300,22.390000,38.510000,72.970000
271,Entry long,2025-02-23 23:15,2838.510000,1,-34.870000,-1.2300,22.390000,38.510000,72.970000
270,Exit long,2025-02-23 20:15,2795.020000,1,-13.860000,-0.4900,14.360000,13.880000,107.840000
270,Entry long,2025-02-23 16:45,2808.880000,1,-13.860000,-0.4900,14.360000,13.880000,107.840000
269,Exit long,2025-02-23 14:45,2790.000000,1,-12.960000,-0.4600,15.940000,15.660000,121.700000
269,Entry long,2025-02-23 13:30,2802.960000,1,-12.960000,-0.4600,15.940000,15.660000,121.700000
268,Exit long,2025-02-23 12:15,2793.660000,1,19.410000,0.7000,56.750000,1.930000,134.660000
268,Entry long,2025-02-23 05:30,2774.250000,1,19.410000,0.7000,56.750000,1.930000,134.660000
267,Exit long,2025-02-21 02:45,2735.710000,1,-4.600000,-0.1700,4.470000,8.090000,115.250000
267,Entry long,2025-02-21 02:00,2740.310000,1,-4.600000,-0.1700,4.470000,8.090000,115.250000
266,Exit long,2025-02-21 00:45,2732.810000,1,-9.970000,-0.3600,0.220000,10.680000,119.850000
266,Entry long,2025-02-21 00:15,2742.780000,1,-9.970000,-0.3600,0.220000,10.680000,119.850000
265,Exit long,2025-02-20 21:30,2736.980000,1,-11.240000,-0.4100,19.350000,17.270000,129.820000
265,Entry long,2025-02-20 18:15,2748.220000,1,-11.240000,-0.4100,19.350000,17.270000,129.820000
264,Exit long,2025-02-20 15:00,2727.910000,1,-8.980000,-0.3300,33.610000,12.630000,141.060000
264,Entry long,2025-02-20 10:30,2736.890000,1,-8.980000,-0.3300,33.610000,12.630000,141.060000
263,Exit long,2025-02-20 09:30,2728.470000,1,-3.460000,-0.1300,0.840000,6.670000,150.040000
263,Entry long,2025-02-20 09:00,2731.930000,1,-3.460000,-0.1300,0.840000,6.670000,150.040000
262,Exit long,2025-02-19 22:00,2708.400000,1,-8.400000,-0.3100,12.300000,12.140000,153.500000
262,Entry long,2025-02-19 19:15,2716.800000,1,-8.400000,-0.3100,12.300000,12.140000,153.500000
261,Exit long,2025-02-19 18:15,2697.690000,1,-11.650000,-0.4300,0.660000,14.210000,161.900000
261,Entry long,2025-02-19 18:00,2709.340000,1,-11.650000,-0.4300,0.660000,14.210000,161.900000
260,Exit short,2025-02-18 22:00,2651.380000,1,21.390000,0.8000,68.590000,16.670000,173.550000
260,Entry short,2025-02-18 15:30,2672.770000,1,21.390000,0.8000,68.590000,16.670000,173.550000
259,Exit long,2025-02-17 23:00,2736.430000,1,-23.990000,-0.8700,16.780000,29.370000,152.160000
259,Entry long,2025-02-17 21:30,2760.420000,1,-23.990000,-0.8700,16.780000,29.370000,152.160000
258,Exit short,2025-02-17 06:15,2679.180000,1,-11.080000,-0.4200,35.290000,14.570000,176.150000
258,Entry short,2025-02-17 03:00,2668.100000,1,-11.080000,-0.4200,35.290000,14.570000,176.150000
257,Exit long,2025-02-16 13:45,2696.240000,1,-4.580000,-0.1700,11.050000,5.670000,187.230000
257,Entry long,2025-02-16 11:15,2700.820000,1,-4.580000,-0.1700,11.050000,5.670000,187.230000
256,Exit long,2025-02-16 11:00,2694.210000,1,-12.300000,-0.4500,0.130000,15.000000,191.810000
256,Entry long,2025-02-16 10:15,2706.510000,1,-12.300000,-0.4500,0.130000,15.000000,191.810000
255,Exit short,2025-02-16 04:00,2697.900000,1,-8.880000,-0.3300,2.020000,8.870000,204.110000
255,Entry short,2025-02-16 03:00,2689.020000,1,-8.880000,-0.3300,2.020000,8.870000,204.110000
254,Exit short,2025-02-16 00:15,2694.090000,1,-2.350000,-0.0900,2.690000,2.960000,212.990000
254,Entry short,2025-02-16 00:00,2691.740000,1,-2.350000,-0.0900,2.690000,2.960000,212.990000
253,Exit short,2025-02-15 23:00,2694.090000,1,-5.350000,-0.2000,0.410000,7.130000,215.340000
253,Entry short,2025-02-15 22:45,2688.740000,1,-5.350000,-0.2000,0.410000,7.130000,215.340000
252,Exit short,2025-02-15 22:00,2699.820000,1,-14.000000,-0.5200,8.340000,15.960000,220.690000
252,Entry short,2025-02-15 20:30,2685.820000,1,-14.000000,-0.5200,8.340000,15.960000,220.690000
251,Exit long,2025-02-15 13:45,2709.740000,1,1.720000,0.0600,4.970000,1.600000,234.690000
251,Entry long,2025-02-15 13:30,2708.020000,1,1.720000,0.0600,4.970000,1.600000,234.690000
250,Exit long,2025-02-15 13:15,2705.680000,1,-3.420000,-0.1300,3.880000,3.990000,232.970000
250,Entry long,2025-02-15 13:00,2709.100000,1,-3.420000,-0.1300,3.880000,3.990000,232.970000
249,Exit long,2025-02-15 04:00,2723.200000,1,-10.170000,-0.3700,0.000000,11.070000,236.390000
249,Entry long,2025-02-15 03:15,2733.370000,1,-10.170000,-0.3700,0.000000,11.070000,236.390000
248,Exit long,2025-02-14 22:45,2724.030000,1,-13.840000,-0.5100,0.000000,26.870000,246.560000
248,Entry long,2025-02-14 22:30,2737.870000,1,-13.840000,-0.5100,0.000000,26.870000,246.560000
247,Exit long,2025-02-14 21:15,2712.190000,1,5.640000,0.2100,84.450000,19.550000,260.400000
247,Entry long,2025-02-14 14:45,2706.550000,1,5.640000,0.2100,84.450000,19.550000,260.400000
246,Exit short,2025-02-12 16:45,2613.680000,1,-19.060000,-0.7300,52.410000,20.280000,254.760000
246,Entry short,2025-02-12 14:00,2594.620000,1,-19.060000,-0.7300,52.410000,20.280000,254.760000
245,Exit long,2025-02-11 10:30,2692.260000,1,5.660000,0.2100,37.390000,0.200000,273.820000
245,Entry long,2025-02-11 04:45,2686.600000,1,5.660000,0.2100,37.390000,0.200000,273.820000
244,Exit short,2025-02-10 03:45,2636.490000,1,-65.330000,-2.5400,14.250000,77.110000,268.160000
244,Entry short,2025-02-10 01:45,2571.160000,1,-65.330000,-2.5400,14.250000,77.110000,268.160000
243,Exit short,2025-02-09 22:45,2645.000000,1,-3.970000,-0.1500,122.910000,8.770000,333.490000
243,Entry short,2025-02-09 18:00,2641.030000,1,-3.970000,-0.1500,122.910000,8.770000,333.490000
242,Exit short,2025-02-09 12:15,2656.740000,1,-2.860000,-0.1100,2.880000,7.020000,337.460000
242,Entry short,2025-02-09 12:00,2653.880000,1,-2.860000,-0.1100,2.880000,7.020000,337.460000
241,Exit short,2025-02-09 10:15,2659.670000,1,-2.510000,-0.0900,6.430000,3.310000,340.320000
241,Entry short,2025-02-09 10:00,2657.160000,1,-2.510000,-0.0900,6.430000,3.310000,340.320000
240,Exit short,2025-02-09 01:00,2635.930000,1,-9.860000,-0.3800,0.720000,13.590000,342.830000
240,Entry short,2025-02-09 00:45,2626.070000,1,-9.860000,-0.3800,0.720000,13.590000,342.830000
239,Exit short,2025-02-08 17:15,2617.620000,1,-13.260000,-0.5100,17.310000,19.060000,352.690000
239,Entry short,2025-02-08 15:30,2604.360000,1,-13.260000,-0.5100,17.310000,19.060000,352.690000
238,Exit short,2025-02-08 15:15,2617.670000,1,-12.170000,-0.4700,5.070000,19.490000,365.950000
238,Entry short,2025-02-08 14:30,2605.500000,1,-12.170000,-0.4700,5.070000,19.490000,365.950000
237,Exit short,2025-02-08 13:45,2624.540000,1,-0.120000,-0.0000,31.700000,12.880000,378.120000
237,Entry short,2025-02-08 05:30,2624.420000,1,-0.120000,-0.0000,31.700000,12.880000,378.120000
236,Exit short,2025-02-08 00:30,2657.990000,1,62.350000,2.2900,159.660000,8.490000,378.240000
236,Entry short,2025-02-07 16:00,2720.340000,1,62.350000,2.2900,159.660000,8.490000,378.240000
235,Exit short,2025-02-07 07:30,2713.550000,1,-32.300000,-1.2000,14.550000,49.310000,315.890000
235,Entry short,2025-02-07 06:30,2681.250000,1,-32.300000,-1.2000,14.550000,49.310000,315.890000
234,Exit short,2025-02-05 21:30,2772.500000,1,-29.910000,-1.0900,0.730000,38.890000,348.190000
234,Entry short,2025-02-05 20:45,2742.590000,1,-29.910000,-1.0900,0.730000,38.890000,348.190000
233,Exit short,2025-02-05 19:45,2766.150000,1,5.960000,0.2100,59.060000,10.680000,378.100000
233,Entry short,2025-02-05 16:00,2772.110000,1,5.960000,0.2100,59.060000,10.680000,378.100000
232,Exit short,2025-02-05 06:00,2783.230000,1,-64.300000,-2.3600,11.790000,68.300000,372.140000
232,Entry short,2025-02-05 04:00,2718.930000,1,-64.300000,-2.3600,11.790000,68.300000,372.140000
231,Exit short,2025-02-05 03:00,2738.230000,1,-20.830000,-0.7700,19.450000,31.680000,436.440000
231,Entry short,2025-02-05 02:15,2717.400000,1,-20.830000,-0.7700,19.450000,31.680000,436.440000
230,Exit short,2025-02-05 01:30,2743.590000,1,9.110000,0.3300,122.200000,18.880000,457.270000
230,Entry short,2025-02-04 20:15,2752.700000,1,9.110000,0.3300,122.200000,18.880000,457.270000
229,Exit short,2025-02-04 03:45,2804.970000,1,-7.960000,-0.2800,5.980000,10.980000,448.160000
229,Entry short,2025-02-04 03:30,2797.010000,1,-7.960000,-0.2800,5.980000,10.980000,448.160000
228,Exit short,2025-02-03 14:45,2623.760000,1,-77.890000,-3.0600,19.190000,100.340000,456.120000
228,Entry short,2025-02-03 13:30,2545.870000,1,-77.890000,-3.0600,19.190000,100.340000,456.120000
227,Exit short,2025-02-03 08:00,2619.270000,1,443.300000,14.4700,982.380000,22.280000,534.010000
227,Entry short,2025-02-02 15:30,3062.570000,1,443.300000,14.4700,982.380000,22.280000,534.010000
226,Exit short,2025-02-02 14:45,3094.870000,1,19.040000,0.6100,64.900000,9.080000,90.710000
226,Entry short,2025-02-02 07:00,3113.910000,1,19.040000,0.6100,64.900000,9.080000,90.710000
225,Exit short,2025-02-02 06:45,3120.390000,1,120.410000,3.7200,173.970000,2.630000,71.670000
225,Entry short,2025-02-01 19:00,3240.800000,1,120.410000,3.7200,173.970000,2.630000,71.670000
224,Exit short,2025-02-01 17:30,3261.640000,1,-20.390000,-0.6300,0.010000,24.660000,-48.740000
224,Entry short,2025-02-01 17:00,3241.250000,1,-20.390000,-0.6300,0.010000,24.660000,-48.740000
223,Exit long,2025-02-01 13:45,3256.630000,1,-10.880000,-0.3300,0.330000,10.950000,-28.350000
223,Entry long,2025-02-01 13:30,3267.510000,1,-10.880000,-0.3300,0.330000,10.950000,-28.350000
222,Exit long,2025-02-01 02:00,3311.880000,1,-14.820000,-0.4500,0.820000,15.600000,-17.470000
222,Entry long,2025-02-01 01:45,3326.700000,1,-14.820000,-0.4500,0.820000,15.600000,-17.470000
221,Exit long,2025-01-31 18:45,3309.600000,1,47.920000,1.4700,174.710000,6.610000,-2.650000
221,Entry long,2025-01-31 09:45,3261.680000,1,47.920000,1.4700,174.710000,6.610000,-2.650000
220,Exit long,2025-01-31 08:00,3240.000000,1,-26.110000,-0.8000,10.540000,28.460000,-50.570000
220,Entry long,2025-01-31 06:45,3266.110000,1,-26.110000,-0.8000,10.540000,28.460000,-50.570000
219,Exit long,2025-01-31 03:00,3246.230000,1,-13.330000,-0.4100,20.160000,13.940000,-24.460000
219,Entry long,2025-01-31 00:45,3259.560000,1,-13.330000,-0.4100,20.160000,13.940000,-24.460000
218,Exit long,2025-01-31 00:15,3239.240000,1,-20.380000,-0.6300,9.370000,23.050000,-11.130000
218,Entry long,2025-01-30 23:00,3259.620000,1,-20.380000,-0.6300,9.370000,23.050000,-11.130000
217,Exit short,2025-01-30 01:00,3122.930000,1,-20.000000,-0.6400,13.930000,22.910000,9.250000
217,Entry short,2025-01-30 00:15,3102.930000,1,-20.000000,-0.6400,13.930000,22.910000,9.250000
216,Exit short,2025-01-29 19:45,3133.650000,1,-44.770000,-1.4500,36.000000,65.040000,29.250000
216,Entry short,2025-01-29 19:15,3088.880000,1,-44.770000,-1.4500,36.000000,65.040000,29.250000
215,Exit short,2025-01-29 17:30,3118.560000,1,5.290000,0.1700,53.660000,2.910000,74.020000
215,Entry short,2025-01-29 12:30,3123.850000,1,5.290000,0.1700,53.660000,2.910000,74.020000
214,Exit short,2025-01-29 10:30,3134.990000,1,-6.650000,-0.2100,2.770000,10.570000,68.730000
214,Entry short,2025-01-29 10:15,3128.340000,1,-6.650000,-0.2100,2.770000,10.570000,68.730000
213,Exit short,2025-01-28 09:45,3189.680000,1,-5.690000,-0.1800,0.090000,8.550000,75.380000
213,Entry short,2025-01-28 09:30,3183.990000,1,-5.690000,-0.1800,0.090000,8.550000,75.380000
212,Exit short,2025-01-27 20:45,3120.490000,1,-31.510000,-1.0200,45.450000,35.000000,81.070000
212,Entry short,2025-01-27 17:15,3088.980000,1,-31.510000,-1.0200,45.450000,35.000000,81.070000
211,Exit long,2025-01-26 08:00,3337.520000,1,-8.560000,-0.2600,16.920000,17.670000,112.580000
211,Entry long,2025-01-26 03:45,3346.080000,1,-8.560000,-0.2600,16.920000,17.670000,112.580000
210,Exit long,2025-01-24 18:45,3385.640000,1,-7.160000,-0.2100,3.200000,12.420000,121.140000
210,Entry long,2025-01-24 18:30,3392.800000,1,-7.160000,-0.2100,3.200000,12.420000,121.140000
209,Exit short,2025-01-23 21:45,3247.480000,1,-12.310000,-0.3800,11.040000,20.410000,128.300000
209,Entry short,2025-01-23 21:30,3235.170000,1,-12.310000,-0.3800,11.040000,20.410000,128.300000
208,Exit short,2025-01-23 20:30,3282.210000,1,-52.170000,-1.6200,37.410000,64.960000,140.610000
208,Entry short,2025-01-23 19:15,3230.040000,1,-52.170000,-1.6200,37.410000,64.960000,140.610000
207,Exit short,2025-01-23 13:45,3228.160000,1,-9.370000,-0.2900,31.590000,16.860000,192.780000
207,Entry short,2025-01-23 08:45,3218.790000,1,-9.370000,-0.2900,31.590000,16.860000,192.780000
206,Exit long,2025-01-22 13:15,3308.240000,1,-7.360000,-0.2200,16.120000,13.200000,202.150000
206,Entry long,2025-01-22 11:45,3315.600000,1,-7.360000,-0.2200,16.120000,13.200000,202.150000
205,Exit long,2025-01-21 23:30,3313.440000,1,-18.150000,-0.5400,15.070000,25.860000,209.510000
205,Entry long,2025-01-21 22:00,3331.590000,1,-18.150000,-0.5400,15.070000,25.860000,209.510000
204,Exit long,2025-01-20 20:15,3330.720000,1,-11.330000,-0.3400,22.590000,19.800000,227.660000
204,Entry long,2025-01-20 19:45,3342.050000,1,-11.330000,-0.3400,22.590000,19.800000,227.660000
203,Exit long,2025-01-20 17:15,3319.330000,1,-48.660000,-1.4400,16.370000,102.820000,238.990000
203,Entry long,2025-01-20 16:45,3367.990000,1,-48.660000,-1.4400,16.370000,102.820000,238.990000
202,Exit long,2025-01-20 16:00,3335.950000,1,-22.610000,-0.6700,21.190000,43.560000,287.650000
202,Entry long,2025-01-20 15:00,3358.560000,1,-22.610000,-0.6700,21.190000,43.560000,287.650000
201,Exit short,2025-01-19 14:00,3276.290000,1,23.240000,0.7000,169.900000,5.980000,310.260000
201,Entry short,2025-01-19 04:45,3299.530000,1,23.240000,0.7000,169.900000,5.980000,310.260000
200,Exit short,2025-01-18 22:30,3286.650000,1,-11.010000,-0.3400,28.920000,16.900000,287.020000
200,Entry short,2025-01-18 16:45,3275.640000,1,-11.010000,-0.3400,28.920000,16.900000,287.020000
199,Exit long,2025-01-18 02:30,3468.490000,1,38.880000,1.1300,95.240000,13.630000,298.030000
199,Entry long,2025-01-17 19:30,3429.610000,1,38.880000,1.1300,95.240000,13.630000,298.030000
198,Exit long,2025-01-17 18:45,3418.360000,1,78.360000,2.3500,110.000000,1.110000,259.150000
198,Entry long,2025-01-17 01:30,3340.000000,1,78.360000,2.3500,110.000000,1.110000,259.150000
197,Exit long,2025-01-16 20:30,3331.320000,1,-12.030000,-0.3600,9.420000,18.830000,180.790000
197,Entry long,2025-01-16 20:00,3343.350000,1,-12.030000,-0.3600,9.420000,18.830000,180.790000
196,Exit long,2025-01-16 17:00,3339.140000,1,3.800000,0.1100,12.350000,2.300000,192.820000
196,Entry long,2025-01-16 16:45,3335.340000,1,3.800000,0.1100,12.350000,2.300000,192.820000
195,Exit long,2025-01-16 13:15,3326.400000,1,-29.140000,-0.8700,2.120000,35.090000,189.020000
195,Entry long,2025-01-16 13:00,3355.540000,1,-29.140000,-0.8700,2.120000,35.090000,189.020000
194,Exit long,2025-01-16 01:30,3403.510000,1,135.090000,4.1300,204.510000,0.420000,218.160000
194,Entry long,2025-01-15 13:45,3268.420000,1,135.090000,4.1300,204.510000,0.420000,218.160000
193,Exit long,2025-01-15 09:30,3219.000000,1,-10.140000,-0.3100,20.560000,10.570000,83.070000
193,Entry long,2025-01-15 07:00,3229.140000,1,-10.140000,-0.3100,20.560000,10.570000,83.070000
192,Exit long,2025-01-15 06:30,3217.410000,1,-22.580000,-0.7000,11.700000,26.440000,93.210000
192,Entry long,2025-01-15 04:00,3239.990000,1,-22.580000,-0.7000,11.700000,26.440000,93.210000
191,Exit long,2025-01-15 02:45,3209.470000,1,2.030000,0.0600,36.710000,14.420000,115.790000
191,Entry long,2025-01-14 17:45,3207.440000,1,2.030000,0.0600,36.710000,14.420000,115.790000
190,Exit long,2025-01-14 16:15,3185.910000,1,-27.390000,-0.8500,19.690000,42.280000,113.760000
190,Entry long,2025-01-14 14:30,3213.300000,1,-27.390000,-0.8500,19.690000,42.280000,113.760000
189,Exit short,2025-01-13 21:00,3090.360000,1,171.290000,5.2500,361.650000,4.350000,141.150000
189,Entry short,2025-01-13 02:30,3261.650000,1,171.290000,5.2500,361.650000,4.350000,141.150000
188,Exit long,2025-01-12 05:00,3282.530000,1,-4.950000,-0.1500,0.520000,7.960000,-30.140000
188,Entry long,2025-01-12 04:45,3287.480000,1,-4.950000,-0.1500,0.520000,7.960000,-30.140000
187,Exit short,2025-01-10 22:45,3278.880000,1,-20.420000,-0.6300,3.270000,22.490000,-25.190000
187,Entry short,2025-01-10 21:00,3258.460000,1,-20.420000,-0.6300,3.270000,22.490000,-25.190000
186,Exit short,2025-01-10 17:30,3279.730000,1,-34.570000,-1.0700,51.730000,39.070000,-4.770000
186,Entry short,2025-01-10 13:45,3245.160000,1,-34.570000,-1.0700,51.730000,39.070000,-4.770000
185,Exit short,2025-01-10 01:45,3235.670000,1,13.300000,0.4100,92.970000,20.430000,29.800000
185,Entry short,2025-01-09 18:00,3248.970000,1,13.300000,0.4100,92.970000,20.430000,29.800000
184,Exit short,2025-01-09 15:45,3300.870000,1,0.200000,0.0100,92.730000,24.460000,16.500000
184,Entry short,2025-01-09 10:30,3301.070000,1,0.200000,0.0100,92.730000,24.460000,16.500000
183,Exit short,2025-01-09 10:15,3317.400000,1,4.830000,0.1500,57.460000,4.650000,16.300000
183,Entry short,2025-01-09 06:45,3322.230000,1,4.830000,0.1500,57.460000,4.650000,16.300000
182,Exit short,2025-01-09 04:45,3330.260000,1,-17.060000,-0.5100,2.200000,18.970000,11.470000
182,Entry short,2025-01-09 04:15,3313.200000,1,-17.060000,-0.5100,2.200000,18.970000,11.470000
181,Exit short,2025-01-08 22:30,3312.620000,1,24.500000,0.7300,130.580000,11.880000,28.530000
181,Entry short,2025-01-08 15:45,3337.120000,1,24.500000,0.7300,130.580000,11.880000,28.530000
180,Exit short,2025-01-08 14:00,3357.310000,1,-6.690000,-0.2000,29.020000,15.900000,4.030000
180,Entry short,2025-01-08 11:15,3350.620000,1,-6.690000,-0.2000,29.020000,15.900000,4.030000
179,Exit short,2025-01-08 10:30,3371.680000,1,-25.780000,-0.7700,0.730000,26.100000,10.720000
179,Entry short,2025-01-08 10:00,3345.900000,1,-25.780000,-0.7700,0.730000,26.100000,10.720000
178,Exit long,2025-01-07 03:00,3676.870000,1,-12.140000,-0.3300,11.300000,14.010000,36.500000
178,Entry long,2025-01-07 01:45,3689.010000,1,-12.140000,-0.3300,11.300000,14.010000,36.500000
177,Exit long,2025-01-07 01:00,3674.010000,1,-12.690000,-0.3400,6.600000,12.700000,48.640000
177,Entry long,2025-01-07 00:30,3686.700000,1,-12.690000,-0.3400,6.600000,12.700000,48.640000
176,Exit long,2025-01-06 17:45,3661.890000,1,-22.610000,-0.6100,59.780000,30.620000,61.330000
176,Entry long,2025-01-06 15:00,3684.500000,1,-22.610000,-0.6100,59.780000,30.620000,61.330000
175,Exit long,2025-01-06 13:00,3641.690000,1,-10.470000,-0.2900,10.470000,11.610000,83.940000
175,Entry long,2025-01-06 12:15,3652.160000,1,-10.470000,-0.2900,10.470000,11.610000,83.940000
174,Exit long,2025-01-06 07:30,3648.950000,1,-18.850000,-0.5100,30.200000,26.960000,94.410000
174,Entry long,2025-01-06 02:15,3667.800000,1,-18.850000,-0.5100,30.200000,26.960000,94.410000
173,Exit long,2025-01-05 18:15,3617.580000,1,-7.360000,-0.2000,22.480000,13.690000,113.260000
173,Entry long,2025-01-05 15:15,3624.940000,1,-7.360000,-0.2000,22.480000,13.690000,113.260000
172,Exit long,2025-01-05 01:30,3642.450000,1,15.300000,0.4200,47.560000,9.150000,120.620000
172,Entry long,2025-01-04 17:15,3627.150000,1,15.300000,0.4200,47.560000,9.150000,120.620000
171,Exit long,2025-01-04 15:45,3602.080000,1,0.910000,0.0300,62.830000,4.230000,105.320000
171,Entry long,2025-01-04 12:00,3601.170000,1,0.910000,0.0300,62.830000,4.230000,105.320000
170,Exit long,2025-01-04 08:45,3590.150000,1,-12.130000,-0.3400,7.550000,13.620000,104.410000
170,Entry long,2025-01-04 06:15,3602.280000,1,-12.130000,-0.3400,7.550000,13.620000,104.410000
169,Exit long,2025-01-04 01:15,3585.580000,1,137.100000,3.9800,181.520000,2.170000,116.540000
169,Entry long,2025-01-03 11:15,3448.480000,1,137.100000,3.9800,181.520000,2.170000,116.540000
168,Exit long,2025-01-03 05:15,3453.990000,1,-4.260000,-0.1200,18.230000,9.800000,-20.560000
168,Entry long,2025-01-03 01:30,3458.250000,1,-4.260000,-0.1200,18.230000,9.800000,-20.560000
167,Exit long,2025-01-02 20:45,3455.470000,1,-12.160000,-0.3500,7.270000,14.090000,-16.300000
167,Entry long,2025-01-02 20:15,3467.630000,1,-12.160000,-0.3500,7.270000,14.090000,-16.300000
166,Exit short,2025-01-01 18:00,3342.910000,1,-12.620000,-0.3800,9.180000,14.090000,-4.140000
166,Entry short,2025-01-01 17:15,3330.290000,1,-12.620000,-0.3800,9.180000,14.090000,-4.140000
165,Exit short,2025-01-01 12:15,3340.740000,1,6.710000,0.2000,34.830000,3.110000,8.480000
165,Entry short,2025-01-01 04:30,3347.450000,1,6.710000,0.2000,34.830000,3.110000,8.480000
164,Exit short,2025-01-01 02:45,3356.890000,1,-7.280000,-0.2200,0.440000,9.880000,1.770000
164,Entry short,2025-01-01 02:30,3349.610000,1,-7.280000,-0.2200,0.440000,9.880000,1.770000
163,Exit short,2025-01-01 02:15,3354.180000,1,-8.350000,-0.2500,0.580000,8.360000,9.050000
163,Entry short,2025-01-01 02:00,3345.830000,1,-8.350000,-0.2500,0.580000,8.360000,9.050000
162,Exit short,2024-12-31 06:30,3355.010000,1,-27.740000,-0.8300,18.990000,39.810000,17.400000
162,Entry short,2024-12-30 21:45,3327.270000,1,-27.740000,-0.8300,18.990000,39.810000,17.400000
161,Exit long,2024-12-30 13:00,3407.990000,1,-11.050000,-0.3200,10.860000,16.550000,45.140000
161,Entry long,2024-12-30 11:45,3419.040000,1,-11.050000,-0.3200,10.860000,16.550000,45.140000
160,Exit long,2024-12-29 12:45,3392.120000,1,-3.880000,-0.1100,17.000000,7.460000,56.190000
160,Entry long,2024-12-29 07:00,3396.000000,1,-3.880000,-0.1100,17.000000,7.460000,56.190000
159,Exit short,2024-12-28 08:45,3343.300000,1,-9.220000,-0.2800,2.350000,9.320000,60.070000
159,Entry short,2024-12-28 08:00,3334.080000,1,-9.220000,-0.2800,2.350000,9.320000,60.070000
158,Exit short,2024-12-28 03:30,3339.530000,1,-13.390000,-0.4000,0.770000,14.510000,69.290000
158,Entry short,2024-12-28 03:00,3326.140000,1,-13.390000,-0.4000,0.770000,14.510000,69.290000
157,Exit short,2024-12-28 02:15,3340.340000,1,-11.550000,-0.3500,7.870000,14.070000,82.680000
157,Entry short,2024-12-28 01:30,3328.790000,1,-11.550000,-0.3500,7.870000,14.070000,82.680000
156,Exit short,2024-12-28 01:00,3342.770000,1,-6.690000,-0.2000,28.000000,13.520000,94.230000
156,Entry short,2024-12-27 20:15,3336.080000,1,-6.690000,-0.2000,28.000000,13.520000,94.230000
155,Exit short,2024-12-27 14:30,3387.310000,1,-0.740000,-0.0200,16.800000,5.790000,100.920000
155,Entry short,2024-12-27 14:00,3386.570000,1,-0.740000,-0.0200,16.800000,5.790000,100.920000
154,Exit short,2024-12-27 08:45,3362.760000,1,-34.660000,-1.0400,8.100000,43.020000,101.660000
154,Entry short,2024-12-27 07:45,3328.100000,1,-34.660000,-1.0400,8.100000,43.020000,101.660000
153,Exit short,2024-12-27 00:45,3336.500000,1,-26.220000,-0.7900,0.000000,33.320000,136.320000
153,Entry short,2024-12-26 23:15,3310.280000,1,-26.220000,-0.7900,0.000000,33.320000,136.320000
152,Exit long,2024-12-26 01:15,3468.550000,1,-23.450000,-0.6700,22.320000,24.420000,162.540000
152,Entry long,2024-12-25 23:15,3492.000000,1,-23.450000,-0.6700,22.320000,24.420000,162.540000
151,Exit long,2024-12-25 20:15,3474.570000,1,-5.990000,-0.1700,7.170000,7.190000,185.990000
151,Entry long,2024-12-25 19:45,3480.560000,1,-5.990000,-0.1700,7.170000,7.190000,185.990000
150,Exit long,2024-12-25 12:00,3469.630000,1,-15.360000,-0.4400,62.020000,22.430000,191.980000
150,Entry long,2024-12-25 04:30,3484.990000,1,-15.360000,-0.4400,62.020000,22.430000,191.980000
149,Exit long,2024-12-25 01:45,3478.790000,1,-8.780000,-0.2500,16.650000,22.560000,207.340000
149,Entry long,2024-12-24 22:00,3487.570000,1,-8.780000,-0.2500,16.650000,22.560000,207.340000
148,Exit long,2024-12-24 12:45,3395.690000,1,-14.140000,-0.4100,4.570000,16.730000,216.120000
148,Entry long,2024-12-24 11:45,3409.830000,1,-14.140000,-0.4100,4.570000,16.730000,216.120000
147,Exit long,2024-12-24 09:15,3390.000000,1,-21.980000,-0.6400,1.600000,23.780000,230.260000
147,Entry long,2024-12-24 09:00,3411.980000,1,-21.980000,-0.6400,1.600000,23.780000,230.260000
146,Exit long,2024-12-24 07:00,3391.870000,1,-19.200000,-0.5600,22.920000,26.550000,252.240000
146,Entry long,2024-12-24 04:30,3411.070000,1,-19.200000,-0.5600,22.920000,26.550000,252.240000
145,Exit short,2024-12-23 19:15,3342.450000,1,-38.560000,-1.1700,0.800000,38.560000,271.440000
145,Entry short,2024-12-23 19:00,3303.890000,1,-38.560000,-1.1700,0.800000,38.560000,271.440000
144,Exit short,2024-12-23 16:45,3319.600000,1,-17.610000,-0.5300,34.950000,21.380000,310.000000
144,Entry short,2024-12-23 14:45,3301.990000,1,-17.610000,-0.5300,34.950000,21.380000,310.000000
143,Exit short,2024-12-23 14:15,3338.240000,1,-22.080000,-0.6700,2.360000,32.500000,327.610000
143,Entry short,2024-12-23 14:00,3316.160000,1,-22.080000,-0.6700,2.360000,32.500000,327.610000
142,Exit short,2024-12-23 08:00,3303.330000,1,-26.130000,-0.8000,6.820000,27.760000,349.690000
142,Entry short,2024-12-23 06:45,3277.200000,1,-26.130000,-0.8000,6.820000,27.760000,349.690000
141,Exit short,2024-12-23 03:15,3314.160000,1,6.680000,0.2000,106.030000,16.860000,375.820000
141,Entry short,2024-12-22 14:30,3320.840000,1,6.680000,0.2000,106.030000,16.860000,375.820000
140,Exit short,2024-12-22 08:15,3348.450000,1,-19.060000,-0.5700,5.120000,29.810000,369.140000
140,Entry short,2024-12-22 07:45,3329.390000,1,-19.060000,-0.5700,5.120000,29.810000,369.140000
139,Exit short,2024-12-22 07:15,3346.020000,1,-22.310000,-0.6700,30.190000,25.160000,388.200000
139,Entry short,2024-12-22 04:45,3323.710000,1,-22.310000,-0.6700,30.190000,25.160000,388.200000
138,Exit short,2024-12-22 04:15,3351.870000,1,-16.340000,-0.4900,18.040000,24.820000,410.510000
138,Entry short,2024-12-22 03:00,3335.530000,1,-16.340000,-0.4900,18.040000,24.820000,410.510000
137,Exit short,2024-12-21 10:00,3480.920000,1,-14.530000,-0.4200,10.380000,15.940000,426.850000
137,Entry short,2024-12-21 09:15,3466.390000,1,-14.530000,-0.4200,10.380000,15.940000,426.850000
136,Exit short,2024-12-20 14:00,3296.120000,1,116.580000,3.4200,312.700000,17.890000,441.380000
136,Entry short,2024-12-20 03:45,3412.700000,1,116.580000,3.4200,312.700000,17.890000,441.380000
135,Exit short,2024-12-20 03:00,3454.820000,1,210.640000,5.7500,343.260000,1.740000,324.800000
135,Entry short,2024-12-19 14:45,3665.460000,1,210.640000,5.7500,343.260000,1.740000,324.800000
134,Exit short,2024-12-19 14:15,3689.790000,1,-12.600000,-0.3400,1.190000,19.660000,114.160000
134,Entry short,2024-12-19 14:00,3677.190000,1,-12.600000,-0.3400,1.190000,19.660000,114.160000
133,Exit short,2024-12-19 04:30,3663.510000,1,179.050000,4.6600,302.560000,16.580000,126.760000
133,Entry short,2024-12-18 19:30,3842.560000,1,179.050000,4.6600,302.560000,16.580000,126.760000
132,Exit short,2024-12-18 15:45,3868.930000,1,-14.480000,-0.3800,31.440000,17.630000,-52.290000
132,Entry short,2024-12-18 14:00,3854.450000,1,-14.480000,-0.3800,31.440000,17.630000,-52.290000
131,Exit long,2024-12-17 15:15,3968.930000,1,-49.720000,-1.2400,0.260000,58.650000,-37.810000
131,Entry long,2024-12-17 15:00,4018.650000,1,-49.720000,-1.2400,0.260000,58.650000,-37.810000
130,Exit long,2024-12-17 11:45,4006.510000,1,-14.180000,-0.3500,1.310000,16.020000,11.910000
130,Entry long,2024-12-17 11:15,4020.690000,1,-14.180000,-0.3500,1.310000,16.020000,11.910000
129,Exit long,2024-12-17 10:45,4003.000000,1,-12.010000,-0.3000,15.920000,12.830000,26.090000
129,Entry long,2024-12-17 08:45,4015.010000,1,-12.010000,-0.3000,15.920000,12.830000,26.090000
128,Exit long,2024-12-17 08:00,3993.050000,1,-22.280000,-0.5500,7.410000,34.020000,38.100000
128,Entry long,2024-12-17 07:15,4015.330000,1,-22.280000,-0.5500,7.410000,34.020000,38.100000
127,Exit long,2024-12-17 06:30,3999.400000,1,-8.750000,-0.2200,31.840000,10.370000,60.380000
127,Entry long,2024-12-17 03:00,4008.150000,1,-8.750000,-0.2200,31.840000,10.370000,60.380000
126,Exit long,2024-12-16 23:30,3993.830000,1,62.070000,1.5800,178.230000,13.540000,69.130000
126,Entry long,2024-12-16 15:30,3931.760000,1,62.070000,1.5800,178.230000,13.540000,69.130000
125,Exit long,2024-12-16 09:00,3951.520000,1,-8.970000,-0.2300,22.310000,11.890000,7.060000
125,Entry long,2024-12-16 05:15,3960.490000,1,-8.970000,-0.2300,22.310000,11.890000,7.060000
124,Exit long,2024-12-16 04:45,3952.970000,1,14.880000,0.3800,86.770000,11.100000,16.030000
124,Entry long,2024-12-15 23:30,3938.090000,1,14.880000,0.3800,86.770000,11.100000,16.030000
123,Exit short,2024-12-15 11:15,3869.230000,1,-1.230000,-0.0300,39.000000,5.310000,1.150000
123,Entry short,2024-12-15 07:15,3868.000000,1,-1.230000,-0.0300,39.000000,5.310000,1.150000
122,Exit long,2024-12-14 09:15,3912.710000,1,-1.680000,-0.0400,20.550000,3.390000,2.380000
122,Entry long,2024-12-14 05:45,3914.390000,1,-1.680000,-0.0400,20.550000,3.390000,2.380000
121,Exit long,2024-12-14 01:00,3904.510000,1,-17.710000,-0.4500,4.180000,28.160000,4.060000
121,Entry long,2024-12-14 00:30,3922.220000,1,-17.710000,-0.4500,4.180000,28.160000,4.060000
120,Exit long,2024-12-13 21:00,3916.310000,1,-11.900000,-0.3000,6.760000,18.210000,21.770000
120,Entry long,2024-12-13 20:30,3928.210000,1,-11.900000,-0.3000,6.760000,18.210000,21.770000
119,Exit long,2024-12-13 19:00,3912.100000,1,-16.370000,-0.4200,17.950000,17.380000,33.670000
119,Entry long,2024-12-13 17:45,3928.470000,1,-16.370000,-0.4200,17.950000,17.380000,33.670000
118,Exit long,2024-12-13 16:00,3884.710000,1,-22.280000,-0.5700,60.970000,29.650000,50.040000
118,Entry long,2024-12-13 11:15,3906.990000,1,-22.280000,-0.5700,60.970000,29.650000,50.040000
117,Exit long,2024-12-13 07:00,3885.290000,1,-9.000000,-0.2300,45.710000,9.270000,72.320000
117,Entry long,2024-12-13 02:30,3894.290000,1,-9.000000,-0.2300,45.710000,9.270000,72.320000
116,Exit long,2024-12-12 18:30,3941.960000,1,-18.540000,-0.4700,5.100000,20.220000,81.320000
116,Entry long,2024-12-12 18:00,3960.500000,1,-18.540000,-0.4700,5.100000,20.220000,81.320000
115,Exit short,2024-12-11 02:45,3647.250000,1,-30.890000,-0.8500,53.710000,33.510000,99.860000
115,Entry short,2024-12-11 00:30,3616.360000,1,-30.890000,-0.8500,53.710000,33.510000,99.860000
114,Exit short,2024-12-10 20:15,3631.770000,1,81.950000,2.2100,201.010000,18.750000,130.750000
114,Entry short,2024-12-10 12:30,3713.720000,1,81.950000,2.2100,201.010000,18.750000,130.750000
113,Exit short,2024-12-10 06:30,3731.330000,1,-8.650000,-0.2300,106.680000,17.150000,48.800000
113,Entry short,2024-12-10 02:30,3722.680000,1,-8.650000,-0.2300,106.680000,17.150000,48.800000
112,Exit short,2024-12-10 01:45,3747.600000,1,78.950000,2.0600,351.550000,42.810000,57.450000
112,Entry short,2024-12-09 15:45,3826.550000,1,78.950000,2.0600,351.550000,42.810000,57.450000
111,Exit long,2024-12-09 00:30,3981.090000,1,-7.420000,-0.1900,31.060000,10.520000,-21.500000
111,Entry long,2024-12-08 21:30,3988.510000,1,-7.420000,-0.1900,31.060000,10.520000,-21.500000
110,Exit long,2024-12-08 21:00,3979.290000,1,-8.040000,-0.2000,4.050000,8.760000,-14.080000
110,Entry long,2024-12-08 20:15,3987.330000,1,-8.040000,-0.2000,4.050000,8.760000,-14.080000
109,Exit long,2024-12-08 12:15,3970.600000,1,-3.790000,-0.1000,1.170000,7.700000,-6.040000
109,Entry long,2024-12-08 12:00,3974.390000,1,-3.790000,-0.1000,1.170000,7.700000,-6.040000
108,Exit long,2024-12-08 01:30,4003.000000,1,-8.360000,-0.2100,0.000000,9.300000,-2.250000
108,Entry long,2024-12-08 01:15,4011.360000,1,-8.360000,-0.2100,0.000000,9.300000,-2.250000
107,Exit long,2024-12-07 22:30,3997.830000,1,-7.170000,-0.1800,23.690000,10.740000,6.110000
107,Entry long,2024-12-07 18:15,4005.000000,1,-7.170000,-0.1800,23.690000,10.740000,6.110000
106,Exit long,2024-12-07 15:30,3993.310000,1,-11.430000,-0.2900,6.690000,14.240000,13.280000
106,Entry long,2024-12-07 14:45,4004.740000,1,-11.430000,-0.2900,6.690000,14.240000,13.280000
105,Exit long,2024-12-07 14:15,3984.670000,1,-22.940000,-0.5700,4.890000,28.600000,24.710000
105,Entry long,2024-12-07 11:30,4007.610000,1,-22.940000,-0.5700,4.890000,28.600000,24.710000
104,Exit long,2024-12-06 23:15,4015.050000,1,127.270000,3.2700,205.050000,9.730000,47.650000
104,Entry long,2024-12-06 14:15,3887.780000,1,127.270000,3.2700,205.050000,9.730000,47.650000
103,Exit long,2024-12-06 09:15,3872.850000,1,24.080000,0.6300,84.190000,7.550000,-79.620000
103,Entry long,2024-12-06 01:15,3848.770000,1,24.080000,0.6300,84.190000,7.550000,-79.620000
102,Exit long,2024-12-05 18:30,3901.130000,1,-20.540000,-0.5200,6.000000,34.800000,-103.700000
102,Entry long,2024-12-05 18:00,3921.670000,1,-20.540000,-0.5200,6.000000,34.800000,-103.700000
101,Exit long,2024-12-05 15:30,3882.600000,1,4.990000,0.1300,82.390000,56.770000,-83.160000
101,Entry long,2024-12-05 02:45,3877.610000,1,4.990000,0.1300,82.390000,56.770000,-83.160000
100,Exit long,2024-12-05 00:30,3819.080000,1,69.940000,1.8700,141.860000,13.130000,-88.150000
100,Entry long,2024-12-04 14:45,3749.140000,1,69.940000,1.8700,141.860000,13.130000,-88.150000
99,Exit short,2024-12-03 20:15,3584.030000,1,42.430000,1.1700,124.450000,11.990000,-158.090000
99,Entry short,2024-12-03 07:30,3626.460000,1,42.430000,1.1700,124.450000,11.990000,-158.090000
98,Exit short,2024-12-02 23:15,3627.620000,1,-17.940000,-0.5000,52.070000,26.070000,-200.520000
98,Entry short,2024-12-02 17:30,3609.680000,1,-17.940000,-0.5000,52.070000,26.070000,-200.520000
97,Exit long,2024-12-02 03:45,3712.900000,1,-26.640000,-0.7100,26.460000,32.540000,-182.580000
97,Entry long,2024-12-02 01:30,3739.540000,1,-26.640000,-0.7100,26.460000,32.540000,-182.580000
96,Exit long,2024-12-02 00:00,3711.220000,1,-11.740000,-0.3200,13.540000,16.260000,-155.940000
96,Entry long,2024-12-01 22:30,3722.960000,1,-11.740000,-0.3200,13.540000,16.260000,-155.940000
95,Exit long,2024-12-01 19:30,3708.060000,1,-4.980000,-0.1300,37.630000,16.610000,-144.200000
95,Entry long,2024-12-01 13:45,3713.040000,1,-4.980000,-0.1300,37.630000,16.610000,-144.200000
94,Exit long,2024-12-01 09:30,3697.270000,1,-5.430000,-0.1500,17.300000,7.560000,-139.220000
94,Entry long,2024-12-01 06:30,3702.700000,1,-5.430000,-0.1500,17.300000,7.560000,-139.220000
93,Exit long,2024-12-01 05:15,3689.200000,1,-15.140000,-0.4100,0.000000,15.890000,-133.790000
93,Entry long,2024-12-01 05:00,3704.340000,1,-15.140000,-0.4100,0.000000,15.890000,-133.790000
92,Exit long,2024-12-01 01:00,3691.140000,1,-7.850000,-0.2100,43.190000,10.630000,-118.650000
92,Entry long,2024-11-30 19:45,3698.990000,1,-7.850000,-0.2100,43.190000,10.630000,-118.650000
91,Exit long,2024-11-30 18:45,3668.280000,1,-14.620000,-0.4000,7.830000,16.900000,-110.800000
91,Entry long,2024-11-30 17:30,3682.900000,1,-14.620000,-0.4000,7.830000,16.900000,-110.800000
90,Exit long,2024-11-30 16:30,3662.870000,1,-16.140000,-0.4400,9.220000,16.540000,-96.180000
90,Entry long,2024-11-30 15:45,3679.010000,1,-16.140000,-0.4400,9.220000,16.540000,-96.180000
89,Exit long,2024-11-30 15:00,3658.580000,1,-24.410000,-0.6600,3.010000,28.970000,-80.040000
89,Entry long,2024-11-30 14:15,3682.990000,1,-24.410000,-0.6600,3.010000,28.970000,-80.040000
88,Exit long,2024-11-30 14:00,3669.730000,1,-9.050000,-0.2500,5.830000,10.720000,-55.630000
88,Entry long,2024-11-30 13:45,3678.780000,1,-9.050000,-0.2500,5.830000,10.720000,-55.630000
87,Exit long,2024-11-30 10:45,3666.960000,1,47.580000,1.3100,110.620000,23.700000,-46.580000
87,Entry long,2024-11-30 01:45,3619.380000,1,47.580000,1.3100,110.620000,23.700000,-46.580000
86,Exit long,2024-11-30 00:15,3589.780000,1,-7.210000,-0.2000,9.420000,10.930000,-94.160000
86,Entry long,2024-11-29 22:30,3596.990000,1,-7.210000,-0.2000,9.420000,10.930000,-94.160000
85,Exit long,2024-11-29 21:15,3590.150000,1,-4.820000,-0.1300,2.420000,6.970000,-86.950000
85,Entry long,2024-11-29 21:00,3594.970000,1,-4.820000,-0.1300,2.420000,6.970000,-86.950000
84,Exit long,2024-11-29 10:00,3570.080000,1,-9.430000,-0.2600,0.010000,9.510000,-82.130000
84,Entry long,2024-11-29 09:45,3579.510000,1,-9.430000,-0.2600,0.010000,9.510000,-82.130000
83,Exit long,2024-11-29 06:00,3580.660000,1,-16.940000,-0.4700,0.880000,19.600000,-72.700000
83,Entry long,2024-11-29 05:15,3597.600000,1,-16.940000,-0.4700,0.880000,19.600000,-72.700000
82,Exit long,2024-11-29 04:15,3573.750000,1,-12.720000,-0.3500,18.530000,15.280000,-55.760000
82,Entry long,2024-11-29 02:30,3586.470000,1,-12.720000,-0.3500,18.530000,15.280000,-55.760000
81,Exit long,2024-11-29 00:15,3575.330000,1,-11.510000,-0.3200,15.410000,18.160000,-43.040000
81,Entry long,2024-11-28 22:15,3586.840000,1,-11.510000,-0.3200,15.410000,18.160000,-43.040000
80,Exit long,2024-11-28 19:15,3576.460000,1,-3.930000,-0.1100,6.690000,5.000000,-31.530000
80,Entry long,2024-11-28 19:00,3580.390000,1,-3.930000,-0.1100,6.690000,5.000000,-31.530000
79,Exit long,2024-11-28 10:00,3600.650000,1,-13.750000,-0.3800,26.800000,14.250000,-27.600000
79,Entry long,2024-11-28 08:45,3614.400000,1,-13.750000,-0.3800,26.800000,14.250000,-27.600000
78,Exit long,2024-11-26 03:00,3447.480000,1,-6.010000,-0.1700,4.070000,9.100000,-13.850000
78,Entry long,2024-11-26 02:45,3453.490000,1,-6.010000,-0.1700,4.070000,9.100000,-13.850000
77,Exit long,2024-11-25 21:45,3430.240000,1,-50.510000,-1.4500,27.230000,50.650000,-7.840000
77,Entry long,2024-11-25 19:45,3480.750000,1,-50.510000,-1.4500,27.230000,50.650000,-7.840000
76,Exit long,2024-11-25 17:15,3429.430000,1,-91.750000,-2.6100,28.730000,97.620000,42.670000
76,Entry long,2024-11-25 16:00,3521.180000,1,-91.750000,-2.6100,28.730000,97.620000,42.670000
75,Exit short,2024-11-25 02:30,3347.000000,1,-28.340000,-0.8500,7.740000,34.220000,134.420000
75,Entry short,2024-11-25 01:30,3318.660000,1,-28.340000,-0.8500,7.740000,34.220000,134.420000
74,Exit long,2024-11-24 08:45,3406.160000,1,-18.830000,-0.5500,6.630000,18.990000,162.760000
74,Entry long,2024-11-24 08:00,3424.990000,1,-18.830000,-0.5500,6.630000,18.990000,162.760000
73,Exit long,2024-11-24 04:45,3411.480000,1,-8.750000,-0.2600,32.770000,17.720000,181.590000
73,Entry long,2024-11-24 01:00,3420.230000,1,-8.750000,-0.2600,32.770000,17.720000,181.590000
72,Exit long,2024-11-22 23:00,3310.120000,1,-8.880000,-0.2700,2.890000,15.680000,190.340000
72,Entry long,2024-11-22 22:00,3319.000000,1,-8.880000,-0.2700,2.890000,15.680000,190.340000
71,Exit long,2024-11-22 09:45,3364.760000,1,6.860000,0.2000,72.090000,5.000000,199.220000
71,Entry long,2024-11-22 03:45,3357.900000,1,6.860000,0.2000,72.090000,5.000000,199.220000
70,Exit short,2024-11-21 03:30,3101.400000,1,-62.010000,-2.0400,6.070000,63.990000,192.360000
70,Entry short,2024-11-21 02:30,3039.390000,1,-62.010000,-2.0400,6.070000,63.990000,192.360000
69,Exit short,2024-11-21 00:30,3088.210000,1,-18.750000,-0.6100,3.310000,20.540000,254.370000
69,Entry short,2024-11-20 23:30,3069.460000,1,-18.750000,-0.6100,3.310000,20.540000,254.370000
68,Exit short,2024-11-20 22:00,3079.650000,1,4.790000,0.1600,53.940000,14.140000,273.120000
68,Entry short,2024-11-20 16:30,3084.440000,1,4.790000,0.1600,53.940000,14.140000,273.120000
67,Exit short,2024-11-20 13:30,3111.250000,1,-24.910000,-0.8100,3.100000,30.150000,268.330000
67,Entry short,2024-11-20 11:15,3086.340000,1,-24.910000,-0.8100,3.100000,30.150000,268.330000
66,Exit short,2024-11-20 05:30,3112.480000,1,-11.880000,-0.3800,27.040000,17.130000,293.240000
66,Entry short,2024-11-20 01:45,3100.600000,1,-11.880000,-0.3800,27.040000,17.130000,293.240000
65,Exit short,2024-11-20 01:15,3115.950000,1,-13.560000,-0.4400,35.990000,32.500000,305.120000
65,Entry short,2024-11-19 21:00,3102.390000,1,-13.560000,-0.4400,35.990000,32.500000,305.120000
64,Exit long,2024-11-19 13:15,3132.190000,1,-9.160000,-0.2900,11.180000,19.290000,318.680000
64,Entry long,2024-11-19 12:15,3141.350000,1,-9.160000,-0.2900,11.180000,19.290000,318.680000
63,Exit long,2024-11-19 01:15,3149.370000,1,-31.380000,-0.9900,47.250000,42.190000,327.840000
63,Entry long,2024-11-18 20:30,3180.750000,1,-31.380000,-0.9900,47.250000,42.190000,327.840000
62,Exit short,2024-11-18 10:30,3120.080000,1,-10.520000,-0.3400,2.210000,13.430000,359.220000
62,Entry short,2024-11-18 09:45,3109.560000,1,-10.520000,-0.3400,2.210000,13.430000,359.220000
61,Exit long,2024-11-16 20:30,3146.790000,1,-24.280000,-0.7700,15.740000,25.070000,369.740000
61,Entry long,2024-11-16 17:45,3171.070000,1,-24.280000,-0.7700,15.740000,25.070000,369.740000
60,Exit short,2024-11-16 08:00,3108.590000,1,4.830000,0.1600,10.420000,3.180000,394.020000
60,Entry short,2024-11-16 07:30,3113.420000,1,4.830000,0.1600,10.420000,3.180000,394.020000
59,Exit short,2024-11-15 20:30,3069.880000,1,1.060000,0.0300,54.440000,17.450000,389.190000
59,Entry short,2024-11-15 14:30,3070.940000,1,1.060000,0.0300,54.440000,17.450000,389.190000
58,Exit short,2024-11-14 09:30,3209.760000,1,-5.230000,-0.1600,8.870000,15.110000,388.130000
58,Entry short,2024-11-14 09:00,3204.530000,1,-5.230000,-0.1600,8.870000,15.110000,388.130000
57,Exit short,2024-11-14 08:00,3219.650000,1,-30.550000,-0.9600,7.290000,37.890000,393.360000
57,Entry short,2024-11-14 07:15,3189.100000,1,-30.550000,-0.9600,7.290000,37.890000,393.360000
56,Exit short,2024-11-13 13:30,3182.580000,1,-24.510000,-0.7800,0.880000,32.670000,423.910000
56,Entry short,2024-11-13 13:15,3158.070000,1,-24.510000,-0.7800,0.880000,32.670000,423.910000
55,Exit short,2024-11-13 12:45,3177.900000,1,-11.810000,-0.3700,12.250000,12.410000,448.420000
55,Entry short,2024-11-13 12:30,3166.090000,1,-11.810000,-0.3700,12.250000,12.410000,448.420000
54,Exit long,2024-11-13 02:15,3260.810000,1,-13.080000,-0.4000,5.910000,13.630000,460.230000
54,Entry long,2024-11-13 02:00,3273.890000,1,-13.080000,-0.4000,5.910000,13.630000,460.230000
53,Exit long,2024-11-12 23:15,3280.140000,1,-8.200000,-0.2500,5.640000,24.850000,473.310000
53,Entry long,2024-11-12 22:45,3288.340000,1,-8.200000,-0.2500,5.640000,24.850000,473.310000
52,Exit long,2024-11-12 19:45,3284.850000,1,0.080000,0.0000,21.230000,9.280000,481.510000
52,Entry long,2024-11-12 19:00,3284.770000,1,0.080000,0.0000,21.230000,9.280000,481.510000
51,Exit long,2024-11-12 10:30,3334.520000,1,-6.140000,-0.1800,108.340000,20.340000,481.430000
51,Entry long,2024-11-12 04:00,3340.660000,1,-6.140000,-0.1800,108.340000,20.340000,481.430000
50,Exit long,2024-11-12 02:30,3322.050000,1,120.110000,3.7500,190.120000,5.580000,487.570000
50,Entry long,2024-11-11 15:15,3201.940000,1,120.110000,3.7500,190.120000,5.580000,487.570000
49,Exit long,2024-11-11 13:00,3174.250000,1,-1.400000,-0.0400,39.040000,33.510000,367.460000
49,Entry long,2024-11-11 10:00,3175.650000,1,-1.400000,-0.0400,39.040000,33.510000,367.460000
48,Exit long,2024-11-11 03:30,3174.460000,1,-11.500000,-0.3600,38.950000,13.090000,368.860000
48,Entry long,2024-11-10 23:45,3185.960000,1,-11.500000,-0.3600,38.950000,13.090000,368.860000
47,Exit long,2024-11-10 19:45,3190.590000,1,145.220000,4.7700,206.910000,4.450000,380.360000
47,Entry long,2024-11-09 18:45,3045.370000,1,145.220000,4.7700,206.910000,4.450000,380.360000
46,Exit long,2024-11-09 16:15,3035.480000,1,-7.490000,-0.2500,2.820000,9.070000,235.140000
46,Entry long,2024-11-09 15:45,3042.970000,1,-7.490000,-0.2500,2.820000,9.070000,235.140000
45,Exit long,2024-11-09 15:15,3033.610000,1,91.510000,3.1100,117.810000,1.800000,242.630000
45,Entry long,2024-11-08 22:00,2942.100000,1,91.510000,3.1100,117.810000,1.800000,242.630000
44,Exit long,2024-11-08 21:15,2925.680000,1,-34.350000,-1.1600,22.720000,35.180000,151.120000
44,Entry long,2024-11-08 18:45,2960.030000,1,-34.350000,-1.1600,22.720000,35.180000,151.120000
43,Exit long,2024-11-08 15:00,2913.470000,1,-5.230000,-0.1800,39.300000,15.130000,185.470000
43,Entry long,2024-11-08 09:45,2918.700000,1,-5.230000,-0.1800,39.300000,15.130000,185.470000
42,Exit long,2024-11-08 08:15,2898.810000,1,-4.100000,-0.1400,21.840000,10.300000,190.700000
42,Entry long,2024-11-08 04:00,2902.910000,1,-4.100000,-0.1400,21.840000,10.300000,190.700000
41,Exit long,2024-11-08 03:45,2896.090000,1,67.670000,2.3900,128.570000,7.520000,194.800000
41,Entry long,2024-11-07 15:45,2828.420000,1,67.670000,2.3900,128.570000,7.520000,194.800000
40,Exit long,2024-11-07 11:45,2809.990000,1,-12.460000,-0.4400,8.720000,16.170000,127.130000
40,Entry long,2024-11-07 09:00,2822.450000,1,-12.460000,-0.4400,8.720000,16.170000,127.130000
39,Exit long,2024-11-07 08:30,2806.500000,1,-15.130000,-0.5400,11.210000,15.760000,139.590000
39,Entry long,2024-11-07 08:00,2821.630000,1,-15.130000,-0.5400,11.210000,15.760000,139.590000
38,Exit short,2024-11-05 19:45,2445.250000,1,1.060000,0.0400,5.160000,0.360000,154.720000
38,Entry short,2024-11-05 19:30,2446.310000,1,1.060000,0.0400,5.160000,0.360000,154.720000
37,Exit short,2024-11-05 02:30,2411.410000,1,47.530000,1.9300,102.940000,5.310000,153.660000
37,Entry short,2024-11-04 14:15,2458.940000,1,47.530000,1.9300,102.940000,5.310000,153.660000
36,Exit short,2024-11-04 08:30,2465.440000,1,-6.540000,-0.2700,1.480000,8.180000,106.130000
36,Entry short,2024-11-04 08:00,2458.900000,1,-6.540000,-0.2700,1.480000,8.180000,106.130000
35,Exit short,2024-11-04 06:15,2470.000000,1,-7.660000,-0.3100,0.220000,11.660000,112.670000
35,Entry short,2024-11-04 06:00,2462.340000,1,-7.660000,-0.3100,0.220000,11.660000,112.670000
34,Exit short,2024-11-04 01:30,2463.100000,1,-14.750000,-0.6000,14.220000,26.090000,120.330000
34,Entry short,2024-11-04 00:30,2448.350000,1,-14.750000,-0.6000,14.220000,26.090000,120.330000
33,Exit short,2024-11-03 19:45,2449.090000,1,-30.970000,-1.2800,7.770000,35.640000,135.080000
33,Entry short,2024-11-03 18:45,2418.120000,1,-30.970000,-1.2800,7.770000,35.640000,135.080000
32,Exit short,2024-11-03 17:15,2451.340000,1,-8.990000,-0.3700,0.850000,10.810000,166.050000
32,Entry short,2024-11-03 17:00,2442.350000,1,-8.990000,-0.3700,0.850000,10.810000,166.050000
31,Exit short,2024-11-03 16:15,2456.560000,1,-6.100000,-0.2500,37.790000,9.390000,175.040000
31,Entry short,2024-11-03 13:15,2450.460000,1,-6.100000,-0.2500,37.790000,9.390000,175.040000
30,Exit short,2024-11-03 10:30,2461.180000,1,-11.500000,-0.4700,2.920000,11.520000,181.140000
30,Entry short,2024-11-03 09:45,2449.680000,1,-11.500000,-0.4700,2.920000,11.520000,181.140000
29,Exit short,2024-11-03 09:30,2454.990000,1,27.510000,1.1100,61.870000,3.990000,192.640000
29,Entry short,2024-11-03 01:00,2482.500000,1,27.510000,1.1100,61.870000,3.990000,192.640000
28,Exit short,2024-11-03 00:00,2493.610000,1,-7.210000,-0.2900,1.300000,7.290000,165.130000
28,Entry short,2024-11-02 23:30,2486.400000,1,-7.210000,-0.2900,1.300000,7.290000,165.130000
27,Exit short,2024-11-02 19:45,2491.740000,1,-4.020000,-0.1600,8.960000,4.160000,172.340000
27,Entry short,2024-11-02 17:30,2487.720000,1,-4.020000,-0.1600,8.960000,4.160000,172.340000
26,Exit short,2024-11-02 17:15,2493.060000,1,15.890000,0.6300,41.850000,4.840000,176.360000
26,Entry short,2024-11-02 03:30,2508.950000,1,15.890000,0.6300,41.850000,4.840000,176.360000
25,Exit short,2024-11-01 20:30,2523.040000,1,-23.010000,-0.9200,4.930000,38.960000,160.470000
25,Entry short,2024-11-01 16:00,2500.030000,1,-23.010000,-0.9200,4.930000,38.960000,160.470000
24,Exit long,2024-10-30 17:15,2681.200000,1,-5.990000,-0.2200,37.460000,15.890000,183.480000
24,Entry long,2024-10-30 13:00,2687.190000,1,-5.990000,-0.2200,37.460000,15.890000,183.480000
23,Exit long,2024-10-30 12:15,2663.390000,1,25.480000,0.9700,60.090000,6.530000,189.470000
23,Entry long,2024-10-30 03:15,2637.910000,1,25.480000,0.9700,60.090000,6.530000,189.470000
22,Exit long,2024-10-30 03:00,2628.680000,1,-6.180000,-0.2300,0.940000,7.020000,163.990000
22,Entry long,2024-10-30 02:45,2634.860000,1,-6.180000,-0.2300,0.940000,7.020000,163.990000
21,Exit long,2024-10-30 00:30,2630.730000,1,-5.780000,-0.2200,5.960000,6.510000,170.170000
21,Entry long,2024-10-29 23:45,2636.510000,1,-5.780000,-0.2200,5.960000,6.510000,170.170000
20,Exit long,2024-10-29 19:45,2626.640000,1,-1.960000,-0.0700,53.230000,11.460000,175.950000
20,Entry long,2024-10-29 13:45,2628.600000,1,-1.960000,-0.0700,53.230000,11.460000,175.950000
19,Exit long,2024-10-29 13:15,2618.230000,1,103.680000,4.1200,124.120000,2.470000,177.910000
19,Entry long,2024-10-28 20:45,2514.550000,1,103.680000,4.1200,124.120000,2.470000,177.910000
18,Exit long,2024-10-28 15:15,2514.760000,1,-10.230000,-0.4100,0.450000,12.620000,74.230000
18,Entry long,2024-10-28 15:00,2524.990000,1,-10.230000,-0.4100,0.450000,12.620000,74.230000
17,Exit long,2024-10-28 14:00,2512.670000,1,-2.950000,-0.1200,29.380000,11.400000,84.460000
17,Entry long,2024-10-28 07:15,2515.620000,1,-2.950000,-0.1200,29.380000,11.400000,84.460000
16,Exit long,2024-10-28 01:00,2499.070000,1,5.170000,0.2100,33.350000,3.900000,87.410000
16,Entry long,2024-10-27 20:00,2493.900000,1,5.170000,0.2100,33.350000,3.900000,87.410000
15,Exit short,2024-10-27 19:30,2492.670000,1,-6.270000,-0.2500,1.380000,7.200000,82.240000
15,Entry short,2024-10-27 19:15,2486.400000,1,-6.270000,-0.2500,1.380000,7.200000,82.240000
14,Exit short,2024-10-27 12:30,2478.440000,1,-2.010000,-0.0800,13.570000,6.200000,88.510000
14,Entry short,2024-10-27 08:45,2476.430000,1,-2.010000,-0.0800,13.570000,6.200000,88.510000
13,Exit short,2024-10-27 00:30,2481.170000,1,-2.210000,-0.0900,2.650000,3.400000,90.520000
13,Entry short,2024-10-27 00:15,2478.960000,1,-2.210000,-0.0900,2.650000,3.400000,90.520000
12,Exit short,2024-10-26 16:30,2467.350000,1,-2.680000,-0.1100,22.990000,3.000000,92.730000
12,Entry short,2024-10-26 14:15,2464.670000,1,-2.680000,-0.1100,22.990000,3.000000,92.730000
11,Exit short,2024-10-26 11:45,2474.300000,1,-11.540000,-0.4700,-0.000000,12.480000,95.410000
11,Entry short,2024-10-26 11:30,2462.760000,1,-11.540000,-0.4700,-0.000000,12.480000,95.410000
10,Exit short,2024-10-25 16:45,2535.120000,1,-3.350000,-0.1300,9.990000,3.720000,106.950000
10,Entry short,2024-10-25 16:15,2531.770000,1,-3.350000,-0.1300,9.990000,3.720000,106.950000
9,Exit short,2024-10-25 00:30,2533.820000,1,-0.670000,-0.0300,1.710000,3.900000,110.300000
9,Entry short,2024-10-25 00:15,2533.150000,1,-0.670000,-0.0300,1.710000,3.900000,110.300000
8,Exit short,2024-10-24 23:45,2533.710000,1,-3.250000,-0.1300,1.250000,4.050000,110.970000
8,Entry short,2024-10-24 23:30,2530.460000,1,-3.250000,-0.1300,1.250000,4.050000,110.970000
7,Exit short,2024-10-24 19:00,2526.290000,1,-2.670000,-0.1100,17.350000,12.390000,114.220000
7,Entry short,2024-10-24 14:15,2523.620000,1,-2.670000,-0.1100,17.350000,12.390000,114.220000
6,Exit short,2024-10-24 13:45,2541.120000,1,3.880000,0.1500,37.320000,3.560000,116.890000
6,Entry short,2024-10-24 08:30,2545.000000,1,3.880000,0.1500,37.320000,3.560000,116.890000
5,Exit short,2024-10-23 23:15,2518.380000,1,93.100000,3.5700,168.470000,4.270000,113.010000
5,Entry short,2024-10-23 07:00,2611.480000,1,93.100000,3.5700,168.470000,4.270000,113.010000
4,Exit short,2024-10-23 06:30,2622.430000,1,-0.100000,-0.0000,22.230000,7.180000,19.910000
4,Entry short,2024-10-22 23:45,2622.330000,1,-0.100000,-0.0000,22.230000,7.180000,19.910000
3,Exit short,2024-10-22 19:15,2629.130000,1,-7.440000,-0.2800,0.970000,8.180000,20.010000
3,Entry short,2024-10-22 19:00,2621.690000,1,-7.440000,-0.2800,0.970000,8.180000,20.010000
2,Exit short,2024-10-22 18:45,2625.690000,1,10.990000,0.4200,30.680000,9.510000,27.450000
2,Entry short,2024-10-22 08:30,2636.680000,1,10.990000,0.4200,30.680000,9.510000,27.450000
1,Exit short,2024-10-22 06:30,2654.710000,1,16.460000,0.6200,57.400000,1.830000,16.460000
1,Entry short,2024-10-21 23:15,2671.170000,1,16.460000,0.6200,57.400000,1.830000,16.460000
