Trade #,Type,Date and time,Price,Qty,Net PnL,Net PnL %,MFE,MAE,Cumulative PnL
2921,Exit short,2026-05-04 23:45,2343.750000,1,10.060000,0.4292,10.200000,4.970000,1845.980000
2921,Entry short,2026-05-04 22:45,2353.810000,1,10.060000,0.4292,10.200000,4.970000,1845.980000
2920,Exit long,2026-05-04 22:15,2362.600000,1,6.860000,0.2912,9.230000,9.500000,1835.920000
2920,Entry long,2026-05-04 19:30,2355.740000,1,6.860000,0.2912,9.230000,9.500000,1835.920000
2919,Exit short,2026-05-04 19:30,2355.740000,1,-7.110000,-0.3018,13.640000,30.220000,1829.060000
2919,Entry short,2026-05-04 16:00,2348.630000,1,-7.110000,-0.3018,13.640000,30.220000,1829.060000
2918,Exit long,2026-05-04 16:00,2348.630000,1,-3.700000,-0.1573,0.000000,17.910000,1836.170000
2918,Entry long,2026-05-04 15:45,2352.330000,1,-3.700000,-0.1573,0.000000,17.910000,1836.170000
2917,Exit short,2026-05-04 15:45,2352.330000,1,-16.850000,-0.7163,9.430000,46.520000,1839.870000
2917,Entry short,2026-05-04 14:00,2335.480000,1,-16.850000,-0.7163,9.430000,46.520000,1839.870000
2916,Exit long,2026-05-04 14:00,2335.480000,1,-39.750000,-1.6735,2.400000,62.180000,1856.720000
2916,Entry long,2026-05-04 06:00,2375.230000,1,-39.750000,-1.6735,2.400000,62.180000,1856.720000
2915,Exit long,2026-05-04 03:15,2383.830000,1,58.020000,2.4946,61.690000,0.390000,1896.470000
2915,Entry long,2026-05-04 01:45,2325.810000,1,58.020000,2.4946,61.690000,0.390000,1896.470000
2914,Exit short,2026-05-04 01:00,2318.020000,1,7.550000,0.3257,17.470000,2.750000,1838.450000
2914,Entry short,2026-05-03 23:30,2325.570000,1,7.550000,0.3257,17.470000,2.750000,1838.450000
2913,Exit long,2026-05-03 23:30,2325.570000,1,-4.330000,-0.1858,26.850000,16.790000,1830.900000
2913,Entry long,2026-05-03 18:45,2329.900000,1,-4.330000,-0.1858,26.850000,16.790000,1830.900000
2912,Exit long,2026-05-03 17:00,2327.260000,1,2.890000,0.1243,9.900000,3.130000,1835.230000
2912,Entry long,2026-05-03 16:15,2324.370000,1,2.890000,0.1243,9.900000,3.130000,1835.230000
2911,Exit long,2026-05-03 15:30,2330.440000,1,9.450000,0.4072,10.730000,0.990000,1832.340000
2911,Entry long,2026-05-03 14:00,2320.990000,1,9.450000,0.4072,10.730000,0.990000,1832.340000
2910,Exit long,2026-05-03 12:15,2328.560000,1,18.030000,0.7803,21.640000,1.280000,1822.890000
2910,Entry long,2026-05-03 11:00,2310.530000,1,18.030000,0.7803,21.640000,1.280000,1822.890000
2909,Exit short,2026-05-03 06:45,2300.540000,1,1.060000,0.0461,3.260000,1.680000,1804.860000
2909,Entry short,2026-05-03 05:30,2301.600000,1,1.060000,0.0461,3.260000,1.680000,1804.860000
2908,Exit long,2026-05-03 05:30,2301.600000,1,-11.160000,-0.4825,0.820000,16.750000,1803.800000
2908,Entry long,2026-05-03 00:45,2312.760000,1,-11.160000,-0.4825,0.820000,16.750000,1803.800000
2907,Exit long,2026-05-02 19:15,2310.830000,1,6.100000,0.2647,8.210000,2.410000,1814.960000
2907,Entry long,2026-05-02 14:45,2304.730000,1,6.100000,0.2647,8.210000,2.410000,1814.960000
2906,Exit long,2026-05-02 13:45,2307.940000,1,4.370000,0.1897,7.520000,4.530000,1808.860000
2906,Entry long,2026-05-02 10:30,2303.570000,1,4.370000,0.1897,7.520000,4.530000,1808.860000
2905,Exit long,2026-05-02 09:00,2302.190000,1,0.610000,0.0265,1.820000,0.040000,1804.490000
2905,Entry long,2026-05-02 08:30,2301.580000,1,0.610000,0.0265,1.820000,0.040000,1804.490000
2904,Exit short,2026-05-02 08:30,2301.580000,1,-5.220000,-0.2268,0.170000,8.990000,1803.880000
2904,Entry short,2026-05-02 06:30,2296.360000,1,-5.220000,-0.2268,0.170000,8.990000,1803.880000
2903,Exit long,2026-05-02 06:30,2296.360000,1,-2.490000,-0.1083,3.150000,2.890000,1809.100000
2903,Entry long,2026-05-02 05:45,2298.850000,1,-2.490000,-0.1083,3.150000,2.890000,1809.100000
2902,Exit short,2026-05-02 05:45,2298.850000,1,-4.210000,-0.1831,0.600000,13.450000,1811.590000
2902,Entry short,2026-05-02 02:30,2294.640000,1,-4.210000,-0.1831,0.600000,13.450000,1811.590000
2901,Exit long,2026-05-02 02:00,2297.510000,1,0.900000,0.0392,2.800000,2.260000,1815.800000
2901,Entry long,2026-05-02 00:45,2296.610000,1,0.900000,0.0392,2.800000,2.260000,1815.800000
2900,Exit short,2026-05-01 23:30,2288.050000,1,5.670000,0.2478,5.930000,0.180000,1814.900000
2900,Entry short,2026-05-01 22:45,2293.720000,1,5.670000,0.2478,5.930000,0.180000,1814.900000
2899,Exit long,2026-05-01 22:45,2293.720000,1,-13.080000,-0.5670,9.140000,28.800000,1809.230000
2899,Entry long,2026-05-01 15:00,2306.800000,1,-13.080000,-0.5670,9.140000,28.800000,1809.230000
2898,Exit long,2026-05-01 13:00,2300.060000,1,17.580000,0.7702,29.020000,3.940000,1822.310000
2898,Entry long,2026-05-01 10:30,2282.480000,1,17.580000,0.7702,29.020000,3.940000,1822.310000
2897,Exit long,2026-05-01 09:00,2285.690000,1,9.240000,0.4059,11.040000,4.450000,1804.730000
2897,Entry long,2026-05-01 07:15,2276.450000,1,9.240000,0.4059,11.040000,4.450000,1804.730000
2896,Exit long,2026-05-01 01:45,2264.690000,1,2.170000,0.0959,2.450000,2.080000,1795.490000
2896,Entry long,2026-05-01 01:15,2262.520000,1,2.170000,0.0959,2.450000,2.080000,1795.490000
2895,Exit long,2026-05-01 00:45,2262.410000,1,0.980000,0.0433,3.540000,1.680000,1793.320000
2895,Entry long,2026-05-01 00:15,2261.430000,1,0.980000,0.0433,3.540000,1.680000,1793.320000
2894,Exit short,2026-04-30 23:15,2255.020000,1,0.960000,0.0426,5.000000,0.250000,1792.340000
2894,Entry short,2026-04-30 22:45,2255.980000,1,0.960000,0.0426,5.000000,0.250000,1792.340000
2893,Exit short,2026-04-30 22:00,2255.100000,1,1.780000,0.0789,4.430000,9.470000,1791.380000
2893,Entry short,2026-04-30 18:00,2256.880000,1,1.780000,0.0789,4.430000,9.470000,1791.380000
2892,Exit long,2026-04-30 18:00,2256.880000,1,-5.600000,-0.2475,12.320000,17.520000,1789.600000
2892,Entry long,2026-04-30 14:00,2262.480000,1,-5.600000,-0.2475,12.320000,17.520000,1789.600000
2891,Exit short,2026-04-30 14:00,2262.480000,1,-4.550000,-0.2011,4.600000,13.430000,1795.200000
2891,Entry short,2026-04-30 13:30,2257.930000,1,-4.550000,-0.2011,4.600000,13.430000,1795.200000
2890,Exit long,2026-04-30 13:00,2264.110000,1,4.920000,0.2178,10.640000,0.300000,1799.750000
2890,Entry long,2026-04-30 12:15,2259.190000,1,4.920000,0.2178,10.640000,0.300000,1799.750000
2889,Exit short,2026-04-30 12:15,2259.190000,1,-17.410000,-0.7706,0.930000,31.220000,1794.830000
2889,Entry short,2026-04-30 06:00,2241.780000,1,-17.410000,-0.7706,0.930000,31.220000,1794.830000
2888,Exit short,2026-04-30 03:15,2245.630000,1,0.230000,0.0102,11.700000,32.060000,1812.240000
2888,Entry short,2026-04-29 21:15,2245.860000,1,0.230000,0.0102,11.700000,32.060000,1812.240000
2887,Exit long,2026-04-29 21:15,2245.860000,1,-86.510000,-3.7091,2.630000,113.540000,1812.010000
2887,Entry long,2026-04-29 11:00,2332.370000,1,-86.510000,-3.7091,2.630000,113.540000,1812.010000
2886,Exit long,2026-04-29 10:30,2344.740000,1,18.600000,0.7996,20.340000,6.470000,1898.520000
2886,Entry long,2026-04-29 07:45,2326.140000,1,18.600000,0.7996,20.340000,6.470000,1898.520000
2885,Exit long,2026-04-29 04:15,2308.610000,1,20.570000,0.8990,27.680000,1.360000,1879.920000
2885,Entry long,2026-04-29 03:00,2288.040000,1,20.570000,0.8990,27.680000,1.360000,1879.920000
2884,Exit short,2026-04-29 03:00,2288.040000,1,-2.380000,-0.1040,0.360000,2.550000,1859.350000
2884,Entry short,2026-04-29 02:45,2285.660000,1,-2.380000,-0.1040,0.360000,2.550000,1859.350000
2883,Exit long,2026-04-29 02:30,2288.490000,1,-3.120000,-0.1361,3.040000,3.300000,1861.730000
2883,Entry long,2026-04-29 02:00,2291.610000,1,-3.120000,-0.1361,3.040000,3.300000,1861.730000
2882,Exit short,2026-04-29 01:45,2285.960000,1,-2.590000,-0.1133,5.350000,2.960000,1864.850000
2882,Entry short,2026-04-29 01:15,2283.370000,1,-2.590000,-0.1133,5.350000,2.960000,1864.850000
2881,Exit long,2026-04-29 01:15,2283.370000,1,-8.240000,-0.3596,0.000000,10.810000,1867.440000
2881,Entry long,2026-04-29 01:00,2291.610000,1,-8.240000,-0.3596,0.000000,10.810000,1867.440000
2880,Exit short,2026-04-29 01:00,2291.610000,1,-5.780000,-0.2522,1.330000,7.770000,1875.680000
2880,Entry short,2026-04-29 00:30,2285.830000,1,-5.780000,-0.2522,1.330000,7.770000,1875.680000
2879,Exit long,2026-04-29 00:30,2285.830000,1,-3.250000,-0.1420,1.240000,6.320000,1881.460000
2879,Entry long,2026-04-28 22:15,2289.080000,1,-3.250000,-0.1420,1.240000,6.320000,1881.460000
2878,Exit short,2026-04-28 22:15,2289.080000,1,-16.810000,-0.7344,3.370000,32.660000,1884.710000
2878,Entry short,2026-04-28 15:30,2272.270000,1,-16.810000,-0.7344,3.370000,32.660000,1884.710000
2877,Exit short,2026-04-28 15:00,2272.450000,1,-0.920000,-0.0405,12.420000,0.970000,1901.520000
2877,Entry short,2026-04-28 14:15,2271.530000,1,-0.920000,-0.0405,12.420000,0.970000,1901.520000
2876,Exit short,2026-04-28 12:15,2276.690000,1,8.520000,0.3742,15.910000,5.110000,1902.440000
2876,Entry short,2026-04-28 08:15,2285.210000,1,8.520000,0.3742,15.910000,5.110000,1902.440000
2875,Exit short,2026-04-28 07:15,2272.920000,1,14.260000,0.6274,20.640000,8.590000,1893.920000
2875,Entry short,2026-04-28 04:45,2287.180000,1,14.260000,0.6274,20.640000,8.590000,1893.920000
2874,Exit short,2026-04-28 03:15,2283.660000,1,1.530000,0.0670,11.960000,24.540000,1879.660000
2874,Entry short,2026-04-27 18:00,2285.190000,1,1.530000,0.0670,11.960000,24.540000,1879.660000
2873,Exit short,2026-04-27 16:00,2273.520000,1,37.490000,1.6490,47.130000,17.710000,1878.130000
2873,Entry short,2026-04-27 14:00,2311.010000,1,37.490000,1.6490,47.130000,17.710000,1878.130000
2872,Exit short,2026-04-27 13:00,2312.870000,1,7.110000,0.3074,8.820000,1.810000,1840.640000
2872,Entry short,2026-04-27 10:15,2319.980000,1,7.110000,0.3074,8.820000,1.810000,1840.640000
2871,Exit long,2026-04-27 01:30,2381.640000,1,10.550000,0.4449,32.900000,1.620000,1833.530000
2871,Entry long,2026-04-27 00:45,2371.090000,1,10.550000,0.4449,32.900000,1.620000,1833.530000
2870,Exit long,2026-04-27 00:15,2365.520000,1,-3.520000,-0.1486,10.950000,17.230000,1822.980000
2870,Entry long,2026-04-26 22:15,2369.040000,1,-3.520000,-0.1486,10.950000,17.230000,1822.980000
2869,Exit long,2026-04-26 14:15,2334.370000,1,4.300000,0.1845,4.930000,8.100000,1826.500000
2869,Entry long,2026-04-26 12:30,2330.070000,1,4.300000,0.1845,4.930000,8.100000,1826.500000
2868,Exit long,2026-04-26 05:45,2327.990000,1,11.760000,0.5077,20.400000,0.100000,1822.200000
2868,Entry long,2026-04-26 05:00,2316.230000,1,11.760000,0.5077,20.400000,0.100000,1822.200000
2867,Exit short,2026-04-26 04:15,2309.690000,1,3.010000,0.1303,7.630000,4.810000,1810.440000
2867,Entry short,2026-04-26 02:00,2312.700000,1,3.010000,0.1303,7.630000,4.810000,1810.440000
2866,Exit long,2026-04-26 02:00,2312.700000,1,-1.170000,-0.0506,2.990000,1.870000,1807.430000
2866,Entry long,2026-04-26 01:15,2313.870000,1,-1.170000,-0.0506,2.990000,1.870000,1807.430000
2865,Exit short,2026-04-26 01:15,2313.870000,1,-3.690000,-0.1595,4.180000,9.410000,1808.600000
2865,Entry short,2026-04-25 17:45,2310.180000,1,-3.690000,-0.1595,4.180000,9.410000,1808.600000
2864,Exit short,2026-04-25 16:30,2307.530000,1,-0.890000,-0.0386,3.120000,2.890000,1812.290000
2864,Entry short,2026-04-25 16:00,2306.640000,1,-0.890000,-0.0386,3.120000,2.890000,1812.290000
2863,Exit long,2026-04-25 16:00,2306.640000,1,-10.090000,-0.4355,0.600000,17.750000,1813.180000
2863,Entry long,2026-04-25 15:30,2316.730000,1,-10.090000,-0.4355,0.600000,17.750000,1813.180000
2862,Exit short,2026-04-25 15:30,2316.730000,1,-1.380000,-0.0596,0.290000,1.650000,1823.270000
2862,Entry short,2026-04-25 15:15,2315.350000,1,-1.380000,-0.0596,0.290000,1.650000,1823.270000
2861,Exit short,2026-04-25 12:15,2314.470000,1,1.050000,0.0454,6.010000,6.700000,1824.650000
2861,Entry short,2026-04-25 04:45,2315.520000,1,1.050000,0.0454,6.010000,6.700000,1824.650000
2860,Exit long,2026-04-25 04:45,2315.520000,1,-1.480000,-0.0639,1.310000,2.000000,1823.600000
2860,Entry long,2026-04-25 03:45,2317.000000,1,-1.480000,-0.0639,1.310000,2.000000,1823.600000
2859,Exit short,2026-04-25 03:45,2317.000000,1,-1.900000,-0.0820,0.110000,2.030000,1825.080000
2859,Entry short,2026-04-25 03:30,2315.100000,1,-1.900000,-0.0820,0.110000,2.030000,1825.080000
2858,Exit long,2026-04-25 03:30,2315.100000,1,-2.140000,-0.0924,2.220000,2.920000,1826.980000
2858,Entry long,2026-04-25 02:30,2317.240000,1,-2.140000,-0.0924,2.220000,2.920000,1826.980000
2857,Exit short,2026-04-25 02:30,2317.240000,1,-3.370000,-0.1454,3.870000,6.130000,1829.120000
2857,Entry short,2026-04-25 00:00,2313.870000,1,-3.370000,-0.1454,3.870000,6.130000,1829.120000
2856,Exit short,2026-04-24 22:00,2313.690000,1,2.260000,0.0977,6.950000,0.950000,1832.490000
2856,Entry short,2026-04-24 21:30,2315.950000,1,2.260000,0.0977,6.950000,0.950000,1832.490000
2855,Exit long,2026-04-24 21:30,2315.950000,1,-7.250000,-0.3121,3.910000,9.670000,1830.230000
2855,Entry long,2026-04-24 20:45,2323.200000,1,-7.250000,-0.3121,3.910000,9.670000,1830.230000
2854,Exit short,2026-04-24 20:45,2323.200000,1,-7.550000,-0.3250,0.010000,9.240000,1837.480000
2854,Entry short,2026-04-24 20:30,2315.650000,1,-7.550000,-0.3250,0.010000,9.240000,1837.480000
2853,Exit long,2026-04-24 19:30,2319.590000,1,2.440000,0.1053,6.850000,1.150000,1845.030000
2853,Entry long,2026-04-24 18:45,2317.150000,1,2.440000,0.1053,6.850000,1.150000,1845.030000
2852,Exit short,2026-04-24 18:45,2317.150000,1,-3.920000,-0.1692,5.230000,5.730000,1842.590000
2852,Entry short,2026-04-24 18:15,2313.230000,1,-3.920000,-0.1692,5.230000,5.730000,1842.590000
2851,Exit long,2026-04-24 18:15,2313.230000,1,-5.300000,-0.2286,1.800000,5.880000,1846.510000
2851,Entry long,2026-04-24 18:00,2318.530000,1,-5.300000,-0.2286,1.800000,5.880000,1846.510000
2850,Exit short,2026-04-24 18:00,2318.530000,1,-4.370000,-0.1885,6.890000,6.950000,1851.810000
2850,Entry short,2026-04-24 17:30,2314.160000,1,-4.370000,-0.1885,6.890000,6.950000,1851.810000
2849,Exit long,2026-04-24 17:30,2314.160000,1,-3.960000,-0.1708,0.160000,5.520000,1856.180000
2849,Entry long,2026-04-24 17:15,2318.120000,1,-3.960000,-0.1708,0.160000,5.520000,1856.180000
2848,Exit short,2026-04-24 17:15,2318.120000,1,-2.470000,-0.1066,7.320000,5.040000,1860.140000
2848,Entry short,2026-04-24 16:15,2315.650000,1,-2.470000,-0.1066,7.320000,5.040000,1860.140000
2847,Exit long,2026-04-24 16:15,2315.650000,1,-8.270000,-0.3559,4.870000,8.410000,1862.610000
2847,Entry long,2026-04-24 15:45,2323.920000,1,-8.270000,-0.3559,4.870000,8.410000,1862.610000
2846,Exit short,2026-04-24 14:30,2305.340000,1,8.770000,0.3804,12.450000,16.890000,1870.880000
2846,Entry short,2026-04-24 06:15,2314.110000,1,8.770000,0.3804,12.450000,16.890000,1870.880000
2845,Exit long,2026-04-24 06:15,2314.110000,1,-14.120000,-0.6065,1.330000,29.790000,1862.110000
2845,Entry long,2026-04-24 02:45,2328.230000,1,-14.120000,-0.6065,1.330000,29.790000,1862.110000
2844,Exit short,2026-04-24 02:45,2328.230000,1,-4.380000,-0.1881,0.000000,4.980000,1876.230000
2844,Entry short,2026-04-24 02:30,2323.850000,1,-4.380000,-0.1881,0.000000,4.980000,1876.230000
2843,Exit long,2026-04-24 02:30,2323.850000,1,-7.910000,-0.3392,2.600000,8.760000,1880.610000
2843,Entry long,2026-04-24 02:00,2331.760000,1,-7.910000,-0.3392,2.600000,8.760000,1880.610000
2842,Exit short,2026-04-24 01:45,2320.520000,1,3.960000,0.1707,7.200000,0.750000,1888.520000
2842,Entry short,2026-04-24 01:15,2324.480000,1,3.960000,0.1707,7.200000,0.750000,1888.520000
2841,Exit long,2026-04-24 01:00,2331.350000,1,1.650000,0.0708,6.760000,4.200000,1884.560000
2841,Entry long,2026-04-23 23:45,2329.700000,1,1.650000,0.0708,6.760000,4.200000,1884.560000
2840,Exit short,2026-04-23 23:45,2329.700000,1,-12.060000,-0.5177,1.140000,20.120000,1882.910000
2840,Entry short,2026-04-23 20:30,2317.640000,1,-12.060000,-0.5177,1.140000,20.120000,1882.910000
2839,Exit short,2026-04-23 18:00,2308.870000,1,20.410000,0.8840,45.970000,14.080000,1894.970000
2839,Entry short,2026-04-23 12:30,2329.280000,1,20.410000,0.8840,45.970000,14.080000,1894.970000
2838,Exit short,2026-04-23 08:30,2337.760000,1,7.650000,0.3272,9.410000,12.310000,1874.560000
2838,Entry short,2026-04-23 05:30,2345.410000,1,7.650000,0.3272,9.410000,12.310000,1874.560000
2837,Exit short,2026-04-23 00:15,2359.500000,1,25.730000,1.0905,26.730000,0.010000,1866.910000
2837,Entry short,2026-04-22 23:30,2385.230000,1,25.730000,1.0905,26.730000,0.010000,1866.910000
2836,Exit long,2026-04-22 22:15,2401.590000,1,-0.440000,-0.0183,10.850000,18.740000,1841.180000
2836,Entry long,2026-04-22 15:00,2402.030000,1,-0.440000,-0.0183,10.850000,18.740000,1841.180000
2835,Exit long,2026-04-22 12:30,2397.120000,1,7.940000,0.3323,15.900000,3.680000,1841.620000
2835,Entry long,2026-04-22 10:15,2389.180000,1,7.940000,0.3323,15.900000,3.680000,1841.620000
2834,Exit long,2026-04-22 09:45,2391.070000,1,0.150000,0.0063,2.360000,2.810000,1833.680000
2834,Entry long,2026-04-22 09:15,2390.920000,1,0.150000,0.0063,2.360000,2.810000,1833.680000
2833,Exit long,2026-04-22 03:30,2364.080000,1,42.660000,1.8377,57.770000,2.490000,1833.530000
2833,Entry long,2026-04-22 02:00,2321.420000,1,42.660000,1.8377,57.770000,2.490000,1833.530000
2832,Exit short,2026-04-22 02:00,2321.420000,1,-8.800000,-0.3791,1.210000,12.380000,1790.870000
2832,Entry short,2026-04-22 01:30,2312.620000,1,-8.800000,-0.3791,1.210000,12.380000,1790.870000
2831,Exit long,2026-04-21 23:45,2322.600000,1,5.650000,0.2439,8.320000,3.150000,1799.670000
2831,Entry long,2026-04-21 23:15,2316.950000,1,5.650000,0.2439,8.320000,3.150000,1799.670000
2830,Exit short,2026-04-21 23:15,2316.950000,1,-8.190000,-0.3535,9.230000,11.990000,1794.020000
2830,Entry short,2026-04-21 21:45,2308.760000,1,-8.190000,-0.3535,9.230000,11.990000,1794.020000
2829,Exit long,2026-04-21 21:45,2308.760000,1,-2.930000,-0.1267,2.490000,2.930000,1802.210000
2829,Entry long,2026-04-21 21:30,2311.690000,1,-2.930000,-0.1267,2.490000,2.930000,1802.210000
2828,Exit long,2026-04-21 20:45,2315.080000,1,-2.600000,-0.1122,7.310000,3.370000,1805.140000
2828,Entry long,2026-04-21 20:15,2317.680000,1,-2.600000,-0.1122,7.310000,3.370000,1805.140000
2827,Exit short,2026-04-21 20:15,2317.680000,1,-12.550000,-0.5415,19.550000,24.870000,1807.740000
2827,Entry short,2026-04-21 18:00,2305.130000,1,-12.550000,-0.5415,19.550000,24.870000,1807.740000
2826,Exit long,2026-04-21 18:00,2305.130000,1,-8.330000,-0.3601,1.370000,11.730000,1820.290000
2826,Entry long,2026-04-21 17:45,2313.460000,1,-8.330000,-0.3601,1.370000,11.730000,1820.290000
2825,Exit short,2026-04-21 17:45,2313.460000,1,-2.510000,-0.1085,30.130000,12.880000,1828.620000
2825,Entry short,2026-04-21 16:30,2310.950000,1,-2.510000,-0.1085,30.130000,12.880000,1828.620000
2824,Exit long,2026-04-21 16:30,2310.950000,1,-3.100000,-0.1340,2.220000,6.050000,1831.130000
2824,Entry long,2026-04-21 16:15,2314.050000,1,-3.100000,-0.1340,2.220000,6.050000,1831.130000
2823,Exit short,2026-04-21 16:15,2314.050000,1,-16.130000,-0.6970,9.130000,18.350000,1834.230000
2823,Entry short,2026-04-21 15:00,2297.920000,1,-16.130000,-0.6970,9.130000,18.350000,1834.230000
2822,Exit long,2026-04-21 15:00,2297.920000,1,-22.890000,-0.9863,0.710000,27.500000,1850.360000
2822,Entry long,2026-04-21 14:45,2320.810000,1,-22.890000,-0.9863,0.710000,27.500000,1850.360000
2821,Exit short,2026-04-21 14:45,2320.810000,1,-9.160000,-0.3947,8.860000,14.890000,1873.250000
2821,Entry short,2026-04-21 14:00,2311.650000,1,-9.160000,-0.3947,8.860000,14.890000,1873.250000
2820,Exit long,2026-04-21 14:00,2311.650000,1,-13.540000,-0.5823,1.600000,32.650000,1882.410000
2820,Entry long,2026-04-21 11:30,2325.190000,1,-13.540000,-0.5823,1.600000,32.650000,1882.410000
2819,Exit short,2026-04-21 11:30,2325.190000,1,-8.450000,-0.3634,1.600000,12.060000,1895.950000
2819,Entry short,2026-04-21 11:15,2316.740000,1,-8.450000,-0.3634,1.600000,12.060000,1895.950000
2818,Exit long,2026-04-21 10:30,2326.690000,1,8.020000,0.3459,19.320000,8.500000,1904.400000
2818,Entry long,2026-04-21 06:45,2318.670000,1,8.020000,0.3459,19.320000,8.500000,1904.400000
2817,Exit short,2026-04-21 06:45,2318.670000,1,-9.180000,-0.3959,3.080000,17.620000,1896.380000
2817,Entry short,2026-04-21 06:15,2309.490000,1,-9.180000,-0.3959,3.080000,17.620000,1896.380000
2816,Exit long,2026-04-21 05:30,2316.510000,1,3.420000,0.1479,6.610000,0.240000,1905.560000
2816,Entry long,2026-04-21 05:00,2313.090000,1,3.420000,0.1479,6.610000,0.240000,1905.560000
2815,Exit short,2026-04-21 05:00,2313.090000,1,-6.080000,-0.2629,3.320000,7.990000,1902.140000
2815,Entry short,2026-04-21 04:30,2307.010000,1,-6.080000,-0.2629,3.320000,7.990000,1902.140000
2814,Exit short,2026-04-21 02:45,2307.110000,1,6.670000,0.2891,9.310000,0.600000,1908.220000
2814,Entry short,2026-04-21 02:00,2313.780000,1,6.670000,0.2891,9.310000,0.600000,1908.220000
2813,Exit long,2026-04-21 02:00,2313.780000,1,-2.410000,-0.1041,11.250000,10.180000,1901.550000
2813,Entry long,2026-04-20 21:45,2316.190000,1,-2.410000,-0.1041,11.250000,10.180000,1901.550000
2812,Exit long,2026-04-20 18:45,2334.100000,1,17.500000,0.7554,25.230000,20.090000,1903.960000
2812,Entry long,2026-04-20 15:30,2316.600000,1,17.500000,0.7554,25.230000,20.090000,1903.960000
2811,Exit short,2026-04-20 15:30,2316.600000,1,-27.040000,-1.1672,12.850000,28.780000,1886.460000
2811,Entry short,2026-04-20 15:00,2289.560000,1,-27.040000,-1.1672,12.850000,28.780000,1886.460000
2810,Exit long,2026-04-20 15:00,2289.560000,1,-20.010000,-0.8664,4.030000,28.290000,1913.500000
2810,Entry long,2026-04-20 14:30,2309.570000,1,-20.010000,-0.8664,4.030000,28.290000,1913.500000
2809,Exit short,2026-04-20 14:30,2309.570000,1,-10.640000,-0.4607,2.060000,22.070000,1933.510000
2809,Entry short,2026-04-20 14:15,2298.930000,1,-10.640000,-0.4607,2.060000,22.070000,1933.510000
2808,Exit long,2026-04-20 14:15,2298.930000,1,-6.080000,-0.2638,20.990000,9.980000,1944.150000
2808,Entry long,2026-04-20 11:30,2305.010000,1,-6.080000,-0.2638,20.990000,9.980000,1944.150000
2807,Exit long,2026-04-20 09:45,2309.770000,1,7.570000,0.3288,10.680000,1.260000,1950.230000
2807,Entry long,2026-04-20 09:15,2302.200000,1,7.570000,0.3288,10.680000,1.260000,1950.230000
2806,Exit long,2026-04-20 07:30,2313.740000,1,30.080000,1.3172,48.220000,4.210000,1942.660000
2806,Entry long,2026-04-20 06:45,2283.660000,1,30.080000,1.3172,48.220000,4.210000,1942.660000
2805,Exit short,2026-04-20 06:45,2283.660000,1,-10.130000,-0.4436,0.000000,14.830000,1912.580000
2805,Entry short,2026-04-20 06:30,2273.530000,1,-10.130000,-0.4436,0.000000,14.830000,1912.580000
2804,Exit short,2026-04-20 06:00,2269.010000,1,10.400000,0.4583,17.350000,13.500000,1922.710000
2804,Entry short,2026-04-20 01:30,2279.410000,1,10.400000,0.4583,17.350000,13.500000,1922.710000
2803,Exit short,2026-04-19 16:15,2324.110000,1,-0.550000,-0.0237,1.300000,7.080000,1912.310000
2803,Entry short,2026-04-19 15:45,2323.560000,1,-0.550000,-0.0237,1.300000,7.080000,1912.310000
2802,Exit long,2026-04-19 15:45,2323.560000,1,-13.630000,-0.5832,4.470000,23.800000,1912.860000
2802,Entry long,2026-04-19 14:30,2337.190000,1,-13.630000,-0.5832,4.470000,23.800000,1912.860000
2801,Exit short,2026-04-19 14:30,2337.190000,1,-11.030000,-0.4719,3.720000,22.760000,1926.490000
2801,Entry short,2026-04-19 11:45,2326.160000,1,-11.030000,-0.4719,3.720000,22.760000,1926.490000
2800,Exit short,2026-04-19 05:15,2330.890000,1,9.520000,0.4084,20.910000,0.210000,1937.520000
2800,Entry short,2026-04-19 04:30,2340.410000,1,9.520000,0.4084,20.910000,0.210000,1937.520000
2799,Exit short,2026-04-19 03:30,2342.060000,1,1.220000,0.0521,13.130000,2.110000,1928.000000
2799,Entry short,2026-04-19 02:45,2343.280000,1,1.220000,0.0521,13.130000,2.110000,1928.000000
2798,Exit short,2026-04-19 01:00,2347.590000,1,3.630000,0.1546,8.220000,7.350000,1926.780000
2798,Entry short,2026-04-18 21:30,2351.220000,1,3.630000,0.1546,8.220000,7.350000,1926.780000
2797,Exit short,2026-04-18 19:15,2352.370000,1,10.520000,0.4472,25.890000,11.260000,1923.150000
2797,Entry short,2026-04-18 15:30,2362.890000,1,10.520000,0.4472,25.890000,11.260000,1923.150000
2796,Exit short,2026-04-18 08:15,2397.360000,1,10.320000,0.4305,10.680000,0.180000,1912.630000
2796,Entry short,2026-04-18 07:15,2407.680000,1,10.320000,0.4305,10.680000,0.180000,1912.630000
2795,Exit long,2026-04-18 07:15,2407.680000,1,-26.460000,-1.0870,9.330000,37.140000,1902.310000
2795,Entry long,2026-04-17 17:45,2434.140000,1,-26.460000,-1.0870,9.330000,37.140000,1902.310000
2794,Exit long,2026-04-17 12:00,2353.640000,1,11.110000,0.4743,13.160000,0.770000,1928.770000
2794,Entry long,2026-04-17 11:00,2342.530000,1,11.110000,0.4743,13.160000,0.770000,1928.770000
2793,Exit short,2026-04-17 02:00,2334.000000,1,-1.680000,-0.0720,6.320000,5.670000,1917.660000
2793,Entry short,2026-04-17 01:30,2332.320000,1,-1.680000,-0.0720,6.320000,5.670000,1917.660000
2792,Exit long,2026-04-17 01:30,2332.320000,1,-12.010000,-0.5123,3.670000,19.030000,1919.340000
2792,Entry long,2026-04-17 00:45,2344.330000,1,-12.010000,-0.5123,3.670000,19.030000,1919.340000
2791,Exit long,2026-04-17 00:00,2346.930000,1,-1.830000,-0.0779,6.530000,15.310000,1931.350000
2791,Entry long,2026-04-16 21:00,2348.760000,1,-1.830000,-0.0779,6.530000,15.310000,1931.350000
2790,Exit long,2026-04-16 19:30,2344.210000,1,12.070000,0.5176,14.650000,0.010000,1933.180000
2790,Entry long,2026-04-16 18:45,2332.140000,1,12.070000,0.5176,14.650000,0.010000,1933.180000
2789,Exit short,2026-04-16 18:45,2332.140000,1,-14.140000,-0.6063,10.060000,30.730000,1921.110000
2789,Entry short,2026-04-16 15:30,2318.000000,1,-14.140000,-0.6063,10.060000,30.730000,1921.110000
2788,Exit short,2026-04-16 14:30,2293.940000,1,45.700000,1.9922,56.940000,12.360000,1935.250000
2788,Entry short,2026-04-16 12:30,2339.640000,1,45.700000,1.9922,56.940000,12.360000,1935.250000
2787,Exit short,2026-04-16 10:15,2329.300000,1,9.130000,0.3920,11.090000,1.270000,1889.550000
2787,Entry short,2026-04-16 09:45,2338.430000,1,9.130000,0.3920,11.090000,1.270000,1889.550000
2786,Exit long,2026-04-16 09:45,2338.430000,1,-17.730000,-0.7525,4.440000,22.870000,1880.420000
2786,Entry long,2026-04-16 05:30,2356.160000,1,-17.730000,-0.7525,4.440000,22.870000,1880.420000
2785,Exit short,2026-04-16 05:30,2356.160000,1,-3.440000,-0.1460,4.020000,5.540000,1898.150000
2785,Entry short,2026-04-16 05:00,2352.720000,1,-3.440000,-0.1460,4.020000,5.540000,1898.150000
2784,Exit long,2026-04-16 05:00,2352.720000,1,-0.920000,-0.0391,14.810000,7.050000,1901.590000
2784,Entry long,2026-04-16 01:45,2353.640000,1,-0.920000,-0.0391,14.810000,7.050000,1901.590000
2783,Exit short,2026-04-16 01:45,2353.640000,1,-4.340000,-0.1844,2.660000,6.270000,1902.510000
2783,Entry short,2026-04-16 01:15,2349.300000,1,-4.340000,-0.1844,2.660000,6.270000,1902.510000
2782,Exit long,2026-04-16 01:15,2349.300000,1,-3.020000,-0.1284,10.560000,9.050000,1906.850000
2782,Entry long,2026-04-15 23:45,2352.320000,1,-3.020000,-0.1284,10.560000,9.050000,1906.850000
2781,Exit long,2026-04-15 22:45,2368.130000,1,11.430000,0.4850,23.200000,9.520000,1909.870000
2781,Entry long,2026-04-15 20:45,2356.700000,1,11.430000,0.4850,23.200000,9.520000,1909.870000
2780,Exit long,2026-04-15 18:45,2352.800000,1,5.230000,0.2228,8.070000,2.700000,1898.440000
2780,Entry long,2026-04-15 18:00,2347.570000,1,5.230000,0.2228,8.070000,2.700000,1898.440000
2779,Exit long,2026-04-15 17:30,2351.060000,1,18.890000,0.8100,26.670000,12.940000,1893.210000
2779,Entry long,2026-04-15 14:15,2332.170000,1,18.890000,0.8100,26.670000,12.940000,1893.210000
2778,Exit short,2026-04-15 14:15,2332.170000,1,-6.450000,-0.2766,4.980000,6.920000,1874.320000
2778,Entry short,2026-04-15 14:00,2325.720000,1,-6.450000,-0.2766,4.980000,6.920000,1874.320000
2777,Exit long,2026-04-15 11:45,2328.000000,1,2.630000,0.1131,2.640000,3.200000,1880.770000
2777,Entry long,2026-04-15 11:15,2325.370000,1,2.630000,0.1131,2.640000,3.200000,1880.770000
2776,Exit short,2026-04-15 11:15,2325.370000,1,-2.440000,-0.1049,12.000000,8.920000,1878.140000
2776,Entry short,2026-04-15 09:15,2322.930000,1,-2.440000,-0.1049,12.000000,8.920000,1878.140000
2775,Exit short,2026-04-15 06:15,2316.660000,1,12.160000,0.5249,16.030000,8.370000,1880.580000
2775,Entry short,2026-04-15 04:30,2328.820000,1,12.160000,0.5249,16.030000,8.370000,1880.580000
2774,Exit short,2026-04-15 03:00,2323.710000,1,8.250000,0.3550,15.530000,9.570000,1868.420000
2774,Entry short,2026-04-15 00:45,2331.960000,1,8.250000,0.3550,15.530000,9.570000,1868.420000
2773,Exit long,2026-04-15 00:45,2331.960000,1,-4.990000,-0.2135,3.370000,7.590000,1860.170000
2773,Entry long,2026-04-15 00:15,2336.950000,1,-4.990000,-0.2135,3.370000,7.590000,1860.170000
2772,Exit short,2026-04-15 00:15,2336.950000,1,-16.710000,-0.7150,10.040000,21.830000,1865.160000
2772,Entry short,2026-04-14 21:30,2320.240000,1,-16.710000,-0.7150,10.040000,21.830000,1865.160000
2771,Exit long,2026-04-14 21:30,2320.240000,1,-63.900000,-2.6802,32.260000,82.540000,1881.870000
2771,Entry long,2026-04-14 10:15,2384.140000,1,-63.900000,-2.6802,32.260000,82.540000,1881.870000
2770,Exit long,2026-04-14 07:45,2370.400000,1,2.860000,0.1208,21.460000,13.670000,1945.770000
2770,Entry long,2026-04-14 03:45,2367.540000,1,2.860000,0.1208,21.460000,13.670000,1945.770000
2769,Exit long,2026-04-13 19:15,2227.020000,1,-2.920000,-0.1309,5.610000,3.250000,1942.910000
2769,Entry long,2026-04-13 18:45,2229.940000,1,-2.920000,-0.1309,5.610000,3.250000,1942.910000
2768,Exit long,2026-04-13 17:00,2224.740000,1,16.660000,0.7545,25.910000,9.510000,1945.830000
2768,Entry long,2026-04-13 16:00,2208.080000,1,16.660000,0.7545,25.910000,9.510000,1945.830000
2767,Exit short,2026-04-13 16:00,2208.080000,1,-21.050000,-0.9533,5.480000,48.380000,1929.170000
2767,Entry short,2026-04-13 13:45,2187.030000,1,-21.050000,-0.9533,5.480000,48.380000,1929.170000
2766,Exit long,2026-04-13 13:45,2187.030000,1,-4.450000,-0.2031,10.410000,11.480000,1950.220000
2766,Entry long,2026-04-13 13:00,2191.480000,1,-4.450000,-0.2031,10.410000,11.480000,1950.220000
2765,Exit short,2026-04-13 13:00,2191.480000,1,-2.260000,-0.1031,14.740000,8.780000,1954.670000
2765,Entry short,2026-04-13 09:30,2189.220000,1,-2.260000,-0.1031,14.740000,8.780000,1954.670000
2764,Exit short,2026-04-13 08:00,2185.500000,1,6.410000,0.2933,10.010000,0.000000,1956.930000
2764,Entry short,2026-04-13 07:15,2191.910000,1,6.410000,0.2933,10.010000,0.000000,1956.930000
2763,Exit short,2026-04-13 05:45,2184.180000,1,5.030000,0.2303,8.190000,0.720000,1950.520000
2763,Entry short,2026-04-13 05:00,2189.210000,1,5.030000,0.2303,8.190000,0.720000,1950.520000
2762,Exit long,2026-04-13 05:00,2189.210000,1,-11.330000,-0.5149,2.240000,14.270000,1945.490000
2762,Entry long,2026-04-13 02:30,2200.540000,1,-11.330000,-0.5149,2.240000,14.270000,1945.490000
2761,Exit short,2026-04-13 02:30,2200.540000,1,-3.050000,-0.1386,6.110000,10.410000,1956.820000
2761,Entry short,2026-04-13 00:45,2197.490000,1,-3.050000,-0.1386,6.110000,10.410000,1956.820000
2760,Exit short,2026-04-13 00:00,2190.610000,1,7.740000,0.3533,13.400000,0.010000,1959.870000
2760,Entry short,2026-04-12 23:00,2198.350000,1,7.740000,0.3533,13.400000,0.010000,1959.870000
2759,Exit long,2026-04-12 21:15,2206.730000,1,-4.780000,-0.2161,5.200000,7.070000,1952.130000
2759,Entry long,2026-04-12 20:45,2211.510000,1,-4.780000,-0.2161,5.200000,7.070000,1952.130000
2758,Exit short,2026-04-12 20:45,2211.510000,1,-12.140000,-0.5489,7.290000,18.330000,1956.910000
2758,Entry short,2026-04-12 18:30,2199.370000,1,-12.140000,-0.5489,7.290000,18.330000,1956.910000
2757,Exit short,2026-04-12 11:00,2200.470000,1,13.060000,0.5935,21.110000,0.070000,1969.050000
2757,Entry short,2026-04-12 10:30,2213.530000,1,13.060000,0.5935,21.110000,0.070000,1969.050000
2756,Exit short,2026-04-12 09:30,2213.170000,1,5.190000,0.2345,8.260000,1.080000,1955.990000
2756,Entry short,2026-04-12 06:30,2218.360000,1,5.190000,0.2345,8.260000,1.080000,1955.990000
2755,Exit long,2026-04-12 06:30,2218.360000,1,-79.100000,-3.4429,9.810000,91.940000,1950.800000
2755,Entry long,2026-04-11 21:00,2297.460000,1,-79.100000,-3.4429,9.810000,91.940000,1950.800000
2754,Exit long,2026-04-11 16:00,2248.390000,1,9.560000,0.4270,17.020000,1.840000,2029.900000
2754,Entry long,2026-04-11 13:45,2238.830000,1,9.560000,0.4270,17.020000,1.840000,2029.900000
2753,Exit short,2026-04-11 13:45,2238.830000,1,-2.340000,-0.1045,0.950000,3.960000,2020.340000
2753,Entry short,2026-04-11 13:30,2236.490000,1,-2.340000,-0.1045,0.950000,3.960000,2020.340000
2752,Exit long,2026-04-11 13:30,2236.490000,1,-8.100000,-0.3609,1.410000,12.390000,2022.680000
2752,Entry long,2026-04-11 09:30,2244.590000,1,-8.100000,-0.3609,1.410000,12.390000,2022.680000
2751,Exit short,2026-04-11 09:30,2244.590000,1,-11.570000,-0.5155,3.310000,15.260000,2030.780000
2751,Entry short,2026-04-11 07:15,2233.020000,1,-11.570000,-0.5155,3.310000,15.260000,2030.780000
2750,Exit long,2026-04-11 07:15,2233.020000,1,-6.150000,-0.2747,1.450000,12.140000,2042.350000
2750,Entry long,2026-04-11 04:45,2239.170000,1,-6.150000,-0.2747,1.450000,12.140000,2042.350000
2749,Exit short,2026-04-11 04:45,2239.170000,1,-3.230000,-0.1442,2.020000,5.740000,2048.500000
2749,Entry short,2026-04-11 04:00,2235.940000,1,-3.230000,-0.1442,2.020000,5.740000,2048.500000
2748,Exit long,2026-04-11 03:00,2247.000000,1,-7.030000,-0.3119,0.520000,20.700000,2051.730000
2748,Entry long,2026-04-10 21:00,2254.030000,1,-7.030000,-0.3119,0.520000,20.700000,2051.730000
2747,Exit long,2026-04-10 17:30,2243.220000,1,13.090000,0.5870,16.150000,0.960000,2058.760000
2747,Entry long,2026-04-10 16:15,2230.130000,1,13.090000,0.5870,16.150000,0.960000,2058.760000
2746,Exit long,2026-04-10 14:45,2238.170000,1,16.530000,0.7440,31.350000,2.950000,2045.670000
2746,Entry long,2026-04-10 14:00,2221.640000,1,16.530000,0.7440,31.350000,2.950000,2045.670000
2745,Exit short,2026-04-10 14:00,2221.640000,1,-36.960000,-1.6636,0.000000,43.170000,2029.140000
2745,Entry short,2026-04-10 09:00,2184.680000,1,-36.960000,-1.6636,0.000000,43.170000,2029.140000
2744,Exit short,2026-04-10 07:30,2186.160000,1,3.200000,0.1464,6.510000,13.310000,2066.100000
2744,Entry short,2026-04-10 04:45,2189.360000,1,3.200000,0.1464,6.510000,13.310000,2066.100000
2743,Exit short,2026-04-10 04:00,2185.160000,1,8.330000,0.3812,12.070000,4.290000,2062.900000
2743,Entry short,2026-04-10 02:00,2193.490000,1,8.330000,0.3812,12.070000,4.290000,2062.900000
2742,Exit short,2026-04-10 00:00,2188.920000,1,7.650000,0.3495,14.870000,3.720000,2054.570000
2742,Entry short,2026-04-09 23:00,2196.570000,1,7.650000,0.3495,14.870000,3.720000,2054.570000
2741,Exit long,2026-04-09 23:00,2196.570000,1,-12.160000,-0.5505,37.420000,12.470000,2046.920000
2741,Entry long,2026-04-09 21:30,2208.730000,1,-12.160000,-0.5505,37.420000,12.470000,2046.920000
2740,Exit long,2026-04-09 20:15,2218.370000,1,14.130000,0.6410,19.760000,4.740000,2059.080000
2740,Entry long,2026-04-09 18:45,2204.240000,1,14.130000,0.6410,19.760000,4.740000,2059.080000
2739,Exit short,2026-04-09 12:00,2179.020000,1,0.650000,0.0298,5.380000,16.860000,2044.950000
2739,Entry short,2026-04-09 03:15,2179.670000,1,0.650000,0.0298,5.380000,16.860000,2044.950000
2738,Exit short,2026-04-08 23:00,2188.700000,1,17.390000,0.7945,22.540000,15.550000,2044.300000
2738,Entry short,2026-04-08 20:45,2206.090000,1,17.390000,0.7945,22.540000,15.550000,2044.300000
2737,Exit short,2026-04-08 19:30,2198.630000,1,27.750000,1.2621,29.580000,1.360000,2026.910000
2737,Entry short,2026-04-08 18:15,2226.380000,1,27.750000,1.2621,29.580000,1.360000,2026.910000
2736,Exit long,2026-04-08 18:15,2226.380000,1,-6.480000,-0.2902,1.210000,9.240000,1999.160000
2736,Entry long,2026-04-08 17:45,2232.860000,1,-6.480000,-0.2902,1.210000,9.240000,1999.160000
2735,Exit short,2026-04-08 17:45,2232.860000,1,-14.540000,-0.6512,0.000000,20.340000,2005.640000
2735,Entry short,2026-04-08 17:30,2218.320000,1,-14.540000,-0.6512,0.000000,20.340000,2005.640000
2734,Exit long,2026-04-08 17:30,2218.320000,1,-30.320000,-1.3484,21.010000,62.610000,2020.180000
2734,Entry long,2026-04-08 10:00,2248.640000,1,-30.320000,-1.3484,21.010000,62.610000,2020.180000
2733,Exit long,2026-04-08 07:00,2244.700000,1,-4.960000,-0.2205,0.290000,5.830000,2050.500000
2733,Entry long,2026-04-08 06:30,2249.660000,1,-4.960000,-0.2205,0.290000,5.830000,2050.500000
2732,Exit long,2026-04-07 20:30,2114.860000,1,19.240000,0.9181,29.180000,6.120000,2055.460000
2732,Entry long,2026-04-07 19:30,2095.620000,1,19.240000,0.9181,29.180000,6.120000,2055.460000
2731,Exit short,2026-04-07 19:30,2095.620000,1,-12.000000,-0.5726,5.020000,32.190000,2036.220000
2731,Entry short,2026-04-07 16:30,2083.620000,1,-12.000000,-0.5726,5.020000,32.190000,2036.220000
2730,Exit short,2026-04-07 11:30,2090.920000,1,14.720000,0.7040,25.070000,2.050000,2048.220000
2730,Entry short,2026-04-07 10:30,2105.640000,1,14.720000,0.7040,25.070000,2.050000,2048.220000
2729,Exit short,2026-04-07 06:00,2104.450000,1,3.540000,0.1682,5.830000,10.260000,2033.500000
2729,Entry short,2026-04-07 03:45,2107.990000,1,3.540000,0.1682,5.830000,10.260000,2033.500000
2728,Exit short,2026-04-07 02:30,2105.040000,1,8.440000,0.4009,21.550000,6.300000,2029.960000
2728,Entry short,2026-04-07 00:30,2113.480000,1,8.440000,0.4009,21.550000,6.300000,2029.960000
2727,Exit short,2026-04-06 22:30,2133.890000,1,4.080000,0.1912,8.550000,2.770000,2021.520000
2727,Entry short,2026-04-06 21:45,2137.970000,1,4.080000,0.1912,8.550000,2.770000,2021.520000
2726,Exit long,2026-04-06 21:45,2137.970000,1,-6.200000,-0.2892,0.520000,6.450000,2017.440000
2726,Entry long,2026-04-06 21:30,2144.170000,1,-6.200000,-0.2892,0.520000,6.450000,2017.440000
2725,Exit long,2026-04-06 21:00,2147.580000,1,5.010000,0.2338,11.850000,4.560000,2023.640000
2725,Entry long,2026-04-06 19:30,2142.570000,1,5.010000,0.2338,11.850000,4.560000,2023.640000
2724,Exit short,2026-04-06 19:30,2142.570000,1,-3.970000,-0.1853,0.400000,5.700000,2018.630000
2724,Entry short,2026-04-06 19:15,2138.600000,1,-3.970000,-0.1853,0.400000,5.700000,2018.630000
2723,Exit long,2026-04-06 19:15,2138.600000,1,-2.440000,-0.1140,6.480000,6.700000,2022.600000
2723,Entry long,2026-04-06 18:15,2141.040000,1,-2.440000,-0.1140,6.480000,6.700000,2022.600000
2722,Exit long,2026-04-06 16:15,2165.410000,1,22.210000,1.0363,25.910000,6.780000,2025.040000
2722,Entry long,2026-04-06 13:15,2143.200000,1,22.210000,1.0363,25.910000,6.780000,2025.040000
2721,Exit long,2026-04-06 08:00,2134.050000,1,11.570000,0.5451,18.020000,0.720000,2002.830000
2721,Entry long,2026-04-06 06:45,2122.480000,1,11.570000,0.5451,18.020000,0.720000,2002.830000
2720,Exit long,2026-04-06 05:15,2130.030000,1,-1.790000,-0.0840,1.390000,3.010000,1991.260000
2720,Entry long,2026-04-06 04:45,2131.820000,1,-1.790000,-0.0840,1.390000,3.010000,1991.260000
2719,Exit long,2026-04-06 00:00,2109.360000,1,50.210000,2.4384,64.080000,10.490000,1993.050000
2719,Entry long,2026-04-05 22:00,2059.150000,1,50.210000,2.4384,64.080000,10.490000,1993.050000
2718,Exit long,2026-04-05 16:00,2053.120000,1,-6.850000,-0.3325,9.280000,7.960000,1942.840000
2718,Entry long,2026-04-05 15:30,2059.970000,1,-6.850000,-0.3325,9.280000,7.960000,1942.840000
2717,Exit short,2026-04-05 15:30,2059.970000,1,-21.070000,-1.0228,5.830000,24.100000,1949.690000
2717,Entry short,2026-04-05 14:30,2038.900000,1,-21.070000,-1.0228,5.830000,24.100000,1949.690000
2716,Exit short,2026-04-05 12:45,2023.590000,1,19.640000,0.9706,22.620000,8.600000,1970.760000
2716,Entry short,2026-04-05 10:00,2043.230000,1,19.640000,0.9706,22.620000,8.600000,1970.760000
2715,Exit short,2026-04-05 04:30,2057.010000,1,0.270000,0.0131,4.270000,0.000000,1951.120000
2715,Entry short,2026-04-05 03:30,2057.280000,1,0.270000,0.0131,4.270000,0.000000,1951.120000
2714,Exit long,2026-04-05 03:30,2057.280000,1,-7.150000,-0.3463,0.170000,11.780000,1950.850000
2714,Entry long,2026-04-05 00:00,2064.430000,1,-7.150000,-0.3463,0.170000,11.780000,1950.850000
2713,Exit long,2026-04-04 21:30,2066.520000,1,3.690000,0.1789,4.570000,1.930000,1958.000000
2713,Entry long,2026-04-04 20:30,2062.830000,1,3.690000,0.1789,4.570000,1.930000,1958.000000
2712,Exit long,2026-04-04 19:45,2064.000000,1,11.870000,0.5784,31.230000,0.740000,1954.310000
2712,Entry long,2026-04-04 15:00,2052.130000,1,11.870000,0.5784,31.230000,0.740000,1954.310000
2711,Exit short,2026-04-04 15:00,2052.130000,1,-3.760000,-0.1832,0.210000,4.310000,1942.440000
2711,Entry short,2026-04-04 14:45,2048.370000,1,-3.760000,-0.1832,0.210000,4.310000,1942.440000
2710,Exit long,2026-04-04 14:30,2050.900000,1,-1.410000,-0.0687,1.310000,1.420000,1946.200000
2710,Entry long,2026-04-04 14:00,2052.310000,1,-1.410000,-0.0687,1.310000,1.420000,1946.200000
2709,Exit short,2026-04-04 14:00,2052.310000,1,-1.630000,-0.0794,3.680000,3.310000,1947.610000
2709,Entry short,2026-04-04 11:45,2050.680000,1,-1.630000,-0.0794,3.680000,3.310000,1947.610000
2708,Exit short,2026-04-04 09:30,2049.000000,1,1.750000,0.0854,2.650000,0.130000,1949.240000
2708,Entry short,2026-04-04 08:45,2050.750000,1,1.750000,0.0854,2.650000,0.130000,1949.240000
2707,Exit long,2026-04-04 08:45,2050.750000,1,-1.060000,-0.0517,2.690000,1.290000,1947.490000
2707,Entry long,2026-04-04 07:45,2051.810000,1,-1.060000,-0.0517,2.690000,1.290000,1947.490000
2706,Exit short,2026-04-04 07:45,2051.810000,1,-1.670000,-0.0814,2.630000,7.360000,1948.550000
2706,Entry short,2026-04-04 03:30,2050.140000,1,-1.670000,-0.0814,2.630000,7.360000,1948.550000
2705,Exit short,2026-04-04 01:45,2049.750000,1,1.900000,0.0927,3.030000,1.350000,1950.220000
2705,Entry short,2026-04-04 00:15,2051.650000,1,1.900000,0.0927,3.030000,1.350000,1950.220000
2704,Exit long,2026-04-04 00:15,2051.650000,1,-1.280000,-0.0623,0.000000,2.460000,1948.320000
2704,Entry long,2026-04-04 00:00,2052.930000,1,-1.280000,-0.0623,0.000000,2.460000,1948.320000
2703,Exit short,2026-04-03 23:45,2049.940000,1,1.150000,0.0561,2.720000,0.890000,1949.600000
2703,Entry short,2026-04-03 23:00,2051.090000,1,1.150000,0.0561,2.720000,0.890000,1949.600000
2702,Exit long,2026-04-03 23:00,2051.090000,1,-2.180000,-0.1062,0.150000,4.730000,1948.450000
2702,Entry long,2026-04-03 22:45,2053.270000,1,-2.180000,-0.1062,0.150000,4.730000,1948.450000
2701,Exit short,2026-04-03 22:45,2053.270000,1,-3.680000,-0.1792,5.390000,11.400000,1950.630000
2701,Entry short,2026-04-03 18:45,2049.590000,1,-3.680000,-0.1792,5.390000,11.400000,1950.630000
2700,Exit short,2026-04-03 18:00,2049.200000,1,0.360000,0.0176,7.160000,7.290000,1954.310000
2700,Entry short,2026-04-03 14:45,2049.560000,1,0.360000,0.0176,7.160000,7.290000,1954.310000
2699,Exit short,2026-04-03 13:30,2047.540000,1,1.500000,0.0733,8.490000,1.170000,1953.950000
2699,Entry short,2026-04-03 13:00,2049.040000,1,1.500000,0.0733,8.490000,1.170000,1953.950000
2698,Exit long,2026-04-03 13:00,2049.040000,1,-11.840000,-0.5745,23.140000,17.280000,1952.450000
2698,Entry long,2026-04-03 09:15,2060.880000,1,-11.840000,-0.5745,23.140000,17.280000,1952.450000
2697,Exit long,2026-04-03 07:15,2063.400000,1,3.530000,0.1714,7.130000,6.090000,1964.290000
2697,Entry long,2026-04-03 05:45,2059.870000,1,3.530000,0.1714,7.130000,6.090000,1964.290000
2696,Exit short,2026-04-03 05:45,2059.870000,1,-7.520000,-0.3651,6.190000,11.640000,1960.760000
2696,Entry short,2026-04-03 03:45,2052.350000,1,-7.520000,-0.3651,6.190000,11.640000,1960.760000
2695,Exit long,2026-04-03 03:45,2052.350000,1,-2.540000,-0.1236,1.510000,4.930000,1968.280000
2695,Entry long,2026-04-03 03:15,2054.890000,1,-2.540000,-0.1236,1.510000,4.930000,1968.280000
2694,Exit short,2026-04-03 01:15,2053.220000,1,-0.700000,-0.0341,4.000000,1.900000,1970.820000
2694,Entry short,2026-04-03 00:45,2052.520000,1,-0.700000,-0.0341,4.000000,1.900000,1970.820000
2693,Exit long,2026-04-03 00:45,2052.520000,1,-9.710000,-0.4708,1.570000,11.050000,1971.520000
2693,Entry long,2026-04-02 22:00,2062.230000,1,-9.710000,-0.4708,1.570000,11.050000,1971.520000
2692,Exit short,2026-04-02 22:00,2062.230000,1,-5.100000,-0.2473,0.390000,5.570000,1981.230000
2692,Entry short,2026-04-02 21:45,2057.130000,1,-5.100000,-0.2473,0.390000,5.570000,1981.230000
2691,Exit long,2026-04-02 21:45,2057.130000,1,-1.340000,-0.0651,3.060000,2.410000,1986.330000
2691,Entry long,2026-04-02 21:30,2058.470000,1,-1.340000,-0.0651,3.060000,2.410000,1986.330000
2690,Exit long,2026-04-02 19:30,2059.670000,1,2.250000,0.1094,4.130000,2.250000,1987.670000
2690,Entry long,2026-04-02 19:00,2057.420000,1,2.250000,0.1094,4.130000,2.250000,1987.670000
2689,Exit short,2026-04-02 18:30,2043.560000,1,-5.600000,-0.2740,2.170000,38.040000,1985.420000
2689,Entry short,2026-04-02 14:15,2037.960000,1,-5.600000,-0.2740,2.170000,38.040000,1985.420000
2688,Exit short,2026-04-02 09:15,2042.510000,1,7.690000,0.3765,12.010000,1.500000,1991.020000
2688,Entry short,2026-04-02 08:15,2050.200000,1,7.690000,0.3765,12.010000,1.500000,1991.020000
2687,Exit short,2026-04-02 02:15,2077.850000,1,32.960000,1.5863,34.310000,0.020000,1983.330000
2687,Entry short,2026-04-02 01:30,2110.810000,1,32.960000,1.5863,34.310000,0.020000,1983.330000
2686,Exit long,2026-04-02 01:30,2110.810000,1,-33.470000,-1.5609,14.140000,40.460000,1950.370000
2686,Entry long,2026-04-01 22:45,2144.280000,1,-33.470000,-1.5609,14.140000,40.460000,1950.370000
2685,Exit long,2026-04-01 22:00,2155.560000,1,19.700000,0.9223,28.610000,13.630000,1983.840000
2685,Entry long,2026-04-01 18:00,2135.860000,1,19.700000,0.9223,28.610000,13.630000,1983.840000
2684,Exit long,2026-04-01 17:15,2151.590000,1,16.150000,0.7563,31.760000,27.910000,1964.140000
2684,Entry long,2026-04-01 08:30,2135.440000,1,16.150000,0.7563,31.760000,27.910000,1964.140000
2683,Exit long,2026-04-01 04:15,2100.860000,1,0.730000,0.0348,17.310000,18.940000,1947.990000
2683,Entry long,2026-03-31 21:45,2100.130000,1,0.730000,0.0348,17.310000,18.940000,1947.990000
2682,Exit long,2026-03-31 20:45,2103.520000,1,7.840000,0.3741,11.860000,0.590000,1947.260000
2682,Entry long,2026-03-31 20:00,2095.680000,1,7.840000,0.3741,11.860000,0.590000,1947.260000
2681,Exit long,2026-03-31 17:15,2113.410000,1,38.710000,1.8658,41.660000,22.430000,1939.420000
2681,Entry long,2026-03-31 15:15,2074.700000,1,38.710000,1.8658,41.660000,22.430000,1939.420000
2680,Exit short,2026-03-31 15:15,2074.700000,1,-34.470000,-1.6614,6.340000,51.260000,1900.710000
2680,Entry short,2026-03-31 12:00,2040.230000,1,-34.470000,-1.6614,6.340000,51.260000,1900.710000
2679,Exit short,2026-03-31 09:15,2036.630000,1,3.450000,0.1694,9.080000,3.540000,1935.180000
2679,Entry short,2026-03-31 08:45,2040.080000,1,3.450000,0.1694,9.080000,3.540000,1935.180000
2678,Exit long,2026-03-31 08:45,2040.080000,1,-17.550000,-0.8529,4.630000,20.040000,1931.730000
2678,Entry long,2026-03-31 06:45,2057.630000,1,-17.550000,-0.8529,4.630000,20.040000,1931.730000
2677,Exit long,2026-03-31 06:00,2063.390000,1,2.680000,0.1301,7.670000,6.970000,1949.280000
2677,Entry long,2026-03-31 04:45,2060.710000,1,2.680000,0.1301,7.670000,6.970000,1949.280000
2676,Exit short,2026-03-30 23:45,2025.350000,1,9.470000,0.4676,22.230000,8.730000,1946.600000
2676,Entry short,2026-03-30 22:00,2034.820000,1,9.470000,0.4676,22.230000,8.730000,1946.600000
2675,Exit long,2026-03-30 22:00,2034.820000,1,-32.290000,-1.5621,11.670000,54.970000,1937.130000
2675,Entry long,2026-03-30 14:15,2067.110000,1,-32.290000,-1.5621,11.670000,54.970000,1937.130000
2674,Exit long,2026-03-30 12:00,2070.400000,1,16.140000,0.7857,32.730000,7.860000,1969.420000
2674,Entry long,2026-03-30 10:00,2054.260000,1,16.140000,0.7857,32.730000,7.860000,1969.420000
2673,Exit long,2026-03-30 08:30,2059.140000,1,12.900000,0.6304,21.540000,5.740000,1953.280000
2673,Entry long,2026-03-30 07:15,2046.240000,1,12.900000,0.6304,21.540000,5.740000,1953.280000
2672,Exit long,2026-03-29 21:00,2001.570000,1,-3.690000,-0.1840,0.790000,5.840000,1940.380000
2672,Entry long,2026-03-29 20:30,2005.260000,1,-3.690000,-0.1840,0.790000,5.840000,1940.380000
2671,Exit short,2026-03-29 20:30,2005.260000,1,-8.790000,-0.4383,3.130000,12.520000,1944.070000
2671,Entry short,2026-03-29 19:00,1996.470000,1,-8.790000,-0.4383,3.130000,12.520000,1944.070000
2670,Exit long,2026-03-29 19:00,1996.470000,1,-1.530000,-0.0766,0.300000,2.900000,1952.860000
2670,Entry long,2026-03-29 18:45,1998.000000,1,-1.530000,-0.0766,0.300000,2.900000,1952.860000
2669,Exit short,2026-03-29 18:45,1998.000000,1,-9.340000,-0.4675,2.160000,14.540000,1954.390000
2669,Entry short,2026-03-29 15:30,1988.660000,1,-9.340000,-0.4675,2.160000,14.540000,1954.390000
2668,Exit short,2026-03-29 15:00,1993.120000,1,-2.180000,-0.1094,1.010000,3.020000,1963.730000
2668,Entry short,2026-03-29 14:30,1990.940000,1,-2.180000,-0.1094,1.010000,3.020000,1963.730000
2667,Exit short,2026-03-29 13:45,1991.000000,1,11.870000,0.5962,20.660000,4.420000,1965.910000
2667,Entry short,2026-03-29 11:30,2002.870000,1,11.870000,0.5962,20.660000,4.420000,1965.910000
2666,Exit short,2026-03-29 10:45,1994.920000,1,5.910000,0.2963,10.430000,8.650000,1954.040000
2666,Entry short,2026-03-29 06:30,2000.830000,1,5.910000,0.2963,10.430000,8.650000,1954.040000
2665,Exit short,2026-03-29 05:15,2000.690000,1,2.570000,0.1285,5.260000,15.740000,1948.130000
2665,Entry short,2026-03-29 01:30,2003.260000,1,2.570000,0.1285,5.260000,15.740000,1948.130000
2664,Exit long,2026-03-28 20:45,2021.750000,1,-1.250000,-0.0618,2.420000,8.430000,1945.560000
2664,Entry long,2026-03-28 17:15,2023.000000,1,-1.250000,-0.0618,2.420000,8.430000,1945.560000
2663,Exit long,2026-03-28 14:15,2022.150000,1,23.400000,1.1707,50.610000,0.280000,1946.810000
2663,Entry long,2026-03-28 13:00,1998.750000,1,23.400000,1.1707,50.610000,0.280000,1946.810000
2662,Exit short,2026-03-28 13:00,1998.750000,1,-3.750000,-0.1876,0.190000,5.900000,1923.410000
2662,Entry short,2026-03-28 12:45,1995.000000,1,-3.750000,-0.1876,0.190000,5.900000,1923.410000
2661,Exit long,2026-03-28 12:45,1995.000000,1,-0.680000,-0.0341,7.800000,4.450000,1927.160000
2661,Entry long,2026-03-28 11:00,1995.680000,1,-0.680000,-0.0341,7.800000,4.450000,1927.160000
2660,Exit short,2026-03-28 11:00,1995.680000,1,-2.000000,-0.1002,2.480000,2.540000,1927.840000
2660,Entry short,2026-03-28 10:30,1993.680000,1,-2.000000,-0.1002,2.480000,2.540000,1927.840000
2659,Exit long,2026-03-28 10:30,1993.680000,1,-4.160000,-0.2082,5.880000,5.660000,1929.840000
2659,Entry long,2026-03-28 09:30,1997.840000,1,-4.160000,-0.2082,5.880000,5.660000,1929.840000
2658,Exit long,2026-03-28 06:15,1995.490000,1,3.970000,0.1993,5.360000,1.010000,1934.000000
2658,Entry long,2026-03-28 05:30,1991.520000,1,3.970000,0.1993,5.360000,1.010000,1934.000000
2657,Exit short,2026-03-28 05:30,1991.520000,1,-3.570000,-0.1793,1.950000,5.250000,1930.030000
2657,Entry short,2026-03-28 04:00,1987.950000,1,-3.570000,-0.1793,1.950000,5.250000,1930.030000
2656,Exit short,2026-03-28 03:00,1986.210000,1,-5.070000,-0.2553,3.540000,15.410000,1933.600000
2656,Entry short,2026-03-27 18:45,1981.140000,1,-5.070000,-0.2553,3.540000,15.410000,1933.600000
2655,Exit short,2026-03-27 18:15,1978.000000,1,4.510000,0.2280,8.510000,1.610000,1938.670000
2655,Entry short,2026-03-27 17:30,1982.510000,1,4.510000,0.2280,8.510000,1.610000,1938.670000
2654,Exit short,2026-03-27 16:45,1986.120000,1,3.990000,0.2009,11.110000,0.180000,1934.160000
2654,Entry short,2026-03-27 16:00,1990.110000,1,3.990000,0.2009,11.110000,0.180000,1934.160000
2653,Exit short,2026-03-27 09:30,2049.310000,1,12.700000,0.6197,29.910000,1.220000,1930.170000
2653,Entry short,2026-03-27 08:15,2062.010000,1,12.700000,0.6197,29.910000,1.220000,1930.170000
2652,Exit long,2026-03-27 08:15,2062.010000,1,-2.930000,-0.1419,3.660000,4.560000,1917.470000
2652,Entry long,2026-03-27 08:00,2064.940000,1,-2.930000,-0.1419,3.660000,4.560000,1917.470000
2651,Exit short,2026-03-27 08:00,2064.940000,1,-7.220000,-0.3496,1.020000,13.870000,1920.400000
2651,Entry short,2026-03-27 05:45,2057.720000,1,-7.220000,-0.3496,1.020000,13.870000,1920.400000
2650,Exit short,2026-03-27 03:45,2062.200000,1,-0.900000,-0.0436,3.240000,15.130000,1927.620000
2650,Entry short,2026-03-27 00:45,2061.300000,1,-0.900000,-0.0436,3.240000,15.130000,1927.620000
2649,Exit short,2026-03-27 00:00,2059.180000,1,8.470000,0.4113,14.250000,10.340000,1928.520000
2649,Entry short,2026-03-26 20:30,2067.650000,1,8.470000,0.4113,14.250000,10.340000,1928.520000
2648,Exit short,2026-03-26 19:00,2045.820000,1,2.400000,0.1173,15.000000,6.690000,1920.050000
2648,Entry short,2026-03-26 18:00,2048.220000,1,2.400000,0.1173,15.000000,6.690000,1920.050000
2647,Exit short,2026-03-26 15:45,2063.230000,1,15.650000,0.7585,28.340000,4.990000,1917.650000
2647,Entry short,2026-03-26 14:15,2078.880000,1,15.650000,0.7585,28.340000,4.990000,1917.650000
2646,Exit short,2026-03-26 03:15,2154.700000,1,10.310000,0.4785,22.860000,6.310000,1902.000000
2646,Entry short,2026-03-25 23:45,2165.010000,1,10.310000,0.4785,22.860000,6.310000,1902.000000
2645,Exit long,2026-03-25 23:15,2172.320000,1,-2.040000,-0.0938,2.170000,2.420000,1891.690000
2645,Entry long,2026-03-25 22:45,2174.360000,1,-2.040000,-0.0938,2.170000,2.420000,1891.690000
2644,Exit short,2026-03-25 22:45,2174.360000,1,-9.330000,-0.4291,7.020000,19.960000,1893.730000
2644,Entry short,2026-03-25 20:15,2165.030000,1,-9.330000,-0.4291,7.020000,19.960000,1893.730000
2643,Exit long,2026-03-25 20:15,2165.030000,1,-4.890000,-0.2254,6.410000,5.840000,1903.060000
2643,Entry long,2026-03-25 19:30,2169.920000,1,-4.890000,-0.2254,6.410000,5.840000,1903.060000
2642,Exit short,2026-03-25 19:30,2169.920000,1,-6.610000,-0.3046,6.850000,9.290000,1907.950000
2642,Entry short,2026-03-25 18:45,2163.310000,1,-6.610000,-0.3046,6.850000,9.290000,1907.950000
2641,Exit short,2026-03-25 18:15,2167.640000,1,2.140000,0.0987,10.590000,3.590000,1914.560000
2641,Entry short,2026-03-25 17:15,2169.780000,1,2.140000,0.0987,10.590000,3.590000,1914.560000
2640,Exit long,2026-03-25 17:15,2169.780000,1,-4.980000,-0.2290,7.040000,7.550000,1912.420000
2640,Entry long,2026-03-25 16:30,2174.760000,1,-4.980000,-0.2290,7.040000,7.550000,1912.420000
2639,Exit short,2026-03-25 15:45,2161.300000,1,11.840000,0.5478,27.550000,2.860000,1917.400000
2639,Entry short,2026-03-25 15:00,2173.140000,1,11.840000,0.5478,27.550000,2.860000,1917.400000
2638,Exit long,2026-03-25 15:00,2173.140000,1,-9.130000,-0.4184,15.030000,10.210000,1905.560000
2638,Entry long,2026-03-25 13:00,2182.270000,1,-9.130000,-0.4184,15.030000,10.210000,1905.560000
2637,Exit long,2026-03-25 09:00,2175.310000,1,11.570000,0.5347,26.250000,0.010000,1914.690000
2637,Entry long,2026-03-25 08:15,2163.740000,1,11.570000,0.5347,26.250000,0.010000,1914.690000
2636,Exit long,2026-03-25 07:45,2168.970000,1,-2.120000,-0.0976,5.570000,9.510000,1903.120000
2636,Entry long,2026-03-25 06:30,2171.090000,1,-2.120000,-0.0976,5.570000,9.510000,1903.120000
2635,Exit long,2026-03-25 05:00,2165.230000,1,6.180000,0.2862,8.040000,13.930000,1905.240000
2635,Entry long,2026-03-25 02:45,2159.050000,1,6.180000,0.2862,8.040000,13.930000,1905.240000
2634,Exit long,2026-03-24 21:00,2147.630000,1,6.910000,0.3228,13.060000,0.050000,1899.060000
2634,Entry long,2026-03-24 20:30,2140.720000,1,6.910000,0.3228,13.060000,0.050000,1899.060000
2633,Exit short,2026-03-24 20:15,2119.790000,1,-1.740000,-0.0821,4.820000,9.140000,1892.150000
2633,Entry short,2026-03-24 19:00,2118.050000,1,-1.740000,-0.0821,4.820000,9.140000,1892.150000
2632,Exit short,2026-03-24 17:15,2116.180000,1,22.340000,1.0557,28.130000,2.960000,1893.890000
2632,Entry short,2026-03-24 15:45,2138.520000,1,22.340000,1.0557,28.130000,2.960000,1893.890000
2631,Exit long,2026-03-24 15:45,2138.520000,1,-23.020000,-1.0650,13.170000,43.830000,1871.550000
2631,Entry long,2026-03-24 09:45,2161.540000,1,-23.020000,-1.0650,13.170000,43.830000,1871.550000
2630,Exit long,2026-03-24 07:45,2154.770000,1,13.000000,0.6070,23.600000,2.320000,1894.570000
2630,Entry long,2026-03-24 06:45,2141.770000,1,13.000000,0.6070,23.600000,2.320000,1894.570000
2629,Exit short,2026-03-24 06:45,2141.770000,1,-2.380000,-0.1111,11.570000,3.870000,1881.570000
2629,Entry short,2026-03-24 04:30,2139.390000,1,-2.380000,-0.1111,11.570000,3.870000,1881.570000
2628,Exit long,2026-03-24 04:30,2139.390000,1,-1.020000,-0.0477,12.080000,1.270000,1883.950000
2628,Entry long,2026-03-24 04:00,2140.410000,1,-1.020000,-0.0477,12.080000,1.270000,1883.950000
2627,Exit short,2026-03-24 04:00,2140.410000,1,-2.090000,-0.0976,8.910000,4.240000,1884.970000
2627,Entry short,2026-03-24 02:30,2138.320000,1,-2.090000,-0.0976,8.910000,4.240000,1884.970000
2626,Exit long,2026-03-24 02:30,2138.320000,1,-20.490000,-0.9491,7.060000,36.030000,1887.060000
2626,Entry long,2026-03-23 20:15,2158.810000,1,-20.490000,-0.9491,7.060000,36.030000,1887.060000
2625,Exit long,2026-03-23 18:15,2149.260000,1,11.450000,0.5356,20.170000,21.810000,1907.550000
2625,Entry long,2026-03-23 16:15,2137.810000,1,11.450000,0.5356,20.170000,21.810000,1907.550000
2624,Exit short,2026-03-23 16:15,2137.810000,1,-93.890000,-4.3919,4.790000,155.080000,1896.100000
2624,Entry short,2026-03-23 10:30,2043.920000,1,-93.890000,-4.3919,4.790000,155.080000,1896.100000
2623,Exit short,2026-03-23 10:00,2042.630000,1,7.740000,0.3789,22.800000,2.800000,1989.990000
2623,Entry short,2026-03-23 08:45,2050.370000,1,7.740000,0.3789,22.800000,2.800000,1989.990000
2622,Exit short,2026-03-23 07:15,2036.160000,1,17.990000,0.8835,32.570000,17.770000,1982.250000
2622,Entry short,2026-03-23 01:45,2054.150000,1,17.990000,0.8835,32.570000,17.770000,1982.250000
2621,Exit short,2026-03-23 01:00,2042.510000,1,11.270000,0.5518,19.400000,20.930000,1964.260000
2621,Entry short,2026-03-22 22:45,2053.780000,1,11.270000,0.5518,19.400000,20.930000,1964.260000
2620,Exit short,2026-03-22 19:15,2060.110000,1,20.250000,0.9830,26.070000,3.200000,1952.990000
2620,Entry short,2026-03-22 14:45,2080.360000,1,20.250000,0.9830,26.070000,3.200000,1952.990000
2619,Exit short,2026-03-22 14:15,2078.020000,1,2.930000,0.1410,10.480000,11.650000,1932.740000
2619,Entry short,2026-03-22 12:45,2080.950000,1,2.930000,0.1410,10.480000,11.650000,1932.740000
2618,Exit short,2026-03-22 08:30,2076.090000,1,23.270000,1.1209,26.580000,27.020000,1929.810000
2618,Entry short,2026-03-22 02:45,2099.360000,1,23.270000,1.1209,26.580000,27.020000,1929.810000
2617,Exit short,2026-03-21 23:45,2145.740000,1,4.370000,0.2037,7.110000,6.010000,1906.540000
2617,Entry short,2026-03-21 19:00,2150.110000,1,4.370000,0.2037,7.110000,6.010000,1906.540000
2616,Exit long,2026-03-21 19:00,2150.110000,1,-4.140000,-0.1922,0.410000,14.100000,1902.170000
2616,Entry long,2026-03-21 16:00,2154.250000,1,-4.140000,-0.1922,0.410000,14.100000,1902.170000
2615,Exit short,2026-03-21 15:30,2151.790000,1,-0.710000,-0.0330,6.080000,2.300000,1906.310000
2615,Entry short,2026-03-21 15:00,2151.080000,1,-0.710000,-0.0330,6.080000,2.300000,1906.310000
2614,Exit long,2026-03-21 14:45,2160.350000,1,3.820000,0.1771,11.470000,2.700000,1907.020000
2614,Entry long,2026-03-21 13:15,2156.530000,1,3.820000,0.1771,11.470000,2.700000,1907.020000
2613,Exit long,2026-03-21 12:30,2158.490000,1,5.490000,0.2550,6.860000,1.220000,1903.200000
2613,Entry long,2026-03-21 09:00,2153.000000,1,5.490000,0.2550,6.860000,1.220000,1903.200000
2612,Exit short,2026-03-21 09:00,2153.000000,1,-3.680000,-0.1709,0.870000,4.480000,1897.710000
2612,Entry short,2026-03-21 08:30,2149.320000,1,-3.680000,-0.1709,0.870000,4.480000,1897.710000
2611,Exit long,2026-03-21 08:30,2149.320000,1,-5.670000,-0.2631,0.270000,5.880000,1901.390000
2611,Entry long,2026-03-21 08:15,2154.990000,1,-5.670000,-0.2631,0.270000,5.880000,1901.390000
2610,Exit long,2026-03-21 07:00,2154.590000,1,2.190000,0.1017,5.010000,3.340000,1907.060000
2610,Entry long,2026-03-21 04:00,2152.400000,1,2.190000,0.1017,5.010000,3.340000,1907.060000
2609,Exit long,2026-03-21 03:15,2152.890000,1,1.850000,0.0860,4.500000,2.470000,1904.870000
2609,Entry long,2026-03-21 02:30,2151.040000,1,1.850000,0.0860,4.500000,2.470000,1904.870000
2608,Exit long,2026-03-21 01:00,2152.460000,1,7.350000,0.3426,10.670000,2.230000,1903.020000
2608,Entry long,2026-03-20 23:45,2145.110000,1,7.350000,0.3426,10.670000,2.230000,1903.020000
2607,Exit long,2026-03-20 22:45,2153.340000,1,2.130000,0.0990,16.320000,9.620000,1895.670000
2607,Entry long,2026-03-20 21:30,2151.210000,1,2.130000,0.0990,16.320000,9.620000,1895.670000
2606,Exit short,2026-03-20 21:30,2151.210000,1,-21.270000,-0.9887,7.040000,22.850000,1893.540000
2606,Entry short,2026-03-20 20:30,2129.940000,1,-21.270000,-0.9887,7.040000,22.850000,1893.540000
2605,Exit short,2026-03-20 19:00,2122.400000,1,17.650000,0.8316,25.850000,7.950000,1914.810000
2605,Entry short,2026-03-20 13:45,2140.050000,1,17.650000,0.8316,25.850000,7.950000,1914.810000
2604,Exit long,2026-03-20 13:45,2140.050000,1,-5.870000,-0.2735,0.000000,23.990000,1897.160000
2604,Entry long,2026-03-20 13:30,2145.920000,1,-5.870000,-0.2735,0.000000,23.990000,1897.160000
2603,Exit short,2026-03-20 13:00,2139.960000,1,-1.720000,-0.0804,4.320000,13.750000,1903.030000
2603,Entry short,2026-03-20 11:45,2138.240000,1,-1.720000,-0.0804,4.320000,13.750000,1903.030000
2602,Exit long,2026-03-20 11:45,2138.240000,1,-8.550000,-0.3983,10.880000,13.560000,1904.750000
2602,Entry long,2026-03-20 10:45,2146.790000,1,-8.550000,-0.3983,10.880000,13.560000,1904.750000
2601,Exit short,2026-03-20 10:45,2146.790000,1,-5.550000,-0.2585,11.010000,9.050000,1913.300000
2601,Entry short,2026-03-20 09:30,2141.240000,1,-5.550000,-0.2585,11.010000,9.050000,1913.300000
2600,Exit long,2026-03-20 08:45,2163.000000,1,11.240000,0.5224,23.880000,6.630000,1918.850000
2600,Entry long,2026-03-20 07:45,2151.760000,1,11.240000,0.5224,23.880000,6.630000,1918.850000
2599,Exit short,2026-03-20 06:00,2139.320000,1,2.920000,0.1365,6.090000,2.670000,1907.610000
2599,Entry short,2026-03-20 05:30,2142.240000,1,2.920000,0.1365,6.090000,2.670000,1907.610000
2598,Exit long,2026-03-20 05:30,2142.240000,1,-5.030000,-0.2343,4.420000,5.900000,1904.690000
2598,Entry long,2026-03-20 05:00,2147.270000,1,-5.030000,-0.2343,4.420000,5.900000,1904.690000
2597,Exit short,2026-03-20 05:00,2147.270000,1,-7.980000,-0.3716,0.560000,8.570000,1909.720000
2597,Entry short,2026-03-20 04:45,2139.290000,1,-7.980000,-0.3716,0.560000,8.570000,1909.720000
2596,Exit long,2026-03-20 04:00,2150.200000,1,7.040000,0.3285,16.510000,12.090000,1917.700000
2596,Entry long,2026-03-20 00:15,2143.160000,1,7.040000,0.3285,16.510000,12.090000,1917.700000
2595,Exit short,2026-03-20 00:15,2143.160000,1,-1.780000,-0.0831,12.010000,3.750000,1910.660000
2595,Entry short,2026-03-19 23:30,2141.380000,1,-1.780000,-0.0831,12.010000,3.750000,1910.660000
2594,Exit long,2026-03-19 23:30,2141.380000,1,-3.750000,-0.1748,0.000000,9.900000,1912.440000
2594,Entry long,2026-03-19 23:15,2145.130000,1,-3.750000,-0.1748,0.000000,9.900000,1912.440000
2593,Exit short,2026-03-19 23:15,2145.130000,1,-20.460000,-0.9538,11.660000,31.230000,1916.190000
2593,Entry short,2026-03-19 18:15,2124.670000,1,-20.460000,-0.9538,11.660000,31.230000,1916.190000
2592,Exit short,2026-03-19 13:00,2131.350000,1,50.370000,2.3633,53.270000,10.270000,1936.650000
2592,Entry short,2026-03-19 09:45,2181.720000,1,50.370000,2.3633,53.270000,10.270000,1936.650000
2591,Exit short,2026-03-19 05:00,2192.490000,1,-4.570000,-0.2084,2.330000,44.720000,1886.280000
2591,Entry short,2026-03-18 21:15,2187.920000,1,-4.570000,-0.2084,2.330000,44.720000,1886.280000
2590,Exit short,2026-03-18 20:45,2180.050000,1,22.540000,1.0339,51.890000,16.410000,1890.850000
2590,Entry short,2026-03-18 18:00,2202.590000,1,22.540000,1.0339,51.890000,16.410000,1890.850000
2589,Exit long,2026-03-18 09:45,2330.390000,1,3.120000,0.1341,5.710000,0.470000,1868.310000
2589,Entry long,2026-03-18 09:15,2327.270000,1,3.120000,0.1341,5.710000,0.470000,1868.310000
2588,Exit short,2026-03-18 09:15,2327.270000,1,-6.930000,-0.2978,2.910000,8.520000,1865.190000
2588,Entry short,2026-03-18 08:30,2320.340000,1,-6.930000,-0.2978,2.910000,8.520000,1865.190000
2587,Exit short,2026-03-18 08:00,2316.600000,1,6.650000,0.2871,13.180000,3.440000,1872.120000
2587,Entry short,2026-03-18 06:45,2323.250000,1,6.650000,0.2871,13.180000,3.440000,1872.120000
2586,Exit long,2026-03-18 06:45,2323.250000,1,-5.540000,-0.2379,1.760000,15.910000,1865.470000
2586,Entry long,2026-03-18 05:15,2328.790000,1,-5.540000,-0.2379,1.760000,15.910000,1865.470000
2585,Exit long,2026-03-18 02:45,2335.190000,1,2.210000,0.0947,7.950000,4.620000,1871.010000
2585,Entry long,2026-03-18 02:15,2332.980000,1,2.210000,0.0947,7.950000,4.620000,1871.010000
2584,Exit short,2026-03-18 02:15,2332.980000,1,-9.160000,-0.3926,0.520000,10.270000,1868.800000
2584,Entry short,2026-03-18 02:00,2323.820000,1,-9.160000,-0.3926,0.520000,10.270000,1868.800000
2583,Exit long,2026-03-18 02:00,2323.820000,1,-4.590000,-0.1971,5.740000,22.810000,1877.960000
2583,Entry long,2026-03-17 23:00,2328.410000,1,-4.590000,-0.1971,5.740000,22.810000,1877.960000
2582,Exit short,2026-03-17 23:00,2328.410000,1,-0.850000,-0.0365,10.360000,1.820000,1882.550000
2582,Entry short,2026-03-17 22:30,2327.560000,1,-0.850000,-0.0365,10.360000,1.820000,1882.550000
2581,Exit long,2026-03-17 21:45,2337.770000,1,-0.240000,-0.0103,1.780000,6.820000,1883.400000
2581,Entry long,2026-03-17 21:15,2338.010000,1,-0.240000,-0.0103,1.780000,6.820000,1883.400000
2580,Exit short,2026-03-17 21:15,2338.010000,1,-12.590000,-0.5385,2.740000,19.580000,1883.640000
2580,Entry short,2026-03-17 20:45,2325.420000,1,-12.590000,-0.5385,2.740000,19.580000,1883.640000
2579,Exit long,2026-03-17 20:45,2325.420000,1,-2.580000,-0.1108,0.100000,3.740000,1896.230000
2579,Entry long,2026-03-17 20:30,2328.000000,1,-2.580000,-0.1108,0.100000,3.740000,1896.230000
2578,Exit short,2026-03-17 20:30,2328.000000,1,-3.450000,-0.1482,8.940000,4.600000,1898.810000
2578,Entry short,2026-03-17 19:45,2324.550000,1,-3.450000,-0.1482,8.940000,4.600000,1898.810000
2577,Exit long,2026-03-17 19:45,2324.550000,1,-11.600000,-0.4965,2.840000,12.720000,1902.260000
2577,Entry long,2026-03-17 19:15,2336.150000,1,-11.600000,-0.4965,2.840000,12.720000,1902.260000
2576,Exit long,2026-03-17 18:30,2331.800000,1,1.950000,0.0837,11.980000,10.780000,1913.860000
2576,Entry long,2026-03-17 16:30,2329.850000,1,1.950000,0.0837,11.980000,10.780000,1913.860000
2575,Exit short,2026-03-17 16:30,2329.850000,1,-7.560000,-0.3245,19.290000,13.520000,1911.910000
2575,Entry short,2026-03-17 15:30,2322.290000,1,-7.560000,-0.3245,19.290000,13.520000,1911.910000
2574,Exit long,2026-03-17 15:30,2322.290000,1,-9.040000,-0.3878,25.330000,16.360000,1919.470000
2574,Entry long,2026-03-17 13:45,2331.330000,1,-9.040000,-0.3878,25.330000,16.360000,1919.470000
2573,Exit short,2026-03-17 13:45,2331.330000,1,-11.310000,-0.4851,7.980000,25.170000,1928.510000
2573,Entry short,2026-03-17 12:45,2320.020000,1,-11.310000,-0.4851,7.980000,25.170000,1928.510000
2572,Exit long,2026-03-17 12:00,2325.750000,1,3.390000,0.1460,9.860000,0.000000,1939.820000
2572,Entry long,2026-03-17 11:15,2322.360000,1,3.390000,0.1460,9.860000,0.000000,1939.820000
2571,Exit short,2026-03-17 10:45,2308.890000,1,10.630000,0.4604,18.480000,9.350000,1936.430000
2571,Entry short,2026-03-17 09:00,2319.520000,1,10.630000,0.4604,18.480000,9.350000,1936.430000
2570,Exit long,2026-03-17 09:00,2319.520000,1,-5.940000,-0.2554,6.850000,10.810000,1925.800000
2570,Entry long,2026-03-17 08:30,2325.460000,1,-5.940000,-0.2554,6.850000,10.810000,1925.800000
2569,Exit long,2026-03-17 08:00,2326.740000,1,-23.470000,-0.9986,26.790000,57.640000,1931.740000
2569,Entry long,2026-03-16 23:30,2350.210000,1,-23.470000,-0.9986,26.790000,57.640000,1931.740000
2568,Exit long,2026-03-16 17:45,2311.590000,1,21.280000,0.9291,25.320000,36.800000,1955.210000
2568,Entry long,2026-03-16 13:45,2290.310000,1,21.280000,0.9291,25.320000,36.800000,1955.210000
2567,Exit long,2026-03-16 11:30,2266.450000,1,16.880000,0.7504,30.110000,16.570000,1933.930000
2567,Entry long,2026-03-16 08:15,2249.570000,1,16.880000,0.7504,30.110000,16.570000,1933.930000
2566,Exit long,2026-03-16 03:30,2199.910000,1,24.290000,1.1165,33.380000,2.840000,1917.050000
2566,Entry long,2026-03-16 02:45,2175.620000,1,24.290000,1.1165,33.380000,2.840000,1917.050000
2565,Exit long,2026-03-15 20:00,2112.320000,1,2.050000,0.0971,3.080000,3.460000,1892.760000
2565,Entry long,2026-03-15 19:15,2110.270000,1,2.050000,0.0971,3.080000,3.460000,1892.760000
2564,Exit short,2026-03-15 19:15,2110.270000,1,-18.580000,-0.8805,4.040000,25.930000,1890.710000
2564,Entry short,2026-03-15 16:30,2091.690000,1,-18.580000,-0.8805,4.040000,25.930000,1890.710000
2563,Exit long,2026-03-15 08:45,2108.790000,1,1.970000,0.0935,6.150000,4.260000,1909.290000
2563,Entry long,2026-03-15 07:00,2106.820000,1,1.970000,0.0935,6.150000,4.260000,1909.290000
2562,Exit long,2026-03-15 04:45,2100.820000,1,15.810000,0.7583,21.990000,2.890000,1907.320000
2562,Entry long,2026-03-15 01:30,2085.010000,1,15.810000,0.7583,21.990000,2.890000,1907.320000
2561,Exit long,2026-03-15 00:00,2095.280000,1,2.590000,0.1238,5.270000,6.230000,1891.510000
2561,Entry long,2026-03-14 23:15,2092.690000,1,2.590000,0.1238,5.270000,6.230000,1891.510000
2560,Exit short,2026-03-14 23:15,2092.690000,1,-20.040000,-0.9576,5.070000,25.930000,1888.920000
2560,Entry short,2026-03-14 12:00,2072.650000,1,-20.040000,-0.9576,5.070000,25.930000,1888.920000
2559,Exit short,2026-03-14 05:30,2091.390000,1,1.390000,0.0665,6.530000,12.970000,1908.960000
2559,Entry short,2026-03-14 02:15,2092.780000,1,1.390000,0.0665,6.530000,12.970000,1908.960000
2558,Exit short,2026-03-13 23:00,2088.010000,1,21.880000,1.0479,32.860000,6.500000,1907.570000
2558,Entry short,2026-03-13 20:45,2109.890000,1,21.880000,1.0479,32.860000,6.500000,1907.570000
2557,Exit long,2026-03-13 20:45,2109.890000,1,-41.970000,-1.9504,4.650000,63.420000,1885.690000
2557,Entry long,2026-03-13 15:30,2151.860000,1,-41.970000,-1.9504,4.650000,63.420000,1885.690000
2556,Exit long,2026-03-13 13:00,2145.230000,1,13.320000,0.6248,22.830000,6.050000,1927.660000
2556,Entry long,2026-03-13 12:15,2131.910000,1,13.320000,0.6248,22.830000,6.050000,1927.660000
2555,Exit long,2026-03-13 10:45,2126.180000,1,20.430000,0.9702,27.250000,17.230000,1914.340000
2555,Entry long,2026-03-13 03:15,2105.750000,1,20.430000,0.9702,27.250000,17.230000,1914.340000
2554,Exit long,2026-03-12 23:45,2080.990000,1,19.550000,0.9484,32.090000,7.040000,1893.910000
2554,Entry long,2026-03-12 21:00,2061.440000,1,19.550000,0.9484,32.090000,7.040000,1893.910000
2553,Exit long,2026-03-12 20:15,2066.170000,1,7.480000,0.3633,35.880000,22.510000,1874.360000
2553,Entry long,2026-03-12 12:15,2058.690000,1,7.480000,0.3633,35.880000,22.510000,1874.360000
2552,Exit short,2026-03-12 12:15,2058.690000,1,-29.390000,-1.4276,4.740000,46.350000,1866.880000
2552,Entry short,2026-03-12 07:00,2029.300000,1,-29.390000,-1.4276,4.740000,46.350000,1866.880000
2551,Exit long,2026-03-12 07:00,2029.300000,1,-35.800000,-1.7336,18.750000,48.930000,1896.270000
2551,Entry long,2026-03-11 21:30,2065.100000,1,-35.800000,-1.7336,18.750000,48.930000,1896.270000
2550,Exit long,2026-03-11 18:30,2072.010000,1,4.900000,0.2370,7.670000,3.980000,1932.070000
2550,Entry long,2026-03-11 18:00,2067.110000,1,4.900000,0.2370,7.670000,3.980000,1932.070000
2549,Exit long,2026-03-11 17:15,2070.500000,1,22.120000,1.0799,27.630000,19.540000,1927.170000
2549,Entry long,2026-03-11 15:30,2048.380000,1,22.120000,1.0799,27.630000,19.540000,1927.170000
2548,Exit long,2026-03-11 14:00,2049.870000,1,16.520000,0.8125,48.330000,0.670000,1905.050000
2548,Entry long,2026-03-11 13:15,2033.350000,1,16.520000,0.8125,48.330000,0.670000,1905.050000
2547,Exit short,2026-03-11 13:15,2033.350000,1,-11.290000,-0.5552,1.370000,15.210000,1888.530000
2547,Entry short,2026-03-11 13:00,2022.060000,1,-11.290000,-0.5552,1.370000,15.210000,1888.530000
2546,Exit long,2026-03-11 13:00,2022.060000,1,-3.370000,-0.1664,9.570000,7.430000,1899.820000
2546,Entry long,2026-03-11 12:30,2025.430000,1,-3.370000,-0.1664,9.570000,7.430000,1899.820000
2545,Exit short,2026-03-11 12:30,2025.430000,1,-2.770000,-0.1368,11.150000,4.280000,1903.190000
2545,Entry short,2026-03-11 11:30,2022.660000,1,-2.770000,-0.1368,11.150000,4.280000,1903.190000
2544,Exit long,2026-03-11 11:15,2031.610000,1,3.330000,0.1642,5.260000,2.990000,1905.960000
2544,Entry long,2026-03-11 10:45,2028.280000,1,3.330000,0.1642,5.260000,2.990000,1905.960000
2543,Exit short,2026-03-11 10:45,2028.280000,1,-5.550000,-0.2736,9.730000,8.190000,1902.630000
2543,Entry short,2026-03-11 09:00,2022.730000,1,-5.550000,-0.2736,9.730000,8.190000,1902.630000
2542,Exit short,2026-03-11 08:15,2011.850000,1,6.690000,0.3325,12.640000,0.750000,1908.180000
2542,Entry short,2026-03-11 07:30,2018.540000,1,6.690000,0.3325,12.640000,0.750000,1908.180000
2541,Exit short,2026-03-11 06:15,2016.570000,1,16.290000,0.8078,22.860000,8.140000,1901.490000
2541,Entry short,2026-03-11 04:45,2032.860000,1,16.290000,0.8078,22.860000,8.140000,1901.490000
2540,Exit short,2026-03-11 03:15,2022.990000,1,5.820000,0.2877,11.330000,12.190000,1885.200000
2540,Entry short,2026-03-11 00:45,2028.810000,1,5.820000,0.2877,11.330000,12.190000,1885.200000
2539,Exit short,2026-03-10 18:45,2040.450000,1,8.090000,0.3965,11.470000,7.390000,1879.380000
2539,Entry short,2026-03-10 18:15,2048.540000,1,8.090000,0.3965,11.470000,7.390000,1879.380000
2538,Exit long,2026-03-10 18:15,2048.540000,1,-22.160000,-1.0702,1.600000,22.910000,1871.290000
2538,Entry long,2026-03-10 18:00,2070.700000,1,-22.160000,-1.0702,1.600000,22.910000,1871.290000
2537,Exit long,2026-03-10 15:30,2068.100000,1,6.420000,0.3114,23.320000,53.910000,1893.450000
2537,Entry long,2026-03-10 11:00,2061.680000,1,6.420000,0.3114,23.320000,53.910000,1893.450000
2536,Exit long,2026-03-10 05:30,2043.000000,1,9.410000,0.4627,20.180000,2.760000,1887.030000
2536,Entry long,2026-03-10 04:15,2033.590000,1,9.410000,0.4627,20.180000,2.760000,1887.030000
2535,Exit long,2026-03-10 03:15,2041.720000,1,23.600000,1.1694,35.810000,5.330000,1877.620000
2535,Entry long,2026-03-10 02:00,2018.120000,1,23.600000,1.1694,35.810000,5.330000,1877.620000
2534,Exit short,2026-03-10 02:00,2018.120000,1,-8.670000,-0.4296,1.450000,16.360000,1854.020000
2534,Entry short,2026-03-10 01:45,2009.450000,1,-8.670000,-0.4296,1.450000,16.360000,1854.020000
2533,Exit long,2026-03-10 01:15,2017.440000,1,-12.730000,-0.6270,0.360000,41.990000,1862.690000
2533,Entry long,2026-03-09 21:15,2030.170000,1,-12.730000,-0.6270,0.360000,41.990000,1862.690000
2532,Exit long,2026-03-09 20:30,2030.340000,1,14.460000,0.7173,36.950000,11.030000,1875.420000
2532,Entry long,2026-03-09 18:00,2015.880000,1,14.460000,0.7173,36.950000,11.030000,1875.420000
2531,Exit long,2026-03-09 17:15,2028.410000,1,32.460000,1.6263,43.260000,15.950000,1860.960000
2531,Entry long,2026-03-09 11:15,1995.950000,1,32.460000,1.6263,43.260000,15.950000,1860.960000
2530,Exit long,2026-03-09 09:00,1995.740000,1,14.590000,0.7364,17.650000,3.460000,1828.500000
2530,Entry long,2026-03-09 07:45,1981.150000,1,14.590000,0.7364,17.650000,3.460000,1828.500000
2529,Exit long,2026-03-09 03:15,1997.100000,1,38.690000,1.9756,38.980000,2.600000,1813.910000
2529,Entry long,2026-03-09 02:45,1958.410000,1,38.690000,1.9756,38.980000,2.600000,1813.910000
2528,Exit short,2026-03-09 02:45,1958.410000,1,-13.490000,-0.6888,7.900000,15.780000,1775.220000
2528,Entry short,2026-03-09 02:00,1944.920000,1,-13.490000,-0.6888,7.900000,15.780000,1775.220000
2527,Exit long,2026-03-09 02:00,1944.920000,1,-10.160000,-0.5197,7.420000,13.680000,1788.710000
2527,Entry long,2026-03-09 00:45,1955.080000,1,-10.160000,-0.5197,7.420000,13.680000,1788.710000
2526,Exit short,2026-03-09 00:45,1955.080000,1,-17.270000,-0.8833,9.610000,28.420000,1798.870000
2526,Entry short,2026-03-08 23:45,1937.810000,1,-17.270000,-0.8833,9.610000,28.420000,1798.870000
2525,Exit long,2026-03-08 23:45,1937.810000,1,-9.400000,-0.4827,6.890000,10.060000,1816.140000
2525,Entry long,2026-03-08 23:15,1947.210000,1,-9.400000,-0.4827,6.890000,10.060000,1816.140000
2524,Exit short,2026-03-08 23:15,1947.210000,1,-19.490000,-1.0009,10.550000,24.440000,1825.540000
2524,Entry short,2026-03-08 22:15,1927.720000,1,-19.490000,-1.0009,10.550000,24.440000,1825.540000
2523,Exit long,2026-03-08 22:15,1927.720000,1,-22.080000,-1.1324,5.920000,43.170000,1845.030000
2523,Entry long,2026-03-08 21:30,1949.800000,1,-22.080000,-1.1324,5.920000,43.170000,1845.030000
2522,Exit short,2026-03-08 21:30,1949.800000,1,-2.800000,-0.1436,4.470000,4.730000,1867.110000
2522,Entry short,2026-03-08 21:15,1947.000000,1,-2.800000,-0.1436,4.470000,4.730000,1867.110000
2521,Exit short,2026-03-08 18:30,1933.710000,1,5.410000,0.2798,11.900000,7.730000,1869.910000
2521,Entry short,2026-03-08 14:45,1939.120000,1,5.410000,0.2798,11.900000,7.730000,1869.910000
2520,Exit short,2026-03-08 12:15,1934.200000,1,18.950000,0.9797,22.260000,25.880000,1864.500000
2520,Entry short,2026-03-08 07:45,1953.150000,1,18.950000,0.9797,22.260000,25.880000,1864.500000
2519,Exit short,2026-03-08 06:45,1946.780000,1,1.080000,0.0555,6.180000,3.290000,1845.550000
2519,Entry short,2026-03-08 06:00,1947.860000,1,1.080000,0.0555,6.180000,3.290000,1845.550000
2518,Exit short,2026-03-08 03:30,1948.200000,1,17.060000,0.8757,30.930000,11.070000,1844.470000
2518,Entry short,2026-03-07 21:00,1965.260000,1,17.060000,0.8757,30.930000,11.070000,1844.470000
2517,Exit short,2026-03-07 18:45,1971.730000,1,8.280000,0.4199,15.570000,0.690000,1827.410000
2517,Entry short,2026-03-07 17:45,1980.010000,1,8.280000,0.4199,15.570000,0.690000,1827.410000
2516,Exit short,2026-03-07 16:45,1976.470000,1,5.570000,0.2818,8.540000,2.910000,1819.130000
2516,Entry short,2026-03-07 15:30,1982.040000,1,5.570000,0.2818,8.540000,2.910000,1819.130000
2515,Exit long,2026-03-07 15:30,1982.040000,1,-1.970000,-0.0993,5.370000,3.410000,1813.560000
2515,Entry long,2026-03-07 14:45,1984.010000,1,-1.970000,-0.0993,5.370000,3.410000,1813.560000
2514,Exit short,2026-03-07 13:30,1980.940000,1,2.040000,0.1030,21.320000,10.850000,1815.530000
2514,Entry short,2026-03-07 03:30,1982.980000,1,2.040000,0.1030,21.320000,10.850000,1815.530000
2513,Exit long,2026-03-07 03:30,1982.980000,1,-11.160000,-0.5596,0.000000,11.670000,1813.490000
2513,Entry long,2026-03-07 03:15,1994.140000,1,-11.160000,-0.5596,0.000000,11.670000,1813.490000
2512,Exit short,2026-03-07 03:15,1994.140000,1,-20.700000,-1.0380,5.140000,22.300000,1824.650000
2512,Entry short,2026-03-06 19:00,1973.440000,1,-20.700000,-1.0380,5.140000,22.300000,1824.650000
2511,Exit short,2026-03-06 14:45,1990.290000,1,28.250000,1.4194,35.830000,5.240000,1845.350000
2511,Entry short,2026-03-06 14:00,2018.540000,1,28.250000,1.4194,35.830000,5.240000,1845.350000
2510,Exit short,2026-03-06 12:30,2050.800000,1,11.930000,0.5817,26.020000,3.870000,1817.100000
2510,Entry short,2026-03-06 10:45,2062.730000,1,11.930000,0.5817,26.020000,3.870000,1817.100000
2509,Exit short,2026-03-06 10:00,2058.710000,1,20.070000,0.9749,34.660000,2.830000,1805.170000
2509,Entry short,2026-03-06 08:15,2078.780000,1,20.070000,0.9749,34.660000,2.830000,1805.170000
2508,Exit long,2026-03-06 08:00,2081.790000,1,-1.300000,-0.0624,3.480000,3.410000,1785.100000
2508,Entry long,2026-03-06 07:30,2083.090000,1,-1.300000,-0.0624,3.480000,3.410000,1785.100000
2507,Exit short,2026-03-06 07:30,2083.090000,1,-12.480000,-0.5991,0.990000,12.900000,1786.400000
2507,Entry short,2026-03-06 07:15,2070.610000,1,-12.480000,-0.5991,0.990000,12.900000,1786.400000
2506,Exit short,2026-03-06 04:45,2067.990000,1,9.450000,0.4570,19.440000,10.480000,1798.880000
2506,Entry short,2026-03-06 03:15,2077.440000,1,9.450000,0.4570,19.440000,10.480000,1798.880000
2505,Exit long,2026-03-06 03:15,2077.440000,1,-10.140000,-0.4857,0.910000,12.430000,1789.430000
2505,Entry long,2026-03-06 02:45,2087.580000,1,-10.140000,-0.4857,0.910000,12.430000,1789.430000
2504,Exit short,2026-03-06 01:00,2074.350000,1,1.430000,0.0689,9.280000,23.520000,1799.570000
2504,Entry short,2026-03-05 19:00,2075.780000,1,1.430000,0.0689,9.280000,23.520000,1799.570000
2503,Exit short,2026-03-05 16:00,2086.100000,1,32.060000,1.5368,51.850000,2.600000,1798.140000
2503,Entry short,2026-03-05 15:00,2118.160000,1,32.060000,1.5368,51.850000,2.600000,1798.140000
2502,Exit short,2026-03-05 14:00,2116.420000,1,9.660000,0.4564,18.150000,3.190000,1766.080000
2502,Entry short,2026-03-05 13:15,2126.080000,1,9.660000,0.4564,18.150000,3.190000,1766.080000
2501,Exit long,2026-03-05 13:15,2126.080000,1,-7.350000,-0.3445,8.950000,12.100000,1756.420000
2501,Entry long,2026-03-05 12:45,2133.430000,1,-7.350000,-0.3445,8.950000,12.100000,1756.420000
2500,Exit long,2026-03-05 09:45,2125.090000,1,-1.490000,-0.0701,11.070000,3.740000,1763.770000
2500,Entry long,2026-03-05 09:15,2126.580000,1,-1.490000,-0.0701,11.070000,3.740000,1763.770000
2499,Exit short,2026-03-05 08:30,2095.910000,1,21.380000,1.0201,24.860000,0.490000,1765.260000
2499,Entry short,2026-03-05 07:45,2117.290000,1,21.380000,1.0201,24.860000,0.490000,1765.260000
2498,Exit long,2026-03-05 07:45,2117.290000,1,-9.820000,-0.4617,5.460000,12.090000,1743.880000
2498,Entry long,2026-03-05 07:00,2127.110000,1,-9.820000,-0.4617,5.460000,12.090000,1743.880000
2497,Exit short,2026-03-05 07:00,2127.110000,1,-5.690000,-0.2675,2.370000,8.480000,1753.700000
2497,Entry short,2026-03-05 06:45,2121.420000,1,-5.690000,-0.2675,2.370000,8.480000,1753.700000
2496,Exit short,2026-03-05 06:15,2113.210000,1,5.280000,0.2499,9.840000,4.160000,1759.390000
2496,Entry short,2026-03-05 05:30,2118.490000,1,5.280000,0.2499,9.840000,4.160000,1759.390000
2495,Exit long,2026-03-05 05:00,2136.290000,1,-11.540000,-0.5373,15.070000,41.510000,1754.110000
2495,Entry long,2026-03-04 21:30,2147.830000,1,-11.540000,-0.5373,15.070000,41.510000,1754.110000
2494,Exit long,2026-03-04 14:15,2073.790000,1,19.610000,0.9546,24.750000,18.980000,1765.650000
2494,Entry long,2026-03-04 12:00,2054.180000,1,19.610000,0.9546,24.750000,18.980000,1765.650000
2493,Exit long,2026-03-04 07:15,1974.610000,1,-10.330000,-0.5204,0.660000,11.290000,1746.040000
2493,Entry long,2026-03-04 06:45,1984.940000,1,-10.330000,-0.5204,0.660000,11.290000,1746.040000
2492,Exit short,2026-03-04 06:45,1984.940000,1,-14.850000,-0.7481,7.980000,15.450000,1756.370000
2492,Entry short,2026-03-04 06:00,1970.090000,1,-14.850000,-0.7481,7.980000,15.450000,1756.370000
2491,Exit short,2026-03-04 04:15,1959.210000,1,15.670000,0.7998,31.480000,4.490000,1771.220000
2491,Entry short,2026-03-04 03:15,1974.880000,1,15.670000,0.7998,31.480000,4.490000,1771.220000
2490,Exit long,2026-03-04 03:15,1974.880000,1,-3.210000,-0.1623,0.140000,9.210000,1755.550000
2490,Entry long,2026-03-04 03:00,1978.090000,1,-3.210000,-0.1623,0.140000,9.210000,1755.550000
2489,Exit short,2026-03-04 03:00,1978.090000,1,-2.250000,-0.1137,8.460000,5.920000,1758.760000
2489,Entry short,2026-03-04 02:15,1975.840000,1,-2.250000,-0.1137,8.460000,5.920000,1758.760000
2488,Exit long,2026-03-04 02:15,1975.840000,1,-13.150000,-0.6611,0.320000,16.770000,1761.010000
2488,Entry long,2026-03-04 01:45,1988.990000,1,-13.150000,-0.6611,0.320000,16.770000,1761.010000
2487,Exit short,2026-03-04 01:45,1988.990000,1,-25.750000,-1.2946,0.010000,34.750000,1774.160000
2487,Entry short,2026-03-04 00:45,1963.240000,1,-25.750000,-1.2946,0.010000,34.750000,1774.160000
2486,Exit long,2026-03-04 00:45,1963.240000,1,-16.540000,-0.8354,0.680000,19.780000,1799.910000
2486,Entry long,2026-03-04 00:30,1979.780000,1,-16.540000,-0.8354,0.680000,19.780000,1799.910000
2485,Exit long,2026-03-03 23:15,1993.780000,1,10.230000,0.5157,17.430000,25.390000,1816.450000
2485,Entry long,2026-03-03 20:45,1983.550000,1,10.230000,0.5157,17.430000,25.390000,1816.450000
2484,Exit long,2026-03-03 19:00,1987.380000,1,12.210000,0.6182,24.760000,16.830000,1806.220000
2484,Entry long,2026-03-03 17:30,1975.170000,1,12.210000,0.6182,24.760000,16.830000,1806.220000
2483,Exit short,2026-03-03 17:30,1975.170000,1,-5.690000,-0.2881,5.700000,9.520000,1794.010000
2483,Entry short,2026-03-03 17:15,1969.480000,1,-5.690000,-0.2881,5.700000,9.520000,1794.010000
2482,Exit long,2026-03-03 17:15,1969.480000,1,-13.600000,-0.6858,1.620000,24.570000,1799.700000
2482,Entry long,2026-03-03 17:00,1983.080000,1,-13.600000,-0.6858,1.620000,24.570000,1799.700000
2481,Exit short,2026-03-03 17:00,1983.080000,1,-14.990000,-0.7559,10.670000,45.240000,1813.300000
2481,Entry short,2026-03-03 16:00,1968.090000,1,-14.990000,-0.7559,10.670000,45.240000,1813.300000
2480,Exit short,2026-03-03 15:15,1944.850000,1,28.770000,1.4793,47.300000,2.890000,1828.290000
2480,Entry short,2026-03-03 12:30,1973.620000,1,28.770000,1.4793,47.300000,2.890000,1828.290000
2479,Exit short,2026-03-03 09:15,1964.520000,1,32.560000,1.6574,50.410000,2.620000,1799.520000
2479,Entry short,2026-03-03 07:45,1997.080000,1,32.560000,1.6574,50.410000,2.620000,1799.520000
2478,Exit long,2026-03-03 07:45,1997.080000,1,-29.610000,-1.4610,14.530000,40.560000,1766.960000
2478,Entry long,2026-03-03 00:00,2026.690000,1,-29.610000,-1.4610,14.530000,40.560000,1766.960000
2477,Exit long,2026-03-02 22:15,2043.850000,1,11.100000,0.5461,25.830000,18.290000,1796.570000
2477,Entry long,2026-03-02 18:30,2032.750000,1,11.100000,0.5461,25.830000,18.290000,1796.570000
2476,Exit long,2026-03-02 15:45,2061.310000,1,96.270000,4.8991,97.560000,8.270000,1785.470000
2476,Entry long,2026-03-02 14:45,1965.040000,1,96.270000,4.8991,97.560000,8.270000,1785.470000
2475,Exit short,2026-03-02 14:15,1930.710000,1,-1.740000,-0.0901,8.720000,5.740000,1689.200000
2475,Entry short,2026-03-02 13:45,1928.970000,1,-1.740000,-0.0901,8.720000,5.740000,1689.200000
2474,Exit short,2026-03-02 13:00,1936.880000,1,9.760000,0.5039,17.990000,9.470000,1690.940000
2474,Entry short,2026-03-02 10:00,1946.640000,1,9.760000,0.5039,17.990000,9.470000,1690.940000
2473,Exit long,2026-03-02 09:45,1955.480000,1,-11.620000,-0.5907,17.350000,51.100000,1681.180000
2473,Entry long,2026-03-02 05:30,1967.100000,1,-11.620000,-0.5907,17.350000,51.100000,1681.180000
2472,Exit short,2026-03-02 05:30,1967.100000,1,-32.220000,-1.6379,21.480000,53.640000,1692.800000
2472,Entry short,2026-03-01 22:30,1934.880000,1,-32.220000,-1.6379,21.480000,53.640000,1692.800000
2471,Exit short,2026-03-01 19:45,1949.250000,1,30.150000,1.5467,36.750000,3.520000,1725.020000
2471,Entry short,2026-03-01 18:30,1979.400000,1,30.150000,1.5467,36.750000,3.520000,1725.020000
2470,Exit short,2026-03-01 17:45,1967.800000,1,5.550000,0.2820,22.500000,1.850000,1694.870000
2470,Entry short,2026-03-01 17:00,1973.350000,1,5.550000,0.2820,22.500000,1.850000,1694.870000
2469,Exit long,2026-03-01 17:00,1973.350000,1,-31.330000,-1.5628,1.560000,46.600000,1689.320000
2469,Entry long,2026-03-01 16:30,2004.680000,1,-31.330000,-1.5628,1.560000,46.600000,1689.320000
2468,Exit short,2026-03-01 13:30,1975.530000,1,6.830000,0.3457,15.020000,4.890000,1720.650000
2468,Entry short,2026-03-01 11:45,1982.360000,1,6.830000,0.3457,15.020000,4.890000,1720.650000
2467,Exit long,2026-03-01 11:45,1982.360000,1,-32.170000,-1.5969,7.790000,43.510000,1713.820000
2467,Entry long,2026-03-01 04:45,2014.530000,1,-32.170000,-1.5969,7.790000,43.510000,1713.820000
2466,Exit long,2026-03-01 02:45,2042.350000,1,80.690000,4.1134,93.010000,19.240000,1745.990000
2466,Entry long,2026-03-01 01:00,1961.660000,1,80.690000,4.1134,93.010000,19.240000,1745.990000
2465,Exit long,2026-02-28 18:30,1902.520000,1,-3.300000,-0.1732,2.040000,5.640000,1665.300000
2465,Entry long,2026-02-28 18:00,1905.820000,1,-3.300000,-0.1732,2.040000,5.640000,1665.300000
2464,Exit short,2026-02-28 18:00,1905.820000,1,-31.190000,-1.6366,0.540000,36.560000,1668.600000
2464,Entry short,2026-02-28 15:15,1874.630000,1,-31.190000,-1.6366,0.540000,36.560000,1668.600000
2463,Exit long,2026-02-28 14:45,1904.740000,1,0.430000,0.0226,10.680000,16.340000,1699.790000
2463,Entry long,2026-02-28 14:00,1904.310000,1,0.430000,0.0226,10.680000,16.340000,1699.790000
2462,Exit short,2026-02-28 14:00,1904.310000,1,-40.370000,-2.1199,3.640000,45.940000,1699.360000
2462,Entry short,2026-02-28 11:00,1863.940000,1,-40.370000,-2.1199,3.640000,45.940000,1699.360000
2461,Exit short,2026-02-28 06:15,1909.920000,1,16.090000,0.8424,17.890000,1.310000,1739.730000
2461,Entry short,2026-02-28 04:45,1926.010000,1,16.090000,0.8424,17.890000,1.310000,1739.730000
2460,Exit short,2026-02-28 04:15,1924.210000,1,2.950000,0.1533,10.390000,10.210000,1723.640000
2460,Entry short,2026-02-27 23:45,1927.160000,1,2.950000,0.1533,10.390000,10.210000,1723.640000
2459,Exit short,2026-02-27 22:30,1912.520000,1,10.490000,0.5485,12.910000,9.840000,1720.690000
2459,Entry short,2026-02-27 20:30,1923.010000,1,10.490000,0.5485,12.910000,9.840000,1720.690000
2458,Exit short,2026-02-27 10:15,1985.520000,1,33.310000,1.6776,35.830000,0.000000,1710.200000
2458,Entry short,2026-02-27 09:45,2018.830000,1,33.310000,1.6776,35.830000,0.000000,1710.200000
2457,Exit long,2026-02-27 09:45,2018.830000,1,-18.910000,-0.9280,3.820000,21.150000,1676.890000
2457,Entry long,2026-02-27 08:15,2037.740000,1,-18.910000,-0.9280,3.820000,21.150000,1676.890000
2456,Exit short,2026-02-27 08:00,2031.540000,1,-1.380000,-0.0679,9.160000,2.710000,1695.800000
2456,Entry short,2026-02-27 07:30,2030.160000,1,-1.380000,-0.0679,9.160000,2.710000,1695.800000
2455,Exit long,2026-02-27 07:30,2030.160000,1,-6.000000,-0.2947,4.670000,7.710000,1697.180000
2455,Entry long,2026-02-27 06:45,2036.160000,1,-6.000000,-0.2947,4.670000,7.710000,1697.180000
2454,Exit short,2026-02-27 06:45,2036.160000,1,-4.500000,-0.2210,0.970000,7.460000,1703.180000
2454,Entry short,2026-02-27 06:30,2031.660000,1,-4.500000,-0.2210,0.970000,7.460000,1703.180000
2453,Exit long,2026-02-27 04:45,2046.360000,1,17.080000,0.8417,34.430000,2.350000,1707.680000
2453,Entry long,2026-02-27 03:45,2029.280000,1,17.080000,0.8417,34.430000,2.350000,1707.680000
2452,Exit short,2026-02-27 03:45,2029.280000,1,-26.170000,-1.2896,3.910000,39.490000,1690.600000
2452,Entry short,2026-02-26 19:00,2003.110000,1,-26.170000,-1.2896,3.910000,39.490000,1690.600000
2451,Exit long,2026-02-26 19:00,2003.110000,1,-55.070000,-2.6757,19.220000,84.690000,1716.770000
2451,Entry long,2026-02-26 11:45,2058.180000,1,-55.070000,-2.6757,19.220000,84.690000,1716.770000
2450,Exit long,2026-02-26 09:45,2072.300000,1,15.790000,0.7678,26.580000,18.680000,1771.840000
2450,Entry long,2026-02-26 00:00,2056.510000,1,15.790000,0.7678,26.580000,18.680000,1771.840000
2449,Exit long,2026-02-25 09:45,1910.400000,1,5.020000,0.2635,11.590000,28.320000,1756.050000
2449,Entry long,2026-02-25 04:00,1905.380000,1,5.020000,0.2635,11.590000,28.320000,1756.050000
2448,Exit long,2026-02-25 02:00,1917.350000,1,60.590000,3.2632,68.170000,11.060000,1751.030000
2448,Entry long,2026-02-24 23:30,1856.760000,1,60.590000,3.2632,68.170000,11.060000,1751.030000
2447,Exit long,2026-02-24 22:45,1856.520000,1,6.390000,0.3454,13.370000,6.300000,1690.440000
2447,Entry long,2026-02-24 18:30,1850.130000,1,6.390000,0.3454,13.370000,6.300000,1690.440000
2446,Exit short,2026-02-24 18:30,1850.130000,1,-22.630000,-1.2232,31.500000,37.080000,1684.050000
2446,Entry short,2026-02-24 12:30,1827.500000,1,-22.630000,-1.2232,31.500000,37.080000,1684.050000
2445,Exit short,2026-02-24 11:45,1821.220000,1,0.830000,0.0456,4.950000,6.990000,1706.680000
2445,Entry short,2026-02-24 10:45,1822.050000,1,0.830000,0.0456,4.950000,6.990000,1706.680000
2444,Exit short,2026-02-24 10:00,1826.160000,1,4.280000,0.2344,17.280000,3.130000,1705.850000
2444,Entry short,2026-02-24 09:00,1830.440000,1,4.280000,0.2344,17.280000,3.130000,1705.850000
2443,Exit short,2026-02-24 02:30,1846.510000,1,15.190000,0.8226,51.240000,7.340000,1701.570000
2443,Entry short,2026-02-23 21:45,1861.700000,1,15.190000,0.8226,51.240000,7.340000,1701.570000
2442,Exit short,2026-02-23 16:30,1896.400000,1,-32.140000,-1.6948,1.930000,71.010000,1686.380000
2442,Entry short,2026-02-23 06:00,1864.260000,1,-32.140000,-1.6948,1.930000,71.010000,1686.380000
2441,Exit short,2026-02-23 01:45,1871.150000,1,76.260000,4.0756,83.250000,0.120000,1718.520000
2441,Entry short,2026-02-23 00:30,1947.410000,1,76.260000,4.0756,83.250000,0.120000,1718.520000
2440,Exit long,2026-02-23 00:30,1947.410000,1,-6.280000,-0.3214,0.870000,8.590000,1642.260000
2440,Entry long,2026-02-23 00:15,1953.690000,1,-6.280000,-0.3214,0.870000,8.590000,1642.260000
2439,Exit short,2026-02-23 00:15,1953.690000,1,-9.850000,-0.5042,4.920000,16.160000,1648.540000
2439,Entry short,2026-02-22 20:30,1943.840000,1,-9.850000,-0.5042,4.920000,16.160000,1648.540000
2438,Exit short,2026-02-22 17:00,1951.570000,1,1.240000,0.0635,6.300000,1.860000,1658.390000
2438,Entry short,2026-02-22 16:00,1952.810000,1,1.240000,0.0635,6.300000,1.860000,1658.390000
2437,Exit long,2026-02-22 11:00,1976.510000,1,1.750000,0.0886,4.550000,0.850000,1657.150000
2437,Entry long,2026-02-22 10:00,1974.760000,1,1.750000,0.0886,4.550000,0.850000,1657.150000
2436,Exit short,2026-02-22 09:00,1972.470000,1,2.540000,0.1288,5.970000,1.350000,1655.400000
2436,Entry short,2026-02-22 08:00,1975.010000,1,2.540000,0.1288,5.970000,1.350000,1655.400000
2435,Exit long,2026-02-22 08:00,1975.010000,1,-1.790000,-0.0906,0.410000,2.070000,1652.860000
2435,Entry long,2026-02-22 07:45,1976.800000,1,-1.790000,-0.0906,0.410000,2.070000,1652.860000
2434,Exit short,2026-02-22 07:45,1976.800000,1,-2.640000,-0.1335,7.940000,4.430000,1654.650000
2434,Entry short,2026-02-22 02:30,1974.160000,1,-2.640000,-0.1335,7.940000,4.430000,1654.650000
2433,Exit long,2026-02-22 02:00,1976.310000,1,-12.200000,-0.6135,0.900000,22.410000,1657.290000
2433,Entry long,2026-02-21 20:30,1988.510000,1,-12.200000,-0.6135,0.900000,22.410000,1657.290000
2432,Exit long,2026-02-21 18:15,1986.770000,1,-1.230000,-0.0619,3.910000,4.680000,1669.490000
2432,Entry long,2026-02-21 16:45,1988.000000,1,-1.230000,-0.0619,3.910000,4.680000,1669.490000
2431,Exit long,2026-02-21 14:15,1980.590000,1,9.070000,0.4601,12.850000,2.700000,1670.720000
2431,Entry long,2026-02-21 12:45,1971.520000,1,9.070000,0.4601,12.850000,2.700000,1670.720000
2430,Exit long,2026-02-21 08:45,1965.290000,1,1.410000,0.0718,1.940000,1.020000,1661.650000
2430,Entry long,2026-02-21 08:15,1963.880000,1,1.410000,0.0718,1.940000,1.020000,1661.650000
2429,Exit short,2026-02-21 08:15,1963.880000,1,-3.080000,-0.1568,0.300000,3.700000,1660.240000
2429,Entry short,2026-02-21 07:45,1960.800000,1,-3.080000,-0.1568,0.300000,3.700000,1660.240000
2428,Exit long,2026-02-21 07:45,1960.800000,1,-1.710000,-0.0871,0.840000,2.150000,1663.320000
2428,Entry long,2026-02-21 07:30,1962.510000,1,-1.710000,-0.0871,0.840000,2.150000,1663.320000
2427,Exit short,2026-02-21 07:30,1962.510000,1,-1.180000,-0.0601,2.330000,3.070000,1665.030000
2427,Entry short,2026-02-21 06:45,1961.330000,1,-1.180000,-0.0601,2.330000,3.070000,1665.030000
2426,Exit long,2026-02-21 06:45,1961.330000,1,-1.180000,-0.0601,0.020000,2.720000,1666.210000
2426,Entry long,2026-02-21 06:30,1962.510000,1,-1.180000,-0.0601,0.020000,2.720000,1666.210000
2425,Exit short,2026-02-21 06:30,1962.510000,1,-0.500000,-0.0255,1.290000,3.450000,1667.390000
2425,Entry short,2026-02-21 06:00,1962.010000,1,-0.500000,-0.0255,1.290000,3.450000,1667.390000
2424,Exit long,2026-02-21 06:00,1962.010000,1,-0.820000,-0.0418,0.330000,2.140000,1667.890000
2424,Entry long,2026-02-21 05:45,1962.830000,1,-0.820000,-0.0418,0.330000,2.140000,1667.890000
2423,Exit short,2026-02-21 03:45,1956.750000,1,3.060000,0.1564,4.740000,2.520000,1668.710000
2423,Entry short,2026-02-21 03:15,1959.810000,1,3.060000,0.1564,4.740000,2.520000,1668.710000
2422,Exit long,2026-02-21 03:15,1959.810000,1,-9.120000,-0.4632,5.500000,10.530000,1665.650000
2422,Entry long,2026-02-20 20:15,1968.930000,1,-9.120000,-0.4632,5.500000,10.530000,1665.650000
2421,Exit long,2026-02-20 18:30,1967.740000,1,10.370000,0.5298,12.890000,3.250000,1674.770000
2421,Entry long,2026-02-20 17:45,1957.370000,1,10.370000,0.5298,12.890000,3.250000,1674.770000
2420,Exit short,2026-02-20 17:45,1957.370000,1,-10.920000,-0.5579,8.850000,14.540000,1664.400000
2420,Entry short,2026-02-20 17:15,1946.450000,1,-10.920000,-0.5579,8.850000,14.540000,1664.400000
2419,Exit long,2026-02-20 16:30,1955.670000,1,6.270000,0.3216,23.470000,2.280000,1675.320000
2419,Entry long,2026-02-20 15:45,1949.400000,1,6.270000,0.3216,23.470000,2.280000,1675.320000
2418,Exit short,2026-02-20 15:45,1949.400000,1,-6.770000,-0.3473,8.070000,37.640000,1669.050000
2418,Entry short,2026-02-20 15:00,1942.630000,1,-6.770000,-0.3473,8.070000,37.640000,1669.050000
2417,Exit long,2026-02-20 09:45,1966.620000,1,7.800000,0.3982,12.350000,0.210000,1675.820000
2417,Entry long,2026-02-20 09:00,1958.820000,1,7.800000,0.3982,12.350000,0.210000,1675.820000
2416,Exit long,2026-02-20 06:30,1953.030000,1,-5.840000,-0.2981,2.090000,6.860000,1668.020000
2416,Entry long,2026-02-20 05:45,1958.870000,1,-5.840000,-0.2981,2.090000,6.860000,1668.020000
2415,Exit long,2026-02-20 04:00,1954.060000,1,2.570000,0.1317,8.210000,4.440000,1673.860000
2415,Entry long,2026-02-20 02:15,1951.490000,1,2.570000,0.1317,8.210000,4.440000,1673.860000
2414,Exit long,2026-02-20 00:00,1948.150000,1,5.170000,0.2661,7.450000,1.740000,1671.290000
2414,Entry long,2026-02-19 23:00,1942.980000,1,5.170000,0.2661,7.450000,1.740000,1671.290000
2413,Exit short,2026-02-19 23:00,1942.980000,1,-22.020000,-1.1333,11.530000,32.040000,1666.120000
2413,Entry short,2026-02-19 17:00,1920.960000,1,-22.020000,-1.1333,11.530000,32.040000,1666.120000
2412,Exit short,2026-02-19 10:30,1965.010000,1,-2.070000,-0.1053,6.630000,4.790000,1688.140000
2412,Entry short,2026-02-19 10:00,1962.940000,1,-2.070000,-0.1053,6.630000,4.790000,1688.140000
2411,Exit long,2026-02-19 10:00,1962.940000,1,-9.780000,-0.4958,6.900000,12.080000,1690.210000
2411,Entry long,2026-02-19 09:15,1972.720000,1,-9.780000,-0.4958,6.900000,12.080000,1690.210000
2410,Exit long,2026-02-19 07:00,1982.130000,1,12.750000,0.6474,15.040000,0.380000,1699.990000
2410,Entry long,2026-02-19 06:00,1969.380000,1,12.750000,0.6474,15.040000,0.380000,1699.990000
2409,Exit long,2026-02-19 04:00,1971.200000,1,7.010000,0.3569,8.150000,0.290000,1687.240000
2409,Entry long,2026-02-19 03:15,1964.190000,1,7.010000,0.3569,8.150000,0.290000,1687.240000
2408,Exit short,2026-02-19 03:15,1964.190000,1,-16.600000,-0.8451,0.100000,25.980000,1680.230000
2408,Entry short,2026-02-18 23:30,1947.590000,1,-16.600000,-0.8451,0.100000,25.980000,1680.230000
2407,Exit short,2026-02-18 19:15,1954.070000,1,19.830000,1.0148,27.000000,5.380000,1696.830000
2407,Entry short,2026-02-18 17:30,1973.900000,1,19.830000,1.0148,27.000000,5.380000,1696.830000
2406,Exit short,2026-02-18 16:45,1972.890000,1,8.250000,0.4182,17.140000,28.660000,1677.000000
2406,Entry short,2026-02-18 15:30,1981.140000,1,8.250000,0.4182,17.140000,28.660000,1677.000000
2405,Exit short,2026-02-18 14:30,1964.140000,1,10.450000,0.5320,15.000000,0.990000,1668.750000
2405,Entry short,2026-02-18 13:45,1974.590000,1,10.450000,0.5320,15.000000,0.990000,1668.750000
2404,Exit long,2026-02-18 08:30,2029.290000,1,18.480000,0.9190,27.460000,1.450000,1658.300000
2404,Entry long,2026-02-18 07:45,2010.810000,1,18.480000,0.9190,27.460000,1.450000,1658.300000
2403,Exit short,2026-02-18 07:45,2010.810000,1,-28.330000,-1.4089,0.630000,32.370000,1639.820000
2403,Entry short,2026-02-18 02:30,1982.480000,1,-28.330000,-1.4089,0.630000,32.370000,1639.820000
2402,Exit long,2026-02-18 02:30,1982.480000,1,-12.060000,-0.6047,8.710000,27.270000,1668.150000
2402,Entry long,2026-02-17 21:30,1994.540000,1,-12.060000,-0.6047,8.710000,27.270000,1668.150000
2401,Exit short,2026-02-17 18:15,1966.770000,1,-2.300000,-0.1169,11.860000,9.360000,1680.210000
2401,Entry short,2026-02-17 17:15,1964.470000,1,-2.300000,-0.1169,11.860000,9.360000,1680.210000
2400,Exit long,2026-02-17 16:45,1992.000000,1,5.660000,0.2849,23.550000,5.550000,1682.510000
2400,Entry long,2026-02-17 16:15,1986.340000,1,5.660000,0.2849,23.550000,5.550000,1682.510000
2399,Exit short,2026-02-17 15:15,1951.930000,1,13.710000,0.7024,23.210000,37.790000,1676.850000
2399,Entry short,2026-02-17 11:45,1965.640000,1,13.710000,0.7024,23.210000,37.790000,1676.850000
2398,Exit short,2026-02-17 09:45,1972.500000,1,10.330000,0.5237,14.440000,2.330000,1663.140000
2398,Entry short,2026-02-17 08:30,1982.830000,1,10.330000,0.5237,14.440000,2.330000,1663.140000
2397,Exit long,2026-02-17 08:30,1982.830000,1,-2.010000,-0.1013,5.080000,2.720000,1652.810000
2397,Entry long,2026-02-17 08:00,1984.840000,1,-2.010000,-0.1013,5.080000,2.720000,1652.810000
2396,Exit short,2026-02-17 08:00,1984.840000,1,-4.490000,-0.2262,8.060000,7.100000,1654.820000
2396,Entry short,2026-02-17 06:45,1980.350000,1,-4.490000,-0.2262,8.060000,7.100000,1654.820000
2395,Exit long,2026-02-17 06:45,1980.350000,1,-8.250000,-0.4149,2.010000,25.100000,1659.310000
2395,Entry long,2026-02-17 05:00,1988.600000,1,-8.250000,-0.4149,2.010000,25.100000,1659.310000
2394,Exit short,2026-02-17 05:00,1988.600000,1,-0.680000,-0.0342,1.430000,1.890000,1667.560000
2394,Entry short,2026-02-17 04:45,1987.920000,1,-0.680000,-0.0342,1.430000,1.890000,1667.560000
2393,Exit long,2026-02-17 04:45,1987.920000,1,-4.460000,-0.2239,0.010000,11.380000,1668.240000
2393,Entry long,2026-02-17 04:30,1992.380000,1,-4.460000,-0.2239,0.010000,11.380000,1668.240000
2392,Exit long,2026-02-16 23:45,1993.550000,1,-1.870000,-0.0937,3.770000,3.640000,1672.700000
2392,Entry long,2026-02-16 23:15,1995.420000,1,-1.870000,-0.0937,3.770000,3.640000,1672.700000
2391,Exit short,2026-02-16 23:15,1995.420000,1,-22.050000,-1.1050,3.270000,29.920000,1674.570000
2391,Entry short,2026-02-16 20:00,1973.370000,1,-22.050000,-1.1050,3.270000,29.920000,1674.570000
2390,Exit long,2026-02-16 20:00,1973.370000,1,-3.700000,-0.1871,1.620000,5.070000,1696.620000
2390,Entry long,2026-02-16 19:45,1977.070000,1,-3.700000,-0.1871,1.620000,5.070000,1696.620000
2389,Exit short,2026-02-16 19:45,1977.070000,1,-6.620000,-0.3348,10.230000,17.550000,1700.320000
2389,Entry short,2026-02-16 16:30,1970.450000,1,-6.620000,-0.3348,10.230000,17.550000,1700.320000
2388,Exit short,2026-02-16 14:30,1959.010000,1,16.730000,0.8540,22.700000,11.130000,1706.940000
2388,Entry short,2026-02-16 13:30,1975.740000,1,16.730000,0.8540,22.700000,11.130000,1706.940000
2387,Exit long,2026-02-16 13:30,1975.740000,1,-4.100000,-0.2071,43.460000,23.790000,1690.210000
2387,Entry long,2026-02-16 10:45,1979.840000,1,-4.100000,-0.2071,43.460000,23.790000,1690.210000
2386,Exit short,2026-02-16 10:45,1979.840000,1,-12.880000,-0.6506,0.000000,25.270000,1694.310000
2386,Entry short,2026-02-16 07:45,1966.960000,1,-12.880000,-0.6506,0.000000,25.270000,1694.310000
2385,Exit short,2026-02-16 06:00,1956.930000,1,7.760000,0.3965,13.100000,8.710000,1707.190000
2385,Entry short,2026-02-16 04:45,1964.690000,1,7.760000,0.3965,13.100000,8.710000,1707.190000
2384,Exit short,2026-02-16 03:00,1956.080000,1,1.090000,0.0557,14.430000,23.470000,1699.430000
2384,Entry short,2026-02-15 22:00,1957.170000,1,1.090000,0.0557,14.430000,23.470000,1699.430000
2383,Exit short,2026-02-15 09:45,2070.120000,1,2.010000,0.0971,18.670000,30.600000,1698.340000
2383,Entry short,2026-02-15 04:30,2072.130000,1,2.010000,0.0971,18.670000,30.600000,1698.340000
2382,Exit long,2026-02-15 04:30,2072.130000,1,-10.500000,-0.5042,4.450000,48.280000,1696.330000
2382,Entry long,2026-02-15 01:15,2082.630000,1,-10.500000,-0.5042,4.450000,48.280000,1696.330000
2381,Exit short,2026-02-15 01:15,2082.630000,1,-1.830000,-0.0879,9.200000,3.200000,1706.830000
2381,Entry short,2026-02-15 00:30,2080.800000,1,-1.830000,-0.0879,9.200000,3.200000,1706.830000
2380,Exit long,2026-02-15 00:30,2080.800000,1,-1.000000,-0.0480,17.140000,5.560000,1708.660000
2380,Entry long,2026-02-14 17:00,2081.800000,1,-1.000000,-0.0480,17.140000,5.560000,1708.660000
2379,Exit long,2026-02-14 15:30,2087.230000,1,19.240000,0.9304,25.000000,2.870000,1709.660000
2379,Entry long,2026-02-14 13:30,2067.990000,1,19.240000,0.9304,25.000000,2.870000,1709.660000
2378,Exit long,2026-02-14 08:45,2075.210000,1,30.660000,1.4996,47.270000,3.550000,1690.420000
2378,Entry long,2026-02-13 21:00,2044.550000,1,30.660000,1.4996,47.270000,3.550000,1690.420000
2377,Exit long,2026-02-13 14:00,1969.650000,1,1.470000,0.0747,12.150000,3.750000,1659.760000
2377,Entry long,2026-02-13 13:30,1968.180000,1,1.470000,0.0747,12.150000,3.750000,1659.760000
2376,Exit long,2026-02-13 13:00,1960.000000,1,0.740000,0.0378,4.760000,7.670000,1658.290000
2376,Entry long,2026-02-13 12:00,1959.260000,1,0.740000,0.0378,4.760000,7.670000,1658.290000
2375,Exit long,2026-02-13 09:30,1960.000000,1,15.830000,0.8142,20.330000,1.140000,1657.550000
2375,Entry long,2026-02-13 08:30,1944.170000,1,15.830000,0.8142,20.330000,1.140000,1657.550000
2374,Exit short,2026-02-13 08:30,1944.170000,1,-11.470000,-0.5900,1.060000,13.800000,1641.720000
2374,Entry short,2026-02-13 07:45,1932.700000,1,-11.470000,-0.5900,1.060000,13.800000,1641.720000
2373,Exit long,2026-02-13 07:45,1932.700000,1,-13.290000,-0.6829,0.870000,14.280000,1653.190000
2373,Entry long,2026-02-13 07:15,1945.990000,1,-13.290000,-0.6829,0.870000,14.280000,1653.190000
2372,Exit short,2026-02-13 05:45,1942.260000,1,-5.890000,-0.3033,2.180000,6.430000,1666.480000
2372,Entry short,2026-02-13 05:15,1936.370000,1,-5.890000,-0.3033,2.180000,6.430000,1666.480000
2371,Exit long,2026-02-13 03:15,1944.330000,1,0.480000,0.0247,7.410000,8.080000,1672.370000
2371,Entry long,2026-02-13 01:15,1943.850000,1,0.480000,0.0247,7.410000,8.080000,1672.370000
2370,Exit short,2026-02-13 01:15,1943.850000,1,-27.100000,-1.3941,8.460000,37.250000,1671.890000
2370,Entry short,2026-02-12 19:15,1916.750000,1,-27.100000,-1.3941,8.460000,37.250000,1671.890000
2369,Exit short,2026-02-12 17:00,1907.820000,1,58.150000,3.0480,72.200000,13.220000,1698.990000
2369,Entry short,2026-02-12 15:15,1965.970000,1,58.150000,3.0480,72.200000,13.220000,1698.990000
2368,Exit long,2026-02-12 15:15,1965.970000,1,-17.180000,-0.8663,12.380000,30.930000,1640.840000
2368,Entry long,2026-02-12 13:15,1983.150000,1,-17.180000,-0.8663,12.380000,30.930000,1640.840000
2367,Exit long,2026-02-12 10:30,1982.110000,1,17.510000,0.8913,25.400000,2.290000,1658.020000
2367,Entry long,2026-02-12 09:00,1964.600000,1,17.510000,0.8913,25.400000,2.290000,1658.020000
2366,Exit short,2026-02-12 09:00,1964.600000,1,-5.870000,-0.2988,1.470000,7.320000,1640.510000
2366,Entry short,2026-02-12 08:30,1958.730000,1,-5.870000,-0.2988,1.470000,7.320000,1640.510000
2365,Exit long,2026-02-12 08:30,1958.730000,1,-16.210000,-0.8208,0.260000,18.750000,1646.380000
2365,Entry long,2026-02-12 07:30,1974.940000,1,-16.210000,-0.8208,0.260000,18.750000,1646.380000
2364,Exit long,2026-02-12 07:00,1974.180000,1,6.180000,0.3140,14.360000,3.200000,1662.590000
2364,Entry long,2026-02-12 05:45,1968.000000,1,6.180000,0.3140,14.360000,3.200000,1662.590000
2363,Exit short,2026-02-12 05:45,1968.000000,1,-11.430000,-0.5808,4.330000,13.400000,1656.410000
2363,Entry short,2026-02-12 05:15,1956.570000,1,-11.430000,-0.5808,4.330000,13.400000,1656.410000
2362,Exit long,2026-02-12 05:15,1956.570000,1,-9.340000,-0.4751,8.740000,10.030000,1667.840000
2362,Entry long,2026-02-12 02:45,1965.910000,1,-9.340000,-0.4751,8.740000,10.030000,1667.840000
2361,Exit long,2026-02-12 01:15,1967.330000,1,15.440000,0.7910,15.940000,4.780000,1677.180000
2361,Entry long,2026-02-12 00:15,1951.890000,1,15.440000,0.7910,15.940000,4.780000,1677.180000
2360,Exit short,2026-02-12 00:00,1940.070000,1,6.420000,0.3309,16.870000,2.380000,1661.740000
2360,Entry short,2026-02-11 23:15,1946.490000,1,6.420000,0.3309,16.870000,2.380000,1661.740000
2359,Exit long,2026-02-11 23:15,1946.490000,1,-13.220000,-0.6746,2.980000,16.580000,1655.320000
2359,Entry long,2026-02-11 22:45,1959.710000,1,-13.220000,-0.6746,2.980000,16.580000,1655.320000
2358,Exit short,2026-02-11 22:45,1959.710000,1,-21.410000,-1.0925,1.300000,49.170000,1668.540000
2358,Entry short,2026-02-11 18:45,1938.300000,1,-21.410000,-1.0925,1.300000,49.170000,1668.540000
2357,Exit short,2026-02-11 17:15,1917.480000,1,17.370000,0.9059,27.320000,5.150000,1689.950000
2357,Entry short,2026-02-11 16:30,1934.850000,1,17.370000,0.9059,27.320000,5.150000,1689.950000
2356,Exit short,2026-02-11 15:45,1936.170000,1,26.200000,1.3532,61.150000,5.040000,1672.580000
2356,Entry short,2026-02-11 14:45,1962.370000,1,26.200000,1.3532,61.150000,5.040000,1672.580000
2355,Exit long,2026-02-11 14:45,1962.370000,1,-40.470000,-2.0206,3.150000,51.760000,1646.380000
2355,Entry long,2026-02-11 14:15,2002.840000,1,-40.470000,-2.0206,3.150000,51.760000,1646.380000
2354,Exit short,2026-02-11 14:15,2002.840000,1,-54.690000,-2.7306,7.030000,67.280000,1686.850000
2354,Entry short,2026-02-11 11:45,1948.150000,1,-54.690000,-2.7306,7.030000,67.280000,1686.850000
2353,Exit short,2026-02-11 05:15,1976.700000,1,31.700000,1.6037,46.430000,1.880000,1741.540000
2353,Entry short,2026-02-11 04:00,2008.400000,1,31.700000,1.6037,46.430000,1.880000,1741.540000
2352,Exit short,2026-02-11 03:30,2010.000000,1,6.520000,0.3244,20.520000,1.370000,1709.840000
2352,Entry short,2026-02-11 03:00,2016.520000,1,6.520000,0.3244,20.520000,1.370000,1709.840000
2351,Exit long,2026-02-11 02:30,2028.550000,1,5.390000,0.2664,7.840000,0.180000,1703.320000
2351,Entry long,2026-02-11 02:00,2023.160000,1,5.390000,0.2664,7.840000,0.180000,1703.320000
2350,Exit short,2026-02-11 02:00,2023.160000,1,-6.400000,-0.3163,5.330000,13.240000,1697.930000
2350,Entry short,2026-02-10 23:00,2016.760000,1,-6.400000,-0.3163,5.330000,13.240000,1697.930000
2349,Exit short,2026-02-10 22:00,2007.270000,1,9.550000,0.4758,21.250000,3.770000,1704.330000
2349,Entry short,2026-02-10 20:00,2016.820000,1,9.550000,0.4758,21.250000,3.770000,1704.330000
2348,Exit short,2026-02-10 19:00,2008.270000,1,18.510000,0.9217,32.670000,2.970000,1694.780000
2348,Entry short,2026-02-10 18:15,2026.780000,1,18.510000,0.9217,32.670000,2.970000,1694.780000
2347,Exit long,2026-02-10 18:15,2026.780000,1,-3.050000,-0.1503,16.270000,4.110000,1676.270000
2347,Entry long,2026-02-10 17:30,2029.830000,1,-3.050000,-0.1503,16.270000,4.110000,1676.270000
2346,Exit short,2026-02-10 17:30,2029.830000,1,-8.890000,-0.4380,37.170000,17.780000,1679.320000
2346,Entry short,2026-02-10 14:00,2020.940000,1,-8.890000,-0.4380,37.170000,17.780000,1679.320000
2345,Exit short,2026-02-10 11:00,2012.730000,1,8.640000,0.4293,13.130000,1.140000,1688.210000
2345,Entry short,2026-02-10 09:30,2021.370000,1,8.640000,0.4293,13.130000,1.140000,1688.210000
2344,Exit long,2026-02-10 02:15,2114.790000,1,-6.440000,-0.3036,4.010000,26.020000,1679.570000
2344,Entry long,2026-02-09 22:00,2121.230000,1,-6.440000,-0.3036,4.010000,26.020000,1679.570000
2343,Exit short,2026-02-09 22:00,2121.230000,1,-78.830000,-3.7162,11.110000,105.600000,1686.010000
2343,Entry short,2026-02-09 15:00,2042.400000,1,-78.830000,-3.7162,11.110000,105.600000,1686.010000
2342,Exit short,2026-02-09 14:30,2024.600000,1,7.380000,0.3645,23.980000,17.950000,1764.840000
2342,Entry short,2026-02-09 12:30,2031.980000,1,7.380000,0.3645,23.980000,17.950000,1764.840000
2341,Exit short,2026-02-09 07:00,2080.360000,1,0.080000,0.0038,9.410000,21.980000,1757.460000
2341,Entry short,2026-02-09 03:00,2080.440000,1,0.080000,0.0038,9.410000,21.980000,1757.460000
2340,Exit short,2026-02-09 02:30,2071.600000,1,-7.980000,-0.3852,10.700000,18.650000,1757.380000
2340,Entry short,2026-02-09 01:45,2063.620000,1,-7.980000,-0.3852,10.700000,18.650000,1757.380000
2339,Exit short,2026-02-09 01:00,2083.150000,1,7.960000,0.3821,20.650000,15.130000,1765.360000
2339,Entry short,2026-02-08 23:30,2091.110000,1,7.960000,0.3821,20.650000,15.130000,1765.360000
2338,Exit long,2026-02-08 23:30,2091.110000,1,-16.320000,-0.7744,44.570000,27.220000,1757.400000
2338,Entry long,2026-02-08 23:00,2107.430000,1,-16.320000,-0.7744,44.570000,27.220000,1757.400000
2337,Exit short,2026-02-08 23:00,2107.430000,1,-9.190000,-0.4361,0.420000,13.760000,1773.720000
2337,Entry short,2026-02-08 22:45,2098.240000,1,-9.190000,-0.4361,0.420000,13.760000,1773.720000
2336,Exit short,2026-02-08 22:15,2100.490000,1,-6.160000,-0.2933,5.950000,7.020000,1782.910000
2336,Entry short,2026-02-08 21:45,2094.330000,1,-6.160000,-0.2933,5.950000,7.020000,1782.910000
2335,Exit long,2026-02-08 21:45,2094.330000,1,-15.190000,-0.7201,4.740000,18.900000,1789.070000
2335,Entry long,2026-02-08 21:15,2109.520000,1,-15.190000,-0.7201,4.740000,18.900000,1789.070000
2334,Exit short,2026-02-08 21:15,2109.520000,1,-6.030000,-0.2858,2.550000,8.230000,1804.260000
2334,Entry short,2026-02-08 21:00,2103.490000,1,-6.030000,-0.2858,2.550000,8.230000,1804.260000
2333,Exit long,2026-02-08 19:15,2108.000000,1,-17.370000,-0.8173,4.580000,54.460000,1810.290000
2333,Entry long,2026-02-08 14:00,2125.370000,1,-17.370000,-0.8173,4.580000,54.460000,1810.290000
2332,Exit long,2026-02-08 12:30,2137.730000,1,38.180000,1.8185,39.450000,17.550000,1827.660000
2332,Entry long,2026-02-08 10:00,2099.550000,1,38.180000,1.8185,39.450000,17.550000,1827.660000
2331,Exit long,2026-02-08 09:15,2107.650000,1,24.160000,1.1596,40.510000,6.480000,1789.480000
2331,Entry long,2026-02-08 08:00,2083.490000,1,24.160000,1.1596,40.510000,6.480000,1789.480000
2330,Exit short,2026-02-08 07:45,2077.400000,1,3.030000,0.1459,13.270000,2.550000,1765.320000
2330,Entry short,2026-02-08 06:45,2080.430000,1,3.030000,0.1459,13.270000,2.550000,1765.320000
2329,Exit long,2026-02-08 06:45,2080.430000,1,-6.690000,-0.3205,18.880000,21.840000,1762.290000
2329,Entry long,2026-02-07 23:45,2087.120000,1,-6.690000,-0.3205,18.880000,21.840000,1762.290000
2328,Exit long,2026-02-07 18:15,2065.010000,1,12.630000,0.6154,20.430000,20.720000,1768.980000
2328,Entry long,2026-02-07 16:30,2052.380000,1,12.630000,0.6154,20.430000,20.720000,1768.980000
2327,Exit long,2026-02-07 16:00,2051.490000,1,13.030000,0.6392,24.660000,6.210000,1756.350000
2327,Entry long,2026-02-07 15:15,2038.460000,1,13.030000,0.6392,24.660000,6.210000,1756.350000
2326,Exit short,2026-02-07 15:15,2038.460000,1,-8.980000,-0.4405,21.300000,12.220000,1743.320000
2326,Entry short,2026-02-07 14:45,2029.480000,1,-8.980000,-0.4405,21.300000,12.220000,1743.320000
2325,Exit long,2026-02-07 14:30,2041.520000,1,0.750000,0.0368,7.980000,3.730000,1752.300000
2325,Entry long,2026-02-07 14:00,2040.770000,1,0.750000,0.0368,7.980000,3.730000,1752.300000
2324,Exit long,2026-02-07 12:45,2041.920000,1,2.090000,0.1025,35.780000,3.290000,1751.550000
2324,Entry long,2026-02-07 12:15,2039.830000,1,2.090000,0.1025,35.780000,3.290000,1751.550000
2323,Exit short,2026-02-07 07:45,2033.730000,1,12.820000,0.6304,53.210000,8.310000,1749.460000
2323,Entry short,2026-02-07 07:00,2046.550000,1,12.820000,0.6304,53.210000,8.310000,1749.460000
2322,Exit long,2026-02-07 07:00,2046.550000,1,-35.180000,-1.6899,2.280000,35.770000,1736.640000
2322,Entry long,2026-02-07 06:15,2081.730000,1,-35.180000,-1.6899,2.280000,35.770000,1736.640000
2321,Exit long,2026-02-07 03:45,2077.510000,1,34.420000,1.6847,38.670000,11.330000,1771.820000
2321,Entry long,2026-02-07 01:00,2043.090000,1,34.420000,1.6847,38.670000,11.330000,1771.820000
2320,Exit long,2026-02-06 23:15,2067.670000,1,11.070000,0.5383,31.100000,11.520000,1737.400000
2320,Entry long,2026-02-06 21:30,2056.600000,1,11.070000,0.5383,31.100000,11.520000,1737.400000
2319,Exit long,2026-02-06 14:15,1943.810000,1,23.800000,1.2396,41.830000,1.550000,1726.330000
2319,Entry long,2026-02-06 13:00,1920.010000,1,23.800000,1.2396,41.830000,1.550000,1726.330000
2318,Exit short,2026-02-06 07:30,1902.060000,1,-32.540000,-1.7108,133.500000,105.310000,1702.530000
2318,Entry short,2026-02-05 23:00,1869.520000,1,-32.540000,-1.7108,133.500000,105.310000,1702.530000
2317,Exit short,2026-02-05 18:30,1935.620000,1,38.660000,1.9973,47.170000,18.600000,1735.070000
2317,Entry short,2026-02-05 17:15,1974.280000,1,38.660000,1.9973,47.170000,18.600000,1735.070000
2316,Exit short,2026-02-05 16:00,1959.210000,1,117.140000,5.9789,150.940000,30.990000,1696.410000
2316,Entry short,2026-02-05 14:30,2076.350000,1,117.140000,5.9789,150.940000,30.990000,1696.410000
2315,Exit short,2026-02-05 11:45,2087.640000,1,27.430000,1.3139,55.070000,34.310000,1579.270000
2315,Entry short,2026-02-05 07:30,2115.070000,1,27.430000,1.3139,55.070000,34.310000,1579.270000
2314,Exit short,2026-02-05 07:00,2086.310000,1,14.130000,0.6773,39.220000,6.220000,1551.840000
2314,Entry short,2026-02-05 06:00,2100.440000,1,14.130000,0.6773,39.220000,6.220000,1551.840000
2313,Exit short,2026-02-05 04:00,2109.120000,1,19.930000,0.9449,32.230000,43.950000,1537.710000
2313,Entry short,2026-02-04 22:45,2129.050000,1,19.930000,0.9449,32.230000,43.950000,1537.710000
2312,Exit short,2026-02-04 22:15,2112.830000,1,34.420000,1.6291,61.250000,47.750000,1517.780000
2312,Entry short,2026-02-04 19:00,2147.250000,1,34.420000,1.6291,61.250000,47.750000,1517.780000
2311,Exit short,2026-02-04 13:00,2243.100000,1,10.630000,0.4739,22.920000,8.470000,1483.360000
2311,Entry short,2026-02-04 12:00,2253.730000,1,10.630000,0.4739,22.920000,8.470000,1483.360000
2310,Exit long,2026-02-04 12:00,2253.730000,1,-20.060000,-0.8822,20.590000,48.550000,1472.730000
2310,Entry long,2026-02-04 06:15,2273.790000,1,-20.060000,-0.8822,20.590000,48.550000,1472.730000
2309,Exit long,2026-02-04 03:45,2282.330000,1,7.010000,0.3081,19.680000,11.700000,1492.790000
2309,Entry long,2026-02-04 03:15,2275.320000,1,7.010000,0.3081,19.680000,11.700000,1492.790000
2308,Exit short,2026-02-04 03:15,2275.320000,1,-35.580000,-1.5637,0.000000,40.760000,1485.780000
2308,Entry short,2026-02-04 01:00,2239.740000,1,-35.580000,-1.5637,0.000000,40.760000,1485.780000
2307,Exit short,2026-02-03 23:30,2233.300000,1,-28.970000,-1.2972,17.640000,149.640000,1521.360000
2307,Entry short,2026-02-03 20:00,2204.330000,1,-28.970000,-1.2972,17.640000,149.640000,1521.360000
2306,Exit short,2026-02-03 17:15,2221.120000,1,72.250000,3.2529,76.440000,22.990000,1550.330000
2306,Entry short,2026-02-03 12:30,2293.370000,1,72.250000,3.2529,76.440000,22.990000,1550.330000
2305,Exit short,2026-02-03 09:45,2292.430000,1,-10.690000,-0.4663,21.970000,16.940000,1478.080000
2305,Entry short,2026-02-03 09:15,2281.740000,1,-10.690000,-0.4663,21.970000,16.940000,1478.080000
2304,Exit long,2026-02-03 09:15,2281.740000,1,-46.230000,-1.9859,0.440000,48.720000,1488.770000
2304,Entry long,2026-02-03 08:45,2327.970000,1,-46.230000,-1.9859,0.440000,48.720000,1488.770000
2303,Exit short,2026-02-03 08:45,2327.970000,1,-10.930000,-0.4695,9.260000,15.960000,1535.000000
2303,Entry short,2026-02-03 06:45,2317.040000,1,-10.930000,-0.4695,9.260000,15.960000,1535.000000
2302,Exit short,2026-02-03 05:45,2322.110000,1,3.600000,0.1550,7.910000,6.050000,1545.930000
2302,Entry short,2026-02-03 05:15,2325.710000,1,3.600000,0.1550,7.910000,6.050000,1545.930000
2301,Exit long,2026-02-03 04:30,2332.840000,1,-40.200000,-1.6940,6.950000,91.030000,1542.330000
2301,Entry long,2026-02-02 17:15,2373.040000,1,-40.200000,-1.6940,6.950000,91.030000,1542.330000
2300,Exit short,2026-02-02 17:15,2373.040000,1,-146.560000,-6.1760,11.280000,168.920000,1582.530000
2300,Entry short,2026-02-02 07:00,2226.480000,1,-146.560000,-6.1760,11.280000,168.920000,1582.530000
2299,Exit short,2026-02-02 06:00,2196.700000,1,57.670000,2.6253,71.300000,2.380000,1729.090000
2299,Entry short,2026-02-02 04:45,2254.370000,1,57.670000,2.6253,71.300000,2.380000,1729.090000
2298,Exit short,2026-02-02 04:00,2237.400000,1,76.190000,3.4053,150.380000,17.660000,1671.420000
2298,Entry short,2026-02-01 22:30,2313.590000,1,76.190000,3.4053,150.380000,17.660000,1671.420000
2297,Exit short,2026-02-01 21:45,2306.840000,1,36.820000,1.5961,53.040000,12.540000,1595.230000
2297,Entry short,2026-02-01 18:45,2343.660000,1,36.820000,1.5961,53.040000,12.540000,1595.230000
2296,Exit short,2026-02-01 16:00,2314.570000,1,96.080000,4.1511,125.970000,0.660000,1558.410000
2296,Entry short,2026-02-01 12:00,2410.650000,1,96.080000,4.1511,125.970000,0.660000,1558.410000
2295,Exit short,2026-02-01 11:15,2391.970000,1,18.020000,0.7534,35.340000,27.960000,1462.330000
2295,Entry short,2026-02-01 08:00,2409.990000,1,18.020000,0.7534,35.340000,27.960000,1462.330000
2294,Exit short,2026-02-01 06:15,2436.490000,1,-24.490000,-1.0051,7.350000,62.980000,1444.310000
2294,Entry short,2026-01-31 22:15,2412.000000,1,-24.490000,-1.0051,7.350000,62.980000,1444.310000
2293,Exit short,2026-01-31 07:00,2691.600000,1,2.890000,0.1074,11.850000,18.940000,1468.800000
2293,Entry short,2026-01-30 22:15,2694.490000,1,2.890000,0.1074,11.850000,18.940000,1468.800000
2292,Exit short,2026-01-30 21:00,2678.820000,1,39.580000,1.4775,55.930000,6.590000,1465.910000
2292,Entry short,2026-01-30 20:15,2718.400000,1,39.580000,1.4775,55.930000,6.590000,1465.910000
2291,Exit long,2026-01-30 19:45,2740.200000,1,0.940000,0.0343,20.740000,6.180000,1426.330000
2291,Entry long,2026-01-30 19:00,2739.260000,1,0.940000,0.0343,20.740000,6.180000,1426.330000
2290,Exit short,2026-01-30 18:15,2700.100000,1,37.400000,1.3851,48.500000,30.300000,1425.390000
2290,Entry short,2026-01-30 07:30,2737.500000,1,37.400000,1.3851,48.500000,30.300000,1425.390000
2289,Exit short,2026-01-30 07:00,2717.000000,1,38.900000,1.4317,60.870000,3.950000,1387.990000
2289,Entry short,2026-01-30 04:45,2755.900000,1,38.900000,1.4317,60.870000,3.950000,1387.990000
2288,Exit short,2026-01-30 02:15,2728.590000,1,84.870000,3.1104,140.130000,13.810000,1349.090000
2288,Entry short,2026-01-29 21:30,2813.460000,1,84.870000,3.1104,140.130000,13.810000,1349.090000
2287,Exit short,2026-01-29 18:15,2826.120000,1,5.870000,0.2077,14.470000,1.410000,1264.220000
2287,Entry short,2026-01-29 17:45,2831.990000,1,5.870000,0.2077,14.470000,1.410000,1264.220000
2286,Exit short,2026-01-29 15:45,2800.620000,1,136.570000,4.8764,142.160000,0.000000,1258.350000
2286,Entry short,2026-01-29 13:30,2937.190000,1,136.570000,4.8764,142.160000,0.000000,1258.350000
2285,Exit short,2026-01-29 09:45,2948.540000,1,-2.030000,-0.0688,4.310000,22.490000,1121.780000
2285,Entry short,2026-01-29 08:15,2946.510000,1,-2.030000,-0.0688,4.310000,22.490000,1121.780000
2284,Exit short,2026-01-29 00:45,2998.100000,1,13.940000,0.4650,14.590000,2.660000,1123.810000
2284,Entry short,2026-01-28 23:30,3012.040000,1,13.940000,0.4650,14.590000,2.660000,1123.810000
2283,Exit long,2026-01-28 23:30,3012.040000,1,-0.990000,-0.0329,13.270000,6.030000,1109.870000
2283,Entry long,2026-01-28 21:30,3013.030000,1,-0.990000,-0.0329,13.270000,6.030000,1109.870000
2282,Exit short,2026-01-28 21:30,3013.030000,1,-2.360000,-0.0783,15.660000,7.840000,1110.860000
2282,Entry short,2026-01-28 21:00,3010.670000,1,-2.360000,-0.0783,15.660000,7.840000,1110.860000
2281,Exit long,2026-01-28 21:00,3010.670000,1,-0.040000,-0.0013,27.390000,15.410000,1113.220000
2281,Entry long,2026-01-28 19:30,3010.710000,1,-0.040000,-0.0013,27.390000,15.410000,1113.220000
2280,Exit short,2026-01-28 19:30,3010.710000,1,-1.530000,-0.0508,14.020000,14.060000,1113.260000
2280,Entry short,2026-01-28 18:45,3009.180000,1,-1.530000,-0.0508,14.020000,14.060000,1113.260000
2279,Exit long,2026-01-28 18:45,3009.180000,1,-10.410000,-0.3447,11.190000,37.890000,1114.790000
2279,Entry long,2026-01-28 14:45,3019.590000,1,-10.410000,-0.3447,11.190000,37.890000,1114.790000
2278,Exit long,2026-01-28 10:45,3025.120000,1,16.040000,0.5331,29.780000,1.950000,1125.200000
2278,Entry long,2026-01-28 09:45,3009.080000,1,16.040000,0.5331,29.780000,1.950000,1125.200000
2277,Exit short,2026-01-28 09:00,2989.420000,1,8.370000,0.2800,10.790000,1.940000,1109.160000
2277,Entry short,2026-01-28 08:15,2997.790000,1,8.370000,0.2800,10.790000,1.940000,1109.160000
2276,Exit long,2026-01-28 08:15,2997.790000,1,-19.660000,-0.6515,3.550000,25.920000,1100.790000
2276,Entry long,2026-01-28 01:15,3017.450000,1,-19.660000,-0.6515,3.550000,25.920000,1100.790000
2275,Exit long,2026-01-27 19:45,2988.940000,1,49.110000,1.6705,51.630000,1.490000,1120.450000
2275,Entry long,2026-01-27 18:15,2939.830000,1,49.110000,1.6705,51.630000,1.490000,1120.450000
2274,Exit short,2026-01-27 18:15,2939.830000,1,-19.570000,-0.6657,3.750000,26.300000,1071.340000
2274,Entry short,2026-01-27 17:45,2920.260000,1,-19.570000,-0.6657,3.750000,26.300000,1071.340000
2273,Exit long,2026-01-27 16:45,2991.220000,1,55.060000,1.8752,61.480000,2.600000,1090.910000
2273,Entry long,2026-01-27 16:00,2936.160000,1,55.060000,1.8752,61.480000,2.600000,1090.910000
2272,Exit short,2026-01-27 16:00,2936.160000,1,-21.580000,-0.7350,1.090000,26.220000,1035.850000
2272,Entry short,2026-01-27 15:30,2914.580000,1,-21.580000,-0.7350,1.090000,26.220000,1035.850000
2271,Exit long,2026-01-27 15:30,2914.580000,1,-15.300000,-0.5222,0.770000,15.790000,1057.430000
2271,Entry long,2026-01-27 15:15,2929.880000,1,-15.300000,-0.5222,0.770000,15.790000,1057.430000
2270,Exit short,2026-01-27 15:15,2929.880000,1,-20.090000,-0.6857,1.580000,29.210000,1072.730000
2270,Entry short,2026-01-27 14:45,2909.790000,1,-20.090000,-0.6857,1.580000,29.210000,1072.730000
2269,Exit long,2026-01-27 14:45,2909.790000,1,-15.840000,-0.5414,18.630000,20.130000,1092.820000
2269,Entry long,2026-01-27 14:15,2925.630000,1,-15.840000,-0.5414,18.630000,20.130000,1092.820000
2268,Exit short,2026-01-27 14:15,2925.630000,1,-5.950000,-0.2034,15.530000,7.190000,1108.660000
2268,Entry short,2026-01-27 12:15,2919.680000,1,-5.950000,-0.2034,15.530000,7.190000,1108.660000
2267,Exit long,2026-01-27 12:15,2919.680000,1,-9.730000,-0.3321,1.520000,30.520000,1114.610000
2267,Entry long,2026-01-27 08:15,2929.410000,1,-9.730000,-0.3321,1.520000,30.520000,1114.610000
2266,Exit short,2026-01-27 08:15,2929.410000,1,-1.470000,-0.0502,1.600000,3.520000,1124.340000
2266,Entry short,2026-01-27 08:00,2927.940000,1,-1.470000,-0.0502,1.600000,3.520000,1124.340000
2265,Exit long,2026-01-27 08:00,2927.940000,1,-10.330000,-0.3516,3.210000,15.060000,1125.810000
2265,Entry long,2026-01-27 05:45,2938.270000,1,-10.330000,-0.3516,3.210000,15.060000,1125.810000
2264,Exit long,2026-01-27 02:00,2931.200000,1,7.740000,0.2648,15.250000,12.530000,1136.140000
2264,Entry long,2026-01-27 00:30,2923.460000,1,7.740000,0.2648,15.250000,12.530000,1136.140000
2263,Exit long,2026-01-27 00:00,2928.890000,1,-3.390000,-0.1156,11.890000,4.280000,1128.400000
2263,Entry long,2026-01-26 23:30,2932.280000,1,-3.390000,-0.1156,11.890000,4.280000,1128.400000
2262,Exit long,2026-01-26 22:15,2921.400000,1,11.130000,0.3824,35.330000,1.250000,1131.790000
2262,Entry long,2026-01-26 21:30,2910.270000,1,11.130000,0.3824,35.330000,1.250000,1131.790000
2261,Exit long,2026-01-26 18:45,2912.990000,1,14.860000,0.5127,31.700000,13.200000,1120.660000
2261,Entry long,2026-01-26 16:00,2898.130000,1,14.860000,0.5127,31.700000,13.200000,1120.660000
2260,Exit short,2026-01-26 16:00,2898.130000,1,-6.270000,-0.2163,5.650000,15.740000,1105.800000
2260,Entry short,2026-01-26 15:45,2891.860000,1,-6.270000,-0.2163,5.650000,15.740000,1105.800000
2259,Exit long,2026-01-26 12:45,2898.600000,1,7.690000,0.2660,24.070000,0.000000,1112.070000
2259,Entry long,2026-01-26 12:00,2890.910000,1,7.690000,0.2660,24.070000,0.000000,1112.070000
2258,Exit long,2026-01-26 11:00,2894.850000,1,2.090000,0.0722,7.240000,1.330000,1104.380000
2258,Entry long,2026-01-26 10:15,2892.760000,1,2.090000,0.0722,7.240000,1.330000,1104.380000
2257,Exit long,2026-01-26 05:00,2864.910000,1,-5.950000,-0.2073,3.380000,10.440000,1102.290000
2257,Entry long,2026-01-26 04:30,2870.860000,1,-5.950000,-0.2073,3.380000,10.440000,1102.290000
2256,Exit short,2026-01-26 04:30,2870.860000,1,-38.960000,-1.3571,3.070000,66.120000,1108.240000
2256,Entry short,2026-01-26 00:45,2831.900000,1,-38.960000,-1.3571,3.070000,66.120000,1108.240000
2255,Exit short,2026-01-25 15:00,2931.290000,1,12.350000,0.4213,20.600000,1.890000,1147.200000
2255,Entry short,2026-01-25 10:45,2943.640000,1,12.350000,0.4213,20.600000,1.890000,1147.200000
2254,Exit long,2026-01-25 10:45,2943.640000,1,-1.700000,-0.0577,1.660000,6.920000,1134.850000
2254,Entry long,2026-01-25 10:30,2945.340000,1,-1.700000,-0.0577,1.660000,6.920000,1134.850000
2253,Exit short,2026-01-25 09:15,2931.330000,1,12.680000,0.4326,25.460000,3.640000,1136.550000
2253,Entry short,2026-01-25 05:00,2944.010000,1,12.680000,0.4326,25.460000,3.640000,1136.550000
2252,Exit short,2026-01-25 03:15,2949.670000,1,2.080000,0.0705,3.650000,5.310000,1123.870000
2252,Entry short,2026-01-25 01:30,2951.750000,1,2.080000,0.0705,3.650000,5.310000,1123.870000
2251,Exit long,2026-01-25 01:30,2951.750000,1,-5.890000,-0.1991,1.630000,6.090000,1121.790000
2251,Entry long,2026-01-25 01:00,2957.640000,1,-5.890000,-0.1991,1.630000,6.090000,1121.790000
2250,Exit short,2026-01-25 00:15,2953.970000,1,3.810000,0.1290,6.780000,5.240000,1127.680000
2250,Entry short,2026-01-24 22:45,2957.780000,1,3.810000,0.1290,6.780000,5.240000,1127.680000
2249,Exit long,2026-01-24 17:45,2961.070000,1,-0.850000,-0.0287,3.080000,2.110000,1123.870000
2249,Entry long,2026-01-24 17:15,2961.920000,1,-0.850000,-0.0287,3.080000,2.110000,1123.870000
2248,Exit short,2026-01-24 17:15,2961.920000,1,-3.800000,-0.1283,7.870000,5.260000,1124.720000
2248,Entry short,2026-01-24 15:45,2958.120000,1,-3.800000,-0.1283,7.870000,5.260000,1124.720000
2247,Exit long,2026-01-24 15:45,2958.120000,1,-8.500000,-0.2865,0.000000,9.000000,1128.520000
2247,Entry long,2026-01-24 15:15,2966.620000,1,-8.500000,-0.2865,0.000000,9.000000,1128.520000
2246,Exit short,2026-01-24 15:15,2966.620000,1,-8.630000,-0.2909,0.000000,8.940000,1137.020000
2246,Entry short,2026-01-24 15:00,2957.990000,1,-8.630000,-0.2909,0.000000,8.940000,1137.020000
2245,Exit long,2026-01-24 15:00,2957.990000,1,-2.790000,-0.0942,2.800000,18.780000,1145.650000
2245,Entry long,2026-01-24 12:30,2960.780000,1,-2.790000,-0.0942,2.800000,18.780000,1145.650000
2244,Exit long,2026-01-24 11:45,2962.400000,1,2.070000,0.0699,3.810000,7.300000,1148.440000
2244,Entry long,2026-01-24 04:45,2960.330000,1,2.070000,0.0699,3.810000,7.300000,1148.440000
2243,Exit long,2026-01-24 02:45,2958.160000,1,0.460000,0.0156,3.500000,7.310000,1146.370000
2243,Entry long,2026-01-24 01:30,2957.700000,1,0.460000,0.0156,3.500000,7.310000,1146.370000
2242,Exit short,2026-01-24 01:30,2957.700000,1,-7.060000,-0.2387,2.920000,7.730000,1145.910000
2242,Entry short,2026-01-24 00:30,2950.640000,1,-7.060000,-0.2387,2.920000,7.730000,1145.910000
2241,Exit long,2026-01-24 00:30,2950.640000,1,-7.600000,-0.2569,4.400000,29.240000,1152.970000
2241,Entry long,2026-01-23 20:00,2958.240000,1,-7.600000,-0.2569,4.400000,29.240000,1152.970000
2240,Exit short,2026-01-23 15:15,2908.680000,1,28.020000,0.9633,46.500000,9.640000,1160.570000
2240,Entry short,2026-01-23 11:30,2936.700000,1,28.020000,0.9633,46.500000,9.640000,1160.570000
2239,Exit long,2026-01-23 11:30,2936.700000,1,-32.400000,-1.0912,5.290000,55.610000,1132.550000
2239,Entry long,2026-01-23 05:45,2969.100000,1,-32.400000,-1.0912,5.290000,55.610000,1132.550000
2238,Exit short,2026-01-23 05:45,2969.100000,1,-25.920000,-0.8730,16.300000,40.440000,1164.950000
2238,Entry short,2026-01-22 17:15,2943.180000,1,-25.920000,-0.8730,16.300000,40.440000,1164.950000
2237,Exit short,2026-01-22 12:15,2987.730000,1,12.280000,0.4110,23.940000,5.830000,1190.870000
2237,Entry short,2026-01-22 10:45,3000.010000,1,12.280000,0.4110,23.940000,5.830000,1190.870000
2236,Exit long,2026-01-22 10:45,3000.010000,1,-25.830000,-0.8536,1.160000,35.070000,1178.590000
2236,Entry long,2026-01-22 03:15,3025.840000,1,-25.830000,-0.8536,1.160000,35.070000,1178.590000
2235,Exit long,2026-01-22 01:45,3016.960000,1,22.440000,0.7494,33.470000,6.410000,1204.420000
2235,Entry long,2026-01-22 00:15,2994.520000,1,22.440000,0.7494,33.470000,6.410000,1204.420000
2234,Exit short,2026-01-22 00:15,2994.520000,1,-72.910000,-2.4348,2.610000,147.730000,1181.980000
2234,Entry short,2026-01-21 19:15,2921.610000,1,-72.910000,-2.4348,2.610000,147.730000,1181.980000
2233,Exit short,2026-01-21 17:15,2871.600000,1,60.640000,2.1117,65.940000,93.820000,1254.890000
2233,Entry short,2026-01-21 13:30,2932.240000,1,60.640000,2.1117,65.940000,93.820000,1254.890000
2232,Exit short,2026-01-21 12:45,2917.760000,1,44.580000,1.5279,62.030000,8.270000,1194.250000
2232,Entry short,2026-01-21 11:00,2962.340000,1,44.580000,1.5279,62.030000,8.270000,1194.250000
2231,Exit short,2026-01-21 10:30,2963.690000,1,-11.230000,-0.3789,1.920000,13.330000,1149.670000
2231,Entry short,2026-01-21 10:00,2952.460000,1,-11.230000,-0.3789,1.920000,13.330000,1149.670000
2230,Exit short,2026-01-21 08:30,2965.400000,1,0.500000,0.0169,9.680000,35.110000,1160.900000
2230,Entry short,2026-01-21 01:15,2965.900000,1,0.500000,0.0169,9.680000,35.110000,1160.900000
2229,Exit short,2026-01-20 23:15,2941.880000,1,55.180000,1.8757,87.060000,9.550000,1160.400000
2229,Entry short,2026-01-20 20:45,2997.060000,1,55.180000,1.8757,87.060000,9.550000,1160.400000
2228,Exit short,2026-01-20 13:45,3085.790000,1,19.850000,0.6433,33.230000,7.880000,1105.220000
2228,Entry short,2026-01-20 11:45,3105.640000,1,19.850000,0.6433,33.230000,7.880000,1105.220000
2227,Exit short,2026-01-20 05:45,3166.000000,1,26.160000,0.8263,42.160000,7.570000,1085.370000
2227,Entry short,2026-01-20 02:00,3192.160000,1,26.160000,0.8263,42.160000,7.570000,1085.370000
2226,Exit short,2026-01-19 21:45,3214.780000,1,-18.280000,-0.5686,0.470000,38.210000,1059.210000
2226,Entry short,2026-01-19 08:15,3196.500000,1,-18.280000,-0.5686,0.470000,38.210000,1059.210000
2225,Exit short,2026-01-19 06:15,3196.060000,1,6.770000,0.2118,9.080000,7.670000,1077.490000
2225,Entry short,2026-01-19 05:15,3202.830000,1,6.770000,0.2118,9.080000,7.670000,1077.490000
2224,Exit long,2026-01-19 05:15,3202.830000,1,-147.860000,-4.4128,5.450000,175.690000,1070.720000
2224,Entry long,2026-01-18 20:30,3350.690000,1,-147.860000,-4.4128,5.450000,175.690000,1070.720000
2223,Exit long,2026-01-18 16:15,3332.670000,1,2.290000,0.0688,5.940000,3.240000,1218.580000
2223,Entry long,2026-01-18 15:30,3330.380000,1,2.290000,0.0688,5.940000,3.240000,1218.580000
2222,Exit long,2026-01-18 14:45,3329.360000,1,8.750000,0.2635,26.090000,7.900000,1216.290000
2222,Entry long,2026-01-18 12:00,3320.610000,1,8.750000,0.2635,26.090000,7.900000,1216.290000
2221,Exit long,2026-01-18 10:00,3321.480000,1,7.400000,0.2233,9.910000,12.520000,1207.540000
2221,Entry long,2026-01-18 07:00,3314.080000,1,7.400000,0.2233,9.910000,12.520000,1207.540000
2220,Exit long,2026-01-18 04:15,3314.310000,1,-3.500000,-0.1055,1.960000,23.290000,1200.140000
2220,Entry long,2026-01-17 18:30,3317.810000,1,-3.500000,-0.1055,1.960000,23.290000,1200.140000
2219,Exit long,2026-01-17 17:45,3321.320000,1,3.900000,0.1176,9.580000,1.860000,1203.640000
2219,Entry long,2026-01-17 17:00,3317.420000,1,3.900000,0.1176,9.580000,1.860000,1203.640000
2218,Exit long,2026-01-17 14:45,3305.470000,1,4.470000,0.1354,9.610000,1.940000,1199.740000
2218,Entry long,2026-01-17 13:30,3301.000000,1,4.470000,0.1354,9.610000,1.940000,1199.740000
2217,Exit long,2026-01-17 09:00,3295.200000,1,4.680000,0.1422,5.130000,2.520000,1195.270000
2217,Entry long,2026-01-17 07:30,3290.520000,1,4.680000,0.1422,5.130000,2.520000,1195.270000
2216,Exit short,2026-01-17 07:30,3290.520000,1,-1.780000,-0.0541,0.450000,2.460000,1190.590000
2216,Entry short,2026-01-17 07:15,3288.740000,1,-1.780000,-0.0541,0.450000,2.460000,1190.590000
2215,Exit long,2026-01-17 07:15,3288.740000,1,-1.130000,-0.0343,0.000000,4.050000,1192.370000
2215,Entry long,2026-01-17 07:00,3289.870000,1,-1.130000,-0.0343,0.000000,4.050000,1192.370000
2214,Exit short,2026-01-17 07:00,3289.870000,1,-1.630000,-0.0495,2.150000,4.400000,1193.500000
2214,Entry short,2026-01-17 06:15,3288.240000,1,-1.630000,-0.0495,2.150000,4.400000,1193.500000
2213,Exit long,2026-01-17 06:15,3288.240000,1,-2.470000,-0.0751,2.280000,3.680000,1195.130000
2213,Entry long,2026-01-17 05:00,3290.710000,1,-2.470000,-0.0751,2.280000,3.680000,1195.130000
2212,Exit short,2026-01-17 04:45,3288.000000,1,1.700000,0.0517,5.030000,1.590000,1197.600000
2212,Entry short,2026-01-17 03:30,3289.700000,1,1.700000,0.0517,5.030000,1.590000,1197.600000
2211,Exit long,2026-01-17 03:30,3289.700000,1,-1.440000,-0.0438,0.200000,2.410000,1195.900000
2211,Entry long,2026-01-17 03:00,3291.140000,1,-1.440000,-0.0438,0.200000,2.410000,1195.900000
2210,Exit short,2026-01-17 02:15,3285.980000,1,1.870000,0.0569,3.460000,2.090000,1197.340000
2210,Entry short,2026-01-17 01:45,3287.850000,1,1.870000,0.0569,3.460000,2.090000,1197.340000
2209,Exit long,2026-01-17 01:45,3287.850000,1,-3.550000,-0.1079,3.220000,4.880000,1195.470000
2209,Entry long,2026-01-17 01:00,3291.400000,1,-3.550000,-0.1079,3.220000,4.880000,1195.470000
2208,Exit long,2026-01-16 23:45,3293.510000,1,0.800000,0.0243,6.150000,1.890000,1199.020000
2208,Entry long,2026-01-16 23:00,3292.710000,1,0.800000,0.0243,6.150000,1.890000,1199.020000
2207,Exit short,2026-01-16 23:00,3292.710000,1,-6.210000,-0.1886,5.080000,7.910000,1198.220000
2207,Entry short,2026-01-16 22:15,3286.500000,1,-6.210000,-0.1886,5.080000,7.910000,1198.220000
2206,Exit short,2026-01-16 19:45,3271.490000,1,11.090000,0.3390,15.290000,2.590000,1204.430000
2206,Entry short,2026-01-16 18:30,3282.580000,1,11.090000,0.3390,15.290000,2.590000,1204.430000
2205,Exit short,2026-01-16 16:15,3270.900000,1,35.220000,1.0768,54.700000,11.050000,1193.340000
2205,Entry short,2026-01-16 14:00,3306.120000,1,35.220000,1.0768,54.700000,11.050000,1193.340000
2204,Exit long,2026-01-16 12:45,3310.840000,1,4.960000,0.1500,7.120000,1.060000,1158.120000
2204,Entry long,2026-01-16 12:15,3305.880000,1,4.960000,0.1500,7.120000,1.060000,1158.120000
2203,Exit short,2026-01-16 12:15,3305.880000,1,-5.180000,-0.1567,1.700000,5.180000,1153.160000
2203,Entry short,2026-01-16 12:00,3300.700000,1,-5.180000,-0.1567,1.700000,5.180000,1153.160000
2202,Exit long,2026-01-16 12:00,3300.700000,1,-9.070000,-0.2740,1.170000,18.210000,1158.340000
2202,Entry long,2026-01-16 09:45,3309.770000,1,-9.070000,-0.2740,1.170000,18.210000,1158.340000
2201,Exit long,2026-01-16 08:45,3315.590000,1,7.430000,0.2246,11.270000,0.960000,1167.410000
2201,Entry long,2026-01-16 08:00,3308.160000,1,7.430000,0.2246,11.270000,0.960000,1167.410000
2200,Exit short,2026-01-16 08:00,3308.160000,1,-4.840000,-0.1463,3.800000,12.500000,1159.980000
2200,Entry short,2026-01-16 06:15,3303.320000,1,-4.840000,-0.1463,3.800000,12.500000,1159.980000
2199,Exit long,2026-01-16 06:15,3303.320000,1,-6.680000,-0.2018,5.000000,7.930000,1164.820000
2199,Entry long,2026-01-16 05:45,3310.000000,1,-6.680000,-0.2018,5.000000,7.930000,1164.820000
2198,Exit short,2026-01-16 05:15,3291.150000,1,-9.100000,-0.2765,3.820000,11.950000,1171.500000
2198,Entry short,2026-01-16 04:45,3282.050000,1,-9.100000,-0.2765,3.820000,11.950000,1171.500000
2197,Exit short,2026-01-16 02:45,3298.440000,1,-13.080000,-0.3966,10.360000,39.980000,1180.600000
2197,Entry short,2026-01-15 20:30,3285.360000,1,-13.080000,-0.3966,10.360000,39.980000,1180.600000
2196,Exit short,2026-01-15 16:15,3315.120000,1,15.960000,0.4814,49.010000,9.620000,1193.680000
2196,Entry short,2026-01-15 15:30,3331.080000,1,15.960000,0.4814,49.010000,9.620000,1193.680000
2195,Exit long,2026-01-15 15:30,3331.080000,1,-17.420000,-0.5202,4.060000,23.480000,1177.720000
2195,Entry long,2026-01-15 15:15,3348.500000,1,-17.420000,-0.5202,4.060000,23.480000,1177.720000
2194,Exit short,2026-01-15 15:15,3348.500000,1,-15.270000,-0.4560,12.490000,24.550000,1195.140000
2194,Entry short,2026-01-15 14:45,3333.230000,1,-15.270000,-0.4560,12.490000,24.550000,1195.140000
2193,Exit long,2026-01-15 13:30,3370.990000,1,22.360000,0.6677,23.370000,5.950000,1210.410000
2193,Entry long,2026-01-15 12:00,3348.630000,1,22.360000,0.6677,23.370000,5.950000,1210.410000
2192,Exit short,2026-01-15 12:00,3348.630000,1,-43.320000,-1.2937,4.780000,72.470000,1188.050000
2192,Entry short,2026-01-15 05:30,3305.310000,1,-43.320000,-1.2937,4.780000,72.470000,1188.050000
2191,Exit long,2026-01-15 05:30,3305.310000,1,-56.680000,-1.6859,6.230000,86.630000,1231.370000
2191,Entry long,2026-01-14 22:15,3361.990000,1,-56.680000,-1.6859,6.230000,86.630000,1231.370000
2190,Exit long,2026-01-14 20:00,3366.480000,1,25.530000,0.7642,61.200000,27.010000,1288.050000
2190,Entry long,2026-01-14 18:00,3340.950000,1,25.530000,0.7642,61.200000,27.010000,1288.050000
2189,Exit long,2026-01-14 15:45,3334.320000,1,24.630000,0.7442,51.330000,3.690000,1262.520000
2189,Entry long,2026-01-14 14:15,3309.690000,1,24.630000,0.7442,51.330000,3.690000,1262.520000
2188,Exit short,2026-01-14 14:15,3309.690000,1,-8.860000,-0.2677,6.550000,12.170000,1237.890000
2188,Entry short,2026-01-14 13:45,3300.830000,1,-8.860000,-0.2677,6.550000,12.170000,1237.890000
2187,Exit long,2026-01-14 13:45,3300.830000,1,-30.510000,-0.9158,10.660000,51.340000,1246.750000
2187,Entry long,2026-01-14 05:45,3331.340000,1,-30.510000,-0.9158,10.660000,51.340000,1246.750000
2186,Exit long,2026-01-14 04:30,3344.180000,1,20.260000,0.6095,41.740000,1.890000,1277.260000
2186,Entry long,2026-01-14 03:15,3323.920000,1,20.260000,0.6095,41.740000,1.890000,1277.260000
2185,Exit long,2026-01-13 22:00,3208.490000,1,5.710000,0.1783,13.900000,4.660000,1257.000000
2185,Entry long,2026-01-13 21:00,3202.780000,1,5.710000,0.1783,13.900000,4.660000,1257.000000
2184,Exit long,2026-01-13 16:30,3173.320000,1,31.650000,1.0074,54.720000,1.610000,1251.290000
2184,Entry long,2026-01-13 15:30,3141.670000,1,31.650000,1.0074,54.720000,1.610000,1251.290000
2183,Exit long,2026-01-13 15:00,3143.230000,1,19.130000,0.6123,40.330000,3.440000,1219.640000
2183,Entry long,2026-01-13 07:45,3124.100000,1,19.130000,0.6123,40.330000,3.440000,1219.640000
2182,Exit long,2026-01-13 04:00,3114.980000,1,7.000000,0.2252,10.020000,2.870000,1200.510000
2182,Entry long,2026-01-13 03:15,3107.980000,1,7.000000,0.2252,10.020000,2.870000,1200.510000
2181,Exit short,2026-01-13 03:15,3107.980000,1,-6.480000,-0.2085,11.320000,11.700000,1193.510000
2181,Entry short,2026-01-13 00:30,3101.500000,1,-6.480000,-0.2085,11.320000,11.700000,1193.510000
2180,Exit short,2026-01-12 23:45,3094.270000,1,1.160000,0.0375,8.420000,8.980000,1199.990000
2180,Entry short,2026-01-12 22:30,3095.430000,1,1.160000,0.0375,8.420000,8.980000,1199.990000
2179,Exit short,2026-01-12 21:15,3102.320000,1,10.140000,0.3269,51.110000,33.470000,1198.830000
2179,Entry short,2026-01-12 11:45,3112.460000,1,10.140000,0.3269,51.110000,33.470000,1198.830000
2178,Exit long,2026-01-12 11:45,3112.460000,1,-43.620000,-1.3821,3.930000,56.080000,1188.690000
2178,Entry long,2026-01-12 06:30,3156.080000,1,-43.620000,-1.3821,3.930000,56.080000,1188.690000
2177,Exit short,2026-01-12 06:30,3156.080000,1,-51.300000,-1.6254,9.500000,66.100000,1232.310000
2177,Entry short,2026-01-12 00:45,3104.780000,1,-51.300000,-1.6254,9.500000,66.100000,1232.310000
2176,Exit long,2026-01-12 00:45,3104.780000,1,-9.600000,-0.3082,12.300000,23.680000,1283.610000
2176,Entry long,2026-01-11 22:45,3114.380000,1,-9.600000,-0.3082,12.300000,23.680000,1283.610000
2175,Exit short,2026-01-11 22:45,3114.380000,1,-4.660000,-0.1496,1.530000,5.770000,1293.210000
2175,Entry short,2026-01-11 22:15,3109.720000,1,-4.660000,-0.1496,1.530000,5.770000,1293.210000
2174,Exit long,2026-01-11 22:15,3109.720000,1,-9.890000,-0.3170,0.010000,14.460000,1297.870000
2174,Entry long,2026-01-11 22:00,3119.610000,1,-9.890000,-0.3170,0.010000,14.460000,1297.870000
2173,Exit short,2026-01-11 20:45,3107.350000,1,4.290000,0.1381,11.630000,0.010000,1307.760000
2173,Entry short,2026-01-11 20:15,3111.640000,1,4.290000,0.1381,11.630000,0.010000,1307.760000
2172,Exit long,2026-01-11 20:15,3111.640000,1,-14.360000,-0.4594,6.980000,19.000000,1303.470000
2172,Entry long,2026-01-11 18:00,3126.000000,1,-14.360000,-0.4594,6.980000,19.000000,1303.470000
2171,Exit long,2026-01-11 17:15,3130.120000,1,14.730000,0.4728,31.610000,0.670000,1317.830000
2171,Entry long,2026-01-11 16:15,3115.390000,1,14.730000,0.4728,31.610000,0.670000,1317.830000
2170,Exit long,2026-01-11 14:45,3113.990000,1,1.410000,0.0453,5.120000,1.330000,1303.100000
2170,Entry long,2026-01-11 14:15,3112.580000,1,1.410000,0.0453,5.120000,1.330000,1303.100000
2169,Exit long,2026-01-11 12:45,3109.750000,1,2.120000,0.0682,4.810000,1.860000,1301.690000
2169,Entry long,2026-01-11 12:15,3107.630000,1,2.120000,0.0682,4.810000,1.860000,1301.690000
2168,Exit long,2026-01-11 09:30,3105.000000,1,12.230000,0.3954,14.380000,1.570000,1299.570000
2168,Entry long,2026-01-11 06:45,3092.770000,1,12.230000,0.3954,14.380000,1.570000,1299.570000
2167,Exit short,2026-01-11 06:45,3092.770000,1,-5.890000,-0.1904,0.000000,14.120000,1287.340000
2167,Entry short,2026-01-11 00:45,3086.880000,1,-5.890000,-0.1904,0.000000,14.120000,1287.340000
2166,Exit long,2026-01-11 00:45,3086.880000,1,-3.260000,-0.1055,0.000000,3.260000,1293.230000
2166,Entry long,2026-01-11 00:30,3090.140000,1,-3.260000,-0.1055,0.000000,3.260000,1293.230000
2165,Exit short,2026-01-11 00:30,3090.140000,1,-10.870000,-0.3518,0.640000,11.010000,1296.490000
2165,Entry short,2026-01-10 23:00,3079.270000,1,-10.870000,-0.3518,0.640000,11.010000,1296.490000
2164,Exit short,2026-01-10 18:30,3092.800000,1,-1.480000,-0.0479,2.820000,1.490000,1307.360000
2164,Entry short,2026-01-10 18:00,3091.320000,1,-1.480000,-0.0479,2.820000,1.490000,1307.360000
2163,Exit long,2026-01-10 17:45,3095.300000,1,-2.710000,-0.0875,0.000000,10.760000,1308.840000
2163,Entry long,2026-01-10 13:00,3098.010000,1,-2.710000,-0.0875,0.000000,10.760000,1308.840000
2162,Exit long,2026-01-10 10:30,3094.730000,1,5.830000,0.1887,9.090000,0.900000,1311.550000
2162,Entry long,2026-01-10 09:00,3088.900000,1,5.830000,0.1887,9.090000,0.900000,1311.550000
2161,Exit short,2026-01-10 09:00,3088.900000,1,-5.640000,-0.1826,1.130000,9.220000,1305.720000
2161,Entry short,2026-01-10 05:15,3083.260000,1,-5.640000,-0.1826,1.130000,9.220000,1305.720000
2160,Exit short,2026-01-10 04:45,3083.400000,1,1.280000,0.0415,12.140000,8.850000,1311.360000
2160,Entry short,2026-01-09 22:00,3084.680000,1,1.280000,0.0415,12.140000,8.850000,1311.360000
2159,Exit long,2026-01-09 22:00,3084.680000,1,-28.360000,-0.9110,4.660000,49.040000,1310.080000
2159,Entry long,2026-01-09 18:00,3113.040000,1,-28.360000,-0.9110,4.660000,49.040000,1310.080000
2158,Exit long,2026-01-09 16:45,3125.540000,1,-3.500000,-0.1119,15.950000,34.700000,1338.440000
2158,Entry long,2026-01-09 15:30,3129.040000,1,-3.500000,-0.1119,15.950000,34.700000,1338.440000
2157,Exit short,2026-01-09 15:15,3076.760000,1,20.540000,0.6676,40.510000,0.370000,1341.940000
2157,Entry short,2026-01-09 14:00,3097.300000,1,20.540000,0.6676,40.510000,0.370000,1341.940000
2156,Exit short,2026-01-09 12:45,3084.300000,1,12.040000,0.3904,15.420000,0.430000,1321.400000
2156,Entry short,2026-01-09 11:45,3096.340000,1,12.040000,0.3904,15.420000,0.430000,1321.400000
2155,Exit short,2026-01-09 09:15,3091.560000,1,22.910000,0.7410,48.470000,1.630000,1309.360000
2155,Entry short,2026-01-09 07:45,3114.470000,1,22.910000,0.7410,48.470000,1.630000,1309.360000
2154,Exit long,2026-01-09 07:45,3114.470000,1,-0.680000,-0.0218,9.110000,3.150000,1286.450000
2154,Entry long,2026-01-09 05:00,3115.150000,1,-0.680000,-0.0218,9.110000,3.150000,1286.450000
2153,Exit long,2026-01-09 04:30,3120.800000,1,7.270000,0.2335,8.910000,0.310000,1287.130000
2153,Entry long,2026-01-09 03:45,3113.530000,1,7.270000,0.2335,8.910000,0.310000,1287.130000
2152,Exit short,2026-01-09 03:45,3113.530000,1,-5.570000,-0.1789,6.930000,9.010000,1279.860000
2152,Entry short,2026-01-09 03:00,3107.960000,1,-5.570000,-0.1789,6.930000,9.010000,1279.860000
2151,Exit long,2026-01-09 03:00,3107.960000,1,-6.740000,-0.2164,33.300000,37.240000,1285.430000
2151,Entry long,2026-01-09 01:00,3114.700000,1,-6.740000,-0.2164,33.300000,37.240000,1285.430000
2150,Exit short,2026-01-09 01:00,3114.700000,1,-6.710000,-0.2154,4.890000,8.750000,1292.170000
2150,Entry short,2026-01-08 23:45,3107.990000,1,-6.710000,-0.2154,4.890000,8.750000,1292.170000
2149,Exit long,2026-01-08 23:30,3116.970000,1,-0.970000,-0.0311,3.060000,2.000000,1298.880000
2149,Entry long,2026-01-08 23:00,3117.940000,1,-0.970000,-0.0311,3.060000,2.000000,1298.880000
2148,Exit short,2026-01-08 23:00,3117.940000,1,-9.980000,-0.3201,1.910000,21.640000,1299.850000
2148,Entry short,2026-01-08 21:30,3107.960000,1,-9.980000,-0.3201,1.910000,21.640000,1299.850000
2147,Exit short,2026-01-08 20:45,3099.590000,1,15.500000,0.5001,27.740000,10.210000,1309.830000
2147,Entry short,2026-01-08 19:30,3115.090000,1,15.500000,0.5001,27.740000,10.210000,1309.830000
2146,Exit long,2026-01-08 19:30,3115.090000,1,-7.550000,-0.2418,0.000000,16.360000,1294.330000
2146,Entry long,2026-01-08 19:15,3122.640000,1,-7.550000,-0.2418,0.000000,16.360000,1294.330000
2145,Exit short,2026-01-08 19:15,3122.640000,1,-19.750000,-0.6325,14.550000,35.550000,1301.880000
2145,Entry short,2026-01-08 16:00,3102.890000,1,-19.750000,-0.6325,14.550000,35.550000,1301.880000
2144,Exit short,2026-01-08 12:45,3097.360000,1,24.640000,0.7955,42.000000,3.000000,1321.630000
2144,Entry short,2026-01-08 11:15,3122.000000,1,24.640000,0.7955,42.000000,3.000000,1321.630000
2143,Exit short,2026-01-08 10:00,3110.860000,1,15.550000,0.4999,22.400000,9.290000,1296.990000
2143,Entry short,2026-01-08 08:00,3126.410000,1,15.550000,0.4999,22.400000,9.290000,1296.990000
2142,Exit short,2026-01-08 07:00,3103.980000,1,49.030000,1.5796,50.010000,7.280000,1281.440000
2142,Entry short,2026-01-08 05:00,3153.010000,1,49.030000,1.5796,50.010000,7.280000,1281.440000
2141,Exit short,2026-01-08 04:15,3143.260000,1,8.430000,0.2682,19.360000,31.990000,1232.410000
2141,Entry short,2026-01-07 23:00,3151.690000,1,8.430000,0.2682,19.360000,31.990000,1232.410000
2140,Exit short,2026-01-07 14:45,3189.690000,1,26.310000,0.8248,60.750000,0.910000,1223.980000
2140,Entry short,2026-01-07 13:45,3216.000000,1,26.310000,0.8248,60.750000,0.910000,1223.980000
2139,Exit short,2026-01-07 12:45,3212.100000,1,6.640000,0.2067,9.080000,2.390000,1197.670000
2139,Entry short,2026-01-07 12:00,3218.740000,1,6.640000,0.2067,9.080000,2.390000,1197.670000
2138,Exit short,2026-01-07 10:15,3208.810000,1,44.360000,1.3824,58.890000,6.730000,1191.030000
2138,Entry short,2026-01-07 08:45,3253.170000,1,44.360000,1.3824,58.890000,6.730000,1191.030000
2137,Exit long,2026-01-07 08:45,3253.170000,1,-3.670000,-0.1127,5.160000,5.390000,1146.670000
2137,Entry long,2026-01-07 08:15,3256.840000,1,-3.670000,-0.1127,5.160000,5.390000,1146.670000
2136,Exit short,2026-01-07 08:15,3256.840000,1,-2.850000,-0.0875,1.220000,6.920000,1150.340000
2136,Entry short,2026-01-07 08:00,3253.990000,1,-2.850000,-0.0875,1.220000,6.920000,1150.340000
2135,Exit long,2026-01-07 08:00,3253.990000,1,-7.920000,-0.2428,0.900000,16.190000,1153.190000
2135,Entry long,2026-01-07 04:30,3261.910000,1,-7.920000,-0.2428,0.900000,16.190000,1153.190000
2134,Exit long,2026-01-07 03:30,3273.380000,1,7.070000,0.2165,15.340000,28.310000,1161.110000
2134,Entry long,2026-01-07 01:15,3266.310000,1,7.070000,0.2165,15.340000,28.310000,1161.110000
2133,Exit long,2026-01-06 21:15,3253.440000,1,-17.300000,-0.5289,7.020000,90.030000,1154.040000
2133,Entry long,2026-01-06 16:00,3270.740000,1,-17.300000,-0.5289,7.020000,90.030000,1154.040000
2132,Exit long,2026-01-06 15:00,3276.670000,1,43.030000,1.3307,74.360000,4.640000,1171.340000
2132,Entry long,2026-01-06 13:30,3233.640000,1,43.030000,1.3307,74.360000,4.640000,1171.340000
2131,Exit long,2026-01-06 11:00,3227.450000,1,7.160000,0.2223,10.180000,7.490000,1128.310000
2131,Entry long,2026-01-06 08:15,3220.290000,1,7.160000,0.2223,10.180000,7.490000,1128.310000
2130,Exit long,2026-01-06 07:15,3232.920000,1,10.700000,0.3321,32.720000,7.020000,1121.150000
2130,Entry long,2026-01-06 05:30,3222.220000,1,10.700000,0.3321,32.720000,7.020000,1121.150000
2129,Exit long,2026-01-06 04:45,3223.740000,1,-8.050000,-0.2491,14.210000,29.880000,1110.450000
2129,Entry long,2026-01-05 23:15,3231.790000,1,-8.050000,-0.2491,14.210000,29.880000,1110.450000
2128,Exit long,2026-01-05 19:30,3221.910000,1,36.130000,1.1341,45.080000,2.110000,1118.500000
2128,Entry long,2026-01-05 17:45,3185.780000,1,36.130000,1.1341,45.080000,2.110000,1118.500000
2127,Exit short,2026-01-05 17:45,3185.780000,1,-21.160000,-0.6642,0.100000,24.650000,1082.370000
2127,Entry short,2026-01-05 17:30,3164.620000,1,-21.160000,-0.6642,0.100000,24.650000,1082.370000
2126,Exit long,2026-01-05 16:15,3188.440000,1,25.220000,0.7973,41.780000,2.220000,1103.530000
2126,Entry long,2026-01-05 15:30,3163.220000,1,25.220000,0.7973,41.780000,2.220000,1103.530000
2125,Exit short,2026-01-05 15:30,3163.220000,1,-2.140000,-0.0677,7.080000,12.740000,1078.310000
2125,Entry short,2026-01-05 15:15,3161.080000,1,-2.140000,-0.0677,7.080000,12.740000,1078.310000
2124,Exit long,2026-01-05 15:15,3161.080000,1,-4.340000,-0.1371,4.920000,15.130000,1080.450000
2124,Entry long,2026-01-05 15:00,3165.420000,1,-4.340000,-0.1371,4.920000,15.130000,1080.450000
2123,Exit short,2026-01-05 14:15,3150.570000,1,8.200000,0.2603,17.020000,0.540000,1084.790000
2123,Entry short,2026-01-05 13:30,3158.770000,1,8.200000,0.2603,17.020000,0.540000,1084.790000
2122,Exit long,2026-01-05 13:30,3158.770000,1,-10.710000,-0.3379,0.000000,14.480000,1076.590000
2122,Entry long,2026-01-05 13:15,3169.480000,1,-10.710000,-0.3379,0.000000,14.480000,1076.590000
2121,Exit long,2026-01-05 12:15,3179.200000,1,7.400000,0.2333,11.560000,5.260000,1087.300000
2121,Entry long,2026-01-05 11:00,3171.800000,1,7.400000,0.2333,11.560000,5.260000,1087.300000
2120,Exit long,2026-01-05 10:15,3175.030000,1,9.140000,0.2887,12.010000,0.620000,1079.900000
2120,Entry long,2026-01-05 09:45,3165.890000,1,9.140000,0.2887,12.010000,0.620000,1079.900000
2119,Exit short,2026-01-05 09:45,3165.890000,1,-12.390000,-0.3914,1.720000,15.280000,1070.760000
2119,Entry short,2026-01-05 09:15,3153.500000,1,-12.390000,-0.3914,1.720000,15.280000,1070.760000
2118,Exit long,2026-01-05 09:15,3153.500000,1,-12.000000,-0.3791,5.740000,34.030000,1083.150000
2118,Entry long,2026-01-05 05:00,3165.500000,1,-12.000000,-0.3791,5.740000,34.030000,1083.150000
2117,Exit long,2026-01-05 01:45,3210.000000,1,71.900000,2.2912,82.900000,5.110000,1095.150000
2117,Entry long,2026-01-04 23:15,3138.100000,1,71.900000,2.2912,82.900000,5.110000,1095.150000
2116,Exit short,2026-01-04 23:15,3138.100000,1,-2.270000,-0.0723,1.170000,17.130000,1023.250000
2116,Entry short,2026-01-04 22:45,3135.830000,1,-2.270000,-0.0723,1.170000,17.130000,1023.250000
2115,Exit long,2026-01-04 20:45,3137.830000,1,0.740000,0.0236,4.670000,1.490000,1025.520000
2115,Entry long,2026-01-04 20:15,3137.090000,1,0.740000,0.0236,4.670000,1.490000,1025.520000
2114,Exit short,2026-01-04 20:15,3137.090000,1,-7.460000,-0.2378,3.010000,8.370000,1024.780000
2114,Entry short,2026-01-04 19:30,3129.630000,1,-7.460000,-0.2378,3.010000,8.370000,1024.780000
2113,Exit short,2026-01-04 18:45,3132.630000,1,3.740000,0.1194,15.060000,4.600000,1032.240000
2113,Entry short,2026-01-04 17:30,3136.370000,1,3.740000,0.1194,15.060000,4.600000,1032.240000
2112,Exit long,2026-01-04 17:30,3136.370000,1,-1.530000,-0.0488,4.950000,3.650000,1028.500000
2112,Entry long,2026-01-04 17:00,3137.900000,1,-1.530000,-0.0488,4.950000,3.650000,1028.500000
2111,Exit short,2026-01-04 17:00,3137.900000,1,-2.470000,-0.0787,20.430000,3.560000,1030.030000
2111,Entry short,2026-01-04 15:30,3135.430000,1,-2.470000,-0.0787,20.430000,3.560000,1030.030000
2110,Exit long,2026-01-04 15:30,3135.430000,1,-2.340000,-0.0746,0.010000,3.980000,1032.500000
2110,Entry long,2026-01-04 15:15,3137.770000,1,-2.340000,-0.0746,0.010000,3.980000,1032.500000
2109,Exit short,2026-01-04 15:15,3137.770000,1,-2.270000,-0.0723,4.780000,3.000000,1034.840000
2109,Entry short,2026-01-04 14:30,3135.500000,1,-2.270000,-0.0723,4.780000,3.000000,1034.840000
2108,Exit long,2026-01-04 14:30,3135.500000,1,-3.710000,-0.1182,3.020000,6.890000,1037.110000
2108,Entry long,2026-01-04 14:00,3139.210000,1,-3.710000,-0.1182,3.020000,6.890000,1037.110000
2107,Exit short,2026-01-04 14:00,3139.210000,1,-1.810000,-0.0577,3.030000,2.590000,1040.820000
2107,Entry short,2026-01-04 13:30,3137.400000,1,-1.810000,-0.0577,3.030000,2.590000,1040.820000
2106,Exit long,2026-01-04 13:30,3137.400000,1,-5.530000,-0.1760,3.010000,12.680000,1042.630000
2106,Entry long,2026-01-04 12:30,3142.930000,1,-5.530000,-0.1760,3.010000,12.680000,1042.630000
2105,Exit long,2026-01-04 10:30,3142.140000,1,-7.500000,-0.2381,11.770000,27.060000,1048.160000
2105,Entry long,2026-01-04 05:30,3149.640000,1,-7.500000,-0.2381,11.770000,27.060000,1048.160000
2104,Exit long,2026-01-04 05:00,3146.550000,1,1.470000,0.0467,9.160000,9.570000,1055.660000
2104,Entry long,2026-01-04 02:30,3145.080000,1,1.470000,0.0467,9.160000,9.570000,1055.660000
2103,Exit long,2026-01-03 21:15,3113.720000,1,4.420000,0.1422,6.350000,0.010000,1054.190000
2103,Entry long,2026-01-03 20:30,3109.300000,1,4.420000,0.1422,6.350000,0.010000,1054.190000
2102,Exit long,2026-01-03 17:15,3104.770000,1,-3.430000,-0.1104,2.820000,3.780000,1049.770000
2102,Entry long,2026-01-03 16:45,3108.200000,1,-3.430000,-0.1104,2.820000,3.780000,1049.770000
2101,Exit short,2026-01-03 16:45,3108.200000,1,-6.620000,-0.2130,4.830000,12.530000,1053.200000
2101,Entry short,2026-01-03 14:00,3101.580000,1,-6.620000,-0.2130,4.830000,12.530000,1053.200000
2100,Exit long,2026-01-03 13:30,3102.230000,1,-1.240000,-0.0400,2.610000,4.180000,1059.820000
2100,Entry long,2026-01-03 13:00,3103.470000,1,-1.240000,-0.0400,2.610000,4.180000,1059.820000
2099,Exit short,2026-01-03 13:00,3103.470000,1,-3.950000,-0.1273,8.960000,5.060000,1061.060000
2099,Entry short,2026-01-03 10:00,3099.520000,1,-3.950000,-0.1273,8.960000,5.060000,1061.060000
2098,Exit long,2026-01-03 10:00,3099.520000,1,-6.990000,-0.2250,0.960000,7.020000,1065.010000
2098,Entry long,2026-01-03 09:45,3106.510000,1,-6.990000,-0.2250,0.960000,7.020000,1065.010000
2097,Exit short,2026-01-03 09:45,3106.510000,1,-6.870000,-0.2211,8.750000,9.960000,1072.000000
2097,Entry short,2026-01-03 08:45,3099.640000,1,-6.870000,-0.2211,8.750000,9.960000,1072.000000
2096,Exit long,2026-01-03 08:45,3099.640000,1,-28.110000,-0.8987,7.250000,53.230000,1078.870000
2096,Entry long,2026-01-03 00:15,3127.750000,1,-28.110000,-0.8987,7.250000,53.230000,1078.870000
2095,Exit long,2026-01-02 22:00,3128.950000,1,10.010000,0.3209,14.990000,3.950000,1106.980000
2095,Entry long,2026-01-02 21:15,3118.940000,1,10.010000,0.3209,14.990000,3.950000,1106.980000
2094,Exit long,2026-01-02 20:15,3128.350000,1,11.470000,0.3680,11.780000,3.290000,1096.970000
2094,Entry long,2026-01-02 19:15,3116.880000,1,11.470000,0.3680,11.780000,3.290000,1096.970000
2093,Exit long,2026-01-02 16:15,3096.790000,1,15.490000,0.5027,15.500000,28.550000,1085.500000
2093,Entry long,2026-01-02 15:00,3081.300000,1,15.490000,0.5027,15.500000,28.550000,1085.500000
2092,Exit long,2026-01-02 13:00,3047.400000,1,-0.800000,-0.0262,8.790000,6.180000,1070.010000
2092,Entry long,2026-01-02 11:45,3048.200000,1,-0.800000,-0.0262,8.790000,6.180000,1070.010000
2091,Exit long,2026-01-02 07:15,3028.900000,1,16.030000,0.5321,25.550000,5.870000,1070.810000
2091,Entry long,2026-01-02 05:15,3012.870000,1,16.030000,0.5321,25.550000,5.870000,1070.810000
2090,Exit long,2026-01-02 03:45,3022.790000,1,21.250000,0.7080,32.820000,10.870000,1054.780000
2090,Entry long,2026-01-02 02:00,3001.540000,1,21.250000,0.7080,32.820000,10.870000,1054.780000
2089,Exit long,2026-01-02 01:30,3000.990000,1,-3.500000,-0.1165,2.230000,4.260000,1033.530000
2089,Entry long,2026-01-02 01:00,3004.490000,1,-3.500000,-0.1165,2.230000,4.260000,1033.530000
2088,Exit long,2026-01-02 00:00,3002.500000,1,12.220000,0.4087,18.280000,4.380000,1037.030000
2088,Entry long,2026-01-01 22:15,2990.280000,1,12.220000,0.4087,18.280000,4.380000,1037.030000
2087,Exit long,2026-01-01 20:15,2991.270000,1,0.660000,0.0221,14.390000,6.940000,1024.810000
2087,Entry long,2026-01-01 17:30,2990.610000,1,0.660000,0.0221,14.390000,6.940000,1024.810000
2086,Exit short,2026-01-01 17:30,2990.610000,1,-9.260000,-0.3096,1.310000,9.710000,1024.150000
2086,Entry short,2026-01-01 17:00,2981.350000,1,-9.260000,-0.3096,1.310000,9.710000,1024.150000
2085,Exit long,2026-01-01 17:00,2981.350000,1,-2.340000,-0.0784,10.220000,4.220000,1033.410000
2085,Entry long,2026-01-01 15:30,2983.690000,1,-2.340000,-0.0784,10.220000,4.220000,1033.410000
2084,Exit short,2026-01-01 15:30,2983.690000,1,-2.310000,-0.0774,0.450000,4.620000,1035.750000
2084,Entry short,2026-01-01 15:15,2981.380000,1,-2.310000,-0.0774,0.450000,4.620000,1035.750000
2083,Exit long,2026-01-01 15:15,2981.380000,1,-4.700000,-0.1574,2.870000,10.080000,1038.060000
2083,Entry long,2026-01-01 13:00,2986.080000,1,-4.700000,-0.1574,2.870000,10.080000,1038.060000
2082,Exit long,2026-01-01 11:45,2983.930000,1,2.920000,0.0980,10.930000,0.010000,1042.760000
2082,Entry long,2026-01-01 10:45,2981.010000,1,2.920000,0.0980,10.930000,0.010000,1042.760000
2081,Exit short,2026-01-01 10:45,2981.010000,1,-2.900000,-0.0973,3.110000,8.500000,1039.840000
2081,Entry short,2026-01-01 06:30,2978.110000,1,-2.900000,-0.0973,3.110000,8.500000,1039.840000
2080,Exit long,2026-01-01 06:30,2978.110000,1,-2.860000,-0.0959,1.810000,4.130000,1042.740000
2080,Entry long,2026-01-01 05:30,2980.970000,1,-2.860000,-0.0959,1.810000,4.130000,1042.740000
2079,Exit short,2026-01-01 04:45,2972.410000,1,6.600000,0.2220,6.830000,0.750000,1045.600000
2079,Entry short,2026-01-01 04:00,2979.010000,1,6.600000,0.2220,6.830000,0.750000,1045.600000
2078,Exit long,2026-01-01 04:00,2979.010000,1,-4.230000,-0.1418,1.760000,5.050000,1039.000000
2078,Entry long,2026-01-01 03:15,2983.240000,1,-4.230000,-0.1418,1.760000,5.050000,1039.000000
2077,Exit long,2026-01-01 01:15,2984.700000,1,6.290000,0.2112,7.360000,1.350000,1043.230000
2077,Entry long,2026-01-01 00:30,2978.410000,1,6.290000,0.2112,7.360000,1.350000,1043.230000
2076,Exit short,2026-01-01 00:30,2978.410000,1,-3.070000,-0.1031,6.330000,4.080000,1036.940000
2076,Entry short,2025-12-31 22:45,2975.340000,1,-3.070000,-0.1031,6.330000,4.080000,1036.940000
2075,Exit short,2025-12-31 20:30,2970.750000,1,10.090000,0.3396,15.840000,0.010000,1040.010000
2075,Entry short,2025-12-31 18:30,2980.840000,1,10.090000,0.3396,15.840000,0.010000,1040.010000
2074,Exit short,2025-12-31 17:15,2969.500000,1,-3.860000,-0.1300,2.830000,11.050000,1029.920000
2074,Entry short,2025-12-31 16:45,2965.640000,1,-3.860000,-0.1300,2.830000,11.050000,1029.920000
2073,Exit long,2025-12-31 16:45,2965.640000,1,-18.660000,-0.6253,12.130000,26.710000,1033.780000
2073,Entry long,2025-12-31 16:00,2984.300000,1,-18.660000,-0.6253,12.130000,26.710000,1033.780000
2072,Exit short,2025-12-31 15:45,2979.670000,1,-1.170000,-0.0393,12.500000,5.790000,1052.440000
2072,Entry short,2025-12-31 15:15,2978.500000,1,-1.170000,-0.0393,12.500000,5.790000,1052.440000
2071,Exit long,2025-12-31 15:15,2978.500000,1,-10.510000,-0.3516,38.720000,21.880000,1053.610000
2071,Entry long,2025-12-31 13:15,2989.010000,1,-10.510000,-0.3516,38.720000,21.880000,1053.610000
2070,Exit short,2025-12-31 13:15,2989.010000,1,-16.830000,-0.5631,0.790000,29.830000,1064.120000
2070,Entry short,2025-12-31 09:30,2972.180000,1,-16.830000,-0.5631,0.790000,29.830000,1064.120000
2069,Exit long,2025-12-31 09:30,2972.180000,1,-0.010000,-0.0003,6.390000,9.980000,1080.950000
2069,Entry long,2025-12-31 05:15,2972.190000,1,-0.010000,-0.0003,6.390000,9.980000,1080.950000
2068,Exit short,2025-12-31 04:15,2970.250000,1,-2.110000,-0.0710,1.110000,4.620000,1080.960000
2068,Entry short,2025-12-31 03:45,2968.140000,1,-2.110000,-0.0710,1.110000,4.620000,1080.960000
2067,Exit long,2025-12-31 02:00,2978.400000,1,0.750000,0.0252,6.320000,0.450000,1083.070000
2067,Entry long,2025-12-31 01:30,2977.650000,1,0.750000,0.0252,6.320000,0.450000,1083.070000
2066,Exit short,2025-12-31 01:30,2977.650000,1,-12.570000,-0.4221,4.180000,18.410000,1082.320000
2066,Entry short,2025-12-31 00:15,2965.080000,1,-12.570000,-0.4221,4.180000,18.410000,1082.320000
2065,Exit long,2025-12-31 00:15,2965.080000,1,-5.320000,-0.1791,4.400000,6.400000,1094.890000
2065,Entry long,2025-12-30 23:15,2970.400000,1,-5.320000,-0.1791,4.400000,6.400000,1094.890000
2064,Exit short,2025-12-30 23:15,2970.400000,1,-1.770000,-0.0596,4.630000,3.980000,1100.210000
2064,Entry short,2025-12-30 22:30,2968.630000,1,-1.770000,-0.0596,4.630000,3.980000,1100.210000
2063,Exit long,2025-12-30 22:30,2968.630000,1,-1.400000,-0.0471,0.420000,2.160000,1101.980000
2063,Entry long,2025-12-30 22:15,2970.030000,1,-1.400000,-0.0471,0.420000,2.160000,1101.980000
2062,Exit short,2025-12-30 21:30,2960.600000,1,9.720000,0.3283,17.320000,2.280000,1103.380000
2062,Entry short,2025-12-30 20:00,2970.320000,1,9.720000,0.3283,17.320000,2.280000,1103.380000
2061,Exit long,2025-12-30 20:00,2970.320000,1,-6.940000,-0.2331,31.410000,35.990000,1093.660000
2061,Entry long,2025-12-30 11:15,2977.260000,1,-6.940000,-0.2331,31.410000,35.990000,1093.660000
2060,Exit long,2025-12-30 06:45,2947.080000,1,1.070000,0.0363,4.990000,2.930000,1100.600000
2060,Entry long,2025-12-30 06:15,2946.010000,1,1.070000,0.0363,4.990000,2.930000,1100.600000
2059,Exit short,2025-12-30 06:15,2946.010000,1,-18.780000,-0.6375,16.130000,30.270000,1099.530000
2059,Entry short,2025-12-29 15:00,2927.230000,1,-18.780000,-0.6375,16.130000,30.270000,1099.530000
2058,Exit long,2025-12-29 15:00,2927.230000,1,-86.310000,-2.8641,11.460000,104.960000,1118.310000
2058,Entry long,2025-12-29 07:30,3013.540000,1,-86.310000,-2.8641,11.460000,104.960000,1118.310000
2057,Exit long,2025-12-28 23:15,2940.590000,1,0.400000,0.0136,14.310000,2.640000,1204.620000
2057,Entry long,2025-12-28 22:30,2940.190000,1,0.400000,0.0136,14.310000,2.640000,1204.620000
2056,Exit short,2025-12-28 22:30,2940.190000,1,-8.950000,-0.3044,2.310000,11.660000,1204.220000
2056,Entry short,2025-12-28 21:15,2931.240000,1,-8.950000,-0.3044,2.310000,11.660000,1204.220000
2055,Exit short,2025-12-28 19:15,2935.600000,1,5.040000,0.1717,17.800000,0.260000,1213.170000
2055,Entry short,2025-12-28 18:15,2940.640000,1,5.040000,0.1717,17.800000,0.260000,1213.170000
2054,Exit long,2025-12-28 18:15,2940.640000,1,-1.950000,-0.0663,7.410000,3.540000,1208.130000
2054,Entry long,2025-12-28 16:45,2942.590000,1,-1.950000,-0.0663,7.410000,3.540000,1208.130000
2053,Exit long,2025-12-28 15:45,2950.960000,1,8.520000,0.2896,17.550000,0.180000,1210.080000
2053,Entry long,2025-12-28 14:15,2942.440000,1,8.520000,0.2896,17.550000,0.180000,1210.080000
2052,Exit short,2025-12-28 14:15,2942.440000,1,-3.210000,-0.1091,0.450000,4.950000,1201.560000
2052,Entry short,2025-12-28 14:00,2939.230000,1,-3.210000,-0.1091,0.450000,4.950000,1201.560000
2051,Exit long,2025-12-28 14:00,2939.230000,1,-1.220000,-0.0415,5.380000,4.250000,1204.770000
2051,Entry long,2025-12-28 10:15,2940.450000,1,-1.220000,-0.0415,5.380000,4.250000,1204.770000
2050,Exit short,2025-12-28 10:15,2940.450000,1,-6.530000,-0.2221,1.710000,8.680000,1205.990000
2050,Entry short,2025-12-28 09:45,2933.920000,1,-6.530000,-0.2221,1.710000,8.680000,1205.990000
2049,Exit long,2025-12-28 09:45,2933.920000,1,-4.040000,-0.1375,8.500000,7.950000,1212.520000
2049,Entry long,2025-12-28 08:00,2937.960000,1,-4.040000,-0.1375,8.500000,7.950000,1212.520000
2048,Exit short,2025-12-28 08:00,2937.960000,1,-0.450000,-0.0153,2.270000,0.620000,1216.560000
2048,Entry short,2025-12-28 07:30,2937.510000,1,-0.450000,-0.0153,2.270000,0.620000,1216.560000
2047,Exit long,2025-12-28 07:30,2937.510000,1,-5.330000,-0.1811,3.450000,15.080000,1217.010000
2047,Entry long,2025-12-28 03:45,2942.840000,1,-5.330000,-0.1811,3.450000,15.080000,1217.010000
2046,Exit long,2025-12-28 03:00,2945.900000,1,2.460000,0.0836,5.560000,1.840000,1222.340000
2046,Entry long,2025-12-28 01:45,2943.440000,1,2.460000,0.0836,5.560000,1.840000,1222.340000
2045,Exit long,2025-12-28 00:00,2947.610000,1,15.610000,0.5324,27.840000,0.550000,1219.880000
2045,Entry long,2025-12-27 23:00,2932.000000,1,15.610000,0.5324,27.840000,0.550000,1219.880000
2044,Exit short,2025-12-27 23:00,2932.000000,1,-7.290000,-0.2486,0.890000,28.260000,1204.270000
2044,Entry short,2025-12-27 17:45,2924.710000,1,-7.290000,-0.2486,0.890000,28.260000,1204.270000
2043,Exit short,2025-12-27 17:15,2923.180000,1,5.770000,0.1974,13.210000,3.770000,1211.560000
2043,Entry short,2025-12-27 12:15,2928.950000,1,5.770000,0.1974,13.210000,3.770000,1211.560000
2042,Exit short,2025-12-27 11:15,2925.280000,1,4.220000,0.1443,14.870000,1.420000,1205.790000
2042,Entry short,2025-12-27 10:30,2929.500000,1,4.220000,0.1443,14.870000,1.420000,1205.790000
2041,Exit long,2025-12-27 10:30,2929.500000,1,-3.910000,-0.1333,2.780000,4.020000,1201.570000
2041,Entry long,2025-12-27 09:45,2933.410000,1,-3.910000,-0.1333,2.780000,4.020000,1201.570000
2040,Exit long,2025-12-27 07:45,2931.500000,1,0.570000,0.0194,5.730000,0.080000,1205.480000
2040,Entry long,2025-12-27 07:15,2930.930000,1,0.570000,0.0194,5.730000,0.080000,1205.480000
2039,Exit short,2025-12-27 07:15,2930.930000,1,-10.060000,-0.3432,3.870000,17.130000,1204.910000
2039,Entry short,2025-12-26 19:15,2920.870000,1,-10.060000,-0.3432,3.870000,17.130000,1204.910000
2038,Exit short,2025-12-26 18:15,2923.260000,1,0.420000,0.0144,7.760000,1.860000,1214.970000
2038,Entry short,2025-12-26 17:45,2923.680000,1,0.420000,0.0144,7.760000,1.860000,1214.970000
2037,Exit short,2025-12-26 15:30,2917.350000,1,38.450000,1.3180,62.800000,0.680000,1214.550000
2037,Entry short,2025-12-26 14:45,2955.800000,1,38.450000,1.3180,62.800000,0.680000,1214.550000
2036,Exit long,2025-12-26 14:15,2980.630000,1,17.990000,0.6072,22.290000,6.900000,1176.100000
2036,Entry long,2025-12-26 08:15,2962.640000,1,17.990000,0.6072,22.290000,6.900000,1176.100000
2035,Exit long,2025-12-26 03:00,2972.350000,1,17.210000,0.5824,38.860000,66.260000,1158.110000
2035,Entry long,2025-12-25 19:45,2955.140000,1,17.210000,0.5824,38.860000,66.260000,1158.110000
2034,Exit long,2025-12-25 18:30,2953.000000,1,6.490000,0.2203,12.290000,3.800000,1140.900000
2034,Entry long,2025-12-25 17:15,2946.510000,1,6.490000,0.2203,12.290000,3.800000,1140.900000
2033,Exit short,2025-12-25 17:15,2946.510000,1,-22.820000,-0.7745,5.170000,46.300000,1134.410000
2033,Entry short,2025-12-25 11:45,2923.690000,1,-22.820000,-0.7745,5.170000,46.300000,1134.410000
2032,Exit long,2025-12-25 11:45,2923.690000,1,-22.540000,-0.7650,9.690000,36.090000,1157.230000
2032,Entry long,2025-12-25 00:00,2946.230000,1,-22.540000,-0.7650,9.690000,36.090000,1157.230000
2031,Exit long,2025-12-24 22:30,2948.780000,1,3.540000,0.1202,15.750000,1.570000,1179.770000
2031,Entry long,2025-12-24 21:15,2945.240000,1,3.540000,0.1202,15.750000,1.570000,1179.770000
2030,Exit long,2025-12-24 19:15,2938.450000,1,-4.280000,-0.1454,1.020000,5.690000,1176.230000
2030,Entry long,2025-12-24 18:45,2942.730000,1,-4.280000,-0.1454,1.020000,5.690000,1176.230000
2029,Exit short,2025-12-24 18:45,2942.730000,1,-21.630000,-0.7350,0.000000,33.690000,1180.510000
2029,Entry short,2025-12-24 16:30,2921.100000,1,-21.630000,-0.7350,0.000000,33.690000,1180.510000
2028,Exit long,2025-12-24 16:30,2921.100000,1,-9.490000,-0.3238,3.330000,10.550000,1202.140000
2028,Entry long,2025-12-24 16:15,2930.590000,1,-9.490000,-0.3238,3.330000,10.550000,1202.140000
2027,Exit short,2025-12-24 16:15,2930.590000,1,-3.830000,-0.1307,40.010000,10.590000,1211.630000
2027,Entry short,2025-12-24 11:00,2926.760000,1,-3.830000,-0.1307,40.010000,10.590000,1211.630000
2026,Exit short,2025-12-24 10:00,2918.010000,1,17.270000,0.5918,23.100000,7.710000,1215.460000
2026,Entry short,2025-12-24 06:45,2935.280000,1,17.270000,0.5918,23.100000,7.710000,1215.460000
2025,Exit short,2025-12-24 05:30,2934.930000,1,8.720000,0.2971,15.480000,3.290000,1198.190000
2025,Entry short,2025-12-24 04:30,2943.650000,1,8.720000,0.2971,15.480000,3.290000,1198.190000
2024,Exit long,2025-12-24 04:30,2943.650000,1,-18.560000,-0.6266,1.400000,43.210000,1189.470000
2024,Entry long,2025-12-24 02:00,2962.210000,1,-18.560000,-0.6266,1.400000,43.210000,1189.470000
2023,Exit long,2025-12-24 01:30,2968.650000,1,-2.900000,-0.0976,4.930000,4.020000,1208.030000
2023,Entry long,2025-12-24 01:00,2971.550000,1,-2.900000,-0.0976,4.930000,4.020000,1208.030000
2022,Exit short,2025-12-24 01:00,2971.550000,1,-14.240000,-0.4792,2.710000,15.390000,1210.930000
2022,Entry short,2025-12-24 00:30,2957.310000,1,-14.240000,-0.4792,2.710000,15.390000,1210.930000
2021,Exit long,2025-12-24 00:30,2957.310000,1,-3.580000,-0.1209,10.760000,12.390000,1225.170000
2021,Entry long,2025-12-23 22:30,2960.890000,1,-3.580000,-0.1209,10.760000,12.390000,1225.170000
2020,Exit short,2025-12-23 22:30,2960.890000,1,-9.200000,-0.3107,44.410000,36.050000,1228.750000
2020,Entry short,2025-12-23 16:45,2951.690000,1,-9.200000,-0.3107,44.410000,36.050000,1228.750000
2019,Exit short,2025-12-23 13:00,2953.950000,1,12.040000,0.4076,13.570000,8.470000,1237.950000
2019,Entry short,2025-12-23 10:45,2965.990000,1,12.040000,0.4076,13.570000,8.470000,1237.950000
2018,Exit short,2025-12-23 09:45,2961.960000,1,-0.970000,-0.0327,9.800000,4.800000,1225.910000
2018,Entry short,2025-12-23 09:00,2960.990000,1,-0.970000,-0.0327,9.800000,4.800000,1225.910000
2017,Exit short,2025-12-23 03:30,2993.550000,1,-6.460000,-0.2158,17.010000,47.910000,1226.880000
2017,Entry short,2025-12-22 22:00,2987.090000,1,-6.460000,-0.2158,17.010000,47.910000,1226.880000
2016,Exit long,2025-12-22 22:00,2987.090000,1,-59.950000,-1.9675,25.960000,86.040000,1233.340000
2016,Entry long,2025-12-22 13:45,3047.040000,1,-59.950000,-1.9675,25.960000,86.040000,1233.340000
2015,Exit long,2025-12-22 11:15,3039.970000,1,13.140000,0.4341,28.170000,5.830000,1293.290000
2015,Entry long,2025-12-22 06:00,3026.830000,1,13.140000,0.4341,28.170000,5.830000,1293.290000
2014,Exit long,2025-12-22 04:00,3020.180000,1,22.880000,0.7634,33.950000,0.760000,1280.150000
2014,Entry long,2025-12-22 02:30,2997.300000,1,22.880000,0.7634,33.950000,0.760000,1280.150000
2013,Exit short,2025-12-22 02:30,2997.300000,1,-4.760000,-0.1588,4.840000,13.180000,1257.270000
2013,Entry short,2025-12-22 02:15,2992.540000,1,-4.760000,-0.1588,4.840000,13.180000,1257.270000
2012,Exit long,2025-12-21 23:45,2998.950000,1,14.860000,0.4980,27.250000,4.320000,1262.030000
2012,Entry long,2025-12-21 22:15,2984.090000,1,14.860000,0.4980,27.250000,4.320000,1262.030000
2011,Exit short,2025-12-21 22:15,2984.090000,1,-6.320000,-0.2118,8.320000,7.100000,1247.170000
2011,Entry short,2025-12-21 21:45,2977.770000,1,-6.320000,-0.2118,8.320000,7.100000,1247.170000
2010,Exit long,2025-12-21 21:45,2977.770000,1,-6.840000,-0.2292,1.110000,8.380000,1253.490000
2010,Entry long,2025-12-21 21:30,2984.610000,1,-6.840000,-0.2292,1.110000,8.380000,1253.490000
2009,Exit long,2025-12-21 19:30,2989.650000,1,7.110000,0.2384,14.090000,0.560000,1260.330000
2009,Entry long,2025-12-21 18:45,2982.540000,1,7.110000,0.2384,14.090000,0.560000,1260.330000
2008,Exit short,2025-12-21 18:45,2982.540000,1,-10.970000,-0.3678,5.640000,15.940000,1253.220000
2008,Entry short,2025-12-21 16:15,2971.570000,1,-10.970000,-0.3678,5.640000,15.940000,1253.220000
2007,Exit long,2025-12-21 16:15,2971.570000,1,-17.130000,-0.5732,2.170000,45.700000,1264.190000
2007,Entry long,2025-12-21 13:00,2988.700000,1,-17.130000,-0.5732,2.170000,45.700000,1264.190000
2006,Exit short,2025-12-21 13:00,2988.700000,1,-4.110000,-0.1375,3.570000,4.750000,1281.320000
2006,Entry short,2025-12-21 12:45,2984.590000,1,-4.110000,-0.1375,3.570000,4.750000,1281.320000
2005,Exit long,2025-12-21 12:00,2995.160000,1,1.670000,0.0558,6.510000,1.810000,1285.430000
2005,Entry long,2025-12-21 11:15,2993.490000,1,1.670000,0.0558,6.510000,1.810000,1285.430000
2004,Exit short,2025-12-21 11:15,2993.490000,1,-22.110000,-0.7386,0.780000,40.610000,1283.760000
2004,Entry short,2025-12-21 03:45,2971.380000,1,-22.110000,-0.7386,0.780000,40.610000,1283.760000
2003,Exit long,2025-12-21 03:45,2971.380000,1,-7.130000,-0.2394,0.000000,18.380000,1305.870000
2003,Entry long,2025-12-21 01:00,2978.510000,1,-7.130000,-0.2394,0.000000,18.380000,1305.870000
2002,Exit short,2025-12-21 01:00,2978.510000,1,-1.020000,-0.0342,0.730000,1.370000,1313.000000
2002,Entry short,2025-12-21 00:45,2977.490000,1,-1.020000,-0.0342,0.730000,1.370000,1313.000000
2001,Exit long,2025-12-21 00:45,2977.490000,1,-1.590000,-0.0534,0.650000,3.380000,1314.020000
2001,Entry long,2025-12-21 00:30,2979.080000,1,-1.590000,-0.0534,0.650000,3.380000,1314.020000
2000,Exit short,2025-12-21 00:30,2979.080000,1,-3.140000,-0.1054,0.470000,3.970000,1315.610000
2000,Entry short,2025-12-21 00:15,2975.940000,1,-3.140000,-0.1054,0.470000,3.970000,1315.610000
1999,Exit short,2025-12-20 22:45,2976.110000,1,0.870000,0.0292,10.200000,7.770000,1318.750000
1999,Entry short,2025-12-20 15:15,2976.980000,1,0.870000,0.0292,10.200000,7.770000,1318.750000
1998,Exit long,2025-12-20 12:00,2985.990000,1,2.490000,0.0835,5.900000,10.380000,1317.880000
1998,Entry long,2025-12-20 05:15,2983.500000,1,2.490000,0.0835,5.900000,10.380000,1317.880000
1997,Exit long,2025-12-20 03:30,2989.150000,1,4.780000,0.1602,5.020000,15.140000,1315.390000
1997,Entry long,2025-12-19 23:30,2984.370000,1,4.780000,0.1602,5.020000,15.140000,1315.390000
1996,Exit long,2025-12-19 23:00,2986.380000,1,7.430000,0.2494,12.810000,5.620000,1310.610000
1996,Entry long,2025-12-19 21:45,2978.950000,1,7.430000,0.2494,12.810000,5.620000,1310.610000
1995,Exit long,2025-12-19 20:15,2981.290000,1,25.330000,0.8569,62.030000,22.960000,1303.180000
1995,Entry long,2025-12-19 12:30,2955.960000,1,25.330000,0.8569,62.030000,22.960000,1303.180000
1994,Exit short,2025-12-19 12:30,2955.960000,1,-127.260000,-4.3052,22.550000,155.300000,1277.850000
1994,Entry short,2025-12-18 22:00,2828.700000,1,-127.260000,-4.3052,22.550000,155.300000,1277.850000
1993,Exit long,2025-12-18 22:00,2828.700000,1,-121.320000,-4.1125,3.820000,177.050000,1405.110000
1993,Entry long,2025-12-18 16:45,2950.020000,1,-121.320000,-4.1125,3.820000,177.050000,1405.110000
1992,Exit long,2025-12-18 12:15,2852.790000,1,-0.780000,-0.0273,8.010000,3.030000,1526.430000
1992,Entry long,2025-12-18 11:30,2853.570000,1,-0.780000,-0.0273,8.010000,3.030000,1526.430000
1991,Exit long,2025-12-18 10:15,2852.990000,1,8.510000,0.2992,12.350000,0.180000,1527.210000
1991,Entry long,2025-12-18 09:30,2844.480000,1,8.510000,0.2992,12.350000,0.180000,1527.210000
1990,Exit short,2025-12-18 09:30,2844.480000,1,-18.140000,-0.6377,16.190000,25.410000,1518.700000
1990,Entry short,2025-12-17 20:45,2826.340000,1,-18.140000,-0.6377,16.190000,25.410000,1518.700000
1989,Exit short,2025-12-17 17:00,2862.670000,1,64.240000,2.2441,94.240000,103.090000,1536.840000
1989,Entry short,2025-12-17 11:30,2926.910000,1,64.240000,2.2441,94.240000,103.090000,1536.840000
1988,Exit short,2025-12-17 09:15,2926.390000,1,15.370000,0.5252,23.450000,0.970000,1472.600000
1988,Entry short,2025-12-17 08:15,2941.760000,1,15.370000,0.5252,23.450000,0.970000,1472.600000
1987,Exit long,2025-12-17 08:15,2941.760000,1,-6.700000,-0.2272,0.020000,9.010000,1457.230000
1987,Entry long,2025-12-17 07:45,2948.460000,1,-6.700000,-0.2272,0.020000,9.010000,1457.230000
1986,Exit short,2025-12-17 07:45,2948.460000,1,-9.450000,-0.3205,8.350000,14.110000,1463.930000
1986,Entry short,2025-12-17 06:30,2939.010000,1,-9.450000,-0.3205,8.350000,14.110000,1463.930000
1985,Exit long,2025-12-17 06:30,2939.010000,1,-15.950000,-0.5398,8.820000,42.600000,1473.380000
1985,Entry long,2025-12-17 02:45,2954.960000,1,-15.950000,-0.5398,8.820000,42.600000,1473.380000
1984,Exit short,2025-12-17 02:45,2954.960000,1,-13.900000,-0.4704,4.540000,13.940000,1489.330000
1984,Entry short,2025-12-17 02:15,2941.060000,1,-13.900000,-0.4704,4.540000,13.940000,1489.330000
1983,Exit long,2025-12-17 02:15,2941.060000,1,-10.870000,-0.3682,21.590000,11.490000,1503.230000
1983,Entry long,2025-12-16 23:30,2951.930000,1,-10.870000,-0.3682,21.590000,11.490000,1503.230000
1982,Exit long,2025-12-16 23:00,2952.850000,1,5.760000,0.1954,12.860000,4.540000,1514.100000
1982,Entry long,2025-12-16 21:30,2947.090000,1,5.760000,0.1954,12.860000,4.540000,1514.100000
1981,Exit short,2025-12-16 21:30,2947.090000,1,-5.960000,-0.2022,1.740000,6.870000,1508.340000
1981,Entry short,2025-12-16 21:15,2941.130000,1,-5.960000,-0.2022,1.740000,6.870000,1508.340000
1980,Exit long,2025-12-16 20:15,2946.330000,1,2.460000,0.0836,12.600000,3.200000,1514.300000
1980,Entry long,2025-12-16 19:45,2943.870000,1,2.460000,0.0836,12.600000,3.200000,1514.300000
1979,Exit short,2025-12-16 19:45,2943.870000,1,-19.790000,-0.6722,5.230000,19.910000,1511.840000
1979,Entry short,2025-12-16 19:15,2924.080000,1,-19.790000,-0.6722,5.230000,19.910000,1511.840000
1978,Exit long,2025-12-16 19:15,2924.080000,1,-26.130000,-0.8857,16.770000,27.330000,1531.630000
1978,Entry long,2025-12-16 18:45,2950.210000,1,-26.130000,-0.8857,16.770000,27.330000,1531.630000
1977,Exit short,2025-12-16 18:15,2929.420000,1,-3.520000,-0.1202,15.890000,6.520000,1557.760000
1977,Entry short,2025-12-16 17:45,2925.900000,1,-3.520000,-0.1202,15.890000,6.520000,1557.760000
1976,Exit long,2025-12-16 17:45,2925.900000,1,-23.930000,-0.8112,3.070000,29.290000,1561.280000
1976,Entry long,2025-12-16 17:15,2949.830000,1,-23.930000,-0.8112,3.070000,29.290000,1561.280000
1975,Exit short,2025-12-16 17:15,2949.830000,1,-17.920000,-0.6075,3.560000,22.520000,1585.210000
1975,Entry short,2025-12-16 16:45,2931.910000,1,-17.920000,-0.6075,3.560000,22.520000,1585.210000
1974,Exit long,2025-12-16 16:45,2931.910000,1,-29.820000,-1.0068,0.980000,38.360000,1603.130000
1974,Entry long,2025-12-16 16:00,2961.730000,1,-29.820000,-1.0068,0.980000,38.360000,1603.130000
1973,Exit short,2025-12-16 16:00,2961.730000,1,-27.420000,-0.9258,22.010000,40.390000,1632.950000
1973,Entry short,2025-12-16 15:15,2934.310000,1,-27.420000,-0.9258,22.010000,40.390000,1632.950000
1972,Exit long,2025-12-16 15:15,2934.310000,1,-29.680000,-1.0014,18.110000,78.530000,1660.370000
1972,Entry long,2025-12-16 13:30,2963.990000,1,-29.680000,-1.0014,18.110000,78.530000,1660.370000
1971,Exit short,2025-12-16 13:30,2963.990000,1,-24.110000,-0.8134,23.710000,35.770000,1690.050000
1971,Entry short,2025-12-16 06:45,2939.880000,1,-24.110000,-0.8134,23.710000,35.770000,1690.050000
1970,Exit short,2025-12-16 03:45,2932.970000,1,20.910000,0.7129,32.970000,2.110000,1714.160000
1970,Entry short,2025-12-16 02:45,2953.880000,1,20.910000,0.7129,32.970000,2.110000,1714.160000
1969,Exit short,2025-12-16 02:15,2945.620000,1,-0.870000,-0.0295,11.600000,32.190000,1693.250000
1969,Entry short,2025-12-15 22:00,2944.750000,1,-0.870000,-0.0295,11.600000,32.190000,1693.250000
1968,Exit short,2025-12-15 16:00,3009.480000,1,37.270000,1.2384,61.750000,13.240000,1694.120000
1968,Entry short,2025-12-15 15:00,3046.750000,1,37.270000,1.2384,61.750000,13.240000,1694.120000
1967,Exit long,2025-12-15 15:00,3046.750000,1,-101.000000,-3.2086,10.150000,118.010000,1656.850000
1967,Entry long,2025-12-15 12:15,3147.750000,1,-101.000000,-3.2086,10.150000,118.010000,1656.850000
1966,Exit long,2025-12-15 07:15,3127.050000,1,11.100000,0.3562,27.940000,0.540000,1757.850000
1966,Entry long,2025-12-15 06:15,3115.950000,1,11.100000,0.3562,27.940000,0.540000,1757.850000
1965,Exit long,2025-12-15 05:15,3120.260000,1,0.470000,0.0151,5.720000,1.750000,1746.750000
1965,Entry long,2025-12-15 04:45,3119.790000,1,0.470000,0.0151,5.720000,1.750000,1746.750000
1964,Exit short,2025-12-15 04:45,3119.790000,1,-46.730000,-1.4979,17.270000,76.940000,1746.280000
1964,Entry short,2025-12-15 00:30,3073.060000,1,-46.730000,-1.4979,17.270000,76.940000,1746.280000
1963,Exit short,2025-12-14 23:00,3072.670000,1,7.970000,0.2594,28.600000,22.300000,1793.010000
1963,Entry short,2025-12-14 17:30,3080.640000,1,7.970000,0.2594,28.600000,22.300000,1793.010000
1962,Exit long,2025-12-14 17:30,3080.640000,1,-16.300000,-0.5263,6.060000,24.210000,1785.040000
1962,Entry long,2025-12-14 17:00,3096.940000,1,-16.300000,-0.5263,6.060000,24.210000,1785.040000
1961,Exit short,2025-12-14 17:00,3096.940000,1,-11.940000,-0.3855,0.890000,14.010000,1801.340000
1961,Entry short,2025-12-14 16:45,3085.000000,1,-11.940000,-0.3855,0.890000,14.010000,1801.340000
1960,Exit long,2025-12-14 16:45,3085.000000,1,-14.150000,-0.4566,3.210000,17.400000,1813.280000
1960,Entry long,2025-12-14 16:30,3099.150000,1,-14.150000,-0.4566,3.210000,17.400000,1813.280000
1959,Exit short,2025-12-14 15:15,3073.810000,1,23.050000,0.7499,27.530000,10.400000,1827.430000
1959,Entry short,2025-12-14 13:00,3096.860000,1,23.050000,0.7499,27.530000,10.400000,1827.430000
1958,Exit short,2025-12-14 11:00,3105.970000,1,3.730000,0.1201,17.440000,2.940000,1804.380000
1958,Entry short,2025-12-14 09:00,3109.700000,1,3.730000,0.1201,17.440000,2.940000,1804.380000
1957,Exit long,2025-12-14 08:30,3115.620000,1,1.850000,0.0594,4.070000,0.390000,1800.650000
1957,Entry long,2025-12-14 08:00,3113.770000,1,1.850000,0.0594,4.070000,0.390000,1800.650000
1956,Exit short,2025-12-14 08:00,3113.770000,1,-2.770000,-0.0890,3.650000,5.350000,1798.800000
1956,Entry short,2025-12-14 06:45,3111.000000,1,-2.770000,-0.0890,3.650000,5.350000,1798.800000
1955,Exit short,2025-12-14 05:15,3107.480000,1,0.830000,0.0267,3.310000,3.530000,1801.570000
1955,Entry short,2025-12-14 04:45,3108.310000,1,0.830000,0.0267,3.310000,3.530000,1801.570000
1954,Exit long,2025-12-14 04:45,3108.310000,1,-9.090000,-0.2916,3.590000,12.380000,1800.740000
1954,Entry long,2025-12-14 04:00,3117.400000,1,-9.090000,-0.2916,3.590000,12.380000,1800.740000
1953,Exit long,2025-12-14 03:30,3119.120000,1,0.910000,0.0292,6.520000,3.880000,1809.830000
1953,Entry long,2025-12-14 02:00,3118.210000,1,0.910000,0.0292,6.520000,3.880000,1809.830000
1952,Exit long,2025-12-14 01:15,3120.000000,1,10.990000,0.3535,12.960000,0.100000,1808.920000
1952,Entry long,2025-12-14 00:30,3109.010000,1,10.990000,0.3535,12.960000,0.100000,1808.920000
1951,Exit long,2025-12-13 23:15,3112.650000,1,5.040000,0.1622,11.380000,32.610000,1797.930000
1951,Entry long,2025-12-13 20:30,3107.610000,1,5.040000,0.1622,11.380000,32.610000,1797.930000
1950,Exit short,2025-12-13 20:30,3107.610000,1,-2.410000,-0.0776,7.450000,5.220000,1792.890000
1950,Entry short,2025-12-13 18:30,3105.200000,1,-2.410000,-0.0776,7.450000,5.220000,1792.890000
1949,Exit long,2025-12-13 18:30,3105.200000,1,-3.400000,-0.1094,1.130000,4.540000,1795.300000
1949,Entry long,2025-12-13 18:15,3108.600000,1,-3.400000,-0.1094,1.130000,4.540000,1795.300000
1948,Exit short,2025-12-13 17:00,3104.250000,1,3.850000,0.1240,8.980000,7.150000,1798.700000
1948,Entry short,2025-12-13 16:00,3108.100000,1,3.850000,0.1240,8.980000,7.150000,1798.700000
1947,Exit long,2025-12-13 16:00,3108.100000,1,-1.330000,-0.0428,13.400000,6.420000,1794.850000
1947,Entry long,2025-12-13 15:00,3109.430000,1,-1.330000,-0.0428,13.400000,6.420000,1794.850000
1946,Exit short,2025-12-13 15:00,3109.430000,1,-2.560000,-0.0823,0.000000,6.930000,1796.180000
1946,Entry short,2025-12-13 14:45,3106.870000,1,-2.560000,-0.0823,0.000000,6.930000,1796.180000
1945,Exit long,2025-12-13 14:45,3106.870000,1,-1.140000,-0.0367,6.740000,13.650000,1798.740000
1945,Entry long,2025-12-13 14:00,3108.010000,1,-1.140000,-0.0367,6.740000,13.650000,1798.740000
1944,Exit short,2025-12-13 14:00,3108.010000,1,-10.970000,-0.3530,4.400000,11.900000,1799.880000
1944,Entry short,2025-12-13 13:30,3097.040000,1,-10.970000,-0.3530,4.400000,11.900000,1799.880000
1943,Exit long,2025-12-13 13:30,3097.040000,1,-25.070000,-0.8030,0.490000,26.320000,1810.850000
1943,Entry long,2025-12-13 12:15,3122.110000,1,-25.070000,-0.8030,0.490000,26.320000,1810.850000
1942,Exit short,2025-12-13 12:15,3122.110000,1,-38.230000,-1.2245,6.880000,51.120000,1835.920000
1942,Entry short,2025-12-12 21:30,3083.880000,1,-38.230000,-1.2245,6.880000,51.120000,1835.920000
1941,Exit short,2025-12-12 16:30,3082.900000,1,151.330000,4.9087,193.130000,12.900000,1874.150000
1941,Entry short,2025-12-12 14:15,3234.230000,1,151.330000,4.9087,193.130000,12.900000,1874.150000
1940,Exit long,2025-12-12 14:15,3234.230000,1,-6.780000,-0.2092,0.000000,7.670000,1722.820000
1940,Entry long,2025-12-12 14:00,3241.010000,1,-6.780000,-0.2092,0.000000,7.670000,1722.820000
1939,Exit short,2025-12-12 14:00,3241.010000,1,-3.170000,-0.0978,0.350000,5.060000,1729.600000
1939,Entry short,2025-12-12 13:45,3237.840000,1,-3.170000,-0.0978,0.350000,5.060000,1729.600000
1938,Exit long,2025-12-12 13:45,3237.840000,1,-8.060000,-0.2483,4.760000,9.460000,1732.770000
1938,Entry long,2025-12-12 13:00,3245.900000,1,-8.060000,-0.2483,4.760000,9.460000,1732.770000
1937,Exit short,2025-12-12 13:00,3245.900000,1,-9.260000,-0.2853,4.970000,11.380000,1740.830000
1937,Entry short,2025-12-12 12:15,3236.640000,1,-9.260000,-0.2853,4.970000,11.380000,1740.830000
1936,Exit long,2025-12-12 12:15,3236.640000,1,-4.530000,-0.1398,0.000000,7.130000,1750.090000
1936,Entry long,2025-12-12 12:00,3241.170000,1,-4.530000,-0.1398,0.000000,7.130000,1750.090000
1935,Exit short,2025-12-12 11:45,3237.960000,1,0.560000,0.0173,13.500000,2.180000,1754.620000
1935,Entry short,2025-12-12 11:15,3238.520000,1,0.560000,0.0173,13.500000,2.180000,1754.620000
1934,Exit long,2025-12-12 11:15,3238.520000,1,-12.700000,-0.3906,5.280000,20.220000,1754.060000
1934,Entry long,2025-12-12 07:15,3251.220000,1,-12.700000,-0.3906,5.280000,20.220000,1754.060000
1933,Exit long,2025-12-12 06:45,3253.990000,1,11.090000,0.3420,20.600000,0.320000,1766.760000
1933,Entry long,2025-12-12 05:45,3242.900000,1,11.090000,0.3420,20.600000,0.320000,1766.760000
1932,Exit long,2025-12-12 02:45,3248.020000,1,9.610000,0.2968,15.900000,55.080000,1755.670000
1932,Entry long,2025-12-11 22:45,3238.410000,1,9.610000,0.2968,15.900000,55.080000,1755.670000
1931,Exit long,2025-12-11 22:00,3247.480000,1,33.890000,1.0546,58.840000,17.940000,1746.060000
1931,Entry long,2025-12-11 20:15,3213.590000,1,33.890000,1.0546,58.840000,17.940000,1746.060000
1930,Exit short,2025-12-11 20:15,3213.590000,1,-20.900000,-0.6504,1.920000,25.460000,1712.170000
1930,Entry short,2025-12-11 20:00,3192.690000,1,-20.900000,-0.6504,1.920000,25.460000,1712.170000
1929,Exit long,2025-12-11 20:00,3192.690000,1,-15.690000,-0.4890,19.320000,20.790000,1733.070000
1929,Entry long,2025-12-11 19:30,3208.380000,1,-15.690000,-0.4890,19.320000,20.790000,1733.070000
1928,Exit short,2025-12-11 19:30,3208.380000,1,-9.140000,-0.2849,56.320000,33.650000,1748.760000
1928,Entry short,2025-12-11 07:45,3199.240000,1,-9.140000,-0.2849,56.320000,33.650000,1748.760000
1927,Exit short,2025-12-11 07:15,3201.720000,1,5.270000,0.1646,14.520000,5.850000,1757.900000
1927,Entry short,2025-12-11 06:15,3206.990000,1,5.270000,0.1646,14.520000,5.850000,1757.900000
1926,Exit long,2025-12-11 06:15,3206.990000,1,-167.630000,-4.9674,71.500000,209.620000,1752.630000
1926,Entry long,2025-12-10 19:30,3374.620000,1,-167.630000,-4.9674,71.500000,209.620000,1752.630000
1925,Exit long,2025-12-10 17:15,3356.660000,1,32.340000,0.9728,50.610000,28.760000,1920.260000
1925,Entry long,2025-12-10 07:00,3324.320000,1,32.340000,0.9728,50.610000,28.760000,1920.260000
1924,Exit long,2025-12-10 05:15,3323.080000,1,-3.470000,-0.1043,15.230000,43.040000,1887.920000
1924,Entry long,2025-12-09 20:45,3326.550000,1,-3.470000,-0.1043,15.230000,43.040000,1887.920000
1923,Exit long,2025-12-09 16:45,3344.090000,1,228.180000,7.3231,232.570000,1.980000,1891.390000
1923,Entry long,2025-12-09 15:00,3115.910000,1,228.180000,7.3231,232.570000,1.980000,1891.390000
1922,Exit long,2025-12-09 12:30,3129.890000,1,12.980000,0.4164,21.960000,4.010000,1663.210000
1922,Entry long,2025-12-09 12:00,3116.910000,1,12.980000,0.4164,21.960000,4.010000,1663.210000
1921,Exit short,2025-12-09 10:15,3107.710000,1,-3.070000,-0.0988,6.570000,7.080000,1650.230000
1921,Entry short,2025-12-09 09:45,3104.640000,1,-3.070000,-0.0988,6.570000,7.080000,1650.230000
1920,Exit long,2025-12-09 08:15,3121.350000,1,0.720000,0.0231,5.050000,3.990000,1653.300000
1920,Entry long,2025-12-09 07:30,3120.630000,1,0.720000,0.0231,5.050000,3.990000,1653.300000
1919,Exit short,2025-12-09 07:30,3120.630000,1,-14.380000,-0.4608,11.240000,18.750000,1652.580000
1919,Entry short,2025-12-09 06:15,3106.250000,1,-14.380000,-0.4608,11.240000,18.750000,1652.580000
1918,Exit short,2025-12-09 05:15,3100.910000,1,3.610000,0.1164,8.200000,5.080000,1666.960000
1918,Entry short,2025-12-09 04:45,3104.520000,1,3.610000,0.1164,8.200000,5.080000,1666.960000
1917,Exit short,2025-12-09 02:15,3102.590000,1,20.990000,0.6765,26.310000,18.720000,1663.350000
1917,Entry short,2025-12-08 23:30,3123.580000,1,20.990000,0.6765,26.310000,18.720000,1663.350000
1916,Exit long,2025-12-08 23:30,3123.580000,1,-5.070000,-0.1621,7.750000,17.000000,1642.360000
1916,Entry long,2025-12-08 23:00,3128.650000,1,-5.070000,-0.1621,7.750000,17.000000,1642.360000
1915,Exit short,2025-12-08 23:00,3128.650000,1,-21.990000,-0.7029,40.490000,45.340000,1647.430000
1915,Entry short,2025-12-08 17:00,3106.660000,1,-21.990000,-0.7029,40.490000,45.340000,1647.430000
1914,Exit long,2025-12-08 17:00,3106.660000,1,-31.970000,-1.0186,39.370000,51.290000,1669.420000
1914,Entry long,2025-12-08 12:15,3138.630000,1,-31.970000,-1.0186,39.370000,51.290000,1669.420000
1913,Exit long,2025-12-08 09:45,3158.070000,1,25.320000,0.8082,47.240000,8.940000,1701.390000
1913,Entry long,2025-12-08 07:30,3132.750000,1,25.320000,0.8082,47.240000,8.940000,1701.390000
1912,Exit long,2025-12-08 02:00,3097.120000,1,20.690000,0.6725,57.260000,7.550000,1676.070000
1912,Entry long,2025-12-08 01:15,3076.430000,1,20.690000,0.6725,57.260000,7.550000,1676.070000
1911,Exit short,2025-12-08 01:15,3076.430000,1,-14.760000,-0.4798,0.520000,19.940000,1655.380000
1911,Entry short,2025-12-08 01:00,3061.670000,1,-14.760000,-0.4798,0.520000,19.940000,1655.380000
1910,Exit short,2025-12-07 22:45,3052.570000,1,-47.920000,-1.5698,5.200000,145.350000,1670.140000
1910,Entry short,2025-12-07 16:15,3004.650000,1,-47.920000,-1.5698,5.200000,145.350000,1670.140000
1909,Exit long,2025-12-07 16:15,3004.650000,1,-21.180000,-0.7000,0.860000,28.240000,1718.060000
1909,Entry long,2025-12-07 16:00,3025.830000,1,-21.180000,-0.7000,0.860000,28.240000,1718.060000
1908,Exit short,2025-12-07 15:00,2941.320000,1,91.960000,3.1265,129.530000,19.520000,1739.240000
1908,Entry short,2025-12-07 09:00,3033.280000,1,91.960000,3.1265,129.530000,19.520000,1739.240000
1907,Exit long,2025-12-07 09:00,3033.280000,1,-11.810000,-0.3878,4.650000,18.910000,1647.280000
1907,Entry long,2025-12-07 05:00,3045.090000,1,-11.810000,-0.3878,4.650000,18.910000,1647.280000
1906,Exit short,2025-12-07 05:00,3045.090000,1,-8.960000,-0.2942,11.780000,20.650000,1659.090000
1906,Entry short,2025-12-06 23:15,3036.130000,1,-8.960000,-0.2942,11.780000,20.650000,1659.090000
1905,Exit long,2025-12-06 22:45,3043.150000,1,1.720000,0.0566,12.560000,5.670000,1668.050000
1905,Entry long,2025-12-06 22:00,3041.430000,1,1.720000,0.0566,12.560000,5.670000,1668.050000
1904,Exit short,2025-12-06 22:00,3041.430000,1,-3.020000,-0.0993,3.410000,5.340000,1666.330000
1904,Entry short,2025-12-06 21:00,3038.410000,1,-3.020000,-0.0993,3.410000,5.340000,1666.330000
1903,Exit long,2025-12-06 21:00,3038.410000,1,-15.830000,-0.5183,0.250000,31.240000,1669.350000
1903,Entry long,2025-12-06 18:15,3054.240000,1,-15.830000,-0.5183,0.250000,31.240000,1669.350000
1902,Exit long,2025-12-06 16:45,3060.060000,1,14.010000,0.4599,19.540000,8.100000,1685.180000
1902,Entry long,2025-12-06 15:45,3046.050000,1,14.010000,0.4599,19.540000,8.100000,1685.180000
1901,Exit short,2025-12-06 15:45,3046.050000,1,-12.450000,-0.4087,5.120000,14.060000,1671.170000
1901,Entry short,2025-12-06 15:30,3033.600000,1,-12.450000,-0.4087,5.120000,14.060000,1671.170000
1900,Exit long,2025-12-06 15:15,3046.240000,1,8.480000,0.2792,30.820000,4.860000,1683.620000
1900,Entry long,2025-12-06 13:45,3037.760000,1,8.480000,0.2792,30.820000,4.860000,1683.620000
1899,Exit short,2025-12-06 13:45,3037.760000,1,-9.110000,-0.2999,4.840000,13.130000,1675.140000
1899,Entry short,2025-12-06 10:00,3028.650000,1,-9.110000,-0.2999,4.840000,13.130000,1675.140000
1898,Exit short,2025-12-06 08:00,3024.980000,1,-14.930000,-0.4936,0.650000,34.750000,1684.250000
1898,Entry short,2025-12-05 23:15,3010.050000,1,-14.930000,-0.4936,0.650000,34.750000,1684.250000
1897,Exit short,2025-12-05 22:15,3010.440000,1,30.930000,1.0274,33.270000,6.430000,1699.180000
1897,Entry short,2025-12-05 20:15,3041.370000,1,30.930000,1.0274,33.270000,6.430000,1699.180000
1896,Exit short,2025-12-05 19:30,3024.430000,1,2.940000,0.0972,49.370000,7.630000,1668.250000
1896,Entry short,2025-12-05 18:30,3027.370000,1,2.940000,0.0972,49.370000,7.630000,1668.250000
1895,Exit short,2025-12-05 17:15,3013.620000,1,117.430000,3.8966,134.130000,0.000000,1665.310000
1895,Entry short,2025-12-05 15:45,3131.050000,1,117.430000,3.8966,134.130000,0.000000,1665.310000
1894,Exit long,2025-12-05 15:45,3131.050000,1,-8.950000,-0.2850,6.420000,18.350000,1547.880000
1894,Entry long,2025-12-05 15:15,3140.000000,1,-8.950000,-0.2850,6.420000,18.350000,1547.880000
1893,Exit short,2025-12-05 14:15,3102.430000,1,30.980000,0.9986,47.410000,8.590000,1556.830000
1893,Entry short,2025-12-05 11:00,3133.410000,1,30.980000,0.9986,47.410000,8.590000,1556.830000
1892,Exit short,2025-12-05 09:15,3140.950000,1,20.310000,0.6466,25.930000,2.040000,1525.850000
1892,Entry short,2025-12-05 08:15,3161.260000,1,20.310000,0.6466,25.930000,2.040000,1525.850000
1891,Exit long,2025-12-05 07:45,3173.610000,1,12.890000,0.4078,20.920000,9.540000,1505.540000
1891,Entry long,2025-12-05 05:15,3160.720000,1,12.890000,0.4078,20.920000,9.540000,1505.540000
1890,Exit short,2025-12-05 05:15,3160.720000,1,-31.400000,-0.9934,12.210000,63.400000,1492.650000
1890,Entry short,2025-12-04 21:30,3129.320000,1,-31.400000,-0.9934,12.210000,63.400000,1492.650000
1889,Exit short,2025-12-04 18:15,3154.120000,1,24.400000,0.7736,47.510000,10.410000,1524.050000
1889,Entry short,2025-12-04 16:45,3178.520000,1,24.400000,0.7736,47.510000,10.410000,1524.050000
1888,Exit long,2025-12-04 16:45,3178.520000,1,-34.860000,-1.0848,11.620000,41.200000,1499.650000
1888,Entry long,2025-12-04 15:45,3213.380000,1,-34.860000,-1.0848,11.620000,41.200000,1499.650000
1887,Exit short,2025-12-04 15:45,3213.380000,1,-38.370000,-1.1941,36.860000,52.650000,1534.510000
1887,Entry short,2025-12-04 14:45,3175.010000,1,-38.370000,-1.1941,36.860000,52.650000,1534.510000
1886,Exit long,2025-12-04 14:45,3175.010000,1,-10.190000,-0.3199,0.380000,19.980000,1572.880000
1886,Entry long,2025-12-04 14:30,3185.200000,1,-10.190000,-0.3199,0.380000,19.980000,1572.880000
1885,Exit short,2025-12-04 14:30,3185.200000,1,-11.840000,-0.3717,7.770000,14.300000,1583.070000
1885,Entry short,2025-12-04 13:45,3173.360000,1,-11.840000,-0.3717,7.770000,14.300000,1583.070000
1884,Exit long,2025-12-04 13:45,3173.360000,1,-16.660000,-0.5223,3.640000,35.750000,1594.910000
1884,Entry long,2025-12-04 11:30,3190.020000,1,-16.660000,-0.5223,3.640000,35.750000,1594.910000
1883,Exit long,2025-12-04 10:15,3197.090000,1,1.790000,0.0560,12.290000,21.850000,1611.570000
1883,Entry long,2025-12-04 07:30,3195.300000,1,1.790000,0.0560,12.290000,21.850000,1611.570000
1882,Exit long,2025-12-04 07:00,3203.810000,1,-4.760000,-0.1484,10.760000,38.510000,1609.780000
1882,Entry long,2025-12-04 04:00,3208.570000,1,-4.760000,-0.1484,10.760000,38.510000,1609.780000
1881,Exit long,2025-12-03 21:15,3148.420000,1,32.840000,1.0541,46.040000,5.030000,1614.540000
1881,Entry long,2025-12-03 19:15,3115.580000,1,32.840000,1.0541,46.040000,5.030000,1614.540000
1880,Exit long,2025-12-03 18:30,3130.660000,1,58.150000,1.8926,72.630000,18.510000,1581.700000
1880,Entry long,2025-12-03 14:30,3072.510000,1,58.150000,1.8926,72.630000,18.510000,1581.700000
1879,Exit long,2025-12-03 12:15,3072.450000,1,16.760000,0.5485,25.160000,7.210000,1523.550000
1879,Entry long,2025-12-03 11:15,3055.690000,1,16.760000,0.5485,25.160000,7.210000,1523.550000
1878,Exit long,2025-12-03 10:30,3068.310000,1,11.580000,0.3788,22.420000,14.780000,1506.790000
1878,Entry long,2025-12-03 07:15,3056.730000,1,11.580000,0.3788,22.420000,14.780000,1506.790000
1877,Exit long,2025-12-03 04:00,3029.070000,1,2.100000,0.0694,9.690000,4.250000,1495.210000
1877,Entry long,2025-12-03 03:15,3026.970000,1,2.100000,0.0694,9.690000,4.250000,1495.210000
1876,Exit long,2025-12-03 02:15,3043.470000,1,45.880000,1.5306,49.330000,13.830000,1493.110000
1876,Entry long,2025-12-03 00:15,2997.590000,1,45.880000,1.5306,49.330000,13.830000,1493.110000
1875,Exit long,2025-12-02 22:45,3013.700000,1,35.020000,1.1757,41.320000,2.680000,1447.230000
1875,Entry long,2025-12-02 21:00,2978.680000,1,35.020000,1.1757,41.320000,2.680000,1447.230000
1874,Exit long,2025-12-02 14:00,2842.950000,1,16.470000,0.5827,20.820000,5.640000,1412.210000
1874,Entry long,2025-12-02 13:00,2826.480000,1,16.470000,0.5827,20.820000,5.640000,1412.210000
1873,Exit long,2025-12-02 11:30,2827.810000,1,21.090000,0.7514,27.300000,3.710000,1395.740000
1873,Entry long,2025-12-02 10:15,2806.720000,1,21.090000,0.7514,27.300000,3.710000,1395.740000
1872,Exit short,2025-12-02 10:15,2806.720000,1,-10.290000,-0.3666,2.430000,13.480000,1374.650000
1872,Entry short,2025-12-02 09:45,2796.430000,1,-10.290000,-0.3666,2.430000,13.480000,1374.650000
1871,Exit long,2025-12-02 09:45,2796.430000,1,-7.770000,-0.2771,6.780000,23.600000,1384.940000
1871,Entry long,2025-12-02 08:00,2804.200000,1,-7.770000,-0.2771,6.780000,23.600000,1384.940000
1870,Exit long,2025-12-02 07:15,2807.390000,1,8.700000,0.3109,16.110000,2.500000,1392.710000
1870,Entry long,2025-12-02 05:30,2798.690000,1,8.700000,0.3109,16.110000,2.500000,1392.710000
1869,Exit short,2025-12-02 05:30,2798.690000,1,-9.130000,-0.3262,5.780000,23.730000,1384.010000
1869,Entry short,2025-12-02 03:30,2789.560000,1,-9.130000,-0.3262,5.780000,23.730000,1384.010000
1868,Exit long,2025-12-02 01:45,2795.890000,1,-6.870000,-0.2451,4.030000,8.200000,1393.140000
1868,Entry long,2025-12-02 01:15,2802.760000,1,-6.870000,-0.2451,4.030000,8.200000,1393.140000
1867,Exit short,2025-12-02 01:15,2802.760000,1,-52.960000,-1.8896,26.810000,75.770000,1400.010000
1867,Entry short,2025-12-01 18:30,2749.800000,1,-52.960000,-1.8896,26.810000,75.770000,1400.010000
1866,Exit short,2025-12-01 16:15,2725.260000,1,96.770000,3.5509,103.960000,9.040000,1452.970000
1866,Entry short,2025-12-01 13:30,2822.030000,1,96.770000,3.5509,103.960000,9.040000,1452.970000
1865,Exit short,2025-12-01 13:00,2819.520000,1,5.660000,0.2007,34.180000,29.380000,1356.200000
1865,Entry short,2025-12-01 06:30,2825.180000,1,5.660000,0.2007,34.180000,29.380000,1356.200000
1864,Exit long,2025-12-01 06:30,2825.180000,1,-207.050000,-6.8283,1.840000,226.680000,1350.540000
1864,Entry long,2025-11-30 23:00,3032.230000,1,-207.050000,-6.8283,1.840000,226.680000,1350.540000
1863,Exit short,2025-11-30 23:00,3032.230000,1,-7.480000,-0.2467,3.390000,9.990000,1557.590000
1863,Entry short,2025-11-30 22:45,3024.750000,1,-7.480000,-0.2467,3.390000,9.990000,1557.590000
1862,Exit long,2025-11-30 22:45,3024.750000,1,-9.520000,-0.3137,9.370000,21.230000,1565.070000
1862,Entry long,2025-11-30 17:30,3034.270000,1,-9.520000,-0.3137,9.370000,21.230000,1565.070000
1861,Exit long,2025-11-30 17:00,3042.740000,1,8.280000,0.2729,13.980000,9.290000,1574.590000
1861,Entry long,2025-11-30 15:30,3034.460000,1,8.280000,0.2729,13.980000,9.290000,1574.590000
1860,Exit long,2025-11-30 13:15,3023.420000,1,16.960000,0.5641,25.940000,9.770000,1566.310000
1860,Entry long,2025-11-30 10:15,3006.460000,1,16.960000,0.5641,25.940000,9.770000,1566.310000
1859,Exit short,2025-11-30 06:00,2990.610000,1,3.150000,0.1053,9.560000,3.320000,1549.350000
1859,Entry short,2025-11-30 05:15,2993.760000,1,3.150000,0.1053,9.560000,3.320000,1549.350000
1858,Exit long,2025-11-30 05:15,2993.760000,1,-2.980000,-0.0994,1.440000,5.960000,1546.200000
1858,Entry long,2025-11-30 04:45,2996.740000,1,-2.980000,-0.0994,1.440000,5.960000,1546.200000
1857,Exit long,2025-11-30 04:15,3000.380000,1,-2.200000,-0.0733,2.100000,5.260000,1549.180000
1857,Entry long,2025-11-30 03:45,3002.580000,1,-2.200000,-0.0733,2.100000,5.260000,1549.180000
1856,Exit short,2025-11-30 03:45,3002.580000,1,-7.670000,-0.2554,20.910000,17.060000,1551.380000
1856,Entry short,2025-11-29 19:30,2994.910000,1,-7.670000,-0.2554,20.910000,17.060000,1551.380000
1855,Exit short,2025-11-29 18:30,2973.220000,1,25.930000,0.8721,39.140000,11.950000,1559.050000
1855,Entry short,2025-11-29 15:45,2999.150000,1,25.930000,0.8721,39.140000,11.950000,1559.050000
1854,Exit short,2025-11-29 14:45,2990.790000,1,2.440000,0.0816,6.100000,6.770000,1533.120000
1854,Entry short,2025-11-29 13:15,2993.230000,1,2.440000,0.0816,6.100000,6.770000,1533.120000
1853,Exit long,2025-11-29 13:15,2993.230000,1,-41.790000,-1.3769,0.600000,52.720000,1530.680000
1853,Entry long,2025-11-29 06:15,3035.020000,1,-41.790000,-1.3769,0.600000,52.720000,1530.680000
1852,Exit short,2025-11-29 06:15,3035.020000,1,-3.410000,-0.1124,0.830000,5.840000,1572.470000
1852,Entry short,2025-11-29 06:00,3031.610000,1,-3.410000,-0.1124,0.830000,5.840000,1572.470000
1851,Exit short,2025-11-29 04:00,3021.510000,1,12.880000,0.4263,18.370000,5.040000,1575.880000
1851,Entry short,2025-11-29 01:45,3034.390000,1,12.880000,0.4263,18.370000,5.040000,1575.880000
1850,Exit long,2025-11-29 01:45,3034.390000,1,-12.010000,-0.3942,5.060000,15.600000,1563.000000
1850,Entry long,2025-11-29 01:15,3046.400000,1,-12.010000,-0.3942,5.060000,15.600000,1563.000000
1849,Exit short,2025-11-29 00:15,3033.060000,1,2.530000,0.0834,7.170000,0.810000,1575.010000
1849,Entry short,2025-11-28 23:30,3035.590000,1,2.530000,0.0834,7.170000,0.810000,1575.010000
1848,Exit short,2025-11-28 22:45,3035.520000,1,-0.500000,-0.0165,16.820000,4.600000,1572.480000
1848,Entry short,2025-11-28 22:00,3035.020000,1,-0.500000,-0.0165,16.820000,4.600000,1572.480000
1847,Exit long,2025-11-28 22:00,3035.020000,1,-14.420000,-0.4729,0.000000,14.850000,1572.980000
1847,Entry long,2025-11-28 21:45,3049.440000,1,-14.420000,-0.4729,0.000000,14.850000,1572.980000
1846,Exit long,2025-11-28 21:00,3054.540000,1,2.280000,0.0747,4.120000,4.910000,1587.400000
1846,Entry long,2025-11-28 20:30,3052.260000,1,2.280000,0.0747,4.120000,4.910000,1587.400000
1845,Exit long,2025-11-28 20:00,3048.500000,1,7.360000,0.2420,18.710000,5.330000,1585.120000
1845,Entry long,2025-11-28 19:00,3041.140000,1,7.360000,0.2420,18.710000,5.330000,1585.120000
1844,Exit short,2025-11-28 19:00,3041.140000,1,-5.270000,-0.1733,7.270000,7.170000,1577.760000
1844,Entry short,2025-11-28 18:30,3035.870000,1,-5.270000,-0.1733,7.270000,7.170000,1577.760000
1843,Exit long,2025-11-28 18:30,3035.870000,1,-9.400000,-0.3087,1.640000,15.070000,1583.030000
1843,Entry long,2025-11-28 18:15,3045.270000,1,-9.400000,-0.3087,1.640000,15.070000,1583.030000
1842,Exit short,2025-11-28 17:00,3023.670000,1,4.180000,0.1382,7.850000,9.860000,1592.430000
1842,Entry short,2025-11-28 16:30,3027.850000,1,4.180000,0.1382,7.850000,9.860000,1592.430000
1841,Exit long,2025-11-28 16:30,3027.850000,1,-37.350000,-1.2185,25.370000,40.200000,1588.250000
1841,Entry long,2025-11-28 15:15,3065.200000,1,-37.350000,-1.2185,25.370000,40.200000,1588.250000
1840,Exit long,2025-11-28 14:30,3090.970000,1,62.670000,2.0695,66.690000,3.960000,1625.600000
1840,Entry long,2025-11-28 11:45,3028.300000,1,62.670000,2.0695,66.690000,3.960000,1625.600000
1839,Exit long,2025-11-28 09:30,3058.860000,1,43.620000,1.4467,64.760000,2.870000,1562.930000
1839,Entry long,2025-11-28 08:15,3015.240000,1,43.620000,1.4467,64.760000,2.870000,1562.930000
1838,Exit short,2025-11-28 08:15,3015.240000,1,-6.000000,-0.1990,10.840000,12.550000,1519.310000
1838,Entry short,2025-11-28 07:45,3009.240000,1,-6.000000,-0.1990,10.840000,12.550000,1519.310000
1837,Exit long,2025-11-28 07:45,3009.240000,1,-10.950000,-0.3626,0.140000,15.710000,1525.310000
1837,Entry long,2025-11-28 07:30,3020.190000,1,-10.950000,-0.3626,0.140000,15.710000,1525.310000
1836,Exit short,2025-11-28 07:00,3008.340000,1,-0.310000,-0.0103,7.130000,19.970000,1536.260000
1836,Entry short,2025-11-28 03:30,3008.030000,1,-0.310000,-0.0103,7.130000,19.970000,1536.260000
1835,Exit short,2025-11-27 23:15,3018.450000,1,-15.300000,-0.5069,6.100000,40.350000,1536.570000
1835,Entry short,2025-11-27 15:30,3003.150000,1,-15.300000,-0.5069,6.100000,40.350000,1536.570000
1834,Exit short,2025-11-27 13:30,2998.870000,1,25.130000,0.8380,37.680000,0.540000,1551.870000
1834,Entry short,2025-11-27 12:15,3024.000000,1,25.130000,0.8380,37.680000,0.540000,1551.870000
1833,Exit long,2025-11-27 12:15,3024.000000,1,-20.530000,-0.6743,8.200000,29.270000,1526.740000
1833,Entry long,2025-11-27 03:30,3044.530000,1,-20.530000,-0.6743,8.200000,29.270000,1526.740000
1832,Exit long,2025-11-27 01:30,3030.470000,1,9.630000,0.3188,29.160000,18.840000,1547.270000
1832,Entry long,2025-11-26 22:45,3020.840000,1,9.630000,0.3188,29.160000,18.840000,1547.270000
1831,Exit long,2025-11-26 16:45,2947.810000,1,4.280000,0.1454,15.320000,2.680000,1537.640000
1831,Entry long,2025-11-26 16:15,2943.530000,1,4.280000,0.1454,15.320000,2.680000,1537.640000
1830,Exit short,2025-11-26 16:15,2943.530000,1,-24.130000,-0.8198,11.400000,26.110000,1533.360000
1830,Entry short,2025-11-26 15:45,2919.400000,1,-24.130000,-0.8198,11.400000,26.110000,1533.360000
1829,Exit long,2025-11-26 15:45,2919.400000,1,-6.700000,-0.2290,12.400000,8.350000,1557.490000
1829,Entry long,2025-11-26 15:15,2926.100000,1,-6.700000,-0.2290,12.400000,8.350000,1557.490000
1828,Exit short,2025-11-26 15:15,2926.100000,1,-16.770000,-0.5731,3.420000,23.560000,1564.190000
1828,Entry short,2025-11-26 15:00,2909.330000,1,-16.770000,-0.5731,3.420000,23.560000,1564.190000
1827,Exit long,2025-11-26 14:15,2932.100000,1,-10.940000,-0.3717,6.210000,55.950000,1580.960000
1827,Entry long,2025-11-26 08:00,2943.040000,1,-10.940000,-0.3717,6.210000,55.950000,1580.960000
1826,Exit short,2025-11-26 08:00,2943.040000,1,-6.660000,-0.2263,1.910000,7.740000,1591.900000
1826,Entry short,2025-11-26 07:45,2936.380000,1,-6.660000,-0.2263,1.910000,7.740000,1591.900000
1825,Exit long,2025-11-26 07:45,2936.380000,1,-8.270000,-0.2808,3.520000,11.300000,1598.560000
1825,Entry long,2025-11-26 07:00,2944.650000,1,-8.270000,-0.2808,3.520000,11.300000,1598.560000
1824,Exit short,2025-11-26 07:00,2944.650000,1,-6.890000,-0.2340,6.780000,10.010000,1606.830000
1824,Entry short,2025-11-26 06:30,2937.760000,1,-6.890000,-0.2340,6.780000,10.010000,1606.830000
1823,Exit long,2025-11-26 06:30,2937.760000,1,-1.860000,-0.0633,14.190000,6.230000,1613.720000
1823,Entry long,2025-11-26 05:30,2939.620000,1,-1.860000,-0.0633,14.190000,6.230000,1613.720000
1822,Exit short,2025-11-26 04:15,2922.010000,1,12.980000,0.4442,16.430000,0.210000,1615.580000
1822,Entry short,2025-11-26 03:45,2934.990000,1,12.980000,0.4442,16.430000,0.210000,1615.580000
1821,Exit long,2025-11-26 03:45,2934.990000,1,-23.090000,-0.7806,0.100000,26.080000,1602.600000
1821,Entry long,2025-11-26 03:30,2958.080000,1,-23.090000,-0.7806,0.100000,26.080000,1602.600000
1820,Exit long,2025-11-26 02:30,2963.000000,1,9.930000,0.3363,30.730000,9.620000,1625.690000
1820,Entry long,2025-11-26 01:00,2953.070000,1,9.930000,0.3363,30.730000,9.620000,1625.690000
1819,Exit long,2025-11-25 23:30,2961.630000,1,31.840000,1.0868,49.520000,3.340000,1615.760000
1819,Entry long,2025-11-25 22:30,2929.790000,1,31.840000,1.0868,49.520000,3.340000,1615.760000
1818,Exit short,2025-11-25 22:30,2929.790000,1,-19.150000,-0.6536,2.510000,24.830000,1583.920000
1818,Entry short,2025-11-25 22:15,2910.640000,1,-19.150000,-0.6536,2.510000,24.830000,1583.920000
1817,Exit long,2025-11-25 21:00,2927.730000,1,6.550000,0.2242,21.660000,6.180000,1603.070000
1817,Entry long,2025-11-25 20:00,2921.180000,1,6.550000,0.2242,21.660000,6.180000,1603.070000
1816,Exit short,2025-11-25 19:45,2906.560000,1,-14.460000,-0.4975,22.070000,64.900000,1596.520000
1816,Entry short,2025-11-25 16:15,2892.100000,1,-14.460000,-0.4975,22.070000,64.900000,1596.520000
1815,Exit long,2025-11-25 16:15,2892.100000,1,-19.010000,-0.6530,5.190000,56.110000,1610.980000
1815,Entry long,2025-11-25 14:15,2911.110000,1,-19.010000,-0.6530,5.190000,56.110000,1610.980000
1814,Exit short,2025-11-25 14:15,2911.110000,1,-18.650000,-0.6406,5.760000,41.040000,1629.990000
1814,Entry short,2025-11-25 11:15,2892.460000,1,-18.650000,-0.6406,5.760000,41.040000,1629.990000
1813,Exit short,2025-11-25 08:30,2903.370000,1,17.490000,0.6024,24.970000,0.710000,1648.640000
1813,Entry short,2025-11-25 07:15,2920.860000,1,17.490000,0.6024,24.970000,0.710000,1648.640000
1812,Exit long,2025-11-25 07:15,2920.860000,1,-10.140000,-0.3460,4.520000,20.000000,1631.150000
1812,Entry long,2025-11-25 05:45,2931.000000,1,-10.140000,-0.3460,4.520000,20.000000,1631.150000
1811,Exit short,2025-11-25 05:45,2931.000000,1,-10.740000,-0.3664,0.260000,11.740000,1641.290000
1811,Entry short,2025-11-25 05:30,2920.260000,1,-10.740000,-0.3664,0.260000,11.740000,1641.290000
1810,Exit long,2025-11-25 05:30,2920.260000,1,-47.610000,-1.6042,0.370000,65.370000,1652.030000
1810,Entry long,2025-11-24 22:15,2967.870000,1,-47.610000,-1.6042,0.370000,65.370000,1652.030000
1809,Exit long,2025-11-24 16:30,2849.700000,1,4.180000,0.1469,17.480000,9.520000,1699.640000
1809,Entry long,2025-11-24 15:45,2845.520000,1,4.180000,0.1469,17.480000,9.520000,1699.640000
1808,Exit short,2025-11-24 15:45,2845.520000,1,-43.460000,-1.5273,19.860000,46.220000,1695.460000
1808,Entry short,2025-11-24 12:00,2802.060000,1,-43.460000,-1.5273,19.860000,46.220000,1695.460000
1807,Exit short,2025-11-24 09:45,2799.230000,1,14.720000,0.5259,27.940000,0.250000,1738.920000
1807,Entry short,2025-11-24 09:15,2813.950000,1,14.720000,0.5259,27.940000,0.250000,1738.920000
1806,Exit long,2025-11-24 09:15,2813.950000,1,-22.320000,-0.7869,7.510000,26.170000,1724.200000
1806,Entry long,2025-11-24 06:45,2836.270000,1,-22.320000,-0.7869,7.510000,26.170000,1724.200000
1805,Exit long,2025-11-24 05:45,2868.720000,1,41.840000,1.4801,57.920000,9.460000,1746.520000
1805,Entry long,2025-11-24 04:45,2826.880000,1,41.840000,1.4801,57.920000,9.460000,1746.520000
1804,Exit short,2025-11-24 04:45,2826.880000,1,-13.240000,-0.4684,1.530000,15.930000,1704.680000
1804,Entry short,2025-11-24 04:30,2813.640000,1,-13.240000,-0.4684,1.530000,15.930000,1704.680000
1803,Exit long,2025-11-24 02:45,2840.150000,1,10.560000,0.3732,35.710000,68.210000,1717.920000
1803,Entry long,2025-11-23 22:45,2829.590000,1,10.560000,0.3732,35.710000,68.210000,1717.920000
1802,Exit long,2025-11-23 22:00,2839.910000,1,2.300000,0.0811,6.380000,10.350000,1707.360000
1802,Entry long,2025-11-23 21:30,2837.610000,1,2.300000,0.0811,6.380000,10.350000,1707.360000
1801,Exit short,2025-11-23 21:30,2837.610000,1,-30.280000,-1.0671,1.580000,31.670000,1705.060000
1801,Entry short,2025-11-23 19:00,2807.330000,1,-30.280000,-1.0671,1.580000,31.670000,1705.060000
1800,Exit long,2025-11-23 19:00,2807.330000,1,-4.700000,-0.1671,0.000000,9.910000,1735.340000
1800,Entry long,2025-11-23 18:45,2812.030000,1,-4.700000,-0.1671,0.000000,9.910000,1735.340000
1799,Exit long,2025-11-23 16:15,2830.230000,1,12.470000,0.4426,27.770000,3.150000,1740.040000
1799,Entry long,2025-11-23 15:30,2817.760000,1,12.470000,0.4426,27.770000,3.150000,1740.040000
1798,Exit long,2025-11-23 12:00,2814.420000,1,-9.290000,-0.3290,7.760000,48.710000,1727.570000
1798,Entry long,2025-11-23 06:00,2823.710000,1,-9.290000,-0.3290,7.760000,48.710000,1727.570000
1797,Exit long,2025-11-23 02:30,2816.700000,1,34.530000,1.2411,41.730000,3.360000,1736.860000
1797,Entry long,2025-11-23 01:15,2782.170000,1,34.530000,1.2411,41.730000,3.360000,1736.860000
1796,Exit long,2025-11-22 22:45,2766.750000,1,21.760000,0.7927,25.010000,4.490000,1702.330000
1796,Entry long,2025-11-22 21:30,2744.990000,1,21.760000,0.7927,25.010000,4.490000,1702.330000
1795,Exit short,2025-11-22 21:15,2738.700000,1,3.240000,0.1183,9.600000,2.700000,1680.570000
1795,Entry short,2025-11-22 20:45,2741.940000,1,3.240000,0.1183,9.600000,2.700000,1680.570000
1794,Exit long,2025-11-22 20:45,2741.940000,1,-8.730000,-0.3174,5.460000,9.570000,1677.330000
1794,Entry long,2025-11-22 18:15,2750.670000,1,-8.730000,-0.3174,5.460000,9.570000,1677.330000
1793,Exit long,2025-11-22 16:45,2754.940000,1,6.820000,0.2482,7.880000,5.080000,1686.060000
1793,Entry long,2025-11-22 16:15,2748.120000,1,6.820000,0.2482,7.880000,5.080000,1686.060000
1792,Exit short,2025-11-22 16:15,2748.120000,1,-19.550000,-0.7114,4.450000,20.260000,1679.240000
1792,Entry short,2025-11-22 15:45,2728.570000,1,-19.550000,-0.7114,4.450000,20.260000,1679.240000
1791,Exit long,2025-11-22 15:00,2744.660000,1,5.420000,0.1979,15.170000,7.820000,1698.790000
1791,Entry long,2025-11-22 14:15,2739.240000,1,5.420000,0.1979,15.170000,7.820000,1698.790000
1790,Exit short,2025-11-22 14:15,2739.240000,1,-22.260000,-0.8126,6.660000,23.210000,1693.370000
1790,Entry short,2025-11-22 13:30,2716.980000,1,-22.260000,-0.8126,6.660000,23.210000,1693.370000
1789,Exit short,2025-11-22 12:45,2714.900000,1,19.110000,0.7039,21.860000,0.880000,1715.630000
1789,Entry short,2025-11-22 12:00,2734.010000,1,19.110000,0.7039,21.860000,0.880000,1715.630000
1788,Exit short,2025-11-22 09:00,2728.920000,1,16.720000,0.6127,28.320000,0.140000,1696.520000
1788,Entry short,2025-11-22 08:15,2745.640000,1,16.720000,0.6127,28.320000,0.140000,1696.520000
1787,Exit long,2025-11-22 07:15,2758.430000,1,2.680000,0.0973,14.250000,30.510000,1679.800000
1787,Entry long,2025-11-22 03:15,2755.750000,1,2.680000,0.0973,14.250000,30.510000,1679.800000
1786,Exit long,2025-11-22 00:15,2776.200000,1,16.250000,0.5888,19.840000,7.670000,1677.120000
1786,Entry long,2025-11-21 23:30,2759.950000,1,16.250000,0.5888,19.840000,7.670000,1677.120000
1785,Exit short,2025-11-21 23:30,2759.950000,1,-9.520000,-0.3449,38.900000,9.540000,1660.870000
1785,Entry short,2025-11-21 22:30,2750.430000,1,-9.520000,-0.3449,38.900000,9.540000,1660.870000
1784,Exit long,2025-11-21 22:15,2764.910000,1,1.480000,0.0536,11.550000,4.860000,1670.390000
1784,Entry long,2025-11-21 21:30,2763.430000,1,1.480000,0.0536,11.550000,4.860000,1670.390000
1783,Exit short,2025-11-21 21:30,2763.430000,1,-19.470000,-0.7046,5.140000,25.040000,1668.910000
1783,Entry short,2025-11-21 21:15,2743.960000,1,-19.470000,-0.7046,5.140000,25.040000,1668.910000
1782,Exit short,2025-11-21 20:15,2744.760000,1,9.830000,0.3581,27.590000,1.450000,1688.380000
1782,Entry short,2025-11-21 19:45,2754.590000,1,9.830000,0.3581,27.590000,1.450000,1688.380000
1781,Exit long,2025-11-21 19:15,2767.180000,1,-4.820000,-0.1739,21.430000,9.950000,1678.550000
1781,Entry long,2025-11-21 18:45,2772.000000,1,-4.820000,-0.1739,21.430000,9.950000,1678.550000
1780,Exit short,2025-11-21 18:45,2772.000000,1,-43.080000,-1.5541,14.070000,47.880000,1683.370000
1780,Entry short,2025-11-21 18:15,2728.920000,1,-43.080000,-1.5541,14.070000,47.880000,1683.370000
1779,Exit short,2025-11-21 16:30,2717.220000,1,23.550000,0.8667,67.190000,13.370000,1726.450000
1779,Entry short,2025-11-21 15:15,2740.770000,1,23.550000,0.8667,67.190000,13.370000,1726.450000
1778,Exit long,2025-11-21 15:15,2740.770000,1,-18.320000,-0.6640,20.470000,26.570000,1702.900000
1778,Entry long,2025-11-21 14:45,2759.090000,1,-18.320000,-0.6640,20.470000,26.570000,1702.900000
1777,Exit short,2025-11-21 14:45,2759.090000,1,-1.610000,-0.0584,40.400000,19.020000,1721.220000
1777,Entry short,2025-11-21 13:45,2757.480000,1,-1.610000,-0.0584,40.400000,19.020000,1721.220000
1776,Exit short,2025-11-21 12:15,2685.100000,1,7.790000,0.2901,23.550000,1.070000,1722.830000
1776,Entry short,2025-11-21 11:45,2692.890000,1,7.790000,0.2901,23.550000,1.070000,1722.830000
1775,Exit short,2025-11-21 06:15,2807.130000,1,-2.050000,-0.0730,17.430000,8.660000,1715.040000
1775,Entry short,2025-11-21 05:45,2805.080000,1,-2.050000,-0.0730,17.430000,8.660000,1715.040000
1774,Exit short,2025-11-21 03:45,2821.370000,1,38.970000,1.3812,91.480000,25.500000,1717.090000
1774,Entry short,2025-11-21 01:00,2860.340000,1,38.970000,1.3812,91.480000,25.500000,1717.090000
1773,Exit short,2025-11-21 00:15,2856.780000,1,-35.480000,-1.2420,2.080000,83.530000,1678.120000
1773,Entry short,2025-11-20 20:15,2821.300000,1,-35.480000,-1.2420,2.080000,83.530000,1678.120000
1772,Exit short,2025-11-20 17:15,2817.880000,1,180.740000,6.4140,193.070000,22.700000,1713.600000
1772,Entry short,2025-11-20 14:00,2998.620000,1,180.740000,6.4140,193.070000,22.700000,1713.600000
1771,Exit long,2025-11-20 14:00,2998.620000,1,-19.530000,-0.6471,29.850000,23.480000,1532.860000
1771,Entry long,2025-11-20 11:45,3018.150000,1,-19.530000,-0.6471,29.850000,23.480000,1532.860000
1770,Exit short,2025-11-20 10:15,2998.010000,1,14.760000,0.4923,22.300000,3.400000,1552.390000
1770,Entry short,2025-11-20 09:30,3012.770000,1,14.760000,0.4923,22.300000,3.400000,1552.390000
1769,Exit long,2025-11-20 09:30,3012.770000,1,-21.300000,-0.7020,9.610000,28.380000,1537.630000
1769,Entry long,2025-11-20 06:00,3034.070000,1,-21.300000,-0.7020,9.610000,28.380000,1537.630000
1768,Exit long,2025-11-20 05:30,3036.440000,1,10.790000,0.3566,37.350000,0.010000,1558.930000
1768,Entry long,2025-11-20 04:45,3025.650000,1,10.790000,0.3566,37.350000,0.010000,1558.930000
1767,Exit short,2025-11-20 04:45,3025.650000,1,-58.760000,-1.9421,14.960000,90.110000,1548.140000
1767,Entry short,2025-11-19 22:15,2966.890000,1,-58.760000,-1.9421,14.960000,90.110000,1548.140000
1766,Exit short,2025-11-19 16:30,2959.480000,1,73.840000,2.4950,79.650000,2.090000,1606.900000
1766,Entry short,2025-11-19 15:30,3033.320000,1,73.840000,2.4950,79.650000,2.090000,1606.900000
1765,Exit long,2025-11-19 15:30,3033.320000,1,-53.230000,-1.7246,20.940000,64.790000,1533.060000
1765,Entry long,2025-11-19 12:15,3086.550000,1,-53.230000,-1.7246,20.940000,64.790000,1533.060000
1764,Exit long,2025-11-19 10:45,3098.700000,1,11.450000,0.3709,25.710000,4.940000,1586.290000
1764,Entry long,2025-11-19 10:00,3087.250000,1,11.450000,0.3709,25.710000,4.940000,1586.290000
1763,Exit short,2025-11-19 10:00,3087.250000,1,-20.800000,-0.6737,10.380000,21.000000,1574.840000
1763,Entry short,2025-11-19 09:15,3066.450000,1,-20.800000,-0.6737,10.380000,21.000000,1574.840000
1762,Exit short,2025-11-19 04:30,3069.020000,1,36.040000,1.1743,44.450000,0.000000,1595.640000
1762,Entry short,2025-11-19 03:15,3105.060000,1,36.040000,1.1743,44.450000,0.000000,1595.640000
1761,Exit long,2025-11-19 03:15,3105.060000,1,-35.660000,-1.1354,8.740000,65.500000,1559.600000
1761,Entry long,2025-11-18 20:15,3140.720000,1,-35.660000,-1.1354,8.740000,65.500000,1559.600000
1760,Exit long,2025-11-18 16:00,3105.190000,1,59.540000,1.9549,77.520000,25.640000,1595.260000
1760,Entry long,2025-11-18 12:30,3045.650000,1,59.540000,1.9549,77.520000,25.640000,1595.260000
1759,Exit long,2025-11-18 10:30,3059.530000,1,15.510000,0.5095,23.980000,0.310000,1535.720000
1759,Entry long,2025-11-18 09:45,3044.020000,1,15.510000,0.5095,23.980000,0.310000,1535.720000
1758,Exit long,2025-11-18 08:15,3031.710000,1,7.000000,0.2314,18.880000,2.190000,1520.210000
1758,Entry long,2025-11-18 07:45,3024.710000,1,7.000000,0.2314,18.880000,2.190000,1520.210000
1757,Exit short,2025-11-18 07:45,3024.710000,1,-1.770000,-0.0585,66.310000,10.560000,1513.210000
1757,Entry short,2025-11-18 04:00,3022.940000,1,-1.770000,-0.0585,66.310000,10.560000,1513.210000
1756,Exit short,2025-11-18 03:30,2964.440000,1,57.550000,1.9413,78.680000,27.010000,1514.980000
1756,Entry short,2025-11-17 23:00,3021.990000,1,57.550000,1.9413,78.680000,27.010000,1514.980000
1755,Exit short,2025-11-17 22:00,3008.250000,1,-12.460000,-0.4142,9.140000,13.860000,1457.430000
1755,Entry short,2025-11-17 21:30,2995.790000,1,-12.460000,-0.4142,9.140000,13.860000,1457.430000
1754,Exit short,2025-11-17 18:15,3056.280000,1,58.040000,1.8990,73.220000,3.600000,1469.890000
1754,Entry short,2025-11-17 17:15,3114.320000,1,58.040000,1.8990,73.220000,3.600000,1469.890000
1753,Exit short,2025-11-17 16:45,3100.130000,1,50.320000,1.6232,88.070000,14.550000,1411.850000
1753,Entry short,2025-11-17 15:00,3150.450000,1,50.320000,1.6232,88.070000,14.550000,1411.850000
1752,Exit long,2025-11-17 15:00,3150.450000,1,-54.400000,-1.6974,18.370000,111.420000,1361.530000
1752,Entry long,2025-11-17 10:15,3204.850000,1,-54.400000,-1.6974,18.370000,111.420000,1361.530000
1751,Exit long,2025-11-17 07:45,3200.040000,1,11.040000,0.3462,20.770000,8.310000,1415.930000
1751,Entry long,2025-11-17 06:30,3189.000000,1,11.040000,0.3462,20.770000,8.310000,1415.930000
1750,Exit short,2025-11-17 06:30,3189.000000,1,-125.120000,-3.9235,2.690000,129.120000,1404.890000
1750,Entry short,2025-11-16 23:15,3063.880000,1,-125.120000,-3.9235,2.690000,129.120000,1404.890000
1749,Exit short,2025-11-16 21:45,3063.750000,1,29.970000,0.9782,52.290000,23.080000,1530.010000
1749,Entry short,2025-11-16 18:30,3093.720000,1,29.970000,0.9782,52.290000,23.080000,1530.010000
1748,Exit short,2025-11-16 17:00,3059.600000,1,110.870000,3.6237,114.450000,9.530000,1500.040000
1748,Entry short,2025-11-16 15:00,3170.470000,1,110.870000,3.6237,114.450000,9.530000,1500.040000
1747,Exit long,2025-11-16 10:30,3233.610000,1,20.310000,0.6321,35.200000,5.800000,1389.170000
1747,Entry long,2025-11-16 09:15,3213.300000,1,20.310000,0.6321,35.200000,5.800000,1389.170000
1746,Exit long,2025-11-16 08:15,3209.660000,1,4.460000,0.1391,22.380000,5.700000,1368.860000
1746,Entry long,2025-11-16 07:15,3205.200000,1,4.460000,0.1391,22.380000,5.700000,1368.860000
1745,Exit long,2025-11-16 05:45,3206.470000,1,13.090000,0.4099,21.610000,0.980000,1364.400000
1745,Entry long,2025-11-16 05:00,3193.380000,1,13.090000,0.4099,21.610000,0.980000,1364.400000
1744,Exit long,2025-11-16 03:30,3197.450000,1,20.760000,0.6535,32.820000,2.910000,1351.310000
1744,Entry long,2025-11-16 02:30,3176.690000,1,20.760000,0.6535,32.820000,2.910000,1351.310000
1743,Exit short,2025-11-16 00:45,3159.460000,1,7.100000,0.2247,22.530000,7.010000,1330.550000
1743,Entry short,2025-11-16 00:00,3166.560000,1,7.100000,0.2247,22.530000,7.010000,1330.550000
1742,Exit long,2025-11-16 00:00,3166.560000,1,-31.500000,-0.9850,0.000000,46.730000,1323.450000
1742,Entry long,2025-11-15 20:15,3198.060000,1,-31.500000,-0.9850,0.000000,46.730000,1323.450000
1741,Exit long,2025-11-15 18:45,3212.130000,1,33.630000,1.0580,52.060000,3.030000,1354.950000
1741,Entry long,2025-11-15 16:45,3178.500000,1,33.630000,1.0580,52.060000,3.030000,1354.950000
1740,Exit short,2025-11-15 16:45,3178.500000,1,-9.770000,-0.3074,3.050000,12.520000,1321.320000
1740,Entry short,2025-11-15 16:30,3168.730000,1,-9.770000,-0.3074,3.050000,12.520000,1321.320000
1739,Exit long,2025-11-15 16:30,3168.730000,1,-15.050000,-0.4727,5.550000,23.070000,1331.090000
1739,Entry long,2025-11-15 15:30,3183.780000,1,-15.050000,-0.4727,5.550000,23.070000,1331.090000
1738,Exit long,2025-11-15 14:00,3191.280000,1,25.150000,0.7943,31.370000,1.130000,1346.140000
1738,Entry long,2025-11-15 13:15,3166.130000,1,25.150000,0.7943,31.370000,1.130000,1346.140000
1737,Exit short,2025-11-15 13:15,3166.130000,1,-5.240000,-0.1655,3.220000,9.990000,1320.990000
1737,Entry short,2025-11-15 13:00,3160.890000,1,-5.240000,-0.1655,3.220000,9.990000,1320.990000
1736,Exit short,2025-11-15 12:15,3157.700000,1,6.510000,0.2062,18.850000,1.310000,1326.230000
1736,Entry short,2025-11-15 11:15,3164.210000,1,6.510000,0.2062,18.850000,1.310000,1326.230000
1735,Exit long,2025-11-15 11:15,3164.210000,1,-2.580000,-0.0815,4.400000,7.450000,1319.720000
1735,Entry long,2025-11-15 10:45,3166.790000,1,-2.580000,-0.0815,4.400000,7.450000,1319.720000
1734,Exit short,2025-11-15 10:45,3166.790000,1,-6.280000,-0.1983,18.350000,7.490000,1322.300000
1734,Entry short,2025-11-15 09:45,3160.510000,1,-6.280000,-0.1983,18.350000,7.490000,1322.300000
1733,Exit long,2025-11-15 09:45,3160.510000,1,-8.690000,-0.2742,17.420000,36.540000,1328.580000
1733,Entry long,2025-11-15 05:30,3169.200000,1,-8.690000,-0.2742,17.420000,36.540000,1328.580000
1732,Exit short,2025-11-15 05:30,3169.200000,1,-35.790000,-1.1293,17.040000,59.390000,1337.270000
1732,Entry short,2025-11-15 00:45,3133.410000,1,-35.790000,-1.1293,17.040000,59.390000,1337.270000
1731,Exit short,2025-11-14 23:45,3119.090000,1,48.700000,1.5614,79.790000,18.210000,1373.060000
1731,Entry short,2025-11-14 21:45,3167.790000,1,48.700000,1.5614,79.790000,18.210000,1373.060000
1730,Exit short,2025-11-14 21:15,3158.260000,1,30.130000,0.9540,68.170000,6.610000,1324.360000
1730,Entry short,2025-11-14 20:15,3188.390000,1,30.130000,0.9540,68.170000,6.610000,1324.360000
1729,Exit long,2025-11-14 20:15,3188.390000,1,-13.750000,-0.4294,17.460000,48.970000,1294.230000
1729,Entry long,2025-11-14 18:15,3202.140000,1,-13.750000,-0.4294,17.460000,48.970000,1294.230000
1728,Exit short,2025-11-14 18:15,3202.140000,1,-33.720000,-1.0530,10.420000,87.530000,1307.980000
1728,Entry short,2025-11-14 15:15,3168.420000,1,-33.720000,-1.0530,10.420000,87.530000,1307.980000
1727,Exit short,2025-11-14 12:15,3120.220000,1,54.490000,1.7464,63.130000,6.980000,1341.700000
1727,Entry short,2025-11-14 11:00,3174.710000,1,54.490000,1.7464,63.130000,6.980000,1341.700000
1726,Exit short,2025-11-14 10:15,3168.160000,1,50.880000,1.6060,71.360000,20.630000,1287.210000
1726,Entry short,2025-11-14 07:30,3219.040000,1,50.880000,1.6060,71.360000,20.630000,1287.210000
1725,Exit short,2025-11-14 06:45,3153.640000,1,19.590000,0.6212,27.640000,2.080000,1236.330000
1725,Entry short,2025-11-14 06:15,3173.230000,1,19.590000,0.6212,27.640000,2.080000,1236.330000
1724,Exit short,2025-11-14 05:15,3159.640000,1,68.110000,2.1556,123.750000,42.830000,1216.740000
1724,Entry short,2025-11-13 23:00,3227.750000,1,68.110000,2.1556,123.750000,42.830000,1216.740000
1723,Exit short,2025-11-13 14:15,3424.570000,1,64.960000,1.8969,70.160000,3.020000,1148.630000
1723,Entry short,2025-11-13 13:15,3489.530000,1,64.960000,1.8969,70.160000,3.020000,1148.630000
1722,Exit long,2025-11-13 13:15,3489.530000,1,-12.270000,-0.3504,8.030000,12.470000,1083.670000
1722,Entry long,2025-11-13 12:45,3501.800000,1,-12.270000,-0.3504,8.030000,12.470000,1083.670000
1721,Exit short,2025-11-13 12:45,3501.800000,1,-19.090000,-0.5451,0.640000,22.580000,1095.940000
1721,Entry short,2025-11-13 12:15,3482.710000,1,-19.090000,-0.5451,0.640000,22.580000,1095.940000
1720,Exit long,2025-11-13 12:15,3482.710000,1,-20.200000,-0.5767,14.120000,27.910000,1115.030000
1720,Entry long,2025-11-13 09:30,3502.910000,1,-20.200000,-0.5767,14.120000,27.910000,1115.030000
1719,Exit short,2025-11-13 09:30,3502.910000,1,-74.910000,-2.1385,57.200000,137.000000,1135.230000
1719,Entry short,2025-11-12 18:00,3428.000000,1,-74.910000,-2.1385,57.200000,137.000000,1135.230000
1718,Exit short,2025-11-12 15:45,3456.950000,1,43.990000,1.2725,56.410000,19.020000,1210.140000
1718,Entry short,2025-11-12 15:00,3500.940000,1,43.990000,1.2725,56.410000,19.020000,1210.140000
1717,Exit long,2025-11-12 09:15,3485.550000,1,27.550000,0.7967,33.130000,4.450000,1166.150000
1717,Entry long,2025-11-12 08:30,3458.000000,1,27.550000,0.7967,33.130000,4.450000,1166.150000
1716,Exit short,2025-11-12 08:30,3458.000000,1,-30.980000,-0.8959,16.330000,30.980000,1138.600000
1716,Entry short,2025-11-12 00:30,3427.020000,1,-30.980000,-0.8959,16.330000,30.980000,1138.600000
1715,Exit short,2025-11-11 13:30,3549.990000,1,14.450000,0.4070,26.390000,4.120000,1169.580000
1715,Entry short,2025-11-11 12:30,3564.440000,1,14.450000,0.4070,26.390000,4.120000,1169.580000
1714,Exit long,2025-11-11 12:30,3564.440000,1,-8.420000,-0.2357,20.140000,9.020000,1155.130000
1714,Entry long,2025-11-11 11:15,3572.860000,1,-8.420000,-0.2357,20.140000,9.020000,1155.130000
1713,Exit short,2025-11-11 11:15,3572.860000,1,-23.580000,-0.6600,9.040000,36.010000,1163.550000
1713,Entry short,2025-11-11 07:45,3549.280000,1,-23.580000,-0.6600,9.040000,36.010000,1163.550000
1712,Exit long,2025-11-11 03:45,3601.220000,1,8.440000,0.2349,42.630000,2.400000,1187.130000
1712,Entry long,2025-11-11 02:30,3592.780000,1,8.440000,0.2349,42.630000,2.400000,1187.130000
1711,Exit short,2025-11-11 02:30,3592.780000,1,-36.340000,-1.0115,3.530000,91.100000,1178.690000
1711,Entry short,2025-11-11 00:45,3556.440000,1,-36.340000,-1.0115,3.530000,91.100000,1178.690000
1710,Exit long,2025-11-10 23:45,3570.310000,1,-4.290000,-0.1200,5.400000,11.100000,1215.030000
1710,Entry long,2025-11-10 23:00,3574.600000,1,-4.290000,-0.1200,5.400000,11.100000,1215.030000
1709,Exit short,2025-11-10 23:00,3574.600000,1,-28.350000,-0.7931,2.560000,32.550000,1219.320000
1709,Entry short,2025-11-10 22:30,3546.250000,1,-28.350000,-0.7931,2.560000,32.550000,1219.320000
1708,Exit short,2025-11-10 22:00,3540.110000,1,-5.180000,-0.1463,7.890000,47.760000,1247.670000
1708,Entry short,2025-11-10 18:15,3534.930000,1,-5.180000,-0.1463,7.890000,47.760000,1247.670000
1707,Exit short,2025-11-10 15:30,3545.090000,1,53.140000,1.4990,81.210000,12.440000,1252.850000
1707,Entry short,2025-11-10 14:15,3598.230000,1,53.140000,1.4990,81.210000,12.440000,1252.850000
1706,Exit long,2025-11-10 14:15,3598.230000,1,-4.420000,-0.1227,18.060000,10.940000,1199.710000
1706,Entry long,2025-11-10 13:15,3602.650000,1,-4.420000,-0.1227,18.060000,10.940000,1199.710000
1705,Exit short,2025-11-10 12:45,3594.240000,1,-2.070000,-0.0576,5.290000,5.530000,1204.130000
1705,Entry short,2025-11-10 12:15,3592.170000,1,-2.070000,-0.0576,5.290000,5.530000,1204.130000
1704,Exit long,2025-11-10 12:15,3592.170000,1,-12.910000,-0.3581,14.910000,23.400000,1206.200000
1704,Entry long,2025-11-10 11:00,3605.080000,1,-12.910000,-0.3581,14.910000,23.400000,1206.200000
1703,Exit long,2025-11-10 10:15,3616.690000,1,6.700000,0.1856,20.310000,24.570000,1219.110000
1703,Entry long,2025-11-10 04:45,3609.990000,1,6.700000,0.1856,20.310000,24.570000,1219.110000
1702,Exit long,2025-11-10 03:30,3628.560000,1,1.230000,0.0339,19.670000,5.440000,1212.410000
1702,Entry long,2025-11-10 03:00,3627.330000,1,1.230000,0.0339,19.670000,5.440000,1212.410000
1701,Exit long,2025-11-10 01:15,3637.470000,1,69.480000,1.9473,85.670000,19.110000,1211.180000
1701,Entry long,2025-11-09 22:30,3567.990000,1,69.480000,1.9473,85.670000,19.110000,1211.180000
1700,Exit long,2025-11-09 19:30,3556.070000,1,42.070000,1.1972,42.920000,5.220000,1141.700000
1700,Entry long,2025-11-09 18:00,3514.000000,1,42.070000,1.1972,42.920000,5.220000,1141.700000
1699,Exit long,2025-11-09 11:45,3419.860000,1,-3.140000,-0.0917,1.160000,9.250000,1099.630000
1699,Entry long,2025-11-09 11:15,3423.000000,1,-3.140000,-0.0917,1.160000,9.250000,1099.630000
1698,Exit short,2025-11-09 11:00,3400.340000,1,-26.210000,-0.7708,5.510000,59.870000,1102.770000
1698,Entry short,2025-11-09 04:45,3374.130000,1,-26.210000,-0.7708,5.510000,59.870000,1102.770000
1697,Exit short,2025-11-09 03:30,3362.400000,1,25.540000,0.7596,30.730000,15.060000,1128.980000
1697,Entry short,2025-11-09 01:30,3387.940000,1,25.540000,0.7596,30.730000,15.060000,1128.980000
1696,Exit short,2025-11-09 00:45,3390.650000,1,5.590000,0.1649,34.750000,18.090000,1103.440000
1696,Entry short,2025-11-08 18:15,3396.240000,1,5.590000,0.1649,34.750000,18.090000,1103.440000
1695,Exit short,2025-11-08 16:00,3375.690000,1,22.880000,0.6778,30.760000,4.230000,1097.850000
1695,Entry short,2025-11-08 15:00,3398.570000,1,22.880000,0.6778,30.760000,4.230000,1097.850000
1694,Exit short,2025-11-08 12:30,3407.440000,1,10.880000,0.3193,22.320000,6.330000,1074.970000
1694,Entry short,2025-11-08 11:45,3418.320000,1,10.880000,0.3193,22.320000,6.330000,1074.970000
1693,Exit long,2025-11-08 11:45,3418.320000,1,-25.100000,-0.7289,25.010000,25.900000,1064.090000
1693,Entry long,2025-11-08 06:30,3443.420000,1,-25.100000,-0.7289,25.010000,25.900000,1064.090000
1692,Exit long,2025-11-08 04:15,3458.890000,1,22.650000,0.6592,29.530000,31.310000,1089.190000
1692,Entry long,2025-11-07 23:45,3436.240000,1,22.650000,0.6592,29.530000,31.310000,1089.190000
1691,Exit short,2025-11-07 23:45,3436.240000,1,-197.850000,-5.7577,45.470000,233.840000,1066.540000
1691,Entry short,2025-11-07 14:15,3238.390000,1,-197.850000,-5.7577,45.470000,233.840000,1066.540000
1690,Exit long,2025-11-07 14:15,3238.390000,1,-101.910000,-3.0509,0.420000,144.720000,1264.390000
1690,Entry long,2025-11-07 09:00,3340.300000,1,-101.910000,-3.0509,0.420000,144.720000,1264.390000
1689,Exit short,2025-11-07 09:00,3340.300000,1,-4.550000,-0.1362,2.500000,5.850000,1366.300000
1689,Entry short,2025-11-07 08:45,3335.750000,1,-4.550000,-0.1362,2.500000,5.850000,1366.300000
1688,Exit long,2025-11-07 08:45,3335.750000,1,-20.560000,-0.6126,2.980000,24.290000,1370.850000
1688,Entry long,2025-11-07 08:00,3356.310000,1,-20.560000,-0.6126,2.980000,24.290000,1370.850000
1687,Exit long,2025-11-07 06:00,3365.410000,1,28.590000,0.8568,33.180000,0.690000,1391.410000
1687,Entry long,2025-11-07 05:00,3336.820000,1,28.590000,0.8568,33.180000,0.690000,1391.410000
1686,Exit short,2025-11-07 05:00,3336.820000,1,-25.700000,-0.7702,38.080000,52.880000,1362.820000
1686,Entry short,2025-11-06 22:15,3311.120000,1,-25.700000,-0.7702,38.080000,52.880000,1362.820000
1685,Exit short,2025-11-06 21:15,3299.450000,1,13.970000,0.4234,27.450000,38.390000,1388.520000
1685,Entry short,2025-11-06 18:15,3313.420000,1,13.970000,0.4234,27.450000,38.390000,1388.520000
1684,Exit short,2025-11-06 16:15,3292.550000,1,72.490000,2.2016,89.850000,6.960000,1374.550000
1684,Entry short,2025-11-06 14:15,3365.040000,1,72.490000,2.2016,89.850000,6.960000,1374.550000
1683,Exit long,2025-11-06 14:15,3365.040000,1,-37.800000,-1.1108,3.970000,62.310000,1302.060000
1683,Entry long,2025-11-06 11:30,3402.840000,1,-37.800000,-1.1108,3.970000,62.310000,1302.060000
1682,Exit short,2025-11-06 11:30,3402.840000,1,-23.440000,-0.6888,14.400000,34.900000,1339.860000
1682,Entry short,2025-11-06 08:45,3379.400000,1,-23.440000,-0.6888,14.400000,34.900000,1339.860000
1681,Exit long,2025-11-06 03:45,3435.940000,1,22.750000,0.6665,36.180000,0.010000,1363.300000
1681,Entry long,2025-11-06 02:45,3413.190000,1,22.750000,0.6665,36.180000,0.010000,1363.300000
1680,Exit short,2025-11-06 02:45,3413.190000,1,-16.900000,-0.4951,1.290000,22.310000,1340.550000
1680,Entry short,2025-11-06 02:30,3396.290000,1,-16.900000,-0.4951,1.290000,22.310000,1340.550000
1679,Exit long,2025-11-06 02:30,3396.290000,1,-39.030000,-1.1361,14.660000,61.620000,1357.450000
1679,Entry long,2025-11-05 21:30,3435.320000,1,-39.030000,-1.1361,14.660000,61.620000,1357.450000
1678,Exit long,2025-11-05 16:15,3379.910000,1,32.710000,0.9772,57.800000,15.510000,1396.480000
1678,Entry long,2025-11-05 15:00,3347.200000,1,32.710000,0.9772,57.800000,15.510000,1396.480000
1677,Exit short,2025-11-05 10:45,3292.890000,1,21.540000,0.6541,33.430000,6.740000,1363.770000
1677,Entry short,2025-11-05 08:15,3314.430000,1,21.540000,0.6541,33.430000,6.740000,1363.770000
1676,Exit long,2025-11-05 08:15,3314.430000,1,-9.240000,-0.2780,16.330000,22.160000,1342.230000
1676,Entry long,2025-11-05 06:30,3323.670000,1,-9.240000,-0.2780,16.330000,22.160000,1342.230000
1675,Exit short,2025-11-05 06:30,3323.670000,1,-65.190000,-1.9614,93.070000,95.320000,1351.470000
1675,Entry short,2025-11-04 22:30,3258.480000,1,-65.190000,-1.9614,93.070000,95.320000,1351.470000
1674,Exit short,2025-11-04 17:45,3388.530000,1,131.930000,3.8934,159.010000,65.660000,1416.660000
1674,Entry short,2025-11-04 11:45,3520.460000,1,131.930000,3.8934,159.010000,65.660000,1416.660000
1673,Exit short,2025-11-04 05:15,3625.510000,1,-29.850000,-0.8233,29.710000,57.990000,1284.730000
1673,Entry short,2025-11-04 00:15,3595.660000,1,-29.850000,-0.8233,29.710000,57.990000,1284.730000
1672,Exit short,2025-11-03 20:45,3592.080000,1,68.590000,1.9095,72.550000,20.560000,1314.580000
1672,Entry short,2025-11-03 17:45,3660.670000,1,68.590000,1.9095,72.550000,20.560000,1314.580000
1671,Exit short,2025-11-03 16:15,3605.890000,1,103.110000,2.8595,146.730000,38.360000,1245.990000
1671,Entry short,2025-11-03 11:45,3709.000000,1,103.110000,2.8595,146.730000,38.360000,1245.990000
1670,Exit short,2025-11-03 11:15,3694.360000,1,7.950000,0.2152,52.180000,2.560000,1142.880000
1670,Entry short,2025-11-03 10:45,3702.310000,1,7.950000,0.2152,52.180000,2.560000,1142.880000
1669,Exit short,2025-11-03 10:15,3710.620000,1,1.590000,0.0428,17.820000,6.720000,1134.930000
1669,Entry short,2025-11-03 09:30,3712.210000,1,1.590000,0.0428,17.820000,6.720000,1134.930000
1668,Exit short,2025-11-03 01:30,3846.360000,1,16.950000,0.4407,24.900000,0.100000,1133.340000
1668,Entry short,2025-11-03 01:00,3863.310000,1,16.950000,0.4407,24.900000,0.100000,1133.340000
1667,Exit long,2025-11-02 23:45,3899.510000,1,19.890000,0.5127,27.360000,10.490000,1116.390000
1667,Entry long,2025-11-02 23:15,3879.620000,1,19.890000,0.5127,27.360000,10.490000,1116.390000
1666,Exit short,2025-11-02 23:15,3879.620000,1,-27.990000,-0.7215,13.400000,30.230000,1096.500000
1666,Entry short,2025-11-02 16:00,3851.630000,1,-27.990000,-0.7215,13.400000,30.230000,1096.500000
1665,Exit short,2025-11-02 14:00,3866.460000,1,14.860000,0.3843,29.020000,3.930000,1124.490000
1665,Entry short,2025-11-02 12:30,3881.320000,1,14.860000,0.3843,29.020000,3.930000,1124.490000
1664,Exit short,2025-11-02 10:15,3866.000000,1,9.340000,0.2416,22.340000,0.010000,1109.630000
1664,Entry short,2025-11-02 09:45,3875.340000,1,9.340000,0.2416,22.340000,0.010000,1109.630000
1663,Exit long,2025-11-02 09:45,3875.340000,1,-17.650000,-0.4534,24.010000,28.540000,1100.290000
1663,Entry long,2025-11-02 07:30,3892.990000,1,-17.650000,-0.4534,24.010000,28.540000,1100.290000
1662,Exit long,2025-11-02 03:15,3880.290000,1,5.820000,0.1502,11.360000,4.470000,1117.940000
1662,Entry long,2025-11-02 02:15,3874.470000,1,5.820000,0.1502,11.360000,4.470000,1117.940000
1661,Exit short,2025-11-02 02:15,3874.470000,1,-4.000000,-0.1032,3.470000,5.000000,1112.120000
1661,Entry short,2025-11-02 02:00,3870.470000,1,-4.000000,-0.1032,3.470000,5.000000,1112.120000
1660,Exit long,2025-11-02 02:00,3870.470000,1,-2.530000,-0.0653,2.690000,7.140000,1116.120000
1660,Entry long,2025-11-02 01:30,3873.000000,1,-2.530000,-0.0653,2.690000,7.140000,1116.120000
1659,Exit short,2025-11-02 00:45,3868.430000,1,3.770000,0.0975,11.990000,3.700000,1118.650000
1659,Entry short,2025-11-01 23:30,3872.200000,1,3.770000,0.0975,11.990000,3.700000,1118.650000
1658,Exit long,2025-11-01 23:30,3872.200000,1,-4.780000,-0.1233,13.020000,14.540000,1114.880000
1658,Entry long,2025-11-01 18:45,3876.980000,1,-4.780000,-0.1233,13.020000,14.540000,1114.880000
1657,Exit long,2025-11-01 16:00,3893.020000,1,24.400000,0.6307,32.740000,12.090000,1119.660000
1657,Entry long,2025-11-01 14:00,3868.620000,1,24.400000,0.6307,32.740000,12.090000,1119.660000
1656,Exit short,2025-11-01 14:00,3868.620000,1,-7.410000,-0.1915,1.860000,7.790000,1095.260000
1656,Entry short,2025-11-01 13:45,3861.210000,1,-7.410000,-0.1915,1.860000,7.790000,1095.260000
1655,Exit long,2025-11-01 12:30,3876.420000,1,0.340000,0.0088,3.610000,2.020000,1102.670000
1655,Entry long,2025-11-01 12:00,3876.080000,1,0.340000,0.0088,3.610000,2.020000,1102.670000
1654,Exit long,2025-11-01 09:00,3880.310000,1,25.300000,0.6563,26.990000,3.680000,1102.330000
1654,Entry long,2025-11-01 06:15,3855.010000,1,25.300000,0.6563,26.990000,3.680000,1102.330000
1653,Exit long,2025-11-01 03:30,3854.810000,1,4.230000,0.1099,6.870000,1.060000,1077.030000
1653,Entry long,2025-11-01 03:00,3850.580000,1,4.230000,0.1099,6.870000,1.060000,1077.030000
1652,Exit short,2025-11-01 03:00,3850.580000,1,-5.760000,-0.1496,0.000000,8.970000,1072.800000
1652,Entry short,2025-11-01 02:45,3844.820000,1,-5.760000,-0.1496,0.000000,8.970000,1072.800000
1651,Exit long,2025-11-01 02:45,3844.820000,1,-5.290000,-0.1374,15.280000,21.310000,1078.560000
1651,Entry long,2025-10-31 21:30,3850.110000,1,-5.290000,-0.1374,15.280000,21.310000,1078.560000
1650,Exit short,2025-10-31 21:30,3850.110000,1,-9.000000,-0.2338,0.550000,12.000000,1083.850000
1650,Entry short,2025-10-31 21:15,3841.110000,1,-9.000000,-0.2338,0.550000,12.000000,1083.850000
1649,Exit long,2025-10-31 20:15,3886.860000,1,14.030000,0.3623,32.070000,1.160000,1092.850000
1649,Entry long,2025-10-31 19:30,3872.830000,1,14.030000,0.3623,32.070000,1.160000,1092.850000
1648,Exit short,2025-10-31 17:30,3820.740000,1,0.130000,0.0034,18.230000,7.930000,1078.820000
1648,Entry short,2025-10-31 17:00,3820.870000,1,0.130000,0.0034,18.230000,7.930000,1078.820000
1647,Exit long,2025-10-31 17:00,3820.870000,1,-25.480000,-0.6624,34.590000,33.920000,1078.690000
1647,Entry long,2025-10-31 14:15,3846.350000,1,-25.480000,-0.6624,34.590000,33.920000,1078.690000
1646,Exit short,2025-10-31 14:15,3846.350000,1,-12.150000,-0.3159,3.070000,37.640000,1104.170000
1646,Entry short,2025-10-31 13:45,3834.200000,1,-12.150000,-0.3159,3.070000,37.640000,1104.170000
1645,Exit long,2025-10-31 13:45,3834.200000,1,-15.910000,-0.4132,21.930000,20.110000,1116.320000
1645,Entry long,2025-10-31 13:15,3850.110000,1,-15.910000,-0.4132,21.930000,20.110000,1116.320000
1644,Exit long,2025-10-31 12:30,3869.390000,1,39.770000,1.0385,57.400000,13.330000,1132.230000
1644,Entry long,2025-10-31 07:00,3829.620000,1,39.770000,1.0385,57.400000,13.330000,1132.230000
1643,Exit long,2025-10-31 05:00,3861.120000,1,31.430000,0.8207,42.310000,14.160000,1092.460000
1643,Entry long,2025-10-31 03:15,3829.690000,1,31.430000,0.8207,42.310000,14.160000,1092.460000
1642,Exit short,2025-10-31 03:15,3829.690000,1,-76.340000,-1.9934,7.600000,106.650000,1061.030000
1642,Entry short,2025-10-30 21:30,3753.350000,1,-76.340000,-1.9934,7.600000,106.650000,1061.030000
1641,Exit short,2025-10-30 18:00,3769.660000,1,8.390000,0.2226,52.050000,9.950000,1137.370000
1641,Entry short,2025-10-30 16:45,3778.050000,1,8.390000,0.2226,52.050000,9.950000,1137.370000
1640,Exit short,2025-10-30 09:45,3895.000000,1,9.840000,0.2526,14.700000,38.160000,1128.980000
1640,Entry short,2025-10-30 06:15,3904.840000,1,9.840000,0.2526,14.700000,38.160000,1128.980000
1639,Exit short,2025-10-30 05:30,3872.790000,1,38.240000,0.9874,74.210000,35.970000,1119.140000
1639,Entry short,2025-10-30 01:30,3911.030000,1,38.240000,0.9874,74.210000,35.970000,1119.140000
1638,Exit short,2025-10-30 00:15,3903.180000,1,26.520000,0.6794,58.530000,32.850000,1080.900000
1638,Entry short,2025-10-29 21:15,3929.700000,1,26.520000,0.6794,58.530000,32.850000,1080.900000
1637,Exit short,2025-10-29 20:00,3903.540000,1,87.010000,2.2290,154.550000,14.230000,1054.380000
1637,Entry short,2025-10-29 18:30,3990.550000,1,87.010000,2.2290,154.550000,14.230000,1054.380000
1636,Exit long,2025-10-29 18:30,3990.550000,1,-12.000000,-0.2998,14.560000,33.680000,967.370000
1636,Entry long,2025-10-29 17:45,4002.550000,1,-12.000000,-0.2998,14.560000,33.680000,967.370000
1635,Exit short,2025-10-29 17:45,4002.550000,1,-41.550000,-1.0381,3.230000,48.900000,979.370000
1635,Entry short,2025-10-29 17:00,3961.000000,1,-41.550000,-1.0381,3.230000,48.900000,979.370000
1634,Exit short,2025-10-29 14:45,3989.980000,1,10.640000,0.2667,30.230000,27.390000,1020.920000
1634,Entry short,2025-10-29 11:15,4000.620000,1,10.640000,0.2667,30.230000,27.390000,1020.920000
1633,Exit short,2025-10-29 09:15,3992.490000,1,-12.150000,-0.3043,1.780000,54.650000,1010.280000
1633,Entry short,2025-10-29 02:00,3980.340000,1,-12.150000,-0.3043,1.780000,54.650000,1010.280000
1632,Exit short,2025-10-28 19:15,4102.070000,1,5.260000,0.1282,6.070000,9.950000,1022.430000
1632,Entry short,2025-10-28 18:45,4107.330000,1,5.260000,0.1282,6.070000,9.950000,1022.430000
1631,Exit short,2025-10-28 16:15,4104.020000,1,7.120000,0.1735,26.130000,2.420000,1017.170000
1631,Entry short,2025-10-28 15:30,4111.140000,1,7.120000,0.1735,26.130000,2.420000,1017.170000
1630,Exit long,2025-10-28 15:30,4111.140000,1,-24.360000,-0.5890,0.000000,25.500000,1010.050000
1630,Entry long,2025-10-28 15:15,4135.500000,1,-24.360000,-0.5890,0.000000,25.500000,1010.050000
1629,Exit short,2025-10-28 15:15,4135.500000,1,-29.730000,-0.7189,39.770000,33.710000,1034.410000
1629,Entry short,2025-10-28 14:45,4105.770000,1,-29.730000,-0.7189,39.770000,33.710000,1034.410000
1628,Exit long,2025-10-28 13:45,4151.990000,1,31.990000,0.7765,34.530000,0.220000,1064.140000
1628,Entry long,2025-10-28 13:00,4120.000000,1,31.990000,0.7765,34.530000,0.220000,1064.140000
1627,Exit short,2025-10-28 12:30,4102.300000,1,7.810000,0.1904,15.110000,3.040000,1032.150000
1627,Entry short,2025-10-28 12:00,4110.110000,1,7.810000,0.1904,15.110000,3.040000,1032.150000
1626,Exit long,2025-10-28 12:00,4110.110000,1,-8.650000,-0.2100,6.880000,11.060000,1024.340000
1626,Entry long,2025-10-28 11:30,4118.760000,1,-8.650000,-0.2100,6.880000,11.060000,1024.340000
1625,Exit short,2025-10-28 11:30,4118.760000,1,-7.470000,-0.1814,2.990000,12.390000,1032.990000
1625,Entry short,2025-10-28 10:45,4111.290000,1,-7.470000,-0.1814,2.990000,12.390000,1032.990000
1624,Exit long,2025-10-28 10:45,4111.290000,1,-6.610000,-0.1605,0.010000,11.330000,1040.460000
1624,Entry long,2025-10-28 10:30,4117.900000,1,-6.610000,-0.1605,0.010000,11.330000,1040.460000
1623,Exit short,2025-10-28 10:30,4117.900000,1,-3.930000,-0.0954,4.850000,6.670000,1047.070000
1623,Entry short,2025-10-28 10:15,4113.970000,1,-3.930000,-0.0954,4.850000,6.670000,1047.070000
1622,Exit long,2025-10-28 10:15,4113.970000,1,-6.840000,-0.1660,2.190000,12.250000,1051.000000
1622,Entry long,2025-10-28 10:00,4120.810000,1,-6.840000,-0.1660,2.190000,12.250000,1051.000000
1621,Exit short,2025-10-28 10:00,4120.810000,1,-5.450000,-0.1323,13.010000,19.100000,1057.840000
1621,Entry short,2025-10-28 08:00,4115.360000,1,-5.450000,-0.1323,13.010000,19.100000,1057.840000
1620,Exit short,2025-10-28 06:15,4076.990000,1,14.000000,0.3434,26.700000,7.860000,1063.290000
1620,Entry short,2025-10-28 05:15,4090.990000,1,14.000000,0.3434,26.700000,7.860000,1063.290000
1619,Exit short,2025-10-28 03:45,4087.540000,1,36.380000,0.8900,57.040000,3.640000,1049.290000
1619,Entry short,2025-10-28 02:15,4123.920000,1,36.380000,0.8900,57.040000,3.640000,1049.290000
1618,Exit long,2025-10-28 02:15,4123.920000,1,-87.390000,-2.0751,0.480000,120.700000,1012.910000
1618,Entry long,2025-10-27 19:30,4211.310000,1,-87.390000,-2.0751,0.480000,120.700000,1012.910000
1617,Exit long,2025-10-27 16:00,4171.250000,1,2.750000,0.0660,6.050000,15.000000,1100.300000
1617,Entry long,2025-10-27 15:15,4168.500000,1,2.750000,0.0660,6.050000,15.000000,1100.300000
1616,Exit short,2025-10-27 15:15,4168.500000,1,-21.120000,-0.5067,25.360000,21.120000,1097.550000
1616,Entry short,2025-10-27 14:15,4147.380000,1,-21.120000,-0.5067,25.360000,21.120000,1097.550000
1615,Exit long,2025-10-27 14:15,4147.380000,1,-52.610000,-1.2526,0.430000,74.980000,1118.670000
1615,Entry long,2025-10-27 08:00,4199.990000,1,-52.610000,-1.2526,0.430000,74.980000,1118.670000
1614,Exit long,2025-10-26 22:15,4131.550000,1,65.060000,1.5999,112.780000,13.420000,1171.280000
1614,Entry long,2025-10-26 19:45,4066.490000,1,65.060000,1.5999,112.780000,13.420000,1171.280000
1613,Exit long,2025-10-26 18:45,4072.590000,1,-0.410000,-0.0101,6.860000,29.570000,1106.220000
1613,Entry long,2025-10-26 15:30,4073.000000,1,-0.410000,-0.0101,6.860000,29.570000,1106.220000
1612,Exit long,2025-10-26 07:15,3943.510000,1,-0.500000,-0.0127,0.700000,3.470000,1106.630000
1612,Entry long,2025-10-26 06:30,3944.010000,1,-0.500000,-0.0127,0.700000,3.470000,1106.630000
1611,Exit short,2025-10-26 06:30,3944.010000,1,-5.440000,-0.1379,1.810000,6.650000,1107.130000
1611,Entry short,2025-10-26 05:15,3938.570000,1,-5.440000,-0.1379,1.810000,6.650000,1107.130000
1610,Exit short,2025-10-26 02:30,3934.860000,1,-3.450000,-0.0877,10.550000,3.690000,1112.570000
1610,Entry short,2025-10-26 02:00,3931.410000,1,-3.450000,-0.0877,10.550000,3.690000,1112.570000
1609,Exit long,2025-10-26 02:00,3931.410000,1,-12.290000,-0.3116,19.770000,29.400000,1116.020000
1609,Entry long,2025-10-25 21:00,3943.700000,1,-12.290000,-0.3116,19.770000,29.400000,1116.020000
1608,Exit long,2025-10-25 19:15,3951.620000,1,7.510000,0.1904,24.820000,0.120000,1128.310000
1608,Entry long,2025-10-25 18:30,3944.110000,1,7.510000,0.1904,24.820000,0.120000,1128.310000
1607,Exit short,2025-10-25 18:30,3944.110000,1,-11.840000,-0.3002,4.620000,12.930000,1120.800000
1607,Entry short,2025-10-25 17:30,3932.270000,1,-11.840000,-0.3002,4.620000,12.930000,1120.800000
1606,Exit long,2025-10-25 17:30,3932.270000,1,-4.750000,-0.1206,9.330000,14.190000,1132.640000
1606,Entry long,2025-10-25 13:30,3937.020000,1,-4.750000,-0.1206,9.330000,14.190000,1132.640000
1605,Exit long,2025-10-25 12:45,3948.880000,1,13.180000,0.3349,17.180000,2.690000,1137.390000
1605,Entry long,2025-10-25 10:30,3935.700000,1,13.180000,0.3349,17.180000,2.690000,1137.390000
1604,Exit long,2025-10-25 09:00,3952.190000,1,22.340000,0.5685,33.410000,7.100000,1124.210000
1604,Entry long,2025-10-25 06:00,3929.850000,1,22.340000,0.5685,33.410000,7.100000,1124.210000
1603,Exit short,2025-10-25 06:00,3929.850000,1,-6.910000,-0.1758,4.570000,8.760000,1101.870000
1603,Entry short,2025-10-25 04:45,3922.940000,1,-6.910000,-0.1758,4.570000,8.760000,1101.870000
1602,Exit long,2025-10-25 04:45,3922.940000,1,-4.170000,-0.1062,0.610000,8.110000,1108.780000
1602,Entry long,2025-10-25 04:30,3927.110000,1,-4.170000,-0.1062,0.610000,8.110000,1108.780000
1601,Exit short,2025-10-25 04:30,3927.110000,1,-7.690000,-0.1958,0.960000,15.560000,1112.950000
1601,Entry short,2025-10-25 04:00,3919.420000,1,-7.690000,-0.1958,0.960000,15.560000,1112.950000
1600,Exit long,2025-10-25 04:00,3919.420000,1,-11.580000,-0.2946,7.030000,21.000000,1120.640000
1600,Entry long,2025-10-24 23:30,3931.000000,1,-11.580000,-0.2946,7.030000,21.000000,1120.640000
1599,Exit short,2025-10-24 23:30,3931.000000,1,-31.130000,-0.7919,17.800000,43.940000,1132.220000
1599,Entry short,2025-10-24 17:30,3899.870000,1,-31.130000,-0.7919,17.800000,43.940000,1132.220000
1598,Exit short,2025-10-24 14:15,3934.840000,1,-0.860000,-0.0219,21.980000,12.290000,1163.350000
1598,Entry short,2025-10-24 13:45,3933.980000,1,-0.860000,-0.0219,21.980000,12.290000,1163.350000
1597,Exit long,2025-10-24 13:45,3933.980000,1,-0.350000,-0.0089,92.150000,10.330000,1164.210000
1597,Entry long,2025-10-24 08:30,3934.330000,1,-0.350000,-0.0089,92.150000,10.330000,1164.210000
1596,Exit short,2025-10-24 08:15,3941.390000,1,-98.640000,-2.5027,0.440000,145.250000,1164.560000
1596,Entry short,2025-10-23 22:30,3842.750000,1,-98.640000,-2.5027,0.440000,145.250000,1164.560000
1595,Exit long,2025-10-23 22:30,3842.750000,1,-23.490000,-0.6076,2.330000,49.360000,1263.200000
1595,Entry long,2025-10-23 19:30,3866.240000,1,-23.490000,-0.6076,2.330000,49.360000,1263.200000
1594,Exit long,2025-10-23 16:00,3874.870000,1,11.250000,0.2912,22.260000,19.250000,1286.690000
1594,Entry long,2025-10-23 15:15,3863.620000,1,11.250000,0.2912,22.260000,19.250000,1286.690000
1593,Exit short,2025-10-23 15:15,3863.620000,1,-13.210000,-0.3419,43.400000,24.790000,1275.440000
1593,Entry short,2025-10-23 14:00,3850.410000,1,-13.210000,-0.3419,43.400000,24.790000,1275.440000
1592,Exit long,2025-10-23 14:00,3850.410000,1,-25.250000,-0.6515,10.770000,44.330000,1288.650000
1592,Entry long,2025-10-23 11:00,3875.660000,1,-25.250000,-0.6515,10.770000,44.330000,1288.650000
1591,Exit short,2025-10-22 20:15,3796.410000,1,15.960000,0.4204,32.370000,10.200000,1313.900000
1591,Entry short,2025-10-22 19:30,3812.370000,1,15.960000,0.4204,32.370000,10.200000,1313.900000
1590,Exit short,2025-10-22 18:15,3806.130000,1,33.990000,0.8930,63.090000,23.320000,1297.940000
1590,Entry short,2025-10-22 14:15,3840.120000,1,33.990000,0.8930,63.090000,23.320000,1297.940000
1589,Exit long,2025-10-22 14:15,3840.120000,1,-31.180000,-0.8054,2.280000,40.170000,1263.950000
1589,Entry long,2025-10-22 14:00,3871.300000,1,-31.180000,-0.8054,2.280000,40.170000,1263.950000
1588,Exit short,2025-10-22 14:00,3871.300000,1,-26.520000,-0.6850,22.130000,30.780000,1295.130000
1588,Entry short,2025-10-22 13:00,3844.780000,1,-26.520000,-0.6850,22.130000,30.780000,1295.130000
1587,Exit short,2025-10-22 10:15,3842.750000,1,34.180000,0.8895,54.730000,3.390000,1321.650000
1587,Entry short,2025-10-22 05:00,3876.930000,1,34.180000,0.8895,54.730000,3.390000,1321.650000
1586,Exit long,2025-10-22 05:00,3876.930000,1,-146.980000,-3.6527,4.910000,208.540000,1287.470000
1586,Entry long,2025-10-21 17:45,4023.910000,1,-146.980000,-3.6527,4.910000,208.540000,1287.470000
1585,Exit long,2025-10-21 14:45,3928.910000,1,3.430000,0.0874,30.820000,14.250000,1434.450000
1585,Entry long,2025-10-21 14:15,3925.480000,1,3.430000,0.0874,30.820000,14.250000,1434.450000
1584,Exit short,2025-10-21 14:15,3925.480000,1,-51.910000,-1.3224,23.370000,52.180000,1431.020000
1584,Entry short,2025-10-21 11:15,3873.570000,1,-51.910000,-1.3224,23.370000,52.180000,1431.020000
1583,Exit short,2025-10-21 09:30,3868.490000,1,4.850000,0.1254,23.320000,21.660000,1482.930000
1583,Entry short,2025-10-21 07:15,3873.340000,1,4.850000,0.1254,23.320000,21.660000,1482.930000
1582,Exit short,2025-10-21 01:45,3956.500000,1,16.110000,0.4072,22.080000,29.350000,1478.080000
1582,Entry short,2025-10-20 19:30,3972.610000,1,16.110000,0.4072,22.080000,29.350000,1478.080000
1581,Exit long,2025-10-20 19:30,3972.610000,1,-76.800000,-1.8966,9.210000,129.110000,1461.970000
1581,Entry long,2025-10-20 08:45,4049.410000,1,-76.800000,-1.8966,9.210000,129.110000,1461.970000
1580,Exit short,2025-10-20 08:45,4049.410000,1,-94.360000,-2.3302,2.000000,129.950000,1538.770000
1580,Entry short,2025-10-20 03:15,3955.050000,1,-94.360000,-2.3302,2.000000,129.950000,1538.770000
1579,Exit long,2025-10-20 03:15,3955.050000,1,-35.120000,-0.8802,39.830000,83.280000,1633.130000
1579,Entry long,2025-10-19 19:30,3990.170000,1,-35.120000,-0.8802,39.830000,83.280000,1633.130000
1578,Exit long,2025-10-19 15:15,3979.800000,1,58.940000,1.5032,80.140000,8.880000,1668.250000
1578,Entry long,2025-10-19 13:00,3920.860000,1,58.940000,1.5032,80.140000,8.880000,1668.250000
1577,Exit long,2025-10-19 11:00,3929.570000,1,44.840000,1.1543,75.270000,74.730000,1609.310000
1577,Entry long,2025-10-19 07:15,3884.730000,1,44.840000,1.1543,75.270000,74.730000,1609.310000
1576,Exit short,2025-10-19 07:15,3884.730000,1,-19.180000,-0.4937,2.240000,53.930000,1564.470000
1576,Entry short,2025-10-19 02:15,3865.550000,1,-19.180000,-0.4937,2.240000,53.930000,1564.470000
1575,Exit short,2025-10-19 01:15,3857.990000,1,21.520000,0.5578,25.980000,0.950000,1583.650000
1575,Entry short,2025-10-19 00:30,3879.510000,1,21.520000,0.5578,25.980000,0.950000,1583.650000
1574,Exit long,2025-10-19 00:30,3879.510000,1,-7.350000,-0.1891,8.340000,8.840000,1562.130000
1574,Entry long,2025-10-18 21:30,3886.860000,1,-7.350000,-0.1891,8.340000,8.840000,1562.130000
1573,Exit long,2025-10-18 18:00,3892.100000,1,23.200000,0.5997,29.100000,0.580000,1569.480000
1573,Entry long,2025-10-18 17:15,3868.900000,1,23.200000,0.5997,29.100000,0.580000,1569.480000
1572,Exit short,2025-10-18 17:00,3864.000000,1,2.380000,0.0616,14.430000,0.960000,1546.280000
1572,Entry short,2025-10-18 16:30,3866.380000,1,2.380000,0.0616,14.430000,0.960000,1546.280000
1571,Exit long,2025-10-18 16:30,3866.380000,1,-10.570000,-0.2726,15.780000,30.840000,1543.900000
1571,Entry long,2025-10-18 09:45,3876.950000,1,-10.570000,-0.2726,15.780000,30.840000,1543.900000
1570,Exit long,2025-10-18 08:00,3890.460000,1,19.780000,0.5110,55.320000,0.490000,1554.470000
1570,Entry long,2025-10-18 07:00,3870.680000,1,19.780000,0.5110,55.320000,0.490000,1554.470000
1569,Exit long,2025-10-18 06:15,3872.950000,1,19.600000,0.5086,21.450000,7.940000,1534.690000
1569,Entry long,2025-10-18 05:15,3853.350000,1,19.600000,0.5086,21.450000,7.940000,1534.690000
1568,Exit long,2025-10-18 04:00,3868.990000,1,15.270000,0.3962,23.830000,9.730000,1515.090000
1568,Entry long,2025-10-18 02:45,3853.720000,1,15.270000,0.3962,23.830000,9.730000,1515.090000
1567,Exit long,2025-10-18 02:00,3866.320000,1,13.950000,0.3621,24.450000,35.160000,1499.820000
1567,Entry long,2025-10-17 23:00,3852.370000,1,13.950000,0.3621,24.450000,35.160000,1499.820000
1566,Exit long,2025-10-17 21:15,3870.190000,1,44.040000,1.1510,55.420000,10.150000,1485.870000
1566,Entry long,2025-10-17 20:00,3826.150000,1,44.040000,1.1510,55.420000,10.150000,1485.870000
1565,Exit long,2025-10-17 18:30,3833.510000,1,31.220000,0.8211,36.570000,14.850000,1441.830000
1565,Entry long,2025-10-17 17:45,3802.290000,1,31.220000,0.8211,36.570000,14.850000,1441.830000
1564,Exit short,2025-10-17 17:45,3802.290000,1,-11.530000,-0.3032,5.760000,22.810000,1410.610000
1564,Entry short,2025-10-17 17:30,3790.760000,1,-11.530000,-0.3032,5.760000,22.810000,1410.610000
1563,Exit long,2025-10-17 17:30,3790.760000,1,-6.710000,-0.1767,3.970000,19.390000,1422.140000
1563,Entry long,2025-10-17 17:15,3797.470000,1,-6.710000,-0.1767,3.970000,19.390000,1422.140000
1562,Exit short,2025-10-17 17:15,3797.470000,1,-16.740000,-0.4408,68.220000,63.320000,1428.850000
1562,Entry short,2025-10-17 11:45,3780.730000,1,-16.740000,-0.4408,68.220000,63.320000,1428.850000
1561,Exit short,2025-10-17 06:15,3894.140000,1,24.120000,0.6194,29.780000,3.290000,1445.590000
1561,Entry short,2025-10-17 04:45,3918.260000,1,24.120000,0.6194,29.780000,3.290000,1445.590000
1560,Exit long,2025-10-17 03:45,3921.990000,1,2.600000,0.0663,12.750000,5.960000,1421.470000
1560,Entry long,2025-10-17 02:45,3919.390000,1,2.600000,0.0663,12.750000,5.960000,1421.470000
1559,Exit short,2025-10-17 02:45,3919.390000,1,-47.400000,-1.2094,13.110000,76.070000,1418.870000
1559,Entry short,2025-10-16 22:30,3871.990000,1,-47.400000,-1.2094,13.110000,76.070000,1418.870000
1558,Exit short,2025-10-16 18:45,3906.130000,1,37.860000,0.9692,67.990000,8.620000,1466.270000
1558,Entry short,2025-10-16 17:30,3943.990000,1,37.860000,0.9692,67.990000,8.620000,1466.270000
1557,Exit long,2025-10-16 17:30,3943.990000,1,-109.320000,-2.6971,2.640000,198.310000,1428.410000
1557,Entry long,2025-10-16 14:45,4053.310000,1,-109.320000,-2.6971,2.640000,198.310000,1428.410000
1556,Exit short,2025-10-16 14:45,4053.310000,1,-34.440000,-0.8497,53.610000,39.130000,1537.730000
1556,Entry short,2025-10-16 14:00,4018.870000,1,-34.440000,-0.8497,53.610000,39.130000,1537.730000
1555,Exit long,2025-10-16 14:00,4018.870000,1,-32.900000,-0.8120,7.250000,50.410000,1572.170000
1555,Entry long,2025-10-16 13:45,4051.770000,1,-32.900000,-0.8120,7.250000,50.410000,1572.170000
1554,Exit short,2025-10-16 13:45,4051.770000,1,-65.500000,-1.6166,48.970000,103.070000,1605.070000
1554,Entry short,2025-10-16 09:30,3986.270000,1,-65.500000,-1.6166,48.970000,103.070000,1605.070000
1553,Exit short,2025-10-16 08:00,4002.510000,1,-1.310000,-0.0327,8.750000,8.240000,1670.570000
1553,Entry short,2025-10-16 07:30,4001.200000,1,-1.310000,-0.0327,8.750000,8.240000,1670.570000
1552,Exit long,2025-10-16 07:00,4039.990000,1,23.730000,0.5908,33.740000,0.260000,1671.880000
1552,Entry long,2025-10-16 06:30,4016.260000,1,23.730000,0.5908,33.740000,0.260000,1671.880000
1551,Exit short,2025-10-16 06:30,4016.260000,1,-16.260000,-0.4049,1.760000,17.000000,1648.150000
1551,Entry short,2025-10-16 06:15,4000.000000,1,-16.260000,-0.4049,1.760000,17.000000,1648.150000
1550,Exit long,2025-10-16 06:15,4000.000000,1,-15.150000,-0.3773,2.850000,38.190000,1664.410000
1550,Entry long,2025-10-16 05:45,4015.150000,1,-15.150000,-0.3773,2.850000,38.190000,1664.410000
1549,Exit short,2025-10-16 05:30,3997.080000,1,-24.790000,-0.6202,21.470000,62.710000,1679.560000
1549,Entry short,2025-10-15 22:45,3972.290000,1,-24.790000,-0.6202,21.470000,62.710000,1679.560000
1548,Exit short,2025-10-15 21:30,3971.490000,1,13.600000,0.3424,60.090000,26.470000,1704.350000
1548,Entry short,2025-10-15 18:45,3985.090000,1,13.600000,0.3424,60.090000,26.470000,1704.350000
1547,Exit short,2025-10-15 15:30,4007.710000,1,70.060000,1.7481,90.870000,1.060000,1690.750000
1547,Entry short,2025-10-15 14:30,4077.770000,1,70.060000,1.7481,90.870000,1.060000,1690.750000
1546,Exit long,2025-10-15 14:30,4077.770000,1,-76.840000,-1.8495,1.420000,138.610000,1620.690000
1546,Entry long,2025-10-15 10:00,4154.610000,1,-76.840000,-1.8495,1.420000,138.610000,1620.690000
1545,Exit long,2025-10-15 09:00,4180.130000,1,72.000000,1.7526,107.990000,6.350000,1697.530000
1545,Entry long,2025-10-15 06:45,4108.130000,1,72.000000,1.7526,107.990000,6.350000,1697.530000
1544,Exit short,2025-10-15 06:45,4108.130000,1,-28.400000,-0.6913,4.730000,42.270000,1625.530000
1544,Entry short,2025-10-15 06:30,4079.730000,1,-28.400000,-0.6913,4.730000,42.270000,1625.530000
1543,Exit long,2025-10-15 06:30,4079.730000,1,-20.950000,-0.5109,43.810000,41.680000,1653.930000
1543,Entry long,2025-10-14 20:00,4100.680000,1,-20.950000,-0.5109,43.810000,41.680000,1653.930000
1542,Exit short,2025-10-14 20:00,4100.680000,1,-114.220000,-2.7854,38.270000,176.790000,1674.880000
1542,Entry short,2025-10-14 14:45,3986.460000,1,-114.220000,-2.7854,38.270000,176.790000,1674.880000
1541,Exit short,2025-10-14 13:30,3945.770000,1,24.360000,0.6174,48.030000,2.290000,1789.100000
1541,Entry short,2025-10-14 12:00,3970.130000,1,24.360000,0.6174,48.030000,2.290000,1789.100000
1540,Exit long,2025-10-14 12:00,3970.130000,1,-269.570000,-6.3582,22.300000,354.610000,1764.740000
1540,Entry long,2025-10-14 00:00,4239.700000,1,-269.570000,-6.3582,22.300000,354.610000,1764.740000
1539,Exit short,2025-10-14 00:00,4239.700000,1,-132.310000,-3.1207,28.580000,185.640000,2034.310000
1539,Entry short,2025-10-13 14:30,4107.390000,1,-132.310000,-3.1207,28.580000,185.640000,2034.310000
1538,Exit long,2025-10-13 14:30,4107.390000,1,-27.050000,-0.6543,40.510000,40.770000,2166.620000
1538,Entry long,2025-10-13 13:45,4134.440000,1,-27.050000,-0.6543,40.510000,40.770000,2166.620000
1537,Exit short,2025-10-13 13:45,4134.440000,1,-38.540000,-0.9322,5.480000,83.990000,2193.670000
1537,Entry short,2025-10-13 13:00,4095.900000,1,-38.540000,-0.9322,5.480000,83.990000,2193.670000
1536,Exit short,2025-10-13 12:00,4078.350000,1,46.140000,1.1313,90.370000,4.510000,2232.210000
1536,Entry short,2025-10-13 11:15,4124.490000,1,46.140000,1.1313,90.370000,4.510000,2232.210000
1535,Exit long,2025-10-13 11:15,4124.490000,1,-31.000000,-0.7460,9.860000,44.290000,2186.070000
1535,Entry long,2025-10-13 09:45,4155.490000,1,-31.000000,-0.7460,9.860000,44.290000,2186.070000
1534,Exit long,2025-10-13 07:00,4168.560000,1,11.570000,0.2783,24.240000,43.540000,2217.070000
1534,Entry long,2025-10-13 03:00,4156.990000,1,11.570000,0.2783,24.240000,43.540000,2217.070000
1533,Exit long,2025-10-13 02:30,4166.100000,1,32.160000,0.7780,85.490000,27.380000,2205.500000
1533,Entry long,2025-10-12 22:00,4133.940000,1,32.160000,0.7780,85.490000,27.380000,2205.500000
1532,Exit long,2025-10-12 15:45,4007.190000,1,189.410000,4.9613,260.180000,25.990000,2173.340000
1532,Entry long,2025-10-12 09:30,3817.780000,1,189.410000,4.9613,260.180000,25.990000,2173.340000
1531,Exit long,2025-10-12 04:00,3779.990000,1,22.020000,0.5860,61.360000,4.970000,1983.930000
1531,Entry long,2025-10-12 03:15,3757.970000,1,22.020000,0.5860,61.360000,4.970000,1983.930000
1530,Exit short,2025-10-12 03:15,3757.970000,1,-38.350000,-1.0205,26.660000,53.270000,1961.910000
1530,Entry short,2025-10-11 21:45,3719.620000,1,-38.350000,-1.0205,26.660000,53.270000,1961.910000
1529,Exit short,2025-10-11 20:15,3745.120000,1,72.810000,1.9441,89.610000,6.930000,2000.260000
1529,Entry short,2025-10-11 17:45,3817.930000,1,72.810000,1.9441,89.610000,6.930000,2000.260000
1528,Exit long,2025-10-11 17:45,3817.930000,1,-15.030000,-0.3921,1.050000,21.960000,1927.450000
1528,Entry long,2025-10-11 17:30,3832.960000,1,-15.030000,-0.3921,1.050000,21.960000,1927.450000
1527,Exit short,2025-10-11 17:30,3832.960000,1,-16.970000,-0.4427,8.990000,29.990000,1942.480000
1527,Entry short,2025-10-11 15:45,3815.990000,1,-16.970000,-0.4427,8.990000,29.990000,1942.480000
1526,Exit long,2025-10-11 15:45,3815.990000,1,-24.730000,-0.6439,9.280000,25.680000,1959.450000
1526,Entry long,2025-10-11 15:15,3840.720000,1,-24.730000,-0.6439,9.280000,25.680000,1959.450000
1525,Exit short,2025-10-11 15:00,3812.400000,1,6.590000,0.1729,23.560000,2.970000,1984.180000
1525,Entry short,2025-10-11 14:15,3818.990000,1,6.590000,0.1729,23.560000,2.970000,1984.180000
1524,Exit long,2025-10-11 14:15,3818.990000,1,-24.790000,-0.6449,0.000000,60.710000,1977.590000
1524,Entry long,2025-10-11 12:30,3843.780000,1,-24.790000,-0.6449,0.000000,60.710000,1977.590000
1523,Exit short,2025-10-11 12:30,3843.780000,1,-38.060000,-0.9902,21.210000,50.280000,2002.380000
1523,Entry short,2025-10-11 08:45,3805.720000,1,-38.060000,-0.9902,21.210000,50.280000,2002.380000
1522,Exit short,2025-10-11 07:30,3760.350000,1,33.570000,0.8927,45.720000,37.100000,2040.440000
1522,Entry short,2025-10-11 04:45,3793.920000,1,33.570000,0.8927,45.720000,37.100000,2040.440000
1521,Exit short,2025-10-11 03:45,3774.950000,1,64.100000,1.6980,85.670000,6.920000,2006.870000
1521,Entry short,2025-10-11 03:00,3839.050000,1,64.100000,1.6980,85.670000,6.920000,2006.870000
1520,Exit short,2025-10-11 02:15,3773.500000,1,121.500000,3.2198,170.000000,18.000000,1942.770000
1520,Entry short,2025-10-10 22:15,3895.000000,1,121.500000,3.2198,170.000000,18.000000,1942.770000
1519,Exit short,2025-10-10 15:00,4277.700000,1,46.840000,1.0950,48.520000,14.990000,1821.270000
1519,Entry short,2025-10-10 14:30,4324.540000,1,46.840000,1.0950,48.520000,14.990000,1821.270000
1518,Exit long,2025-10-10 14:30,4324.540000,1,-24.580000,-0.5652,4.210000,30.750000,1774.430000
1518,Entry long,2025-10-10 14:15,4349.120000,1,-24.580000,-0.5652,4.210000,30.750000,1774.430000
1517,Exit short,2025-10-10 14:15,4349.120000,1,-12.290000,-0.2826,21.040000,51.600000,1799.010000
1517,Entry short,2025-10-10 09:15,4336.830000,1,-12.290000,-0.2826,21.040000,51.600000,1799.010000
1516,Exit short,2025-10-10 07:30,4325.470000,1,24.320000,0.5623,37.260000,5.500000,1811.300000
1516,Entry short,2025-10-10 06:30,4349.790000,1,24.320000,0.5623,37.260000,5.500000,1811.300000
1515,Exit long,2025-10-10 06:30,4349.790000,1,-16.780000,-0.3843,9.430000,17.800000,1786.980000
1515,Entry long,2025-10-10 06:00,4366.570000,1,-16.780000,-0.3843,9.430000,17.800000,1786.980000
1514,Exit short,2025-10-10 06:00,4366.570000,1,-10.350000,-0.2370,0.800000,12.430000,1803.760000
1514,Entry short,2025-10-10 05:45,4356.220000,1,-10.350000,-0.2370,0.800000,12.430000,1803.760000
1513,Exit short,2025-10-10 04:45,4340.420000,1,4.590000,0.1058,14.980000,15.690000,1814.110000
1513,Entry short,2025-10-10 04:00,4345.010000,1,4.590000,0.1058,14.980000,15.690000,1814.110000
1512,Exit long,2025-10-10 04:00,4345.010000,1,-29.840000,-0.6821,17.010000,34.240000,1809.520000
1512,Entry long,2025-10-10 02:30,4374.850000,1,-29.840000,-0.6821,17.010000,34.240000,1809.520000
1511,Exit short,2025-10-10 02:30,4374.850000,1,-46.840000,-1.0707,29.840000,63.990000,1839.360000
1511,Entry short,2025-10-09 18:15,4328.010000,1,-46.840000,-1.0707,29.840000,63.990000,1839.360000
1510,Exit short,2025-10-09 16:00,4312.810000,1,1.740000,0.0403,24.550000,9.180000,1886.200000
1510,Entry short,2025-10-09 15:30,4314.550000,1,1.740000,0.0403,24.550000,9.180000,1886.200000
1509,Exit short,2025-10-09 15:00,4343.670000,1,27.320000,0.6290,67.990000,40.470000,1884.460000
1509,Entry short,2025-10-09 12:00,4370.990000,1,27.320000,0.6290,67.990000,40.470000,1884.460000
1508,Exit short,2025-10-09 06:45,4438.670000,1,14.180000,0.3195,31.850000,5.980000,1857.140000
1508,Entry short,2025-10-09 05:00,4452.850000,1,14.180000,0.3195,31.850000,5.980000,1857.140000
1507,Exit long,2025-10-09 05:00,4452.850000,1,-64.480000,-1.4274,3.840000,117.330000,1842.960000
1507,Entry long,2025-10-09 00:30,4517.330000,1,-64.480000,-1.4274,3.840000,117.330000,1842.960000
1506,Exit long,2025-10-09 00:00,4523.660000,1,8.860000,0.1962,22.930000,17.500000,1907.440000
1506,Entry long,2025-10-08 19:30,4514.800000,1,8.860000,0.1962,22.930000,17.500000,1907.440000
1505,Exit long,2025-10-08 18:00,4536.990000,1,42.450000,0.9445,62.210000,6.820000,1898.580000
1505,Entry long,2025-10-08 17:00,4494.540000,1,42.450000,0.9445,62.210000,6.820000,1898.580000
1504,Exit short,2025-10-08 16:15,4455.600000,1,8.270000,0.1856,29.280000,7.330000,1856.130000
1504,Entry short,2025-10-08 14:45,4463.870000,1,8.270000,0.1856,29.280000,7.330000,1856.130000
1503,Exit long,2025-10-08 14:45,4463.870000,1,-28.310000,-0.6302,14.220000,36.790000,1847.860000
1503,Entry long,2025-10-08 14:15,4492.180000,1,-28.310000,-0.6302,14.220000,36.790000,1847.860000
1502,Exit short,2025-10-08 14:15,4492.180000,1,-37.660000,-0.8383,18.360000,67.480000,1876.170000
1502,Entry short,2025-10-08 13:45,4454.520000,1,-37.660000,-0.8383,18.360000,67.480000,1876.170000
1501,Exit long,2025-10-08 13:45,4454.520000,1,-25.830000,-0.5765,6.920000,33.840000,1913.830000
1501,Entry long,2025-10-08 12:45,4480.350000,1,-25.830000,-0.5765,6.920000,33.840000,1913.830000
1500,Exit short,2025-10-08 12:45,4480.350000,1,-2.160000,-0.0482,6.710000,4.460000,1939.660000
1500,Entry short,2025-10-08 12:30,4478.190000,1,-2.160000,-0.0482,6.710000,4.460000,1939.660000
1499,Exit long,2025-10-08 12:30,4478.190000,1,-7.010000,-0.1563,9.570000,14.360000,1941.820000
1499,Entry long,2025-10-08 12:00,4485.200000,1,-7.010000,-0.1563,9.570000,14.360000,1941.820000
1498,Exit short,2025-10-08 12:00,4485.200000,1,-34.880000,-0.7777,10.280000,54.680000,1948.830000
1498,Entry short,2025-10-08 07:30,4450.320000,1,-34.880000,-0.7777,10.280000,54.680000,1948.830000
1497,Exit short,2025-10-08 06:00,4436.170000,1,23.810000,0.5367,41.400000,0.680000,1983.710000
1497,Entry short,2025-10-08 05:00,4459.980000,1,23.810000,0.5367,41.400000,0.680000,1983.710000
1496,Exit short,2025-10-08 04:00,4441.820000,1,18.190000,0.4095,29.470000,37.040000,1959.900000
1496,Entry short,2025-10-08 01:15,4460.010000,1,18.190000,0.4095,29.470000,37.040000,1959.900000
1495,Exit short,2025-10-08 00:30,4454.050000,1,53.320000,1.1971,84.930000,4.860000,1941.710000
1495,Entry short,2025-10-07 21:00,4507.370000,1,53.320000,1.1971,84.930000,4.860000,1941.710000
1494,Exit long,2025-10-07 10:45,4689.920000,1,11.270000,0.2409,17.150000,7.190000,1888.390000
1494,Entry long,2025-10-07 10:00,4678.650000,1,11.270000,0.2409,17.150000,7.190000,1888.390000
1493,Exit short,2025-10-07 10:00,4678.650000,1,-3.000000,-0.0641,1.110000,6.350000,1877.120000
1493,Entry short,2025-10-07 09:45,4675.650000,1,-3.000000,-0.0641,1.110000,6.350000,1877.120000
1492,Exit short,2025-10-07 07:15,4672.850000,1,2.170000,0.0464,11.540000,10.410000,1880.120000
1492,Entry short,2025-10-07 06:30,4675.020000,1,2.170000,0.0464,11.540000,10.410000,1880.120000
1491,Exit long,2025-10-07 05:15,4708.680000,1,19.480000,0.4154,27.860000,29.170000,1877.950000
1491,Entry long,2025-10-06 21:45,4689.200000,1,19.480000,0.4154,27.860000,29.170000,1877.950000
1490,Exit long,2025-10-06 12:00,4569.540000,1,-1.870000,-0.0409,21.840000,8.560000,1858.470000
1490,Entry long,2025-10-06 11:00,4571.410000,1,-1.870000,-0.0409,21.840000,8.560000,1858.470000
1489,Exit long,2025-10-06 09:15,4567.670000,1,36.680000,0.8095,41.010000,0.000000,1860.340000
1489,Entry long,2025-10-06 08:00,4530.990000,1,36.680000,0.8095,41.010000,0.000000,1860.340000
1488,Exit long,2025-10-06 07:00,4558.420000,1,32.190000,0.7112,49.670000,0.780000,1823.660000
1488,Entry long,2025-10-06 06:00,4526.230000,1,32.190000,0.7112,49.670000,0.780000,1823.660000
1487,Exit long,2025-10-06 02:00,4526.030000,1,-2.710000,-0.0598,12.190000,14.790000,1791.470000
1487,Entry long,2025-10-06 01:30,4528.740000,1,-2.710000,-0.0598,12.190000,14.790000,1791.470000
1486,Exit short,2025-10-06 01:30,4528.740000,1,-32.210000,-0.7112,10.480000,55.210000,1794.180000
1486,Entry short,2025-10-05 21:00,4496.530000,1,-32.210000,-0.7112,10.480000,55.210000,1794.180000
1485,Exit short,2025-10-05 20:15,4495.550000,1,2.350000,0.0523,27.160000,12.080000,1826.390000
1485,Entry short,2025-10-05 19:15,4497.900000,1,2.350000,0.0523,27.160000,12.080000,1826.390000
1484,Exit short,2025-10-05 18:15,4506.460000,1,28.070000,0.6229,46.290000,7.990000,1824.040000
1484,Entry short,2025-10-05 14:45,4534.530000,1,28.070000,0.6229,46.290000,7.990000,1824.040000
1483,Exit long,2025-10-05 14:45,4534.530000,1,-11.660000,-0.2565,8.800000,18.190000,1795.970000
1483,Entry long,2025-10-05 11:30,4546.190000,1,-11.660000,-0.2565,8.800000,18.190000,1795.970000
1482,Exit long,2025-10-05 07:45,4576.980000,1,18.580000,0.4076,25.480000,0.760000,1807.630000
1482,Entry long,2025-10-05 07:00,4558.400000,1,18.580000,0.4076,25.480000,0.760000,1807.630000
1481,Exit long,2025-10-05 03:30,4544.340000,1,60.040000,1.3389,90.840000,6.590000,1789.050000
1481,Entry long,2025-10-05 01:45,4484.300000,1,60.040000,1.3389,90.840000,6.590000,1789.050000
1480,Exit short,2025-10-05 01:15,4479.160000,1,-8.080000,-0.1804,22.530000,21.340000,1729.010000
1480,Entry short,2025-10-04 17:30,4471.080000,1,-8.080000,-0.1804,22.530000,21.340000,1729.010000
1479,Exit short,2025-10-04 16:00,4453.140000,1,15.120000,0.3395,29.460000,13.230000,1737.090000
1479,Entry short,2025-10-04 15:00,4468.260000,1,15.120000,0.3395,29.460000,13.230000,1737.090000
1478,Exit short,2025-10-04 12:30,4481.600000,1,0.820000,0.0183,8.510000,5.100000,1721.970000
1478,Entry short,2025-10-04 12:00,4482.420000,1,0.820000,0.0183,8.510000,5.100000,1721.970000
1477,Exit long,2025-10-04 12:00,4482.420000,1,-18.260000,-0.4057,1.160000,22.670000,1721.150000
1477,Entry long,2025-10-04 10:30,4500.680000,1,-18.260000,-0.4057,1.160000,22.670000,1721.150000
1476,Exit short,2025-10-04 10:30,4500.680000,1,-4.410000,-0.0980,11.420000,6.180000,1739.410000
1476,Entry short,2025-10-04 09:45,4496.270000,1,-4.410000,-0.0980,11.420000,6.180000,1739.410000
1475,Exit long,2025-10-04 09:45,4496.270000,1,-1.410000,-0.0313,3.530000,17.480000,1743.820000
1475,Entry long,2025-10-04 08:15,4497.680000,1,-1.410000,-0.0313,3.530000,17.480000,1743.820000
1474,Exit short,2025-10-04 08:15,4497.680000,1,-19.160000,-0.4260,1.450000,37.280000,1745.230000
1474,Entry short,2025-10-04 04:30,4478.520000,1,-19.160000,-0.4260,1.450000,37.280000,1745.230000
1473,Exit long,2025-10-04 04:30,4478.520000,1,-36.180000,-0.8014,7.140000,54.700000,1764.390000
1473,Entry long,2025-10-03 23:30,4514.700000,1,-36.180000,-0.8014,7.140000,54.700000,1764.390000
1472,Exit long,2025-10-03 23:00,4526.410000,1,-2.100000,-0.0464,4.470000,6.020000,1800.570000
1472,Entry long,2025-10-03 22:15,4528.510000,1,-2.100000,-0.0464,4.470000,6.020000,1800.570000
1471,Exit long,2025-10-03 21:15,4531.360000,1,14.990000,0.3319,24.840000,0.000000,1802.670000
1471,Entry long,2025-10-03 20:30,4516.370000,1,14.990000,0.3319,24.840000,0.000000,1802.670000
1470,Exit long,2025-10-03 20:00,4517.660000,1,17.950000,0.3989,44.300000,9.710000,1787.680000
1470,Entry long,2025-10-03 18:30,4499.710000,1,17.950000,0.3989,44.300000,9.710000,1787.680000
1469,Exit short,2025-10-03 18:30,4499.710000,1,-30.150000,-0.6700,22.660000,32.950000,1769.730000
1469,Entry short,2025-10-03 18:00,4469.560000,1,-30.150000,-0.6700,22.660000,32.950000,1769.730000
1468,Exit long,2025-10-03 18:00,4469.560000,1,-27.000000,-0.6005,18.100000,45.050000,1799.880000
1468,Entry long,2025-10-03 17:30,4496.560000,1,-27.000000,-0.6005,18.100000,45.050000,1799.880000
1467,Exit long,2025-10-03 17:00,4523.240000,1,44.490000,0.9934,112.080000,2.690000,1826.880000
1467,Entry long,2025-10-03 15:30,4478.750000,1,44.490000,0.9934,112.080000,2.690000,1826.880000
1466,Exit short,2025-10-03 15:30,4478.750000,1,-12.770000,-0.2851,0.000000,27.690000,1782.390000
1466,Entry short,2025-10-03 15:15,4465.980000,1,-12.770000,-0.2851,0.000000,27.690000,1782.390000
1465,Exit long,2025-10-03 15:15,4465.980000,1,-14.930000,-0.3332,0.000000,25.400000,1795.160000
1465,Entry long,2025-10-03 15:00,4480.910000,1,-14.930000,-0.3332,0.000000,25.400000,1795.160000
1464,Exit short,2025-10-03 15:00,4480.910000,1,-12.400000,-0.2767,34.870000,19.630000,1810.090000
1464,Entry short,2025-10-03 14:00,4468.510000,1,-12.400000,-0.2767,34.870000,19.630000,1810.090000
1463,Exit long,2025-10-03 14:00,4468.510000,1,-21.010000,-0.4680,13.470000,25.440000,1822.490000
1463,Entry long,2025-10-03 13:30,4489.520000,1,-21.010000,-0.4680,13.470000,25.440000,1822.490000
1462,Exit short,2025-10-03 13:30,4489.520000,1,-24.090000,-0.5366,1.980000,26.820000,1843.500000
1462,Entry short,2025-10-03 13:15,4465.430000,1,-24.090000,-0.5366,1.980000,26.820000,1843.500000
1461,Exit long,2025-10-03 13:15,4465.430000,1,-37.560000,-0.8341,6.260000,76.990000,1867.590000
1461,Entry long,2025-10-03 04:15,4502.990000,1,-37.560000,-0.8341,6.260000,76.990000,1867.590000
1460,Exit long,2025-10-03 02:45,4501.800000,1,12.800000,0.2851,25.510000,35.540000,1905.150000
1460,Entry long,2025-10-02 21:00,4489.000000,1,12.800000,0.2851,25.510000,35.540000,1905.150000
1459,Exit long,2025-10-02 16:45,4430.890000,1,62.940000,1.4410,101.050000,35.720000,1892.350000
1459,Entry long,2025-10-02 08:15,4367.950000,1,62.940000,1.4410,101.050000,35.720000,1892.350000
1458,Exit long,2025-10-02 06:00,4381.840000,1,10.940000,0.2503,25.280000,2.410000,1829.410000
1458,Entry long,2025-10-02 05:00,4370.900000,1,10.940000,0.2503,25.280000,2.410000,1829.410000
1457,Exit long,2025-10-02 00:15,4376.520000,1,59.640000,1.3816,61.120000,12.850000,1818.470000
1457,Entry long,2025-10-01 22:15,4316.880000,1,59.640000,1.3816,61.120000,12.850000,1818.470000
1456,Exit long,2025-10-01 21:00,4333.000000,1,16.010000,0.3709,21.050000,30.990000,1758.830000
1456,Entry long,2025-10-01 17:30,4316.990000,1,16.010000,0.3709,21.050000,30.990000,1758.830000
1455,Exit long,2025-10-01 15:15,4318.520000,1,14.660000,0.3406,34.130000,4.990000,1742.820000
1455,Entry long,2025-10-01 14:15,4303.860000,1,14.660000,0.3406,34.130000,4.990000,1742.820000
1454,Exit long,2025-10-01 09:15,4284.910000,1,140.930000,3.4008,185.020000,2.610000,1728.160000
1454,Entry long,2025-10-01 08:00,4143.980000,1,140.930000,3.4008,185.020000,2.610000,1728.160000
1453,Exit short,2025-10-01 08:00,4143.980000,1,-1.620000,-0.0391,21.030000,3.970000,1587.230000
1453,Entry short,2025-10-01 06:00,4142.360000,1,-1.620000,-0.0391,21.030000,3.970000,1587.230000
1452,Exit long,2025-10-01 06:00,4142.360000,1,-5.240000,-0.1263,8.330000,5.600000,1588.850000
1452,Entry long,2025-10-01 05:15,4147.600000,1,-5.240000,-0.1263,8.330000,5.600000,1588.850000
1451,Exit short,2025-10-01 05:15,4147.600000,1,-9.130000,-0.2201,0.680000,16.480000,1594.090000
1451,Entry short,2025-10-01 05:00,4138.470000,1,-9.130000,-0.2201,0.680000,16.480000,1594.090000
1450,Exit long,2025-10-01 05:00,4138.470000,1,-10.020000,-0.2415,6.510000,14.210000,1603.220000
1450,Entry long,2025-10-01 04:30,4148.490000,1,-10.020000,-0.2415,6.510000,14.210000,1603.220000
1449,Exit long,2025-10-01 02:15,4161.320000,1,12.350000,0.2977,23.500000,7.810000,1613.240000
1449,Entry long,2025-10-01 01:15,4148.970000,1,12.350000,0.2977,23.500000,7.810000,1613.240000
1448,Exit short,2025-10-01 01:15,4148.970000,1,-18.370000,-0.4428,9.990000,24.790000,1600.890000
1448,Entry short,2025-10-01 00:30,4130.600000,1,-18.370000,-0.4428,9.990000,24.790000,1600.890000
1447,Exit short,2025-09-30 23:30,4135.450000,1,5.480000,0.1325,27.890000,5.060000,1619.260000
1447,Entry short,2025-09-30 22:45,4140.930000,1,5.480000,0.1325,27.890000,5.060000,1619.260000
1446,Exit long,2025-09-30 22:45,4140.930000,1,-12.580000,-0.3029,3.490000,19.110000,1613.780000
1446,Entry long,2025-09-30 22:30,4153.510000,1,-12.580000,-0.3029,3.490000,19.110000,1613.780000
1445,Exit short,2025-09-30 22:30,4153.510000,1,-44.200000,-1.0642,2.500000,90.580000,1626.360000
1445,Entry short,2025-09-30 18:45,4109.310000,1,-44.200000,-1.0642,2.500000,90.580000,1626.360000
1444,Exit short,2025-09-30 15:00,4147.050000,1,5.990000,0.1444,37.050000,20.960000,1670.560000
1444,Entry short,2025-09-30 11:15,4153.040000,1,5.990000,0.1444,37.050000,20.960000,1670.560000
1443,Exit short,2025-09-30 08:45,4168.830000,1,7.250000,0.1739,13.960000,8.620000,1664.570000
1443,Entry short,2025-09-30 07:45,4176.080000,1,7.250000,0.1739,13.960000,8.620000,1664.570000
1442,Exit long,2025-09-30 07:45,4176.080000,1,-14.990000,-0.3577,0.650000,19.070000,1657.320000
1442,Entry long,2025-09-30 07:30,4191.070000,1,-14.990000,-0.3577,0.650000,19.070000,1657.320000
1441,Exit short,2025-09-30 07:30,4191.070000,1,-3.000000,-0.0716,2.030000,18.100000,1672.310000
1441,Entry short,2025-09-30 07:00,4188.070000,1,-3.000000,-0.0716,2.030000,18.100000,1672.310000
1440,Exit long,2025-09-30 07:00,4188.070000,1,-28.730000,-0.6813,30.070000,49.580000,1675.310000
1440,Entry long,2025-09-30 00:45,4216.800000,1,-28.730000,-0.6813,30.070000,49.580000,1675.310000
1439,Exit long,2025-09-29 19:30,4169.900000,1,2.700000,0.0648,5.780000,41.990000,1704.040000
1439,Entry long,2025-09-29 16:15,4167.200000,1,2.700000,0.0648,5.780000,41.990000,1704.040000
1438,Exit long,2025-09-29 14:30,4178.270000,1,71.290000,1.7358,80.730000,3.900000,1701.340000
1438,Entry long,2025-09-29 13:30,4106.980000,1,71.290000,1.7358,80.730000,3.900000,1701.340000
1437,Exit short,2025-09-29 13:30,4106.980000,1,-11.110000,-0.2705,15.870000,15.090000,1630.050000
1437,Entry short,2025-09-29 13:00,4095.870000,1,-11.110000,-0.2705,15.870000,15.090000,1630.050000
1436,Exit long,2025-09-29 13:00,4095.870000,1,-20.970000,-0.5094,11.160000,26.240000,1641.160000
1436,Entry long,2025-09-29 12:30,4116.840000,1,-20.970000,-0.5094,11.160000,26.240000,1641.160000
1435,Exit long,2025-09-29 09:15,4121.040000,1,10.900000,0.2652,24.860000,23.910000,1662.130000
1435,Entry long,2025-09-29 03:00,4110.140000,1,10.900000,0.2652,24.860000,23.910000,1662.130000
1434,Exit long,2025-09-28 23:15,4126.890000,1,78.600000,1.9416,90.710000,0.040000,1651.230000
1434,Entry long,2025-09-28 22:00,4048.290000,1,78.600000,1.9416,90.710000,0.040000,1651.230000
1433,Exit short,2025-09-28 10:30,3989.560000,1,14.180000,0.3554,21.290000,4.240000,1572.630000
1433,Entry short,2025-09-28 08:30,4003.740000,1,14.180000,0.3554,21.290000,4.240000,1572.630000
1432,Exit long,2025-09-28 07:45,4011.410000,1,5.220000,0.1303,6.330000,1.100000,1558.450000
1432,Entry long,2025-09-28 07:15,4006.190000,1,5.220000,0.1303,6.330000,1.100000,1558.450000
1431,Exit short,2025-09-28 07:15,4006.190000,1,-7.560000,-0.1887,3.630000,12.060000,1553.230000
1431,Entry short,2025-09-28 06:30,3998.630000,1,-7.560000,-0.1887,3.630000,12.060000,1553.230000
1430,Exit short,2025-09-28 02:15,3994.010000,1,9.730000,0.2436,11.650000,8.080000,1560.790000
1430,Entry short,2025-09-28 01:15,4003.740000,1,9.730000,0.2436,11.650000,8.080000,1560.790000
1429,Exit long,2025-09-28 01:15,4003.740000,1,-13.270000,-0.3303,13.540000,15.310000,1551.060000
1429,Entry long,2025-09-28 00:00,4017.010000,1,-13.270000,-0.3303,13.540000,15.310000,1551.060000
1428,Exit short,2025-09-28 00:00,4017.010000,1,-21.020000,-0.5233,1.120000,36.000000,1564.330000
1428,Entry short,2025-09-27 19:45,3995.990000,1,-21.020000,-0.5233,1.120000,36.000000,1564.330000
1427,Exit short,2025-09-27 17:45,3994.310000,1,13.820000,0.3460,28.530000,2.870000,1585.350000
1427,Entry short,2025-09-27 16:45,4008.130000,1,13.820000,0.3460,28.530000,2.870000,1585.350000
1426,Exit long,2025-09-27 16:45,4008.130000,1,-3.260000,-0.0813,9.100000,5.360000,1571.530000
1426,Entry long,2025-09-27 15:30,4011.390000,1,-3.260000,-0.0813,9.100000,5.360000,1571.530000
1425,Exit short,2025-09-27 15:30,4011.390000,1,-10.390000,-0.2590,0.010000,10.980000,1574.790000
1425,Entry short,2025-09-27 15:15,4001.000000,1,-10.390000,-0.2590,0.010000,10.980000,1574.790000
1424,Exit long,2025-09-27 13:30,4019.290000,1,10.760000,0.2684,30.090000,1.600000,1585.180000
1424,Entry long,2025-09-27 12:45,4008.530000,1,10.760000,0.2684,30.090000,1.600000,1585.180000
1423,Exit short,2025-09-27 12:45,4008.530000,1,-20.010000,-0.4992,0.000000,28.480000,1574.420000
1423,Entry short,2025-09-27 10:30,3988.520000,1,-20.010000,-0.4992,0.000000,28.480000,1574.420000
1422,Exit long,2025-09-27 10:30,3988.520000,1,-42.940000,-1.0651,4.140000,60.010000,1594.430000
1422,Entry long,2025-09-26 23:45,4031.460000,1,-42.940000,-1.0651,4.140000,60.010000,1594.430000
1421,Exit long,2025-09-26 22:45,4028.830000,1,2.220000,0.0551,11.390000,23.970000,1637.370000
1421,Entry long,2025-09-26 20:15,4026.610000,1,2.220000,0.0551,11.390000,23.970000,1637.370000
1420,Exit long,2025-09-26 16:00,3944.410000,1,14.770000,0.3759,31.150000,2.550000,1635.150000
1420,Entry long,2025-09-26 15:00,3929.640000,1,14.770000,0.3759,31.150000,2.550000,1635.150000
1419,Exit short,2025-09-26 15:00,3929.640000,1,-15.950000,-0.4059,9.380000,71.310000,1620.380000
1419,Entry short,2025-09-26 13:30,3913.690000,1,-15.950000,-0.4059,9.380000,71.310000,1620.380000
1418,Exit long,2025-09-26 13:15,3926.650000,1,-20.210000,-0.5121,2.570000,24.820000,1636.330000
1418,Entry long,2025-09-26 12:45,3946.860000,1,-20.210000,-0.5121,2.570000,24.820000,1636.330000
1417,Exit short,2025-09-26 12:45,3946.860000,1,-68.280000,-1.7300,5.170000,82.420000,1656.540000
1417,Entry short,2025-09-26 12:15,3878.580000,1,-68.280000,-1.7300,5.170000,82.420000,1656.540000
1416,Exit short,2025-09-26 10:15,3885.280000,1,49.370000,1.2707,51.960000,0.390000,1724.820000
1416,Entry short,2025-09-26 09:15,3934.650000,1,49.370000,1.2707,51.960000,0.390000,1724.820000
1415,Exit long,2025-09-26 09:15,3934.650000,1,-3.310000,-0.0841,5.350000,12.540000,1675.450000
1415,Entry long,2025-09-26 08:45,3937.960000,1,-3.310000,-0.0841,5.350000,12.540000,1675.450000
1414,Exit short,2025-09-26 08:45,3937.960000,1,-18.960000,-0.4815,13.870000,27.590000,1678.760000
1414,Entry short,2025-09-26 07:00,3919.000000,1,-18.960000,-0.4815,13.870000,27.590000,1678.760000
1413,Exit long,2025-09-26 07:00,3919.000000,1,-23.170000,-0.5877,0.350000,29.110000,1697.720000
1413,Entry long,2025-09-26 06:45,3942.170000,1,-23.170000,-0.5877,0.350000,29.110000,1697.720000
1412,Exit short,2025-09-26 06:45,3942.170000,1,-22.550000,-0.5720,13.330000,27.410000,1720.890000
1412,Entry short,2025-09-26 06:00,3919.620000,1,-22.550000,-0.5720,13.330000,27.410000,1720.890000
1411,Exit long,2025-09-26 06:00,3919.620000,1,-24.680000,-0.6257,17.460000,27.270000,1743.440000
1411,Entry long,2025-09-26 05:00,3944.300000,1,-24.680000,-0.6257,17.460000,27.270000,1743.440000
1410,Exit short,2025-09-26 05:00,3944.300000,1,-14.860000,-0.3767,81.440000,46.550000,1768.120000
1410,Entry short,2025-09-25 19:45,3929.440000,1,-14.860000,-0.3767,81.440000,46.550000,1768.120000
1409,Exit short,2025-09-25 17:45,3865.190000,1,129.200000,3.3427,138.380000,27.360000,1782.980000
1409,Entry short,2025-09-25 12:45,3994.390000,1,129.200000,3.3427,138.380000,27.360000,1782.980000
1408,Exit short,2025-09-25 11:15,4003.290000,1,3.650000,0.0912,18.590000,45.110000,1653.780000
1408,Entry short,2025-09-25 08:00,4006.940000,1,3.650000,0.0912,18.590000,45.110000,1653.780000
1407,Exit short,2025-09-25 02:15,4088.990000,1,79.410000,1.9420,90.400000,0.030000,1650.130000
1407,Entry short,2025-09-24 21:30,4168.400000,1,79.410000,1.9420,90.400000,0.030000,1650.130000
1406,Exit short,2025-09-24 20:00,4158.950000,1,10.820000,0.2602,17.100000,9.590000,1570.720000
1406,Entry short,2025-09-24 18:15,4169.770000,1,10.820000,0.2602,17.100000,9.590000,1570.720000
1405,Exit long,2025-09-24 18:15,4169.770000,1,-7.360000,-0.1762,14.870000,9.250000,1559.900000
1405,Entry long,2025-09-24 17:30,4177.130000,1,-7.360000,-0.1762,14.870000,9.250000,1559.900000
1404,Exit short,2025-09-24 16:30,4167.880000,1,-4.060000,-0.0974,11.600000,6.880000,1567.260000
1404,Entry short,2025-09-24 16:00,4163.820000,1,-4.060000,-0.0974,11.600000,6.880000,1567.260000
1403,Exit long,2025-09-24 15:15,4185.280000,1,5.860000,0.1402,25.570000,2.210000,1571.320000
1403,Entry long,2025-09-24 14:45,4179.420000,1,5.860000,0.1402,25.570000,2.210000,1571.320000
1402,Exit short,2025-09-24 14:45,4179.420000,1,-30.930000,-0.7401,0.650000,31.510000,1565.460000
1402,Entry short,2025-09-24 14:00,4148.490000,1,-30.930000,-0.7401,0.650000,31.510000,1565.460000
1401,Exit long,2025-09-24 14:00,4148.490000,1,-26.910000,-0.6445,21.660000,30.400000,1596.390000
1401,Entry long,2025-09-24 11:00,4175.400000,1,-26.910000,-0.6445,21.660000,30.400000,1596.390000
1400,Exit short,2025-09-24 11:00,4175.400000,1,-9.400000,-0.2251,4.000000,10.770000,1623.300000
1400,Entry short,2025-09-24 10:30,4166.000000,1,-9.400000,-0.2251,4.000000,10.770000,1623.300000
1399,Exit long,2025-09-24 10:00,4181.120000,1,6.400000,0.1533,8.410000,8.700000,1632.700000
1399,Entry long,2025-09-24 07:45,4174.720000,1,6.400000,0.1533,8.410000,8.700000,1632.700000
1398,Exit long,2025-09-24 06:30,4171.220000,1,3.220000,0.0773,10.760000,4.010000,1626.300000
1398,Entry long,2025-09-24 05:45,4168.000000,1,3.220000,0.0773,10.760000,4.010000,1626.300000
1397,Exit short,2025-09-24 05:45,4168.000000,1,-29.110000,-0.6984,2.620000,31.110000,1623.080000
1397,Entry short,2025-09-24 05:00,4138.890000,1,-29.110000,-0.6984,2.620000,31.110000,1623.080000
1396,Exit long,2025-09-24 02:00,4187.770000,1,4.300000,0.1028,8.280000,17.020000,1652.190000
1396,Entry long,2025-09-24 00:30,4183.470000,1,4.300000,0.1028,8.280000,17.020000,1652.190000
1395,Exit short,2025-09-24 00:30,4183.470000,1,-22.760000,-0.5440,4.700000,32.290000,1647.890000
1395,Entry short,2025-09-23 23:30,4160.710000,1,-22.760000,-0.5440,4.700000,32.290000,1647.890000
1394,Exit long,2025-09-23 23:30,4160.710000,1,-21.500000,-0.5141,1.650000,23.760000,1670.650000
1394,Entry long,2025-09-23 22:45,4182.210000,1,-21.500000,-0.5141,1.650000,23.760000,1670.650000
1393,Exit short,2025-09-23 22:45,4182.210000,1,-14.580000,-0.3486,4.340000,21.860000,1692.150000
1393,Entry short,2025-09-23 21:15,4167.630000,1,-14.580000,-0.3486,4.340000,21.860000,1692.150000
1392,Exit long,2025-09-23 21:15,4167.630000,1,-6.280000,-0.1505,0.270000,12.130000,1706.730000
1392,Entry long,2025-09-23 21:00,4173.910000,1,-6.280000,-0.1505,0.270000,12.130000,1706.730000
1391,Exit short,2025-09-23 21:00,4173.910000,1,-18.350000,-0.4396,18.480000,19.180000,1713.010000
1391,Entry short,2025-09-23 19:45,4155.560000,1,-18.350000,-0.4396,18.480000,19.180000,1713.010000
1390,Exit short,2025-09-23 18:15,4152.320000,1,21.970000,0.5291,38.970000,10.160000,1731.360000
1390,Entry short,2025-09-23 17:15,4174.290000,1,21.970000,0.5291,38.970000,10.160000,1731.360000
1389,Exit long,2025-09-23 17:15,4174.290000,1,-15.930000,-0.3802,1.890000,18.450000,1709.390000
1389,Entry long,2025-09-23 17:00,4190.220000,1,-15.930000,-0.3802,1.890000,18.450000,1709.390000
1388,Exit short,2025-09-23 17:00,4190.220000,1,-11.630000,-0.2776,16.870000,27.370000,1725.320000
1388,Entry short,2025-09-23 15:45,4178.590000,1,-11.630000,-0.2776,16.870000,27.370000,1725.320000
1387,Exit long,2025-09-23 15:45,4178.590000,1,-11.970000,-0.2856,2.250000,13.430000,1736.950000
1387,Entry long,2025-09-23 15:30,4190.560000,1,-11.970000,-0.2856,2.250000,13.430000,1736.950000
1386,Exit short,2025-09-23 15:30,4190.560000,1,-5.150000,-0.1229,27.200000,24.320000,1748.920000
1386,Entry short,2025-09-23 14:00,4185.410000,1,-5.150000,-0.1229,27.200000,24.320000,1748.920000
1385,Exit long,2025-09-23 14:00,4185.410000,1,-7.760000,-0.1851,14.830000,15.160000,1754.070000
1385,Entry long,2025-09-23 13:00,4193.170000,1,-7.760000,-0.1851,14.830000,15.160000,1754.070000
1384,Exit short,2025-09-23 13:00,4193.170000,1,-3.480000,-0.0830,7.990000,13.240000,1761.830000
1384,Entry short,2025-09-23 12:00,4189.690000,1,-3.480000,-0.0830,7.990000,13.240000,1761.830000
1383,Exit long,2025-09-23 12:00,4189.690000,1,-2.480000,-0.0592,2.130000,16.730000,1765.310000
1383,Entry long,2025-09-23 10:15,4192.170000,1,-2.480000,-0.0592,2.130000,16.730000,1765.310000
1382,Exit long,2025-09-23 06:00,4181.080000,1,-2.880000,-0.0688,9.000000,2.880000,1767.790000
1382,Entry long,2025-09-23 05:30,4183.960000,1,-2.880000,-0.0688,9.000000,2.880000,1767.790000
1381,Exit short,2025-09-23 05:30,4183.960000,1,-8.790000,-0.2101,22.920000,12.650000,1770.670000
1381,Entry short,2025-09-23 04:15,4175.170000,1,-8.790000,-0.2101,22.920000,12.650000,1770.670000
1380,Exit short,2025-09-23 02:15,4175.720000,1,3.420000,0.0819,20.100000,30.850000,1779.460000
1380,Entry short,2025-09-22 21:15,4179.140000,1,3.420000,0.0819,20.100000,30.850000,1779.460000
1379,Exit short,2025-09-22 20:15,4149.660000,1,15.600000,0.3759,46.100000,12.660000,1776.040000
1379,Entry short,2025-09-22 16:45,4165.260000,1,15.600000,0.3759,46.100000,12.660000,1776.040000
1378,Exit short,2025-09-22 15:45,4168.890000,1,11.110000,0.2665,15.000000,37.490000,1760.440000
1378,Entry short,2025-09-22 11:15,4180.000000,1,11.110000,0.2665,15.000000,37.490000,1760.440000
1377,Exit long,2025-09-22 11:15,4180.000000,1,-310.700000,-6.9187,2.220000,489.820000,1749.330000
1377,Entry long,2025-09-21 19:30,4490.700000,1,-310.700000,-6.9187,2.220000,489.820000,1749.330000
1376,Exit long,2025-09-21 18:30,4484.390000,1,-5.130000,-0.1143,4.180000,7.440000,2060.030000
1376,Entry long,2025-09-21 18:00,4489.520000,1,-5.130000,-0.1143,4.180000,7.440000,2060.030000
1375,Exit short,2025-09-21 17:45,4472.090000,1,-13.840000,-0.3095,0.240000,29.550000,2065.160000
1375,Entry short,2025-09-21 12:00,4458.250000,1,-13.840000,-0.3095,0.240000,29.550000,2065.160000
1374,Exit short,2025-09-21 09:00,4467.270000,1,8.580000,0.1921,11.450000,1.910000,2079.000000
1374,Entry short,2025-09-21 08:00,4475.850000,1,8.580000,0.1921,11.450000,1.910000,2079.000000
1373,Exit long,2025-09-21 06:45,4489.640000,1,5.850000,0.1305,7.600000,29.500000,2070.420000
1373,Entry long,2025-09-21 02:15,4483.790000,1,5.850000,0.1305,7.600000,29.500000,2070.420000
1372,Exit short,2025-09-21 02:15,4483.790000,1,-4.450000,-0.0992,3.260000,5.660000,2064.570000
1372,Entry short,2025-09-21 01:45,4479.340000,1,-4.450000,-0.0992,3.260000,5.660000,2064.570000
1371,Exit long,2025-09-21 01:45,4479.340000,1,-2.650000,-0.0591,17.740000,9.880000,2069.020000
1371,Entry long,2025-09-20 20:15,4481.990000,1,-2.650000,-0.0591,17.740000,9.880000,2069.020000
1370,Exit short,2025-09-20 20:15,4481.990000,1,-4.790000,-0.1069,3.200000,5.800000,2071.670000
1370,Entry short,2025-09-20 19:45,4477.200000,1,-4.790000,-0.1069,3.200000,5.800000,2071.670000
1369,Exit long,2025-09-20 19:45,4477.200000,1,-5.270000,-0.1176,2.860000,13.520000,2076.460000
1369,Entry long,2025-09-20 17:45,4482.470000,1,-5.270000,-0.1176,2.860000,13.520000,2076.460000
1368,Exit short,2025-09-20 17:45,4482.470000,1,-14.470000,-0.3228,6.680000,38.750000,2081.730000
1368,Entry short,2025-09-20 10:30,4468.000000,1,-14.470000,-0.3228,6.680000,38.750000,2081.730000
1367,Exit short,2025-09-20 09:30,4463.000000,1,7.940000,0.1779,8.930000,9.790000,2096.200000
1367,Entry short,2025-09-20 07:00,4470.940000,1,7.940000,0.1779,8.930000,9.790000,2096.200000
1366,Exit long,2025-09-20 07:00,4470.940000,1,-2.140000,-0.0478,0.930000,2.990000,2088.260000
1366,Entry long,2025-09-20 06:30,4473.080000,1,-2.140000,-0.0478,0.930000,2.990000,2088.260000
1365,Exit short,2025-09-20 06:30,4473.080000,1,-13.090000,-0.2926,16.720000,24.600000,2090.400000
1365,Entry short,2025-09-19 21:15,4459.990000,1,-13.090000,-0.2926,16.720000,24.600000,2090.400000
1364,Exit short,2025-09-19 15:45,4473.000000,1,47.010000,1.0510,77.710000,21.990000,2103.490000
1364,Entry short,2025-09-19 13:45,4520.010000,1,47.010000,1.0510,77.710000,21.990000,2103.490000
1363,Exit short,2025-09-19 12:00,4511.460000,1,13.820000,0.3063,20.050000,1.520000,2056.480000
1363,Entry short,2025-09-19 11:00,4525.280000,1,13.820000,0.3063,20.050000,1.520000,2056.480000
1362,Exit short,2025-09-19 10:15,4526.680000,1,9.870000,0.2180,23.590000,10.230000,2042.660000
1362,Entry short,2025-09-19 08:00,4536.550000,1,9.870000,0.2180,23.590000,10.230000,2042.660000
1361,Exit short,2025-09-19 04:15,4533.000000,1,57.010000,1.2577,60.010000,9.990000,2032.790000
1361,Entry short,2025-09-19 02:30,4590.010000,1,57.010000,1.2577,60.010000,9.990000,2032.790000
1360,Exit long,2025-09-19 01:15,4601.160000,1,3.220000,0.0700,13.060000,1.160000,1975.780000
1360,Entry long,2025-09-19 00:30,4597.940000,1,3.220000,0.0700,13.060000,1.160000,1975.780000
1359,Exit short,2025-09-18 23:45,4583.920000,1,5.140000,0.1121,20.660000,0.000000,1972.560000
1359,Entry short,2025-09-18 23:00,4589.060000,1,5.140000,0.1121,20.660000,0.000000,1972.560000
1358,Exit long,2025-09-18 23:00,4589.060000,1,-4.840000,-0.1054,10.000000,8.900000,1967.420000
1358,Entry long,2025-09-18 20:15,4593.900000,1,-4.840000,-0.1054,10.000000,8.900000,1967.420000
1357,Exit short,2025-09-18 20:00,4586.540000,1,3.260000,0.0711,11.800000,4.560000,1972.260000
1357,Entry short,2025-09-18 19:30,4589.800000,1,3.260000,0.0711,11.800000,4.560000,1972.260000
1356,Exit long,2025-09-18 19:30,4589.800000,1,-17.410000,-0.3779,13.700000,18.550000,1969.000000
1356,Entry long,2025-09-18 18:00,4607.210000,1,-17.410000,-0.3779,13.700000,18.550000,1969.000000
1355,Exit long,2025-09-18 17:15,4614.330000,1,18.500000,0.4025,39.010000,7.830000,1986.410000
1355,Entry long,2025-09-18 15:45,4595.830000,1,18.500000,0.4025,39.010000,7.830000,1986.410000
1354,Exit long,2025-09-18 14:45,4597.990000,1,15.650000,0.3415,40.660000,27.170000,1967.910000
1354,Entry long,2025-09-18 13:30,4582.340000,1,15.650000,0.3415,40.660000,27.170000,1967.910000
1353,Exit short,2025-09-18 13:30,4582.340000,1,-5.800000,-0.1266,15.870000,7.460000,1952.260000
1353,Entry short,2025-09-18 12:45,4576.540000,1,-5.800000,-0.1266,15.870000,7.460000,1952.260000
1352,Exit long,2025-09-18 12:45,4576.540000,1,-1.660000,-0.0363,7.460000,11.950000,1958.060000
1352,Entry long,2025-09-18 12:15,4578.200000,1,-1.660000,-0.0363,7.460000,11.950000,1958.060000
1351,Exit short,2025-09-18 12:15,4578.200000,1,-4.800000,-0.1048,7.350000,5.600000,1959.720000
1351,Entry short,2025-09-18 11:45,4573.400000,1,-4.800000,-0.1048,7.350000,5.600000,1959.720000
1350,Exit long,2025-09-18 11:45,4573.400000,1,-6.160000,-0.1345,7.080000,9.000000,1964.520000
1350,Entry long,2025-09-18 11:15,4579.560000,1,-6.160000,-0.1345,7.080000,9.000000,1964.520000
1349,Exit short,2025-09-18 11:15,4579.560000,1,-9.560000,-0.2088,0.240000,11.840000,1970.680000
1349,Entry short,2025-09-18 10:30,4570.000000,1,-9.560000,-0.2088,0.240000,11.840000,1970.680000
1348,Exit long,2025-09-18 10:30,4570.000000,1,-25.420000,-0.5532,3.380000,27.750000,1980.240000
1348,Entry long,2025-09-18 10:00,4595.420000,1,-25.420000,-0.5532,3.380000,27.750000,1980.240000
1347,Exit long,2025-09-18 09:00,4599.650000,1,-9.830000,-0.2133,0.010000,57.730000,2005.660000
1347,Entry long,2025-09-18 05:00,4609.480000,1,-9.830000,-0.2133,0.010000,57.730000,2005.660000
1346,Exit long,2025-09-17 20:00,4515.140000,1,19.860000,0.4418,29.720000,72.800000,2015.490000
1346,Entry long,2025-09-17 18:30,4495.280000,1,19.860000,0.4418,29.720000,72.800000,2015.490000
1345,Exit short,2025-09-17 18:30,4495.280000,1,-40.210000,-0.8945,19.930000,43.370000,1995.630000
1345,Entry short,2025-09-17 18:15,4455.070000,1,-40.210000,-0.8945,19.930000,43.370000,1995.630000
1344,Exit long,2025-09-17 18:15,4455.070000,1,-53.670000,-1.1904,18.260000,104.660000,2035.840000
1344,Entry long,2025-09-17 17:45,4508.740000,1,-53.670000,-1.1904,18.260000,104.660000,2035.840000
1343,Exit short,2025-09-17 16:45,4483.970000,1,16.410000,0.3660,35.380000,10.120000,2089.510000
1343,Entry short,2025-09-17 13:00,4500.380000,1,16.410000,0.3660,35.380000,10.120000,2089.510000
1342,Exit long,2025-09-17 13:00,4500.380000,1,-8.910000,-0.1976,2.880000,32.290000,2073.100000
1342,Entry long,2025-09-17 09:00,4509.290000,1,-8.910000,-0.1976,2.880000,32.290000,2073.100000
1341,Exit long,2025-09-17 06:45,4536.740000,1,24.850000,0.5508,39.600000,50.510000,2082.010000
1341,Entry long,2025-09-17 02:00,4511.890000,1,24.850000,0.5508,39.600000,50.510000,2082.010000
1340,Exit long,2025-09-17 01:00,4511.690000,1,12.280000,0.2729,15.390000,8.910000,2057.160000
1340,Entry long,2025-09-17 00:00,4499.410000,1,12.280000,0.2729,15.390000,8.910000,2057.160000
1339,Exit short,2025-09-17 00:00,4499.410000,1,-15.140000,-0.3365,20.430000,38.920000,2044.880000
1339,Entry short,2025-09-16 18:00,4484.270000,1,-15.140000,-0.3365,20.430000,38.920000,2044.880000
1338,Exit long,2025-09-16 17:45,4489.880000,1,0.600000,0.0134,19.490000,5.130000,2060.020000
1338,Entry long,2025-09-16 17:15,4489.280000,1,0.600000,0.0134,19.490000,5.130000,2060.020000
1337,Exit short,2025-09-16 17:15,4489.280000,1,-28.750000,-0.6404,8.330000,34.180000,2059.420000
1337,Entry short,2025-09-16 16:30,4460.530000,1,-28.750000,-0.6404,8.330000,34.180000,2059.420000
1336,Exit short,2025-09-16 14:15,4432.500000,1,66.650000,1.5037,78.140000,11.660000,2088.170000
1336,Entry short,2025-09-16 12:15,4499.150000,1,66.650000,1.5037,78.140000,11.660000,2088.170000
1335,Exit short,2025-09-16 11:30,4498.860000,1,4.750000,0.1056,12.610000,11.390000,2021.520000
1335,Entry short,2025-09-16 09:45,4503.610000,1,4.750000,0.1056,12.610000,11.390000,2021.520000
1334,Exit long,2025-09-16 09:45,4503.610000,1,-21.950000,-0.4850,4.340000,29.160000,2016.770000
1334,Entry long,2025-09-16 08:15,4525.560000,1,-21.950000,-0.4850,4.340000,29.160000,2016.770000
1333,Exit long,2025-09-16 06:15,4532.990000,1,6.920000,0.1529,8.800000,16.070000,2038.720000
1333,Entry long,2025-09-16 05:15,4526.070000,1,6.920000,0.1529,8.800000,16.070000,2038.720000
1332,Exit short,2025-09-16 04:45,4512.410000,1,-4.450000,-0.0986,22.940000,6.830000,2031.800000
1332,Entry short,2025-09-16 04:15,4507.960000,1,-4.450000,-0.0986,22.940000,6.830000,2031.800000
1331,Exit long,2025-09-16 04:15,4507.960000,1,-15.960000,-0.3528,1.070000,18.690000,2036.250000
1331,Entry long,2025-09-16 03:45,4523.920000,1,-15.960000,-0.3528,1.070000,18.690000,2036.250000
1330,Exit short,2025-09-16 03:45,4523.920000,1,-7.220000,-0.1596,5.740000,13.300000,2052.210000
1330,Entry short,2025-09-16 02:45,4516.700000,1,-7.220000,-0.1596,5.740000,13.300000,2052.210000
1329,Exit long,2025-09-16 02:45,4516.700000,1,-9.300000,-0.2055,4.000000,10.500000,2059.430000
1329,Entry long,2025-09-16 02:15,4526.000000,1,-9.300000,-0.2055,4.000000,10.500000,2059.430000
1328,Exit short,2025-09-16 02:15,4526.000000,1,-10.260000,-0.2267,0.740000,12.700000,2068.730000
1328,Entry short,2025-09-16 02:00,4515.740000,1,-10.260000,-0.2267,0.740000,12.700000,2068.730000
1327,Exit long,2025-09-16 01:45,4525.030000,1,1.430000,0.0316,12.710000,2.700000,2078.990000
1327,Entry long,2025-09-16 01:15,4523.600000,1,1.430000,0.0316,12.710000,2.700000,2078.990000
1326,Exit short,2025-09-16 01:15,4523.600000,1,-10.090000,-0.2231,50.510000,15.480000,2077.560000
1326,Entry short,2025-09-15 14:00,4513.510000,1,-10.090000,-0.2231,50.510000,15.480000,2077.560000
1325,Exit long,2025-09-15 14:00,4513.510000,1,-122.600000,-2.6445,4.390000,147.340000,2087.650000
1325,Entry long,2025-09-15 07:15,4636.110000,1,-122.600000,-2.6445,4.390000,147.340000,2087.650000
1324,Exit short,2025-09-15 07:15,4636.110000,1,-36.430000,-0.7858,21.670000,68.320000,2210.250000
1324,Entry short,2025-09-15 01:00,4599.680000,1,-36.430000,-0.7858,21.670000,68.320000,2210.250000
1323,Exit short,2025-09-15 00:00,4602.000000,1,8.580000,0.1864,11.260000,7.420000,2246.680000
1323,Entry short,2025-09-14 23:15,4610.580000,1,8.580000,0.1864,11.260000,7.420000,2246.680000
1322,Exit long,2025-09-14 23:15,4610.580000,1,-19.130000,-0.4132,5.010000,23.490000,2238.100000
1322,Entry long,2025-09-14 22:45,4629.710000,1,-19.130000,-0.4132,5.010000,23.490000,2238.100000
1321,Exit short,2025-09-14 22:45,4629.710000,1,-10.080000,-0.2177,23.310000,15.370000,2257.230000
1321,Entry short,2025-09-14 20:30,4619.630000,1,-10.080000,-0.2177,23.310000,15.370000,2257.230000
1320,Exit long,2025-09-14 20:30,4619.630000,1,-4.530000,-0.0980,2.340000,7.360000,2267.310000
1320,Entry long,2025-09-14 20:15,4624.160000,1,-4.530000,-0.0980,2.340000,7.360000,2267.310000
1319,Exit short,2025-09-14 20:15,4624.160000,1,-29.020000,-0.6276,6.540000,32.860000,2271.840000
1319,Entry short,2025-09-14 17:00,4595.140000,1,-29.020000,-0.6276,6.540000,32.860000,2271.840000
1318,Exit short,2025-09-14 15:15,4586.000000,1,26.600000,0.5800,37.600000,4.900000,2300.860000
1318,Entry short,2025-09-14 14:30,4612.600000,1,26.600000,0.5800,37.600000,4.900000,2300.860000
1317,Exit short,2025-09-14 12:15,4632.760000,1,30.970000,0.6685,39.770000,4.270000,2274.260000
1317,Entry short,2025-09-14 10:00,4663.730000,1,30.970000,0.6685,39.770000,4.270000,2274.260000
1316,Exit long,2025-09-14 10:00,4663.730000,1,-1.800000,-0.0386,7.080000,2.820000,2243.290000
1316,Entry long,2025-09-14 09:30,4665.530000,1,-1.800000,-0.0386,7.080000,2.820000,2243.290000
1315,Exit short,2025-09-14 09:30,4665.530000,1,-6.400000,-0.1372,1.740000,12.630000,2245.090000
1315,Entry short,2025-09-14 09:15,4659.130000,1,-6.400000,-0.1372,1.740000,12.630000,2245.090000
1314,Exit short,2025-09-14 08:30,4655.000000,1,5.510000,0.1184,20.710000,6.340000,2251.490000
1314,Entry short,2025-09-14 06:45,4660.510000,1,5.510000,0.1184,20.710000,6.340000,2251.490000
1313,Exit long,2025-09-14 06:00,4674.230000,1,7.400000,0.1586,11.290000,0.830000,2245.980000
1313,Entry long,2025-09-14 05:15,4666.830000,1,7.400000,0.1586,11.290000,0.830000,2245.980000
1312,Exit short,2025-09-14 04:45,4664.290000,1,-3.280000,-0.0703,30.190000,3.280000,2238.580000
1312,Entry short,2025-09-14 04:00,4661.010000,1,-3.280000,-0.0703,30.190000,3.280000,2238.580000
1311,Exit long,2025-09-14 04:00,4661.010000,1,-2.780000,-0.0596,27.510000,5.140000,2241.860000
1311,Entry long,2025-09-14 01:45,4663.790000,1,-2.780000,-0.0596,27.510000,5.140000,2241.860000
1310,Exit short,2025-09-14 01:45,4663.790000,1,-10.460000,-0.2243,5.000000,11.450000,2244.640000
1310,Entry short,2025-09-14 01:15,4653.330000,1,-10.460000,-0.2243,5.000000,11.450000,2244.640000
1309,Exit long,2025-09-14 00:45,4666.150000,1,1.410000,0.0302,14.240000,1.790000,2255.100000
1309,Entry long,2025-09-14 00:00,4664.740000,1,1.410000,0.0302,14.240000,1.790000,2255.100000
1308,Exit short,2025-09-14 00:00,4664.740000,1,-21.120000,-0.4528,11.170000,27.320000,2253.690000
1308,Entry short,2025-09-13 18:45,4643.620000,1,-21.120000,-0.4528,11.170000,27.320000,2253.690000
1307,Exit long,2025-09-13 18:45,4643.620000,1,-77.890000,-1.6497,16.820000,118.510000,2274.810000
1307,Entry long,2025-09-13 06:00,4721.510000,1,-77.890000,-1.6497,16.820000,118.510000,2274.810000
1306,Exit long,2025-09-13 04:15,4736.870000,1,30.670000,0.6517,61.800000,8.200000,2352.700000
1306,Entry long,2025-09-13 02:30,4706.200000,1,30.670000,0.6517,61.800000,8.200000,2352.700000
1305,Exit long,2025-09-12 18:15,4609.620000,1,92.570000,2.0493,109.950000,15.390000,2322.030000
1305,Entry long,2025-09-12 08:45,4517.050000,1,92.570000,2.0493,109.950000,15.390000,2322.030000
1304,Exit long,2025-09-12 05:00,4519.250000,1,19.250000,0.4278,23.000000,13.950000,2229.460000
1304,Entry long,2025-09-12 03:30,4500.000000,1,19.250000,0.4278,23.000000,13.950000,2229.460000
1303,Exit long,2025-09-11 23:15,4463.590000,1,45.090000,1.0205,49.350000,4.340000,2210.210000
1303,Entry long,2025-09-11 21:15,4418.500000,1,45.090000,1.0205,49.350000,4.340000,2210.210000
1302,Exit short,2025-09-11 21:15,4418.500000,1,-3.760000,-0.0851,1.580000,7.580000,2165.120000
1302,Entry short,2025-09-11 20:45,4414.740000,1,-3.760000,-0.0851,1.580000,7.580000,2165.120000
1301,Exit long,2025-09-11 20:45,4414.740000,1,-3.030000,-0.0686,2.430000,3.570000,2168.880000
1301,Entry long,2025-09-11 20:30,4417.770000,1,-3.030000,-0.0686,2.430000,3.570000,2168.880000
1300,Exit short,2025-09-11 20:30,4417.770000,1,-3.960000,-0.0896,0.160000,8.190000,2171.910000
1300,Entry short,2025-09-11 20:15,4413.810000,1,-3.960000,-0.0896,0.160000,8.190000,2171.910000
1299,Exit long,2025-09-11 20:15,4413.810000,1,-4.180000,-0.0946,11.010000,6.990000,2175.870000
1299,Entry long,2025-09-11 19:00,4417.990000,1,-4.180000,-0.0946,11.010000,6.990000,2175.870000
1298,Exit short,2025-09-11 19:00,4417.990000,1,-3.450000,-0.0781,8.290000,7.970000,2180.050000
1298,Entry short,2025-09-11 18:30,4414.540000,1,-3.450000,-0.0781,8.290000,7.970000,2180.050000
1297,Exit long,2025-09-11 17:45,4434.420000,1,15.790000,0.3574,21.370000,13.630000,2183.500000
1297,Entry long,2025-09-11 16:15,4418.630000,1,15.790000,0.3574,21.370000,13.630000,2183.500000
1296,Exit short,2025-09-11 16:15,4418.630000,1,-9.160000,-0.2073,11.230000,11.660000,2167.710000
1296,Entry short,2025-09-11 15:45,4409.470000,1,-9.160000,-0.2073,11.230000,11.660000,2167.710000
1295,Exit long,2025-09-11 15:45,4409.470000,1,-18.840000,-0.4254,2.970000,21.770000,2176.870000
1295,Entry long,2025-09-11 14:45,4428.310000,1,-18.840000,-0.4254,2.970000,21.770000,2176.870000
1294,Exit short,2025-09-11 14:45,4428.310000,1,-37.450000,-0.8457,8.440000,50.490000,2195.710000
1294,Entry short,2025-09-11 13:15,4390.860000,1,-37.450000,-0.8457,8.440000,50.490000,2195.710000
1293,Exit long,2025-09-11 13:15,4390.860000,1,-45.190000,-1.0187,47.390000,107.170000,2233.160000
1293,Entry long,2025-09-11 08:45,4436.050000,1,-45.190000,-1.0187,47.390000,107.170000,2233.160000
1292,Exit long,2025-09-11 01:45,4364.320000,1,18.720000,0.4308,35.880000,1.820000,2278.350000
1292,Entry long,2025-09-11 00:45,4345.600000,1,18.720000,0.4308,35.880000,1.820000,2278.350000
1291,Exit short,2025-09-11 00:45,4345.600000,1,-8.740000,-0.2011,0.060000,10.580000,2259.630000
1291,Entry short,2025-09-11 00:15,4336.860000,1,-8.740000,-0.2011,0.060000,10.580000,2259.630000
1290,Exit long,2025-09-11 00:15,4336.860000,1,-10.970000,-0.2523,0.000000,10.980000,2268.370000
1290,Entry long,2025-09-11 00:00,4347.830000,1,-10.970000,-0.2523,0.000000,10.980000,2268.370000
1289,Exit short,2025-09-11 00:00,4347.830000,1,-3.320000,-0.0764,9.420000,9.310000,2279.340000
1289,Entry short,2025-09-10 22:30,4344.510000,1,-3.320000,-0.0764,9.420000,9.310000,2279.340000
1288,Exit long,2025-09-10 22:30,4344.510000,1,-58.980000,-1.3394,3.860000,106.480000,2282.660000
1288,Entry long,2025-09-10 16:00,4403.490000,1,-58.980000,-1.3394,3.860000,106.480000,2282.660000
1287,Exit long,2025-09-10 12:30,4343.230000,1,13.650000,0.3153,19.540000,1.580000,2341.640000
1287,Entry long,2025-09-10 12:00,4329.580000,1,13.650000,0.3153,19.540000,1.580000,2341.640000
1286,Exit long,2025-09-10 11:00,4325.230000,1,5.740000,0.1329,11.510000,5.070000,2327.990000
1286,Entry long,2025-09-10 09:30,4319.490000,1,5.740000,0.1329,11.510000,5.070000,2327.990000
1285,Exit long,2025-09-10 08:00,4327.670000,1,17.270000,0.4007,21.850000,17.740000,2322.250000
1285,Entry long,2025-09-10 03:45,4310.400000,1,17.270000,0.4007,21.850000,17.740000,2322.250000
1284,Exit long,2025-09-10 03:00,4315.720000,1,4.290000,0.0995,14.100000,2.690000,2304.980000
1284,Entry long,2025-09-10 02:15,4311.430000,1,4.290000,0.0995,14.100000,2.690000,2304.980000
1283,Exit short,2025-09-10 02:15,4311.430000,1,-15.220000,-0.3530,13.210000,18.290000,2300.690000
1283,Entry short,2025-09-10 00:30,4296.210000,1,-15.220000,-0.3530,13.210000,18.290000,2300.690000
1282,Exit long,2025-09-10 00:30,4296.210000,1,-12.200000,-0.2832,5.020000,14.330000,2315.910000
1282,Entry long,2025-09-10 00:00,4308.410000,1,-12.200000,-0.2832,5.020000,14.330000,2315.910000
1281,Exit short,2025-09-10 00:00,4308.410000,1,-15.860000,-0.3681,13.550000,26.160000,2328.110000
1281,Entry short,2025-09-09 20:00,4292.550000,1,-15.860000,-0.3681,13.550000,26.160000,2328.110000
1280,Exit long,2025-09-09 20:00,4292.550000,1,-62.450000,-1.4340,11.430000,80.000000,2343.970000
1280,Entry long,2025-09-09 09:15,4355.000000,1,-62.450000,-1.4340,11.430000,80.000000,2343.970000
1279,Exit short,2025-09-09 09:15,4355.000000,1,-55.540000,-1.2753,2.800000,81.310000,2406.420000
1279,Entry short,2025-09-09 03:45,4299.460000,1,-55.540000,-1.2753,2.800000,81.310000,2406.420000
1278,Exit short,2025-09-09 02:00,4284.960000,1,28.780000,0.6717,33.740000,4.780000,2461.960000
1278,Entry short,2025-09-08 22:45,4313.740000,1,28.780000,0.6717,33.740000,4.780000,2461.960000
1277,Exit long,2025-09-08 22:30,4316.920000,1,-20.610000,-0.4752,3.690000,57.310000,2433.180000
1277,Entry long,2025-09-08 17:00,4337.530000,1,-20.610000,-0.4752,3.690000,57.310000,2433.180000
1276,Exit long,2025-09-08 15:15,4360.970000,1,56.520000,1.3131,60.550000,0.840000,2453.790000
1276,Entry long,2025-09-08 11:45,4304.450000,1,56.520000,1.3131,60.550000,0.840000,2453.790000
1275,Exit short,2025-09-08 11:45,4304.450000,1,-1.990000,-0.0462,5.100000,2.390000,2397.270000
1275,Entry short,2025-09-08 11:30,4302.460000,1,-1.990000,-0.0462,5.100000,2.390000,2397.270000
1274,Exit long,2025-09-08 09:45,4310.690000,1,6.790000,0.1578,30.580000,19.130000,2399.260000
1274,Entry long,2025-09-08 07:30,4303.900000,1,6.790000,0.1578,30.580000,19.130000,2399.260000
1273,Exit short,2025-09-08 07:30,4303.900000,1,-13.900000,-0.3230,1.510000,18.000000,2392.470000
1273,Entry short,2025-09-08 07:00,4290.000000,1,-13.900000,-0.3230,1.510000,18.000000,2392.470000
1272,Exit long,2025-09-08 07:00,4290.000000,1,-9.960000,-0.2316,1.620000,9.960000,2406.370000
1272,Entry long,2025-09-08 06:30,4299.960000,1,-9.960000,-0.2316,1.620000,9.960000,2406.370000
1271,Exit short,2025-09-08 06:00,4294.890000,1,0.720000,0.0168,8.510000,7.080000,2416.330000
1271,Entry short,2025-09-08 05:00,4295.610000,1,0.720000,0.0168,8.510000,7.080000,2416.330000
1270,Exit long,2025-09-08 05:00,4295.610000,1,-8.200000,-0.1905,4.190000,10.760000,2415.610000
1270,Entry long,2025-09-08 04:30,4303.810000,1,-8.200000,-0.1905,4.190000,10.760000,2415.610000
1269,Exit long,2025-09-08 03:30,4307.140000,1,5.400000,0.1255,15.250000,25.530000,2423.810000
1269,Entry long,2025-09-08 00:15,4301.740000,1,5.400000,0.1255,15.250000,25.530000,2423.810000
1268,Exit short,2025-09-08 00:15,4301.740000,1,-15.440000,-0.3589,1.410000,49.750000,2418.410000
1268,Entry short,2025-09-07 21:30,4286.300000,1,-15.440000,-0.3589,1.410000,49.750000,2418.410000
1267,Exit long,2025-09-07 21:30,4286.300000,1,-12.000000,-0.2792,0.200000,12.610000,2433.850000
1267,Entry long,2025-09-07 21:00,4298.300000,1,-12.000000,-0.2792,0.200000,12.610000,2433.850000
1266,Exit short,2025-09-07 21:00,4298.300000,1,-18.660000,-0.4341,0.340000,19.190000,2445.850000
1266,Entry short,2025-09-07 20:15,4279.640000,1,-18.660000,-0.4341,0.340000,19.190000,2445.850000
1265,Exit long,2025-09-07 20:15,4279.640000,1,-14.310000,-0.3333,0.310000,14.930000,2464.510000
1265,Entry long,2025-09-07 19:45,4293.950000,1,-14.310000,-0.3333,0.310000,14.930000,2464.510000
1264,Exit short,2025-09-07 19:45,4293.950000,1,-14.350000,-0.3342,0.880000,15.280000,2478.820000
1264,Entry short,2025-09-07 19:30,4279.600000,1,-14.350000,-0.3342,0.880000,15.280000,2478.820000
1263,Exit short,2025-09-07 17:00,4281.930000,1,10.800000,0.2522,12.060000,1.760000,2493.170000
1263,Entry short,2025-09-07 16:15,4292.730000,1,10.800000,0.2522,12.060000,1.760000,2493.170000
1262,Exit long,2025-09-07 16:15,4292.730000,1,-2.880000,-0.0670,14.280000,9.090000,2482.370000
1262,Entry long,2025-09-07 12:45,4295.610000,1,-2.880000,-0.0670,14.280000,9.090000,2482.370000
1261,Exit long,2025-09-07 11:30,4301.880000,1,-1.630000,-0.0379,3.390000,7.610000,2485.250000
1261,Entry long,2025-09-07 10:15,4303.510000,1,-1.630000,-0.0379,3.390000,7.610000,2485.250000
1260,Exit long,2025-09-07 09:00,4299.340000,1,8.350000,0.1946,23.000000,14.210000,2486.880000
1260,Entry long,2025-09-07 04:15,4290.990000,1,8.350000,0.1946,23.000000,14.210000,2486.880000
1259,Exit short,2025-09-07 04:15,4290.990000,1,-16.090000,-0.3750,8.680000,27.610000,2478.530000
1259,Entry short,2025-09-06 22:30,4274.900000,1,-16.090000,-0.3750,8.680000,27.610000,2478.530000
1258,Exit long,2025-09-06 22:30,4274.900000,1,-6.780000,-0.1583,4.890000,8.800000,2494.620000
1258,Entry long,2025-09-06 22:00,4281.680000,1,-6.780000,-0.1583,4.890000,8.800000,2494.620000
1257,Exit short,2025-09-06 22:00,4281.680000,1,-9.490000,-0.2216,5.770000,13.220000,2501.400000
1257,Entry short,2025-09-06 21:15,4272.190000,1,-9.490000,-0.2216,5.770000,13.220000,2501.400000
1256,Exit short,2025-09-06 20:15,4260.100000,1,25.780000,0.6052,36.560000,1.730000,2510.890000
1256,Entry short,2025-09-06 17:15,4285.880000,1,25.780000,0.6052,36.560000,1.730000,2510.890000
1255,Exit short,2025-09-06 15:45,4273.660000,1,23.920000,0.5597,31.580000,3.850000,2485.110000
1255,Entry short,2025-09-06 12:30,4297.580000,1,23.920000,0.5597,31.580000,3.850000,2485.110000
1254,Exit short,2025-09-06 11:45,4293.710000,1,5.360000,0.1248,10.630000,0.600000,2461.190000
1254,Entry short,2025-09-06 11:00,4299.070000,1,5.360000,0.1248,10.630000,0.600000,2461.190000
1253,Exit short,2025-09-06 10:00,4291.090000,1,9.750000,0.2272,11.630000,12.520000,2455.830000
1253,Entry short,2025-09-06 07:00,4300.840000,1,9.750000,0.2272,11.630000,12.520000,2455.830000
1252,Exit short,2025-09-06 05:00,4307.460000,1,8.640000,0.2006,15.000000,7.210000,2446.080000
1252,Entry short,2025-09-06 03:15,4316.100000,1,8.640000,0.2006,15.000000,7.210000,2446.080000
1251,Exit long,2025-09-06 03:15,4316.100000,1,-5.120000,-0.1185,0.530000,5.860000,2437.440000
1251,Entry long,2025-09-06 03:00,4321.220000,1,-5.120000,-0.1185,0.530000,5.860000,2437.440000
1250,Exit short,2025-09-06 03:00,4321.220000,1,-3.890000,-0.0900,32.330000,23.550000,2442.560000
1250,Entry short,2025-09-05 19:45,4317.330000,1,-3.890000,-0.0900,32.330000,23.550000,2442.560000
1249,Exit long,2025-09-05 08:15,4397.450000,1,66.930000,1.5455,96.250000,9.040000,2446.450000
1249,Entry long,2025-09-05 06:45,4330.520000,1,66.930000,1.5455,96.250000,9.040000,2446.450000
1248,Exit long,2025-09-05 05:45,4336.350000,1,11.180000,0.2585,15.540000,2.800000,2379.520000
1248,Entry long,2025-09-05 04:45,4325.170000,1,11.180000,0.2585,15.540000,2.800000,2379.520000
1247,Exit short,2025-09-05 04:45,4325.170000,1,-9.480000,-0.2192,1.640000,9.660000,2368.340000
1247,Entry short,2025-09-05 04:15,4315.690000,1,-9.480000,-0.2192,1.640000,9.660000,2368.340000
1246,Exit long,2025-09-05 04:15,4315.690000,1,-10.820000,-0.2501,2.490000,11.680000,2377.820000
1246,Entry long,2025-09-05 04:00,4326.510000,1,-10.820000,-0.2501,2.490000,11.680000,2377.820000
1245,Exit short,2025-09-05 04:00,4326.510000,1,-5.280000,-0.1220,26.230000,8.770000,2388.640000
1245,Entry short,2025-09-05 02:30,4321.230000,1,-5.280000,-0.1220,26.230000,8.770000,2388.640000
1244,Exit short,2025-09-05 00:30,4301.710000,1,-3.560000,-0.0828,10.990000,53.080000,2393.920000
1244,Entry short,2025-09-04 20:45,4298.150000,1,-3.560000,-0.0828,10.990000,53.080000,2393.920000
1243,Exit short,2025-09-04 19:45,4275.160000,1,25.850000,0.6047,37.010000,14.990000,2397.480000
1243,Entry short,2025-09-04 17:45,4301.010000,1,25.850000,0.6047,37.010000,14.990000,2397.480000
1242,Exit short,2025-09-04 14:15,4336.810000,1,62.640000,1.4444,73.450000,5.590000,2371.630000
1242,Entry short,2025-09-04 13:30,4399.450000,1,62.640000,1.4444,73.450000,5.590000,2371.630000
1241,Exit long,2025-09-04 13:30,4399.450000,1,-12.820000,-0.2906,12.730000,31.450000,2308.990000
1241,Entry long,2025-09-04 12:30,4412.270000,1,-12.820000,-0.2906,12.730000,31.450000,2308.990000
1240,Exit short,2025-09-04 12:30,4412.270000,1,-24.750000,-0.5609,25.390000,44.480000,2321.810000
1240,Entry short,2025-09-04 08:30,4387.520000,1,-24.750000,-0.5609,25.390000,44.480000,2321.810000
1239,Exit short,2025-09-04 03:30,4409.190000,1,29.310000,0.6647,37.950000,3.540000,2346.560000
1239,Entry short,2025-09-04 02:30,4438.500000,1,29.310000,0.6647,37.950000,3.540000,2346.560000
1238,Exit long,2025-09-04 02:30,4438.500000,1,-23.610000,-0.5291,6.860000,23.610000,2317.250000
1238,Entry long,2025-09-04 01:45,4462.110000,1,-23.610000,-0.5291,6.860000,23.610000,2317.250000
1237,Exit long,2025-09-04 01:00,4466.520000,1,4.070000,0.0912,18.540000,25.350000,2340.860000
1237,Entry long,2025-09-03 21:00,4462.450000,1,4.070000,0.0912,18.540000,25.350000,2340.860000
1236,Exit long,2025-09-03 20:30,4465.910000,1,-1.010000,-0.0226,10.800000,10.890000,2336.790000
1236,Entry long,2025-09-03 19:00,4466.920000,1,-1.010000,-0.0226,10.800000,10.890000,2336.790000
1235,Exit long,2025-09-03 14:15,4417.420000,1,42.180000,0.9641,77.450000,5.990000,2337.800000
1235,Entry long,2025-09-03 13:15,4375.240000,1,42.180000,0.9641,77.450000,5.990000,2337.800000
1234,Exit long,2025-09-03 10:45,4362.380000,1,43.980000,1.0184,57.480000,4.480000,2295.620000
1234,Entry long,2025-09-03 09:30,4318.400000,1,43.980000,1.0184,57.480000,4.480000,2295.620000
1233,Exit short,2025-09-03 09:30,4318.400000,1,-15.490000,-0.3587,0.000000,20.090000,2251.640000
1233,Entry short,2025-09-03 09:15,4302.910000,1,-15.490000,-0.3587,0.000000,20.090000,2251.640000
1232,Exit long,2025-09-03 05:00,4338.000000,1,5.450000,0.1258,8.350000,21.600000,2267.130000
1232,Entry long,2025-09-03 04:00,4332.550000,1,5.450000,0.1258,8.350000,21.600000,2267.130000
1231,Exit short,2025-09-03 04:00,4332.550000,1,-14.840000,-0.3425,36.710000,36.290000,2261.680000
1231,Entry short,2025-09-03 00:15,4317.710000,1,-14.840000,-0.3425,36.710000,36.290000,2261.680000
1230,Exit long,2025-09-03 00:15,4317.710000,1,-6.870000,-0.1589,0.850000,13.940000,2276.520000
1230,Entry long,2025-09-03 00:00,4324.580000,1,-6.870000,-0.1589,0.850000,13.940000,2276.520000
1229,Exit short,2025-09-03 00:00,4324.580000,1,-13.530000,-0.3129,8.550000,25.030000,2283.390000
1229,Entry short,2025-09-02 21:00,4311.050000,1,-13.530000,-0.3129,8.550000,25.030000,2283.390000
1228,Exit short,2025-09-02 18:45,4281.560000,1,12.320000,0.2877,16.440000,5.450000,2296.920000
1228,Entry short,2025-09-02 18:15,4293.880000,1,12.320000,0.2877,16.440000,5.450000,2296.920000
1227,Exit short,2025-09-02 16:30,4280.650000,1,65.360000,1.5269,70.980000,5.690000,2284.600000
1227,Entry short,2025-09-02 15:00,4346.010000,1,65.360000,1.5269,70.980000,5.690000,2284.600000
1226,Exit long,2025-09-02 15:00,4346.010000,1,-23.350000,-0.5344,37.700000,100.490000,2219.240000
1226,Entry long,2025-09-02 08:15,4369.360000,1,-23.350000,-0.5344,37.700000,100.490000,2219.240000
1225,Exit short,2025-09-02 08:15,4369.360000,1,-73.170000,-1.6746,15.540000,118.540000,2242.590000
1225,Entry short,2025-09-01 23:30,4296.190000,1,-73.170000,-1.6746,15.540000,118.540000,2242.590000
1224,Exit short,2025-09-01 21:15,4274.780000,1,91.390000,2.1379,117.270000,0.390000,2315.760000
1224,Entry short,2025-09-01 20:00,4366.170000,1,91.390000,2.1379,117.270000,0.390000,2315.760000
1223,Exit short,2025-09-01 14:15,4395.990000,1,-11.110000,-0.2527,14.870000,14.000000,2224.370000
1223,Entry short,2025-09-01 13:45,4384.880000,1,-11.110000,-0.2527,14.870000,14.000000,2224.370000
1222,Exit long,2025-09-01 13:45,4384.880000,1,-44.420000,-1.0029,0.190000,49.290000,2235.480000
1222,Entry long,2025-09-01 10:30,4429.300000,1,-44.420000,-1.0029,0.190000,49.290000,2235.480000
1221,Exit short,2025-09-01 10:30,4429.300000,1,-42.590000,-0.9616,8.600000,103.290000,2279.900000
1221,Entry short,2025-09-01 06:15,4386.710000,1,-42.590000,-0.9616,8.600000,103.290000,2279.900000
1220,Exit short,2025-09-01 05:00,4383.800000,1,3.000000,0.0684,16.430000,1.520000,2322.490000
1220,Entry short,2025-09-01 04:30,4386.800000,1,3.000000,0.0684,16.430000,1.520000,2322.490000
1219,Exit short,2025-09-01 03:45,4389.850000,1,5.080000,0.1157,30.660000,2.680000,2319.490000
1219,Entry short,2025-09-01 02:15,4394.930000,1,5.080000,0.1157,30.660000,2.680000,2319.490000
1218,Exit short,2025-08-31 23:15,4432.110000,1,7.770000,0.1753,18.880000,4.110000,2314.410000
1218,Entry short,2025-08-31 22:45,4439.880000,1,7.770000,0.1753,18.880000,4.110000,2314.410000
1217,Exit long,2025-08-31 22:45,4439.880000,1,-28.130000,-0.6296,3.870000,30.260000,2306.640000
1217,Entry long,2025-08-31 22:00,4468.010000,1,-28.130000,-0.6296,3.870000,30.260000,2306.640000
1216,Exit short,2025-08-31 20:30,4456.580000,1,-3.340000,-0.0749,11.540000,6.760000,2334.770000
1216,Entry short,2025-08-31 20:00,4453.240000,1,-3.340000,-0.0749,11.540000,6.760000,2334.770000
1215,Exit long,2025-08-31 18:00,4474.850000,1,6.060000,0.1356,17.370000,2.680000,2338.110000
1215,Entry long,2025-08-31 17:00,4468.790000,1,6.060000,0.1356,17.370000,2.680000,2338.110000
1214,Exit long,2025-08-31 16:15,4474.000000,1,5.200000,0.1164,20.160000,20.800000,2332.050000
1214,Entry long,2025-08-31 14:00,4468.800000,1,5.200000,0.1164,20.160000,20.800000,2332.050000
1213,Exit long,2025-08-31 12:15,4471.220000,1,14.520000,0.3258,25.760000,18.700000,2326.850000
1213,Entry long,2025-08-31 10:30,4456.700000,1,14.520000,0.3258,25.760000,18.700000,2326.850000
1212,Exit long,2025-08-31 08:45,4470.900000,1,17.850000,0.4008,17.930000,21.970000,2312.330000
1212,Entry long,2025-08-31 05:45,4453.050000,1,17.850000,0.4008,17.930000,21.970000,2312.330000
1211,Exit short,2025-08-31 05:45,4453.050000,1,-108.540000,-2.4374,7.230000,145.340000,2294.480000
1211,Entry short,2025-08-30 21:30,4344.510000,1,-108.540000,-2.4374,7.230000,145.340000,2294.480000
1210,Exit short,2025-08-30 19:00,4348.480000,1,13.670000,0.3144,18.430000,19.210000,2403.020000
1210,Entry short,2025-08-30 15:15,4362.150000,1,13.670000,0.3144,18.430000,19.210000,2403.020000
1209,Exit long,2025-08-30 15:15,4362.150000,1,-31.180000,-0.7097,12.700000,63.880000,2389.350000
1209,Entry long,2025-08-30 09:00,4393.330000,1,-31.180000,-0.7097,12.700000,63.880000,2389.350000
1208,Exit long,2025-08-30 04:00,4350.860000,1,-6.330000,-0.1453,14.660000,7.120000,2420.530000
1208,Entry long,2025-08-30 03:30,4357.190000,1,-6.330000,-0.1453,14.660000,7.120000,2420.530000
1207,Exit short,2025-08-30 01:15,4342.720000,1,2.260000,0.0520,17.850000,27.760000,2426.860000
1207,Entry short,2025-08-29 22:15,4344.980000,1,2.260000,0.0520,17.850000,27.760000,2426.860000
1206,Exit long,2025-08-29 22:15,4344.980000,1,-29.240000,-0.6685,1.580000,31.070000,2424.600000
1206,Entry long,2025-08-29 21:45,4374.220000,1,-29.240000,-0.6685,1.580000,31.070000,2424.600000
1205,Exit short,2025-08-29 21:45,4374.220000,1,-41.610000,-0.9513,39.010000,45.890000,2453.840000
1205,Entry short,2025-08-29 15:45,4332.610000,1,-41.610000,-0.9513,39.010000,45.890000,2453.840000
1204,Exit short,2025-08-29 14:45,4309.510000,1,95.780000,2.2225,141.000000,5.610000,2495.450000
1204,Entry short,2025-08-29 13:00,4405.290000,1,95.780000,2.2225,141.000000,5.610000,2495.450000
1203,Exit short,2025-08-29 05:45,4473.050000,1,3.210000,0.0718,15.840000,26.680000,2399.670000
1203,Entry short,2025-08-29 02:30,4476.260000,1,3.210000,0.0718,15.840000,26.680000,2399.670000
1202,Exit short,2025-08-29 01:45,4464.490000,1,39.720000,0.8897,72.120000,10.450000,2396.460000
1202,Entry short,2025-08-28 23:00,4504.210000,1,39.720000,0.8897,72.120000,10.450000,2396.460000
1201,Exit long,2025-08-28 23:00,4504.210000,1,-76.080000,-1.6610,8.840000,155.290000,2356.740000
1201,Entry long,2025-08-28 14:15,4580.290000,1,-76.080000,-1.6610,8.840000,155.290000,2356.740000
1200,Exit short,2025-08-28 14:15,4580.290000,1,-7.440000,-0.1624,8.700000,17.140000,2432.820000
1200,Entry short,2025-08-28 14:00,4572.850000,1,-7.440000,-0.1624,8.700000,17.140000,2432.820000
1199,Exit long,2025-08-28 14:00,4572.850000,1,-16.790000,-0.3658,23.290000,29.220000,2440.260000
1199,Entry long,2025-08-28 11:45,4589.640000,1,-16.790000,-0.3658,23.290000,29.220000,2440.260000
1198,Exit long,2025-08-28 11:00,4608.560000,1,6.570000,0.1428,9.010000,4.890000,2457.050000
1198,Entry long,2025-08-28 10:30,4601.990000,1,6.570000,0.1428,9.010000,4.890000,2457.050000
1197,Exit short,2025-08-28 10:30,4601.990000,1,-82.720000,-1.7975,15.020000,113.850000,2450.480000
1197,Entry short,2025-08-28 02:30,4519.270000,1,-82.720000,-1.7975,15.020000,113.850000,2450.480000
1196,Exit short,2025-08-27 22:45,4533.950000,1,58.200000,1.2836,113.140000,3.770000,2533.200000
1196,Entry short,2025-08-27 20:45,4592.150000,1,58.200000,1.2836,113.140000,3.770000,2533.200000
1195,Exit long,2025-08-27 20:45,4592.150000,1,-36.280000,-0.7839,16.570000,122.080000,2475.000000
1195,Entry long,2025-08-27 17:00,4628.430000,1,-36.280000,-0.7839,16.570000,122.080000,2475.000000
1194,Exit long,2025-08-27 16:15,4636.500000,1,23.240000,0.5038,49.240000,40.360000,2511.280000
1194,Entry long,2025-08-27 13:00,4613.260000,1,23.240000,0.5038,49.240000,40.360000,2511.280000
1193,Exit short,2025-08-27 13:00,4613.260000,1,-30.850000,-0.6687,2.410000,34.590000,2488.040000
1193,Entry short,2025-08-27 12:45,4582.410000,1,-30.850000,-0.6687,2.410000,34.590000,2488.040000
1192,Exit long,2025-08-27 12:45,4582.410000,1,-12.170000,-0.2649,28.750000,18.570000,2518.890000
1192,Entry long,2025-08-27 11:15,4594.580000,1,-12.170000,-0.2649,28.750000,18.570000,2518.890000
1191,Exit short,2025-08-27 11:15,4594.580000,1,-17.720000,-0.3857,1.370000,17.880000,2531.060000
1191,Entry short,2025-08-27 10:45,4576.860000,1,-17.720000,-0.3857,1.370000,17.880000,2531.060000
1190,Exit long,2025-08-27 10:45,4576.860000,1,-16.340000,-0.3557,25.560000,40.200000,2548.780000
1190,Entry long,2025-08-27 06:45,4593.200000,1,-16.340000,-0.3557,25.560000,40.200000,2548.780000
1189,Exit long,2025-08-27 04:45,4624.030000,1,53.530000,1.1712,71.270000,32.500000,2565.120000
1189,Entry long,2025-08-26 21:30,4570.500000,1,53.530000,1.1712,71.270000,32.500000,2565.120000
1188,Exit long,2025-08-26 20:00,4593.820000,1,65.940000,1.4563,67.850000,4.150000,2511.590000
1188,Entry long,2025-08-26 18:15,4527.880000,1,65.940000,1.4563,67.850000,4.150000,2511.590000
1187,Exit long,2025-08-26 17:15,4532.740000,1,16.350000,0.3620,40.640000,8.510000,2445.650000
1187,Entry long,2025-08-26 16:30,4516.390000,1,16.350000,0.3620,40.640000,8.510000,2445.650000
1186,Exit long,2025-08-26 15:30,4535.000000,1,70.290000,1.5743,111.600000,6.470000,2429.300000
1186,Entry long,2025-08-26 14:15,4464.710000,1,70.290000,1.5743,111.600000,6.470000,2429.300000
1185,Exit short,2025-08-26 14:15,4464.710000,1,-45.270000,-1.0140,16.430000,116.120000,2359.010000
1185,Entry short,2025-08-26 11:30,4419.440000,1,-45.270000,-1.0140,16.430000,116.120000,2359.010000
1184,Exit long,2025-08-26 11:30,4419.440000,1,-23.040000,-0.5186,22.520000,29.260000,2404.280000
1184,Entry long,2025-08-26 10:45,4442.480000,1,-23.040000,-0.5186,22.520000,29.260000,2404.280000
1183,Exit short,2025-08-26 10:45,4442.480000,1,-21.480000,-0.4835,49.000000,32.780000,2427.320000
1183,Entry short,2025-08-26 02:30,4421.000000,1,-21.480000,-0.4835,49.000000,32.780000,2427.320000
1182,Exit short,2025-08-25 17:30,4590.530000,1,49.490000,1.0781,77.600000,27.360000,2448.800000
1182,Entry short,2025-08-25 14:45,4640.020000,1,49.490000,1.0781,77.600000,27.360000,2448.800000
1181,Exit long,2025-08-25 14:45,4640.020000,1,-22.040000,-0.4728,21.200000,29.760000,2399.310000
1181,Entry long,2025-08-25 14:15,4662.060000,1,-22.040000,-0.4728,21.200000,29.760000,2399.310000
1180,Exit short,2025-08-25 14:15,4662.060000,1,-64.070000,-1.3743,14.720000,76.010000,2421.350000
1180,Entry short,2025-08-25 12:00,4597.990000,1,-64.070000,-1.3743,14.720000,76.010000,2421.350000
1179,Exit short,2025-08-25 07:15,4640.220000,1,63.260000,1.3633,88.380000,3.420000,2485.420000
1179,Entry short,2025-08-25 06:00,4703.480000,1,63.260000,1.3633,88.380000,3.420000,2485.420000
1178,Exit short,2025-08-25 05:00,4716.660000,1,39.380000,0.8349,64.940000,17.960000,2422.160000
1178,Entry short,2025-08-25 02:45,4756.040000,1,39.380000,0.8349,64.940000,17.960000,2422.160000
1177,Exit short,2025-08-25 01:15,4718.020000,1,75.980000,1.6104,126.760000,9.210000,2382.780000
1177,Entry short,2025-08-24 23:30,4794.000000,1,75.980000,1.6104,126.760000,9.210000,2382.780000
1176,Exit short,2025-08-24 20:30,4792.880000,1,-31.620000,-0.6597,58.790000,196.410000,2306.800000
1176,Entry short,2025-08-24 13:45,4761.260000,1,-31.620000,-0.6597,58.790000,196.410000,2306.800000
1175,Exit long,2025-08-24 13:45,4761.260000,1,-4.230000,-0.0888,13.510000,4.230000,2338.420000
1175,Entry long,2025-08-24 13:15,4765.490000,1,-4.230000,-0.0888,13.510000,4.230000,2338.420000
1174,Exit short,2025-08-24 13:15,4765.490000,1,-16.960000,-0.3559,2.910000,20.720000,2342.650000
1174,Entry short,2025-08-24 12:45,4748.530000,1,-16.960000,-0.3559,2.910000,20.720000,2342.650000
1173,Exit short,2025-08-24 11:00,4738.510000,1,25.700000,0.5424,31.210000,2.390000,2359.610000
1173,Entry short,2025-08-24 10:15,4764.210000,1,25.700000,0.5424,31.210000,2.390000,2359.610000
1172,Exit long,2025-08-24 10:15,4764.210000,1,-24.840000,-0.5187,10.480000,45.670000,2333.910000
1172,Entry long,2025-08-24 01:45,4789.050000,1,-24.840000,-0.5187,10.480000,45.670000,2333.910000
1171,Exit long,2025-08-23 23:00,4780.720000,1,32.130000,0.6766,37.490000,0.060000,2358.750000
1171,Entry long,2025-08-23 22:00,4748.590000,1,32.130000,0.6766,37.490000,0.060000,2358.750000
1170,Exit short,2025-08-23 22:00,4748.590000,1,-11.550000,-0.2432,1.040000,13.220000,2326.620000
1170,Entry short,2025-08-23 21:30,4737.040000,1,-11.550000,-0.2432,1.040000,13.220000,2326.620000
1169,Exit long,2025-08-23 21:30,4737.040000,1,-8.090000,-0.1705,14.810000,8.130000,2338.170000
1169,Entry long,2025-08-23 17:45,4745.130000,1,-8.090000,-0.1705,14.810000,8.130000,2338.170000
1168,Exit short,2025-08-23 17:45,4745.130000,1,-15.510000,-0.3269,0.000000,17.380000,2346.260000
1168,Entry short,2025-08-23 17:30,4729.620000,1,-15.510000,-0.3269,0.000000,17.380000,2346.260000
1167,Exit long,2025-08-23 16:15,4744.350000,1,18.020000,0.3813,42.670000,11.330000,2361.770000
1167,Entry long,2025-08-23 14:15,4726.330000,1,18.020000,0.3813,42.670000,11.330000,2361.770000
1166,Exit short,2025-08-23 14:15,4726.330000,1,-4.740000,-0.1003,32.640000,12.300000,2343.750000
1166,Entry short,2025-08-23 10:30,4721.590000,1,-4.740000,-0.1003,32.640000,12.300000,2343.750000
1165,Exit long,2025-08-23 10:30,4721.590000,1,-9.410000,-0.1989,13.970000,17.840000,2348.490000
1165,Entry long,2025-08-23 09:45,4731.000000,1,-9.410000,-0.1989,13.970000,17.840000,2348.490000
1164,Exit short,2025-08-23 08:15,4716.860000,1,6.670000,0.1414,17.110000,11.130000,2357.900000
1164,Entry short,2025-08-23 07:30,4723.530000,1,6.670000,0.1414,17.110000,11.130000,2357.900000
1163,Exit long,2025-08-23 07:30,4723.530000,1,-97.470000,-2.0218,25.400000,158.750000,2351.230000
1163,Entry long,2025-08-22 22:30,4821.000000,1,-97.470000,-2.0218,25.400000,158.750000,2351.230000
1162,Exit long,2025-08-22 15:00,4611.790000,1,291.800000,6.7546,324.930000,113.990000,2448.700000
1162,Entry long,2025-08-22 09:45,4319.990000,1,291.800000,6.7546,324.930000,113.990000,2448.700000
1161,Exit long,2025-08-22 08:00,4326.000000,1,45.810000,1.0703,63.810000,9.820000,2156.900000
1161,Entry long,2025-08-22 05:15,4280.190000,1,45.810000,1.0703,63.810000,9.820000,2156.900000
1160,Exit long,2025-08-22 02:15,4278.690000,1,22.750000,0.5345,22.760000,7.030000,2111.090000
1160,Entry long,2025-08-22 01:45,4255.940000,1,22.750000,0.5345,22.760000,7.030000,2111.090000
1159,Exit short,2025-08-22 01:45,4255.940000,1,-15.930000,-0.3743,32.490000,18.840000,2088.340000
1159,Entry short,2025-08-21 21:15,4240.010000,1,-15.930000,-0.3743,32.490000,18.840000,2088.340000
1158,Exit short,2025-08-21 20:15,4229.980000,1,13.380000,0.3163,27.800000,29.810000,2104.270000
1158,Entry short,2025-08-21 18:45,4243.360000,1,13.380000,0.3163,27.800000,29.810000,2104.270000
1157,Exit short,2025-08-21 15:45,4259.310000,1,0.700000,0.0164,35.510000,67.450000,2090.890000
1157,Entry short,2025-08-21 14:00,4260.010000,1,0.700000,0.0164,35.510000,67.450000,2090.890000
1156,Exit long,2025-08-21 14:00,4260.010000,1,-36.980000,-0.8606,11.980000,61.990000,2090.190000
1156,Entry long,2025-08-21 11:15,4296.990000,1,-36.980000,-0.8606,11.980000,61.990000,2090.190000
1155,Exit short,2025-08-21 11:15,4296.990000,1,-7.000000,-0.1629,2.030000,11.120000,2127.170000
1155,Entry short,2025-08-21 11:00,4289.990000,1,-7.000000,-0.1629,2.030000,11.120000,2127.170000
1154,Exit long,2025-08-21 11:00,4289.990000,1,-5.830000,-0.1357,4.980000,9.660000,2134.170000
1154,Entry long,2025-08-21 10:45,4295.820000,1,-5.830000,-0.1357,4.980000,9.660000,2134.170000
1153,Exit short,2025-08-21 09:45,4289.270000,1,7.890000,0.1839,42.810000,5.170000,2140.000000
1153,Entry short,2025-08-21 08:30,4297.160000,1,7.890000,0.1839,42.810000,5.170000,2140.000000
1152,Exit long,2025-08-21 08:30,4297.160000,1,-6.290000,-0.1462,10.080000,35.120000,2132.110000
1152,Entry long,2025-08-21 06:45,4303.450000,1,-6.290000,-0.1462,10.080000,35.120000,2132.110000
1151,Exit short,2025-08-21 06:45,4303.450000,1,-12.010000,-0.2791,9.770000,14.230000,2138.400000
1151,Entry short,2025-08-21 06:15,4291.440000,1,-12.010000,-0.2791,9.770000,14.230000,2138.400000
1150,Exit long,2025-08-21 06:15,4291.440000,1,-28.830000,-0.6673,18.670000,44.630000,2150.410000
1150,Entry long,2025-08-21 00:45,4320.270000,1,-28.830000,-0.6673,18.670000,44.630000,2150.410000
1149,Exit long,2025-08-20 20:15,4337.500000,1,47.940000,1.1176,61.310000,5.480000,2179.240000
1149,Entry long,2025-08-20 19:00,4289.560000,1,47.940000,1.1176,61.310000,5.480000,2179.240000
1148,Exit long,2025-08-20 15:15,4264.750000,1,59.630000,1.4180,71.880000,7.910000,2131.300000
1148,Entry long,2025-08-20 14:45,4205.120000,1,59.630000,1.4180,71.880000,7.910000,2131.300000
1147,Exit short,2025-08-20 14:30,4157.870000,1,11.140000,0.2679,64.680000,45.210000,2071.670000
1147,Entry short,2025-08-20 13:15,4169.010000,1,11.140000,0.2679,64.680000,45.210000,2071.670000
1146,Exit long,2025-08-20 13:15,4169.010000,1,-30.480000,-0.7258,9.750000,30.490000,2060.530000
1146,Entry long,2025-08-20 12:15,4199.490000,1,-30.480000,-0.7258,9.750000,30.490000,2060.530000
1145,Exit short,2025-08-20 12:15,4199.490000,1,-108.310000,-2.5791,31.180000,148.820000,2091.010000
1145,Entry short,2025-08-20 01:30,4091.180000,1,-108.310000,-2.5791,31.180000,148.820000,2091.010000
1144,Exit short,2025-08-19 23:30,4106.660000,1,56.350000,1.3722,58.010000,1.020000,2199.320000
1144,Entry short,2025-08-19 21:15,4163.010000,1,56.350000,1.3722,58.010000,1.020000,2199.320000
1143,Exit short,2025-08-19 15:30,4224.300000,1,47.140000,1.1159,104.440000,3.560000,2142.970000
1143,Entry short,2025-08-19 14:15,4271.440000,1,47.140000,1.1159,104.440000,3.560000,2142.970000
1142,Exit long,2025-08-19 14:15,4271.440000,1,-24.240000,-0.5643,44.320000,32.910000,2095.830000
1142,Entry long,2025-08-19 13:15,4295.680000,1,-24.240000,-0.5643,44.320000,32.910000,2095.830000
1141,Exit short,2025-08-19 13:15,4295.680000,1,-60.460000,-1.4075,1.190000,80.490000,2120.070000
1141,Entry short,2025-08-19 08:45,4235.220000,1,-60.460000,-1.4075,1.190000,80.490000,2120.070000
1140,Exit short,2025-08-19 07:45,4226.570000,1,2.310000,0.0547,26.590000,19.920000,2180.530000
1140,Entry short,2025-08-19 06:00,4228.880000,1,2.310000,0.0547,26.590000,19.920000,2180.530000
1139,Exit short,2025-08-19 02:30,4291.000000,1,24.770000,0.5773,35.900000,0.640000,2178.220000
1139,Entry short,2025-08-19 01:30,4315.770000,1,24.770000,0.5773,35.900000,0.640000,2178.220000
1138,Exit long,2025-08-19 01:30,4315.770000,1,-24.860000,-0.5727,13.590000,24.940000,2153.450000
1138,Entry long,2025-08-19 01:00,4340.630000,1,-24.860000,-0.5727,13.590000,24.940000,2153.450000
1137,Exit short,2025-08-18 23:45,4312.090000,1,26.600000,0.6169,30.690000,10.420000,2178.310000
1137,Entry short,2025-08-18 23:00,4338.690000,1,26.600000,0.6169,30.690000,10.420000,2178.310000
1136,Exit long,2025-08-18 22:45,4360.840000,1,14.160000,0.3258,39.530000,23.200000,2151.710000
1136,Entry long,2025-08-18 21:15,4346.680000,1,14.160000,0.3258,39.530000,23.200000,2151.710000
1135,Exit short,2025-08-18 21:15,4346.680000,1,-15.820000,-0.3640,6.520000,17.050000,2137.550000
1135,Entry short,2025-08-18 20:45,4330.860000,1,-15.820000,-0.3640,6.520000,17.050000,2137.550000
1134,Exit long,2025-08-18 20:45,4330.860000,1,-24.690000,-0.5669,1.980000,41.100000,2153.370000
1134,Entry long,2025-08-18 20:30,4355.550000,1,-24.690000,-0.5669,1.980000,41.100000,2153.370000
1133,Exit long,2025-08-18 18:00,4341.350000,1,8.880000,0.2050,47.530000,0.420000,2178.060000
1133,Entry long,2025-08-18 17:15,4332.470000,1,8.880000,0.2050,47.530000,0.420000,2178.060000
1132,Exit short,2025-08-18 17:15,4332.470000,1,-24.670000,-0.5694,0.970000,26.380000,2169.180000
1132,Entry short,2025-08-18 16:45,4307.800000,1,-24.670000,-0.5694,0.970000,26.380000,2169.180000
1131,Exit long,2025-08-18 16:45,4307.800000,1,-35.430000,-0.8158,15.630000,45.640000,2193.850000
1131,Entry long,2025-08-18 16:00,4343.230000,1,-35.430000,-0.8158,15.630000,45.640000,2193.850000
1130,Exit short,2025-08-18 16:00,4343.230000,1,-60.070000,-1.3831,32.150000,84.850000,2229.280000
1130,Entry short,2025-08-18 10:15,4283.160000,1,-60.070000,-1.3831,32.150000,84.850000,2229.280000
1129,Exit short,2025-08-18 06:15,4273.160000,1,46.620000,1.0910,62.120000,1.410000,2289.350000
1129,Entry short,2025-08-18 05:30,4319.780000,1,46.620000,1.0910,62.120000,1.410000,2289.350000
1128,Exit short,2025-08-18 00:30,4446.640000,1,36.670000,0.8247,42.810000,15.990000,2242.730000
1128,Entry short,2025-08-17 23:30,4483.310000,1,36.670000,0.8247,42.810000,15.990000,2242.730000
1127,Exit long,2025-08-17 23:15,4503.950000,1,-38.020000,-0.8371,22.620000,124.800000,2206.060000
1127,Entry long,2025-08-17 12:45,4541.970000,1,-38.020000,-0.8371,22.620000,124.800000,2206.060000
1126,Exit long,2025-08-17 09:00,4533.150000,1,69.740000,1.5625,72.940000,10.410000,2244.080000
1126,Entry long,2025-08-17 07:30,4463.410000,1,69.740000,1.5625,72.940000,10.410000,2244.080000
1125,Exit long,2025-08-17 03:30,4428.010000,1,12.510000,0.2833,28.500000,5.500000,2174.340000
1125,Entry long,2025-08-17 02:45,4415.500000,1,12.510000,0.2833,28.500000,5.500000,2174.340000
1124,Exit short,2025-08-17 02:45,4415.500000,1,-4.310000,-0.0976,18.740000,14.550000,2161.830000
1124,Entry short,2025-08-17 00:30,4411.190000,1,-4.310000,-0.0976,18.740000,14.550000,2161.830000
1123,Exit long,2025-08-17 00:30,4411.190000,1,-9.030000,-0.2043,3.900000,12.050000,2166.140000
1123,Entry long,2025-08-17 00:00,4420.220000,1,-9.030000,-0.2043,3.900000,12.050000,2166.140000
1122,Exit short,2025-08-17 00:00,4420.220000,1,-10.290000,-0.2328,1.880000,12.780000,2175.170000
1122,Entry short,2025-08-16 23:30,4409.930000,1,-10.290000,-0.2328,1.880000,12.780000,2175.170000
1121,Exit long,2025-08-16 23:15,4423.640000,1,4.530000,0.1025,13.890000,0.570000,2185.460000
1121,Entry long,2025-08-16 22:30,4419.110000,1,4.530000,0.1025,13.890000,0.570000,2185.460000
1120,Exit short,2025-08-16 22:30,4419.110000,1,-17.690000,-0.4003,16.580000,38.580000,2180.930000
1120,Entry short,2025-08-16 14:45,4401.420000,1,-17.690000,-0.4003,16.580000,38.580000,2180.930000
1119,Exit short,2025-08-16 10:45,4399.310000,1,42.560000,0.9674,71.870000,15.130000,2198.620000
1119,Entry short,2025-08-16 08:15,4441.870000,1,42.560000,0.9674,71.870000,15.130000,2198.620000
1118,Exit short,2025-08-16 06:30,4425.390000,1,22.870000,0.5168,36.950000,0.250000,2156.060000
1118,Entry short,2025-08-16 05:15,4448.260000,1,22.870000,0.5168,36.950000,0.250000,2156.060000
1117,Exit short,2025-08-16 03:30,4447.450000,1,-23.680000,-0.5324,33.770000,65.530000,2133.190000
1117,Entry short,2025-08-15 21:00,4423.770000,1,-23.680000,-0.5324,33.770000,65.530000,2133.190000
1116,Exit short,2025-08-15 18:45,4404.000000,1,24.020000,0.5454,26.190000,3.110000,2156.870000
1116,Entry short,2025-08-15 18:15,4428.020000,1,24.020000,0.5454,26.190000,3.110000,2156.870000
1115,Exit short,2025-08-15 14:15,4559.370000,1,49.400000,1.0835,90.020000,10.090000,2132.850000
1115,Entry short,2025-08-15 13:15,4608.770000,1,49.400000,1.0835,90.020000,10.090000,2132.850000
1114,Exit long,2025-08-15 13:15,4608.770000,1,-26.380000,-0.5691,35.080000,52.150000,2083.450000
1114,Entry long,2025-08-15 08:15,4635.150000,1,-26.380000,-0.5691,35.080000,52.150000,2083.450000
1113,Exit long,2025-08-15 07:15,4635.520000,1,22.180000,0.4808,48.290000,9.890000,2109.830000
1113,Entry long,2025-08-15 05:15,4613.340000,1,22.180000,0.4808,48.290000,9.890000,2109.830000
1112,Exit short,2025-08-15 05:15,4613.340000,1,-82.900000,-1.7970,2.700000,117.550000,2087.650000
1112,Entry short,2025-08-14 23:00,4530.440000,1,-82.900000,-1.7970,2.700000,117.550000,2087.650000
1111,Exit short,2025-08-14 20:30,4536.100000,1,2.540000,0.0560,33.630000,33.820000,2170.550000
1111,Entry short,2025-08-14 19:15,4538.640000,1,2.540000,0.0560,33.630000,33.820000,2170.550000
1110,Exit short,2025-08-14 16:45,4540.690000,1,128.680000,2.8339,155.430000,16.160000,2168.010000
1110,Entry short,2025-08-14 15:00,4669.370000,1,128.680000,2.8339,155.430000,16.160000,2168.010000
1109,Exit short,2025-08-14 13:30,4534.210000,1,179.780000,3.9650,258.990000,0.510000,2039.330000
1109,Entry short,2025-08-14 12:30,4713.990000,1,179.780000,3.9650,258.990000,0.510000,2039.330000
1108,Exit short,2025-08-14 11:15,4712.480000,1,-6.750000,-0.1432,22.730000,10.570000,1859.550000
1108,Entry short,2025-08-14 10:45,4705.730000,1,-6.750000,-0.1432,22.730000,10.570000,1859.550000
1107,Exit long,2025-08-14 10:45,4705.730000,1,-39.280000,-0.8278,21.990000,76.010000,1866.300000
1107,Entry long,2025-08-14 09:30,4745.010000,1,-39.280000,-0.8278,21.990000,76.010000,1866.300000
1106,Exit short,2025-08-14 09:30,4745.010000,1,-11.540000,-0.2432,14.510000,18.530000,1905.580000
1106,Entry short,2025-08-14 08:15,4733.470000,1,-11.540000,-0.2432,14.510000,18.530000,1905.580000
1105,Exit long,2025-08-14 08:15,4733.470000,1,-11.790000,-0.2485,16.740000,13.600000,1917.120000
1105,Entry long,2025-08-14 07:30,4745.260000,1,-11.790000,-0.2485,16.740000,13.600000,1917.120000
1104,Exit short,2025-08-14 07:30,4745.260000,1,-11.150000,-0.2350,1.240000,15.870000,1928.910000
1104,Entry short,2025-08-14 07:15,4734.110000,1,-11.150000,-0.2350,1.240000,15.870000,1928.910000
1103,Exit long,2025-08-14 07:15,4734.110000,1,2.100000,0.0444,61.990000,15.010000,1940.060000
1103,Entry long,2025-08-14 06:00,4732.010000,1,2.100000,0.0444,61.990000,15.010000,1940.060000
1102,Exit long,2025-08-14 03:15,4752.650000,1,20.260000,0.4281,36.610000,15.890000,1937.960000
1102,Entry long,2025-08-14 01:30,4732.390000,1,20.260000,0.4281,36.610000,15.890000,1937.960000
1101,Exit long,2025-08-14 00:00,4748.360000,1,9.490000,0.2003,44.750000,16.750000,1917.700000
1101,Entry long,2025-08-13 22:30,4738.870000,1,9.490000,0.2003,44.750000,16.750000,1917.700000
1100,Exit long,2025-08-13 21:45,4738.860000,1,23.990000,0.5088,64.000000,20.320000,1908.210000
1100,Entry long,2025-08-13 19:00,4714.870000,1,23.990000,0.5088,64.000000,20.320000,1908.210000
1099,Exit long,2025-08-13 16:45,4687.550000,1,18.840000,0.4035,70.070000,19.590000,1884.220000
1099,Entry long,2025-08-13 15:45,4668.710000,1,18.840000,0.4035,70.070000,19.590000,1884.220000
1098,Exit short,2025-08-13 15:30,4640.400000,1,7.220000,0.1556,34.510000,12.880000,1865.380000
1098,Entry short,2025-08-13 15:00,4647.620000,1,7.220000,0.1556,34.510000,12.880000,1865.380000
1097,Exit long,2025-08-13 15:00,4647.620000,1,-18.390000,-0.3941,38.540000,33.160000,1858.160000
1097,Entry long,2025-08-13 14:15,4666.010000,1,-18.390000,-0.3941,38.540000,33.160000,1858.160000
1096,Exit long,2025-08-13 10:30,4694.840000,1,52.970000,1.1411,74.130000,35.970000,1876.550000
1096,Entry long,2025-08-13 06:15,4641.870000,1,52.970000,1.1411,74.130000,35.970000,1876.550000
1095,Exit long,2025-08-13 03:15,4610.010000,1,17.170000,0.3738,55.160000,30.250000,1823.580000
1095,Entry long,2025-08-12 23:15,4592.840000,1,17.170000,0.3738,55.160000,30.250000,1823.580000
1094,Exit long,2025-08-12 13:15,4401.210000,1,108.280000,2.5223,135.460000,37.370000,1806.410000
1094,Entry long,2025-08-12 10:30,4292.930000,1,108.280000,2.5223,135.460000,37.370000,1806.410000
1093,Exit long,2025-08-12 08:00,4314.230000,1,30.480000,0.7115,34.250000,12.750000,1698.130000
1093,Entry long,2025-08-12 06:00,4283.750000,1,30.480000,0.7115,34.250000,12.750000,1698.130000
1092,Exit short,2025-08-12 06:00,4283.750000,1,-48.590000,-1.1343,4.050000,85.470000,1667.650000
1092,Entry short,2025-08-12 00:45,4235.160000,1,-48.590000,-1.1343,4.050000,85.470000,1667.650000
1091,Exit long,2025-08-12 00:45,4235.160000,1,-71.060000,-1.6502,1.280000,120.620000,1716.240000
1091,Entry long,2025-08-11 17:45,4306.220000,1,-71.060000,-1.6502,1.280000,120.620000,1716.240000
1090,Exit long,2025-08-11 14:30,4288.710000,1,-10.620000,-0.2470,10.670000,135.100000,1787.300000
1090,Entry long,2025-08-11 06:15,4299.330000,1,-10.620000,-0.2470,10.670000,135.100000,1787.300000
1089,Exit long,2025-08-11 04:45,4321.780000,1,14.000000,0.3250,41.890000,4.460000,1797.920000
1089,Entry long,2025-08-11 04:00,4307.780000,1,14.000000,0.3250,41.890000,4.460000,1797.920000
1088,Exit long,2025-08-11 00:15,4248.750000,1,22.560000,0.5338,26.630000,42.140000,1783.920000
1088,Entry long,2025-08-10 20:45,4226.190000,1,22.560000,0.5338,26.630000,42.140000,1783.920000
1087,Exit short,2025-08-10 20:45,4226.190000,1,-13.240000,-0.3133,0.640000,19.620000,1761.360000
1087,Entry short,2025-08-10 20:30,4212.950000,1,-13.240000,-0.3133,0.640000,19.620000,1761.360000
1086,Exit long,2025-08-10 20:30,4212.950000,1,-12.750000,-0.3017,32.260000,19.070000,1774.600000
1086,Entry long,2025-08-10 18:45,4225.700000,1,-12.750000,-0.3017,32.260000,19.070000,1774.600000
1085,Exit short,2025-08-10 12:30,4187.740000,1,20.950000,0.5003,36.650000,23.310000,1787.350000
1085,Entry short,2025-08-10 09:00,4208.690000,1,20.950000,0.5003,36.650000,23.310000,1787.350000
1084,Exit short,2025-08-10 08:15,4190.990000,1,35.000000,0.8351,64.970000,0.420000,1766.400000
1084,Entry short,2025-08-10 07:15,4225.990000,1,35.000000,0.8351,64.970000,0.420000,1766.400000
1083,Exit long,2025-08-10 07:15,4225.990000,1,-24.400000,-0.5741,12.960000,48.390000,1731.400000
1083,Entry long,2025-08-10 02:45,4250.390000,1,-24.400000,-0.5741,12.960000,48.390000,1731.400000
1082,Exit long,2025-08-10 01:30,4293.820000,1,36.870000,0.8661,75.040000,11.260000,1755.800000
1082,Entry long,2025-08-09 23:15,4256.950000,1,36.870000,0.8661,75.040000,11.260000,1755.800000
1081,Exit long,2025-08-09 17:45,4227.880000,1,38.490000,0.9187,49.040000,36.820000,1718.930000
1081,Entry long,2025-08-09 12:00,4189.390000,1,38.490000,0.9187,49.040000,36.820000,1718.930000
1080,Exit long,2025-08-09 03:45,4043.960000,1,-1.550000,-0.0383,3.970000,40.490000,1680.440000
1080,Entry long,2025-08-08 21:45,4045.510000,1,-1.550000,-0.0383,3.970000,40.490000,1680.440000
1079,Exit long,2025-08-08 16:30,3965.000000,1,12.000000,0.3036,23.610000,3.590000,1681.990000
1079,Entry long,2025-08-08 16:00,3953.000000,1,12.000000,0.3036,23.610000,3.590000,1681.990000
1078,Exit long,2025-08-08 14:30,3961.760000,1,54.790000,1.4024,104.120000,16.910000,1669.990000
1078,Entry long,2025-08-08 12:30,3906.970000,1,54.790000,1.4024,104.120000,16.910000,1669.990000
1077,Exit long,2025-08-08 11:45,3913.390000,1,7.260000,0.1859,12.470000,2.830000,1615.200000
1077,Entry long,2025-08-08 11:15,3906.130000,1,7.260000,0.1859,12.470000,2.830000,1615.200000
1076,Exit short,2025-08-08 11:15,3906.130000,1,-15.130000,-0.3873,5.820000,17.720000,1607.940000
1076,Entry short,2025-08-08 10:45,3891.000000,1,-15.130000,-0.3873,5.820000,17.720000,1607.940000
1075,Exit long,2025-08-08 10:45,3891.000000,1,-12.680000,-0.3248,23.320000,20.570000,1623.070000
1075,Entry long,2025-08-08 05:45,3903.680000,1,-12.680000,-0.3248,23.320000,20.570000,1623.070000
1074,Exit long,2025-08-08 04:00,3938.050000,1,17.390000,0.4435,48.150000,43.960000,1635.750000
1074,Entry long,2025-08-08 00:45,3920.660000,1,17.390000,0.4435,48.150000,43.960000,1635.750000
1073,Exit long,2025-08-07 20:15,3854.160000,1,34.280000,0.8974,55.120000,42.740000,1618.360000
1073,Entry long,2025-08-07 15:15,3819.880000,1,34.280000,0.8974,55.120000,42.740000,1618.360000
1072,Exit long,2025-08-07 06:30,3686.240000,1,22.760000,0.6213,40.590000,0.480000,1584.080000
1072,Entry long,2025-08-07 05:15,3663.480000,1,22.760000,0.6213,40.590000,0.480000,1584.080000
1071,Exit short,2025-08-07 05:15,3663.480000,1,-4.480000,-0.1223,3.930000,4.900000,1561.320000
1071,Entry short,2025-08-07 04:45,3659.000000,1,-4.480000,-0.1223,3.930000,4.900000,1561.320000
1070,Exit long,2025-08-07 04:45,3659.000000,1,-21.750000,-0.5909,35.630000,34.970000,1565.800000
1070,Entry long,2025-08-06 23:45,3680.750000,1,-21.750000,-0.5909,35.630000,34.970000,1565.800000
1069,Exit long,2025-08-06 23:15,3677.160000,1,4.420000,0.1203,11.150000,24.550000,1587.550000
1069,Entry long,2025-08-06 21:00,3672.740000,1,4.420000,0.1203,11.150000,24.550000,1587.550000
1068,Exit long,2025-08-06 16:45,3641.580000,1,33.250000,0.9215,64.590000,7.630000,1583.130000
1068,Entry long,2025-08-06 14:45,3608.330000,1,33.250000,0.9215,64.590000,7.630000,1583.130000
1067,Exit short,2025-08-06 14:45,3608.330000,1,-9.310000,-0.2580,5.810000,12.980000,1549.880000
1067,Entry short,2025-08-06 14:30,3599.020000,1,-9.310000,-0.2580,5.810000,12.980000,1549.880000
1066,Exit long,2025-08-06 14:30,3599.020000,1,-23.400000,-0.6460,21.580000,51.370000,1559.190000
1066,Entry long,2025-08-06 08:30,3622.420000,1,-23.400000,-0.6460,21.580000,51.370000,1559.190000
1065,Exit short,2025-08-06 08:30,3622.420000,1,-43.940000,-1.2130,10.480000,82.920000,1582.590000
1065,Entry short,2025-08-06 02:15,3578.480000,1,-43.940000,-1.2130,10.480000,82.920000,1582.590000
1064,Exit short,2025-08-06 01:30,3566.990000,1,36.830000,1.0325,61.240000,20.160000,1626.530000
1064,Entry short,2025-08-05 18:00,3603.820000,1,36.830000,1.0325,61.240000,20.160000,1626.530000
1063,Exit short,2025-08-05 15:00,3576.330000,1,32.000000,0.8948,50.750000,0.540000,1589.700000
1063,Entry short,2025-08-05 14:15,3608.330000,1,32.000000,0.8948,50.750000,0.540000,1589.700000
1062,Exit short,2025-08-05 13:15,3619.140000,1,36.130000,0.9983,47.270000,0.000000,1557.700000
1062,Entry short,2025-08-05 12:30,3655.270000,1,36.130000,0.9983,47.270000,0.000000,1557.700000
1061,Exit long,2025-08-05 12:30,3655.270000,1,-21.500000,-0.5848,0.000000,36.000000,1521.570000
1061,Entry long,2025-08-05 12:15,3676.770000,1,-21.500000,-0.5848,0.000000,36.000000,1521.570000
1060,Exit short,2025-08-05 07:30,3638.060000,1,22.240000,0.6113,27.300000,0.000000,1543.070000
1060,Entry short,2025-08-05 06:45,3660.300000,1,22.240000,0.6113,27.300000,0.000000,1543.070000
1059,Exit long,2025-08-05 06:45,3660.300000,1,-41.000000,-1.1077,4.190000,58.980000,1520.830000
1059,Entry long,2025-08-05 00:45,3701.300000,1,-41.000000,-1.1077,4.190000,58.980000,1520.830000
1058,Exit long,2025-08-04 21:45,3720.940000,1,42.390000,1.1524,51.450000,19.650000,1561.830000
1058,Entry long,2025-08-04 19:15,3678.550000,1,42.390000,1.1524,51.450000,19.650000,1561.830000
1057,Exit long,2025-08-04 14:45,3634.740000,1,78.090000,2.1956,107.230000,7.490000,1519.440000
1057,Entry long,2025-08-04 11:45,3556.650000,1,78.090000,2.1956,107.230000,7.490000,1519.440000
1056,Exit long,2025-08-04 08:30,3549.390000,1,17.590000,0.4980,31.190000,13.440000,1441.350000
1056,Entry long,2025-08-04 06:00,3531.800000,1,17.590000,0.4980,31.190000,13.440000,1441.350000
1055,Exit long,2025-08-04 01:30,3543.860000,1,56.690000,1.6257,70.830000,5.590000,1423.760000
1055,Entry long,2025-08-03 20:30,3487.170000,1,56.690000,1.6257,70.830000,5.590000,1423.760000
1054,Exit long,2025-08-03 19:15,3491.280000,1,7.050000,0.2023,13.630000,4.620000,1367.070000
1054,Entry long,2025-08-03 18:15,3484.230000,1,7.050000,0.2023,13.630000,4.620000,1367.070000
1053,Exit long,2025-08-03 17:30,3484.600000,1,-7.570000,-0.2168,10.510000,39.380000,1360.020000
1053,Entry long,2025-08-03 12:45,3492.170000,1,-7.570000,-0.2168,10.510000,39.380000,1360.020000
1052,Exit long,2025-08-03 08:45,3456.060000,1,16.850000,0.4899,27.790000,2.930000,1367.590000
1052,Entry long,2025-08-03 06:45,3439.210000,1,16.850000,0.4899,27.790000,2.930000,1367.590000
1051,Exit long,2025-08-03 05:30,3450.960000,1,7.840000,0.2277,11.460000,2.700000,1350.740000
1051,Entry long,2025-08-03 05:00,3443.120000,1,7.840000,0.2277,11.460000,2.700000,1350.740000
1050,Exit short,2025-08-03 05:00,3443.120000,1,-32.540000,-0.9451,57.070000,40.260000,1342.900000
1050,Entry short,2025-08-02 21:30,3410.580000,1,-32.540000,-0.9451,57.070000,40.260000,1342.900000
1049,Exit short,2025-08-02 15:15,3480.380000,1,28.720000,0.8252,44.640000,7.380000,1375.440000
1049,Entry short,2025-08-02 11:45,3509.100000,1,28.720000,0.8252,44.640000,7.380000,1375.440000
1048,Exit long,2025-08-02 11:45,3509.100000,1,-3.070000,-0.0874,4.630000,7.730000,1346.720000
1048,Entry long,2025-08-02 11:30,3512.170000,1,-3.070000,-0.0874,4.630000,7.730000,1346.720000
1047,Exit short,2025-08-02 10:00,3490.730000,1,24.680000,0.7070,35.110000,7.590000,1349.790000
1047,Entry short,2025-08-02 08:15,3515.410000,1,24.680000,0.7070,35.110000,7.590000,1349.790000
1046,Exit short,2025-08-02 06:15,3501.760000,1,0.500000,0.0143,7.030000,34.220000,1325.110000
1046,Entry short,2025-08-02 01:30,3502.260000,1,0.500000,0.0143,7.030000,34.220000,1325.110000
1045,Exit short,2025-08-01 23:15,3475.310000,1,69.020000,1.9860,115.470000,4.270000,1324.610000
1045,Entry short,2025-08-01 21:30,3544.330000,1,69.020000,1.9860,115.470000,4.270000,1324.610000
1044,Exit short,2025-08-01 18:15,3562.500000,1,62.650000,1.7586,80.210000,0.000000,1255.590000
1044,Entry short,2025-08-01 16:30,3625.150000,1,62.650000,1.7586,80.210000,0.000000,1255.590000
1043,Exit short,2025-08-01 16:00,3614.500000,1,17.080000,0.4725,50.920000,3.380000,1192.940000
1043,Entry short,2025-08-01 15:00,3631.580000,1,17.080000,0.4725,50.920000,3.380000,1192.940000
1042,Exit short,2025-08-01 14:15,3615.350000,1,17.820000,0.4929,71.120000,41.670000,1175.860000
1042,Entry short,2025-08-01 09:45,3633.170000,1,17.820000,0.4929,71.120000,41.670000,1175.860000
1041,Exit short,2025-08-01 04:45,3685.810000,1,28.890000,0.7838,39.680000,8.200000,1158.040000
1041,Entry short,2025-08-01 03:00,3714.700000,1,28.890000,0.7838,39.680000,8.200000,1158.040000
1040,Exit short,2025-07-31 23:15,3724.880000,1,4.420000,0.1187,29.300000,0.050000,1129.150000
1040,Entry short,2025-07-31 22:00,3729.300000,1,4.420000,0.1187,29.300000,0.050000,1129.150000
1039,Exit short,2025-07-31 20:45,3732.840000,1,69.090000,1.8509,86.930000,0.970000,1124.730000
1039,Entry short,2025-07-31 17:00,3801.930000,1,69.090000,1.8509,86.930000,0.970000,1124.730000
1038,Exit long,2025-07-31 17:00,3801.930000,1,-64.480000,-1.6677,6.570000,106.250000,1055.640000
1038,Entry long,2025-07-31 08:30,3866.410000,1,-64.480000,-1.6677,6.570000,106.250000,1055.640000
1037,Exit long,2025-07-31 07:15,3867.170000,1,6.440000,0.1668,17.270000,3.700000,1120.120000
1037,Entry long,2025-07-31 06:30,3860.730000,1,6.440000,0.1668,17.270000,3.700000,1120.120000
1036,Exit long,2025-07-31 00:15,3807.340000,1,27.920000,0.7387,31.710000,2.410000,1113.680000
1036,Entry long,2025-07-30 23:15,3779.420000,1,27.920000,0.7387,31.710000,2.410000,1113.680000
1035,Exit short,2025-07-30 23:15,3779.420000,1,-11.620000,-0.3075,28.180000,12.200000,1085.760000
1035,Entry short,2025-07-30 20:45,3767.800000,1,-11.620000,-0.3075,28.180000,12.200000,1085.760000
1034,Exit short,2025-07-30 19:45,3743.270000,1,47.930000,1.2804,121.200000,3.600000,1097.380000
1034,Entry short,2025-07-30 18:45,3791.200000,1,47.930000,1.2804,121.200000,3.600000,1097.380000
1033,Exit long,2025-07-30 18:45,3791.200000,1,-14.840000,-0.3899,6.730000,27.730000,1049.450000
1033,Entry long,2025-07-30 18:30,3806.040000,1,-14.840000,-0.3899,6.730000,27.730000,1049.450000
1032,Exit short,2025-07-30 18:30,3806.040000,1,-19.720000,-0.5181,8.320000,35.040000,1064.290000
1032,Entry short,2025-07-30 16:45,3786.320000,1,-19.720000,-0.5181,8.320000,35.040000,1064.290000
1031,Exit long,2025-07-30 16:45,3786.320000,1,-11.400000,-0.3002,4.890000,12.960000,1084.010000
1031,Entry long,2025-07-30 16:30,3797.720000,1,-11.400000,-0.3002,4.890000,12.960000,1084.010000
1030,Exit short,2025-07-30 16:30,3797.720000,1,-13.920000,-0.3665,8.560000,32.580000,1095.410000
1030,Entry short,2025-07-30 15:30,3783.800000,1,-13.920000,-0.3665,8.560000,32.580000,1095.410000
1029,Exit long,2025-07-30 15:15,3789.120000,1,-4.400000,-0.1160,37.420000,10.350000,1109.330000
1029,Entry long,2025-07-30 14:45,3793.520000,1,-4.400000,-0.1160,37.420000,10.350000,1109.330000
1028,Exit short,2025-07-30 14:45,3793.520000,1,-21.230000,-0.5596,24.240000,22.140000,1113.730000
1028,Entry short,2025-07-30 13:00,3772.290000,1,-21.230000,-0.5596,24.240000,22.140000,1113.730000
1027,Exit long,2025-07-30 13:00,3772.290000,1,-29.110000,-0.7658,0.660000,59.400000,1134.960000
1027,Entry long,2025-07-30 10:45,3801.400000,1,-29.110000,-0.7658,0.660000,59.400000,1134.960000
1026,Exit short,2025-07-30 10:15,3796.970000,1,6.290000,0.1657,30.090000,3.950000,1164.070000
1026,Entry short,2025-07-30 09:15,3803.260000,1,6.290000,0.1657,30.090000,3.950000,1164.070000
1025,Exit long,2025-07-30 09:15,3803.260000,1,-17.930000,-0.4692,3.070000,18.120000,1157.780000
1025,Entry long,2025-07-30 08:45,3821.190000,1,-17.930000,-0.4692,3.070000,18.120000,1157.780000
1024,Exit long,2025-07-30 06:45,3824.130000,1,16.990000,0.4463,20.690000,22.040000,1175.710000
1024,Entry long,2025-07-30 05:00,3807.140000,1,16.990000,0.4463,20.690000,22.040000,1175.710000
1023,Exit long,2025-07-30 02:45,3814.690000,1,21.100000,0.5562,27.990000,10.580000,1158.720000
1023,Entry long,2025-07-30 01:45,3793.590000,1,21.100000,0.5562,27.990000,10.580000,1158.720000
1022,Exit short,2025-07-30 01:45,3793.590000,1,-24.600000,-0.6485,2.250000,26.750000,1137.620000
1022,Entry short,2025-07-30 01:30,3768.990000,1,-24.600000,-0.6485,2.250000,26.750000,1137.620000
1021,Exit short,2025-07-30 01:00,3773.330000,1,-5.280000,-0.1399,28.050000,31.730000,1162.220000
1021,Entry short,2025-07-29 18:00,3768.050000,1,-5.280000,-0.1399,28.050000,31.730000,1162.220000
1020,Exit long,2025-07-29 18:00,3768.050000,1,-78.220000,-2.0337,28.700000,134.030000,1167.500000
1020,Entry long,2025-07-29 10:45,3846.270000,1,-78.220000,-2.0337,28.700000,134.030000,1167.500000
1019,Exit short,2025-07-29 10:45,3846.270000,1,-58.740000,-1.5272,13.670000,97.900000,1245.720000
1019,Entry short,2025-07-29 04:30,3787.530000,1,-58.740000,-1.5272,13.670000,97.900000,1245.720000
1018,Exit short,2025-07-29 02:30,3757.250000,1,-0.490000,-0.0130,29.550000,15.100000,1304.460000
1018,Entry short,2025-07-29 02:00,3756.760000,1,-0.490000,-0.0130,29.550000,15.100000,1304.460000
1017,Exit long,2025-07-29 02:00,3756.760000,1,-49.930000,-1.3116,13.300000,72.690000,1304.950000
1017,Entry long,2025-07-29 00:15,3806.690000,1,-49.930000,-1.3116,13.300000,72.690000,1304.950000
1016,Exit short,2025-07-29 00:15,3806.690000,1,-36.140000,-0.9494,8.340000,37.700000,1354.880000
1016,Entry short,2025-07-28 19:45,3770.550000,1,-36.140000,-0.9494,8.340000,37.700000,1354.880000
1015,Exit short,2025-07-28 13:45,3851.450000,1,18.370000,0.4770,44.810000,4.180000,1391.020000
1015,Entry short,2025-07-28 13:00,3869.820000,1,18.370000,0.4770,44.810000,4.180000,1391.020000
1014,Exit long,2025-07-28 13:00,3869.820000,1,-18.760000,-0.4824,14.620000,31.970000,1372.650000
1014,Entry long,2025-07-28 07:45,3888.580000,1,-18.760000,-0.4824,14.620000,31.970000,1372.650000
1013,Exit long,2025-07-28 05:45,3934.220000,1,36.880000,0.9463,42.660000,4.280000,1391.410000
1013,Entry long,2025-07-28 04:45,3897.340000,1,36.880000,0.9463,42.660000,4.280000,1391.410000
1012,Exit long,2025-07-28 03:15,3879.200000,1,20.510000,0.5315,49.190000,17.000000,1354.530000
1012,Entry long,2025-07-28 01:30,3858.690000,1,20.510000,0.5315,49.190000,17.000000,1354.530000
1011,Exit long,2025-07-28 00:15,3880.600000,1,44.780000,1.1674,46.060000,21.330000,1334.020000
1011,Entry long,2025-07-27 20:15,3835.820000,1,44.780000,1.1674,46.060000,21.330000,1334.020000
1010,Exit long,2025-07-27 19:00,3845.430000,1,34.000000,0.8921,57.540000,20.820000,1289.240000
1010,Entry long,2025-07-27 14:30,3811.430000,1,34.000000,0.8921,57.540000,20.820000,1289.240000
1009,Exit long,2025-07-27 10:45,3819.990000,1,45.760000,1.2124,49.040000,26.910000,1255.240000
1009,Entry long,2025-07-27 06:30,3774.230000,1,45.760000,1.2124,49.040000,26.910000,1255.240000
1008,Exit long,2025-07-27 05:45,3785.960000,1,12.910000,0.3422,37.230000,0.560000,1209.480000
1008,Entry long,2025-07-27 04:30,3773.050000,1,12.910000,0.3422,37.230000,0.560000,1209.480000
1007,Exit long,2025-07-27 01:45,3763.310000,1,23.310000,0.6233,31.680000,11.640000,1196.570000
1007,Entry long,2025-07-27 00:00,3740.000000,1,23.310000,0.6233,31.680000,11.640000,1196.570000
1006,Exit long,2025-07-26 22:30,3745.350000,1,3.470000,0.0927,53.320000,0.000000,1173.260000
1006,Entry long,2025-07-26 21:30,3741.880000,1,3.470000,0.0927,53.320000,0.000000,1173.260000
1005,Exit short,2025-07-26 21:30,3741.880000,1,-12.260000,-0.3276,23.700000,26.760000,1169.790000
1005,Entry short,2025-07-26 16:30,3729.620000,1,-12.260000,-0.3276,23.700000,26.760000,1169.790000
1004,Exit short,2025-07-26 15:00,3726.630000,1,12.380000,0.3322,17.010000,5.500000,1182.050000
1004,Entry short,2025-07-26 14:15,3739.010000,1,12.380000,0.3322,17.010000,5.500000,1182.050000
1003,Exit long,2025-07-26 14:15,3739.010000,1,-18.390000,-0.4894,26.220000,32.400000,1169.670000
1003,Entry long,2025-07-26 10:00,3757.400000,1,-18.390000,-0.4894,26.220000,32.400000,1169.670000
1002,Exit long,2025-07-26 09:00,3761.190000,1,21.410000,0.5725,41.480000,6.150000,1188.060000
1002,Entry long,2025-07-26 06:45,3739.780000,1,21.410000,0.5725,41.480000,6.150000,1188.060000
1001,Exit long,2025-07-26 06:00,3746.690000,1,-2.130000,-0.0568,7.580000,4.520000,1166.650000
1001,Entry long,2025-07-26 05:30,3748.820000,1,-2.130000,-0.0568,7.580000,4.520000,1166.650000
1000,Exit long,2025-07-26 03:15,3736.040000,1,21.240000,0.5718,52.030000,0.010000,1168.780000
1000,Entry long,2025-07-26 02:15,3714.800000,1,21.240000,0.5718,52.030000,0.010000,1168.780000
999,Exit long,2025-07-25 21:15,3714.000000,1,52.930000,1.4458,55.240000,3.400000,1147.540000
999,Entry long,2025-07-25 20:30,3661.070000,1,52.930000,1.4458,55.240000,3.400000,1147.540000
998,Exit short,2025-07-25 20:30,3661.070000,1,-28.710000,-0.7842,9.940000,29.190000,1094.610000
998,Entry short,2025-07-25 17:30,3632.360000,1,-28.710000,-0.7842,9.940000,29.190000,1094.610000
997,Exit long,2025-07-25 17:30,3632.360000,1,-72.490000,-1.9566,14.030000,104.850000,1123.320000
997,Entry long,2025-07-25 13:15,3704.850000,1,-72.490000,-1.9566,14.030000,104.850000,1123.320000
996,Exit short,2025-07-25 13:15,3704.850000,1,-72.850000,-1.9663,34.400000,114.420000,1195.810000
996,Entry short,2025-07-25 05:30,3632.000000,1,-72.850000,-1.9663,34.400000,114.420000,1195.810000
995,Exit short,2025-07-25 03:30,3618.640000,1,64.050000,1.7700,81.210000,5.630000,1268.660000
995,Entry short,2025-07-25 02:15,3682.690000,1,64.050000,1.7700,81.210000,5.630000,1268.660000
994,Exit long,2025-07-25 02:15,3682.690000,1,-48.110000,-1.2895,11.150000,90.480000,1204.610000
994,Entry long,2025-07-24 20:00,3730.800000,1,-48.110000,-1.2895,11.150000,90.480000,1204.610000
993,Exit long,2025-07-24 18:15,3730.130000,1,20.120000,0.5423,26.990000,11.950000,1252.720000
993,Entry long,2025-07-24 17:15,3710.010000,1,20.120000,0.5423,26.990000,11.950000,1252.720000
992,Exit long,2025-07-24 15:30,3737.220000,1,91.480000,2.5092,126.890000,1.580000,1232.600000
992,Entry long,2025-07-24 14:30,3645.740000,1,91.480000,2.5092,126.890000,1.580000,1232.600000
991,Exit short,2025-07-24 14:30,3645.740000,1,-24.280000,-0.6660,2.920000,29.440000,1141.120000
991,Entry short,2025-07-24 14:15,3621.460000,1,-24.280000,-0.6660,2.920000,29.440000,1141.120000
990,Exit long,2025-07-24 14:15,3621.460000,1,-20.020000,-0.5498,13.520000,30.370000,1165.400000
990,Entry long,2025-07-24 13:15,3641.480000,1,-20.020000,-0.5498,13.520000,30.370000,1165.400000
989,Exit long,2025-07-24 11:45,3654.580000,1,34.250000,0.9460,34.670000,1.720000,1185.420000
989,Entry long,2025-07-24 11:00,3620.330000,1,34.250000,0.9460,34.670000,1.720000,1185.420000
988,Exit short,2025-07-24 11:00,3620.330000,1,-20.380000,-0.5629,9.800000,24.920000,1151.170000
988,Entry short,2025-07-24 10:30,3599.950000,1,-20.380000,-0.5629,9.800000,24.920000,1151.170000
987,Exit long,2025-07-24 09:15,3628.510000,1,-7.240000,-0.1991,8.030000,20.800000,1171.550000
987,Entry long,2025-07-24 08:15,3635.750000,1,-7.240000,-0.1991,8.030000,20.800000,1171.550000
986,Exit short,2025-07-23 21:00,3567.050000,1,28.620000,0.8023,53.670000,17.210000,1178.790000
986,Entry short,2025-07-23 18:45,3595.670000,1,28.620000,0.8023,53.670000,17.210000,1178.790000
985,Exit short,2025-07-23 17:30,3567.270000,1,42.950000,1.2040,57.220000,7.590000,1150.170000
985,Entry short,2025-07-23 16:15,3610.220000,1,42.950000,1.2040,57.220000,7.590000,1150.170000
984,Exit short,2025-07-23 14:15,3587.420000,1,60.280000,1.6803,67.700000,32.330000,1107.220000
984,Entry short,2025-07-23 11:15,3647.700000,1,60.280000,1.6803,67.700000,32.330000,1107.220000
983,Exit long,2025-07-23 11:15,3647.700000,1,-75.230000,-2.0207,41.150000,84.160000,1046.940000
983,Entry long,2025-07-23 01:30,3722.930000,1,-75.230000,-2.0207,41.150000,84.160000,1046.940000
982,Exit long,2025-07-22 23:00,3719.480000,1,14.360000,0.3876,25.410000,0.000000,1122.170000
982,Entry long,2025-07-22 22:00,3705.120000,1,14.360000,0.3876,25.410000,0.000000,1122.170000
981,Exit short,2025-07-22 22:00,3705.120000,1,-6.220000,-0.1679,0.270000,11.110000,1107.810000
981,Entry short,2025-07-22 21:45,3698.900000,1,-6.220000,-0.1679,0.270000,11.110000,1107.810000
980,Exit long,2025-07-22 21:45,3698.900000,1,-3.100000,-0.0837,9.450000,8.200000,1114.030000
980,Entry long,2025-07-22 20:45,3702.000000,1,-3.100000,-0.0837,9.450000,8.200000,1114.030000
979,Exit short,2025-07-22 20:45,3702.000000,1,-19.230000,-0.5194,28.230000,20.960000,1117.130000
979,Entry short,2025-07-22 19:45,3682.770000,1,-19.230000,-0.5194,28.230000,20.960000,1117.130000
978,Exit long,2025-07-22 19:45,3682.770000,1,-27.700000,-0.7465,9.270000,33.960000,1136.360000
978,Entry long,2025-07-22 19:00,3710.470000,1,-27.700000,-0.7465,9.270000,33.960000,1136.360000
977,Exit short,2025-07-22 19:00,3710.470000,1,-19.920000,-0.5369,14.510000,34.250000,1164.060000
977,Entry short,2025-07-22 17:15,3690.550000,1,-19.920000,-0.5369,14.510000,34.250000,1164.060000
976,Exit long,2025-07-22 16:15,3739.280000,1,32.570000,0.8787,33.890000,14.810000,1183.980000
976,Entry long,2025-07-22 15:00,3706.710000,1,32.570000,0.8787,33.890000,14.810000,1183.980000
975,Exit short,2025-07-22 14:30,3661.310000,1,36.590000,0.9994,71.900000,21.480000,1151.410000
975,Entry short,2025-07-22 11:30,3697.900000,1,36.590000,0.9994,71.900000,21.480000,1151.410000
974,Exit short,2025-07-22 08:45,3644.200000,1,50.380000,1.3825,74.250000,19.320000,1114.820000
974,Entry short,2025-07-22 06:45,3694.580000,1,50.380000,1.3825,74.250000,19.320000,1114.820000
973,Exit short,2025-07-22 03:45,3712.530000,1,28.910000,0.7787,48.220000,57.140000,1064.440000
973,Entry short,2025-07-22 01:00,3741.440000,1,28.910000,0.7787,48.220000,57.140000,1064.440000
972,Exit long,2025-07-22 01:00,3741.440000,1,-32.550000,-0.8625,0.000000,33.990000,1035.530000
972,Entry long,2025-07-22 00:30,3773.990000,1,-32.550000,-0.8625,0.000000,33.990000,1035.530000
971,Exit short,2025-07-22 00:30,3773.990000,1,-18.940000,-0.5019,11.560000,23.760000,1068.080000
971,Entry short,2025-07-21 21:00,3755.050000,1,-18.940000,-0.5019,11.560000,23.760000,1068.080000
970,Exit short,2025-07-21 19:15,3764.630000,1,-6.470000,-0.1719,29.590000,9.380000,1087.020000
970,Entry short,2025-07-21 18:45,3758.160000,1,-6.470000,-0.1719,29.590000,9.380000,1087.020000
969,Exit short,2025-07-21 16:45,3774.400000,1,10.500000,0.2782,37.900000,11.100000,1093.490000
969,Entry short,2025-07-21 16:15,3784.900000,1,10.500000,0.2782,37.900000,11.100000,1093.490000
968,Exit long,2025-07-21 15:15,3842.300000,1,54.020000,1.4260,69.540000,1.810000,1082.990000
968,Entry long,2025-07-21 13:30,3788.280000,1,54.020000,1.4260,69.540000,1.810000,1082.990000
967,Exit short,2025-07-21 13:30,3788.280000,1,-12.930000,-0.3413,0.680000,14.110000,1028.970000
967,Entry short,2025-07-21 13:15,3775.350000,1,-12.930000,-0.3413,0.680000,14.110000,1028.970000
966,Exit long,2025-07-21 11:15,3806.360000,1,10.590000,0.2790,28.230000,40.710000,1041.900000
966,Entry long,2025-07-21 08:15,3795.770000,1,10.590000,0.2790,28.230000,40.710000,1041.900000
965,Exit long,2025-07-21 06:45,3784.890000,1,15.880000,0.4213,42.990000,2.460000,1031.310000
965,Entry long,2025-07-21 05:45,3769.010000,1,15.880000,0.4213,42.990000,2.460000,1031.310000
964,Exit long,2025-07-21 03:45,3754.530000,1,11.140000,0.2976,22.470000,8.640000,1015.430000
964,Entry long,2025-07-21 02:45,3743.390000,1,11.140000,0.2976,22.470000,8.640000,1015.430000
963,Exit short,2025-07-21 02:45,3743.390000,1,-15.420000,-0.4119,27.780000,20.910000,1004.290000
963,Entry short,2025-07-21 01:30,3727.970000,1,-15.420000,-0.4119,27.780000,20.910000,1004.290000
962,Exit long,2025-07-21 01:30,3727.970000,1,-18.160000,-0.4848,7.110000,25.630000,1019.710000
962,Entry long,2025-07-21 01:00,3746.130000,1,-18.160000,-0.4848,7.110000,25.630000,1019.710000
961,Exit short,2025-07-21 00:45,3728.030000,1,3.690000,0.0990,22.450000,3.170000,1037.870000
961,Entry short,2025-07-21 00:15,3731.720000,1,3.690000,0.0990,22.450000,3.170000,1037.870000
960,Exit long,2025-07-21 00:15,3731.720000,1,-14.270000,-0.3809,25.890000,65.990000,1034.180000
960,Entry long,2025-07-20 18:15,3745.990000,1,-14.270000,-0.3809,25.890000,65.990000,1034.180000
959,Exit long,2025-07-20 15:30,3755.350000,1,9.700000,0.2590,22.350000,5.650000,1048.450000
959,Entry long,2025-07-20 14:30,3745.650000,1,9.700000,0.2590,22.350000,5.650000,1048.450000
958,Exit long,2025-07-20 01:45,3611.270000,1,25.770000,0.7187,40.500000,1.940000,1038.750000
958,Entry long,2025-07-20 00:45,3585.500000,1,25.770000,0.7187,40.500000,1.940000,1038.750000
957,Exit long,2025-07-19 22:45,3578.980000,1,8.450000,0.2367,19.470000,9.400000,1012.980000
957,Entry long,2025-07-19 22:00,3570.530000,1,8.450000,0.2367,19.470000,9.400000,1012.980000
956,Exit short,2025-07-19 22:00,3570.530000,1,-19.800000,-0.5545,14.650000,22.600000,1004.530000
956,Entry short,2025-07-19 21:15,3550.730000,1,-19.800000,-0.5545,14.650000,22.600000,1004.530000
955,Exit long,2025-07-19 20:30,3582.410000,1,19.920000,0.5592,30.960000,1.660000,1024.330000
955,Entry long,2025-07-19 19:30,3562.490000,1,19.920000,0.5592,30.960000,1.660000,1024.330000
954,Exit short,2025-07-19 19:30,3562.490000,1,-10.120000,-0.2841,11.350000,11.250000,1004.410000
954,Entry short,2025-07-19 19:00,3552.370000,1,-10.120000,-0.2841,11.350000,11.250000,1004.410000
953,Exit short,2025-07-19 18:00,3542.120000,1,9.240000,0.2609,19.830000,18.540000,1014.530000
953,Entry short,2025-07-19 16:00,3551.360000,1,9.240000,0.2609,19.830000,18.540000,1014.530000
952,Exit long,2025-07-19 16:00,3551.360000,1,-10.010000,-0.2811,0.130000,11.370000,1005.290000
952,Entry long,2025-07-19 15:45,3561.370000,1,-10.010000,-0.2811,0.130000,11.370000,1005.290000
951,Exit short,2025-07-19 15:00,3530.990000,1,26.840000,0.7601,32.110000,2.760000,1015.300000
951,Entry short,2025-07-19 14:00,3557.830000,1,26.840000,0.7601,32.110000,2.760000,1015.300000
950,Exit long,2025-07-19 14:00,3557.830000,1,-4.820000,-0.1353,9.350000,14.100000,988.460000
950,Entry long,2025-07-19 13:15,3562.650000,1,-4.820000,-0.1353,9.350000,14.100000,988.460000
949,Exit short,2025-07-19 13:15,3562.650000,1,-5.890000,-0.1653,19.980000,20.400000,993.280000
949,Entry short,2025-07-19 11:00,3556.760000,1,-5.890000,-0.1653,19.980000,20.400000,993.280000
948,Exit short,2025-07-19 10:30,3558.220000,1,-0.860000,-0.0242,7.360000,2.640000,999.170000
948,Entry short,2025-07-19 10:00,3557.360000,1,-0.860000,-0.0242,7.360000,2.640000,999.170000
947,Exit long,2025-07-19 10:00,3557.360000,1,-13.180000,-0.3691,7.230000,24.760000,1000.030000
947,Entry long,2025-07-19 08:00,3570.540000,1,-13.180000,-0.3691,7.230000,24.760000,1000.030000
946,Exit short,2025-07-19 08:00,3570.540000,1,-2.070000,-0.0580,0.000000,6.280000,1013.210000
946,Entry short,2025-07-19 07:45,3568.470000,1,-2.070000,-0.0580,0.000000,6.280000,1013.210000
945,Exit long,2025-07-19 07:45,3568.470000,1,-1.730000,-0.0485,16.020000,3.850000,1015.280000
945,Entry long,2025-07-19 07:00,3570.200000,1,-1.730000,-0.0485,16.020000,3.850000,1015.280000
944,Exit short,2025-07-19 07:00,3570.200000,1,-3.260000,-0.0913,0.940000,10.830000,1017.010000
944,Entry short,2025-07-19 06:30,3566.940000,1,-3.260000,-0.0913,0.940000,10.830000,1017.010000
943,Exit long,2025-07-19 06:30,3566.940000,1,-25.010000,-0.6963,0.420000,25.520000,1020.270000
943,Entry long,2025-07-19 05:45,3591.950000,1,-25.010000,-0.6963,0.420000,25.520000,1020.270000
942,Exit short,2025-07-19 05:45,3591.950000,1,-50.690000,-1.4112,7.230000,66.740000,1045.280000
942,Entry short,2025-07-19 02:15,3541.260000,1,-50.690000,-1.4112,7.230000,66.740000,1045.280000
941,Exit short,2025-07-19 01:30,3536.760000,1,20.410000,0.5771,52.270000,7.670000,1095.970000
941,Entry short,2025-07-18 22:45,3557.170000,1,20.410000,0.5771,52.270000,7.670000,1095.970000
940,Exit long,2025-07-18 22:45,3557.170000,1,-13.840000,-0.3876,3.440000,14.300000,1075.560000
940,Entry long,2025-07-18 22:30,3571.010000,1,-13.840000,-0.3876,3.440000,14.300000,1075.560000
939,Exit short,2025-07-18 22:30,3571.010000,1,-28.600000,-0.8009,5.950000,35.590000,1089.400000
939,Entry short,2025-07-18 22:15,3542.410000,1,-28.600000,-0.8009,5.950000,35.590000,1089.400000
938,Exit short,2025-07-18 21:00,3516.350000,1,74.560000,2.1204,114.810000,1.900000,1118.000000
938,Entry short,2025-07-18 18:45,3590.910000,1,74.560000,2.1204,114.810000,1.900000,1118.000000
937,Exit long,2025-07-18 18:45,3590.910000,1,-21.130000,-0.5850,12.670000,47.550000,1043.440000
937,Entry long,2025-07-18 17:30,3612.040000,1,-21.130000,-0.5850,12.670000,47.550000,1043.440000
936,Exit short,2025-07-18 17:30,3612.040000,1,-35.600000,-0.9856,0.020000,39.530000,1064.570000
936,Entry short,2025-07-18 17:15,3576.440000,1,-35.600000,-0.9856,0.020000,39.530000,1064.570000
935,Exit short,2025-07-18 15:00,3586.000000,1,12.080000,0.3369,42.610000,8.200000,1100.170000
935,Entry short,2025-07-18 14:30,3598.080000,1,12.080000,0.3369,42.610000,8.200000,1100.170000
934,Exit long,2025-07-18 14:15,3665.000000,1,48.340000,1.3366,57.060000,32.660000,1088.090000
934,Entry long,2025-07-18 08:15,3616.660000,1,48.340000,1.3366,57.060000,32.660000,1088.090000
933,Exit long,2025-07-18 05:45,3649.000000,1,55.320000,1.5394,62.320000,2.840000,1039.750000
933,Entry long,2025-07-18 04:30,3593.680000,1,55.320000,1.5394,62.320000,2.840000,1039.750000
932,Exit long,2025-07-18 01:15,3575.190000,1,96.870000,2.7850,106.800000,0.000000,984.430000
932,Entry long,2025-07-18 00:30,3478.320000,1,96.870000,2.7850,106.800000,0.000000,984.430000
931,Exit long,2025-07-17 23:45,3477.400000,1,-8.980000,-0.2576,37.620000,12.160000,887.560000
931,Entry long,2025-07-17 23:15,3486.380000,1,-8.980000,-0.2576,37.620000,12.160000,887.560000
930,Exit long,2025-07-17 21:45,3465.200000,1,45.680000,1.3359,82.350000,3.710000,896.540000
930,Entry long,2025-07-17 21:00,3419.520000,1,45.680000,1.3359,82.350000,3.710000,896.540000
929,Exit short,2025-07-17 21:00,3419.520000,1,-8.750000,-0.2559,40.110000,8.950000,850.860000
929,Entry short,2025-07-17 20:00,3410.770000,1,-8.750000,-0.2559,40.110000,8.950000,850.860000
928,Exit long,2025-07-17 18:30,3430.000000,1,6.200000,0.1811,13.550000,6.440000,859.610000
928,Entry long,2025-07-17 18:00,3423.800000,1,6.200000,0.1811,13.550000,6.440000,859.610000
927,Exit short,2025-07-17 17:15,3405.600000,1,1.060000,0.0311,41.650000,7.430000,853.410000
927,Entry short,2025-07-17 16:15,3406.660000,1,1.060000,0.0311,41.650000,7.430000,853.410000
926,Exit long,2025-07-17 16:15,3406.660000,1,-28.020000,-0.8158,6.530000,72.680000,852.350000
926,Entry long,2025-07-17 12:00,3434.680000,1,-28.020000,-0.8158,6.530000,72.680000,852.350000
925,Exit long,2025-07-17 07:00,3441.120000,1,93.990000,2.8081,99.370000,34.120000,880.370000
925,Entry long,2025-07-17 02:15,3347.130000,1,93.990000,2.8081,99.370000,34.120000,880.370000
924,Exit long,2025-07-17 00:45,3386.880000,1,27.830000,0.8285,39.510000,13.980000,786.380000
924,Entry long,2025-07-16 23:15,3359.050000,1,27.830000,0.8285,39.510000,13.980000,786.380000
923,Exit long,2025-07-16 22:30,3374.030000,1,0.720000,0.0213,16.040000,1.250000,758.550000
923,Entry long,2025-07-16 22:00,3373.310000,1,0.720000,0.0213,16.040000,1.250000,758.550000
922,Exit long,2025-07-16 13:45,3172.960000,1,18.590000,0.5893,34.320000,11.370000,757.830000
922,Entry long,2025-07-16 10:15,3154.370000,1,18.590000,0.5893,34.320000,11.370000,757.830000
921,Exit long,2025-07-16 05:45,3144.060000,1,28.770000,0.9235,32.440000,15.690000,739.240000
921,Entry long,2025-07-16 03:00,3115.290000,1,28.770000,0.9235,32.440000,15.690000,739.240000
920,Exit long,2025-07-15 22:15,3072.500000,1,6.970000,0.2274,20.710000,36.160000,710.470000
920,Entry long,2025-07-15 19:00,3065.530000,1,6.970000,0.2274,20.710000,36.160000,710.470000
919,Exit long,2025-07-15 16:45,3060.000000,1,62.570000,2.0875,65.820000,0.000000,703.500000
919,Entry long,2025-07-15 15:30,2997.430000,1,62.570000,2.0875,65.820000,0.000000,703.500000
918,Exit short,2025-07-15 15:30,2997.430000,1,-20.520000,-0.6846,10.640000,25.090000,640.930000
918,Entry short,2025-07-15 15:00,2976.910000,1,-20.520000,-0.6846,10.640000,25.090000,640.930000
917,Exit long,2025-07-15 13:45,3038.110000,1,57.950000,1.9445,60.340000,13.750000,661.450000
917,Entry long,2025-07-15 12:00,2980.160000,1,57.950000,1.9445,60.340000,13.750000,661.450000
916,Exit short,2025-07-15 12:00,2980.160000,1,-12.150000,-0.4077,10.010000,26.330000,603.500000
916,Entry short,2025-07-15 05:15,2968.010000,1,-12.150000,-0.4077,10.010000,26.330000,603.500000
915,Exit short,2025-07-15 01:30,2976.430000,1,24.270000,0.8154,39.060000,21.800000,615.650000
915,Entry short,2025-07-14 21:15,3000.700000,1,24.270000,0.8154,39.060000,21.800000,615.650000
914,Exit short,2025-07-14 17:30,3010.680000,1,13.680000,0.4544,18.070000,0.080000,591.380000
914,Entry short,2025-07-14 17:00,3024.360000,1,13.680000,0.4544,18.070000,0.080000,591.380000
913,Exit long,2025-07-14 17:00,3024.360000,1,-29.370000,-0.9618,13.880000,63.040000,577.700000
913,Entry long,2025-07-14 13:15,3053.730000,1,-29.370000,-0.9618,13.880000,63.040000,577.700000
912,Exit long,2025-07-14 11:15,3073.340000,1,45.560000,1.5047,55.220000,9.140000,607.070000
912,Entry long,2025-07-14 06:15,3027.780000,1,45.560000,1.5047,55.220000,9.140000,607.070000
911,Exit long,2025-07-14 03:15,3005.520000,1,24.860000,0.8340,35.090000,1.640000,561.510000
911,Entry long,2025-07-14 02:15,2980.660000,1,24.860000,0.8340,35.090000,1.640000,561.510000
910,Exit short,2025-07-14 02:15,2980.660000,1,-6.720000,-0.2255,12.500000,9.290000,536.650000
910,Entry short,2025-07-14 01:00,2973.940000,1,-6.720000,-0.2255,12.500000,9.290000,536.650000
909,Exit long,2025-07-14 00:45,2984.390000,1,-6.310000,-0.2110,6.780000,60.700000,543.370000
909,Entry long,2025-07-13 20:30,2990.700000,1,-6.310000,-0.2110,6.780000,60.700000,543.370000
908,Exit long,2025-07-13 18:45,2994.150000,1,-5.390000,-0.1797,4.460000,38.960000,549.680000
908,Entry long,2025-07-13 15:15,2999.540000,1,-5.390000,-0.1797,4.460000,38.960000,549.680000
907,Exit long,2025-07-13 12:00,2963.320000,1,3.740000,0.1264,5.420000,4.740000,555.070000
907,Entry long,2025-07-13 11:15,2959.580000,1,3.740000,0.1264,5.420000,4.740000,555.070000
906,Exit short,2025-07-13 11:15,2959.580000,1,-9.870000,-0.3335,5.590000,11.930000,551.330000
906,Entry short,2025-07-13 10:45,2949.710000,1,-9.870000,-0.3335,5.590000,11.930000,551.330000
905,Exit long,2025-07-13 10:45,2949.710000,1,-1.830000,-0.0620,4.620000,8.490000,561.200000
905,Entry long,2025-07-13 09:15,2951.540000,1,-1.830000,-0.0620,4.620000,8.490000,561.200000
904,Exit long,2025-07-13 07:15,2958.150000,1,5.780000,0.1958,15.520000,0.540000,563.030000
904,Entry long,2025-07-13 06:15,2952.370000,1,5.780000,0.1958,15.520000,0.540000,563.030000
903,Exit short,2025-07-13 06:15,2952.370000,1,-12.380000,-0.4193,2.960000,23.010000,557.250000
903,Entry short,2025-07-13 02:30,2939.990000,1,-12.380000,-0.4193,2.960000,23.010000,557.250000
902,Exit long,2025-07-13 02:15,2944.840000,1,-1.010000,-0.0343,6.150000,1.870000,569.630000
902,Entry long,2025-07-13 01:45,2945.850000,1,-1.010000,-0.0343,6.150000,1.870000,569.630000
901,Exit long,2025-07-13 01:15,2943.890000,1,3.890000,0.1323,9.000000,2.460000,570.640000
901,Entry long,2025-07-13 00:15,2940.000000,1,3.890000,0.1323,9.000000,2.460000,570.640000
900,Exit short,2025-07-13 00:15,2940.000000,1,-2.030000,-0.0690,13.980000,9.030000,566.750000
900,Entry short,2025-07-12 22:00,2937.970000,1,-2.030000,-0.0690,13.980000,9.030000,566.750000
899,Exit short,2025-07-12 21:15,2922.900000,1,6.910000,0.2364,16.270000,15.050000,568.780000
899,Entry short,2025-07-12 17:15,2929.810000,1,6.910000,0.2364,16.270000,15.050000,568.780000
898,Exit short,2025-07-12 15:30,2924.440000,1,21.190000,0.7246,32.630000,0.000000,561.870000
898,Entry short,2025-07-12 14:30,2945.630000,1,21.190000,0.7246,32.630000,0.000000,561.870000
897,Exit long,2025-07-12 11:00,2974.670000,1,9.510000,0.3207,13.520000,0.010000,540.680000
897,Entry long,2025-07-12 09:15,2965.160000,1,9.510000,0.3207,13.520000,0.010000,540.680000
896,Exit short,2025-07-12 09:15,2965.160000,1,-20.000000,-0.6745,0.000000,32.840000,531.170000
896,Entry short,2025-07-12 06:15,2945.160000,1,-20.000000,-0.6745,0.000000,32.840000,531.170000
895,Exit short,2025-07-12 05:30,2950.940000,1,8.220000,0.2786,19.160000,10.800000,551.170000
895,Entry short,2025-07-12 01:45,2959.160000,1,8.220000,0.2786,19.160000,10.800000,551.170000
894,Exit long,2025-07-12 01:45,2959.160000,1,-36.140000,-1.2066,0.500000,73.320000,542.950000
894,Entry long,2025-07-11 21:30,2995.300000,1,-36.140000,-1.2066,0.500000,73.320000,542.950000
893,Exit short,2025-07-11 21:30,2995.300000,1,-14.130000,-0.4717,14.860000,14.130000,579.090000
893,Entry short,2025-07-11 20:45,2981.170000,1,-14.130000,-0.4717,14.860000,14.130000,579.090000
892,Exit long,2025-07-11 18:30,2984.710000,1,5.770000,0.1937,21.060000,2.940000,593.220000
892,Entry long,2025-07-11 17:15,2978.940000,1,5.770000,0.1937,21.060000,2.940000,593.220000
891,Exit short,2025-07-11 16:30,2966.650000,1,-16.190000,-0.5457,14.460000,17.680000,587.450000
891,Entry short,2025-07-11 16:00,2950.460000,1,-16.190000,-0.5457,14.460000,17.680000,587.450000
890,Exit long,2025-07-11 16:00,2950.460000,1,-33.040000,-1.1074,12.470000,48.450000,603.640000
890,Entry long,2025-07-11 15:30,2983.500000,1,-33.040000,-1.1074,12.470000,48.450000,603.640000
889,Exit short,2025-07-11 15:30,2983.500000,1,-12.440000,-0.4170,0.910000,16.520000,636.680000
889,Entry short,2025-07-11 15:15,2971.060000,1,-12.440000,-0.4170,0.910000,16.520000,636.680000
888,Exit long,2025-07-11 15:15,2971.060000,1,-39.710000,-1.3189,1.140000,45.220000,649.120000
888,Entry long,2025-07-11 10:30,3010.770000,1,-39.710000,-1.3189,1.140000,45.220000,649.120000
887,Exit long,2025-07-11 09:15,3005.710000,1,6.110000,0.2037,9.790000,39.090000,688.830000
887,Entry long,2025-07-11 07:45,2999.600000,1,6.110000,0.2037,9.790000,39.090000,688.830000
886,Exit long,2025-07-11 05:45,3009.360000,1,40.070000,1.3495,52.320000,3.010000,682.720000
886,Entry long,2025-07-11 05:00,2969.290000,1,40.070000,1.3495,52.320000,3.010000,682.720000
885,Exit long,2025-07-11 02:00,2953.760000,1,27.530000,0.9408,30.470000,1.910000,642.650000
885,Entry long,2025-07-11 00:45,2926.230000,1,27.530000,0.9408,30.470000,1.910000,642.650000
884,Exit long,2025-07-10 21:00,2817.020000,1,2.410000,0.0856,10.390000,3.410000,615.120000
884,Entry long,2025-07-10 20:00,2814.610000,1,2.410000,0.0856,10.390000,3.410000,615.120000
883,Exit long,2025-07-10 19:30,2812.120000,1,2.300000,0.0819,10.680000,1.300000,612.710000
883,Entry long,2025-07-10 19:00,2809.820000,1,2.300000,0.0819,10.680000,1.300000,612.710000
882,Exit long,2025-07-10 17:15,2818.000000,1,41.340000,1.4888,52.320000,4.660000,610.410000
882,Entry long,2025-07-10 16:15,2776.660000,1,41.340000,1.4888,52.320000,4.660000,610.410000
881,Exit short,2025-07-10 16:15,2776.660000,1,-4.390000,-0.1581,14.750000,7.490000,569.070000
881,Entry short,2025-07-10 15:30,2772.270000,1,-4.390000,-0.1581,14.750000,7.490000,569.070000
880,Exit long,2025-07-10 15:30,2772.270000,1,-16.150000,-0.5792,7.450000,31.700000,573.460000
880,Entry long,2025-07-10 08:30,2788.420000,1,-16.150000,-0.5792,7.450000,31.700000,573.460000
879,Exit long,2025-07-10 07:00,2793.890000,1,23.640000,0.8534,29.160000,0.000000,589.610000
879,Entry long,2025-07-10 04:30,2770.250000,1,23.640000,0.8534,29.160000,0.000000,589.610000
878,Exit long,2025-07-10 02:45,2777.880000,1,22.080000,0.8012,42.200000,1.720000,565.970000
878,Entry long,2025-07-10 01:00,2755.800000,1,22.080000,0.8012,42.200000,1.720000,565.970000
877,Exit long,2025-07-09 18:45,2709.850000,1,49.260000,1.8515,63.170000,0.510000,543.890000
877,Entry long,2025-07-09 18:00,2660.590000,1,49.260000,1.8515,63.170000,0.510000,543.890000
876,Exit long,2025-07-09 16:30,2659.980000,1,11.310000,0.4270,14.080000,20.670000,494.630000
876,Entry long,2025-07-09 14:30,2648.670000,1,11.310000,0.4270,14.080000,20.670000,494.630000
875,Exit long,2025-07-09 13:00,2659.000000,1,38.980000,1.4878,45.600000,17.480000,483.320000
875,Entry long,2025-07-09 08:45,2620.020000,1,38.980000,1.4878,45.600000,17.480000,483.320000
874,Exit long,2025-07-09 06:15,2620.140000,1,10.920000,0.4185,39.780000,20.730000,444.340000
874,Entry long,2025-07-08 20:00,2609.220000,1,10.920000,0.4185,39.780000,20.730000,444.340000
873,Exit long,2025-07-08 17:45,2606.200000,1,28.290000,1.0974,42.020000,21.550000,433.420000
873,Entry long,2025-07-08 14:45,2577.910000,1,28.290000,1.0974,42.020000,21.550000,433.420000
872,Exit long,2025-07-08 11:15,2578.150000,1,27.790000,1.0897,34.630000,8.360000,405.130000
872,Entry long,2025-07-08 07:45,2550.360000,1,27.790000,1.0897,34.630000,8.360000,405.130000
871,Exit long,2025-07-08 05:30,2547.220000,1,6.700000,0.2637,6.780000,1.520000,377.340000
871,Entry long,2025-07-08 04:45,2540.520000,1,6.700000,0.2637,6.780000,1.520000,377.340000
870,Exit short,2025-07-08 04:45,2540.520000,1,-7.010000,-0.2759,2.790000,9.770000,370.640000
870,Entry short,2025-07-08 04:15,2533.510000,1,-7.010000,-0.2759,2.790000,9.770000,370.640000
869,Exit short,2025-07-08 01:45,2528.560000,1,6.830000,0.2701,6.960000,18.430000,377.650000
869,Entry short,2025-07-07 22:15,2535.390000,1,6.830000,0.2701,6.960000,18.430000,377.650000
868,Exit short,2025-07-07 21:15,2530.020000,1,12.540000,0.4956,13.870000,14.440000,370.820000
868,Entry short,2025-07-07 19:15,2542.560000,1,12.540000,0.4956,13.870000,14.440000,370.820000
867,Exit long,2025-07-07 09:15,2578.720000,1,9.720000,0.3784,18.730000,3.000000,358.280000
867,Entry long,2025-07-07 07:30,2569.000000,1,9.720000,0.3784,18.730000,3.000000,358.280000
866,Exit short,2025-07-07 07:15,2568.730000,1,-4.380000,-0.1705,5.730000,5.060000,348.560000
866,Entry short,2025-07-07 06:45,2564.350000,1,-4.380000,-0.1705,5.730000,5.060000,348.560000
865,Exit long,2025-07-07 06:45,2564.350000,1,-9.800000,-0.3807,2.760000,12.140000,352.940000
865,Entry long,2025-07-07 04:30,2574.150000,1,-9.800000,-0.3807,2.760000,12.140000,352.940000
864,Exit long,2025-07-07 02:45,2580.720000,1,11.580000,0.4507,14.160000,20.110000,362.740000
864,Entry long,2025-07-07 00:00,2569.140000,1,11.580000,0.4507,14.160000,20.110000,362.740000
863,Exit long,2025-07-06 20:45,2547.480000,1,-3.620000,-0.1419,0.910000,28.410000,351.160000
863,Entry long,2025-07-06 17:00,2551.100000,1,-3.620000,-0.1419,0.910000,28.410000,351.160000
862,Exit short,2025-07-06 17:00,2551.100000,1,-39.670000,-1.5550,0.010000,57.970000,354.780000
862,Entry short,2025-07-06 12:30,2511.430000,1,-39.670000,-1.5550,0.010000,57.970000,354.780000
861,Exit long,2025-07-06 12:30,2511.430000,1,-3.290000,-0.1308,0.260000,4.160000,394.450000
861,Entry long,2025-07-06 12:00,2514.720000,1,-3.290000,-0.1308,0.260000,4.160000,394.450000
860,Exit short,2025-07-06 12:00,2514.720000,1,-7.720000,-0.3070,0.970000,8.220000,397.740000
860,Entry short,2025-07-06 11:00,2507.000000,1,-7.720000,-0.3070,0.970000,8.220000,397.740000
859,Exit short,2025-07-06 10:30,2509.000000,1,-2.870000,-0.1144,3.880000,3.140000,405.460000
859,Entry short,2025-07-06 10:00,2506.130000,1,-2.870000,-0.1144,3.880000,3.140000,405.460000
858,Exit long,2025-07-06 10:00,2506.130000,1,-7.590000,-0.3019,2.890000,8.700000,408.330000
858,Entry long,2025-07-06 09:30,2513.720000,1,-7.590000,-0.3019,2.890000,8.700000,408.330000
857,Exit short,2025-07-06 08:45,2511.930000,1,0.540000,0.0215,5.030000,0.140000,415.920000
857,Entry short,2025-07-06 08:15,2512.470000,1,0.540000,0.0215,5.030000,0.140000,415.920000
856,Exit short,2025-07-06 05:00,2511.140000,1,-0.280000,-0.0112,1.290000,1.560000,415.380000
856,Entry short,2025-07-06 04:30,2510.860000,1,-0.280000,-0.0112,1.290000,1.560000,415.380000
855,Exit long,2025-07-06 04:30,2510.860000,1,-4.720000,-0.1876,4.240000,7.520000,415.660000
855,Entry long,2025-07-06 00:30,2515.580000,1,-4.720000,-0.1876,4.240000,7.520000,415.660000
854,Exit short,2025-07-06 00:30,2515.580000,1,-14.750000,-0.5863,3.830000,20.910000,420.380000
854,Entry short,2025-07-05 20:15,2500.830000,1,-14.750000,-0.5863,3.830000,20.910000,420.380000
853,Exit long,2025-07-05 20:15,2500.830000,1,-16.670000,-0.6622,0.310000,31.190000,435.130000
853,Entry long,2025-07-05 15:00,2517.500000,1,-16.670000,-0.6622,0.310000,31.190000,435.130000
852,Exit short,2025-07-05 15:00,2517.500000,1,-1.700000,-0.0675,5.250000,3.490000,451.800000
852,Entry short,2025-07-05 13:45,2515.800000,1,-1.700000,-0.0675,5.250000,3.490000,451.800000
851,Exit long,2025-07-05 13:45,2515.800000,1,-4.460000,-0.1770,4.470000,11.160000,453.500000
851,Entry long,2025-07-05 10:00,2520.260000,1,-4.460000,-0.1770,4.470000,11.160000,453.500000
850,Exit short,2025-07-05 09:15,2510.810000,1,2.470000,0.0984,4.940000,3.060000,457.960000
850,Entry short,2025-07-05 08:45,2513.280000,1,2.470000,0.0984,4.940000,3.060000,457.960000
849,Exit long,2025-07-05 08:45,2513.280000,1,-9.930000,-0.3935,0.750000,11.210000,455.490000
849,Entry long,2025-07-05 08:15,2523.210000,1,-9.930000,-0.3935,0.750000,11.210000,455.490000
848,Exit long,2025-07-05 07:00,2526.190000,1,2.660000,0.1054,4.470000,11.530000,465.420000
848,Entry long,2025-07-05 04:30,2523.530000,1,2.660000,0.1054,4.470000,11.530000,465.420000
847,Exit long,2025-07-05 03:30,2520.400000,1,8.250000,0.3284,11.790000,15.360000,462.760000
847,Entry long,2025-07-05 01:45,2512.150000,1,8.250000,0.3284,11.790000,15.360000,462.760000
846,Exit short,2025-07-05 01:45,2512.150000,1,-2.680000,-0.1067,3.980000,5.320000,454.510000
846,Entry short,2025-07-05 01:15,2509.470000,1,-2.680000,-0.1067,3.980000,5.320000,454.510000
845,Exit long,2025-07-05 00:45,2515.560000,1,2.120000,0.0843,3.560000,2.360000,457.190000
845,Entry long,2025-07-05 00:15,2513.440000,1,2.120000,0.0843,3.560000,2.360000,457.190000
844,Exit short,2025-07-05 00:15,2513.440000,1,-24.130000,-0.9600,3.390000,30.290000,455.070000
844,Entry short,2025-07-04 21:00,2489.310000,1,-24.130000,-0.9600,3.390000,30.290000,455.070000
843,Exit short,2025-07-04 13:45,2530.720000,1,24.430000,0.9653,26.010000,0.590000,479.200000
843,Entry short,2025-07-04 09:45,2555.150000,1,24.430000,0.9653,26.010000,0.590000,479.200000
842,Exit short,2025-07-04 06:45,2558.270000,1,9.470000,0.3702,20.250000,1.260000,454.770000
842,Entry short,2025-07-04 06:00,2567.740000,1,9.470000,0.3702,20.250000,1.260000,454.770000
841,Exit short,2025-07-04 03:15,2577.010000,1,10.600000,0.4113,17.540000,0.210000,445.300000
841,Entry short,2025-07-04 02:30,2587.610000,1,10.600000,0.4113,17.540000,0.210000,445.300000
840,Exit long,2025-07-04 02:30,2587.610000,1,-1.380000,-0.0533,1.930000,5.880000,434.700000
840,Entry long,2025-07-04 02:00,2588.990000,1,-1.380000,-0.0533,1.930000,5.880000,434.700000
839,Exit short,2025-07-04 02:00,2588.990000,1,-1.500000,-0.0579,0.800000,3.590000,436.080000
839,Entry short,2025-07-04 01:45,2587.490000,1,-1.500000,-0.0579,0.800000,3.590000,436.080000
838,Exit long,2025-07-04 01:45,2587.490000,1,-2.690000,-0.1039,11.780000,10.180000,437.580000
838,Entry long,2025-07-04 00:00,2590.180000,1,-2.690000,-0.1039,11.780000,10.180000,437.580000
837,Exit short,2025-07-04 00:00,2590.180000,1,-2.880000,-0.1112,2.920000,3.020000,440.270000
837,Entry short,2025-07-03 23:30,2587.300000,1,-2.880000,-0.1112,2.920000,3.020000,440.270000
836,Exit long,2025-07-03 23:30,2587.300000,1,-7.030000,-0.2710,6.250000,8.990000,443.150000
836,Entry long,2025-07-03 22:00,2594.330000,1,-7.030000,-0.2710,6.250000,8.990000,443.150000
835,Exit long,2025-07-03 21:15,2594.180000,1,0.220000,0.0085,8.800000,30.210000,450.180000
835,Entry long,2025-07-03 15:00,2593.960000,1,0.220000,0.0085,8.800000,30.210000,450.180000
834,Exit long,2025-07-03 14:15,2613.490000,1,21.710000,0.8376,43.220000,28.010000,449.960000
834,Entry long,2025-07-03 10:45,2591.780000,1,21.710000,0.8376,43.220000,28.010000,449.960000
833,Exit long,2025-07-03 06:15,2590.470000,1,17.060000,0.6629,27.240000,18.160000,428.250000
833,Entry long,2025-07-03 00:15,2573.410000,1,17.060000,0.6629,27.240000,18.160000,428.250000
832,Exit long,2025-07-02 15:00,2468.340000,1,18.790000,0.7671,22.160000,19.130000,411.190000
832,Entry long,2025-07-02 09:15,2449.550000,1,18.790000,0.7671,22.160000,19.130000,411.190000
831,Exit short,2025-07-02 09:15,2449.550000,1,-43.670000,-1.7828,38.350000,48.920000,392.400000
831,Entry short,2025-07-02 00:45,2405.880000,1,-43.670000,-1.7828,38.350000,48.920000,392.400000
830,Exit short,2025-07-01 23:45,2400.680000,1,-1.030000,-0.0429,16.320000,1.440000,436.070000
830,Entry short,2025-07-01 23:00,2399.650000,1,-1.030000,-0.0429,16.320000,1.440000,436.070000
829,Exit short,2025-07-01 22:15,2406.680000,1,-1.670000,-0.0694,7.080000,12.420000,437.100000
829,Entry short,2025-07-01 21:15,2405.010000,1,-1.670000,-0.0694,7.080000,12.420000,437.100000
828,Exit short,2025-07-01 19:00,2409.130000,1,18.610000,0.7725,27.740000,5.500000,438.770000
828,Entry short,2025-07-01 16:30,2427.740000,1,18.610000,0.7725,27.740000,5.500000,438.770000
827,Exit short,2025-07-01 15:15,2418.100000,1,23.790000,0.9838,36.840000,13.410000,420.160000
827,Entry short,2025-07-01 14:00,2441.890000,1,23.790000,0.9838,36.840000,13.410000,420.160000
826,Exit short,2025-07-01 13:15,2435.880000,1,16.810000,0.6901,19.690000,5.260000,396.370000
826,Entry short,2025-07-01 10:30,2452.690000,1,16.810000,0.6901,19.690000,5.260000,396.370000
825,Exit short,2025-07-01 08:45,2453.150000,1,10.870000,0.4431,12.010000,0.000000,379.560000
825,Entry short,2025-07-01 08:00,2464.020000,1,10.870000,0.4431,12.010000,0.000000,379.560000
824,Exit long,2025-07-01 08:00,2464.020000,1,-30.590000,-1.2262,4.990000,50.730000,368.690000
824,Entry long,2025-06-30 21:45,2494.610000,1,-30.590000,-1.2262,4.990000,50.730000,368.690000
823,Exit long,2025-06-30 17:45,2484.230000,1,12.720000,0.5147,18.470000,3.950000,399.280000
823,Entry long,2025-06-30 16:45,2471.510000,1,12.720000,0.5147,18.470000,3.950000,399.280000
822,Exit short,2025-06-30 16:45,2471.510000,1,-10.290000,-0.4163,29.350000,26.900000,386.560000
822,Entry short,2025-06-30 14:00,2461.220000,1,-10.290000,-0.4163,29.350000,26.900000,386.560000
821,Exit long,2025-06-30 14:00,2461.220000,1,-10.530000,-0.4260,1.730000,14.570000,396.850000
821,Entry long,2025-06-30 13:30,2471.750000,1,-10.530000,-0.4260,1.730000,14.570000,396.850000
820,Exit short,2025-06-30 13:30,2471.750000,1,-10.060000,-0.4070,6.670000,11.600000,407.380000
820,Entry short,2025-06-30 11:45,2461.690000,1,-10.060000,-0.4070,6.670000,11.600000,407.380000
819,Exit long,2025-06-30 11:45,2461.690000,1,-38.870000,-1.5545,4.250000,55.360000,417.440000
819,Entry long,2025-06-30 03:15,2500.560000,1,-38.870000,-1.5545,4.250000,55.360000,417.440000
818,Exit short,2025-06-30 03:15,2500.560000,1,-60.780000,-2.4307,33.330000,84.630000,456.310000
818,Entry short,2025-06-29 18:45,2439.780000,1,-60.780000,-2.4307,33.330000,84.630000,456.310000
817,Exit long,2025-06-29 18:45,2439.780000,1,-12.670000,-0.5166,1.250000,24.450000,517.090000
817,Entry long,2025-06-29 13:15,2452.450000,1,-12.670000,-0.5166,1.250000,24.450000,517.090000
816,Exit short,2025-06-29 13:15,2452.450000,1,-24.490000,-0.9986,1.570000,36.000000,529.760000
816,Entry short,2025-06-29 04:45,2427.960000,1,-24.490000,-0.9986,1.570000,36.000000,529.760000
815,Exit short,2025-06-29 04:15,2429.960000,1,-3.850000,-0.1584,0.540000,3.860000,554.250000
815,Entry short,2025-06-29 03:45,2426.110000,1,-3.850000,-0.1584,0.540000,3.860000,554.250000
814,Exit short,2025-06-29 02:30,2427.870000,1,1.910000,0.0787,6.660000,1.470000,558.100000
814,Entry short,2025-06-29 01:45,2429.780000,1,1.910000,0.0787,6.660000,1.470000,558.100000
813,Exit long,2025-06-29 01:45,2429.780000,1,-6.270000,-0.2574,5.630000,7.490000,556.190000
813,Entry long,2025-06-29 00:45,2436.050000,1,-6.270000,-0.2574,5.630000,7.490000,556.190000
812,Exit long,2025-06-28 22:30,2437.290000,1,3.050000,0.1253,5.080000,8.440000,562.460000
812,Entry long,2025-06-28 19:15,2434.240000,1,3.050000,0.1253,5.080000,8.440000,562.460000
811,Exit long,2025-06-28 16:30,2435.770000,1,10.610000,0.4375,18.830000,3.010000,559.410000
811,Entry long,2025-06-28 14:15,2425.160000,1,10.610000,0.4375,18.830000,3.010000,559.410000
810,Exit short,2025-06-28 14:15,2425.160000,1,-1.990000,-0.0821,4.420000,2.190000,548.800000
810,Entry short,2025-06-28 13:30,2423.170000,1,-1.990000,-0.0821,4.420000,2.190000,548.800000
809,Exit long,2025-06-28 13:30,2423.170000,1,-3.090000,-0.1274,1.830000,5.240000,550.790000
809,Entry long,2025-06-28 12:00,2426.260000,1,-3.090000,-0.1274,1.830000,5.240000,550.790000
808,Exit long,2025-06-28 11:30,2427.000000,1,4.810000,0.1986,7.120000,3.900000,553.880000
808,Entry long,2025-06-28 08:45,2422.190000,1,4.810000,0.1986,7.120000,3.900000,553.880000
807,Exit short,2025-06-28 08:45,2422.190000,1,-0.930000,-0.0384,2.760000,3.310000,549.070000
807,Entry short,2025-06-28 08:15,2421.260000,1,-0.930000,-0.0384,2.760000,3.310000,549.070000
806,Exit long,2025-06-28 06:45,2423.850000,1,-1.570000,-0.0647,0.270000,2.930000,550.000000
806,Entry long,2025-06-28 06:15,2425.420000,1,-1.570000,-0.0647,0.270000,2.930000,550.000000
805,Exit short,2025-06-28 06:15,2425.420000,1,-7.730000,-0.3187,2.410000,10.140000,551.570000
805,Entry short,2025-06-28 03:00,2417.690000,1,-7.730000,-0.3187,2.410000,10.140000,551.570000
804,Exit short,2025-06-28 01:45,2412.980000,1,-4.880000,-0.2022,3.350000,20.900000,559.300000
804,Entry short,2025-06-27 19:45,2408.100000,1,-4.880000,-0.2022,3.350000,20.900000,559.300000
803,Exit short,2025-06-27 18:15,2401.140000,1,31.180000,1.2985,38.130000,16.370000,564.180000
803,Entry short,2025-06-27 16:15,2432.320000,1,31.180000,1.2985,38.130000,16.370000,564.180000
802,Exit long,2025-06-27 16:15,2432.320000,1,-5.310000,-0.2178,4.410000,5.560000,533.000000
802,Entry long,2025-06-27 15:45,2437.630000,1,-5.310000,-0.2178,4.410000,5.560000,533.000000
801,Exit short,2025-06-27 13:30,2424.600000,1,12.620000,0.5205,16.530000,2.710000,538.310000
801,Entry short,2025-06-27 12:45,2437.220000,1,12.620000,0.5205,16.530000,2.710000,538.310000
800,Exit long,2025-06-27 12:45,2437.220000,1,-10.760000,-0.4395,8.350000,12.980000,525.690000
800,Entry long,2025-06-27 10:45,2447.980000,1,-10.760000,-0.4395,8.350000,12.980000,525.690000
799,Exit long,2025-06-27 10:15,2450.640000,1,13.920000,0.5713,26.660000,0.880000,536.450000
799,Entry long,2025-06-27 08:30,2436.720000,1,13.920000,0.5713,26.660000,0.880000,536.450000
798,Exit long,2025-06-27 07:15,2451.120000,1,13.620000,0.5588,14.250000,2.100000,522.530000
798,Entry long,2025-06-27 05:45,2437.500000,1,13.620000,0.5588,14.250000,2.100000,522.530000
797,Exit short,2025-06-27 05:45,2437.500000,1,-19.470000,-0.7988,41.030000,34.290000,508.910000
797,Entry short,2025-06-27 00:30,2418.030000,1,-19.470000,-0.7988,41.030000,34.290000,508.910000
796,Exit short,2025-06-26 21:45,2409.010000,1,28.950000,1.2017,45.840000,18.620000,528.380000
796,Entry short,2025-06-26 20:15,2437.960000,1,28.950000,1.2017,45.840000,18.620000,528.380000
795,Exit short,2025-06-26 16:00,2432.000000,1,7.260000,0.2985,31.250000,7.420000,499.430000
795,Entry short,2025-06-26 15:15,2439.260000,1,7.260000,0.2985,31.250000,7.420000,499.430000
794,Exit long,2025-06-26 15:15,2439.260000,1,-46.680000,-1.8778,2.220000,64.720000,492.170000
794,Entry long,2025-06-26 09:00,2485.940000,1,-46.680000,-1.8778,2.220000,64.720000,492.170000
793,Exit long,2025-06-26 07:15,2487.350000,1,8.310000,0.3352,9.960000,13.300000,538.850000
793,Entry long,2025-06-26 05:15,2479.040000,1,8.310000,0.3352,9.960000,13.300000,538.850000
792,Exit long,2025-06-26 02:45,2461.750000,1,36.430000,1.5021,49.130000,7.670000,530.540000
792,Entry long,2025-06-26 01:00,2425.320000,1,36.430000,1.5021,49.130000,7.670000,530.540000
791,Exit short,2025-06-25 23:00,2414.720000,1,8.400000,0.3479,14.120000,0.140000,494.110000
791,Entry short,2025-06-25 22:15,2423.120000,1,8.400000,0.3479,14.120000,0.140000,494.110000
790,Exit long,2025-06-25 19:45,2430.620000,1,1.830000,0.0753,9.960000,3.270000,485.710000
790,Entry long,2025-06-25 19:15,2428.790000,1,1.830000,0.0753,9.960000,3.270000,485.710000
789,Exit short,2025-06-25 19:15,2428.790000,1,-19.280000,-0.7938,1.170000,21.990000,483.880000
789,Entry short,2025-06-25 17:45,2409.510000,1,-19.280000,-0.7938,1.170000,21.990000,483.880000
788,Exit short,2025-06-25 16:00,2404.480000,1,13.340000,0.5548,22.400000,0.780000,503.160000
788,Entry short,2025-06-25 15:15,2417.820000,1,13.340000,0.5548,22.400000,0.780000,503.160000
787,Exit long,2025-06-25 15:15,2417.820000,1,-13.630000,-0.5606,0.550000,20.730000,489.820000
787,Entry long,2025-06-25 15:00,2431.450000,1,-13.630000,-0.5606,0.550000,20.730000,489.820000
786,Exit short,2025-06-25 15:00,2431.450000,1,-3.440000,-0.1415,39.780000,15.610000,503.450000
786,Entry short,2025-06-25 14:15,2428.010000,1,-3.440000,-0.1415,39.780000,15.610000,503.450000
785,Exit long,2025-06-25 14:15,2428.010000,1,-6.030000,-0.2477,11.830000,11.230000,506.890000
785,Entry long,2025-06-25 13:15,2434.040000,1,-6.030000,-0.2477,11.830000,11.230000,506.890000
784,Exit short,2025-06-25 13:15,2434.040000,1,-6.110000,-0.2510,13.870000,7.880000,512.920000
784,Entry short,2025-06-25 12:00,2427.930000,1,-6.110000,-0.2510,13.870000,7.880000,512.920000
783,Exit long,2025-06-25 12:00,2427.930000,1,-13.310000,-0.5452,4.290000,36.180000,519.030000
783,Entry long,2025-06-25 09:15,2441.240000,1,-13.310000,-0.5452,4.290000,36.180000,519.030000
782,Exit long,2025-06-25 08:00,2443.440000,1,-11.100000,-0.4522,2.990000,31.770000,532.340000
782,Entry long,2025-06-25 03:30,2454.540000,1,-11.100000,-0.4522,2.990000,31.770000,532.340000
781,Exit long,2025-06-25 02:15,2461.030000,1,4.030000,0.1640,10.840000,13.160000,543.440000
781,Entry long,2025-06-25 01:00,2457.000000,1,4.030000,0.1640,10.840000,13.160000,543.440000
780,Exit long,2025-06-25 00:15,2453.620000,1,-1.500000,-0.0611,9.880000,39.120000,539.410000
780,Entry long,2025-06-24 17:45,2455.120000,1,-1.500000,-0.0611,9.880000,39.120000,539.410000
779,Exit long,2025-06-24 16:45,2469.580000,1,32.580000,1.3369,40.140000,4.060000,540.910000
779,Entry long,2025-06-24 16:00,2437.000000,1,32.580000,1.3369,40.140000,4.060000,540.910000
778,Exit long,2025-06-24 14:45,2434.150000,1,21.360000,0.8853,27.950000,16.350000,508.330000
778,Entry long,2025-06-24 11:00,2412.790000,1,21.360000,0.8853,27.950000,16.350000,508.330000
777,Exit long,2025-06-24 10:00,2414.630000,1,12.550000,0.5225,47.920000,4.550000,486.970000
777,Entry long,2025-06-24 08:45,2402.080000,1,12.550000,0.5225,47.920000,4.550000,486.970000
776,Exit long,2025-06-24 05:30,2411.810000,1,5.460000,0.2269,10.250000,18.300000,474.420000
776,Entry long,2025-06-24 01:15,2406.350000,1,5.460000,0.2269,10.250000,18.300000,474.420000
775,Exit long,2025-06-23 18:00,2273.720000,1,-12.180000,-0.5328,0.920000,98.890000,468.960000
775,Entry long,2025-06-23 15:15,2285.900000,1,-12.180000,-0.5328,0.920000,98.890000,468.960000
774,Exit long,2025-06-23 14:30,2279.330000,1,28.450000,1.2640,66.120000,19.860000,481.140000
774,Entry long,2025-06-23 10:00,2250.880000,1,28.450000,1.2640,66.120000,19.860000,481.140000
773,Exit long,2025-06-23 05:45,2237.920000,1,1.820000,0.0814,8.870000,9.340000,452.690000
773,Entry long,2025-06-23 03:30,2236.100000,1,1.820000,0.0814,8.870000,9.340000,452.690000
772,Exit short,2025-06-23 03:30,2236.100000,1,-48.220000,-2.1564,15.640000,71.490000,450.870000
772,Entry short,2025-06-22 21:15,2187.880000,1,-48.220000,-2.1564,15.640000,71.490000,450.870000
771,Exit short,2025-06-22 19:30,2186.730000,1,2.980000,0.1363,20.290000,14.040000,499.090000
771,Entry short,2025-06-22 17:30,2189.710000,1,2.980000,0.1363,20.290000,14.040000,499.090000
770,Exit short,2025-06-22 14:00,2198.900000,1,72.620000,3.3026,112.240000,15.120000,496.110000
770,Entry short,2025-06-22 11:45,2271.520000,1,72.620000,3.3026,112.240000,15.120000,496.110000
769,Exit short,2025-06-22 10:00,2240.590000,1,14.940000,0.6668,22.190000,7.470000,423.490000
769,Entry short,2025-06-22 09:30,2255.530000,1,14.940000,0.6668,22.190000,7.470000,423.490000
768,Exit short,2025-06-22 08:15,2271.630000,1,6.080000,0.2676,15.210000,19.690000,408.550000
768,Entry short,2025-06-22 04:30,2277.710000,1,6.080000,0.2676,15.210000,19.690000,408.550000
767,Exit short,2025-06-22 02:00,2265.270000,1,28.280000,1.2484,29.790000,6.500000,402.470000
767,Entry short,2025-06-22 01:00,2293.550000,1,28.280000,1.2484,29.790000,6.500000,402.470000
766,Exit short,2025-06-21 22:15,2298.940000,1,95.270000,4.1441,164.210000,2.790000,374.190000
766,Entry short,2025-06-21 21:15,2394.210000,1,95.270000,4.1441,164.210000,2.790000,374.190000
765,Exit short,2025-06-21 17:15,2418.670000,1,7.820000,0.3233,14.020000,0.000000,278.920000
765,Entry short,2025-06-21 16:30,2426.490000,1,7.820000,0.3233,14.020000,0.000000,278.920000
764,Exit long,2025-06-21 16:30,2426.490000,1,-13.750000,-0.5635,4.720000,29.350000,271.100000
764,Entry long,2025-06-21 11:15,2440.240000,1,-13.750000,-0.5635,4.720000,29.350000,271.100000
763,Exit long,2025-06-21 09:45,2442.050000,1,1.660000,0.0680,2.220000,9.510000,284.850000
763,Entry long,2025-06-21 09:00,2440.390000,1,1.660000,0.0680,2.220000,9.510000,284.850000
762,Exit short,2025-06-21 09:00,2440.390000,1,-30.570000,-1.2527,0.940000,35.130000,283.190000
762,Entry short,2025-06-21 01:00,2409.820000,1,-30.570000,-1.2527,0.940000,35.130000,283.190000
761,Exit short,2025-06-20 22:45,2396.280000,1,34.220000,1.4280,44.500000,4.100000,313.760000
761,Entry short,2025-06-20 20:45,2430.500000,1,34.220000,1.4280,44.500000,4.100000,313.760000
760,Exit short,2025-06-20 14:30,2518.900000,1,16.140000,0.6408,24.440000,4.760000,279.540000
760,Entry short,2025-06-20 14:00,2535.040000,1,16.140000,0.6408,24.440000,4.760000,279.540000
759,Exit long,2025-06-20 14:00,2535.040000,1,-15.260000,-0.5984,8.330000,24.550000,263.400000
759,Entry long,2025-06-20 11:45,2550.300000,1,-15.260000,-0.5984,8.330000,24.550000,263.400000
758,Exit long,2025-06-20 06:45,2520.890000,1,3.630000,0.1442,6.490000,14.820000,278.660000
758,Entry long,2025-06-20 03:00,2517.260000,1,3.630000,0.1442,6.490000,14.820000,278.660000
757,Exit short,2025-06-20 03:00,2517.260000,1,-1.820000,-0.0723,2.540000,3.140000,275.030000
757,Entry short,2025-06-20 02:45,2515.440000,1,-1.820000,-0.0723,2.540000,3.140000,275.030000
756,Exit long,2025-06-20 02:15,2522.600000,1,-1.100000,-0.0436,6.100000,1.300000,276.850000
756,Entry long,2025-06-20 01:45,2523.700000,1,-1.100000,-0.0436,6.100000,1.300000,276.850000
755,Exit short,2025-06-20 01:45,2523.700000,1,-21.730000,-0.8610,0.250000,29.880000,277.950000
755,Entry short,2025-06-19 20:45,2501.970000,1,-21.730000,-0.8610,0.250000,29.880000,277.950000
754,Exit long,2025-06-19 20:45,2501.970000,1,-9.310000,-0.3707,4.720000,9.690000,299.680000
754,Entry long,2025-06-19 20:15,2511.280000,1,-9.310000,-0.3707,4.720000,9.690000,299.680000
753,Exit short,2025-06-19 20:15,2511.280000,1,-3.840000,-0.1529,10.780000,9.210000,308.990000
753,Entry short,2025-06-19 18:00,2507.440000,1,-3.840000,-0.1529,10.780000,9.210000,308.990000
752,Exit long,2025-06-19 18:00,2507.440000,1,-8.030000,-0.3192,4.330000,9.600000,312.830000
752,Entry long,2025-06-19 17:45,2515.470000,1,-8.030000,-0.3192,4.330000,9.600000,312.830000
751,Exit short,2025-06-19 13:15,2519.050000,1,3.770000,0.1497,4.620000,2.520000,320.860000
751,Entry short,2025-06-19 12:45,2522.820000,1,3.770000,0.1497,4.620000,2.520000,320.860000
750,Exit long,2025-06-19 12:45,2522.820000,1,-7.800000,-0.3082,5.760000,8.590000,317.090000
750,Entry long,2025-06-19 11:30,2530.620000,1,-7.800000,-0.3082,5.760000,8.590000,317.090000
749,Exit long,2025-06-19 10:00,2537.360000,1,8.460000,0.3345,13.130000,1.110000,324.890000
749,Entry long,2025-06-19 09:30,2528.900000,1,8.460000,0.3345,13.130000,1.110000,324.890000
748,Exit long,2025-06-19 08:45,2525.600000,1,1.030000,0.0408,2.430000,2.180000,316.430000
748,Entry long,2025-06-19 08:15,2524.570000,1,1.030000,0.0408,2.430000,2.180000,316.430000
747,Exit short,2025-06-19 08:15,2524.570000,1,-7.010000,-0.2777,0.010000,9.180000,315.400000
747,Entry short,2025-06-19 08:00,2517.560000,1,-7.010000,-0.2777,0.010000,9.180000,315.400000
746,Exit long,2025-06-19 08:00,2517.560000,1,-5.620000,-0.2227,6.990000,7.820000,322.410000
746,Entry long,2025-06-19 05:00,2523.180000,1,-5.620000,-0.2227,6.990000,7.820000,322.410000
745,Exit short,2025-06-19 05:00,2523.180000,1,-7.680000,-0.3044,2.490000,8.050000,328.030000
745,Entry short,2025-06-19 04:30,2515.500000,1,-7.680000,-0.3044,2.490000,8.050000,328.030000
744,Exit long,2025-06-19 04:30,2515.500000,1,-1.410000,-0.0560,8.090000,2.280000,335.710000
744,Entry long,2025-06-19 03:15,2516.910000,1,-1.410000,-0.0560,8.090000,2.280000,335.710000
743,Exit short,2025-06-19 03:15,2516.910000,1,-3.660000,-0.1454,0.200000,6.020000,337.120000
743,Entry short,2025-06-19 03:00,2513.250000,1,-3.660000,-0.1454,0.200000,6.020000,337.120000
742,Exit long,2025-06-19 03:00,2513.250000,1,-7.240000,-0.2872,5.510000,13.820000,340.780000
742,Entry long,2025-06-19 01:30,2520.490000,1,-7.240000,-0.2872,5.510000,13.820000,340.780000
741,Exit short,2025-06-19 01:30,2520.490000,1,-7.260000,-0.2880,1.560000,8.500000,348.020000
741,Entry short,2025-06-19 01:15,2513.230000,1,-7.260000,-0.2880,1.560000,8.500000,348.020000
740,Exit long,2025-06-19 01:00,2528.370000,1,4.870000,0.1930,22.790000,11.590000,355.280000
740,Entry long,2025-06-19 00:00,2523.500000,1,4.870000,0.1930,22.790000,11.590000,355.280000
739,Exit short,2025-06-19 00:00,2523.500000,1,-19.520000,-0.7735,38.980000,32.770000,350.410000
739,Entry short,2025-06-18 15:00,2503.980000,1,-19.520000,-0.7735,38.980000,32.770000,350.410000
738,Exit long,2025-06-18 14:45,2527.450000,1,-1.470000,-0.0581,9.070000,6.920000,369.930000
738,Entry long,2025-06-18 14:15,2528.920000,1,-1.470000,-0.0581,9.070000,6.920000,369.930000
737,Exit short,2025-06-18 13:45,2485.200000,1,25.850000,1.0402,46.050000,0.590000,371.400000
737,Entry short,2025-06-18 12:15,2511.050000,1,25.850000,1.0402,46.050000,0.590000,371.400000
736,Exit short,2025-06-18 10:15,2521.390000,1,2.150000,0.0853,6.080000,2.930000,345.550000
736,Entry short,2025-06-18 09:45,2523.540000,1,2.150000,0.0853,6.080000,2.930000,345.550000
735,Exit long,2025-06-18 09:45,2523.540000,1,-6.080000,-0.2404,17.730000,7.730000,343.400000
735,Entry long,2025-06-18 07:45,2529.620000,1,-6.080000,-0.2404,17.730000,7.730000,343.400000
734,Exit long,2025-06-18 04:15,2532.000000,1,10.630000,0.4216,11.030000,0.010000,349.480000
734,Entry long,2025-06-18 03:30,2521.370000,1,10.630000,0.4216,11.030000,0.010000,349.480000
733,Exit short,2025-06-18 03:30,2521.370000,1,2.230000,0.0884,32.600000,11.710000,338.850000
733,Entry short,2025-06-17 20:15,2523.600000,1,2.230000,0.0884,32.600000,11.710000,338.850000
732,Exit short,2025-06-17 16:00,2497.760000,1,50.800000,2.0338,68.560000,18.830000,336.620000
732,Entry short,2025-06-17 12:30,2548.560000,1,50.800000,2.0338,68.560000,18.830000,336.620000
731,Exit short,2025-06-17 09:15,2568.750000,1,13.900000,0.5411,20.150000,0.010000,285.820000
731,Entry short,2025-06-17 08:15,2582.650000,1,13.900000,0.5411,20.150000,0.010000,285.820000
730,Exit short,2025-06-17 06:15,2585.340000,1,9.590000,0.3709,21.750000,2.830000,271.920000
730,Entry short,2025-06-17 04:30,2594.930000,1,9.590000,0.3709,21.750000,2.830000,271.920000
729,Exit long,2025-06-17 03:45,2605.290000,1,-2.550000,-0.0978,9.900000,7.820000,262.330000
729,Entry long,2025-06-17 03:00,2607.840000,1,-2.550000,-0.0978,9.900000,7.820000,262.330000
728,Exit short,2025-06-17 02:30,2563.200000,1,14.880000,0.5805,17.080000,11.610000,264.880000
728,Entry short,2025-06-17 01:30,2578.080000,1,14.880000,0.5805,17.080000,11.610000,264.880000
727,Exit long,2025-06-17 01:30,2578.080000,1,-79.130000,-2.9779,22.790000,133.210000,250.000000
727,Entry long,2025-06-16 20:30,2657.210000,1,-79.130000,-2.9779,22.790000,133.210000,250.000000
726,Exit long,2025-06-16 19:45,2651.890000,1,18.940000,0.7193,35.950000,4.950000,329.130000
726,Entry long,2025-06-16 17:15,2632.950000,1,18.940000,0.7193,35.950000,4.950000,329.130000
725,Exit long,2025-06-16 15:00,2638.410000,1,10.420000,0.3965,28.520000,36.370000,310.190000
725,Entry long,2025-06-16 10:15,2627.990000,1,10.420000,0.3965,28.520000,36.370000,310.190000
724,Exit long,2025-06-16 02:45,2572.750000,1,27.800000,1.0924,33.050000,31.570000,299.770000
724,Entry long,2025-06-16 00:45,2544.950000,1,27.800000,1.0924,33.050000,31.570000,299.770000
723,Exit long,2025-06-15 22:45,2540.510000,1,0.310000,0.0122,5.800000,7.200000,271.970000
723,Entry long,2025-06-15 22:15,2540.200000,1,0.310000,0.0122,5.800000,7.200000,271.970000
722,Exit short,2025-06-15 20:15,2522.520000,1,10.240000,0.4059,12.560000,4.490000,271.660000
722,Entry short,2025-06-15 19:45,2532.760000,1,10.240000,0.4059,12.560000,4.490000,271.660000
721,Exit long,2025-06-15 19:45,2532.760000,1,-12.480000,-0.4903,7.200000,16.700000,261.420000
721,Entry long,2025-06-15 18:45,2545.240000,1,-12.480000,-0.4903,7.200000,16.700000,261.420000
720,Exit long,2025-06-15 17:15,2544.410000,1,3.740000,0.1472,14.330000,5.570000,273.900000
720,Entry long,2025-06-15 16:15,2540.670000,1,3.740000,0.1472,14.330000,5.570000,273.900000
719,Exit long,2025-06-15 13:45,2537.760000,1,13.150000,0.5209,13.200000,3.270000,270.160000
719,Entry long,2025-06-15 13:00,2524.610000,1,13.150000,0.5209,13.200000,3.270000,270.160000
718,Exit short,2025-06-15 13:00,2524.610000,1,-10.620000,-0.4207,3.720000,11.750000,257.010000
718,Entry short,2025-06-15 11:30,2513.990000,1,-10.620000,-0.4207,3.720000,11.750000,257.010000
717,Exit long,2025-06-15 11:30,2513.990000,1,-22.120000,-0.8722,1.250000,28.730000,267.630000
717,Entry long,2025-06-15 06:45,2536.110000,1,-22.120000,-0.8722,1.250000,28.730000,267.630000
716,Exit long,2025-06-15 05:15,2538.140000,1,10.210000,0.4039,17.630000,1.260000,289.750000
716,Entry long,2025-06-15 02:00,2527.930000,1,10.210000,0.4039,17.630000,1.260000,289.750000
715,Exit long,2025-06-14 23:30,2529.230000,1,4.310000,0.1707,6.530000,0.160000,279.540000
715,Entry long,2025-06-14 23:00,2524.920000,1,4.310000,0.1707,6.530000,0.160000,279.540000
714,Exit short,2025-06-14 23:00,2524.920000,1,-18.560000,-0.7351,10.960000,27.940000,275.230000
714,Entry short,2025-06-14 20:00,2506.360000,1,-18.560000,-0.7351,10.960000,27.940000,275.230000
713,Exit short,2025-06-14 19:00,2507.160000,1,22.580000,0.9006,43.060000,15.660000,293.790000
713,Entry short,2025-06-14 11:00,2529.740000,1,22.580000,0.9006,43.060000,15.660000,293.790000
712,Exit short,2025-06-14 07:00,2542.110000,1,1.890000,0.0743,3.200000,2.300000,271.210000
712,Entry short,2025-06-14 06:30,2544.000000,1,1.890000,0.0743,3.200000,2.300000,271.210000
711,Exit long,2025-06-14 06:30,2544.000000,1,-22.300000,-0.8690,5.660000,25.280000,269.320000
711,Entry long,2025-06-14 00:45,2566.300000,1,-22.300000,-0.8690,5.660000,25.280000,269.320000
710,Exit long,2025-06-13 21:30,2552.950000,1,1.490000,0.0584,3.170000,12.790000,291.620000
710,Entry long,2025-06-13 20:45,2551.460000,1,1.490000,0.0584,3.170000,12.790000,291.620000
709,Exit short,2025-06-13 20:45,2551.460000,1,-17.340000,-0.6796,25.420000,17.770000,290.130000
709,Entry short,2025-06-13 17:30,2534.120000,1,-17.340000,-0.6796,25.420000,17.770000,290.130000
708,Exit long,2025-06-13 17:30,2534.120000,1,-13.070000,-0.5131,4.510000,13.750000,307.470000
708,Entry long,2025-06-13 17:15,2547.190000,1,-13.070000,-0.5131,4.510000,13.750000,307.470000
707,Exit long,2025-06-13 15:45,2555.700000,1,7.900000,0.3101,11.120000,6.560000,320.540000
707,Entry long,2025-06-13 15:15,2547.800000,1,7.900000,0.3101,11.120000,6.560000,320.540000
706,Exit short,2025-06-13 14:45,2528.210000,1,-6.250000,-0.2472,19.310000,40.610000,312.640000
706,Entry short,2025-06-13 07:15,2521.960000,1,-6.250000,-0.2472,19.310000,40.610000,312.640000
705,Exit short,2025-06-13 06:45,2504.950000,1,-6.980000,-0.2786,7.190000,20.530000,318.890000
705,Entry short,2025-06-13 04:15,2497.970000,1,-6.980000,-0.2786,7.190000,20.530000,318.890000
704,Exit short,2025-06-13 01:15,2474.140000,1,178.460000,7.2130,202.350000,2.910000,325.870000
704,Entry short,2025-06-12 23:45,2652.600000,1,178.460000,7.2130,202.350000,2.910000,325.870000
703,Exit short,2025-06-12 19:15,2734.460000,1,14.320000,0.5237,32.300000,2.740000,147.410000
703,Entry short,2025-06-12 18:15,2748.780000,1,14.320000,0.5237,32.300000,2.740000,147.410000
702,Exit short,2025-06-12 17:00,2741.760000,1,-6.320000,-0.2305,23.970000,37.080000,133.090000
702,Entry short,2025-06-12 13:00,2735.440000,1,-6.320000,-0.2305,23.970000,37.080000,133.090000
701,Exit short,2025-06-12 12:00,2728.760000,1,25.290000,0.9268,35.590000,6.550000,139.410000
701,Entry short,2025-06-12 09:30,2754.050000,1,25.290000,0.9268,35.590000,6.550000,139.410000
700,Exit short,2025-06-12 08:30,2753.100000,1,4.000000,0.1453,27.970000,18.650000,114.120000
700,Entry short,2025-06-12 05:15,2757.100000,1,4.000000,0.1453,27.970000,18.650000,114.120000
699,Exit short,2025-06-12 04:45,2752.120000,1,4.100000,0.1490,7.640000,6.570000,110.120000
699,Entry short,2025-06-12 04:15,2756.220000,1,4.100000,0.1490,7.640000,6.570000,110.120000
698,Exit short,2025-06-12 03:30,2750.990000,1,23.110000,0.8401,29.090000,9.380000,106.020000
698,Entry short,2025-06-12 00:45,2774.100000,1,23.110000,0.8401,29.090000,9.380000,106.020000
697,Exit short,2025-06-11 22:30,2758.090000,1,38.050000,1.3796,53.570000,6.850000,82.910000
697,Entry short,2025-06-11 21:45,2796.140000,1,38.050000,1.3796,53.570000,6.850000,82.910000
696,Exit long,2025-06-11 21:45,2796.140000,1,-70.430000,-2.4569,5.430000,87.560000,44.860000
696,Entry long,2025-06-11 17:30,2866.570000,1,-70.430000,-2.4569,5.430000,87.560000,44.860000
695,Exit long,2025-06-11 15:15,2830.640000,1,35.070000,1.2545,60.430000,5.400000,115.290000
695,Entry long,2025-06-11 14:00,2795.570000,1,35.070000,1.2545,60.430000,5.400000,115.290000
694,Exit long,2025-06-11 13:15,2807.210000,1,-6.010000,-0.2136,2.470000,20.840000,80.220000
694,Entry long,2025-06-11 12:45,2813.220000,1,-6.010000,-0.2136,2.470000,20.840000,80.220000
693,Exit short,2025-06-11 12:45,2813.220000,1,-40.800000,-1.4503,0.130000,49.980000,86.230000
693,Entry short,2025-06-11 12:30,2772.420000,1,-40.800000,-1.4503,0.130000,49.980000,86.230000
692,Exit long,2025-06-11 12:30,2772.420000,1,-7.550000,-0.2716,0.000000,17.090000,127.030000
692,Entry long,2025-06-11 12:15,2779.970000,1,-7.550000,-0.2716,0.000000,17.090000,127.030000
691,Exit short,2025-06-11 12:15,2779.970000,1,-13.900000,-0.5000,5.070000,16.930000,134.580000
691,Entry short,2025-06-11 11:15,2766.070000,1,-13.900000,-0.5000,5.070000,16.930000,134.580000
690,Exit long,2025-06-11 11:15,2766.070000,1,-21.750000,-0.7802,15.790000,34.810000,148.480000
690,Entry long,2025-06-11 01:30,2787.820000,1,-21.750000,-0.7802,15.790000,34.810000,148.480000
689,Exit long,2025-06-10 22:45,2804.100000,1,58.630000,2.1355,81.530000,56.940000,170.230000
689,Entry long,2025-06-10 14:15,2745.470000,1,58.630000,2.1355,81.530000,56.940000,170.230000
688,Exit long,2025-06-10 12:15,2753.700000,1,59.100000,2.1933,104.120000,7.020000,111.600000
688,Entry long,2025-06-10 11:00,2694.600000,1,59.100000,2.1933,104.120000,7.020000,111.600000
687,Exit long,2025-06-10 10:00,2691.710000,1,-2.140000,-0.0794,5.150000,38.850000,52.500000
687,Entry long,2025-06-10 02:45,2693.850000,1,-2.140000,-0.0794,5.150000,38.850000,52.500000
686,Exit long,2025-06-09 15:45,2536.540000,1,9.510000,0.3763,14.970000,3.200000,54.640000
686,Entry long,2025-06-09 14:15,2527.030000,1,9.510000,0.3763,14.970000,3.200000,54.640000
685,Exit short,2025-06-09 14:15,2527.030000,1,-39.660000,-1.5694,5.370000,60.600000,45.130000
685,Entry short,2025-06-09 07:15,2487.370000,1,-39.660000,-1.5694,5.370000,60.600000,45.130000
684,Exit short,2025-06-09 05:15,2487.780000,1,3.910000,0.1572,10.690000,2.410000,84.790000
684,Entry short,2025-06-09 04:15,2491.690000,1,3.910000,0.1572,10.690000,2.410000,84.790000
683,Exit short,2025-06-08 23:30,2507.680000,1,11.450000,0.4566,21.720000,7.570000,80.880000
683,Entry short,2025-06-08 22:15,2519.130000,1,11.450000,0.4566,21.720000,7.570000,80.880000
682,Exit long,2025-06-08 22:15,2519.130000,1,-15.260000,-0.6021,13.630000,19.490000,69.430000
682,Entry long,2025-06-08 21:15,2534.390000,1,-15.260000,-0.6021,13.630000,19.490000,69.430000
681,Exit long,2025-06-08 15:45,2514.760000,1,1.580000,0.0629,7.660000,1.330000,84.690000
681,Entry long,2025-06-08 15:00,2513.180000,1,1.580000,0.0629,7.660000,1.330000,84.690000
680,Exit short,2025-06-08 15:00,2513.180000,1,-5.880000,-0.2340,8.620000,19.960000,83.110000
680,Entry short,2025-06-08 12:30,2507.300000,1,-5.880000,-0.2340,8.620000,19.960000,83.110000
679,Exit long,2025-06-08 12:15,2512.790000,1,2.640000,0.1052,6.130000,2.520000,88.990000
679,Entry long,2025-06-08 11:30,2510.150000,1,2.640000,0.1052,6.130000,2.520000,88.990000
678,Exit short,2025-06-08 10:00,2496.600000,1,14.750000,0.5908,28.070000,0.520000,86.350000
678,Entry short,2025-06-08 09:15,2511.350000,1,14.750000,0.5908,28.070000,0.520000,86.350000
677,Exit long,2025-06-08 08:45,2515.000000,1,1.390000,0.0553,6.580000,3.610000,71.600000
677,Entry long,2025-06-08 07:30,2513.610000,1,1.390000,0.0553,6.580000,3.610000,71.600000
676,Exit short,2025-06-08 07:30,2513.610000,1,-0.900000,-0.0358,1.310000,2.040000,70.210000
676,Entry short,2025-06-08 07:15,2512.710000,1,-0.900000,-0.0358,1.310000,2.040000,70.210000
675,Exit long,2025-06-08 07:15,2512.710000,1,-2.520000,-0.1002,1.170000,4.230000,71.110000
675,Entry long,2025-06-08 06:45,2515.230000,1,-2.520000,-0.1002,1.170000,4.230000,71.110000
674,Exit short,2025-06-08 06:15,2511.880000,1,-1.680000,-0.0669,2.510000,5.680000,73.630000
674,Entry short,2025-06-08 05:15,2510.200000,1,-1.680000,-0.0669,2.510000,5.680000,73.630000
673,Exit long,2025-06-08 05:15,2510.200000,1,-6.980000,-0.2773,1.850000,6.980000,75.310000
673,Entry long,2025-06-08 04:45,2517.180000,1,-6.980000,-0.2773,1.850000,6.980000,75.310000
672,Exit short,2025-06-08 02:45,2513.710000,1,-0.720000,-0.0286,1.180000,2.690000,82.290000
672,Entry short,2025-06-08 02:15,2512.990000,1,-0.720000,-0.0286,1.180000,2.690000,82.290000
671,Exit long,2025-06-08 02:15,2512.990000,1,-10.420000,-0.4129,1.590000,13.390000,83.010000
671,Entry long,2025-06-08 00:00,2523.410000,1,-10.420000,-0.4129,1.590000,13.390000,83.010000
670,Exit long,2025-06-07 23:15,2528.580000,1,5.850000,0.2319,22.270000,1.520000,93.430000
670,Entry long,2025-06-07 22:30,2522.730000,1,5.850000,0.2319,22.270000,1.520000,93.430000
669,Exit long,2025-06-07 19:45,2516.370000,1,4.850000,0.1931,11.360000,5.910000,87.580000
669,Entry long,2025-06-07 17:15,2511.520000,1,4.850000,0.1931,11.360000,5.910000,87.580000
668,Exit long,2025-06-07 13:00,2496.870000,1,2.870000,0.1151,12.000000,1.280000,82.730000
668,Entry long,2025-06-07 12:15,2494.000000,1,2.870000,0.1151,12.000000,1.280000,82.730000
667,Exit short,2025-06-07 12:15,2494.000000,1,-10.010000,-0.4014,0.580000,16.890000,79.860000
667,Entry short,2025-06-07 09:45,2483.990000,1,-10.010000,-0.4014,0.580000,16.890000,79.860000
666,Exit long,2025-06-07 09:45,2483.990000,1,-4.300000,-0.1728,12.860000,8.040000,89.870000
666,Entry long,2025-06-07 06:45,2488.290000,1,-4.300000,-0.1728,12.860000,8.040000,89.870000
665,Exit short,2025-06-07 06:45,2488.290000,1,-17.330000,-0.6965,0.930000,24.540000,94.170000
665,Entry short,2025-06-07 02:45,2470.960000,1,-17.330000,-0.6965,0.930000,24.540000,94.170000
664,Exit short,2025-06-07 02:00,2470.130000,1,8.230000,0.3332,13.270000,0.350000,111.500000
664,Entry short,2025-06-07 01:15,2478.360000,1,8.230000,0.3332,13.270000,0.350000,111.500000
663,Exit short,2025-06-06 22:45,2479.000000,1,7.110000,0.2868,10.880000,2.740000,103.270000
663,Entry short,2025-06-06 22:15,2486.110000,1,7.110000,0.2868,10.880000,2.740000,103.270000
662,Exit long,2025-06-06 22:15,2486.110000,1,-11.470000,-0.4592,0.420000,13.540000,96.160000
662,Entry long,2025-06-06 21:45,2497.580000,1,-11.470000,-0.4592,0.420000,13.540000,96.160000
661,Exit short,2025-06-06 21:45,2497.580000,1,-9.640000,-0.3860,1.820000,9.640000,107.630000
661,Entry short,2025-06-06 21:15,2487.940000,1,-9.640000,-0.3860,1.820000,9.640000,107.630000
660,Exit long,2025-06-06 21:15,2487.940000,1,-20.340000,-0.8109,9.110000,27.610000,117.270000
660,Entry long,2025-06-06 16:00,2508.280000,1,-20.340000,-0.8109,9.110000,27.610000,117.270000
659,Exit long,2025-06-06 14:15,2508.420000,1,33.490000,1.3532,43.960000,9.270000,137.610000
659,Entry long,2025-06-06 12:00,2474.930000,1,33.490000,1.3532,43.960000,9.270000,137.610000
658,Exit short,2025-06-06 12:00,2474.930000,1,-53.240000,-2.1512,19.650000,70.340000,104.120000
658,Entry short,2025-06-06 01:30,2421.690000,1,-53.240000,-2.1512,19.650000,70.340000,104.120000
657,Exit short,2025-06-05 20:15,2505.570000,1,69.640000,2.7794,86.750000,2.290000,157.360000
657,Entry short,2025-06-05 19:00,2575.210000,1,69.640000,2.7794,86.750000,2.290000,157.360000
656,Exit short,2025-06-05 17:15,2570.000000,1,25.450000,0.9903,45.440000,0.820000,87.720000
656,Entry short,2025-06-05 15:45,2595.450000,1,25.450000,0.9903,45.440000,0.820000,87.720000
655,Exit short,2025-06-05 14:45,2592.800000,1,13.830000,0.5334,46.620000,33.370000,62.270000
655,Entry short,2025-06-05 12:00,2606.630000,1,13.830000,0.5334,46.620000,33.370000,62.270000
654,Exit short,2025-06-05 11:15,2594.370000,1,10.010000,0.3858,25.240000,8.300000,48.440000
654,Entry short,2025-06-05 09:30,2604.380000,1,10.010000,0.3858,25.240000,8.300000,48.440000
653,Exit short,2025-06-05 06:15,2611.110000,1,0.910000,0.0349,4.710000,21.740000,38.430000
653,Entry short,2025-06-05 02:30,2612.020000,1,0.910000,0.0349,4.710000,21.740000,38.430000
652,Exit short,2025-06-05 02:00,2607.610000,1,-0.040000,-0.0015,4.460000,7.430000,37.520000
652,Entry short,2025-06-05 00:30,2607.570000,1,-0.040000,-0.0015,4.460000,7.430000,37.520000
651,Exit short,2025-06-04 23:00,2604.300000,1,8.250000,0.3168,10.210000,3.250000,37.560000
651,Entry short,2025-06-04 22:15,2612.550000,1,8.250000,0.3168,10.210000,3.250000,37.560000
650,Exit long,2025-06-04 22:15,2612.550000,1,-21.540000,-0.8177,7.250000,37.140000,29.310000
650,Entry long,2025-06-04 18:00,2634.090000,1,-21.540000,-0.8177,7.250000,37.140000,29.310000
649,Exit long,2025-06-04 15:45,2668.470000,1,29.160000,1.1048,34.500000,6.590000,50.850000
649,Entry long,2025-06-04 15:00,2639.310000,1,29.160000,1.1048,34.500000,6.590000,50.850000
648,Exit short,2025-06-04 14:30,2611.760000,1,2.170000,0.0831,20.730000,3.170000,21.690000
648,Entry short,2025-06-04 14:00,2613.930000,1,2.170000,0.0831,20.730000,3.170000,21.690000
647,Exit short,2025-06-04 13:00,2615.720000,1,3.230000,0.1235,5.430000,7.300000,19.520000
647,Entry short,2025-06-04 12:30,2618.950000,1,3.230000,0.1235,5.430000,7.300000,19.520000
646,Exit long,2025-06-04 12:30,2618.950000,1,-18.280000,-0.6932,6.830000,22.690000,16.290000
646,Entry long,2025-06-04 11:00,2637.230000,1,-18.280000,-0.6932,6.830000,22.690000,16.290000
645,Exit long,2025-06-04 09:00,2639.690000,1,17.370000,0.6624,22.680000,2.110000,34.570000
645,Entry long,2025-06-04 05:45,2622.320000,1,17.370000,0.6624,22.680000,2.110000,34.570000
644,Exit long,2025-06-04 01:45,2611.180000,1,1.010000,0.0387,12.000000,7.180000,17.200000
644,Entry long,2025-06-04 01:15,2610.170000,1,1.010000,0.0387,12.000000,7.180000,17.200000
643,Exit short,2025-06-04 01:15,2610.170000,1,-16.570000,-0.6348,11.190000,19.390000,16.190000
643,Entry short,2025-06-04 00:30,2593.600000,1,-16.570000,-0.6348,11.190000,19.390000,16.190000
642,Exit short,2025-06-03 22:30,2599.550000,1,3.670000,0.1412,40.220000,15.340000,32.760000
642,Entry short,2025-06-03 20:30,2603.220000,1,3.670000,0.1412,40.220000,15.340000,32.760000
641,Exit long,2025-06-03 20:30,2603.220000,1,-14.080000,-0.5380,10.470000,14.720000,29.090000
641,Entry long,2025-06-03 18:45,2617.300000,1,-14.080000,-0.5380,10.470000,14.720000,29.090000
640,Exit short,2025-06-03 18:45,2617.300000,1,-8.810000,-0.3366,2.730000,9.110000,43.170000
640,Entry short,2025-06-03 18:15,2608.490000,1,-8.810000,-0.3366,2.730000,9.110000,43.170000
639,Exit long,2025-06-03 18:15,2608.490000,1,-11.320000,-0.4321,6.450000,18.050000,51.980000
639,Entry long,2025-06-03 16:15,2619.810000,1,-11.320000,-0.4321,6.450000,18.050000,51.980000
638,Exit long,2025-06-03 15:30,2641.640000,1,28.470000,1.0895,41.810000,16.810000,63.300000
638,Entry long,2025-06-03 11:15,2613.170000,1,28.470000,1.0895,41.810000,16.810000,63.300000
637,Exit long,2025-06-03 10:15,2617.480000,1,22.820000,0.8795,24.780000,6.610000,34.830000
637,Entry long,2025-06-03 03:30,2594.660000,1,22.820000,0.8795,24.780000,6.610000,34.830000
636,Exit long,2025-06-02 23:00,2583.400000,1,46.330000,1.8261,46.760000,14.190000,12.010000
636,Entry long,2025-06-02 19:30,2537.070000,1,46.330000,1.8261,46.760000,14.190000,12.010000
635,Exit short,2025-06-02 19:30,2537.070000,1,-59.880000,-2.3602,2.970000,88.210000,-34.320000
635,Entry short,2025-06-02 11:45,2477.190000,1,-59.880000,-2.3602,2.970000,88.210000,-34.320000
634,Exit short,2025-06-02 09:45,2479.210000,1,27.130000,1.0943,30.040000,8.660000,25.560000
634,Entry short,2025-06-02 07:45,2506.340000,1,27.130000,1.0943,30.040000,8.660000,25.560000
633,Exit long,2025-06-02 07:45,2506.340000,1,-33.550000,-1.3209,4.110000,57.890000,-1.570000
633,Entry long,2025-06-01 23:15,2539.890000,1,-33.550000,-1.3209,4.110000,57.890000,-1.570000
632,Exit long,2025-06-01 21:45,2532.890000,1,14.050000,0.5578,21.070000,8.280000,31.980000
632,Entry long,2025-06-01 19:00,2518.840000,1,14.050000,0.5578,21.070000,8.280000,31.980000
631,Exit short,2025-06-01 19:00,2518.840000,1,-3.900000,-0.1548,23.380000,8.430000,17.930000
631,Entry short,2025-06-01 18:30,2514.940000,1,-3.900000,-0.1548,23.380000,8.430000,17.930000
630,Exit short,2025-06-01 13:15,2489.670000,1,7.820000,0.3141,32.490000,1.260000,21.830000
630,Entry short,2025-06-01 12:15,2497.490000,1,7.820000,0.3141,32.490000,1.260000,21.830000
629,Exit short,2025-06-01 08:15,2503.560000,1,8.190000,0.3271,9.550000,14.710000,14.010000
629,Entry short,2025-06-01 04:15,2511.750000,1,8.190000,0.3271,9.550000,14.710000,14.010000
628,Exit long,2025-06-01 04:15,2511.750000,1,-23.770000,-0.9375,13.110000,47.000000,5.820000
628,Entry long,2025-05-31 22:30,2535.520000,1,-23.770000,-0.9375,13.110000,47.000000,5.820000
627,Exit long,2025-05-31 21:00,2540.950000,1,2.280000,0.0898,2.680000,1.330000,29.590000
627,Entry long,2025-05-31 20:30,2538.670000,1,2.280000,0.0898,2.680000,1.330000,29.590000
626,Exit long,2025-05-31 19:30,2540.230000,1,3.430000,0.1352,9.690000,15.750000,27.310000
626,Entry long,2025-05-31 16:15,2536.800000,1,3.430000,0.1352,9.690000,15.750000,27.310000
625,Exit short,2025-05-31 16:15,2536.800000,1,-28.160000,-1.1101,5.170000,41.360000,23.880000
625,Entry short,2025-05-31 04:15,2508.640000,1,-28.160000,-1.1101,5.170000,41.360000,23.880000
624,Exit short,2025-05-30 23:30,2518.350000,1,50.830000,2.0184,65.810000,20.270000,52.040000
624,Entry short,2025-05-30 18:45,2569.180000,1,50.830000,2.0184,65.810000,20.270000,52.040000
623,Exit short,2025-05-30 17:15,2550.510000,1,43.620000,1.7102,64.130000,21.680000,1.210000
623,Entry short,2025-05-30 15:00,2594.130000,1,43.620000,1.7102,64.130000,21.680000,1.210000
622,Exit short,2025-05-30 14:00,2575.540000,1,40.540000,1.5740,44.910000,11.010000,-42.410000
622,Entry short,2025-05-30 10:30,2616.080000,1,40.540000,1.5740,44.910000,11.010000,-42.410000
621,Exit short,2025-05-30 10:00,2613.980000,1,14.790000,0.5658,42.220000,19.650000,-82.950000
621,Entry short,2025-05-30 03:00,2628.770000,1,14.790000,0.5658,42.220000,19.650000,-82.950000
620,Exit short,2025-05-30 00:15,2640.680000,1,17.440000,0.6604,41.010000,1.500000,-97.740000
620,Entry short,2025-05-29 22:30,2658.120000,1,17.440000,0.6604,41.010000,1.500000,-97.740000
619,Exit short,2025-05-29 21:15,2644.290000,1,24.970000,0.9443,41.920000,2.170000,-115.180000
619,Entry short,2025-05-29 18:15,2669.260000,1,24.970000,0.9443,41.920000,2.170000,-115.180000
618,Exit long,2025-05-29 18:15,2669.260000,1,-55.350000,-2.0315,19.390000,104.350000,-140.150000
618,Entry long,2025-05-29 05:15,2724.610000,1,-55.350000,-2.0315,19.390000,104.350000,-140.150000
617,Exit long,2025-05-29 00:00,2680.400000,1,32.930000,1.2438,38.530000,0.090000,-84.800000
617,Entry long,2025-05-28 23:00,2647.470000,1,32.930000,1.2438,38.530000,0.090000,-84.800000
616,Exit short,2025-05-28 23:00,2647.470000,1,-8.510000,-0.3214,1.940000,10.630000,-117.730000
616,Entry short,2025-05-28 22:30,2638.960000,1,-8.510000,-0.3214,1.940000,10.630000,-117.730000
615,Exit short,2025-05-28 20:15,2619.030000,1,19.780000,0.7552,24.210000,2.050000,-109.220000
615,Entry short,2025-05-28 19:30,2638.810000,1,19.780000,0.7552,24.210000,2.050000,-109.220000
614,Exit long,2025-05-28 19:30,2638.810000,1,-13.710000,-0.5169,11.480000,21.520000,-129.000000
614,Entry long,2025-05-28 17:15,2652.520000,1,-13.710000,-0.5169,11.480000,21.520000,-129.000000
613,Exit short,2025-05-28 17:15,2652.520000,1,-15.800000,-0.5957,2.320000,24.800000,-115.290000
613,Entry short,2025-05-28 16:45,2636.720000,1,-15.800000,-0.5957,2.320000,24.800000,-115.290000
612,Exit short,2025-05-28 14:45,2636.360000,1,5.650000,0.2143,36.010000,47.120000,-99.490000
612,Entry short,2025-05-28 09:00,2642.010000,1,5.650000,0.2143,36.010000,47.120000,-99.490000
611,Exit long,2025-05-28 09:00,2642.010000,1,-1.970000,-0.0745,0.170000,4.740000,-105.140000
611,Entry long,2025-05-28 08:45,2643.980000,1,-1.970000,-0.0745,0.170000,4.740000,-105.140000
610,Exit short,2025-05-28 08:45,2643.980000,1,-12.980000,-0.4909,2.000000,13.990000,-103.170000
610,Entry short,2025-05-28 08:15,2631.000000,1,-12.980000,-0.4909,2.000000,13.990000,-103.170000
609,Exit short,2025-05-28 06:45,2627.040000,1,14.380000,0.5474,19.060000,10.450000,-90.190000
609,Entry short,2025-05-28 04:15,2641.420000,1,14.380000,0.5474,19.060000,10.450000,-90.190000
608,Exit long,2025-05-28 04:15,2641.420000,1,-37.640000,-1.4050,14.570000,62.060000,-104.570000
608,Entry long,2025-05-27 19:00,2679.060000,1,-37.640000,-1.4050,14.570000,62.060000,-104.570000
607,Exit long,2025-05-27 17:15,2687.250000,1,27.150000,1.0206,34.890000,7.750000,-66.930000
607,Entry long,2025-05-27 15:00,2660.100000,1,27.150000,1.0206,34.890000,7.750000,-66.930000
606,Exit long,2025-05-27 09:00,2634.540000,1,51.640000,1.9993,60.540000,2.760000,-94.080000
606,Entry long,2025-05-27 07:15,2582.900000,1,51.640000,1.9993,60.540000,2.760000,-94.080000
605,Exit long,2025-05-27 06:45,2591.520000,1,28.690000,1.1195,47.070000,1.720000,-145.720000
605,Entry long,2025-05-27 05:45,2562.830000,1,28.690000,1.1195,47.070000,1.720000,-145.720000
604,Exit short,2025-05-27 05:45,2562.830000,1,-14.410000,-0.5623,0.590000,19.580000,-174.410000
604,Entry short,2025-05-27 04:00,2548.420000,1,-14.410000,-0.5623,0.590000,19.580000,-174.410000
603,Exit long,2025-05-27 03:45,2550.830000,1,-6.230000,-0.2436,7.190000,8.310000,-160.000000
603,Entry long,2025-05-27 03:15,2557.060000,1,-6.230000,-0.2436,7.190000,8.310000,-160.000000
602,Exit short,2025-05-27 02:00,2528.660000,1,24.620000,0.9736,45.280000,4.010000,-153.770000
602,Entry short,2025-05-27 00:45,2553.280000,1,24.620000,0.9736,45.280000,4.010000,-153.770000
601,Exit long,2025-05-27 00:45,2553.280000,1,-2.840000,-0.1111,16.380000,4.270000,-178.390000
601,Entry long,2025-05-26 23:30,2556.120000,1,-2.840000,-0.1111,16.380000,4.270000,-178.390000
600,Exit long,2025-05-26 21:30,2560.300000,1,4.970000,0.1945,11.800000,4.040000,-175.550000
600,Entry long,2025-05-26 20:45,2555.330000,1,4.970000,0.1945,11.800000,4.040000,-175.550000
599,Exit short,2025-05-26 17:00,2541.390000,1,1.530000,0.0602,6.780000,5.860000,-180.520000
599,Entry short,2025-05-26 16:30,2542.920000,1,1.530000,0.0602,6.780000,5.860000,-180.520000
598,Exit long,2025-05-26 16:30,2542.920000,1,-17.820000,-0.6959,12.060000,27.880000,-182.050000
598,Entry long,2025-05-26 15:45,2560.740000,1,-17.820000,-0.6959,12.060000,27.880000,-182.050000
597,Exit short,2025-05-26 14:30,2548.960000,1,1.190000,0.0467,5.330000,5.300000,-164.230000
597,Entry short,2025-05-26 14:00,2550.150000,1,1.190000,0.0467,5.330000,5.300000,-164.230000
596,Exit long,2025-05-26 14:00,2550.150000,1,-23.520000,-0.9139,2.010000,35.990000,-165.420000
596,Entry long,2025-05-26 08:30,2573.670000,1,-23.520000,-0.9139,2.010000,35.990000,-165.420000
595,Exit long,2025-05-26 04:15,2558.640000,1,8.790000,0.3447,16.030000,1.370000,-141.900000
595,Entry long,2025-05-26 03:15,2549.850000,1,8.790000,0.3447,16.030000,1.370000,-141.900000
594,Exit long,2025-05-25 22:45,2544.920000,1,30.720000,1.2219,33.460000,2.890000,-150.690000
594,Entry long,2025-05-25 22:00,2514.200000,1,30.720000,1.2219,33.460000,2.890000,-150.690000
593,Exit short,2025-05-25 22:00,2514.200000,1,-16.830000,-0.6694,2.370000,39.630000,-181.410000
593,Entry short,2025-05-25 16:30,2497.370000,1,-16.830000,-0.6694,2.370000,39.630000,-181.410000
592,Exit long,2025-05-25 16:30,2497.370000,1,-17.380000,-0.6911,1.600000,36.750000,-164.580000
592,Entry long,2025-05-25 14:30,2514.750000,1,-17.380000,-0.6911,1.600000,36.750000,-164.580000
591,Exit short,2025-05-25 14:30,2514.750000,1,-22.290000,-0.8864,5.140000,32.530000,-147.200000
591,Entry short,2025-05-25 10:30,2492.460000,1,-22.290000,-0.8864,5.140000,32.530000,-147.200000
590,Exit short,2025-05-25 08:00,2493.380000,1,18.680000,0.7492,25.760000,7.620000,-124.910000
590,Entry short,2025-05-25 03:30,2512.060000,1,18.680000,0.7492,25.760000,7.620000,-124.910000
589,Exit short,2025-05-25 01:30,2496.000000,1,37.990000,1.5220,60.630000,4.010000,-143.590000
589,Entry short,2025-05-25 00:30,2533.990000,1,37.990000,1.5220,60.630000,4.010000,-143.590000
588,Exit short,2025-05-24 22:00,2539.190000,1,9.030000,0.3556,37.090000,7.250000,-181.580000
588,Entry short,2025-05-24 19:00,2548.220000,1,9.030000,0.3556,37.090000,7.250000,-181.580000
587,Exit long,2025-05-24 19:00,2548.220000,1,-8.190000,-0.3204,9.990000,13.090000,-190.610000
587,Entry long,2025-05-24 17:00,2556.410000,1,-8.190000,-0.3204,9.990000,13.090000,-190.610000
586,Exit short,2025-05-24 17:00,2556.410000,1,-6.540000,-0.2558,7.640000,11.130000,-182.420000
586,Entry short,2025-05-24 15:45,2549.870000,1,-6.540000,-0.2558,7.640000,11.130000,-182.420000
585,Exit long,2025-05-24 15:45,2549.870000,1,-7.570000,-0.2960,6.440000,8.470000,-175.880000
585,Entry long,2025-05-24 15:00,2557.440000,1,-7.570000,-0.2960,6.440000,8.470000,-175.880000
584,Exit short,2025-05-24 15:00,2557.440000,1,-4.310000,-0.1685,0.000000,7.320000,-168.310000
584,Entry short,2025-05-24 14:45,2553.130000,1,-4.310000,-0.1685,0.000000,7.320000,-168.310000
583,Exit long,2025-05-24 14:45,2553.130000,1,-3.040000,-0.1189,5.560000,13.830000,-164.000000
583,Entry long,2025-05-24 12:45,2556.170000,1,-3.040000,-0.1189,5.560000,13.830000,-164.000000
582,Exit short,2025-05-24 12:45,2556.170000,1,-4.640000,-0.1815,4.460000,22.970000,-160.960000
582,Entry short,2025-05-24 10:00,2551.530000,1,-4.640000,-0.1815,4.460000,22.970000,-160.960000
581,Exit long,2025-05-24 09:15,2552.530000,1,0.500000,0.0196,5.930000,0.400000,-156.320000
581,Entry long,2025-05-24 08:45,2552.030000,1,0.500000,0.0196,5.930000,0.400000,-156.320000
580,Exit short,2025-05-24 08:45,2552.030000,1,-4.650000,-0.1822,2.380000,5.950000,-156.820000
580,Entry short,2025-05-24 08:30,2547.380000,1,-4.650000,-0.1822,2.380000,5.950000,-156.820000
579,Exit long,2025-05-24 08:30,2547.380000,1,-5.620000,-0.2201,0.340000,9.190000,-152.170000
579,Entry long,2025-05-24 08:15,2553.000000,1,-5.620000,-0.2201,0.340000,9.190000,-152.170000
578,Exit short,2025-05-24 08:15,2553.000000,1,-2.570000,-0.1007,6.980000,6.170000,-146.550000
578,Entry short,2025-05-24 07:45,2550.430000,1,-2.570000,-0.1007,6.980000,6.170000,-146.550000
577,Exit long,2025-05-24 07:45,2550.430000,1,-4.340000,-0.1699,4.560000,6.710000,-143.980000
577,Entry long,2025-05-24 07:15,2554.770000,1,-4.340000,-0.1699,4.560000,6.710000,-143.980000
576,Exit short,2025-05-24 07:15,2554.770000,1,-25.900000,-1.0138,14.900000,33.460000,-139.640000
576,Entry short,2025-05-24 00:45,2528.870000,1,-25.900000,-1.0138,14.900000,33.460000,-139.640000
575,Exit short,2025-05-23 23:15,2531.210000,1,4.470000,0.1766,15.680000,6.040000,-113.740000
575,Entry short,2025-05-23 22:45,2535.680000,1,4.470000,0.1766,15.680000,6.040000,-113.740000
574,Exit short,2025-05-23 20:30,2561.130000,1,12.140000,0.4740,28.150000,13.980000,-118.210000
574,Entry short,2025-05-23 14:30,2573.270000,1,12.140000,0.4740,28.150000,13.980000,-118.210000
573,Exit short,2025-05-23 12:45,2544.090000,1,124.260000,4.8843,171.350000,19.450000,-130.350000
573,Entry short,2025-05-23 09:00,2668.350000,1,124.260000,4.8843,171.350000,19.450000,-130.350000
572,Exit long,2025-05-23 09:00,2668.350000,1,-28.450000,-1.0550,9.390000,46.790000,-254.610000
572,Entry long,2025-05-23 05:00,2696.800000,1,-28.450000,-1.0550,9.390000,46.790000,-254.610000
571,Exit long,2025-05-23 02:00,2674.800000,1,12.730000,0.4782,31.860000,12.060000,-226.160000
571,Entry long,2025-05-23 01:00,2662.070000,1,12.730000,0.4782,31.860000,12.060000,-226.160000
570,Exit long,2025-05-23 00:15,2661.740000,1,16.150000,0.6104,19.650000,5.900000,-238.890000
570,Entry long,2025-05-22 23:15,2645.590000,1,16.150000,0.6104,19.650000,5.900000,-238.890000
569,Exit short,2025-05-22 23:15,2645.590000,1,-10.790000,-0.4078,0.000000,10.900000,-255.040000
569,Entry short,2025-05-22 23:00,2634.800000,1,-10.790000,-0.4078,0.000000,10.900000,-255.040000
568,Exit long,2025-05-22 23:00,2634.800000,1,-16.660000,-0.6283,27.840000,32.870000,-244.250000
568,Entry long,2025-05-22 11:45,2651.460000,1,-16.660000,-0.6283,27.840000,32.870000,-244.250000
567,Exit long,2025-05-22 08:15,2642.800000,1,33.140000,1.2699,34.770000,6.540000,-227.590000
567,Entry long,2025-05-22 06:30,2609.660000,1,33.140000,1.2699,34.770000,6.540000,-227.590000
566,Exit short,2025-05-22 06:30,2609.660000,1,-110.050000,-4.2170,17.160000,147.640000,-260.730000
566,Entry short,2025-05-21 20:15,2499.610000,1,-110.050000,-4.2170,17.160000,147.640000,-260.730000
565,Exit short,2025-05-21 18:15,2480.310000,1,-3.600000,-0.1451,25.990000,39.800000,-150.680000
565,Entry short,2025-05-21 17:30,2476.710000,1,-3.600000,-0.1451,25.990000,39.800000,-150.680000
564,Exit long,2025-05-21 17:30,2476.710000,1,-102.620000,-3.9786,35.660000,107.500000,-147.080000
564,Entry long,2025-05-21 15:00,2579.330000,1,-102.620000,-3.9786,35.660000,107.500000,-147.080000
563,Exit long,2025-05-21 14:15,2546.920000,1,-3.280000,-0.1286,7.710000,8.700000,-44.460000
563,Entry long,2025-05-21 13:45,2550.200000,1,-3.280000,-0.1286,7.710000,8.700000,-44.460000
562,Exit short,2025-05-21 13:45,2550.200000,1,-11.830000,-0.4639,17.880000,15.550000,-41.180000
562,Entry short,2025-05-21 12:45,2538.370000,1,-11.830000,-0.4639,17.880000,15.550000,-41.180000
561,Exit long,2025-05-21 12:45,2538.370000,1,-8.200000,-0.3220,0.000000,10.990000,-29.350000
561,Entry long,2025-05-21 12:30,2546.570000,1,-8.200000,-0.3220,0.000000,10.990000,-29.350000
560,Exit short,2025-05-21 12:30,2546.570000,1,-10.900000,-0.4280,10.660000,14.050000,-21.150000
560,Entry short,2025-05-21 12:00,2535.670000,1,-10.900000,-0.4280,10.660000,14.050000,-21.150000
559,Exit long,2025-05-21 12:00,2535.670000,1,-16.260000,-0.6372,9.550000,38.720000,-10.250000
559,Entry long,2025-05-21 07:45,2551.930000,1,-16.260000,-0.6372,9.550000,38.720000,-10.250000
558,Exit long,2025-05-21 03:30,2544.410000,1,22.840000,0.9058,24.430000,1.140000,6.010000
558,Entry long,2025-05-21 02:30,2521.570000,1,22.840000,0.9058,24.430000,1.140000,6.010000
557,Exit long,2025-05-20 23:45,2517.000000,1,8.080000,0.3221,31.550000,3.920000,-16.830000
557,Entry long,2025-05-20 22:45,2508.920000,1,8.080000,0.3221,31.550000,3.920000,-16.830000
556,Exit short,2025-05-20 22:45,2508.920000,1,-27.400000,-1.0921,43.130000,44.490000,-24.910000
556,Entry short,2025-05-20 16:00,2481.520000,1,-27.400000,-1.0921,43.130000,44.490000,-24.910000
555,Exit short,2025-05-20 11:00,2514.980000,1,10.410000,0.4139,18.730000,7.590000,2.490000
555,Entry short,2025-05-20 10:00,2525.390000,1,10.410000,0.4139,18.730000,7.590000,2.490000
554,Exit long,2025-05-20 10:00,2525.390000,1,-15.430000,-0.6073,9.100000,20.160000,-7.920000
554,Entry long,2025-05-20 06:45,2540.820000,1,-15.430000,-0.6073,9.100000,20.160000,-7.920000
553,Exit long,2025-05-20 05:45,2564.530000,1,12.530000,0.4910,25.540000,6.690000,7.510000
553,Entry long,2025-05-20 04:15,2552.000000,1,12.530000,0.4910,25.540000,6.690000,7.510000
552,Exit long,2025-05-20 03:00,2566.020000,1,36.820000,1.4558,58.800000,1.190000,-5.020000
552,Entry long,2025-05-20 01:30,2529.200000,1,36.820000,1.4558,58.800000,1.190000,-5.020000
551,Exit long,2025-05-19 23:45,2529.270000,1,18.070000,0.7196,19.800000,19.810000,-41.840000
551,Entry long,2025-05-19 21:45,2511.200000,1,18.070000,0.7196,19.800000,19.810000,-41.840000
550,Exit long,2025-05-19 20:15,2507.180000,1,18.310000,0.7357,35.380000,10.270000,-59.910000
550,Entry long,2025-05-19 19:00,2488.870000,1,18.310000,0.7357,35.380000,10.270000,-59.910000
549,Exit short,2025-05-19 19:00,2488.870000,1,-102.510000,-4.1187,39.370000,160.610000,-78.220000
549,Entry short,2025-05-19 06:30,2386.360000,1,-102.510000,-4.1187,39.370000,160.610000,-78.220000
548,Exit short,2025-05-19 02:45,2407.990000,1,31.950000,1.3268,48.640000,73.440000,24.290000
548,Entry short,2025-05-18 23:15,2439.940000,1,31.950000,1.3268,48.640000,73.440000,24.290000
547,Exit short,2025-05-18 22:30,2414.650000,1,-8.650000,-0.3582,31.450000,10.900000,-7.660000
547,Entry short,2025-05-18 22:00,2406.000000,1,-8.650000,-0.3582,31.450000,10.900000,-7.660000
546,Exit long,2025-05-18 22:00,2406.000000,1,-123.470000,-4.8813,0.530000,216.850000,0.990000
546,Entry long,2025-05-18 17:45,2529.470000,1,-123.470000,-4.8813,0.530000,216.850000,0.990000
545,Exit long,2025-05-18 14:00,2541.190000,1,30.130000,1.1999,33.060000,24.410000,124.460000
545,Entry long,2025-05-18 10:15,2511.060000,1,30.130000,1.1999,33.060000,24.410000,124.460000
544,Exit long,2025-05-18 07:45,2503.260000,1,2.680000,0.1072,5.590000,0.250000,94.330000
544,Entry long,2025-05-18 07:15,2500.580000,1,2.680000,0.1072,5.590000,0.250000,94.330000
543,Exit long,2025-05-18 04:45,2486.960000,1,7.880000,0.3179,8.740000,3.940000,91.650000
543,Entry long,2025-05-18 03:45,2479.080000,1,7.880000,0.3179,8.740000,3.940000,91.650000
542,Exit short,2025-05-18 03:45,2479.080000,1,-11.520000,-0.4647,0.370000,13.230000,83.770000
542,Entry short,2025-05-18 03:30,2467.560000,1,-11.520000,-0.4647,0.370000,13.230000,83.770000
541,Exit long,2025-05-18 03:30,2467.560000,1,-12.530000,-0.5052,5.870000,13.350000,95.290000
541,Entry long,2025-05-18 03:00,2480.090000,1,-12.530000,-0.5052,5.870000,13.350000,95.290000
540,Exit long,2025-05-18 02:30,2482.800000,1,-1.300000,-0.0523,2.680000,4.100000,107.820000
540,Entry long,2025-05-18 02:00,2484.100000,1,-1.300000,-0.0523,2.680000,4.100000,107.820000
539,Exit short,2025-05-18 02:00,2484.100000,1,-7.590000,-0.3055,5.860000,10.070000,109.120000
539,Entry short,2025-05-18 00:30,2476.510000,1,-7.590000,-0.3055,5.860000,10.070000,109.120000
538,Exit long,2025-05-18 00:30,2476.510000,1,-2.480000,-0.1000,2.000000,6.640000,116.710000
538,Entry long,2025-05-18 00:15,2478.990000,1,-2.480000,-0.1000,2.000000,6.640000,116.710000
537,Exit short,2025-05-18 00:15,2478.990000,1,-4.900000,-0.1977,1.880000,8.170000,119.190000
537,Entry short,2025-05-18 00:00,2474.090000,1,-4.900000,-0.1977,1.880000,8.170000,119.190000
536,Exit long,2025-05-17 21:30,2482.440000,1,-5.610000,-0.2255,5.090000,7.560000,124.090000
536,Entry long,2025-05-17 21:00,2488.050000,1,-5.610000,-0.2255,5.090000,7.560000,124.090000
535,Exit short,2025-05-17 21:00,2488.050000,1,-18.950000,-0.7616,8.440000,26.450000,129.700000
535,Entry short,2025-05-17 18:00,2469.100000,1,-18.950000,-0.7616,8.440000,26.450000,129.700000
534,Exit short,2025-05-17 17:00,2466.670000,1,14.740000,0.5976,34.710000,2.130000,148.650000
534,Entry short,2025-05-17 15:00,2481.410000,1,14.740000,0.5976,34.710000,2.130000,148.650000
533,Exit short,2025-05-17 14:15,2468.990000,1,8.730000,0.3536,35.070000,10.400000,133.910000
533,Entry short,2025-05-17 10:45,2477.720000,1,8.730000,0.3536,35.070000,10.400000,133.910000
532,Exit short,2025-05-17 09:45,2480.280000,1,24.690000,0.9955,41.260000,3.510000,125.180000
532,Entry short,2025-05-17 05:00,2504.970000,1,24.690000,0.9955,41.260000,3.510000,125.180000
531,Exit short,2025-05-16 22:00,2566.240000,1,19.100000,0.7443,37.260000,7.220000,100.490000
531,Entry short,2025-05-16 17:45,2585.340000,1,19.100000,0.7443,37.260000,7.220000,100.490000
530,Exit short,2025-05-16 17:00,2585.480000,1,-5.260000,-0.2034,11.950000,6.780000,81.390000
530,Entry short,2025-05-16 16:30,2580.220000,1,-5.260000,-0.2034,11.950000,6.780000,81.390000
529,Exit long,2025-05-16 16:30,2580.220000,1,-13.710000,-0.5285,7.030000,16.570000,86.650000
529,Entry long,2025-05-16 16:00,2593.930000,1,-13.710000,-0.5285,7.030000,16.570000,86.650000
528,Exit short,2025-05-16 16:00,2593.930000,1,-8.360000,-0.3223,1.570000,9.300000,100.360000
528,Entry short,2025-05-16 15:30,2585.570000,1,-8.360000,-0.3223,1.570000,9.300000,100.360000
527,Exit long,2025-05-16 15:30,2585.570000,1,-10.410000,-0.4010,7.170000,23.680000,108.720000
527,Entry long,2025-05-16 14:30,2595.980000,1,-10.410000,-0.4010,7.170000,23.680000,108.720000
526,Exit short,2025-05-16 14:30,2595.980000,1,-7.940000,-0.3059,2.240000,17.810000,119.130000
526,Entry short,2025-05-16 14:15,2588.040000,1,-7.940000,-0.3059,2.240000,17.810000,119.130000
525,Exit long,2025-05-16 14:15,2588.040000,1,-11.660000,-0.4485,15.160000,19.700000,127.070000
525,Entry long,2025-05-16 12:45,2599.700000,1,-11.660000,-0.4485,15.160000,19.700000,127.070000
524,Exit long,2025-05-16 10:15,2616.420000,1,43.940000,1.7081,53.520000,2.000000,138.730000
524,Entry long,2025-05-16 09:00,2572.480000,1,43.940000,1.7081,53.520000,2.000000,138.730000
523,Exit short,2025-05-16 09:00,2572.480000,1,-4.840000,-0.1881,10.990000,7.360000,94.790000
523,Entry short,2025-05-16 08:30,2567.640000,1,-4.840000,-0.1881,10.990000,7.360000,94.790000
522,Exit long,2025-05-16 08:00,2600.510000,1,-7.620000,-0.2922,3.130000,13.920000,99.630000
522,Entry long,2025-05-16 07:30,2608.130000,1,-7.620000,-0.2922,3.130000,13.920000,99.630000
521,Exit long,2025-05-16 06:15,2588.990000,1,15.820000,0.6148,24.630000,0.000000,107.250000
521,Entry long,2025-05-16 05:00,2573.170000,1,15.820000,0.6148,24.630000,0.000000,107.250000
520,Exit long,2025-05-16 03:00,2572.990000,1,19.230000,0.7530,28.680000,1.330000,91.430000
520,Entry long,2025-05-16 01:30,2553.760000,1,19.230000,0.7530,28.680000,1.330000,91.430000
519,Exit short,2025-05-16 01:30,2553.760000,1,-10.070000,-0.3943,10.540000,10.810000,72.200000
519,Entry short,2025-05-16 01:00,2543.690000,1,-10.070000,-0.3943,10.540000,10.810000,72.200000
518,Exit long,2025-05-16 01:00,2543.690000,1,-4.070000,-0.1597,17.120000,9.570000,82.270000
518,Entry long,2025-05-16 00:00,2547.760000,1,-4.070000,-0.1597,17.120000,9.570000,82.270000
517,Exit short,2025-05-16 00:00,2547.760000,1,-19.760000,-0.7756,13.000000,21.510000,86.340000
517,Entry short,2025-05-15 23:15,2528.000000,1,-19.760000,-0.7756,13.000000,21.510000,86.340000
516,Exit short,2025-05-15 21:00,2535.810000,1,-0.710000,-0.0280,9.990000,2.890000,106.100000
516,Entry short,2025-05-15 20:30,2535.100000,1,-0.710000,-0.0280,9.990000,2.890000,106.100000
515,Exit short,2025-05-15 19:15,2540.000000,1,1.080000,0.0425,22.070000,8.710000,106.810000
515,Entry short,2025-05-15 18:30,2541.080000,1,1.080000,0.0425,22.070000,8.710000,106.810000
514,Exit short,2025-05-15 15:15,2511.300000,1,40.580000,1.6159,76.270000,15.760000,105.730000
514,Entry short,2025-05-15 13:00,2551.880000,1,40.580000,1.6159,76.270000,15.760000,105.730000
513,Exit long,2025-05-15 13:00,2551.880000,1,-13.390000,-0.5220,0.940000,22.400000,65.150000
513,Entry long,2025-05-15 12:45,2565.270000,1,-13.390000,-0.5220,0.940000,22.400000,65.150000
512,Exit short,2025-05-15 12:45,2565.270000,1,-11.460000,-0.4467,11.810000,25.180000,78.540000
512,Entry short,2025-05-15 12:00,2553.810000,1,-11.460000,-0.4467,11.810000,25.180000,78.540000
511,Exit short,2025-05-15 02:30,2589.970000,1,2.270000,0.0876,26.340000,2.960000,90.000000
511,Entry short,2025-05-15 01:45,2592.240000,1,2.270000,0.0876,26.340000,2.960000,90.000000
510,Exit long,2025-05-15 01:15,2619.600000,1,16.960000,0.6516,43.460000,0.000000,87.730000
510,Entry long,2025-05-14 23:45,2602.640000,1,16.960000,0.6516,43.460000,0.000000,87.730000
509,Exit short,2025-05-14 23:45,2602.640000,1,-1.640000,-0.0630,18.350000,4.740000,70.770000
509,Entry short,2025-05-14 22:15,2601.000000,1,-1.640000,-0.0630,18.350000,4.740000,70.770000
508,Exit long,2025-05-14 22:15,2601.000000,1,-4.380000,-0.1681,1.500000,5.780000,72.410000
508,Entry long,2025-05-14 22:00,2605.380000,1,-4.380000,-0.1681,1.500000,5.780000,72.410000
507,Exit short,2025-05-14 22:00,2605.380000,1,-9.010000,-0.3458,14.060000,20.450000,76.790000
507,Entry short,2025-05-14 18:45,2596.370000,1,-9.010000,-0.3458,14.060000,20.450000,76.790000
506,Exit short,2025-05-14 17:45,2578.180000,1,18.100000,0.7020,51.280000,2.480000,85.800000
506,Entry short,2025-05-14 16:00,2596.280000,1,18.100000,0.7020,51.280000,2.480000,85.800000
505,Exit short,2025-05-14 14:15,2589.680000,1,34.480000,1.3314,47.860000,10.360000,67.700000
505,Entry short,2025-05-14 12:00,2624.160000,1,34.480000,1.3314,47.860000,10.360000,67.700000
504,Exit short,2025-05-14 08:00,2639.150000,1,9.240000,0.3501,10.390000,7.080000,33.220000
504,Entry short,2025-05-14 07:30,2648.390000,1,9.240000,0.3501,10.390000,7.080000,33.220000
503,Exit long,2025-05-14 07:30,2648.390000,1,-21.800000,-0.8164,6.550000,29.380000,23.980000
503,Entry long,2025-05-14 06:45,2670.190000,1,-21.800000,-0.8164,6.550000,29.380000,23.980000
502,Exit long,2025-05-14 05:30,2665.780000,1,24.260000,0.9184,45.090000,6.460000,45.780000
502,Entry long,2025-05-14 03:45,2641.520000,1,24.260000,0.9184,45.090000,6.460000,45.780000
501,Exit long,2025-05-14 01:45,2716.520000,1,49.170000,1.8434,57.610000,2.940000,21.520000
501,Entry long,2025-05-13 23:30,2667.350000,1,49.170000,1.8434,57.610000,2.940000,21.520000
500,Exit long,2025-05-13 10:00,2483.770000,1,15.220000,0.6166,18.330000,1.580000,-27.650000
500,Entry long,2025-05-13 09:15,2468.550000,1,15.220000,0.6166,18.330000,1.580000,-27.650000
499,Exit short,2025-05-13 09:15,2468.550000,1,-15.680000,-0.6352,14.860000,26.580000,-42.870000
499,Entry short,2025-05-13 05:30,2452.870000,1,-15.680000,-0.6352,14.860000,26.580000,-42.870000
498,Exit short,2025-05-13 02:15,2436.370000,1,24.130000,0.9904,27.620000,4.500000,-27.190000
498,Entry short,2025-05-13 01:30,2460.500000,1,24.130000,0.9904,27.620000,4.500000,-27.190000
497,Exit short,2025-05-13 01:00,2461.970000,1,14.940000,0.6068,19.310000,22.430000,-51.320000
497,Entry short,2025-05-12 21:15,2476.910000,1,14.940000,0.6068,19.310000,22.430000,-51.320000
496,Exit short,2025-05-12 18:15,2460.480000,1,32.210000,1.3091,42.680000,2.030000,-66.260000
496,Entry short,2025-05-12 17:30,2492.690000,1,32.210000,1.3091,42.680000,2.030000,-66.260000
495,Exit short,2025-05-12 15:30,2501.320000,1,7.910000,0.3162,31.230000,26.330000,-98.470000
495,Entry short,2025-05-12 14:30,2509.230000,1,7.910000,0.3162,31.230000,26.330000,-98.470000
494,Exit long,2025-05-12 14:30,2509.230000,1,-39.640000,-1.5552,26.730000,52.870000,-106.380000
494,Entry long,2025-05-12 10:30,2548.870000,1,-39.640000,-1.5552,26.730000,52.870000,-106.380000
493,Exit long,2025-05-12 09:15,2566.620000,1,23.150000,0.9102,41.580000,9.570000,-66.740000
493,Entry long,2025-05-12 08:15,2543.470000,1,23.150000,0.9102,41.580000,9.570000,-66.740000
492,Exit long,2025-05-12 07:45,2571.230000,1,54.570000,2.1684,108.180000,0.010000,-89.890000
492,Entry long,2025-05-12 07:00,2516.660000,1,54.570000,2.1684,108.180000,0.010000,-89.890000
491,Exit short,2025-05-12 06:00,2496.790000,1,11.450000,0.4586,17.540000,2.560000,-144.460000
491,Entry short,2025-05-12 05:15,2508.240000,1,11.450000,0.4586,17.540000,2.560000,-144.460000
490,Exit long,2025-05-12 05:15,2508.240000,1,-7.520000,-0.2989,19.330000,9.860000,-155.910000
490,Entry long,2025-05-12 02:30,2515.760000,1,-7.520000,-0.2989,19.330000,9.860000,-155.910000
489,Exit short,2025-05-12 02:30,2515.760000,1,-11.280000,-0.4484,3.420000,19.210000,-148.390000
489,Entry short,2025-05-12 02:00,2504.480000,1,-11.280000,-0.4484,3.420000,19.210000,-148.390000
488,Exit long,2025-05-12 01:00,2530.200000,1,28.050000,1.1210,42.820000,5.570000,-137.110000
488,Entry long,2025-05-11 23:00,2502.150000,1,28.050000,1.1210,42.820000,5.570000,-137.110000
487,Exit short,2025-05-11 23:00,2502.150000,1,-18.670000,-0.7462,0.930000,19.920000,-165.160000
487,Entry short,2025-05-11 22:45,2483.480000,1,-18.670000,-0.7462,0.930000,19.920000,-165.160000
486,Exit long,2025-05-11 22:45,2483.480000,1,-19.840000,-0.7925,24.390000,21.370000,-146.490000
486,Entry long,2025-05-11 20:30,2503.320000,1,-19.840000,-0.7925,24.390000,21.370000,-146.490000
485,Exit short,2025-05-11 20:30,2503.320000,1,-12.760000,-0.5097,19.270000,33.820000,-126.650000
485,Entry short,2025-05-11 18:00,2490.560000,1,-12.760000,-0.5097,19.270000,33.820000,-126.650000
484,Exit short,2025-05-11 14:30,2481.750000,1,18.520000,0.7462,36.070000,0.220000,-113.890000
484,Entry short,2025-05-11 13:30,2500.270000,1,18.520000,0.7462,36.070000,0.220000,-113.890000
483,Exit long,2025-05-11 13:30,2500.270000,1,-25.220000,-0.9986,0.010000,30.990000,-132.410000
483,Entry long,2025-05-11 13:15,2525.490000,1,-25.220000,-0.9986,0.010000,30.990000,-132.410000
482,Exit short,2025-05-11 13:15,2525.490000,1,-16.510000,-0.6537,14.960000,25.820000,-107.190000
482,Entry short,2025-05-11 09:45,2508.980000,1,-16.510000,-0.6537,14.960000,25.820000,-107.190000
481,Exit long,2025-05-11 09:45,2508.980000,1,-26.510000,-1.0456,29.510000,82.880000,-90.680000
481,Entry long,2025-05-11 00:45,2535.490000,1,-26.510000,-1.0456,29.510000,82.880000,-90.680000
480,Exit long,2025-05-10 21:15,2510.910000,1,24.920000,1.0024,32.010000,0.000000,-64.170000
480,Entry long,2025-05-10 20:30,2485.990000,1,24.920000,1.0024,32.010000,0.000000,-64.170000
479,Exit long,2025-05-10 19:15,2480.700000,1,0.550000,0.0222,26.080000,19.220000,-89.090000
479,Entry long,2025-05-10 18:15,2480.150000,1,0.550000,0.0222,26.080000,19.220000,-89.090000
478,Exit long,2025-05-10 15:15,2430.220000,1,3.100000,0.1277,17.420000,5.980000,-89.640000
478,Entry long,2025-05-10 14:45,2427.120000,1,3.100000,0.1277,17.420000,5.980000,-89.640000
477,Exit long,2025-05-10 13:30,2417.290000,1,26.990000,1.1291,30.580000,15.790000,-92.740000
477,Entry long,2025-05-10 11:30,2390.300000,1,26.990000,1.1291,30.580000,15.790000,-92.740000
476,Exit long,2025-05-10 10:45,2415.900000,1,43.180000,1.8199,56.030000,7.040000,-119.730000
476,Entry long,2025-05-10 09:15,2372.720000,1,43.180000,1.8199,56.030000,7.040000,-119.730000
475,Exit long,2025-05-10 05:45,2342.620000,1,8.480000,0.3633,19.580000,8.830000,-162.910000
475,Entry long,2025-05-10 01:15,2334.140000,1,8.480000,0.3633,19.580000,8.830000,-162.910000
474,Exit short,2025-05-10 01:15,2334.140000,1,-8.370000,-0.3586,0.760000,12.760000,-171.390000
474,Entry short,2025-05-10 01:00,2325.770000,1,-8.370000,-0.3586,0.760000,12.760000,-171.390000
473,Exit long,2025-05-09 23:45,2338.660000,1,16.740000,0.7210,29.240000,4.150000,-163.020000
473,Entry long,2025-05-09 19:45,2321.920000,1,16.740000,0.7210,29.240000,4.150000,-163.020000
472,Exit long,2025-05-09 18:15,2341.150000,1,2.010000,0.0859,48.980000,69.140000,-179.760000
472,Entry long,2025-05-09 09:45,2339.140000,1,2.010000,0.0859,48.980000,69.140000,-179.760000
471,Exit long,2025-05-09 07:00,2255.940000,1,43.350000,1.9592,47.040000,8.040000,-181.770000
471,Entry long,2025-05-09 04:15,2212.590000,1,43.350000,1.9592,47.040000,8.040000,-181.770000
470,Exit long,2025-05-09 03:45,2217.160000,1,18.400000,0.8368,46.140000,4.960000,-225.120000
470,Entry long,2025-05-09 02:15,2198.760000,1,18.400000,0.8368,46.140000,4.960000,-225.120000
469,Exit long,2025-05-08 01:30,1827.680000,1,14.630000,0.8069,23.780000,5.330000,-243.520000
469,Entry long,2025-05-08 00:15,1813.050000,1,14.630000,0.8069,23.780000,5.330000,-243.520000
468,Exit short,2025-05-08 00:15,1813.050000,1,-11.260000,-0.6211,2.140000,22.940000,-258.150000
468,Entry short,2025-05-07 22:00,1801.790000,1,-11.260000,-0.6211,2.140000,22.940000,-258.150000
467,Exit short,2025-05-07 20:30,1794.500000,1,11.070000,0.6169,19.570000,2.130000,-246.890000
467,Entry short,2025-05-07 19:00,1805.570000,1,11.070000,0.6169,19.570000,2.130000,-246.890000
466,Exit long,2025-05-07 19:00,1805.570000,1,-27.150000,-1.4814,3.560000,45.220000,-257.960000
466,Entry long,2025-05-07 11:00,1832.720000,1,-27.150000,-1.4814,3.560000,45.220000,-257.960000
465,Exit long,2025-05-07 07:45,1834.000000,1,7.420000,0.4062,9.420000,10.360000,-230.810000
465,Entry long,2025-05-07 02:30,1826.580000,1,7.420000,0.4062,9.420000,10.360000,-230.810000
464,Exit long,2025-05-06 23:15,1804.830000,1,16.380000,0.9159,24.550000,0.350000,-238.230000
464,Entry long,2025-05-06 22:15,1788.450000,1,16.380000,0.9159,24.550000,0.350000,-238.230000
463,Exit short,2025-05-06 22:15,1788.450000,1,-17.770000,-0.9936,11.330000,28.200000,-254.610000
463,Entry short,2025-05-06 14:45,1770.680000,1,-17.770000,-0.9936,11.330000,28.200000,-254.610000
462,Exit short,2025-05-06 09:00,1800.730000,1,2.290000,0.1272,15.980000,3.480000,-236.840000
462,Entry short,2025-05-06 07:30,1803.020000,1,2.290000,0.1272,15.980000,3.480000,-236.840000
461,Exit short,2025-05-06 06:00,1798.030000,1,5.830000,0.3242,6.600000,4.180000,-239.130000
461,Entry short,2025-05-06 04:15,1803.860000,1,5.830000,0.3242,6.600000,4.180000,-239.130000
460,Exit short,2025-05-06 02:15,1802.440000,1,2.630000,0.1459,4.680000,1.740000,-244.960000
460,Entry short,2025-05-06 01:45,1805.070000,1,2.630000,0.1459,4.680000,1.740000,-244.960000
459,Exit long,2025-05-06 01:45,1805.070000,1,-11.260000,-0.6199,0.590000,12.800000,-247.590000
459,Entry long,2025-05-06 01:30,1816.330000,1,-11.260000,-0.6199,0.590000,12.800000,-247.590000
458,Exit long,2025-05-05 22:45,1829.490000,1,16.910000,0.9329,20.400000,14.790000,-236.330000
458,Entry long,2025-05-05 20:30,1812.580000,1,16.910000,0.9329,20.400000,14.790000,-236.330000
457,Exit short,2025-05-05 20:30,1812.580000,1,-9.710000,-0.5357,8.570000,25.130000,-253.240000
457,Entry short,2025-05-05 14:30,1802.870000,1,-9.710000,-0.5357,8.570000,25.130000,-253.240000
456,Exit short,2025-05-05 11:15,1808.490000,1,-4.390000,-0.2427,7.100000,26.620000,-243.530000
456,Entry short,2025-05-05 05:30,1804.100000,1,-4.390000,-0.2427,7.100000,26.620000,-243.530000
455,Exit short,2025-05-05 02:15,1791.700000,1,20.300000,1.1330,31.980000,1.490000,-239.140000
455,Entry short,2025-05-05 01:15,1812.000000,1,20.300000,1.1330,31.980000,1.490000,-239.140000
454,Exit long,2025-05-04 21:00,1835.410000,1,5.760000,0.3148,12.110000,2.850000,-259.440000
454,Entry long,2025-05-04 19:45,1829.650000,1,5.760000,0.3148,12.110000,2.850000,-259.440000
453,Exit short,2025-05-04 19:45,1829.650000,1,1.200000,0.0656,13.820000,2.220000,-265.200000
453,Entry short,2025-05-04 11:45,1830.850000,1,1.200000,0.0656,13.820000,2.220000,-265.200000
452,Exit long,2025-05-04 11:45,1830.850000,1,-9.390000,-0.5103,0.490000,19.490000,-266.400000
452,Entry long,2025-05-04 08:00,1840.240000,1,-9.390000,-0.5103,0.490000,19.490000,-266.400000
451,Exit long,2025-05-04 06:15,1842.990000,1,5.500000,0.2993,12.040000,2.380000,-257.010000
451,Entry long,2025-05-04 05:15,1837.490000,1,5.500000,0.2993,12.040000,2.380000,-257.010000
450,Exit short,2025-05-04 05:15,1837.490000,1,-7.040000,-0.3831,2.020000,8.040000,-262.510000
450,Entry short,2025-05-04 04:45,1830.450000,1,-7.040000,-0.3831,2.020000,8.040000,-262.510000
449,Exit short,2025-05-04 03:30,1833.520000,1,-1.690000,-0.0922,6.550000,2.480000,-255.470000
449,Entry short,2025-05-04 02:45,1831.830000,1,-1.690000,-0.0922,6.550000,2.480000,-255.470000
448,Exit long,2025-05-04 02:45,1831.830000,1,-12.090000,-0.6557,0.810000,14.920000,-253.780000
448,Entry long,2025-05-04 02:15,1843.920000,1,-12.090000,-0.6557,0.810000,14.920000,-253.780000
447,Exit short,2025-05-04 02:15,1843.920000,1,-11.170000,-0.6058,4.470000,16.090000,-241.690000
447,Entry short,2025-05-04 01:45,1832.750000,1,-11.170000,-0.6058,4.470000,16.090000,-241.690000
446,Exit long,2025-05-04 01:45,1832.750000,1,-5.500000,-0.2992,2.090000,6.140000,-230.520000
446,Entry long,2025-05-04 01:15,1838.250000,1,-5.500000,-0.2992,2.090000,6.140000,-230.520000
445,Exit short,2025-05-04 01:15,1838.250000,1,-6.590000,-0.3585,2.090000,7.340000,-225.020000
445,Entry short,2025-05-04 00:45,1831.660000,1,-6.590000,-0.3585,2.090000,7.340000,-225.020000
444,Exit long,2025-05-04 00:45,1831.660000,1,-1.820000,-0.0993,7.800000,4.410000,-218.430000
444,Entry long,2025-05-03 23:45,1833.480000,1,-1.820000,-0.0993,7.800000,4.410000,-218.430000
443,Exit short,2025-05-03 23:45,1833.480000,1,-8.290000,-0.4521,1.690000,22.810000,-216.610000
443,Entry short,2025-05-03 18:45,1825.190000,1,-8.290000,-0.4521,1.690000,22.810000,-216.610000
442,Exit short,2025-05-03 16:45,1826.910000,1,1.710000,0.0936,4.680000,10.650000,-208.320000
442,Entry short,2025-05-03 13:00,1828.620000,1,1.710000,0.0936,4.680000,10.650000,-208.320000
441,Exit long,2025-05-03 13:00,1828.620000,1,-0.830000,-0.0454,2.610000,1.600000,-210.030000
441,Entry long,2025-05-03 12:30,1829.450000,1,-0.830000,-0.0454,2.610000,1.600000,-210.030000
440,Exit short,2025-05-03 12:30,1829.450000,1,-4.810000,-0.2629,8.410000,7.090000,-209.200000
440,Entry short,2025-05-03 09:00,1824.640000,1,-4.810000,-0.2629,8.410000,7.090000,-209.200000
439,Exit short,2025-05-03 06:45,1828.890000,1,4.330000,0.2368,9.830000,5.330000,-204.390000
439,Entry short,2025-05-03 03:00,1833.220000,1,4.330000,0.2368,9.830000,5.330000,-204.390000
438,Exit short,2025-05-03 02:15,1831.990000,1,8.200000,0.4476,14.670000,2.250000,-208.720000
438,Entry short,2025-05-03 00:15,1840.190000,1,8.200000,0.4476,14.670000,2.250000,-208.720000
437,Exit long,2025-05-03 00:15,1840.190000,1,-1.030000,-0.0559,0.380000,2.290000,-216.920000
437,Entry long,2025-05-03 00:00,1841.220000,1,-1.030000,-0.0559,0.380000,2.290000,-216.920000
436,Exit short,2025-05-03 00:00,1841.220000,1,-1.220000,-0.0663,1.410000,1.830000,-215.890000
436,Entry short,2025-05-02 23:45,1840.000000,1,-1.220000,-0.0663,1.410000,1.830000,-215.890000
435,Exit long,2025-05-02 23:45,1840.000000,1,-5.540000,-0.3002,3.310000,14.750000,-214.670000
435,Entry long,2025-05-02 19:15,1845.540000,1,-5.540000,-0.3002,3.310000,14.750000,-214.670000
434,Exit long,2025-05-02 18:30,1849.940000,1,0.540000,0.0292,5.500000,4.290000,-209.130000
434,Entry long,2025-05-02 17:30,1849.400000,1,0.540000,0.0292,5.500000,4.290000,-209.130000
433,Exit long,2025-05-02 16:45,1856.020000,1,15.800000,0.8586,30.840000,3.140000,-209.670000
433,Entry long,2025-05-02 15:45,1840.220000,1,15.800000,0.8586,30.840000,3.140000,-209.670000
432,Exit long,2025-05-02 15:00,1847.990000,1,15.100000,0.8238,18.110000,0.190000,-225.470000
432,Entry long,2025-05-02 14:00,1832.890000,1,15.100000,0.8238,18.110000,0.190000,-225.470000
431,Exit short,2025-05-02 14:00,1832.890000,1,-9.180000,-0.5008,4.290000,23.400000,-240.570000
431,Entry short,2025-05-02 09:30,1823.710000,1,-9.180000,-0.5008,4.290000,23.400000,-240.570000
430,Exit short,2025-05-02 05:15,1841.300000,1,-1.360000,-0.0739,1.240000,3.240000,-231.390000
430,Entry short,2025-05-02 04:45,1839.940000,1,-1.360000,-0.0739,1.240000,3.240000,-231.390000
429,Exit long,2025-05-02 04:15,1845.500000,1,-2.270000,-0.1229,3.090000,2.550000,-230.030000
429,Entry long,2025-05-02 03:45,1847.770000,1,-2.270000,-0.1229,3.090000,2.550000,-230.030000
428,Exit long,2025-05-02 03:00,1845.870000,1,4.180000,0.2270,7.190000,3.560000,-227.760000
428,Entry long,2025-05-02 02:00,1841.690000,1,4.180000,0.2270,7.190000,3.560000,-227.760000
427,Exit short,2025-05-02 02:00,1841.690000,1,-1.340000,-0.0728,1.720000,3.400000,-231.940000
427,Entry short,2025-05-02 01:45,1840.350000,1,-1.340000,-0.0728,1.720000,3.400000,-231.940000
426,Exit long,2025-05-02 01:30,1844.200000,1,-1.840000,-0.0997,4.450000,14.240000,-230.600000
426,Entry long,2025-05-01 21:15,1846.040000,1,-1.840000,-0.0997,4.450000,14.240000,-230.600000
425,Exit short,2025-05-01 21:15,1846.040000,1,-5.570000,-0.3017,4.420000,6.240000,-228.760000
425,Entry short,2025-05-01 20:45,1840.470000,1,-5.570000,-0.3017,4.420000,6.240000,-228.760000
424,Exit long,2025-05-01 20:45,1840.470000,1,-14.520000,-0.7828,2.830000,17.650000,-223.190000
424,Entry long,2025-05-01 18:00,1854.990000,1,-14.520000,-0.7828,2.830000,17.650000,-223.190000
423,Exit long,2025-05-01 15:45,1858.760000,1,32.950000,1.8047,46.900000,0.000000,-208.670000
423,Entry long,2025-05-01 14:00,1825.810000,1,32.950000,1.8047,46.900000,0.000000,-208.670000
422,Exit long,2025-05-01 09:00,1816.900000,1,8.120000,0.4489,11.220000,7.540000,-241.620000
422,Entry long,2025-05-01 04:45,1808.780000,1,8.120000,0.4489,11.220000,7.540000,-241.620000
421,Exit long,2025-05-01 01:45,1802.920000,1,7.460000,0.4155,10.810000,7.400000,-249.740000
421,Entry long,2025-04-30 22:15,1795.460000,1,7.460000,0.4155,10.810000,7.400000,-249.740000
420,Exit short,2025-04-30 22:15,1795.460000,1,-31.740000,-1.7678,8.700000,45.470000,-257.200000
420,Entry short,2025-04-30 16:00,1763.720000,1,-31.740000,-1.7678,8.700000,45.470000,-257.200000
419,Exit short,2025-04-30 13:30,1771.490000,1,24.220000,1.3672,38.660000,3.640000,-225.460000
419,Entry short,2025-04-30 12:30,1795.710000,1,24.220000,1.3672,38.660000,3.640000,-225.460000
418,Exit short,2025-04-30 08:15,1799.090000,1,3.300000,0.1834,12.390000,4.460000,-249.680000
418,Entry short,2025-04-30 07:00,1802.390000,1,3.300000,0.1834,12.390000,4.460000,-249.680000
417,Exit long,2025-04-30 07:00,1802.390000,1,-4.130000,-0.2286,1.450000,4.660000,-252.980000
417,Entry long,2025-04-30 06:15,1806.520000,1,-4.130000,-0.2286,1.450000,4.660000,-252.980000
416,Exit short,2025-04-30 06:15,1806.520000,1,-2.040000,-0.1129,16.760000,7.740000,-248.850000
416,Entry short,2025-04-30 01:00,1804.480000,1,-2.040000,-0.1129,16.760000,7.740000,-248.850000
415,Exit long,2025-04-29 19:00,1824.570000,1,5.030000,0.2764,9.460000,3.820000,-246.810000
415,Entry long,2025-04-29 17:30,1819.540000,1,5.030000,0.2764,9.460000,3.820000,-246.810000
414,Exit short,2025-04-29 17:30,1819.540000,1,-4.250000,-0.2336,9.290000,6.610000,-251.840000
414,Entry short,2025-04-29 17:00,1815.290000,1,-4.250000,-0.2336,9.290000,6.610000,-251.840000
413,Exit long,2025-04-29 17:00,1815.290000,1,-20.210000,-1.1011,2.150000,34.500000,-247.590000
413,Entry long,2025-04-29 11:15,1835.500000,1,-20.210000,-1.1011,2.150000,34.500000,-247.590000
412,Exit long,2025-04-29 07:00,1820.370000,1,26.360000,1.4693,27.490000,0.700000,-227.380000
412,Entry long,2025-04-29 06:00,1794.010000,1,26.360000,1.4693,27.490000,0.700000,-227.380000
411,Exit long,2025-04-29 04:15,1802.990000,1,-0.750000,-0.0416,5.830000,17.060000,-253.740000
411,Entry long,2025-04-29 01:45,1803.740000,1,-0.750000,-0.0416,5.830000,17.060000,-253.740000
410,Exit long,2025-04-28 22:45,1793.000000,1,8.420000,0.4718,21.270000,1.580000,-252.990000
410,Entry long,2025-04-28 21:30,1784.580000,1,8.420000,0.4718,21.270000,1.580000,-252.990000
409,Exit short,2025-04-28 21:30,1784.580000,1,-18.320000,-1.0266,1.550000,38.740000,-261.410000
409,Entry short,2025-04-28 18:30,1766.260000,1,-18.320000,-1.0266,1.550000,38.740000,-261.410000
408,Exit long,2025-04-28 18:30,1766.260000,1,-45.110000,-2.4904,2.590000,69.220000,-243.090000
408,Entry long,2025-04-28 12:30,1811.370000,1,-45.110000,-2.4904,2.590000,69.220000,-243.090000
407,Exit long,2025-04-28 11:15,1812.290000,1,-7.090000,-0.3897,4.320000,10.090000,-197.980000
407,Entry long,2025-04-28 10:45,1819.380000,1,-7.090000,-0.3897,4.320000,10.090000,-197.980000
406,Exit short,2025-04-28 10:45,1819.380000,1,-36.140000,-1.9864,0.000000,40.350000,-190.890000
406,Entry short,2025-04-28 04:00,1783.240000,1,-36.140000,-1.9864,0.000000,40.350000,-190.890000
405,Exit short,2025-04-27 23:00,1793.600000,1,-4.210000,-0.2347,6.290000,4.800000,-154.750000
405,Entry short,2025-04-27 22:15,1789.390000,1,-4.210000,-0.2347,6.290000,4.800000,-154.750000
404,Exit long,2025-04-27 22:15,1789.390000,1,-13.590000,-0.7538,3.550000,14.830000,-150.540000
404,Entry long,2025-04-27 21:30,1802.980000,1,-13.590000,-0.7538,3.550000,14.830000,-150.540000
403,Exit short,2025-04-27 21:30,1802.980000,1,-6.530000,-0.3622,0.820000,6.640000,-136.950000
403,Entry short,2025-04-27 21:15,1796.450000,1,-6.530000,-0.3622,0.820000,6.640000,-136.950000
402,Exit long,2025-04-27 21:15,1796.450000,1,-5.150000,-0.2859,0.010000,6.480000,-130.420000
402,Entry long,2025-04-27 21:00,1801.600000,1,-5.150000,-0.2859,0.010000,6.480000,-130.420000
401,Exit short,2025-04-27 21:00,1801.600000,1,-7.720000,-0.4285,7.700000,13.890000,-125.270000
401,Entry short,2025-04-27 16:15,1793.880000,1,-7.720000,-0.4285,7.700000,13.890000,-125.270000
400,Exit short,2025-04-27 15:30,1789.720000,1,8.940000,0.4995,9.660000,1.340000,-117.550000
400,Entry short,2025-04-27 14:45,1798.660000,1,8.940000,0.4995,9.660000,1.340000,-117.550000
399,Exit short,2025-04-27 13:45,1795.800000,1,8.860000,0.4934,24.410000,4.370000,-126.490000
399,Entry short,2025-04-27 11:15,1804.660000,1,8.860000,0.4934,24.410000,4.370000,-126.490000
398,Exit long,2025-04-27 11:15,1804.660000,1,-3.590000,-0.1985,0.440000,5.220000,-135.350000
398,Entry long,2025-04-27 11:00,1808.250000,1,-3.590000,-0.1985,0.440000,5.220000,-135.350000
397,Exit short,2025-04-27 11:00,1808.250000,1,-5.270000,-0.2914,2.400000,12.010000,-131.760000
397,Entry short,2025-04-27 08:00,1802.980000,1,-5.270000,-0.2914,2.400000,12.010000,-131.760000
396,Exit long,2025-04-27 08:00,1802.980000,1,-11.670000,-0.6431,2.400000,25.770000,-126.490000
396,Entry long,2025-04-27 02:15,1814.650000,1,-11.670000,-0.6431,2.400000,25.770000,-126.490000
395,Exit long,2025-04-27 00:15,1832.280000,1,14.280000,0.7855,15.790000,0.640000,-114.820000
395,Entry long,2025-04-26 23:45,1818.000000,1,14.280000,0.7855,15.790000,0.640000,-114.820000
394,Exit long,2025-04-26 20:00,1812.220000,1,5.750000,0.3183,8.480000,2.690000,-129.100000
394,Entry long,2025-04-26 19:30,1806.470000,1,5.750000,0.3183,8.480000,2.690000,-129.100000
393,Exit long,2025-04-26 17:30,1805.000000,1,2.660000,0.1476,4.300000,3.880000,-134.850000
393,Entry long,2025-04-26 17:00,1802.340000,1,2.660000,0.1476,4.300000,3.880000,-134.850000
392,Exit short,2025-04-26 17:00,1802.340000,1,-11.050000,-0.6131,0.010000,12.800000,-137.510000
392,Entry short,2025-04-26 15:00,1791.290000,1,-11.050000,-0.6131,0.010000,12.800000,-137.510000
391,Exit short,2025-04-26 14:15,1790.000000,1,4.010000,0.2240,15.130000,2.280000,-126.460000
391,Entry short,2025-04-26 12:45,1794.010000,1,4.010000,0.2240,15.130000,2.280000,-126.460000
390,Exit short,2025-04-26 12:15,1790.650000,1,7.480000,0.4177,20.820000,2.880000,-130.470000
390,Entry short,2025-04-26 11:15,1798.130000,1,7.480000,0.4177,20.820000,2.880000,-130.470000
389,Exit long,2025-04-26 11:15,1798.130000,1,-4.360000,-0.2419,7.520000,5.040000,-137.950000
389,Entry long,2025-04-26 10:00,1802.490000,1,-4.360000,-0.2419,7.520000,5.040000,-137.950000
388,Exit short,2025-04-26 10:00,1802.490000,1,-4.650000,-0.2580,2.770000,4.770000,-133.590000
388,Entry short,2025-04-26 09:45,1797.840000,1,-4.650000,-0.2580,2.770000,4.770000,-133.590000
387,Exit long,2025-04-26 09:45,1797.840000,1,-29.830000,-1.6321,1.880000,35.740000,-128.940000
387,Entry long,2025-04-26 08:30,1827.670000,1,-29.830000,-1.6321,1.880000,35.740000,-128.940000
386,Exit long,2025-04-26 07:15,1807.310000,1,11.460000,0.6381,14.000000,7.840000,-99.110000
386,Entry long,2025-04-26 03:45,1795.850000,1,11.460000,0.6381,14.000000,7.840000,-99.110000
385,Exit short,2025-04-26 03:45,1795.850000,1,-1.950000,-0.1086,1.110000,3.230000,-110.570000
385,Entry short,2025-04-26 03:30,1793.900000,1,-1.950000,-0.1086,1.110000,3.230000,-110.570000
384,Exit long,2025-04-26 02:00,1806.400000,1,15.370000,0.8582,24.020000,5.860000,-108.620000
384,Entry long,2025-04-26 00:15,1791.030000,1,15.370000,0.8582,24.020000,5.860000,-108.620000
383,Exit short,2025-04-26 00:15,1791.030000,1,-1.400000,-0.0782,6.630000,2.900000,-123.990000
383,Entry short,2025-04-25 23:30,1789.630000,1,-1.400000,-0.0782,6.630000,2.900000,-123.990000
382,Exit long,2025-04-25 23:30,1789.630000,1,-8.360000,-0.4650,0.620000,9.990000,-122.590000
382,Entry long,2025-04-25 22:45,1797.990000,1,-8.360000,-0.4650,0.620000,9.990000,-122.590000
381,Exit short,2025-04-25 22:30,1793.000000,1,-3.980000,-0.2220,1.290000,5.700000,-114.230000
381,Entry short,2025-04-25 22:00,1789.020000,1,-3.980000,-0.2220,1.290000,5.700000,-114.230000
380,Exit long,2025-04-25 22:00,1789.020000,1,-13.520000,-0.7501,0.600000,18.480000,-110.250000
380,Entry long,2025-04-25 21:15,1802.540000,1,-13.520000,-0.7501,0.600000,18.480000,-110.250000
379,Exit long,2025-04-25 20:30,1797.160000,1,-5.730000,-0.3178,6.920000,21.570000,-96.730000
379,Entry long,2025-04-25 16:45,1802.890000,1,-5.730000,-0.3178,6.920000,21.570000,-96.730000
378,Exit long,2025-04-25 15:30,1813.640000,1,25.630000,1.4334,38.900000,17.700000,-91.000000
378,Entry long,2025-04-25 14:15,1788.010000,1,25.630000,1.4334,38.900000,17.700000,-91.000000
377,Exit short,2025-04-25 13:45,1770.840000,1,1.160000,0.0655,16.190000,6.230000,-116.630000
377,Entry short,2025-04-25 13:00,1772.000000,1,1.160000,0.0655,16.190000,6.230000,-116.630000
376,Exit long,2025-04-25 13:00,1772.000000,1,-16.900000,-0.9447,0.210000,19.450000,-117.790000
376,Entry long,2025-04-25 12:45,1788.900000,1,-16.900000,-0.9447,0.210000,19.450000,-117.790000
375,Exit long,2025-04-25 11:45,1780.650000,1,8.300000,0.4683,20.370000,9.270000,-100.890000
375,Entry long,2025-04-25 07:45,1772.350000,1,8.300000,0.4683,20.370000,9.270000,-100.890000
374,Exit short,2025-04-25 03:00,1743.780000,1,15.460000,0.8866,21.840000,0.760000,-109.190000
374,Entry short,2025-04-25 02:15,1759.240000,1,15.460000,0.8866,21.840000,0.760000,-109.190000
373,Exit long,2025-04-25 00:00,1768.790000,1,3.810000,0.2159,9.190000,0.670000,-124.650000
373,Entry long,2025-04-24 23:15,1764.980000,1,3.810000,0.2159,9.190000,0.670000,-124.650000
372,Exit short,2025-04-24 23:15,1764.980000,1,-4.240000,-0.2402,5.690000,4.500000,-128.460000
372,Entry short,2025-04-24 22:45,1760.740000,1,-4.240000,-0.2402,5.690000,4.500000,-128.460000
371,Exit long,2025-04-24 22:45,1760.740000,1,-1.390000,-0.0789,2.150000,1.620000,-124.220000
371,Entry long,2025-04-24 22:30,1762.130000,1,-1.390000,-0.0789,2.150000,1.620000,-124.220000
370,Exit short,2025-04-24 22:30,1762.130000,1,-1.450000,-0.0823,12.870000,3.670000,-122.830000
370,Entry short,2025-04-24 21:15,1760.680000,1,-1.450000,-0.0823,12.870000,3.670000,-122.830000
369,Exit long,2025-04-24 21:15,1760.680000,1,-1.700000,-0.0965,7.260000,2.970000,-121.380000
369,Entry long,2025-04-24 19:30,1762.380000,1,-1.700000,-0.0965,7.260000,2.970000,-121.380000
368,Exit short,2025-04-24 19:30,1762.380000,1,-5.690000,-0.3229,0.680000,8.140000,-119.680000
368,Entry short,2025-04-24 19:15,1756.690000,1,-5.690000,-0.3229,0.680000,8.140000,-119.680000
367,Exit long,2025-04-24 19:15,1756.690000,1,-5.620000,-0.3189,1.070000,7.300000,-113.990000
367,Entry long,2025-04-24 19:00,1762.310000,1,-5.620000,-0.3189,1.070000,7.300000,-113.990000
366,Exit short,2025-04-24 19:00,1762.310000,1,-1.020000,-0.0579,1.040000,4.550000,-108.370000
366,Entry short,2025-04-24 18:45,1761.290000,1,-1.020000,-0.0579,1.040000,4.550000,-108.370000
365,Exit long,2025-04-24 18:45,1761.290000,1,-4.370000,-0.2475,3.190000,10.010000,-107.350000
365,Entry long,2025-04-24 18:15,1765.660000,1,-4.370000,-0.2475,3.190000,10.010000,-107.350000
364,Exit short,2025-04-24 17:45,1749.420000,1,-4.510000,-0.2578,4.400000,32.420000,-102.980000
364,Entry short,2025-04-24 11:15,1744.910000,1,-4.510000,-0.2578,4.400000,32.420000,-102.980000
363,Exit short,2025-04-24 08:15,1750.810000,1,16.530000,0.9441,17.340000,6.650000,-98.470000
363,Entry short,2025-04-24 07:00,1767.340000,1,16.530000,0.9441,17.340000,6.650000,-98.470000
362,Exit short,2025-04-24 04:30,1763.130000,1,21.550000,1.2223,27.620000,5.770000,-115.000000
362,Entry short,2025-04-24 02:45,1784.680000,1,21.550000,1.2223,27.620000,5.770000,-115.000000
361,Exit long,2025-04-24 02:45,1784.680000,1,-7.650000,-0.4268,9.940000,11.910000,-136.550000
361,Entry long,2025-04-24 00:15,1792.330000,1,-7.650000,-0.4268,9.940000,11.910000,-136.550000
360,Exit long,2025-04-23 23:15,1804.240000,1,14.100000,0.7876,16.140000,0.060000,-128.900000
360,Entry long,2025-04-23 22:15,1790.140000,1,14.100000,0.7876,16.140000,0.060000,-128.900000
359,Exit short,2025-04-23 22:15,1790.140000,1,-1.140000,-0.0637,3.120000,6.880000,-143.000000
359,Entry short,2025-04-23 21:45,1789.000000,1,-1.140000,-0.0637,3.120000,6.880000,-143.000000
358,Exit long,2025-04-23 21:45,1789.000000,1,-6.130000,-0.3415,14.470000,34.130000,-141.860000
358,Entry long,2025-04-23 14:15,1795.130000,1,-6.130000,-0.3415,14.470000,34.130000,-141.860000
357,Exit long,2025-04-23 11:00,1802.970000,1,9.990000,0.5572,16.020000,19.880000,-135.730000
357,Entry long,2025-04-23 06:45,1792.980000,1,9.990000,0.5572,16.020000,19.880000,-135.730000
356,Exit long,2025-04-22 22:30,1749.300000,1,51.770000,3.0497,81.490000,6.040000,-145.720000
356,Entry long,2025-04-22 20:00,1697.530000,1,51.770000,3.0497,81.490000,6.040000,-145.720000
355,Exit long,2025-04-22 11:15,1627.110000,1,0.110000,0.0068,2.370000,2.140000,-197.490000
355,Entry long,2025-04-22 10:45,1627.000000,1,0.110000,0.0068,2.370000,2.140000,-197.490000
354,Exit long,2025-04-22 07:30,1590.000000,1,7.030000,0.4441,7.590000,1.290000,-197.600000
354,Entry long,2025-04-22 07:00,1582.970000,1,7.030000,0.4441,7.590000,1.290000,-197.600000
353,Exit short,2025-04-22 07:00,1582.970000,1,1.460000,0.0922,18.730000,8.800000,-204.630000
353,Entry short,2025-04-22 01:45,1584.430000,1,1.460000,0.0922,18.730000,8.800000,-204.630000
352,Exit short,2025-04-22 01:15,1569.390000,1,5.820000,0.3708,40.210000,4.770000,-206.090000
352,Entry short,2025-04-21 21:45,1575.210000,1,5.820000,0.3708,40.210000,4.770000,-206.090000
351,Exit long,2025-04-21 21:45,1575.210000,1,-61.450000,-3.7546,4.730000,76.040000,-211.910000
351,Entry long,2025-04-21 14:30,1636.660000,1,-61.450000,-3.7546,4.730000,76.040000,-211.910000
350,Exit short,2025-04-21 14:30,1636.660000,1,-25.650000,-1.5672,3.380000,26.300000,-150.460000
350,Entry short,2025-04-21 14:00,1611.010000,1,-25.650000,-1.5672,3.380000,26.300000,-150.460000
349,Exit long,2025-04-21 14:00,1611.010000,1,-35.410000,-2.1507,8.220000,36.020000,-124.810000
349,Entry long,2025-04-21 07:45,1646.420000,1,-35.410000,-2.1507,8.220000,36.020000,-124.810000
348,Exit long,2025-04-21 01:00,1609.500000,1,22.930000,1.4453,33.430000,1.290000,-89.400000
348,Entry long,2025-04-21 00:00,1586.570000,1,22.930000,1.4453,33.430000,1.290000,-89.400000
347,Exit short,2025-04-21 00:00,1586.570000,1,-2.770000,-0.1746,0.310000,3.200000,-112.330000
347,Entry short,2025-04-20 23:45,1583.800000,1,-2.770000,-0.1746,0.310000,3.200000,-112.330000
346,Exit long,2025-04-20 23:45,1583.800000,1,-1.420000,-0.0896,2.080000,3.370000,-109.560000
346,Entry long,2025-04-20 23:15,1585.220000,1,-1.420000,-0.0896,2.080000,3.370000,-109.560000
345,Exit short,2025-04-20 23:00,1581.300000,1,0.960000,0.0607,8.900000,0.170000,-108.140000
345,Entry short,2025-04-20 22:15,1582.260000,1,0.960000,0.0607,8.900000,0.170000,-108.140000
344,Exit long,2025-04-20 22:15,1582.260000,1,-6.090000,-0.3834,1.340000,8.240000,-109.100000
344,Entry long,2025-04-20 21:45,1588.350000,1,-6.090000,-0.3834,1.340000,8.240000,-109.100000
343,Exit short,2025-04-20 21:45,1588.350000,1,-10.370000,-0.6529,2.900000,22.020000,-103.010000
343,Entry short,2025-04-20 16:45,1577.980000,1,-10.370000,-0.6529,2.900000,22.020000,-103.010000
342,Exit short,2025-04-20 16:00,1572.800000,1,3.840000,0.2442,6.450000,6.750000,-92.640000
342,Entry short,2025-04-20 14:00,1576.640000,1,3.840000,0.2442,6.450000,6.750000,-92.640000
341,Exit short,2025-04-20 07:30,1593.000000,1,18.890000,1.1858,31.890000,1.450000,-96.480000
341,Entry short,2025-04-20 05:45,1611.890000,1,18.890000,1.1858,31.890000,1.450000,-96.480000
340,Exit long,2025-04-20 05:45,1611.890000,1,-3.860000,-0.2389,6.360000,8.550000,-115.370000
340,Entry long,2025-04-19 20:45,1615.750000,1,-3.860000,-0.2389,6.360000,8.550000,-115.370000
339,Exit long,2025-04-19 18:30,1616.430000,1,14.430000,0.9007,30.290000,0.010000,-111.510000
339,Entry long,2025-04-19 17:15,1602.000000,1,14.430000,0.9007,30.290000,0.010000,-111.510000
338,Exit short,2025-04-19 17:15,1602.000000,1,-2.890000,-0.1804,0.680000,4.320000,-125.940000
338,Entry short,2025-04-19 17:00,1599.110000,1,-2.890000,-0.1804,0.680000,4.320000,-125.940000
337,Exit long,2025-04-19 15:00,1605.500000,1,5.400000,0.3375,7.670000,1.500000,-123.050000
337,Entry long,2025-04-19 13:30,1600.100000,1,5.400000,0.3375,7.670000,1.500000,-123.050000
336,Exit short,2025-04-19 13:30,1600.100000,1,-3.930000,-0.2456,1.790000,4.660000,-128.450000
336,Entry short,2025-04-19 12:45,1596.170000,1,-3.930000,-0.2456,1.790000,4.660000,-128.450000
335,Exit long,2025-04-19 12:45,1596.170000,1,-1.820000,-0.1139,0.610000,4.760000,-124.520000
335,Entry long,2025-04-19 10:30,1597.990000,1,-1.820000,-0.1139,0.610000,4.760000,-124.520000
334,Exit long,2025-04-19 09:15,1603.280000,1,0.260000,0.0162,1.690000,2.090000,-122.700000
334,Entry long,2025-04-19 08:45,1603.020000,1,0.260000,0.0162,1.690000,2.090000,-122.700000
333,Exit long,2025-04-19 08:00,1600.280000,1,1.120000,0.0700,4.290000,4.840000,-122.960000
333,Entry long,2025-04-19 06:30,1599.160000,1,1.120000,0.0700,4.290000,4.840000,-122.960000
332,Exit long,2025-04-19 02:45,1590.670000,1,-4.140000,-0.2596,0.930000,10.800000,-124.080000
332,Entry long,2025-04-18 22:45,1594.810000,1,-4.140000,-0.2596,0.930000,10.800000,-124.080000
331,Exit long,2025-04-18 21:45,1597.840000,1,6.280000,0.3946,8.440000,1.020000,-119.940000
331,Entry long,2025-04-18 20:45,1591.560000,1,6.280000,0.3946,8.440000,1.020000,-119.940000
330,Exit long,2025-04-18 18:15,1590.160000,1,3.100000,0.1953,5.160000,2.300000,-126.220000
330,Entry long,2025-04-18 17:15,1587.060000,1,3.100000,0.1953,5.160000,2.300000,-126.220000
329,Exit short,2025-04-18 17:15,1587.060000,1,-1.880000,-0.1185,1.580000,3.230000,-129.320000
329,Entry short,2025-04-18 16:45,1585.180000,1,-1.880000,-0.1185,1.580000,3.230000,-129.320000
328,Exit short,2025-04-18 16:00,1582.280000,1,-0.010000,-0.0006,3.470000,3.500000,-127.440000
328,Entry short,2025-04-18 15:15,1582.270000,1,-0.010000,-0.0006,3.470000,3.500000,-127.440000
327,Exit long,2025-04-18 15:15,1582.270000,1,-7.110000,-0.4473,6.040000,11.820000,-127.430000
327,Entry long,2025-04-18 13:30,1589.380000,1,-7.110000,-0.4473,6.040000,11.820000,-127.430000
326,Exit long,2025-04-18 12:15,1588.280000,1,2.690000,0.1697,6.000000,0.580000,-120.320000
326,Entry long,2025-04-18 11:30,1585.590000,1,2.690000,0.1697,6.000000,0.580000,-120.320000
325,Exit short,2025-04-18 11:30,1585.590000,1,-1.300000,-0.0820,2.950000,3.650000,-123.010000
325,Entry short,2025-04-18 10:45,1584.290000,1,-1.300000,-0.0820,2.950000,3.650000,-123.010000
324,Exit long,2025-04-18 08:45,1590.380000,1,6.740000,0.4256,8.760000,2.070000,-121.710000
324,Entry long,2025-04-18 07:45,1583.640000,1,6.740000,0.4256,8.760000,2.070000,-121.710000
323,Exit short,2025-04-18 07:45,1583.640000,1,-5.270000,-0.3328,3.340000,5.280000,-128.450000
323,Entry short,2025-04-18 06:30,1578.370000,1,-5.270000,-0.3328,3.340000,5.280000,-128.450000
322,Exit short,2025-04-18 05:30,1573.980000,1,8.010000,0.5089,9.340000,4.790000,-123.180000
322,Entry short,2025-04-18 01:45,1581.990000,1,8.010000,0.5089,9.340000,4.790000,-123.180000
321,Exit short,2025-04-17 23:15,1585.000000,1,5.170000,0.3262,12.170000,0.700000,-131.190000
321,Entry short,2025-04-17 22:15,1590.170000,1,5.170000,0.3262,12.170000,0.700000,-131.190000
320,Exit short,2025-04-17 20:00,1580.400000,1,14.800000,0.9365,19.840000,1.850000,-136.360000
320,Entry short,2025-04-17 19:15,1595.200000,1,14.800000,0.9365,19.840000,1.850000,-136.360000
319,Exit long,2025-04-17 17:00,1604.770000,1,0.410000,0.0256,12.450000,6.700000,-151.160000
319,Entry long,2025-04-17 16:30,1604.360000,1,0.410000,0.0256,12.450000,6.700000,-151.160000
318,Exit short,2025-04-17 16:30,1604.360000,1,-19.570000,-1.2198,22.530000,25.780000,-151.570000
318,Entry short,2025-04-17 14:15,1584.790000,1,-19.570000,-1.2198,22.530000,25.780000,-151.570000
317,Exit long,2025-04-17 13:00,1600.940000,1,8.610000,0.5407,10.430000,4.640000,-132.000000
317,Entry long,2025-04-17 09:30,1592.330000,1,8.610000,0.5407,10.430000,4.640000,-132.000000
316,Exit long,2025-04-17 06:15,1600.800000,1,16.760000,1.0581,20.710000,3.900000,-140.610000
316,Entry long,2025-04-17 04:00,1584.040000,1,16.760000,1.0581,20.710000,3.900000,-140.610000
315,Exit short,2025-04-17 04:00,1584.040000,1,-5.740000,-0.3624,1.790000,6.630000,-157.370000
315,Entry short,2025-04-17 03:30,1578.300000,1,-5.740000,-0.3624,1.790000,6.630000,-157.370000
314,Exit long,2025-04-17 03:30,1578.300000,1,-6.260000,-0.3951,10.340000,7.550000,-151.630000
314,Entry long,2025-04-17 02:15,1584.560000,1,-6.260000,-0.3951,10.340000,7.550000,-151.630000
313,Exit long,2025-04-17 01:45,1584.740000,1,2.580000,0.1631,11.760000,2.470000,-145.370000
313,Entry long,2025-04-17 00:30,1582.160000,1,2.580000,0.1631,11.760000,2.470000,-145.370000
312,Exit short,2025-04-17 00:00,1576.570000,1,4.160000,0.2639,8.730000,1.190000,-147.950000
312,Entry short,2025-04-16 23:15,1580.730000,1,4.160000,0.2639,8.730000,1.190000,-147.950000
311,Exit long,2025-04-16 22:15,1585.990000,1,3.700000,0.2338,15.720000,2.240000,-152.110000
311,Entry long,2025-04-16 21:15,1582.290000,1,3.700000,0.2338,15.720000,2.240000,-152.110000
310,Exit short,2025-04-16 21:15,1582.290000,1,-2.680000,-0.1694,10.370000,3.020000,-155.810000
310,Entry short,2025-04-16 20:45,1579.610000,1,-2.680000,-0.1694,10.370000,3.020000,-155.810000
309,Exit long,2025-04-16 20:45,1579.610000,1,-8.520000,-0.5365,5.400000,9.420000,-153.130000
309,Entry long,2025-04-16 20:00,1588.130000,1,-8.520000,-0.5365,5.400000,9.420000,-153.130000
308,Exit short,2025-04-16 18:30,1576.620000,1,6.830000,0.4332,45.890000,0.010000,-144.610000
308,Entry short,2025-04-16 17:45,1583.450000,1,6.830000,0.4332,45.890000,0.010000,-144.610000
307,Exit long,2025-04-16 17:45,1583.450000,1,-8.240000,-0.5177,20.670000,15.960000,-151.440000
307,Entry long,2025-04-16 17:00,1591.690000,1,-8.240000,-0.5177,20.670000,15.960000,-151.440000
306,Exit short,2025-04-16 17:00,1591.690000,1,-10.200000,-0.6408,2.100000,13.290000,-143.200000
306,Entry short,2025-04-16 16:45,1581.490000,1,-10.200000,-0.6408,2.100000,13.290000,-143.200000
305,Exit long,2025-04-16 15:15,1589.970000,1,6.280000,0.3965,15.190000,0.060000,-133.000000
305,Entry long,2025-04-16 14:30,1583.690000,1,6.280000,0.3965,15.190000,0.060000,-133.000000
304,Exit short,2025-04-16 14:30,1583.690000,1,-9.040000,-0.5708,9.630000,13.120000,-139.280000
304,Entry short,2025-04-16 09:00,1574.650000,1,-9.040000,-0.5708,9.630000,13.120000,-139.280000
303,Exit short,2025-04-16 08:00,1563.440000,1,9.400000,0.6012,10.980000,0.010000,-130.240000
303,Entry short,2025-04-16 07:15,1572.840000,1,9.400000,0.6012,10.980000,0.010000,-130.240000
302,Exit short,2025-04-16 04:15,1586.290000,1,6.000000,0.3782,7.010000,11.520000,-139.640000
302,Entry short,2025-04-16 01:45,1592.290000,1,6.000000,0.3782,7.010000,11.520000,-139.640000
301,Exit short,2025-04-15 22:45,1594.770000,1,0.110000,0.0069,5.250000,1.990000,-145.640000
301,Entry short,2025-04-15 22:15,1594.880000,1,0.110000,0.0069,5.250000,1.990000,-145.640000
300,Exit short,2025-04-15 21:30,1597.730000,1,9.250000,0.5789,21.470000,0.000000,-145.750000
300,Entry short,2025-04-15 20:45,1606.980000,1,9.250000,0.5789,21.470000,0.000000,-145.750000
299,Exit short,2025-04-15 18:45,1614.520000,1,9.970000,0.6175,21.090000,2.700000,-155.000000
299,Entry short,2025-04-15 16:30,1624.490000,1,9.970000,0.6175,21.090000,2.700000,-155.000000
298,Exit short,2025-04-15 15:15,1625.820000,1,3.600000,0.2214,29.410000,3.040000,-164.970000
298,Entry short,2025-04-15 14:15,1629.420000,1,3.600000,0.2214,29.410000,3.040000,-164.970000
297,Exit long,2025-04-15 14:15,1629.420000,1,-11.670000,-0.7111,19.590000,21.090000,-168.570000
297,Entry long,2025-04-15 13:00,1641.090000,1,-11.670000,-0.7111,19.590000,21.090000,-168.570000
296,Exit short,2025-04-15 13:00,1641.090000,1,-10.770000,-0.6563,2.510000,12.010000,-156.900000
296,Entry short,2025-04-15 12:30,1630.320000,1,-10.770000,-0.6563,2.510000,12.010000,-156.900000
295,Exit short,2025-04-15 11:15,1628.140000,1,6.460000,0.3968,9.350000,1.260000,-146.130000
295,Entry short,2025-04-15 10:30,1634.600000,1,6.460000,0.3968,9.350000,1.260000,-146.130000
294,Exit long,2025-04-15 10:30,1634.600000,1,-4.530000,-0.2764,12.660000,7.410000,-152.590000
294,Entry long,2025-04-15 06:45,1639.130000,1,-4.530000,-0.2764,12.660000,7.410000,-152.590000
293,Exit short,2025-04-15 06:45,1639.130000,1,-13.280000,-0.8102,11.290000,22.150000,-148.060000
293,Entry short,2025-04-15 00:30,1625.850000,1,-13.280000,-0.8102,11.290000,22.150000,-148.060000
292,Exit short,2025-04-14 21:30,1630.230000,1,10.100000,0.6195,14.680000,6.330000,-134.780000
292,Entry short,2025-04-14 18:30,1640.330000,1,10.100000,0.6195,14.680000,6.330000,-134.780000
291,Exit long,2025-04-14 18:30,1640.330000,1,-6.940000,-0.4213,3.530000,9.510000,-144.880000
291,Entry long,2025-04-14 18:00,1647.270000,1,-6.940000,-0.4213,3.530000,9.510000,-144.880000
290,Exit short,2025-04-14 18:00,1647.270000,1,-6.620000,-0.4019,2.170000,8.350000,-137.940000
290,Entry short,2025-04-14 17:45,1640.650000,1,-6.620000,-0.4019,2.170000,8.350000,-137.940000
289,Exit long,2025-04-14 17:45,1640.650000,1,-21.280000,-1.2804,27.340000,48.560000,-131.320000
289,Entry long,2025-04-14 14:15,1661.930000,1,-21.280000,-1.2804,27.340000,48.560000,-131.320000
288,Exit long,2025-04-14 08:30,1635.200000,1,15.150000,0.9352,18.610000,8.540000,-110.040000
288,Entry long,2025-04-14 06:30,1620.050000,1,15.150000,0.9352,18.610000,8.540000,-110.040000
287,Exit long,2025-04-14 01:00,1611.120000,1,3.740000,0.2327,26.160000,2.510000,-125.190000
287,Entry long,2025-04-14 00:15,1607.380000,1,3.740000,0.2327,26.160000,2.510000,-125.190000
286,Exit short,2025-04-14 00:15,1607.380000,1,-20.020000,-1.2455,6.450000,22.640000,-128.930000
286,Entry short,2025-04-13 22:15,1587.360000,1,-20.020000,-1.2455,6.450000,22.640000,-128.930000
285,Exit short,2025-04-13 21:30,1590.720000,1,2.060000,0.1295,33.380000,55.950000,-108.910000
285,Entry short,2025-04-13 16:45,1592.780000,1,2.060000,0.1295,33.380000,55.950000,-108.910000
284,Exit short,2025-04-13 12:00,1603.610000,1,16.680000,1.0402,29.580000,7.160000,-110.970000
284,Entry short,2025-04-13 07:15,1620.290000,1,16.680000,1.0402,29.580000,7.160000,-110.970000
283,Exit long,2025-04-13 07:15,1620.290000,1,-30.380000,-1.8405,5.130000,54.460000,-127.650000
283,Entry long,2025-04-12 22:15,1650.670000,1,-30.380000,-1.8405,5.130000,54.460000,-127.650000
282,Exit long,2025-04-12 21:00,1648.410000,1,6.510000,0.3965,17.780000,1.550000,-97.270000
282,Entry long,2025-04-12 20:00,1641.900000,1,6.510000,0.3965,17.780000,1.550000,-97.270000
281,Exit long,2025-04-12 19:15,1645.120000,1,8.290000,0.5065,17.610000,5.610000,-103.780000
281,Entry long,2025-04-12 17:30,1636.830000,1,8.290000,0.5065,17.610000,5.610000,-103.780000
280,Exit short,2025-04-12 02:00,1553.760000,1,7.540000,0.4853,10.300000,2.600000,-112.070000
280,Entry short,2025-04-12 01:00,1561.300000,1,7.540000,0.4853,10.300000,2.600000,-112.070000
279,Exit long,2025-04-12 01:00,1561.300000,1,-3.900000,-0.2492,1.280000,5.480000,-119.610000
279,Entry long,2025-04-12 00:45,1565.200000,1,-3.900000,-0.2492,1.280000,5.480000,-119.610000
278,Exit short,2025-04-12 00:45,1565.200000,1,-4.020000,-0.2568,0.440000,6.150000,-115.710000
278,Entry short,2025-04-12 00:15,1561.180000,1,-4.020000,-0.2568,0.440000,6.150000,-115.710000
277,Exit long,2025-04-12 00:15,1561.180000,1,-7.620000,-0.4857,17.510000,12.400000,-111.690000
277,Entry long,2025-04-11 18:45,1568.800000,1,-7.620000,-0.4857,17.510000,12.400000,-111.690000
276,Exit long,2025-04-11 18:15,1574.640000,1,4.440000,0.2828,20.680000,29.840000,-104.070000
276,Entry long,2025-04-11 13:45,1570.200000,1,4.440000,0.2828,20.680000,29.840000,-104.070000
275,Exit short,2025-04-11 13:45,1570.200000,1,-18.200000,-1.1591,3.400000,28.780000,-108.510000
275,Entry short,2025-04-11 13:15,1552.000000,1,-18.200000,-1.1591,3.400000,28.780000,-108.510000
274,Exit long,2025-04-11 13:15,1552.000000,1,-7.020000,-0.4503,13.980000,8.020000,-90.310000
274,Entry long,2025-04-11 12:30,1559.020000,1,-7.020000,-0.4503,13.980000,8.020000,-90.310000
273,Exit long,2025-04-11 11:00,1567.430000,1,0.620000,0.0396,18.370000,5.160000,-83.290000
273,Entry long,2025-04-11 10:30,1566.810000,1,0.620000,0.0396,18.370000,5.160000,-83.290000
272,Exit long,2025-04-11 10:00,1563.180000,1,10.270000,0.6613,16.990000,9.460000,-83.910000
272,Entry long,2025-04-11 08:30,1552.910000,1,10.270000,0.6613,16.990000,9.460000,-83.910000
271,Exit short,2025-04-11 08:30,1552.910000,1,-35.180000,-2.2654,14.100000,54.590000,-94.180000
271,Entry short,2025-04-10 19:00,1517.730000,1,-35.180000,-2.2654,14.100000,54.590000,-94.180000
270,Exit short,2025-04-10 14:30,1569.450000,1,28.790000,1.8344,43.240000,0.390000,-59.000000
270,Entry short,2025-04-10 12:45,1598.240000,1,28.790000,1.8344,43.240000,0.390000,-59.000000
269,Exit long,2025-04-10 12:45,1598.240000,1,-14.460000,-0.8966,14.230000,19.200000,-87.790000
269,Entry long,2025-04-10 12:30,1612.700000,1,-14.460000,-0.8966,14.230000,19.200000,-87.790000
268,Exit short,2025-04-10 11:45,1590.050000,1,11.120000,0.6993,20.670000,1.820000,-73.330000
268,Entry short,2025-04-10 10:15,1601.170000,1,11.120000,0.6993,20.670000,1.820000,-73.330000
267,Exit short,2025-04-10 08:15,1595.610000,1,12.120000,0.7596,25.230000,0.010000,-84.450000
267,Entry short,2025-04-10 07:30,1607.730000,1,12.120000,0.7596,25.230000,0.010000,-84.450000
266,Exit long,2025-04-10 07:30,1607.730000,1,-7.820000,-0.4840,4.440000,8.270000,-96.570000
266,Entry long,2025-04-10 07:00,1615.550000,1,-7.820000,-0.4840,4.440000,8.270000,-96.570000
265,Exit short,2025-04-10 07:00,1615.550000,1,-3.820000,-0.2365,6.120000,4.770000,-88.750000
265,Entry short,2025-04-10 06:30,1611.730000,1,-3.820000,-0.2365,6.120000,4.770000,-88.750000
264,Exit long,2025-04-10 06:30,1611.730000,1,-52.900000,-3.1779,6.030000,63.630000,-84.930000
264,Entry long,2025-04-09 23:45,1664.630000,1,-52.900000,-3.1779,6.030000,63.630000,-84.930000
263,Exit long,2025-04-09 14:15,1475.990000,1,-0.170000,-0.0115,24.870000,3.380000,-32.030000
263,Entry long,2025-04-09 13:45,1476.160000,1,-0.170000,-0.0115,24.870000,3.380000,-32.030000
262,Exit short,2025-04-09 13:45,1476.160000,1,-18.600000,-1.2600,0.000000,35.400000,-31.860000
262,Entry short,2025-04-09 13:30,1457.560000,1,-18.600000,-1.2600,0.000000,35.400000,-31.860000
261,Exit short,2025-04-09 12:00,1454.640000,1,0.140000,0.0096,10.780000,41.220000,-13.260000
261,Entry short,2025-04-09 05:45,1454.780000,1,0.140000,0.0096,10.780000,41.220000,-13.260000
260,Exit short,2025-04-09 03:30,1417.330000,1,17.060000,1.2037,23.390000,7.410000,-13.400000
260,Entry short,2025-04-09 02:30,1434.390000,1,17.060000,1.2037,23.390000,7.410000,-13.400000
259,Exit short,2025-04-09 01:45,1419.920000,1,61.500000,4.3312,97.420000,4.180000,-30.460000
259,Entry short,2025-04-08 21:00,1481.420000,1,61.500000,4.3312,97.420000,4.180000,-30.460000
258,Exit short,2025-04-08 15:45,1534.770000,1,21.940000,1.4295,39.590000,5.070000,-91.960000
258,Entry short,2025-04-08 14:30,1556.710000,1,21.940000,1.4295,39.590000,5.070000,-91.960000
257,Exit long,2025-04-08 14:30,1556.710000,1,-17.290000,-1.0985,4.580000,17.850000,-113.900000
257,Entry long,2025-04-08 14:15,1574.000000,1,-17.290000,-1.0985,4.580000,17.850000,-113.900000
256,Exit short,2025-04-08 14:15,1574.000000,1,-6.330000,-0.4022,3.800000,15.070000,-96.610000
256,Entry short,2025-04-08 14:00,1567.670000,1,-6.330000,-0.4022,3.800000,15.070000,-96.610000
255,Exit long,2025-04-08 14:00,1567.670000,1,-13.270000,-0.8394,4.950000,32.860000,-90.280000
255,Entry long,2025-04-08 13:30,1580.940000,1,-13.270000,-0.8394,4.950000,32.860000,-90.280000
254,Exit short,2025-04-08 13:30,1580.940000,1,-16.620000,-1.0513,0.430000,28.470000,-77.010000
254,Entry short,2025-04-08 09:30,1564.320000,1,-16.620000,-1.0513,0.430000,28.470000,-77.010000
253,Exit long,2025-04-08 09:30,1564.320000,1,-24.050000,-1.5141,13.920000,34.890000,-60.390000
253,Entry long,2025-04-08 04:15,1588.370000,1,-24.050000,-1.5141,13.920000,34.890000,-60.390000
252,Exit long,2025-04-08 02:45,1591.860000,1,25.520000,1.6293,51.660000,3.220000,-36.340000
252,Entry long,2025-04-08 01:30,1566.340000,1,25.520000,1.6293,51.660000,3.220000,-36.340000
251,Exit long,2025-04-07 22:45,1581.890000,1,21.540000,1.3805,23.150000,6.110000,-61.860000
251,Entry long,2025-04-07 21:30,1560.350000,1,21.540000,1.3805,23.150000,6.110000,-61.860000
250,Exit long,2025-04-07 21:00,1570.210000,1,24.780000,1.6034,34.100000,3.130000,-83.400000
250,Entry long,2025-04-07 19:30,1545.430000,1,24.780000,1.6034,34.100000,3.130000,-83.400000
249,Exit long,2025-04-07 18:15,1556.660000,1,-9.360000,-0.5977,6.090000,40.810000,-108.180000
249,Entry long,2025-04-07 15:45,1566.020000,1,-9.360000,-0.5977,6.090000,40.810000,-108.180000
248,Exit short,2025-04-07 15:45,1566.020000,1,-46.010000,-2.9380,33.780000,118.460000,-98.820000
248,Entry short,2025-04-07 13:00,1520.010000,1,-46.010000,-2.9380,33.780000,118.460000,-98.820000
247,Exit short,2025-04-07 12:15,1484.810000,1,10.230000,0.6890,21.380000,25.710000,-52.810000
247,Entry short,2025-04-07 09:00,1495.040000,1,10.230000,0.6890,21.380000,25.710000,-52.810000
246,Exit short,2025-04-07 07:30,1450.580000,1,95.170000,6.5608,135.750000,6.400000,-63.040000
246,Entry short,2025-04-07 05:45,1545.750000,1,95.170000,6.5608,135.750000,6.400000,-63.040000
245,Exit short,2025-04-07 04:15,1543.080000,1,48.940000,3.1716,72.020000,10.650000,-158.210000
245,Entry short,2025-04-07 01:45,1592.020000,1,48.940000,3.1716,72.020000,10.650000,-158.210000
244,Exit short,2025-04-06 13:00,1777.190000,1,10.090000,0.5678,11.120000,0.350000,-207.150000
244,Entry short,2025-04-06 12:30,1787.280000,1,10.090000,0.5678,11.120000,0.350000,-207.150000
243,Exit short,2025-04-06 11:45,1787.550000,1,-2.710000,-0.1516,2.320000,3.270000,-217.240000
243,Entry short,2025-04-06 11:15,1784.840000,1,-2.710000,-0.1516,2.320000,3.270000,-217.240000
242,Exit long,2025-04-06 11:15,1784.840000,1,-17.940000,-0.9951,9.820000,20.770000,-214.530000
242,Entry long,2025-04-06 03:30,1802.780000,1,-17.940000,-0.9951,9.820000,20.770000,-214.530000
241,Exit short,2025-04-06 03:30,1802.780000,1,-11.150000,-0.6185,0.310000,24.750000,-196.590000
241,Entry short,2025-04-05 22:30,1791.630000,1,-11.150000,-0.6185,0.310000,24.750000,-196.590000
240,Exit long,2025-04-05 22:30,1791.630000,1,-2.530000,-0.1410,1.140000,3.510000,-185.440000
240,Entry long,2025-04-05 22:15,1794.160000,1,-2.530000,-0.1410,1.140000,3.510000,-185.440000
239,Exit short,2025-04-05 22:15,1794.160000,1,-2.430000,-0.1354,4.690000,4.490000,-182.910000
239,Entry short,2025-04-05 21:45,1791.730000,1,-2.430000,-0.1354,4.690000,4.490000,-182.910000
238,Exit long,2025-04-05 21:45,1791.730000,1,-2.460000,-0.1371,0.390000,5.790000,-180.480000
238,Entry long,2025-04-05 21:30,1794.190000,1,-2.460000,-0.1371,0.390000,5.790000,-180.480000
237,Exit short,2025-04-05 21:30,1794.190000,1,-4.560000,-0.2542,5.960000,5.040000,-178.020000
237,Entry short,2025-04-05 21:00,1789.630000,1,-4.560000,-0.2542,5.960000,5.040000,-178.020000
236,Exit short,2025-04-05 20:15,1785.080000,1,6.720000,0.3765,13.140000,3.060000,-173.460000
236,Entry short,2025-04-05 18:45,1791.800000,1,6.720000,0.3765,13.140000,3.060000,-173.460000
235,Exit long,2025-04-05 09:45,1819.040000,1,6.690000,0.3691,7.500000,0.850000,-180.180000
235,Entry long,2025-04-05 08:45,1812.350000,1,6.690000,0.3691,7.500000,0.850000,-180.180000
234,Exit short,2025-04-05 08:45,1812.350000,1,-1.860000,-0.1026,1.210000,2.220000,-186.870000
234,Entry short,2025-04-05 08:30,1810.490000,1,-1.860000,-0.1026,1.210000,2.220000,-186.870000
233,Exit long,2025-04-05 08:30,1810.490000,1,-4.430000,-0.2441,0.740000,11.880000,-185.010000
233,Entry long,2025-04-05 03:00,1814.920000,1,-4.430000,-0.2441,0.740000,11.880000,-185.010000
232,Exit long,2025-04-05 01:30,1824.560000,1,12.710000,0.7015,14.780000,0.310000,-180.580000
232,Entry long,2025-04-04 23:45,1811.850000,1,12.710000,0.7015,14.780000,0.310000,-180.580000
231,Exit long,2025-04-04 21:15,1819.760000,1,1.520000,0.0836,4.350000,3.090000,-193.290000
231,Entry long,2025-04-04 20:45,1818.240000,1,1.520000,0.0836,4.350000,3.090000,-193.290000
230,Exit long,2025-04-04 18:15,1813.470000,1,0.540000,0.0298,15.780000,2.300000,-194.810000
230,Entry long,2025-04-04 17:45,1812.930000,1,0.540000,0.0298,15.780000,2.300000,-194.810000
229,Exit short,2025-04-04 17:45,1812.930000,1,-23.570000,-1.3001,3.430000,29.920000,-195.350000
229,Entry short,2025-04-04 16:30,1789.360000,1,-23.570000,-1.3001,3.430000,29.920000,-195.350000
228,Exit long,2025-04-04 16:30,1789.360000,1,-10.640000,-0.5911,1.000000,17.850000,-171.780000
228,Entry long,2025-04-04 16:15,1800.000000,1,-10.640000,-0.5911,1.000000,17.850000,-171.780000
227,Exit short,2025-04-04 16:15,1800.000000,1,-8.420000,-0.4678,4.440000,12.120000,-161.140000
227,Entry short,2025-04-04 15:45,1791.580000,1,-8.420000,-0.4678,4.440000,12.120000,-161.140000
226,Exit long,2025-04-04 15:45,1791.580000,1,-20.750000,-1.1449,7.850000,25.930000,-152.720000
226,Entry long,2025-04-04 15:15,1812.330000,1,-20.750000,-1.1449,7.850000,25.930000,-152.720000
225,Exit short,2025-04-04 15:15,1812.330000,1,-19.850000,-1.0953,17.480000,22.510000,-131.970000
225,Entry short,2025-04-04 14:15,1792.480000,1,-19.850000,-1.0953,17.480000,22.510000,-131.970000
224,Exit long,2025-04-04 14:15,1792.480000,1,-8.860000,-0.4919,3.580000,15.920000,-112.120000
224,Entry long,2025-04-04 14:00,1801.340000,1,-8.860000,-0.4919,3.580000,15.920000,-112.120000
223,Exit short,2025-04-04 14:00,1801.340000,1,-13.240000,-0.7350,16.870000,20.350000,-103.260000
223,Entry short,2025-04-04 13:00,1788.100000,1,-13.240000,-0.7350,16.870000,20.350000,-103.260000
222,Exit long,2025-04-04 06:30,1806.620000,1,9.130000,0.5079,10.070000,1.230000,-90.020000
222,Entry long,2025-04-04 05:30,1797.490000,1,9.130000,0.5079,10.070000,1.230000,-90.020000
221,Exit short,2025-04-04 02:30,1793.460000,1,-6.290000,-0.3507,20.880000,35.520000,-99.150000
221,Entry short,2025-04-03 16:30,1787.170000,1,-6.290000,-0.3507,20.880000,35.520000,-99.150000
220,Exit short,2025-04-03 15:15,1763.700000,1,19.540000,1.1079,33.230000,1.030000,-92.860000
220,Entry short,2025-04-03 14:00,1783.240000,1,19.540000,1.1079,33.230000,1.030000,-92.860000
219,Exit short,2025-04-03 11:00,1792.390000,1,24.710000,1.3786,28.010000,6.390000,-112.400000
219,Entry short,2025-04-03 08:30,1817.100000,1,24.710000,1.3786,28.010000,6.390000,-112.400000
218,Exit short,2025-04-03 06:30,1825.680000,1,-6.080000,-0.3330,6.330000,25.370000,-137.110000
218,Entry short,2025-04-03 01:00,1819.600000,1,-6.080000,-0.3330,6.330000,25.370000,-137.110000
217,Exit short,2025-04-02 21:15,1859.760000,1,10.240000,0.5506,16.070000,13.910000,-131.030000
217,Entry short,2025-04-02 20:45,1870.000000,1,10.240000,0.5506,16.070000,13.910000,-131.030000
216,Exit long,2025-04-02 20:45,1870.000000,1,-35.250000,-1.8502,52.720000,40.250000,-141.270000
216,Entry long,2025-04-02 19:45,1905.250000,1,-35.250000,-1.8502,52.720000,40.250000,-141.270000
215,Exit long,2025-04-02 19:15,1898.590000,1,7.250000,0.3833,12.320000,3.340000,-106.020000
215,Entry long,2025-04-02 18:15,1891.340000,1,7.250000,0.3833,12.320000,3.340000,-106.020000
214,Exit long,2025-04-02 16:15,1901.260000,1,26.560000,1.4168,43.300000,1.540000,-113.270000
214,Entry long,2025-04-02 15:00,1874.700000,1,26.560000,1.4168,43.300000,1.540000,-113.270000
213,Exit short,2025-04-02 15:00,1874.700000,1,-13.790000,-0.7356,7.790000,31.790000,-139.830000
213,Entry short,2025-04-02 13:15,1860.910000,1,-13.790000,-0.7356,7.790000,31.790000,-139.830000
212,Exit short,2025-04-02 12:45,1866.850000,1,0.050000,0.0027,9.840000,20.330000,-126.040000
212,Entry short,2025-04-02 09:00,1866.900000,1,0.050000,0.0027,9.840000,20.330000,-126.040000
211,Exit long,2025-04-02 09:00,1866.900000,1,-43.150000,-2.2591,4.310000,59.360000,-126.090000
211,Entry long,2025-04-01 23:30,1910.050000,1,-43.150000,-2.2591,4.310000,59.360000,-126.090000
210,Exit long,2025-04-01 21:45,1917.230000,1,8.240000,0.4316,12.990000,13.090000,-82.940000
210,Entry long,2025-04-01 18:45,1908.990000,1,8.240000,0.4316,12.990000,13.090000,-82.940000
209,Exit long,2025-04-01 16:15,1914.920000,1,44.690000,2.3895,57.560000,2.850000,-91.180000
209,Entry long,2025-04-01 14:45,1870.230000,1,44.690000,2.3895,57.560000,2.850000,-91.180000
208,Exit short,2025-04-01 14:45,1870.230000,1,-20.950000,-1.1202,8.080000,25.710000,-135.870000
208,Entry short,2025-04-01 14:15,1849.280000,1,-20.950000,-1.1202,8.080000,25.710000,-135.870000
207,Exit long,2025-04-01 14:15,1849.280000,1,-18.620000,-0.9968,13.040000,23.930000,-114.920000
207,Entry long,2025-04-01 11:30,1867.900000,1,-18.620000,-0.9968,13.040000,23.930000,-114.920000
206,Exit long,2025-04-01 02:45,1834.290000,1,7.920000,0.4336,16.200000,9.730000,-96.300000
206,Entry long,2025-04-01 00:30,1826.370000,1,7.920000,0.4336,16.200000,9.730000,-96.300000
205,Exit short,2025-04-01 00:30,1826.370000,1,-2.600000,-0.1424,4.760000,5.590000,-104.220000
205,Entry short,2025-03-31 23:45,1823.770000,1,-2.600000,-0.1424,4.760000,5.590000,-104.220000
204,Exit long,2025-03-31 23:45,1823.770000,1,-6.980000,-0.3813,2.890000,15.530000,-101.620000
204,Entry long,2025-03-31 20:15,1830.750000,1,-6.980000,-0.3813,2.890000,15.530000,-101.620000
203,Exit long,2025-03-31 19:00,1838.860000,1,4.710000,0.2568,12.250000,1.660000,-94.640000
203,Entry long,2025-03-31 18:15,1834.150000,1,4.710000,0.2568,12.250000,1.660000,-94.640000
202,Exit long,2025-03-31 15:30,1840.090000,1,22.390000,1.2318,35.640000,0.510000,-99.350000
202,Entry long,2025-03-31 14:00,1817.700000,1,22.390000,1.2318,35.640000,0.510000,-99.350000
201,Exit short,2025-03-31 14:00,1817.700000,1,-16.800000,-0.9242,8.300000,44.880000,-121.740000
201,Entry short,2025-03-31 11:15,1800.900000,1,-16.800000,-0.9242,8.300000,44.880000,-121.740000
200,Exit short,2025-03-31 09:45,1786.320000,1,14.980000,0.8386,20.410000,8.550000,-104.940000
200,Entry short,2025-03-31 06:30,1801.300000,1,14.980000,0.8386,20.410000,8.550000,-104.940000
199,Exit long,2025-03-31 06:30,1801.300000,1,-10.660000,-0.5883,0.040000,11.470000,-119.920000
199,Entry long,2025-03-31 05:15,1811.960000,1,-10.660000,-0.5883,0.040000,11.470000,-119.920000
198,Exit short,2025-03-31 04:15,1801.480000,1,4.640000,0.2576,11.550000,7.700000,-109.260000
198,Entry short,2025-03-31 03:15,1806.120000,1,4.640000,0.2576,11.550000,7.700000,-109.260000
197,Exit long,2025-03-31 03:15,1806.120000,1,-10.000000,-0.5506,6.890000,10.990000,-113.900000
197,Entry long,2025-03-31 02:45,1816.120000,1,-10.000000,-0.5506,6.890000,10.990000,-113.900000
196,Exit short,2025-03-31 02:45,1816.120000,1,-7.120000,-0.3920,3.930000,9.200000,-103.900000
196,Entry short,2025-03-31 02:15,1809.000000,1,-7.120000,-0.3920,3.930000,9.200000,-103.900000
195,Exit long,2025-03-31 02:00,1813.150000,1,-2.760000,-0.1520,1.060000,9.100000,-96.780000
195,Entry long,2025-03-31 01:30,1815.910000,1,-2.760000,-0.1520,1.060000,9.100000,-96.780000
194,Exit short,2025-03-31 01:30,1815.910000,1,0.400000,0.0220,50.270000,3.510000,-94.020000
194,Entry short,2025-03-30 21:30,1816.310000,1,0.400000,0.0220,50.270000,3.510000,-94.020000
193,Exit long,2025-03-30 21:30,1816.310000,1,-3.960000,-0.2176,0.010000,5.610000,-94.420000
193,Entry long,2025-03-30 21:15,1820.270000,1,-3.960000,-0.2176,0.010000,5.610000,-94.420000
192,Exit short,2025-03-30 21:15,1820.270000,1,-1.290000,-0.0709,10.930000,15.590000,-90.460000
192,Entry short,2025-03-30 18:45,1818.980000,1,-1.290000,-0.0709,10.930000,15.590000,-90.460000
191,Exit short,2025-03-30 17:30,1801.220000,1,12.590000,0.6990,29.660000,3.560000,-89.170000
191,Entry short,2025-03-30 15:45,1813.810000,1,12.590000,0.6990,29.660000,3.560000,-89.170000
190,Exit short,2025-03-30 13:15,1831.960000,1,0.580000,0.0317,3.740000,1.060000,-101.760000
190,Entry short,2025-03-30 12:45,1832.540000,1,0.580000,0.0317,3.740000,1.060000,-101.760000
189,Exit long,2025-03-30 12:45,1832.540000,1,-4.690000,-0.2553,1.440000,4.830000,-102.340000
189,Entry long,2025-03-30 12:30,1837.230000,1,-4.690000,-0.2553,1.440000,4.830000,-102.340000
188,Exit short,2025-03-30 12:15,1831.170000,1,0.940000,0.0513,3.550000,2.310000,-97.650000
188,Entry short,2025-03-30 11:45,1832.110000,1,0.940000,0.0513,3.550000,2.310000,-97.650000
187,Exit short,2025-03-30 11:15,1835.810000,1,-0.780000,-0.0425,10.250000,1.440000,-98.590000
187,Entry short,2025-03-30 10:30,1835.030000,1,-0.780000,-0.0425,10.250000,1.440000,-98.590000
186,Exit long,2025-03-30 09:15,1842.490000,1,5.300000,0.2885,10.890000,5.640000,-97.810000
186,Entry long,2025-03-30 06:15,1837.190000,1,5.300000,0.2885,10.890000,5.640000,-97.810000
185,Exit long,2025-03-30 05:15,1842.470000,1,4.190000,0.2279,7.960000,2.860000,-103.110000
185,Entry long,2025-03-30 04:15,1838.280000,1,4.190000,0.2279,7.960000,2.860000,-103.110000
184,Exit short,2025-03-30 04:15,1838.280000,1,-10.040000,-0.5462,16.890000,15.370000,-107.300000
184,Entry short,2025-03-30 00:15,1828.240000,1,-10.040000,-0.5462,16.890000,15.370000,-107.300000
183,Exit short,2025-03-29 22:30,1818.340000,1,2.570000,0.1413,9.550000,4.810000,-97.260000
183,Entry short,2025-03-29 20:30,1820.910000,1,2.570000,0.1413,9.550000,4.810000,-97.260000
182,Exit short,2025-03-29 15:30,1841.000000,1,11.800000,0.6410,12.800000,5.820000,-99.830000
182,Entry short,2025-03-29 13:45,1852.800000,1,11.800000,0.6410,12.800000,5.820000,-99.830000
181,Exit long,2025-03-29 13:45,1852.800000,1,-50.270000,-2.6415,2.270000,70.780000,-111.630000
181,Entry long,2025-03-29 03:45,1903.070000,1,-50.270000,-2.6415,2.270000,70.780000,-111.630000
180,Exit short,2025-03-29 03:30,1896.040000,1,-22.750000,-1.1999,4.280000,39.650000,-61.360000
180,Entry short,2025-03-28 18:30,1873.290000,1,-22.750000,-1.1999,4.280000,39.650000,-61.360000
179,Exit short,2025-03-28 14:30,1887.840000,1,-1.840000,-0.0975,10.750000,5.070000,-38.610000
179,Entry short,2025-03-28 14:00,1886.000000,1,-1.840000,-0.0975,10.750000,5.070000,-38.610000
178,Exit short,2025-03-28 04:00,1999.020000,1,8.840000,0.4422,13.550000,2.410000,-36.770000
178,Entry short,2025-03-28 02:45,2007.860000,1,8.840000,0.4422,13.550000,2.410000,-36.770000
177,Exit long,2025-03-28 02:15,2009.600000,1,-4.770000,-0.2368,0.400000,9.170000,-45.610000
177,Entry long,2025-03-28 01:45,2014.370000,1,-4.770000,-0.2368,0.400000,9.170000,-45.610000
176,Exit short,2025-03-28 01:45,2014.370000,1,-18.320000,-0.9095,2.140000,18.550000,-40.840000
176,Entry short,2025-03-28 01:15,1996.050000,1,-18.320000,-0.9095,2.140000,18.550000,-40.840000
175,Exit short,2025-03-28 00:15,1997.280000,1,13.680000,0.6849,14.750000,1.020000,-22.520000
175,Entry short,2025-03-27 22:30,2010.960000,1,13.680000,0.6849,14.750000,1.020000,-22.520000
174,Exit long,2025-03-27 22:15,2013.010000,1,-4.260000,-0.2112,1.740000,4.260000,-36.200000
174,Entry long,2025-03-27 21:45,2017.270000,1,-4.260000,-0.2112,1.740000,4.260000,-36.200000
173,Exit short,2025-03-27 21:45,2017.270000,1,-6.130000,-0.3039,18.660000,9.690000,-31.940000
173,Entry short,2025-03-27 16:45,2011.140000,1,-6.130000,-0.3039,18.660000,9.690000,-31.940000
172,Exit short,2025-03-27 16:15,2007.490000,1,11.300000,0.5629,20.040000,1.750000,-25.810000
172,Entry short,2025-03-27 15:30,2018.790000,1,11.300000,0.5629,20.040000,1.750000,-25.810000
171,Exit long,2025-03-27 15:30,2018.790000,1,-1.380000,-0.0683,5.260000,5.210000,-37.110000
171,Entry long,2025-03-27 14:45,2020.170000,1,-1.380000,-0.0683,5.260000,5.210000,-37.110000
170,Exit short,2025-03-27 12:15,2017.500000,1,-1.150000,-0.0570,5.350000,4.010000,-35.730000
170,Entry short,2025-03-27 11:30,2016.350000,1,-1.150000,-0.0570,5.350000,4.010000,-35.730000
169,Exit long,2025-03-27 11:30,2016.350000,1,-8.160000,-0.4031,2.790000,11.720000,-34.580000
169,Entry long,2025-03-27 11:15,2024.510000,1,-8.160000,-0.4031,2.790000,11.720000,-34.580000
168,Exit short,2025-03-27 11:15,2024.510000,1,-0.550000,-0.0272,0.860000,5.440000,-26.420000
168,Entry short,2025-03-27 11:00,2023.960000,1,-0.550000,-0.0272,0.860000,5.440000,-26.420000
167,Exit long,2025-03-27 11:00,2023.960000,1,-2.030000,-0.1002,9.010000,9.330000,-25.870000
167,Entry long,2025-03-27 06:15,2025.990000,1,-2.030000,-0.1002,9.010000,9.330000,-25.870000
166,Exit short,2025-03-27 06:15,2025.990000,1,-18.250000,-0.9008,17.730000,29.140000,-23.840000
166,Entry short,2025-03-26 20:30,2007.740000,1,-18.250000,-0.9008,17.730000,29.140000,-23.840000
165,Exit long,2025-03-26 20:30,2007.740000,1,-59.690000,-2.8872,2.080000,87.020000,-5.590000
165,Entry long,2025-03-26 12:00,2067.430000,1,-59.690000,-2.8872,2.080000,87.020000,-5.590000
164,Exit long,2025-03-26 11:00,2072.210000,1,7.120000,0.3448,9.760000,0.000000,54.100000
164,Entry long,2025-03-26 10:15,2065.090000,1,7.120000,0.3448,9.760000,0.000000,54.100000
163,Exit short,2025-03-26 10:15,2065.090000,1,-6.990000,-0.3385,2.600000,13.580000,46.980000
163,Entry short,2025-03-26 06:00,2058.100000,1,-6.990000,-0.3385,2.600000,13.580000,46.980000
162,Exit long,2025-03-26 06:00,2058.100000,1,-4.620000,-0.2240,0.760000,5.250000,53.970000
162,Entry long,2025-03-26 05:45,2062.720000,1,-4.620000,-0.2240,0.760000,5.250000,53.970000
161,Exit short,2025-03-26 05:30,2051.160000,1,0.500000,0.0244,3.150000,0.470000,58.590000
161,Entry short,2025-03-26 05:00,2051.660000,1,0.500000,0.0244,3.150000,0.470000,58.590000
160,Exit short,2025-03-26 02:45,2055.570000,1,2.030000,0.0988,2.600000,4.400000,58.090000
160,Entry short,2025-03-26 02:15,2057.600000,1,2.030000,0.0988,2.600000,4.400000,58.090000
159,Exit long,2025-03-26 02:00,2073.190000,1,3.190000,0.1541,7.700000,4.470000,56.060000
159,Entry long,2025-03-26 00:30,2070.000000,1,3.190000,0.1541,7.700000,4.470000,56.060000
158,Exit short,2025-03-26 00:30,2070.000000,1,-6.790000,-0.3280,1.810000,7.390000,52.870000
158,Entry short,2025-03-26 00:15,2063.210000,1,-6.790000,-0.3280,1.810000,7.390000,52.870000
157,Exit short,2025-03-25 22:30,2057.570000,1,6.080000,0.2955,7.650000,4.350000,59.660000
157,Entry short,2025-03-25 21:45,2063.650000,1,6.080000,0.2955,7.650000,4.350000,59.660000
156,Exit long,2025-03-25 21:45,2063.650000,1,-4.980000,-0.2407,7.370000,7.330000,53.580000
156,Entry long,2025-03-25 21:15,2068.630000,1,-4.980000,-0.2407,7.370000,7.330000,53.580000
155,Exit short,2025-03-25 21:15,2068.630000,1,-4.830000,-0.2335,0.410000,7.080000,58.560000
155,Entry short,2025-03-25 21:00,2063.800000,1,-4.830000,-0.2335,0.410000,7.080000,58.560000
154,Exit long,2025-03-25 20:15,2075.990000,1,9.010000,0.4359,16.010000,0.080000,63.390000
154,Entry long,2025-03-25 19:30,2066.980000,1,9.010000,0.4359,16.010000,0.080000,63.390000
153,Exit short,2025-03-25 19:30,2066.980000,1,-1.290000,-0.0624,10.500000,5.490000,54.380000
153,Entry short,2025-03-25 18:30,2065.690000,1,-1.290000,-0.0624,10.500000,5.490000,54.380000
152,Exit long,2025-03-25 18:30,2065.690000,1,-5.400000,-0.2607,1.410000,7.650000,55.670000
152,Entry long,2025-03-25 18:15,2071.090000,1,-5.400000,-0.2607,1.410000,7.650000,55.670000
151,Exit long,2025-03-25 17:45,2077.450000,1,5.420000,0.2616,6.800000,13.590000,61.070000
151,Entry long,2025-03-25 16:15,2072.030000,1,5.420000,0.2616,6.800000,13.590000,61.070000
150,Exit long,2025-03-25 15:30,2073.890000,1,6.630000,0.3207,11.900000,0.560000,55.650000
150,Entry long,2025-03-25 14:30,2067.260000,1,6.630000,0.3207,11.900000,0.560000,55.650000
149,Exit short,2025-03-25 14:30,2067.260000,1,-6.690000,-0.3236,8.340000,7.060000,49.020000
149,Entry short,2025-03-25 14:00,2060.570000,1,-6.690000,-0.3236,8.340000,7.060000,49.020000
148,Exit long,2025-03-25 14:00,2060.570000,1,-4.230000,-0.2049,14.300000,14.100000,55.710000
148,Entry long,2025-03-25 13:15,2064.800000,1,-4.230000,-0.2049,14.300000,14.100000,55.710000
147,Exit short,2025-03-25 13:15,2064.800000,1,-17.410000,-0.8432,1.470000,27.140000,59.940000
147,Entry short,2025-03-25 06:00,2047.390000,1,-17.410000,-0.8432,1.470000,27.140000,59.940000
146,Exit short,2025-03-25 02:00,2064.360000,1,4.450000,0.2156,13.800000,0.000000,77.350000
146,Entry short,2025-03-25 01:30,2068.810000,1,4.450000,0.2156,13.800000,0.000000,77.350000
145,Exit long,2025-03-25 01:00,2085.270000,1,-8.840000,-0.4221,3.100000,27.240000,72.900000
145,Entry long,2025-03-24 20:15,2094.110000,1,-8.840000,-0.4221,3.100000,27.240000,72.900000
144,Exit long,2025-03-24 19:15,2092.620000,1,11.720000,0.5632,21.000000,14.520000,81.740000
144,Entry long,2025-03-24 12:45,2080.900000,1,11.720000,0.5632,21.000000,14.520000,81.740000
143,Exit long,2025-03-24 04:00,2013.480000,1,7.250000,0.3614,10.270000,3.810000,70.020000
143,Entry long,2025-03-24 03:15,2006.230000,1,7.250000,0.3614,10.270000,3.810000,70.020000
142,Exit short,2025-03-24 02:15,1985.230000,1,5.440000,0.2740,14.210000,30.290000,62.770000
142,Entry short,2025-03-23 22:30,1990.670000,1,5.440000,0.2740,14.210000,30.290000,62.770000
141,Exit short,2025-03-23 21:45,1988.520000,1,5.460000,0.2746,9.980000,5.720000,57.330000
141,Entry short,2025-03-23 19:15,1993.980000,1,5.460000,0.2746,9.980000,5.720000,57.330000
140,Exit long,2025-03-23 19:15,1993.980000,1,-12.240000,-0.6101,0.860000,20.510000,51.870000
140,Entry long,2025-03-23 16:00,2006.220000,1,-12.240000,-0.6101,0.860000,20.510000,51.870000
139,Exit short,2025-03-23 16:00,2006.220000,1,-0.570000,-0.0284,0.870000,2.120000,64.110000
139,Entry short,2025-03-23 15:45,2005.650000,1,-0.570000,-0.0284,0.870000,2.120000,64.110000
138,Exit long,2025-03-23 15:45,2005.650000,1,-0.790000,-0.0394,4.760000,5.240000,64.680000
138,Entry long,2025-03-23 14:45,2006.440000,1,-0.790000,-0.0394,4.760000,5.240000,64.680000
137,Exit long,2025-03-23 14:00,2017.550000,1,9.680000,0.4821,11.740000,4.170000,65.470000
137,Entry long,2025-03-23 12:15,2007.870000,1,9.680000,0.4821,11.740000,4.170000,65.470000
136,Exit long,2025-03-23 07:15,2003.950000,1,5.070000,0.2536,5.790000,2.460000,55.790000
136,Entry long,2025-03-23 06:00,1998.880000,1,5.070000,0.2536,5.790000,2.460000,55.790000
135,Exit short,2025-03-23 05:45,1992.630000,1,-8.060000,-0.4045,0.820000,24.350000,50.720000
135,Entry short,2025-03-23 01:00,1984.570000,1,-8.060000,-0.4045,0.820000,24.350000,50.720000
134,Exit long,2025-03-23 01:00,1984.570000,1,-6.760000,-0.3395,1.810000,18.200000,58.780000
134,Entry long,2025-03-22 21:30,1991.330000,1,-6.760000,-0.3395,1.810000,18.200000,58.780000
133,Exit long,2025-03-22 18:00,1991.720000,1,1.660000,0.0834,3.690000,2.180000,65.540000
133,Entry long,2025-03-22 17:15,1990.060000,1,1.660000,0.0834,3.690000,2.180000,65.540000
132,Exit short,2025-03-22 17:15,1990.060000,1,-6.050000,-0.3040,2.520000,6.840000,63.880000
132,Entry short,2025-03-22 16:45,1984.010000,1,-6.050000,-0.3040,2.520000,6.840000,63.880000
131,Exit long,2025-03-22 16:45,1984.010000,1,-9.060000,-0.4546,3.900000,12.770000,69.930000
131,Entry long,2025-03-22 11:30,1993.070000,1,-9.060000,-0.4546,3.900000,12.770000,69.930000
130,Exit long,2025-03-22 10:00,1993.000000,1,4.820000,0.2424,17.820000,7.780000,78.990000
130,Entry long,2025-03-22 07:45,1988.180000,1,4.820000,0.2424,17.820000,7.780000,78.990000
129,Exit long,2025-03-22 03:00,1981.590000,1,7.690000,0.3896,11.100000,1.350000,74.170000
129,Entry long,2025-03-22 02:00,1973.900000,1,7.690000,0.3896,11.100000,1.350000,74.170000
128,Exit long,2025-03-22 01:30,1979.660000,1,10.060000,0.5108,17.120000,6.300000,66.480000
128,Entry long,2025-03-21 23:15,1969.600000,1,10.060000,0.5108,17.120000,6.300000,66.480000
127,Exit short,2025-03-21 23:00,1965.380000,1,-12.120000,-0.6167,8.260000,29.160000,56.420000
127,Entry short,2025-03-21 15:00,1953.260000,1,-12.120000,-0.6167,8.260000,29.160000,56.420000
126,Exit short,2025-03-21 11:00,1966.900000,1,3.830000,0.1947,14.940000,8.140000,68.540000
126,Entry short,2025-03-21 08:30,1970.730000,1,3.830000,0.1947,14.940000,8.140000,68.540000
125,Exit short,2025-03-21 06:15,1970.880000,1,11.640000,0.5906,15.820000,0.320000,64.710000
125,Entry short,2025-03-21 05:00,1982.520000,1,11.640000,0.5906,15.820000,0.320000,64.710000
124,Exit long,2025-03-21 05:00,1982.520000,1,-3.510000,-0.1767,2.990000,4.860000,53.070000
124,Entry long,2025-03-21 04:30,1986.030000,1,-3.510000,-0.1767,2.990000,4.860000,53.070000
123,Exit short,2025-03-21 03:45,1978.040000,1,-1.840000,-0.0930,4.600000,5.190000,56.580000
123,Entry short,2025-03-21 03:15,1976.200000,1,-1.840000,-0.0930,4.600000,5.190000,56.580000
122,Exit long,2025-03-21 03:15,1976.200000,1,-11.930000,-0.6001,1.420000,12.430000,58.420000
122,Entry long,2025-03-21 02:45,1988.130000,1,-11.930000,-0.6001,1.420000,12.430000,58.420000
121,Exit long,2025-03-21 00:30,1982.390000,1,-0.330000,-0.0166,10.430000,1.960000,70.350000
121,Entry long,2025-03-21 00:00,1982.720000,1,-0.330000,-0.0166,10.430000,1.960000,70.350000
120,Exit short,2025-03-21 00:00,1982.720000,1,-11.790000,-0.5946,4.670000,13.270000,70.680000
120,Entry short,2025-03-20 18:45,1970.930000,1,-11.790000,-0.5946,4.670000,13.270000,70.680000
119,Exit short,2025-03-20 16:15,1969.920000,1,32.590000,1.6544,37.560000,2.750000,82.470000
119,Entry short,2025-03-20 14:45,2002.510000,1,32.590000,1.6544,37.560000,2.750000,82.470000
118,Exit long,2025-03-20 14:45,2002.510000,1,-3.080000,-0.1536,0.240000,9.830000,49.880000
118,Entry long,2025-03-20 14:30,2005.590000,1,-3.080000,-0.1536,0.240000,9.830000,49.880000
117,Exit short,2025-03-20 14:30,2005.590000,1,-12.560000,-0.6262,15.200000,16.710000,52.960000
117,Entry short,2025-03-20 12:45,1993.030000,1,-12.560000,-0.6262,15.200000,16.710000,52.960000
116,Exit short,2025-03-20 10:00,2004.640000,1,7.630000,0.3806,10.390000,0.120000,65.520000
116,Entry short,2025-03-20 09:15,2012.270000,1,7.630000,0.3806,10.390000,0.120000,65.520000
115,Exit long,2025-03-20 09:15,2012.270000,1,-26.720000,-1.3105,0.220000,36.950000,57.890000
115,Entry long,2025-03-20 01:15,2038.990000,1,-26.720000,-1.3105,0.220000,36.950000,57.890000
114,Exit long,2025-03-19 23:15,2044.170000,1,27.570000,1.3672,40.490000,0.400000,84.610000
114,Entry long,2025-03-19 18:30,2016.600000,1,27.570000,1.3672,40.490000,0.400000,84.610000
113,Exit long,2025-03-19 09:15,1939.030000,1,0.840000,0.0433,5.730000,8.070000,57.040000
113,Entry long,2025-03-19 07:00,1938.190000,1,0.840000,0.0433,5.730000,8.070000,57.040000
112,Exit long,2025-03-19 06:15,1941.070000,1,11.960000,0.6200,13.350000,1.960000,56.200000
112,Entry long,2025-03-19 02:30,1929.110000,1,11.960000,0.6200,13.350000,1.960000,56.200000
111,Exit short,2025-03-19 02:30,1929.110000,1,-49.310000,-2.5561,0.320000,68.700000,44.240000
111,Entry short,2025-03-18 18:45,1879.800000,1,-49.310000,-2.5561,0.320000,68.700000,44.240000
110,Exit short,2025-03-18 17:45,1880.590000,1,13.410000,0.7131,20.270000,3.110000,93.550000
110,Entry short,2025-03-18 15:00,1894.000000,1,13.410000,0.7131,20.270000,3.110000,93.550000
109,Exit short,2025-03-18 14:15,1881.810000,1,16.090000,0.8550,26.760000,4.690000,80.140000
109,Entry short,2025-03-18 12:45,1897.900000,1,16.090000,0.8550,26.760000,4.690000,80.140000
108,Exit short,2025-03-18 10:45,1896.040000,1,11.070000,0.5838,22.860000,5.190000,64.050000
108,Entry short,2025-03-18 07:30,1907.110000,1,11.070000,0.5838,22.860000,5.190000,64.050000
107,Exit short,2025-03-18 06:45,1896.780000,1,10.010000,0.5277,13.890000,0.180000,52.980000
107,Entry short,2025-03-18 06:00,1906.790000,1,10.010000,0.5277,13.890000,0.180000,52.980000
106,Exit long,2025-03-18 06:00,1906.790000,1,-27.820000,-1.4380,14.590000,38.310000,42.970000
106,Entry long,2025-03-17 21:00,1934.610000,1,-27.820000,-1.4380,14.590000,38.310000,42.970000
105,Exit long,2025-03-17 17:45,1931.500000,1,9.710000,0.5053,11.510000,2.290000,70.790000
105,Entry long,2025-03-17 17:15,1921.790000,1,9.710000,0.5053,11.510000,2.290000,70.790000
104,Exit long,2025-03-17 16:30,1915.870000,1,8.790000,0.4609,17.420000,14.050000,61.080000
104,Entry long,2025-03-17 14:45,1907.080000,1,8.790000,0.4609,17.420000,14.050000,61.080000
103,Exit short,2025-03-17 14:45,1907.080000,1,-4.680000,-0.2454,16.110000,11.230000,52.290000
103,Entry short,2025-03-17 13:15,1902.400000,1,-4.680000,-0.2454,16.110000,11.230000,52.290000
102,Exit long,2025-03-17 13:15,1902.400000,1,-9.040000,-0.4729,2.940000,13.770000,56.970000
102,Entry long,2025-03-17 12:45,1911.440000,1,-9.040000,-0.4729,2.940000,13.770000,56.970000
101,Exit long,2025-03-17 10:00,1911.820000,1,12.560000,0.6613,13.580000,1.160000,66.010000
101,Entry long,2025-03-17 08:45,1899.260000,1,12.560000,0.6613,13.580000,1.160000,66.010000
100,Exit short,2025-03-17 08:45,1899.260000,1,-2.290000,-0.1206,4.910000,3.330000,53.450000
100,Entry short,2025-03-17 08:15,1896.970000,1,-2.290000,-0.1206,4.910000,3.330000,53.450000
99,Exit long,2025-03-17 08:15,1896.970000,1,-3.160000,-0.1663,0.300000,5.300000,55.740000
99,Entry long,2025-03-17 08:00,1900.130000,1,-3.160000,-0.1663,0.300000,5.300000,55.740000
98,Exit short,2025-03-17 08:00,1900.130000,1,-3.530000,-0.1858,0.210000,5.890000,58.900000
98,Entry short,2025-03-17 07:45,1896.600000,1,-3.530000,-0.1858,0.210000,5.890000,58.900000
97,Exit long,2025-03-17 07:45,1896.600000,1,-2.110000,-0.1111,0.970000,3.000000,62.430000
97,Entry long,2025-03-17 07:30,1898.710000,1,-2.110000,-0.1111,0.970000,3.000000,62.430000
96,Exit short,2025-03-17 06:15,1896.030000,1,2.860000,0.1508,6.040000,4.280000,64.540000
96,Entry short,2025-03-17 05:15,1898.890000,1,2.860000,0.1508,6.040000,4.280000,64.540000
95,Exit long,2025-03-17 05:15,1898.890000,1,-6.490000,-0.3406,1.210000,8.080000,61.680000
95,Entry long,2025-03-17 04:45,1905.380000,1,-6.490000,-0.3406,1.210000,8.080000,61.680000
94,Exit short,2025-03-17 04:45,1905.380000,1,-13.280000,-0.6970,0.600000,22.780000,68.170000
94,Entry short,2025-03-17 00:30,1892.100000,1,-13.280000,-0.6970,0.600000,22.780000,68.170000
93,Exit short,2025-03-16 22:45,1882.400000,1,8.120000,0.4314,15.170000,7.120000,81.450000
93,Entry short,2025-03-16 20:45,1890.520000,1,8.120000,0.4314,15.170000,7.120000,81.450000
92,Exit short,2025-03-16 19:15,1882.220000,1,7.130000,0.3788,9.350000,34.550000,73.330000
92,Entry short,2025-03-16 15:30,1889.350000,1,7.130000,0.3788,9.350000,34.550000,73.330000
91,Exit short,2025-03-16 08:45,1919.800000,1,6.800000,0.3542,9.400000,6.620000,66.200000
91,Entry short,2025-03-16 04:00,1926.600000,1,6.800000,0.3542,9.400000,6.620000,66.200000
90,Exit long,2025-03-16 04:00,1926.600000,1,-16.170000,-0.8323,1.110000,27.550000,59.400000
90,Entry long,2025-03-15 23:00,1942.770000,1,-16.170000,-0.8323,1.110000,27.550000,59.400000
89,Exit long,2025-03-15 20:45,1940.740000,1,9.150000,0.4737,17.140000,4.310000,75.570000
89,Entry long,2025-03-15 19:00,1931.590000,1,9.150000,0.4737,17.140000,4.310000,75.570000
88,Exit long,2025-03-15 16:30,1935.060000,1,8.370000,0.4344,12.190000,4.490000,66.420000
88,Entry long,2025-03-15 13:30,1926.690000,1,8.370000,0.4344,12.190000,4.490000,66.420000
87,Exit long,2025-03-15 11:15,1927.360000,1,2.790000,0.1450,4.330000,0.760000,58.050000
87,Entry long,2025-03-15 10:45,1924.570000,1,2.790000,0.1450,4.330000,0.760000,58.050000
86,Exit short,2025-03-15 10:45,1924.570000,1,-4.980000,-0.2588,0.000000,7.820000,55.260000
86,Entry short,2025-03-15 10:30,1919.590000,1,-4.980000,-0.2588,0.000000,7.820000,55.260000
85,Exit long,2025-03-15 10:30,1919.590000,1,-1.260000,-0.0656,4.910000,7.720000,60.240000
85,Entry long,2025-03-15 09:00,1920.850000,1,-1.260000,-0.0656,4.910000,7.720000,60.240000
84,Exit short,2025-03-15 02:15,1909.580000,1,6.280000,0.3289,13.390000,0.100000,61.500000
84,Entry short,2025-03-15 01:30,1915.860000,1,6.280000,0.3289,13.390000,0.100000,61.500000
83,Exit long,2025-03-15 01:30,1915.860000,1,-9.750000,-0.5063,3.970000,18.220000,55.220000
83,Entry long,2025-03-14 20:45,1925.610000,1,-9.750000,-0.5063,3.970000,18.220000,55.220000
82,Exit long,2025-03-14 17:30,1929.780000,1,31.120000,1.6391,43.150000,25.660000,64.970000
82,Entry long,2025-03-14 13:15,1898.660000,1,31.120000,1.6391,43.150000,25.660000,64.970000
81,Exit long,2025-03-14 11:15,1899.730000,1,7.370000,0.3895,15.840000,3.910000,33.850000
81,Entry long,2025-03-14 07:30,1892.360000,1,7.370000,0.3895,15.840000,3.910000,33.850000
80,Exit long,2025-03-14 02:15,1885.160000,1,16.620000,0.8895,20.460000,0.540000,26.480000
80,Entry long,2025-03-14 00:30,1868.540000,1,16.620000,0.8895,20.460000,0.540000,26.480000
79,Exit short,2025-03-14 00:30,1868.540000,1,-6.520000,-0.3489,1.610000,8.780000,9.860000
79,Entry short,2025-03-13 23:30,1862.020000,1,-6.520000,-0.3489,1.610000,8.780000,9.860000
78,Exit short,2025-03-13 21:30,1848.330000,1,-2.330000,-0.1261,8.580000,13.100000,16.380000
78,Entry short,2025-03-13 19:30,1846.000000,1,-2.330000,-0.1261,8.580000,13.100000,16.380000
77,Exit short,2025-03-13 17:15,1856.180000,1,15.020000,0.8092,21.200000,50.800000,18.710000
77,Entry short,2025-03-13 08:00,1871.200000,1,15.020000,0.8092,21.200000,50.800000,18.710000
76,Exit long,2025-03-13 08:00,1871.200000,1,-28.990000,-1.5256,15.410000,43.260000,3.690000
76,Entry long,2025-03-13 01:30,1900.190000,1,-28.990000,-1.5256,15.410000,43.260000,3.690000
75,Exit short,2025-03-13 01:30,1900.190000,1,-33.020000,-1.7377,3.230000,49.370000,32.680000
75,Entry short,2025-03-12 16:45,1867.170000,1,-33.020000,-1.7377,3.230000,49.370000,32.680000
74,Exit short,2025-03-12 15:15,1840.630000,1,59.340000,3.2239,71.100000,4.690000,65.700000
74,Entry short,2025-03-12 13:45,1899.970000,1,59.340000,3.2239,71.100000,4.690000,65.700000
73,Exit long,2025-03-12 11:45,1907.900000,1,-3.870000,-0.2024,3.150000,5.760000,6.360000
73,Entry long,2025-03-12 11:15,1911.770000,1,-3.870000,-0.2024,3.150000,5.760000,6.360000
72,Exit short,2025-03-12 11:15,1911.770000,1,-41.350000,-2.1629,18.410000,85.480000,10.230000
72,Entry short,2025-03-12 06:15,1870.420000,1,-41.350000,-2.1629,18.410000,85.480000,10.230000
71,Exit short,2025-03-12 03:15,1890.020000,1,24.990000,1.3222,28.820000,1.680000,51.580000
71,Entry short,2025-03-12 02:15,1915.010000,1,24.990000,1.3222,28.820000,1.680000,51.580000
70,Exit long,2025-03-12 02:15,1915.010000,1,-20.620000,-1.0653,15.990000,35.120000,26.590000
70,Entry long,2025-03-11 21:00,1935.630000,1,-20.620000,-1.0653,15.990000,35.120000,26.590000
69,Exit long,2025-03-11 18:45,1945.850000,1,41.720000,2.1910,53.870000,0.990000,47.210000
69,Entry long,2025-03-11 18:00,1904.130000,1,41.720000,2.1910,53.870000,0.990000,47.210000
68,Exit short,2025-03-11 18:00,1904.130000,1,-13.430000,-0.7053,5.330000,21.060000,5.490000
68,Entry short,2025-03-11 17:30,1890.700000,1,-13.430000,-0.7053,5.330000,21.060000,5.490000
67,Exit long,2025-03-11 15:45,1909.500000,1,6.090000,0.3200,13.490000,8.020000,18.920000
67,Entry long,2025-03-11 15:15,1903.410000,1,6.090000,0.3200,13.490000,8.020000,18.920000
66,Exit short,2025-03-11 15:00,1866.020000,1,36.480000,1.9550,63.090000,9.400000,12.830000
66,Entry short,2025-03-11 14:00,1902.500000,1,36.480000,1.9550,63.090000,9.400000,12.830000
65,Exit long,2025-03-11 14:00,1902.500000,1,-0.690000,-0.0363,66.580000,38.230000,-23.650000
65,Entry long,2025-03-11 12:45,1903.190000,1,-0.690000,-0.0363,66.580000,38.230000,-23.650000
64,Exit short,2025-03-11 12:45,1903.190000,1,-11.620000,-0.6106,2.100000,14.340000,-22.960000
64,Entry short,2025-03-11 12:15,1891.570000,1,-11.620000,-0.6106,2.100000,14.340000,-22.960000
63,Exit long,2025-03-11 12:15,1891.570000,1,-22.080000,-1.1538,11.960000,27.530000,-11.340000
63,Entry long,2025-03-11 11:30,1913.650000,1,-22.080000,-1.1538,11.960000,27.530000,-11.340000
62,Exit short,2025-03-11 11:30,1913.650000,1,-56.260000,-2.9399,12.500000,71.450000,10.740000
62,Entry short,2025-03-11 02:45,1857.390000,1,-56.260000,-2.9399,12.500000,71.450000,10.740000
61,Exit short,2025-03-11 01:15,1793.000000,1,93.370000,5.2075,133.870000,8.200000,67.000000
61,Entry short,2025-03-10 22:00,1886.370000,1,93.370000,5.2075,133.870000,8.200000,67.000000
60,Exit short,2025-03-10 15:00,2018.110000,1,64.630000,3.2025,87.270000,0.540000,-26.370000
60,Entry short,2025-03-10 14:00,2082.740000,1,64.630000,3.2025,87.270000,0.540000,-26.370000
59,Exit long,2025-03-10 11:30,2111.600000,1,25.890000,1.2413,29.200000,1.710000,-91.000000
59,Entry long,2025-03-10 10:45,2085.710000,1,25.890000,1.2413,29.200000,1.710000,-91.000000
58,Exit long,2025-03-10 10:00,2100.990000,1,39.890000,1.9354,91.890000,0.210000,-116.890000
58,Entry long,2025-03-10 09:00,2061.100000,1,39.890000,1.9354,91.890000,0.210000,-116.890000
57,Exit short,2025-03-10 09:00,2061.100000,1,-4.550000,-0.2208,0.050000,14.030000,-156.780000
57,Entry short,2025-03-10 08:45,2056.550000,1,-4.550000,-0.2208,0.050000,14.030000,-156.780000
56,Exit long,2025-03-10 07:30,2063.220000,1,2.950000,0.1432,18.280000,7.090000,-152.230000
56,Entry long,2025-03-10 06:30,2060.270000,1,2.950000,0.1432,18.280000,7.090000,-152.230000
55,Exit short,2025-03-10 06:30,2060.270000,1,-49.910000,-2.4225,16.820000,65.820000,-155.180000
55,Entry short,2025-03-09 23:45,2010.360000,1,-49.910000,-2.4225,16.820000,65.820000,-155.180000
54,Exit short,2025-03-09 22:00,2023.510000,1,26.340000,1.3017,37.800000,0.070000,-105.270000
54,Entry short,2025-03-09 20:45,2049.850000,1,26.340000,1.3017,37.800000,0.070000,-105.270000
53,Exit short,2025-03-09 09:30,2176.670000,1,7.400000,0.3400,12.700000,2.930000,-131.610000
53,Entry short,2025-03-09 08:00,2184.070000,1,7.400000,0.3400,12.700000,2.930000,-131.610000
52,Exit short,2025-03-09 06:45,2181.680000,1,5.330000,0.2443,16.180000,0.390000,-139.010000
52,Entry short,2025-03-09 05:45,2187.010000,1,5.330000,0.2443,16.180000,0.390000,-139.010000
51,Exit long,2025-03-09 05:45,2187.010000,1,-4.940000,-0.2254,1.330000,6.400000,-144.340000
51,Entry long,2025-03-09 05:30,2191.950000,1,-4.940000,-0.2254,1.330000,6.400000,-144.340000
50,Exit short,2025-03-09 05:30,2191.950000,1,-5.580000,-0.2546,3.620000,9.910000,-139.400000
50,Entry short,2025-03-09 04:45,2186.370000,1,-5.580000,-0.2546,3.620000,9.910000,-139.400000
49,Exit long,2025-03-09 04:45,2186.370000,1,-17.290000,-0.7846,7.610000,28.650000,-133.820000
49,Entry long,2025-03-08 22:45,2203.660000,1,-17.290000,-0.7846,7.610000,28.650000,-133.820000
48,Exit long,2025-03-08 18:00,2198.100000,1,17.980000,0.8247,40.320000,4.000000,-116.530000
48,Entry long,2025-03-08 16:45,2180.120000,1,17.980000,0.8247,40.320000,4.000000,-116.530000
47,Exit long,2025-03-08 16:00,2180.410000,1,-3.860000,-0.1767,7.090000,5.110000,-134.510000
47,Entry long,2025-03-08 15:30,2184.270000,1,-3.860000,-0.1767,7.090000,5.110000,-134.510000
46,Exit long,2025-03-08 13:30,2183.760000,1,42.870000,2.0024,47.660000,4.050000,-130.650000
46,Entry long,2025-03-08 12:00,2140.890000,1,42.870000,2.0024,47.660000,4.050000,-130.650000
45,Exit short,2025-03-08 12:00,2140.890000,1,-8.750000,-0.4087,5.970000,9.360000,-173.520000
45,Entry short,2025-03-08 11:15,2132.140000,1,-8.750000,-0.4087,5.970000,9.360000,-173.520000
44,Exit short,2025-03-08 08:45,2129.700000,1,6.270000,0.2944,32.900000,19.400000,-164.770000
44,Entry short,2025-03-08 00:30,2135.970000,1,6.270000,0.2944,32.900000,19.400000,-164.770000
43,Exit short,2025-03-07 23:45,2138.430000,1,5.030000,0.2352,29.530000,0.320000,-171.040000
43,Entry short,2025-03-07 23:00,2143.460000,1,5.030000,0.2352,29.530000,0.320000,-171.040000
42,Exit short,2025-03-07 21:45,2137.450000,1,33.840000,1.5832,58.190000,30.560000,-176.070000
42,Entry short,2025-03-07 18:15,2171.290000,1,33.840000,1.5832,58.190000,30.560000,-176.070000
41,Exit short,2025-03-07 17:00,2157.530000,1,5.530000,0.2563,20.690000,6.650000,-209.910000
41,Entry short,2025-03-07 16:30,2163.060000,1,5.530000,0.2563,20.690000,6.650000,-209.910000
40,Exit long,2025-03-07 16:30,2163.060000,1,-45.890000,-2.0775,5.900000,53.770000,-215.440000
40,Entry long,2025-03-07 16:00,2208.950000,1,-45.890000,-2.0775,5.900000,53.770000,-215.440000
39,Exit long,2025-03-07 15:30,2209.720000,1,18.620000,0.8498,68.240000,15.460000,-169.550000
39,Entry long,2025-03-07 14:15,2191.100000,1,18.620000,0.8498,68.240000,15.460000,-169.550000
38,Exit short,2025-03-07 14:15,2191.100000,1,-3.540000,-0.1616,2.560000,10.090000,-188.170000
38,Entry short,2025-03-07 14:00,2187.560000,1,-3.540000,-0.1616,2.560000,10.090000,-188.170000
37,Exit long,2025-03-07 14:00,2187.560000,1,-3.250000,-0.1483,38.190000,13.340000,-184.630000
37,Entry long,2025-03-07 13:30,2190.810000,1,-3.250000,-0.1483,38.190000,13.340000,-184.630000
36,Exit short,2025-03-07 13:30,2190.810000,1,-23.600000,-1.0772,0.010000,28.350000,-181.380000
36,Entry short,2025-03-07 12:45,2167.210000,1,-23.600000,-1.0772,0.010000,28.350000,-181.380000
35,Exit long,2025-03-07 12:45,2167.210000,1,-28.520000,-1.2989,11.270000,31.360000,-157.780000
35,Entry long,2025-03-07 11:00,2195.730000,1,-28.520000,-1.2989,11.270000,31.360000,-157.780000
34,Exit long,2025-03-07 10:00,2192.700000,1,8.300000,0.3800,25.540000,0.420000,-129.260000
34,Entry long,2025-03-07 09:00,2184.400000,1,8.300000,0.3800,25.540000,0.420000,-129.260000
33,Exit short,2025-03-07 09:00,2184.400000,1,-30.080000,-1.3770,1.000000,41.560000,-137.560000
33,Entry short,2025-03-07 05:00,2154.320000,1,-30.080000,-1.3770,1.000000,41.560000,-137.560000
32,Exit short,2025-03-07 03:30,2158.790000,1,15.270000,0.7073,23.660000,11.210000,-107.480000
32,Entry short,2025-03-07 02:00,2174.060000,1,15.270000,0.7073,23.660000,11.210000,-107.480000
31,Exit short,2025-03-07 01:15,2145.550000,1,62.620000,2.9186,107.420000,21.120000,-122.750000
31,Entry short,2025-03-06 20:15,2208.170000,1,62.620000,2.9186,107.420000,21.120000,-122.750000
30,Exit short,2025-03-06 17:30,2214.420000,1,42.000000,1.8967,54.600000,8.160000,-185.370000
30,Entry short,2025-03-06 16:00,2256.420000,1,42.000000,1.8967,54.600000,8.160000,-185.370000
29,Exit long,2025-03-06 16:00,2256.420000,1,-42.170000,-1.8346,1.410000,92.270000,-227.370000
29,Entry long,2025-03-06 11:30,2298.590000,1,-42.170000,-1.8346,1.410000,92.270000,-227.370000
28,Exit long,2025-03-06 11:00,2293.050000,1,-2.950000,-0.1285,8.930000,20.630000,-185.200000
28,Entry long,2025-03-06 07:30,2296.000000,1,-2.950000,-0.1285,8.930000,20.630000,-185.200000
27,Exit long,2025-03-06 02:45,2268.030000,1,24.900000,1.1101,44.870000,6.130000,-182.250000
27,Entry long,2025-03-06 01:30,2243.130000,1,24.900000,1.1101,44.870000,6.130000,-182.250000
26,Exit long,2025-03-05 19:45,2214.430000,1,10.470000,0.4751,17.930000,3.780000,-207.150000
26,Entry long,2025-03-05 19:00,2203.960000,1,10.470000,0.4751,17.930000,3.780000,-207.150000
25,Exit short,2025-03-05 19:00,2203.960000,1,-10.400000,-0.4719,19.930000,13.950000,-217.620000
25,Entry short,2025-03-05 18:00,2193.560000,1,-10.400000,-0.4719,19.930000,13.950000,-217.620000
24,Exit long,2025-03-05 18:00,2193.560000,1,-34.800000,-1.5617,3.640000,67.890000,-207.220000
24,Entry long,2025-03-05 11:45,2228.360000,1,-34.800000,-1.5617,3.640000,67.890000,-207.220000
23,Exit long,2025-03-05 06:45,2179.830000,1,9.390000,0.4326,21.560000,16.740000,-172.420000
23,Entry long,2025-03-04 23:45,2170.440000,1,9.390000,0.4326,21.560000,16.740000,-172.420000
22,Exit long,2025-03-04 22:00,2176.860000,1,-38.890000,-1.7552,0.180000,45.210000,-181.810000
22,Entry long,2025-03-04 21:30,2215.750000,1,-38.890000,-1.7552,0.180000,45.210000,-181.810000
21,Exit short,2025-03-04 21:30,2215.750000,1,-138.670000,-6.2584,97.090000,144.690000,-142.920000
21,Entry short,2025-03-04 15:00,2077.080000,1,-138.670000,-6.2584,97.090000,144.690000,-142.920000
20,Exit short,2025-03-04 14:00,2063.480000,1,26.690000,1.2934,39.400000,27.270000,-4.250000
20,Entry short,2025-03-04 08:45,2090.170000,1,26.690000,1.2934,39.400000,27.270000,-4.250000
19,Exit short,2025-03-04 07:45,2075.900000,1,7.480000,0.3603,16.100000,37.940000,-30.940000
19,Entry short,2025-03-04 04:15,2083.380000,1,7.480000,0.3603,16.100000,37.940000,-30.940000
18,Exit short,2025-03-04 01:15,2120.320000,1,31.630000,1.4918,41.590000,14.260000,-38.420000
18,Entry short,2025-03-03 23:15,2151.950000,1,31.630000,1.4918,41.590000,14.260000,-38.420000
17,Exit short,2025-03-03 19:15,2176.200000,1,99.680000,4.5805,105.680000,3.260000,-70.050000
17,Entry short,2025-03-03 18:00,2275.880000,1,99.680000,4.5805,105.680000,3.260000,-70.050000
16,Exit short,2025-03-03 15:30,2303.790000,1,53.780000,2.3344,91.730000,30.870000,-169.730000
16,Entry short,2025-03-03 12:30,2357.570000,1,53.780000,2.3344,91.730000,30.870000,-169.730000
15,Exit short,2025-03-03 11:45,2355.780000,1,4.690000,0.1991,17.120000,1.480000,-223.510000
15,Entry short,2025-03-03 10:45,2360.470000,1,4.690000,0.1991,17.120000,1.480000,-223.510000
14,Exit long,2025-03-03 10:45,2360.470000,1,-156.650000,-6.2234,5.720000,196.120000,-228.200000
14,Entry long,2025-03-03 00:00,2517.120000,1,-156.650000,-6.2234,5.720000,196.120000,-228.200000
13,Exit long,2025-03-02 16:00,2229.020000,1,0.230000,0.0103,61.840000,58.700000,-71.550000
13,Entry long,2025-03-02 12:45,2228.790000,1,0.230000,0.0103,61.840000,58.700000,-71.550000
12,Exit short,2025-03-02 12:45,2228.790000,1,-3.700000,-0.1660,3.310000,6.590000,-71.780000
12,Entry short,2025-03-02 12:15,2225.090000,1,-3.700000,-0.1660,3.310000,6.590000,-71.780000
11,Exit long,2025-03-02 10:15,2245.430000,1,27.270000,1.2294,36.560000,2.560000,-68.080000
11,Entry long,2025-03-02 09:15,2218.160000,1,27.270000,1.2294,36.560000,2.560000,-68.080000
10,Exit short,2025-03-02 09:00,2211.600000,1,-0.820000,-0.0371,4.130000,5.690000,-95.350000
10,Entry short,2025-03-02 08:15,2210.780000,1,-0.820000,-0.0371,4.130000,5.690000,-95.350000
9,Exit long,2025-03-02 08:15,2210.780000,1,-17.220000,-0.7729,4.120000,18.000000,-94.530000
9,Entry long,2025-03-02 06:45,2228.000000,1,-17.220000,-0.7729,4.120000,18.000000,-94.530000
8,Exit long,2025-03-02 04:15,2224.490000,1,7.900000,0.3564,13.750000,16.480000,-77.310000
8,Entry long,2025-03-02 00:00,2216.590000,1,7.900000,0.3564,13.750000,16.480000,-77.310000
7,Exit short,2025-03-01 23:45,2206.760000,1,-7.630000,-0.3458,9.130000,11.430000,-85.210000
7,Entry short,2025-03-01 23:15,2199.130000,1,-7.630000,-0.3458,9.130000,11.430000,-85.210000
6,Exit long,2025-03-01 23:15,2199.130000,1,-15.100000,-0.6820,20.760000,19.830000,-77.580000
6,Entry long,2025-03-01 21:45,2214.230000,1,-15.100000,-0.6820,20.760000,19.830000,-77.580000
5,Exit short,2025-03-01 21:45,2214.230000,1,-41.110000,-1.8566,4.950000,60.570000,-62.480000
5,Entry short,2025-03-01 15:30,2173.120000,1,-41.110000,-1.8566,4.950000,60.570000,-62.480000
4,Exit short,2025-03-01 10:15,2225.030000,1,4.320000,0.1942,10.450000,3.160000,-21.370000
4,Entry short,2025-03-01 09:45,2229.350000,1,4.320000,0.1942,10.450000,3.160000,-21.370000
3,Exit short,2025-03-01 09:15,2232.740000,1,-3.030000,-0.1357,3.910000,5.720000,-25.690000
3,Entry short,2025-03-01 08:45,2229.710000,1,-3.030000,-0.1357,3.910000,5.720000,-25.690000
2,Exit long,2025-03-01 08:45,2229.710000,1,-25.380000,-1.1255,3.610000,31.890000,-22.660000
2,Entry long,2025-03-01 06:00,2255.090000,1,-25.380000,-1.1255,3.610000,31.890000,-22.660000
1,Exit long,2025-03-01 03:00,2254.820000,1,2.720000,0.1208,22.240000,13.680000,2.720000
1,Entry long,2025-03-01 02:00,2252.100000,1,2.720000,0.1208,22.240000,13.680000,2.720000
