Trade #,Type,Date and time,Price,Qty,Net PnL,Net PnL %,MFE,MAE,Cumulative PnL
1106,Exit long,2026-05-04 04:15,2384.940000,1,0.870000,0.0400,3.610000,0.680000,369.460000
1106,Entry long,2026-05-04 04:00,2384.070000,1,0.870000,0.0400,3.610000,0.680000,369.460000
1105,Exit long,2026-05-03 20:15,2332.540000,1,-2.060000,-0.0900,1.040000,2.230000,368.590000
1105,Entry long,2026-05-03 20:00,2334.600000,1,-2.060000,-0.0900,1.040000,2.230000,368.590000
1104,Exit long,2026-05-03 12:15,2328.560000,1,9.680000,0.4200,13.290000,0.000000,370.650000
1104,Entry long,2026-05-03 12:00,2318.880000,1,9.680000,0.4200,13.290000,0.000000,370.650000
1103,Exit long,2026-05-03 08:15,2309.740000,1,1.540000,0.0700,3.330000,0.400000,360.970000
1103,Entry long,2026-05-03 08:00,2308.200000,1,1.540000,0.0700,3.330000,0.400000,360.970000
1102,Exit long,2026-05-02 20:15,2308.680000,1,-1.470000,-0.0600,0.000000,1.690000,359.430000
1102,Entry long,2026-05-02 20:00,2310.150000,1,-1.470000,-0.0600,0.000000,1.690000,359.430000
1101,Exit long,2026-05-02 16:15,2310.240000,1,2.380000,0.1000,3.610000,0.980000,360.900000
1101,Entry long,2026-05-02 16:00,2307.860000,1,2.380000,0.1000,3.610000,0.980000,360.900000
1100,Exit long,2026-05-02 04:15,2301.410000,1,-1.650000,-0.0700,0.850000,3.210000,358.520000
1100,Entry long,2026-05-02 04:00,2303.060000,1,-1.650000,-0.0700,0.850000,3.210000,358.520000
1099,Exit long,2026-05-01 16:15,2304.190000,1,-2.670000,-0.1200,6.470000,2.700000,360.170000
1099,Entry long,2026-05-01 16:00,2306.860000,1,-2.670000,-0.1200,6.470000,2.700000,360.170000
1098,Exit long,2026-05-01 12:15,2287.760000,1,2.440000,0.1100,7.270000,2.640000,362.840000
1098,Entry long,2026-05-01 12:00,2285.320000,1,2.440000,0.1100,7.270000,2.640000,362.840000
1097,Exit long,2026-05-01 04:15,2281.860000,1,0.260000,0.0100,2.340000,1.880000,360.400000
1097,Entry long,2026-05-01 04:00,2281.600000,1,0.260000,0.0100,2.340000,1.880000,360.400000
1096,Exit long,2026-04-30 16:15,2264.320000,1,-0.280000,-0.0100,1.490000,3.500000,360.140000
1096,Entry long,2026-04-30 16:00,2264.600000,1,-0.280000,-0.0100,1.490000,3.500000,360.140000
1095,Exit long,2026-04-30 08:15,2258.510000,1,-0.490000,-0.0200,2.000000,4.970000,360.420000
1095,Entry long,2026-04-30 08:00,2259.000000,1,-0.490000,-0.0200,2.000000,4.970000,360.420000
1094,Exit long,2026-04-30 04:15,2249.530000,1,-2.290000,-0.1000,1.170000,8.120000,360.910000
1094,Entry long,2026-04-30 04:00,2251.820000,1,-2.290000,-0.1000,1.170000,8.120000,360.910000
1093,Exit long,2026-04-29 04:15,2308.610000,1,-1.930000,-0.0800,1.080000,2.500000,363.200000
1093,Entry long,2026-04-29 04:00,2310.540000,1,-1.930000,-0.0800,1.080000,2.500000,363.200000
1092,Exit long,2026-04-28 20:15,2299.480000,1,-1.380000,-0.0600,3.970000,2.570000,365.130000
1092,Entry long,2026-04-28 20:00,2300.860000,1,-1.380000,-0.0600,3.970000,2.570000,365.130000
1091,Exit long,2026-04-28 16:15,2277.160000,1,-1.370000,-0.0600,2.430000,3.830000,366.510000
1091,Entry long,2026-04-28 16:00,2278.530000,1,-1.370000,-0.0600,2.430000,3.830000,366.510000
1090,Exit long,2026-04-28 00:15,2302.430000,1,0.150000,0.0100,3.110000,3.170000,367.880000
1090,Entry long,2026-04-28 00:00,2302.280000,1,0.150000,0.0100,3.110000,3.170000,367.880000
1089,Exit long,2026-04-27 20:15,2289.700000,1,1.930000,0.0800,7.230000,0.220000,367.730000
1089,Entry long,2026-04-27 20:00,2287.770000,1,1.930000,0.0800,7.230000,0.220000,367.730000
1088,Exit long,2026-04-27 12:15,2318.420000,1,-0.340000,-0.0100,0.900000,3.610000,365.800000
1088,Entry long,2026-04-27 12:00,2318.760000,1,-0.340000,-0.0100,0.900000,3.610000,365.800000
1087,Exit long,2026-04-27 04:15,2389.740000,1,-3.940000,-0.1600,1.240000,5.050000,366.140000
1087,Entry long,2026-04-27 04:00,2393.680000,1,-3.940000,-0.1600,1.240000,5.050000,366.140000
1086,Exit long,2026-04-27 00:15,2365.520000,1,-2.800000,-0.1200,6.670000,3.770000,370.080000
1086,Entry long,2026-04-27 00:00,2368.320000,1,-2.800000,-0.1200,6.670000,3.770000,370.080000
1085,Exit long,2026-04-26 20:15,2364.050000,1,-2.140000,-0.0900,1.430000,2.190000,372.880000
1085,Entry long,2026-04-26 20:00,2366.190000,1,-2.140000,-0.0900,1.430000,2.190000,372.880000
1084,Exit long,2026-04-26 16:15,2343.840000,1,-3.160000,-0.1300,1.500000,3.960000,375.020000
1084,Entry long,2026-04-26 16:00,2347.000000,1,-3.160000,-0.1300,1.500000,3.960000,375.020000
1083,Exit long,2026-04-26 12:15,2329.300000,1,-5.480000,-0.2300,0.220000,6.690000,378.180000
1083,Entry long,2026-04-26 12:00,2334.780000,1,-5.480000,-0.2300,0.220000,6.690000,378.180000
1082,Exit long,2026-04-26 08:15,2331.820000,1,1.590000,0.0700,3.510000,0.120000,383.660000
1082,Entry long,2026-04-26 08:00,2330.230000,1,1.590000,0.0700,3.510000,0.120000,383.660000
1081,Exit long,2026-04-26 00:15,2315.470000,1,-2.740000,-0.1200,0.370000,3.700000,382.070000
1081,Entry long,2026-04-26 00:00,2318.210000,1,-2.740000,-0.1200,0.370000,3.700000,382.070000
1080,Exit long,2026-04-25 04:15,2317.700000,1,0.180000,0.0100,0.650000,1.520000,384.810000
1080,Entry long,2026-04-25 04:00,2317.520000,1,0.180000,0.0100,0.650000,1.520000,384.810000
1079,Exit long,2026-04-24 12:15,2329.370000,1,2.660000,0.1100,3.650000,1.090000,384.630000
1079,Entry long,2026-04-24 12:00,2326.710000,1,2.660000,0.1100,3.650000,1.090000,384.630000
1078,Exit long,2026-04-24 08:15,2309.390000,1,-1.100000,-0.0500,0.850000,4.570000,381.970000
1078,Entry long,2026-04-24 08:00,2310.490000,1,-1.100000,-0.0500,0.850000,4.570000,381.970000
1077,Exit long,2026-04-22 16:15,2403.640000,1,0.950000,0.0400,10.130000,2.530000,383.070000
1077,Entry long,2026-04-22 16:00,2402.690000,1,0.950000,0.0400,10.130000,2.530000,383.070000
1076,Exit long,2026-04-22 12:15,2401.100000,1,3.510000,0.1500,5.920000,2.510000,382.120000
1076,Entry long,2026-04-22 12:00,2397.590000,1,3.510000,0.1500,5.920000,2.510000,382.120000
1075,Exit long,2026-04-22 00:15,2326.450000,1,0.330000,0.0100,3.430000,2.480000,378.610000
1075,Entry long,2026-04-22 00:00,2326.120000,1,0.330000,0.0100,3.430000,2.480000,378.610000
1074,Exit long,2026-04-21 08:15,2314.830000,1,-2.120000,-0.0900,3.610000,4.340000,378.280000
1074,Entry long,2026-04-21 08:00,2316.950000,1,-2.120000,-0.0900,3.610000,4.340000,378.280000
1073,Exit long,2026-04-20 16:15,2306.500000,1,-6.220000,-0.2700,0.870000,7.360000,380.400000
1073,Entry long,2026-04-20 16:00,2312.720000,1,-6.220000,-0.2700,0.870000,7.360000,380.400000
1072,Exit long,2026-04-20 12:15,2311.270000,1,4.320000,0.1900,6.230000,3.950000,386.620000
1072,Entry long,2026-04-20 12:00,2306.950000,1,4.320000,0.1900,6.230000,3.950000,386.620000
1071,Exit long,2026-04-20 08:15,2298.240000,1,1.410000,0.0600,3.170000,7.660000,382.300000
1071,Entry long,2026-04-20 08:00,2296.830000,1,1.410000,0.0600,3.170000,7.660000,382.300000
1070,Exit long,2026-04-20 04:15,2282.260000,1,-2.820000,-0.1200,0.000000,4.260000,380.890000
1070,Entry long,2026-04-20 04:00,2285.080000,1,-2.820000,-0.1200,0.000000,4.260000,380.890000
1069,Exit long,2026-04-19 12:15,2331.690000,1,4.030000,0.1700,6.280000,1.660000,383.710000
1069,Entry long,2026-04-19 12:00,2327.660000,1,4.030000,0.1700,6.280000,1.660000,383.710000
1068,Exit long,2026-04-17 12:15,2355.350000,1,1.710000,0.0700,3.150000,5.640000,379.680000
1068,Entry long,2026-04-17 12:00,2353.640000,1,1.710000,0.0700,3.150000,5.640000,379.680000
1067,Exit long,2026-04-17 08:15,2335.380000,1,2.150000,0.0900,5.770000,1.320000,377.970000
1067,Entry long,2026-04-17 08:00,2333.230000,1,2.150000,0.0900,5.770000,1.320000,377.970000
1066,Exit long,2026-04-16 20:15,2357.990000,1,-0.400000,-0.0200,5.280000,5.520000,375.820000
1066,Entry long,2026-04-16 20:00,2358.390000,1,-0.400000,-0.0200,5.280000,5.520000,375.820000
1065,Exit long,2026-04-16 16:15,2334.930000,1,-2.660000,-0.1100,10.090000,5.230000,376.220000
1065,Entry long,2026-04-16 16:00,2337.590000,1,-2.660000,-0.1100,10.090000,5.230000,376.220000
1064,Exit long,2026-04-15 20:15,2361.810000,1,-11.880000,-0.5000,1.180000,15.470000,378.880000
1064,Entry long,2026-04-15 20:00,2373.690000,1,-11.880000,-0.5000,1.180000,15.470000,378.880000
1063,Exit long,2026-04-15 12:15,2333.330000,1,-2.880000,-0.1200,2.750000,5.420000,390.760000
1063,Entry long,2026-04-15 12:00,2336.210000,1,-2.880000,-0.1200,2.750000,5.420000,390.760000
1062,Exit long,2026-04-15 04:15,2329.880000,1,2.290000,0.1000,5.460000,0.090000,393.640000
1062,Entry long,2026-04-15 04:00,2327.590000,1,2.290000,0.1000,5.460000,0.090000,393.640000
1061,Exit long,2026-04-15 00:15,2336.950000,1,15.790000,0.6800,20.910000,0.560000,391.350000
1061,Entry long,2026-04-15 00:00,2321.160000,1,15.790000,0.6800,20.910000,0.560000,391.350000
1060,Exit long,2026-04-14 08:15,2376.360000,1,-0.490000,-0.0200,2.410000,3.930000,375.560000
1060,Entry long,2026-04-14 08:00,2376.850000,1,-0.490000,-0.0200,2.410000,3.930000,375.560000
1059,Exit long,2026-04-14 00:15,2366.780000,1,-2.020000,-0.0900,5.960000,5.230000,376.050000
1059,Entry long,2026-04-14 00:00,2368.800000,1,-2.020000,-0.0900,5.960000,5.230000,376.050000
1058,Exit long,2026-04-13 20:15,2248.530000,1,-12.670000,-0.5600,1.330000,12.920000,378.070000
1058,Entry long,2026-04-13 20:00,2261.200000,1,-12.670000,-0.5600,1.330000,12.920000,378.070000
1057,Exit long,2026-04-13 12:15,2185.640000,1,-0.650000,-0.0300,2.020000,3.780000,390.740000
1057,Entry long,2026-04-13 12:00,2186.290000,1,-0.650000,-0.0300,2.020000,3.780000,390.740000
1056,Exit long,2026-04-13 04:15,2192.190000,1,-1.080000,-0.0500,1.340000,2.880000,391.390000
1056,Entry long,2026-04-13 04:00,2193.270000,1,-1.080000,-0.0500,1.340000,2.880000,391.390000
1055,Exit long,2026-04-12 08:15,2214.810000,1,-2.200000,-0.1000,0.330000,3.160000,392.470000
1055,Entry long,2026-04-12 08:00,2217.010000,1,-2.200000,-0.1000,0.330000,3.160000,392.470000
1054,Exit long,2026-04-11 20:15,2306.200000,1,-9.050000,-0.3900,1.230000,11.610000,394.670000
1054,Entry long,2026-04-11 20:00,2315.250000,1,-9.050000,-0.3900,1.230000,11.610000,394.670000
1053,Exit long,2026-04-11 16:15,2248.080000,1,-0.310000,-0.0100,0.710000,2.830000,403.720000
1053,Entry long,2026-04-11 16:00,2248.390000,1,-0.310000,-0.0100,0.710000,2.830000,403.720000
1052,Exit long,2026-04-11 12:15,2243.360000,1,-1.640000,-0.0700,0.210000,2.700000,404.030000
1052,Entry long,2026-04-11 12:00,2245.000000,1,-1.640000,-0.0700,0.210000,2.700000,404.030000
1051,Exit long,2026-04-10 20:15,2252.100000,1,0.300000,0.0100,2.350000,1.950000,405.670000
1051,Entry long,2026-04-10 20:00,2251.800000,1,0.300000,0.0100,2.350000,1.950000,405.670000
1050,Exit long,2026-04-10 12:15,2215.600000,1,0.890000,0.0400,5.670000,0.000000,405.370000
1050,Entry long,2026-04-10 12:00,2214.710000,1,0.890000,0.0400,5.670000,0.000000,405.370000
1049,Exit long,2026-04-09 16:15,2214.470000,1,-2.520000,-0.1100,13.010000,2.790000,404.480000
1049,Entry long,2026-04-09 16:00,2216.990000,1,-2.520000,-0.1100,13.010000,2.790000,404.480000
1048,Exit long,2026-04-08 08:15,2252.650000,1,-0.090000,-0.0000,5.700000,1.930000,407.000000
1048,Entry long,2026-04-08 08:00,2252.740000,1,-0.090000,-0.0000,5.700000,1.930000,407.000000
1047,Exit long,2026-04-08 00:15,2242.580000,1,3.440000,0.1500,11.570000,2.510000,407.090000
1047,Entry long,2026-04-08 00:00,2239.140000,1,3.440000,0.1500,11.570000,2.510000,407.090000
1046,Exit long,2026-04-07 20:15,2118.570000,1,6.050000,0.2900,12.280000,0.580000,403.650000
1046,Entry long,2026-04-07 20:00,2112.520000,1,6.050000,0.2900,12.280000,0.580000,403.650000
1045,Exit long,2026-04-07 04:15,2104.820000,1,-2.380000,-0.1100,0.790000,3.440000,397.600000
1045,Entry long,2026-04-07 04:00,2107.200000,1,-2.380000,-0.1100,0.790000,3.440000,397.600000
1044,Exit long,2026-04-06 16:15,2165.410000,1,1.980000,0.0900,4.050000,4.370000,399.980000
1044,Entry long,2026-04-06 16:00,2163.430000,1,1.980000,0.0900,4.050000,4.370000,399.980000
1043,Exit long,2026-04-06 08:15,2136.130000,1,2.080000,0.1000,3.570000,1.530000,398.000000
1043,Entry long,2026-04-06 08:00,2134.050000,1,2.080000,0.1000,3.570000,1.530000,398.000000
1042,Exit long,2026-04-06 00:15,2118.730000,1,9.370000,0.4400,25.640000,0.000000,395.920000
1042,Entry long,2026-04-06 00:00,2109.360000,1,9.370000,0.4400,25.640000,0.000000,395.920000
1041,Exit long,2026-04-05 16:15,2054.670000,1,1.550000,0.0800,4.640000,0.720000,386.550000
1041,Entry long,2026-04-05 16:00,2053.120000,1,1.550000,0.0800,4.640000,0.720000,386.550000
1040,Exit long,2026-04-04 20:15,2060.650000,1,-3.120000,-0.1500,0.260000,5.140000,385.000000
1040,Entry long,2026-04-04 20:00,2063.770000,1,-3.120000,-0.1500,0.260000,5.140000,385.000000
1039,Exit long,2026-04-04 16:15,2053.000000,1,-2.160000,-0.1100,0.370000,2.650000,388.120000
1039,Entry long,2026-04-04 16:00,2055.160000,1,-2.160000,-0.1100,0.370000,2.650000,388.120000
1038,Exit long,2026-04-04 00:15,2051.650000,1,-1.280000,-0.0600,0.000000,2.460000,390.280000
1038,Entry long,2026-04-04 00:00,2052.930000,1,-1.280000,-0.0600,0.000000,2.460000,390.280000
1037,Exit long,2026-04-03 20:15,2052.620000,1,1.200000,0.0600,1.580000,0.590000,391.560000
1037,Entry long,2026-04-03 20:00,2051.420000,1,1.200000,0.0600,1.580000,0.590000,391.560000
1036,Exit long,2026-04-03 08:15,2066.990000,1,2.010000,0.1000,6.160000,1.340000,390.360000
1036,Entry long,2026-04-03 08:00,2064.980000,1,2.010000,0.1000,6.160000,1.340000,390.360000
1035,Exit long,2026-04-02 20:15,2064.610000,1,0.210000,0.0100,5.330000,4.770000,388.350000
1035,Entry long,2026-04-02 20:00,2064.400000,1,0.210000,0.0100,5.330000,4.770000,388.350000
1034,Exit long,2026-04-02 08:15,2050.200000,1,-4.590000,-0.2200,0.000000,6.540000,388.140000
1034,Entry long,2026-04-02 08:00,2054.790000,1,-4.590000,-0.2200,0.000000,6.540000,388.140000
1033,Exit long,2026-04-01 20:15,2135.510000,1,-4.740000,-0.2200,2.190000,11.050000,392.730000
1033,Entry long,2026-04-01 20:00,2140.250000,1,-4.740000,-0.2200,2.190000,11.050000,392.730000
1032,Exit long,2026-04-01 12:15,2133.430000,1,-0.750000,-0.0400,1.620000,6.020000,397.470000
1032,Entry long,2026-04-01 12:00,2134.180000,1,-0.750000,-0.0400,1.620000,6.020000,397.470000
1031,Exit long,2026-04-01 00:15,2101.470000,1,-3.010000,-0.1400,1.430000,5.290000,398.220000
1031,Entry long,2026-04-01 00:00,2104.480000,1,-3.010000,-0.1400,1.430000,5.290000,398.220000
1030,Exit long,2026-03-31 16:15,2063.260000,1,9.600000,0.4700,12.180000,0.350000,401.230000
1030,Entry long,2026-03-31 16:00,2053.660000,1,9.600000,0.4700,12.180000,0.350000,401.230000
1029,Exit long,2026-03-30 16:15,2067.770000,1,-5.620000,-0.2700,0.610000,7.930000,391.630000
1029,Entry long,2026-03-30 16:00,2073.390000,1,-5.620000,-0.2700,0.610000,7.930000,391.630000
1028,Exit long,2026-03-30 12:15,2071.540000,1,1.140000,0.0600,5.550000,1.740000,397.250000
1028,Entry long,2026-03-30 12:00,2070.400000,1,1.140000,0.0600,5.550000,1.740000,397.250000
1027,Exit long,2026-03-30 08:15,2062.170000,1,3.480000,0.1700,7.680000,1.400000,396.110000
1027,Entry long,2026-03-30 08:00,2058.690000,1,3.480000,0.1700,7.680000,1.400000,396.110000
1026,Exit long,2026-03-30 04:15,2043.420000,1,8.450000,0.4200,12.850000,0.000000,392.630000
1026,Entry long,2026-03-30 04:00,2034.970000,1,8.450000,0.4200,12.850000,0.000000,392.630000
1025,Exit long,2026-03-29 04:15,2011.140000,1,1.000000,0.0500,1.750000,1.710000,384.180000
1025,Entry long,2026-03-29 04:00,2010.140000,1,1.000000,0.0500,1.750000,1.710000,384.180000
1024,Exit long,2026-03-28 16:15,2026.940000,1,1.140000,0.0600,3.090000,2.130000,383.180000
1024,Entry long,2026-03-28 16:00,2025.800000,1,1.140000,0.0600,3.090000,2.130000,383.180000
1023,Exit long,2026-03-28 08:15,2004.710000,1,-1.240000,-0.0600,1.510000,1.550000,382.040000
1023,Entry long,2026-03-28 08:00,2005.950000,1,-1.240000,-0.0600,1.510000,1.550000,382.040000
1022,Exit long,2026-03-28 00:15,1988.700000,1,-2.870000,-0.1400,1.060000,3.180000,383.280000
1022,Entry long,2026-03-28 00:00,1991.570000,1,-2.870000,-0.1400,1.060000,3.180000,383.280000
1021,Exit long,2026-03-27 20:15,1991.950000,1,1.670000,0.0800,5.090000,0.890000,386.150000
1021,Entry long,2026-03-27 20:00,1990.280000,1,1.670000,0.0800,5.090000,0.890000,386.150000
1020,Exit long,2026-03-27 08:15,2062.010000,1,-2.930000,-0.1400,3.660000,4.560000,384.480000
1020,Entry long,2026-03-27 08:00,2064.940000,1,-2.930000,-0.1400,3.660000,4.560000,384.480000
1019,Exit long,2026-03-25 20:15,2165.030000,1,-6.700000,-0.3100,0.370000,7.650000,387.410000
1019,Entry long,2026-03-25 20:00,2171.730000,1,-6.700000,-0.3100,0.370000,7.650000,387.410000
1018,Exit long,2026-03-25 12:15,2189.720000,1,4.710000,0.2200,7.570000,0.000000,394.110000
1018,Entry long,2026-03-25 12:00,2185.010000,1,4.710000,0.2200,7.570000,0.000000,394.110000
1017,Exit long,2026-03-25 08:15,2163.740000,1,0.030000,0.0000,6.140000,0.680000,389.400000
1017,Entry long,2026-03-25 08:00,2163.710000,1,0.030000,0.0000,6.140000,0.680000,389.400000
1016,Exit long,2026-03-25 04:15,2161.680000,1,4.190000,0.1900,5.490000,1.920000,389.370000
1016,Entry long,2026-03-25 04:00,2157.490000,1,4.190000,0.1900,5.490000,1.920000,389.370000
1015,Exit long,2026-03-25 00:15,2159.260000,1,3.960000,0.1800,4.890000,1.500000,385.180000
1015,Entry long,2026-03-25 00:00,2155.300000,1,3.960000,0.1800,4.890000,1.500000,385.180000
1014,Exit long,2026-03-24 12:15,2165.940000,1,1.200000,0.0600,4.630000,4.160000,381.220000
1014,Entry long,2026-03-24 12:00,2164.740000,1,1.200000,0.0600,4.630000,4.160000,381.220000
1013,Exit long,2026-03-24 08:15,2162.640000,1,-1.700000,-0.0800,2.160000,4.530000,380.020000
1013,Entry long,2026-03-24 08:00,2164.340000,1,-1.700000,-0.0800,2.160000,4.530000,380.020000
1012,Exit long,2026-03-23 12:15,2116.010000,1,-17.890000,-0.8400,5.490000,28.510000,381.720000
1012,Entry long,2026-03-23 12:00,2133.900000,1,-17.890000,-0.8400,5.490000,28.510000,381.720000
1011,Exit long,2026-03-22 16:15,2080.620000,1,-1.350000,-0.0600,1.590000,2.790000,399.610000
1011,Entry long,2026-03-22 16:00,2081.970000,1,-1.350000,-0.0600,1.590000,2.790000,399.610000
1010,Exit long,2026-03-22 04:15,2115.450000,1,2.620000,0.1200,8.920000,0.430000,400.960000
1010,Entry long,2026-03-22 04:00,2112.830000,1,2.620000,0.1200,8.920000,0.430000,400.960000
1009,Exit long,2026-03-21 12:15,2157.840000,1,1.300000,0.0600,1.970000,0.000000,398.340000
1009,Entry long,2026-03-21 12:00,2156.540000,1,1.300000,0.0600,1.970000,0.000000,398.340000
1008,Exit long,2026-03-20 04:15,2156.040000,1,5.840000,0.2700,8.330000,1.850000,397.040000
1008,Entry long,2026-03-20 04:00,2150.200000,1,5.840000,0.2700,8.330000,1.850000,397.040000
1007,Exit long,2026-03-19 20:15,2143.220000,1,3.230000,0.1500,4.100000,1.690000,391.200000
1007,Entry long,2026-03-19 20:00,2139.990000,1,3.230000,0.1500,4.100000,1.690000,391.200000
1006,Exit long,2026-03-19 04:15,2200.000000,1,-10.860000,-0.4900,1.140000,14.500000,387.970000
1006,Entry long,2026-03-19 04:00,2210.860000,1,-10.860000,-0.4900,1.140000,14.500000,387.970000
1005,Exit long,2026-03-19 00:15,2200.150000,1,-1.810000,-0.0800,6.190000,9.360000,398.830000
1005,Entry long,2026-03-19 00:00,2201.960000,1,-1.810000,-0.0800,6.190000,9.360000,398.830000
1004,Exit long,2026-03-18 04:15,2337.990000,1,-1.620000,-0.0700,1.390000,2.470000,400.640000
1004,Entry long,2026-03-18 04:00,2339.610000,1,-1.620000,-0.0700,1.390000,2.470000,400.640000
1003,Exit long,2026-03-17 08:15,2321.330000,1,-5.410000,-0.2300,7.990000,12.640000,402.260000
1003,Entry long,2026-03-17 08:00,2326.740000,1,-5.410000,-0.2300,7.990000,12.640000,402.260000
1002,Exit long,2026-03-16 20:15,2325.990000,1,-3.990000,-0.1700,1.850000,7.610000,407.670000
1002,Entry long,2026-03-16 20:00,2329.980000,1,-3.990000,-0.1700,1.850000,7.610000,407.670000
1001,Exit long,2026-03-16 04:15,2243.880000,1,8.740000,0.3900,9.330000,0.010000,411.660000
1001,Entry long,2026-03-16 04:00,2235.140000,1,8.740000,0.3900,9.330000,0.010000,411.660000
1000,Exit long,2026-03-15 20:15,2111.040000,1,-1.280000,-0.0600,0.770000,2.240000,402.920000
1000,Entry long,2026-03-15 20:00,2112.320000,1,-1.280000,-0.0600,0.770000,2.240000,402.920000
999,Exit long,2026-03-15 12:15,2114.930000,1,-3.680000,-0.1700,0.350000,4.330000,404.200000
999,Entry long,2026-03-15 12:00,2118.610000,1,-3.680000,-0.1700,0.350000,4.330000,404.200000
998,Exit long,2026-03-15 00:15,2092.800000,1,-2.480000,-0.1200,0.480000,4.830000,407.880000
998,Entry long,2026-03-15 00:00,2095.280000,1,-2.480000,-0.1200,0.480000,4.830000,407.880000
997,Exit long,2026-03-14 20:15,2076.930000,1,0.680000,0.0300,0.680000,1.460000,410.360000
997,Entry long,2026-03-14 20:00,2076.250000,1,0.680000,0.0300,0.680000,1.460000,410.360000
996,Exit long,2026-03-14 16:15,2072.300000,1,-1.250000,-0.0600,0.140000,5.970000,409.680000
996,Entry long,2026-03-14 16:00,2073.550000,1,-1.250000,-0.0600,0.140000,5.970000,409.680000
995,Exit long,2026-03-14 04:15,2102.840000,1,2.840000,0.1400,3.800000,1.290000,410.930000
995,Entry long,2026-03-14 04:00,2100.000000,1,2.840000,0.1400,3.800000,1.290000,410.930000
994,Exit long,2026-03-13 04:15,2114.220000,1,-3.560000,-0.1700,1.420000,4.360000,408.090000
994,Entry long,2026-03-13 04:00,2117.780000,1,-3.560000,-0.1700,1.420000,4.360000,408.090000
993,Exit long,2026-03-13 00:15,2089.170000,1,16.570000,0.8000,16.930000,3.500000,411.650000
993,Entry long,2026-03-13 00:00,2072.600000,1,16.570000,0.8000,16.930000,3.500000,411.650000
992,Exit long,2026-03-12 16:15,2063.660000,1,-7.730000,-0.3700,5.970000,16.190000,395.080000
992,Entry long,2026-03-12 16:00,2071.390000,1,-7.730000,-0.3700,5.970000,16.190000,395.080000
991,Exit long,2026-03-12 08:15,2038.650000,1,-1.070000,-0.0500,4.940000,2.460000,402.810000
991,Entry long,2026-03-12 08:00,2039.720000,1,-1.070000,-0.0500,4.940000,2.460000,402.810000
990,Exit long,2026-03-10 16:15,2072.250000,1,-6.170000,-0.3000,1.900000,10.310000,403.880000
990,Entry long,2026-03-10 16:00,2078.420000,1,-6.170000,-0.3000,1.900000,10.310000,403.880000
989,Exit long,2026-03-10 08:15,2058.860000,1,8.860000,0.4300,14.770000,0.000000,410.050000
989,Entry long,2026-03-10 08:00,2050.000000,1,8.860000,0.4300,14.770000,0.000000,410.050000
988,Exit long,2026-03-09 20:15,2031.150000,1,-1.510000,-0.0700,3.780000,2.790000,401.190000
988,Entry long,2026-03-09 20:00,2032.660000,1,-1.510000,-0.0700,3.780000,2.790000,401.190000
987,Exit long,2026-03-09 16:15,2022.310000,1,0.860000,0.0400,9.710000,1.660000,402.700000
987,Entry long,2026-03-09 16:00,2021.450000,1,0.860000,0.0400,9.710000,1.660000,402.700000
986,Exit long,2026-03-09 04:15,1974.440000,1,-2.160000,-0.1100,5.210000,2.860000,401.840000
986,Entry long,2026-03-09 04:00,1976.600000,1,-2.160000,-0.1100,5.210000,2.860000,401.840000
985,Exit long,2026-03-08 20:15,1953.300000,1,-9.910000,-0.5000,0.790000,10.150000,404.000000
985,Entry long,2026-03-08 20:00,1963.210000,1,-9.910000,-0.5000,0.790000,10.150000,404.000000
984,Exit long,2026-03-08 08:15,1950.010000,1,-3.960000,-0.2000,1.030000,4.930000,413.910000
984,Entry long,2026-03-08 08:00,1953.970000,1,-3.960000,-0.2000,1.030000,4.930000,413.910000
983,Exit long,2026-03-08 00:15,1972.720000,1,4.330000,0.2200,5.920000,0.000000,417.870000
983,Entry long,2026-03-08 00:00,1968.390000,1,4.330000,0.2200,5.920000,0.000000,417.870000
982,Exit long,2026-03-07 12:15,1986.520000,1,-1.000000,-0.0500,2.330000,2.290000,413.540000
982,Entry long,2026-03-07 12:00,1987.520000,1,-1.000000,-0.0500,2.330000,2.290000,413.540000
981,Exit long,2026-03-07 08:15,1982.300000,1,0.120000,0.0100,0.290000,2.180000,414.540000
981,Entry long,2026-03-07 08:00,1982.180000,1,0.120000,0.0100,0.290000,2.180000,414.540000
980,Exit long,2026-03-06 20:15,1977.830000,1,-4.700000,-0.2400,5.290000,5.920000,414.420000
980,Entry long,2026-03-06 20:00,1982.530000,1,-4.700000,-0.2400,5.290000,5.920000,414.420000
979,Exit long,2026-03-06 04:15,2076.970000,1,-5.910000,-0.2800,2.280000,6.460000,419.120000
979,Entry long,2026-03-06 04:00,2082.880000,1,-5.910000,-0.2800,2.280000,6.460000,419.120000
978,Exit long,2026-03-04 20:15,2167.390000,1,-9.080000,-0.4200,2.220000,15.190000,425.030000
978,Entry long,2026-03-04 20:00,2176.470000,1,-9.080000,-0.4200,2.220000,15.190000,425.030000
977,Exit long,2026-03-04 16:15,2134.720000,1,-14.570000,-0.6800,16.590000,16.430000,434.110000
977,Entry long,2026-03-04 16:00,2149.290000,1,-14.570000,-0.6800,16.590000,16.430000,434.110000
976,Exit long,2026-03-04 08:15,2009.200000,1,3.490000,0.1700,18.430000,2.820000,448.680000
976,Entry long,2026-03-04 08:00,2005.710000,1,3.490000,0.1700,18.430000,2.820000,448.680000
975,Exit long,2026-03-03 16:15,1994.500000,1,26.410000,1.3400,33.130000,4.100000,445.190000
975,Entry long,2026-03-03 16:00,1968.090000,1,26.410000,1.3400,33.130000,4.100000,445.190000
974,Exit long,2026-03-02 16:15,2069.370000,1,22.980000,1.1200,29.890000,4.270000,418.780000
974,Entry long,2026-03-02 16:00,2046.390000,1,22.980000,1.1200,29.890000,4.270000,418.780000
973,Exit long,2026-03-02 04:15,1969.800000,1,-1.560000,-0.0800,3.240000,3.020000,395.800000
973,Entry long,2026-03-02 04:00,1971.360000,1,-1.560000,-0.0800,3.240000,3.020000,395.800000
972,Exit long,2026-02-28 20:15,1955.060000,1,9.280000,0.4800,12.550000,9.090000,397.360000
972,Entry long,2026-02-28 20:00,1945.780000,1,9.280000,0.4800,12.550000,9.090000,397.360000
971,Exit long,2026-02-28 16:15,1898.840000,1,1.070000,0.0600,2.230000,7.270000,388.080000
971,Entry long,2026-02-28 16:00,1897.770000,1,1.070000,0.0600,2.230000,7.270000,388.080000
970,Exit long,2026-02-28 00:15,1935.390000,1,6.880000,0.3600,8.860000,0.990000,387.010000
970,Entry long,2026-02-28 00:00,1928.510000,1,6.880000,0.3600,8.860000,0.990000,387.010000
969,Exit long,2026-02-27 04:15,2051.870000,1,7.390000,0.3600,13.960000,2.440000,380.130000
969,Entry long,2026-02-27 04:00,2044.480000,1,7.390000,0.3600,13.960000,2.440000,380.130000
968,Exit long,2026-02-25 16:15,2018.370000,1,5.520000,0.2700,9.800000,0.710000,372.740000
968,Entry long,2026-02-25 16:00,2012.850000,1,5.520000,0.2700,9.800000,0.710000,372.740000
967,Exit long,2026-02-25 12:15,1927.550000,1,2.280000,0.1200,3.980000,4.040000,367.220000
967,Entry long,2026-02-25 12:00,1925.270000,1,2.280000,0.1200,3.980000,4.040000,367.220000
966,Exit long,2026-02-24 16:15,1855.650000,1,9.290000,0.5000,16.270000,0.820000,364.940000
966,Entry long,2026-02-24 16:00,1846.360000,1,9.290000,0.5000,16.270000,0.820000,364.940000
965,Exit long,2026-02-24 12:15,1826.470000,1,0.720000,0.0400,3.970000,4.510000,355.650000
965,Entry long,2026-02-24 12:00,1825.750000,1,0.720000,0.0400,3.970000,4.510000,355.650000
964,Exit long,2026-02-23 12:15,1915.060000,1,0.660000,0.0300,1.460000,2.650000,354.930000
964,Entry long,2026-02-23 12:00,1914.400000,1,0.660000,0.0300,1.460000,2.650000,354.930000
963,Exit long,2026-02-23 08:15,1887.000000,1,2.870000,0.1500,3.080000,2.730000,354.270000
963,Entry long,2026-02-23 08:00,1884.130000,1,2.870000,0.1500,3.080000,2.730000,354.270000
962,Exit long,2026-02-22 12:15,1972.910000,1,-6.940000,-0.3500,0.750000,8.750000,351.400000
962,Entry long,2026-02-22 12:00,1979.850000,1,-6.940000,-0.3500,0.750000,8.750000,351.400000
961,Exit long,2026-02-22 04:15,1974.010000,1,0.250000,0.0100,1.610000,0.380000,358.340000
961,Entry long,2026-02-22 04:00,1973.760000,1,0.250000,0.0100,1.610000,0.380000,358.340000
960,Exit long,2026-02-21 16:15,1980.790000,1,-6.250000,-0.3100,1.330000,10.040000,358.090000
960,Entry long,2026-02-21 16:00,1987.040000,1,-6.250000,-0.3100,1.330000,10.040000,358.090000
959,Exit long,2026-02-21 12:15,1973.590000,1,-2.650000,-0.1300,1.010000,3.170000,364.340000
959,Entry long,2026-02-21 12:00,1976.240000,1,-2.650000,-0.1300,1.010000,3.170000,364.340000
958,Exit long,2026-02-21 08:15,1963.880000,1,1.880000,0.1000,2.500000,0.740000,366.990000
958,Entry long,2026-02-21 08:00,1962.000000,1,1.880000,0.1000,2.500000,0.740000,366.990000
957,Exit long,2026-02-20 16:15,1962.550000,1,-0.500000,-0.0300,5.650000,3.740000,365.110000
957,Entry long,2026-02-20 16:00,1963.050000,1,-0.500000,-0.0300,5.650000,3.740000,365.110000
956,Exit long,2026-02-20 08:15,1960.870000,1,1.220000,0.0600,2.810000,1.880000,365.610000
956,Entry long,2026-02-20 08:00,1959.650000,1,1.220000,0.0600,2.810000,1.880000,365.610000
955,Exit long,2026-02-20 04:15,1946.940000,1,-7.120000,-0.3600,1.200000,11.060000,364.390000
955,Entry long,2026-02-20 04:00,1954.060000,1,-7.120000,-0.3600,1.200000,11.060000,364.390000
954,Exit long,2026-02-20 00:15,1953.860000,1,5.710000,0.2900,6.510000,1.900000,371.510000
954,Entry long,2026-02-20 00:00,1948.150000,1,5.710000,0.2900,6.510000,1.900000,371.510000
953,Exit long,2026-02-19 20:15,1939.250000,1,-0.880000,-0.0500,4.970000,3.010000,365.800000
953,Entry long,2026-02-19 20:00,1940.130000,1,-0.880000,-0.0500,4.970000,3.010000,365.800000
952,Exit long,2026-02-19 04:15,1975.140000,1,3.940000,0.2000,8.210000,1.430000,366.680000
952,Entry long,2026-02-19 04:00,1971.200000,1,3.940000,0.2000,8.210000,1.430000,366.680000
951,Exit long,2026-02-19 00:15,1953.230000,1,-1.540000,-0.0800,3.030000,2.950000,362.740000
951,Entry long,2026-02-19 00:00,1954.770000,1,-1.540000,-0.0800,3.030000,2.950000,362.740000
950,Exit long,2026-02-18 16:15,1967.480000,1,-17.080000,-0.8600,0.310000,20.560000,364.280000
950,Entry long,2026-02-18 16:00,1984.560000,1,-17.080000,-0.8600,0.310000,20.560000,364.280000
949,Exit long,2026-02-18 08:15,2017.830000,1,0.630000,0.0300,4.600000,1.100000,381.360000
949,Entry long,2026-02-18 08:00,2017.200000,1,0.630000,0.0300,4.600000,1.100000,381.360000
948,Exit long,2026-02-18 04:15,1996.440000,1,0.590000,0.0300,5.840000,2.750000,380.730000
948,Entry long,2026-02-18 04:00,1995.850000,1,0.590000,0.0300,5.840000,2.750000,380.730000
947,Exit long,2026-02-17 16:15,1986.340000,1,18.700000,0.9500,27.360000,0.900000,380.140000
947,Entry long,2026-02-17 16:00,1967.640000,1,18.700000,0.9500,27.360000,0.900000,380.140000
946,Exit long,2026-02-17 00:15,1998.110000,1,0.750000,0.0400,1.320000,4.090000,361.440000
946,Entry long,2026-02-17 00:00,1997.360000,1,0.750000,0.0400,1.320000,4.090000,361.440000
945,Exit long,2026-02-16 20:15,1973.630000,1,0.260000,0.0100,2.260000,3.270000,360.690000
945,Entry long,2026-02-16 20:00,1973.370000,1,0.260000,0.0100,2.260000,3.270000,360.690000
944,Exit long,2026-02-16 08:15,1968.860000,1,-1.260000,-0.0600,4.270000,1.420000,360.430000
944,Entry long,2026-02-16 08:00,1970.120000,1,-1.260000,-0.0600,4.270000,1.420000,360.430000
943,Exit long,2026-02-15 08:15,2084.010000,1,-6.570000,-0.3100,5.420000,7.510000,361.690000
943,Entry long,2026-02-15 08:00,2090.580000,1,-6.570000,-0.3100,5.420000,7.510000,361.690000
942,Exit long,2026-02-14 20:15,2083.950000,1,-3.360000,-0.1600,4.680000,4.300000,368.260000
942,Entry long,2026-02-14 20:00,2087.310000,1,-3.360000,-0.1600,4.680000,4.300000,368.260000
941,Exit long,2026-02-14 12:15,2096.940000,1,-1.280000,-0.0600,1.010000,5.090000,371.620000
941,Entry long,2026-02-14 12:00,2098.220000,1,-1.280000,-0.0600,1.010000,5.090000,371.620000
940,Exit long,2026-02-14 08:15,2071.400000,1,15.310000,0.7400,35.730000,0.190000,372.900000
940,Entry long,2026-02-14 08:00,2056.090000,1,15.310000,0.7400,35.730000,0.190000,372.900000
939,Exit long,2026-02-14 04:15,2052.270000,1,-1.130000,-0.0600,0.500000,1.880000,357.590000
939,Entry long,2026-02-14 04:00,2053.400000,1,-1.130000,-0.0600,0.500000,1.880000,357.590000
938,Exit long,2026-02-13 20:15,2051.440000,1,-5.380000,-0.2600,1.970000,5.820000,358.720000
938,Entry long,2026-02-13 20:00,2056.820000,1,-5.380000,-0.2600,1.970000,5.820000,358.720000
937,Exit long,2026-02-13 16:15,2050.160000,1,16.380000,0.8100,28.490000,3.650000,364.100000
937,Entry long,2026-02-13 16:00,2033.780000,1,16.380000,0.8100,28.490000,3.650000,364.100000
936,Exit long,2026-02-13 12:15,1954.630000,1,-4.630000,-0.2400,0.620000,7.670000,347.720000
936,Entry long,2026-02-13 12:00,1959.260000,1,-4.630000,-0.2400,0.620000,7.670000,347.720000
935,Exit long,2026-02-13 04:15,1950.840000,1,-1.650000,-0.0800,1.430000,3.990000,352.350000
935,Entry long,2026-02-13 04:00,1952.490000,1,-1.650000,-0.0800,1.430000,3.990000,352.350000
934,Exit long,2026-02-13 00:15,1946.340000,1,-0.810000,-0.0400,6.850000,4.780000,354.000000
934,Entry long,2026-02-13 00:00,1947.150000,1,-0.810000,-0.0400,6.850000,4.780000,354.000000
933,Exit long,2026-02-12 04:15,1972.390000,1,4.650000,0.2400,6.910000,2.740000,354.810000
933,Entry long,2026-02-12 04:00,1967.740000,1,4.650000,0.2400,6.910000,2.740000,354.810000
932,Exit long,2026-02-11 20:15,1955.840000,1,4.580000,0.2300,6.290000,7.570000,350.160000
932,Entry long,2026-02-11 20:00,1951.260000,1,4.580000,0.2300,6.290000,7.570000,350.160000
931,Exit long,2026-02-11 12:15,1957.240000,1,4.920000,0.2500,14.410000,1.990000,345.580000
931,Entry long,2026-02-11 12:00,1952.320000,1,4.920000,0.2500,14.410000,1.990000,345.580000
930,Exit long,2026-02-11 00:15,2019.010000,1,-2.500000,-0.1200,3.210000,3.510000,340.660000
930,Entry long,2026-02-11 00:00,2021.510000,1,-2.500000,-0.1200,3.210000,3.510000,340.660000
929,Exit long,2026-02-10 16:15,2033.530000,1,12.210000,0.6000,16.110000,10.760000,343.160000
929,Entry long,2026-02-10 16:00,2021.320000,1,12.210000,0.6000,16.110000,10.760000,343.160000
928,Exit long,2026-02-09 20:15,2139.510000,1,8.960000,0.4200,17.450000,8.810000,330.950000
928,Entry long,2026-02-09 20:00,2130.550000,1,8.960000,0.4200,17.450000,8.810000,330.950000
927,Exit long,2026-02-09 16:15,2049.890000,1,-10.390000,-0.5000,4.490000,13.870000,321.990000
927,Entry long,2026-02-09 16:00,2060.280000,1,-10.390000,-0.5000,4.490000,13.870000,321.990000
926,Exit long,2026-02-09 04:15,2089.760000,1,-9.250000,-0.4400,1.870000,10.010000,332.380000
926,Entry long,2026-02-09 04:00,2099.010000,1,-9.250000,-0.4400,1.870000,10.010000,332.380000
925,Exit long,2026-02-08 20:15,2116.300000,1,-9.480000,-0.4500,0.460000,12.780000,341.630000
925,Entry long,2026-02-08 20:00,2125.780000,1,-9.480000,-0.4500,0.460000,12.780000,341.630000
924,Exit long,2026-02-08 12:15,2126.020000,1,-4.960000,-0.2300,1.820000,6.660000,351.110000
924,Entry long,2026-02-08 12:00,2130.980000,1,-4.960000,-0.2300,1.820000,6.660000,351.110000
923,Exit long,2026-02-08 08:15,2079.900000,1,-3.590000,-0.1700,4.370000,5.950000,356.070000
923,Entry long,2026-02-08 08:00,2083.490000,1,-3.590000,-0.1700,4.370000,5.950000,356.070000
922,Exit long,2026-02-07 16:15,2055.420000,1,3.930000,0.1900,73.510000,42.490000,359.660000
922,Entry long,2026-02-07 16:00,2051.490000,1,3.930000,0.1900,73.510000,42.490000,359.660000
921,Exit long,2026-02-07 04:15,2103.710000,1,24.100000,1.1600,28.190000,1.860000,355.730000
921,Entry long,2026-02-07 04:00,2079.610000,1,24.100000,1.1600,28.190000,1.860000,355.730000
920,Exit long,2026-02-06 20:15,2052.020000,1,-13.120000,-0.6400,2.580000,16.720000,331.630000
920,Entry long,2026-02-06 20:00,2065.140000,1,-13.120000,-0.6400,2.580000,16.720000,331.630000
919,Exit long,2026-02-06 16:15,1997.130000,1,17.640000,0.8900,26.370000,9.500000,344.750000
919,Entry long,2026-02-06 16:00,1979.490000,1,17.640000,0.8900,26.370000,9.500000,344.750000
918,Exit long,2026-02-06 12:15,1925.200000,1,-6.550000,-0.3400,0.000000,12.670000,327.110000
918,Entry long,2026-02-06 12:00,1931.750000,1,-6.550000,-0.3400,0.000000,12.670000,327.110000
917,Exit long,2026-02-04 20:15,2166.020000,1,-21.740000,-0.9900,4.540000,25.370000,333.660000
917,Entry long,2026-02-04 20:00,2187.760000,1,-21.740000,-0.9900,4.540000,25.370000,333.660000
916,Exit long,2026-02-04 08:15,2279.400000,1,-3.530000,-0.1500,2.070000,9.850000,355.400000
916,Entry long,2026-02-04 08:00,2282.930000,1,-3.530000,-0.1500,2.070000,9.850000,355.400000
915,Exit long,2026-02-04 04:15,2284.260000,1,2.040000,0.0900,6.850000,4.620000,358.930000
915,Entry long,2026-02-04 04:00,2282.220000,1,2.040000,0.0900,6.850000,4.620000,358.930000
914,Exit long,2026-02-03 16:15,2276.660000,1,-25.500000,-1.1100,0.540000,29.160000,356.890000
914,Entry long,2026-02-03 16:00,2302.160000,1,-25.500000,-1.1100,0.540000,29.160000,356.890000
913,Exit long,2026-02-02 16:15,2373.810000,1,2.940000,0.1200,9.130000,10.080000,382.390000
913,Entry long,2026-02-02 16:00,2370.870000,1,2.940000,0.1200,9.130000,10.080000,382.390000
912,Exit long,2026-02-02 12:15,2297.350000,1,16.150000,0.7100,18.280000,0.420000,379.450000
912,Entry long,2026-02-02 12:00,2281.200000,1,16.150000,0.7100,18.280000,0.420000,379.450000
911,Exit long,2026-02-01 12:15,2405.510000,1,-5.140000,-0.2100,0.660000,6.690000,363.300000
911,Entry long,2026-02-01 12:00,2410.650000,1,-5.140000,-0.2100,0.660000,6.690000,363.300000
910,Exit long,2026-02-01 00:15,2463.570000,1,13.190000,0.5400,15.850000,6.120000,368.440000
910,Entry long,2026-02-01 00:00,2450.380000,1,13.190000,0.5400,15.850000,6.120000,368.440000
909,Exit long,2026-01-30 20:15,2718.400000,1,-22.960000,-0.8400,0.530000,32.290000,355.250000
909,Entry long,2026-01-30 20:00,2741.360000,1,-22.960000,-0.8400,0.530000,32.290000,355.250000
908,Exit long,2026-01-30 12:15,2750.500000,1,-7.990000,-0.2900,7.010000,8.480000,378.210000
908,Entry long,2026-01-30 12:00,2758.490000,1,-7.990000,-0.2900,7.010000,8.480000,378.210000
907,Exit long,2026-01-30 00:15,2819.000000,1,-2.000000,-0.0700,6.270000,2.120000,386.200000
907,Entry long,2026-01-30 00:00,2821.000000,1,-2.000000,-0.0700,6.270000,2.120000,386.200000
906,Exit long,2026-01-29 08:15,2946.510000,1,-13.600000,-0.4600,0.040000,16.210000,388.200000
906,Entry long,2026-01-29 08:00,2960.110000,1,-13.600000,-0.4600,0.040000,16.210000,388.200000
905,Exit long,2026-01-28 20:15,3020.860000,1,5.600000,0.1900,10.530000,3.540000,401.800000
905,Entry long,2026-01-28 20:00,3015.260000,1,5.600000,0.1900,10.530000,3.540000,401.800000
904,Exit long,2026-01-28 12:15,3026.010000,1,-12.390000,-0.4100,0.860000,15.860000,396.200000
904,Entry long,2026-01-28 12:00,3038.400000,1,-12.390000,-0.4100,0.860000,15.860000,396.200000
903,Exit long,2026-01-28 00:15,3022.920000,1,-2.000000,-0.0700,2.970000,7.080000,408.590000
903,Entry long,2026-01-28 00:00,3024.920000,1,-2.000000,-0.0700,2.970000,7.080000,408.590000
902,Exit long,2026-01-27 20:15,2993.370000,1,13.910000,0.4700,15.430000,1.810000,410.590000
902,Entry long,2026-01-27 20:00,2979.460000,1,13.910000,0.4700,15.430000,1.810000,410.590000
901,Exit long,2026-01-27 16:15,2972.990000,1,36.830000,1.2500,46.840000,2.600000,396.680000
901,Entry long,2026-01-27 16:00,2936.160000,1,36.830000,1.2500,46.840000,2.600000,396.680000
900,Exit long,2026-01-27 00:15,2921.240000,1,-7.650000,-0.2600,0.980000,8.310000,359.850000
900,Entry long,2026-01-27 00:00,2928.890000,1,-7.650000,-0.2600,0.980000,8.310000,359.850000
899,Exit long,2026-01-26 08:15,2898.050000,1,-4.950000,-0.1700,5.570000,5.310000,367.500000
899,Entry long,2026-01-26 08:00,2903.000000,1,-4.950000,-0.1700,5.570000,5.310000,367.500000
898,Exit long,2026-01-26 00:15,2831.880000,1,16.390000,0.5800,21.090000,4.770000,372.450000
898,Entry long,2026-01-26 00:00,2815.490000,1,16.390000,0.5800,21.090000,4.770000,372.450000
897,Exit long,2026-01-24 04:15,2963.490000,1,2.380000,0.0800,2.880000,0.250000,356.060000
897,Entry long,2026-01-24 04:00,2961.110000,1,2.380000,0.0800,2.880000,0.250000,356.060000
896,Exit long,2026-01-23 16:15,2954.460000,1,3.380000,0.1100,11.820000,3.470000,353.680000
896,Entry long,2026-01-23 16:00,2951.080000,1,3.380000,0.1100,11.820000,3.470000,353.680000
895,Exit long,2026-01-23 04:15,2976.240000,1,13.060000,0.4400,14.820000,1.610000,350.300000
895,Entry long,2026-01-23 04:00,2963.180000,1,13.060000,0.4400,14.820000,1.610000,350.300000
894,Exit long,2026-01-22 20:15,2954.030000,1,1.470000,0.0500,3.430000,8.550000,337.240000
894,Entry long,2026-01-22 20:00,2952.560000,1,1.470000,0.0500,3.430000,8.550000,337.240000
893,Exit long,2026-01-21 20:15,3027.370000,1,-26.710000,-0.8700,2.330000,35.440000,335.770000
893,Entry long,2026-01-21 20:00,3054.080000,1,-26.710000,-0.8700,2.330000,35.440000,335.770000
892,Exit long,2026-01-21 16:15,2980.900000,1,-20.330000,-0.6800,2.690000,21.070000,362.480000
892,Entry long,2026-01-21 16:00,3001.230000,1,-20.330000,-0.6800,2.690000,21.070000,362.480000
891,Exit long,2026-01-21 04:15,2975.010000,1,-5.250000,-0.1800,4.190000,6.070000,382.810000
891,Entry long,2026-01-21 04:00,2980.260000,1,-5.250000,-0.1800,4.190000,6.070000,382.810000
890,Exit long,2026-01-19 20:15,3219.170000,1,0.830000,0.0300,5.660000,0.120000,388.060000
890,Entry long,2026-01-19 20:00,3218.340000,1,0.830000,0.0300,5.660000,0.120000,388.060000
889,Exit long,2026-01-19 12:15,3221.150000,1,-1.030000,-0.0300,3.200000,4.510000,387.230000
889,Entry long,2026-01-19 12:00,3222.180000,1,-1.030000,-0.0300,3.200000,4.510000,387.230000
888,Exit long,2026-01-18 16:15,3332.670000,1,0.360000,0.0100,4.010000,4.170000,388.260000
888,Entry long,2026-01-18 16:00,3332.310000,1,0.360000,0.0100,4.010000,4.170000,388.260000
887,Exit long,2026-01-18 04:15,3314.310000,1,-0.210000,-0.0100,2.010000,2.760000,387.900000
887,Entry long,2026-01-18 04:00,3314.520000,1,-0.210000,-0.0100,2.010000,2.760000,387.900000
886,Exit long,2026-01-17 16:15,3326.730000,1,-1.400000,-0.0400,0.230000,7.130000,388.110000
886,Entry long,2026-01-17 16:00,3328.130000,1,-1.400000,-0.0400,0.230000,7.130000,388.110000
885,Exit long,2026-01-17 12:15,3303.420000,1,2.030000,0.0600,2.040000,1.670000,389.510000
885,Entry long,2026-01-17 12:00,3301.390000,1,2.030000,0.0600,2.040000,1.670000,389.510000
884,Exit long,2026-01-17 08:15,3292.000000,1,1.920000,0.0600,2.920000,2.080000,387.480000
884,Entry long,2026-01-17 08:00,3290.080000,1,1.920000,0.0600,2.920000,2.080000,387.480000
883,Exit long,2026-01-17 00:15,3292.350000,1,-2.420000,-0.0700,1.250000,4.690000,385.560000
883,Entry long,2026-01-17 00:00,3294.770000,1,-2.420000,-0.0700,1.250000,4.690000,385.560000
882,Exit long,2026-01-16 00:15,3316.170000,1,-0.830000,-0.0300,5.890000,1.520000,387.980000
882,Entry long,2026-01-16 00:00,3317.000000,1,-0.830000,-0.0300,5.890000,1.520000,387.980000
881,Exit long,2026-01-15 08:15,3323.440000,1,-5.200000,-0.1600,2.050000,7.010000,388.810000
881,Entry long,2026-01-15 08:00,3328.640000,1,-5.200000,-0.1600,2.050000,7.010000,388.810000
880,Exit long,2026-01-14 20:15,3380.010000,1,13.530000,0.4000,25.520000,5.850000,394.010000
880,Entry long,2026-01-14 20:00,3366.480000,1,13.530000,0.4000,25.520000,5.850000,394.010000
879,Exit long,2026-01-14 04:15,3341.460000,1,-9.570000,-0.2900,14.630000,11.030000,380.480000
879,Entry long,2026-01-14 04:00,3351.030000,1,-9.570000,-0.2900,14.630000,11.030000,380.480000
878,Exit long,2026-01-13 20:15,3211.900000,1,-2.560000,-0.0800,3.540000,7.420000,390.050000
878,Entry long,2026-01-13 20:00,3214.460000,1,-2.560000,-0.0800,3.540000,7.420000,390.050000
877,Exit long,2026-01-13 16:15,3176.320000,1,-6.790000,-0.2100,13.280000,6.800000,392.610000
877,Entry long,2026-01-13 16:00,3183.110000,1,-6.790000,-0.2100,13.280000,6.800000,392.610000
876,Exit long,2026-01-13 04:15,3119.660000,1,4.680000,0.1500,5.390000,0.500000,399.400000
876,Entry long,2026-01-13 04:00,3114.980000,1,4.680000,0.1500,5.390000,0.500000,399.400000
875,Exit long,2026-01-12 16:15,3130.840000,1,2.180000,0.0700,6.140000,5.210000,394.720000
875,Entry long,2026-01-12 16:00,3128.660000,1,2.180000,0.0700,6.140000,5.210000,394.720000
874,Exit long,2026-01-11 04:15,3094.790000,1,-0.700000,-0.0200,2.050000,1.490000,392.540000
874,Entry long,2026-01-11 04:00,3095.490000,1,-0.700000,-0.0200,2.050000,1.490000,392.540000
873,Exit long,2026-01-10 08:15,3089.570000,1,-1.920000,-0.0600,0.430000,2.930000,393.240000
873,Entry long,2026-01-10 08:00,3091.490000,1,-1.920000,-0.0600,0.430000,2.930000,393.240000
872,Exit long,2026-01-10 00:15,3083.790000,1,-3.370000,-0.1100,1.830000,3.380000,395.160000
872,Entry long,2026-01-10 00:00,3087.160000,1,-3.370000,-0.1100,1.830000,3.380000,395.160000
871,Exit long,2026-01-09 16:15,3141.930000,1,30.540000,0.9800,30.610000,1.390000,398.530000
871,Entry long,2026-01-09 16:00,3111.390000,1,30.540000,0.9800,30.610000,1.390000,398.530000
870,Exit long,2026-01-09 04:15,3115.260000,1,-3.120000,-0.1000,2.920000,4.370000,367.990000
870,Entry long,2026-01-09 04:00,3118.380000,1,-3.120000,-0.1000,2.920000,4.370000,367.990000
869,Exit long,2026-01-08 00:15,3161.230000,1,-6.300000,-0.2000,6.470000,6.940000,371.110000
869,Entry long,2026-01-08 00:00,3167.530000,1,-6.300000,-0.2000,6.470000,6.940000,371.110000
868,Exit long,2026-01-07 00:15,3286.090000,1,-9.370000,-0.2800,0.330000,11.270000,377.410000
868,Entry long,2026-01-07 00:00,3295.460000,1,-9.370000,-0.2800,0.330000,11.270000,377.410000
867,Exit long,2026-01-06 12:15,3239.480000,1,3.120000,0.1000,8.140000,1.800000,386.780000
867,Entry long,2026-01-06 12:00,3236.360000,1,3.120000,0.1000,8.140000,1.800000,386.780000
866,Exit long,2026-01-06 04:15,3230.210000,1,6.330000,0.2000,7.880000,1.880000,383.660000
866,Entry long,2026-01-06 04:00,3223.880000,1,6.330000,0.2000,7.880000,1.880000,383.660000
865,Exit long,2026-01-05 16:15,3188.440000,1,-6.040000,-0.1900,7.210000,10.330000,377.330000
865,Entry long,2026-01-05 16:00,3194.480000,1,-6.040000,-0.1900,7.210000,10.330000,377.330000
864,Exit long,2026-01-05 12:15,3179.200000,1,0.320000,0.0100,2.400000,3.880000,383.370000
864,Entry long,2026-01-05 12:00,3178.880000,1,0.320000,0.0100,2.400000,3.880000,383.370000
863,Exit long,2026-01-05 00:15,3153.000000,1,9.670000,0.3100,19.600000,0.840000,383.050000
863,Entry long,2026-01-05 00:00,3143.330000,1,9.670000,0.3100,19.600000,0.840000,383.050000
862,Exit long,2026-01-04 04:15,3145.870000,1,0.140000,0.0000,2.730000,2.660000,373.380000
862,Entry long,2026-01-04 04:00,3145.730000,1,0.140000,0.0000,2.730000,2.660000,373.380000
861,Exit long,2026-01-04 00:15,3146.520000,1,21.060000,0.6700,34.540000,0.700000,373.240000
861,Entry long,2026-01-04 00:00,3125.460000,1,21.060000,0.6700,34.540000,0.700000,373.240000
860,Exit long,2026-01-03 12:15,3093.450000,1,-3.550000,-0.1100,0.460000,4.810000,352.180000
860,Entry long,2026-01-03 12:00,3097.000000,1,-3.550000,-0.1100,0.460000,4.810000,352.180000
859,Exit long,2026-01-02 20:15,3128.350000,1,5.890000,0.1900,6.200000,5.080000,355.730000
859,Entry long,2026-01-02 20:00,3122.460000,1,5.890000,0.1900,6.200000,5.080000,355.730000
858,Exit long,2026-01-02 16:15,3096.790000,1,11.700000,0.3800,11.710000,7.190000,349.840000
858,Entry long,2026-01-02 16:00,3085.090000,1,11.700000,0.3800,11.710000,7.190000,349.840000
857,Exit long,2026-01-02 04:15,3018.010000,1,-3.030000,-0.1000,2.120000,4.480000,338.140000
857,Entry long,2026-01-02 04:00,3021.040000,1,-3.030000,-0.1000,2.120000,4.480000,338.140000
856,Exit long,2026-01-02 00:15,2998.330000,1,-4.170000,-0.1400,2.190000,8.920000,341.170000
856,Entry long,2026-01-02 00:00,3002.500000,1,-4.170000,-0.1400,2.190000,8.920000,341.170000
855,Exit long,2026-01-01 20:15,2991.270000,1,-2.810000,-0.0900,1.590000,2.810000,345.340000
855,Entry long,2026-01-01 20:00,2994.080000,1,-2.810000,-0.0900,1.590000,2.810000,345.340000
854,Exit long,2026-01-01 16:15,2983.330000,1,-5.120000,-0.1700,1.450000,5.120000,348.150000
854,Entry long,2026-01-01 16:00,2988.450000,1,-5.120000,-0.1700,1.450000,5.120000,348.150000
853,Exit long,2026-01-01 12:15,2986.800000,1,-1.200000,-0.0400,0.950000,2.390000,353.270000
853,Entry long,2026-01-01 12:00,2988.000000,1,-1.200000,-0.0400,0.950000,2.390000,353.270000
852,Exit long,2025-12-31 12:15,2995.320000,1,-5.160000,-0.1700,0.380000,6.210000,354.470000
852,Entry long,2025-12-31 12:00,3000.480000,1,-5.160000,-0.1700,0.380000,6.210000,354.470000
851,Exit long,2025-12-31 08:15,2976.820000,1,1.300000,0.0400,3.060000,0.980000,359.630000
851,Entry long,2025-12-31 08:00,2975.520000,1,1.300000,0.0400,3.060000,0.980000,359.630000
850,Exit long,2025-12-31 00:15,2965.080000,1,-7.150000,-0.2400,0.000000,8.230000,358.330000
850,Entry long,2025-12-31 00:00,2972.230000,1,-7.150000,-0.2400,0.000000,8.230000,358.330000
849,Exit long,2025-12-30 12:15,2982.520000,1,4.670000,0.1600,5.450000,0.750000,365.480000
849,Entry long,2025-12-30 12:00,2977.850000,1,4.670000,0.1600,5.450000,0.750000,365.480000
848,Exit long,2025-12-30 04:15,2947.000000,1,-3.610000,-0.1200,2.790000,5.900000,360.810000
848,Entry long,2025-12-30 04:00,2950.610000,1,-3.610000,-0.1200,2.790000,5.900000,360.810000
847,Exit long,2025-12-29 04:15,3045.060000,1,2.760000,0.0900,4.300000,3.470000,364.420000
847,Entry long,2025-12-29 04:00,3042.300000,1,2.760000,0.0900,4.300000,3.470000,364.420000
846,Exit long,2025-12-29 00:15,2947.140000,1,-2.460000,-0.0800,1.080000,4.740000,361.660000
846,Entry long,2025-12-29 00:00,2949.600000,1,-2.460000,-0.0800,1.080000,4.740000,361.660000
845,Exit long,2025-12-28 16:15,2949.150000,1,1.150000,0.0400,2.360000,1.900000,364.120000
845,Entry long,2025-12-28 16:00,2948.000000,1,1.150000,0.0400,2.360000,1.900000,364.120000
844,Exit long,2025-12-28 12:15,2940.350000,1,-2.640000,-0.0900,1.320000,4.490000,362.970000
844,Entry long,2025-12-28 12:00,2942.990000,1,-2.640000,-0.0900,1.320000,4.490000,362.970000
843,Exit long,2025-12-28 00:15,2945.950000,1,-1.660000,-0.0600,3.020000,2.380000,365.610000
843,Entry long,2025-12-28 00:00,2947.610000,1,-1.660000,-0.0600,3.020000,2.380000,365.610000
842,Exit long,2025-12-27 20:15,2931.190000,1,1.590000,0.0500,4.310000,0.520000,367.270000
842,Entry long,2025-12-27 20:00,2929.600000,1,1.590000,0.0500,4.310000,0.520000,367.270000
841,Exit long,2025-12-27 04:15,2929.980000,1,-2.000000,-0.0700,0.490000,4.170000,365.680000
841,Entry long,2025-12-27 04:00,2931.980000,1,-2.000000,-0.0700,0.490000,4.170000,365.680000
840,Exit long,2025-12-26 20:15,2924.570000,1,0.070000,0.0000,2.690000,3.500000,367.680000
840,Entry long,2025-12-26 20:00,2924.500000,1,0.070000,0.0000,2.690000,3.500000,367.680000
839,Exit long,2025-12-25 16:15,2959.110000,1,-0.560000,-0.0200,2.640000,6.430000,367.610000
839,Entry long,2025-12-25 16:00,2959.670000,1,-0.560000,-0.0200,2.640000,6.430000,367.610000
838,Exit long,2025-12-24 20:15,2946.750000,1,1.970000,0.0700,6.850000,1.070000,368.170000
838,Entry long,2025-12-24 20:00,2944.780000,1,1.970000,0.0700,6.850000,1.070000,368.170000
837,Exit long,2025-12-24 16:15,2930.590000,1,6.390000,0.2200,10.680000,1.040000,366.200000
837,Entry long,2025-12-24 16:00,2924.200000,1,6.390000,0.2200,10.680000,1.040000,366.200000
836,Exit long,2025-12-24 00:15,2960.000000,1,-3.290000,-0.1100,4.590000,5.320000,359.810000
836,Entry long,2025-12-24 00:00,2963.290000,1,-3.290000,-0.1100,4.590000,5.320000,359.810000
835,Exit long,2025-12-23 12:15,2966.050000,1,-6.010000,-0.2000,0.940000,6.590000,363.100000
835,Entry long,2025-12-23 12:00,2972.060000,1,-6.010000,-0.2000,0.940000,6.590000,363.100000
834,Exit long,2025-12-22 12:15,3048.910000,1,1.300000,0.0400,3.970000,5.850000,369.110000
834,Entry long,2025-12-22 12:00,3047.610000,1,1.300000,0.0400,3.970000,5.850000,369.110000
833,Exit long,2025-12-22 08:15,3030.000000,1,1.620000,0.0500,5.720000,1.170000,367.810000
833,Entry long,2025-12-22 08:00,3028.380000,1,1.620000,0.0500,5.720000,1.170000,367.810000
832,Exit long,2025-12-22 04:15,3020.520000,1,0.340000,0.0100,4.730000,1.780000,366.190000
832,Entry long,2025-12-22 04:00,3020.180000,1,0.340000,0.0100,4.730000,1.780000,366.190000
831,Exit long,2025-12-22 00:15,3044.930000,1,44.320000,1.4800,45.190000,0.160000,365.850000
831,Entry long,2025-12-22 00:00,3000.610000,1,44.320000,1.4800,45.190000,0.160000,365.850000
830,Exit long,2025-12-21 20:15,2989.510000,1,0.030000,0.0000,3.490000,0.490000,321.530000
830,Entry long,2025-12-21 20:00,2989.480000,1,0.030000,0.0000,3.490000,0.490000,321.530000
829,Exit long,2025-12-21 08:15,2978.110000,1,-1.720000,-0.0600,1.380000,3.560000,321.500000
829,Entry long,2025-12-21 08:00,2979.830000,1,-1.720000,-0.0600,1.380000,3.560000,321.500000
828,Exit long,2025-12-20 12:15,2989.670000,1,3.680000,0.1200,6.980000,0.820000,323.220000
828,Entry long,2025-12-20 12:00,2985.990000,1,3.680000,0.1200,6.980000,0.820000,323.220000
827,Exit long,2025-12-20 04:15,2980.400000,1,-7.580000,-0.2500,1.540000,8.230000,319.540000
827,Entry long,2025-12-20 04:00,2987.980000,1,-7.580000,-0.2500,1.540000,8.230000,319.540000
826,Exit long,2025-12-19 20:15,2981.290000,1,-2.330000,-0.0800,4.710000,8.150000,327.120000
826,Entry long,2025-12-19 20:00,2983.620000,1,-2.330000,-0.0800,4.710000,8.150000,327.120000
825,Exit long,2025-12-19 12:15,2964.290000,1,0.290000,0.0100,2.870000,19.000000,329.450000
825,Entry long,2025-12-19 12:00,2964.000000,1,0.290000,0.0100,2.870000,19.000000,329.450000
824,Exit long,2025-12-19 08:15,2952.750000,1,2.360000,0.0800,13.960000,0.880000,329.160000
824,Entry long,2025-12-19 08:00,2950.390000,1,2.360000,0.0800,13.960000,0.880000,329.160000
823,Exit long,2025-12-19 04:15,2927.550000,1,20.000000,0.6900,24.010000,1.760000,326.800000
823,Entry long,2025-12-19 04:00,2907.550000,1,20.000000,0.6900,24.010000,1.760000,326.800000
822,Exit long,2025-12-18 16:15,2947.960000,1,-15.940000,-0.5400,2.380000,16.020000,306.800000
822,Entry long,2025-12-18 16:00,2963.900000,1,-15.940000,-0.5400,2.380000,16.020000,306.800000
821,Exit long,2025-12-18 08:15,2837.200000,1,2.210000,0.0800,3.700000,4.730000,322.740000
821,Entry long,2025-12-18 08:00,2834.990000,1,2.210000,0.0800,3.700000,4.730000,322.740000
820,Exit long,2025-12-17 08:15,2941.760000,1,-4.830000,-0.1600,0.000000,7.140000,320.530000
820,Entry long,2025-12-17 08:00,2946.590000,1,-4.830000,-0.1600,0.000000,7.140000,320.530000
819,Exit long,2025-12-17 00:15,2949.890000,1,-10.940000,-0.3700,0.010000,11.470000,325.360000
819,Entry long,2025-12-17 00:00,2960.830000,1,-10.940000,-0.3700,0.010000,11.470000,325.360000
818,Exit long,2025-12-16 16:15,2946.870000,1,-14.860000,-0.5000,0.980000,21.680000,336.300000
818,Entry long,2025-12-16 16:00,2961.730000,1,-14.860000,-0.5000,0.980000,21.680000,336.300000
817,Exit long,2025-12-16 12:15,2957.660000,1,1.090000,0.0400,6.400000,3.440000,351.160000
817,Entry long,2025-12-16 12:00,2956.570000,1,1.090000,0.0400,6.400000,3.440000,351.160000
816,Exit long,2025-12-16 00:15,2968.050000,1,4.800000,0.1600,9.810000,4.340000,350.070000
816,Entry long,2025-12-16 00:00,2963.250000,1,4.800000,0.1600,9.810000,4.340000,350.070000
815,Exit long,2025-12-14 00:15,3111.110000,1,-1.890000,-0.0600,1.460000,11.730000,345.270000
815,Entry long,2025-12-14 00:00,3113.000000,1,-1.890000,-0.0600,1.460000,11.730000,345.270000
814,Exit long,2025-12-13 08:15,3097.100000,1,3.900000,0.1300,4.080000,2.290000,347.160000
814,Entry long,2025-12-13 08:00,3093.200000,1,3.900000,0.1300,4.080000,2.290000,347.160000
813,Exit long,2025-12-13 04:15,3087.670000,1,-0.790000,-0.0300,0.690000,1.650000,343.260000
813,Entry long,2025-12-13 04:00,3088.460000,1,-0.790000,-0.0300,0.690000,1.650000,343.260000
812,Exit long,2025-12-10 20:15,3440.710000,1,51.730000,1.5300,52.100000,21.420000,344.050000
812,Entry long,2025-12-10 20:00,3388.980000,1,51.730000,1.5300,52.100000,21.420000,344.050000
811,Exit long,2025-12-10 16:15,3341.570000,1,14.940000,0.4500,20.850000,7.150000,292.320000
811,Entry long,2025-12-10 16:00,3326.630000,1,14.940000,0.4500,20.850000,7.150000,292.320000
810,Exit long,2025-12-10 08:15,3329.050000,1,3.410000,0.1000,6.720000,2.640000,277.380000
810,Entry long,2025-12-10 08:00,3325.640000,1,3.410000,0.1000,6.720000,2.640000,277.380000
809,Exit long,2025-12-09 16:15,3291.550000,1,46.630000,1.4400,52.080000,0.620000,273.970000
809,Entry long,2025-12-09 16:00,3244.920000,1,46.630000,1.4400,52.080000,0.620000,273.970000
808,Exit long,2025-12-09 04:15,3122.360000,1,-5.640000,-0.1800,2.000000,6.620000,227.340000
808,Entry long,2025-12-09 04:00,3128.000000,1,-5.640000,-0.1800,2.000000,6.620000,227.340000
807,Exit long,2025-12-08 20:15,3127.000000,1,9.440000,0.3000,17.090000,0.330000,232.980000
807,Entry long,2025-12-08 20:00,3117.560000,1,9.440000,0.3000,17.090000,0.330000,232.980000
806,Exit long,2025-12-08 08:15,3129.150000,1,-3.460000,-0.1100,0.720000,5.650000,223.540000
806,Entry long,2025-12-08 08:00,3132.610000,1,-3.460000,-0.1100,0.720000,5.650000,223.540000
805,Exit long,2025-12-08 04:15,3111.160000,1,1.510000,0.0500,6.350000,2.500000,227.000000
805,Entry long,2025-12-08 04:00,3109.650000,1,1.510000,0.0500,6.350000,2.500000,227.000000
804,Exit long,2025-12-07 20:15,3134.880000,1,-1.890000,-0.0600,3.700000,6.270000,225.490000
804,Entry long,2025-12-07 20:00,3136.770000,1,-1.890000,-0.0600,3.700000,6.270000,225.490000
803,Exit long,2025-12-07 04:15,3053.740000,1,1.170000,0.0400,4.210000,1.800000,227.380000
803,Entry long,2025-12-07 04:00,3052.570000,1,1.170000,0.0400,4.210000,1.800000,227.380000
802,Exit long,2025-12-06 12:15,3034.390000,1,-3.070000,-0.1000,2.190000,3.460000,226.210000
802,Entry long,2025-12-06 12:00,3037.460000,1,-3.070000,-0.1000,2.190000,3.460000,226.210000
801,Exit long,2025-12-06 04:15,3034.390000,1,-4.250000,-0.1400,2.360000,5.140000,229.280000
801,Entry long,2025-12-06 04:00,3038.640000,1,-4.250000,-0.1400,2.360000,5.140000,229.280000
800,Exit long,2025-12-05 08:15,3161.260000,1,-11.210000,-0.3500,0.000000,12.470000,233.530000
800,Entry long,2025-12-05 08:00,3172.470000,1,-11.210000,-0.3500,0.000000,12.470000,233.530000
799,Exit long,2025-12-04 16:15,3194.180000,1,-12.380000,-0.3900,2.970000,22.560000,244.740000
799,Entry long,2025-12-04 16:00,3206.560000,1,-12.380000,-0.3900,2.970000,22.560000,244.740000
798,Exit long,2025-12-03 20:15,3123.650000,1,-3.140000,-0.1000,10.210000,11.190000,257.120000
798,Entry long,2025-12-03 20:00,3126.790000,1,-3.140000,-0.1000,10.210000,11.190000,257.120000
797,Exit long,2025-12-03 16:15,3068.610000,1,-16.230000,-0.5300,6.180000,22.120000,260.260000
797,Entry long,2025-12-03 16:00,3084.840000,1,-16.230000,-0.5300,6.180000,22.120000,260.260000
796,Exit long,2025-12-03 12:15,3072.450000,1,0.510000,0.0200,8.910000,6.200000,276.490000
796,Entry long,2025-12-03 12:00,3071.940000,1,0.510000,0.0200,8.910000,6.200000,276.490000
795,Exit long,2025-12-02 20:15,3003.090000,1,-11.510000,-0.3800,1.180000,11.600000,275.980000
795,Entry long,2025-12-02 20:00,3014.600000,1,-11.510000,-0.3800,1.180000,11.600000,275.980000
794,Exit long,2025-12-02 16:15,3015.940000,1,10.390000,0.3500,18.660000,0.000000,287.490000
794,Entry long,2025-12-02 16:00,3005.550000,1,10.390000,0.3500,18.660000,0.000000,287.490000
793,Exit long,2025-12-02 12:15,2826.400000,1,1.720000,0.0600,5.600000,1.610000,277.100000
793,Entry long,2025-12-02 12:00,2824.680000,1,1.720000,0.0600,5.600000,1.610000,277.100000
792,Exit long,2025-12-02 04:15,2807.250000,1,4.010000,0.1400,7.310000,0.830000,275.380000
792,Entry long,2025-12-02 04:00,2803.240000,1,4.010000,0.1400,7.310000,0.830000,275.380000
791,Exit long,2025-12-02 00:15,2792.700000,1,-4.780000,-0.1700,6.290000,8.420000,271.370000
791,Entry long,2025-12-02 00:00,2797.480000,1,-4.780000,-0.1700,6.290000,8.420000,271.370000
790,Exit long,2025-12-01 08:15,2833.080000,1,-5.350000,-0.1900,6.290000,5.380000,276.150000
790,Entry long,2025-12-01 08:00,2838.430000,1,-5.350000,-0.1900,6.290000,5.380000,276.150000
789,Exit long,2025-11-30 08:15,3002.240000,1,-1.300000,-0.0400,1.950000,1.950000,281.500000
789,Entry long,2025-11-30 08:00,3003.540000,1,-1.300000,-0.0400,1.950000,1.950000,281.500000
788,Exit long,2025-11-30 04:15,3000.380000,1,-0.060000,-0.0000,1.840000,3.120000,282.800000
788,Entry long,2025-11-30 04:00,3000.440000,1,-0.060000,-0.0000,1.840000,3.120000,282.800000
787,Exit long,2025-11-30 00:15,2995.650000,1,7.690000,0.2600,9.090000,1.200000,282.860000
787,Entry long,2025-11-30 00:00,2987.960000,1,7.690000,0.2600,9.090000,1.200000,282.860000
786,Exit long,2025-11-29 16:15,3004.010000,1,-1.990000,-0.0700,1.450000,3.750000,275.170000
786,Entry long,2025-11-29 16:00,3006.000000,1,-1.990000,-0.0700,1.450000,3.750000,275.170000
785,Exit long,2025-11-28 16:15,3056.620000,1,-15.150000,-0.4900,0.760000,21.040000,277.160000
785,Entry long,2025-11-28 16:00,3071.770000,1,-15.150000,-0.4900,0.760000,21.040000,277.160000
784,Exit long,2025-11-26 16:15,2943.530000,1,16.900000,0.5800,18.880000,1.890000,292.310000
784,Entry long,2025-11-26 16:00,2926.630000,1,16.900000,0.5800,18.880000,1.890000,292.310000
783,Exit long,2025-11-25 16:15,2892.100000,1,-2.090000,-0.0700,6.510000,8.610000,275.410000
783,Entry long,2025-11-25 16:00,2894.190000,1,-2.090000,-0.0700,6.510000,8.610000,275.410000
782,Exit long,2025-11-24 20:15,2974.830000,1,17.020000,0.5800,29.170000,6.810000,277.500000
782,Entry long,2025-11-24 20:00,2957.810000,1,17.020000,0.5800,29.170000,6.810000,277.500000
781,Exit long,2025-11-24 16:15,2843.290000,1,-1.860000,-0.0700,17.850000,3.860000,260.480000
781,Entry long,2025-11-24 16:00,2845.150000,1,-1.860000,-0.0700,17.850000,3.860000,260.480000
780,Exit long,2025-11-24 04:15,2857.310000,1,1.800000,0.0600,14.480000,2.810000,262.340000
780,Entry long,2025-11-24 04:00,2855.510000,1,1.800000,0.0600,14.480000,2.810000,262.340000
779,Exit long,2025-11-23 16:15,2830.230000,1,-4.780000,-0.1700,10.520000,6.520000,260.540000
779,Entry long,2025-11-23 16:00,2835.010000,1,-4.780000,-0.1700,10.520000,6.520000,260.540000
778,Exit long,2025-11-23 12:15,2826.720000,1,12.300000,0.4400,14.030000,2.110000,265.320000
778,Entry long,2025-11-23 12:00,2814.420000,1,12.300000,0.4400,14.030000,2.110000,265.320000
777,Exit long,2025-11-23 04:15,2832.740000,1,9.730000,0.3400,11.610000,4.750000,253.020000
777,Entry long,2025-11-23 04:00,2823.010000,1,9.730000,0.3400,11.610000,4.750000,253.020000
776,Exit long,2025-11-22 00:15,2776.200000,1,11.500000,0.4200,15.090000,2.480000,243.290000
776,Entry long,2025-11-22 00:00,2764.700000,1,11.500000,0.4200,15.090000,2.480000,243.290000
775,Exit long,2025-11-20 08:15,3026.740000,1,-11.360000,-0.3700,5.580000,12.020000,231.790000
775,Entry long,2025-11-20 08:00,3038.100000,1,-11.360000,-0.3700,5.580000,12.020000,231.790000
774,Exit long,2025-11-20 00:15,3014.260000,1,-9.820000,-0.3200,0.260000,20.670000,243.150000
774,Entry long,2025-11-20 00:00,3024.080000,1,-9.820000,-0.3200,0.260000,20.670000,243.150000
773,Exit long,2025-11-19 08:15,3080.790000,1,-2.900000,-0.0900,1.900000,8.160000,252.970000
773,Entry long,2025-11-19 08:00,3083.690000,1,-2.900000,-0.0900,1.900000,8.160000,252.970000
772,Exit long,2025-11-18 16:15,3119.180000,1,13.990000,0.4500,22.810000,7.310000,255.870000
772,Entry long,2025-11-18 16:00,3105.190000,1,13.990000,0.4500,22.810000,7.310000,255.870000
771,Exit long,2025-11-18 00:15,3033.050000,1,2.990000,0.1000,7.580000,5.960000,241.880000
771,Entry long,2025-11-18 00:00,3030.060000,1,2.990000,0.1000,7.580000,5.960000,241.880000
770,Exit long,2025-11-17 12:15,3190.330000,1,-12.240000,-0.3800,0.680000,17.460000,238.890000
770,Entry long,2025-11-17 12:00,3202.570000,1,-12.240000,-0.3800,0.680000,17.460000,238.890000
769,Exit long,2025-11-17 08:15,3192.110000,1,-5.000000,-0.1600,5.960000,5.000000,251.130000
769,Entry long,2025-11-17 08:00,3197.110000,1,-5.000000,-0.1600,5.960000,5.000000,251.130000
768,Exit long,2025-11-17 04:15,3170.010000,1,-5.660000,-0.1800,4.180000,7.970000,256.130000
768,Entry long,2025-11-17 04:00,3175.670000,1,-5.660000,-0.1800,4.180000,7.970000,256.130000
767,Exit long,2025-11-17 00:15,3093.610000,1,-0.430000,-0.0100,9.220000,7.820000,261.790000
767,Entry long,2025-11-17 00:00,3094.040000,1,-0.430000,-0.0100,9.220000,7.820000,261.790000
766,Exit long,2025-11-16 08:15,3209.660000,1,-8.560000,-0.2700,9.360000,10.020000,262.220000
766,Entry long,2025-11-16 08:00,3218.220000,1,-8.560000,-0.2700,9.360000,10.020000,262.220000
765,Exit long,2025-11-15 16:15,3172.700000,1,-11.800000,-0.3700,1.890000,23.790000,270.780000
765,Entry long,2025-11-15 16:00,3184.500000,1,-11.800000,-0.3700,1.890000,23.790000,270.780000
764,Exit long,2025-11-14 20:15,3188.390000,1,-17.980000,-0.5600,5.670000,21.560000,282.580000
764,Entry long,2025-11-14 20:00,3206.370000,1,-17.980000,-0.5600,5.670000,21.560000,282.580000
763,Exit long,2025-11-14 00:15,3221.240000,1,-8.890000,-0.2800,2.320000,19.530000,300.560000
763,Entry long,2025-11-14 00:00,3230.130000,1,-8.890000,-0.2800,2.320000,19.530000,300.560000
762,Exit long,2025-11-13 04:15,3465.800000,1,14.480000,0.4200,17.110000,19.300000,309.450000
762,Entry long,2025-11-13 04:00,3451.320000,1,14.480000,0.4200,17.110000,19.300000,309.450000
761,Exit long,2025-11-12 12:15,3545.430000,1,-2.810000,-0.0800,2.290000,10.170000,294.970000
761,Entry long,2025-11-12 12:00,3548.240000,1,-2.810000,-0.0800,2.290000,10.170000,294.970000
760,Exit long,2025-11-12 04:15,3441.160000,1,3.640000,0.1100,6.480000,5.520000,297.780000
760,Entry long,2025-11-12 04:00,3437.520000,1,3.640000,0.1100,6.480000,5.520000,297.780000
759,Exit long,2025-11-11 12:15,3578.420000,1,6.020000,0.1700,20.600000,2.590000,294.140000
759,Entry long,2025-11-11 12:00,3572.400000,1,6.020000,0.1700,20.600000,2.590000,294.140000
758,Exit long,2025-11-10 20:15,3575.150000,1,18.320000,0.5200,20.660000,3.510000,288.120000
758,Entry long,2025-11-10 20:00,3556.830000,1,18.320000,0.5200,20.660000,3.510000,288.120000
757,Exit long,2025-11-10 12:15,3592.170000,1,-16.720000,-0.4600,0.510000,27.210000,269.800000
757,Entry long,2025-11-10 12:00,3608.890000,1,-16.720000,-0.4600,0.510000,27.210000,269.800000
756,Exit long,2025-11-09 20:15,3564.060000,1,-13.970000,-0.3900,19.400000,16.560000,286.520000
756,Entry long,2025-11-09 20:00,3578.030000,1,-13.970000,-0.3900,19.400000,16.560000,286.520000
755,Exit long,2025-11-09 16:15,3503.550000,1,-10.030000,-0.2900,6.310000,11.580000,300.490000
755,Entry long,2025-11-09 16:00,3513.580000,1,-10.030000,-0.2900,6.310000,11.580000,300.490000
754,Exit long,2025-11-09 12:15,3427.250000,1,0.250000,0.0100,2.650000,3.780000,310.520000
754,Entry long,2025-11-09 12:00,3427.000000,1,0.250000,0.0100,2.650000,3.780000,310.520000
753,Exit long,2025-11-09 08:15,3420.110000,1,-0.950000,-0.0300,0.450000,5.830000,310.270000
753,Entry long,2025-11-09 08:00,3421.060000,1,-0.950000,-0.0300,0.450000,5.830000,310.270000
752,Exit long,2025-11-08 04:15,3458.890000,1,6.380000,0.1800,12.120000,0.000000,311.220000
752,Entry long,2025-11-08 04:00,3452.510000,1,6.380000,0.1800,12.120000,0.000000,311.220000
751,Exit long,2025-11-07 20:15,3442.210000,1,0.280000,0.0100,8.070000,13.100000,304.840000
751,Entry long,2025-11-07 20:00,3441.930000,1,0.280000,0.0100,8.070000,13.100000,304.840000
750,Exit long,2025-11-07 16:15,3275.560000,1,-20.440000,-0.6200,7.090000,24.240000,304.560000
750,Entry long,2025-11-07 16:00,3296.000000,1,-20.440000,-0.6200,7.090000,24.240000,304.560000
749,Exit long,2025-11-07 08:15,3356.970000,1,0.660000,0.0200,2.980000,5.170000,325.000000
749,Entry long,2025-11-07 08:00,3356.310000,1,0.660000,0.0200,2.980000,5.170000,325.000000
748,Exit long,2025-11-06 12:15,3387.410000,1,-10.430000,-0.3100,6.100000,11.200000,324.340000
748,Entry long,2025-11-06 12:00,3397.840000,1,-10.430000,-0.3100,6.100000,11.200000,324.340000
747,Exit long,2025-11-06 04:15,3439.780000,1,8.440000,0.2500,10.530000,4.150000,334.770000
747,Entry long,2025-11-06 04:00,3431.340000,1,8.440000,0.2500,10.530000,4.150000,334.770000
746,Exit long,2025-11-05 16:15,3379.910000,1,-16.410000,-0.4800,8.680000,18.850000,326.330000
746,Entry long,2025-11-05 16:00,3396.320000,1,-16.410000,-0.4800,8.680000,18.850000,326.330000
745,Exit long,2025-11-05 04:15,3326.300000,1,-7.150000,-0.2100,9.820000,7.300000,342.740000
745,Entry long,2025-11-05 04:00,3333.450000,1,-7.150000,-0.2100,9.820000,7.300000,342.740000
744,Exit long,2025-11-05 00:15,3270.730000,1,-14.550000,-0.4400,14.720000,16.090000,349.890000
744,Entry long,2025-11-05 00:00,3285.280000,1,-14.550000,-0.4400,14.720000,16.090000,349.890000
743,Exit long,2025-11-04 12:15,3515.840000,1,-11.940000,-0.3400,3.470000,15.610000,364.440000
743,Entry long,2025-11-04 12:00,3527.780000,1,-11.940000,-0.3400,3.470000,15.610000,364.440000
742,Exit long,2025-11-04 04:15,3645.000000,1,4.090000,0.1100,5.890000,2.820000,376.380000
742,Entry long,2025-11-04 04:00,3640.910000,1,4.090000,0.1100,5.890000,2.820000,376.380000
741,Exit long,2025-11-03 00:15,3907.140000,1,2.350000,0.0600,7.890000,6.410000,372.290000
741,Entry long,2025-11-03 00:00,3904.790000,1,2.350000,0.0600,7.890000,6.410000,372.290000
740,Exit long,2025-11-02 08:15,3902.380000,1,-2.200000,-0.0600,4.760000,6.060000,369.940000
740,Entry long,2025-11-02 08:00,3904.580000,1,-2.200000,-0.0600,4.760000,6.060000,369.940000
739,Exit long,2025-11-02 04:15,3881.010000,1,1.760000,0.0500,6.240000,5.170000,372.140000
739,Entry long,2025-11-02 04:00,3879.250000,1,1.760000,0.0500,6.240000,5.170000,372.140000
738,Exit long,2025-11-01 16:15,3889.970000,1,-3.050000,-0.0800,14.590000,4.520000,370.380000
738,Entry long,2025-11-01 16:00,3893.020000,1,-3.050000,-0.0800,14.590000,4.520000,370.380000
737,Exit long,2025-11-01 12:15,3875.510000,1,-0.570000,-0.0100,3.610000,1.090000,373.430000
737,Entry long,2025-11-01 12:00,3876.080000,1,-0.570000,-0.0100,3.610000,1.090000,373.430000
736,Exit long,2025-11-01 04:15,3859.670000,1,-0.330000,-0.0100,7.660000,2.250000,374.000000
736,Entry long,2025-11-01 04:00,3860.000000,1,-0.330000,-0.0100,7.660000,2.250000,374.000000
735,Exit long,2025-10-31 20:15,3886.860000,1,1.950000,0.0500,7.220000,9.580000,374.330000
735,Entry long,2025-10-31 20:00,3884.910000,1,1.950000,0.0500,7.220000,9.580000,374.330000
734,Exit long,2025-10-31 12:15,3866.510000,1,-5.650000,-0.1500,14.860000,8.160000,372.380000
734,Entry long,2025-10-31 12:00,3872.160000,1,-5.650000,-0.1500,14.860000,8.160000,372.380000
733,Exit long,2025-10-31 04:15,3862.590000,1,34.990000,0.9100,36.880000,2.900000,378.030000
733,Entry long,2025-10-31 04:00,3827.600000,1,34.990000,0.9100,36.880000,2.900000,378.030000
732,Exit long,2025-10-31 00:15,3810.490000,1,7.690000,0.2000,9.800000,8.670000,343.040000
732,Entry long,2025-10-31 00:00,3802.800000,1,7.690000,0.2000,9.800000,8.670000,343.040000
731,Exit long,2025-10-30 08:15,3926.400000,1,-11.790000,-0.3000,0.220000,15.200000,335.350000
731,Entry long,2025-10-30 08:00,3938.190000,1,-11.790000,-0.3000,0.220000,15.200000,335.350000
730,Exit long,2025-10-28 08:15,4109.490000,1,-5.870000,-0.1400,3.720000,6.760000,347.140000
730,Entry long,2025-10-28 08:00,4115.360000,1,-5.870000,-0.1400,3.720000,6.760000,347.140000
729,Exit long,2025-10-27 16:15,4184.960000,1,13.710000,0.3300,21.750000,0.010000,353.010000
729,Entry long,2025-10-27 16:00,4171.250000,1,13.710000,0.3300,21.750000,0.010000,353.010000
728,Exit long,2025-10-26 16:15,4058.610000,1,-14.840000,-0.3600,0.750000,15.990000,339.300000
728,Entry long,2025-10-26 16:00,4073.450000,1,-14.840000,-0.3600,0.750000,15.990000,339.300000
727,Exit long,2025-10-26 12:15,4046.340000,1,3.260000,0.0800,13.450000,4.080000,354.140000
727,Entry long,2025-10-26 12:00,4043.080000,1,3.260000,0.0800,13.450000,4.080000,354.140000
726,Exit long,2025-10-26 08:15,3954.000000,1,4.280000,0.1100,5.150000,0.000000,350.880000
726,Entry long,2025-10-26 08:00,3949.720000,1,4.280000,0.1100,5.150000,0.000000,350.880000
725,Exit long,2025-10-25 08:15,3932.690000,1,5.390000,0.1400,5.740000,1.300000,346.600000
725,Entry long,2025-10-25 08:00,3927.300000,1,5.390000,0.1400,5.740000,1.300000,346.600000
724,Exit long,2025-10-24 20:15,3929.760000,1,5.100000,0.1300,10.410000,2.470000,341.210000
724,Entry long,2025-10-24 20:00,3924.660000,1,5.100000,0.1300,10.410000,2.470000,341.210000
723,Exit long,2025-10-24 04:15,3897.580000,1,8.140000,0.2100,8.560000,5.120000,336.110000
723,Entry long,2025-10-24 04:00,3889.440000,1,8.140000,0.2100,8.560000,5.120000,336.110000
722,Exit long,2025-10-23 16:15,3876.300000,1,1.430000,0.0400,7.750000,11.740000,327.970000
722,Entry long,2025-10-23 16:00,3874.870000,1,1.430000,0.0400,7.750000,11.740000,327.970000
721,Exit long,2025-10-23 04:15,3821.220000,1,-3.970000,-0.1000,7.690000,4.580000,326.540000
721,Entry long,2025-10-23 04:00,3825.190000,1,-3.970000,-0.1000,7.690000,4.580000,326.540000
720,Exit long,2025-10-23 00:15,3810.000000,1,6.060000,0.1600,6.590000,9.050000,330.510000
720,Entry long,2025-10-23 00:00,3803.940000,1,6.060000,0.1600,6.590000,9.050000,330.510000
719,Exit long,2025-10-22 08:15,3853.930000,1,-12.950000,-0.3300,0.590000,13.380000,324.450000
719,Entry long,2025-10-22 08:00,3866.880000,1,-12.950000,-0.3300,0.590000,13.380000,324.450000
718,Exit long,2025-10-21 16:15,4084.390000,1,3.980000,0.1000,15.170000,17.660000,337.400000
718,Entry long,2025-10-21 16:00,4080.410000,1,3.980000,0.1000,15.170000,17.660000,337.400000
717,Exit long,2025-10-20 04:15,4033.350000,1,7.480000,0.1900,21.220000,2.480000,333.420000
717,Entry long,2025-10-20 04:00,4025.870000,1,7.480000,0.1900,21.220000,2.480000,333.420000
716,Exit long,2025-10-19 04:15,3893.480000,1,-11.220000,-0.2900,2.360000,15.700000,325.940000
716,Entry long,2025-10-19 04:00,3904.700000,1,-11.220000,-0.2900,2.360000,15.700000,325.940000
715,Exit long,2025-10-18 20:15,3885.350000,1,-6.260000,-0.1600,5.940000,6.350000,337.160000
715,Entry long,2025-10-18 20:00,3891.610000,1,-6.260000,-0.1600,5.940000,6.350000,337.160000
714,Exit long,2025-10-18 08:15,3896.140000,1,5.680000,0.1500,13.340000,3.270000,343.420000
714,Entry long,2025-10-18 08:00,3890.460000,1,5.680000,0.1500,13.340000,3.270000,343.420000
713,Exit long,2025-10-18 04:15,3850.550000,1,-18.440000,-0.4800,0.010000,22.480000,337.740000
713,Entry long,2025-10-18 04:00,3868.990000,1,-18.440000,-0.4800,0.010000,22.480000,337.740000
712,Exit long,2025-10-17 16:15,3820.000000,1,23.970000,0.6300,48.020000,2.740000,356.180000
712,Entry long,2025-10-17 16:00,3796.030000,1,23.970000,0.6300,48.020000,2.740000,356.180000
711,Exit long,2025-10-17 12:15,3784.150000,1,7.860000,0.2100,16.270000,6.850000,332.210000
711,Entry long,2025-10-17 12:00,3776.290000,1,7.860000,0.2100,16.270000,6.850000,332.210000
710,Exit long,2025-10-17 04:15,3927.870000,1,-3.580000,-0.0900,3.280000,7.680000,324.350000
710,Entry long,2025-10-17 04:00,3931.450000,1,-3.580000,-0.0900,3.280000,7.680000,324.350000
709,Exit long,2025-10-17 00:15,3901.010000,1,8.990000,0.2300,11.610000,5.870000,327.930000
709,Entry long,2025-10-17 00:00,3892.020000,1,8.990000,0.2300,11.610000,5.870000,327.930000
708,Exit long,2025-10-16 12:15,4045.820000,1,-14.690000,-0.3600,28.830000,14.980000,318.940000
708,Entry long,2025-10-16 12:00,4060.510000,1,-14.690000,-0.3600,28.830000,14.980000,318.940000
707,Exit long,2025-10-16 00:15,3974.150000,1,-9.650000,-0.2400,8.770000,10.040000,333.630000
707,Entry long,2025-10-16 00:00,3983.800000,1,-9.650000,-0.2400,8.770000,10.040000,333.630000
706,Exit long,2025-10-15 08:15,4135.780000,1,15.780000,0.3800,16.780000,2.990000,343.280000
706,Entry long,2025-10-15 08:00,4120.000000,1,15.780000,0.3800,16.780000,2.990000,343.280000
705,Exit long,2025-10-15 00:15,4111.910000,1,-11.150000,-0.2700,7.820000,14.420000,327.500000
705,Entry long,2025-10-15 00:00,4123.060000,1,-11.150000,-0.2700,7.820000,14.420000,327.500000
704,Exit long,2025-10-14 16:15,4089.300000,1,6.050000,0.1500,16.750000,28.060000,338.650000
704,Entry long,2025-10-14 16:00,4083.250000,1,6.050000,0.1500,16.750000,28.060000,338.650000
703,Exit long,2025-10-13 20:15,4259.370000,1,9.370000,0.2200,16.700000,2.120000,332.600000
703,Entry long,2025-10-13 20:00,4250.000000,1,9.370000,0.2200,16.700000,2.120000,332.600000
702,Exit long,2025-10-13 16:15,4148.110000,1,14.660000,0.3500,29.880000,2.170000,323.230000
702,Entry long,2025-10-13 16:00,4133.450000,1,14.660000,0.3500,29.880000,2.170000,323.230000
701,Exit long,2025-10-13 08:15,4185.110000,1,8.830000,0.2100,13.720000,8.430000,308.570000
701,Entry long,2025-10-13 08:00,4176.280000,1,8.830000,0.2100,13.720000,8.430000,308.570000
700,Exit long,2025-10-13 00:15,4145.790000,1,-4.210000,-0.1000,3.330000,20.550000,299.740000
700,Entry long,2025-10-13 00:00,4150.000000,1,-4.210000,-0.1000,3.330000,20.550000,299.740000
699,Exit long,2025-10-12 20:15,4130.500000,1,-2.620000,-0.0600,10.680000,9.800000,303.950000
699,Entry long,2025-10-12 20:00,4133.120000,1,-2.620000,-0.0600,10.680000,9.800000,303.950000
698,Exit long,2025-10-12 16:15,4081.000000,1,48.630000,1.2100,74.110000,0.000000,306.570000
698,Entry long,2025-10-12 16:00,4032.370000,1,48.630000,1.2100,74.110000,0.000000,306.570000
697,Exit long,2025-10-12 04:15,3806.440000,1,26.450000,0.7000,31.310000,5.910000,257.940000
697,Entry long,2025-10-12 04:00,3779.990000,1,26.450000,0.7000,31.310000,5.910000,257.940000
696,Exit long,2025-10-11 12:15,3827.890000,1,-10.780000,-0.2800,0.000000,19.790000,231.490000
696,Entry long,2025-10-11 12:00,3838.670000,1,-10.780000,-0.2800,0.000000,19.790000,231.490000
695,Exit long,2025-10-10 12:15,4335.950000,1,-5.470000,-0.1300,9.300000,7.230000,242.270000
695,Entry long,2025-10-10 12:00,4341.420000,1,-5.470000,-0.1300,9.300000,7.230000,242.270000
694,Exit long,2025-10-09 20:15,4329.200000,1,-7.180000,-0.1700,9.620000,7.490000,247.740000
694,Entry long,2025-10-09 20:00,4336.380000,1,-7.180000,-0.1700,9.620000,7.490000,247.740000
693,Exit long,2025-10-09 00:15,4515.000000,1,-8.660000,-0.1900,2.180000,11.660000,254.920000
693,Entry long,2025-10-09 00:00,4523.660000,1,-8.660000,-0.1900,2.180000,11.660000,254.920000
692,Exit long,2025-10-08 08:15,4458.300000,1,-2.780000,-0.0600,8.120000,4.910000,263.580000
692,Entry long,2025-10-08 08:00,4461.080000,1,-2.780000,-0.0600,8.120000,4.910000,263.580000
691,Exit long,2025-10-07 12:15,4702.980000,1,-3.460000,-0.0700,7.200000,6.960000,266.360000
691,Entry long,2025-10-07 12:00,4706.440000,1,-3.460000,-0.0700,7.200000,6.960000,266.360000
690,Exit long,2025-10-07 04:15,4680.970000,1,-7.770000,-0.1700,1.240000,10.680000,269.820000
690,Entry long,2025-10-07 04:00,4688.740000,1,-7.770000,-0.1700,1.240000,10.680000,269.820000
689,Exit long,2025-10-06 20:15,4715.690000,1,-5.160000,-0.1100,14.140000,12.320000,277.590000
689,Entry long,2025-10-06 20:00,4720.850000,1,-5.160000,-0.1100,14.140000,12.320000,277.590000
688,Exit long,2025-10-06 16:15,4661.920000,1,-9.320000,-0.2000,10.530000,12.670000,282.750000
688,Entry long,2025-10-06 16:00,4671.240000,1,-9.320000,-0.2000,10.530000,12.670000,282.750000
687,Exit long,2025-10-06 00:15,4518.260000,1,5.910000,0.1300,7.650000,14.010000,292.070000
687,Entry long,2025-10-06 00:00,4512.350000,1,5.910000,0.1300,7.650000,14.010000,292.070000
686,Exit long,2025-10-05 08:15,4593.380000,1,-11.530000,-0.2500,13.530000,11.910000,286.160000
686,Entry long,2025-10-05 08:00,4604.910000,1,-11.530000,-0.2500,13.530000,11.910000,286.160000
685,Exit long,2025-10-04 20:15,4472.940000,1,7.540000,0.1700,8.240000,0.000000,297.690000
685,Entry long,2025-10-04 20:00,4465.400000,1,7.540000,0.1700,8.240000,0.000000,297.690000
684,Exit long,2025-10-03 16:15,4539.720000,1,6.520000,0.1400,25.970000,15.170000,290.150000
684,Entry long,2025-10-03 16:00,4533.200000,1,6.520000,0.1400,25.970000,15.170000,290.150000
683,Exit long,2025-10-02 20:15,4483.000000,1,-10.070000,-0.2200,2.290000,11.740000,283.630000
683,Entry long,2025-10-02 20:00,4493.070000,1,-10.070000,-0.2200,2.290000,11.740000,283.630000
682,Exit long,2025-10-02 16:15,4457.000000,1,21.500000,0.4800,33.500000,6.830000,293.700000
682,Entry long,2025-10-02 16:00,4435.500000,1,21.500000,0.4800,33.500000,6.830000,293.700000
681,Exit long,2025-10-02 00:15,4376.520000,1,30.670000,0.7100,32.150000,7.840000,272.200000
681,Entry long,2025-10-02 00:00,4345.850000,1,30.670000,0.7100,32.150000,7.840000,272.200000
680,Exit long,2025-10-01 20:15,4321.600000,1,-10.630000,-0.2500,3.120000,17.240000,241.530000
680,Entry long,2025-10-01 20:00,4332.230000,1,-10.630000,-0.2500,3.120000,17.240000,241.530000
679,Exit long,2025-10-01 16:15,4333.240000,1,8.230000,0.1900,9.650000,5.760000,252.160000
679,Entry long,2025-10-01 16:00,4325.010000,1,8.230000,0.1900,9.650000,5.760000,252.160000
678,Exit long,2025-10-01 12:15,4295.180000,1,-0.700000,-0.0200,5.300000,6.640000,243.930000
678,Entry long,2025-10-01 12:00,4295.880000,1,-0.700000,-0.0200,5.300000,6.640000,243.930000
677,Exit long,2025-10-01 08:15,4152.100000,1,8.120000,0.2000,8.640000,2.610000,244.630000
677,Entry long,2025-10-01 08:00,4143.980000,1,8.120000,0.2000,8.640000,2.610000,244.630000
676,Exit long,2025-09-30 20:15,4151.250000,1,-7.230000,-0.1700,7.360000,11.820000,236.510000
676,Entry long,2025-09-30 20:00,4158.480000,1,-7.230000,-0.1700,7.360000,11.820000,236.510000
675,Exit long,2025-09-29 20:15,4192.660000,1,6.720000,0.1600,7.080000,6.530000,243.740000
675,Entry long,2025-09-29 20:00,4185.940000,1,6.720000,0.1600,7.080000,6.530000,243.740000
674,Exit long,2025-09-29 00:15,4134.870000,1,-4.670000,-0.1100,4.450000,6.860000,237.020000
674,Entry long,2025-09-29 00:00,4139.540000,1,-4.670000,-0.1100,4.450000,6.860000,237.020000
673,Exit long,2025-09-28 08:15,4010.500000,1,-2.510000,-0.0600,1.740000,4.860000,241.690000
673,Entry long,2025-09-28 08:00,4013.010000,1,-2.510000,-0.0600,1.740000,4.860000,241.690000
672,Exit long,2025-09-27 16:15,4010.040000,1,-7.170000,-0.1800,1.060000,7.430000,244.200000
672,Entry long,2025-09-27 16:00,4017.210000,1,-7.170000,-0.1800,1.060000,7.430000,244.200000
671,Exit long,2025-09-27 00:15,4020.730000,1,-9.440000,-0.2300,0.010000,10.080000,251.370000
671,Entry long,2025-09-27 00:00,4030.170000,1,-9.440000,-0.2300,0.010000,10.080000,251.370000
670,Exit long,2025-09-26 16:15,3962.870000,1,18.460000,0.4700,27.590000,3.410000,260.810000
670,Entry long,2025-09-26 16:00,3944.410000,1,18.460000,0.4700,27.590000,3.410000,260.810000
669,Exit long,2025-09-26 04:15,3964.890000,1,0.900000,0.0200,6.010000,6.990000,242.350000
669,Entry long,2025-09-26 04:00,3963.990000,1,0.900000,0.0200,6.010000,6.990000,242.350000
668,Exit long,2025-09-24 12:15,4177.700000,1,-2.260000,-0.0500,3.030000,5.960000,241.450000
668,Entry long,2025-09-24 12:00,4179.960000,1,-2.260000,-0.0500,3.030000,5.960000,241.450000
667,Exit long,2025-09-23 08:15,4204.910000,1,1.670000,0.0400,6.480000,11.090000,243.710000
667,Entry long,2025-09-23 08:00,4203.240000,1,1.670000,0.0400,6.480000,11.090000,243.710000
666,Exit long,2025-09-23 00:15,4203.250000,1,6.380000,0.1500,8.930000,3.680000,242.040000
666,Entry long,2025-09-23 00:00,4196.870000,1,6.380000,0.1500,8.930000,3.680000,242.040000
665,Exit long,2025-09-21 16:15,4481.060000,1,0.440000,0.0100,7.180000,0.340000,235.660000
665,Entry long,2025-09-21 16:00,4480.620000,1,0.440000,0.0100,7.180000,0.340000,235.660000
664,Exit long,2025-09-20 16:15,4497.380000,1,1.020000,0.0200,6.090000,0.450000,235.220000
664,Entry long,2025-09-20 16:00,4496.360000,1,1.020000,0.0200,6.090000,0.450000,235.220000
663,Exit long,2025-09-20 08:15,4474.670000,1,-6.050000,-0.1400,0.000000,6.790000,234.200000
663,Entry long,2025-09-20 08:00,4480.720000,1,-6.050000,-0.1400,0.000000,6.790000,234.200000
662,Exit long,2025-09-20 00:15,4467.680000,1,1.200000,0.0300,3.520000,3.980000,240.250000
662,Entry long,2025-09-20 00:00,4466.480000,1,1.200000,0.0300,3.520000,3.980000,240.250000
661,Exit long,2025-09-18 16:15,4596.990000,1,-0.150000,-0.0000,7.250000,9.140000,239.050000
661,Entry long,2025-09-18 16:00,4597.140000,1,-0.150000,-0.0000,7.250000,9.140000,239.050000
660,Exit long,2025-09-18 12:15,4578.200000,1,4.210000,0.0900,5.010000,7.740000,239.200000
660,Entry long,2025-09-18 12:00,4573.990000,1,4.210000,0.0900,5.010000,7.740000,239.200000
659,Exit long,2025-09-18 04:15,4613.720000,1,1.720000,0.0400,4.970000,4.450000,234.990000
659,Entry long,2025-09-18 04:00,4612.000000,1,1.720000,0.0400,4.970000,4.450000,234.990000
658,Exit long,2025-09-18 00:15,4604.620000,1,16.310000,0.3600,18.950000,0.000000,233.270000
658,Entry long,2025-09-18 00:00,4588.310000,1,16.310000,0.3600,18.950000,0.000000,233.270000
657,Exit long,2025-09-17 20:15,4529.710000,1,14.570000,0.3200,24.460000,0.300000,216.960000
657,Entry long,2025-09-17 20:00,4515.140000,1,14.570000,0.3200,24.460000,0.300000,216.960000
656,Exit long,2025-09-16 20:15,4486.900000,1,-2.060000,-0.0500,4.110000,4.940000,202.390000
656,Entry long,2025-09-16 20:00,4488.960000,1,-2.060000,-0.0500,4.110000,4.940000,202.390000
655,Exit long,2025-09-16 00:15,4514.550000,1,-6.990000,-0.1500,0.000000,8.830000,204.450000
655,Entry long,2025-09-16 00:00,4521.540000,1,-6.990000,-0.1500,0.000000,8.830000,204.450000
654,Exit long,2025-09-15 04:15,4640.800000,1,6.340000,0.1400,14.930000,0.010000,211.440000
654,Entry long,2025-09-15 04:00,4634.460000,1,6.340000,0.1400,14.930000,0.010000,211.440000
653,Exit long,2025-09-14 20:15,4624.160000,1,10.210000,0.2200,12.050000,1.900000,205.100000
653,Entry long,2025-09-14 20:00,4613.950000,1,10.210000,0.2200,12.050000,1.900000,205.100000
652,Exit long,2025-09-14 00:15,4674.420000,1,9.680000,0.2100,11.210000,1.790000,194.890000
652,Entry long,2025-09-14 00:00,4664.740000,1,9.680000,0.2100,11.210000,1.790000,194.890000
651,Exit long,2025-09-13 12:15,4715.420000,1,-2.440000,-0.0500,0.210000,4.940000,185.210000
651,Entry long,2025-09-13 12:00,4717.860000,1,-2.440000,-0.0500,0.210000,4.940000,185.210000
650,Exit long,2025-09-13 04:15,4736.870000,1,-17.890000,-0.3800,0.440000,18.610000,187.650000
650,Entry long,2025-09-13 04:00,4754.760000,1,-17.890000,-0.3800,0.440000,18.610000,187.650000
649,Exit long,2025-09-13 00:15,4697.700000,1,-13.120000,-0.2800,7.370000,14.690000,205.540000
649,Entry long,2025-09-13 00:00,4710.820000,1,-13.120000,-0.2800,7.370000,14.690000,205.540000
648,Exit long,2025-09-12 20:15,4640.510000,1,-15.490000,-0.3300,0.080000,20.000000,218.660000
648,Entry long,2025-09-12 20:00,4656.000000,1,-15.490000,-0.3300,0.080000,20.000000,218.660000
647,Exit long,2025-09-12 00:15,4454.780000,1,-2.090000,-0.0500,6.130000,6.390000,234.150000
647,Entry long,2025-09-12 00:00,4456.870000,1,-2.090000,-0.0500,6.130000,6.390000,234.150000
646,Exit long,2025-09-11 20:15,4413.810000,1,-8.550000,-0.1900,3.180000,8.840000,236.240000
646,Entry long,2025-09-11 20:00,4422.360000,1,-8.550000,-0.1900,3.180000,8.840000,236.240000
645,Exit long,2025-09-11 08:15,4432.010000,1,-6.990000,-0.1600,2.670000,10.750000,244.790000
645,Entry long,2025-09-11 08:00,4439.000000,1,-6.990000,-0.1600,2.670000,10.750000,244.790000
644,Exit long,2025-09-11 04:15,4400.290000,1,-1.720000,-0.0400,5.090000,8.350000,251.780000
644,Entry long,2025-09-11 04:00,4402.010000,1,-1.720000,-0.0400,5.090000,8.350000,251.780000
643,Exit long,2025-09-11 00:15,4336.860000,1,-10.970000,-0.2500,0.000000,10.980000,253.500000
643,Entry long,2025-09-11 00:00,4347.830000,1,-10.970000,-0.2500,0.000000,10.980000,253.500000
642,Exit long,2025-09-10 16:15,4381.540000,1,-21.950000,-0.5000,3.860000,22.730000,264.470000
642,Entry long,2025-09-10 16:00,4403.490000,1,-21.950000,-0.5000,3.860000,22.730000,264.470000
641,Exit long,2025-09-10 12:15,4331.670000,1,2.090000,0.0500,5.190000,1.580000,286.420000
641,Entry long,2025-09-10 12:00,4329.580000,1,2.090000,0.0500,5.190000,1.580000,286.420000
640,Exit long,2025-09-10 08:15,4331.200000,1,3.530000,0.0800,3.530000,5.040000,284.330000
640,Entry long,2025-09-10 08:00,4327.670000,1,3.530000,0.0800,3.530000,5.040000,284.330000
639,Exit long,2025-09-10 04:15,4316.420000,1,-2.410000,-0.0600,0.010000,8.800000,280.800000
639,Entry long,2025-09-10 04:00,4318.830000,1,-2.410000,-0.0600,0.010000,8.800000,280.800000
638,Exit long,2025-09-09 20:15,4285.410000,1,-7.140000,-0.1700,0.330000,10.550000,283.210000
638,Entry long,2025-09-09 20:00,4292.550000,1,-7.140000,-0.1700,0.330000,10.550000,283.210000
637,Exit long,2025-09-09 04:15,4301.760000,1,-3.230000,-0.0800,1.290000,3.590000,290.350000
637,Entry long,2025-09-09 04:00,4304.990000,1,-3.230000,-0.0800,1.290000,3.590000,290.350000
636,Exit long,2025-09-08 16:15,4356.240000,1,-13.580000,-0.3100,2.060000,13.680000,293.580000
636,Entry long,2025-09-08 16:00,4369.820000,1,-13.580000,-0.3100,2.060000,13.680000,293.580000
635,Exit long,2025-09-08 04:15,4303.100000,1,-6.900000,-0.1600,2.370000,14.790000,307.160000
635,Entry long,2025-09-08 04:00,4310.000000,1,-6.900000,-0.1600,2.370000,14.790000,307.160000
634,Exit long,2025-09-07 12:15,4298.000000,1,-10.770000,-0.2500,0.000000,13.730000,314.060000
634,Entry long,2025-09-07 12:00,4308.770000,1,-10.770000,-0.2500,0.000000,13.730000,314.060000
633,Exit long,2025-09-05 20:15,4327.330000,1,-1.630000,-0.0400,5.650000,8.880000,324.830000
633,Entry long,2025-09-05 20:00,4328.960000,1,-1.630000,-0.0400,5.650000,8.880000,324.830000
632,Exit long,2025-09-05 12:15,4416.960000,1,1.400000,0.0300,3.950000,6.030000,326.460000
632,Entry long,2025-09-05 12:00,4415.560000,1,1.400000,0.0300,3.950000,6.030000,326.460000
631,Exit long,2025-09-05 08:15,4397.450000,1,-17.550000,-0.4000,3.790000,20.080000,325.060000
631,Entry long,2025-09-05 08:00,4415.000000,1,-17.550000,-0.4000,3.790000,20.080000,325.060000
630,Exit long,2025-09-05 04:15,4315.690000,1,-10.820000,-0.2500,2.490000,11.680000,342.610000
630,Entry long,2025-09-05 04:00,4326.510000,1,-10.820000,-0.2500,2.490000,11.680000,342.610000
629,Exit long,2025-09-03 16:15,4469.380000,1,-7.610000,-0.1700,4.310000,16.850000,353.430000
629,Entry long,2025-09-03 16:00,4476.990000,1,-7.610000,-0.1700,4.310000,16.850000,353.430000
628,Exit long,2025-09-02 04:15,4374.920000,1,9.690000,0.2200,10.200000,6.260000,361.040000
628,Entry long,2025-09-02 04:00,4365.230000,1,9.690000,0.2200,10.200000,6.260000,361.040000
627,Exit long,2025-09-01 20:15,4358.280000,1,-7.890000,-0.1800,0.390000,12.680000,351.350000
627,Entry long,2025-09-01 20:00,4366.170000,1,-7.890000,-0.1800,0.390000,12.680000,351.350000
626,Exit long,2025-09-01 08:15,4472.490000,1,11.390000,0.2600,28.900000,0.390000,359.240000
626,Entry long,2025-09-01 08:00,4461.100000,1,11.390000,0.2600,28.900000,0.390000,359.240000
625,Exit long,2025-09-01 04:15,4403.340000,1,1.990000,0.0500,8.400000,8.100000,347.850000
625,Entry long,2025-09-01 04:00,4401.350000,1,1.990000,0.0500,8.400000,8.100000,347.850000
624,Exit long,2025-08-31 16:15,4474.000000,1,-8.480000,-0.1900,2.530000,10.300000,345.860000
624,Entry long,2025-08-31 16:00,4482.480000,1,-8.480000,-0.1900,2.530000,10.300000,345.860000
623,Exit long,2025-08-31 12:15,4471.220000,1,-3.320000,-0.0700,1.190000,8.500000,354.340000
623,Entry long,2025-08-31 12:00,4474.540000,1,-3.320000,-0.0700,1.190000,8.500000,354.340000
622,Exit long,2025-08-31 04:15,4477.990000,1,-7.760000,-0.1700,4.100000,14.640000,357.660000
622,Entry long,2025-08-31 04:00,4485.750000,1,-7.760000,-0.1700,4.100000,14.640000,357.660000
621,Exit long,2025-08-31 00:15,4380.430000,1,8.430000,0.1900,11.070000,1.670000,365.420000
621,Entry long,2025-08-31 00:00,4372.000000,1,8.430000,0.1900,11.070000,1.670000,365.420000
620,Exit long,2025-08-30 08:15,4394.000000,1,-5.800000,-0.1300,4.950000,8.990000,356.990000
620,Entry long,2025-08-30 08:00,4399.800000,1,-5.800000,-0.1300,4.950000,8.990000,356.990000
619,Exit long,2025-08-29 20:15,4332.810000,1,-5.980000,-0.1400,7.660000,18.320000,362.790000
619,Entry long,2025-08-29 20:00,4338.790000,1,-5.980000,-0.1400,7.660000,18.320000,362.790000
618,Exit long,2025-08-29 00:15,4494.350000,1,-14.750000,-0.3300,5.560000,15.090000,368.770000
618,Entry long,2025-08-29 00:00,4509.100000,1,-14.750000,-0.3300,5.560000,15.090000,368.770000
617,Exit long,2025-08-28 08:15,4617.260000,1,22.450000,0.4900,38.310000,2.090000,383.520000
617,Entry long,2025-08-28 08:00,4594.810000,1,22.450000,0.4900,38.310000,2.090000,383.520000
616,Exit long,2025-08-28 04:15,4548.470000,1,9.080000,0.2000,9.770000,7.110000,361.070000
616,Entry long,2025-08-28 04:00,4539.390000,1,9.080000,0.2000,9.770000,7.110000,361.070000
615,Exit long,2025-08-27 16:15,4636.500000,1,-18.810000,-0.4000,0.610000,26.210000,351.990000
615,Entry long,2025-08-27 16:00,4655.310000,1,-18.810000,-0.4000,0.610000,26.210000,351.990000
614,Exit long,2025-08-27 12:15,4609.740000,1,3.370000,0.0700,16.960000,16.170000,370.800000
614,Entry long,2025-08-27 12:00,4606.370000,1,3.370000,0.0700,16.960000,16.170000,370.800000
613,Exit long,2025-08-27 04:15,4625.670000,1,24.590000,0.5300,40.690000,5.690000,367.430000
613,Entry long,2025-08-27 04:00,4601.080000,1,24.590000,0.5300,40.690000,5.690000,367.430000
612,Exit long,2025-08-26 20:15,4605.010000,1,11.190000,0.2400,13.770000,14.820000,342.840000
612,Entry long,2025-08-26 20:00,4593.820000,1,11.190000,0.2400,13.770000,14.820000,342.840000
611,Exit long,2025-08-26 08:15,4432.550000,1,5.400000,0.1200,8.840000,7.840000,331.650000
611,Entry long,2025-08-26 08:00,4427.150000,1,5.400000,0.1200,8.840000,7.840000,331.650000
610,Exit long,2025-08-26 04:15,4430.360000,1,29.840000,0.6800,33.160000,0.000000,326.250000
610,Entry long,2025-08-26 04:00,4400.520000,1,29.840000,0.6800,33.160000,0.000000,326.250000
609,Exit long,2025-08-25 12:15,4604.540000,1,6.550000,0.1400,11.700000,14.720000,296.410000
609,Entry long,2025-08-25 12:00,4597.990000,1,6.550000,0.1400,11.700000,14.720000,296.410000
608,Exit long,2025-08-24 16:15,4814.960000,1,18.680000,0.3900,25.620000,3.510000,289.860000
608,Entry long,2025-08-24 16:00,4796.280000,1,18.680000,0.3900,25.620000,3.510000,289.860000
607,Exit long,2025-08-24 04:15,4788.000000,1,0.240000,0.0100,11.770000,9.760000,271.180000
607,Entry long,2025-08-24 04:00,4787.760000,1,0.240000,0.0100,11.770000,9.760000,271.180000
606,Exit long,2025-08-23 20:15,4749.670000,1,-7.090000,-0.1500,1.240000,9.250000,270.940000
606,Entry long,2025-08-23 20:00,4756.760000,1,-7.090000,-0.1500,1.240000,9.250000,270.940000
605,Exit long,2025-08-23 16:15,4744.350000,1,-4.820000,-0.1000,6.770000,5.900000,278.030000
605,Entry long,2025-08-23 16:00,4749.170000,1,-4.820000,-0.1000,6.770000,5.900000,278.030000
604,Exit long,2025-08-22 20:15,4825.420000,1,-6.640000,-0.1400,12.960000,19.010000,282.850000
604,Entry long,2025-08-22 20:00,4832.060000,1,-6.640000,-0.1400,12.960000,19.010000,282.850000
603,Exit long,2025-08-22 16:15,4765.370000,1,151.440000,3.2800,158.480000,0.000000,289.490000
603,Entry long,2025-08-22 16:00,4613.930000,1,151.440000,3.2800,158.480000,0.000000,289.490000
602,Exit long,2025-08-22 08:15,4342.110000,1,16.110000,0.3700,22.730000,1.000000,138.050000
602,Entry long,2025-08-22 08:00,4326.000000,1,16.110000,0.3700,22.730000,1.000000,138.050000
601,Exit long,2025-08-21 08:15,4309.790000,1,0.630000,0.0100,4.370000,9.080000,121.940000
601,Entry long,2025-08-21 08:00,4309.160000,1,0.630000,0.0100,4.370000,9.080000,121.940000
600,Exit long,2025-08-20 20:15,4337.500000,1,-6.820000,-0.1600,6.550000,14.930000,121.310000
600,Entry long,2025-08-20 20:00,4344.320000,1,-6.820000,-0.1600,6.550000,14.930000,121.310000
599,Exit long,2025-08-20 16:15,4285.980000,1,32.520000,0.7600,33.180000,0.740000,128.130000
599,Entry long,2025-08-20 16:00,4253.460000,1,32.520000,0.7600,33.180000,0.740000,128.130000
598,Exit long,2025-08-20 08:15,4203.840000,1,20.180000,0.4800,21.970000,6.760000,95.610000
598,Entry long,2025-08-20 08:00,4183.660000,1,20.180000,0.4800,21.970000,6.760000,95.610000
597,Exit long,2025-08-20 04:15,4154.090000,1,15.100000,0.3600,22.730000,1.690000,75.430000
597,Entry long,2025-08-20 04:00,4138.990000,1,15.100000,0.3600,22.730000,1.690000,75.430000
596,Exit long,2025-08-19 12:15,4304.380000,1,-2.910000,-0.0700,0.510000,9.290000,60.330000
596,Entry long,2025-08-19 12:00,4307.290000,1,-2.910000,-0.0700,0.510000,9.290000,60.330000
595,Exit long,2025-08-18 16:15,4335.840000,1,-7.390000,-0.1700,15.630000,7.390000,63.240000
595,Entry long,2025-08-18 16:00,4343.230000,1,-7.390000,-0.1700,15.630000,7.390000,63.240000
594,Exit long,2025-08-18 12:15,4295.410000,1,22.510000,0.5300,32.100000,3.760000,70.630000
594,Entry long,2025-08-18 12:00,4272.900000,1,22.510000,0.5300,32.100000,3.760000,70.630000
593,Exit long,2025-08-17 16:15,4550.130000,1,-9.450000,-0.2100,5.010000,14.610000,48.120000
593,Entry long,2025-08-17 16:00,4559.580000,1,-9.450000,-0.2100,5.010000,14.610000,48.120000
592,Exit long,2025-08-17 08:15,4461.140000,1,-3.850000,-0.0900,3.140000,8.360000,57.570000
592,Entry long,2025-08-17 08:00,4464.990000,1,-3.850000,-0.0900,3.140000,8.360000,57.570000
591,Exit long,2025-08-17 04:15,4453.410000,1,2.970000,0.0700,13.560000,0.860000,61.420000
591,Entry long,2025-08-17 04:00,4450.440000,1,2.970000,0.0700,13.560000,0.860000,61.420000
590,Exit long,2025-08-16 20:15,4418.730000,1,2.430000,0.0600,5.700000,8.300000,58.450000
590,Entry long,2025-08-16 20:00,4416.300000,1,2.430000,0.0600,5.700000,8.300000,58.450000
589,Exit long,2025-08-16 08:15,4441.870000,1,-7.610000,-0.1700,7.960000,12.480000,56.020000
589,Entry long,2025-08-16 08:00,4449.480000,1,-7.610000,-0.1700,7.960000,12.480000,56.020000
588,Exit long,2025-08-15 04:15,4636.340000,1,3.710000,0.0800,13.050000,11.130000,63.630000
588,Entry long,2025-08-15 04:00,4632.630000,1,3.710000,0.0800,13.050000,11.130000,63.630000
587,Exit long,2025-08-15 00:15,4564.710000,1,19.450000,0.4300,20.920000,8.960000,59.920000
587,Entry long,2025-08-15 00:00,4545.260000,1,19.450000,0.4300,20.920000,8.960000,59.920000
586,Exit long,2025-08-14 04:15,4772.490000,1,-2.360000,-0.0500,7.060000,4.850000,40.470000
586,Entry long,2025-08-14 04:00,4774.850000,1,-2.360000,-0.0500,7.060000,4.850000,40.470000
585,Exit long,2025-08-14 00:15,4736.990000,1,-11.370000,-0.2400,1.450000,20.490000,42.830000
585,Entry long,2025-08-14 00:00,4748.360000,1,-11.370000,-0.2400,1.450000,20.490000,42.830000
584,Exit long,2025-08-13 20:15,4718.860000,1,-19.870000,-0.4200,3.650000,28.730000,54.200000
584,Entry long,2025-08-13 20:00,4738.730000,1,-19.870000,-0.4200,3.650000,28.730000,54.200000
583,Exit long,2025-08-13 04:15,4663.760000,1,18.360000,0.4000,29.590000,1.400000,74.070000
583,Entry long,2025-08-13 04:00,4645.400000,1,18.360000,0.4000,29.590000,1.400000,74.070000
582,Exit long,2025-08-13 00:15,4606.400000,1,17.090000,0.3700,17.470000,6.890000,55.710000
582,Entry long,2025-08-13 00:00,4589.310000,1,17.090000,0.3700,17.470000,6.890000,55.710000
581,Exit long,2025-08-12 20:15,4530.770000,1,15.590000,0.3500,18.700000,13.730000,38.620000
581,Entry long,2025-08-12 20:00,4515.180000,1,15.590000,0.3500,18.700000,13.730000,38.620000
580,Exit long,2025-08-12 16:15,4465.850000,1,-5.130000,-0.1100,17.020000,9.830000,23.030000
580,Entry long,2025-08-12 16:00,4470.980000,1,-5.130000,-0.1100,17.020000,9.830000,23.030000
579,Exit long,2025-08-12 08:15,4303.310000,1,-10.920000,-0.2500,0.770000,15.300000,28.160000
579,Entry long,2025-08-12 08:00,4314.230000,1,-10.920000,-0.2500,0.770000,15.300000,28.160000
578,Exit long,2025-08-11 16:15,4345.760000,1,16.880000,0.3900,41.120000,1.190000,39.080000
578,Entry long,2025-08-11 16:00,4328.880000,1,16.880000,0.3900,41.120000,1.190000,39.080000
577,Exit long,2025-08-11 04:15,4337.000000,1,29.220000,0.6800,41.890000,4.460000,22.200000
577,Entry long,2025-08-11 04:00,4307.780000,1,29.220000,0.6800,41.890000,4.460000,22.200000
576,Exit long,2025-08-10 20:15,4230.060000,1,-17.140000,-0.4000,1.940000,29.560000,-7.020000
576,Entry long,2025-08-10 20:00,4247.200000,1,-17.140000,-0.4000,1.940000,29.560000,-7.020000
575,Exit long,2025-08-09 20:15,4270.360000,1,13.720000,0.3200,36.620000,1.800000,10.120000
575,Entry long,2025-08-09 20:00,4256.640000,1,13.720000,0.3200,36.620000,1.800000,10.120000
574,Exit long,2025-08-09 16:15,4213.440000,1,5.920000,0.1400,6.980000,2.540000,-3.600000
574,Entry long,2025-08-09 16:00,4207.520000,1,5.920000,0.1400,6.980000,2.540000,-3.600000
573,Exit long,2025-08-09 08:15,4176.310000,1,6.600000,0.1600,8.340000,1.840000,-9.520000
573,Entry long,2025-08-09 08:00,4169.710000,1,6.600000,0.1600,8.340000,1.840000,-9.520000
572,Exit long,2025-08-09 04:15,4055.870000,1,6.530000,0.1600,8.300000,6.080000,-16.120000
572,Entry long,2025-08-09 04:00,4049.340000,1,6.530000,0.1600,8.300000,6.080000,-16.120000
571,Exit long,2025-08-08 20:15,4050.950000,1,-9.050000,-0.2200,10.000000,10.810000,-22.650000
571,Entry long,2025-08-08 20:00,4060.000000,1,-9.050000,-0.2200,10.000000,10.810000,-22.650000
570,Exit long,2025-08-08 12:15,3904.540000,1,-11.740000,-0.3000,0.010000,18.960000,-13.600000
570,Entry long,2025-08-08 12:00,3916.280000,1,-11.740000,-0.3000,0.010000,18.960000,-13.600000
569,Exit long,2025-08-08 04:15,3921.550000,1,-16.500000,-0.4200,0.350000,19.220000,-1.860000
569,Entry long,2025-08-08 04:00,3938.050000,1,-16.500000,-0.4200,0.350000,19.220000,-1.860000
568,Exit long,2025-08-07 20:15,3854.160000,1,-11.310000,-0.2900,1.890000,16.470000,14.640000
568,Entry long,2025-08-07 20:00,3865.470000,1,-11.310000,-0.2900,1.890000,16.470000,14.640000
567,Exit long,2025-08-07 16:15,3832.120000,1,-3.030000,-0.0800,7.350000,9.970000,25.950000
567,Entry long,2025-08-07 16:00,3835.150000,1,-3.030000,-0.0800,7.350000,9.970000,25.950000
566,Exit long,2025-08-07 12:15,3832.730000,1,7.060000,0.1800,8.300000,3.680000,28.980000
566,Entry long,2025-08-07 12:00,3825.670000,1,7.060000,0.1800,8.300000,3.680000,28.980000
565,Exit long,2025-08-07 08:15,3714.530000,1,13.530000,0.3700,21.790000,0.120000,21.920000
565,Entry long,2025-08-07 08:00,3701.000000,1,13.530000,0.3700,21.790000,0.120000,21.920000
564,Exit long,2025-08-06 20:15,3674.320000,1,-7.810000,-0.2100,0.000000,10.130000,8.390000
564,Entry long,2025-08-06 20:00,3682.130000,1,-7.810000,-0.2100,0.000000,10.130000,8.390000
563,Exit long,2025-08-06 16:15,3649.300000,1,-13.360000,-0.3600,10.260000,20.720000,16.200000
563,Entry long,2025-08-06 16:00,3662.660000,1,-13.360000,-0.3600,10.260000,20.720000,16.200000
562,Exit long,2025-08-06 08:15,3625.040000,1,-13.350000,-0.3700,3.410000,19.000000,29.560000
562,Entry long,2025-08-06 08:00,3638.390000,1,-13.350000,-0.3700,3.410000,19.000000,29.560000
561,Exit long,2025-08-06 00:15,3601.000000,1,-9.190000,-0.2500,2.290000,15.100000,42.910000
561,Entry long,2025-08-06 00:00,3610.190000,1,-9.190000,-0.2500,2.290000,15.100000,42.910000
560,Exit long,2025-08-04 16:15,3665.000000,1,18.400000,0.5000,27.840000,0.190000,52.100000
560,Entry long,2025-08-04 16:00,3646.600000,1,18.400000,0.5000,27.840000,0.190000,52.100000
559,Exit long,2025-08-04 12:15,3557.650000,1,3.640000,0.1000,4.400000,4.850000,33.700000
559,Entry long,2025-08-04 12:00,3554.010000,1,3.640000,0.1000,4.400000,4.850000,33.700000
558,Exit long,2025-08-03 20:15,3486.680000,1,-8.650000,-0.2500,0.190000,12.670000,30.060000
558,Entry long,2025-08-03 20:00,3495.330000,1,-8.650000,-0.2500,0.190000,12.670000,30.060000
557,Exit long,2025-08-03 12:15,3477.560000,1,-5.850000,-0.1700,4.310000,9.810000,38.710000
557,Entry long,2025-08-03 12:00,3483.410000,1,-5.850000,-0.1700,4.310000,9.810000,38.710000
556,Exit long,2025-08-03 08:15,3465.410000,1,11.180000,0.3200,12.230000,0.000000,44.560000
556,Entry long,2025-08-03 08:00,3454.230000,1,11.180000,0.3200,12.230000,0.000000,44.560000
555,Exit long,2025-08-03 04:15,3436.010000,1,-5.970000,-0.1700,0.950000,8.650000,33.380000
555,Entry long,2025-08-03 04:00,3441.980000,1,-5.970000,-0.1700,0.950000,8.650000,33.380000
554,Exit long,2025-08-02 04:15,3519.860000,1,-7.290000,-0.2100,1.000000,7.780000,39.350000
554,Entry long,2025-08-02 04:00,3527.150000,1,-7.290000,-0.2100,1.000000,7.780000,39.350000
553,Exit long,2025-07-31 04:15,3859.300000,1,-2.670000,-0.0700,1.710000,5.080000,46.640000
553,Entry long,2025-07-31 04:00,3861.970000,1,-2.670000,-0.0700,1.710000,5.080000,46.640000
552,Exit long,2025-07-31 00:15,3807.340000,1,-1.330000,-0.0300,0.290000,8.890000,49.310000
552,Entry long,2025-07-31 00:00,3808.670000,1,-1.330000,-0.0300,0.290000,8.890000,49.310000
551,Exit long,2025-07-30 04:15,3820.000000,1,4.380000,0.1100,8.030000,0.630000,50.640000
551,Entry long,2025-07-30 04:00,3815.620000,1,4.380000,0.1100,8.030000,0.630000,50.640000
550,Exit long,2025-07-30 00:15,3786.480000,1,-5.070000,-0.1300,1.280000,15.550000,46.260000
550,Entry long,2025-07-30 00:00,3791.550000,1,-5.070000,-0.1300,1.280000,15.550000,46.260000
549,Exit long,2025-07-29 08:15,3870.020000,1,-6.540000,-0.1700,8.870000,9.410000,51.330000
549,Entry long,2025-07-29 08:00,3876.560000,1,-6.540000,-0.1700,8.870000,9.410000,51.330000
548,Exit long,2025-07-28 00:15,3880.600000,1,9.120000,0.2400,10.400000,13.480000,57.870000
548,Entry long,2025-07-28 00:00,3871.480000,1,9.120000,0.2400,10.400000,13.480000,57.870000
547,Exit long,2025-07-27 16:15,3828.130000,1,10.460000,0.2700,13.140000,0.510000,48.750000
547,Entry long,2025-07-27 16:00,3817.670000,1,10.460000,0.2700,13.140000,0.510000,48.750000
546,Exit long,2025-07-26 20:15,3740.070000,1,-9.250000,-0.2500,1.330000,9.560000,38.290000
546,Entry long,2025-07-26 20:00,3749.320000,1,-9.250000,-0.2500,1.330000,9.560000,38.290000
545,Exit long,2025-07-26 08:15,3742.910000,1,1.870000,0.0500,4.490000,0.010000,47.540000
545,Entry long,2025-07-26 08:00,3741.040000,1,1.870000,0.0500,4.490000,0.010000,47.540000
544,Exit long,2025-07-26 00:15,3713.050000,1,-11.130000,-0.3000,1.510000,13.970000,45.670000
544,Entry long,2025-07-26 00:00,3724.180000,1,-11.130000,-0.3000,1.510000,13.970000,45.670000
543,Exit long,2025-07-25 12:15,3726.820000,1,6.810000,0.1800,14.420000,3.710000,56.800000
543,Entry long,2025-07-25 12:00,3720.010000,1,6.810000,0.1800,14.420000,3.710000,56.800000
542,Exit long,2025-07-25 08:15,3643.520000,1,12.840000,0.3500,19.600000,3.270000,49.990000
542,Entry long,2025-07-25 08:00,3630.680000,1,12.840000,0.3500,19.600000,3.270000,49.990000
541,Exit long,2025-07-24 12:15,3643.610000,1,-10.720000,-0.2900,5.000000,18.330000,37.150000
541,Entry long,2025-07-24 12:00,3654.330000,1,-10.720000,-0.2900,5.000000,18.330000,37.150000
540,Exit long,2025-07-24 00:15,3619.080000,1,-8.420000,-0.2300,0.650000,16.720000,47.870000
540,Entry long,2025-07-24 00:00,3627.500000,1,-8.420000,-0.2300,0.650000,16.720000,47.870000
539,Exit long,2025-07-23 00:15,3736.610000,1,-9.410000,-0.2500,0.410000,12.520000,56.290000
539,Entry long,2025-07-23 00:00,3746.020000,1,-9.410000,-0.2500,0.410000,12.520000,56.290000
538,Exit long,2025-07-22 16:15,3739.280000,1,21.540000,0.5800,22.860000,8.180000,65.700000
538,Entry long,2025-07-22 16:00,3717.740000,1,21.540000,0.5800,22.860000,8.180000,65.700000
537,Exit long,2025-07-22 12:15,3704.370000,1,-0.030000,-0.0000,6.600000,4.510000,44.160000
537,Entry long,2025-07-22 12:00,3704.400000,1,-0.030000,-0.0000,6.600000,4.510000,44.160000
536,Exit long,2025-07-22 00:15,3756.260000,1,-4.690000,-0.1200,1.700000,9.520000,44.190000
536,Entry long,2025-07-22 00:00,3760.950000,1,-4.690000,-0.1200,1.700000,9.520000,44.190000
535,Exit long,2025-07-21 08:15,3795.770000,1,8.810000,0.2300,12.810000,3.410000,48.880000
535,Entry long,2025-07-21 08:00,3786.960000,1,8.810000,0.2300,12.810000,3.410000,48.880000
534,Exit long,2025-07-21 04:15,3762.770000,1,5.910000,0.1600,5.920000,2.240000,40.070000
534,Entry long,2025-07-21 04:00,3756.860000,1,5.910000,0.1600,5.920000,2.240000,40.070000
533,Exit long,2025-07-21 00:15,3731.720000,1,-23.960000,-0.6400,0.810000,25.360000,34.160000
533,Entry long,2025-07-21 00:00,3755.680000,1,-23.960000,-0.6400,0.810000,25.360000,34.160000
532,Exit long,2025-07-20 16:15,3775.150000,1,-10.240000,-0.2700,9.200000,18.280000,58.120000
532,Entry long,2025-07-20 16:00,3785.390000,1,-10.240000,-0.2700,9.200000,18.280000,58.120000
531,Exit long,2025-07-20 12:15,3750.000000,1,-5.700000,-0.1500,0.510000,11.680000,68.360000
531,Entry long,2025-07-20 12:00,3755.700000,1,-5.700000,-0.1500,0.510000,11.680000,68.360000
530,Exit long,2025-07-20 08:15,3680.990000,1,13.620000,0.3700,14.000000,0.000000,74.060000
530,Entry long,2025-07-20 08:00,3667.370000,1,13.620000,0.3700,14.000000,0.000000,74.060000
529,Exit long,2025-07-20 04:15,3642.280000,1,-14.840000,-0.4100,4.660000,25.070000,60.440000
529,Entry long,2025-07-20 04:00,3657.120000,1,-14.840000,-0.4100,4.660000,25.070000,60.440000
528,Exit long,2025-07-20 00:15,3583.330000,1,-7.990000,-0.2200,1.730000,12.220000,75.280000
528,Entry long,2025-07-20 00:00,3591.320000,1,-7.990000,-0.2200,1.730000,12.220000,75.280000
527,Exit long,2025-07-19 20:15,3580.100000,1,2.970000,0.0800,16.320000,3.070000,83.270000
527,Entry long,2025-07-19 20:00,3577.130000,1,2.970000,0.0800,16.320000,3.070000,83.270000
526,Exit long,2025-07-19 04:15,3598.430000,1,6.690000,0.1900,16.260000,1.600000,80.300000
526,Entry long,2025-07-19 04:00,3591.740000,1,6.690000,0.1900,16.260000,1.600000,80.300000
525,Exit long,2025-07-18 00:15,3469.530000,1,-7.130000,-0.2100,6.230000,18.660000,73.610000
525,Entry long,2025-07-18 00:00,3476.660000,1,-7.130000,-0.2100,6.230000,18.660000,73.610000
524,Exit long,2025-07-17 08:15,3446.590000,1,-1.780000,-0.0500,2.450000,12.370000,80.740000
524,Entry long,2025-07-17 08:00,3448.370000,1,-1.780000,-0.0500,2.450000,12.370000,80.740000
523,Exit long,2025-07-16 20:15,3390.300000,1,7.800000,0.2300,26.500000,9.010000,82.520000
523,Entry long,2025-07-16 20:00,3382.500000,1,7.800000,0.2300,26.500000,9.010000,82.520000
522,Exit long,2025-07-16 00:15,3119.660000,1,-17.960000,-0.5700,2.320000,20.420000,74.720000
522,Entry long,2025-07-16 00:00,3137.620000,1,-17.960000,-0.5700,2.320000,20.420000,74.720000
521,Exit long,2025-07-15 16:15,3046.660000,1,7.670000,0.2500,17.430000,5.960000,92.680000
521,Entry long,2025-07-15 16:00,3038.990000,1,7.670000,0.2500,17.430000,5.960000,92.680000
520,Exit long,2025-07-15 12:15,2980.690000,1,0.530000,0.0200,4.210000,3.860000,85.010000
520,Entry long,2025-07-15 12:00,2980.160000,1,0.530000,0.0200,4.210000,3.860000,85.010000
519,Exit long,2025-07-14 08:15,3028.870000,1,-14.780000,-0.4900,0.710000,18.650000,84.480000
519,Entry long,2025-07-14 08:00,3043.650000,1,-14.780000,-0.4900,0.710000,18.650000,84.480000
518,Exit long,2025-07-14 04:15,3035.990000,1,-0.380000,-0.0100,2.630000,8.020000,99.260000
518,Entry long,2025-07-14 04:00,3036.370000,1,-0.380000,-0.0100,2.630000,8.020000,99.260000
517,Exit long,2025-07-13 16:15,2987.490000,1,-3.490000,-0.1200,6.010000,4.790000,99.640000
517,Entry long,2025-07-13 16:00,2990.980000,1,-3.490000,-0.1200,6.010000,4.790000,99.640000
516,Exit long,2025-07-13 12:15,2960.480000,1,-2.840000,-0.1000,2.670000,5.450000,103.130000
516,Entry long,2025-07-13 12:00,2963.320000,1,-2.840000,-0.1000,2.670000,5.450000,103.130000
515,Exit long,2025-07-13 08:15,2959.300000,1,-2.170000,-0.0700,1.770000,5.970000,105.970000
515,Entry long,2025-07-13 08:00,2961.470000,1,-2.170000,-0.0700,1.770000,5.970000,105.970000
514,Exit long,2025-07-13 04:15,2952.910000,1,-0.860000,-0.0300,0.830000,3.770000,108.140000
514,Entry long,2025-07-13 04:00,2953.770000,1,-0.860000,-0.0300,0.830000,3.770000,108.140000
513,Exit long,2025-07-13 00:15,2940.000000,1,-1.880000,-0.0600,1.300000,7.000000,109.000000
513,Entry long,2025-07-13 00:00,2941.880000,1,-1.880000,-0.0600,1.300000,7.000000,109.000000
512,Exit long,2025-07-12 04:15,2965.460000,1,0.570000,0.0200,2.880000,3.790000,110.880000
512,Entry long,2025-07-12 04:00,2964.890000,1,0.570000,0.0200,2.880000,3.790000,110.880000
511,Exit long,2025-07-11 20:15,3001.550000,1,-5.090000,-0.1700,2.120000,10.120000,110.310000
511,Entry long,2025-07-11 20:00,3006.640000,1,-5.090000,-0.1700,2.120000,10.120000,110.310000
510,Exit long,2025-07-11 04:15,2962.160000,1,-6.340000,-0.2100,0.600000,7.500000,115.400000
510,Entry long,2025-07-11 04:00,2968.500000,1,-6.340000,-0.2100,0.600000,7.500000,115.400000
509,Exit long,2025-07-10 20:15,2817.020000,1,2.410000,0.0900,8.810000,3.410000,121.740000
509,Entry long,2025-07-10 20:00,2814.610000,1,2.410000,0.0900,8.810000,3.410000,121.740000
508,Exit long,2025-07-09 20:15,2748.750000,1,-14.810000,-0.5400,1.620000,20.360000,119.330000
508,Entry long,2025-07-09 20:00,2763.560000,1,-14.810000,-0.5400,1.620000,20.360000,119.330000
507,Exit long,2025-07-09 16:15,2653.170000,1,-2.240000,-0.0800,3.650000,3.300000,134.140000
507,Entry long,2025-07-09 16:00,2655.410000,1,-2.240000,-0.0800,3.650000,3.300000,134.140000
506,Exit long,2025-07-09 12:15,2651.810000,1,26.860000,1.0200,26.890000,2.320000,136.380000
506,Entry long,2025-07-09 12:00,2624.950000,1,26.860000,1.0200,26.890000,2.320000,136.380000
505,Exit long,2025-07-09 00:15,2608.820000,1,-5.150000,-0.2000,0.620000,6.490000,109.520000
505,Entry long,2025-07-09 00:00,2613.970000,1,-5.150000,-0.2000,0.620000,6.490000,109.520000
504,Exit long,2025-07-08 12:15,2578.210000,1,4.330000,0.1700,5.250000,0.000000,114.670000
504,Entry long,2025-07-08 12:00,2573.880000,1,4.330000,0.1700,5.250000,0.000000,114.670000
503,Exit long,2025-07-07 08:15,2573.620000,1,-3.660000,-0.1400,1.100000,3.840000,110.340000
503,Entry long,2025-07-07 08:00,2577.280000,1,-3.660000,-0.1400,1.100000,3.840000,110.340000
502,Exit long,2025-07-07 04:15,2574.280000,1,-2.060000,-0.0800,3.440000,4.540000,114.000000
502,Entry long,2025-07-07 04:00,2576.340000,1,-2.060000,-0.0800,3.440000,4.540000,114.000000
501,Exit long,2025-07-04 12:15,2548.510000,1,0.500000,0.0200,2.670000,3.270000,116.060000
501,Entry long,2025-07-04 12:00,2548.010000,1,0.500000,0.0200,2.670000,3.270000,116.060000
500,Exit long,2025-07-03 20:15,2588.910000,1,4.280000,0.1700,8.000000,0.530000,115.560000
500,Entry long,2025-07-03 20:00,2584.630000,1,4.280000,0.1700,8.000000,0.530000,115.560000
499,Exit long,2025-07-03 08:15,2597.250000,1,-1.990000,-0.0800,8.150000,3.480000,111.280000
499,Entry long,2025-07-03 08:00,2599.240000,1,-1.990000,-0.0800,8.150000,3.480000,111.280000
498,Exit long,2025-07-02 20:15,2594.840000,1,-8.800000,-0.3400,0.410000,12.630000,113.270000
498,Entry long,2025-07-02 20:00,2603.640000,1,-8.800000,-0.3400,0.410000,12.630000,113.270000
497,Exit long,2025-07-02 16:15,2534.300000,1,36.570000,1.4600,42.270000,3.690000,122.070000
497,Entry long,2025-07-02 16:00,2497.730000,1,36.570000,1.4600,42.270000,3.690000,122.070000
496,Exit long,2025-07-02 04:15,2428.030000,1,-1.190000,-0.0500,0.600000,5.090000,85.500000
496,Entry long,2025-07-02 04:00,2429.220000,1,-1.190000,-0.0500,0.600000,5.090000,85.500000
495,Exit long,2025-07-02 00:15,2406.150000,1,2.490000,0.1000,3.150000,1.830000,86.690000
495,Entry long,2025-07-02 00:00,2403.660000,1,2.490000,0.1000,3.150000,1.830000,86.690000
494,Exit long,2025-07-01 04:15,2482.410000,1,-1.960000,-0.0800,0.330000,3.850000,84.200000
494,Entry long,2025-07-01 04:00,2484.370000,1,-1.960000,-0.0800,0.330000,3.850000,84.200000
493,Exit long,2025-06-30 20:15,2509.990000,1,-4.790000,-0.1900,0.840000,10.760000,86.160000
493,Entry long,2025-06-30 20:00,2514.780000,1,-4.790000,-0.1900,0.840000,10.760000,86.160000
492,Exit long,2025-06-30 16:15,2476.050000,1,2.510000,0.1000,7.460000,6.130000,90.950000
492,Entry long,2025-06-30 16:00,2473.540000,1,2.510000,0.1000,7.460000,6.130000,90.950000
491,Exit long,2025-06-29 20:15,2433.600000,1,-3.200000,-0.1300,1.120000,3.200000,88.440000
491,Entry long,2025-06-29 20:00,2436.800000,1,-3.200000,-0.1300,1.120000,3.200000,88.440000
490,Exit long,2025-06-29 12:15,2452.500000,1,-8.310000,-0.3400,1.330000,10.810000,91.640000
490,Entry long,2025-06-29 12:00,2460.810000,1,-8.310000,-0.3400,1.330000,10.810000,91.640000
489,Exit long,2025-06-29 08:15,2439.210000,1,-0.370000,-0.0200,3.560000,1.890000,99.950000
489,Entry long,2025-06-29 08:00,2439.580000,1,-0.370000,-0.0200,3.560000,1.890000,99.950000
488,Exit long,2025-06-28 16:15,2437.510000,1,2.420000,0.1000,7.970000,0.010000,100.320000
488,Entry long,2025-06-28 16:00,2435.090000,1,2.420000,0.1000,7.970000,0.010000,100.320000
487,Exit long,2025-06-28 08:15,2421.260000,1,-9.290000,-0.3800,0.700000,11.030000,97.900000
487,Entry long,2025-06-28 08:00,2430.550000,1,-9.290000,-0.3800,0.700000,11.030000,97.900000
486,Exit long,2025-06-28 00:15,2416.190000,1,-5.880000,-0.2400,0.990000,5.920000,107.190000
486,Entry long,2025-06-28 00:00,2422.070000,1,-5.880000,-0.2400,0.990000,5.920000,107.190000
485,Exit long,2025-06-27 12:15,2448.570000,1,2.300000,0.0900,3.200000,3.310000,113.070000
485,Entry long,2025-06-27 12:00,2446.270000,1,2.300000,0.0900,3.200000,3.310000,113.070000
484,Exit long,2025-06-27 04:15,2444.230000,1,-1.610000,-0.0700,0.800000,2.980000,110.770000
484,Entry long,2025-06-27 04:00,2445.840000,1,-1.610000,-0.0700,0.800000,2.980000,110.770000
483,Exit long,2025-06-26 20:15,2437.960000,1,3.450000,0.1400,8.420000,5.510000,112.380000
483,Entry long,2025-06-26 20:00,2434.510000,1,3.450000,0.1400,8.420000,5.510000,112.380000
482,Exit long,2025-06-26 08:15,2497.500000,1,8.490000,0.3400,8.490000,0.570000,108.930000
482,Entry long,2025-06-26 08:00,2489.010000,1,8.490000,0.3400,8.490000,0.570000,108.930000
481,Exit long,2025-06-25 20:15,2431.170000,1,-0.620000,-0.0300,3.170000,4.410000,100.440000
481,Entry long,2025-06-25 20:00,2431.790000,1,-0.620000,-0.0300,3.170000,4.410000,100.440000
480,Exit long,2025-06-25 08:15,2441.450000,1,-1.990000,-0.0800,1.390000,7.630000,101.060000
480,Entry long,2025-06-25 08:00,2443.440000,1,-1.990000,-0.0800,1.390000,7.630000,101.060000
479,Exit long,2025-06-25 00:15,2453.620000,1,6.040000,0.2500,8.940000,5.150000,103.050000
479,Entry long,2025-06-25 00:00,2447.580000,1,6.040000,0.2500,8.940000,5.150000,103.050000
478,Exit long,2025-06-24 16:15,2436.510000,1,-0.490000,-0.0200,6.560000,4.060000,97.010000
478,Entry long,2025-06-24 16:00,2437.000000,1,-0.490000,-0.0200,6.560000,4.060000,97.010000
477,Exit long,2025-06-24 00:15,2404.310000,1,-6.090000,-0.2500,6.430000,7.400000,97.500000
477,Entry long,2025-06-24 00:00,2410.400000,1,-6.090000,-0.2500,6.430000,7.400000,97.500000
476,Exit long,2025-06-23 20:15,2333.910000,1,22.300000,0.9600,26.390000,9.340000,103.590000
476,Entry long,2025-06-23 20:00,2311.610000,1,22.300000,0.9600,26.390000,9.340000,103.590000
475,Exit long,2025-06-23 08:15,2264.040000,1,6.530000,0.2900,15.960000,1.200000,81.290000
475,Entry long,2025-06-23 08:00,2257.510000,1,6.530000,0.2900,15.960000,1.200000,81.290000
474,Exit long,2025-06-22 20:15,2137.090000,1,-45.880000,-2.1000,3.660000,64.970000,74.760000
474,Entry long,2025-06-22 20:00,2182.970000,1,-45.880000,-2.1000,3.660000,64.970000,74.760000
473,Exit long,2025-06-22 12:15,2277.910000,1,5.910000,0.2600,14.640000,2.710000,120.640000
473,Entry long,2025-06-22 12:00,2272.000000,1,5.910000,0.2600,14.640000,2.710000,120.640000
472,Exit long,2025-06-21 12:15,2443.000000,1,1.570000,0.0600,2.670000,0.510000,114.730000
472,Entry long,2025-06-21 12:00,2441.430000,1,1.570000,0.0600,2.670000,0.510000,114.730000
471,Exit long,2025-06-21 08:15,2427.050000,1,1.420000,0.0600,4.910000,0.010000,113.160000
471,Entry long,2025-06-21 08:00,2425.630000,1,1.420000,0.0600,4.910000,0.010000,113.160000
470,Exit long,2025-06-21 04:15,2421.460000,1,-2.880000,-0.1200,1.600000,3.550000,111.740000
470,Entry long,2025-06-21 04:00,2424.340000,1,-2.880000,-0.1200,1.600000,3.550000,111.740000
469,Exit long,2025-06-20 08:15,2564.220000,1,15.620000,0.6100,17.400000,2.480000,114.620000
469,Entry long,2025-06-20 08:00,2548.600000,1,15.620000,0.6100,17.400000,2.480000,114.620000
468,Exit long,2025-06-19 20:15,2511.280000,1,7.510000,0.3000,10.710000,0.000000,99.000000
468,Entry long,2025-06-19 20:00,2503.770000,1,7.510000,0.3000,10.710000,0.000000,99.000000
467,Exit long,2025-06-19 04:15,2522.000000,1,-2.350000,-0.0900,0.380000,7.230000,91.490000
467,Entry long,2025-06-19 04:00,2524.350000,1,-2.350000,-0.0900,0.380000,7.230000,91.490000
466,Exit long,2025-06-18 08:15,2541.870000,1,9.540000,0.3800,15.020000,0.480000,93.840000
466,Entry long,2025-06-18 08:00,2532.330000,1,9.540000,0.3800,15.020000,0.480000,93.840000
465,Exit long,2025-06-18 04:15,2532.000000,1,5.120000,0.2000,5.520000,2.620000,84.300000
465,Entry long,2025-06-18 04:00,2526.880000,1,5.120000,0.2000,5.520000,2.620000,84.300000
464,Exit long,2025-06-17 20:15,2523.600000,1,-3.490000,-0.1400,6.740000,5.490000,79.180000
464,Entry long,2025-06-17 20:00,2527.090000,1,-3.490000,-0.1400,6.740000,5.490000,79.180000
463,Exit long,2025-06-16 20:15,2651.080000,1,-8.140000,-0.3100,0.620000,16.700000,82.670000
463,Entry long,2025-06-16 20:00,2659.220000,1,-8.140000,-0.3100,0.620000,16.700000,82.670000
462,Exit long,2025-06-16 08:15,2627.450000,1,-0.270000,-0.0100,1.730000,3.510000,90.810000
462,Entry long,2025-06-16 08:00,2627.720000,1,-0.270000,-0.0100,1.730000,3.510000,90.810000
461,Exit long,2025-06-16 00:15,2542.460000,1,-3.860000,-0.1500,2.240000,6.470000,91.080000
461,Entry long,2025-06-16 00:00,2546.320000,1,-3.860000,-0.1500,2.240000,6.470000,91.080000
460,Exit long,2025-06-15 00:15,2533.560000,1,3.900000,0.1500,4.700000,2.290000,94.940000
460,Entry long,2025-06-15 00:00,2529.660000,1,3.900000,0.1500,4.700000,2.290000,94.940000
459,Exit long,2025-06-14 12:15,2532.350000,1,-4.660000,-0.1800,0.810000,6.420000,91.040000
459,Entry long,2025-06-14 12:00,2537.010000,1,-4.660000,-0.1800,0.810000,6.420000,91.040000
458,Exit long,2025-06-14 00:15,2567.290000,1,-10.810000,-0.4200,0.080000,12.930000,95.700000
458,Entry long,2025-06-14 00:00,2578.100000,1,-10.810000,-0.4200,0.080000,12.930000,95.700000
457,Exit long,2025-06-13 16:15,2576.650000,1,26.390000,1.0300,28.590000,5.230000,106.510000
457,Entry long,2025-06-13 16:00,2550.260000,1,26.390000,1.0300,28.590000,5.230000,106.510000
456,Exit long,2025-06-13 12:15,2550.430000,1,6.500000,0.2600,16.060000,5.380000,80.120000
456,Entry long,2025-06-13 12:00,2543.930000,1,6.500000,0.2600,16.060000,5.380000,80.120000
455,Exit long,2025-06-11 16:15,2857.670000,1,-6.330000,-0.2200,0.680000,19.560000,73.620000
455,Entry long,2025-06-11 16:00,2864.000000,1,-6.330000,-0.2200,0.680000,19.560000,73.620000
454,Exit long,2025-06-11 00:15,2820.880000,1,5.140000,0.1800,12.860000,5.600000,79.950000
454,Entry long,2025-06-11 00:00,2815.740000,1,5.140000,0.1800,12.860000,5.600000,79.950000
453,Exit long,2025-06-10 20:15,2758.790000,1,-14.080000,-0.5100,1.150000,20.310000,74.810000
453,Entry long,2025-06-10 20:00,2772.870000,1,-14.080000,-0.5100,1.150000,20.310000,74.810000
452,Exit long,2025-06-10 12:15,2753.700000,1,-19.290000,-0.7000,5.170000,27.990000,88.890000
452,Entry long,2025-06-10 12:00,2772.990000,1,-19.290000,-0.7000,5.170000,27.990000,88.890000
451,Exit long,2025-06-10 00:15,2690.120000,1,10.990000,0.4100,14.870000,2.130000,108.180000
451,Entry long,2025-06-10 00:00,2679.130000,1,10.990000,0.4100,14.870000,2.130000,108.180000
450,Exit long,2025-06-09 12:15,2533.730000,1,-7.020000,-0.2800,0.480000,7.350000,97.190000
450,Entry long,2025-06-09 12:00,2540.750000,1,-7.020000,-0.2800,0.480000,7.350000,97.190000
449,Exit long,2025-06-08 20:15,2535.190000,1,3.650000,0.1400,5.160000,3.380000,104.210000
449,Entry long,2025-06-08 20:00,2531.540000,1,3.650000,0.1400,5.160000,3.380000,104.210000
448,Exit long,2025-06-08 16:15,2519.070000,1,5.690000,0.2300,8.560000,1.900000,100.560000
448,Entry long,2025-06-08 16:00,2513.380000,1,5.690000,0.2300,8.560000,1.900000,100.560000
447,Exit long,2025-06-08 08:15,2516.760000,1,3.300000,0.1300,6.730000,0.070000,94.870000
447,Entry long,2025-06-08 08:00,2513.460000,1,3.300000,0.1300,6.730000,0.070000,94.870000
446,Exit long,2025-06-07 16:15,2520.090000,1,1.590000,0.0600,6.400000,0.720000,91.570000
446,Entry long,2025-06-07 16:00,2518.500000,1,1.590000,0.0600,6.400000,0.720000,91.570000
445,Exit long,2025-06-07 12:15,2494.000000,1,-0.230000,-0.0100,2.260000,2.090000,89.980000
445,Entry long,2025-06-07 12:00,2494.230000,1,-0.230000,-0.0100,2.260000,2.090000,89.980000
444,Exit long,2025-06-07 04:15,2482.020000,1,-5.970000,-0.2400,0.580000,6.490000,90.210000
444,Entry long,2025-06-07 04:00,2487.990000,1,-5.970000,-0.2400,0.580000,6.490000,90.210000
443,Exit long,2025-06-06 04:15,2450.750000,1,-3.750000,-0.1500,2.500000,7.420000,96.180000
443,Entry long,2025-06-06 04:00,2454.500000,1,-3.750000,-0.1500,2.500000,7.420000,96.180000
442,Exit long,2025-06-05 12:15,2618.370000,1,11.740000,0.4500,13.360000,2.410000,99.930000
442,Entry long,2025-06-05 12:00,2606.630000,1,11.740000,0.4500,13.360000,2.410000,99.930000
441,Exit long,2025-06-05 04:15,2624.630000,1,0.620000,0.0200,3.990000,3.600000,88.190000
441,Entry long,2025-06-05 04:00,2624.010000,1,0.620000,0.0200,3.990000,3.600000,88.190000
440,Exit long,2025-06-04 16:15,2658.820000,1,-8.100000,-0.3000,1.370000,11.460000,87.570000
440,Entry long,2025-06-04 16:00,2666.920000,1,-8.100000,-0.3000,1.370000,11.460000,87.570000
439,Exit long,2025-06-04 04:15,2627.650000,1,0.880000,0.0300,6.050000,3.530000,95.670000
439,Entry long,2025-06-04 04:00,2626.770000,1,0.880000,0.0300,6.050000,3.530000,95.670000
438,Exit long,2025-06-03 20:15,2618.570000,1,-5.600000,-0.2100,0.290000,8.660000,94.790000
438,Entry long,2025-06-03 20:00,2624.170000,1,-5.600000,-0.2100,0.290000,8.660000,94.790000
437,Exit long,2025-06-03 00:15,2615.080000,1,8.590000,0.3300,10.390000,6.210000,100.390000
437,Entry long,2025-06-03 00:00,2606.490000,1,8.590000,0.3300,10.390000,6.210000,100.390000
436,Exit long,2025-06-02 16:15,2536.370000,1,-6.880000,-0.2700,1.690000,7.500000,91.800000
436,Entry long,2025-06-02 16:00,2543.250000,1,-6.880000,-0.2700,1.690000,7.500000,91.800000
435,Exit long,2025-06-02 08:15,2507.030000,1,1.240000,0.0500,5.180000,3.560000,98.680000
435,Entry long,2025-06-02 08:00,2505.790000,1,1.240000,0.0500,5.180000,3.560000,98.680000
434,Exit long,2025-06-02 00:15,2535.000000,1,-2.890000,-0.1100,1.670000,4.360000,97.440000
434,Entry long,2025-06-02 00:00,2537.890000,1,-2.890000,-0.1100,1.670000,4.360000,97.440000
433,Exit long,2025-06-01 20:15,2521.330000,1,-3.770000,-0.1500,0.570000,6.910000,100.330000
433,Entry long,2025-06-01 20:00,2525.100000,1,-3.770000,-0.1500,0.570000,6.910000,100.330000
432,Exit long,2025-06-01 16:15,2535.980000,1,13.980000,0.5500,18.880000,2.220000,104.100000
432,Entry long,2025-06-01 16:00,2522.000000,1,13.980000,0.5500,18.880000,2.220000,104.100000
431,Exit long,2025-05-30 04:15,2626.050000,1,-4.340000,-0.1600,0.560000,9.480000,90.120000
431,Entry long,2025-05-30 04:00,2630.390000,1,-4.340000,-0.1600,0.560000,9.480000,90.120000
430,Exit long,2025-05-29 20:15,2650.660000,1,1.310000,0.0500,11.650000,0.970000,94.460000
430,Entry long,2025-05-29 20:00,2649.350000,1,1.310000,0.0500,11.650000,0.970000,94.460000
429,Exit long,2025-05-29 00:15,2679.030000,1,-1.370000,-0.0500,4.300000,10.970000,93.150000
429,Entry long,2025-05-29 00:00,2680.400000,1,-1.370000,-0.0500,4.300000,10.970000,93.150000
428,Exit long,2025-05-28 12:15,2654.350000,1,-1.640000,-0.0600,3.080000,3.990000,94.520000
428,Entry long,2025-05-28 12:00,2655.990000,1,-1.640000,-0.0600,3.080000,3.990000,94.520000
427,Exit long,2025-05-27 20:15,2688.650000,1,1.810000,0.0700,6.790000,3.480000,96.160000
427,Entry long,2025-05-27 20:00,2686.840000,1,1.810000,0.0700,6.790000,3.480000,96.160000
426,Exit long,2025-05-27 16:15,2665.220000,1,-2.250000,-0.0800,1.080000,10.270000,94.350000
426,Entry long,2025-05-27 16:00,2667.470000,1,-2.250000,-0.0800,1.080000,10.270000,94.350000
425,Exit long,2025-05-27 12:15,2638.690000,1,-13.280000,-0.5000,1.750000,15.290000,96.600000
425,Entry long,2025-05-27 12:00,2651.970000,1,-13.280000,-0.5000,1.750000,15.290000,96.600000
424,Exit long,2025-05-27 08:15,2625.230000,1,18.260000,0.7000,32.410000,0.270000,109.880000
424,Entry long,2025-05-27 08:00,2606.970000,1,18.260000,0.7000,32.410000,0.270000,109.880000
423,Exit long,2025-05-27 00:15,2567.610000,1,5.190000,0.2000,5.580000,3.320000,91.620000
423,Entry long,2025-05-27 00:00,2562.420000,1,5.190000,0.2000,5.580000,3.320000,91.620000
422,Exit long,2025-05-26 04:15,2558.640000,1,-0.700000,-0.0300,4.150000,3.180000,86.430000
422,Entry long,2025-05-26 04:00,2559.340000,1,-0.700000,-0.0300,4.150000,3.180000,86.430000
421,Exit long,2025-05-26 00:15,2546.180000,1,-3.850000,-0.1500,7.720000,3.900000,87.130000
421,Entry long,2025-05-26 00:00,2550.030000,1,-3.850000,-0.1500,7.720000,3.900000,87.130000
420,Exit long,2025-05-25 20:15,2517.120000,1,-8.080000,-0.3200,2.640000,9.150000,90.980000
420,Entry long,2025-05-25 20:00,2525.200000,1,-8.080000,-0.3200,2.640000,9.150000,90.980000
419,Exit long,2025-05-25 16:15,2506.030000,1,-4.440000,-0.1800,1.900000,8.220000,99.060000
419,Entry long,2025-05-25 16:00,2510.470000,1,-4.440000,-0.1800,1.900000,8.220000,99.060000
418,Exit long,2025-05-25 12:15,2498.800000,1,2.220000,0.0900,2.420000,2.840000,103.500000
418,Entry long,2025-05-25 12:00,2496.580000,1,2.220000,0.0900,2.420000,2.840000,103.500000
417,Exit long,2025-05-24 04:15,2549.110000,1,0.130000,0.0100,3.080000,4.250000,101.280000
417,Entry long,2025-05-24 04:00,2548.980000,1,0.130000,0.0100,3.080000,4.250000,101.280000
416,Exit long,2025-05-23 04:15,2712.640000,1,-8.290000,-0.3000,4.460000,9.520000,101.150000
416,Entry long,2025-05-23 04:00,2720.930000,1,-8.290000,-0.3000,4.460000,9.520000,101.150000
415,Exit long,2025-05-23 00:15,2661.740000,1,-1.980000,-0.0700,1.520000,11.820000,109.440000
415,Entry long,2025-05-23 00:00,2663.720000,1,-1.980000,-0.0700,1.520000,11.820000,109.440000
414,Exit long,2025-05-22 08:15,2642.800000,1,8.390000,0.3200,10.020000,8.000000,111.420000
414,Entry long,2025-05-22 08:00,2634.410000,1,8.390000,0.3200,10.020000,8.000000,111.420000
413,Exit long,2025-05-22 04:15,2620.670000,1,-7.920000,-0.3000,6.140000,15.590000,103.030000
413,Entry long,2025-05-22 04:00,2628.590000,1,-7.920000,-0.3000,6.140000,15.590000,103.030000
412,Exit long,2025-05-22 00:15,2557.340000,1,7.080000,0.2800,13.810000,6.890000,110.950000
412,Entry long,2025-05-22 00:00,2550.260000,1,7.080000,0.2800,13.810000,6.890000,110.950000
411,Exit long,2025-05-21 04:15,2544.490000,1,0.730000,0.0300,6.840000,3.600000,103.870000
411,Entry long,2025-05-21 04:00,2543.760000,1,0.730000,0.0300,6.840000,3.600000,103.870000
410,Exit long,2025-05-21 00:15,2531.710000,1,8.630000,0.3400,8.850000,3.120000,103.140000
410,Entry long,2025-05-21 00:00,2523.080000,1,8.630000,0.3400,8.850000,3.120000,103.140000
409,Exit long,2025-05-20 20:15,2498.670000,1,-1.580000,-0.0600,9.270000,16.750000,94.510000
409,Entry long,2025-05-20 20:00,2500.250000,1,-1.580000,-0.0600,9.270000,16.750000,94.510000
408,Exit long,2025-05-20 00:15,2542.350000,1,15.480000,0.6100,18.130000,4.450000,96.090000
408,Entry long,2025-05-20 00:00,2526.870000,1,15.480000,0.6100,18.130000,4.450000,96.090000
407,Exit long,2025-05-19 20:15,2507.180000,1,-10.500000,-0.4200,3.320000,12.060000,80.610000
407,Entry long,2025-05-19 20:00,2517.680000,1,-10.500000,-0.4200,3.320000,12.060000,80.610000
406,Exit long,2025-05-19 16:15,2454.990000,1,-10.600000,-0.4300,1.600000,15.770000,91.110000
406,Entry long,2025-05-19 16:00,2465.590000,1,-10.600000,-0.4300,1.600000,15.770000,91.110000
405,Exit long,2025-05-19 12:15,2400.080000,1,-16.250000,-0.6700,3.670000,21.030000,101.710000
405,Entry long,2025-05-19 12:00,2416.330000,1,-16.250000,-0.6700,3.670000,21.030000,101.710000
404,Exit long,2025-05-19 08:15,2408.250000,1,5.720000,0.2400,6.710000,13.530000,117.960000
404,Entry long,2025-05-19 08:00,2402.530000,1,5.720000,0.2400,6.710000,13.530000,117.960000
403,Exit long,2025-05-19 00:15,2479.730000,1,-17.250000,-0.6900,16.400000,24.180000,112.240000
403,Entry long,2025-05-19 00:00,2496.980000,1,-17.250000,-0.6900,16.400000,24.180000,112.240000
402,Exit long,2025-05-18 16:15,2572.000000,1,-6.070000,-0.2400,4.850000,6.880000,129.490000
402,Entry long,2025-05-18 16:00,2578.070000,1,-6.070000,-0.2400,4.850000,6.880000,129.490000
401,Exit long,2025-05-18 08:15,2518.020000,1,9.670000,0.3900,19.500000,0.190000,135.560000
401,Entry long,2025-05-18 08:00,2508.350000,1,9.670000,0.3900,19.500000,0.190000,135.560000
400,Exit long,2025-05-18 00:15,2478.990000,1,4.900000,0.2000,8.170000,1.880000,125.890000
400,Entry long,2025-05-18 00:00,2474.090000,1,4.900000,0.2000,8.170000,1.880000,125.890000
399,Exit long,2025-05-16 08:15,2596.880000,1,-3.630000,-0.1400,4.140000,6.420000,120.990000
399,Entry long,2025-05-16 08:00,2600.510000,1,-3.630000,-0.1400,4.140000,6.420000,120.990000
398,Exit long,2025-05-16 04:15,2580.230000,1,-0.200000,-0.0100,8.270000,3.730000,124.620000
398,Entry long,2025-05-16 04:00,2580.430000,1,-0.200000,-0.0100,8.270000,3.730000,124.620000
397,Exit long,2025-05-16 00:15,2555.200000,1,7.440000,0.2900,8.160000,5.240000,124.820000
397,Entry long,2025-05-16 00:00,2547.760000,1,7.440000,0.2900,8.160000,5.240000,124.820000
396,Exit long,2025-05-15 16:15,2556.820000,1,-6.090000,-0.2400,5.730000,8.540000,117.380000
396,Entry long,2025-05-15 16:00,2562.910000,1,-6.090000,-0.2400,5.730000,8.540000,117.380000
395,Exit long,2025-05-15 12:15,2546.130000,1,-7.680000,-0.3000,4.660000,11.810000,123.470000
395,Entry long,2025-05-15 12:00,2553.810000,1,-7.680000,-0.3000,4.660000,11.810000,123.470000
394,Exit long,2025-05-15 00:15,2617.710000,1,8.960000,0.3400,10.460000,2.750000,131.150000
394,Entry long,2025-05-15 00:00,2608.750000,1,8.960000,0.3400,10.460000,2.750000,131.150000
393,Exit long,2025-05-13 20:15,2667.530000,1,-22.490000,-0.8400,5.970000,37.020000,122.190000
393,Entry long,2025-05-13 20:00,2690.020000,1,-22.490000,-0.8400,5.970000,37.020000,122.190000
392,Exit long,2025-05-13 16:15,2587.010000,1,22.130000,0.8600,30.120000,6.270000,144.680000
392,Entry long,2025-05-13 16:00,2564.880000,1,22.130000,0.8600,30.120000,6.270000,144.680000
391,Exit long,2025-05-13 12:15,2499.650000,1,-12.600000,-0.5000,1.010000,20.650000,122.550000
391,Entry long,2025-05-13 12:00,2512.250000,1,-12.600000,-0.5000,1.010000,20.650000,122.550000
390,Exit long,2025-05-13 08:15,2466.560000,1,6.670000,0.2700,10.510000,0.000000,135.150000
390,Entry long,2025-05-13 08:00,2459.890000,1,6.670000,0.2700,10.510000,0.000000,135.150000
389,Exit long,2025-05-13 00:15,2476.630000,1,-17.530000,-0.7000,0.740000,20.900000,128.480000
389,Entry long,2025-05-13 00:00,2494.160000,1,-17.530000,-0.7000,0.740000,20.900000,128.480000
388,Exit long,2025-05-12 08:15,2543.470000,1,-9.980000,-0.3900,0.800000,22.830000,146.010000
388,Entry long,2025-05-12 08:00,2553.450000,1,-9.980000,-0.3900,0.800000,22.830000,146.010000
387,Exit long,2025-05-12 00:15,2519.630000,1,6.150000,0.2400,7.800000,3.480000,155.990000
387,Entry long,2025-05-12 00:00,2513.480000,1,6.150000,0.2400,7.800000,3.480000,155.990000
386,Exit long,2025-05-11 20:15,2503.420000,1,-3.580000,-0.1400,2.000000,15.000000,149.840000
386,Entry long,2025-05-11 20:00,2507.000000,1,-3.580000,-0.1400,2.000000,15.000000,149.840000
385,Exit long,2025-05-11 12:15,2523.680000,1,-5.680000,-0.2200,1.560000,7.790000,153.420000
385,Entry long,2025-05-11 12:00,2529.360000,1,-5.680000,-0.2200,1.560000,7.790000,153.420000
384,Exit long,2025-05-11 00:15,2579.690000,1,-2.210000,-0.0900,26.100000,8.900000,159.100000
384,Entry long,2025-05-11 00:00,2581.900000,1,-2.210000,-0.0900,26.100000,8.900000,159.100000
383,Exit long,2025-05-10 20:15,2484.000000,1,-14.350000,-0.5700,5.600000,32.750000,161.310000
383,Entry long,2025-05-10 20:00,2498.350000,1,-14.350000,-0.5700,5.600000,32.750000,161.310000
382,Exit long,2025-05-10 08:15,2404.160000,1,4.960000,0.2100,35.800000,6.070000,175.660000
382,Entry long,2025-05-10 08:00,2399.200000,1,4.960000,0.2100,35.800000,6.070000,175.660000
381,Exit long,2025-05-10 00:15,2348.000000,1,3.690000,0.1600,13.130000,4.550000,170.700000
381,Entry long,2025-05-10 00:00,2344.310000,1,3.690000,0.1600,13.130000,4.550000,170.700000
380,Exit long,2025-05-09 08:15,2369.410000,1,5.700000,0.2400,22.280000,1.710000,167.010000
380,Entry long,2025-05-09 08:00,2363.710000,1,5.700000,0.2400,22.280000,1.710000,167.010000
379,Exit long,2025-05-09 00:15,2187.330000,1,-19.200000,-0.8700,1.330000,20.040000,161.310000
379,Entry long,2025-05-09 00:00,2206.530000,1,-19.200000,-0.8700,1.330000,20.040000,161.310000
378,Exit long,2025-05-08 20:15,2114.040000,1,-3.550000,-0.1700,8.810000,3.590000,180.510000
378,Entry long,2025-05-08 20:00,2117.590000,1,-3.550000,-0.1700,8.810000,3.590000,180.510000
377,Exit long,2025-05-08 16:15,2054.210000,1,3.650000,0.1800,7.670000,9.840000,184.060000
377,Entry long,2025-05-08 16:00,2050.560000,1,3.650000,0.1800,7.670000,9.840000,184.060000
376,Exit long,2025-05-08 08:15,1928.230000,1,0.420000,0.0200,3.710000,2.810000,180.410000
376,Entry long,2025-05-08 08:00,1927.810000,1,0.420000,0.0200,3.710000,2.810000,180.410000
375,Exit long,2025-05-08 04:15,1906.620000,1,6.110000,0.3200,16.490000,1.110000,179.990000
375,Entry long,2025-05-08 04:00,1900.510000,1,6.110000,0.3200,16.490000,1.110000,179.990000
374,Exit long,2025-05-07 08:15,1834.450000,1,-2.820000,-0.1500,4.000000,3.950000,173.880000
374,Entry long,2025-05-07 08:00,1837.270000,1,-2.820000,-0.1500,4.000000,3.950000,173.880000
373,Exit long,2025-05-07 04:15,1831.870000,1,6.270000,0.3400,7.200000,0.010000,176.700000
373,Entry long,2025-05-07 04:00,1825.600000,1,6.270000,0.3400,7.200000,0.010000,176.700000
372,Exit long,2025-05-07 00:15,1818.990000,1,2.760000,0.1500,3.940000,2.760000,170.430000
372,Entry long,2025-05-07 00:00,1816.230000,1,2.760000,0.1500,3.940000,2.760000,170.430000
371,Exit long,2025-05-06 16:15,1773.460000,1,4.150000,0.2300,4.950000,8.310000,167.670000
371,Entry long,2025-05-06 16:00,1769.310000,1,4.150000,0.2300,4.950000,8.310000,167.670000
370,Exit long,2025-05-05 08:15,1823.780000,1,-1.950000,-0.1100,1.640000,3.220000,163.520000
370,Entry long,2025-05-05 08:00,1825.730000,1,-1.950000,-0.1100,1.640000,3.220000,163.520000
369,Exit long,2025-05-03 20:15,1834.610000,1,-3.010000,-0.1600,1.080000,3.180000,165.470000
369,Entry long,2025-05-03 20:00,1837.620000,1,-3.010000,-0.1600,1.080000,3.180000,165.470000
368,Exit long,2025-05-03 00:15,1840.190000,1,-1.030000,-0.0600,0.380000,2.290000,168.480000
368,Entry long,2025-05-03 00:00,1841.220000,1,-1.030000,-0.0600,0.380000,2.290000,168.480000
367,Exit long,2025-05-02 12:15,1830.180000,1,-2.210000,-0.1200,3.590000,2.930000,169.510000
367,Entry long,2025-05-02 12:00,1832.390000,1,-2.210000,-0.1200,3.590000,2.930000,169.510000
366,Exit long,2025-05-02 04:15,1845.500000,1,-1.160000,-0.0600,4.200000,1.440000,171.720000
366,Entry long,2025-05-02 04:00,1846.660000,1,-1.160000,-0.0600,4.200000,1.440000,171.720000
365,Exit long,2025-05-01 16:15,1857.440000,1,5.440000,0.2900,8.760000,1.030000,172.880000
365,Entry long,2025-05-01 16:00,1852.000000,1,5.440000,0.2900,8.760000,1.030000,172.880000
364,Exit long,2025-05-01 08:15,1813.080000,1,3.340000,0.1800,4.260000,2.000000,167.440000
364,Entry long,2025-05-01 08:00,1809.740000,1,3.340000,0.1800,4.260000,2.000000,167.440000
363,Exit long,2025-05-01 04:15,1807.080000,1,-0.200000,-0.0100,2.210000,3.100000,164.100000
363,Entry long,2025-05-01 04:00,1807.280000,1,-0.200000,-0.0100,2.210000,3.100000,164.100000
362,Exit long,2025-04-30 20:15,1806.310000,1,20.230000,1.1300,23.110000,2.080000,164.300000
362,Entry long,2025-04-30 20:00,1786.080000,1,20.230000,1.1300,23.110000,2.080000,164.300000
361,Exit long,2025-04-30 12:15,1809.600000,1,-5.190000,-0.2900,0.690000,7.250000,144.070000
361,Entry long,2025-04-30 12:00,1814.790000,1,-5.190000,-0.2900,0.690000,7.250000,144.070000
360,Exit long,2025-04-30 04:15,1805.750000,1,-2.430000,-0.1300,1.170000,3.770000,149.260000
360,Entry long,2025-04-30 04:00,1808.180000,1,-2.430000,-0.1300,1.170000,3.770000,149.260000
359,Exit long,2025-04-29 12:15,1830.200000,1,1.310000,0.0700,3.470000,3.140000,151.690000
359,Entry long,2025-04-29 12:00,1828.890000,1,1.310000,0.0700,3.470000,3.140000,151.690000
358,Exit long,2025-04-29 08:15,1822.870000,1,2.100000,0.1200,5.230000,1.260000,150.380000
358,Entry long,2025-04-29 08:00,1820.770000,1,2.100000,0.1200,5.230000,1.260000,150.380000
357,Exit long,2025-04-29 04:15,1802.990000,1,1.730000,0.1000,2.090000,2.150000,148.280000
357,Entry long,2025-04-29 04:00,1801.260000,1,1.730000,0.1000,2.090000,2.150000,148.280000
356,Exit long,2025-04-28 20:15,1786.930000,1,-9.420000,-0.5200,2.000000,10.450000,146.550000
356,Entry long,2025-04-28 20:00,1796.350000,1,-9.420000,-0.5200,2.000000,10.450000,146.550000
355,Exit long,2025-04-28 12:15,1808.090000,1,-6.910000,-0.3800,1.480000,9.000000,155.970000
355,Entry long,2025-04-28 12:00,1815.000000,1,-6.910000,-0.3800,1.480000,9.000000,155.970000
354,Exit long,2025-04-28 08:15,1805.140000,1,1.190000,0.0700,3.670000,3.390000,162.880000
354,Entry long,2025-04-28 08:00,1803.950000,1,1.190000,0.0700,3.670000,3.390000,162.880000
353,Exit long,2025-04-27 20:15,1801.900000,1,-5.050000,-0.2800,0.300000,6.690000,161.690000
353,Entry long,2025-04-27 20:00,1806.950000,1,-5.050000,-0.2800,0.300000,6.690000,161.690000
352,Exit long,2025-04-27 00:15,1832.280000,1,12.290000,0.6800,13.800000,0.880000,166.740000
352,Entry long,2025-04-27 00:00,1819.990000,1,12.290000,0.6800,13.800000,0.880000,166.740000
351,Exit long,2025-04-26 20:15,1811.210000,1,-1.010000,-0.0600,5.750000,1.890000,154.450000
351,Entry long,2025-04-26 20:00,1812.220000,1,-1.010000,-0.0600,5.750000,1.890000,154.450000
350,Exit long,2025-04-26 16:15,1798.580000,1,-0.800000,-0.0400,0.060000,3.760000,155.460000
350,Entry long,2025-04-26 16:00,1799.380000,1,-0.800000,-0.0400,0.060000,3.760000,155.460000
349,Exit long,2025-04-25 12:15,1795.640000,1,6.170000,0.3400,12.530000,5.350000,156.260000
349,Entry long,2025-04-25 12:00,1789.470000,1,6.170000,0.3400,12.530000,5.350000,156.260000
348,Exit long,2025-04-25 08:15,1772.440000,1,-3.950000,-0.2200,1.870000,4.820000,150.090000
348,Entry long,2025-04-25 08:00,1776.390000,1,-3.950000,-0.2200,1.870000,4.820000,150.090000
347,Exit long,2025-04-25 00:15,1765.840000,1,-2.950000,-0.1700,0.610000,6.600000,154.040000
347,Entry long,2025-04-25 00:00,1768.790000,1,-2.950000,-0.1700,0.610000,6.600000,154.040000
346,Exit long,2025-04-23 04:15,1788.220000,1,-6.290000,-0.3500,3.260000,8.690000,156.990000
346,Entry long,2025-04-23 04:00,1794.510000,1,-6.290000,-0.3500,3.260000,8.690000,156.990000
345,Exit long,2025-04-23 00:15,1754.230000,1,-1.350000,-0.0800,5.680000,7.180000,163.280000
345,Entry long,2025-04-23 00:00,1755.580000,1,-1.350000,-0.0800,5.680000,7.180000,163.280000
344,Exit long,2025-04-22 16:15,1696.100000,1,-6.310000,-0.3700,7.590000,6.790000,164.630000
344,Entry long,2025-04-22 16:00,1702.410000,1,-6.310000,-0.3700,7.590000,6.790000,164.630000
343,Exit long,2025-04-22 12:15,1631.460000,1,1.320000,0.0800,2.980000,1.680000,170.940000
343,Entry long,2025-04-22 12:00,1630.140000,1,1.320000,0.0800,2.980000,1.680000,170.940000
342,Exit long,2025-04-22 08:15,1625.290000,1,6.690000,0.4100,10.680000,0.510000,169.620000
342,Entry long,2025-04-22 08:00,1618.600000,1,6.690000,0.4100,10.680000,0.510000,169.620000
341,Exit long,2025-04-22 00:15,1575.190000,1,-3.440000,-0.2200,1.350000,5.350000,162.930000
341,Entry long,2025-04-22 00:00,1578.630000,1,-3.440000,-0.2200,1.350000,5.350000,162.930000
340,Exit long,2025-04-21 04:15,1637.200000,1,3.140000,0.1900,6.700000,0.370000,166.370000
340,Entry long,2025-04-21 04:00,1634.060000,1,3.140000,0.1900,6.700000,0.370000,166.370000
339,Exit long,2025-04-21 00:15,1592.520000,1,5.950000,0.3800,7.180000,1.290000,163.230000
339,Entry long,2025-04-21 00:00,1586.570000,1,5.950000,0.3800,7.180000,1.290000,163.230000
338,Exit long,2025-04-20 20:15,1591.760000,1,6.420000,0.4000,7.730000,1.290000,157.280000
338,Entry long,2025-04-20 20:00,1585.340000,1,6.420000,0.4000,7.730000,1.290000,157.280000
337,Exit long,2025-04-19 16:15,1607.600000,1,1.000000,0.0600,3.740000,0.320000,150.860000
337,Entry long,2025-04-19 16:00,1606.600000,1,1.000000,0.0600,3.740000,0.320000,150.860000
336,Exit long,2025-04-19 08:15,1598.680000,1,-1.600000,-0.1000,1.360000,1.710000,149.860000
336,Entry long,2025-04-19 08:00,1600.280000,1,-1.600000,-0.1000,1.360000,1.710000,149.860000
335,Exit long,2025-04-19 04:15,1598.280000,1,1.080000,0.0700,1.770000,0.980000,151.460000
335,Entry long,2025-04-19 04:00,1597.200000,1,1.080000,0.0700,1.770000,0.980000,151.460000
334,Exit long,2025-04-18 12:15,1588.280000,1,-1.620000,-0.1000,1.690000,2.560000,150.380000
334,Entry long,2025-04-18 12:00,1589.900000,1,-1.620000,-0.1000,1.690000,2.560000,150.380000
333,Exit long,2025-04-18 08:15,1586.400000,1,2.940000,0.1900,3.270000,0.670000,152.000000
333,Entry long,2025-04-18 08:00,1583.460000,1,2.940000,0.1900,3.270000,0.670000,152.000000
332,Exit long,2025-04-18 00:15,1580.570000,1,-2.270000,-0.1400,1.480000,4.180000,149.060000
332,Entry long,2025-04-18 00:00,1582.840000,1,-2.270000,-0.1400,1.480000,4.180000,149.060000
331,Exit long,2025-04-16 12:15,1581.820000,1,-1.440000,-0.0900,3.470000,1.780000,151.330000
331,Entry long,2025-04-16 12:00,1583.260000,1,-1.440000,-0.0900,3.470000,1.780000,151.330000
330,Exit long,2025-04-15 08:15,1644.690000,1,0.510000,0.0300,3.820000,3.820000,152.770000
330,Entry long,2025-04-15 08:00,1644.180000,1,0.510000,0.0300,3.820000,3.820000,152.770000
329,Exit long,2025-04-15 04:15,1634.620000,1,-2.530000,-0.1500,3.440000,3.020000,152.260000
329,Entry long,2025-04-15 04:00,1637.150000,1,-2.530000,-0.1500,3.440000,3.020000,152.260000
328,Exit long,2025-04-14 08:15,1630.110000,1,-4.810000,-0.2900,3.740000,6.280000,154.790000
328,Entry long,2025-04-14 08:00,1634.920000,1,-4.810000,-0.2900,3.740000,6.280000,154.790000
327,Exit long,2025-04-14 00:15,1607.380000,1,10.450000,0.6500,13.070000,2.200000,159.600000
327,Entry long,2025-04-14 00:00,1596.930000,1,10.450000,0.6500,13.070000,2.200000,159.600000
326,Exit long,2025-04-12 16:15,1653.220000,1,-1.870000,-0.1100,6.480000,5.300000,149.150000
326,Entry long,2025-04-12 16:00,1655.090000,1,-1.870000,-0.1100,6.480000,5.300000,149.150000
325,Exit long,2025-04-12 12:15,1596.000000,1,2.780000,0.1700,2.920000,3.430000,151.020000
325,Entry long,2025-04-12 12:00,1593.220000,1,2.780000,0.1700,2.920000,3.430000,151.020000
324,Exit long,2025-04-12 08:15,1603.000000,1,21.770000,1.3800,24.480000,1.220000,148.240000
324,Entry long,2025-04-12 08:00,1581.230000,1,21.770000,1.3800,24.480000,1.220000,148.240000
323,Exit long,2025-04-12 00:15,1561.180000,1,-4.790000,-0.3100,3.190000,4.940000,126.470000
323,Entry long,2025-04-12 00:00,1565.970000,1,-4.790000,-0.3100,3.190000,4.940000,126.470000
322,Exit long,2025-04-11 20:15,1564.140000,1,-0.690000,-0.0400,1.150000,2.810000,131.260000
322,Entry long,2025-04-11 20:00,1564.830000,1,-0.690000,-0.0400,1.150000,2.810000,131.260000
321,Exit long,2025-04-11 16:15,1559.700000,1,-5.100000,-0.3300,1.030000,5.970000,131.950000
321,Entry long,2025-04-11 16:00,1564.800000,1,-5.100000,-0.3300,1.030000,5.970000,131.950000
320,Exit long,2025-04-11 08:15,1557.130000,1,5.140000,0.3300,20.330000,15.520000,137.050000
320,Entry long,2025-04-11 08:00,1551.990000,1,5.140000,0.3300,20.330000,15.520000,137.050000
319,Exit long,2025-04-11 04:15,1553.760000,1,10.130000,0.6600,10.340000,2.000000,131.910000
319,Entry long,2025-04-11 04:00,1543.630000,1,10.130000,0.6600,10.340000,2.000000,131.910000
318,Exit long,2025-04-09 20:15,1647.930000,1,8.200000,0.5000,10.050000,0.000000,121.780000
318,Entry long,2025-04-09 20:00,1639.730000,1,8.200000,0.5000,10.050000,0.000000,121.780000
317,Exit long,2025-04-09 16:15,1492.530000,1,7.740000,0.5200,10.480000,3.640000,113.580000
317,Entry long,2025-04-09 16:00,1484.790000,1,7.740000,0.5200,10.480000,3.640000,113.580000
316,Exit long,2025-04-09 08:15,1473.850000,1,-9.040000,-0.6100,3.790000,11.320000,105.840000
316,Entry long,2025-04-09 08:00,1482.890000,1,-9.040000,-0.6100,3.790000,11.320000,105.840000
315,Exit long,2025-04-09 00:15,1478.840000,1,6.160000,0.4200,9.010000,9.790000,114.880000
315,Entry long,2025-04-09 00:00,1472.680000,1,6.160000,0.4200,9.010000,9.790000,114.880000
314,Exit long,2025-04-08 12:15,1584.270000,1,-3.300000,-0.2100,5.220000,5.860000,108.720000
314,Entry long,2025-04-08 12:00,1587.570000,1,-3.300000,-0.2100,5.220000,5.860000,108.720000
313,Exit long,2025-04-06 04:15,1807.230000,1,-1.870000,-0.1000,1.400000,4.100000,112.020000
313,Entry long,2025-04-06 04:00,1809.100000,1,-1.870000,-0.1000,1.400000,4.100000,112.020000
312,Exit long,2025-04-06 00:15,1803.180000,1,-1.960000,-0.1100,2.140000,3.300000,113.890000
312,Entry long,2025-04-06 00:00,1805.140000,1,-1.960000,-0.1100,2.140000,3.300000,113.890000
311,Exit long,2025-04-05 08:15,1810.520000,1,-1.870000,-0.1000,1.850000,1.990000,115.850000
311,Entry long,2025-04-05 08:00,1812.390000,1,-1.870000,-0.1000,1.850000,1.990000,115.850000
310,Exit long,2025-04-04 20:15,1809.550000,1,0.520000,0.0300,3.680000,1.230000,117.720000
310,Entry long,2025-04-04 20:00,1809.030000,1,0.520000,0.0300,3.680000,1.230000,117.720000
309,Exit long,2025-04-04 16:15,1800.000000,1,5.520000,0.3100,8.640000,3.480000,117.200000
309,Entry long,2025-04-04 16:00,1794.480000,1,5.520000,0.3100,8.640000,3.480000,117.200000
308,Exit long,2025-04-04 08:15,1820.410000,1,3.540000,0.1900,5.000000,3.330000,111.680000
308,Entry long,2025-04-04 08:00,1816.870000,1,3.540000,0.1900,5.000000,3.330000,111.680000
307,Exit long,2025-04-04 00:15,1815.750000,1,-0.730000,-0.0400,3.610000,2.980000,108.140000
307,Entry long,2025-04-04 00:00,1816.480000,1,-0.730000,-0.0400,3.610000,2.980000,108.140000
306,Exit long,2025-04-02 20:15,1933.110000,1,22.520000,1.1800,35.440000,29.590000,108.870000
306,Entry long,2025-04-02 20:00,1910.590000,1,22.520000,1.1800,35.440000,29.590000,108.870000
305,Exit long,2025-04-02 16:15,1901.260000,1,1.160000,0.0600,4.900000,6.050000,86.350000
305,Entry long,2025-04-02 16:00,1900.100000,1,1.160000,0.0600,4.900000,6.050000,86.350000
304,Exit long,2025-04-01 16:15,1914.920000,1,-2.970000,-0.1500,5.740000,4.500000,85.190000
304,Entry long,2025-04-01 16:00,1917.890000,1,-2.970000,-0.1500,5.740000,4.500000,85.190000
303,Exit long,2025-03-31 16:15,1834.560000,1,-6.810000,-0.3700,4.810000,7.990000,88.160000
303,Entry long,2025-03-31 16:00,1841.370000,1,-6.810000,-0.3700,4.810000,7.990000,88.160000
302,Exit long,2025-03-31 12:15,1809.490000,1,-3.020000,-0.1700,2.490000,3.270000,94.970000
302,Entry long,2025-03-31 12:00,1812.510000,1,-3.020000,-0.1700,2.490000,3.270000,94.970000
301,Exit long,2025-03-30 00:15,1828.240000,1,0.930000,0.0500,2.840000,4.050000,97.990000
301,Entry long,2025-03-30 00:00,1827.310000,1,0.930000,0.0500,2.840000,4.050000,97.990000
300,Exit long,2025-03-29 04:15,1898.710000,1,-0.230000,-0.0100,5.340000,1.570000,97.060000
300,Entry long,2025-03-29 04:00,1898.940000,1,-0.230000,-0.0100,5.340000,1.570000,97.060000
299,Exit long,2025-03-27 04:15,2027.460000,1,-3.040000,-0.1500,1.500000,6.430000,97.290000
299,Entry long,2025-03-27 04:00,2030.500000,1,-3.040000,-0.1500,1.500000,6.430000,97.290000
298,Exit long,2025-03-27 00:15,2009.050000,1,0.360000,0.0200,3.580000,1.040000,100.330000
298,Entry long,2025-03-27 00:00,2008.690000,1,0.360000,0.0200,3.580000,1.040000,100.330000
297,Exit long,2025-03-26 08:15,2064.940000,1,-3.400000,-0.1600,3.340000,5.270000,99.970000
297,Entry long,2025-03-26 08:00,2068.340000,1,-3.400000,-0.1600,3.340000,5.270000,99.970000
296,Exit long,2025-03-25 20:15,2075.990000,1,1.340000,0.0600,8.340000,3.890000,103.370000
296,Entry long,2025-03-25 20:00,2074.650000,1,1.340000,0.0600,8.340000,3.890000,103.370000
295,Exit long,2025-03-24 08:15,2076.200000,1,7.720000,0.3700,9.160000,0.550000,102.030000
295,Entry long,2025-03-24 08:00,2068.480000,1,7.720000,0.3700,9.160000,0.550000,102.030000
294,Exit long,2025-03-24 04:15,2016.850000,1,3.370000,0.1700,6.520000,0.000000,94.310000
294,Entry long,2025-03-24 04:00,2013.480000,1,3.370000,0.1700,6.520000,0.000000,94.310000
293,Exit long,2025-03-24 00:15,1999.550000,1,-5.450000,-0.2700,0.540000,8.480000,90.940000
293,Entry long,2025-03-24 00:00,2005.000000,1,-5.450000,-0.2700,0.540000,8.480000,90.940000
292,Exit long,2025-03-23 04:15,2002.120000,1,-5.410000,-0.2700,0.380000,7.250000,96.390000
292,Entry long,2025-03-23 04:00,2007.530000,1,-5.410000,-0.2700,0.380000,7.250000,96.390000
291,Exit long,2025-03-22 20:15,2002.550000,1,7.570000,0.3800,8.330000,0.500000,101.800000
291,Entry long,2025-03-22 20:00,1994.980000,1,7.570000,0.3800,8.330000,0.500000,101.800000
290,Exit long,2025-03-22 04:15,1987.440000,1,2.440000,0.1200,4.710000,0.580000,94.230000
290,Entry long,2025-03-22 04:00,1985.000000,1,2.440000,0.1200,4.710000,0.580000,94.230000
289,Exit long,2025-03-21 20:15,1973.090000,1,0.380000,0.0200,5.120000,0.890000,91.790000
289,Entry long,2025-03-21 20:00,1972.710000,1,0.380000,0.0200,5.120000,0.890000,91.790000
288,Exit long,2025-03-21 00:15,1989.810000,1,7.090000,0.3600,10.430000,1.790000,91.410000
288,Entry long,2025-03-21 00:00,1982.720000,1,7.090000,0.3600,10.430000,1.790000,91.410000
287,Exit long,2025-03-20 20:15,1970.640000,1,-3.450000,-0.1700,1.090000,3.700000,84.320000
287,Entry long,2025-03-20 20:00,1974.090000,1,-3.450000,-0.1700,1.090000,3.700000,84.320000
286,Exit long,2025-03-20 00:15,2061.550000,1,6.330000,0.3100,11.930000,2.150000,87.770000
286,Entry long,2025-03-20 00:00,2055.220000,1,6.330000,0.3100,11.930000,2.150000,87.770000
285,Exit long,2025-03-19 16:15,2040.780000,1,-7.100000,-0.3500,0.920000,10.680000,81.440000
285,Entry long,2025-03-19 16:00,2047.880000,1,-7.100000,-0.3500,0.920000,10.680000,81.440000
284,Exit long,2025-03-19 12:15,2019.020000,1,-7.960000,-0.3900,1.910000,11.380000,88.540000
284,Entry long,2025-03-19 12:00,2026.980000,1,-7.960000,-0.3900,1.910000,11.380000,88.540000
283,Exit long,2025-03-19 04:15,1934.510000,1,-3.220000,-0.1700,1.670000,3.510000,96.500000
283,Entry long,2025-03-19 04:00,1937.730000,1,-3.220000,-0.1700,1.670000,3.510000,96.500000
282,Exit long,2025-03-19 00:15,1933.070000,1,2.440000,0.1300,4.020000,2.100000,99.720000
282,Entry long,2025-03-19 00:00,1930.630000,1,2.440000,0.1300,4.020000,2.100000,99.720000
281,Exit long,2025-03-18 20:15,1903.780000,1,0.250000,0.0100,6.540000,0.030000,97.280000
281,Entry long,2025-03-18 20:00,1903.530000,1,0.250000,0.0100,6.540000,0.030000,97.280000
280,Exit long,2025-03-18 08:15,1903.000000,1,-0.990000,-0.0500,3.010000,2.460000,97.030000
280,Entry long,2025-03-18 08:00,1903.990000,1,-0.990000,-0.0500,3.010000,2.460000,97.030000
279,Exit long,2025-03-17 16:15,1919.340000,1,0.840000,0.0400,6.000000,3.100000,98.020000
279,Entry long,2025-03-17 16:00,1918.500000,1,0.840000,0.0400,6.000000,3.100000,98.020000
278,Exit long,2025-03-17 04:15,1907.100000,1,-0.980000,-0.0500,4.300000,2.710000,97.180000
278,Entry long,2025-03-17 04:00,1908.080000,1,-0.980000,-0.0500,4.300000,2.710000,97.180000
277,Exit long,2025-03-17 00:15,1887.710000,1,1.750000,0.0900,6.600000,0.550000,98.160000
277,Entry long,2025-03-17 00:00,1885.960000,1,1.750000,0.0900,6.600000,0.550000,98.160000
276,Exit long,2025-03-15 16:15,1936.140000,1,-0.670000,-0.0300,1.190000,2.800000,96.410000
276,Entry long,2025-03-15 16:00,1936.810000,1,-0.670000,-0.0300,1.190000,2.800000,96.410000
275,Exit long,2025-03-15 12:15,1927.360000,1,-0.640000,-0.0300,1.630000,2.400000,97.080000
275,Entry long,2025-03-15 12:00,1928.000000,1,-0.640000,-0.0300,1.630000,2.400000,97.080000
274,Exit long,2025-03-15 04:15,1915.470000,1,-4.320000,-0.2300,3.780000,4.680000,97.720000
274,Entry long,2025-03-15 04:00,1919.790000,1,-4.320000,-0.2300,3.780000,4.680000,97.720000
273,Exit long,2025-03-14 16:15,1921.030000,1,-0.170000,-0.0100,3.120000,8.080000,102.040000
273,Entry long,2025-03-14 16:00,1921.200000,1,-0.170000,-0.0100,3.120000,8.080000,102.040000
272,Exit long,2025-03-14 12:15,1903.720000,1,2.210000,0.1200,2.310000,4.320000,102.210000
272,Entry long,2025-03-14 12:00,1901.510000,1,2.210000,0.1200,2.310000,4.320000,102.210000
271,Exit long,2025-03-13 12:15,1892.480000,1,-7.140000,-0.3800,3.380000,10.850000,100.000000
271,Entry long,2025-03-13 12:00,1899.620000,1,-7.140000,-0.3800,3.380000,10.850000,100.000000
270,Exit long,2025-03-12 12:15,1910.460000,1,-5.360000,-0.2800,6.080000,8.780000,107.140000
270,Entry long,2025-03-12 12:00,1915.820000,1,-5.360000,-0.2800,6.080000,8.780000,107.140000
269,Exit long,2025-03-12 08:15,1925.000000,1,14.530000,0.7600,15.560000,2.470000,112.500000
269,Entry long,2025-03-12 08:00,1910.470000,1,14.530000,0.7600,15.560000,2.470000,112.500000
268,Exit long,2025-03-11 16:15,1899.620000,1,-13.960000,-0.7300,4.770000,15.770000,97.970000
268,Entry long,2025-03-11 16:00,1913.580000,1,-13.960000,-0.7300,4.770000,15.770000,97.970000
267,Exit long,2025-03-11 08:15,1912.410000,1,9.340000,0.4900,14.050000,4.370000,111.930000
267,Entry long,2025-03-11 08:00,1903.070000,1,9.340000,0.4900,14.050000,4.370000,111.930000
266,Exit long,2025-03-10 12:15,2115.390000,1,-11.740000,-0.5500,7.800000,12.110000,102.590000
266,Entry long,2025-03-10 12:00,2127.130000,1,-11.740000,-0.5500,7.800000,12.110000,102.590000
265,Exit long,2025-03-10 08:15,2069.120000,1,-5.080000,-0.2400,2.140000,11.400000,114.330000
265,Entry long,2025-03-10 08:00,2074.200000,1,-5.080000,-0.2400,2.140000,11.400000,114.330000
264,Exit long,2025-03-10 04:15,2068.040000,1,11.220000,0.5500,16.410000,1.960000,119.410000
264,Entry long,2025-03-10 04:00,2056.820000,1,11.220000,0.5500,16.410000,1.960000,119.410000
263,Exit long,2025-03-08 20:15,2222.010000,1,-1.720000,-0.0800,1.420000,6.350000,108.190000
263,Entry long,2025-03-08 20:00,2223.730000,1,-1.720000,-0.0800,1.420000,6.350000,108.190000
262,Exit long,2025-03-08 16:15,2176.560000,1,-3.850000,-0.1800,2.270000,8.730000,109.910000
262,Entry long,2025-03-08 16:00,2180.410000,1,-3.850000,-0.1800,2.270000,8.730000,109.910000
261,Exit long,2025-03-08 12:15,2146.410000,1,5.520000,0.2600,8.550000,4.050000,113.760000
261,Entry long,2025-03-08 12:00,2140.890000,1,5.520000,0.2600,8.550000,4.050000,113.760000
260,Exit long,2025-03-07 12:15,2197.000000,1,0.300000,0.0100,1.630000,5.060000,108.240000
260,Entry long,2025-03-07 12:00,2196.700000,1,0.300000,0.0100,1.630000,5.060000,108.240000
259,Exit long,2025-03-07 08:15,2189.380000,1,-2.130000,-0.1000,4.370000,8.510000,107.940000
259,Entry long,2025-03-07 08:00,2191.510000,1,-2.130000,-0.1000,4.370000,8.510000,107.940000
258,Exit long,2025-03-06 12:15,2285.970000,1,-10.760000,-0.4700,1.080000,15.810000,110.070000
258,Entry long,2025-03-06 12:00,2296.730000,1,-10.760000,-0.4700,1.080000,15.810000,110.070000
257,Exit long,2025-03-06 04:15,2287.590000,1,-1.200000,-0.0500,1.060000,8.340000,120.830000
257,Entry long,2025-03-06 04:00,2288.790000,1,-1.200000,-0.0500,1.060000,8.340000,120.830000
256,Exit long,2025-03-06 00:15,2245.680000,1,5.240000,0.2300,6.440000,4.920000,122.030000
256,Entry long,2025-03-06 00:00,2240.440000,1,5.240000,0.2300,6.440000,4.920000,122.030000
255,Exit long,2025-03-05 20:15,2222.160000,1,4.890000,0.2200,10.570000,0.450000,116.790000
255,Entry long,2025-03-05 20:00,2217.270000,1,4.890000,0.2200,10.570000,0.450000,116.790000
254,Exit long,2025-03-05 08:15,2216.380000,1,10.360000,0.4700,10.480000,2.520000,111.900000
254,Entry long,2025-03-05 08:00,2206.020000,1,10.360000,0.4700,10.480000,2.520000,111.900000
253,Exit long,2025-03-04 20:15,2169.710000,1,-1.960000,-0.0900,5.580000,6.580000,101.540000
253,Entry long,2025-03-04 20:00,2171.670000,1,-1.960000,-0.0900,5.580000,6.580000,101.540000
252,Exit long,2025-03-04 12:15,2093.020000,1,-7.350000,-0.3500,0.470000,12.010000,103.500000
252,Entry long,2025-03-04 12:00,2100.370000,1,-7.350000,-0.3500,0.470000,12.010000,103.500000
251,Exit long,2025-03-02 20:15,2503.690000,1,18.690000,0.7500,20.880000,6.240000,110.850000
251,Entry long,2025-03-02 20:00,2485.000000,1,18.690000,0.7500,20.880000,6.240000,110.850000
250,Exit long,2025-03-02 04:15,2224.490000,1,5.100000,0.2300,7.780000,0.200000,92.160000
250,Entry long,2025-03-02 04:00,2219.390000,1,5.100000,0.2300,7.780000,0.200000,92.160000
249,Exit long,2025-03-01 20:15,2217.540000,1,-4.580000,-0.2100,1.820000,5.500000,87.060000
249,Entry long,2025-03-01 20:00,2222.120000,1,-4.580000,-0.2100,1.820000,5.500000,87.060000
248,Exit long,2025-03-01 04:15,2273.910000,1,12.310000,0.5400,15.000000,4.540000,91.640000
248,Entry long,2025-03-01 04:00,2261.600000,1,12.310000,0.5400,15.000000,4.540000,91.640000
247,Exit long,2025-03-01 00:15,2243.310000,1,6.720000,0.3000,8.140000,6.290000,79.330000
247,Entry long,2025-03-01 00:00,2236.590000,1,6.720000,0.3000,8.140000,6.290000,79.330000
246,Exit long,2025-02-28 20:15,2226.160000,1,-3.250000,-0.1500,7.980000,3.850000,72.610000
246,Entry long,2025-02-28 20:00,2229.410000,1,-3.250000,-0.1500,7.980000,3.850000,72.610000
245,Exit long,2025-02-28 16:15,2210.700000,1,-10.940000,-0.4900,6.360000,15.870000,75.860000
245,Entry long,2025-02-28 16:00,2221.640000,1,-10.940000,-0.4900,6.360000,15.870000,75.860000
244,Exit long,2025-02-28 12:15,2129.820000,1,5.380000,0.2500,11.860000,3.410000,86.800000
244,Entry long,2025-02-28 12:00,2124.440000,1,5.380000,0.2500,11.860000,3.410000,86.800000
243,Exit long,2025-02-28 00:15,2302.440000,1,-4.210000,-0.1800,6.590000,4.690000,81.420000
243,Entry long,2025-02-28 00:00,2306.650000,1,-4.210000,-0.1800,6.590000,4.690000,81.420000
242,Exit long,2025-02-27 08:15,2355.920000,1,0.540000,0.0200,5.020000,4.380000,85.630000
242,Entry long,2025-02-27 08:00,2355.380000,1,0.540000,0.0200,5.020000,4.380000,85.630000
241,Exit long,2025-02-25 20:15,2469.340000,1,-1.120000,-0.0500,1.440000,14.310000,85.090000
241,Entry long,2025-02-25 20:00,2470.460000,1,-1.120000,-0.0500,1.440000,14.310000,85.090000
240,Exit long,2025-02-25 12:15,2438.670000,1,6.290000,0.2600,15.620000,10.110000,86.210000
240,Entry long,2025-02-25 12:00,2432.380000,1,6.290000,0.2600,15.620000,10.110000,86.210000
239,Exit long,2025-02-24 00:15,2836.330000,1,17.790000,0.6300,20.460000,1.530000,79.920000
239,Entry long,2025-02-24 00:00,2818.540000,1,17.790000,0.6300,20.460000,1.530000,79.920000
238,Exit long,2025-02-23 08:15,2817.670000,1,-5.970000,-0.2100,7.360000,10.640000,62.130000
238,Entry long,2025-02-23 08:00,2823.640000,1,-5.970000,-0.2100,7.360000,10.640000,62.130000
237,Exit long,2025-02-22 16:15,2780.170000,1,5.560000,0.2000,22.600000,0.810000,68.100000
237,Entry long,2025-02-22 16:00,2774.610000,1,5.560000,0.2000,22.600000,0.810000,68.100000
236,Exit long,2025-02-22 12:15,2728.700000,1,-3.210000,-0.1200,4.480000,4.880000,62.540000
236,Entry long,2025-02-22 12:00,2731.910000,1,-3.210000,-0.1200,4.480000,4.880000,62.540000
235,Exit long,2025-02-22 00:15,2661.030000,1,0.170000,0.0100,3.620000,9.620000,65.750000
235,Entry long,2025-02-22 00:00,2660.860000,1,0.170000,0.0100,3.620000,9.620000,65.750000
234,Exit long,2025-02-21 04:15,2747.430000,1,4.270000,0.1600,6.800000,0.010000,65.580000
234,Entry long,2025-02-21 04:00,2743.160000,1,4.270000,0.1600,6.800000,0.010000,65.580000
233,Exit long,2025-02-20 20:15,2751.230000,1,4.800000,0.1700,7.590000,1.230000,61.310000
233,Entry long,2025-02-20 20:00,2746.430000,1,4.800000,0.1700,7.590000,1.230000,61.310000
232,Exit long,2025-02-19 20:15,2718.820000,1,8.010000,0.3000,11.550000,3.230000,56.510000
232,Entry long,2025-02-19 20:00,2710.810000,1,8.010000,0.3000,11.550000,3.230000,56.510000
231,Exit long,2025-02-19 12:15,2721.180000,1,-4.820000,-0.1800,0.590000,5.300000,48.500000
231,Entry long,2025-02-19 12:00,2726.000000,1,-4.820000,-0.1800,0.590000,5.300000,48.500000
230,Exit long,2025-02-19 08:15,2710.000000,1,3.000000,0.1100,10.170000,1.180000,53.320000
230,Entry long,2025-02-19 08:00,2707.000000,1,3.000000,0.1100,10.170000,1.180000,53.320000
229,Exit long,2025-02-19 04:15,2684.670000,1,-8.280000,-0.3100,1.050000,12.000000,50.320000
229,Entry long,2025-02-19 04:00,2692.950000,1,-8.280000,-0.3100,1.050000,12.000000,50.320000
228,Exit long,2025-02-19 00:15,2671.300000,1,0.740000,0.0300,7.440000,3.430000,58.600000
228,Entry long,2025-02-19 00:00,2670.560000,1,0.740000,0.0300,7.440000,3.430000,58.600000
227,Exit long,2025-02-18 00:15,2742.100000,1,-0.890000,-0.0300,12.860000,2.410000,57.860000
227,Entry long,2025-02-18 00:00,2742.990000,1,-0.890000,-0.0300,12.860000,2.410000,57.860000
226,Exit long,2025-02-17 12:15,2759.820000,1,5.880000,0.2100,9.210000,1.280000,58.750000
226,Entry long,2025-02-17 12:00,2753.940000,1,5.880000,0.2100,9.210000,1.280000,58.750000
225,Exit long,2025-02-17 04:15,2662.800000,1,-8.030000,-0.3000,0.290000,8.120000,52.870000
225,Entry long,2025-02-17 04:00,2670.830000,1,-8.030000,-0.3000,0.290000,8.120000,52.870000
224,Exit long,2025-02-16 12:15,2710.990000,1,1.240000,0.0500,1.700000,3.750000,60.900000
224,Entry long,2025-02-16 12:00,2709.750000,1,1.240000,0.0500,1.700000,3.750000,60.900000
223,Exit long,2025-02-16 04:15,2700.020000,1,2.120000,0.0800,2.990000,1.030000,59.660000
223,Entry long,2025-02-16 04:00,2697.900000,1,2.120000,0.0800,2.990000,1.030000,59.660000
222,Exit long,2025-02-14 16:15,2721.740000,1,-11.610000,-0.4200,8.170000,15.030000,57.540000
222,Entry long,2025-02-14 16:00,2733.350000,1,-11.610000,-0.4200,8.170000,15.030000,57.540000
221,Exit long,2025-02-14 04:15,2705.110000,1,-8.880000,-0.3300,1.320000,9.630000,69.150000
221,Entry long,2025-02-14 04:00,2713.990000,1,-8.880000,-0.3300,1.320000,9.630000,69.150000
220,Exit long,2025-02-14 00:15,2665.580000,1,-8.940000,-0.3300,1.480000,10.660000,78.030000
220,Entry long,2025-02-14 00:00,2674.520000,1,-8.940000,-0.3300,1.480000,10.660000,78.030000
219,Exit long,2025-02-13 04:15,2741.030000,1,-2.510000,-0.0900,1.480000,4.610000,86.970000
219,Entry long,2025-02-13 04:00,2743.540000,1,-2.510000,-0.0900,1.480000,4.610000,86.970000
218,Exit long,2025-02-12 20:15,2690.020000,1,12.850000,0.4800,17.810000,8.890000,89.480000
218,Entry long,2025-02-12 20:00,2677.170000,1,12.850000,0.4800,17.810000,8.890000,89.480000
217,Exit long,2025-02-12 12:15,2630.820000,1,4.870000,0.1900,6.770000,1.950000,76.630000
217,Entry long,2025-02-12 12:00,2625.950000,1,4.870000,0.1900,6.770000,1.950000,76.630000
216,Exit long,2025-02-12 08:15,2630.910000,1,13.650000,0.5200,19.260000,0.260000,71.760000
216,Entry long,2025-02-12 08:00,2617.260000,1,13.650000,0.5200,19.260000,0.260000,71.760000
215,Exit long,2025-02-12 00:15,2609.420000,1,8.390000,0.3200,8.970000,6.470000,58.110000
215,Entry long,2025-02-12 00:00,2601.030000,1,8.390000,0.3200,8.970000,6.470000,58.110000
214,Exit long,2025-02-10 16:15,2667.310000,1,10.000000,0.3800,18.070000,1.890000,49.720000
214,Entry long,2025-02-10 16:00,2657.310000,1,10.000000,0.3800,18.070000,1.890000,49.720000
213,Exit long,2025-02-10 12:15,2646.790000,1,-5.450000,-0.2100,4.260000,7.590000,39.720000
213,Entry long,2025-02-10 12:00,2652.240000,1,-5.450000,-0.2100,4.260000,7.590000,39.720000
212,Exit long,2025-02-10 08:15,2647.100000,1,11.100000,0.4200,15.700000,2.580000,45.170000
212,Entry long,2025-02-10 08:00,2636.000000,1,11.100000,0.4200,15.700000,2.580000,45.170000
211,Exit long,2025-02-10 00:15,2644.100000,1,18.030000,0.6900,29.780000,0.470000,34.070000
211,Entry long,2025-02-10 00:00,2626.070000,1,18.030000,0.6900,29.780000,0.470000,34.070000
210,Exit long,2025-02-09 04:15,2664.540000,1,-12.580000,-0.4700,0.760000,14.980000,16.040000
210,Entry long,2025-02-09 04:00,2677.120000,1,-12.580000,-0.4700,0.760000,14.980000,16.040000
209,Exit long,2025-02-08 20:15,2630.390000,1,-5.770000,-0.2200,3.720000,8.890000,28.620000
209,Entry long,2025-02-08 20:00,2636.160000,1,-5.770000,-0.2200,3.720000,8.890000,28.620000
208,Exit long,2025-02-08 04:15,2644.280000,1,3.660000,0.1400,5.640000,2.480000,34.390000
208,Entry long,2025-02-08 04:00,2640.620000,1,3.660000,0.1400,5.640000,2.480000,34.390000
207,Exit long,2025-02-07 12:15,2751.000000,1,-10.340000,-0.3700,8.740000,12.070000,30.730000
207,Entry long,2025-02-07 12:00,2761.340000,1,-10.340000,-0.3700,8.740000,12.070000,30.730000
206,Exit long,2025-02-06 00:15,2791.730000,1,4.730000,0.1700,9.000000,6.630000,41.070000
206,Entry long,2025-02-06 00:00,2787.000000,1,4.730000,0.1700,9.000000,6.630000,41.070000
205,Exit long,2025-02-05 20:15,2774.390000,1,-0.110000,-0.0000,8.550000,3.700000,36.340000
205,Entry long,2025-02-05 20:00,2774.500000,1,-0.110000,-0.0000,8.550000,3.700000,36.340000
204,Exit long,2025-02-05 12:15,2796.790000,1,-1.800000,-0.0600,3.410000,8.590000,36.450000
204,Entry long,2025-02-05 12:00,2798.590000,1,-1.800000,-0.0600,3.410000,8.590000,36.450000
203,Exit long,2025-02-05 08:15,2764.450000,1,6.280000,0.2300,16.470000,2.300000,38.250000
203,Entry long,2025-02-05 08:00,2758.170000,1,6.280000,0.2300,16.470000,2.300000,38.250000
202,Exit long,2025-02-04 12:15,2768.450000,1,11.500000,0.4200,15.820000,0.780000,31.970000
202,Entry long,2025-02-04 12:00,2756.950000,1,11.500000,0.4200,15.820000,0.780000,31.970000
201,Exit long,2025-02-04 00:15,2871.810000,1,-6.870000,-0.2400,10.120000,8.680000,20.470000
201,Entry long,2025-02-04 00:00,2878.680000,1,-6.870000,-0.2400,10.120000,8.680000,20.470000
200,Exit long,2025-02-03 20:15,2724.070000,1,-38.320000,-1.3900,0.340000,56.920000,27.340000
200,Entry long,2025-02-03 20:00,2762.390000,1,-38.320000,-1.3900,0.340000,56.920000,27.340000
199,Exit long,2025-02-03 16:15,2694.600000,1,-4.150000,-0.1500,15.530000,23.410000,65.660000
199,Entry long,2025-02-03 16:00,2698.750000,1,-4.150000,-0.1500,15.530000,23.410000,65.660000
198,Exit long,2025-02-03 08:15,2598.370000,1,-20.900000,-0.8000,0.310000,38.520000,69.810000
198,Entry long,2025-02-03 08:00,2619.270000,1,-20.900000,-0.8000,0.310000,38.520000,69.810000
197,Exit long,2025-01-31 16:15,3411.460000,1,-14.750000,-0.4300,10.180000,17.040000,90.710000
197,Entry long,2025-01-31 16:00,3426.210000,1,-14.750000,-0.4300,10.180000,17.040000,90.710000
196,Exit long,2025-01-31 12:15,3337.010000,1,2.790000,0.0800,9.770000,10.220000,105.460000
196,Entry long,2025-01-31 12:00,3334.220000,1,2.790000,0.0800,9.770000,10.220000,105.460000
195,Exit long,2025-01-30 20:15,3264.700000,1,-5.380000,-0.1600,1.750000,9.370000,102.670000
195,Entry long,2025-01-30 20:00,3270.080000,1,-5.380000,-0.1600,1.750000,9.370000,102.670000
194,Exit long,2025-01-30 12:15,3212.990000,1,-8.170000,-0.2500,1.940000,9.350000,108.050000
194,Entry long,2025-01-30 12:00,3221.160000,1,-8.170000,-0.2500,1.940000,9.350000,108.050000
193,Exit long,2025-01-30 04:15,3195.720000,1,-4.570000,-0.1400,14.560000,9.120000,116.220000
193,Entry long,2025-01-30 04:00,3200.290000,1,-4.570000,-0.1400,14.560000,9.120000,116.220000
192,Exit long,2025-01-29 08:15,3155.040000,1,-0.610000,-0.0200,7.740000,2.460000,120.790000
192,Entry long,2025-01-29 08:00,3155.650000,1,-0.610000,-0.0200,7.740000,2.460000,120.790000
191,Exit long,2025-01-29 04:15,3129.070000,1,-0.030000,-0.0000,5.270000,6.030000,121.400000
191,Entry long,2025-01-29 04:00,3129.100000,1,-0.030000,-0.0000,5.270000,6.030000,121.400000
190,Exit long,2025-01-28 04:15,3197.870000,1,-3.600000,-0.1100,5.080000,3.970000,121.430000
190,Entry long,2025-01-28 04:00,3201.470000,1,-3.600000,-0.1100,5.080000,3.970000,121.430000
189,Exit long,2025-01-28 00:15,3187.930000,1,6.930000,0.2200,22.150000,2.190000,125.030000
189,Entry long,2025-01-28 00:00,3181.000000,1,6.930000,0.2200,22.150000,2.190000,125.030000
188,Exit long,2025-01-26 20:15,3336.760000,1,-0.750000,-0.0200,1.360000,4.510000,118.100000
188,Entry long,2025-01-26 20:00,3337.510000,1,-0.750000,-0.0200,1.360000,4.510000,118.100000
187,Exit long,2025-01-26 16:15,3308.000000,1,-5.610000,-0.1700,3.190000,7.230000,118.850000
187,Entry long,2025-01-26 16:00,3313.610000,1,-5.610000,-0.1700,3.190000,7.230000,118.850000
186,Exit long,2025-01-26 04:15,3341.210000,1,3.750000,0.1100,6.390000,2.460000,124.460000
186,Entry long,2025-01-26 04:00,3337.460000,1,3.750000,0.1100,6.390000,2.460000,124.460000
185,Exit long,2025-01-25 16:15,3339.610000,1,6.730000,0.2000,6.730000,4.180000,120.710000
185,Entry long,2025-01-25 16:00,3332.880000,1,6.730000,0.2000,6.730000,4.180000,120.710000
184,Exit long,2025-01-25 12:15,3300.680000,1,-4.830000,-0.1500,0.720000,8.260000,113.980000
184,Entry long,2025-01-25 12:00,3305.510000,1,-4.830000,-0.1500,0.720000,8.260000,113.980000
183,Exit long,2025-01-25 04:15,3310.540000,1,-7.470000,-0.2300,0.580000,8.780000,118.810000
183,Entry long,2025-01-25 04:00,3318.010000,1,-7.470000,-0.2300,0.580000,8.780000,118.810000
182,Exit long,2025-01-24 00:15,3329.010000,1,-8.860000,-0.2700,11.880000,9.530000,126.280000
182,Entry long,2025-01-24 00:00,3337.870000,1,-8.860000,-0.2700,11.880000,9.530000,126.280000
181,Exit long,2025-01-23 08:15,3226.610000,1,-5.470000,-0.1700,0.350000,7.580000,135.140000
181,Entry long,2025-01-23 08:00,3232.080000,1,-5.470000,-0.1700,0.350000,7.580000,135.140000
180,Exit long,2025-01-22 12:15,3320.700000,1,-4.820000,-0.1400,6.200000,8.280000,140.610000
180,Entry long,2025-01-22 12:00,3325.520000,1,-4.820000,-0.1400,6.200000,8.280000,140.610000
179,Exit long,2025-01-21 12:15,3300.960000,1,-3.440000,-0.1000,2.090000,11.390000,145.430000
179,Entry long,2025-01-21 12:00,3304.400000,1,-3.440000,-0.1000,2.090000,11.390000,145.430000
178,Exit long,2025-01-20 20:15,3330.720000,1,-12.230000,-0.3700,1.370000,20.700000,148.870000
178,Entry long,2025-01-20 20:00,3342.950000,1,-12.230000,-0.3700,1.370000,20.700000,148.870000
177,Exit long,2025-01-20 04:15,3257.650000,1,-13.730000,-0.4200,0.000000,22.050000,161.100000
177,Entry long,2025-01-20 04:00,3271.380000,1,-13.730000,-0.4200,0.000000,22.050000,161.100000
176,Exit long,2025-01-19 16:15,3390.960000,1,7.300000,0.2200,22.790000,6.100000,174.830000
176,Entry long,2025-01-19 16:00,3383.660000,1,7.300000,0.2200,22.790000,6.100000,174.830000
175,Exit long,2025-01-19 00:15,3299.400000,1,-7.310000,-0.2200,0.000000,9.010000,167.530000
175,Entry long,2025-01-19 00:00,3306.710000,1,-7.310000,-0.2200,0.000000,9.010000,167.530000
174,Exit long,2025-01-18 12:15,3310.390000,1,-0.150000,-0.0000,10.600000,4.040000,174.840000
174,Entry long,2025-01-18 12:00,3310.540000,1,-0.150000,-0.0000,10.600000,4.040000,174.840000
173,Exit long,2025-01-18 00:15,3473.750000,1,1.370000,0.0400,5.510000,2.070000,174.990000
173,Entry long,2025-01-18 00:00,3472.380000,1,1.370000,0.0400,5.510000,2.070000,174.990000
172,Exit long,2025-01-17 20:15,3444.190000,1,13.070000,0.3800,22.670000,6.980000,173.620000
172,Entry long,2025-01-17 20:00,3431.120000,1,13.070000,0.3800,22.670000,6.980000,173.620000
171,Exit long,2025-01-17 08:15,3378.360000,1,6.990000,0.2100,8.630000,0.540000,160.550000
171,Entry long,2025-01-17 08:00,3371.370000,1,6.990000,0.2100,8.630000,0.540000,160.550000
170,Exit long,2025-01-16 20:15,3339.760000,1,-3.590000,-0.1100,9.420000,4.550000,153.560000
170,Entry long,2025-01-16 20:00,3343.350000,1,-3.590000,-0.1100,9.420000,4.550000,153.560000
169,Exit long,2025-01-16 08:15,3373.940000,1,-8.480000,-0.2500,1.580000,9.280000,157.150000
169,Entry long,2025-01-16 08:00,3382.420000,1,-8.480000,-0.2500,1.580000,9.280000,157.150000
168,Exit long,2025-01-16 00:15,3436.330000,1,-13.480000,-0.3900,9.180000,14.800000,165.630000
168,Entry long,2025-01-16 00:00,3449.810000,1,-13.480000,-0.3900,9.180000,14.800000,165.630000
167,Exit long,2025-01-15 20:15,3457.610000,1,23.850000,0.6900,24.240000,0.210000,179.110000
167,Entry long,2025-01-15 20:00,3433.760000,1,23.850000,0.6900,24.240000,0.210000,179.110000
166,Exit long,2025-01-15 16:15,3351.800000,1,18.840000,0.5700,23.230000,0.450000,155.260000
166,Entry long,2025-01-15 16:00,3332.960000,1,18.840000,0.5700,23.230000,0.450000,155.260000
165,Exit long,2025-01-15 04:15,3227.140000,1,-12.850000,-0.4000,11.700000,13.990000,136.420000
165,Entry long,2025-01-15 04:00,3239.990000,1,-12.850000,-0.4000,11.700000,13.990000,136.420000
164,Exit long,2025-01-14 04:15,3165.990000,1,8.410000,0.2700,8.420000,0.000000,149.270000
164,Entry long,2025-01-14 04:00,3157.580000,1,8.410000,0.2700,8.420000,0.000000,149.270000
163,Exit long,2025-01-14 00:15,3127.050000,1,-9.080000,-0.2900,1.760000,9.630000,140.860000
163,Entry long,2025-01-14 00:00,3136.130000,1,-9.080000,-0.2900,1.760000,9.630000,140.860000
162,Exit long,2025-01-12 16:15,3273.000000,1,-11.390000,-0.3500,2.570000,12.290000,149.940000
162,Entry long,2025-01-12 16:00,3284.390000,1,-11.390000,-0.3500,2.570000,12.290000,149.940000
161,Exit long,2025-01-11 20:15,3276.510000,1,-0.950000,-0.0300,2.990000,2.820000,161.330000
161,Entry long,2025-01-11 20:00,3277.460000,1,-0.950000,-0.0300,2.990000,2.820000,161.330000
160,Exit long,2025-01-11 12:15,3270.030000,1,-2.660000,-0.0800,3.820000,6.140000,162.280000
160,Entry long,2025-01-11 12:00,3272.690000,1,-2.660000,-0.0800,3.820000,6.140000,162.280000
159,Exit long,2025-01-10 20:15,3282.660000,1,-11.140000,-0.3400,0.000000,11.800000,164.940000
159,Entry long,2025-01-10 20:00,3293.800000,1,-11.140000,-0.3400,0.000000,11.800000,164.940000
158,Exit long,2025-01-10 08:15,3300.340000,1,5.690000,0.1700,5.930000,3.920000,176.080000
158,Entry long,2025-01-10 08:00,3294.650000,1,5.690000,0.1700,5.930000,3.920000,176.080000
157,Exit long,2025-01-10 04:15,3256.910000,1,3.860000,0.1200,11.850000,4.570000,170.390000
157,Entry long,2025-01-10 04:00,3253.050000,1,3.860000,0.1200,11.850000,4.570000,170.390000
156,Exit long,2025-01-09 16:15,3317.940000,1,-0.860000,-0.0300,7.590000,3.520000,166.530000
156,Entry long,2025-01-09 16:00,3318.800000,1,-0.860000,-0.0300,7.590000,3.520000,166.530000
155,Exit long,2025-01-06 16:15,3729.020000,1,16.030000,0.4300,27.010000,6.380000,167.390000
155,Entry long,2025-01-06 16:00,3712.990000,1,16.030000,0.4300,27.010000,6.380000,167.390000
154,Exit long,2025-01-06 12:15,3652.160000,1,-1.550000,-0.0400,3.410000,4.870000,151.360000
154,Entry long,2025-01-06 12:00,3653.710000,1,-1.550000,-0.0400,3.410000,4.870000,151.360000
153,Exit long,2025-01-06 04:15,3671.930000,1,8.000000,0.2200,9.520000,2.030000,152.910000
153,Entry long,2025-01-06 04:00,3663.930000,1,8.000000,0.2200,9.520000,2.030000,152.910000
152,Exit long,2025-01-05 20:15,3638.800000,1,1.890000,0.0500,2.090000,4.360000,144.910000
152,Entry long,2025-01-05 20:00,3636.910000,1,1.890000,0.0500,2.090000,4.360000,144.910000
151,Exit long,2025-01-05 16:15,3636.950000,1,8.500000,0.2300,12.230000,2.930000,143.020000
151,Entry long,2025-01-05 16:00,3628.450000,1,8.500000,0.2300,12.230000,2.930000,143.020000
150,Exit long,2025-01-04 20:15,3638.330000,1,8.410000,0.2300,9.880000,0.010000,134.520000
150,Entry long,2025-01-04 20:00,3629.920000,1,8.410000,0.2300,9.880000,0.010000,134.520000
149,Exit long,2025-01-04 12:15,3607.590000,1,6.420000,0.1800,7.640000,1.980000,126.110000
149,Entry long,2025-01-04 12:00,3601.170000,1,6.420000,0.1800,7.640000,1.980000,126.110000
148,Exit long,2025-01-03 20:15,3608.460000,1,-13.440000,-0.3700,0.870000,21.770000,119.690000
148,Entry long,2025-01-03 20:00,3621.900000,1,-13.440000,-0.3700,0.870000,21.770000,119.690000
147,Exit long,2025-01-03 16:15,3586.270000,1,21.950000,0.6200,24.560000,0.010000,133.130000
147,Entry long,2025-01-03 16:00,3564.320000,1,21.950000,0.6200,24.560000,0.010000,133.130000
146,Exit long,2025-01-03 12:15,3470.740000,1,6.000000,0.1700,8.750000,4.740000,111.180000
146,Entry long,2025-01-03 12:00,3464.740000,1,6.000000,0.1700,8.750000,4.740000,111.180000
145,Exit long,2025-01-03 04:15,3466.020000,1,-3.310000,-0.1000,0.770000,5.520000,105.180000
145,Entry long,2025-01-03 04:00,3469.330000,1,-3.310000,-0.1000,0.770000,5.520000,105.180000
144,Exit long,2025-01-02 12:15,3477.200000,1,6.620000,0.1900,10.490000,0.000000,108.490000
144,Entry long,2025-01-02 12:00,3470.580000,1,6.620000,0.1900,10.490000,0.000000,108.490000
143,Exit long,2025-01-02 08:15,3432.390000,1,12.690000,0.3700,13.530000,0.000000,101.870000
143,Entry long,2025-01-02 08:00,3419.700000,1,12.690000,0.3700,13.530000,0.000000,101.870000
142,Exit long,2025-01-01 20:15,3356.990000,1,0.780000,0.0200,4.790000,0.950000,89.180000
142,Entry long,2025-01-01 20:00,3356.210000,1,0.780000,0.0200,4.790000,0.950000,89.180000
141,Exit long,2025-01-01 16:15,3346.710000,1,-5.350000,-0.1600,4.720000,6.980000,88.400000
141,Entry long,2025-01-01 16:00,3352.060000,1,-5.350000,-0.1600,4.720000,6.980000,88.400000
140,Exit long,2024-12-31 08:15,3356.130000,1,3.530000,0.1100,7.160000,1.070000,93.750000
140,Entry long,2024-12-31 08:00,3352.600000,1,3.530000,0.1100,7.160000,1.070000,93.750000
139,Exit long,2024-12-30 20:15,3404.420000,1,2.720000,0.0800,8.140000,1.890000,90.220000
139,Entry long,2024-12-30 20:00,3401.700000,1,2.720000,0.0800,8.140000,1.890000,90.220000
138,Exit long,2024-12-29 08:15,3399.980000,1,-5.620000,-0.1700,2.660000,7.240000,87.500000
138,Entry long,2024-12-29 08:00,3405.600000,1,-5.620000,-0.1700,2.660000,7.240000,87.500000
137,Exit long,2024-12-28 20:15,3392.440000,1,-6.860000,-0.2000,3.420000,8.060000,93.120000
137,Entry long,2024-12-28 20:00,3399.300000,1,-6.860000,-0.2000,3.420000,8.060000,93.120000
136,Exit long,2024-12-28 12:15,3357.650000,1,-0.410000,-0.0100,6.170000,2.850000,99.980000
136,Entry long,2024-12-28 12:00,3358.060000,1,-0.410000,-0.0100,6.170000,2.850000,99.980000
135,Exit long,2024-12-28 04:15,3341.950000,1,-2.170000,-0.0600,2.040000,2.460000,100.390000
135,Entry long,2024-12-28 04:00,3344.120000,1,-2.170000,-0.0600,2.040000,2.460000,100.390000
134,Exit long,2024-12-27 12:15,3417.440000,1,0.040000,0.0000,4.600000,6.970000,102.560000
134,Entry long,2024-12-27 12:00,3417.400000,1,0.040000,0.0000,4.600000,6.970000,102.560000
133,Exit long,2024-12-27 04:15,3383.990000,1,6.510000,0.1900,9.770000,0.780000,102.520000
133,Entry long,2024-12-27 04:00,3377.480000,1,6.510000,0.1900,9.770000,0.780000,102.520000
132,Exit long,2024-12-26 00:15,3502.440000,1,6.710000,0.1900,18.590000,1.670000,96.010000
132,Entry long,2024-12-26 00:00,3495.730000,1,6.710000,0.1900,18.590000,1.670000,96.010000
131,Exit long,2024-12-25 20:15,3474.570000,1,-5.610000,-0.1600,4.700000,6.810000,89.300000
131,Entry long,2024-12-25 20:00,3480.180000,1,-5.610000,-0.1600,4.700000,6.810000,89.300000
130,Exit long,2024-12-25 08:15,3488.690000,1,1.040000,0.0300,2.760000,8.470000,94.910000
130,Entry long,2024-12-25 08:00,3487.650000,1,1.040000,0.0300,2.760000,8.470000,94.910000
129,Exit long,2024-12-25 00:15,3488.070000,1,-3.910000,-0.1100,0.830000,7.180000,93.870000
129,Entry long,2024-12-25 00:00,3491.980000,1,-3.910000,-0.1100,0.830000,7.180000,93.870000
128,Exit long,2024-12-24 16:15,3498.710000,1,7.130000,0.2000,13.040000,4.980000,97.780000
128,Entry long,2024-12-24 16:00,3491.580000,1,7.130000,0.2000,13.040000,4.980000,97.780000
127,Exit long,2024-12-24 12:15,3404.560000,1,-7.940000,-0.2300,1.620000,9.550000,90.650000
127,Entry long,2024-12-24 12:00,3412.500000,1,-7.940000,-0.2300,1.620000,9.550000,90.650000
126,Exit long,2024-12-24 08:15,3397.310000,1,-2.600000,-0.0800,13.580000,8.090000,98.590000
126,Entry long,2024-12-24 08:00,3399.910000,1,-2.600000,-0.0800,13.580000,8.090000,98.590000
125,Exit long,2024-12-23 20:15,3338.090000,1,0.820000,0.0200,8.520000,9.120000,101.190000
125,Entry long,2024-12-23 20:00,3337.270000,1,0.820000,0.0200,8.520000,9.120000,101.190000
124,Exit long,2024-12-23 04:15,3353.770000,1,4.090000,0.1200,13.000000,9.680000,100.370000
124,Entry long,2024-12-23 04:00,3349.680000,1,4.090000,0.1200,13.000000,9.680000,100.370000
123,Exit long,2024-12-22 12:15,3372.020000,1,-7.600000,-0.2200,6.360000,13.320000,96.280000
123,Entry long,2024-12-22 12:00,3379.620000,1,-7.600000,-0.2200,6.360000,13.320000,96.280000
122,Exit long,2024-12-22 04:15,3351.870000,1,-2.710000,-0.0800,5.670000,7.960000,103.880000
122,Entry long,2024-12-22 04:00,3354.580000,1,-2.710000,-0.0800,5.670000,7.960000,103.880000
121,Exit long,2024-12-20 20:15,3469.820000,1,-8.280000,-0.2400,0.960000,16.560000,106.590000
121,Entry long,2024-12-20 20:00,3478.100000,1,-8.280000,-0.2400,0.960000,16.560000,106.590000
120,Exit long,2024-12-20 16:15,3388.040000,1,14.710000,0.4400,23.380000,8.030000,114.870000
120,Entry long,2024-12-20 16:00,3373.330000,1,14.710000,0.4400,23.380000,8.030000,114.870000
119,Exit long,2024-12-19 08:15,3674.110000,1,-17.410000,-0.4700,0.230000,21.850000,100.160000
119,Entry long,2024-12-19 08:00,3691.520000,1,-17.410000,-0.4700,0.230000,21.850000,100.160000
118,Exit long,2024-12-19 04:15,3666.000000,1,-1.160000,-0.0300,5.440000,7.610000,117.570000
118,Entry long,2024-12-19 04:00,3667.160000,1,-1.160000,-0.0300,5.440000,7.610000,117.570000
117,Exit long,2024-12-18 12:15,3888.020000,1,7.140000,0.1800,7.380000,0.660000,118.730000
117,Entry long,2024-12-18 12:00,3880.880000,1,7.140000,0.1800,7.380000,0.660000,118.730000
116,Exit long,2024-12-17 20:15,3929.400000,1,-13.870000,-0.3500,6.730000,16.970000,111.590000
116,Entry long,2024-12-17 20:00,3943.270000,1,-13.870000,-0.3500,6.730000,16.970000,111.590000
115,Exit long,2024-12-17 04:15,4015.750000,1,-17.500000,-0.4300,0.430000,21.820000,125.460000
115,Entry long,2024-12-17 04:00,4033.250000,1,-17.500000,-0.4300,0.430000,21.820000,125.460000
114,Exit long,2024-12-16 16:15,3961.090000,1,20.920000,0.5300,32.450000,2.120000,142.960000
114,Entry long,2024-12-16 16:00,3940.170000,1,20.920000,0.5300,32.450000,2.120000,142.960000
113,Exit long,2024-12-16 08:15,3957.690000,1,-15.460000,-0.3900,2.140000,18.150000,122.040000
113,Entry long,2024-12-16 08:00,3973.150000,1,-15.460000,-0.3900,2.140000,18.150000,122.040000
112,Exit long,2024-12-16 00:15,3956.300000,1,-2.200000,-0.0600,12.690000,11.170000,137.500000
112,Entry long,2024-12-16 00:00,3958.500000,1,-2.200000,-0.0600,12.690000,11.170000,137.500000
111,Exit long,2024-12-15 20:15,3899.720000,1,-2.400000,-0.0600,4.210000,7.070000,139.700000
111,Entry long,2024-12-15 20:00,3902.120000,1,-2.400000,-0.0600,4.210000,7.070000,139.700000
110,Exit long,2024-12-15 12:15,3872.550000,1,-3.550000,-0.0900,9.330000,6.590000,142.100000
110,Entry long,2024-12-15 12:00,3876.100000,1,-3.550000,-0.0900,9.330000,6.590000,142.100000
109,Exit long,2024-12-15 00:15,3869.140000,1,0.540000,0.0100,5.430000,6.230000,145.650000
109,Entry long,2024-12-15 00:00,3868.600000,1,0.540000,0.0100,5.430000,6.230000,145.650000
108,Exit long,2024-12-13 20:15,3914.750000,1,-2.250000,-0.0600,5.610000,4.000000,145.110000
108,Entry long,2024-12-13 20:00,3917.000000,1,-2.250000,-0.0600,5.610000,4.000000,145.110000
107,Exit long,2024-12-13 04:15,3922.180000,1,-9.170000,-0.2300,3.700000,10.670000,147.360000
107,Entry long,2024-12-13 04:00,3931.350000,1,-9.170000,-0.2300,3.700000,10.670000,147.360000
106,Exit long,2024-12-12 04:15,3920.690000,1,-13.070000,-0.3300,9.650000,14.670000,156.530000
106,Entry long,2024-12-12 04:00,3933.760000,1,-13.070000,-0.3300,9.650000,14.670000,156.530000
105,Exit long,2024-12-11 20:15,3807.030000,1,4.640000,0.1200,9.610000,0.970000,169.600000
105,Entry long,2024-12-11 20:00,3802.390000,1,4.640000,0.1200,9.610000,0.970000,169.600000
104,Exit long,2024-12-11 16:15,3782.880000,1,-3.880000,-0.1000,13.500000,8.580000,164.960000
104,Entry long,2024-12-11 16:00,3786.760000,1,-3.880000,-0.1000,13.500000,8.580000,164.960000
103,Exit long,2024-12-11 12:15,3713.200000,1,-2.900000,-0.0800,9.830000,6.440000,168.840000
103,Entry long,2024-12-11 12:00,3716.100000,1,-2.900000,-0.0800,9.830000,6.440000,168.840000
102,Exit long,2024-12-11 04:15,3666.000000,1,0.710000,0.0200,15.920000,5.720000,171.740000
102,Entry long,2024-12-11 04:00,3665.290000,1,0.710000,0.0200,15.920000,5.720000,171.740000
101,Exit long,2024-12-10 20:15,3631.770000,1,2.770000,0.0800,20.000000,9.480000,171.030000
101,Entry long,2024-12-10 20:00,3629.000000,1,2.770000,0.0800,20.000000,9.480000,171.030000
100,Exit long,2024-12-08 16:15,3995.660000,1,1.740000,0.0400,7.950000,1.890000,168.260000
100,Entry long,2024-12-08 16:00,3993.920000,1,1.740000,0.0400,7.950000,1.890000,168.260000
99,Exit long,2024-12-07 20:15,4015.800000,1,0.350000,0.0100,4.190000,5.450000,166.520000
99,Entry long,2024-12-07 20:00,4015.450000,1,0.350000,0.0100,4.190000,5.450000,166.520000
98,Exit long,2024-12-07 16:15,3995.260000,1,-12.400000,-0.3100,2.050000,13.870000,166.170000
98,Entry long,2024-12-07 16:00,4007.660000,1,-12.400000,-0.3100,2.050000,13.870000,166.170000
97,Exit long,2024-12-07 12:15,4007.310000,1,6.040000,0.1500,6.140000,8.800000,178.570000
97,Entry long,2024-12-07 12:00,4001.270000,1,6.040000,0.1500,6.140000,8.800000,178.570000
96,Exit long,2024-12-06 20:15,4083.720000,1,12.720000,0.3100,16.020000,5.570000,172.530000
96,Entry long,2024-12-06 20:00,4071.000000,1,12.720000,0.3100,16.020000,5.570000,172.530000
95,Exit long,2024-12-06 16:15,3987.770000,1,-8.520000,-0.2100,16.320000,9.280000,159.810000
95,Entry long,2024-12-06 16:00,3996.290000,1,-8.520000,-0.2100,16.320000,9.280000,159.810000
94,Exit long,2024-12-06 04:15,3898.400000,1,-11.430000,-0.2900,7.170000,14.140000,168.330000
94,Entry long,2024-12-06 04:00,3909.830000,1,-11.430000,-0.2900,7.170000,14.140000,168.330000
93,Exit long,2024-12-05 12:15,3927.700000,1,-6.650000,-0.1700,4.650000,9.350000,179.760000
93,Entry long,2024-12-05 12:00,3934.350000,1,-6.650000,-0.1700,4.650000,9.350000,179.760000
92,Exit long,2024-12-04 20:15,3875.000000,1,31.640000,0.8200,35.200000,11.210000,186.410000
92,Entry long,2024-12-04 20:00,3843.360000,1,31.640000,0.8200,35.200000,11.210000,186.410000
91,Exit long,2024-12-04 16:15,3798.220000,1,-26.160000,-0.6800,8.050000,26.480000,154.770000
91,Entry long,2024-12-04 16:00,3824.380000,1,-26.160000,-0.6800,8.050000,26.480000,154.770000
90,Exit long,2024-12-04 12:15,3719.930000,1,-11.080000,-0.3000,15.370000,15.000000,180.930000
90,Entry long,2024-12-04 12:00,3731.010000,1,-11.080000,-0.3000,15.370000,15.000000,180.930000
89,Exit long,2024-12-04 08:15,3708.630000,1,-9.160000,-0.2500,5.000000,10.450000,192.010000
89,Entry long,2024-12-04 08:00,3717.790000,1,-9.160000,-0.2500,5.000000,10.450000,192.010000
88,Exit long,2024-12-04 04:15,3670.400000,1,5.500000,0.1500,7.190000,1.720000,201.170000
88,Entry long,2024-12-04 04:00,3664.900000,1,5.500000,0.1500,7.190000,1.720000,201.170000
87,Exit long,2024-12-03 00:15,3640.770000,1,-5.490000,-0.1500,2.320000,11.940000,195.670000
87,Entry long,2024-12-03 00:00,3646.260000,1,-5.490000,-0.1500,2.320000,11.940000,195.670000
86,Exit long,2024-12-02 16:15,3674.630000,1,0.090000,0.0000,10.070000,9.260000,201.160000
86,Entry long,2024-12-02 16:00,3674.540000,1,0.090000,0.0000,10.070000,9.260000,201.160000
85,Exit long,2024-12-01 16:15,3731.120000,1,0.130000,0.0000,7.850000,5.810000,201.070000
85,Entry long,2024-12-01 16:00,3730.990000,1,0.130000,0.0000,7.850000,5.810000,201.070000
84,Exit long,2024-12-01 04:15,3700.000000,1,-9.490000,-0.2600,1.000000,12.130000,200.940000
84,Entry long,2024-12-01 04:00,3709.490000,1,-9.490000,-0.2600,1.000000,12.130000,200.940000
83,Exit long,2024-11-30 20:15,3698.490000,1,6.490000,0.1800,8.000000,2.850000,210.430000
83,Entry long,2024-11-30 20:00,3692.000000,1,6.490000,0.1800,8.000000,2.850000,210.430000
82,Exit long,2024-11-30 16:15,3676.320000,1,-0.280000,-0.0100,8.390000,2.980000,203.940000
82,Entry long,2024-11-30 16:00,3676.600000,1,-0.280000,-0.0100,8.390000,2.980000,203.940000
81,Exit long,2024-11-30 08:15,3713.030000,1,7.390000,0.2000,15.340000,0.450000,204.220000
81,Entry long,2024-11-30 08:00,3705.640000,1,7.390000,0.2000,15.340000,0.450000,204.220000
80,Exit long,2024-11-30 04:15,3650.290000,1,-9.820000,-0.2700,11.590000,16.390000,196.830000
80,Entry long,2024-11-30 04:00,3660.110000,1,-9.820000,-0.2700,11.590000,16.390000,196.830000
79,Exit long,2024-11-29 12:15,3596.540000,1,-0.100000,-0.0000,4.240000,10.060000,206.650000
79,Entry long,2024-11-29 12:00,3596.640000,1,-0.100000,-0.0000,4.240000,10.060000,206.650000
78,Exit long,2024-11-28 12:15,3628.080000,1,5.240000,0.1400,14.590000,5.560000,206.750000
78,Entry long,2024-11-28 12:00,3622.840000,1,5.240000,0.1400,14.590000,5.560000,206.750000
77,Exit long,2024-11-27 20:15,3609.100000,1,17.100000,0.4800,21.380000,1.620000,201.510000
77,Entry long,2024-11-27 20:00,3592.000000,1,17.100000,0.4800,21.380000,1.620000,201.510000
76,Exit long,2024-11-27 16:15,3567.760000,1,12.690000,0.3600,16.630000,13.940000,184.410000
76,Entry long,2024-11-27 16:00,3555.070000,1,12.690000,0.3600,16.630000,13.940000,184.410000
75,Exit long,2024-11-27 12:15,3449.390000,1,-13.600000,-0.3900,6.810000,16.510000,171.720000
75,Entry long,2024-11-27 12:00,3462.990000,1,-13.600000,-0.3900,6.810000,16.510000,171.720000
74,Exit long,2024-11-26 20:15,3316.770000,1,13.700000,0.4100,20.610000,3.070000,185.320000
74,Entry long,2024-11-26 20:00,3303.070000,1,13.700000,0.4100,20.610000,3.070000,185.320000
73,Exit long,2024-11-25 16:15,3531.500000,1,10.320000,0.2900,28.730000,19.250000,171.620000
73,Entry long,2024-11-25 16:00,3521.180000,1,10.320000,0.2900,28.730000,19.250000,171.620000
72,Exit long,2024-11-25 08:15,3410.490000,1,8.830000,0.2600,15.490000,2.840000,161.300000
72,Entry long,2024-11-25 08:00,3401.660000,1,8.830000,0.2600,15.490000,2.840000,161.300000
71,Exit long,2024-11-25 04:15,3387.720000,1,23.090000,0.6900,25.370000,1.390000,152.470000
71,Entry long,2024-11-25 04:00,3364.630000,1,23.090000,0.6900,25.370000,1.390000,152.470000
70,Exit long,2024-11-25 00:15,3354.340000,1,-8.640000,-0.2600,4.920000,16.090000,129.380000
70,Entry long,2024-11-25 00:00,3362.980000,1,-8.640000,-0.2600,4.920000,16.090000,129.380000
69,Exit long,2024-11-23 12:15,3359.410000,1,2.110000,0.0600,3.600000,6.300000,138.020000
69,Entry long,2024-11-23 12:00,3357.300000,1,2.110000,0.0600,3.600000,6.300000,138.020000
68,Exit long,2024-11-23 04:15,3350.550000,1,1.670000,0.0500,4.650000,8.380000,135.910000
68,Entry long,2024-11-23 04:00,3348.880000,1,1.670000,0.0500,4.650000,8.380000,135.910000
67,Exit long,2024-11-23 00:15,3330.100000,1,0.060000,0.0000,0.960000,11.110000,134.240000
67,Entry long,2024-11-23 00:00,3330.040000,1,0.060000,0.0000,0.960000,11.110000,134.240000
66,Exit long,2024-11-22 04:15,3368.390000,1,-0.280000,-0.0100,7.870000,8.360000,134.180000
66,Entry long,2024-11-22 04:00,3368.670000,1,-0.280000,-0.0100,7.870000,8.360000,134.180000
65,Exit long,2024-11-21 12:15,3216.520000,1,66.510000,2.1100,69.190000,1.490000,134.460000
65,Entry long,2024-11-21 12:00,3150.010000,1,66.510000,2.1100,69.190000,1.490000,134.460000
64,Exit long,2024-11-21 08:15,3140.770000,1,1.650000,0.0500,12.390000,3.500000,67.950000
64,Entry long,2024-11-21 08:00,3139.120000,1,1.650000,0.0500,12.390000,3.500000,67.950000
63,Exit long,2024-11-21 04:15,3107.880000,1,24.630000,0.8000,26.750000,1.460000,66.300000
63,Entry long,2024-11-21 04:00,3083.250000,1,24.630000,0.8000,26.750000,1.460000,66.300000
62,Exit long,2024-11-20 16:15,3113.700000,1,-18.280000,-0.5800,5.490000,23.980000,41.670000
62,Entry long,2024-11-20 16:00,3131.980000,1,-18.280000,-0.5800,5.490000,23.980000,41.670000
61,Exit long,2024-11-20 08:15,3113.990000,1,2.950000,0.0900,4.630000,3.340000,59.950000
61,Entry long,2024-11-20 08:00,3111.040000,1,2.950000,0.0900,4.630000,3.340000,59.950000
60,Exit long,2024-11-19 12:15,3141.350000,1,12.780000,0.4100,13.030000,0.030000,57.000000
60,Entry long,2024-11-19 12:00,3128.570000,1,12.780000,0.4100,13.030000,0.030000,57.000000
59,Exit long,2024-11-19 00:15,3198.020000,1,-12.460000,-0.3900,14.350000,13.920000,44.220000
59,Entry long,2024-11-19 00:00,3210.480000,1,-12.460000,-0.3900,14.350000,13.920000,44.220000
58,Exit long,2024-11-18 16:15,3166.270000,1,20.140000,0.6400,23.160000,8.960000,56.680000
58,Entry long,2024-11-18 16:00,3146.130000,1,20.140000,0.6400,23.160000,8.960000,56.680000
57,Exit long,2024-11-18 04:15,3112.290000,1,-2.440000,-0.0800,4.350000,5.100000,36.540000
57,Entry long,2024-11-18 04:00,3114.730000,1,-2.440000,-0.0800,4.350000,5.100000,36.540000
56,Exit long,2024-11-17 20:15,3102.490000,1,2.180000,0.0700,9.360000,2.450000,38.980000
56,Entry long,2024-11-17 20:00,3100.310000,1,2.180000,0.0700,9.360000,2.450000,38.980000
55,Exit long,2024-11-17 08:15,3150.830000,1,11.610000,0.3700,12.910000,7.210000,36.800000
55,Entry long,2024-11-17 08:00,3139.220000,1,11.610000,0.3700,12.910000,7.210000,36.800000
54,Exit long,2024-11-16 12:15,3186.000000,1,-11.380000,-0.3600,25.310000,13.280000,25.190000
54,Entry long,2024-11-16 12:00,3197.380000,1,-11.380000,-0.3600,25.310000,13.280000,25.190000
53,Exit long,2024-11-16 04:15,3144.210000,1,-12.280000,-0.3900,10.710000,12.290000,36.570000
53,Entry long,2024-11-16 04:00,3156.490000,1,-12.280000,-0.3900,10.710000,12.290000,36.570000
52,Exit long,2024-11-15 20:15,3058.440000,1,16.420000,0.5400,16.980000,1.420000,48.850000
52,Entry long,2024-11-15 20:00,3042.020000,1,16.420000,0.5400,16.980000,1.420000,48.850000
51,Exit long,2024-11-15 12:15,3130.000000,1,24.090000,0.7800,27.770000,9.440000,32.430000
51,Entry long,2024-11-15 12:00,3105.910000,1,24.090000,0.7800,27.770000,9.440000,32.430000
50,Exit long,2024-11-15 04:15,3074.320000,1,-10.520000,-0.3400,0.000000,11.090000,8.340000
50,Entry long,2024-11-15 04:00,3084.840000,1,-10.520000,-0.3400,0.000000,11.090000,8.340000
49,Exit long,2024-11-14 20:15,3106.650000,1,-41.070000,-1.3000,0.000000,47.710000,18.860000
49,Entry long,2024-11-14 20:00,3147.720000,1,-41.070000,-1.3000,0.000000,47.710000,18.860000
48,Exit long,2024-11-14 08:15,3228.130000,1,8.480000,0.2600,11.970000,4.630000,59.930000
48,Entry long,2024-11-14 08:00,3219.650000,1,8.480000,0.2600,11.970000,4.630000,59.930000
47,Exit long,2024-11-14 04:15,3222.560000,1,3.000000,0.0900,12.440000,13.050000,51.450000
47,Entry long,2024-11-14 04:00,3219.560000,1,3.000000,0.0900,12.440000,13.050000,51.450000
46,Exit long,2024-11-14 00:15,3194.200000,1,5.300000,0.1700,10.660000,7.120000,48.450000
46,Entry long,2024-11-14 00:00,3188.900000,1,5.300000,0.1700,10.660000,7.120000,48.450000
45,Exit long,2024-11-13 12:15,3167.730000,1,-1.930000,-0.0600,6.610000,9.430000,43.150000
45,Entry long,2024-11-13 12:00,3169.660000,1,-1.930000,-0.0600,6.610000,9.430000,43.150000
44,Exit long,2024-11-12 00:15,3342.210000,1,-32.810000,-0.9700,3.160000,34.030000,45.080000
44,Entry long,2024-11-12 00:00,3375.020000,1,-32.810000,-0.9700,3.160000,34.030000,45.080000
43,Exit long,2024-11-11 16:15,3251.100000,1,10.470000,0.3200,19.240000,4.370000,77.890000
43,Entry long,2024-11-11 16:00,3240.630000,1,10.470000,0.3200,19.240000,4.370000,77.890000
42,Exit long,2024-11-11 12:15,3199.720000,1,-0.210000,-0.0100,10.810000,2.350000,67.420000
42,Entry long,2024-11-11 12:00,3199.930000,1,-0.210000,-0.0100,10.810000,2.350000,67.420000
41,Exit long,2024-11-10 12:15,3197.190000,1,-25.930000,-0.8000,17.880000,30.910000,67.630000
41,Entry long,2024-11-10 12:00,3223.120000,1,-25.930000,-0.8000,17.880000,30.910000,67.630000
40,Exit long,2024-11-10 08:15,3188.200000,1,1.120000,0.0400,4.920000,3.230000,93.560000
40,Entry long,2024-11-10 08:00,3187.080000,1,1.120000,0.0400,4.920000,3.230000,93.560000
39,Exit long,2024-11-10 04:15,3144.340000,1,9.080000,0.2900,9.230000,4.760000,92.440000
39,Entry long,2024-11-10 04:00,3135.260000,1,9.080000,0.2900,9.230000,4.760000,92.440000
38,Exit long,2024-11-09 20:15,3077.960000,1,7.250000,0.2400,9.170000,4.710000,83.360000
38,Entry long,2024-11-09 20:00,3070.710000,1,7.250000,0.2400,9.170000,4.710000,83.360000
37,Exit long,2024-11-09 12:15,3040.510000,1,-11.020000,-0.3600,2.870000,12.530000,76.110000
37,Entry long,2024-11-09 12:00,3051.530000,1,-11.020000,-0.3600,2.870000,12.530000,76.110000
36,Exit long,2024-11-09 00:15,2969.550000,1,7.430000,0.2500,12.770000,7.490000,87.130000
36,Entry long,2024-11-09 00:00,2962.120000,1,7.430000,0.2500,12.770000,7.490000,87.130000
35,Exit long,2024-11-08 16:15,2929.770000,1,-7.830000,-0.2700,8.130000,17.830000,79.700000
35,Entry long,2024-11-08 16:00,2937.600000,1,-7.830000,-0.2700,8.130000,17.830000,79.700000
34,Exit long,2024-11-08 08:15,2898.810000,1,-14.120000,-0.4800,1.440000,19.300000,87.530000
34,Entry long,2024-11-08 08:00,2912.930000,1,-14.120000,-0.4800,1.440000,19.300000,87.530000
33,Exit long,2024-11-08 04:15,2904.410000,1,1.500000,0.0500,3.680000,2.510000,101.650000
33,Entry long,2024-11-08 04:00,2902.910000,1,1.500000,0.0500,3.680000,2.510000,101.650000
32,Exit long,2024-11-08 00:15,2943.600000,1,47.840000,1.6500,51.240000,0.180000,100.150000
32,Entry long,2024-11-08 00:00,2895.760000,1,47.840000,1.6500,51.240000,0.180000,100.150000
31,Exit long,2024-11-07 20:15,2883.430000,1,-2.570000,-0.0900,3.560000,9.110000,52.310000
31,Entry long,2024-11-07 20:00,2886.000000,1,-2.570000,-0.0900,3.560000,9.110000,52.310000
30,Exit long,2024-11-07 16:15,2835.900000,1,-12.240000,-0.4300,5.210000,19.640000,54.880000
30,Entry long,2024-11-07 16:00,2848.140000,1,-12.240000,-0.4300,5.210000,19.640000,54.880000
29,Exit long,2024-11-06 20:15,2694.480000,1,6.740000,0.2500,14.040000,16.320000,67.120000
29,Entry long,2024-11-06 20:00,2687.740000,1,6.740000,0.2500,14.040000,16.320000,67.120000
28,Exit long,2024-11-06 16:15,2648.040000,1,13.760000,0.5200,15.210000,0.630000,60.380000
28,Entry long,2024-11-06 16:00,2634.280000,1,13.760000,0.5200,15.210000,0.630000,60.380000
27,Exit long,2024-11-06 12:15,2637.160000,1,7.330000,0.2800,10.370000,0.930000,46.620000
27,Entry long,2024-11-06 12:00,2629.830000,1,7.330000,0.2800,10.370000,0.930000,46.620000
26,Exit long,2024-11-06 08:15,2601.430000,1,6.030000,0.2300,7.790000,14.910000,39.290000
26,Entry long,2024-11-06 08:00,2595.400000,1,6.030000,0.2300,7.790000,14.910000,39.290000
25,Exit long,2024-11-06 04:15,2589.090000,1,10.050000,0.3900,15.960000,4.040000,33.260000
25,Entry long,2024-11-06 04:00,2579.040000,1,10.050000,0.3900,15.960000,4.040000,33.260000
24,Exit long,2024-11-05 08:15,2437.320000,1,-5.010000,-0.2100,2.260000,5.350000,23.210000
24,Entry long,2024-11-05 08:00,2442.330000,1,-5.010000,-0.2100,2.260000,5.350000,23.210000
23,Exit long,2024-11-05 04:15,2422.870000,1,3.140000,0.1300,4.150000,3.510000,28.220000
23,Entry long,2024-11-05 04:00,2419.730000,1,3.140000,0.1300,4.150000,3.510000,28.220000
22,Exit long,2024-11-04 12:15,2474.120000,1,4.150000,0.1700,5.540000,3.800000,25.080000
22,Entry long,2024-11-04 12:00,2469.970000,1,4.150000,0.1700,5.540000,3.800000,25.080000
21,Exit long,2024-11-03 20:15,2449.500000,1,-3.260000,-0.1300,4.410000,5.120000,20.930000
21,Entry long,2024-11-03 20:00,2452.760000,1,-3.260000,-0.1300,4.410000,5.120000,20.930000
20,Exit long,2024-11-03 00:15,2495.750000,1,2.140000,0.0900,2.520000,3.970000,24.190000
20,Entry long,2024-11-03 00:00,2493.610000,1,2.140000,0.0900,2.520000,3.970000,24.190000
19,Exit long,2024-11-02 20:15,2494.490000,1,1.760000,0.0700,3.760000,1.910000,22.050000
19,Entry long,2024-11-02 20:00,2492.730000,1,1.760000,0.0700,3.760000,1.910000,22.050000
18,Exit long,2024-11-01 20:15,2517.210000,1,2.500000,0.1000,5.100000,2.570000,20.290000
18,Entry long,2024-11-01 20:00,2514.710000,1,2.500000,0.1000,5.100000,2.570000,20.290000
17,Exit long,2024-11-01 08:15,2508.940000,1,4.810000,0.1900,4.820000,2.210000,17.790000
17,Entry long,2024-11-01 08:00,2504.130000,1,4.810000,0.1900,4.820000,2.210000,17.790000
16,Exit long,2024-10-30 08:15,2679.160000,1,9.730000,0.3600,13.850000,0.360000,12.980000
16,Entry long,2024-10-30 08:00,2669.430000,1,9.730000,0.3600,13.850000,0.360000,12.980000
15,Exit long,2024-10-30 04:15,2642.110000,1,-0.350000,-0.0100,3.250000,1.250000,3.250000
15,Entry long,2024-10-30 04:00,2642.460000,1,-0.350000,-0.0100,3.250000,1.250000,3.250000
14,Exit long,2024-10-30 00:15,2636.650000,1,-2.630000,-0.1000,3.190000,5.100000,3.600000
14,Entry long,2024-10-30 00:00,2639.280000,1,-2.630000,-0.1000,3.190000,5.100000,3.600000
13,Exit long,2024-10-29 16:15,2643.010000,1,-5.100000,-0.1900,4.250000,6.420000,6.230000
13,Entry long,2024-10-29 16:00,2648.110000,1,-5.100000,-0.1900,4.250000,6.420000,6.230000
12,Exit long,2024-10-29 12:15,2625.450000,1,-5.620000,-0.2100,2.540000,8.850000,11.330000
12,Entry long,2024-10-29 12:00,2631.070000,1,-5.620000,-0.2100,2.540000,8.850000,11.330000
11,Exit long,2024-10-28 08:15,2517.330000,1,6.220000,0.2500,6.220000,2.290000,16.950000
11,Entry long,2024-10-28 08:00,2511.110000,1,6.220000,0.2500,6.220000,2.290000,16.950000
10,Exit long,2024-10-27 16:15,2502.870000,1,1.770000,0.0700,5.490000,0.600000,10.730000
10,Entry long,2024-10-27 16:00,2501.100000,1,1.770000,0.0700,5.490000,0.600000,10.730000
9,Exit long,2024-10-27 04:15,2483.500000,1,-0.230000,-0.0100,2.430000,2.250000,8.960000
9,Entry long,2024-10-27 04:00,2483.730000,1,-0.230000,-0.0100,2.430000,2.250000,8.960000
8,Exit long,2024-10-26 20:15,2490.110000,1,3.970000,0.1600,5.060000,2.610000,9.190000
8,Entry long,2024-10-26 20:00,2486.140000,1,3.970000,0.1600,5.060000,2.610000,9.190000
7,Exit long,2024-10-26 12:15,2473.950000,1,1.770000,0.0700,5.820000,0.760000,5.220000
7,Entry long,2024-10-26 12:00,2472.180000,1,1.770000,0.0700,5.820000,0.760000,5.220000
6,Exit long,2024-10-26 04:15,2458.720000,1,7.330000,0.3000,8.560000,0.980000,3.450000
6,Entry long,2024-10-26 04:00,2451.390000,1,7.330000,0.3000,8.560000,0.980000,3.450000
5,Exit long,2024-10-25 12:15,2545.450000,1,0.730000,0.0300,8.480000,1.200000,-3.880000
5,Entry long,2024-10-25 12:00,2544.720000,1,0.730000,0.0300,8.480000,1.200000,-3.880000
4,Exit long,2024-10-24 20:15,2533.580000,1,-5.930000,-0.2300,0.630000,8.840000,-4.610000
4,Entry long,2024-10-24 20:00,2539.510000,1,-5.930000,-0.2300,0.630000,8.840000,-4.610000
3,Exit long,2024-10-24 00:15,2519.710000,1,-4.140000,-0.1600,1.170000,4.310000,1.320000
3,Entry long,2024-10-24 00:00,2523.850000,1,-4.140000,-0.1600,1.170000,4.310000,1.320000
2,Exit long,2024-10-22 20:15,2628.780000,1,1.340000,0.0500,3.280000,1.520000,5.460000
2,Entry long,2024-10-22 20:00,2627.440000,1,1.340000,0.0500,3.280000,1.520000,5.460000
1,Exit long,2024-10-20 12:15,2653.020000,1,4.120000,0.1600,6.030000,0.010000,4.120000
1,Entry long,2024-10-20 12:00,2648.900000,1,4.120000,0.1600,6.030000,0.010000,4.120000
