Trade #,Type,Date and time,Price,Qty,Net PnL,Net PnL %,MFE,MAE,Cumulative PnL
2407,Exit long,2026-05-04 15:00,2365.090000,13,-65.260000,-0.2100,0.000000,65.260000,-65.260000
2407,Entry long,2026-05-04 15:00,2370.110000,13,0.000000,0.0000,0.000000,0.000000,0.000000
2406,Exit short,2026-05-04 15:00,2370.110000,12,-104.280000,-0.3700,580.440000,246.960000,17862.590000
2406,Entry short,2026-05-04 08:15,2361.420000,12,-104.280000,-0.3700,580.440000,246.960000,17862.590000
2405,Exit long,2026-05-04 08:15,2362.760000,11,135.080000,0.5200,532.400000,72.710000,17966.870000
2405,Entry long,2026-05-04 02:00,2350.480000,11,135.080000,0.5200,532.400000,72.710000,17966.870000
2404,Exit short,2026-05-04 02:00,2350.480000,10,-288.100000,-1.2400,135.700000,319.600000,17831.790000
2404,Entry short,2026-05-04 00:00,2321.670000,10,-288.100000,-1.2400,135.700000,319.600000,17831.790000
2403,Exit long,2026-05-04 00:00,2321.670000,9,-227.880000,-1.0800,87.840000,259.650000,18119.890000
2403,Entry long,2026-05-03 22:15,2346.990000,9,-227.880000,-1.0800,87.840000,259.650000,18119.890000
2402,Exit short,2026-05-03 22:15,2346.990000,8,-224.800000,-1.2100,31.120000,269.840000,18347.770000
2402,Entry short,2026-05-03 21:45,2318.890000,8,-224.800000,-1.2100,31.120000,269.840000,18347.770000
2401,Exit long,2026-05-03 21:45,2318.890000,7,56.070000,0.3500,233.590000,32.410000,18572.570000
2401,Entry long,2026-05-03 07:30,2310.880000,7,56.070000,0.3500,233.590000,32.410000,18572.570000
2400,Exit short,2026-05-03 07:30,2310.060000,6,-9.360000,-0.0700,74.940000,19.260000,18516.500000
2400,Entry short,2026-05-03 01:15,2308.500000,6,-9.360000,-0.0700,74.940000,19.260000,18516.500000
2399,Exit long,2026-05-03 01:15,2308.500000,5,39.400000,0.3400,206.900000,15.550000,18525.860000
2399,Entry long,2026-05-02 06:45,2300.620000,5,39.400000,0.3400,206.900000,15.550000,18525.860000
2398,Exit short,2026-05-02 06:45,2300.620000,4,-17.040000,-0.1900,0.680000,17.680000,18486.460000
2398,Entry short,2026-05-02 06:30,2296.360000,4,-17.040000,-0.1900,0.680000,17.680000,18486.460000
2397,Exit long,2026-05-02 06:30,2296.360000,3,-7.890000,-0.1100,27.300000,14.850000,18503.500000
2397,Entry long,2026-05-02 01:30,2298.990000,3,-7.890000,-0.1100,27.300000,14.850000,18503.500000
2396,Exit short,2026-05-02 01:30,2296.250000,2,5.300000,0.1200,41.800000,0.560000,18511.390000
2396,Entry short,2026-05-01 20:30,2298.900000,2,5.300000,0.1200,41.800000,0.560000,18511.390000
2395,Exit long,2026-05-01 20:30,2298.900000,1,36.050000,1.5900,61.790000,4.300000,18506.090000
2395,Entry long,2026-05-01 01:00,2262.850000,1,36.050000,1.5900,61.790000,4.300000,18506.090000
2394,Exit short,2026-05-01 00:45,2262.410000,5,-36.550000,-0.3200,20.600000,49.350000,18470.040000
2394,Entry short,2026-04-30 22:00,2255.100000,5,-36.550000,-0.3200,20.600000,49.350000,18470.040000
2393,Exit long,2026-04-30 22:00,2255.100000,4,-36.640000,-0.4000,8.360000,47.240000,18506.590000
2393,Entry long,2026-04-30 19:30,2264.260000,4,-36.640000,-0.4000,8.360000,47.240000,18506.590000
2392,Exit short,2026-04-30 19:30,2264.260000,3,-25.350000,-0.3700,17.280000,28.590000,18543.230000
2392,Entry short,2026-04-30 17:00,2255.810000,3,-25.350000,-0.3700,17.280000,28.590000,18543.230000
2391,Exit long,2026-04-30 17:00,2255.810000,2,-2.760000,-0.0600,35.220000,24.460000,18568.580000
2391,Entry long,2026-04-30 07:45,2257.190000,2,-2.760000,-0.0600,35.220000,24.460000,18568.580000
2390,Exit short,2026-04-30 07:45,2257.190000,1,-11.290000,-0.5000,15.800000,12.640000,18571.340000
2390,Entry short,2026-04-30 04:00,2245.900000,1,-11.290000,-0.5000,15.800000,12.640000,18571.340000
2389,Exit long,2026-04-30 03:00,2244.170000,4,-57.320000,-0.6300,77.680000,97.360000,18582.630000
2389,Entry long,2026-04-29 23:15,2258.500000,4,-57.320000,-0.6300,77.680000,97.360000,18582.630000
2388,Exit short,2026-04-29 23:15,2258.500000,3,166.260000,2.4000,285.270000,10.680000,18639.950000
2388,Entry short,2026-04-29 12:30,2313.920000,3,166.260000,2.4000,285.270000,10.680000,18639.950000
2387,Exit long,2026-04-29 12:30,2313.920000,2,50.240000,1.1000,115.360000,4.240000,18473.690000
2387,Entry long,2026-04-29 03:00,2288.800000,2,50.240000,1.1000,115.360000,4.240000,18473.690000
2386,Exit short,2026-04-29 03:00,2288.040000,1,-2.380000,-0.1000,0.360000,2.550000,18423.450000
2386,Entry short,2026-04-29 02:45,2285.660000,1,-2.380000,-0.1000,0.360000,2.550000,18423.450000
2385,Exit short,2026-04-29 02:15,2291.690000,12,-99.840000,-0.3600,64.200000,161.880000,18425.830000
2385,Entry short,2026-04-29 01:15,2283.370000,12,-99.840000,-0.3600,64.200000,161.880000,18425.830000
2384,Exit long,2026-04-29 01:15,2283.370000,11,-90.640000,-0.3600,0.000000,118.910000,18525.670000
2384,Entry long,2026-04-29 01:00,2291.610000,11,-90.640000,-0.3600,0.000000,118.910000,18525.670000
2383,Exit short,2026-04-29 01:00,2291.610000,10,-64.400000,-0.2800,24.100000,84.300000,18616.310000
2383,Entry short,2026-04-28 23:00,2285.170000,10,-64.400000,-0.2800,24.100000,84.300000,18616.310000
2382,Exit long,2026-04-28 23:00,2285.170000,9,3.240000,0.0200,181.080000,64.890000,18680.710000
2382,Entry long,2026-04-28 17:00,2284.810000,9,3.240000,0.0200,181.080000,64.890000,18680.710000
2381,Exit short,2026-04-28 17:00,2284.810000,8,-35.520000,-0.1900,194.720000,123.200000,18677.470000
2381,Entry short,2026-04-28 02:45,2280.370000,8,-35.520000,-0.1900,194.720000,123.200000,18677.470000
2380,Exit long,2026-04-28 02:45,2280.370000,7,-81.550000,-0.5100,123.970000,81.550000,18712.990000
2380,Entry long,2026-04-27 22:45,2292.020000,7,-81.550000,-0.5100,123.970000,81.550000,18712.990000
2379,Exit short,2026-04-27 22:45,2292.020000,6,244.500000,1.7500,413.340000,12.180000,18794.540000
2379,Entry short,2026-04-27 05:30,2332.770000,6,244.500000,1.7500,413.340000,12.180000,18794.540000
2378,Exit long,2026-04-27 05:30,2332.770000,5,27.800000,0.2400,383.900000,26.200000,18550.040000
2378,Entry long,2026-04-26 05:15,2327.210000,5,27.800000,0.2400,383.900000,26.200000,18550.040000
2377,Exit short,2026-04-26 05:15,2327.210000,4,-64.800000,-0.7000,23.760000,82.960000,18522.240000
2377,Entry short,2026-04-26 03:30,2311.010000,4,-64.800000,-0.7000,23.760000,82.960000,18522.240000
2376,Exit long,2026-04-26 03:30,2311.010000,3,-12.390000,-0.1800,13.350000,15.420000,18587.040000
2376,Entry long,2026-04-25 21:15,2315.140000,3,-12.390000,-0.1800,13.350000,15.420000,18587.040000
2375,Exit short,2026-04-25 21:15,2315.140000,2,-17.000000,-0.3700,15.320000,19.680000,18599.430000
2375,Entry short,2026-04-25 16:00,2306.640000,2,-17.000000,-0.3700,15.320000,19.680000,18599.430000
2374,Exit long,2026-04-25 16:00,2306.640000,1,-10.090000,-0.4400,0.600000,17.750000,18616.430000
2374,Entry long,2026-04-25 15:30,2316.730000,1,-10.090000,-0.4400,0.600000,17.750000,18616.430000
2373,Exit long,2026-04-25 15:15,2315.350000,1,-1.650000,-0.0700,0.560000,3.000000,18626.520000
2373,Entry long,2026-04-25 14:45,2317.000000,1,-1.650000,-0.0700,0.560000,3.000000,18626.520000
2372,Exit short,2026-04-25 14:30,2316.190000,2,-9.320000,-0.2000,4.040000,12.820000,18628.170000
2372,Entry short,2026-04-25 11:45,2311.530000,2,-9.320000,-0.2000,4.040000,12.820000,18628.170000
2371,Exit long,2026-04-25 11:45,2311.530000,1,-5.830000,-0.2500,4.860000,5.840000,18637.490000
2371,Entry long,2026-04-25 08:30,2317.360000,1,-5.830000,-0.2500,4.860000,5.840000,18637.490000
2370,Exit short,2026-04-25 08:15,2316.600000,8,-28.320000,-0.1500,8.080000,39.440000,18643.320000
2370,Entry short,2026-04-25 05:15,2313.060000,8,-28.320000,-0.1500,8.080000,39.440000,18643.320000
2369,Exit long,2026-04-25 05:15,2313.060000,7,-45.290000,-0.2800,3.290000,52.290000,18671.640000
2369,Entry long,2026-04-25 01:45,2319.530000,7,-45.290000,-0.2800,3.290000,52.290000,18671.640000
2368,Exit short,2026-04-25 01:45,2318.470000,6,-29.640000,-0.2100,49.980000,36.000000,18716.930000
2368,Entry short,2026-04-24 21:45,2313.530000,6,-29.640000,-0.2100,49.980000,36.000000,18716.930000
2367,Exit long,2026-04-24 21:45,2313.760000,5,-26.000000,-0.2200,40.750000,49.800000,18746.570000
2367,Entry long,2026-04-24 19:00,2318.960000,5,-26.000000,-0.2200,40.750000,49.800000,18746.570000
2366,Exit short,2026-04-24 19:00,2318.730000,4,-38.520000,-0.4200,36.400000,78.760000,18772.570000
2366,Entry short,2026-04-24 14:15,2309.100000,4,-38.520000,-0.4200,36.400000,78.760000,18772.570000
2365,Exit long,2026-04-24 14:15,2309.530000,3,-18.060000,-0.2600,46.350000,28.140000,18811.090000
2365,Entry long,2026-04-24 11:00,2315.550000,3,-18.060000,-0.2600,46.350000,28.140000,18811.090000
2364,Exit short,2026-04-24 11:00,2314.540000,2,7.860000,0.1700,40.060000,6.940000,18829.150000
2364,Entry short,2026-04-24 03:00,2318.470000,2,7.860000,0.1700,40.060000,6.940000,18829.150000
2363,Exit long,2026-04-24 03:00,2318.470000,1,-6.530000,-0.2800,12.760000,12.050000,18821.290000
2363,Entry long,2026-04-23 21:30,2325.000000,1,-6.530000,-0.2800,12.760000,12.050000,18821.290000
2362,Exit short,2026-04-23 21:00,2324.080000,5,-33.350000,-0.2900,170.500000,56.450000,18827.820000
2362,Entry short,2026-04-23 17:15,2317.410000,5,-33.350000,-0.2900,170.500000,56.450000,18827.820000
2361,Exit long,2026-04-23 17:15,2317.410000,4,-65.680000,-0.7000,38.120000,92.840000,18861.170000
2361,Entry long,2026-04-23 15:15,2333.830000,4,-65.680000,-0.7000,38.120000,92.840000,18861.170000
2360,Exit short,2026-04-23 15:15,2328.000000,3,171.690000,2.4000,243.990000,0.030000,18926.850000
2360,Entry short,2026-04-22 23:30,2385.230000,3,171.690000,2.4000,243.990000,0.030000,18926.850000
2359,Exit long,2026-04-22 23:30,2385.230000,2,-39.940000,-0.8300,0.000000,51.560000,18755.160000
2359,Entry long,2026-04-22 21:45,2405.200000,2,-39.940000,-0.8300,0.000000,51.560000,18755.160000
2358,Exit short,2026-04-22 21:45,2405.200000,1,-12.240000,-0.5100,3.160000,12.240000,18795.100000
2358,Entry short,2026-04-22 20:15,2392.960000,1,-12.240000,-0.5100,3.160000,12.240000,18795.100000
2357,Exit long,2026-04-22 19:45,2394.890000,8,-73.120000,-0.3800,7.760000,101.120000,18807.340000
2357,Entry long,2026-04-22 19:30,2404.030000,8,-73.120000,-0.3800,7.760000,101.120000,18807.340000
2356,Exit short,2026-04-22 19:30,2404.030000,7,-101.570000,-0.6100,43.610000,119.350000,18880.460000
2356,Entry short,2026-04-22 16:45,2389.520000,7,-101.570000,-0.6100,43.610000,119.350000,18880.460000
2355,Exit long,2026-04-22 16:45,2389.520000,6,413.880000,2.9700,614.760000,126.060000,18982.030000
2355,Entry long,2026-04-21 20:30,2320.540000,6,413.880000,2.9700,614.760000,126.060000,18982.030000
2354,Exit short,2026-04-21 20:30,2316.690000,5,-144.850000,-1.2700,4.050000,183.550000,18568.150000
2354,Entry short,2026-04-21 19:45,2287.720000,5,-144.850000,-1.2700,4.050000,183.550000,18568.150000
2353,Exit long,2026-04-21 19:45,2287.720000,4,-105.720000,-1.1400,63.400000,114.280000,18713.000000
2353,Entry long,2026-04-21 19:15,2314.150000,4,-105.720000,-1.1400,63.400000,114.280000,18713.000000
2352,Exit short,2026-04-21 19:15,2314.150000,3,-3.450000,-0.0500,96.540000,40.620000,18818.720000
2352,Entry short,2026-04-21 12:30,2313.000000,3,-3.450000,-0.0500,96.540000,40.620000,18818.720000
2351,Exit long,2026-04-21 12:30,2316.680000,2,-3.980000,-0.0900,38.640000,17.000000,18822.170000
2351,Entry long,2026-04-21 06:45,2318.670000,2,-3.980000,-0.0900,38.640000,17.000000,18822.170000
2350,Exit short,2026-04-21 06:45,2318.670000,1,-9.180000,-0.4000,3.080000,17.620000,18826.150000
2350,Entry short,2026-04-21 06:15,2309.490000,1,-9.180000,-0.4000,3.080000,17.620000,18826.150000
2349,Exit short,2026-04-21 05:45,2313.550000,1,0.230000,0.0100,16.270000,5.920000,18835.330000
2349,Entry short,2026-04-21 02:00,2313.780000,1,0.230000,0.0100,16.270000,5.920000,18835.330000
2348,Exit short,2026-04-21 01:30,2321.560000,1,-5.290000,-0.2300,10.260000,9.150000,18835.100000
2348,Entry short,2026-04-20 23:00,2316.270000,1,-5.290000,-0.2300,10.260000,9.150000,18835.100000
2347,Exit long,2026-04-20 22:45,2319.440000,3,21.270000,0.3100,103.470000,17.490000,18840.390000
2347,Entry long,2026-04-20 17:15,2312.350000,3,21.270000,0.3100,103.470000,17.490000,18840.390000
2346,Exit short,2026-04-20 17:15,2312.350000,2,-27.300000,-0.5900,4.380000,32.200000,18819.120000
2346,Entry short,2026-04-20 17:00,2298.700000,2,-27.300000,-0.5900,4.380000,32.200000,18819.120000
2345,Exit long,2026-04-20 17:00,2298.990000,1,-8.420000,-0.3600,0.860000,10.290000,18846.420000
2345,Entry long,2026-04-20 16:45,2307.410000,1,-8.420000,-0.3600,0.860000,10.290000,18846.420000
2344,Exit short,2026-04-20 16:00,2312.720000,2,-46.320000,-1.0100,25.700000,57.560000,18854.840000
2344,Entry short,2026-04-20 15:00,2289.560000,2,-46.320000,-1.0100,25.700000,57.560000,18854.840000
2343,Exit long,2026-04-20 15:00,2289.560000,1,3.130000,0.1400,45.450000,5.150000,18901.160000
2343,Entry long,2026-04-20 07:15,2286.430000,1,3.130000,0.1400,45.450000,5.150000,18901.160000
2342,Exit short,2026-04-20 07:00,2284.960000,3,-38.580000,-0.5700,30.120000,48.780000,18898.030000
2342,Entry short,2026-04-20 05:15,2272.100000,3,-38.580000,-0.5700,30.120000,48.780000,18898.030000
2341,Exit long,2026-04-20 05:15,2272.100000,2,-21.620000,-0.4700,9.500000,29.820000,18936.610000
2341,Entry long,2026-04-20 03:45,2282.910000,2,-21.620000,-0.4700,9.500000,29.820000,18936.610000
2340,Exit short,2026-04-20 03:45,2280.230000,1,-5.930000,-0.2600,3.900000,8.610000,18958.230000
2340,Entry short,2026-04-20 02:15,2274.300000,1,-5.930000,-0.2600,3.900000,8.610000,18958.230000
2339,Exit short,2026-04-20 02:00,2284.720000,2,68.360000,1.4700,135.980000,11.620000,18964.160000
2339,Entry short,2026-04-19 16:30,2318.900000,2,68.360000,1.4700,135.980000,11.620000,18964.160000
2338,Exit long,2026-04-19 16:30,2318.900000,1,-8.810000,-0.3800,21.210000,14.320000,18895.800000
2338,Entry long,2026-04-19 12:00,2327.710000,1,-8.810000,-0.3800,21.210000,14.320000,18895.800000
2337,Exit short,2026-04-19 11:45,2326.160000,3,99.030000,1.4000,203.640000,12.690000,18904.610000
2337,Entry short,2026-04-18 17:00,2359.170000,3,99.030000,1.4000,203.640000,12.690000,18904.610000
2336,Exit long,2026-04-18 17:00,2359.170000,2,-14.320000,-0.3000,2.940000,22.220000,18805.580000
2336,Entry long,2026-04-18 16:30,2366.330000,2,-14.320000,-0.3000,2.940000,22.220000,18805.580000
2335,Exit short,2026-04-18 16:30,2366.330000,1,51.240000,2.1200,76.050000,9.050000,18819.900000
2335,Entry short,2026-04-18 00:00,2417.570000,1,51.240000,2.1200,76.050000,9.050000,18819.900000
2334,Exit long,2026-04-17 23:45,2419.130000,1,81.320000,3.4800,126.050000,5.900000,18768.660000
2334,Entry long,2026-04-17 08:00,2337.810000,1,81.320000,3.4800,126.050000,5.900000,18768.660000
2333,Exit short,2026-04-17 07:30,2336.230000,5,-19.550000,-0.1700,91.200000,42.800000,18687.340000
2333,Entry short,2026-04-17 01:30,2332.320000,5,-19.550000,-0.1700,91.200000,42.800000,18687.340000
2332,Exit long,2026-04-17 01:30,2332.320000,4,0.720000,0.0100,126.120000,27.360000,18706.890000
2332,Entry long,2026-04-16 18:45,2332.140000,4,0.720000,0.0100,126.120000,27.360000,18706.890000
2331,Exit short,2026-04-16 18:45,2332.140000,3,10.680000,0.1500,159.000000,39.090000,18706.170000
2331,Entry short,2026-04-16 13:45,2335.700000,3,10.680000,0.1500,159.000000,39.090000,18706.170000
2330,Exit long,2026-04-16 13:45,2335.700000,2,-24.260000,-0.5200,2.980000,33.340000,18695.490000
2330,Entry long,2026-04-16 13:30,2347.830000,2,-24.260000,-0.5200,2.980000,33.340000,18695.490000
2329,Exit short,2026-04-16 13:30,2347.830000,1,7.180000,0.3000,27.900000,4.460000,18719.750000
2329,Entry short,2026-04-16 06:00,2355.010000,1,7.180000,0.3000,27.900000,4.460000,18719.750000
2328,Exit long,2026-04-16 05:15,2350.910000,2,-28.500000,-0.6000,4.300000,37.140000,18712.570000
2328,Entry long,2026-04-16 02:45,2365.160000,2,-28.500000,-0.6000,4.300000,37.140000,18712.570000
2327,Exit short,2026-04-16 02:45,2365.160000,1,-15.860000,-0.6800,2.660000,19.150000,18741.070000
2327,Entry short,2026-04-16 01:15,2349.300000,1,-15.860000,-0.6800,2.660000,19.150000,18741.070000
2326,Exit long,2026-04-16 00:30,2353.600000,1,25.600000,1.1000,56.670000,11.830000,18756.930000
2326,Entry long,2026-04-15 11:45,2328.000000,1,25.600000,1.1000,56.670000,11.830000,18756.930000
2325,Exit short,2026-04-15 11:30,2323.800000,1,-4.510000,-0.1900,8.360000,12.560000,18731.330000
2325,Entry short,2026-04-15 09:30,2319.290000,1,-4.510000,-0.1900,8.360000,12.560000,18731.330000
2324,Exit short,2026-04-15 09:15,2322.930000,2,-3.860000,-0.0800,28.400000,23.520000,18735.840000
2324,Entry short,2026-04-15 05:30,2321.000000,2,-3.860000,-0.0800,28.400000,23.520000,18735.840000
2323,Exit long,2026-04-15 05:30,2321.000000,1,-12.050000,-0.5200,4.140000,13.780000,18739.700000
2323,Entry long,2026-04-15 04:30,2333.050000,1,-12.050000,-0.5200,4.140000,13.780000,18739.700000
2322,Exit long,2026-04-15 03:00,2323.710000,1,-14.470000,-0.6200,3.350000,21.750000,18751.750000
2322,Entry long,2026-04-15 01:00,2338.180000,1,-14.470000,-0.6200,3.350000,21.750000,18751.750000
2321,Exit short,2026-04-15 00:30,2336.850000,3,45.690000,0.6500,151.440000,56.430000,18766.220000
2321,Entry short,2026-04-14 15:00,2352.080000,3,45.690000,0.6500,151.440000,56.430000,18766.220000
2320,Exit long,2026-04-14 15:00,2352.080000,2,-72.880000,-1.5300,55.760000,73.040000,18720.530000
2320,Entry long,2026-04-14 13:45,2388.520000,2,-72.880000,-1.5300,55.760000,73.040000,18720.530000
2319,Exit short,2026-04-14 13:45,2388.520000,1,-19.750000,-0.8300,1.010000,26.220000,18793.410000
2319,Entry short,2026-04-14 12:15,2368.770000,1,-19.750000,-0.8300,1.010000,26.220000,18793.410000
2318,Exit long,2026-04-14 11:45,2371.040000,2,343.620000,7.8100,393.240000,38.460000,18813.160000
2318,Entry long,2026-04-13 13:15,2199.230000,2,343.620000,7.8100,393.240000,38.460000,18813.160000
2317,Exit short,2026-04-13 13:15,2199.230000,1,-15.780000,-0.7200,8.970000,16.480000,18469.540000
2317,Entry short,2026-04-13 07:30,2183.450000,1,-15.780000,-0.7200,8.970000,16.480000,18469.540000
2316,Exit short,2026-04-13 07:00,2197.540000,3,-14.610000,-0.2200,34.950000,26.400000,18485.320000
2316,Entry short,2026-04-13 02:45,2192.670000,3,-14.610000,-0.2200,34.950000,26.400000,18485.320000
2315,Exit long,2026-04-13 02:45,2192.670000,2,-22.840000,-0.5200,7.620000,25.420000,18499.930000
2315,Entry long,2026-04-13 01:00,2204.090000,2,-22.840000,-0.5200,7.620000,25.420000,18499.930000
2314,Exit short,2026-04-13 01:00,2204.090000,1,-16.080000,-0.7300,3.060000,19.450000,18522.770000
2314,Entry short,2026-04-12 23:15,2188.010000,1,-16.080000,-0.7300,3.060000,19.450000,18522.770000
2313,Exit long,2026-04-12 22:45,2195.630000,12,-76.440000,-0.2900,188.400000,232.200000,18538.850000
2313,Entry long,2026-04-12 18:00,2202.000000,12,-76.440000,-0.2900,188.400000,232.200000,18538.850000
2312,Exit short,2026-04-12 18:00,2202.000000,11,891.440000,3.5500,1210.440000,55.880000,18615.290000
2312,Entry short,2026-04-12 00:00,2283.040000,11,891.440000,3.5500,1210.440000,55.880000,18615.290000
2311,Exit long,2026-04-12 00:00,2283.860000,10,392.700000,1.7500,854.000000,123.900000,17723.850000
2311,Entry long,2026-04-11 09:30,2244.590000,10,392.700000,1.7500,854.000000,123.900000,17723.850000
2310,Exit short,2026-04-11 09:30,2244.590000,9,-77.850000,-0.3900,80.190000,111.060000,17331.150000
2310,Entry short,2026-04-11 04:00,2235.940000,9,-77.850000,-0.3900,80.190000,111.060000,17331.150000
2309,Exit long,2026-04-11 04:00,2235.940000,8,-96.400000,-0.5400,26.720000,114.720000,17409.000000
2309,Entry long,2026-04-11 02:30,2247.990000,8,-96.400000,-0.5400,26.720000,114.720000,17409.000000
2308,Exit short,2026-04-11 02:30,2247.990000,7,-56.910000,-0.3600,45.710000,59.080000,17505.400000
2308,Entry short,2026-04-10 23:15,2239.860000,7,-56.910000,-0.3600,45.710000,59.080000,17505.400000
2307,Exit long,2026-04-10 23:15,2240.740000,6,273.300000,2.0700,374.160000,35.340000,17562.310000
2307,Entry long,2026-04-10 10:00,2195.190000,6,273.300000,2.0700,374.160000,35.340000,17562.310000
2306,Exit short,2026-04-10 10:00,2195.190000,5,-40.500000,-0.3700,59.200000,49.550000,17289.010000
2306,Entry short,2026-04-10 06:45,2187.090000,5,-40.500000,-0.3700,59.200000,49.550000,17289.010000
2305,Exit long,2026-04-10 06:45,2187.090000,4,-54.240000,-0.6200,2.680000,58.480000,17329.510000
2305,Entry long,2026-04-10 05:30,2200.650000,4,-54.240000,-0.6200,2.680000,58.480000,17329.510000
2304,Exit short,2026-04-10 05:30,2200.650000,3,-33.420000,-0.5100,47.100000,41.040000,17383.750000
2304,Entry short,2026-04-09 23:15,2189.510000,3,-33.420000,-0.5100,47.100000,41.040000,17383.750000
2303,Exit long,2026-04-09 23:15,2189.510000,2,-44.960000,-1.0200,68.320000,55.260000,17417.170000
2303,Entry long,2026-04-09 15:45,2211.990000,2,-44.960000,-1.0200,68.320000,55.260000,17417.170000
2302,Exit short,2026-04-09 15:45,2211.990000,1,-33.540000,-1.5400,22.450000,41.240000,17462.130000
2302,Entry short,2026-04-09 12:15,2178.450000,1,-33.540000,-1.5400,22.450000,41.240000,17462.130000
2301,Exit long,2026-04-09 12:00,2179.020000,6,-51.540000,-0.3900,53.520000,63.660000,17495.670000
2301,Entry long,2026-04-09 08:45,2187.610000,6,-51.540000,-0.3900,53.520000,63.660000,17495.670000
2300,Exit short,2026-04-09 08:45,2187.610000,5,228.750000,2.0500,366.800000,33.700000,17547.210000
2300,Entry short,2026-04-08 14:00,2233.360000,5,228.750000,2.0500,366.800000,33.700000,17547.210000
2299,Exit long,2026-04-08 14:00,2234.830000,4,554.800000,6.6200,707.480000,58.880000,17318.460000
2299,Entry long,2026-04-07 17:45,2096.130000,4,554.800000,6.6200,707.480000,58.880000,17318.460000
2298,Exit short,2026-04-07 17:45,2096.130000,3,-23.520000,-0.3800,90.840000,82.560000,16763.660000
2298,Entry short,2026-04-07 11:00,2088.290000,3,-23.520000,-0.3800,90.840000,82.560000,16763.660000
2297,Exit long,2026-04-07 11:00,2088.290000,2,-51.740000,-1.2200,37.600000,58.120000,16787.180000
2297,Entry long,2026-04-07 08:45,2114.160000,2,-51.740000,-1.2200,37.600000,58.120000,16787.180000
2296,Exit short,2026-04-07 08:45,2114.160000,1,23.810000,1.1100,51.680000,2.770000,16838.920000
2296,Entry short,2026-04-06 21:45,2137.970000,1,23.810000,1.1100,51.680000,2.770000,16838.920000
2295,Exit short,2026-04-06 20:45,2149.150000,2,-45.420000,-1.0700,8.880000,55.960000,16815.110000
2295,Entry short,2026-04-06 17:15,2126.440000,2,-45.420000,-1.0700,8.880000,55.960000,16815.110000
2294,Exit long,2026-04-06 17:15,2126.440000,1,-31.920000,-1.4800,10.750000,34.300000,16860.530000
2294,Entry long,2026-04-06 14:30,2158.360000,1,-31.920000,-1.4800,10.750000,34.300000,16860.530000
2293,Exit long,2026-04-06 14:15,2141.440000,1,72.070000,3.4800,105.040000,0.600000,16892.450000
2293,Entry long,2026-04-05 22:45,2069.370000,1,72.070000,3.4800,105.040000,0.600000,16892.450000
2292,Exit long,2026-04-05 22:30,2052.990000,8,-55.840000,-0.3400,116.880000,103.440000,16820.380000
2292,Entry long,2026-04-05 15:30,2059.970000,8,-55.840000,-0.3400,116.880000,103.440000,16820.380000
2291,Exit short,2026-04-05 15:30,2059.970000,7,-5.390000,-0.0400,270.130000,26.600000,16876.220000
2291,Entry short,2026-04-05 01:15,2059.200000,7,-5.390000,-0.0400,270.130000,26.600000,16876.220000
2290,Exit long,2026-04-05 01:15,2059.680000,6,45.300000,0.3700,187.380000,4.440000,16881.610000
2290,Entry long,2026-04-04 15:00,2052.130000,6,45.300000,0.3700,187.380000,4.440000,16881.610000
2289,Exit short,2026-04-04 15:00,2052.130000,5,-18.800000,-0.1800,1.050000,21.550000,16836.310000
2289,Entry short,2026-04-04 14:45,2048.370000,5,-18.800000,-0.1800,1.050000,21.550000,16836.310000
2288,Exit long,2026-04-04 14:45,2048.370000,4,-19.200000,-0.2300,1.800000,40.680000,16855.110000
2288,Entry long,2026-04-04 14:00,2053.170000,4,-19.200000,-0.2300,1.800000,40.680000,16855.110000
2287,Exit short,2026-04-04 14:00,2052.310000,3,-9.420000,-0.1500,6.510000,14.460000,16874.310000
2287,Entry short,2026-04-04 12:15,2049.170000,3,-9.420000,-0.1500,6.510000,14.460000,16874.310000
2286,Exit long,2026-04-04 12:15,2049.170000,2,-5.080000,-0.1200,1.580000,5.960000,16883.730000
2286,Entry long,2026-04-04 12:00,2051.710000,2,-5.080000,-0.1200,1.580000,5.960000,16883.730000
2285,Exit short,2026-04-04 12:00,2051.060000,1,-0.380000,-0.0200,0.390000,0.380000,16888.810000
2285,Entry short,2026-04-04 11:45,2050.680000,1,-0.380000,-0.0200,0.390000,0.380000,16888.810000
2284,Exit short,2026-04-04 11:30,2051.320000,4,-7.480000,-0.0900,12.000000,19.160000,16889.190000
2284,Entry short,2026-04-04 09:00,2049.450000,4,-7.480000,-0.0900,12.000000,19.160000,16889.190000
2283,Exit long,2026-04-04 09:00,2049.450000,3,-7.650000,-0.1200,16.500000,10.920000,16896.670000
2283,Entry long,2026-04-04 05:45,2052.000000,3,-7.650000,-0.1200,16.500000,10.920000,16896.670000
2282,Exit short,2026-04-04 05:45,2051.900000,2,-5.400000,-0.1300,4.660000,10.040000,16904.320000
2282,Entry short,2026-04-03 23:30,2049.200000,2,-5.400000,-0.1300,4.660000,10.040000,16904.320000
2281,Exit long,2026-04-03 23:30,2049.270000,1,-4.170000,-0.2000,7.550000,5.060000,16909.720000
2281,Entry long,2026-04-03 21:00,2053.440000,1,-4.170000,-0.2000,7.550000,5.060000,16909.720000
2280,Exit short,2026-04-03 20:45,2052.780000,10,-37.400000,-0.1800,87.800000,78.100000,16913.890000
2280,Entry short,2026-04-03 13:00,2049.040000,10,-37.400000,-0.1800,87.800000,78.100000,16913.890000
2279,Exit long,2026-04-03 13:00,2049.040000,9,-117.000000,-0.6300,197.820000,165.960000,16951.290000
2279,Entry long,2026-04-03 11:45,2062.040000,9,-117.000000,-0.6300,197.820000,165.960000,16951.290000
2278,Exit short,2026-04-03 11:45,2062.040000,8,-56.400000,-0.3400,23.760000,72.480000,17068.290000
2278,Entry short,2026-04-03 10:30,2054.990000,8,-56.400000,-0.3400,23.760000,72.480000,17068.290000
2277,Exit long,2026-04-03 10:30,2054.990000,7,-34.160000,-0.2400,103.110000,42.630000,17124.690000
2277,Entry long,2026-04-03 05:45,2059.870000,7,-34.160000,-0.2400,103.110000,42.630000,17124.690000
2276,Exit short,2026-04-03 05:45,2059.870000,6,-35.340000,-0.2900,93.780000,60.060000,17158.850000
2276,Entry short,2026-04-02 23:30,2053.980000,6,-35.340000,-0.2900,93.780000,60.060000,17158.850000
2275,Exit long,2026-04-02 23:30,2053.980000,5,-80.100000,-0.7700,30.000000,139.100000,17194.190000
2275,Entry long,2026-04-02 14:45,2070.000000,5,-80.100000,-0.7700,30.000000,139.100000,17194.190000
2274,Exit short,2026-04-02 14:45,2070.000000,4,163.240000,1.9300,381.040000,0.080000,17274.290000
2274,Entry short,2026-04-02 01:30,2110.810000,4,163.240000,1.9300,381.040000,0.080000,17274.290000
2273,Exit long,2026-04-02 01:30,2110.810000,3,-125.280000,-1.9400,17.550000,146.250000,17111.050000
2273,Entry long,2026-04-02 00:45,2152.570000,3,-125.280000,-1.9400,17.550000,146.250000,17111.050000
2272,Exit short,2026-04-02 00:45,2152.570000,2,-33.520000,-0.7800,0.800000,41.820000,17236.330000
2272,Entry short,2026-04-02 00:15,2135.810000,2,-33.520000,-0.7800,0.800000,41.820000,17236.330000
2271,Exit long,2026-04-02 00:15,2138.690000,1,-2.330000,-0.1100,23.450000,11.820000,17269.850000
2271,Entry long,2026-04-01 19:30,2141.020000,1,-2.330000,-0.1100,23.450000,11.820000,17269.850000
2270,Exit long,2026-04-01 19:00,2128.130000,13,-91.390000,-0.3300,416.520000,168.090000,17272.180000
2270,Entry long,2026-04-01 16:30,2135.160000,13,-91.390000,-0.3300,416.520000,168.090000,17272.180000
2269,Exit short,2026-04-01 16:30,2135.160000,12,-110.760000,-0.4300,15.120000,158.880000,17363.570000
2269,Entry short,2026-04-01 16:15,2125.930000,12,-110.760000,-0.4300,15.120000,158.880000,17363.570000
2268,Exit long,2026-04-01 16:15,2125.930000,11,-89.320000,-0.3800,8.910000,114.400000,17474.330000
2268,Entry long,2026-04-01 16:00,2134.050000,11,-89.320000,-0.3800,8.910000,114.400000,17474.330000
2267,Exit short,2026-04-01 16:00,2133.930000,10,-185.500000,-0.8800,49.600000,222.900000,17563.650000
2267,Entry short,2026-04-01 13:45,2115.380000,10,-185.500000,-0.8800,49.600000,222.900000,17563.650000
2266,Exit long,2026-04-01 13:45,2115.380000,9,121.590000,0.6400,505.080000,24.210000,17749.150000
2266,Entry long,2026-04-01 04:00,2101.870000,9,121.590000,0.6400,505.080000,24.210000,17749.150000
2265,Exit short,2026-04-01 04:00,2101.870000,8,-86.880000,-0.5200,78.560000,125.760000,17627.560000
2265,Entry short,2026-04-01 02:15,2091.010000,8,-86.880000,-0.5200,78.560000,125.760000,17627.560000
2264,Exit long,2026-04-01 02:15,2091.710000,7,253.960000,1.7700,483.560000,133.910000,17714.440000
2264,Entry long,2026-03-31 12:45,2055.430000,7,253.960000,1.7700,483.560000,133.910000,17714.440000
2263,Exit short,2026-03-31 12:45,2055.430000,6,-30.300000,-0.2500,234.780000,49.680000,17460.480000
2263,Entry short,2026-03-31 07:15,2050.380000,6,-30.300000,-0.2500,234.780000,49.680000,17460.480000
2262,Exit long,2026-03-31 07:15,2050.380000,5,-51.000000,-0.5000,162.100000,62.750000,17490.780000
2262,Entry long,2026-03-31 01:30,2060.580000,5,-51.000000,-0.5000,162.100000,62.750000,17490.780000
2261,Exit short,2026-03-31 01:30,2060.580000,4,-81.280000,-1.0000,112.480000,86.960000,17541.780000
2261,Entry short,2026-03-30 17:30,2040.260000,4,-81.280000,-1.0000,112.480000,86.960000,17541.780000
2260,Exit long,2026-03-30 17:30,2040.260000,3,-90.810000,-1.4600,24.750000,120.690000,17623.060000
2260,Entry long,2026-03-30 15:00,2070.530000,3,-90.810000,-1.4600,24.750000,120.690000,17623.060000
2259,Exit short,2026-03-30 15:00,2070.530000,2,-43.640000,-1.0700,5.020000,53.540000,17713.870000
2259,Entry short,2026-03-30 14:45,2048.710000,2,-43.640000,-1.0700,5.020000,53.540000,17713.870000
2258,Exit long,2026-03-30 14:45,2048.710000,1,47.730000,2.3900,86.010000,3.550000,17757.510000
2258,Entry long,2026-03-30 01:15,2000.980000,1,47.730000,2.3900,86.010000,3.550000,17757.510000
2257,Exit short,2026-03-30 01:00,1996.430000,3,-92.040000,-1.5600,87.630000,172.590000,17709.780000
2257,Entry short,2026-03-29 22:45,1965.750000,3,-92.040000,-1.5600,87.630000,172.590000,17709.780000
2256,Exit long,2026-03-29 22:45,1965.750000,2,-64.500000,-1.6100,21.980000,71.120000,17801.820000
2256,Entry long,2026-03-29 18:45,1998.000000,2,-64.500000,-1.6100,21.980000,71.120000,17801.820000
2255,Exit short,2026-03-29 18:45,1998.000000,1,0.160000,0.0100,15.950000,5.040000,17866.320000
2255,Entry short,2026-03-29 12:45,1998.160000,1,0.160000,0.0100,15.950000,5.040000,17866.320000
2254,Exit short,2026-03-29 12:30,2001.690000,6,-6.000000,-0.0500,61.740000,52.740000,17866.160000
2254,Entry short,2026-03-29 05:15,2000.690000,6,-6.000000,-0.0500,61.740000,52.740000,17866.160000
2253,Exit long,2026-03-29 05:15,2000.690000,5,-59.950000,-0.6000,6.600000,65.700000,17872.160000
2253,Entry long,2026-03-29 03:30,2012.680000,5,-59.950000,-0.6000,6.600000,65.700000,17872.160000
2252,Exit short,2026-03-29 03:30,2012.680000,4,-16.240000,-0.2000,81.840000,41.520000,17932.110000
2252,Entry short,2026-03-28 22:00,2008.620000,4,-16.240000,-0.2000,81.840000,41.520000,17932.110000
2251,Exit long,2026-03-28 22:00,2008.620000,3,26.970000,0.4500,149.190000,25.200000,17948.350000
2251,Entry long,2026-03-28 12:15,1999.630000,3,26.970000,0.4500,149.190000,25.200000,17948.350000
2250,Exit short,2026-03-28 12:15,1999.400000,2,-14.440000,-0.3600,0.020000,15.640000,17921.380000
2250,Entry short,2026-03-28 10:45,1992.180000,2,-14.440000,-0.3600,0.020000,15.640000,17921.380000
2249,Exit long,2026-03-28 10:45,1993.670000,1,4.230000,0.2100,18.190000,3.440000,17935.820000
2249,Entry long,2026-03-28 03:45,1989.440000,1,4.230000,0.2100,18.190000,3.440000,17935.820000
2248,Exit long,2026-03-28 02:45,1985.210000,3,-14.910000,-0.2500,12.360000,25.980000,17931.590000
2248,Entry long,2026-03-27 23:45,1990.180000,3,-14.910000,-0.2500,12.360000,25.980000,17931.590000
2247,Exit short,2026-03-27 23:45,1990.180000,2,126.320000,3.0800,174.280000,6.580000,17946.500000
2247,Entry short,2026-03-27 08:30,2053.340000,2,126.320000,3.0800,174.280000,6.580000,17946.500000
2246,Exit long,2026-03-27 08:30,2053.340000,1,-13.770000,-0.6700,4.480000,13.860000,17820.180000
2246,Entry long,2026-03-27 07:00,2067.110000,1,-13.770000,-0.6700,4.480000,13.860000,17820.180000
2245,Exit short,2026-03-27 06:45,2063.850000,1,-5.540000,-0.2700,16.990000,8.800000,17833.950000
2245,Entry short,2026-03-27 04:00,2058.310000,1,-5.540000,-0.2700,16.990000,8.800000,17833.950000
2244,Exit long,2026-03-27 03:45,2062.200000,3,-18.510000,-0.3000,24.180000,30.930000,17839.490000
2244,Entry long,2026-03-27 01:15,2068.370000,3,-18.510000,-0.3000,24.180000,30.930000,17839.490000
2243,Exit short,2026-03-27 01:15,2068.370000,2,-23.180000,-0.5600,2.560000,26.180000,17858.000000
2243,Entry short,2026-03-27 00:30,2056.780000,2,-23.180000,-0.5600,2.560000,26.180000,17858.000000
2242,Exit long,2026-03-27 00:30,2059.200000,1,-6.320000,-0.3100,1.130000,7.730000,17881.180000
2242,Entry long,2026-03-27 00:15,2065.520000,1,-6.320000,-0.3100,1.130000,7.730000,17881.180000
2241,Exit long,2026-03-26 23:45,2058.640000,1,-12.360000,-0.6000,6.990000,17.600000,17887.500000
2241,Entry long,2026-03-26 21:15,2071.000000,1,-12.360000,-0.6000,6.990000,17.600000,17887.500000
2240,Exit short,2026-03-26 20:45,2070.560000,2,187.120000,4.3200,261.800000,14.400000,17899.860000
2240,Entry short,2026-03-26 00:30,2164.120000,2,187.120000,4.3200,261.800000,14.400000,17899.860000
2239,Exit long,2026-03-26 00:30,2164.900000,1,-4.100000,-0.1900,0.990000,5.710000,17712.740000
2239,Entry long,2026-03-26 00:15,2169.000000,1,-4.100000,-0.1900,0.990000,5.710000,17712.740000
2238,Exit short,2026-03-25 23:00,2173.290000,2,-0.300000,-0.0100,55.100000,28.980000,17716.840000
2238,Entry short,2026-03-25 15:00,2173.140000,2,-0.300000,-0.0100,55.100000,28.980000,17716.840000
2237,Exit long,2026-03-25 15:00,2173.140000,1,22.920000,1.0700,49.890000,11.110000,17717.140000
2237,Entry long,2026-03-24 21:30,2150.220000,1,22.920000,1.0700,49.890000,11.110000,17717.140000
2236,Exit short,2026-03-24 20:45,2148.280000,12,-133.440000,-0.5200,421.920000,206.400000,17694.220000
2236,Entry short,2026-03-24 13:45,2137.160000,12,-133.440000,-0.5200,421.920000,206.400000,17694.220000
2235,Exit long,2026-03-24 13:45,2137.160000,11,-77.440000,-0.3300,335.610000,111.430000,17827.660000
2235,Entry long,2026-03-24 07:00,2144.200000,11,-77.440000,-0.3300,335.610000,111.430000,17827.660000
2234,Exit short,2026-03-24 07:00,2144.200000,10,10.200000,0.0500,224.400000,101.400000,17905.100000
2234,Entry short,2026-03-23 23:15,2145.220000,10,10.200000,0.0500,224.400000,101.400000,17905.100000
2233,Exit long,2026-03-23 23:15,2145.220000,9,-7.290000,-0.0400,296.730000,31.680000,17894.900000
2233,Entry long,2026-03-23 17:45,2146.030000,9,-7.290000,-0.0400,296.730000,31.680000,17894.900000
2232,Exit short,2026-03-23 17:45,2146.030000,8,-126.320000,-0.7400,4.320000,221.920000,17902.190000
2232,Entry short,2026-03-23 17:30,2130.240000,8,-126.320000,-0.7400,4.320000,221.920000,17902.190000
2231,Exit long,2026-03-23 17:30,2130.240000,7,-270.620000,-1.7800,172.900000,444.570000,18028.510000
2231,Entry long,2026-03-23 11:15,2168.900000,7,-270.620000,-1.7800,172.900000,444.570000,18028.510000
2230,Exit short,2026-03-23 11:15,2168.900000,6,-817.680000,-6.7000,66.240000,998.280000,18299.130000
2230,Entry short,2026-03-23 06:45,2032.620000,6,-817.680000,-6.7000,66.240000,998.280000,18299.130000
2229,Exit long,2026-03-23 06:45,2032.620000,5,-160.450000,-1.5500,32.950000,190.600000,19116.810000
2229,Entry long,2026-03-23 05:00,2064.710000,5,-160.450000,-1.5500,32.950000,190.600000,19116.810000
2228,Exit short,2026-03-23 05:00,2064.710000,4,-53.960000,-0.6600,6.720000,59.120000,19277.260000
2228,Entry short,2026-03-23 04:00,2051.220000,4,-53.960000,-0.6600,6.720000,59.120000,19277.260000
2227,Exit long,2026-03-23 04:00,2051.550000,3,-48.480000,-0.7800,12.630000,51.210000,19331.220000
2227,Entry long,2026-03-23 03:00,2067.710000,3,-48.480000,-0.7800,12.630000,51.210000,19331.220000
2226,Exit short,2026-03-23 03:00,2062.350000,2,90.440000,2.1500,166.920000,7.420000,19379.700000
2226,Entry short,2026-03-22 07:00,2107.570000,2,90.440000,2.1500,166.920000,7.420000,19379.700000
2225,Exit long,2026-03-22 07:00,2107.570000,1,-11.420000,-0.5400,1.010000,12.490000,19289.260000
2225,Entry long,2026-03-22 05:00,2118.990000,1,-11.420000,-0.5400,1.010000,12.490000,19289.260000
2224,Exit short,2026-03-22 04:45,2115.850000,3,99.780000,1.5500,310.620000,4.410000,19300.680000
2224,Entry short,2026-03-21 22:45,2149.110000,3,99.780000,1.5500,310.620000,4.410000,19300.680000
2223,Exit long,2026-03-21 22:45,2150.580000,2,-4.680000,-0.1100,6.400000,7.800000,19200.900000
2223,Entry long,2026-03-21 20:30,2152.920000,2,-4.680000,-0.1100,6.400000,7.800000,19200.900000
2222,Exit short,2026-03-21 20:30,2152.920000,1,-1.840000,-0.0900,10.930000,3.580000,19205.580000
2222,Entry short,2026-03-21 16:00,2151.080000,1,-1.840000,-0.0900,10.930000,3.580000,19205.580000
2221,Exit long,2026-03-21 15:30,2151.790000,7,4.060000,0.0300,117.530000,67.340000,19207.420000
2221,Entry long,2026-03-20 21:30,2151.210000,7,4.060000,0.0300,117.530000,67.340000,19207.420000
2220,Exit short,2026-03-20 21:30,2151.210000,6,-77.820000,-0.6100,144.240000,87.300000,19203.360000
2220,Entry short,2026-03-20 11:45,2138.240000,6,-77.820000,-0.6100,144.240000,87.300000,19203.360000
2219,Exit long,2026-03-20 11:45,2138.240000,5,-93.200000,-0.8600,0.050000,118.250000,19281.180000
2219,Entry long,2026-03-20 11:15,2156.880000,5,-93.200000,-0.8600,0.050000,118.250000,19281.180000
2218,Exit short,2026-03-20 11:15,2156.880000,4,-92.920000,-1.0900,13.680000,96.080000,19374.380000
2218,Entry short,2026-03-20 10:15,2133.650000,4,-92.920000,-1.0900,13.680000,96.080000,19374.380000
2217,Exit long,2026-03-20 10:15,2134.110000,3,-106.260000,-1.6300,0.960000,115.500000,19467.300000
2217,Entry long,2026-03-20 08:15,2169.530000,3,-106.260000,-1.6300,0.960000,115.500000,19467.300000
2216,Exit short,2026-03-20 08:15,2169.530000,2,-66.760000,-1.5600,32.220000,78.980000,19573.560000
2216,Entry short,2026-03-20 06:00,2136.150000,2,-66.760000,-1.5600,32.220000,78.980000,19573.560000
2215,Exit long,2026-03-20 06:00,2139.320000,1,-7.680000,-0.3600,12.670000,17.630000,19640.320000
2215,Entry long,2026-03-19 20:15,2147.000000,1,-7.680000,-0.3600,12.670000,17.630000,19640.320000
2214,Exit short,2026-03-19 19:30,2144.040000,1,45.960000,2.1000,91.980000,7.560000,19648.000000
2214,Entry short,2026-03-19 05:15,2190.000000,1,45.960000,2.1000,91.980000,7.560000,19648.000000
2213,Exit long,2026-03-19 05:00,2192.490000,9,-55.170000,-0.2800,306.180000,99.360000,19602.040000
2213,Entry long,2026-03-19 01:45,2198.620000,9,-55.170000,-0.2800,306.180000,99.360000,19602.040000
2212,Exit short,2026-03-19 01:45,2198.620000,8,-73.680000,-0.4200,26.320000,88.720000,19657.210000
2212,Entry short,2026-03-19 01:15,2189.410000,8,-73.680000,-0.4200,26.320000,88.720000,19657.210000
2211,Exit long,2026-03-19 01:15,2190.030000,7,-74.970000,-0.4900,51.870000,96.180000,19730.890000
2211,Entry long,2026-03-18 23:45,2200.740000,7,-74.970000,-0.4900,51.870000,96.180000,19730.890000
2210,Exit short,2026-03-18 23:45,2200.740000,6,674.400000,4.8600,974.640000,31.740000,19805.860000
2210,Entry short,2026-03-18 10:45,2313.140000,6,674.400000,4.8600,974.640000,31.740000,19805.860000
2209,Exit long,2026-03-18 10:45,2313.140000,5,-91.050000,-0.7800,1.250000,99.750000,19131.460000
2209,Entry long,2026-03-18 09:45,2331.350000,5,-91.050000,-0.7800,1.250000,99.750000,19131.460000
2208,Exit short,2026-03-18 09:45,2330.390000,4,-22.520000,-0.2400,58.760000,32.880000,19222.510000
2208,Entry short,2026-03-18 05:30,2324.760000,4,-22.520000,-0.2400,58.760000,32.880000,19222.510000
2207,Exit long,2026-03-18 05:30,2325.480000,3,-22.500000,-0.3200,51.030000,28.620000,19245.030000
2207,Entry long,2026-03-18 02:15,2332.980000,3,-22.500000,-0.3200,51.030000,28.620000,19245.030000
2206,Exit short,2026-03-18 02:15,2332.980000,2,-14.600000,-0.3100,40.160000,16.940000,19267.530000
2206,Entry short,2026-03-17 23:30,2325.680000,2,-14.600000,-0.3100,40.160000,16.940000,19267.530000
2205,Exit long,2026-03-17 23:30,2326.480000,1,-11.530000,-0.4900,3.080000,20.810000,19282.130000
2205,Entry long,2026-03-17 21:15,2338.010000,1,-11.530000,-0.4900,3.080000,20.810000,19282.130000
2204,Exit long,2026-03-17 20:15,2316.860000,2,-27.420000,-0.5900,22.520000,29.920000,19293.660000
2204,Entry long,2026-03-17 17:15,2330.570000,2,-27.420000,-0.5900,22.520000,29.920000,19293.660000
2203,Exit short,2026-03-17 17:15,2325.530000,1,-5.980000,-0.2600,0.480000,13.390000,19321.080000
2203,Entry short,2026-03-17 17:00,2319.550000,1,-5.980000,-0.2600,0.480000,13.390000,19321.080000
2202,Exit long,2026-03-17 16:00,2314.680000,1,-16.650000,-0.7100,25.330000,28.330000,19327.060000
2202,Entry long,2026-03-17 13:45,2331.330000,1,-16.650000,-0.7100,25.330000,28.330000,19327.060000
2201,Exit long,2026-03-17 13:00,2314.620000,5,-85.450000,-0.7300,13.600000,99.950000,19343.710000
2201,Entry long,2026-03-17 11:45,2331.710000,5,-85.450000,-0.7300,13.600000,99.950000,19343.710000
2200,Exit short,2026-03-17 11:45,2328.610000,4,-38.040000,-0.4100,72.240000,50.440000,19429.160000
2200,Entry short,2026-03-17 09:00,2319.100000,4,-38.040000,-0.4100,72.240000,50.440000,19429.160000
2199,Exit long,2026-03-17 09:00,2319.520000,3,-32.400000,-0.4600,3.990000,47.010000,19467.200000
2199,Entry long,2026-03-17 08:45,2330.320000,3,-32.400000,-0.4600,3.990000,47.010000,19467.200000
2198,Exit short,2026-03-17 08:45,2330.320000,2,10.780000,0.2300,86.280000,3.580000,19499.600000
2198,Entry short,2026-03-17 03:30,2335.710000,2,10.780000,0.2300,86.280000,3.580000,19499.600000
2197,Exit long,2026-03-17 03:30,2335.710000,1,223.260000,10.5700,273.330000,19.800000,19488.820000
2197,Entry long,2026-03-15 18:30,2112.450000,1,223.260000,10.5700,273.330000,19.800000,19488.820000
2196,Exit short,2026-03-15 18:15,2107.600000,2,-20.360000,-0.4900,24.640000,40.400000,19265.560000
2196,Entry short,2026-03-15 13:15,2097.420000,2,-20.360000,-0.4900,24.640000,40.400000,19265.560000
2195,Exit long,2026-03-15 13:15,2097.420000,1,21.420000,1.0300,47.250000,2.360000,19285.920000
2195,Entry long,2026-03-14 19:00,2076.000000,1,21.420000,1.0300,47.250000,2.360000,19285.920000
2194,Exit long,2026-03-14 18:30,2073.090000,3,-10.050000,-0.1600,2.610000,14.220000,19264.500000
2194,Entry long,2026-03-14 17:00,2076.440000,3,-10.050000,-0.1600,2.610000,14.220000,19264.500000
2193,Exit short,2026-03-14 17:00,2076.360000,2,-13.860000,-0.3300,3.700000,16.300000,19274.550000
2193,Entry short,2026-03-14 14:45,2069.430000,2,-13.860000,-0.3300,3.700000,16.300000,19274.550000
2192,Exit long,2026-03-14 14:45,2069.430000,1,-9.030000,-0.4300,1.030000,10.030000,19288.410000
2192,Entry long,2026-03-14 14:00,2078.460000,1,-9.030000,-0.4300,1.030000,10.030000,19288.410000
2191,Exit short,2026-03-14 13:45,2077.940000,8,82.640000,0.4900,225.440000,28.640000,19297.440000
2191,Entry short,2026-03-14 05:30,2088.270000,8,82.640000,0.4900,225.440000,28.640000,19297.440000
2190,Exit long,2026-03-14 05:30,2091.390000,7,-62.370000,-0.4200,38.150000,98.350000,19214.800000
2190,Entry long,2026-03-14 03:45,2100.300000,7,-62.370000,-0.4200,38.150000,98.350000,19214.800000
2189,Exit short,2026-03-14 03:45,2100.300000,6,142.560000,1.1200,282.180000,112.620000,19277.170000
2189,Entry short,2026-03-13 16:15,2124.060000,6,142.560000,1.1200,282.180000,112.620000,19277.170000
2188,Exit long,2026-03-13 16:15,2126.800000,5,97.950000,0.9300,511.400000,6.050000,19134.610000
2188,Entry long,2026-03-13 09:45,2107.210000,5,97.950000,0.9300,511.400000,6.050000,19134.610000
2187,Exit short,2026-03-13 09:45,2107.210000,4,-68.640000,-0.8200,3.160000,107.800000,19036.660000
2187,Entry short,2026-03-13 06:45,2090.050000,4,-68.640000,-0.8200,3.160000,107.800000,19036.660000
2186,Exit long,2026-03-13 06:45,2092.000000,3,70.170000,1.1300,238.170000,42.630000,19105.300000
2186,Entry long,2026-03-12 20:00,2068.610000,3,70.170000,1.1300,238.170000,42.630000,19105.300000
2185,Exit short,2026-03-12 20:00,2068.610000,2,-29.220000,-0.7100,20.000000,37.100000,19035.130000
2185,Entry short,2026-03-12 18:15,2054.000000,2,-29.220000,-0.7100,20.000000,37.100000,19035.130000
2184,Exit long,2026-03-12 18:15,2055.890000,1,-17.110000,-0.8300,4.560000,20.820000,19064.350000
2184,Entry long,2026-03-12 15:45,2073.000000,1,-17.110000,-0.8300,4.560000,20.820000,19064.350000
2183,Exit long,2026-03-12 15:00,2044.290000,3,13.140000,0.2100,163.980000,11.190000,19081.460000
2183,Entry long,2026-03-12 08:00,2039.910000,3,13.140000,0.2100,163.980000,11.190000,19081.460000
2182,Exit short,2026-03-12 08:00,2039.720000,2,36.060000,0.8800,83.160000,6.140000,19068.320000
2182,Entry short,2026-03-11 23:15,2057.750000,2,36.060000,0.8800,83.160000,6.140000,19068.320000
2181,Exit long,2026-03-11 23:15,2060.820000,1,35.390000,1.7500,59.550000,7.430000,19032.260000
2181,Entry long,2026-03-11 12:30,2025.430000,1,35.390000,1.7500,59.550000,7.430000,19032.260000
2180,Exit long,2026-03-11 12:15,2019.060000,2,-18.440000,-0.4500,10.520000,33.540000,18996.870000
2180,Entry long,2026-03-11 10:45,2028.280000,2,-18.440000,-0.4500,10.520000,33.540000,18996.870000
2179,Exit short,2026-03-11 10:45,2028.280000,1,-12.050000,-0.6000,10.330000,14.690000,19015.310000
2179,Entry short,2026-03-11 05:45,2016.230000,1,-12.050000,-0.6000,10.330000,14.690000,19015.310000
2178,Exit short,2026-03-11 05:15,2036.020000,2,19.560000,0.4800,60.040000,18.400000,19027.360000
2178,Entry short,2026-03-10 18:30,2045.800000,2,19.560000,0.4800,60.040000,18.400000,19027.360000
2177,Exit long,2026-03-10 18:30,2045.800000,1,-27.100000,-1.3100,15.100000,35.830000,19007.800000
2177,Entry long,2026-03-10 15:45,2072.900000,1,-27.100000,-1.3100,15.100000,35.830000,19007.800000
2176,Exit short,2026-03-10 15:15,2067.760000,1,-18.770000,-0.9200,41.220000,36.010000,19034.900000
2176,Entry short,2026-03-10 13:30,2048.990000,1,-18.770000,-0.9200,41.220000,36.010000,19034.900000
2175,Exit long,2026-03-10 13:00,2048.990000,1,28.260000,1.4000,53.270000,0.830000,19053.670000
2175,Entry long,2026-03-10 02:30,2020.730000,1,28.260000,1.4000,53.270000,0.830000,19053.670000
2174,Exit short,2026-03-10 02:15,2018.450000,9,-75.060000,-0.4100,197.370000,141.300000,19025.410000
2174,Entry short,2026-03-09 22:45,2010.110000,9,-75.060000,-0.4100,197.370000,141.300000,19025.410000
2173,Exit long,2026-03-09 22:45,2010.110000,8,-313.360000,-1.9100,28.400000,344.960000,19100.470000
2173,Entry long,2026-03-09 19:30,2049.280000,8,-313.360000,-1.9100,28.400000,344.960000,19100.470000
2172,Exit short,2026-03-09 19:30,2049.280000,7,-266.350000,-1.8900,17.010000,271.320000,19413.830000
2172,Entry short,2026-03-09 19:00,2011.230000,7,-266.350000,-1.8900,17.010000,271.320000,19413.830000
2171,Exit long,2026-03-09 19:00,2011.230000,6,336.900000,2.8700,504.780000,108.360000,19680.180000
2171,Entry long,2026-03-09 00:45,1955.080000,6,336.900000,2.8700,504.780000,108.360000,19680.180000
2170,Exit short,2026-03-09 00:45,1955.080000,5,-136.800000,-1.4200,52.750000,192.550000,19343.280000
2170,Entry short,2026-03-08 22:15,1927.720000,5,-136.800000,-1.4200,52.750000,192.550000,19343.280000
2169,Exit long,2026-03-08 22:15,1927.720000,4,-121.360000,-1.5500,48.400000,205.720000,19480.080000
2169,Entry long,2026-03-08 19:30,1958.060000,4,-121.360000,-1.5500,48.400000,205.720000,19480.080000
2168,Exit short,2026-03-08 19:30,1958.060000,3,-46.080000,-0.7900,59.520000,57.690000,19601.440000
2168,Entry short,2026-03-08 12:00,1942.700000,3,-46.080000,-0.7900,59.520000,57.690000,19601.440000
2167,Exit long,2026-03-08 12:00,1950.280000,2,-13.160000,-0.3400,44.340000,28.320000,19647.520000
2167,Entry long,2026-03-08 08:45,1956.860000,2,-13.160000,-0.3400,44.340000,28.320000,19647.520000
2166,Exit short,2026-03-08 08:45,1956.860000,1,10.450000,0.5300,39.730000,1.960000,19660.680000
2166,Entry short,2026-03-08 02:15,1967.310000,1,10.450000,0.5300,39.730000,1.960000,19660.680000
2165,Exit long,2026-03-08 02:00,1968.050000,2,-9.340000,-0.2400,7.220000,21.240000,19650.230000
2165,Entry long,2026-03-08 00:15,1972.720000,2,-9.340000,-0.2400,7.220000,21.240000,19650.230000
2164,Exit short,2026-03-08 00:15,1972.720000,1,3.910000,0.2000,29.760000,12.750000,19659.570000
2164,Entry short,2026-03-07 14:00,1976.630000,1,3.910000,0.2000,29.760000,12.750000,19659.570000
2163,Exit long,2026-03-07 13:45,1979.690000,4,-16.800000,-0.2100,39.760000,40.200000,19655.660000
2163,Entry long,2026-03-07 08:15,1983.890000,4,-16.800000,-0.2100,39.760000,40.200000,19655.660000
2162,Exit short,2026-03-07 08:15,1982.300000,3,-36.900000,-0.6200,11.970000,41.670000,19672.460000
2162,Entry short,2026-03-07 04:15,1970.000000,3,-36.900000,-0.6200,11.970000,41.670000,19672.460000
2161,Exit long,2026-03-07 04:15,1970.000000,2,-48.280000,-1.2100,0.000000,64.960000,19709.360000
2161,Entry long,2026-03-07 03:15,1994.140000,2,-48.280000,-1.2100,0.000000,64.960000,19709.360000
2160,Exit short,2026-03-07 03:15,1994.140000,1,-16.480000,-0.8300,6.260000,18.080000,19757.640000
2160,Entry short,2026-03-07 00:00,1977.660000,1,-16.480000,-0.8300,6.260000,18.080000,19757.640000
2159,Exit short,2026-03-06 23:15,1984.850000,5,394.450000,3.8200,547.450000,22.900000,19774.120000
2159,Entry short,2026-03-06 09:15,2063.740000,5,394.450000,3.8200,547.450000,22.900000,19774.120000
2158,Exit long,2026-03-06 09:15,2063.740000,4,-79.080000,-0.9500,12.240000,86.000000,19379.670000
2158,Entry long,2026-03-06 07:45,2083.510000,4,-79.080000,-0.9500,12.240000,86.000000,19379.670000
2157,Exit short,2026-03-06 07:45,2083.220000,3,-25.890000,-0.4200,49.770000,35.430000,19458.750000
2157,Entry short,2026-03-06 04:30,2074.590000,3,-25.890000,-0.4200,49.770000,35.430000,19458.750000
2156,Exit long,2026-03-06 04:30,2074.590000,2,-32.820000,-0.7800,2.100000,33.800000,19484.640000
2156,Entry long,2026-03-06 02:15,2091.000000,2,-32.820000,-0.7800,2.100000,33.800000,19484.640000
2155,Exit short,2026-03-06 02:15,2090.720000,1,-13.020000,-0.6300,17.100000,14.690000,19517.460000
2155,Entry short,2026-03-05 23:00,2077.700000,1,-13.020000,-0.6300,17.100000,14.690000,19517.460000
2154,Exit long,2026-03-05 22:15,2079.610000,2,-36.780000,-0.8800,2.600000,48.940000,19530.480000
2154,Entry long,2026-03-05 21:15,2098.000000,2,-36.780000,-0.8800,2.600000,48.940000,19530.480000
2153,Exit short,2026-03-05 21:15,2092.490000,1,20.120000,0.9500,59.310000,18.800000,19567.260000
2153,Entry short,2026-03-05 14:15,2112.610000,1,20.120000,0.9500,59.310000,18.800000,19567.260000
2152,Exit long,2026-03-05 13:45,2117.860000,1,-9.200000,-0.4300,35.940000,19.130000,19547.140000
2152,Entry long,2026-03-05 10:15,2127.060000,1,-9.200000,-0.4300,35.940000,19.130000,19547.140000
2151,Exit short,2026-03-05 09:45,2125.090000,1,-9.710000,-0.4600,22.950000,22.270000,19556.340000
2151,Entry short,2026-03-05 05:45,2115.380000,1,-9.710000,-0.4600,22.950000,22.270000,19556.340000
2150,Exit short,2026-03-05 05:00,2136.290000,14,-74.480000,-0.2500,345.100000,187.600000,19566.050000
2150,Entry short,2026-03-04 23:00,2130.970000,14,-74.480000,-0.2500,345.100000,187.600000,19566.050000
2149,Exit long,2026-03-04 23:00,2130.970000,13,1898.390000,7.3600,2788.890000,146.770000,19640.530000
2149,Entry long,2026-03-04 06:45,1984.940000,13,1898.390000,7.3600,2788.890000,146.770000,19640.530000
2148,Exit short,2026-03-04 06:45,1984.940000,12,-153.240000,-0.6500,345.240000,160.440000,17742.140000
2148,Entry short,2026-03-04 02:30,1972.170000,12,-153.240000,-0.6500,345.240000,160.440000,17742.140000
2147,Exit long,2026-03-04 02:30,1972.170000,11,-185.020000,-0.8500,3.520000,197.890000,17895.380000
2147,Entry long,2026-03-04 01:45,1988.990000,11,-185.020000,-0.8500,3.520000,197.890000,17895.380000
2146,Exit short,2026-03-04 01:45,1988.990000,10,-257.500000,-1.3100,0.100000,347.500000,18080.400000
2146,Entry short,2026-03-04 00:45,1963.240000,10,-257.500000,-1.3100,0.100000,347.500000,18080.400000
2145,Exit long,2026-03-04 00:45,1963.240000,9,-196.650000,-1.1000,143.010000,225.810000,18337.900000
2145,Entry long,2026-03-03 22:45,1985.090000,9,-196.650000,-1.1000,143.010000,225.810000,18337.900000
2144,Exit short,2026-03-03 22:45,1985.090000,8,-192.640000,-1.2300,4.560000,210.640000,18534.550000
2144,Entry short,2026-03-03 21:30,1961.010000,8,-192.640000,-1.2300,4.560000,210.640000,18534.550000
2143,Exit long,2026-03-03 21:30,1962.280000,7,-225.540000,-1.6200,131.810000,259.560000,18727.190000
2143,Entry long,2026-03-03 16:15,1994.500000,7,-225.540000,-1.6200,131.810000,259.560000,18727.190000
2142,Exit short,2026-03-03 16:15,1994.500000,6,175.920000,1.4500,585.000000,104.400000,18952.730000
2142,Entry short,2026-03-03 00:15,2023.820000,6,175.920000,1.4500,585.000000,104.400000,18952.730000
2141,Exit long,2026-03-03 00:15,2026.340000,5,239.100000,2.4200,552.400000,27.600000,18776.810000
2141,Entry long,2026-03-02 15:00,1978.520000,5,239.100000,2.4200,552.400000,27.600000,18776.810000
2140,Exit short,2026-03-02 15:00,1978.520000,4,-152.920000,-1.9700,97.160000,177.280000,18537.710000
2140,Entry short,2026-03-02 06:45,1940.290000,4,-152.920000,-1.9700,97.160000,177.280000,18537.710000
2139,Exit long,2026-03-02 06:45,1947.600000,3,-41.700000,-0.7100,81.060000,69.780000,18690.630000
2139,Entry long,2026-03-02 00:45,1961.500000,3,-41.700000,-0.7100,81.060000,69.780000,18690.630000
2138,Exit short,2026-03-02 00:45,1961.500000,2,23.700000,0.6000,134.880000,46.740000,18732.330000
2138,Entry short,2026-03-01 17:00,1973.350000,2,23.700000,0.6000,134.880000,46.740000,18732.330000
2137,Exit long,2026-03-01 17:00,1973.350000,1,-34.480000,-1.7200,7.870000,49.750000,18708.630000
2137,Entry long,2026-03-01 15:15,2007.830000,1,-34.480000,-1.7200,7.870000,49.750000,18708.630000
2136,Exit short,2026-03-01 14:15,2015.000000,2,-59.520000,-1.5000,35.800000,85.060000,18743.110000
2136,Entry short,2026-03-01 09:00,1985.240000,2,-59.520000,-1.5000,35.800000,85.060000,18743.110000
2135,Exit long,2026-03-01 09:00,1985.240000,1,-23.190000,-1.1500,0.000000,28.230000,18802.630000
2135,Entry long,2026-03-01 08:15,2008.430000,1,-23.190000,-1.1500,0.000000,28.230000,18802.630000
2134,Exit long,2026-03-01 07:15,2002.100000,3,293.370000,5.1400,451.080000,97.470000,18825.820000
2134,Entry long,2026-02-28 14:00,1904.310000,3,293.370000,5.1400,451.080000,97.470000,18825.820000
2133,Exit short,2026-02-28 14:00,1904.310000,2,35.300000,0.9200,175.800000,17.800000,18532.450000
2133,Entry short,2026-02-28 03:45,1921.960000,2,35.300000,0.9200,175.800000,17.800000,18532.450000
2132,Exit long,2026-02-28 03:45,1921.960000,1,-6.690000,-0.3500,2.860000,9.460000,18497.150000
2132,Entry long,2026-02-28 02:30,1928.650000,1,-6.690000,-0.3500,2.860000,9.460000,18497.150000
2131,Exit long,2026-02-28 02:00,1923.380000,4,-48.040000,-0.6200,2.400000,74.480000,18503.840000
2131,Entry long,2026-02-28 00:15,1935.390000,4,-48.040000,-0.6200,2.400000,74.480000,18503.840000
2130,Exit short,2026-02-28 00:15,1935.390000,3,250.320000,4.1300,401.490000,-0.000000,18551.880000
2130,Entry short,2026-02-27 09:45,2018.830000,3,250.320000,4.1300,401.490000,-0.000000,18551.880000
2129,Exit long,2026-02-27 09:45,2018.830000,2,-35.900000,-0.8800,1.980000,40.380000,18301.560000
2129,Entry long,2026-02-27 09:30,2036.780000,2,-35.900000,-0.8800,1.980000,40.380000,18301.560000
2128,Exit short,2026-02-27 09:30,2036.780000,1,-3.940000,-0.1900,3.760000,8.720000,18337.460000
2128,Entry short,2026-02-27 08:45,2032.840000,1,-3.940000,-0.1900,3.760000,8.720000,18337.460000
2127,Exit short,2026-02-27 08:30,2036.290000,2,-24.760000,-0.6100,3.600000,43.360000,18341.400000
2127,Entry short,2026-02-27 07:45,2023.910000,2,-24.760000,-0.6100,3.600000,43.360000,18341.400000
2126,Exit long,2026-02-27 07:45,2023.910000,1,-5.370000,-0.2600,34.430000,8.280000,18366.160000
2126,Entry long,2026-02-27 03:45,2029.280000,1,-5.370000,-0.2600,34.430000,8.280000,18366.160000
2125,Exit short,2026-02-27 03:00,2025.170000,2,-24.440000,-0.6100,27.500000,41.920000,18371.530000
2125,Entry short,2026-02-27 00:45,2012.950000,2,-24.440000,-0.6100,27.500000,41.920000,18371.530000
2124,Exit long,2026-02-27 00:45,2012.950000,1,-15.790000,-0.7800,8.200000,16.080000,18395.970000
2124,Entry long,2026-02-26 21:15,2028.740000,1,-15.790000,-0.7800,8.200000,16.080000,18395.970000
2123,Exit short,2026-02-26 20:30,2027.040000,7,162.260000,1.1300,537.110000,15.680000,18411.760000
2123,Entry short,2026-02-26 15:00,2050.220000,7,162.260000,1.1300,537.110000,15.680000,18411.760000
2122,Exit long,2026-02-26 15:00,2050.220000,6,-104.340000,-0.8400,58.740000,210.540000,18249.500000
2122,Entry long,2026-02-26 12:45,2067.610000,6,-104.340000,-0.8400,58.740000,210.540000,18249.500000
2121,Exit short,2026-02-26 12:45,2064.710000,5,-40.950000,-0.4000,12.550000,63.900000,18353.840000
2121,Entry short,2026-02-26 12:00,2056.520000,5,-40.950000,-0.4000,12.550000,63.900000,18353.840000
2120,Exit long,2026-02-26 12:00,2056.520000,4,-63.120000,-0.7600,41.400000,80.040000,18394.790000
2120,Entry long,2026-02-26 09:45,2072.300000,4,-63.120000,-0.7600,41.400000,80.040000,18394.790000
2119,Exit short,2026-02-26 09:45,2072.300000,3,-59.430000,-0.9700,27.060000,72.030000,18457.910000
2119,Entry short,2026-02-26 08:00,2052.490000,3,-59.430000,-0.9700,27.060000,72.030000,18457.910000
2118,Exit long,2026-02-26 08:00,2052.490000,2,-44.280000,-1.0700,7.440000,48.260000,18517.340000
2118,Entry long,2026-02-26 04:45,2074.630000,2,-44.280000,-1.0700,7.440000,48.260000,18517.340000
2117,Exit short,2026-02-26 04:45,2074.630000,1,-17.300000,-0.8400,19.500000,25.760000,18561.620000
2117,Entry short,2026-02-26 00:45,2057.330000,1,-17.300000,-0.8400,19.500000,25.760000,18561.620000
2116,Exit long,2026-02-26 00:15,2061.660000,2,313.540000,8.2300,490.120000,3.980000,18578.920000
2116,Entry long,2026-02-25 08:45,1904.890000,2,313.540000,8.2300,490.120000,3.980000,18578.920000
2115,Exit short,2026-02-25 08:45,1904.890000,1,-18.750000,-0.9900,4.850000,20.630000,18265.380000
2115,Entry short,2026-02-25 06:45,1886.140000,1,-18.750000,-0.9900,4.850000,20.630000,18265.380000
2114,Exit long,2026-02-25 06:15,1889.350000,4,-55.600000,-0.7300,169.800000,104.760000,18284.130000
2114,Entry long,2026-02-25 01:15,1903.250000,4,-55.600000,-0.7300,169.800000,104.760000,18284.130000
2113,Exit short,2026-02-25 01:15,1903.250000,3,-171.150000,-3.0900,0.030000,215.400000,18339.730000
2113,Entry short,2026-02-25 00:30,1846.200000,3,-171.150000,-3.0900,0.030000,215.400000,18339.730000
2112,Exit long,2026-02-25 00:30,1846.200000,2,-1.460000,-0.0400,35.300000,21.040000,18510.880000
2112,Entry long,2026-02-24 15:15,1846.930000,2,-1.460000,-0.0400,35.300000,21.040000,18510.880000
2111,Exit short,2026-02-24 15:15,1838.570000,1,62.880000,3.3100,105.450000,4.900000,18512.340000
2111,Entry short,2026-02-23 15:45,1901.450000,1,62.880000,3.3100,105.450000,4.900000,18512.340000
2110,Exit long,2026-02-23 15:30,1903.570000,1,16.570000,0.8800,48.270000,11.400000,18449.460000
2110,Entry long,2026-02-23 08:15,1887.000000,1,16.570000,0.8800,48.270000,11.400000,18449.460000
2109,Exit short,2026-02-23 08:00,1884.130000,5,220.000000,2.2800,418.350000,-0.000000,18432.890000
2109,Entry short,2026-02-23 01:00,1928.130000,5,220.000000,2.2800,418.350000,-0.000000,18432.890000
2108,Exit long,2026-02-23 01:00,1928.130000,4,-102.160000,-1.3100,25.320000,106.680000,18212.890000
2108,Entry long,2026-02-22 22:30,1953.670000,4,-102.160000,-1.3100,25.320000,106.680000,18212.890000
2107,Exit short,2026-02-22 22:30,1953.670000,3,28.620000,0.4900,90.630000,14.340000,18315.050000
2107,Entry short,2026-02-22 12:45,1963.210000,3,28.620000,0.4900,90.630000,14.340000,18315.050000
2106,Exit long,2026-02-22 12:45,1963.210000,2,-27.840000,-0.7000,11.080000,34.260000,18286.430000
2106,Entry long,2026-02-22 10:30,1977.130000,2,-27.840000,-0.7000,11.080000,34.260000,18286.430000
2105,Exit short,2026-02-22 10:30,1977.130000,1,-6.130000,-0.3100,0.290000,7.910000,18314.270000
2105,Entry short,2026-02-22 09:30,1971.000000,1,-6.130000,-0.3100,0.290000,7.910000,18314.270000
2104,Exit long,2026-02-22 08:45,1971.690000,9,-41.130000,-0.2300,20.970000,64.980000,18320.400000
2104,Entry long,2026-02-22 06:30,1976.260000,9,-41.130000,-0.2300,20.970000,64.980000,18320.400000
2103,Exit short,2026-02-22 06:30,1976.260000,8,-24.880000,-0.1600,56.400000,77.440000,18361.530000
2103,Entry short,2026-02-21 21:00,1973.150000,8,-24.880000,-0.1600,56.400000,77.440000,18361.530000
2102,Exit long,2026-02-21 21:00,1973.150000,7,60.550000,0.4400,224.980000,11.480000,18386.410000
2102,Entry long,2026-02-21 08:30,1964.500000,7,60.550000,0.4400,224.980000,11.480000,18386.410000
2101,Exit short,2026-02-21 08:30,1963.760000,6,-23.700000,-0.2000,28.440000,33.900000,18325.860000
2101,Entry short,2026-02-21 03:15,1959.810000,6,-23.700000,-0.2000,28.440000,33.900000,18325.860000
2100,Exit long,2026-02-21 03:15,1959.810000,5,-44.000000,-0.4500,6.900000,51.050000,18349.560000
2100,Entry long,2026-02-21 02:30,1968.610000,5,-44.000000,-0.4500,6.900000,51.050000,18349.560000
2099,Exit short,2026-02-21 02:30,1968.610000,4,-23.600000,-0.3000,10.040000,28.640000,18393.560000
2099,Entry short,2026-02-21 00:45,1962.710000,4,-23.600000,-0.3000,10.040000,28.640000,18393.560000
2098,Exit long,2026-02-21 00:45,1962.710000,3,-1.020000,-0.0200,53.040000,76.350000,18417.160000
2098,Entry long,2026-02-20 16:00,1963.050000,3,-1.020000,-0.0200,53.040000,76.350000,18417.160000
2097,Exit short,2026-02-20 16:00,1963.050000,2,-25.140000,-0.6400,57.900000,59.580000,18418.180000
2097,Entry short,2026-02-20 11:30,1950.480000,2,-25.140000,-0.6400,57.900000,59.580000,18418.180000
2096,Exit long,2026-02-20 11:30,1952.410000,1,-6.200000,-0.3200,14.380000,8.530000,18443.320000
2096,Entry long,2026-02-20 06:45,1958.610000,1,-6.200000,-0.3200,14.380000,8.530000,18443.320000
2095,Exit short,2026-02-20 06:00,1954.340000,14,-243.040000,-0.9000,55.160000,390.040000,18449.520000
2095,Entry short,2026-02-20 04:30,1936.980000,14,-243.040000,-0.9000,55.160000,390.040000,18449.520000
2094,Exit long,2026-02-20 04:30,1936.980000,13,-50.960000,-0.2000,294.580000,185.120000,18692.560000
2094,Entry long,2026-02-19 19:00,1940.900000,13,-50.960000,-0.2000,294.580000,185.120000,18692.560000
2093,Exit short,2026-02-19 19:00,1938.790000,12,289.800000,1.2300,689.280000,57.480000,18743.520000
2093,Entry short,2026-02-19 10:00,1962.940000,12,289.800000,1.2300,689.280000,57.480000,18743.520000
2092,Exit long,2026-02-19 10:00,1962.940000,11,36.080000,0.1700,299.750000,82.060000,18453.720000
2092,Entry long,2026-02-19 00:45,1959.660000,11,36.080000,0.1700,299.750000,82.060000,18453.720000
2091,Exit short,2026-02-19 00:45,1957.560000,10,387.400000,1.9400,746.600000,135.000000,18417.640000
2091,Entry short,2026-02-18 11:00,1996.300000,10,387.400000,1.9400,746.600000,135.000000,18417.640000
2090,Exit long,2026-02-18 11:00,1996.300000,9,-5.040000,-0.0300,372.690000,42.570000,18030.240000
2090,Entry long,2026-02-18 03:45,1996.860000,9,-5.040000,-0.0300,372.690000,42.570000,18030.240000
2089,Exit short,2026-02-18 03:45,1996.860000,8,-131.760000,-0.8300,104.960000,145.760000,18035.280000
2089,Entry short,2026-02-18 01:00,1980.390000,8,-131.760000,-0.8300,104.960000,145.760000,18035.280000
2088,Exit long,2026-02-18 01:00,1980.390000,7,-60.270000,-0.4300,181.370000,62.090000,18167.040000
2088,Entry long,2026-02-17 18:30,1989.000000,7,-60.270000,-0.4300,181.370000,62.090000,18167.040000
2087,Exit short,2026-02-17 18:30,1989.000000,6,-179.640000,-1.5300,38.700000,189.960000,18227.310000
2087,Entry short,2026-02-17 17:45,1959.060000,6,-179.640000,-1.5300,38.700000,189.960000,18227.310000
2086,Exit long,2026-02-17 17:45,1959.060000,5,-179.700000,-1.8000,74.450000,187.100000,18406.950000
2086,Entry long,2026-02-17 16:30,1995.000000,5,-179.700000,-1.8000,74.450000,187.100000,18406.950000
2085,Exit short,2026-02-17 16:30,1983.740000,4,-144.760000,-1.8600,30.160000,189.800000,18586.650000
2085,Entry short,2026-02-17 15:00,1947.550000,4,-144.760000,-1.8600,30.160000,189.800000,18586.650000
2084,Exit long,2026-02-17 15:00,1947.550000,3,-109.200000,-1.8300,58.440000,124.560000,18731.410000
2084,Entry long,2026-02-17 13:30,1983.950000,3,-109.200000,-1.8300,58.440000,124.560000,18731.410000
2083,Exit short,2026-02-17 13:30,1983.180000,2,7.040000,0.1800,53.020000,22.580000,18840.610000
2083,Entry short,2026-02-17 03:45,1986.700000,2,7.040000,0.1800,53.020000,22.580000,18840.610000
2082,Exit long,2026-02-17 03:45,1988.050000,1,10.980000,0.5600,31.570000,6.970000,18833.570000
2082,Entry long,2026-02-16 19:45,1977.070000,1,10.980000,0.5600,31.570000,6.970000,18833.570000
2081,Exit long,2026-02-16 19:30,1970.710000,6,-87.120000,-0.7300,0.000000,120.540000,18822.590000
2081,Entry long,2026-02-16 17:45,1985.230000,6,-87.120000,-0.7300,0.000000,120.540000,18822.590000
2080,Exit short,2026-02-16 17:45,1985.230000,5,-126.150000,-1.2900,123.050000,140.000000,18909.710000
2080,Entry short,2026-02-16 14:15,1960.000000,5,-126.150000,-1.2900,123.050000,140.000000,18909.710000
2079,Exit long,2026-02-16 14:15,1966.920000,4,4.680000,0.0600,230.200000,38.800000,19035.860000
2079,Entry long,2026-02-16 07:00,1965.750000,4,4.680000,0.0600,230.200000,38.800000,19035.860000
2078,Exit short,2026-02-16 07:00,1965.730000,3,-24.870000,-0.4200,17.550000,27.570000,19031.180000
2078,Entry short,2026-02-16 05:30,1957.440000,3,-24.870000,-0.4200,17.550000,27.570000,19031.180000
2077,Exit long,2026-02-16 05:30,1957.440000,2,-24.120000,-0.6100,7.800000,32.200000,19056.050000
2077,Entry long,2026-02-16 04:45,1969.500000,2,-24.120000,-0.6100,7.800000,32.200000,19056.050000
2076,Exit short,2026-02-16 04:45,1964.690000,1,-4.690000,-0.2400,12.760000,9.500000,19080.170000
2076,Entry short,2026-02-16 02:15,1960.000000,1,-4.690000,-0.2400,12.760000,9.500000,19080.170000
2075,Exit long,2026-02-16 02:00,1961.960000,5,-57.700000,-0.5800,35.700000,88.700000,19084.860000
2075,Entry long,2026-02-16 01:00,1973.500000,5,-57.700000,-0.5800,35.700000,88.700000,19084.860000
2074,Exit short,2026-02-16 01:00,1968.310000,4,376.800000,4.5700,542.720000,65.240000,19142.560000
2074,Entry short,2026-02-15 08:45,2062.510000,4,376.800000,4.5700,542.720000,65.240000,19142.560000
2073,Exit long,2026-02-15 08:45,2062.510000,3,-60.720000,-0.9700,59.940000,87.870000,18765.760000
2073,Entry long,2026-02-15 05:15,2082.750000,3,-60.720000,-0.9700,59.940000,87.870000,18765.760000
2072,Exit short,2026-02-15 05:15,2082.750000,2,-5.340000,-0.1300,91.460000,14.000000,18826.480000
2072,Entry short,2026-02-15 00:30,2080.080000,2,-5.340000,-0.1300,91.460000,14.000000,18826.480000
2071,Exit long,2026-02-15 00:30,2080.800000,1,-3.200000,-0.1500,14.940000,17.520000,18831.820000
2071,Entry long,2026-02-14 15:00,2084.000000,1,-3.200000,-0.1500,14.940000,17.520000,18831.820000
2070,Exit long,2026-02-14 13:45,2070.600000,5,612.850000,6.2900,794.950000,21.200000,18835.020000
2070,Entry long,2026-02-13 08:45,1948.030000,5,612.850000,6.2900,794.950000,21.200000,18835.020000
2069,Exit short,2026-02-13 08:45,1948.030000,4,-60.160000,-0.7800,38.800000,65.640000,18222.170000
2069,Entry short,2026-02-13 06:00,1932.990000,4,-60.160000,-0.7800,38.800000,65.640000,18222.170000
2068,Exit long,2026-02-13 06:00,1932.990000,3,-26.820000,-0.4600,48.030000,45.630000,18282.330000
2068,Entry long,2026-02-12 23:00,1941.930000,3,-26.820000,-0.4600,48.030000,45.630000,18282.330000
2067,Exit short,2026-02-12 23:00,1941.930000,2,48.080000,1.2200,144.400000,26.440000,18309.150000
2067,Entry short,2026-02-12 15:15,1965.970000,2,48.080000,1.2200,144.400000,26.440000,18309.150000
2066,Exit long,2026-02-12 15:15,1965.970000,1,-9.310000,-0.4700,25.620000,23.060000,18261.070000
2066,Entry long,2026-02-12 09:30,1975.280000,1,-9.310000,-0.4700,25.620000,23.060000,18261.070000
2065,Exit long,2026-02-12 08:45,1959.000000,1,0.140000,0.0100,23.500000,6.620000,18270.380000
2065,Entry long,2026-02-12 00:45,1958.860000,1,0.140000,0.0100,23.500000,6.620000,18270.380000
2064,Exit long,2026-02-11 23:45,1943.150000,1,-14.310000,-0.7300,30.010000,27.840000,18270.240000
2064,Entry long,2026-02-11 19:45,1957.460000,1,-14.310000,-0.7300,30.010000,27.840000,18270.240000
2063,Exit short,2026-02-11 19:30,1943.210000,15,-396.450000,-1.3800,138.750000,631.050000,18284.550000
2063,Entry short,2026-02-11 15:15,1916.780000,15,-396.450000,-1.3800,138.750000,631.050000,18284.550000
2062,Exit long,2026-02-11 15:15,1916.780000,14,-731.080000,-2.6500,650.020000,948.920000,18681.000000
2062,Entry long,2026-02-11 14:00,1969.000000,14,-731.080000,-2.6500,650.020000,948.920000,18681.000000
2061,Exit short,2026-02-11 14:00,1959.430000,13,642.330000,2.4600,1019.850000,157.170000,19412.080000
2061,Entry short,2026-02-11 03:15,2008.840000,13,642.330000,2.4600,1019.850000,157.170000,19412.080000
2060,Exit long,2026-02-11 03:15,2008.840000,12,-128.280000,-0.5300,137.640000,137.160000,18769.750000
2060,Entry long,2026-02-10 23:45,2019.530000,12,-128.280000,-0.5300,137.640000,137.160000,18769.750000
2059,Exit short,2026-02-10 23:45,2019.530000,11,-191.840000,-0.8700,87.780000,251.350000,18898.030000
2059,Entry short,2026-02-10 18:45,2002.090000,11,-191.840000,-0.8700,87.780000,251.350000,18898.030000
2058,Exit long,2026-02-10 18:45,2008.990000,10,-179.900000,-0.8900,191.200000,249.800000,19089.870000
2058,Entry long,2026-02-10 15:45,2026.980000,10,-179.900000,-0.8900,191.200000,249.800000,19089.870000
2057,Exit short,2026-02-10 15:45,2023.960000,9,-196.020000,-1.0900,98.280000,241.290000,19269.770000
2057,Entry short,2026-02-10 14:45,2002.180000,9,-196.020000,-1.0900,98.280000,241.290000,19269.770000
2056,Exit long,2026-02-10 14:45,2002.180000,8,-192.160000,-1.1900,63.360000,339.440000,19465.790000
2056,Entry long,2026-02-10 14:30,2026.200000,8,-192.160000,-1.1900,63.360000,339.440000,19465.790000
2055,Exit short,2026-02-10 14:30,2026.200000,7,539.630000,3.6700,771.330000,46.480000,19657.950000
2055,Entry short,2026-02-10 03:00,2103.290000,7,539.630000,3.6700,771.330000,46.480000,19657.950000
2054,Exit long,2026-02-10 03:00,2107.090000,6,-76.860000,-0.6000,22.800000,112.440000,19118.320000
2054,Entry long,2026-02-10 01:45,2119.900000,6,-76.860000,-0.6000,22.800000,112.440000,19118.320000
2053,Exit short,2026-02-10 01:45,2119.900000,5,-99.450000,-0.9500,24.000000,104.950000,19195.180000
2053,Entry short,2026-02-10 00:15,2100.010000,5,-99.450000,-0.9500,24.000000,104.950000,19195.180000
2052,Exit long,2026-02-10 00:15,2109.000000,4,180.040000,2.1800,336.040000,70.320000,19294.630000
2052,Entry long,2026-02-09 15:45,2063.990000,4,180.040000,2.1800,336.040000,70.320000,19294.630000
2051,Exit short,2026-02-09 15:45,2060.590000,3,38.130000,0.6100,195.900000,40.020000,19114.590000
2051,Entry short,2026-02-09 06:30,2073.300000,3,38.130000,0.6100,195.900000,40.020000,19114.590000
2050,Exit long,2026-02-09 06:30,2073.300000,2,-36.200000,-0.8700,10.140000,40.740000,19076.460000
2050,Entry long,2026-02-09 05:30,2091.400000,2,-36.200000,-0.8700,10.140000,40.740000,19076.460000
2049,Exit short,2026-02-09 05:30,2091.400000,1,-8.410000,-0.4000,0.560000,8.710000,19112.660000
2049,Entry short,2026-02-09 05:15,2082.990000,1,-8.410000,-0.4000,0.560000,8.710000,19112.660000
2048,Exit short,2026-02-09 04:15,2089.760000,5,6.750000,0.0600,190.950000,75.650000,19121.070000
2048,Entry short,2026-02-08 23:30,2091.110000,5,6.750000,0.0600,190.950000,75.650000,19121.070000
2047,Exit long,2026-02-08 23:30,2091.110000,4,-107.280000,-1.2700,19.680000,150.880000,19114.320000
2047,Entry long,2026-02-08 23:15,2117.930000,4,-107.280000,-1.2700,19.680000,150.880000,19114.320000
2046,Exit short,2026-02-08 23:15,2117.930000,3,-70.800000,-1.1300,17.850000,173.010000,19221.600000
2046,Entry short,2026-02-08 21:45,2094.330000,3,-70.800000,-1.1300,17.850000,173.010000,19221.600000
2045,Exit long,2026-02-08 21:45,2094.330000,2,-48.280000,-1.1400,20.820000,55.700000,19292.400000
2045,Entry long,2026-02-08 19:45,2118.470000,2,-48.280000,-1.1400,20.820000,55.700000,19292.400000
2044,Exit short,2026-02-08 19:45,2118.470000,1,-14.030000,-0.6700,33.530000,16.560000,19340.680000
2044,Entry short,2026-02-08 16:30,2104.440000,1,-14.030000,-0.6700,33.530000,16.560000,19340.680000
2043,Exit long,2026-02-08 16:00,2107.300000,5,29.150000,0.2800,214.400000,97.350000,19354.710000
2043,Entry long,2026-02-08 08:30,2101.470000,5,29.150000,0.2800,214.400000,97.350000,19354.710000
2042,Exit short,2026-02-08 08:30,2101.470000,4,-94.400000,-1.1400,50.360000,116.600000,19325.560000
2042,Entry short,2026-02-08 04:00,2077.870000,4,-94.400000,-1.1400,50.360000,116.600000,19325.560000
2041,Exit long,2026-02-08 04:00,2077.870000,3,-38.100000,-0.6100,46.290000,45.030000,19419.960000
2041,Entry long,2026-02-08 01:45,2090.570000,3,-38.100000,-0.6100,46.290000,45.030000,19419.960000
2040,Exit short,2026-02-08 01:45,2089.260000,2,-24.260000,-0.5800,3.160000,33.720000,19458.060000
2040,Entry short,2026-02-08 00:45,2077.130000,2,-24.260000,-0.5800,3.160000,33.720000,19458.060000
2039,Exit long,2026-02-08 00:45,2077.130000,1,34.510000,1.6900,82.380000,34.440000,19482.320000
2039,Entry long,2026-02-07 14:15,2042.620000,1,34.510000,1.6900,82.380000,34.440000,19482.320000
2038,Exit short,2026-02-07 12:45,2041.920000,2,-55.980000,-1.3900,41.180000,123.360000,19447.810000
2038,Entry short,2026-02-07 07:15,2013.930000,2,-55.980000,-1.3900,41.180000,123.360000,19447.810000
2037,Exit long,2026-02-07 07:15,2013.930000,1,-48.280000,-2.3400,56.660000,50.270000,19503.790000
2037,Entry long,2026-02-07 03:00,2062.210000,1,-48.280000,-2.3400,56.660000,50.270000,19503.790000
2036,Exit short,2026-02-07 02:15,2058.790000,8,-182.160000,-1.1200,34.080000,239.040000,19552.070000
2036,Entry short,2026-02-07 01:00,2036.020000,8,-182.160000,-1.1200,34.080000,239.040000,19552.070000
2035,Exit long,2026-02-07 01:00,2043.090000,7,799.750000,5.9200,1163.820000,106.120000,19734.230000
2035,Entry long,2026-02-06 10:15,1928.840000,7,799.750000,5.9200,1163.820000,106.120000,19734.230000
2034,Exit short,2026-02-06 10:15,1914.060000,6,-95.100000,-0.8300,197.820000,191.220000,18934.480000
2034,Entry short,2026-02-06 08:00,1898.210000,6,-95.100000,-0.8300,197.820000,191.220000,18934.480000
2033,Exit long,2026-02-06 08:00,1898.210000,5,-162.950000,-1.6900,220.150000,261.000000,19029.580000
2033,Entry long,2026-02-06 02:00,1930.800000,5,-162.950000,-1.6900,220.150000,261.000000,19029.580000
2032,Exit short,2026-02-06 02:00,1930.800000,4,615.200000,7.3800,1394.320000,90.960000,19192.530000
2032,Entry short,2026-02-05 11:15,2084.600000,4,615.200000,7.3800,1394.320000,90.960000,19192.530000
2031,Exit long,2026-02-05 11:15,2086.220000,3,-156.480000,-2.4400,33.000000,167.040000,18577.330000
2031,Entry long,2026-02-05 09:15,2138.380000,3,-156.480000,-2.4400,33.000000,167.040000,18577.330000
2030,Exit short,2026-02-05 09:15,2138.380000,2,-25.720000,-0.6100,128.600000,75.160000,18733.810000
2030,Entry short,2026-02-05 02:15,2125.520000,2,-25.720000,-0.6100,128.600000,75.160000,18733.810000
2029,Exit long,2026-02-05 02:15,2125.520000,1,-36.070000,-1.6700,11.410000,39.700000,18759.530000
2029,Entry long,2026-02-05 01:00,2161.590000,1,-36.070000,-1.6700,11.410000,39.700000,18759.530000
2028,Exit short,2026-02-05 00:45,2155.080000,2,-25.340000,-0.5900,112.820000,50.560000,18795.600000
2028,Entry short,2026-02-04 21:30,2142.410000,2,-25.340000,-0.5900,112.820000,50.560000,18795.600000
2027,Exit long,2026-02-04 21:30,2142.410000,1,-33.520000,-1.5400,3.970000,38.150000,18820.940000
2027,Entry long,2026-02-04 21:00,2175.930000,1,-33.520000,-1.5400,3.970000,38.150000,18820.940000
2026,Exit short,2026-02-04 20:30,2170.660000,13,1160.120000,3.9500,2420.860000,102.570000,18854.460000
2026,Entry short,2026-02-04 09:30,2259.900000,13,1160.120000,3.9500,2420.860000,102.570000,18854.460000
2025,Exit long,2026-02-04 09:30,2259.900000,12,-147.840000,-0.5400,273.360000,372.240000,17694.340000
2025,Entry long,2026-02-04 01:15,2272.220000,12,-147.840000,-0.5400,273.360000,372.240000,17694.340000
2024,Exit short,2026-02-04 01:15,2272.220000,11,-456.390000,-1.8600,98.560000,475.970000,17842.180000
2024,Entry short,2026-02-04 00:00,2230.730000,11,-456.390000,-1.8600,98.560000,475.970000,17842.180000
2023,Exit long,2026-02-04 00:00,2232.230000,10,-632.800000,-2.7600,435.600000,845.100000,18298.570000
2023,Entry long,2026-02-03 20:45,2295.510000,10,-632.800000,-2.7600,435.600000,845.100000,18298.570000
2022,Exit short,2026-02-03 20:45,2295.510000,9,-358.650000,-1.7700,1370.340000,884.790000,18931.370000
2022,Entry short,2026-02-03 15:00,2255.660000,9,-358.650000,-1.7700,1370.340000,884.790000,18931.370000
2021,Exit long,2026-02-03 15:00,2255.660000,8,-404.480000,-2.1900,81.120000,417.760000,19290.020000
2021,Entry long,2026-02-03 13:45,2306.220000,8,-404.480000,-2.1900,81.120000,417.760000,19290.020000
2020,Exit short,2026-02-03 13:45,2306.220000,7,130.620000,0.8000,455.770000,56.840000,19694.500000
2020,Entry short,2026-02-03 05:30,2324.880000,7,130.620000,0.8000,455.770000,56.840000,19694.500000
2019,Exit long,2026-02-03 05:30,2328.300000,6,-146.880000,-1.0400,9.720000,209.880000,19563.880000
2019,Entry long,2026-02-03 04:45,2352.780000,6,-146.880000,-1.0400,9.720000,209.880000,19563.880000
2018,Exit short,2026-02-03 04:45,2352.780000,5,-132.700000,-1.1400,221.150000,137.300000,19710.760000
2018,Entry short,2026-02-03 02:30,2326.240000,5,-132.700000,-1.1400,221.150000,137.300000,19710.760000
2017,Exit long,2026-02-03 02:30,2328.900000,4,-89.160000,-0.9500,29.640000,110.800000,19843.460000
2017,Entry long,2026-02-02 22:30,2351.190000,4,-89.160000,-0.9500,29.640000,110.800000,19843.460000
2016,Exit short,2026-02-02 22:30,2341.340000,3,-34.770000,-0.5000,54.840000,64.320000,19932.620000
2016,Entry short,2026-02-02 20:00,2329.750000,3,-34.770000,-0.5000,54.840000,64.320000,19932.620000
2015,Exit long,2026-02-02 20:00,2329.750000,2,149.500000,3.3100,280.800000,37.140000,19967.390000
2015,Entry long,2026-02-02 08:45,2255.000000,2,149.500000,3.3100,280.800000,37.140000,19967.390000
2014,Exit short,2026-02-02 08:45,2246.150000,1,138.170000,5.7900,228.320000,39.340000,19817.890000
2014,Entry short,2026-02-01 10:45,2384.320000,1,138.170000,5.7900,228.320000,39.340000,19817.890000
2013,Exit short,2026-02-01 10:30,2428.880000,2,-5.680000,-0.1200,68.000000,27.900000,19679.720000
2013,Entry short,2026-02-01 05:45,2426.040000,2,-5.680000,-0.1200,68.000000,27.900000,19679.720000
2012,Exit long,2026-02-01 05:45,2426.040000,1,-35.160000,-1.4300,13.780000,38.410000,19685.400000
2012,Entry long,2026-02-01 00:00,2461.200000,1,-35.160000,-1.4300,13.780000,38.410000,19685.400000
2011,Exit short,2026-01-31 23:45,2445.970000,7,1805.720000,9.5400,3510.710000,25.410000,19720.560000
2011,Entry short,2026-01-31 01:45,2703.930000,7,1805.720000,9.5400,3510.710000,25.410000,19720.560000
2010,Exit long,2026-01-31 01:45,2703.930000,6,-50.280000,-0.3100,6.720000,78.660000,17914.840000
2010,Entry long,2026-01-31 01:15,2712.310000,6,-50.280000,-0.3100,6.720000,78.660000,17914.840000
2009,Exit short,2026-01-31 01:15,2711.130000,5,-148.600000,-1.1100,94.700000,161.900000,17965.120000
2009,Entry short,2026-01-30 20:30,2681.410000,5,-148.600000,-1.1100,94.700000,161.900000,17965.120000
2008,Exit long,2026-01-30 20:30,2681.410000,4,-296.760000,-2.6900,6.960000,340.880000,18113.720000
2008,Entry long,2026-01-30 19:30,2755.600000,4,-296.760000,-2.6900,6.960000,340.880000,18113.720000
2007,Exit short,2026-01-30 19:30,2746.550000,3,-112.230000,-1.3800,223.530000,152.580000,18410.480000
2007,Entry short,2026-01-30 15:30,2709.140000,3,-112.230000,-1.3800,223.530000,152.580000,18410.480000
2006,Exit long,2026-01-30 15:30,2709.140000,2,-97.160000,-1.7600,12.420000,102.380000,18522.710000
2006,Entry long,2026-01-30 14:45,2757.720000,2,-97.160000,-1.7600,12.420000,102.380000,18522.710000
2005,Exit short,2026-01-30 14:45,2757.720000,1,-29.820000,-1.0900,5.580000,34.780000,18619.870000
2005,Entry short,2026-01-30 14:30,2727.900000,1,-29.820000,-1.0900,5.580000,34.780000,18619.870000
2004,Exit long,2026-01-30 14:00,2728.780000,15,-445.650000,-1.0800,105.150000,607.350000,18649.690000
2004,Entry long,2026-01-30 12:00,2758.490000,15,-445.650000,-1.0800,105.150000,607.350000,18649.690000
2003,Exit short,2026-01-30 12:00,2758.490000,14,666.540000,1.7000,1858.780000,137.620000,19095.340000
2003,Entry short,2026-01-30 00:30,2806.100000,14,666.540000,1.7000,1858.780000,137.620000,19095.340000
2002,Exit long,2026-01-30 00:30,2806.100000,13,-226.720000,-0.6200,48.490000,297.310000,18428.800000
2002,Entry long,2026-01-29 23:45,2823.540000,13,-226.720000,-0.6200,48.490000,297.310000,18428.800000
2001,Exit short,2026-01-29 23:45,2823.540000,12,2239.800000,6.2000,3092.280000,54.120000,18655.520000
2001,Entry short,2026-01-28 23:45,3010.190000,12,2239.800000,6.2000,3092.280000,54.120000,18655.520000
2000,Exit long,2026-01-28 23:45,3012.010000,11,-124.520000,-0.3700,162.470000,311.520000,16415.720000
2000,Entry long,2026-01-28 20:15,3023.330000,11,-124.520000,-0.3700,162.470000,311.520000,16415.720000
1999,Exit short,2026-01-28 20:15,3020.860000,10,-322.900000,-1.0800,68.700000,422.100000,16540.240000
1999,Entry short,2026-01-28 15:15,2988.570000,10,-322.900000,-1.0800,68.700000,422.100000,16540.240000
1998,Exit long,2026-01-28 15:15,2988.570000,9,-249.030000,-0.9200,258.840000,254.160000,16863.140000
1998,Entry long,2026-01-28 10:00,3016.240000,9,-249.030000,-0.9200,258.840000,254.160000,16863.140000
1997,Exit short,2026-01-28 10:00,3016.240000,8,-147.600000,-0.6200,99.680000,149.360000,17112.170000
1997,Entry short,2026-01-28 08:15,2997.790000,8,-147.600000,-0.6200,99.680000,149.360000,17112.170000
1996,Exit long,2026-01-28 08:15,2997.790000,7,-115.430000,-0.5500,0.490000,123.200000,17259.770000
1996,Entry long,2026-01-28 07:00,3014.280000,7,-115.430000,-0.5500,0.490000,123.200000,17259.770000
1995,Exit short,2026-01-28 07:00,3013.250000,6,-74.100000,-0.4100,56.220000,103.140000,17375.200000
1995,Entry short,2026-01-28 03:30,3000.900000,6,-74.100000,-0.4100,56.220000,103.140000,17375.200000
1994,Exit long,2026-01-28 03:30,3001.570000,5,358.450000,2.4500,525.550000,81.950000,17449.300000
1994,Entry long,2026-01-27 15:15,2929.880000,5,358.450000,2.4500,525.550000,81.950000,17449.300000
1993,Exit short,2026-01-27 15:15,2929.880000,4,-80.360000,-0.6900,6.320000,116.840000,17090.850000
1993,Entry short,2026-01-27 14:45,2909.790000,4,-80.360000,-0.6900,6.320000,116.840000,17090.850000
1992,Exit long,2026-01-27 14:45,2909.790000,3,-53.400000,-0.6100,17.100000,66.270000,17171.210000
1992,Entry long,2026-01-27 14:30,2927.590000,3,-53.400000,-0.6100,17.100000,66.270000,17171.210000
1991,Exit short,2026-01-27 14:30,2927.590000,2,-7.560000,-0.1300,49.840000,40.900000,17224.610000
1991,Entry short,2026-01-27 06:45,2923.810000,2,-7.560000,-0.1300,49.840000,40.900000,17224.610000
1990,Exit long,2026-01-27 06:45,2923.810000,1,-11.050000,-0.3800,23.140000,23.930000,17232.170000
1990,Entry long,2026-01-26 21:45,2934.860000,1,-11.050000,-0.3800,23.140000,23.930000,17232.170000
1989,Exit long,2026-01-26 21:15,2906.230000,5,-10.650000,-0.0700,133.700000,72.300000,17243.220000
1989,Entry long,2026-01-26 18:00,2908.360000,5,-10.650000,-0.0700,133.700000,72.300000,17243.220000
1988,Exit short,2026-01-26 18:00,2908.360000,4,-42.120000,-0.3600,51.600000,68.520000,17253.870000
1988,Entry short,2026-01-26 17:15,2897.830000,4,-42.120000,-0.3600,51.600000,68.520000,17253.870000
1987,Exit long,2026-01-26 17:15,2897.830000,3,171.750000,2.0200,328.260000,9.930000,17295.990000
1987,Entry long,2026-01-26 01:00,2840.580000,3,171.750000,2.0200,328.260000,9.930000,17295.990000
1986,Exit short,2026-01-26 01:00,2840.580000,2,186.720000,3.1800,299.580000,20.280000,17124.240000
1986,Entry short,2026-01-25 11:45,2933.940000,2,186.720000,3.1800,299.580000,20.280000,17124.240000
1985,Exit long,2026-01-25 11:45,2933.940000,1,-9.790000,-0.3300,0.270000,11.150000,16937.520000
1985,Entry long,2026-01-25 11:30,2943.730000,1,-9.790000,-0.3300,0.270000,11.150000,16937.520000
1984,Exit short,2026-01-25 11:00,2943.720000,2,18.100000,0.3100,68.440000,13.000000,16947.310000
1984,Entry short,2026-01-24 23:45,2952.770000,2,18.100000,0.3100,68.440000,13.000000,16947.310000
1983,Exit long,2026-01-24 23:45,2952.770000,1,-8.830000,-0.3000,1.420000,9.730000,16929.210000
1983,Entry long,2026-01-24 23:00,2961.600000,1,-8.830000,-0.3000,1.420000,9.730000,16929.210000
1982,Exit short,2026-01-24 22:45,2957.780000,9,-25.020000,-0.0900,72.000000,72.000000,16938.040000
1982,Entry short,2026-01-24 19:45,2955.000000,9,-25.020000,-0.0900,72.000000,72.000000,16938.040000
1981,Exit long,2026-01-24 19:45,2955.880000,8,-60.000000,-0.2500,31.360000,67.040000,16963.060000
1981,Entry long,2026-01-24 17:30,2963.380000,8,-60.000000,-0.2500,31.360000,67.040000,16963.060000
1980,Exit short,2026-01-24 17:30,2962.510000,7,-48.790000,-0.2400,37.030000,66.220000,17023.060000
1980,Entry short,2026-01-24 16:00,2955.540000,7,-48.790000,-0.2400,37.030000,66.220000,17023.060000
1979,Exit long,2026-01-24 16:00,2955.540000,6,-66.480000,-0.3700,0.000000,75.720000,17071.850000
1979,Entry long,2026-01-24 15:15,2966.620000,6,-66.480000,-0.3700,0.000000,75.720000,17071.850000
1978,Exit short,2026-01-24 15:15,2966.620000,5,-97.200000,-0.6600,25.900000,98.750000,17138.330000
1978,Entry short,2026-01-24 14:00,2947.180000,5,-97.200000,-0.6600,25.900000,98.750000,17138.330000
1977,Exit long,2026-01-24 14:00,2947.180000,4,-52.960000,-0.4500,12.640000,60.720000,17235.530000
1977,Entry long,2026-01-24 11:00,2960.420000,4,-52.960000,-0.4500,12.640000,60.720000,17235.530000
1976,Exit short,2026-01-24 11:00,2960.420000,3,-6.990000,-0.0800,1.920000,9.000000,17288.490000
1976,Entry short,2026-01-24 10:30,2958.090000,3,-6.990000,-0.0800,1.920000,9.000000,17288.490000
1975,Exit long,2026-01-24 10:30,2958.090000,2,-7.320000,-0.1200,3.720000,8.900000,17295.480000
1975,Entry long,2026-01-24 09:00,2961.750000,2,-7.320000,-0.1200,3.720000,8.900000,17295.480000
1974,Exit short,2026-01-24 09:00,2961.750000,1,-5.930000,-0.2000,2.100000,6.340000,17302.800000
1974,Entry short,2026-01-24 08:00,2955.820000,1,-5.930000,-0.2000,2.100000,6.340000,17302.800000
1973,Exit long,2026-01-24 07:45,2957.790000,3,1.230000,0.0100,34.110000,13.050000,17308.730000
1973,Entry long,2026-01-24 02:15,2957.380000,3,1.230000,0.0100,34.110000,13.050000,17308.730000
1972,Exit short,2026-01-24 02:15,2957.380000,2,-41.540000,-0.7100,13.220000,48.840000,17307.500000
1972,Entry short,2026-01-23 20:45,2936.610000,2,-41.540000,-0.7100,13.220000,48.840000,17307.500000
1971,Exit long,2026-01-23 20:45,2936.610000,1,-26.290000,-0.8900,57.550000,33.900000,17349.040000
1971,Entry long,2026-01-23 16:30,2962.900000,1,-26.290000,-0.8900,57.550000,33.900000,17349.040000
1970,Exit short,2026-01-23 16:15,2954.460000,2,-35.500000,-0.6000,93.020000,56.580000,17375.330000
1970,Entry short,2026-01-23 06:45,2936.710000,2,-35.500000,-0.6000,93.020000,56.580000,17375.330000
1969,Exit long,2026-01-23 06:45,2954.000000,1,2.300000,0.0800,31.920000,14.990000,17410.830000
1969,Entry long,2026-01-23 00:15,2951.700000,1,2.300000,0.0800,31.920000,14.990000,17410.830000
1968,Exit short,2026-01-23 00:00,2951.210000,11,656.260000,1.9800,1174.360000,51.810000,17408.530000
1968,Entry short,2026-01-22 07:15,3010.870000,11,656.260000,1.9800,1174.360000,51.810000,17408.530000
1967,Exit long,2026-01-22 07:15,3010.870000,10,-215.300000,-0.7100,369.400000,617.500000,16752.270000
1967,Entry long,2026-01-21 19:45,3032.400000,10,-215.300000,-0.7100,369.400000,617.500000,16752.270000
1966,Exit short,2026-01-21 19:45,3032.400000,9,-1305.810000,-5.0300,207.180000,1347.300000,16967.570000
1966,Entry short,2026-01-21 16:45,2887.310000,9,-1305.810000,-5.0300,207.180000,1347.300000,16967.570000
1965,Exit long,2026-01-21 16:45,2887.310000,8,-740.400000,-3.1100,369.600000,750.880000,18273.380000
1965,Entry long,2026-01-21 14:45,2979.860000,8,-740.400000,-3.1100,369.600000,750.880000,18273.380000
1964,Exit short,2026-01-21 14:45,2975.330000,7,-75.390000,-0.3600,449.750000,209.160000,19013.780000
1964,Entry short,2026-01-21 08:00,2964.560000,7,-75.390000,-0.3600,449.750000,209.160000,19013.780000
1963,Exit long,2026-01-21 08:00,2969.020000,6,-73.560000,-0.4100,118.380000,100.980000,19089.170000
1963,Entry long,2026-01-21 03:45,2981.280000,6,-73.560000,-0.4100,118.380000,100.980000,19089.170000
1962,Exit short,2026-01-21 03:45,2981.280000,5,1148.600000,7.1500,1505.000000,22.500000,19162.730000
1962,Entry short,2026-01-19 21:15,3211.000000,5,1148.600000,7.1500,1505.000000,22.500000,19162.730000
1961,Exit long,2026-01-19 21:15,3213.810000,4,-22.360000,-0.1700,18.400000,33.600000,18014.130000
1961,Entry long,2026-01-19 19:15,3219.400000,4,-22.360000,-0.1700,18.400000,33.600000,18014.130000
1960,Exit short,2026-01-19 19:15,3219.400000,3,-31.020000,-0.3200,7.350000,32.700000,18036.490000
1960,Entry short,2026-01-19 18:30,3209.060000,3,-31.020000,-0.3200,7.350000,32.700000,18036.490000
1959,Exit long,2026-01-19 18:30,3209.060000,2,-19.860000,-0.3100,14.400000,21.180000,18067.510000
1959,Entry long,2026-01-19 16:45,3218.990000,2,-19.860000,-0.3100,14.400000,21.180000,18067.510000
1958,Exit short,2026-01-19 16:45,3217.510000,1,-7.020000,-0.2200,1.950000,9.500000,18087.370000
1958,Entry short,2026-01-19 15:30,3210.490000,1,-7.020000,-0.2200,1.950000,9.500000,18087.370000
1957,Exit long,2026-01-19 14:30,3208.000000,7,-42.000000,-0.1900,144.970000,97.930000,18094.390000
1957,Entry long,2026-01-19 11:00,3214.000000,7,-42.000000,-0.1900,144.970000,97.930000,18094.390000
1956,Exit short,2026-01-19 11:00,3214.000000,6,681.360000,3.4100,915.360000,50.220000,18136.390000
1956,Entry short,2026-01-18 23:15,3327.560000,6,681.360000,3.4100,915.360000,50.220000,18136.390000
1955,Exit long,2026-01-18 23:15,3327.560000,5,67.350000,0.4100,269.450000,7.700000,17455.030000
1955,Entry long,2026-01-18 09:00,3314.090000,5,67.350000,0.4100,269.450000,7.700000,17455.030000
1954,Exit short,2026-01-18 09:00,3313.930000,4,-37.720000,-0.2900,11.760000,44.080000,17387.680000
1954,Entry short,2026-01-18 08:00,3304.500000,4,-37.720000,-0.2900,11.760000,44.080000,17387.680000
1953,Exit long,2026-01-18 08:00,3305.670000,3,-26.880000,-0.2700,6.180000,31.290000,17425.400000
1953,Entry long,2026-01-18 03:45,3314.630000,3,-26.880000,-0.2700,6.180000,31.290000,17425.400000
1952,Exit short,2026-01-18 03:45,3314.630000,2,-4.760000,-0.0700,35.460000,15.040000,17452.280000
1952,Entry short,2026-01-17 21:30,3312.250000,2,-4.760000,-0.0700,35.460000,15.040000,17452.280000
1951,Exit long,2026-01-17 21:30,3312.250000,1,21.820000,0.6600,37.930000,2.430000,17457.040000
1951,Entry long,2026-01-17 07:15,3290.430000,1,21.820000,0.6600,37.930000,2.430000,17457.040000
1950,Exit short,2026-01-17 07:00,3289.870000,2,-5.680000,-0.0900,0.380000,11.220000,17435.220000
1950,Entry short,2026-01-17 06:30,3287.030000,2,-5.680000,-0.0900,0.380000,11.220000,17435.220000
1949,Exit long,2026-01-17 06:30,3287.200000,1,-5.320000,-0.1600,0.160000,6.430000,17440.900000
1949,Entry long,2026-01-17 05:45,3292.520000,1,-5.320000,-0.1600,0.160000,6.430000,17440.900000
1948,Exit short,2026-01-17 05:30,3290.000000,4,-14.720000,-0.1100,6.600000,26.680000,17446.220000
1948,Entry short,2026-01-17 04:00,3286.320000,4,-14.720000,-0.1100,6.600000,26.680000,17446.220000
1947,Exit long,2026-01-17 04:00,3288.120000,3,-8.460000,-0.0900,1.050000,9.750000,17460.940000
1947,Entry long,2026-01-17 03:45,3290.940000,3,-8.460000,-0.0900,1.050000,9.750000,17460.940000
1946,Exit short,2026-01-17 03:45,3289.350000,2,-10.720000,-0.1600,3.200000,15.580000,17469.400000
1946,Entry short,2026-01-17 02:30,3283.990000,2,-10.720000,-0.1600,3.200000,15.580000,17469.400000
1945,Exit long,2026-01-17 02:30,3283.990000,1,-9.950000,-0.3000,4.920000,12.520000,17480.120000
1945,Entry long,2026-01-16 21:45,3293.940000,1,-9.950000,-0.3000,4.920000,12.520000,17480.120000
1944,Exit short,2026-01-16 21:15,3288.800000,4,16.280000,0.1200,165.800000,68.520000,17490.070000
1944,Entry short,2026-01-16 14:45,3292.870000,4,16.280000,0.1200,165.800000,68.520000,17490.070000
1943,Exit long,2026-01-16 14:45,3292.870000,3,-61.380000,-0.6200,11.520000,76.050000,17473.790000
1943,Entry long,2026-01-16 14:30,3313.330000,3,-61.380000,-0.6200,11.520000,76.050000,17473.790000
1942,Exit short,2026-01-16 14:30,3313.330000,2,-22.680000,-0.3400,2.960000,22.680000,17535.170000
1942,Entry short,2026-01-16 14:15,3301.990000,2,-22.680000,-0.3400,2.960000,22.680000,17535.170000
1941,Exit long,2026-01-16 14:15,3301.990000,1,-6.220000,-0.1900,4.110000,14.920000,17557.850000
1941,Entry long,2026-01-16 13:30,3308.210000,1,-6.220000,-0.1900,4.110000,14.920000,17557.850000
1940,Exit short,2026-01-16 12:45,3310.840000,3,-37.890000,-0.3800,19.950000,44.370000,17564.070000
1940,Entry short,2026-01-16 10:45,3298.210000,3,-37.890000,-0.3800,19.950000,44.370000,17564.070000
1939,Exit long,2026-01-16 10:45,3298.210000,2,-23.580000,-0.3600,18.860000,32.440000,17601.960000
1939,Entry long,2026-01-16 06:30,3310.000000,2,-23.580000,-0.3600,18.860000,32.440000,17601.960000
1938,Exit short,2026-01-16 06:30,3307.000000,1,-5.220000,-0.1600,27.730000,13.220000,17625.540000
1938,Entry short,2026-01-16 03:30,3301.780000,1,-5.220000,-0.1600,27.730000,13.220000,17625.540000
1937,Exit long,2026-01-16 02:45,3298.440000,4,-53.080000,-0.4000,54.520000,86.000000,17630.760000
1937,Entry long,2026-01-15 23:15,3311.710000,4,-53.080000,-0.4000,54.520000,86.000000,17630.760000
1936,Exit short,2026-01-15 23:15,3310.120000,3,62.880000,0.6300,195.240000,28.860000,17683.840000
1936,Entry short,2026-01-15 15:30,3331.080000,3,62.880000,0.6300,195.240000,28.860000,17683.840000
1935,Exit long,2026-01-15 15:30,3331.080000,2,13.240000,0.2000,117.220000,11.600000,17620.960000
1935,Entry long,2026-01-15 07:30,3324.460000,2,13.240000,0.2000,117.220000,11.600000,17620.960000
1934,Exit short,2026-01-15 07:30,3324.460000,1,27.980000,0.8300,77.080000,5.230000,17607.720000
1934,Entry short,2026-01-14 23:45,3352.440000,1,27.980000,0.8300,77.080000,5.230000,17607.720000
1933,Exit long,2026-01-14 23:30,3354.470000,1,-7.620000,-0.2300,6.130000,8.040000,17579.740000
1933,Entry long,2026-01-14 23:15,3362.090000,1,-7.620000,-0.2300,6.130000,8.040000,17579.740000
1932,Exit long,2026-01-14 23:00,3347.420000,6,-0.600000,-0.0000,337.500000,201.480000,17587.360000
1932,Entry long,2026-01-14 15:00,3347.520000,6,-0.600000,-0.0000,337.500000,201.480000,17587.360000
1931,Exit short,2026-01-14 15:00,3347.520000,5,-166.450000,-1.0000,171.150000,215.500000,17587.960000
1931,Entry short,2026-01-14 10:30,3314.230000,5,-166.450000,-1.0000,171.150000,215.500000,17587.960000
1930,Exit long,2026-01-14 10:30,3314.230000,4,825.000000,6.6400,1102.600000,11.480000,17754.410000
1930,Entry long,2026-01-13 03:15,3107.980000,4,825.000000,6.6400,1102.600000,11.480000,17754.410000
1929,Exit short,2026-01-13 03:15,3107.980000,3,-47.400000,-0.5100,0.840000,50.460000,16929.410000
1929,Entry short,2026-01-13 01:45,3092.180000,3,-47.400000,-0.5100,0.840000,50.460000,16929.410000
1928,Exit long,2026-01-13 01:45,3092.180000,2,-34.080000,-0.5500,1.560000,38.080000,16976.810000
1928,Entry long,2026-01-13 01:15,3109.220000,2,-34.080000,-0.5500,1.560000,38.080000,16976.810000
1927,Exit short,2026-01-13 01:15,3109.220000,1,0.670000,0.0200,26.890000,3.310000,17010.890000
1927,Entry short,2026-01-12 20:30,3109.890000,1,0.670000,0.0200,26.890000,3.310000,17010.890000
1926,Exit short,2026-01-12 20:15,3119.780000,5,-116.550000,-0.7500,13.500000,151.850000,17010.220000
1926,Entry short,2026-01-12 17:45,3096.470000,5,-116.550000,-0.7500,13.500000,151.850000,17010.220000
1925,Exit long,2026-01-12 17:45,3096.470000,4,-142.120000,-1.1300,55.720000,196.000000,17126.770000
1925,Entry long,2026-01-12 16:00,3132.000000,4,-142.120000,-1.1300,55.720000,196.000000,17126.770000
1924,Exit short,2026-01-12 16:00,3128.660000,3,15.900000,0.1700,217.830000,36.510000,17268.890000
1924,Entry short,2026-01-12 08:00,3133.960000,3,15.900000,0.1700,217.830000,36.510000,17268.890000
1923,Exit long,2026-01-12 08:00,3133.960000,2,14.700000,0.2400,88.540000,28.820000,17252.990000
1923,Entry long,2026-01-12 01:15,3126.610000,2,14.700000,0.2400,88.540000,28.820000,17252.990000
1922,Exit short,2026-01-12 01:15,3126.610000,1,-21.830000,-0.7000,9.500000,32.010000,17238.290000
1922,Entry short,2026-01-12 00:45,3104.780000,1,-21.830000,-0.7000,9.500000,32.010000,17238.290000
1921,Exit short,2026-01-12 00:30,3118.920000,9,-131.400000,-0.4700,122.580000,201.240000,17260.120000
1921,Entry short,2026-01-11 20:30,3104.320000,9,-131.400000,-0.4700,122.580000,201.240000,17260.120000
1920,Exit long,2026-01-11 20:30,3104.320000,8,108.400000,0.4400,449.840000,19.680000,17391.520000
1920,Entry long,2026-01-11 01:00,3090.770000,8,108.400000,0.4400,449.840000,19.680000,17391.520000
1919,Exit short,2026-01-11 01:00,3090.770000,7,-0.770000,-0.0000,95.060000,15.050000,17283.120000
1919,Entry short,2026-01-10 18:15,3090.660000,7,-0.770000,-0.0000,95.060000,15.050000,17283.120000
1918,Exit long,2026-01-10 18:15,3090.820000,6,-30.240000,-0.1600,10.200000,44.160000,17283.890000
1918,Entry long,2026-01-10 16:45,3095.860000,6,-30.240000,-0.1600,10.200000,44.160000,17283.890000
1917,Exit short,2026-01-10 16:45,3095.860000,5,-29.300000,-0.1900,4.600000,30.600000,17314.130000
1917,Entry short,2026-01-10 14:45,3090.000000,5,-29.300000,-0.1900,4.600000,30.600000,17314.130000
1916,Exit long,2026-01-10 14:45,3090.000000,4,12.600000,0.1000,63.600000,5.400000,17343.430000
1916,Entry long,2026-01-10 06:30,3086.850000,4,12.600000,0.1000,63.600000,5.400000,17343.430000
1915,Exit short,2026-01-10 06:30,3085.990000,3,-19.290000,-0.2100,7.020000,24.900000,17330.830000
1915,Entry short,2026-01-10 03:15,3079.560000,3,-19.290000,-0.2100,7.020000,24.900000,17330.830000
1914,Exit long,2026-01-10 03:15,3079.560000,2,-19.080000,-0.3100,8.860000,21.600000,17350.120000
1914,Entry long,2026-01-10 01:45,3089.100000,2,-19.080000,-0.3100,8.860000,21.600000,17350.120000
1913,Exit short,2026-01-10 01:45,3089.100000,1,-5.740000,-0.1900,19.360000,8.810000,17369.200000
1913,Entry short,2026-01-09 19:15,3083.360000,1,-5.740000,-0.1900,19.360000,8.810000,17369.200000
1912,Exit long,2026-01-09 18:45,3091.890000,5,-185.750000,-1.1900,79.750000,288.500000,17374.940000
1912,Entry long,2026-01-09 15:30,3129.040000,5,-185.750000,-1.1900,79.750000,288.500000,17374.940000
1911,Exit short,2026-01-09 15:30,3129.040000,4,-77.120000,-0.6200,211.880000,108.920000,17560.690000
1911,Entry short,2026-01-09 08:00,3109.760000,4,-77.120000,-0.6200,211.880000,108.920000,17560.690000
1910,Exit long,2026-01-09 08:00,3109.760000,3,-25.860000,-0.2800,17.640000,27.480000,17637.810000
1910,Entry long,2026-01-09 04:00,3118.380000,3,-25.860000,-0.2800,17.640000,27.480000,17637.810000
1909,Exit short,2026-01-09 04:00,3118.380000,2,-26.660000,-0.4300,2.820000,29.680000,17663.670000
1909,Entry short,2026-01-09 03:30,3105.050000,2,-26.660000,-0.4300,2.820000,29.680000,17663.670000
1908,Exit long,2026-01-09 03:30,3106.160000,1,-15.940000,-0.5100,2.800000,21.070000,17690.330000
1908,Entry long,2026-01-09 02:15,3122.100000,1,-15.940000,-0.5100,2.800000,21.070000,17690.330000
1907,Exit long,2026-01-09 02:00,3104.320000,4,-49.680000,-0.4000,125.040000,157.120000,17706.270000
1907,Entry long,2026-01-09 01:15,3116.740000,4,-49.680000,-0.4000,125.040000,157.120000,17706.270000
1906,Exit short,2026-01-09 01:15,3113.490000,3,-24.150000,-0.2600,7.020000,33.900000,17755.950000
1906,Entry short,2026-01-09 00:00,3105.440000,3,-24.150000,-0.2600,7.020000,33.900000,17755.950000
1905,Exit long,2026-01-09 00:00,3105.440000,2,-30.100000,-0.4800,18.220000,32.160000,17780.100000
1905,Entry long,2026-01-08 22:00,3120.490000,2,-30.100000,-0.4800,18.220000,32.160000,17780.100000
1904,Exit short,2026-01-08 22:00,3117.620000,1,-11.320000,-0.3600,0.250000,15.600000,17810.200000
1904,Entry short,2026-01-08 21:30,3106.300000,1,-11.320000,-0.3600,0.250000,15.600000,17810.200000
1903,Exit long,2026-01-08 20:30,3094.070000,9,-240.750000,-0.8600,158.580000,301.230000,17821.520000
1903,Entry long,2026-01-08 17:00,3120.820000,9,-240.750000,-0.8600,158.580000,301.230000,17821.520000
1902,Exit short,2026-01-08 17:00,3120.820000,8,245.440000,0.9700,792.560000,70.320000,18062.270000
1902,Entry short,2026-01-08 03:30,3151.500000,8,245.440000,0.9700,792.560000,70.320000,18062.270000
1901,Exit long,2026-01-08 03:30,3151.500000,7,-127.190000,-0.5700,98.070000,158.690000,17816.830000
1901,Entry long,2026-01-07 23:30,3169.670000,7,-127.190000,-0.5700,98.070000,158.690000,17816.830000
1900,Exit short,2026-01-07 23:30,3169.670000,6,537.540000,2.7500,817.500000,16.440000,17944.020000
1900,Entry short,2026-01-07 04:45,3259.260000,6,537.540000,2.7500,817.500000,16.440000,17944.020000
1899,Exit long,2026-01-07 04:45,3261.170000,5,-68.350000,-0.4200,0.800000,114.200000,17406.480000
1899,Entry long,2026-01-07 03:30,3274.840000,5,-68.350000,-0.4200,0.800000,114.200000,17406.480000
1898,Exit short,2026-01-07 03:30,3273.380000,4,-115.000000,-0.8900,26.520000,148.080000,17474.830000
1898,Entry short,2026-01-07 01:45,3244.630000,4,-115.000000,-0.8900,26.520000,148.080000,17474.830000
1897,Exit long,2026-01-07 01:45,3244.630000,3,-26.430000,-0.2700,144.600000,27.930000,17589.830000
1897,Entry long,2026-01-06 21:15,3253.440000,3,-26.430000,-0.2700,144.600000,27.930000,17589.830000
1896,Exit short,2026-01-06 21:15,3253.440000,2,-21.560000,-0.3300,123.900000,32.200000,17616.260000
1896,Entry short,2026-01-06 17:30,3242.660000,2,-21.560000,-0.3300,123.900000,32.200000,17616.260000
1895,Exit long,2026-01-06 17:30,3247.520000,1,17.110000,0.5300,77.590000,4.880000,17637.820000
1895,Entry long,2026-01-06 10:45,3230.410000,1,17.110000,0.5300,77.590000,4.880000,17637.820000
1894,Exit short,2026-01-06 10:30,3227.660000,1,-10.220000,-0.3200,3.110000,12.970000,17620.710000
1894,Entry short,2026-01-06 08:30,3217.440000,1,-10.220000,-0.3200,3.110000,12.970000,17620.710000
1893,Exit long,2026-01-06 08:00,3218.000000,13,-375.700000,-0.8900,104.520000,479.440000,17630.930000
1893,Entry long,2026-01-06 06:45,3246.900000,13,-375.700000,-0.8900,104.520000,479.440000,17630.930000
1892,Exit short,2026-01-06 06:45,3246.900000,12,-352.560000,-0.9100,27.840000,389.760000,18006.630000
1892,Entry short,2026-01-06 05:45,3217.520000,12,-352.560000,-0.9100,27.840000,389.760000,18006.630000
1891,Exit long,2026-01-06 05:45,3217.520000,11,-139.590000,-0.3900,23.760000,160.600000,18359.190000
1891,Entry long,2026-01-06 04:15,3230.210000,11,-139.590000,-0.3900,23.760000,160.600000,18359.190000
1890,Exit short,2026-01-06 04:15,3230.210000,10,-132.400000,-0.4100,93.700000,156.000000,18498.780000
1890,Entry short,2026-01-06 02:00,3216.970000,10,-132.400000,-0.4100,93.700000,156.000000,18498.780000
1889,Exit long,2026-01-06 02:00,3216.970000,9,-222.750000,-0.7600,11.880000,240.120000,18631.180000
1889,Entry long,2026-01-06 01:30,3241.720000,9,-222.750000,-0.7600,11.880000,240.120000,18631.180000
1888,Exit short,2026-01-06 01:30,3241.720000,8,-293.280000,-1.1400,16.480000,327.520000,18853.930000
1888,Entry short,2026-01-06 00:45,3205.060000,8,-293.280000,-1.1400,16.480000,327.520000,18853.930000
1887,Exit long,2026-01-06 00:45,3205.060000,7,94.850000,0.4200,521.430000,241.500000,19147.210000
1887,Entry long,2026-01-05 15:45,3191.510000,7,94.850000,0.4200,521.430000,241.500000,19147.210000
1886,Exit short,2026-01-05 15:45,3191.510000,6,-279.000000,-1.4800,74.580000,359.940000,19052.360000
1886,Entry short,2026-01-05 13:45,3145.010000,6,-279.000000,-1.4800,74.580000,359.940000,19052.360000
1885,Exit long,2026-01-05 13:45,3145.010000,5,-118.850000,-0.7500,72.900000,135.150000,19331.360000
1885,Entry long,2026-01-05 10:00,3168.780000,5,-118.850000,-0.7500,72.900000,135.150000,19331.360000
1884,Exit short,2026-01-05 10:00,3167.250000,4,-23.760000,-0.1900,119.360000,51.800000,19450.210000
1884,Entry short,2026-01-05 05:15,3161.310000,4,-23.760000,-0.1900,119.360000,51.800000,19450.210000
1883,Exit long,2026-01-05 05:15,3161.490000,3,67.590000,0.7200,246.120000,17.910000,19473.970000
1883,Entry long,2026-01-04 20:45,3138.960000,3,67.590000,0.7200,246.120000,17.910000,19473.970000
1882,Exit short,2026-01-04 20:45,3137.830000,2,-1.160000,-0.0200,44.500000,17.380000,19406.380000
1882,Entry short,2026-01-04 11:45,3137.250000,2,-1.160000,-0.0200,44.500000,17.380000,19406.380000
1881,Exit long,2026-01-04 11:45,3137.640000,1,-8.170000,-0.2600,0.310000,11.940000,19407.540000
1881,Entry long,2026-01-04 10:45,3145.810000,1,-8.170000,-0.2600,0.310000,11.940000,19407.540000
1880,Exit short,2026-01-04 10:30,3142.140000,9,-38.160000,-0.1400,137.880000,85.230000,19415.710000
1880,Entry short,2026-01-04 07:30,3137.900000,9,-38.160000,-0.1400,137.880000,85.230000,19415.710000
1879,Exit long,2026-01-04 07:30,3138.240000,8,265.040000,1.0700,487.040000,66.880000,19453.870000
1879,Entry long,2026-01-03 13:30,3105.110000,8,265.040000,1.0700,487.040000,66.880000,19453.870000
1878,Exit short,2026-01-03 13:30,3102.230000,7,133.350000,0.6100,327.320000,36.680000,19188.830000
1878,Entry short,2026-01-03 03:15,3121.280000,7,133.350000,0.6100,327.320000,36.680000,19188.830000
1877,Exit long,2026-01-03 03:15,3121.280000,6,818.820000,4.5700,985.140000,6.840000,19055.480000
1877,Entry long,2026-01-01 17:15,2984.810000,6,818.820000,4.5700,985.140000,6.840000,19055.480000
1876,Exit short,2026-01-01 17:15,2984.810000,5,-20.750000,-0.1400,3.100000,21.700000,18236.660000
1876,Entry short,2026-01-01 17:00,2980.660000,5,-20.750000,-0.1400,3.100000,21.700000,18236.660000
1875,Exit long,2026-01-01 17:00,2981.350000,4,-23.640000,-0.2000,26.600000,31.160000,18257.410000
1875,Entry long,2026-01-01 15:45,2987.260000,4,-23.640000,-0.2000,26.600000,31.160000,18257.410000
1874,Exit short,2026-01-01 15:45,2987.260000,3,-19.350000,-0.2200,14.130000,38.250000,18281.050000
1874,Entry short,2026-01-01 14:15,2980.810000,3,-19.350000,-0.2200,14.130000,38.250000,18281.050000
1873,Exit long,2026-01-01 14:15,2980.810000,2,0.420000,0.0100,22.680000,9.200000,18300.400000
1873,Entry long,2026-01-01 08:30,2980.600000,2,0.420000,0.0100,22.680000,9.200000,18300.400000
1872,Exit short,2026-01-01 08:30,2980.330000,1,-3.490000,-0.1200,1.840000,4.360000,18299.980000
1872,Entry short,2026-01-01 06:30,2976.840000,1,-3.490000,-0.1200,1.840000,4.360000,18299.980000
1871,Exit short,2026-01-01 06:00,2980.510000,4,-24.040000,-0.2000,9.600000,33.120000,18303.470000
1871,Entry short,2026-01-01 04:30,2974.500000,4,-24.040000,-0.2000,9.600000,33.120000,18303.470000
1870,Exit long,2026-01-01 04:30,2976.640000,3,-8.940000,-0.1000,26.580000,19.860000,18327.510000
1870,Entry long,2026-01-01 01:00,2979.620000,3,-8.940000,-0.1000,26.580000,19.860000,18327.510000
1869,Exit short,2026-01-01 01:00,2978.680000,2,-11.560000,-0.1900,7.780000,17.920000,18336.450000
1869,Entry short,2025-12-31 23:15,2972.900000,2,-11.560000,-0.1900,7.780000,17.920000,18336.450000
1868,Exit long,2025-12-31 23:15,2972.900000,1,-9.920000,-0.3300,0.550000,11.010000,18348.010000
1868,Entry long,2025-12-31 22:15,2982.820000,1,-9.920000,-0.3300,0.550000,11.010000,18348.010000
1867,Exit short,2025-12-31 22:00,2981.040000,1,-2.710000,-0.0900,20.740000,8.110000,18357.930000
1867,Entry short,2025-12-31 16:30,2978.330000,1,-2.710000,-0.0900,20.740000,8.110000,18357.930000
1866,Exit long,2025-12-31 15:45,2979.670000,4,7.600000,0.0600,199.840000,47.080000,18360.640000
1866,Entry long,2025-12-31 10:15,2977.770000,4,7.600000,0.0600,199.840000,47.080000,18360.640000
1865,Exit short,2025-12-31 10:15,2977.770000,3,-35.880000,-0.4000,7.230000,42.540000,18353.040000
1865,Entry short,2025-12-31 08:45,2965.810000,3,-35.880000,-0.4000,7.230000,42.540000,18353.040000
1864,Exit long,2025-12-31 08:45,2965.810000,2,-23.720000,-0.4000,1.820000,30.920000,18388.920000
1864,Entry long,2025-12-31 05:30,2977.670000,2,-23.720000,-0.4000,1.820000,30.920000,18388.920000
1863,Exit short,2025-12-31 05:30,2977.670000,1,-9.080000,-0.3100,1.460000,9.810000,18412.640000
1863,Entry short,2025-12-31 04:45,2968.590000,1,-9.080000,-0.3100,1.460000,9.810000,18412.640000
1862,Exit long,2025-12-31 04:30,2970.260000,3,-22.170000,-0.2500,18.960000,39.390000,18421.720000
1862,Entry long,2025-12-31 01:30,2977.650000,3,-22.170000,-0.2500,18.960000,39.390000,18421.720000
1861,Exit short,2025-12-31 01:30,2977.650000,2,-25.140000,-0.4200,8.360000,36.820000,18443.890000
1861,Entry short,2025-12-31 00:15,2965.080000,2,-25.140000,-0.4200,8.360000,36.820000,18443.890000
1860,Exit long,2025-12-31 00:15,2965.080000,1,-7.150000,-0.2400,0.000000,8.230000,18469.030000
1860,Entry long,2025-12-31 00:00,2972.230000,1,-7.150000,-0.2400,0.000000,8.230000,18469.030000
1859,Exit short,2025-12-30 23:45,2969.950000,1,-0.940000,-0.0300,27.740000,5.790000,18476.180000
1859,Entry short,2025-12-30 18:45,2969.010000,1,-0.940000,-0.0300,27.740000,5.790000,18476.180000
1858,Exit long,2025-12-30 18:15,2972.330000,8,173.760000,0.7400,464.480000,117.840000,18477.120000
1858,Entry long,2025-12-30 04:00,2950.610000,8,173.760000,0.7400,464.480000,117.840000,18477.120000
1857,Exit short,2025-12-30 04:00,2950.610000,7,-137.970000,-0.6700,93.940000,168.770000,18303.360000
1857,Entry short,2025-12-30 01:30,2930.900000,7,-137.970000,-0.6700,93.940000,168.770000,18303.360000
1856,Exit long,2025-12-30 01:30,2930.900000,6,-58.500000,-0.3300,15.300000,63.600000,18441.330000
1856,Entry long,2025-12-29 22:45,2940.650000,6,-58.500000,-0.3300,15.300000,63.600000,18441.330000
1855,Exit short,2025-12-29 22:45,2940.650000,5,347.150000,2.3100,507.500000,24.600000,18499.830000
1855,Entry short,2025-12-29 09:15,3010.080000,5,347.150000,2.3100,507.500000,24.600000,18499.830000
1854,Exit long,2025-12-29 09:15,3010.410000,4,269.320000,2.2900,451.680000,15.920000,18152.680000
1854,Entry long,2025-12-28 22:45,2943.080000,4,269.320000,2.2900,451.680000,15.920000,18152.680000
1853,Exit short,2025-12-28 22:45,2943.080000,3,-22.230000,-0.2500,32.010000,23.700000,17883.360000
1853,Entry short,2025-12-28 18:30,2935.670000,3,-22.230000,-0.2500,32.010000,23.700000,17883.360000
1852,Exit long,2025-12-28 18:30,2935.670000,2,-13.540000,-0.2300,35.100000,39.200000,17905.590000
1852,Entry long,2025-12-28 14:15,2942.440000,2,-13.540000,-0.2300,35.100000,39.200000,17905.590000
1851,Exit short,2025-12-28 14:15,2942.440000,1,-3.210000,-0.1100,0.450000,4.950000,17919.130000
1851,Entry short,2025-12-28 14:00,2939.230000,1,-3.210000,-0.1100,0.450000,4.950000,17919.130000
1850,Exit long,2025-12-28 13:00,2937.910000,6,-28.140000,-0.1600,19.380000,38.400000,17922.340000
1850,Entry long,2025-12-28 10:30,2942.600000,6,-28.140000,-0.1600,19.380000,38.400000,17922.340000
1849,Exit short,2025-12-28 10:30,2941.140000,5,-36.100000,-0.2500,8.550000,43.400000,17950.480000
1849,Entry short,2025-12-28 09:45,2933.920000,5,-36.100000,-0.2500,8.550000,43.400000,17950.480000
1848,Exit long,2025-12-28 09:45,2933.920000,4,-29.240000,-0.2500,7.080000,44.880000,17986.580000
1848,Entry long,2025-12-28 09:15,2941.230000,4,-29.240000,-0.2500,7.080000,44.880000,17986.580000
1847,Exit short,2025-12-28 09:15,2941.230000,3,-12.120000,-0.1400,28.290000,27.810000,18015.820000
1847,Entry short,2025-12-28 05:00,2937.190000,3,-12.120000,-0.1400,28.290000,27.810000,18015.820000
1846,Exit long,2025-12-28 05:00,2937.740000,2,21.260000,0.3600,65.460000,0.100000,18027.940000
1846,Entry long,2025-12-27 19:45,2927.110000,2,21.260000,0.3600,65.460000,0.100000,18027.940000
1845,Exit short,2025-12-27 19:45,2927.110000,1,0.990000,0.0300,12.360000,3.540000,18006.680000
1845,Entry short,2025-12-27 13:15,2928.100000,1,0.990000,0.0300,12.360000,3.540000,18006.680000
1844,Exit short,2025-12-27 13:00,2930.620000,3,-22.380000,-0.2600,5.160000,28.680000,18005.690000
1844,Entry short,2025-12-27 10:45,2923.160000,3,-22.380000,-0.2600,5.160000,28.680000,18005.690000
1843,Exit long,2025-12-27 10:45,2923.160000,2,-13.480000,-0.2300,19.840000,30.540000,18028.070000
1843,Entry long,2025-12-27 03:45,2929.900000,2,-13.480000,-0.2300,19.840000,30.540000,18028.070000
1842,Exit short,2025-12-27 03:45,2929.900000,1,-2.610000,-0.0900,7.290000,5.710000,18041.550000
1842,Entry short,2025-12-26 21:45,2927.290000,1,-2.610000,-0.0900,7.290000,5.710000,18041.550000
1841,Exit short,2025-12-26 21:30,2931.000000,5,-73.050000,-0.5000,116.950000,108.050000,18044.160000
1841,Entry short,2025-12-26 15:00,2916.390000,5,-73.050000,-0.5000,116.950000,108.050000,18044.160000
1840,Exit long,2025-12-26 15:00,2916.390000,4,-254.400000,-2.1300,55.520000,287.400000,18117.210000
1840,Entry long,2025-12-26 02:30,2979.990000,4,-254.400000,-2.1300,55.520000,287.400000,18117.210000
1839,Exit short,2025-12-26 02:30,2979.990000,3,-102.720000,-1.1600,170.610000,144.750000,18371.610000
1839,Entry short,2025-12-25 22:00,2945.750000,3,-102.720000,-1.1600,170.610000,144.750000,18371.610000
1838,Exit long,2025-12-25 22:00,2945.750000,2,28.040000,0.4800,76.520000,3.140000,18474.330000
1838,Entry long,2025-12-25 15:00,2931.730000,2,28.040000,0.4800,76.520000,3.140000,18474.330000
1837,Exit short,2025-12-25 15:00,2931.730000,1,-8.740000,-0.3000,0.090000,11.350000,18446.290000
1837,Entry short,2025-12-25 14:30,2922.990000,1,-8.740000,-0.3000,0.090000,11.350000,18446.290000
1836,Exit short,2025-12-25 14:15,2932.130000,12,122.760000,0.3500,386.640000,43.680000,18455.030000
1836,Entry short,2025-12-25 04:15,2942.360000,12,122.760000,0.3500,386.640000,43.680000,18455.030000
1835,Exit long,2025-12-25 04:15,2943.630000,11,-41.360000,-0.1300,93.830000,66.990000,18332.270000
1835,Entry long,2025-12-25 02:00,2947.390000,11,-41.360000,-0.1300,93.830000,66.990000,18332.270000
1834,Exit short,2025-12-25 02:00,2947.170000,10,-64.700000,-0.2200,60.400000,93.000000,18373.630000
1834,Entry short,2025-12-25 00:45,2940.700000,10,-64.700000,-0.2200,60.400000,93.000000,18373.630000
1833,Exit long,2025-12-25 00:45,2940.700000,9,-25.830000,-0.1000,172.080000,131.940000,18438.330000
1833,Entry long,2025-12-24 16:45,2943.570000,9,-25.830000,-0.1000,172.080000,131.940000,18438.330000
1832,Exit short,2025-12-24 16:45,2943.570000,8,-134.160000,-0.5700,320.400000,177.440000,18464.160000
1832,Entry short,2025-12-24 14:30,2926.800000,8,-134.160000,-0.5700,320.400000,177.440000,18464.160000
1831,Exit long,2025-12-24 14:30,2926.800000,7,-45.850000,-0.2200,6.580000,54.950000,18598.320000
1831,Entry long,2025-12-24 14:15,2933.350000,7,-45.850000,-0.2200,6.580000,54.950000,18598.320000
1830,Exit short,2025-12-24 14:15,2933.350000,6,-40.980000,-0.2300,1.980000,54.000000,18644.170000
1830,Entry short,2025-12-24 13:45,2926.520000,6,-40.980000,-0.2300,1.980000,54.000000,18644.170000
1829,Exit long,2025-12-24 13:45,2926.770000,5,-47.000000,-0.3200,0.100000,65.850000,18685.150000
1829,Entry long,2025-12-24 13:00,2936.170000,5,-47.000000,-0.3200,0.100000,65.850000,18685.150000
1828,Exit short,2025-12-24 13:00,2935.010000,4,39.960000,0.3400,131.280000,51.760000,18732.150000
1828,Entry short,2025-12-24 02:30,2945.000000,4,39.960000,0.3400,131.280000,51.760000,18732.150000
1827,Exit long,2025-12-24 02:30,2945.000000,3,-30.570000,-0.3400,97.650000,40.260000,18692.190000
1827,Entry long,2025-12-23 20:30,2955.190000,3,-30.570000,-0.3400,97.650000,40.260000,18692.190000
1826,Exit short,2025-12-23 20:30,2955.190000,2,69.660000,1.1600,181.440000,17.960000,18722.760000
1826,Entry short,2025-12-23 03:00,2990.020000,2,69.660000,1.1600,181.440000,17.960000,18722.760000
1825,Exit long,2025-12-23 03:00,2990.020000,1,-18.560000,-0.6200,26.420000,22.380000,18653.100000
1825,Entry long,2025-12-23 00:15,3008.580000,1,-18.560000,-0.6200,26.420000,22.380000,18653.100000
1824,Exit short,2025-12-23 00:00,3008.500000,2,56.280000,0.9300,151.280000,13.320000,18671.660000
1824,Entry short,2025-12-22 17:00,3036.640000,2,56.280000,0.9300,151.280000,13.320000,18671.660000
1823,Exit long,2025-12-22 17:00,3042.020000,1,-9.200000,-0.3000,7.390000,14.580000,18615.380000
1823,Entry long,2025-12-22 16:00,3051.220000,1,-9.200000,-0.3000,7.390000,14.580000,18615.380000
1822,Exit long,2025-12-22 15:45,3035.990000,3,151.050000,1.6900,277.050000,58.920000,18624.580000
1822,Entry long,2025-12-21 22:30,2985.640000,3,151.050000,1.6900,277.050000,58.920000,18624.580000
1821,Exit short,2025-12-21 22:30,2985.640000,2,-26.240000,-0.4400,4.900000,31.840000,18473.530000
1821,Entry short,2025-12-21 22:00,2972.520000,2,-26.240000,-0.4400,4.900000,31.840000,18473.530000
1820,Exit long,2025-12-21 22:00,2972.520000,1,-11.300000,-0.3800,12.810000,14.370000,18499.770000
1820,Entry long,2025-12-21 18:30,2983.820000,1,-11.300000,-0.3800,12.810000,14.370000,18499.770000
1819,Exit short,2025-12-21 17:15,2982.780000,2,-24.160000,-0.4100,55.400000,33.620000,18511.070000
1819,Entry short,2025-12-21 13:15,2970.700000,2,-24.160000,-0.4100,55.400000,33.620000,18511.070000
1818,Exit long,2025-12-21 13:15,2970.700000,1,-4.470000,-0.1500,36.820000,13.470000,18535.230000
1818,Entry long,2025-12-21 05:15,2975.170000,1,-4.470000,-0.1500,36.820000,13.470000,18535.230000
1817,Exit short,2025-12-21 04:45,2974.310000,1,0.180000,0.0100,14.360000,2.800000,18539.700000
1817,Entry short,2025-12-21 01:15,2974.490000,1,0.180000,0.0100,14.360000,2.800000,18539.700000
1816,Exit short,2025-12-21 01:00,2978.510000,17,-87.720000,-0.1700,35.190000,111.520000,18539.520000
1816,Entry short,2025-12-20 22:30,2973.350000,17,-87.720000,-0.1700,35.190000,111.520000,18539.520000
1815,Exit long,2025-12-20 22:30,2973.350000,16,-80.000000,-0.1700,102.400000,84.480000,18627.240000
1815,Entry long,2025-12-20 20:15,2978.350000,16,-80.000000,-0.1700,102.400000,84.480000,18627.240000
1814,Exit short,2025-12-20 20:15,2978.350000,15,-115.500000,-0.2600,58.050000,160.650000,18707.240000
1814,Entry short,2025-12-20 13:30,2970.650000,15,-115.500000,-0.2600,58.050000,160.650000,18707.240000
1813,Exit long,2025-12-20 13:30,2970.650000,14,-226.940000,-0.5400,85.540000,302.120000,18822.740000
1813,Entry long,2025-12-20 12:00,2986.860000,14,-226.940000,-0.5400,85.540000,302.120000,18822.740000
1812,Exit short,2025-12-20 12:00,2985.990000,13,-117.390000,-0.3000,43.420000,161.720000,19049.680000
1812,Entry short,2025-12-20 10:30,2976.960000,13,-117.390000,-0.3000,43.420000,161.720000,19049.680000
1811,Exit long,2025-12-20 10:30,2976.960000,12,-130.200000,-0.3600,2.280000,149.640000,19167.070000
1811,Entry long,2025-12-20 08:30,2987.810000,12,-130.200000,-0.3600,2.280000,149.640000,19167.070000
1810,Exit short,2025-12-20 08:30,2987.810000,11,-93.500000,-0.2900,68.090000,106.590000,19297.270000
1810,Entry short,2025-12-20 07:00,2979.310000,11,-93.500000,-0.2900,68.090000,106.590000,19297.270000
1809,Exit long,2025-12-20 07:00,2979.310000,10,-85.300000,-0.2900,49.700000,95.400000,19390.770000
1809,Entry long,2025-12-20 02:45,2987.840000,10,-85.300000,-0.2900,49.700000,95.400000,19390.770000
1808,Exit short,2025-12-20 02:45,2987.840000,9,-131.130000,-0.4900,35.730000,143.460000,19476.070000
1808,Entry short,2025-12-20 00:45,2973.270000,9,-131.130000,-0.4900,35.730000,143.460000,19476.070000
1807,Exit long,2025-12-20 00:45,2974.310000,8,-27.920000,-0.1200,193.600000,68.560000,19607.200000
1807,Entry long,2025-12-19 19:30,2977.800000,8,-27.920000,-0.1200,193.600000,68.560000,19607.200000
1806,Exit short,2025-12-19 19:30,2977.800000,7,-276.990000,-1.3500,17.430000,362.390000,19635.120000
1806,Entry short,2025-12-19 18:00,2938.230000,7,-276.990000,-1.3500,17.430000,362.390000,19635.120000
1805,Exit long,2025-12-19 18:00,2938.230000,6,618.060000,3.6300,1096.620000,10.680000,19912.110000
1805,Entry long,2025-12-19 03:00,2835.220000,6,618.060000,3.6300,1096.620000,10.680000,19912.110000
1804,Exit short,2025-12-19 03:00,2834.550000,5,-62.700000,-0.4400,245.200000,226.400000,19294.050000
1804,Entry short,2025-12-18 17:30,2822.010000,5,-62.700000,-0.4400,245.200000,226.400000,19294.050000
1803,Exit long,2025-12-18 17:30,2822.010000,4,-60.720000,-0.5400,639.440000,176.360000,19356.750000
1803,Entry long,2025-12-18 07:30,2837.190000,4,-60.720000,-0.5400,639.440000,176.360000,19356.750000
1802,Exit short,2025-12-18 07:30,2837.190000,3,-34.920000,-0.4100,13.650000,36.660000,19417.470000
1802,Entry short,2025-12-18 05:30,2825.550000,3,-34.920000,-0.4100,13.650000,36.660000,19417.470000
1801,Exit long,2025-12-18 05:30,2825.550000,2,-28.740000,-0.5100,0.160000,34.620000,19452.390000
1801,Entry long,2025-12-18 04:30,2839.920000,2,-28.740000,-0.5100,0.160000,34.620000,19452.390000
1800,Exit short,2025-12-18 04:30,2835.840000,1,-10.260000,-0.3600,4.580000,14.340000,19481.130000
1800,Entry short,2025-12-18 03:30,2825.580000,1,-10.260000,-0.3600,4.580000,14.340000,19481.130000
1799,Exit short,2025-12-18 02:45,2839.380000,3,110.160000,1.2800,259.740000,24.330000,19491.390000
1799,Entry short,2025-12-17 16:15,2876.100000,3,110.160000,1.2800,259.740000,24.330000,19491.390000
1798,Exit long,2025-12-17 16:15,2876.100000,2,-134.260000,-2.2800,173.540000,134.260000,19381.230000
1798,Entry long,2025-12-17 14:00,2943.230000,2,-134.260000,-2.2800,173.540000,134.260000,19381.230000
1797,Exit short,2025-12-17 14:00,2943.230000,1,-14.880000,-0.5100,23.060000,25.410000,19515.490000
1797,Entry short,2025-12-17 08:30,2928.350000,1,-14.880000,-0.5100,23.060000,25.410000,19515.490000
1796,Exit short,2025-12-17 08:00,2946.590000,2,-4.920000,-0.0800,63.540000,17.980000,19530.370000
1796,Entry short,2025-12-17 04:00,2944.130000,2,-4.920000,-0.0800,63.540000,17.980000,19530.370000
1795,Exit long,2025-12-17 04:00,2946.460000,1,-8.500000,-0.2900,8.820000,13.850000,19535.290000
1795,Entry long,2025-12-17 02:45,2954.960000,1,-8.500000,-0.2900,8.820000,13.850000,19535.290000
1794,Exit long,2025-12-17 02:30,2946.560000,2,5.140000,0.0900,59.060000,15.060000,19543.790000
1794,Entry long,2025-12-16 20:00,2943.990000,2,5.140000,0.0900,59.060000,15.060000,19543.790000
1793,Exit short,2025-12-16 20:00,2943.820000,1,-19.740000,-0.6800,5.230000,32.390000,19538.650000
1793,Entry short,2025-12-16 19:15,2924.080000,1,-19.740000,-0.6800,5.230000,32.390000,19538.650000
1792,Exit short,2025-12-16 19:00,2950.750000,13,-269.620000,-0.7100,260.000000,480.610000,19558.390000
1792,Entry short,2025-12-16 17:30,2930.010000,13,-269.620000,-0.7100,260.000000,480.610000,19558.390000
1791,Exit long,2025-12-16 17:30,2930.010000,12,-380.640000,-1.0700,11.760000,460.320000,19828.010000
1791,Entry long,2025-12-16 16:00,2961.730000,12,-380.640000,-1.0700,11.760000,460.320000,19828.010000
1790,Exit short,2025-12-16 16:00,2961.730000,11,-579.040000,-1.8100,259.930000,721.710000,20208.650000
1790,Entry short,2025-12-16 14:00,2909.090000,11,-579.040000,-1.8100,259.930000,721.710000,20208.650000
1789,Exit long,2025-12-16 14:00,2909.090000,10,-450.500000,-1.5200,279.600000,479.400000,20787.690000
1789,Entry long,2025-12-16 10:45,2954.140000,10,-450.500000,-1.5200,279.600000,479.400000,20787.690000
1788,Exit short,2025-12-16 10:45,2954.140000,9,-151.830000,-0.5700,605.430000,252.630000,21238.190000
1788,Entry short,2025-12-16 01:30,2937.270000,9,-151.830000,-0.5700,605.430000,252.630000,21238.190000
1787,Exit long,2025-12-16 01:30,2948.130000,8,-130.160000,-0.5500,100.320000,217.040000,21390.020000
1787,Entry long,2025-12-16 00:00,2964.400000,8,-130.160000,-0.5500,100.320000,217.040000,21390.020000
1786,Exit short,2025-12-16 00:00,2963.250000,7,1173.270000,5.3500,1682.450000,101.640000,21520.180000
1786,Entry short,2025-12-15 13:45,3130.860000,7,1173.270000,5.3500,1682.450000,101.640000,21520.180000
1785,Exit long,2025-12-15 13:45,3135.100000,6,177.480000,0.9500,428.880000,39.720000,20346.910000
1785,Entry long,2025-12-15 01:45,3105.520000,6,177.480000,0.9500,428.880000,39.720000,20346.910000
1784,Exit short,2025-12-15 01:45,3105.520000,5,-121.500000,-0.7900,293.550000,193.900000,20169.430000
1784,Entry short,2025-12-14 21:00,3081.220000,5,-121.500000,-0.7900,293.550000,193.900000,20169.430000
1783,Exit long,2025-12-14 21:00,3081.220000,4,-74.880000,-0.6000,0.640000,154.240000,20290.930000
1783,Entry long,2025-12-14 19:00,3099.940000,4,-74.880000,-0.6000,0.640000,154.240000,20290.930000
1782,Exit short,2025-12-14 19:00,3099.940000,3,29.280000,0.3100,184.140000,8.820000,20365.810000
1782,Entry short,2025-12-14 09:00,3109.700000,3,29.280000,0.3100,184.140000,8.820000,20365.810000
1781,Exit long,2025-12-14 09:00,3109.700000,2,-15.180000,-0.2400,2.860000,19.460000,20336.530000
1781,Entry long,2025-12-14 08:30,3117.290000,2,-15.180000,-0.2400,2.860000,19.460000,20336.530000
1780,Exit short,2025-12-14 08:30,3115.620000,1,-10.620000,-0.3400,1.990000,12.840000,20351.710000
1780,Entry short,2025-12-14 05:15,3105.000000,1,-10.620000,-0.3400,1.990000,12.840000,20351.710000
1779,Exit long,2025-12-14 05:00,3110.000000,1,-3.580000,-0.1100,15.070000,12.310000,20362.330000
1779,Entry long,2025-12-13 22:45,3113.580000,1,-3.580000,-0.1100,15.070000,12.310000,20362.330000
1778,Exit short,2025-12-13 22:30,3106.930000,1,-3.920000,-0.1300,28.010000,15.980000,20365.910000
1778,Entry short,2025-12-13 16:15,3103.010000,1,-3.920000,-0.1300,28.010000,15.980000,20365.910000
1777,Exit short,2025-12-13 15:30,3116.920000,5,-99.400000,-0.6400,22.000000,128.950000,20369.830000
1777,Entry short,2025-12-13 13:30,3097.040000,5,-99.400000,-0.6400,22.000000,128.950000,20369.830000
1776,Exit long,2025-12-13 13:30,3097.040000,4,19.560000,0.1600,171.400000,15.480000,20469.230000
1776,Entry long,2025-12-13 07:00,3092.150000,4,19.560000,0.1600,171.400000,15.480000,20469.230000
1775,Exit short,2025-12-13 07:00,3092.150000,3,-26.490000,-0.2900,0.990000,32.730000,20449.670000
1775,Entry short,2025-12-13 06:15,3083.320000,3,-26.490000,-0.2900,0.990000,32.730000,20449.670000
1774,Exit long,2025-12-13 06:15,3085.920000,2,-10.560000,-0.1700,0.000000,18.040000,20476.160000
1774,Entry long,2025-12-13 03:45,3091.200000,2,-10.560000,-0.1700,0.000000,18.040000,20476.160000
1773,Exit short,2025-12-13 03:45,3090.050000,1,148.210000,4.5800,197.160000,12.400000,20486.720000
1773,Entry short,2025-12-12 11:00,3238.260000,1,148.210000,4.5800,197.160000,12.400000,20486.720000
1772,Exit short,2025-12-12 10:15,3251.120000,7,-112.700000,-0.5000,28.140000,138.040000,20338.510000
1772,Entry short,2025-12-12 08:45,3235.020000,7,-112.700000,-0.5000,28.140000,138.040000,20338.510000
1771,Exit long,2025-12-12 08:45,3237.500000,6,15.000000,0.0800,178.680000,57.540000,20451.210000
1771,Entry long,2025-12-12 01:45,3235.000000,6,15.000000,0.0800,178.680000,57.540000,20451.210000
1770,Exit short,2025-12-12 01:45,3233.140000,5,-227.650000,-1.4300,0.000000,288.950000,20436.210000
1770,Entry short,2025-12-12 01:00,3187.610000,5,-227.650000,-1.4300,0.000000,288.950000,20436.210000
1769,Exit long,2025-12-12 01:00,3187.610000,4,-50.280000,-0.3900,289.000000,67.400000,20663.860000
1769,Entry long,2025-12-11 18:30,3200.180000,4,-50.280000,-0.3900,289.000000,67.400000,20663.860000
1768,Exit short,2025-12-11 18:30,3200.180000,3,413.460000,4.1300,585.240000,48.870000,20714.140000
1768,Entry short,2025-12-10 22:00,3338.000000,3,413.460000,4.1300,585.240000,48.870000,20714.140000
1767,Exit long,2025-12-10 22:00,3338.540000,2,12.480000,0.1900,227.640000,59.380000,20300.680000
1767,Entry long,2025-12-10 13:30,3332.300000,2,12.480000,0.1900,227.640000,59.380000,20300.680000
1766,Exit short,2025-12-10 13:30,3332.300000,1,-23.290000,-0.7000,13.450000,28.760000,20288.200000
1766,Entry short,2025-12-10 11:30,3309.010000,1,-23.290000,-0.7000,13.450000,28.760000,20288.200000
1765,Exit long,2025-12-10 11:15,3309.780000,1,-15.960000,-0.4800,49.190000,16.730000,20311.490000
1765,Entry long,2025-12-10 05:15,3325.740000,1,-15.960000,-0.4800,49.190000,16.730000,20311.490000
1764,Exit short,2025-12-10 05:00,3321.180000,2,-33.180000,-0.5000,36.020000,42.300000,20327.450000
1764,Entry short,2025-12-10 01:00,3304.590000,2,-33.180000,-0.5000,36.020000,42.300000,20327.450000
1763,Exit long,2025-12-10 01:00,3304.590000,1,181.660000,5.8200,274.570000,4.920000,20360.630000
1763,Entry long,2025-12-09 15:15,3122.930000,1,181.660000,5.8200,274.570000,4.920000,20360.630000
1762,Exit long,2025-12-09 14:45,3106.670000,4,-92.880000,-0.7400,40.400000,131.560000,20178.970000
1762,Entry long,2025-12-09 12:30,3129.890000,4,-92.880000,-0.7400,40.400000,131.560000,20178.970000
1761,Exit short,2025-12-09 12:30,3129.890000,3,-83.670000,-0.9000,36.000000,110.610000,20271.850000
1761,Entry short,2025-12-09 10:00,3102.000000,3,-83.670000,-0.9000,36.000000,110.610000,20271.850000
1760,Exit long,2025-12-09 10:00,3104.500000,2,-41.000000,-0.6600,9.200000,46.000000,20355.520000
1760,Entry long,2025-12-09 07:45,3125.000000,2,-41.000000,-0.6600,9.200000,46.000000,20355.520000
1759,Exit short,2025-12-09 07:45,3123.410000,1,-18.890000,-0.6100,10.520000,21.160000,20396.520000
1759,Entry short,2025-12-09 04:45,3104.520000,1,-18.890000,-0.6100,10.520000,21.160000,20396.520000
1758,Exit short,2025-12-09 04:30,3124.900000,2,-17.800000,-0.2900,53.980000,28.000000,20415.410000
1758,Entry short,2025-12-09 01:00,3116.000000,2,-17.800000,-0.2900,53.980000,28.000000,20415.410000
1757,Exit long,2025-12-09 01:00,3118.350000,1,-15.650000,-0.5000,18.000000,22.350000,20433.210000
1757,Entry long,2025-12-08 20:45,3134.000000,1,-15.650000,-0.5000,18.000000,22.350000,20433.210000
1756,Exit short,2025-12-08 20:30,3125.540000,7,-121.660000,-0.5600,293.930000,185.430000,20448.860000
1756,Entry short,2025-12-08 15:15,3108.160000,7,-121.660000,-0.5600,293.930000,185.430000,20448.860000
1755,Exit long,2025-12-08 15:15,3108.160000,6,-248.220000,-1.3100,170.820000,336.780000,20570.520000
1755,Entry long,2025-12-08 13:45,3149.530000,6,-248.220000,-1.3100,170.820000,336.780000,20570.520000
1754,Exit short,2025-12-08 13:45,3149.530000,5,-125.250000,-0.8000,10.100000,176.950000,20818.740000
1754,Entry short,2025-12-08 12:45,3124.480000,5,-125.250000,-0.8000,10.100000,176.950000,20818.740000
1753,Exit long,2025-12-08 12:45,3124.480000,4,35.920000,0.2900,257.960000,102.160000,20943.990000
1753,Entry long,2025-12-08 01:45,3115.500000,4,35.920000,0.2900,257.960000,102.160000,20943.990000
1752,Exit short,2025-12-08 01:45,3115.500000,3,-220.830000,-2.4200,95.670000,275.400000,20908.070000
1752,Entry short,2025-12-07 22:15,3041.890000,3,-220.830000,-2.4200,95.670000,275.400000,20908.070000
1751,Exit long,2025-12-07 22:15,3041.890000,2,6.760000,0.1100,222.980000,35.940000,21128.900000
1751,Entry long,2025-12-07 17:00,3038.510000,2,6.760000,0.1100,222.980000,35.940000,21128.900000
1750,Exit short,2025-12-07 17:00,3038.510000,1,-11.240000,-0.3700,123.520000,12.930000,21122.140000
1750,Entry short,2025-12-07 14:00,3027.270000,1,-11.240000,-0.3700,123.520000,12.930000,21122.140000
1749,Exit long,2025-12-07 13:45,3029.390000,3,-34.320000,-0.3800,35.910000,45.450000,21133.380000
1749,Entry long,2025-12-07 12:15,3040.830000,3,-34.320000,-0.3800,35.910000,45.450000,21133.380000
1748,Exit short,2025-12-07 12:15,3040.830000,2,4.420000,0.0700,39.580000,13.400000,21167.700000
1748,Entry short,2025-12-07 06:15,3043.040000,2,4.420000,0.0700,39.580000,13.400000,21167.700000
1747,Exit long,2025-12-07 06:15,3044.170000,1,-1.810000,-0.0600,10.800000,4.910000,21163.280000
1747,Entry long,2025-12-07 01:15,3045.980000,1,-1.810000,-0.0600,10.800000,4.910000,21163.280000
1746,Exit short,2025-12-07 01:00,3043.490000,4,-29.440000,-0.2400,47.120000,47.400000,21165.090000
1746,Entry short,2025-12-06 23:15,3036.130000,4,-29.440000,-0.2400,47.120000,47.400000,21165.090000
1745,Exit long,2025-12-06 23:15,3036.130000,3,-34.620000,-0.3800,18.960000,50.340000,21194.530000
1745,Entry long,2025-12-06 22:15,3047.670000,3,-34.620000,-0.3800,18.960000,50.340000,21194.530000
1744,Exit short,2025-12-06 22:15,3047.670000,2,-31.660000,-0.5200,17.680000,34.380000,21229.150000
1744,Entry short,2025-12-06 19:15,3031.840000,2,-31.660000,-0.5200,17.680000,34.380000,21229.150000
1743,Exit long,2025-12-06 19:15,3031.840000,1,-2.070000,-0.0700,34.670000,8.910000,21260.810000
1743,Entry long,2025-12-06 11:00,3033.910000,1,-2.070000,-0.0700,34.670000,8.910000,21260.810000
1742,Exit short,2025-12-06 10:45,3033.240000,4,-41.040000,-0.3400,43.920000,56.080000,21262.880000
1742,Entry short,2025-12-06 08:00,3022.980000,4,-41.040000,-0.3400,43.920000,56.080000,21262.880000
1741,Exit long,2025-12-06 08:00,3024.980000,3,-49.710000,-0.5400,4.740000,55.710000,21303.920000
1741,Entry long,2025-12-06 03:15,3041.550000,3,-49.710000,-0.5400,4.740000,55.710000,21303.920000
1740,Exit short,2025-12-06 03:15,3041.550000,2,215.240000,3.4200,342.340000,15.740000,21353.630000
1740,Entry short,2025-12-05 08:45,3149.170000,2,215.240000,3.4200,342.340000,15.740000,21353.630000
1739,Exit long,2025-12-05 08:45,3149.170000,1,-15.710000,-0.5000,16.760000,24.530000,21138.390000
1739,Entry long,2025-12-05 06:15,3164.880000,1,-15.710000,-0.5000,16.760000,24.530000,21138.390000
1738,Exit long,2025-12-05 06:00,3154.800000,1,2.640000,0.0800,40.560000,10.140000,21154.100000
1738,Entry long,2025-12-05 01:00,3152.160000,1,2.640000,0.0800,40.560000,10.140000,21154.100000
1737,Exit short,2025-12-05 00:45,3151.110000,5,30.150000,0.1900,461.650000,68.600000,21151.460000
1737,Entry short,2025-12-04 17:15,3157.140000,5,30.150000,0.1900,461.650000,68.600000,21151.460000
1736,Exit long,2025-12-04 17:15,3169.300000,4,-176.320000,-1.3700,46.480000,224.960000,21121.310000
1736,Entry long,2025-12-04 15:45,3213.380000,4,-176.320000,-1.3700,46.480000,224.960000,21121.310000
1735,Exit short,2025-12-04 15:45,3213.380000,3,-78.300000,-0.8200,147.390000,121.140000,21297.630000
1735,Entry short,2025-12-04 11:00,3187.280000,3,-78.300000,-0.8200,147.390000,121.140000,21297.630000
1734,Exit long,2025-12-04 11:00,3187.280000,2,-38.760000,-0.6000,0.020000,46.220000,21375.930000
1734,Entry long,2025-12-04 09:45,3206.660000,2,-38.760000,-0.6000,0.020000,46.220000,21375.930000
1733,Exit short,2025-12-04 09:45,3206.660000,1,-17.650000,-0.5500,15.560000,18.580000,21414.690000
1733,Entry short,2025-12-04 08:00,3189.010000,1,-17.650000,-0.5500,15.560000,18.580000,21414.690000
1732,Exit long,2025-12-04 07:30,3195.300000,16,-174.560000,-0.3400,77.440000,435.040000,21432.340000
1732,Entry long,2025-12-04 06:45,3206.210000,16,-174.560000,-0.3400,77.440000,435.040000,21432.340000
1731,Exit short,2025-12-04 06:45,3206.210000,15,-418.350000,-0.8800,123.900000,615.150000,21606.900000
1731,Entry short,2025-12-04 05:45,3178.320000,15,-418.350000,-0.8800,123.900000,615.150000,21606.900000
1730,Exit long,2025-12-04 05:45,3180.390000,14,5231.380000,13.3100,6055.700000,51.940000,22025.250000
1730,Entry long,2025-12-02 10:15,2806.720000,14,5231.380000,13.3100,6055.700000,51.940000,22025.250000
1729,Exit short,2025-12-02 10:15,2806.720000,13,-251.420000,-0.6900,88.140000,306.800000,16793.870000
1729,Entry short,2025-12-02 08:30,2787.380000,13,-251.420000,-0.6900,88.140000,306.800000,16793.870000
1728,Exit long,2025-12-02 08:30,2787.380000,12,56.040000,0.1700,514.320000,15.960000,17045.290000
1728,Entry long,2025-12-01 21:30,2782.710000,12,56.040000,0.1700,514.320000,15.960000,17045.290000
1727,Exit short,2025-12-01 21:30,2782.710000,11,576.070000,1.8500,1287.110000,42.900000,16989.250000
1727,Entry short,2025-12-01 12:00,2835.080000,11,576.070000,1.8500,1287.110000,42.900000,16989.250000
1726,Exit long,2025-12-01 12:00,2836.480000,10,-65.200000,-0.2300,1.400000,79.200000,16413.180000
1726,Entry long,2025-12-01 11:30,2843.000000,10,-65.200000,-0.2300,1.400000,79.200000,16413.180000
1725,Exit short,2025-12-01 11:30,2842.280000,9,-56.610000,-0.2200,2.610000,114.840000,16478.380000
1725,Entry short,2025-12-01 11:15,2835.990000,9,-56.610000,-0.2200,2.610000,114.840000,16478.380000
1724,Exit long,2025-12-01 11:15,2835.990000,8,-47.280000,-0.2100,8.800000,64.320000,16534.990000
1724,Entry long,2025-12-01 11:00,2841.900000,8,-47.280000,-0.2100,8.800000,64.320000,16534.990000
1723,Exit short,2025-12-01 11:00,2841.900000,7,1288.770000,6.0800,1543.220000,67.900000,16582.270000
1723,Entry short,2025-11-30 20:45,3026.010000,7,1288.770000,6.0800,1543.220000,67.900000,16582.270000
1722,Exit long,2025-11-30 20:45,3026.010000,6,154.320000,0.8600,311.520000,21.600000,15293.500000
1722,Entry long,2025-11-30 07:15,3000.290000,6,154.320000,0.8600,311.520000,21.600000,15293.500000
1721,Exit short,2025-11-30 07:15,3000.290000,5,-79.800000,-0.5300,0.000000,86.750000,15139.180000
1721,Entry short,2025-11-30 05:30,2984.330000,5,-79.800000,-0.5300,0.000000,86.750000,15139.180000
1720,Exit long,2025-11-30 05:30,2984.330000,4,-73.000000,-0.6100,8.400000,73.520000,15218.980000
1720,Entry long,2025-11-30 03:45,3002.580000,4,-73.000000,-0.6100,8.400000,73.520000,15218.980000
1719,Exit short,2025-11-30 03:45,3002.580000,3,-49.980000,-0.5600,2.520000,54.000000,15291.980000
1719,Entry short,2025-11-30 03:30,2985.920000,3,-49.980000,-0.5600,2.520000,54.000000,15291.980000
1718,Exit long,2025-11-30 03:30,2985.920000,2,-19.460000,-0.3200,32.640000,43.300000,15341.960000
1718,Entry long,2025-11-30 00:15,2995.650000,2,-19.460000,-0.3200,32.640000,43.300000,15341.960000
1717,Exit short,2025-11-30 00:15,2995.650000,1,-12.250000,-0.4100,0.590000,13.650000,15361.420000
1717,Entry short,2025-11-29 22:15,2983.400000,1,-12.250000,-0.4100,0.590000,13.650000,15361.420000
1716,Exit short,2025-11-29 22:00,2992.830000,6,-2.700000,-0.0200,194.220000,39.720000,15373.670000
1716,Entry short,2025-11-29 17:30,2992.380000,6,-2.700000,-0.0200,194.220000,39.720000,15373.670000
1715,Exit long,2025-11-29 17:30,2993.000000,5,-85.500000,-0.5700,5.000000,94.000000,15376.370000
1715,Entry long,2025-11-29 16:15,3010.100000,5,-85.500000,-0.5700,5.000000,94.000000,15376.370000
1714,Exit short,2025-11-29 16:15,3004.010000,4,37.960000,0.3100,124.800000,8.120000,15461.870000
1714,Entry short,2025-11-29 06:30,3013.500000,4,37.960000,0.3100,124.800000,8.120000,15461.870000
1713,Exit long,2025-11-29 06:30,3013.500000,3,-79.500000,-0.8700,5.850000,87.000000,15423.910000
1713,Entry long,2025-11-29 05:30,3040.000000,3,-79.500000,-0.8700,5.850000,87.000000,15423.910000
1712,Exit short,2025-11-29 05:30,3038.350000,2,-22.300000,-0.3700,22.360000,48.520000,15503.410000
1712,Entry short,2025-11-28 22:15,3027.200000,2,-22.300000,-0.3700,22.360000,48.520000,15503.410000
1711,Exit long,2025-11-28 22:15,3027.200000,1,-24.270000,-0.8000,6.920000,25.850000,15525.710000
1711,Entry long,2025-11-28 20:15,3051.470000,1,-24.270000,-0.8000,6.920000,25.850000,15525.710000
1710,Exit short,2025-11-28 19:45,3051.140000,8,-209.120000,-0.8600,125.120000,278.800000,15549.980000
1710,Entry short,2025-11-28 16:45,3025.000000,8,-209.120000,-0.8600,125.120000,278.800000,15549.980000
1709,Exit long,2025-11-28 16:45,3034.530000,7,-133.210000,-0.6200,318.080000,234.920000,15759.100000
1709,Entry long,2025-11-28 13:45,3053.560000,7,-133.210000,-0.6200,318.080000,234.920000,15759.100000
1708,Exit short,2025-11-28 13:45,3053.560000,6,-145.620000,-0.8000,13.740000,184.260000,15892.310000
1708,Entry short,2025-11-28 13:15,3029.290000,6,-145.620000,-0.8000,13.740000,184.260000,15892.310000
1707,Exit long,2025-11-28 13:15,3029.290000,5,38.100000,0.2500,291.650000,31.800000,16037.930000
1707,Entry long,2025-11-28 08:45,3021.670000,5,38.100000,0.2500,291.650000,31.800000,16037.930000
1706,Exit short,2025-11-28 08:45,3021.670000,4,-86.160000,-0.7200,1.720000,110.400000,15999.830000
1706,Entry short,2025-11-28 08:00,3000.130000,4,-86.160000,-0.7200,1.720000,110.400000,15999.830000
1705,Exit long,2025-11-28 08:00,3000.130000,3,-55.350000,-0.6100,28.260000,60.540000,16085.990000
1705,Entry long,2025-11-28 05:00,3018.580000,3,-55.350000,-0.6100,28.260000,60.540000,16085.990000
1704,Exit short,2025-11-28 05:00,3016.000000,2,-14.000000,-0.2300,33.800000,28.320000,16141.340000
1704,Entry short,2025-11-27 23:00,3009.000000,2,-14.000000,-0.2300,33.800000,28.320000,16141.340000
1703,Exit long,2025-11-27 23:00,3009.410000,1,-11.970000,-0.4000,22.120000,19.380000,16155.340000
1703,Entry long,2025-11-27 17:15,3021.380000,1,-11.970000,-0.4000,22.120000,19.380000,16155.340000
1702,Exit short,2025-11-27 16:45,3017.600000,1,6.400000,0.2100,40.190000,2.100000,16167.310000
1702,Entry short,2025-11-27 12:15,3024.000000,1,6.400000,0.2100,40.190000,2.100000,16167.310000
1701,Exit short,2025-11-27 11:45,3029.440000,12,-32.520000,-0.0900,58.080000,54.120000,16160.910000
1701,Entry short,2025-11-27 11:30,3026.730000,12,-32.520000,-0.0900,58.080000,54.120000,16160.910000
1700,Exit long,2025-11-27 11:30,3026.730000,11,-67.210000,-0.2000,20.680000,72.710000,16193.430000
1700,Entry long,2025-11-27 11:00,3032.840000,11,-67.210000,-0.2000,20.680000,72.710000,16193.430000
1699,Exit short,2025-11-27 11:00,3032.840000,10,-106.400000,-0.3500,69.400000,218.000000,16260.640000
1699,Entry short,2025-11-27 05:45,3022.200000,10,-106.400000,-0.3500,69.400000,218.000000,16260.640000
1698,Exit long,2025-11-27 05:45,3022.200000,9,772.830000,2.9200,1203.030000,299.970000,16367.040000
1698,Entry long,2025-11-26 14:15,2936.330000,9,772.830000,2.9200,1203.030000,299.970000,16367.040000
1697,Exit short,2025-11-26 14:15,2932.100000,8,-52.480000,-0.2200,307.600000,226.160000,15594.210000
1697,Entry short,2025-11-26 04:00,2925.540000,8,-52.480000,-0.2200,307.600000,226.160000,15594.210000
1696,Exit long,2025-11-26 04:00,2925.540000,7,-42.770000,-0.2100,365.050000,182.420000,15646.690000
1696,Entry long,2025-11-25 20:15,2931.650000,7,-42.770000,-0.2100,365.050000,182.420000,15646.690000
1695,Exit short,2025-11-25 20:15,2931.650000,6,-288.180000,-1.6700,16.320000,300.180000,15689.460000
1695,Entry short,2025-11-25 19:30,2883.620000,6,-288.180000,-1.6700,16.320000,300.180000,15689.460000
1694,Exit long,2025-11-25 19:30,2883.620000,5,-223.900000,-1.5300,143.000000,291.850000,15977.640000
1694,Entry long,2025-11-25 16:30,2928.400000,5,-223.900000,-1.5300,143.000000,291.850000,15977.640000
1693,Exit short,2025-11-25 16:30,2928.400000,4,-198.040000,-1.7200,95.560000,199.440000,16201.540000
1693,Entry short,2025-11-25 14:45,2878.890000,4,-198.040000,-1.7200,95.560000,199.440000,16201.540000
1692,Exit long,2025-11-25 14:45,2878.890000,3,-134.970000,-1.5400,28.860000,143.640000,16399.580000
1692,Entry long,2025-11-25 12:30,2923.880000,3,-134.970000,-1.5400,28.860000,143.640000,16399.580000
1691,Exit short,2025-11-25 12:30,2919.540000,2,39.020000,0.6600,151.320000,14.440000,16534.550000
1691,Entry short,2025-11-25 01:15,2939.050000,2,39.020000,0.6600,151.320000,14.440000,16534.550000
1690,Exit long,2025-11-25 01:15,2945.470000,1,113.340000,4.0000,154.850000,21.270000,16495.530000
1690,Entry long,2025-11-24 15:15,2832.130000,1,113.340000,4.0000,154.850000,21.270000,16495.530000
1689,Exit short,2025-11-24 15:00,2831.230000,6,-207.240000,-1.2400,86.940000,309.540000,16382.190000
1689,Entry short,2025-11-24 14:30,2796.690000,6,-207.240000,-1.2400,86.940000,309.540000,16382.190000
1688,Exit long,2025-11-24 14:30,2796.690000,5,-143.750000,-1.0200,0.750000,151.300000,16589.430000
1688,Entry long,2025-11-24 13:45,2825.440000,5,-143.750000,-1.0200,0.750000,151.300000,16589.430000
1687,Exit short,2025-11-24 13:45,2825.440000,4,-0.880000,-0.0100,156.840000,66.800000,16733.180000
1687,Entry short,2025-11-24 08:00,2825.220000,4,-0.880000,-0.0100,156.840000,66.800000,16733.180000
1686,Exit long,2025-11-24 08:00,2828.760000,3,-38.250000,-0.4500,5.520000,45.750000,16734.060000
1686,Entry long,2025-11-24 07:45,2841.510000,3,-38.250000,-0.4500,5.520000,45.750000,16734.060000
1685,Exit short,2025-11-24 07:45,2841.510000,2,-29.540000,-0.5200,3.040000,34.080000,16772.310000
1685,Entry short,2025-11-24 07:30,2826.740000,2,-29.540000,-0.5200,3.040000,34.080000,16772.310000
1684,Exit long,2025-11-24 07:30,2827.940000,1,-14.860000,-0.5200,42.000000,41.810000,16801.850000
1684,Entry long,2025-11-24 03:15,2842.800000,1,-14.860000,-0.5200,42.000000,41.810000,16801.850000
1683,Exit short,2025-11-24 02:30,2852.710000,7,-334.040000,-1.7000,305.270000,422.170000,16816.710000
1683,Entry short,2025-11-23 23:30,2804.990000,7,-334.040000,-1.7000,305.270000,422.170000,16816.710000
1682,Exit long,2025-11-23 23:30,2804.990000,6,-144.780000,-0.8500,89.220000,209.880000,17150.750000
1682,Entry long,2025-11-23 19:45,2829.120000,6,-144.780000,-0.8500,89.220000,209.880000,17150.750000
1681,Exit short,2025-11-23 19:45,2829.120000,5,-152.300000,-1.0900,68.300000,190.050000,17295.530000
1681,Entry short,2025-11-23 17:00,2798.660000,5,-152.300000,-1.0900,68.300000,190.050000,17295.530000
1680,Exit long,2025-11-23 17:00,2798.660000,4,-80.400000,-0.7100,152.960000,90.800000,17447.830000
1680,Entry long,2025-11-23 09:45,2818.760000,4,-80.400000,-0.7100,152.960000,90.800000,17447.830000
1679,Exit short,2025-11-23 09:45,2818.760000,3,-114.150000,-1.3700,6.960000,127.290000,17528.230000
1679,Entry short,2025-11-23 07:30,2780.710000,3,-114.150000,-1.3700,6.960000,127.290000,17528.230000
1678,Exit long,2025-11-23 07:30,2780.710000,2,48.760000,0.8800,189.220000,2.640000,17642.380000
1678,Entry long,2025-11-22 22:15,2756.330000,2,48.760000,0.8800,189.220000,2.640000,17642.380000
1677,Exit short,2025-11-22 22:15,2756.330000,1,-15.370000,-0.5600,0.460000,15.870000,17593.620000
1677,Entry short,2025-11-22 22:00,2740.960000,1,-15.370000,-0.5600,0.460000,15.870000,17593.620000
1676,Exit long,2025-11-22 21:15,2738.700000,4,-20.440000,-0.1900,56.760000,78.760000,17608.990000
1676,Entry long,2025-11-22 14:30,2743.810000,4,-20.440000,-0.1900,56.760000,78.760000,17608.990000
1675,Exit short,2025-11-22 14:30,2743.810000,3,-47.760000,-0.5800,75.060000,79.560000,17629.430000
1675,Entry short,2025-11-22 08:30,2727.890000,3,-47.760000,-0.5800,75.060000,79.560000,17629.430000
1674,Exit long,2025-11-22 08:30,2727.890000,2,-79.500000,-1.4400,4.720000,84.060000,17677.190000
1674,Entry long,2025-11-22 07:00,2767.640000,2,-79.500000,-1.4400,4.720000,84.060000,17677.190000
1673,Exit short,2025-11-22 07:00,2764.760000,1,-20.620000,-0.7500,18.900000,23.500000,17756.690000
1673,Entry short,2025-11-22 03:30,2744.140000,1,-20.620000,-0.7500,18.900000,23.500000,17756.690000
1672,Exit long,2025-11-22 03:00,2751.900000,8,-96.640000,-0.4400,154.880000,210.240000,17777.310000
1672,Entry long,2025-11-21 23:45,2763.980000,8,-96.640000,-0.4400,154.880000,210.240000,17777.310000
1671,Exit short,2025-11-21 23:45,2763.980000,7,-303.520000,-1.5900,63.630000,323.610000,17873.950000
1671,Entry short,2025-11-21 23:00,2720.620000,7,-303.520000,-1.5900,63.630000,323.610000,17873.950000
1670,Exit long,2025-11-21 23:00,2720.620000,6,-294.060000,-1.7700,23.820000,304.200000,18177.470000
1670,Entry long,2025-11-21 21:45,2769.630000,6,-294.060000,-1.7700,23.820000,304.200000,18177.470000
1669,Exit short,2025-11-21 21:45,2769.630000,5,-297.350000,-2.1900,15.800000,324.100000,18471.530000
1669,Entry short,2025-11-21 20:30,2710.160000,5,-297.350000,-2.1900,15.800000,324.100000,18471.530000
1668,Exit long,2025-11-21 20:30,2710.160000,4,-204.600000,-1.8500,178.520000,212.680000,18768.880000
1668,Entry long,2025-11-21 17:00,2761.310000,4,-204.600000,-1.8500,178.520000,212.680000,18768.880000
1667,Exit short,2025-11-21 17:00,2761.310000,3,-214.560000,-2.6600,48.630000,219.030000,18973.480000
1667,Entry short,2025-11-21 16:00,2689.790000,3,-214.560000,-2.6600,48.630000,219.030000,18973.480000
1666,Exit long,2025-11-21 16:00,2703.690000,2,-114.360000,-2.0700,37.380000,150.220000,19188.040000
1666,Entry long,2025-11-21 13:45,2760.870000,2,-114.360000,-2.0700,37.380000,150.220000,19188.040000
1665,Exit short,2025-11-21 13:45,2757.480000,1,101.520000,3.5500,239.000000,2.290000,19302.400000
1665,Entry short,2025-11-21 02:00,2859.000000,1,101.520000,3.5500,239.000000,2.290000,19302.400000
1664,Exit short,2025-11-21 01:45,2868.330000,6,-121.020000,-0.7100,135.240000,226.080000,19200.880000
1664,Entry short,2025-11-20 23:45,2848.160000,6,-121.020000,-0.7100,135.240000,226.080000,19200.880000
1663,Exit long,2025-11-20 23:45,2848.160000,5,-242.700000,-1.6800,40.650000,325.150000,19321.900000
1663,Entry long,2025-11-20 22:15,2896.700000,5,-242.700000,-1.6800,40.650000,325.150000,19321.900000
1662,Exit short,2025-11-20 22:15,2896.700000,4,414.600000,3.4500,849.360000,85.800000,19564.600000
1662,Entry short,2025-11-20 13:45,3000.350000,4,414.600000,3.4500,849.360000,85.800000,19564.600000
1661,Exit long,2025-11-20 13:45,3000.350000,3,-103.920000,-1.1400,39.030000,114.870000,19150.000000
1661,Entry long,2025-11-20 13:15,3034.990000,3,-103.920000,-1.1400,39.030000,114.870000,19150.000000
1660,Exit short,2025-11-20 13:15,3034.990000,2,-44.440000,-0.7400,44.600000,49.900000,19253.920000
1660,Entry short,2025-11-20 09:30,3012.770000,2,-44.440000,-0.7400,44.600000,49.900000,19253.920000
1659,Exit long,2025-11-20 09:30,3012.770000,1,-19.490000,-0.6400,11.420000,21.650000,19298.360000
1659,Entry long,2025-11-20 07:45,3032.260000,1,-19.490000,-0.6400,11.420000,21.650000,19298.360000
1658,Exit long,2025-11-20 07:30,3026.610000,1,-4.570000,-0.1500,1.080000,11.940000,19317.850000
1658,Entry long,2025-11-20 07:15,3031.180000,1,-4.570000,-0.1500,1.080000,11.940000,19317.850000
1657,Exit long,2025-11-20 07:00,3019.630000,1,35.630000,1.1900,79.000000,12.000000,19322.420000
1657,Entry long,2025-11-19 22:45,2984.000000,1,35.630000,1.1900,79.000000,12.000000,19322.420000
1656,Exit short,2025-11-19 21:45,2991.030000,9,672.840000,2.4400,1735.110000,352.530000,19286.790000
1656,Entry short,2025-11-19 14:00,3065.790000,9,672.840000,2.4400,1735.110000,352.530000,19286.790000
1655,Exit long,2025-11-19 14:00,3065.790000,8,-167.120000,-0.6800,210.240000,282.400000,18613.950000
1655,Entry long,2025-11-19 08:15,3086.680000,8,-167.120000,-0.6800,210.240000,282.400000,18613.950000
1654,Exit short,2025-11-19 08:15,3080.790000,7,154.210000,0.7100,788.690000,179.760000,18781.070000
1654,Entry short,2025-11-18 21:45,3102.820000,7,154.210000,0.7100,788.690000,179.760000,18781.070000
1653,Exit long,2025-11-18 21:45,3102.820000,6,277.560000,1.5100,676.320000,147.360000,18626.860000
1653,Entry long,2025-11-18 14:30,3056.560000,6,277.560000,1.5100,676.320000,147.360000,18626.860000
1652,Exit short,2025-11-18 14:30,3056.560000,5,-105.200000,-0.6900,0.050000,162.400000,18349.300000
1652,Entry short,2025-11-18 14:15,3035.520000,5,-105.200000,-0.6900,0.050000,162.400000,18349.300000
1651,Exit long,2025-11-18 14:15,3035.520000,4,43.240000,0.3600,196.000000,18.800000,18454.500000
1651,Entry long,2025-11-18 07:45,3024.710000,4,43.240000,0.3600,196.000000,18.800000,18454.500000
1650,Exit short,2025-11-18 07:45,3024.710000,3,-120.900000,-1.3500,123.300000,147.270000,18411.260000
1650,Entry short,2025-11-18 03:00,2984.410000,3,-120.900000,-1.3500,123.300000,147.270000,18411.260000
1649,Exit long,2025-11-18 03:00,2984.410000,2,-107.180000,-1.7600,13.720000,121.960000,18532.160000
1649,Entry long,2025-11-18 02:45,3038.000000,2,-107.180000,-1.7600,13.720000,121.960000,18532.160000
1648,Exit short,2025-11-18 02:45,3027.720000,1,-10.990000,-0.3600,40.090000,27.700000,18639.340000
1648,Entry short,2025-11-18 02:00,3016.730000,1,-10.990000,-0.3600,40.090000,27.700000,18639.340000
1647,Exit short,2025-11-18 01:45,3030.010000,8,1220.320000,4.7900,1796.400000,221.360000,18650.330000
1647,Entry short,2025-11-17 13:00,3182.550000,8,1220.320000,4.7900,1796.400000,221.360000,18650.330000
1646,Exit long,2025-11-17 13:00,3182.670000,7,435.540000,1.9900,719.390000,92.750000,17430.010000
1646,Entry long,2025-11-17 00:30,3120.450000,7,435.540000,1.9900,719.390000,92.750000,17430.010000
1645,Exit short,2025-11-17 00:30,3120.450000,6,306.480000,1.6100,1023.120000,58.740000,16994.470000
1645,Entry short,2025-11-16 11:30,3171.530000,6,306.480000,1.6100,1023.120000,58.740000,16994.470000
1644,Exit long,2025-11-16 11:30,3171.530000,5,-152.550000,-0.9500,232.300000,184.550000,16687.990000
1644,Entry long,2025-11-16 03:00,3202.040000,5,-152.550000,-0.9500,232.300000,184.550000,16687.990000
1643,Exit short,2025-11-16 03:00,3202.040000,4,-100.240000,-0.7900,187.880000,109.960000,16840.540000
1643,Entry short,2025-11-15 20:45,3176.980000,4,-100.240000,-0.7900,187.880000,109.960000,16840.540000
1642,Exit long,2025-11-15 20:45,3176.980000,3,0.210000,0.0000,160.950000,48.600000,16940.780000
1642,Entry long,2025-11-15 13:30,3176.910000,3,0.210000,0.0000,160.950000,48.600000,16940.780000
1641,Exit short,2025-11-15 13:30,3176.910000,2,-40.260000,-0.6400,48.240000,49.020000,16940.570000
1641,Entry short,2025-11-15 08:30,3156.780000,2,-40.260000,-0.6400,48.240000,49.020000,16940.570000
1640,Exit long,2025-11-15 08:30,3156.780000,1,-18.210000,-0.5700,17.810000,25.170000,16980.830000
1640,Entry long,2025-11-15 02:30,3174.990000,1,-18.210000,-0.5700,17.810000,25.170000,16980.830000
1639,Exit short,2025-11-15 02:15,3165.400000,2,7.320000,0.1200,162.120000,33.880000,16999.040000
1639,Entry short,2025-11-14 20:30,3169.060000,2,7.320000,0.1200,162.120000,33.880000,16999.040000
1638,Exit long,2025-11-14 20:30,3169.060000,1,-30.940000,-0.9700,55.950000,46.830000,16991.720000
1638,Entry long,2025-11-14 15:30,3200.000000,1,-30.940000,-0.9700,55.950000,46.830000,16991.720000
1637,Exit short,2025-11-14 15:00,3197.850000,3,-33.600000,-0.3500,355.950000,99.360000,17022.660000
1637,Entry short,2025-11-14 09:30,3186.650000,3,-33.600000,-0.3500,355.950000,99.360000,17022.660000
1636,Exit long,2025-11-14 09:30,3186.650000,2,-68.100000,-1.0600,37.940000,89.820000,17056.260000
1636,Entry long,2025-11-14 07:45,3220.700000,2,-68.100000,-1.0600,37.940000,89.820000,17056.260000
1635,Exit short,2025-11-14 07:45,3211.520000,1,-3.500000,-0.1100,104.020000,21.980000,17124.360000
1635,Entry short,2025-11-14 04:30,3208.020000,1,-3.500000,-0.1100,104.020000,21.980000,17124.360000
1634,Exit long,2025-11-14 04:15,3212.000000,2,-67.160000,-1.0300,2.840000,79.020000,17127.860000
1634,Entry long,2025-11-14 02:45,3245.580000,2,-67.160000,-1.0300,2.840000,79.020000,17127.860000
1633,Exit short,2025-11-14 02:45,3244.470000,1,253.400000,7.2400,345.380000,14.970000,17195.020000
1633,Entry short,2025-11-13 11:15,3497.870000,1,253.400000,7.2400,345.380000,14.970000,17195.020000
1632,Exit long,2025-11-13 10:15,3494.910000,16,826.080000,1.5000,1947.520000,1091.040000,16941.620000
1632,Entry long,2025-11-13 01:15,3443.280000,16,826.080000,1.5000,1947.520000,1091.040000,16941.620000
1631,Exit short,2025-11-13 01:15,3443.280000,15,550.950000,1.0600,1650.150000,248.250000,16115.540000
1631,Entry short,2025-11-12 15:30,3480.010000,15,550.950000,1.0600,1650.150000,248.250000,16115.540000
1630,Exit long,2025-11-12 15:30,3480.010000,14,308.140000,0.6400,1809.360000,62.300000,15564.590000
1630,Entry long,2025-11-12 08:30,3458.000000,14,308.140000,0.6400,1809.360000,62.300000,15564.590000
1629,Exit short,2025-11-12 08:30,3458.000000,13,-409.370000,-0.9200,2.340000,409.370000,15256.450000
1629,Entry short,2025-11-12 08:00,3426.510000,13,-409.370000,-0.9200,2.340000,409.370000,15256.450000
1628,Exit long,2025-11-12 08:00,3426.510000,12,-193.680000,-0.4700,157.680000,245.760000,15665.820000
1628,Entry long,2025-11-12 05:00,3442.650000,12,-193.680000,-0.4700,157.680000,245.760000,15665.820000
1627,Exit short,2025-11-12 05:00,3442.650000,11,-133.100000,-0.3500,2.750000,145.750000,15859.500000
1627,Entry short,2025-11-12 04:45,3430.550000,11,-133.100000,-0.3500,2.750000,145.750000,15859.500000
1626,Exit long,2025-11-12 04:45,3432.990000,10,-80.200000,-0.2300,36.200000,104.600000,15992.600000
1626,Entry long,2025-11-12 03:45,3441.010000,10,-80.200000,-0.2300,36.200000,104.600000,15992.600000
1625,Exit short,2025-11-12 03:45,3441.010000,9,-161.460000,-0.5200,67.410000,170.370000,16072.800000
1625,Entry short,2025-11-12 02:45,3423.070000,9,-161.460000,-0.5200,67.410000,170.370000,16072.800000
1624,Exit long,2025-11-12 02:45,3423.070000,8,-215.760000,-0.7800,37.120000,266.160000,16234.260000
1624,Entry long,2025-11-12 02:15,3450.040000,8,-215.760000,-0.7800,37.120000,266.160000,16234.260000
1623,Exit short,2025-11-12 02:15,3450.040000,7,627.480000,2.5300,956.620000,232.820000,16450.020000
1623,Entry short,2025-11-11 13:00,3539.680000,7,627.480000,2.5300,956.620000,232.820000,16450.020000
1622,Exit long,2025-11-11 13:00,3539.680000,6,-199.080000,-0.9300,120.840000,208.860000,15822.540000
1622,Entry long,2025-11-11 11:15,3572.860000,6,-199.080000,-0.9300,120.840000,208.860000,15822.540000
1621,Exit short,2025-11-11 11:15,3572.860000,5,-84.300000,-0.4700,136.000000,146.450000,16021.620000
1621,Entry short,2025-11-11 05:15,3556.000000,5,-84.300000,-0.4700,136.000000,146.450000,16021.620000
1620,Exit long,2025-11-11 05:15,3556.000000,4,-74.400000,-0.5200,291.760000,93.960000,16105.920000
1620,Entry long,2025-11-10 23:00,3574.600000,4,-74.400000,-0.5200,291.760000,93.960000,16105.920000
1619,Exit short,2025-11-10 23:00,3574.600000,3,-118.020000,-1.1100,24.600000,130.620000,16180.320000
1619,Entry short,2025-11-10 21:45,3535.260000,3,-118.020000,-1.1100,24.600000,130.620000,16180.320000
1618,Exit long,2025-11-10 21:45,3538.990000,2,-72.320000,-1.0100,15.080000,92.160000,16298.340000
1618,Entry long,2025-11-10 20:15,3575.150000,2,-72.320000,-1.0100,15.080000,92.160000,16298.340000
1617,Exit short,2025-11-10 20:15,3575.150000,1,23.080000,0.6400,92.680000,12.440000,16370.660000
1617,Entry short,2025-11-10 14:15,3598.230000,1,23.080000,0.6400,92.680000,12.440000,16370.660000
1616,Exit short,2025-11-10 14:00,3613.910000,3,-65.220000,-0.6100,16.380000,85.620000,16347.580000
1616,Entry short,2025-11-10 12:15,3592.170000,3,-65.220000,-0.6100,16.380000,85.620000,16347.580000
1615,Exit long,2025-11-10 12:15,3592.170000,2,-62.300000,-0.8600,6.980000,83.280000,16412.800000
1615,Entry long,2025-11-10 10:00,3623.320000,2,-62.300000,-0.8600,6.980000,83.280000,16412.800000
1614,Exit short,2025-11-10 10:00,3623.320000,1,-28.330000,-0.7900,9.570000,35.310000,16475.100000
1614,Entry short,2025-11-10 06:15,3594.990000,1,-28.330000,-0.7900,9.570000,35.310000,16475.100000
1613,Exit long,2025-11-10 06:00,3606.810000,5,919.050000,5.3700,1175.000000,46.250000,16503.430000
1613,Entry long,2025-11-09 11:15,3423.000000,5,919.050000,5.3700,1175.000000,46.250000,16503.430000
1612,Exit short,2025-11-09 11:15,3423.000000,4,-145.160000,-1.0700,12.800000,145.160000,15584.380000
1612,Entry short,2025-11-09 10:30,3386.710000,4,-145.160000,-1.0700,12.800000,145.160000,15584.380000
1611,Exit long,2025-11-09 10:30,3394.200000,3,-33.090000,-0.3200,86.310000,73.560000,15729.540000
1611,Entry long,2025-11-09 05:30,3405.230000,3,-33.090000,-0.3200,86.310000,73.560000,15729.540000
1610,Exit short,2025-11-09 05:30,3405.230000,2,-60.460000,-0.9000,36.520000,63.860000,15762.630000
1610,Entry short,2025-11-09 00:30,3375.000000,2,-60.460000,-0.9000,36.520000,63.860000,15762.630000
1609,Exit long,2025-11-09 00:30,3375.000000,1,-25.970000,-0.7600,13.360000,29.620000,15823.090000
1609,Entry long,2025-11-08 21:30,3400.970000,1,-25.970000,-0.7600,13.360000,29.620000,15823.090000
1608,Exit short,2025-11-08 21:00,3396.100000,1,-24.340000,-0.7200,2.340000,30.730000,15849.060000
1608,Entry short,2025-11-08 19:30,3371.760000,1,-24.340000,-0.7200,2.340000,30.730000,15849.060000
1607,Exit short,2025-11-08 19:15,3398.600000,3,59.160000,0.5800,195.030000,18.990000,15873.400000
1607,Entry short,2025-11-08 11:45,3418.320000,3,59.160000,0.5800,195.030000,18.990000,15873.400000
1606,Exit long,2025-11-08 11:45,3418.320000,2,-68.140000,-0.9900,5.020000,69.740000,15814.240000
1606,Entry long,2025-11-08 11:15,3452.390000,2,-68.140000,-0.9900,5.020000,69.740000,15814.240000
1605,Exit short,2025-11-08 11:15,3452.390000,1,-10.240000,-0.3000,0.360000,10.840000,15882.380000
1605,Entry short,2025-11-08 11:00,3442.150000,1,-10.240000,-0.3000,0.360000,10.840000,15882.380000
1604,Exit long,2025-11-08 10:45,3444.750000,6,-31.440000,-0.1500,110.640000,109.500000,15892.620000
1604,Entry long,2025-11-08 08:15,3449.990000,6,-31.440000,-0.1500,110.640000,109.500000,15892.620000
1603,Exit short,2025-11-08 08:15,3448.100000,5,-91.200000,-0.5300,76.850000,122.850000,15924.060000
1603,Entry short,2025-11-08 06:00,3429.860000,5,-91.200000,-0.5300,76.850000,122.850000,15924.060000
1602,Exit long,2025-11-08 06:00,3429.860000,4,468.320000,3.5300,708.880000,164.080000,16015.260000
1602,Entry long,2025-11-07 15:15,3312.780000,4,468.320000,3.5300,708.880000,164.080000,16015.260000
1601,Exit short,2025-11-07 15:15,3312.780000,3,36.510000,0.3700,396.090000,22.950000,15546.940000
1601,Entry short,2025-11-07 09:15,3324.950000,3,36.510000,0.3700,396.090000,22.950000,15546.940000
1600,Exit long,2025-11-07 09:15,3324.950000,2,-3.960000,-0.0600,86.140000,17.560000,15510.430000
1600,Entry long,2025-11-07 02:45,3326.930000,2,-3.960000,-0.0600,86.140000,17.560000,15510.430000
1599,Exit short,2025-11-07 02:45,3326.930000,1,-36.290000,-1.1000,5.630000,39.690000,15514.390000
1599,Entry short,2025-11-07 01:45,3290.640000,1,-36.290000,-1.1000,5.630000,39.690000,15514.390000
1598,Exit short,2025-11-07 01:30,3320.630000,1,-12.110000,-0.3700,4.970000,18.480000,15550.680000
1598,Entry short,2025-11-07 01:15,3308.520000,1,-12.110000,-0.3700,4.970000,18.480000,15550.680000
1597,Exit short,2025-11-07 01:00,3323.850000,1,48.780000,1.4500,127.630000,29.400000,15562.790000
1597,Entry short,2025-11-06 12:30,3372.630000,1,48.780000,1.4500,127.630000,29.400000,15562.790000
1596,Exit short,2025-11-06 11:45,3398.900000,15,-42.150000,-0.0800,572.250000,273.150000,15514.010000
1596,Entry short,2025-11-06 05:45,3396.090000,15,-42.150000,-0.0800,572.250000,273.150000,15514.010000
1595,Exit long,2025-11-06 05:45,3396.090000,14,-572.740000,-1.1900,252.000000,639.520000,15556.160000
1595,Entry long,2025-11-06 03:30,3437.000000,14,-572.740000,-1.1900,252.000000,639.520000,15556.160000
1594,Exit short,2025-11-06 03:30,3430.800000,13,-148.590000,-0.3300,593.710000,390.000000,16128.900000
1594,Entry short,2025-11-05 23:00,3419.370000,13,-148.590000,-0.3300,593.710000,390.000000,16128.900000
1593,Exit long,2025-11-05 23:00,3422.950000,12,1187.640000,2.9800,1860.240000,118.440000,16277.490000
1593,Entry long,2025-11-05 12:15,3323.980000,12,1187.640000,2.9800,1860.240000,118.440000,16277.490000
1592,Exit short,2025-11-05 12:15,3316.240000,11,-360.470000,-1.0000,123.530000,500.060000,15089.850000
1592,Entry short,2025-11-05 08:45,3283.470000,11,-360.470000,-1.0000,123.530000,500.060000,15089.850000
1591,Exit long,2025-11-05 08:45,3294.550000,10,-293.000000,-0.8800,299.500000,403.800000,15450.320000
1591,Entry long,2025-11-05 03:00,3323.850000,10,-293.000000,-0.8800,299.500000,403.800000,15450.320000
1590,Exit short,2025-11-05 03:00,3323.850000,9,1365.300000,4.3600,3784.950000,114.120000,15743.320000
1590,Entry short,2025-11-04 16:30,3475.550000,9,1365.300000,4.3600,3784.950000,114.120000,15743.320000
1589,Exit long,2025-11-04 16:30,3475.550000,8,-630.320000,-2.2200,254.240000,795.360000,14378.020000
1589,Entry long,2025-11-04 15:00,3554.340000,8,-630.320000,-2.2200,254.240000,795.360000,14378.020000
1588,Exit short,2025-11-04 15:00,3554.340000,7,45.220000,0.1800,705.600000,8.330000,15008.340000
1588,Entry short,2025-11-04 05:30,3560.800000,7,45.220000,0.1800,705.600000,8.330000,15008.340000
1587,Exit long,2025-11-04 05:30,3560.800000,6,-414.600000,-1.9000,142.500000,446.100000,14963.120000
1587,Entry long,2025-11-04 01:15,3629.900000,6,-414.600000,-1.9000,142.500000,446.100000,14963.120000
1586,Exit short,2025-11-04 01:15,3620.340000,5,71.250000,0.3900,392.950000,233.200000,15377.720000
1586,Entry short,2025-11-03 15:30,3634.590000,5,71.250000,0.3900,392.950000,233.200000,15377.720000
1585,Exit long,2025-11-03 15:30,3634.590000,4,-369.880000,-2.4800,43.200000,417.680000,15306.470000
1585,Entry long,2025-11-03 14:15,3727.060000,4,-369.880000,-2.4800,43.200000,417.680000,15306.470000
1584,Exit short,2025-11-03 14:15,3723.750000,3,343.980000,2.9900,564.840000,16.950000,15676.350000
1584,Entry short,2025-11-03 01:45,3838.410000,3,343.980000,2.9900,564.840000,16.950000,15676.350000
1583,Exit long,2025-11-03 01:45,3840.600000,2,-78.040000,-1.0100,70.760000,106.220000,15332.370000
1583,Entry long,2025-11-02 23:15,3879.620000,2,-78.040000,-1.0100,70.760000,106.220000,15332.370000
1582,Exit short,2025-11-02 23:15,3879.620000,1,-31.190000,-0.8100,2.980000,33.430000,15410.410000
1582,Entry short,2025-11-02 22:45,3848.430000,1,-31.190000,-0.8100,2.980000,33.430000,15410.410000
1581,Exit short,2025-11-02 22:30,3858.530000,7,117.670000,0.4300,268.100000,143.220000,15441.600000
1581,Entry short,2025-11-02 09:45,3875.340000,7,117.670000,0.4300,268.100000,143.220000,15441.600000
1580,Exit long,2025-11-02 09:45,3875.340000,6,-11.340000,-0.0500,238.620000,76.680000,15323.930000
1580,Entry long,2025-11-02 02:45,3877.230000,6,-11.340000,-0.0500,238.620000,76.680000,15323.930000
1579,Exit short,2025-11-02 02:45,3877.230000,5,-57.100000,-0.3000,29.000000,100.100000,15335.270000
1579,Entry short,2025-11-01 22:00,3865.810000,5,-57.100000,-0.3000,29.000000,100.100000,15335.270000
1578,Exit long,2025-11-01 22:00,3865.810000,4,-57.280000,-0.3700,39.480000,57.280000,15392.370000
1578,Entry long,2025-11-01 20:15,3880.130000,4,-57.280000,-0.3700,39.480000,57.280000,15392.370000
1577,Exit short,2025-11-01 20:15,3880.130000,3,-47.790000,-0.4100,5.880000,61.560000,15449.650000
1577,Entry short,2025-11-01 18:00,3864.200000,3,-47.790000,-0.4100,5.880000,61.560000,15449.650000
1576,Exit long,2025-11-01 18:00,3864.200000,2,-55.060000,-0.7100,31.760000,62.580000,15497.440000
1576,Entry long,2025-11-01 15:15,3891.730000,2,-55.060000,-0.7100,31.760000,62.580000,15497.440000
1575,Exit short,2025-11-01 15:15,3891.730000,1,-33.550000,-0.8700,1.650000,43.180000,15552.500000
1575,Entry short,2025-11-01 14:15,3858.180000,1,-33.550000,-0.8700,1.650000,43.180000,15552.500000
1574,Exit long,2025-11-01 14:00,3868.620000,5,54.000000,0.2800,120.900000,32.600000,15586.050000
1574,Entry long,2025-11-01 03:45,3857.820000,5,54.000000,0.2800,120.900000,32.600000,15586.050000
1573,Exit short,2025-11-01 03:45,3857.820000,4,-28.160000,-0.1800,87.920000,49.960000,15532.050000
1573,Entry short,2025-10-31 23:15,3850.780000,4,-28.160000,-0.1800,87.920000,49.960000,15532.050000
1572,Exit long,2025-10-31 23:15,3850.780000,3,-66.150000,-0.5700,96.210000,102.450000,15560.210000
1572,Entry long,2025-10-31 19:30,3872.830000,3,-66.150000,-0.5700,96.210000,102.450000,15560.210000
1571,Exit short,2025-10-31 19:30,3872.830000,2,-103.920000,-1.3600,36.460000,118.020000,15626.360000
1571,Entry short,2025-10-31 17:00,3820.870000,2,-103.920000,-1.3600,36.460000,118.020000,15626.360000
1570,Exit long,2025-10-31 17:00,3820.870000,1,-20.460000,-0.5300,45.690000,28.900000,15730.280000
1570,Entry long,2025-10-31 11:45,3841.330000,1,-20.460000,-0.5300,45.690000,28.900000,15730.280000
1569,Exit long,2025-10-31 11:30,3833.610000,3,-49.950000,-0.4300,39.390000,72.450000,15750.740000
1569,Entry long,2025-10-31 09:00,3850.260000,3,-49.950000,-0.4300,39.390000,72.450000,15750.740000
1568,Exit short,2025-10-31 09:00,3850.260000,2,-52.520000,-0.6900,15.420000,57.780000,15800.690000
1568,Entry short,2025-10-31 08:00,3824.000000,2,-52.520000,-0.6900,15.420000,57.780000,15800.690000
1567,Exit long,2025-10-31 08:00,3829.430000,1,52.670000,1.3900,95.240000,10.620000,15853.210000
1567,Entry long,2025-10-30 22:45,3776.760000,1,52.670000,1.3900,95.240000,10.620000,15853.210000
1566,Exit short,2025-10-30 22:15,3770.160000,1,119.980000,3.0800,212.440000,16.270000,15800.540000
1566,Entry short,2025-10-30 10:00,3890.140000,1,119.980000,3.0800,212.440000,16.270000,15800.540000
1565,Exit long,2025-10-30 09:45,3895.000000,15,-443.100000,-0.7500,276.900000,516.000000,15680.560000
1565,Entry long,2025-10-30 07:15,3924.540000,15,-443.100000,-0.7500,276.900000,516.000000,15680.560000
1564,Exit short,2025-10-30 07:15,3924.540000,14,-544.040000,-1.0000,684.040000,620.480000,16123.660000
1564,Entry short,2025-10-30 04:15,3885.680000,14,-544.040000,-1.0000,684.040000,620.480000,16123.660000
1563,Exit long,2025-10-30 04:15,3885.680000,13,-731.770000,-1.4300,65.390000,800.540000,16667.700000
1563,Entry long,2025-10-30 02:30,3941.970000,13,-731.770000,-1.4300,65.390000,800.540000,16667.700000
1562,Exit short,2025-10-30 02:30,3941.970000,12,-970.560000,-2.0900,61.200000,1217.520000,17399.470000
1562,Entry short,2025-10-29 18:45,3861.090000,12,-970.560000,-2.0900,61.200000,1217.520000,17399.470000
1561,Exit long,2025-10-29 18:45,3861.090000,11,-1666.940000,-3.7800,49.280000,1942.930000,18370.030000
1561,Entry long,2025-10-29 18:00,4012.630000,11,-1666.940000,-3.7800,49.280000,1942.930000,18370.030000
1560,Exit short,2025-10-29 18:00,4012.630000,10,-308.200000,-0.7700,582.500000,329.600000,20036.970000
1560,Entry short,2025-10-29 14:15,3981.810000,10,-308.200000,-0.7700,582.500000,329.600000,20036.970000
1559,Exit long,2025-10-29 14:15,3989.700000,9,-207.180000,-0.5700,137.610000,380.970000,20345.170000
1559,Entry long,2025-10-29 12:45,4012.720000,9,-207.180000,-0.5700,137.610000,380.970000,20345.170000
1558,Exit short,2025-10-29 12:45,4008.950000,8,-131.680000,-0.4100,83.920000,182.560000,20552.350000
1558,Entry short,2025-10-29 09:15,3992.490000,8,-131.680000,-0.4100,83.920000,182.560000,20552.350000
1557,Exit long,2025-10-29 09:15,3992.490000,7,-87.430000,-0.3100,210.070000,104.790000,20684.030000
1557,Entry long,2025-10-29 04:15,4004.980000,7,-87.430000,-0.3100,210.070000,104.790000,20684.030000
1556,Exit short,2025-10-29 04:15,4004.980000,6,592.980000,2.4100,1072.800000,80.820000,20771.460000
1556,Entry short,2025-10-28 19:00,4103.810000,6,592.980000,2.4100,1072.800000,80.820000,20771.460000
1555,Exit long,2025-10-28 19:00,4113.200000,5,-129.500000,-0.6300,53.850000,184.800000,20178.480000
1555,Entry long,2025-10-28 17:15,4139.100000,5,-129.500000,-0.6300,53.850000,184.800000,20178.480000
1554,Exit short,2025-10-28 17:15,4138.200000,4,-202.760000,-1.2400,0.000000,224.280000,20307.980000
1554,Entry short,2025-10-28 15:45,4087.510000,4,-202.760000,-1.2400,0.000000,224.280000,20307.980000
1553,Exit long,2025-10-28 15:45,4087.510000,3,-97.470000,-0.7900,162.240000,162.000000,20510.740000
1553,Entry long,2025-10-28 13:00,4120.000000,3,-97.470000,-0.7900,162.240000,162.000000,20510.740000
1552,Exit short,2025-10-28 13:00,4120.000000,2,-35.400000,-0.4300,7.160000,44.560000,20608.210000
1552,Entry short,2025-10-28 12:30,4102.300000,2,-35.400000,-0.4300,7.160000,44.560000,20608.210000
1551,Exit long,2025-10-28 12:30,4102.300000,1,-20.110000,-0.4900,12.050000,27.410000,20643.610000
1551,Entry long,2025-10-28 07:45,4122.410000,1,-20.110000,-0.4900,12.050000,27.410000,20643.610000
1550,Exit short,2025-10-28 07:30,4119.110000,4,117.680000,0.7100,336.960000,61.040000,20663.720000
1550,Entry short,2025-10-27 20:15,4148.530000,4,117.680000,0.7100,336.960000,61.040000,20663.720000
1549,Exit long,2025-10-27 20:15,4148.530000,3,-109.290000,-0.8700,140.040000,132.360000,20546.040000
1549,Entry long,2025-10-27 16:15,4184.960000,3,-109.290000,-0.8700,140.040000,132.360000,20546.040000
1548,Exit short,2025-10-27 16:15,4184.960000,2,-50.680000,-0.6100,75.200000,66.760000,20655.330000
1548,Entry short,2025-10-27 08:30,4159.620000,2,-50.680000,-0.6100,75.200000,66.760000,20655.330000
1547,Exit long,2025-10-27 08:30,4159.620000,1,215.610000,5.4700,308.990000,5.020000,20706.010000
1547,Entry long,2025-10-26 06:30,3944.010000,1,215.610000,5.4700,308.990000,5.020000,20706.010000
1546,Exit short,2025-10-26 06:00,3940.990000,6,-57.480000,-0.2400,63.300000,82.860000,20490.400000
1546,Entry short,2025-10-26 02:00,3931.410000,6,-57.480000,-0.2400,63.300000,82.860000,20490.400000
1545,Exit long,2025-10-26 02:00,3931.410000,5,-63.500000,-0.3200,124.100000,149.050000,20547.880000
1545,Entry long,2025-10-25 18:30,3944.110000,5,-63.500000,-0.3200,124.100000,149.050000,20547.880000
1544,Exit short,2025-10-25 18:30,3944.110000,4,-34.160000,-0.2200,50.960000,38.520000,20611.380000
1544,Entry short,2025-10-25 14:45,3935.570000,4,-34.160000,-0.2200,50.960000,38.520000,20611.380000
1543,Exit long,2025-10-25 14:45,3935.570000,3,10.650000,0.0900,93.720000,27.810000,20645.540000
1543,Entry long,2025-10-25 06:15,3932.020000,3,10.650000,0.0900,93.720000,27.810000,20645.540000
1542,Exit short,2025-10-25 06:15,3932.020000,2,-25.200000,-0.3200,2.100000,31.120000,20634.890000
1542,Entry short,2025-10-25 04:00,3919.420000,2,-25.200000,-0.3200,2.100000,31.120000,20634.890000
1541,Exit long,2025-10-25 04:00,3919.420000,1,-12.020000,-0.3100,4.820000,14.220000,20660.090000
1541,Entry long,2025-10-25 02:45,3931.440000,1,-12.020000,-0.3100,4.820000,14.220000,20660.090000
1540,Exit short,2025-10-25 02:00,3931.630000,5,-68.550000,-0.3500,39.600000,100.550000,20672.110000
1540,Entry short,2025-10-25 00:45,3917.920000,5,-68.550000,-0.3500,39.600000,100.550000,20672.110000
1539,Exit long,2025-10-25 00:45,3921.760000,4,-45.760000,-0.2900,42.440000,80.360000,20740.660000
1539,Entry long,2025-10-24 19:30,3933.200000,4,-45.760000,-0.2900,42.440000,80.360000,20740.660000
1538,Exit short,2025-10-24 19:30,3932.680000,3,-9.900000,-0.0800,195.300000,47.640000,20786.420000
1538,Entry short,2025-10-24 14:00,3929.380000,3,-9.900000,-0.0800,195.300000,47.640000,20786.420000
1537,Exit long,2025-10-24 14:00,3945.000000,2,165.360000,2.1400,328.320000,12.640000,20796.320000
1537,Entry long,2025-10-24 00:45,3862.320000,2,165.360000,2.1400,328.320000,12.640000,20796.320000
1536,Exit short,2025-10-24 00:45,3860.430000,1,-5.710000,-0.1500,37.840000,10.280000,20630.960000
1536,Entry short,2025-10-23 20:00,3854.720000,1,-5.710000,-0.1500,37.840000,10.280000,20630.960000
1535,Exit long,2025-10-23 19:45,3856.420000,9,-223.290000,-0.6400,469.530000,345.780000,20636.670000
1535,Entry long,2025-10-23 16:00,3881.230000,9,-223.290000,-0.6400,469.530000,345.780000,20636.670000
1534,Exit short,2025-10-23 16:00,3874.870000,8,-246.320000,-0.8000,296.560000,334.400000,20859.960000
1534,Entry short,2025-10-23 12:15,3844.080000,8,-246.320000,-0.8000,296.560000,334.400000,20859.960000
1533,Exit long,2025-10-23 12:15,3844.080000,7,238.560000,0.8900,668.290000,63.070000,21106.280000
1533,Entry long,2025-10-23 00:15,3810.000000,7,238.560000,0.8900,668.290000,63.070000,21106.280000
1532,Exit short,2025-10-23 00:15,3810.000000,6,3.000000,0.0100,625.140000,317.640000,20867.720000
1532,Entry short,2025-10-22 14:30,3810.500000,6,3.000000,0.0100,625.140000,317.640000,20867.720000
1531,Exit long,2025-10-22 14:30,3810.500000,5,-233.100000,-1.2100,92.200000,375.600000,20864.720000
1531,Entry long,2025-10-22 13:15,3857.120000,5,-233.100000,-1.2100,92.200000,375.600000,20864.720000
1530,Exit short,2025-10-22 13:15,3857.120000,4,373.720000,2.3600,742.200000,56.320000,21097.820000
1530,Entry short,2025-10-21 20:30,3950.550000,4,373.720000,2.3600,742.200000,56.320000,21097.820000
1529,Exit long,2025-10-21 20:30,3950.550000,3,75.210000,0.6400,548.790000,42.750000,20724.100000
1529,Entry long,2025-10-21 14:15,3925.480000,3,75.210000,0.6400,548.790000,42.750000,20724.100000
1528,Exit short,2025-10-21 14:15,3925.480000,2,-121.420000,-1.5700,2.740000,121.960000,20648.890000
1528,Entry short,2025-10-21 14:00,3864.770000,2,-121.420000,-1.5700,2.740000,121.960000,20648.890000
1527,Exit long,2025-10-21 14:00,3864.770000,1,-28.220000,-0.7200,24.010000,42.790000,20770.310000
1527,Entry long,2025-10-21 12:15,3892.990000,1,-28.220000,-0.7200,24.010000,42.790000,20770.310000
1526,Exit short,2025-10-21 12:00,3888.340000,7,619.150000,2.2200,970.060000,55.230000,20798.530000
1526,Entry short,2025-10-21 00:00,3976.790000,7,619.150000,2.2200,970.060000,55.230000,20798.530000
1525,Exit long,2025-10-21 00:00,3977.540000,6,-106.740000,-0.4500,39.780000,159.540000,20179.380000
1525,Entry long,2025-10-20 20:45,3995.330000,6,-106.740000,-0.4500,39.780000,159.540000,20179.380000
1524,Exit short,2025-10-20 20:45,3991.650000,5,163.300000,0.8100,520.050000,123.250000,20286.120000
1524,Entry short,2025-10-20 11:00,4024.310000,5,163.300000,0.8100,520.050000,123.250000,20286.120000
1523,Exit long,2025-10-20 11:00,4024.310000,4,-6.240000,-0.0400,236.520000,49.880000,20122.820000
1523,Entry long,2025-10-20 04:00,4025.870000,4,-6.240000,-0.0400,236.520000,49.880000,20122.820000
1522,Exit short,2025-10-20 04:00,4025.870000,3,-213.060000,-1.8000,143.880000,255.450000,20129.060000
1522,Entry short,2025-10-20 00:15,3954.850000,3,-213.060000,-1.8000,143.880000,255.450000,20129.060000
1521,Exit long,2025-10-20 00:15,3954.850000,2,87.180000,1.1100,237.480000,28.820000,20342.120000
1521,Entry long,2025-10-19 10:00,3911.260000,2,87.180000,1.1100,237.480000,28.820000,20342.120000
1520,Exit short,2025-10-19 10:00,3911.260000,1,-31.330000,-0.8100,69.930000,80.070000,20254.940000
1520,Entry short,2025-10-19 07:45,3879.930000,1,-31.330000,-0.8100,69.930000,80.070000,20254.940000
1519,Exit long,2025-10-19 07:00,3879.360000,5,-91.400000,-0.4700,109.200000,130.700000,20286.270000
1519,Entry long,2025-10-19 03:45,3897.640000,5,-91.400000,-0.4700,109.200000,130.700000,20286.270000
1518,Exit short,2025-10-19 03:45,3897.640000,4,-72.520000,-0.4700,103.920000,90.000000,20377.670000
1518,Entry short,2025-10-19 00:30,3879.510000,4,-72.520000,-0.4700,103.920000,90.000000,20377.670000
1517,Exit long,2025-10-19 00:30,3879.510000,3,-16.470000,-0.1400,68.760000,53.040000,20450.190000
1517,Entry long,2025-10-18 17:30,3885.000000,3,-16.470000,-0.1400,68.760000,53.040000,20450.190000
1516,Exit short,2025-10-18 17:30,3885.000000,2,-38.180000,-0.4900,39.600000,48.180000,20466.660000
1516,Entry short,2025-10-18 13:30,3865.910000,2,-38.180000,-0.4900,39.600000,48.180000,20466.660000
1515,Exit long,2025-10-18 13:30,3872.160000,1,10.850000,0.2800,64.690000,2.140000,20504.840000
1515,Entry long,2025-10-18 05:45,3861.310000,1,10.850000,0.2800,64.690000,2.140000,20504.840000
1514,Exit long,2025-10-18 05:00,3842.150000,4,-16.640000,-0.1100,137.280000,30.000000,20493.990000
1514,Entry long,2025-10-18 01:15,3846.310000,4,-16.640000,-0.1100,137.280000,30.000000,20493.990000
1513,Exit short,2025-10-18 01:15,3846.310000,3,-77.580000,-0.6800,9.720000,91.410000,20510.630000
1513,Entry short,2025-10-18 00:15,3820.450000,3,-77.580000,-0.6800,9.720000,91.410000,20510.630000
1512,Exit long,2025-10-18 00:15,3820.450000,2,48.840000,0.6400,171.940000,38.060000,20588.210000
1512,Entry long,2025-10-17 16:00,3796.030000,2,48.840000,0.6400,171.940000,38.060000,20588.210000
1511,Exit short,2025-10-17 16:00,3796.030000,1,-42.190000,-1.1200,41.330000,45.900000,20539.370000
1511,Entry short,2025-10-17 14:30,3753.840000,1,-42.190000,-1.1200,41.330000,45.900000,20539.370000
1510,Exit short,2025-10-17 14:15,3780.410000,1,-24.150000,-0.6400,18.260000,51.740000,20581.560000
1510,Entry short,2025-10-17 13:15,3756.260000,1,-24.150000,-0.6400,18.260000,51.740000,20581.560000
1509,Exit short,2025-10-17 12:45,3785.730000,6,649.080000,2.7800,1337.460000,68.220000,20605.710000
1509,Entry short,2025-10-17 06:00,3893.910000,6,649.080000,2.7800,1337.460000,68.220000,20605.710000
1508,Exit long,2025-10-17 06:00,3893.910000,5,-91.200000,-0.4700,179.550000,101.600000,19956.630000
1508,Entry long,2025-10-17 00:30,3912.150000,5,-91.200000,-0.4700,179.550000,101.600000,19956.630000
1507,Exit short,2025-10-17 00:30,3912.150000,4,293.520000,1.8400,652.120000,289.880000,20047.830000
1507,Entry short,2025-10-16 14:15,3985.530000,4,293.520000,1.8400,652.120000,289.880000,20047.830000
1506,Exit long,2025-10-16 14:15,3985.530000,3,-128.190000,-1.0600,183.240000,141.510000,19754.310000
1506,Entry long,2025-10-16 10:00,4028.260000,3,-128.190000,-1.0600,183.240000,141.510000,19754.310000
1505,Exit short,2025-10-16 10:00,4028.260000,2,-77.100000,-0.9700,104.820000,114.580000,19882.500000
1505,Entry short,2025-10-16 08:30,3989.710000,2,-77.100000,-0.9700,104.820000,114.580000,19882.500000
1504,Exit long,2025-10-16 08:30,3993.940000,1,-22.320000,-0.5600,33.740000,26.550000,19959.600000
1504,Entry long,2025-10-16 06:30,4016.260000,1,-22.320000,-0.5600,33.740000,26.550000,19959.600000
1503,Exit long,2025-10-16 06:15,4000.000000,5,35.750000,0.1800,210.750000,80.950000,19981.920000
1503,Entry long,2025-10-16 00:30,3992.850000,5,35.750000,0.1800,210.750000,80.950000,19981.920000
1502,Exit short,2025-10-16 00:30,3992.850000,4,478.040000,2.9100,749.440000,8.640000,19946.170000
1502,Entry short,2025-10-15 11:15,4112.360000,4,478.040000,2.9100,749.440000,8.640000,19946.170000
1501,Exit long,2025-10-15 11:15,4112.360000,3,-28.920000,-0.2300,282.360000,60.660000,19468.130000
1501,Entry long,2025-10-15 07:00,4122.000000,3,-28.920000,-0.2300,282.360000,60.660000,19468.130000
1500,Exit short,2025-10-15 07:00,4116.640000,2,-39.640000,-0.4800,50.640000,50.360000,19497.050000
1500,Entry short,2025-10-15 06:15,4096.820000,2,-39.640000,-0.4800,50.640000,50.360000,19497.050000
1499,Exit long,2025-10-15 06:15,4098.700000,1,-16.090000,-0.3900,2.630000,28.400000,19536.690000
1499,Entry long,2025-10-15 06:00,4114.790000,1,-16.090000,-0.3900,2.630000,28.400000,19536.690000
1498,Exit short,2025-10-15 05:45,4108.960000,10,-154.300000,-0.3800,345.300000,298.600000,19552.780000
1498,Entry short,2025-10-15 03:30,4093.530000,10,-154.300000,-0.3800,345.300000,298.600000,19552.780000
1497,Exit long,2025-10-15 03:30,4095.520000,9,-245.160000,-0.6600,195.570000,372.870000,19707.080000
1497,Entry long,2025-10-15 02:15,4122.760000,9,-245.160000,-0.6600,195.570000,372.870000,19707.080000
1496,Exit short,2025-10-15 02:15,4122.760000,8,-305.440000,-0.9300,32.000000,310.960000,19952.240000
1496,Entry short,2025-10-15 01:30,4084.580000,8,-305.440000,-0.9300,32.000000,310.960000,19952.240000
1495,Exit long,2025-10-15 01:30,4084.620000,7,448.490000,1.5900,998.900000,-0.000000,20257.680000
1495,Entry long,2025-10-14 15:45,4020.550000,7,448.490000,1.5900,998.900000,-0.000000,20257.680000
1494,Exit short,2025-10-14 15:45,4020.550000,6,1170.300000,4.6300,1983.060000,87.720000,19809.190000
1494,Entry short,2025-10-14 01:15,4215.600000,6,1170.300000,4.6300,1983.060000,87.720000,19809.190000
1493,Exit long,2025-10-14 01:15,4215.600000,5,337.450000,1.6300,724.600000,106.500000,18638.890000
1493,Entry long,2025-10-13 16:15,4148.110000,5,337.450000,1.6300,724.600000,106.500000,18638.890000
1492,Exit short,2025-10-13 16:15,4148.110000,4,-0.040000,-0.0000,455.920000,127.160000,18301.440000
1492,Entry short,2025-10-13 10:30,4148.100000,4,-0.040000,-0.0000,455.920000,127.160000,18301.440000
1491,Exit long,2025-10-13 10:30,4152.030000,3,-20.700000,-0.1700,112.860000,65.970000,18301.480000
1491,Entry long,2025-10-13 06:45,4158.930000,3,-20.700000,-0.1700,112.860000,65.970000,18301.480000
1490,Exit short,2025-10-13 06:45,4153.000000,2,-62.620000,-0.7600,13.380000,119.080000,18322.180000
1490,Entry short,2025-10-13 04:30,4121.690000,2,-62.620000,-0.7600,13.380000,119.080000,18322.180000
1489,Exit long,2025-10-13 04:30,4121.690000,1,291.670000,7.6200,389.410000,14.340000,18384.800000
1489,Entry long,2025-10-12 14:30,3830.020000,1,291.670000,7.6200,389.410000,14.340000,18384.800000
1488,Exit long,2025-10-12 14:00,3808.150000,2,56.500000,0.7500,172.320000,11.640000,18093.130000
1488,Entry long,2025-10-12 03:30,3779.900000,2,56.500000,0.7500,172.320000,11.640000,18093.130000
1487,Exit short,2025-10-12 03:30,3779.900000,1,31.460000,0.8300,171.360000,12.250000,18036.630000
1487,Entry short,2025-10-11 18:30,3811.360000,1,31.460000,0.8300,171.360000,12.250000,18036.630000
1486,Exit long,2025-10-11 18:15,3814.500000,5,-131.100000,-0.6800,46.400000,168.600000,18005.170000
1486,Entry long,2025-10-11 15:15,3840.720000,5,-131.100000,-0.6800,46.400000,168.600000,18005.170000
1485,Exit short,2025-10-11 15:15,3840.720000,4,-155.440000,-1.0200,18.840000,206.280000,18136.270000
1485,Entry short,2025-10-11 14:30,3801.860000,4,-155.440000,-1.0200,18.840000,206.280000,18136.270000
1484,Exit long,2025-10-11 14:30,3801.860000,3,-86.340000,-0.7500,76.080000,142.710000,18291.710000
1484,Entry long,2025-10-11 09:15,3830.640000,3,-86.340000,-0.7500,76.080000,142.710000,18291.710000
1483,Exit short,2025-10-11 09:15,3830.640000,2,975.460000,11.2900,1836.740000,25.260000,18378.050000
1483,Entry short,2025-10-10 14:45,4318.370000,2,975.460000,11.2900,1836.740000,25.260000,18378.050000
1482,Exit long,2025-10-10 14:45,4328.580000,1,-16.910000,-0.3900,42.940000,27.120000,17402.590000
1482,Entry long,2025-10-10 12:45,4345.490000,1,-16.910000,-0.3900,42.940000,27.120000,17402.590000
1481,Exit short,2025-10-10 12:30,4342.680000,1,0.020000,0.0000,31.700000,33.300000,17419.500000
1481,Entry short,2025-10-10 04:30,4342.700000,1,0.020000,0.0000,31.700000,33.300000,17419.500000
1480,Exit long,2025-10-10 04:15,4355.140000,15,242.100000,0.3700,795.000000,109.500000,17419.480000
1480,Entry long,2025-10-09 20:45,4339.000000,15,242.100000,0.3700,795.000000,109.500000,17419.480000
1479,Exit short,2025-10-09 20:45,4339.000000,14,145.040000,0.2400,1215.340000,335.440000,17177.380000
1479,Entry short,2025-10-09 14:00,4349.360000,14,145.040000,0.2400,1215.340000,335.440000,17177.380000
1478,Exit long,2025-10-09 14:00,4349.360000,13,-694.590000,-1.2100,61.230000,743.340000,17032.340000
1478,Entry long,2025-10-09 12:45,4402.790000,13,-694.590000,-1.2100,61.230000,743.340000,17032.340000
1477,Exit short,2025-10-09 12:45,4402.790000,12,1135.560000,2.1000,2169.960000,30.960000,17726.930000
1477,Entry short,2025-10-09 01:15,4497.420000,12,1135.560000,2.1000,2169.960000,30.960000,17726.930000
1476,Exit long,2025-10-09 01:15,4497.420000,11,-158.070000,-0.3200,494.560000,184.580000,16591.370000
1476,Entry long,2025-10-08 17:15,4511.790000,11,-158.070000,-0.3200,494.560000,184.580000,16591.370000
1475,Exit short,2025-10-08 17:15,4511.790000,10,-479.200000,-1.0700,292.800000,501.100000,16749.440000
1475,Entry short,2025-10-08 14:45,4463.870000,10,-479.200000,-1.0700,292.800000,501.100000,16749.440000
1474,Exit long,2025-10-08 14:45,4463.870000,9,-254.790000,-0.6300,127.980000,331.110000,17228.640000
1474,Entry long,2025-10-08 14:15,4492.180000,9,-254.790000,-0.6300,127.980000,331.110000,17228.640000
1473,Exit short,2025-10-08 14:15,4492.180000,8,-301.280000,-0.8500,146.880000,539.840000,17483.430000
1473,Entry short,2025-10-08 13:45,4454.520000,8,-301.280000,-0.8500,146.880000,539.840000,17483.430000
1472,Exit long,2025-10-08 13:45,4454.520000,7,-108.290000,-0.3500,245.070000,164.360000,17784.710000
1472,Entry long,2025-10-08 08:30,4469.990000,7,-108.290000,-0.3500,245.070000,164.360000,17784.710000
1471,Exit short,2025-10-08 08:30,4469.990000,6,948.120000,3.4100,1315.920000,108.480000,17893.000000
1471,Entry short,2025-10-07 14:30,4628.010000,6,948.120000,3.4100,1315.920000,108.480000,17893.000000
1470,Exit long,2025-10-07 14:30,4628.010000,5,-338.550000,-1.4400,291.400000,360.900000,16944.880000
1470,Entry long,2025-10-07 10:30,4695.720000,5,-338.550000,-1.4400,291.400000,360.900000,16944.880000
1469,Exit short,2025-10-07 10:30,4685.740000,4,-67.400000,-0.3600,131.560000,107.320000,17283.430000
1469,Entry short,2025-10-07 06:45,4668.890000,4,-67.400000,-0.3600,131.560000,107.320000,17283.430000
1468,Exit long,2025-10-07 06:45,4668.890000,3,-64.530000,-0.4600,120.750000,80.760000,17350.830000
1468,Entry long,2025-10-07 04:30,4690.400000,3,-64.530000,-0.4600,120.750000,80.760000,17350.830000
1467,Exit short,2025-10-07 04:30,4690.400000,2,-18.860000,-0.2000,7.780000,18.880000,17415.360000
1467,Entry short,2025-10-07 04:15,4680.970000,2,-18.860000,-0.2000,7.780000,18.880000,17415.360000
1466,Exit long,2025-10-07 04:15,4680.970000,1,-7.770000,-0.1700,1.240000,10.680000,17434.220000
1466,Entry long,2025-10-07 04:00,4688.740000,1,-7.770000,-0.1700,1.240000,10.680000,17434.220000
1465,Exit short,2025-10-07 03:45,4688.580000,4,-55.920000,-0.3000,58.280000,93.560000,17441.990000
1465,Entry short,2025-10-07 00:30,4674.600000,4,-55.920000,-0.3000,58.280000,93.560000,17441.990000
1464,Exit long,2025-10-07 00:30,4674.600000,3,437.580000,3.2200,618.750000,75.450000,17497.910000
1464,Entry long,2025-10-06 01:30,4528.740000,3,437.580000,3.2200,618.750000,75.450000,17497.910000
1463,Exit short,2025-10-06 01:30,4528.740000,2,-61.900000,-0.6900,19.220000,67.300000,17060.330000
1463,Entry short,2025-10-06 01:00,4497.790000,2,-61.900000,-0.6900,19.220000,67.300000,17060.330000
1462,Exit long,2025-10-06 01:00,4497.790000,1,-20.470000,-0.4500,33.480000,32.210000,17122.230000
1462,Entry long,2025-10-06 00:15,4518.260000,1,-20.470000,-0.4500,33.480000,32.210000,17122.230000
1461,Exit short,2025-10-05 23:30,4514.180000,6,136.620000,0.5000,397.260000,108.240000,17142.700000
1461,Entry short,2025-10-05 10:15,4536.950000,6,136.620000,0.5000,397.260000,108.240000,17142.700000
1460,Exit long,2025-10-05 10:15,4537.340000,5,273.350000,1.2200,678.850000,88.300000,17006.080000
1460,Entry long,2025-10-04 20:30,4482.670000,5,273.350000,1.2200,678.850000,88.300000,17006.080000
1459,Exit short,2025-10-04 20:30,4482.670000,4,-57.640000,-0.3200,121.040000,61.360000,16732.730000
1459,Entry short,2025-10-04 15:00,4468.260000,4,-57.640000,-0.3200,121.040000,61.360000,16732.730000
1458,Exit long,2025-10-04 15:00,4468.260000,3,-102.900000,-0.7600,21.990000,106.620000,16790.370000
1458,Entry long,2025-10-04 13:45,4502.560000,3,-102.900000,-0.7600,21.990000,106.620000,16790.370000
1457,Exit short,2025-10-04 13:45,4499.010000,2,-26.000000,-0.2900,24.200000,43.300000,16893.270000
1457,Entry short,2025-10-04 08:45,4486.010000,2,-26.000000,-0.2900,24.200000,43.300000,16893.270000
1456,Exit long,2025-10-04 08:45,4486.010000,1,-15.590000,-0.3500,14.200000,21.400000,16919.270000
1456,Entry long,2025-10-04 06:00,4501.600000,1,-15.590000,-0.3500,14.200000,21.400000,16919.270000
1455,Exit short,2025-10-04 05:30,4498.580000,8,69.680000,0.1900,378.320000,14.880000,16934.860000
1455,Entry short,2025-10-04 00:15,4507.290000,8,69.680000,0.1900,378.320000,14.880000,16934.860000
1454,Exit long,2025-10-04 00:15,4507.290000,7,54.040000,0.1700,638.820000,368.690000,16865.180000
1454,Entry long,2025-10-03 15:45,4499.570000,7,54.040000,0.1700,638.820000,368.690000,16865.180000
1453,Exit short,2025-10-03 15:45,4499.570000,6,-212.940000,-0.8000,182.640000,245.460000,16811.140000
1453,Entry short,2025-10-03 14:00,4464.080000,6,-212.940000,-0.8000,182.640000,245.460000,16811.140000
1452,Exit long,2025-10-03 14:00,4468.510000,5,-60.750000,-0.2700,111.650000,172.400000,17024.080000
1452,Entry long,2025-10-03 10:30,4480.660000,5,-60.750000,-0.2700,111.650000,172.400000,17024.080000
1451,Exit short,2025-10-03 10:30,4480.660000,4,-32.880000,-0.1800,185.760000,46.680000,17084.830000
1451,Entry short,2025-10-03 05:45,4472.440000,4,-32.880000,-0.1800,185.760000,46.680000,17084.830000
1450,Exit long,2025-10-03 05:45,4472.440000,3,-4.290000,-0.0300,255.390000,28.650000,17117.710000
1450,Entry long,2025-10-03 01:45,4473.870000,3,-4.290000,-0.0300,255.390000,28.650000,17117.710000
1449,Exit short,2025-10-03 01:45,4473.870000,2,-15.740000,-0.1800,13.980000,23.800000,17122.000000
1449,Entry short,2025-10-03 01:00,4466.000000,2,-15.740000,-0.1800,13.980000,23.800000,17122.000000
1448,Exit long,2025-10-03 01:00,4466.490000,1,-15.210000,-0.3400,0.010000,18.500000,17137.740000
1448,Entry long,2025-10-03 00:00,4481.700000,1,-15.210000,-0.3400,0.010000,18.500000,17137.740000
1447,Exit long,2025-10-02 23:30,4463.990000,1,74.170000,1.6900,126.830000,57.590000,17152.950000
1447,Entry long,2025-10-02 12:30,4389.820000,1,74.170000,1.6900,126.830000,57.590000,17152.950000
1446,Exit short,2025-10-02 12:15,4386.490000,5,-46.250000,-0.2100,16.200000,49.500000,17078.780000
1446,Entry short,2025-10-02 12:00,4377.240000,5,-46.250000,-0.2100,16.200000,49.500000,17078.780000
1445,Exit long,2025-10-02 12:00,4377.240000,4,-35.080000,-0.2000,26.160000,43.560000,17125.030000
1445,Entry long,2025-10-02 11:45,4386.010000,4,-35.080000,-0.2000,26.160000,43.560000,17125.030000
1444,Exit short,2025-10-02 11:45,4386.010000,3,-39.630000,-0.3000,6.480000,41.160000,17160.110000
1444,Entry short,2025-10-02 11:00,4372.800000,3,-39.630000,-0.3000,6.480000,41.160000,17160.110000
1443,Exit long,2025-10-02 11:00,4378.020000,2,97.900000,1.1300,186.460000,5.860000,17199.740000
1443,Entry long,2025-10-01 23:30,4329.070000,2,97.900000,1.1300,186.460000,5.860000,17199.740000
1442,Exit short,2025-10-01 23:30,4329.070000,1,-20.640000,-0.4800,1.910000,23.650000,17101.840000
1442,Entry short,2025-10-01 22:45,4308.430000,1,-20.640000,-0.4800,1.910000,23.650000,17101.840000
1441,Exit long,2025-10-01 22:30,4313.920000,1,-2.960000,-0.0700,2.180000,8.450000,17122.480000
1441,Entry long,2025-10-01 22:15,4316.880000,1,-2.960000,-0.0700,2.180000,8.450000,17122.480000
1440,Exit long,2025-10-01 22:00,4302.520000,4,551.000000,3.3100,714.080000,-0.000000,17125.440000
1440,Entry long,2025-10-01 08:30,4164.770000,4,551.000000,3.3100,714.080000,-0.000000,17125.440000
1439,Exit short,2025-10-01 08:30,4164.770000,3,-86.280000,-0.7000,44.040000,89.640000,16574.440000
1439,Entry short,2025-10-01 03:45,4136.010000,3,-86.280000,-0.7000,44.040000,89.640000,16574.440000
1438,Exit long,2025-10-01 03:45,4136.010000,2,-38.760000,-0.4700,34.160000,42.680000,16660.720000
1438,Entry long,2025-10-01 01:30,4155.390000,2,-38.760000,-0.4700,34.160000,42.680000,16660.720000
1437,Exit short,2025-10-01 01:30,4151.010000,1,-11.790000,-0.2800,18.610000,18.590000,16699.480000
1437,Entry short,2025-10-01 00:15,4139.220000,1,-11.790000,-0.2800,18.610000,18.590000,16699.480000
1436,Exit long,2025-09-30 23:30,4135.450000,4,-92.120000,-0.5500,165.640000,181.760000,16711.270000
1436,Entry long,2025-09-30 20:00,4158.480000,4,-92.120000,-0.5500,165.640000,181.760000,16711.270000
1435,Exit short,2025-09-30 20:00,4158.480000,3,110.160000,0.8800,312.600000,40.950000,16803.390000
1435,Entry short,2025-09-30 02:30,4195.200000,3,110.160000,0.8800,312.600000,40.950000,16803.390000
1434,Exit long,2025-09-30 02:30,4195.200000,2,97.960000,1.1800,201.300000,42.020000,16693.230000
1434,Entry long,2025-09-29 13:45,4146.220000,2,97.960000,1.1800,201.300000,42.020000,16693.230000
1433,Exit short,2025-09-29 13:45,4146.220000,1,-48.070000,-1.1700,18.150000,50.850000,16595.270000
1433,Entry short,2025-09-29 12:00,4098.150000,1,-48.070000,-1.1700,18.150000,50.850000,16595.270000
1432,Exit long,2025-09-29 11:30,4102.700000,16,-267.040000,-0.4100,297.760000,441.440000,16643.340000
1432,Entry long,2025-09-29 08:30,4119.390000,16,-267.040000,-0.4100,297.760000,441.440000,16643.340000
1431,Exit short,2025-09-29 08:30,4119.390000,15,-321.000000,-0.5200,176.400000,356.100000,16910.380000
1431,Entry short,2025-09-29 06:15,4097.990000,15,-321.000000,-0.5200,176.400000,356.100000,16910.380000
1430,Exit long,2025-09-29 06:15,4097.990000,14,1207.360000,2.1500,1851.360000,71.400000,17231.380000
1430,Entry long,2025-09-28 14:00,4011.750000,14,1207.360000,2.1500,1851.360000,71.400000,17231.380000
1429,Exit short,2025-09-28 14:00,4011.750000,13,-176.410000,-0.3400,456.040000,320.320000,16024.020000
1429,Entry short,2025-09-28 09:00,3998.180000,13,-176.410000,-0.3400,456.040000,320.320000,16024.020000
1428,Exit long,2025-09-28 09:00,4000.150000,12,-72.480000,-0.1500,102.720000,96.120000,16200.430000
1428,Entry long,2025-09-28 07:15,4006.190000,12,-72.480000,-0.1500,102.720000,96.120000,16200.430000
1427,Exit short,2025-09-28 07:15,4006.190000,11,-96.140000,-0.2200,0.660000,100.760000,16272.910000
1427,Entry short,2025-09-28 06:45,3997.450000,11,-96.140000,-0.2200,0.660000,100.760000,16272.910000
1426,Exit long,2025-09-28 06:45,4000.340000,10,-99.900000,-0.2500,50.600000,153.300000,16369.050000
1426,Entry long,2025-09-28 05:45,4010.330000,10,-99.900000,-0.2500,50.600000,153.300000,16369.050000
1425,Exit short,2025-09-28 05:45,4010.330000,9,-130.050000,-0.3600,34.110000,203.580000,16468.950000
1425,Entry short,2025-09-28 01:45,3995.880000,9,-130.050000,-0.3600,34.110000,203.580000,16468.950000
1424,Exit long,2025-09-28 01:45,3995.880000,8,-131.600000,-0.4100,157.280000,158.000000,16599.000000
1424,Entry long,2025-09-27 21:15,4012.330000,8,-131.600000,-0.4100,157.280000,158.000000,16599.000000
1423,Exit short,2025-09-27 21:15,4012.330000,7,-44.380000,-0.1600,184.730000,45.710000,16730.600000
1423,Entry short,2025-09-27 17:00,4005.990000,7,-44.380000,-0.1600,184.730000,45.710000,16730.600000
1422,Exit long,2025-09-27 17:00,4005.990000,6,-15.240000,-0.0600,180.540000,66.060000,16774.980000
1422,Entry long,2025-09-27 12:45,4008.530000,6,-15.240000,-0.0600,180.540000,66.060000,16774.980000
1421,Exit short,2025-09-27 12:45,4008.530000,5,-65.250000,-0.3300,9.800000,75.700000,16790.220000
1421,Entry short,2025-09-27 12:15,3995.480000,5,-65.250000,-0.3300,9.800000,75.700000,16790.220000
1420,Exit long,2025-09-27 12:15,3995.480000,4,-62.440000,-0.3900,0.040000,72.560000,16855.470000
1420,Entry long,2025-09-27 11:30,4011.090000,4,-62.440000,-0.3900,0.040000,72.560000,16855.470000
1419,Exit short,2025-09-27 11:30,4011.090000,3,4.080000,0.0300,123.000000,24.390000,16917.910000
1419,Entry short,2025-09-27 05:15,4012.450000,3,4.080000,0.0300,123.000000,24.390000,16917.910000
1418,Exit long,2025-09-27 05:15,4012.450000,2,-24.400000,-0.3000,3.500000,27.960000,16913.830000
1418,Entry long,2025-09-27 04:30,4024.650000,2,-24.400000,-0.3000,3.500000,27.960000,16913.830000
1417,Exit short,2025-09-27 04:30,4024.650000,1,-12.640000,-0.3200,4.160000,15.830000,16938.230000
1417,Entry short,2025-09-27 02:15,4012.010000,1,-12.640000,-0.3200,4.160000,15.830000,16938.230000
1416,Exit long,2025-09-27 02:00,4016.700000,1,78.270000,1.9900,127.960000,34.120000,16950.870000
1416,Entry long,2025-09-26 13:30,3938.430000,1,78.270000,1.9900,127.960000,34.120000,16950.870000
1415,Exit short,2025-09-26 13:00,3935.340000,13,-212.420000,-0.4200,624.000000,546.000000,16872.600000
1415,Entry short,2025-09-26 07:00,3919.000000,13,-212.420000,-0.4200,624.000000,546.000000,16872.600000
1414,Exit long,2025-09-26 07:00,3919.000000,12,-226.200000,-0.4800,457.680000,378.720000,17085.020000
1414,Entry long,2025-09-26 01:15,3937.850000,12,-226.200000,-0.4800,457.680000,378.720000,17085.020000
1413,Exit short,2025-09-26 01:15,3936.080000,11,2574.000000,5.6100,3828.880000,26.730000,17311.220000
1413,Entry short,2025-09-24 19:00,4170.080000,11,2574.000000,5.6100,3828.880000,26.730000,17311.220000
1412,Exit long,2025-09-24 19:00,4170.080000,10,-159.400000,-0.3800,0.000000,222.500000,14737.220000
1412,Entry long,2025-09-24 17:45,4186.020000,10,-159.400000,-0.3800,0.000000,222.500000,14737.220000
1411,Exit short,2025-09-24 17:45,4186.020000,9,-252.180000,-0.6700,7.470000,306.000000,14896.620000
1411,Entry short,2025-09-24 16:15,4158.000000,9,-252.180000,-0.6700,7.470000,306.000000,14896.620000
1410,Exit long,2025-09-24 16:15,4158.000000,8,-270.080000,-0.8100,33.760000,316.320000,15148.800000
1410,Entry long,2025-09-24 15:00,4191.760000,8,-270.080000,-0.8100,33.760000,316.320000,15148.800000
1409,Exit short,2025-09-24 15:00,4191.760000,7,-302.890000,-1.0400,4.550000,395.500000,15418.880000
1409,Entry short,2025-09-24 14:00,4148.490000,7,-302.890000,-1.0400,4.550000,395.500000,15418.880000
1408,Exit long,2025-09-24 14:00,4148.490000,6,-159.060000,-0.6300,132.360000,180.000000,15721.770000
1408,Entry long,2025-09-24 06:15,4175.000000,6,-159.060000,-0.6300,132.360000,180.000000,15721.770000
1407,Exit short,2025-09-24 06:15,4175.000000,5,-50.000000,-0.2400,475.000000,68.800000,15880.830000
1407,Entry short,2025-09-24 03:00,4165.000000,5,-50.000000,-0.2400,475.000000,68.800000,15880.830000
1406,Exit long,2025-09-24 03:00,4167.450000,4,-64.080000,-0.3800,33.120000,101.880000,15930.830000
1406,Entry long,2025-09-24 00:30,4183.470000,4,-64.080000,-0.3800,33.120000,101.880000,15930.830000
1405,Exit short,2025-09-24 00:30,4183.470000,3,-71.400000,-0.5700,10.980000,99.990000,15994.910000
1405,Entry short,2025-09-24 00:00,4159.670000,3,-71.400000,-0.5700,10.980000,99.990000,15994.910000
1404,Exit long,2025-09-24 00:00,4162.250000,2,-47.440000,-0.5700,3.260000,55.040000,16066.310000
1404,Entry long,2025-09-23 21:45,4185.970000,2,-47.440000,-0.5700,3.260000,55.040000,16066.310000
1403,Exit short,2025-09-23 21:45,4185.970000,1,-2.330000,-0.0600,48.320000,26.090000,16113.750000
1403,Entry short,2025-09-23 11:00,4183.640000,1,-2.330000,-0.0600,48.320000,26.090000,16113.750000
1402,Exit long,2025-09-23 10:45,4188.450000,22,98.780000,0.1100,1014.200000,168.740000,16116.080000
1402,Entry long,2025-09-23 05:30,4183.960000,22,98.780000,0.1100,1014.200000,168.740000,16116.080000
1401,Exit short,2025-09-23 05:30,4183.960000,21,-456.330000,-0.5200,1045.800000,711.690000,16017.300000
1401,Entry short,2025-09-23 02:00,4162.230000,21,-456.330000,-0.5200,1045.800000,711.690000,16017.300000
1400,Exit long,2025-09-23 02:00,4162.230000,20,-514.400000,-0.6100,440.800000,534.400000,16473.630000
1400,Entry long,2025-09-22 21:15,4187.950000,20,-514.400000,-0.6100,440.800000,534.400000,16473.630000
1399,Exit short,2025-09-22 21:15,4179.140000,19,-131.670000,-0.1700,1007.950000,299.060000,16988.030000
1399,Entry short,2025-09-22 15:15,4172.210000,19,-131.670000,-0.1700,1007.950000,299.060000,16988.030000
1398,Exit long,2025-09-22 15:15,4172.210000,18,-627.120000,-0.8300,187.920000,723.420000,17119.700000
1398,Entry long,2025-09-22 14:15,4207.050000,18,-627.120000,-0.8300,187.920000,723.420000,17119.700000
1397,Exit short,2025-09-22 14:15,4196.000000,17,4697.780000,6.1800,8014.820000,68.340000,17746.820000
1397,Entry short,2025-09-21 21:15,4472.340000,17,4697.780000,6.1800,8014.820000,68.340000,17746.820000
1396,Exit long,2025-09-21 21:15,4473.650000,16,58.400000,0.0800,432.160000,127.040000,13049.040000
1396,Entry long,2025-09-21 13:45,4470.000000,16,58.400000,0.0800,432.160000,127.040000,13049.040000
1395,Exit short,2025-09-21 13:45,4468.810000,15,-47.850000,-0.0700,383.250000,215.700000,12990.640000
1395,Entry short,2025-09-21 08:30,4465.620000,15,-47.850000,-0.0700,383.250000,215.700000,12990.640000
1394,Exit long,2025-09-21 08:30,4465.620000,14,-336.280000,-0.5400,0.000000,344.540000,13038.490000
1394,Entry long,2025-09-21 06:45,4489.640000,14,-336.280000,-0.5400,0.000000,344.540000,13038.490000
1393,Exit short,2025-09-21 06:45,4489.640000,13,-142.090000,-0.2400,317.460000,164.840000,13374.770000
1393,Entry short,2025-09-20 23:45,4478.710000,13,-142.090000,-0.2400,317.460000,164.840000,13374.770000
1392,Exit long,2025-09-20 23:45,4478.710000,12,-80.880000,-0.1500,171.360000,96.960000,13516.860000
1392,Entry long,2025-09-20 21:00,4485.450000,12,-80.880000,-0.1500,171.360000,96.960000,13516.860000
1391,Exit short,2025-09-20 21:00,4481.780000,11,-121.550000,-0.2500,19.580000,161.920000,13597.740000
1391,Entry short,2025-09-20 19:00,4470.730000,11,-121.550000,-0.2500,19.580000,161.920000,13597.740000
1390,Exit long,2025-09-20 19:00,4472.790000,10,6.400000,0.0100,346.000000,48.800000,13719.290000
1390,Entry long,2025-09-20 14:45,4472.150000,10,6.400000,0.0100,346.000000,48.800000,13719.290000
1389,Exit short,2025-09-20 14:45,4472.150000,9,-88.380000,-0.2200,82.080000,112.050000,13712.890000
1389,Entry short,2025-09-20 09:30,4462.330000,9,-88.380000,-0.2200,82.080000,112.050000,13712.890000
1388,Exit long,2025-09-20 09:30,4463.000000,8,-66.080000,-0.1800,106.640000,74.000000,13801.270000
1388,Entry long,2025-09-20 04:45,4471.260000,8,-66.080000,-0.1800,106.640000,74.000000,13801.270000
1387,Exit short,2025-09-20 04:45,4471.260000,7,-101.220000,-0.3200,36.260000,103.040000,13867.350000
1387,Entry short,2025-09-20 02:15,4456.800000,7,-101.220000,-0.3200,36.260000,103.040000,13867.350000
1386,Exit long,2025-09-20 02:15,4456.800000,6,-85.200000,-0.3200,18.000000,102.000000,13968.570000
1386,Entry long,2025-09-20 00:45,4471.000000,6,-85.200000,-0.3200,18.000000,102.000000,13968.570000
1385,Exit short,2025-09-20 00:45,4471.000000,5,-85.900000,-0.3900,52.750000,88.850000,14053.770000
1385,Entry short,2025-09-19 23:15,4453.820000,5,-85.900000,-0.3900,52.750000,88.850000,14053.770000
1384,Exit long,2025-09-19 23:15,4453.820000,4,-76.720000,-0.4300,0.240000,84.720000,14139.670000
1384,Entry long,2025-09-19 22:30,4473.000000,4,-76.720000,-0.4300,0.240000,84.720000,14139.670000
1383,Exit short,2025-09-19 22:30,4470.230000,3,153.210000,1.1300,264.900000,7.380000,14216.390000
1383,Entry short,2025-09-19 14:45,4521.300000,3,153.210000,1.1300,264.900000,7.380000,14216.390000
1382,Exit long,2025-09-19 14:45,4521.300000,2,-35.400000,-0.3900,0.100000,38.900000,14063.180000
1382,Entry long,2025-09-19 14:30,4539.000000,2,-35.400000,-0.3900,0.100000,38.900000,14063.180000
1381,Exit short,2025-09-19 14:30,4531.050000,1,55.150000,1.2000,80.970000,13.800000,14098.580000
1381,Entry short,2025-09-19 03:15,4586.200000,1,55.150000,1.2000,80.970000,13.800000,14098.580000
1380,Exit long,2025-09-19 03:00,4586.880000,2,-41.960000,-0.4600,23.280000,43.320000,14043.430000
1380,Entry long,2025-09-19 00:45,4607.860000,2,-41.960000,-0.4600,23.280000,43.320000,14043.430000
1379,Exit short,2025-09-19 00:45,4607.860000,1,-15.630000,-0.3400,23.830000,18.770000,14085.390000
1379,Entry short,2025-09-18 21:15,4592.230000,1,-15.630000,-0.3400,23.830000,18.770000,14085.390000
1378,Exit long,2025-09-18 20:00,4586.540000,3,-55.710000,-0.4000,89.190000,81.330000,14101.020000
1378,Entry long,2025-09-18 14:15,4605.110000,3,-55.710000,-0.4000,89.190000,81.330000,14101.020000
1377,Exit short,2025-09-18 14:15,4605.110000,2,-70.220000,-0.7700,29.660000,95.000000,14156.730000
1377,Entry short,2025-09-18 10:30,4570.000000,2,-70.220000,-0.7700,29.660000,95.000000,14156.730000
1376,Exit long,2025-09-18 10:30,4570.000000,1,-31.120000,-0.6800,0.880000,33.450000,14226.950000
1376,Entry long,2025-09-18 09:15,4601.120000,1,-31.120000,-0.6800,0.880000,33.450000,14226.950000
1375,Exit short,2025-09-18 09:00,4599.650000,3,-49.950000,-0.3600,93.750000,70.470000,14258.070000
1375,Entry short,2025-09-18 06:00,4583.000000,3,-49.950000,-0.3600,93.750000,70.470000,14258.070000
1374,Exit long,2025-09-18 06:00,4587.990000,2,146.360000,1.6200,255.580000,61.780000,14308.020000
1374,Entry long,2025-09-17 19:45,4514.810000,2,146.360000,1.6200,255.580000,61.780000,14308.020000
1373,Exit short,2025-09-17 19:45,4506.100000,1,-3.840000,-0.0900,98.180000,29.900000,14161.660000
1373,Entry short,2025-09-17 09:30,4502.260000,1,-3.840000,-0.0900,98.180000,29.900000,14161.660000
1372,Exit long,2025-09-17 09:15,4504.000000,5,-65.050000,-0.2900,185.400000,105.850000,14165.500000
1372,Entry long,2025-09-17 06:30,4517.010000,5,-65.050000,-0.2900,185.400000,105.850000,14165.500000
1371,Exit short,2025-09-17 06:30,4517.010000,4,-96.000000,-0.5300,126.520000,125.680000,14230.550000
1371,Entry short,2025-09-17 04:15,4493.010000,4,-96.000000,-0.5300,126.520000,125.680000,14230.550000
1370,Exit long,2025-09-17 04:15,4498.170000,3,-6.720000,-0.0500,153.240000,109.710000,14326.550000
1370,Entry long,2025-09-16 17:30,4500.410000,3,-6.720000,-0.0500,153.240000,109.710000,14326.550000
1369,Exit short,2025-09-16 17:30,4500.410000,2,7.280000,0.0800,166.080000,51.700000,14333.270000
1369,Entry short,2025-09-16 06:45,4504.050000,2,7.280000,0.0800,166.080000,51.700000,14333.270000
1368,Exit long,2025-09-16 06:45,4504.050000,1,-22.020000,-0.4900,8.800000,35.100000,14325.990000
1368,Entry long,2025-09-16 05:15,4526.070000,1,-22.020000,-0.4900,8.800000,35.100000,14325.990000
1367,Exit long,2025-09-16 04:30,4512.350000,3,8.430000,0.0600,80.310000,73.560000,14348.010000
1367,Entry long,2025-09-15 21:00,4509.540000,3,8.430000,0.0600,80.310000,73.560000,14348.010000
1366,Exit short,2025-09-15 21:00,4508.530000,2,192.960000,2.1000,284.020000,7.640000,14339.580000
1366,Entry short,2025-09-15 07:45,4605.010000,2,192.960000,2.1000,284.020000,7.640000,14339.580000
1365,Exit long,2025-09-15 07:45,4605.010000,1,-14.490000,-0.3100,48.500000,27.520000,14146.620000
1365,Entry long,2025-09-15 03:00,4619.500000,1,-14.490000,-0.3100,48.500000,27.520000,14146.620000
1364,Exit short,2025-09-15 02:30,4615.890000,4,-47.560000,-0.2600,103.960000,98.720000,14161.110000
1364,Entry short,2025-09-14 23:45,4604.000000,4,-47.560000,-0.2600,103.960000,98.720000,14161.110000
1363,Exit long,2025-09-14 23:45,4604.000000,3,-47.850000,-0.3500,45.150000,70.890000,14208.670000
1363,Entry long,2025-09-14 19:45,4619.950000,3,-47.850000,-0.3500,45.150000,70.890000,14208.670000
1362,Exit short,2025-09-14 19:45,4619.950000,2,79.240000,0.8500,169.140000,26.080000,14256.520000
1362,Entry short,2025-09-14 07:00,4659.570000,2,79.240000,0.8500,169.140000,26.080000,14256.520000
1361,Exit long,2025-09-14 07:00,4664.690000,1,-10.040000,-0.2100,5.260000,16.730000,14177.280000
1361,Entry long,2025-09-14 05:30,4674.730000,1,-10.040000,-0.2100,5.260000,16.730000,14177.280000
1360,Exit long,2025-09-14 04:30,4656.730000,1,-4.330000,-0.0900,30.240000,30.240000,14187.320000
1360,Entry long,2025-09-13 22:00,4661.060000,1,-4.330000,-0.0900,30.240000,30.240000,14187.320000
1359,Exit short,2025-09-13 21:30,4660.400000,22,1091.420000,1.0500,2354.220000,22.000000,14191.650000
1359,Entry short,2025-09-13 13:45,4710.010000,22,1091.420000,1.0500,2354.220000,22.000000,14191.650000
1358,Exit long,2025-09-13 13:45,4710.010000,21,-262.080000,-0.2600,6.090000,262.290000,13100.230000
1358,Entry long,2025-09-13 13:30,4722.490000,21,-262.080000,-0.2600,6.090000,262.290000,13100.230000
1357,Exit short,2025-09-13 13:30,4722.490000,20,-262.200000,-0.2800,47.000000,402.000000,13362.310000
1357,Entry short,2025-09-13 11:15,4709.380000,20,-262.200000,-0.2800,47.000000,402.000000,13362.310000
1356,Exit long,2025-09-13 11:15,4709.380000,19,-241.490000,-0.2700,308.560000,292.410000,13624.510000
1356,Entry long,2025-09-13 08:45,4722.090000,19,-241.490000,-0.2700,308.560000,292.410000,13624.510000
1355,Exit short,2025-09-13 08:45,4722.090000,18,-180.900000,-0.2100,42.300000,251.280000,13866.000000
1355,Entry short,2025-09-13 07:45,4712.040000,18,-180.900000,-0.2100,42.300000,251.280000,13866.000000
1354,Exit long,2025-09-13 07:45,4713.190000,17,2978.570000,3.8600,3910.340000,271.660000,14046.900000
1354,Entry long,2025-09-12 14:00,4537.980000,17,2978.570000,3.8600,3910.340000,271.660000,14046.900000
1353,Exit short,2025-09-12 14:00,4537.980000,16,-335.520000,-0.4600,185.120000,399.840000,11068.330000
1353,Entry short,2025-09-12 13:30,4517.010000,16,-335.520000,-0.4600,185.120000,399.840000,11068.330000
1352,Exit long,2025-09-12 13:30,4517.010000,15,-119.250000,-0.1800,50.850000,145.650000,11403.850000
1352,Entry long,2025-09-12 13:00,4524.960000,15,-119.250000,-0.1800,50.850000,145.650000,11403.850000
1351,Exit short,2025-09-12 13:00,4524.960000,14,-201.180000,-0.3200,40.040000,263.060000,11523.100000
1351,Entry short,2025-09-12 12:15,4510.590000,14,-201.180000,-0.3200,40.040000,263.060000,11523.100000
1350,Exit long,2025-09-12 12:15,4510.590000,13,-291.330000,-0.4900,7.670000,407.420000,11724.280000
1350,Entry long,2025-09-12 11:30,4533.000000,13,-291.330000,-0.4900,7.670000,407.420000,11724.280000
1349,Exit short,2025-09-12 11:30,4533.000000,12,-236.280000,-0.4400,132.120000,257.400000,12015.610000
1349,Entry short,2025-09-12 09:45,4513.310000,12,-236.280000,-0.4400,132.120000,257.400000,12015.610000
1348,Exit long,2025-09-12 09:45,4516.500000,11,983.730000,2.0200,1484.230000,53.350000,12251.890000
1348,Entry long,2025-09-11 22:00,4427.070000,11,983.730000,2.0200,1484.230000,53.350000,12251.890000
1347,Exit short,2025-09-11 22:00,4427.070000,10,-132.600000,-0.3000,6.500000,156.500000,11268.160000
1347,Entry short,2025-09-11 20:15,4413.810000,10,-132.600000,-0.3000,6.500000,156.500000,11268.160000
1346,Exit long,2025-09-11 20:15,4413.810000,9,-122.310000,-0.3100,14.400000,124.920000,11400.760000
1346,Entry long,2025-09-11 19:45,4427.400000,9,-122.310000,-0.3100,14.400000,124.920000,11400.760000
1345,Exit short,2025-09-11 19:45,4424.660000,8,-103.840000,-0.2900,5.440000,128.000000,11523.070000
1345,Entry short,2025-09-11 19:15,4411.680000,8,-103.840000,-0.2900,5.440000,128.000000,11523.070000
1344,Exit long,2025-09-11 19:15,4412.540000,7,-139.020000,-0.4500,53.200000,183.050000,11626.910000
1344,Entry long,2025-09-11 17:30,4432.400000,7,-139.020000,-0.4500,53.200000,183.050000,11626.910000
1343,Exit short,2025-09-11 17:30,4426.150000,6,-211.740000,-0.8000,50.640000,302.940000,11765.930000
1343,Entry short,2025-09-11 13:15,4390.860000,6,-211.740000,-0.8000,50.640000,302.940000,11765.930000
1342,Exit long,2025-09-11 13:15,4390.860000,5,223.750000,1.0300,686.650000,86.150000,11977.670000
1342,Entry long,2025-09-11 00:45,4346.110000,5,223.750000,1.0300,686.650000,86.150000,11977.670000
1341,Exit short,2025-09-11 00:45,4345.600000,4,-34.960000,-0.2000,0.240000,42.320000,11753.920000
1341,Entry short,2025-09-11 00:15,4336.860000,4,-34.960000,-0.2000,0.240000,42.320000,11753.920000
1340,Exit long,2025-09-11 00:15,4336.860000,3,-32.910000,-0.2500,0.000000,32.940000,11788.880000
1340,Entry long,2025-09-11 00:00,4347.830000,3,-32.910000,-0.2500,0.000000,32.940000,11788.880000
1339,Exit short,2025-09-11 00:00,4347.830000,2,-2.340000,-0.0300,99.300000,50.840000,11821.790000
1339,Entry short,2025-09-10 17:30,4346.660000,2,-2.340000,-0.0300,99.300000,50.840000,11821.790000
1338,Exit long,2025-09-10 17:30,4346.660000,1,33.760000,0.7800,140.660000,7.330000,11824.130000
1338,Entry long,2025-09-10 06:45,4312.900000,1,33.760000,0.7800,140.660000,7.330000,11824.130000
1337,Exit long,2025-09-10 06:15,4298.010000,10,-134.200000,-0.3100,141.000000,187.700000,11790.370000
1337,Entry long,2025-09-10 02:15,4311.430000,10,-134.200000,-0.3100,141.000000,187.700000,11790.370000
1336,Exit short,2025-09-10 02:15,4311.430000,9,-246.780000,-0.6400,3.420000,274.410000,11924.570000
1336,Entry short,2025-09-10 01:00,4284.010000,9,-246.780000,-0.6400,3.420000,274.410000,11924.570000
1335,Exit long,2025-09-10 01:00,4284.010000,8,-228.000000,-0.6600,43.920000,236.080000,12171.350000
1335,Entry long,2025-09-09 21:15,4312.510000,8,-228.000000,-0.6600,43.920000,236.080000,12171.350000
1334,Exit short,2025-09-09 21:15,4312.510000,7,179.760000,0.5900,442.330000,156.170000,12399.350000
1334,Entry short,2025-09-09 13:15,4338.190000,7,179.760000,0.5900,442.330000,156.170000,12399.350000
1333,Exit long,2025-09-09 13:15,4338.190000,6,174.180000,0.6700,429.660000,54.780000,12219.590000
1333,Entry long,2025-09-09 04:30,4309.160000,6,174.180000,0.6700,429.660000,54.780000,12219.590000
1332,Exit short,2025-09-09 04:30,4309.160000,5,0.500000,0.0000,171.300000,123.650000,12045.410000
1332,Entry short,2025-09-08 18:00,4309.260000,5,0.500000,0.0000,171.300000,123.650000,12045.410000
1331,Exit long,2025-09-08 18:00,4309.260000,4,-26.000000,-0.1500,267.960000,73.600000,12044.910000
1331,Entry long,2025-09-08 09:15,4315.760000,4,-26.000000,-0.1500,267.960000,73.600000,12044.910000
1330,Exit short,2025-09-08 09:15,4315.760000,3,-68.130000,-0.5300,24.840000,71.130000,12070.910000
1330,Entry short,2025-09-08 05:15,4293.050000,3,-68.130000,-0.5300,24.840000,71.130000,12070.910000
1329,Exit long,2025-09-08 05:15,4294.830000,2,-25.140000,-0.2900,44.200000,28.700000,12139.040000
1329,Entry long,2025-09-08 03:15,4307.400000,2,-25.140000,-0.2900,44.200000,28.700000,12139.040000
1328,Exit short,2025-09-08 03:15,4306.400000,1,-22.050000,-0.5100,8.140000,25.870000,12164.180000
1328,Entry short,2025-09-08 02:00,4284.350000,1,-22.050000,-0.5100,8.140000,25.870000,12164.180000
1327,Exit long,2025-09-08 01:45,4289.610000,7,-60.830000,-0.2000,264.250000,128.100000,12186.230000
1327,Entry long,2025-09-07 21:00,4298.300000,7,-60.830000,-0.2000,264.250000,128.100000,12186.230000
1326,Exit short,2025-09-07 21:00,4298.300000,6,-33.420000,-0.1300,151.740000,36.600000,12247.060000
1326,Entry short,2025-09-07 16:15,4292.730000,6,-33.420000,-0.1300,151.740000,36.600000,12247.060000
1325,Exit long,2025-09-07 16:15,4292.730000,5,-68.350000,-0.3200,17.450000,81.600000,12280.480000
1325,Entry long,2025-09-07 14:00,4306.400000,5,-68.350000,-0.3200,17.450000,81.600000,12280.480000
1324,Exit short,2025-09-07 14:00,4303.030000,4,-34.280000,-0.2000,31.760000,47.760000,12348.830000
1324,Entry short,2025-09-07 13:15,4294.460000,4,-34.280000,-0.2000,31.760000,47.760000,12348.830000
1323,Exit long,2025-09-07 13:15,4294.460000,3,-8.400000,-0.0700,50.190000,22.590000,12383.110000
1323,Entry long,2025-09-07 07:45,4297.260000,3,-8.400000,-0.0700,50.190000,22.590000,12383.110000
1322,Exit short,2025-09-07 07:45,4297.260000,2,-24.840000,-0.2900,16.120000,42.080000,12391.510000
1322,Entry short,2025-09-07 06:45,4284.840000,2,-24.840000,-0.2900,16.120000,42.080000,12391.510000
1321,Exit long,2025-09-07 06:45,4284.840000,1,7.830000,0.1800,25.500000,10.790000,12416.350000
1321,Entry long,2025-09-06 23:00,4277.010000,1,7.830000,0.1800,25.500000,10.790000,12416.350000
1320,Exit short,2025-09-06 22:15,4277.060000,1,18.720000,0.4400,75.780000,11.320000,12408.520000
1320,Entry short,2025-09-06 09:15,4295.780000,1,18.720000,0.4400,75.780000,11.320000,12408.520000
1319,Exit short,2025-09-06 09:00,4308.680000,2,-3.900000,-0.0500,36.660000,13.260000,12389.800000
1319,Entry short,2025-09-06 04:30,4306.730000,2,-3.900000,-0.0500,36.660000,13.260000,12389.800000
1318,Exit long,2025-09-06 04:30,4306.730000,1,-14.490000,-0.3400,2.090000,15.880000,12393.700000
1318,Entry long,2025-09-06 03:00,4321.220000,1,-14.490000,-0.3400,2.090000,15.880000,12393.700000
1317,Exit long,2025-09-06 02:30,4308.310000,1,-11.690000,-0.2700,1.340000,17.680000,12408.190000
1317,Entry long,2025-09-06 02:00,4320.000000,1,-11.690000,-0.2700,1.340000,17.680000,12408.190000
1316,Exit short,2025-09-06 01:00,4320.940000,1,-28.040000,-0.6500,0.070000,34.100000,12419.880000
1316,Entry short,2025-09-05 22:00,4292.900000,1,-28.040000,-0.6500,0.070000,34.100000,12419.880000
1315,Exit long,2025-09-05 21:45,4309.280000,6,-151.980000,-0.5800,37.620000,297.660000,12447.920000
1315,Entry long,2025-09-05 20:30,4334.610000,6,-151.980000,-0.5800,37.620000,297.660000,12447.920000
1314,Exit short,2025-09-05 20:30,4324.330000,5,-17.200000,-0.0800,342.100000,68.600000,12599.900000
1314,Entry short,2025-09-05 14:30,4320.890000,5,-17.200000,-0.0800,342.100000,68.600000,12599.900000
1313,Exit long,2025-09-05 14:30,4320.890000,4,-22.480000,-0.1300,671.760000,58.040000,12617.100000
1313,Entry long,2025-09-05 04:00,4326.510000,4,-22.480000,-0.1300,671.760000,58.040000,12617.100000
1312,Exit short,2025-09-05 04:00,4326.510000,3,-82.470000,-0.6400,3.060000,92.940000,12639.580000
1312,Entry short,2025-09-05 03:30,4299.020000,3,-82.470000,-0.6400,3.060000,92.940000,12639.580000
1311,Exit long,2025-09-05 03:30,4299.020000,2,-60.500000,-0.7000,8.320000,68.540000,12722.050000
1311,Entry long,2025-09-05 01:45,4329.270000,2,-60.500000,-0.7000,8.320000,68.540000,12722.050000
1310,Exit short,2025-09-05 01:45,4329.270000,1,-32.670000,-0.7600,0.860000,34.550000,12782.550000
1310,Entry short,2025-09-05 01:00,4296.600000,1,-32.670000,-0.7600,0.860000,34.550000,12782.550000
1309,Exit long,2025-09-05 00:30,4301.710000,5,-91.450000,-0.4200,156.150000,164.200000,12815.220000
1309,Entry long,2025-09-04 22:00,4320.000000,5,-91.450000,-0.4200,156.150000,164.200000,12815.220000
1308,Exit short,2025-09-04 22:00,4316.380000,4,260.440000,1.4900,473.960000,11.400000,12906.670000
1308,Entry short,2025-09-04 13:45,4381.490000,4,260.440000,1.4900,473.960000,11.400000,12906.670000
1307,Exit long,2025-09-04 13:45,4381.490000,3,-77.820000,-0.5900,73.710000,119.160000,12646.230000
1307,Entry long,2025-09-04 10:15,4407.430000,3,-77.820000,-0.5900,73.710000,119.160000,12646.230000
1306,Exit short,2025-09-04 10:15,4407.430000,2,62.140000,0.7000,170.280000,7.080000,12724.050000
1306,Entry short,2025-09-04 02:30,4438.500000,2,62.140000,0.7000,170.280000,7.080000,12724.050000
1305,Exit long,2025-09-04 02:30,4438.500000,1,-23.610000,-0.5300,6.860000,23.610000,12661.910000
1305,Entry long,2025-09-04 01:45,4462.110000,1,-23.610000,-0.5300,6.860000,23.610000,12661.910000
1304,Exit long,2025-09-04 01:30,4458.040000,10,-132.500000,-0.3000,97.000000,239.600000,12685.520000
1304,Entry long,2025-09-04 00:30,4471.290000,10,-132.500000,-0.3000,97.000000,239.600000,12685.520000
1303,Exit short,2025-09-04 00:30,4471.290000,9,-224.280000,-0.5600,38.070000,289.170000,12818.020000
1303,Entry short,2025-09-03 23:45,4446.370000,9,-224.280000,-0.5600,38.070000,289.170000,12818.020000
1302,Exit long,2025-09-03 23:45,4446.370000,8,868.080000,2.5000,1204.000000,31.440000,13042.300000
1302,Entry long,2025-09-03 09:45,4337.860000,8,868.080000,2.5000,1204.000000,31.440000,13042.300000
1301,Exit short,2025-09-03 09:45,4337.860000,7,-240.380000,-0.8000,129.640000,253.960000,12174.220000
1301,Entry short,2025-09-03 06:15,4303.520000,7,-240.380000,-0.8000,129.640000,253.960000,12174.220000
1300,Exit long,2025-09-03 06:15,4303.520000,6,-287.820000,-1.1000,0.060000,377.580000,12414.600000
1300,Entry long,2025-09-03 02:30,4351.490000,6,-287.820000,-1.1000,0.060000,377.580000,12414.600000
1299,Exit short,2025-09-03 02:30,4351.490000,5,-296.550000,-1.3800,55.900000,309.100000,12702.420000
1299,Entry short,2025-09-03 01:15,4292.180000,5,-296.550000,-1.3800,55.900000,309.100000,12702.420000
1298,Exit long,2025-09-03 01:15,4292.180000,4,-115.920000,-0.6700,59.680000,121.320000,12998.970000
1298,Entry long,2025-09-02 21:15,4321.160000,4,-115.920000,-0.6700,59.680000,121.320000,12998.970000
1297,Exit short,2025-09-02 21:15,4321.160000,3,141.120000,1.0800,341.610000,81.000000,13114.890000
1297,Entry short,2025-09-02 11:30,4368.200000,3,141.120000,1.0800,341.610000,81.000000,13114.890000
1296,Exit long,2025-09-02 11:30,4368.200000,2,75.880000,0.8800,168.940000,33.640000,12973.770000
1296,Entry long,2025-09-02 01:45,4330.260000,2,75.880000,0.8800,168.940000,33.640000,12973.770000
1295,Exit short,2025-09-02 01:45,4330.260000,1,68.000000,1.5500,192.770000,23.910000,12897.890000
1295,Entry short,2025-09-01 11:30,4398.260000,1,68.000000,1.5500,192.770000,23.910000,12897.890000
1294,Exit long,2025-09-01 11:00,4406.400000,9,-114.300000,-0.2900,638.100000,287.820000,12829.890000
1294,Entry long,2025-09-01 07:30,4419.100000,9,-114.300000,-0.2900,638.100000,287.820000,12829.890000
1293,Exit short,2025-09-01 07:30,4419.100000,8,273.120000,0.7700,773.040000,181.360000,12944.190000
1293,Entry short,2025-08-31 20:00,4453.240000,8,273.120000,0.7700,773.040000,181.360000,12944.190000
1292,Exit long,2025-08-31 20:00,4453.240000,7,-134.820000,-0.4300,115.500000,147.560000,12671.070000
1292,Entry long,2025-08-31 15:15,4472.500000,7,-134.820000,-0.4300,115.500000,147.560000,12671.070000
1291,Exit short,2025-08-31 15:15,4472.500000,6,-93.000000,-0.3500,10.260000,145.620000,12805.890000
1291,Entry short,2025-08-31 15:00,4457.000000,6,-93.000000,-0.3500,10.260000,145.620000,12805.890000
1290,Exit long,2025-08-31 15:00,4457.000000,5,-74.900000,-0.3300,130.100000,119.900000,12898.890000
1290,Entry long,2025-08-31 11:30,4471.980000,5,-74.900000,-0.3300,130.100000,119.900000,12898.890000
1289,Exit short,2025-08-31 11:30,4471.980000,4,-113.840000,-0.6400,22.080000,118.960000,12973.790000
1289,Entry short,2025-08-31 11:15,4443.520000,4,-113.840000,-0.6400,22.080000,118.960000,12973.790000
1288,Exit long,2025-08-31 11:15,4443.520000,3,232.140000,1.7700,371.130000,9.450000,13087.630000
1288,Entry long,2025-08-30 23:15,4366.140000,3,232.140000,1.7700,371.130000,9.450000,13087.630000
1287,Exit short,2025-08-30 23:15,4366.140000,2,10.300000,0.1200,83.680000,20.140000,12855.490000
1287,Entry short,2025-08-30 12:30,4371.290000,2,10.300000,0.1200,83.680000,20.140000,12855.490000
1286,Exit long,2025-08-30 12:30,4371.290000,1,9.510000,0.2200,52.670000,16.710000,12845.190000
1286,Entry long,2025-08-30 04:15,4361.780000,1,9.510000,0.2200,52.670000,16.710000,12845.190000
1285,Exit short,2025-08-30 04:00,4350.860000,5,-107.400000,-0.5000,372.050000,262.950000,12835.680000
1285,Entry short,2025-08-30 01:15,4329.380000,5,-107.400000,-0.5000,372.050000,262.950000,12835.680000
1284,Exit long,2025-08-30 01:15,4342.720000,4,18.960000,0.1100,162.080000,43.400000,12943.080000
1284,Entry long,2025-08-29 21:30,4337.980000,4,18.960000,0.1100,162.080000,43.400000,12943.080000
1283,Exit short,2025-08-29 21:30,4337.980000,3,-53.460000,-0.4100,51.780000,57.750000,12924.120000
1283,Entry short,2025-08-29 21:00,4320.160000,3,-53.460000,-0.4100,51.780000,57.750000,12924.120000
1282,Exit long,2025-08-29 21:00,4320.160000,2,-77.680000,-0.8900,12.540000,96.540000,12977.580000
1282,Entry long,2025-08-29 19:45,4359.000000,2,-77.680000,-0.8900,12.540000,96.540000,12977.580000
1281,Exit short,2025-08-29 19:45,4347.660000,1,-2.140000,-0.0500,81.230000,14.480000,13055.260000
1281,Entry short,2025-08-29 13:45,4345.520000,1,-2.140000,-0.0500,81.230000,14.480000,13055.260000
1280,Exit short,2025-08-29 13:15,4398.780000,1,68.810000,1.5400,151.390000,17.970000,13057.400000
1280,Entry short,2025-08-29 05:15,4467.590000,1,68.810000,1.5400,151.390000,17.970000,13057.400000
1279,Exit short,2025-08-29 04:00,4487.560000,6,-124.320000,-0.4600,208.500000,216.600000,12988.590000
1279,Entry short,2025-08-29 01:15,4466.840000,6,-124.320000,-0.4600,208.500000,216.600000,12988.590000
1278,Exit long,2025-08-29 01:15,4466.840000,5,-206.900000,-0.9200,32.200000,243.000000,13112.910000
1278,Entry long,2025-08-28 22:45,4508.220000,5,-206.900000,-0.9200,32.200000,243.000000,13112.910000
1277,Exit short,2025-08-28 22:45,4502.490000,4,281.440000,1.5400,591.400000,68.560000,13319.810000
1277,Entry short,2025-08-28 14:00,4572.850000,4,281.440000,1.5400,591.400000,68.560000,13319.810000
1276,Exit long,2025-08-28 14:00,4572.850000,3,95.610000,0.7000,276.420000,27.240000,13038.370000
1276,Entry long,2025-08-28 03:45,4540.980000,3,95.610000,0.7000,276.420000,27.240000,13038.370000
1275,Exit short,2025-08-28 03:45,4540.980000,2,96.560000,1.0500,248.520000,47.180000,12942.760000
1275,Entry short,2025-08-27 19:00,4589.260000,2,96.560000,1.0500,248.520000,47.180000,12942.760000
1274,Exit long,2025-08-27 19:00,4589.260000,1,-5.320000,-0.1200,67.920000,21.680000,12846.200000
1274,Entry long,2025-08-27 11:15,4594.580000,1,-5.320000,-0.1200,67.920000,21.680000,12846.200000
1273,Exit long,2025-08-27 11:00,4579.210000,8,-243.600000,-0.6600,45.120000,340.560000,12851.520000
1273,Entry long,2025-08-27 09:30,4609.660000,8,-243.600000,-0.6600,45.120000,340.560000,12851.520000
1272,Exit short,2025-08-27 09:30,4609.660000,7,-278.320000,-0.8700,118.300000,342.020000,13095.120000
1272,Entry short,2025-08-27 07:30,4569.900000,7,-278.320000,-0.8700,118.300000,342.020000,13095.120000
1271,Exit long,2025-08-27 07:30,4569.900000,6,-187.080000,-0.6800,257.100000,225.420000,13373.440000
1271,Entry long,2025-08-27 04:00,4601.080000,6,-187.080000,-0.6800,257.100000,225.420000,13373.440000
1270,Exit short,2025-08-27 04:00,4601.080000,5,-267.950000,-1.1800,47.450000,387.550000,13560.520000
1270,Entry short,2025-08-27 01:30,4547.490000,5,-267.950000,-1.1800,47.450000,387.550000,13560.520000
1269,Exit long,2025-08-27 01:30,4547.490000,4,156.920000,0.8700,498.640000,297.720000,13828.470000
1269,Entry long,2025-08-26 12:45,4508.260000,4,156.920000,0.8700,498.640000,297.720000,13828.470000
1268,Exit short,2025-08-26 12:45,4508.260000,3,-300.990000,-2.2800,1.950000,382.890000,13671.550000
1268,Entry short,2025-08-26 12:15,4407.930000,3,-300.990000,-2.2800,1.950000,382.890000,13671.550000
1267,Exit long,2025-08-26 12:15,4408.730000,2,-43.260000,-0.4900,69.280000,77.500000,13972.540000
1267,Entry long,2025-08-26 04:15,4430.360000,2,-43.260000,-0.4900,69.280000,77.500000,13972.540000
1266,Exit short,2025-08-26 04:15,4430.360000,1,-35.860000,-0.8200,22.500000,39.180000,14015.800000
1266,Entry short,2025-08-26 03:00,4394.500000,1,-35.860000,-0.8200,22.500000,39.180000,14015.800000
1265,Exit short,2025-08-26 02:30,4421.000000,4,691.120000,3.7600,1135.120000,20.520000,14051.660000
1265,Entry short,2025-08-25 17:00,4593.780000,4,691.120000,3.7600,1135.120000,20.520000,14051.660000
1264,Exit long,2025-08-25 17:00,4593.780000,3,-153.180000,-1.1000,115.260000,164.460000,13360.540000
1264,Entry long,2025-08-25 13:00,4644.840000,3,-153.180000,-1.1000,115.260000,164.460000,13360.540000
1263,Exit short,2025-08-25 13:00,4644.840000,2,185.940000,1.9600,439.620000,170.380000,13513.720000
1263,Entry short,2025-08-24 20:15,4737.810000,2,185.940000,1.9600,439.620000,170.380000,13513.720000
1262,Exit long,2025-08-24 20:15,4737.810000,1,-34.320000,-0.7200,185.540000,69.660000,13327.780000
1262,Entry long,2025-08-24 14:15,4772.130000,1,-34.320000,-0.7200,185.540000,69.660000,13327.780000
1261,Exit short,2025-08-24 13:45,4761.260000,2,7.920000,0.0800,95.080000,40.980000,13362.100000
1261,Entry short,2025-08-24 06:45,4765.220000,2,7.920000,0.0800,95.080000,40.980000,13362.100000
1260,Exit long,2025-08-24 06:45,4769.730000,1,-18.030000,-0.3800,11.770000,26.420000,13354.180000
1260,Entry long,2025-08-24 04:00,4787.760000,1,-18.030000,-0.3800,11.770000,26.420000,13354.180000
1259,Exit long,2025-08-24 03:30,4761.690000,10,141.800000,0.3000,690.400000,325.100000,13372.210000
1259,Entry long,2025-08-23 14:30,4747.510000,10,141.800000,0.3000,690.400000,325.100000,13372.210000
1258,Exit short,2025-08-23 14:30,4747.510000,9,211.500000,0.4900,978.840000,183.690000,13230.410000
1258,Entry short,2025-08-23 01:30,4771.010000,9,211.500000,0.4900,978.840000,183.690000,13230.410000
1257,Exit long,2025-08-23 01:30,4771.010000,8,1419.760000,3.8600,2359.600000,465.840000,13018.910000
1257,Entry long,2025-08-22 14:15,4593.540000,8,1419.760000,3.8600,2359.600000,465.840000,13018.910000
1256,Exit short,2025-08-22 14:15,4593.540000,7,-2212.000000,-7.3900,500.780000,2257.150000,11599.150000
1256,Entry short,2025-08-22 11:15,4277.540000,7,-2212.000000,-7.3900,500.780000,2257.150000,11599.150000
1255,Exit long,2025-08-22 11:15,4277.540000,6,129.600000,0.5100,582.180000,42.180000,13811.150000
1255,Entry long,2025-08-22 01:45,4255.940000,6,129.600000,0.5100,582.180000,42.180000,13811.150000
1254,Exit short,2025-08-22 01:45,4255.940000,5,-112.850000,-0.5300,129.250000,119.150000,13681.550000
1254,Entry short,2025-08-21 23:30,4233.370000,5,-112.850000,-0.5300,129.250000,119.150000,13681.550000
1253,Exit long,2025-08-21 23:30,4236.740000,4,-70.920000,-0.4200,7.480000,128.760000,13794.400000
1253,Entry long,2025-08-21 22:30,4254.470000,4,-70.920000,-0.4200,7.480000,128.760000,13794.400000
1252,Exit short,2025-08-21 22:30,4252.550000,3,-2.940000,-0.0200,148.710000,71.070000,13865.320000
1252,Entry short,2025-08-21 15:00,4251.570000,3,-2.940000,-0.0200,148.710000,71.070000,13865.320000
1251,Exit long,2025-08-21 15:00,4271.820000,2,-83.960000,-0.9700,5.120000,124.460000,13868.260000
1251,Entry long,2025-08-21 14:30,4313.800000,2,-83.960000,-0.9700,5.120000,124.460000,13868.260000
1250,Exit short,2025-08-21 14:30,4313.800000,1,0.110000,0.0000,78.910000,25.030000,13952.220000
1250,Entry short,2025-08-21 01:00,4313.910000,1,0.110000,0.0000,78.910000,25.030000,13952.220000
1249,Exit long,2025-08-21 00:45,4320.270000,2,111.040000,1.3000,222.760000,36.200000,13952.110000
1249,Entry long,2025-08-20 15:15,4264.750000,2,111.040000,1.3000,222.760000,36.200000,13952.110000
1248,Exit short,2025-08-20 15:15,4264.750000,1,-77.320000,-1.8500,83.100000,89.570000,13841.070000
1248,Entry short,2025-08-20 12:30,4187.430000,1,-77.320000,-1.8500,83.100000,89.570000,13841.070000
1247,Exit long,2025-08-20 12:00,4193.480000,10,527.500000,1.2700,992.700000,144.100000,13918.390000
1247,Entry long,2025-08-20 03:15,4140.730000,10,527.500000,1.2700,992.700000,144.100000,13918.390000
1246,Exit short,2025-08-20 03:15,4130.890000,9,706.590000,1.8700,1344.600000,193.140000,13390.890000
1246,Entry short,2025-08-19 14:30,4209.400000,9,706.590000,1.8700,1344.600000,193.140000,13390.890000
1245,Exit long,2025-08-19 14:30,4209.400000,8,-550.240000,-1.6100,494.560000,580.960000,12684.300000
1245,Entry long,2025-08-19 09:30,4278.180000,8,-550.240000,-1.6100,494.560000,580.960000,12684.300000
1244,Exit short,2025-08-19 09:30,4278.180000,7,349.090000,1.1500,952.280000,183.190000,13234.540000
1244,Entry short,2025-08-18 23:30,4328.050000,7,349.090000,1.1500,952.280000,183.190000,13234.540000
1243,Exit long,2025-08-18 23:30,4328.050000,6,-38.820000,-0.1500,310.140000,378.360000,12885.450000
1243,Entry long,2025-08-18 12:45,4334.520000,6,-38.820000,-0.1500,310.140000,378.360000,12885.450000
1242,Exit short,2025-08-18 12:45,4334.520000,5,680.700000,3.0500,1232.800000,46.700000,12924.270000
1242,Entry short,2025-08-18 00:00,4470.660000,5,680.700000,3.0500,1232.800000,46.700000,12924.270000
1241,Exit long,2025-08-18 00:00,4470.660000,4,-233.120000,-1.2900,12.840000,259.840000,12243.570000
1241,Entry long,2025-08-17 22:45,4528.940000,4,-233.120000,-1.2900,12.840000,259.840000,12243.570000
1240,Exit short,2025-08-17 22:45,4528.940000,3,-43.080000,-0.3200,292.230000,52.110000,12476.690000
1240,Entry short,2025-08-17 17:00,4514.580000,3,-43.080000,-0.3200,292.230000,52.110000,12476.690000
1239,Exit long,2025-08-17 17:00,4515.390000,2,166.640000,1.8800,285.760000,12.220000,12519.770000
1239,Entry long,2025-08-17 03:00,4432.070000,2,166.640000,1.8800,285.760000,12.220000,12519.770000
1238,Exit short,2025-08-17 03:00,4432.070000,1,-24.530000,-0.5600,15.090000,24.840000,12353.130000
1238,Entry short,2025-08-17 01:00,4407.540000,1,-24.530000,-0.5600,15.090000,24.840000,12353.130000
1237,Exit short,2025-08-17 00:45,4417.960000,2,-13.540000,-0.1500,7.300000,29.100000,12377.660000
1237,Entry short,2025-08-17 00:30,4411.190000,2,-13.540000,-0.1500,7.300000,29.100000,12377.660000
1236,Exit long,2025-08-17 00:30,4411.190000,1,-1.370000,-0.0300,27.440000,12.560000,12391.200000
1236,Entry long,2025-08-16 19:15,4412.560000,1,-1.370000,-0.0300,27.440000,12.560000,12391.200000
1235,Exit short,2025-08-16 19:00,4407.990000,22,-265.320000,-0.2700,570.460000,677.820000,12392.570000
1235,Entry short,2025-08-16 10:00,4395.930000,22,-265.320000,-0.2700,570.460000,677.820000,12392.570000
1234,Exit long,2025-08-16 10:00,4395.930000,21,-1227.030000,-1.3100,64.680000,1393.560000,12657.890000
1234,Entry long,2025-08-16 08:00,4454.360000,21,-1227.030000,-1.3100,64.680000,1393.560000,12657.890000
1233,Exit short,2025-08-16 08:00,4449.480000,20,-370.200000,-0.4200,479.400000,625.400000,13884.920000
1233,Entry short,2025-08-16 04:00,4430.970000,20,-370.200000,-0.4200,479.400000,625.400000,13884.920000
1232,Exit long,2025-08-16 04:00,4430.970000,19,-798.760000,-0.9400,309.510000,1254.000000,14255.120000
1232,Entry long,2025-08-15 23:00,4473.010000,19,-798.760000,-0.9400,309.510000,1254.000000,14255.120000
1231,Exit short,2025-08-15 23:00,4473.010000,18,2506.500000,3.0200,4468.680000,1043.460000,15053.880000
1231,Entry short,2025-08-15 12:30,4612.260000,18,2506.500000,3.0200,4468.680000,1043.460000,15053.880000
1230,Exit long,2025-08-15 12:30,4612.260000,17,761.770000,0.9800,1675.350000,547.060000,12547.380000
1230,Entry long,2025-08-14 23:45,4567.450000,17,761.770000,0.9800,1675.350000,547.060000,12547.380000
1229,Exit short,2025-08-14 23:45,4567.450000,16,2212.480000,2.9400,4075.680000,500.160000,11785.610000
1229,Entry short,2025-08-14 10:45,4705.730000,16,2212.480000,2.9400,4075.680000,500.160000,11785.610000
1228,Exit long,2025-08-14 10:45,4705.730000,15,-863.700000,-1.2100,55.350000,1414.650000,9573.130000
1228,Entry long,2025-08-14 10:00,4763.310000,15,-863.700000,-1.2100,55.350000,1414.650000,9573.130000
1227,Exit short,2025-08-14 10:00,4758.260000,14,-347.060000,-0.5200,203.140000,417.760000,10436.830000
1227,Entry short,2025-08-14 08:15,4733.470000,14,-347.060000,-0.5200,203.140000,417.760000,10436.830000
1226,Exit long,2025-08-14 08:15,4733.470000,13,-479.700000,-0.7700,154.310000,520.910000,10783.890000
1226,Entry long,2025-08-14 06:45,4770.370000,13,-479.700000,-0.7700,154.310000,520.910000,10783.890000
1225,Exit short,2025-08-14 06:45,4770.370000,12,-484.320000,-0.8500,156.120000,767.880000,11263.590000
1225,Entry short,2025-08-14 05:45,4730.010000,12,-484.320000,-0.8500,156.120000,767.880000,11263.590000
1224,Exit long,2025-08-14 05:45,4730.010000,11,-325.380000,-0.6200,321.090000,380.490000,11747.910000
1224,Entry long,2025-08-14 02:45,4759.590000,11,-325.380000,-0.6200,321.090000,380.490000,11747.910000
1223,Exit short,2025-08-14 02:45,4759.590000,10,-405.600000,-0.8600,24.500000,465.400000,12073.290000
1223,Entry short,2025-08-14 02:00,4719.030000,10,-405.600000,-0.8600,24.500000,465.400000,12073.290000
1222,Exit long,2025-08-14 02:00,4719.030000,9,9.270000,0.0200,590.580000,315.000000,12478.890000
1222,Entry long,2025-08-13 16:30,4718.000000,9,9.270000,0.0200,590.580000,315.000000,12478.890000
1221,Exit short,2025-08-13 16:30,4718.000000,8,-615.200000,-1.6600,223.920000,781.440000,12469.620000
1221,Entry short,2025-08-13 15:15,4641.100000,8,-615.200000,-1.6600,223.920000,781.440000,12469.620000
1220,Exit long,2025-08-13 15:15,4641.100000,7,12.320000,0.0400,681.940000,135.380000,13084.820000
1220,Entry long,2025-08-13 09:30,4639.340000,7,12.320000,0.0400,681.940000,135.380000,13084.820000
1219,Exit short,2025-08-13 09:30,4639.340000,6,-171.240000,-0.6200,22.800000,205.200000,13072.500000
1219,Entry short,2025-08-13 08:45,4610.800000,6,-171.240000,-0.6200,22.800000,205.200000,13072.500000
1218,Exit long,2025-08-13 08:45,4610.800000,5,1019.350000,4.6300,1375.350000,282.100000,13243.740000
1218,Entry long,2025-08-12 12:45,4406.930000,5,1019.350000,4.6300,1375.350000,282.100000,13243.740000
1217,Exit short,2025-08-12 12:45,4406.930000,4,-506.680000,-2.9600,98.800000,538.080000,12224.390000
1217,Entry short,2025-08-12 10:15,4280.260000,4,-506.680000,-2.9600,98.800000,538.080000,12224.390000
1216,Exit long,2025-08-12 10:15,4280.260000,3,-6.990000,-0.0500,150.450000,66.480000,12731.070000
1216,Entry long,2025-08-12 01:15,4282.590000,3,-6.990000,-0.0500,150.450000,66.480000,12731.070000
1215,Exit short,2025-08-12 01:15,4269.620000,2,-24.180000,-0.2800,143.860000,66.240000,12738.060000
1215,Entry short,2025-08-11 20:00,4257.530000,2,-24.180000,-0.2800,143.860000,66.240000,12738.060000
1214,Exit long,2025-08-11 20:00,4257.530000,1,-42.390000,-0.9900,70.080000,67.920000,12762.240000
1214,Entry long,2025-08-11 14:30,4299.920000,1,-42.390000,-0.9900,70.080000,67.920000,12762.240000
1213,Exit short,2025-08-11 14:15,4272.830000,8,51.520000,0.1500,920.320000,210.720000,12804.630000
1213,Entry short,2025-08-11 07:45,4279.270000,8,51.520000,0.1500,920.320000,210.720000,12804.630000
1212,Exit long,2025-08-11 07:45,4279.270000,7,212.520000,0.7100,705.320000,162.050000,12753.110000
1212,Entry long,2025-08-10 23:00,4248.910000,7,212.520000,0.7100,705.320000,162.050000,12753.110000
1211,Exit short,2025-08-10 23:00,4248.910000,6,-253.740000,-1.0100,105.120000,254.280000,12540.590000
1211,Entry short,2025-08-10 21:15,4206.620000,6,-253.740000,-1.0100,105.120000,254.280000,12540.590000
1210,Exit long,2025-08-10 21:15,4206.620000,5,-74.400000,-0.3500,182.300000,187.250000,12794.330000
1210,Entry long,2025-08-10 15:00,4221.500000,5,-74.400000,-0.3500,182.300000,187.250000,12794.330000
1209,Exit short,2025-08-10 15:00,4217.570000,4,110.960000,0.6500,341.240000,72.160000,12868.730000
1209,Entry short,2025-08-10 03:00,4245.310000,4,110.960000,0.6500,341.240000,72.160000,12868.730000
1208,Exit long,2025-08-10 03:00,4245.310000,3,149.490000,1.1900,409.530000,76.440000,12757.770000
1208,Entry long,2025-08-09 15:00,4195.480000,3,149.490000,1.1900,409.530000,76.440000,12757.770000
1207,Exit short,2025-08-09 15:00,4195.480000,2,-61.320000,-0.7400,24.500000,65.520000,12608.280000
1207,Entry short,2025-08-09 14:00,4164.820000,2,-61.320000,-0.7400,24.500000,65.520000,12608.280000
1206,Exit long,2025-08-09 14:00,4164.820000,1,132.250000,3.2800,216.300000,9.270000,12669.600000
1206,Entry long,2025-08-09 02:30,4032.570000,1,132.250000,3.2800,216.300000,9.270000,12669.600000
1205,Exit short,2025-08-09 02:00,4031.590000,13,-267.670000,-0.5100,77.740000,322.270000,12537.350000
1205,Entry short,2025-08-08 23:45,4011.000000,13,-267.670000,-0.5100,77.740000,322.270000,12537.350000
1204,Exit long,2025-08-08 23:45,4011.000000,12,898.920000,1.9000,1606.920000,133.080000,12805.020000
1204,Entry long,2025-08-08 13:45,3936.090000,12,898.920000,1.9000,1606.920000,133.080000,12805.020000
1203,Exit short,2025-08-08 13:45,3936.090000,11,-497.640000,-1.1600,8.690000,574.860000,11906.100000
1203,Entry short,2025-08-08 13:00,3890.850000,11,-497.640000,-1.1600,8.690000,574.860000,11906.100000
1202,Exit long,2025-08-08 13:00,3890.850000,10,-225.400000,-0.5800,56.100000,227.000000,12403.740000
1202,Entry long,2025-08-08 11:45,3913.390000,10,-225.400000,-0.5800,56.100000,227.000000,12403.740000
1201,Exit short,2025-08-08 11:45,3913.390000,9,-208.620000,-0.6000,63.900000,255.510000,12629.140000
1201,Entry short,2025-08-08 08:45,3890.210000,9,-208.620000,-0.6000,63.900000,255.510000,12629.140000
1200,Exit long,2025-08-08 08:45,3890.210000,8,1696.560000,5.7700,2325.360000,23.120000,12837.760000
1200,Entry long,2025-08-07 05:45,3678.140000,8,1696.560000,5.7700,2325.360000,23.120000,12837.760000
1199,Exit short,2025-08-07 05:45,3675.810000,7,-138.040000,-0.5400,72.170000,177.030000,11141.200000
1199,Entry short,2025-08-07 02:45,3656.090000,7,-138.040000,-0.5400,72.170000,177.030000,11141.200000
1198,Exit long,2025-08-07 02:45,3656.090000,6,126.600000,0.5800,488.340000,100.500000,11279.240000
1198,Entry long,2025-08-06 15:00,3634.990000,6,126.600000,0.5800,488.340000,100.500000,11279.240000
1197,Exit short,2025-08-06 15:00,3634.990000,5,-211.700000,-1.1800,108.000000,211.750000,11152.640000
1197,Entry short,2025-08-06 12:15,3592.650000,5,-211.700000,-1.1800,108.000000,211.750000,11152.640000
1196,Exit long,2025-08-06 12:15,3592.650000,4,-96.600000,-0.6700,178.400000,106.640000,11364.340000
1196,Entry long,2025-08-06 05:15,3616.800000,4,-96.600000,-0.6700,178.400000,106.640000,11364.340000
1195,Exit short,2025-08-06 05:15,3616.800000,3,-142.500000,-1.3300,20.880000,144.780000,11460.940000
1195,Entry short,2025-08-06 01:15,3569.300000,3,-142.500000,-1.3300,20.880000,144.780000,11460.940000
1194,Exit long,2025-08-06 01:15,3584.900000,2,-20.780000,-0.2900,57.380000,51.980000,11603.440000
1194,Entry long,2025-08-05 23:00,3595.290000,2,-20.780000,-0.2900,57.380000,51.980000,11603.440000
1193,Exit short,2025-08-05 23:00,3595.290000,1,23.310000,0.6400,76.020000,40.050000,11624.220000
1193,Entry short,2025-08-05 13:15,3618.600000,1,23.310000,0.6400,76.020000,40.050000,11624.220000
1192,Exit long,2025-08-05 13:00,3626.890000,4,-152.040000,-1.0400,109.600000,227.600000,11600.910000
1192,Entry long,2025-08-05 10:15,3664.900000,4,-152.040000,-1.0400,109.600000,227.600000,11600.910000
1191,Exit short,2025-08-05 10:15,3659.980000,3,78.090000,0.7100,261.810000,28.260000,11752.950000
1191,Entry short,2025-08-05 01:45,3686.010000,3,78.090000,0.7100,261.810000,28.260000,11752.950000
1190,Exit long,2025-08-05 01:45,3693.950000,2,302.340000,4.2700,384.440000,16.300000,11674.860000
1190,Entry long,2025-08-04 07:15,3542.780000,2,302.340000,4.2700,384.440000,16.300000,11674.860000
1189,Exit short,2025-08-04 07:15,3542.780000,1,-13.780000,-0.3900,10.640000,16.690000,11372.520000
1189,Entry short,2025-08-04 06:30,3529.000000,1,-13.780000,-0.3900,10.640000,16.690000,11372.520000
1188,Exit long,2025-08-04 06:00,3531.800000,3,115.530000,1.1000,245.130000,45.420000,11386.300000
1188,Entry long,2025-08-03 17:00,3493.290000,3,115.530000,1.1000,245.130000,45.420000,11386.300000
1187,Exit short,2025-08-03 17:00,3493.290000,2,-60.540000,-0.8700,20.460000,63.960000,11270.770000
1187,Entry short,2025-08-03 15:15,3463.020000,2,-60.540000,-0.8700,20.460000,63.960000,11270.770000
1186,Exit long,2025-08-03 15:15,3463.020000,1,41.100000,1.2000,92.080000,10.130000,11331.310000
1186,Entry long,2025-08-03 02:00,3421.920000,1,41.100000,1.2000,92.080000,10.130000,11331.310000
1185,Exit short,2025-08-03 01:45,3418.730000,2,109.880000,1.5800,240.320000,33.660000,11290.210000
1185,Entry short,2025-08-02 14:45,3473.670000,2,109.880000,1.5800,240.320000,33.660000,11290.210000
1184,Exit long,2025-08-02 14:45,3473.670000,1,-34.190000,-0.9700,8.620000,43.400000,11180.330000
1184,Entry long,2025-08-02 12:30,3507.860000,1,-34.190000,-0.9700,8.620000,43.400000,11180.330000
1183,Exit short,2025-08-02 12:00,3506.930000,5,-25.850000,-0.1500,243.100000,106.200000,11214.520000
1183,Entry short,2025-08-02 06:15,3501.760000,5,-25.850000,-0.1500,243.100000,106.200000,11214.520000
1182,Exit long,2025-08-02 06:15,3501.760000,4,-82.680000,-0.5900,56.200000,105.680000,11240.370000
1182,Entry long,2025-08-02 02:45,3522.430000,4,-82.680000,-0.5900,56.200000,105.680000,11240.370000
1181,Exit short,2025-08-02 02:45,3522.430000,3,227.400000,2.1100,508.110000,170.220000,11323.050000
1181,Entry short,2025-08-01 14:00,3598.230000,3,227.400000,2.1100,508.110000,170.220000,11323.050000
1180,Exit long,2025-08-01 14:00,3598.230000,2,-137.780000,-1.8800,15.440000,184.240000,11095.650000
1180,Entry long,2025-08-01 12:45,3667.120000,2,-137.780000,-1.8800,15.440000,184.240000,11095.650000
1179,Exit short,2025-08-01 12:45,3667.120000,1,17.120000,0.4600,100.800000,9.640000,11233.430000
1179,Entry short,2025-08-01 04:15,3684.240000,1,17.120000,0.4600,100.800000,9.640000,11233.430000
1178,Exit short,2025-08-01 03:45,3710.000000,10,1370.800000,3.5600,2334.100000,-0.000000,11216.310000
1178,Entry short,2025-07-31 11:15,3847.080000,10,1370.800000,3.5600,2334.100000,-0.000000,11216.310000
1177,Exit long,2025-07-31 11:15,3847.080000,9,539.820000,1.5800,818.100000,3.600000,9845.510000
1177,Entry long,2025-07-30 23:30,3787.100000,9,539.820000,1.5800,818.100000,3.600000,9845.510000
1176,Exit short,2025-07-30 23:30,3787.100000,8,-405.680000,-1.3600,531.120000,408.880000,9305.690000
1176,Entry short,2025-07-30 19:00,3736.390000,8,-405.680000,-1.3600,531.120000,408.880000,9305.690000
1175,Exit long,2025-07-30 19:00,3736.390000,7,-569.520000,-2.1300,25.270000,583.100000,9711.370000
1175,Entry long,2025-07-30 15:00,3817.750000,7,-569.520000,-2.1300,25.270000,583.100000,9711.370000
1174,Exit short,2025-07-30 15:00,3817.750000,6,-138.960000,-0.6100,315.540000,218.100000,10280.890000
1174,Entry short,2025-07-30 09:30,3794.590000,6,-138.960000,-0.6100,315.540000,218.100000,10280.890000
1173,Exit long,2025-07-30 09:30,3794.590000,5,5.000000,0.0300,195.100000,52.900000,10419.850000
1173,Entry long,2025-07-30 01:45,3793.590000,5,5.000000,0.0300,195.100000,52.900000,10419.850000
1172,Exit short,2025-07-30 01:45,3793.590000,4,-98.400000,-0.6500,9.000000,107.000000,10414.850000
1172,Entry short,2025-07-30 01:30,3768.990000,4,-98.400000,-0.6500,9.000000,107.000000,10414.850000
1171,Exit long,2025-07-30 01:30,3768.990000,3,-42.030000,-0.3700,50.340000,87.930000,10513.250000
1171,Entry long,2025-07-29 22:45,3783.000000,3,-42.030000,-0.3700,50.340000,87.930000,10513.250000
1170,Exit short,2025-07-29 22:45,3783.000000,2,52.140000,0.6800,193.660000,33.220000,10555.280000
1170,Entry short,2025-07-29 14:15,3809.070000,2,52.140000,0.6800,193.660000,33.220000,10555.280000
1169,Exit long,2025-07-29 14:15,3809.070000,1,-46.170000,-1.2000,19.730000,65.240000,10503.140000
1169,Entry long,2025-07-29 13:15,3855.240000,1,-46.170000,-1.2000,19.730000,65.240000,10503.140000
1168,Exit short,2025-07-29 12:45,3854.570000,9,-355.140000,-1.0300,16.470000,404.010000,10549.310000
1168,Entry short,2025-07-29 11:45,3815.110000,9,-355.140000,-1.0300,16.470000,404.010000,10549.310000
1167,Exit long,2025-07-29 11:45,3815.110000,8,122.080000,0.4000,684.640000,207.920000,10904.450000
1167,Entry long,2025-07-29 04:15,3799.850000,8,122.080000,0.4000,684.640000,207.920000,10904.450000
1166,Exit short,2025-07-29 04:15,3799.850000,7,-326.760000,-1.2400,181.720000,334.880000,10782.370000
1166,Entry short,2025-07-29 00:45,3753.170000,7,-326.760000,-1.2400,181.720000,334.880000,10782.370000
1165,Exit long,2025-07-29 00:45,3753.170000,6,-321.120000,-1.4100,79.800000,436.140000,11109.130000
1165,Entry long,2025-07-29 00:15,3806.690000,6,-321.120000,-1.4100,79.800000,436.140000,11109.130000
1164,Exit short,2025-07-29 00:15,3806.690000,5,397.950000,2.0500,676.250000,52.450000,11430.250000
1164,Entry short,2025-07-28 08:45,3886.280000,5,397.950000,2.0500,676.250000,52.450000,11430.250000
1163,Exit long,2025-07-28 08:45,3886.800000,4,129.400000,0.8400,345.440000,67.160000,11032.300000
1163,Entry long,2025-07-27 22:15,3854.450000,4,129.400000,0.8400,345.440000,67.160000,11032.300000
1162,Exit short,2025-07-27 22:15,3854.450000,3,-109.350000,-0.9500,10.530000,113.340000,10902.900000
1162,Entry short,2025-07-27 21:15,3818.000000,3,-109.350000,-0.9500,10.530000,113.340000,10902.900000
1161,Exit long,2025-07-27 21:15,3820.920000,2,73.920000,0.9800,170.020000,5.660000,11012.250000
1161,Entry long,2025-07-27 10:30,3783.960000,2,73.920000,0.9800,170.020000,5.660000,11012.250000
1160,Exit short,2025-07-27 10:30,3783.960000,1,-19.280000,-0.5100,17.360000,27.130000,10938.330000
1160,Entry short,2025-07-27 08:30,3764.680000,1,-19.280000,-0.5100,17.360000,27.130000,10938.330000
1159,Exit long,2025-07-27 08:15,3768.890000,4,56.360000,0.3800,221.920000,24.640000,10957.610000
1159,Entry long,2025-07-27 01:00,3754.800000,4,56.360000,0.3800,221.920000,24.640000,10957.610000
1158,Exit short,2025-07-27 01:00,3754.800000,3,-60.060000,-0.5400,10.740000,60.090000,10901.250000
1158,Entry short,2025-07-27 00:15,3734.780000,3,-60.060000,-0.5400,10.740000,60.090000,10901.250000
1157,Exit long,2025-07-27 00:15,3734.780000,2,-23.220000,-0.3100,97.620000,36.060000,10961.310000
1157,Entry long,2025-07-26 19:15,3746.390000,2,-23.220000,-0.3100,97.620000,36.060000,10961.310000
1156,Exit short,2025-07-26 19:15,3743.460000,1,-5.340000,-0.1400,32.200000,16.880000,10984.530000
1156,Entry short,2025-07-26 13:00,3738.120000,1,-5.340000,-0.1400,32.200000,16.880000,10984.530000
1155,Exit long,2025-07-26 12:15,3735.420000,9,406.260000,1.2200,840.060000,74.520000,10989.870000
1155,Entry long,2025-07-25 20:45,3690.280000,9,406.260000,1.2200,840.060000,74.520000,10989.870000
1154,Exit short,2025-07-25 20:45,3690.280000,8,-85.280000,-0.2900,636.960000,96.560000,10583.610000
1154,Entry short,2025-07-25 14:30,3679.620000,8,-85.280000,-0.2900,636.960000,96.560000,10583.610000
1153,Exit long,2025-07-25 14:30,3679.620000,7,107.660000,0.4200,575.260000,182.980000,10668.890000
1153,Entry long,2025-07-25 08:30,3664.240000,7,107.660000,0.4200,575.260000,182.980000,10668.890000
1152,Exit short,2025-07-25 08:30,3664.240000,6,262.080000,1.1800,826.740000,68.400000,10561.230000
1152,Entry short,2025-07-24 23:15,3707.920000,6,262.080000,1.1800,826.740000,68.400000,10561.230000
1151,Exit long,2025-07-24 23:15,3707.920000,5,359.700000,1.9800,683.250000,229.150000,10299.150000
1151,Entry long,2025-07-24 08:45,3635.980000,5,359.700000,1.9800,683.250000,229.150000,10299.150000
1150,Exit short,2025-07-24 08:45,3628.000000,4,-76.720000,-0.5300,415.280000,115.680000,9939.450000
1150,Entry short,2025-07-24 05:00,3608.820000,4,-76.720000,-0.5300,415.280000,115.680000,9939.450000
1149,Exit long,2025-07-24 05:00,3608.820000,3,-14.670000,-0.1400,153.480000,40.770000,10016.170000
1149,Entry long,2025-07-23 22:45,3613.710000,3,-14.670000,-0.1400,153.480000,40.770000,10016.170000
1148,Exit short,2025-07-23 22:45,3613.710000,2,217.640000,2.9200,392.060000,9.080000,10030.840000
1148,Entry short,2025-07-23 05:15,3722.530000,2,217.640000,2.9200,392.060000,9.080000,10030.840000
1147,Exit long,2025-07-23 05:15,3722.530000,1,16.560000,0.4500,58.110000,0.850000,9813.200000
1147,Entry long,2025-07-22 22:00,3705.970000,1,16.560000,0.4500,58.110000,0.850000,9813.200000
1146,Exit short,2025-07-22 21:15,3705.880000,2,-46.220000,-0.6300,56.460000,57.360000,9796.640000
1146,Entry short,2025-07-22 19:45,3682.770000,2,-46.220000,-0.6300,56.460000,57.360000,9796.640000
1145,Exit long,2025-07-22 19:45,3682.770000,1,-30.230000,-0.8100,6.740000,36.490000,9842.860000
1145,Entry long,2025-07-22 19:00,3713.000000,1,-30.230000,-0.8100,6.740000,36.490000,9842.860000
1144,Exit long,2025-07-22 18:45,3693.290000,3,-45.390000,-0.4100,124.740000,97.140000,9873.090000
1144,Entry long,2025-07-22 15:15,3708.420000,3,-45.390000,-0.4100,124.740000,97.140000,9873.090000
1143,Exit short,2025-07-22 15:15,3706.770000,2,-116.680000,-1.6000,44.860000,122.940000,9918.480000
1143,Entry short,2025-07-22 14:00,3648.430000,2,-116.680000,-1.6000,44.860000,122.940000,9918.480000
1142,Exit long,2025-07-22 14:00,3648.430000,1,-51.970000,-1.4000,18.980000,67.400000,10035.160000
1142,Entry long,2025-07-22 11:45,3700.400000,1,-51.970000,-1.4000,18.980000,67.400000,10035.160000
1141,Exit short,2025-07-22 11:30,3697.900000,7,266.700000,1.0200,836.290000,52.570000,10087.130000
1141,Entry short,2025-07-22 03:00,3736.000000,7,266.700000,1.0200,836.290000,52.570000,10087.130000
1140,Exit long,2025-07-22 03:00,3736.000000,6,-346.500000,-1.5200,5.280000,388.620000,9820.430000
1140,Entry long,2025-07-22 02:00,3793.750000,6,-346.500000,-1.5200,5.280000,388.620000,9820.430000
1139,Exit short,2025-07-22 02:00,3793.750000,5,-233.750000,-1.2500,268.900000,257.900000,10166.930000
1139,Entry short,2025-07-22 00:45,3747.000000,5,-233.750000,-1.2500,268.900000,257.900000,10166.930000
1138,Exit long,2025-07-22 00:45,3747.000000,4,-107.960000,-0.7200,0.000000,123.560000,10400.680000
1138,Entry long,2025-07-22 00:30,3773.990000,4,-107.960000,-0.7200,0.000000,123.560000,10400.680000
1137,Exit short,2025-07-22 00:30,3773.990000,3,-1.500000,-0.0100,171.420000,76.470000,10508.640000
1137,Entry short,2025-07-21 16:30,3773.490000,3,-1.500000,-0.0100,171.420000,76.470000,10508.640000
1136,Exit long,2025-07-21 16:30,3773.490000,2,31.560000,0.4200,200.220000,23.500000,10510.140000
1136,Entry long,2025-07-21 03:15,3757.710000,2,31.560000,0.4200,200.220000,23.500000,10510.140000
1135,Exit short,2025-07-21 03:15,3757.710000,1,-25.990000,-0.7000,31.530000,32.750000,10478.580000
1135,Entry short,2025-07-21 00:15,3731.720000,1,-25.990000,-0.7000,31.530000,32.750000,10478.580000
1134,Exit short,2025-07-21 00:00,3755.680000,4,-134.840000,-0.9100,167.880000,185.920000,10504.570000
1134,Entry short,2025-07-20 22:15,3721.970000,4,-134.840000,-0.9100,167.880000,185.920000,10504.570000
1133,Exit long,2025-07-20 22:15,3721.970000,3,-140.790000,-1.2500,4.740000,164.700000,10639.410000
1133,Entry long,2025-07-20 22:00,3768.900000,3,-140.790000,-1.2500,4.740000,164.700000,10639.410000
1132,Exit short,2025-07-20 22:00,3768.900000,2,-40.100000,-0.5300,67.700000,45.800000,10780.200000
1132,Entry short,2025-07-20 20:00,3748.850000,2,-40.100000,-0.5300,67.700000,45.800000,10780.200000
1131,Exit long,2025-07-20 20:00,3748.850000,1,-14.670000,-0.3900,3.080000,16.880000,10820.300000
1131,Entry long,2025-07-20 19:45,3763.520000,1,-14.670000,-0.3900,3.080000,16.880000,10820.300000
1130,Exit long,2025-07-20 18:45,3745.210000,4,730.880000,5.1300,1054.040000,105.640000,10834.970000
1130,Entry long,2025-07-19 19:30,3562.490000,4,730.880000,5.1300,1054.040000,105.640000,10834.970000
1129,Exit short,2025-07-19 19:30,3562.490000,3,-48.900000,-0.4600,43.980000,52.290000,10104.090000
1129,Entry short,2025-07-19 17:30,3546.190000,3,-48.900000,-0.4600,43.980000,52.290000,10104.090000
1128,Exit long,2025-07-19 17:30,3546.730000,2,-42.480000,-0.6000,3.860000,53.660000,10152.990000
1128,Entry long,2025-07-19 16:45,3567.970000,2,-42.480000,-0.6000,3.860000,53.660000,10152.990000
1127,Exit short,2025-07-19 16:45,3567.570000,1,-9.740000,-0.2700,32.110000,10.900000,10195.470000
1127,Entry short,2025-07-19 14:00,3557.830000,1,-9.740000,-0.2700,32.110000,10.900000,10195.470000
1126,Exit short,2025-07-19 13:45,3565.670000,11,-103.840000,-0.2700,213.950000,230.230000,10205.210000
1126,Entry short,2025-07-19 08:15,3556.230000,11,-103.840000,-0.2700,213.950000,230.230000,10205.210000
1125,Exit long,2025-07-19 08:15,3556.230000,10,-96.800000,-0.2700,420.900000,129.100000,10309.050000
1125,Entry long,2025-07-19 02:45,3565.910000,10,-96.800000,-0.2700,420.900000,129.100000,10309.050000
1124,Exit short,2025-07-19 02:45,3565.910000,9,100.170000,0.3100,908.460000,429.030000,10405.850000
1124,Entry short,2025-07-18 14:45,3577.040000,9,100.170000,0.3100,908.460000,429.030000,10405.850000
1123,Exit long,2025-07-18 14:45,3577.040000,8,-497.280000,-1.7100,276.160000,669.840000,10305.680000
1123,Entry long,2025-07-18 13:00,3639.200000,8,-497.280000,-1.7100,276.160000,669.840000,10305.680000
1122,Exit short,2025-07-18 13:00,3639.200000,7,-232.190000,-0.9200,112.210000,244.300000,10802.960000
1122,Entry short,2025-07-18 11:15,3606.030000,7,-232.190000,-0.9200,112.210000,244.300000,10802.960000
1121,Exit long,2025-07-18 11:15,3608.730000,6,-84.120000,-0.3900,23.880000,121.920000,11035.150000
1121,Entry long,2025-07-18 10:00,3622.750000,6,-84.120000,-0.3900,23.880000,121.920000,11035.150000
1120,Exit short,2025-07-18 10:00,3622.750000,5,-123.750000,-0.6900,19.850000,141.850000,11119.270000
1120,Entry short,2025-07-18 09:30,3598.000000,5,-123.750000,-0.6900,19.850000,141.850000,11119.270000
1119,Exit long,2025-07-18 09:30,3603.010000,4,473.800000,3.4000,759.480000,173.920000,11243.020000
1119,Entry long,2025-07-17 21:15,3484.560000,4,473.800000,3.4000,759.480000,173.920000,11243.020000
1118,Exit short,2025-07-17 21:15,3484.560000,3,-278.280000,-2.7300,63.420000,288.600000,10769.220000
1118,Entry short,2025-07-17 20:15,3391.800000,3,-278.280000,-2.7300,63.420000,288.600000,10769.220000
1117,Exit long,2025-07-17 20:15,3391.800000,2,-82.400000,-1.2000,42.000000,119.220000,11047.500000
1117,Entry long,2025-07-17 18:30,3433.000000,2,-82.400000,-1.2000,42.000000,119.220000,11047.500000
1116,Exit short,2025-07-17 18:30,3430.000000,1,-8.240000,-0.2400,59.760000,15.590000,11129.900000
1116,Entry short,2025-07-17 13:15,3421.760000,1,-8.240000,-0.2400,59.760000,15.590000,11129.900000
1115,Exit long,2025-07-17 13:00,3426.580000,2,106.660000,1.5800,218.740000,21.200000,11138.140000
1115,Entry long,2025-07-17 06:00,3373.250000,2,106.660000,1.5800,218.740000,21.200000,11138.140000
1114,Exit short,2025-07-17 06:00,3373.250000,1,-28.250000,-0.8400,31.990000,33.020000,11031.480000
1114,Entry short,2025-07-17 02:45,3345.000000,1,-28.250000,-0.8400,31.990000,33.020000,11031.480000
1113,Exit long,2025-07-17 02:15,3347.130000,2,730.260000,12.2400,882.940000,32.440000,11059.730000
1113,Entry long,2025-07-15 12:15,2982.000000,2,730.260000,12.2400,882.940000,32.440000,11059.730000
1112,Exit short,2025-07-15 12:15,2980.690000,1,-11.070000,-0.3700,9.110000,14.750000,10329.470000
1112,Entry short,2025-07-15 10:30,2969.620000,1,-11.070000,-0.3700,9.110000,14.750000,10329.470000
1111,Exit long,2025-07-15 10:15,2971.460000,9,-118.980000,-0.4400,86.940000,240.120000,10340.540000
1111,Entry long,2025-07-15 07:00,2984.680000,9,-118.980000,-0.4400,86.940000,240.120000,10340.540000
1110,Exit short,2025-07-15 07:00,2984.680000,8,90.240000,0.3800,519.760000,32.320000,10459.520000
1110,Entry short,2025-07-15 00:45,2995.960000,8,90.240000,0.3800,519.760000,32.320000,10459.520000
1109,Exit long,2025-07-15 00:45,2995.960000,7,-126.140000,-0.6000,59.640000,158.130000,10369.280000
1109,Entry long,2025-07-14 22:45,3013.980000,7,-126.140000,-0.6000,59.640000,158.130000,10369.280000
1108,Exit short,2025-07-14 22:45,3013.980000,6,100.560000,0.5500,304.440000,18.060000,10495.420000
1108,Entry short,2025-07-14 14:45,3030.740000,6,100.560000,0.5500,304.440000,18.060000,10495.420000
1107,Exit long,2025-07-14 14:45,3030.740000,5,250.400000,1.6800,511.700000,8.200000,10394.860000
1107,Entry long,2025-07-14 02:15,2980.660000,5,250.400000,1.6800,511.700000,8.200000,10394.860000
1106,Exit short,2025-07-14 02:15,2980.660000,4,3.360000,0.0300,206.000000,22.440000,10144.460000
1106,Entry short,2025-07-13 21:30,2981.500000,4,3.360000,0.0300,206.000000,22.440000,10144.460000
1105,Exit long,2025-07-13 21:30,2981.770000,3,58.290000,0.6600,171.540000,13.410000,10141.100000
1105,Entry long,2025-07-13 11:30,2962.340000,3,58.290000,0.6600,171.540000,13.410000,10141.100000
1104,Exit short,2025-07-13 11:30,2962.340000,2,-30.260000,-0.5100,8.320000,35.580000,10082.810000
1104,Entry short,2025-07-13 09:45,2947.210000,2,-30.260000,-0.5100,8.320000,35.580000,10082.810000
1103,Exit long,2025-07-13 09:45,2947.210000,1,8.550000,0.2900,29.230000,5.950000,10113.070000
1103,Entry long,2025-07-12 23:45,2938.660000,1,8.550000,0.2900,29.230000,5.950000,10113.070000
1102,Exit long,2025-07-12 23:15,2931.900000,9,-56.700000,-0.2100,3.600000,83.520000,10104.520000
1102,Entry long,2025-07-12 23:00,2938.200000,9,-56.700000,-0.2100,3.600000,83.520000,10104.520000
1101,Exit short,2025-07-12 23:00,2936.460000,8,-35.680000,-0.1500,147.680000,64.000000,10161.220000
1101,Entry short,2025-07-12 20:30,2932.000000,8,-35.680000,-0.1500,147.680000,64.000000,10161.220000
1100,Exit long,2025-07-12 20:30,2932.790000,7,-54.250000,-0.2600,30.240000,90.440000,10196.900000
1100,Entry long,2025-07-12 18:45,2940.540000,7,-54.250000,-0.2600,30.240000,90.440000,10196.900000
1099,Exit short,2025-07-12 18:45,2938.810000,6,109.080000,0.6100,325.140000,0.600000,10251.150000
1099,Entry short,2025-07-12 12:15,2956.990000,6,109.080000,0.6100,325.140000,0.600000,10251.150000
1098,Exit long,2025-07-12 12:15,2956.990000,5,-56.450000,-0.3800,53.600000,70.800000,10142.070000
1098,Entry long,2025-07-12 07:15,2968.280000,5,-56.450000,-0.3800,53.600000,70.800000,10142.070000
1097,Exit short,2025-07-12 07:15,2968.280000,4,-73.160000,-0.6200,31.960000,97.760000,10198.520000
1097,Entry short,2025-07-12 05:00,2949.990000,4,-73.160000,-0.6200,31.960000,97.760000,10198.520000
1096,Exit long,2025-07-12 05:00,2949.990000,3,-49.230000,-0.5500,4.110000,79.200000,10271.680000
1096,Entry long,2025-07-12 03:30,2966.400000,3,-49.230000,-0.5500,4.110000,79.200000,10271.680000
1095,Exit short,2025-07-12 03:30,2966.400000,2,-16.620000,-0.2800,72.220000,27.420000,10320.910000
1095,Entry short,2025-07-11 21:45,2958.090000,2,-16.620000,-0.2800,72.220000,27.420000,10320.910000
1094,Exit long,2025-07-11 21:45,2958.090000,1,-37.210000,-1.2400,0.500000,39.570000,10337.530000
1094,Entry long,2025-07-11 21:30,2995.300000,1,-37.210000,-1.2400,0.500000,39.570000,10337.530000
1093,Exit long,2025-07-11 21:15,2982.940000,3,-32.070000,-0.3600,47.760000,81.960000,10374.740000
1093,Entry long,2025-07-11 18:15,2993.630000,3,-32.070000,-0.3600,47.760000,81.960000,10374.740000
1092,Exit short,2025-07-11 18:15,2993.230000,2,-44.340000,-0.7500,72.020000,57.880000,10406.810000
1092,Entry short,2025-07-11 15:15,2971.060000,2,-44.340000,-0.7500,72.020000,57.880000,10406.810000
1091,Exit long,2025-07-11 15:15,2971.060000,1,-30.940000,-1.0300,0.420000,36.450000,10451.150000
1091,Entry long,2025-07-11 14:45,3002.000000,1,-30.940000,-1.0300,0.420000,36.450000,10451.150000
1090,Exit short,2025-07-11 14:15,2993.220000,7,-71.470000,-0.3400,97.790000,181.230000,10482.090000
1090,Entry short,2025-07-11 12:00,2983.010000,7,-71.470000,-0.3400,97.790000,181.230000,10482.090000
1089,Exit long,2025-07-11 12:00,2983.220000,6,1070.700000,6.3600,1417.080000,70.680000,10553.560000
1089,Entry long,2025-07-10 16:30,2804.770000,6,1070.700000,6.3600,1417.080000,70.680000,10553.560000
1088,Exit short,2025-07-10 16:30,2804.770000,5,-207.900000,-1.5000,28.350000,232.800000,9482.860000
1088,Entry short,2025-07-10 14:30,2763.190000,5,-207.900000,-1.5000,28.350000,232.800000,9482.860000
1087,Exit long,2025-07-10 14:30,2763.190000,4,-104.200000,-0.9300,19.040000,130.080000,9690.760000
1087,Entry long,2025-07-10 13:45,2789.240000,4,-104.200000,-0.9300,19.040000,130.080000,9690.760000
1086,Exit short,2025-07-10 13:45,2782.270000,3,-16.020000,-0.1900,31.770000,36.930000,9794.960000
1086,Entry short,2025-07-10 10:00,2776.930000,3,-16.020000,-0.1900,31.770000,36.930000,9794.960000
1085,Exit long,2025-07-10 10:00,2777.470000,2,314.000000,5.9900,403.520000,10.900000,9810.980000
1085,Entry long,2025-07-09 11:00,2620.470000,2,314.000000,5.9900,403.520000,10.900000,9810.980000
1084,Exit short,2025-07-09 11:00,2616.870000,1,-10.280000,-0.3900,1.590000,13.880000,9496.980000
1084,Entry short,2025-07-09 10:00,2606.590000,1,-10.280000,-0.3900,1.590000,13.880000,9496.980000
1083,Exit long,2025-07-09 09:30,2609.900000,2,-49.600000,-0.9400,3.740000,64.320000,9507.260000
1083,Entry long,2025-07-09 05:45,2634.700000,2,-49.600000,-0.9400,3.740000,64.320000,9507.260000
1082,Exit short,2025-07-09 05:45,2634.700000,1,-32.940000,-1.2700,13.270000,47.240000,9556.860000
1082,Entry short,2025-07-09 03:00,2601.760000,1,-32.940000,-1.2700,13.270000,47.240000,9556.860000
1081,Exit long,2025-07-09 02:30,2603.270000,1,22.760000,0.8800,47.320000,6.260000,9589.800000
1081,Entry long,2025-07-08 17:00,2580.510000,1,22.760000,0.8800,47.320000,6.260000,9589.800000
1080,Exit short,2025-07-08 16:45,2574.070000,6,-93.600000,-0.6100,7.020000,132.600000,9567.040000
1080,Entry short,2025-07-08 15:30,2558.470000,6,-93.600000,-0.6100,7.020000,132.600000,9567.040000
1079,Exit long,2025-07-08 15:30,2558.470000,5,89.750000,0.7100,297.400000,7.600000,9660.640000
1079,Entry long,2025-07-08 04:45,2540.520000,5,89.750000,0.7100,297.400000,7.600000,9660.640000
1078,Exit short,2025-07-08 04:45,2540.520000,4,-47.840000,-0.4700,25.960000,58.880000,9570.890000
1078,Entry short,2025-07-08 01:45,2528.560000,4,-47.840000,-0.4700,25.960000,58.880000,9570.890000
1077,Exit long,2025-07-08 01:45,2528.560000,3,-40.200000,-0.5300,35.580000,40.590000,9618.730000
1077,Entry long,2025-07-07 23:30,2541.960000,3,-40.200000,-0.5300,35.580000,40.590000,9618.730000
1076,Exit short,2025-07-07 23:30,2539.010000,2,-19.000000,-0.3800,14.940000,24.900000,9658.930000
1076,Entry short,2025-07-07 20:45,2529.510000,2,-19.000000,-0.3800,14.940000,24.900000,9658.930000
1075,Exit long,2025-07-07 20:45,2534.660000,1,-8.190000,-0.3200,0.640000,8.200000,9677.930000
1075,Entry long,2025-07-07 20:30,2542.850000,1,-8.190000,-0.3200,0.640000,8.200000,9677.930000
1074,Exit short,2025-07-07 19:45,2544.260000,4,58.120000,0.5700,213.680000,36.840000,9686.120000
1074,Entry short,2025-07-07 10:30,2558.790000,4,58.120000,0.5700,213.680000,36.840000,9686.120000
1073,Exit long,2025-07-07 10:30,2558.790000,3,-55.470000,-0.7200,31.350000,57.540000,9628.000000
1073,Entry long,2025-07-07 08:00,2577.280000,3,-55.470000,-0.7200,31.350000,57.540000,9628.000000
1072,Exit short,2025-07-07 08:00,2577.280000,2,-25.860000,-0.5000,11.460000,28.600000,9683.470000
1072,Entry short,2025-07-07 06:45,2564.350000,2,-25.860000,-0.5000,11.460000,28.600000,9683.470000
1071,Exit long,2025-07-07 06:45,2564.350000,1,-9.310000,-0.3600,0.650000,9.410000,9709.330000
1071,Entry long,2025-07-07 06:30,2573.660000,1,-9.310000,-0.3600,0.650000,9.410000,9709.330000
1070,Exit long,2025-07-07 06:15,2568.290000,6,-43.800000,-0.2800,85.740000,81.480000,9718.640000
1070,Entry long,2025-07-07 02:15,2575.590000,6,-43.800000,-0.2800,85.740000,81.480000,9718.640000
1069,Exit short,2025-07-07 02:15,2575.590000,5,-105.200000,-0.8200,27.600000,115.550000,9762.440000
1069,Entry short,2025-07-07 01:15,2554.550000,5,-105.200000,-0.8200,27.600000,115.550000,9762.440000
1068,Exit long,2025-07-07 01:15,2554.550000,4,26.920000,0.2600,237.040000,17.840000,9867.640000
1068,Entry long,2025-07-06 20:30,2547.820000,4,26.920000,0.2600,237.040000,17.840000,9867.640000
1067,Exit short,2025-07-06 20:30,2544.970000,3,-53.550000,-0.7100,13.290000,62.100000,9840.720000
1067,Entry short,2025-07-06 18:45,2527.120000,3,-53.550000,-0.7100,13.290000,62.100000,9840.720000
1066,Exit long,2025-07-06 18:45,2527.120000,2,19.160000,0.3800,103.720000,3.760000,9894.270000
1066,Entry long,2025-07-06 12:45,2517.540000,2,19.160000,0.3800,103.720000,3.760000,9894.270000
1065,Exit short,2025-07-06 12:45,2517.540000,1,-5.840000,-0.2300,9.450000,9.050000,9875.110000
1065,Entry short,2025-07-06 09:45,2511.700000,1,-5.840000,-0.2300,9.450000,9.050000,9875.110000
1064,Exit long,2025-07-06 08:45,2511.930000,11,-83.160000,-0.3000,56.540000,132.550000,9880.950000
1064,Entry long,2025-07-06 06:30,2519.490000,11,-83.160000,-0.3000,56.540000,132.550000,9880.950000
1063,Exit short,2025-07-06 06:30,2519.490000,10,-86.300000,-0.3400,34.100000,152.300000,9964.110000
1063,Entry short,2025-07-06 04:30,2510.860000,10,-86.300000,-0.3400,34.100000,152.300000,9964.110000
1062,Exit long,2025-07-06 04:30,2510.860000,9,-48.150000,-0.2100,0.000000,51.390000,10050.410000
1062,Entry long,2025-07-06 04:15,2516.210000,9,-48.150000,-0.2100,0.000000,51.390000,10050.410000
1061,Exit short,2025-07-06 04:15,2516.210000,8,-58.880000,-0.2900,6.320000,66.960000,10098.560000
1061,Entry short,2025-07-06 03:30,2508.850000,8,-58.880000,-0.2900,6.320000,66.960000,10098.560000
1060,Exit long,2025-07-06 03:30,2508.850000,7,-26.040000,-0.1500,64.190000,27.650000,10157.440000
1060,Entry long,2025-07-05 21:30,2512.570000,7,-26.040000,-0.1500,64.190000,27.650000,10157.440000
1059,Exit short,2025-07-05 21:30,2512.570000,6,-7.560000,-0.0500,150.000000,57.900000,10183.480000
1059,Entry short,2025-07-05 12:30,2511.310000,6,-7.560000,-0.0500,150.000000,57.900000,10183.480000
1058,Exit long,2025-07-05 12:30,2512.260000,5,-40.350000,-0.3200,22.000000,49.150000,10191.040000
1058,Entry long,2025-07-05 10:45,2520.330000,5,-40.350000,-0.3200,22.000000,49.150000,10191.040000
1057,Exit short,2025-07-05 10:45,2518.980000,4,-42.560000,-0.4200,2.760000,54.720000,10231.390000
1057,Entry short,2025-07-05 09:15,2508.340000,4,-42.560000,-0.4200,2.760000,54.720000,10231.390000
1056,Exit long,2025-07-05 09:15,2510.810000,3,2.400000,0.0300,56.550000,39.660000,10273.950000
1056,Entry long,2025-07-04 22:30,2510.010000,3,2.400000,0.0300,56.550000,39.660000,10273.950000
1055,Exit short,2025-07-04 22:30,2510.010000,2,153.360000,2.9600,227.240000,7.020000,10271.550000
1055,Entry short,2025-07-04 02:15,2586.690000,2,153.360000,2.9600,227.240000,7.020000,10271.550000
1054,Exit long,2025-07-04 02:15,2588.050000,1,0.620000,0.0200,15.330000,7.430000,10118.190000
1054,Entry long,2025-07-03 20:00,2587.430000,1,0.620000,0.0200,15.330000,7.430000,10118.190000
1053,Exit short,2025-07-03 19:30,2587.130000,5,-23.350000,-0.1800,93.550000,44.250000,10117.570000
1053,Entry short,2025-07-03 15:15,2582.460000,5,-23.350000,-0.1800,93.550000,44.250000,10117.570000
1052,Exit long,2025-07-03 15:15,2582.460000,4,-154.640000,-1.4700,55.520000,178.080000,10140.920000
1052,Entry long,2025-07-03 13:45,2621.120000,4,-154.640000,-1.4700,55.520000,178.080000,10140.920000
1051,Exit short,2025-07-03 13:45,2621.120000,3,-129.120000,-1.6700,26.940000,170.760000,10295.560000
1051,Entry short,2025-07-03 12:45,2578.080000,3,-129.120000,-1.6700,26.940000,170.760000,10295.560000
1050,Exit long,2025-07-03 12:45,2578.080000,2,-9.720000,-0.1900,66.120000,38.340000,10424.680000
1050,Entry long,2025-07-03 05:30,2582.940000,2,-9.720000,-0.1900,66.120000,38.340000,10424.680000
1049,Exit short,2025-07-03 05:30,2582.320000,1,-9.620000,-0.3700,17.450000,12.090000,10434.400000
1049,Entry short,2025-07-03 02:15,2572.700000,1,-9.620000,-0.3700,17.450000,12.090000,10434.400000
1048,Exit long,2025-07-03 01:00,2572.930000,3,365.910000,4.9800,501.720000,17.880000,10444.020000
1048,Entry long,2025-07-02 13:45,2450.960000,3,365.910000,4.9800,501.720000,17.880000,10444.020000
1047,Exit short,2025-07-02 13:45,2450.960000,2,-36.780000,-0.7600,1.480000,42.320000,10078.110000
1047,Entry short,2025-07-02 12:45,2432.570000,2,-36.780000,-0.7600,1.480000,42.320000,10078.110000
1046,Exit long,2025-07-02 12:45,2432.570000,1,18.230000,0.7600,45.660000,1.130000,10114.890000
1046,Entry long,2025-07-02 02:45,2414.340000,1,18.230000,0.7600,45.660000,1.130000,10114.890000
1045,Exit short,2025-07-02 02:30,2413.380000,6,437.220000,2.9300,712.320000,4.740000,10096.660000
1045,Entry short,2025-07-01 02:45,2486.250000,6,437.220000,2.9300,712.320000,4.740000,10096.660000
1044,Exit long,2025-07-01 02:45,2486.250000,5,-35.750000,-0.2900,6.450000,39.200000,9659.440000
1044,Entry long,2025-07-01 02:30,2493.400000,5,-35.750000,-0.2900,6.450000,39.200000,9659.440000
1043,Exit short,2025-07-01 02:30,2493.400000,4,-23.160000,-0.2300,12.880000,24.560000,9695.190000
1043,Entry short,2025-07-01 02:00,2487.610000,4,-23.160000,-0.2300,12.880000,24.560000,9695.190000
1042,Exit long,2025-07-01 02:00,2487.610000,3,-28.410000,-0.3800,7.560000,35.010000,9718.350000
1042,Entry long,2025-07-01 01:15,2497.080000,3,-28.410000,-0.3800,7.560000,35.010000,9718.350000
1041,Exit short,2025-07-01 01:15,2497.080000,2,-18.720000,-0.3800,22.960000,19.700000,9746.760000
1041,Entry short,2025-06-30 23:45,2487.720000,2,-18.720000,-0.3800,22.960000,19.700000,9746.760000
1040,Exit long,2025-06-30 23:45,2488.970000,1,14.680000,0.5900,47.300000,1.620000,9765.480000
1040,Entry long,2025-06-30 17:00,2474.290000,1,14.680000,0.5900,47.300000,1.620000,9765.480000
1039,Exit short,2025-06-30 16:15,2476.050000,7,46.970000,0.2700,356.230000,37.520000,9750.800000
1039,Entry short,2025-06-30 06:45,2482.760000,7,46.970000,0.2700,356.230000,37.520000,9750.800000
1038,Exit long,2025-06-30 06:45,2482.760000,6,28.560000,0.1900,278.460000,47.340000,9703.830000
1038,Entry long,2025-06-29 22:30,2478.000000,6,28.560000,0.1900,278.460000,47.340000,9703.830000
1037,Exit short,2025-06-29 22:30,2478.000000,5,-200.500000,-1.6400,157.250000,209.550000,9675.270000
1037,Entry short,2025-06-29 14:45,2437.900000,5,-200.500000,-1.6400,157.250000,209.550000,9675.270000
1036,Exit long,2025-06-29 14:45,2437.900000,4,16.400000,0.1700,120.640000,10.000000,9875.770000
1036,Entry long,2025-06-29 06:15,2433.800000,4,16.400000,0.1700,120.640000,10.000000,9875.770000
1035,Exit short,2025-06-29 06:15,2433.460000,3,-11.040000,-0.1500,19.980000,13.890000,9859.370000
1035,Entry short,2025-06-29 01:45,2429.780000,3,-11.040000,-0.1500,19.980000,13.890000,9859.370000
1034,Exit long,2025-06-29 01:45,2429.780000,2,-14.920000,-0.3100,8.880000,17.360000,9870.410000
1034,Entry long,2025-06-28 22:15,2437.240000,2,-14.920000,-0.3100,8.880000,17.360000,9870.410000
1033,Exit short,2025-06-28 22:15,2433.320000,1,-4.760000,-0.2000,0.560000,8.680000,9885.330000
1033,Entry short,2025-06-28 21:00,2428.560000,1,-4.760000,-0.2000,0.560000,8.680000,9885.330000
1032,Exit long,2025-06-28 20:45,2431.710000,1,6.320000,0.2600,22.030000,3.240000,9890.090000
1032,Entry long,2025-06-28 15:15,2425.390000,1,6.320000,0.2600,22.030000,3.240000,9890.090000
1031,Exit short,2025-06-28 14:45,2425.390000,15,-59.250000,-0.1600,17.250000,78.750000,9883.770000
1031,Entry short,2025-06-28 13:45,2421.440000,15,-59.250000,-0.1600,17.250000,78.750000,9883.770000
1030,Exit long,2025-06-28 13:45,2421.440000,14,22.400000,0.0700,184.240000,46.480000,9943.020000
1030,Entry long,2025-06-28 03:30,2419.840000,14,22.400000,0.0700,184.240000,46.480000,9943.020000
1029,Exit short,2025-06-28 03:30,2419.840000,13,-39.650000,-0.1300,156.520000,64.870000,9920.620000
1029,Entry short,2025-06-28 01:00,2416.790000,13,-39.650000,-0.1300,156.520000,64.870000,9920.620000
1028,Exit long,2025-06-28 01:00,2417.100000,12,-100.800000,-0.3500,42.000000,142.560000,9960.270000
1028,Entry long,2025-06-27 21:00,2425.500000,12,-100.800000,-0.3500,42.000000,142.560000,9960.270000
1027,Exit short,2025-06-27 21:00,2425.500000,11,36.300000,0.1400,459.690000,218.790000,10061.070000
1027,Entry short,2025-06-27 13:00,2428.800000,11,36.300000,0.1400,459.690000,218.790000,10061.070000
1026,Exit long,2025-06-27 13:00,2428.800000,10,-25.900000,-0.1100,319.900000,57.200000,10024.770000
1026,Entry long,2025-06-27 02:15,2431.390000,10,-25.900000,-0.1100,319.900000,57.200000,10024.770000
1025,Exit short,2025-06-27 02:15,2428.950000,9,-179.460000,-0.8300,288.090000,201.420000,10050.670000
1025,Entry short,2025-06-26 21:45,2409.010000,9,-179.460000,-0.8300,288.090000,201.420000,10050.670000
1024,Exit long,2025-06-26 21:45,2409.010000,8,-272.640000,-1.3900,107.920000,407.760000,10230.130000
1024,Entry long,2025-06-26 20:15,2443.090000,8,-272.640000,-1.3900,107.920000,407.760000,10230.130000
1023,Exit short,2025-06-26 20:15,2437.960000,7,209.300000,1.2100,418.950000,17.710000,10502.770000
1023,Entry short,2025-06-26 09:45,2467.860000,7,209.300000,1.2100,418.950000,17.710000,10502.770000
1022,Exit long,2025-06-26 09:45,2469.200000,6,174.600000,1.1900,479.400000,28.380000,10293.470000
1022,Entry long,2025-06-26 01:30,2440.100000,6,174.600000,1.1900,479.400000,28.380000,10293.470000
1021,Exit short,2025-06-26 01:30,2440.100000,5,-138.850000,-1.1500,28.200000,161.350000,10118.870000
1021,Entry short,2025-06-25 22:45,2412.330000,5,-138.850000,-1.1500,28.200000,161.350000,10118.870000
1020,Exit long,2025-06-25 22:45,2412.330000,4,-65.840000,-0.6800,105.920000,74.080000,10257.720000
1020,Entry long,2025-06-25 19:15,2428.790000,4,-65.840000,-0.6800,105.920000,74.080000,10257.720000
1019,Exit short,2025-06-25 19:15,2428.790000,3,-74.790000,-1.0400,25.320000,119.280000,10323.560000
1019,Entry short,2025-06-25 14:30,2403.860000,3,-74.790000,-1.0400,25.320000,119.280000,10323.560000
1018,Exit long,2025-06-25 14:30,2403.860000,2,-71.320000,-1.4600,10.560000,102.580000,10398.350000
1018,Entry long,2025-06-25 13:30,2439.520000,2,-71.320000,-1.4600,10.560000,102.580000,10398.350000
1017,Exit short,2025-06-25 13:30,2439.520000,1,-6.230000,-0.2600,28.230000,14.320000,10469.670000
1017,Entry short,2025-06-25 08:30,2433.290000,1,-6.230000,-0.2600,28.230000,14.320000,10469.670000
1016,Exit short,2025-06-25 07:45,2445.830000,11,-82.720000,-0.3100,170.940000,127.820000,10475.900000
1016,Entry short,2025-06-25 04:15,2438.310000,11,-82.720000,-0.3100,170.940000,127.820000,10475.900000
1015,Exit long,2025-06-25 04:15,2438.310000,10,-78.900000,-0.3200,216.400000,109.100000,10558.620000
1015,Entry long,2025-06-24 23:45,2446.200000,10,-78.900000,-0.3200,216.400000,109.100000,10558.620000
1014,Exit short,2025-06-24 23:45,2446.200000,9,-139.950000,-0.6400,15.390000,145.350000,10637.520000
1014,Entry short,2025-06-24 23:15,2430.650000,9,-139.950000,-0.6400,15.390000,145.350000,10637.520000
1013,Exit long,2025-06-24 23:15,2430.650000,8,-103.520000,-0.5300,41.840000,111.760000,10777.470000
1013,Entry long,2025-06-24 20:45,2443.590000,8,-103.520000,-0.5300,41.840000,111.760000,10777.470000
1012,Exit short,2025-06-24 20:45,2443.590000,7,-121.520000,-0.7200,71.610000,129.920000,10880.990000
1012,Entry short,2025-06-24 19:45,2426.230000,7,-121.520000,-0.7200,71.610000,129.920000,10880.990000
1011,Exit long,2025-06-24 19:45,2430.330000,6,1.920000,0.0100,307.620000,201.420000,11002.510000
1011,Entry long,2025-06-24 09:30,2430.010000,6,1.920000,0.0100,307.620000,201.420000,11002.510000
1010,Exit short,2025-06-24 09:30,2430.010000,5,-222.650000,-1.8700,52.900000,322.600000,11000.590000
1010,Entry short,2025-06-24 08:15,2385.480000,5,-222.650000,-1.8700,52.900000,322.600000,11000.590000
1009,Exit long,2025-06-24 08:15,2385.480000,4,396.520000,4.3400,614.600000,57.760000,11223.240000
1009,Entry long,2025-06-23 18:00,2286.350000,4,396.520000,4.3400,614.600000,57.760000,11223.240000
1008,Exit short,2025-06-23 18:00,2273.720000,3,-135.630000,-2.0300,124.500000,173.520000,10826.720000
1008,Entry short,2025-06-23 16:15,2228.510000,3,-135.630000,-2.0300,124.500000,173.520000,10826.720000
1007,Exit long,2025-06-23 16:15,2228.510000,2,-60.760000,-1.3400,116.220000,67.020000,10962.350000
1007,Entry long,2025-06-23 12:45,2258.890000,2,-60.760000,-1.3400,116.220000,67.020000,10962.350000
1006,Exit short,2025-06-23 12:45,2258.890000,1,-13.660000,-0.6100,0.660000,18.490000,11023.110000
1006,Entry short,2025-06-23 12:30,2245.230000,1,-13.660000,-0.6100,0.660000,18.490000,11023.110000
1005,Exit long,2025-06-23 12:15,2247.130000,9,-45.360000,-0.2200,15.840000,62.460000,11036.770000
1005,Entry long,2025-06-23 12:00,2252.170000,9,-45.360000,-0.2200,15.840000,62.460000,11036.770000
1004,Exit short,2025-06-23 12:00,2252.170000,8,-105.440000,-0.5900,0.000000,145.040000,11082.130000
1004,Entry short,2025-06-23 10:45,2238.990000,8,-105.440000,-0.5900,0.000000,145.040000,11082.130000
1003,Exit long,2025-06-23 10:45,2238.990000,7,167.860000,1.0800,439.320000,112.770000,11187.570000
1003,Entry long,2025-06-22 22:15,2215.010000,7,167.860000,1.0800,439.320000,112.770000,11187.570000
1002,Exit short,2025-06-22 22:15,2215.010000,6,-121.260000,-0.9200,502.800000,195.300000,11019.710000
1002,Entry short,2025-06-22 13:30,2194.800000,6,-121.260000,-0.9200,502.800000,195.300000,11019.710000
1001,Exit long,2025-06-22 13:30,2194.800000,5,-415.550000,-3.6500,31.300000,593.150000,11140.970000
1001,Entry long,2025-06-22 12:15,2277.910000,5,-415.550000,-3.6500,31.300000,593.150000,11140.970000
1000,Exit short,2025-06-22 12:15,2277.910000,4,-35.640000,-0.3900,142.640000,70.560000,11556.520000
1000,Entry short,2025-06-22 07:45,2269.000000,4,-35.640000,-0.3900,142.640000,70.560000,11556.520000
999,Exit long,2025-06-22 07:45,2269.000000,3,-69.300000,-1.0100,15.900000,77.730000,11592.160000
999,Entry long,2025-06-22 06:15,2292.100000,3,-69.300000,-1.0100,15.900000,77.730000,11592.160000
998,Exit short,2025-06-22 06:15,2292.100000,2,254.440000,5.2600,412.500000,29.960000,11661.460000
998,Entry short,2025-06-21 14:00,2419.320000,2,254.440000,5.2600,412.500000,29.960000,11661.460000
997,Exit long,2025-06-21 14:00,2419.320000,1,-2.660000,-0.1100,25.980000,10.980000,11407.020000
997,Entry long,2025-06-21 03:00,2421.980000,1,-2.660000,-0.1100,25.980000,10.980000,11407.020000
996,Exit short,2025-06-21 02:00,2430.010000,2,191.480000,3.7900,323.740000,21.400000,11409.680000
996,Entry short,2025-06-20 14:15,2525.750000,2,191.480000,3.7900,323.740000,21.400000,11409.680000
995,Exit long,2025-06-20 14:15,2531.560000,1,9.760000,0.3900,46.760000,3.750000,11218.200000
995,Entry long,2025-06-20 07:00,2521.800000,1,9.760000,0.3900,46.760000,3.750000,11218.200000
994,Exit short,2025-06-20 06:45,2520.890000,2,-9.460000,-0.1900,27.440000,15.180000,11208.440000
994,Entry short,2025-06-20 04:00,2516.160000,2,-9.460000,-0.1900,27.440000,15.180000,11208.440000
993,Exit long,2025-06-20 04:00,2516.160000,1,1.890000,0.0800,17.580000,5.460000,11217.900000
993,Entry long,2025-06-19 22:00,2514.270000,1,1.890000,0.0800,17.580000,5.460000,11217.900000
992,Exit short,2025-06-19 21:45,2508.790000,1,-6.820000,-0.2700,0.250000,12.300000,11216.010000
992,Entry short,2025-06-19 20:45,2501.970000,1,-6.820000,-0.2700,0.250000,12.300000,11216.010000
991,Exit short,2025-06-19 20:30,2509.770000,4,33.720000,0.3300,138.480000,23.040000,11222.830000
991,Entry short,2025-06-19 13:15,2518.200000,4,33.720000,0.3300,138.480000,23.040000,11222.830000
990,Exit long,2025-06-19 13:15,2519.050000,3,-16.560000,-0.2200,58.290000,19.110000,11189.110000
990,Entry long,2025-06-19 08:15,2524.570000,3,-16.560000,-0.2200,58.290000,19.110000,11189.110000
989,Exit short,2025-06-19 08:15,2524.570000,2,-14.020000,-0.2800,0.020000,18.360000,11205.670000
989,Entry short,2025-06-19 08:00,2517.560000,2,-14.020000,-0.2800,0.020000,18.360000,11205.670000
988,Exit long,2025-06-19 08:00,2517.560000,1,-5.760000,-0.2300,1.340000,6.870000,11219.690000
988,Entry long,2025-06-19 07:15,2523.320000,1,-5.760000,-0.2300,1.340000,6.870000,11219.690000
987,Exit long,2025-06-19 06:45,2518.700000,1,-3.660000,-0.1500,7.810000,9.350000,11225.450000
987,Entry long,2025-06-19 03:30,2522.360000,1,-3.660000,-0.1500,7.810000,9.350000,11225.450000
986,Exit long,2025-06-19 03:00,2513.250000,6,-67.500000,-0.4500,4.140000,71.400000,11229.110000
986,Entry long,2025-06-19 02:45,2524.500000,6,-67.500000,-0.4500,4.140000,71.400000,11229.110000
985,Exit short,2025-06-19 02:45,2524.500000,5,-76.900000,-0.6100,12.250000,84.400000,11296.610000
985,Entry short,2025-06-19 02:15,2509.120000,5,-76.900000,-0.6100,12.250000,84.400000,11296.610000
984,Exit long,2025-06-19 02:15,2510.890000,4,-46.160000,-0.4600,95.440000,67.640000,11373.510000
984,Entry long,2025-06-18 20:45,2522.430000,4,-46.160000,-0.4600,95.440000,67.640000,11373.510000
983,Exit short,2025-06-18 20:45,2522.430000,3,-57.690000,-0.7700,114.600000,60.240000,11419.670000
983,Entry short,2025-06-18 16:00,2503.200000,3,-57.690000,-0.7700,114.600000,60.240000,11419.670000
982,Exit long,2025-06-18 16:00,2507.840000,2,-11.520000,-0.2300,12.300000,17.840000,11477.360000
982,Entry long,2025-06-18 15:45,2513.600000,2,-11.520000,-0.2300,12.300000,17.840000,11477.360000
981,Exit short,2025-06-18 15:45,2513.270000,1,-19.260000,-0.7700,5.080000,23.740000,11488.880000
981,Entry short,2025-06-18 15:15,2494.010000,1,-19.260000,-0.7700,5.080000,23.740000,11488.880000
980,Exit short,2025-06-18 14:45,2527.450000,2,-14.800000,-0.2900,110.100000,35.880000,11508.140000
980,Entry short,2025-06-18 10:15,2520.050000,2,-14.800000,-0.2900,110.100000,35.880000,11508.140000
979,Exit long,2025-06-18 10:15,2521.390000,1,-8.230000,-0.3300,17.730000,12.160000,11522.940000
979,Entry long,2025-06-18 07:45,2529.620000,1,-8.230000,-0.3300,17.730000,12.160000,11522.940000
978,Exit long,2025-06-18 07:30,2524.210000,5,37.700000,0.3000,142.150000,58.350000,11531.170000
978,Entry long,2025-06-17 23:45,2516.670000,5,37.700000,0.3000,142.150000,58.350000,11531.170000
977,Exit short,2025-06-17 23:45,2516.670000,4,-92.880000,-0.9300,3.440000,100.920000,11493.470000
977,Entry short,2025-06-17 23:00,2493.450000,4,-92.880000,-0.9300,3.440000,100.920000,11493.470000
976,Exit long,2025-06-17 23:00,2493.450000,3,-139.650000,-1.8300,8.130000,147.000000,11586.350000
976,Entry long,2025-06-17 19:45,2540.000000,3,-139.650000,-1.8300,8.130000,147.000000,11586.350000
975,Exit short,2025-06-17 19:45,2529.540000,2,111.540000,2.1600,266.680000,5.880000,11726.000000
975,Entry short,2025-06-17 05:30,2585.310000,2,111.540000,2.1600,266.680000,5.880000,11726.000000
974,Exit long,2025-06-17 05:30,2585.310000,1,-10.200000,-0.3900,1.700000,20.510000,11614.460000
974,Entry long,2025-06-17 05:00,2595.510000,1,-10.200000,-0.3900,1.700000,20.510000,11614.460000
973,Exit short,2025-06-17 03:30,2606.230000,2,-105.420000,-2.0600,59.040000,128.440000,11624.660000
973,Entry short,2025-06-16 22:45,2553.520000,2,-105.420000,-2.0600,59.040000,128.440000,11624.660000
972,Exit long,2025-06-16 22:45,2553.520000,1,-67.480000,-2.5700,59.000000,67.980000,11730.080000
972,Entry long,2025-06-16 13:45,2621.000000,1,-67.480000,-2.5700,59.000000,67.980000,11730.080000
971,Exit long,2025-06-16 13:30,2611.140000,1,-3.130000,-0.1200,3.830000,7.560000,11797.560000
971,Entry long,2025-06-16 12:45,2614.270000,1,-3.130000,-0.1200,3.830000,7.560000,11797.560000
970,Exit long,2025-06-16 12:30,2608.700000,8,570.640000,2.8100,802.640000,16.640000,11800.690000
970,Entry long,2025-06-16 01:45,2537.370000,8,570.640000,2.8100,802.640000,16.640000,11800.690000
969,Exit short,2025-06-16 01:45,2537.370000,7,-110.180000,-0.6200,57.750000,132.020000,11230.050000
969,Entry short,2025-06-16 01:30,2521.630000,7,-110.180000,-0.6200,57.750000,132.020000,11230.050000
968,Exit long,2025-06-16 01:30,2521.630000,6,-132.240000,-0.8700,49.980000,153.180000,11340.230000
968,Entry long,2025-06-15 23:00,2543.670000,6,-132.240000,-0.8700,49.980000,153.180000,11340.230000
967,Exit short,2025-06-15 23:00,2543.670000,5,-75.650000,-0.6000,190.800000,104.400000,11472.470000
967,Entry short,2025-06-15 20:00,2528.540000,5,-75.650000,-0.6000,190.800000,104.400000,11472.470000
966,Exit long,2025-06-15 20:00,2535.940000,4,22.720000,0.2200,118.000000,13.360000,11548.120000
966,Entry long,2025-06-15 13:15,2530.260000,4,22.720000,0.2200,118.000000,13.360000,11548.120000
965,Exit short,2025-06-15 13:15,2530.260000,3,-18.030000,-0.2400,50.610000,32.250000,11525.400000
965,Entry short,2025-06-15 07:30,2524.250000,3,-18.030000,-0.2400,50.610000,32.250000,11525.400000
964,Exit long,2025-06-15 07:30,2527.490000,2,13.840000,0.2700,63.320000,8.540000,11543.430000
964,Entry long,2025-06-14 21:45,2520.570000,2,13.840000,0.2700,63.320000,8.540000,11543.430000
963,Exit short,2025-06-14 21:45,2520.570000,1,9.070000,0.3600,42.960000,6.360000,11529.590000
963,Entry short,2025-06-14 13:45,2529.640000,1,9.070000,0.3600,42.960000,6.360000,11529.590000
962,Exit short,2025-06-14 13:30,2537.060000,2,29.800000,0.5800,69.260000,14.420000,11520.520000
962,Entry short,2025-06-14 02:45,2551.960000,2,29.800000,0.5800,69.260000,14.420000,11520.520000
961,Exit long,2025-06-14 02:45,2551.960000,1,0.490000,0.0200,30.690000,10.270000,11490.720000
961,Entry long,2025-06-13 21:15,2551.470000,1,0.490000,0.0200,30.690000,10.270000,11490.720000
960,Exit short,2025-06-13 21:00,2545.540000,2,-48.540000,-0.9600,25.140000,61.240000,11490.230000
960,Entry short,2025-06-13 18:15,2521.270000,2,-48.540000,-0.9600,25.140000,61.240000,11490.230000
959,Exit long,2025-06-13 18:15,2528.330000,1,-8.670000,-0.3400,48.000000,15.730000,11538.770000
959,Entry long,2025-06-13 15:00,2537.000000,1,-8.670000,-0.3400,48.000000,15.730000,11538.770000
958,Exit long,2025-06-13 14:45,2528.210000,3,-10.680000,-0.1400,92.400000,87.360000,11547.440000
958,Entry long,2025-06-13 11:00,2531.770000,3,-10.680000,-0.1400,92.400000,87.360000,11547.440000
957,Exit short,2025-06-13 11:00,2531.770000,2,-48.820000,-0.9700,4.020000,52.440000,11558.120000
957,Entry short,2025-06-13 09:15,2507.360000,2,-48.820000,-0.9700,4.020000,52.440000,11558.120000
956,Exit long,2025-06-13 09:15,2515.920000,1,-21.850000,-0.8600,1.060000,30.410000,11606.940000
956,Entry long,2025-06-13 08:15,2537.770000,1,-21.850000,-0.8600,1.060000,30.410000,11606.940000
955,Exit short,2025-06-13 07:45,2529.300000,17,3318.570000,7.1600,4942.070000,312.970000,11628.790000
955,Entry short,2025-06-12 18:45,2724.510000,17,3318.570000,7.1600,4942.070000,312.970000,11628.790000
954,Exit long,2025-06-12 18:45,2724.510000,16,-551.520000,-1.2500,175.840000,575.680000,8310.220000
954,Entry long,2025-06-12 17:30,2758.980000,16,-551.520000,-1.2500,175.840000,575.680000,8310.220000
953,Exit short,2025-06-12 17:30,2758.980000,15,-611.100000,-1.5000,73.800000,685.950000,8861.740000
953,Entry short,2025-06-12 16:00,2718.240000,15,-611.100000,-1.5000,73.800000,685.950000,8861.740000
952,Exit long,2025-06-12 16:00,2718.240000,14,-589.120000,-1.5200,170.800000,683.900000,9472.840000
952,Entry long,2025-06-12 14:15,2760.320000,14,-589.120000,-1.5200,170.800000,683.900000,9472.840000
951,Exit short,2025-06-12 14:15,2760.320000,13,571.610000,1.5700,1215.630000,334.230000,10061.960000
951,Entry short,2025-06-11 19:00,2804.290000,13,571.610000,1.5700,1215.630000,334.230000,10061.960000
950,Exit long,2025-06-11 19:00,2820.610000,12,88.680000,0.2600,789.360000,356.880000,9490.350000
950,Entry long,2025-06-11 12:45,2813.220000,12,88.680000,0.2600,789.360000,356.880000,9490.350000
949,Exit short,2025-06-11 12:45,2813.220000,11,-384.120000,-1.2600,278.190000,485.100000,9401.670000
949,Entry short,2025-06-11 08:30,2778.300000,11,-384.120000,-1.2600,278.190000,485.100000,9401.670000
948,Exit long,2025-06-11 08:30,2778.300000,10,-131.200000,-0.4700,98.400000,184.200000,9785.790000
948,Entry long,2025-06-11 07:00,2791.420000,10,-131.200000,-0.4700,98.400000,184.200000,9785.790000
947,Exit short,2025-06-11 07:00,2791.420000,9,-74.070000,-0.3000,20.430000,103.500000,9916.990000
947,Entry short,2025-06-11 06:45,2783.190000,9,-74.070000,-0.3000,20.430000,103.500000,9916.990000
946,Exit long,2025-06-11 06:45,2786.710000,8,-58.320000,-0.2600,76.880000,121.600000,9991.060000
946,Entry long,2025-06-11 03:45,2794.000000,8,-58.320000,-0.2600,76.880000,121.600000,9991.060000
945,Exit short,2025-06-11 03:45,2793.740000,7,-103.530000,-0.5300,54.670000,123.410000,10049.380000
945,Entry short,2025-06-11 02:45,2778.950000,7,-103.530000,-0.5300,54.670000,123.410000,10049.380000
944,Exit long,2025-06-11 02:45,2779.590000,6,586.140000,3.6400,913.980000,9.420000,10152.910000
944,Entry long,2025-06-10 09:30,2681.900000,6,586.140000,3.6400,913.980000,9.420000,10152.910000
943,Exit short,2025-06-10 09:30,2681.900000,5,-119.850000,-0.9000,4.000000,135.350000,9566.770000
943,Entry short,2025-06-10 06:15,2657.930000,5,-119.850000,-0.9000,4.000000,135.350000,9566.770000
942,Exit long,2025-06-10 06:15,2657.930000,4,647.720000,6.4900,923.320000,24.760000,9686.620000
942,Entry long,2025-06-09 09:15,2496.000000,4,647.720000,6.4900,923.320000,24.760000,9686.620000
941,Exit short,2025-06-09 09:15,2493.590000,3,63.930000,0.8500,117.210000,13.290000,9038.900000
941,Entry short,2025-06-08 22:30,2514.900000,3,63.930000,0.8500,117.210000,13.290000,9038.900000
940,Exit long,2025-06-08 22:30,2516.730000,2,-1.120000,-0.0200,61.460000,29.900000,8974.970000
940,Entry long,2025-06-08 13:45,2517.290000,2,-1.120000,-0.0200,61.460000,29.900000,8974.970000
939,Exit short,2025-06-08 13:45,2517.290000,1,-15.070000,-0.6000,0.000000,16.660000,8976.090000
939,Entry short,2025-06-08 12:45,2502.220000,1,-15.070000,-0.6000,0.000000,16.660000,8976.090000
938,Exit short,2025-06-08 12:15,2512.790000,5,-71.000000,-0.5700,37.350000,88.450000,8991.160000
938,Entry short,2025-06-08 09:30,2498.590000,5,-71.000000,-0.5700,37.350000,88.450000,8991.160000
937,Exit long,2025-06-08 09:30,2498.590000,4,-72.680000,-0.7200,6.040000,133.920000,9062.160000
937,Entry long,2025-06-08 08:15,2516.760000,4,-72.680000,-0.7200,6.040000,133.920000,9062.160000
936,Exit short,2025-06-08 08:15,2516.760000,3,-0.600000,-0.0100,27.930000,11.910000,9134.840000
936,Entry short,2025-06-08 01:00,2516.560000,3,-0.600000,-0.0100,27.930000,11.910000,9134.840000
935,Exit long,2025-06-08 01:00,2516.560000,2,45.980000,0.9200,102.860000,12.920000,9135.440000
935,Entry long,2025-06-07 10:30,2493.570000,2,45.980000,0.9200,102.860000,12.920000,9135.440000
934,Exit short,2025-06-07 10:30,2493.570000,1,-9.650000,-0.3900,0.470000,10.560000,9089.460000
934,Entry short,2025-06-07 10:00,2483.920000,1,-9.650000,-0.3900,0.470000,10.560000,9089.460000
933,Exit long,2025-06-07 09:45,2483.990000,1,-3.840000,-0.1500,0.540000,3.910000,9099.110000
933,Entry long,2025-06-07 09:30,2487.830000,1,-3.840000,-0.1500,0.540000,3.910000,9099.110000
932,Exit long,2025-06-07 09:15,2486.660000,6,-15.360000,-0.1000,71.580000,62.820000,9102.950000
932,Entry long,2025-06-07 03:30,2489.220000,6,-15.360000,-0.1000,71.580000,62.820000,9102.950000
931,Exit short,2025-06-07 03:30,2489.220000,5,2.400000,0.0200,169.250000,14.150000,9118.310000
931,Entry short,2025-06-06 22:00,2489.700000,5,2.400000,0.0200,169.250000,14.150000,9118.310000
930,Exit long,2025-06-06 22:00,2490.800000,4,-27.120000,-0.2700,1.680000,30.320000,9115.910000
930,Entry long,2025-06-06 21:45,2497.580000,4,-27.120000,-0.2700,1.680000,30.320000,9115.910000
929,Exit short,2025-06-06 21:45,2497.580000,3,-28.920000,-0.3900,5.460000,28.920000,9143.030000
929,Entry short,2025-06-06 21:15,2487.940000,3,-28.920000,-0.3900,5.460000,28.920000,9143.030000
928,Exit long,2025-06-06 21:15,2487.940000,2,-31.900000,-0.6400,0.020000,33.880000,9171.950000
928,Entry long,2025-06-06 20:45,2503.890000,2,-31.900000,-0.6400,0.020000,33.880000,9171.950000
927,Exit short,2025-06-06 20:45,2503.890000,1,-14.890000,-0.6000,8.330000,17.440000,9203.850000
927,Entry short,2025-06-06 18:30,2489.000000,1,-14.890000,-0.6000,8.330000,17.440000,9203.850000
926,Exit long,2025-06-06 18:15,2492.500000,1,-5.910000,-0.2400,4.540000,7.270000,9218.740000
926,Entry long,2025-06-06 18:00,2498.410000,1,-5.910000,-0.2400,4.540000,7.270000,9218.740000
925,Exit long,2025-06-06 17:45,2486.390000,9,287.010000,1.3000,676.530000,81.090000,9224.650000
925,Entry long,2025-06-06 04:00,2454.500000,9,287.010000,1.3000,676.530000,81.090000,9224.650000
924,Exit short,2025-06-06 04:00,2454.500000,8,988.000000,4.7900,1587.040000,296.000000,8937.640000
924,Entry short,2025-06-05 14:15,2578.000000,8,988.000000,4.7900,1587.040000,296.000000,8937.640000
923,Exit long,2025-06-05 14:15,2586.340000,7,-270.270000,-1.4700,105.350000,328.650000,7949.640000
923,Entry long,2025-06-05 12:30,2624.950000,7,-270.270000,-1.4700,105.350000,328.650000,7949.640000
922,Exit short,2025-06-05 12:30,2624.950000,6,-101.040000,-0.6500,173.820000,117.540000,8219.910000
922,Entry short,2025-06-05 06:15,2608.110000,6,-101.040000,-0.6500,173.820000,117.540000,8219.910000
921,Exit long,2025-06-05 06:15,2611.110000,5,-63.200000,-0.4800,50.050000,82.200000,8320.950000
921,Entry long,2025-06-05 02:45,2623.750000,5,-63.200000,-0.4800,50.050000,82.200000,8320.950000
920,Exit short,2025-06-05 02:45,2623.750000,4,17.040000,0.1600,124.240000,16.520000,8384.150000
920,Entry short,2025-06-04 19:00,2628.010000,4,17.040000,0.1600,124.240000,16.520000,8384.150000
919,Exit long,2025-06-04 19:00,2628.010000,3,-48.810000,-0.6200,106.080000,60.720000,8367.110000
919,Entry long,2025-06-04 15:15,2644.280000,3,-48.810000,-0.6200,106.080000,60.720000,8367.110000
918,Exit short,2025-06-04 15:15,2644.280000,2,-41.140000,-0.7800,61.020000,46.340000,8415.920000
918,Entry short,2025-06-04 12:00,2623.710000,2,-41.140000,-0.7800,61.020000,46.340000,8415.920000
917,Exit long,2025-06-04 12:00,2623.710000,1,8.710000,0.3300,34.380000,6.330000,8457.060000
917,Entry long,2025-06-04 02:00,2615.000000,1,8.710000,0.3300,34.380000,6.330000,8457.060000
916,Exit short,2025-06-04 01:45,2611.180000,7,-55.720000,-0.3100,281.540000,132.650000,8448.350000
916,Entry short,2025-06-03 20:30,2603.220000,7,-55.720000,-0.3100,281.540000,132.650000,8448.350000
915,Exit long,2025-06-03 20:30,2603.220000,6,-129.660000,-0.8200,0.000000,133.500000,8504.070000
915,Entry long,2025-06-03 19:30,2624.830000,6,-129.660000,-0.8200,0.000000,133.500000,8504.070000
914,Exit short,2025-06-03 19:30,2624.830000,5,-103.050000,-0.7900,12.300000,117.750000,8633.730000
914,Entry short,2025-06-03 17:00,2604.220000,5,-103.050000,-0.7900,12.300000,117.750000,8633.730000
913,Exit long,2025-06-03 17:00,2604.220000,4,-52.280000,-0.5000,150.760000,59.800000,8736.780000
913,Entry long,2025-06-03 13:15,2617.290000,4,-52.280000,-0.5000,150.760000,59.800000,8736.780000
912,Exit short,2025-06-03 13:15,2617.290000,3,-51.240000,-0.6600,11.550000,55.650000,8789.060000
912,Entry short,2025-06-03 12:00,2600.210000,3,-51.240000,-0.6600,11.550000,55.650000,8789.060000
911,Exit long,2025-06-03 12:00,2600.210000,2,-25.260000,-0.4800,13.360000,28.020000,8840.300000
911,Entry long,2025-06-03 09:45,2612.840000,2,-25.260000,-0.4800,13.360000,28.020000,8840.300000
910,Exit short,2025-06-03 09:45,2612.840000,1,-11.850000,-0.4600,0.860000,13.520000,8865.560000
910,Entry short,2025-06-03 09:30,2600.990000,1,-11.850000,-0.4600,0.860000,13.520000,8865.560000
909,Exit long,2025-06-03 08:45,2600.350000,7,-90.650000,-0.5000,42.980000,138.810000,8877.410000
909,Entry long,2025-06-03 06:00,2613.300000,7,-90.650000,-0.5000,42.980000,138.810000,8877.410000
908,Exit short,2025-06-03 06:00,2613.300000,6,-116.700000,-0.7500,27.840000,141.240000,8968.060000
908,Entry short,2025-06-03 04:45,2593.850000,6,-116.700000,-0.7500,27.840000,141.240000,8968.060000
907,Exit long,2025-06-03 04:45,2593.850000,5,473.550000,3.7900,749.300000,23.150000,9084.760000
907,Entry long,2025-06-02 13:30,2499.140000,5,473.550000,3.7900,749.300000,23.150000,9084.760000
906,Exit short,2025-06-02 13:30,2499.140000,4,-23.360000,-0.2300,82.240000,34.600000,8611.210000
906,Entry short,2025-06-02 09:00,2493.300000,4,-23.360000,-0.2300,82.240000,34.600000,8611.210000
905,Exit long,2025-06-02 09:00,2493.300000,3,-56.070000,-0.7400,9.030000,70.590000,8634.570000
905,Entry long,2025-06-02 08:30,2511.990000,3,-56.070000,-0.7400,9.030000,70.590000,8634.570000
904,Exit short,2025-06-02 08:30,2511.990000,2,26.020000,0.5200,86.000000,2.720000,8690.640000
904,Entry short,2025-06-02 02:00,2525.000000,2,26.020000,0.5200,86.000000,2.720000,8690.640000
903,Exit long,2025-06-02 02:00,2525.000000,1,-0.100000,-0.0000,21.250000,6.910000,8664.620000
903,Entry long,2025-06-01 20:00,2525.100000,1,-0.100000,-0.0000,21.250000,6.910000,8664.620000
902,Exit long,2025-06-01 19:45,2518.870000,3,24.090000,0.3200,108.480000,57.840000,8664.720000
902,Entry long,2025-06-01 14:30,2510.840000,3,24.090000,0.3200,108.480000,57.840000,8664.720000
901,Exit short,2025-06-01 14:30,2510.840000,2,37.620000,0.7400,129.300000,37.960000,8640.630000
901,Entry short,2025-05-31 23:00,2529.650000,2,37.620000,0.7400,129.300000,37.960000,8640.630000
900,Exit long,2025-05-31 23:00,2529.650000,1,0.260000,0.0100,20.610000,8.340000,8603.010000
900,Entry long,2025-05-31 12:15,2529.390000,1,0.260000,0.0100,20.610000,8.340000,8603.010000
899,Exit long,2025-05-31 11:15,2511.400000,3,-38.670000,-0.5100,41.040000,54.060000,8602.750000
899,Entry long,2025-05-31 06:45,2524.290000,3,-38.670000,-0.5100,41.040000,54.060000,8602.750000
898,Exit short,2025-05-31 06:45,2524.290000,2,87.580000,1.7100,188.160000,10.100000,8641.420000
898,Entry short,2025-05-30 21:45,2568.080000,2,87.580000,1.7100,188.160000,10.100000,8641.420000
897,Exit long,2025-05-30 21:45,2568.080000,1,-14.050000,-0.5400,1.850000,14.610000,8553.840000
897,Entry long,2025-05-30 21:30,2582.130000,1,-14.050000,-0.5400,1.850000,14.610000,8553.840000
896,Exit short,2025-05-30 21:15,2580.850000,3,105.480000,1.3400,258.030000,79.080000,8567.890000
896,Entry short,2025-05-30 06:45,2616.010000,3,105.480000,1.3400,258.030000,79.080000,8567.890000
895,Exit long,2025-05-30 06:45,2616.010000,2,-30.980000,-0.5900,33.840000,40.020000,8462.410000
895,Entry long,2025-05-30 04:45,2631.500000,2,-30.980000,-0.5900,33.840000,40.020000,8462.410000
894,Exit short,2025-05-30 04:45,2631.500000,1,-10.590000,-0.4000,0.550000,10.980000,8493.390000
894,Entry short,2025-05-30 04:30,2620.910000,1,-10.590000,-0.4000,0.550000,10.980000,8493.390000
893,Exit short,2025-05-30 03:45,2633.890000,5,48.950000,0.3700,438.400000,21.550000,8503.980000
893,Entry short,2025-05-29 23:00,2643.680000,5,48.950000,0.3700,438.400000,21.550000,8503.980000
892,Exit long,2025-05-29 23:00,2643.680000,4,-73.760000,-0.6900,19.440000,76.600000,8455.030000
892,Entry long,2025-05-29 22:15,2662.120000,4,-73.760000,-0.6900,19.440000,76.600000,8455.030000
891,Exit short,2025-05-29 22:15,2662.120000,3,162.570000,1.9900,288.150000,5.340000,8528.790000
891,Entry short,2025-05-29 11:45,2716.310000,3,162.570000,1.9900,288.150000,5.340000,8528.790000
890,Exit long,2025-05-29 11:45,2716.310000,2,-37.540000,-0.6900,17.840000,44.160000,8366.220000
890,Entry long,2025-05-29 10:00,2735.080000,2,-37.540000,-0.6900,17.840000,44.160000,8366.220000
889,Exit short,2025-05-29 10:00,2735.080000,1,-17.390000,-0.6400,3.830000,20.810000,8403.760000
889,Entry short,2025-05-29 08:45,2717.690000,1,-17.390000,-0.6400,3.830000,20.810000,8403.760000
888,Exit long,2025-05-29 08:30,2719.930000,3,206.160000,2.5900,413.010000,42.570000,8421.150000
888,Entry long,2025-05-28 22:00,2651.210000,3,206.160000,2.5900,413.010000,42.570000,8421.150000
887,Exit short,2025-05-28 22:00,2651.210000,2,-63.980000,-1.2200,18.420000,79.260000,8214.990000
887,Entry short,2025-05-28 19:45,2619.220000,2,-63.980000,-1.2200,18.420000,79.260000,8214.990000
886,Exit long,2025-05-28 19:45,2619.220000,1,-33.480000,-1.2600,4.540000,34.570000,8278.970000
886,Entry long,2025-05-28 18:00,2652.700000,1,-33.480000,-1.2600,4.540000,34.570000,8278.970000
885,Exit short,2025-05-28 17:30,2651.860000,1,-24.400000,-0.9300,15.460000,36.540000,8312.450000
885,Entry short,2025-05-28 15:00,2627.460000,1,-24.400000,-0.9300,15.460000,36.540000,8312.450000
884,Exit long,2025-05-28 14:45,2636.360000,2,-14.060000,-0.2700,91.480000,48.480000,8336.850000
884,Entry long,2025-05-28 11:15,2643.390000,2,-14.060000,-0.2700,91.480000,48.480000,8336.850000
883,Exit short,2025-05-28 11:15,2643.390000,1,-7.620000,-0.2900,29.770000,12.660000,8350.910000
883,Entry short,2025-05-28 09:15,2635.770000,1,-7.620000,-0.2900,29.770000,12.660000,8350.910000
882,Exit short,2025-05-28 09:00,2642.010000,5,115.400000,0.8700,240.450000,31.300000,8358.530000
882,Entry short,2025-05-27 21:30,2665.090000,5,115.400000,0.8700,240.450000,31.300000,8358.530000
881,Exit long,2025-05-27 21:30,2665.090000,4,448.400000,4.3900,635.240000,15.960000,8243.130000
881,Entry long,2025-05-27 04:15,2552.990000,4,448.400000,4.3900,635.240000,15.960000,8243.130000
880,Exit short,2025-05-27 04:15,2552.990000,3,-53.370000,-0.7000,81.600000,87.150000,7794.730000
880,Entry short,2025-05-27 01:15,2535.200000,3,-53.370000,-0.7000,81.600000,87.150000,7794.730000
879,Exit long,2025-05-27 01:15,2535.200000,2,-59.720000,-1.1600,39.360000,62.080000,7848.100000
879,Entry long,2025-05-26 21:00,2565.060000,2,-59.720000,-1.1600,39.360000,62.080000,7848.100000
878,Exit short,2025-05-26 21:00,2565.060000,1,-4.880000,-0.1900,38.890000,13.440000,7907.820000
878,Entry short,2025-05-26 10:45,2560.180000,1,-4.880000,-0.1900,38.890000,13.440000,7907.820000
877,Exit long,2025-05-26 10:00,2562.010000,6,329.880000,2.1900,549.420000,6.180000,7912.700000
877,Entry long,2025-05-25 16:45,2507.030000,6,329.880000,2.1900,549.420000,6.180000,7912.700000
876,Exit short,2025-05-25 16:45,2507.030000,5,-48.300000,-0.3900,11.850000,61.900000,7582.820000
876,Entry short,2025-05-25 16:30,2497.370000,5,-48.300000,-0.3900,11.850000,61.900000,7582.820000
875,Exit long,2025-05-25 16:30,2497.370000,4,-52.400000,-0.5200,7.600000,61.400000,7631.120000
875,Entry long,2025-05-25 16:00,2510.470000,4,-52.400000,-0.5200,7.600000,61.400000,7631.120000
874,Exit short,2025-05-25 16:00,2510.470000,3,-67.530000,-0.9000,8.880000,81.510000,7683.520000
874,Entry short,2025-05-25 15:30,2487.960000,3,-67.530000,-0.9000,8.880000,81.510000,7683.520000
873,Exit long,2025-05-25 15:30,2487.960000,2,-21.680000,-0.4300,52.380000,41.600000,7751.050000
873,Entry long,2025-05-25 12:15,2498.800000,2,-21.680000,-0.4300,52.380000,41.600000,7751.050000
872,Exit short,2025-05-25 12:15,2498.800000,1,50.470000,1.9800,91.670000,4.280000,7772.730000
872,Entry short,2025-05-24 20:45,2549.270000,1,50.470000,1.9800,91.670000,4.280000,7772.730000
871,Exit long,2025-05-24 19:15,2548.500000,7,-89.880000,-0.5000,35.420000,126.140000,7722.260000
871,Entry long,2025-05-24 17:15,2561.340000,7,-89.880000,-0.5000,35.420000,126.140000,7722.260000
870,Exit short,2025-05-24 17:15,2561.340000,6,-86.040000,-0.5600,28.620000,101.280000,7812.140000
870,Entry short,2025-05-24 13:45,2547.000000,6,-86.040000,-0.5600,28.620000,101.280000,7812.140000
869,Exit long,2025-05-24 13:45,2551.470000,5,24.600000,0.1900,139.750000,62.250000,7898.180000
869,Entry long,2025-05-24 03:15,2546.550000,5,24.600000,0.1900,139.750000,62.250000,7898.180000
868,Exit short,2025-05-24 03:15,2546.550000,4,469.440000,4.4100,667.640000,95.560000,7873.580000
868,Entry short,2025-05-23 06:30,2663.910000,4,469.440000,4.4100,667.640000,95.560000,7873.580000
867,Exit long,2025-05-23 06:30,2663.910000,3,18.150000,0.2300,229.320000,42.300000,7404.140000
867,Entry long,2025-05-22 23:45,2657.860000,3,18.150000,0.2300,229.320000,42.300000,7404.140000
866,Exit short,2025-05-22 23:45,2657.860000,2,-39.620000,-0.7500,25.540000,41.420000,7385.990000
866,Entry short,2025-05-22 19:45,2638.050000,2,-39.620000,-0.7500,25.540000,41.420000,7385.990000
865,Exit long,2025-05-22 19:45,2638.050000,1,-13.570000,-0.5100,27.680000,17.150000,7425.610000
865,Entry long,2025-05-22 14:15,2651.620000,1,-13.570000,-0.5100,27.680000,17.150000,7425.610000
864,Exit long,2025-05-22 14:00,2643.150000,5,542.800000,4.2800,790.100000,54.200000,7439.180000
864,Entry long,2025-05-21 23:00,2534.590000,5,542.800000,4.2800,790.100000,54.200000,7439.180000
863,Exit short,2025-05-21 23:00,2534.590000,4,-231.520000,-2.3400,103.960000,260.720000,6896.380000
863,Entry short,2025-05-21 17:30,2476.710000,4,-231.520000,-2.3400,103.960000,260.720000,6896.380000
862,Exit long,2025-05-21 17:30,2476.710000,3,-243.600000,-3.1700,171.240000,258.240000,7127.900000
862,Entry long,2025-05-21 14:15,2557.910000,3,-243.600000,-3.1700,171.240000,258.240000,7127.900000
861,Exit short,2025-05-21 14:15,2546.920000,2,-9.260000,-0.1800,58.160000,31.240000,7371.500000
861,Entry short,2025-05-21 08:45,2542.290000,2,-9.260000,-0.1800,58.160000,31.240000,7371.500000
860,Exit long,2025-05-21 08:45,2542.290000,1,32.770000,1.3100,105.940000,22.770000,7380.760000
860,Entry long,2025-05-20 20:30,2509.520000,1,32.770000,1.3100,105.940000,22.770000,7380.760000
859,Exit short,2025-05-20 20:15,2498.670000,4,-111.440000,-1.1300,129.680000,160.960000,7347.990000
859,Entry short,2025-05-20 18:30,2470.810000,4,-111.440000,-1.1300,129.680000,160.960000,7347.990000
858,Exit long,2025-05-20 18:30,2470.810000,3,-75.300000,-1.0100,21.270000,84.510000,7459.430000
858,Entry long,2025-05-20 18:00,2495.910000,3,-75.300000,-1.0100,21.270000,84.510000,7459.430000
857,Exit short,2025-05-20 18:00,2495.910000,2,74.960000,1.4800,140.780000,25.220000,7534.730000
857,Entry short,2025-05-20 07:00,2533.390000,2,74.960000,1.4800,140.780000,25.220000,7534.730000
856,Exit long,2025-05-20 07:00,2542.750000,1,110.580000,4.5500,155.830000,15.770000,7459.770000
856,Entry long,2025-05-19 13:45,2432.170000,1,110.580000,4.5500,155.830000,15.770000,7459.770000
855,Exit long,2025-05-19 13:15,2395.230000,7,-95.900000,-0.5700,92.260000,181.510000,7349.190000
855,Entry long,2025-05-19 08:15,2408.930000,7,-95.900000,-0.5700,92.260000,181.510000,7349.190000
854,Exit short,2025-05-19 08:15,2408.250000,6,124.680000,0.8600,492.240000,72.720000,7445.090000
854,Entry short,2025-05-19 01:15,2429.030000,6,124.680000,0.8600,492.240000,72.720000,7445.090000
853,Exit long,2025-05-19 01:15,2429.890000,5,-335.450000,-2.6900,82.000000,374.250000,7320.410000
853,Entry long,2025-05-19 00:00,2496.980000,5,-335.450000,-2.6900,82.000000,374.250000,7320.410000
852,Exit short,2025-05-19 00:00,2496.980000,4,-33.560000,-0.3400,703.880000,86.440000,7655.860000
852,Entry short,2025-05-18 18:00,2488.590000,4,-33.560000,-0.3400,703.880000,86.440000,7655.860000
851,Exit long,2025-05-18 18:00,2488.590000,3,-66.330000,-0.8800,230.460000,87.600000,7689.420000
851,Entry long,2025-05-18 13:30,2510.700000,3,-66.330000,-0.8800,230.460000,87.600000,7689.420000
850,Exit short,2025-05-18 13:30,2510.700000,2,-20.420000,-0.4100,27.680000,26.640000,7755.750000
850,Entry short,2025-05-18 12:00,2500.490000,2,-20.420000,-0.4100,27.680000,26.640000,7755.750000
849,Exit long,2025-05-18 12:00,2500.490000,1,19.500000,0.7900,46.860000,14.250000,7776.170000
849,Entry long,2025-05-18 00:45,2480.990000,1,19.500000,0.7900,46.860000,14.250000,7776.170000
848,Exit short,2025-05-18 00:30,2476.510000,6,-112.080000,-0.7600,39.300000,146.580000,7756.670000
848,Entry short,2025-05-17 22:30,2457.830000,6,-112.080000,-0.7600,39.300000,146.580000,7756.670000
847,Exit long,2025-05-17 22:30,2457.830000,5,-151.100000,-1.2100,25.450000,160.250000,7868.750000
847,Entry long,2025-05-17 21:00,2488.050000,5,-151.100000,-1.2100,25.450000,160.250000,7868.750000
846,Exit short,2025-05-17 21:00,2488.050000,4,-88.440000,-0.9000,21.120000,118.440000,8019.850000
846,Entry short,2025-05-17 19:00,2465.940000,4,-88.440000,-0.9000,21.120000,118.440000,8019.850000
845,Exit long,2025-05-17 19:00,2465.940000,3,-49.830000,-0.6700,0.990000,61.470000,8108.290000
845,Entry long,2025-05-17 18:30,2482.550000,3,-49.830000,-0.6700,0.990000,61.470000,8108.290000
844,Exit short,2025-05-17 18:30,2482.190000,2,211.700000,4.0900,290.780000,35.620000,8158.120000
844,Entry short,2025-05-16 14:15,2588.040000,2,211.700000,4.0900,290.780000,35.620000,8158.120000
843,Exit long,2025-05-16 14:15,2588.040000,1,-9.910000,-0.3800,50.730000,17.950000,7946.420000
843,Entry long,2025-05-16 09:15,2597.950000,1,-9.910000,-0.3800,50.730000,17.950000,7946.420000
842,Exit long,2025-05-16 09:00,2572.480000,2,45.940000,0.9000,139.760000,32.720000,7956.330000
842,Entry long,2025-05-16 00:00,2549.510000,2,45.940000,0.9000,139.760000,32.720000,7956.330000
841,Exit short,2025-05-16 00:00,2547.760000,1,-19.760000,-0.7800,13.000000,21.510000,7910.390000
841,Entry short,2025-05-15 23:15,2528.000000,1,-19.760000,-0.7800,13.000000,21.510000,7910.390000
840,Exit short,2025-05-15 22:45,2560.520000,6,-222.840000,-1.4700,77.340000,241.380000,7930.150000
840,Entry short,2025-05-15 19:00,2523.380000,6,-222.840000,-1.4700,77.340000,241.380000,7930.150000
839,Exit long,2025-05-15 19:00,2524.000000,5,-221.700000,-1.7300,175.900000,246.650000,8152.990000
839,Entry long,2025-05-15 16:15,2568.340000,5,-221.700000,-1.7300,175.900000,246.650000,8152.990000
838,Exit short,2025-05-15 16:15,2556.820000,4,-105.360000,-1.0400,219.480000,152.640000,8374.690000
838,Entry short,2025-05-15 14:00,2530.480000,4,-105.360000,-1.0400,219.480000,152.640000,8374.690000
837,Exit long,2025-05-15 14:00,2530.480000,3,-104.370000,-1.3600,7.110000,195.690000,8480.050000
837,Entry long,2025-05-15 12:45,2565.270000,3,-104.370000,-1.3600,7.110000,195.690000,8480.050000
836,Exit short,2025-05-15 12:45,2565.270000,2,23.060000,0.4500,126.000000,40.940000,8584.420000
836,Entry short,2025-05-15 02:00,2576.800000,2,23.060000,0.4500,126.000000,40.940000,8584.420000
835,Exit long,2025-05-15 02:00,2576.800000,1,-28.580000,-1.1000,40.720000,39.480000,8561.360000
835,Entry long,2025-05-14 22:00,2605.380000,1,-28.580000,-1.1000,40.720000,39.480000,8561.360000
834,Exit long,2025-05-14 21:45,2594.460000,4,-72.080000,-0.6900,17.360000,120.680000,8589.940000
834,Entry long,2025-05-14 19:00,2612.480000,4,-72.080000,-0.6900,17.360000,120.680000,8589.940000
833,Exit short,2025-05-14 19:00,2612.480000,3,84.990000,1.0700,287.430000,43.980000,8662.020000
833,Entry short,2025-05-14 07:45,2640.810000,3,84.990000,1.0700,287.430000,43.980000,8662.020000
832,Exit long,2025-05-14 07:45,2654.650000,2,-40.320000,-0.7500,10.060000,72.380000,8577.030000
832,Entry long,2025-05-14 05:45,2674.810000,2,-40.320000,-0.7500,10.060000,72.380000,8577.030000
831,Exit short,2025-05-14 05:45,2669.920000,1,-41.730000,-1.5900,5.180000,58.420000,8617.350000
831,Entry short,2025-05-14 03:00,2628.190000,1,-41.730000,-1.5900,5.180000,58.420000,8617.350000
830,Exit long,2025-05-14 02:30,2638.030000,1,179.030000,7.2800,279.620000,8.430000,8659.080000
830,Entry long,2025-05-13 07:00,2459.000000,1,179.030000,7.2800,279.620000,8.430000,8659.080000
829,Exit short,2025-05-13 06:45,2456.350000,4,8.360000,0.0900,176.320000,68.600000,8480.050000
829,Entry short,2025-05-13 00:45,2458.440000,4,8.360000,0.0900,176.320000,68.600000,8480.050000
828,Exit long,2025-05-13 00:45,2458.440000,3,-97.260000,-1.3000,25.440000,99.780000,8471.690000
828,Entry long,2025-05-12 22:45,2490.860000,3,-97.260000,-1.3000,25.440000,99.780000,8471.690000
827,Exit short,2025-05-12 22:45,2490.860000,2,36.740000,0.7300,205.360000,52.660000,8568.950000
827,Entry short,2025-05-12 14:30,2509.230000,2,36.740000,0.7300,205.360000,52.660000,8568.950000
826,Exit long,2025-05-12 14:30,2509.230000,1,-45.340000,-1.7700,21.030000,58.570000,8532.210000
826,Entry long,2025-05-12 12:45,2554.570000,1,-45.340000,-1.7700,21.030000,58.570000,8532.210000
825,Exit long,2025-05-12 12:15,2542.930000,3,-89.580000,-1.1600,156.150000,158.370000,8577.550000
825,Entry long,2025-05-12 07:15,2572.790000,3,-89.580000,-1.1600,156.150000,158.370000,8577.550000
824,Exit short,2025-05-12 07:15,2572.790000,2,-129.100000,-2.5700,48.440000,132.680000,8667.130000
824,Entry short,2025-05-12 05:15,2508.240000,2,-129.100000,-2.5700,48.440000,132.680000,8667.130000
823,Exit long,2025-05-12 05:15,2508.240000,1,-6.140000,-0.2400,33.620000,32.430000,8796.230000
823,Entry long,2025-05-11 19:15,2514.380000,1,-6.140000,-0.2400,33.620000,32.430000,8796.230000
822,Exit short,2025-05-11 19:00,2503.830000,7,-111.510000,-0.6400,371.070000,185.360000,8802.370000
822,Entry short,2025-05-11 13:45,2487.900000,7,-111.510000,-0.6400,371.070000,185.360000,8802.370000
821,Exit long,2025-05-11 13:45,2487.900000,6,-243.000000,-1.6000,38.400000,314.100000,8913.880000
821,Entry long,2025-05-11 11:45,2528.400000,6,-243.000000,-1.6000,38.400000,314.100000,8913.880000
820,Exit short,2025-05-11 11:45,2528.400000,5,-32.200000,-0.2600,346.750000,55.400000,9156.880000
820,Entry short,2025-05-11 06:45,2521.960000,5,-32.200000,-0.2600,346.750000,55.400000,9156.880000
819,Exit long,2025-05-11 06:45,2521.960000,4,703.440000,7.5000,1047.600000,21.600000,9189.080000
819,Entry long,2025-05-10 05:45,2346.100000,4,703.440000,7.5000,1047.600000,21.600000,9189.080000
818,Exit short,2025-05-10 05:45,2342.620000,3,-29.250000,-0.4200,22.680000,39.690000,8485.640000
818,Entry short,2025-05-10 03:30,2332.870000,3,-29.250000,-0.4200,22.680000,39.690000,8485.640000
817,Exit long,2025-05-10 03:30,2337.730000,2,-23.020000,-0.4900,61.500000,83.860000,8514.890000
817,Entry long,2025-05-09 18:00,2349.240000,2,-23.020000,-0.4900,61.500000,83.860000,8514.890000
816,Exit short,2025-05-09 18:00,2349.240000,1,-50.240000,-2.1900,25.370000,56.000000,8537.910000
816,Entry short,2025-05-09 15:30,2299.000000,1,-50.240000,-2.1900,25.370000,56.000000,8537.910000
815,Exit long,2025-05-09 15:00,2305.170000,7,3433.640000,27.0300,4732.700000,52.080000,8588.150000
815,Entry long,2025-05-07 22:30,1814.650000,7,3433.640000,27.0300,4732.700000,52.080000,8588.150000
814,Exit short,2025-05-07 22:30,1809.500000,6,131.220000,1.1900,272.220000,18.360000,5154.510000
814,Entry short,2025-05-07 12:15,1831.370000,6,131.220000,1.1900,272.220000,18.360000,5154.510000
813,Exit long,2025-05-07 12:15,1831.370000,5,214.600000,2.4000,307.750000,1.750000,5023.290000
813,Entry long,2025-05-06 22:15,1788.450000,5,214.600000,2.4000,307.750000,1.750000,5023.290000
812,Exit short,2025-05-06 22:15,1788.450000,4,-88.840000,-1.2600,5.040000,130.560000,4808.690000
812,Entry short,2025-05-06 21:30,1766.240000,4,-88.840000,-1.2600,5.040000,130.560000,4808.690000
811,Exit long,2025-05-06 21:30,1766.240000,3,-68.400000,-1.2700,28.110000,73.950000,4897.530000
811,Entry long,2025-05-06 19:00,1789.040000,3,-68.400000,-1.2700,28.110000,73.950000,4897.530000
810,Exit short,2025-05-06 19:00,1789.040000,2,41.980000,1.1600,120.060000,20.540000,4965.930000
810,Entry short,2025-05-06 01:00,1810.030000,2,41.980000,1.1600,120.060000,20.540000,4965.930000
809,Exit long,2025-05-06 01:00,1813.270000,1,-0.340000,-0.0200,19.370000,5.330000,4923.950000
809,Entry long,2025-05-05 21:15,1813.610000,1,-0.340000,-0.0200,19.370000,5.330000,4923.950000
808,Exit long,2025-05-05 21:00,1808.190000,13,-37.700000,-0.1600,219.830000,172.900000,4924.290000
808,Entry long,2025-05-05 17:30,1811.090000,13,-37.700000,-0.1600,219.830000,172.900000,4924.290000
807,Exit short,2025-05-05 17:30,1811.090000,12,-71.160000,-0.3300,142.440000,116.400000,4961.990000
807,Entry short,2025-05-05 10:45,1805.160000,12,-71.160000,-0.3300,142.440000,116.400000,4961.990000
806,Exit long,2025-05-05 10:45,1805.160000,11,-116.160000,-0.5800,165.000000,124.960000,5033.150000
806,Entry long,2025-05-05 06:00,1815.720000,11,-116.160000,-0.5800,165.000000,124.960000,5033.150000
805,Exit short,2025-05-05 06:00,1815.720000,10,44.000000,0.2400,401.000000,43.600000,5149.310000
805,Entry short,2025-05-04 22:30,1820.120000,10,44.000000,0.2400,401.000000,43.600000,5149.310000
804,Exit long,2025-05-04 22:30,1824.480000,9,-52.110000,-0.3200,103.410000,91.350000,5105.310000
804,Entry long,2025-05-04 20:15,1830.270000,9,-52.110000,-0.3200,103.410000,91.350000,5105.310000
803,Exit short,2025-05-04 20:15,1829.760000,8,-3.440000,-0.0200,98.400000,48.240000,5157.420000
803,Entry short,2025-05-04 08:45,1829.330000,8,-3.440000,-0.0200,98.400000,48.240000,5157.420000
802,Exit long,2025-05-04 08:45,1830.690000,7,-77.140000,-0.6000,54.740000,86.660000,5160.860000
802,Entry long,2025-05-04 05:30,1841.710000,7,-77.140000,-0.6000,54.740000,86.660000,5160.860000
801,Exit short,2025-05-04 05:30,1841.710000,6,-76.260000,-0.6900,22.320000,103.620000,5238.000000
801,Entry short,2025-05-04 03:00,1829.000000,6,-76.260000,-0.6900,22.320000,103.620000,5238.000000
800,Exit long,2025-05-04 03:00,1833.200000,5,-29.000000,-0.3200,49.200000,53.600000,5314.260000
800,Entry long,2025-05-04 01:15,1839.000000,5,-29.000000,-0.3200,49.200000,53.600000,5314.260000
799,Exit short,2025-05-04 01:15,1838.250000,4,-26.360000,-0.3600,8.360000,29.360000,5343.260000
799,Entry short,2025-05-04 00:45,1831.660000,4,-26.360000,-0.3600,8.360000,29.360000,5343.260000
798,Exit long,2025-05-04 00:45,1831.660000,3,-9.990000,-0.1800,39.030000,21.600000,5369.620000
798,Entry long,2025-05-03 19:45,1834.990000,3,-9.990000,-0.1800,39.030000,21.600000,5369.620000
797,Exit short,2025-05-03 19:45,1834.990000,2,-22.100000,-0.6100,32.380000,25.880000,5379.610000
797,Entry short,2025-05-03 17:00,1823.940000,2,-22.100000,-0.6100,32.380000,25.880000,5379.610000
796,Exit long,2025-05-03 17:00,1826.230000,1,-4.970000,-0.2700,8.070000,8.890000,5401.710000
796,Entry long,2025-05-03 13:15,1831.200000,1,-4.970000,-0.2700,8.070000,8.890000,5401.710000
795,Exit short,2025-05-03 12:45,1830.260000,1,4.480000,0.2400,18.510000,2.630000,5406.680000
795,Entry short,2025-05-03 05:15,1834.740000,1,4.480000,0.2400,18.510000,2.630000,5406.680000
794,Exit short,2025-05-03 05:00,1837.440000,2,-2.020000,-0.0500,21.820000,21.600000,5402.200000
794,Entry short,2025-05-02 20:00,1836.430000,2,-2.020000,-0.0500,21.820000,21.600000,5402.200000
793,Exit long,2025-05-02 20:00,1838.780000,1,6.390000,0.3500,38.670000,10.260000,5404.220000
793,Entry long,2025-05-02 12:00,1832.390000,1,6.390000,0.3500,38.670000,10.260000,5404.220000
792,Exit short,2025-05-02 11:30,1831.590000,1,7.110000,0.3900,26.700000,2.600000,5397.830000
792,Entry short,2025-05-02 05:15,1838.700000,1,7.110000,0.3900,26.700000,2.600000,5397.830000
791,Exit long,2025-05-02 05:00,1840.510000,2,-13.660000,-0.3700,7.040000,18.360000,5390.720000
791,Entry long,2025-05-02 02:30,1847.340000,2,-13.660000,-0.3700,7.040000,18.360000,5390.720000
790,Exit short,2025-05-02 02:30,1847.340000,1,-6.990000,-0.3800,2.220000,8.270000,5404.380000
790,Entry short,2025-05-02 01:45,1840.350000,1,-6.990000,-0.3800,2.220000,8.270000,5404.380000
789,Exit short,2025-05-02 01:30,1844.200000,14,-29.260000,-0.1100,144.340000,117.320000,5411.370000
789,Entry short,2025-05-01 20:00,1842.110000,14,-29.260000,-0.1100,144.340000,117.320000,5411.370000
788,Exit long,2025-05-01 20:00,1842.110000,13,744.900000,3.2100,1142.700000,125.710000,5440.630000
788,Entry long,2025-04-30 18:15,1784.810000,13,744.900000,3.2100,1142.700000,125.710000,5440.630000
787,Exit short,2025-04-30 18:15,1784.810000,12,-99.480000,-0.4700,551.040000,148.560000,4695.730000
787,Entry short,2025-04-30 12:45,1776.520000,12,-99.480000,-0.4700,551.040000,148.560000,4695.730000
786,Exit long,2025-04-30 12:45,1776.520000,11,-340.780000,-1.7100,93.500000,365.200000,4795.210000
786,Entry long,2025-04-30 10:15,1807.500000,11,-340.780000,-1.7100,93.500000,365.200000,4795.210000
785,Exit short,2025-04-30 10:15,1805.860000,10,-90.200000,-0.5000,68.400000,108.600000,5135.990000
785,Entry short,2025-04-30 07:45,1796.840000,10,-90.200000,-0.5000,68.400000,108.600000,5135.990000
784,Exit long,2025-04-30 07:45,1796.840000,9,-102.060000,-0.6300,36.360000,118.620000,5226.190000
784,Entry long,2025-04-30 04:00,1808.180000,9,-102.060000,-0.6300,36.360000,118.620000,5226.190000
783,Exit short,2025-04-30 04:00,1808.180000,8,44.880000,0.3100,275.440000,17.760000,5328.250000
783,Entry short,2025-04-29 20:15,1813.790000,8,44.880000,0.3100,275.440000,17.760000,5328.250000
782,Exit long,2025-04-29 20:15,1813.790000,7,-73.850000,-0.5800,25.620000,87.010000,5283.370000
782,Entry long,2025-04-29 18:00,1824.340000,7,-73.850000,-0.5800,25.620000,87.010000,5283.370000
781,Exit short,2025-04-29 18:00,1824.340000,6,-54.300000,-0.5000,55.740000,82.260000,5357.220000
781,Entry short,2025-04-29 17:00,1815.290000,6,-54.300000,-0.5000,55.740000,82.260000,5357.220000
780,Exit long,2025-04-29 17:00,1815.290000,5,-71.550000,-0.7800,1.850000,85.700000,5411.520000
780,Entry long,2025-04-29 16:45,1829.600000,5,-71.550000,-0.7800,1.850000,85.700000,5411.520000
779,Exit short,2025-04-29 16:45,1829.600000,4,-67.120000,-0.9300,22.680000,74.680000,5483.070000
779,Entry short,2025-04-29 13:30,1812.820000,4,-67.120000,-0.9300,22.680000,74.680000,5483.070000
778,Exit long,2025-04-29 13:30,1812.820000,3,1.110000,0.0200,91.110000,34.350000,5550.190000
778,Entry long,2025-04-29 06:30,1812.450000,3,1.110000,0.0200,91.110000,34.350000,5550.190000
777,Exit short,2025-04-29 06:30,1812.450000,2,-48.580000,-1.3600,1.580000,61.680000,5549.080000
777,Entry short,2025-04-29 05:15,1788.160000,2,-48.580000,-1.3600,1.580000,61.680000,5549.080000
776,Exit long,2025-04-29 05:15,1789.500000,1,3.510000,0.2000,24.930000,1.500000,5597.660000
776,Entry long,2025-04-28 21:45,1785.990000,1,3.510000,0.2000,24.930000,1.500000,5597.660000
775,Exit short,2025-04-28 19:30,1795.200000,6,9.060000,0.0800,327.360000,49.740000,5594.150000
775,Entry short,2025-04-28 13:30,1796.710000,6,9.060000,0.0800,327.360000,49.740000,5594.150000
774,Exit long,2025-04-28 13:30,1796.710000,5,19.500000,0.2200,169.500000,38.550000,5585.090000
774,Entry long,2025-04-28 04:30,1792.810000,5,19.500000,0.2200,169.500000,38.550000,5585.090000
773,Exit short,2025-04-28 04:30,1792.810000,4,-13.680000,-0.1900,153.600000,24.240000,5565.590000
773,Entry short,2025-04-27 22:15,1789.390000,4,-13.680000,-0.1900,153.600000,24.240000,5565.590000
772,Exit long,2025-04-27 22:15,1789.390000,3,-31.290000,-0.5800,23.850000,35.010000,5579.270000
772,Entry long,2025-04-27 18:15,1799.820000,3,-31.290000,-0.5800,23.850000,35.010000,5579.270000
771,Exit short,2025-04-27 18:15,1799.690000,2,6.960000,0.1900,45.840000,9.580000,5610.560000
771,Entry short,2025-04-27 12:00,1803.170000,2,6.960000,0.1900,45.840000,9.580000,5610.560000
770,Exit long,2025-04-27 12:00,1805.030000,1,-5.180000,-0.2900,1.990000,7.610000,5603.600000
770,Entry long,2025-04-27 09:30,1810.210000,1,-5.180000,-0.2900,1.990000,7.610000,5603.600000
769,Exit short,2025-04-27 08:45,1811.140000,1,-0.430000,-0.0200,21.830000,5.790000,5608.780000
769,Entry short,2025-04-27 02:45,1810.710000,1,-0.430000,-0.0200,21.830000,5.790000,5608.780000
768,Exit long,2025-04-27 02:30,1814.940000,1,12.680000,0.7000,54.740000,7.260000,5609.210000
768,Entry long,2025-04-26 16:30,1802.260000,1,12.680000,0.7000,54.740000,7.260000,5609.210000
767,Exit short,2025-04-26 15:45,1799.310000,14,-99.540000,-0.4000,208.460000,164.360000,5596.530000
767,Entry short,2025-04-26 11:30,1792.200000,14,-99.540000,-0.4000,208.460000,164.360000,5596.530000
766,Exit long,2025-04-26 11:30,1792.200000,13,-134.550000,-0.5700,506.220000,146.640000,5696.070000
766,Entry long,2025-04-26 07:00,1802.550000,13,-134.550000,-0.5700,506.220000,146.640000,5696.070000
765,Exit short,2025-04-26 07:00,1802.130000,12,-100.200000,-0.4700,69.240000,150.960000,5830.620000
765,Entry short,2025-04-26 04:30,1793.780000,12,-100.200000,-0.4700,69.240000,150.960000,5830.620000
764,Exit long,2025-04-26 04:30,1793.780000,11,-90.420000,-0.4600,143.550000,112.860000,5930.820000
764,Entry long,2025-04-26 01:30,1802.000000,11,-90.420000,-0.4600,143.550000,112.860000,5930.820000
763,Exit short,2025-04-26 01:30,1802.000000,10,-129.800000,-0.7300,60.200000,175.200000,6021.240000
763,Entry short,2025-04-25 22:00,1789.020000,10,-129.800000,-0.7300,60.200000,175.200000,6021.240000
762,Exit long,2025-04-25 22:00,1789.020000,9,-17.640000,-0.1100,323.370000,86.940000,6151.040000
762,Entry long,2025-04-25 14:45,1790.980000,9,-17.640000,-0.1100,323.370000,86.940000,6151.040000
761,Exit short,2025-04-25 14:45,1790.980000,8,-205.280000,-1.4500,76.080000,228.240000,6168.680000
761,Entry short,2025-04-25 13:30,1765.320000,8,-205.280000,-1.4500,76.080000,228.240000,6168.680000
760,Exit long,2025-04-25 13:30,1765.320000,7,-31.080000,-0.2500,225.680000,52.150000,6373.960000
760,Entry long,2025-04-25 04:45,1769.760000,7,-31.080000,-0.2500,225.680000,52.150000,6373.960000
759,Exit short,2025-04-25 04:45,1769.760000,6,-83.580000,-0.7900,110.580000,93.480000,6405.040000
759,Entry short,2025-04-25 02:30,1755.830000,6,-83.580000,-0.7900,110.580000,93.480000,6405.040000
758,Exit long,2025-04-25 02:30,1755.830000,5,-45.750000,-0.5200,124.500000,69.200000,6488.620000
758,Entry long,2025-04-24 23:15,1764.980000,5,-45.750000,-0.5200,124.500000,69.200000,6488.620000
757,Exit short,2025-04-24 23:15,1764.980000,4,-53.120000,-0.7600,0.000000,54.160000,6534.370000
757,Entry short,2025-04-24 21:30,1751.700000,4,-53.120000,-0.7600,0.000000,54.160000,6534.370000
756,Exit long,2025-04-24 21:30,1751.700000,3,-35.040000,-0.6600,18.780000,46.710000,6587.490000
756,Entry long,2025-04-24 19:30,1763.380000,3,-35.040000,-0.6600,18.780000,46.710000,6587.490000
755,Exit short,2025-04-24 19:30,1762.380000,2,-11.380000,-0.3200,1.360000,16.280000,6622.530000
755,Entry short,2025-04-24 19:15,1756.690000,2,-11.380000,-0.3200,1.360000,16.280000,6622.530000
754,Exit long,2025-04-24 19:15,1756.690000,1,-6.600000,-0.3700,0.090000,8.280000,6633.910000
754,Entry long,2025-04-24 19:00,1763.290000,1,-6.600000,-0.3700,0.090000,8.280000,6633.910000
753,Exit long,2025-04-24 18:30,1757.840000,1,-7.820000,-0.4400,3.190000,10.010000,6640.510000
753,Entry long,2025-04-24 18:15,1765.660000,1,-7.820000,-0.4400,3.190000,10.010000,6640.510000
752,Exit long,2025-04-24 17:45,1749.420000,1,-8.350000,-0.4800,19.560000,14.650000,6648.330000
752,Entry long,2025-04-24 13:30,1757.770000,1,-8.350000,-0.4800,19.560000,14.650000,6648.330000
751,Exit short,2025-04-24 13:15,1752.850000,1,31.830000,1.7800,63.460000,5.770000,6656.680000
751,Entry short,2025-04-24 02:45,1784.680000,1,31.830000,1.7800,63.460000,5.770000,6656.680000
750,Exit short,2025-04-24 02:30,1797.070000,7,-74.410000,-0.6000,42.140000,110.810000,6624.850000
750,Entry short,2025-04-24 00:30,1786.440000,7,-74.410000,-0.6000,42.140000,110.810000,6624.850000
749,Exit long,2025-04-24 00:30,1786.440000,6,-56.640000,-0.5300,62.400000,74.640000,6699.260000
749,Entry long,2025-04-23 22:30,1795.880000,6,-56.640000,-0.5300,62.400000,74.640000,6699.260000
748,Exit short,2025-04-23 22:30,1794.870000,5,-29.350000,-0.3300,15.600000,34.400000,6755.900000
748,Entry short,2025-04-23 21:45,1789.000000,5,-29.350000,-0.3300,15.600000,34.400000,6755.900000
747,Exit long,2025-04-23 21:45,1789.000000,4,-32.360000,-0.4500,0.320000,36.600000,6785.250000
747,Entry long,2025-04-23 21:15,1797.090000,4,-32.360000,-0.4500,0.320000,36.600000,6785.250000
746,Exit short,2025-04-23 21:15,1795.230000,3,-28.050000,-0.5200,37.350000,40.770000,6817.610000
746,Entry short,2025-04-23 19:15,1785.880000,3,-28.050000,-0.5200,37.350000,40.770000,6817.610000
745,Exit long,2025-04-23 19:15,1785.880000,2,-28.220000,-0.7800,19.220000,31.780000,6845.660000
745,Entry long,2025-04-23 18:00,1799.990000,2,-28.220000,-0.7800,19.220000,31.780000,6845.660000
744,Exit short,2025-04-23 18:00,1799.990000,1,-12.670000,-0.7100,26.320000,16.370000,6873.880000
744,Entry short,2025-04-23 15:00,1787.320000,1,-12.670000,-0.7100,26.320000,16.370000,6873.880000
743,Exit long,2025-04-23 14:45,1796.560000,1,217.760000,13.7900,259.200000,5.730000,6886.550000
743,Entry long,2025-04-22 04:00,1578.800000,1,217.760000,13.7900,259.200000,5.730000,6886.550000
742,Exit long,2025-04-22 02:45,1571.780000,3,-44.070000,-0.9300,20.280000,62.310000,6668.790000
742,Entry long,2025-04-22 02:00,1586.470000,3,-44.070000,-0.9300,20.280000,62.310000,6668.790000
741,Exit short,2025-04-22 02:00,1586.470000,2,91.660000,2.8100,194.600000,18.180000,6712.860000
741,Entry short,2025-04-21 10:30,1632.300000,2,91.660000,2.8100,194.600000,18.180000,6712.860000
740,Exit long,2025-04-21 10:30,1632.300000,1,45.730000,2.8800,71.430000,1.290000,6621.200000
740,Entry long,2025-04-21 00:00,1586.570000,1,45.730000,2.8800,71.430000,1.290000,6621.200000
739,Exit long,2025-04-20 22:45,1579.340000,1,-1.230000,-0.0800,19.430000,7.210000,6575.470000
739,Entry long,2025-04-20 19:00,1580.570000,1,-1.230000,-0.0800,19.430000,7.210000,6575.470000
738,Exit short,2025-04-20 18:30,1579.370000,5,162.600000,2.0200,236.000000,7.250000,6576.700000
738,Entry short,2025-04-20 05:45,1611.890000,5,162.600000,2.0200,236.000000,7.250000,6576.700000
737,Exit long,2025-04-20 05:45,1611.890000,4,-16.480000,-0.2500,1.960000,18.760000,6414.100000
737,Entry long,2025-04-20 04:45,1616.010000,4,-16.480000,-0.2500,1.960000,18.760000,6414.100000
736,Exit short,2025-04-20 04:45,1616.010000,3,-18.330000,-0.3800,1.710000,21.300000,6430.580000
736,Entry short,2025-04-20 03:45,1609.900000,3,-18.330000,-0.3800,1.710000,21.300000,6430.580000
735,Exit long,2025-04-20 03:45,1609.900000,2,-15.800000,-0.4900,1.320000,18.080000,6448.910000
735,Entry long,2025-04-20 02:00,1617.800000,2,-15.800000,-0.4900,1.320000,18.080000,6448.910000
734,Exit short,2025-04-20 02:00,1617.100000,1,-8.420000,-0.5200,0.680000,9.640000,6464.710000
734,Entry short,2025-04-20 00:45,1608.680000,1,-8.420000,-0.5200,0.680000,9.640000,6464.710000
733,Exit long,2025-04-20 00:30,1610.790000,3,26.490000,0.5500,90.990000,12.600000,6473.130000
733,Entry long,2025-04-19 13:45,1601.960000,3,26.490000,0.5500,90.990000,12.600000,6473.130000
732,Exit short,2025-04-19 13:45,1601.960000,2,-12.720000,-0.4000,4.740000,13.240000,6446.640000
732,Entry short,2025-04-19 10:30,1595.600000,2,-12.720000,-0.4000,4.740000,13.240000,6446.640000
731,Exit long,2025-04-19 10:30,1597.990000,1,3.510000,0.2200,18.520000,2.990000,6459.360000
731,Entry long,2025-04-19 03:00,1594.480000,1,3.510000,0.2200,18.520000,2.990000,6459.360000
730,Exit short,2025-04-19 02:30,1594.010000,1,-6.100000,-0.3800,3.900000,7.830000,6455.850000
730,Entry short,2025-04-19 00:00,1587.910000,1,-6.100000,-0.3800,3.900000,7.830000,6455.850000
729,Exit long,2025-04-18 23:30,1588.050000,4,-7.040000,-0.1100,40.760000,14.160000,6461.950000
729,Entry long,2025-04-18 17:45,1589.810000,4,-7.040000,-0.1100,40.760000,14.160000,6461.950000
728,Exit short,2025-04-18 17:45,1589.810000,3,-22.620000,-0.4800,10.410000,25.980000,6468.990000
728,Entry short,2025-04-18 15:15,1582.270000,3,-22.620000,-0.4800,10.410000,25.980000,6468.990000
727,Exit long,2025-04-18 15:15,1582.270000,2,-2.760000,-0.0900,25.960000,12.180000,6491.610000
727,Entry long,2025-04-18 08:00,1583.650000,2,-2.760000,-0.0900,25.960000,12.180000,6491.610000
726,Exit short,2025-04-18 08:00,1583.460000,1,-3.120000,-0.2000,7.690000,10.660000,6494.370000
726,Entry short,2025-04-17 20:30,1580.340000,1,-3.120000,-0.2000,7.690000,10.660000,6494.370000
725,Exit long,2025-04-17 19:45,1582.470000,1,-24.680000,-1.5400,8.550000,31.790000,6497.490000
725,Entry long,2025-04-17 17:15,1607.150000,1,-24.680000,-1.5400,8.550000,31.790000,6497.490000
724,Exit short,2025-04-17 16:45,1600.050000,5,-58.050000,-0.7300,130.900000,141.850000,6522.170000
724,Entry short,2025-04-17 14:00,1588.440000,5,-58.050000,-0.7300,130.900000,141.850000,6522.170000
723,Exit long,2025-04-17 14:00,1593.010000,4,-28.200000,-0.4400,4.720000,46.480000,6580.220000
723,Entry long,2025-04-17 12:30,1600.060000,4,-28.200000,-0.4400,4.720000,46.480000,6580.220000
722,Exit short,2025-04-17 12:30,1600.060000,3,-33.240000,-0.7000,3.870000,41.340000,6608.420000
722,Entry short,2025-04-17 10:15,1588.980000,3,-33.240000,-0.7000,3.870000,41.340000,6608.420000
721,Exit long,2025-04-17 10:15,1588.980000,2,-3.000000,-0.0900,38.840000,3.820000,6641.660000
721,Entry long,2025-04-17 05:00,1590.480000,2,-3.000000,-0.0900,38.840000,3.820000,6641.660000
720,Exit short,2025-04-17 05:00,1590.480000,1,-9.110000,-0.5800,1.230000,10.630000,6644.660000
720,Entry short,2025-04-17 04:30,1581.370000,1,-9.110000,-0.5800,1.230000,10.630000,6644.660000
719,Exit long,2025-04-17 04:15,1582.190000,1,-4.070000,-0.2600,8.640000,9.750000,6653.770000
719,Entry long,2025-04-17 01:00,1586.260000,1,-4.070000,-0.2600,8.640000,9.750000,6653.770000
718,Exit long,2025-04-17 00:00,1576.570000,2,-11.440000,-0.3600,31.440000,20.580000,6657.840000
718,Entry long,2025-04-16 21:15,1582.290000,2,-11.440000,-0.3600,31.440000,20.580000,6657.840000
717,Exit short,2025-04-16 21:15,1582.290000,1,-9.460000,-0.6000,2.080000,9.800000,6669.280000
717,Entry short,2025-04-16 21:00,1572.830000,1,-9.460000,-0.6000,2.080000,9.800000,6669.280000
716,Exit short,2025-04-16 20:30,1588.300000,10,-432.700000,-2.8000,26.000000,499.100000,6678.740000
716,Entry short,2025-04-16 18:00,1545.030000,10,-432.700000,-2.8000,26.000000,499.100000,6678.740000
715,Exit long,2025-04-16 18:00,1545.030000,9,-442.710000,-3.0900,186.570000,509.940000,7111.440000
715,Entry long,2025-04-16 14:45,1594.220000,9,-442.710000,-3.0900,186.570000,509.940000,7111.440000
714,Exit short,2025-04-16 14:45,1594.220000,8,-174.640000,-1.3900,58.960000,193.680000,7554.150000
714,Entry short,2025-04-16 13:30,1572.390000,8,-174.640000,-1.3900,58.960000,193.680000,7554.150000
713,Exit long,2025-04-16 13:30,1572.390000,7,-58.100000,-0.5300,49.560000,66.780000,7728.790000
713,Entry long,2025-04-16 11:00,1580.690000,7,-58.100000,-0.5300,49.560000,66.780000,7728.790000
712,Exit short,2025-04-16 11:00,1580.690000,6,73.620000,0.7700,257.760000,0.060000,7786.890000
712,Entry short,2025-04-16 03:45,1592.960000,6,73.620000,0.7700,257.760000,0.060000,7786.890000
711,Exit long,2025-04-16 03:45,1592.960000,5,-29.800000,-0.3700,6.400000,34.600000,7713.270000
711,Entry long,2025-04-16 03:15,1598.920000,5,-29.800000,-0.3700,6.400000,34.600000,7713.270000
710,Exit short,2025-04-16 03:15,1598.920000,4,117.360000,1.8000,212.880000,32.880000,7743.070000
710,Entry short,2025-04-15 14:00,1628.260000,4,117.360000,1.8000,212.880000,32.880000,7743.070000
709,Exit long,2025-04-15 14:00,1628.260000,3,-49.980000,-1.0100,47.280000,74.760000,7625.710000
709,Entry long,2025-04-15 13:30,1644.920000,3,-49.980000,-1.0100,47.280000,74.760000,7625.710000
708,Exit short,2025-04-15 13:30,1639.490000,2,-21.700000,-0.6700,14.640000,32.560000,7675.690000
708,Entry short,2025-04-15 10:45,1628.640000,2,-21.700000,-0.6700,14.640000,32.560000,7675.690000
707,Exit long,2025-04-15 10:45,1628.640000,1,-2.440000,-0.1500,20.710000,5.830000,7697.390000
707,Entry long,2025-04-15 03:00,1631.080000,1,-2.440000,-0.1500,20.710000,5.830000,7697.390000
706,Exit long,2025-04-15 02:45,1623.030000,6,-70.620000,-0.7200,15.300000,112.020000,7699.830000
706,Entry long,2025-04-15 02:00,1634.800000,6,-70.620000,-0.7200,15.300000,112.020000,7699.830000
705,Exit short,2025-04-15 02:00,1633.570000,5,12.950000,0.1600,165.800000,73.200000,7770.450000
705,Entry short,2025-04-14 15:45,1636.160000,5,12.950000,0.1600,165.800000,73.200000,7770.450000
704,Exit long,2025-04-14 15:45,1636.160000,4,4.960000,0.0800,226.600000,41.520000,7757.500000
704,Entry long,2025-04-14 08:00,1634.920000,4,4.960000,0.0800,226.600000,41.520000,7757.500000
703,Exit short,2025-04-14 08:00,1634.920000,3,-60.060000,-1.2400,10.170000,63.270000,7752.540000
703,Entry short,2025-04-14 07:15,1614.900000,3,-60.060000,-1.2400,10.170000,63.270000,7752.540000
702,Exit long,2025-04-14 07:15,1614.900000,2,-14.680000,-0.4500,75.140000,30.920000,7812.600000
702,Entry long,2025-04-14 00:30,1622.240000,2,-14.680000,-0.4500,75.140000,30.920000,7812.600000
701,Exit short,2025-04-14 00:30,1622.240000,1,-29.790000,-1.8700,21.420000,41.090000,7827.280000
701,Entry short,2025-04-13 20:45,1592.450000,1,-29.790000,-1.8700,21.420000,41.090000,7827.280000
700,Exit long,2025-04-13 20:00,1589.420000,2,-51.480000,-1.5900,67.140000,111.520000,7857.070000
700,Entry long,2025-04-13 17:30,1615.160000,2,-51.480000,-1.5900,67.140000,111.520000,7857.070000
699,Exit short,2025-04-13 17:30,1615.160000,1,-1.930000,-0.1200,48.120000,23.720000,7908.550000
699,Entry short,2025-04-13 11:15,1613.230000,1,-1.930000,-0.1200,48.120000,23.720000,7908.550000
698,Exit long,2025-04-13 11:00,1617.060000,6,-41.700000,-0.4300,20.640000,76.740000,7910.480000
698,Entry long,2025-04-13 09:30,1624.010000,6,-41.700000,-0.4300,20.640000,76.740000,7910.480000
697,Exit short,2025-04-13 09:30,1624.010000,5,73.600000,0.9000,212.600000,52.350000,7952.180000
697,Entry short,2025-04-13 00:30,1638.730000,5,73.600000,0.9000,212.600000,52.350000,7952.180000
696,Exit long,2025-04-13 00:30,1638.730000,4,280.560000,4.4700,405.040000,16.000000,7878.580000
696,Entry long,2025-04-12 05:15,1568.590000,4,280.560000,4.4700,405.040000,16.000000,7878.580000
695,Exit short,2025-04-12 05:15,1566.400000,3,-10.200000,-0.2200,53.820000,22.140000,7598.020000
695,Entry short,2025-04-11 23:15,1563.000000,3,-10.200000,-0.2200,53.820000,22.140000,7598.020000
694,Exit long,2025-04-11 23:15,1563.000000,2,-7.320000,-0.2300,48.440000,23.520000,7608.220000
694,Entry long,2025-04-11 15:45,1566.660000,2,-7.320000,-0.2300,48.440000,23.520000,7608.220000
693,Exit short,2025-04-11 15:45,1566.660000,1,-13.150000,-0.8500,0.000000,16.450000,7615.540000
693,Entry short,2025-04-11 15:15,1553.510000,1,-13.150000,-0.8500,0.000000,16.450000,7615.540000
692,Exit long,2025-04-11 14:45,1556.760000,8,191.600000,1.5600,418.960000,8.880000,7628.690000
692,Entry long,2025-04-11 01:45,1532.810000,8,191.600000,1.5600,418.960000,8.880000,7628.690000
691,Exit short,2025-04-11 01:45,1532.810000,7,-112.140000,-1.0600,92.120000,216.650000,7437.090000
691,Entry short,2025-04-10 23:30,1516.790000,7,-112.140000,-1.0600,92.120000,216.650000,7437.090000
690,Exit long,2025-04-10 23:30,1516.790000,6,-65.820000,-0.7200,26.280000,84.960000,7549.230000
690,Entry long,2025-04-10 22:00,1527.760000,6,-65.820000,-0.7200,26.280000,84.960000,7549.230000
689,Exit short,2025-04-10 22:00,1524.040000,5,543.400000,6.6600,809.400000,64.400000,7615.050000
689,Entry short,2025-04-10 01:45,1632.720000,5,543.400000,6.6600,809.400000,64.400000,7615.050000
688,Exit long,2025-04-10 01:45,1632.720000,4,559.040000,9.3600,780.160000,97.960000,7071.650000
688,Entry long,2025-04-09 14:00,1492.960000,4,559.040000,9.3600,780.160000,97.960000,7071.650000
687,Exit short,2025-04-09 14:00,1486.690000,3,-113.430000,-2.6100,29.550000,149.460000,6512.610000
687,Entry short,2025-04-09 11:45,1448.880000,3,-113.430000,-2.6100,29.550000,149.460000,6512.610000
686,Exit long,2025-04-09 11:45,1448.880000,2,-20.400000,-0.7000,73.840000,30.160000,6626.040000
686,Entry long,2025-04-09 05:30,1459.080000,2,-20.400000,-0.7000,73.840000,30.160000,6626.040000
685,Exit short,2025-04-09 05:30,1459.080000,1,98.070000,6.3000,173.150000,21.430000,6646.440000
685,Entry short,2025-04-08 14:15,1557.150000,1,98.070000,6.3000,173.150000,21.430000,6646.440000
684,Exit long,2025-04-08 14:00,1567.670000,5,-99.500000,-1.2500,26.100000,197.450000,6548.370000
684,Entry long,2025-04-08 12:00,1587.570000,5,-99.500000,-1.2500,26.100000,197.450000,6548.370000
683,Exit short,2025-04-08 12:00,1587.570000,4,-54.640000,-0.8700,81.720000,62.280000,6647.870000
683,Entry short,2025-04-08 07:00,1573.910000,4,-54.640000,-0.8700,81.720000,62.280000,6647.870000
682,Exit long,2025-04-08 07:00,1575.640000,3,-22.080000,-0.4600,105.000000,28.800000,6702.510000
682,Entry long,2025-04-08 01:45,1583.000000,3,-22.080000,-0.4600,105.000000,28.800000,6702.510000
681,Exit short,2025-04-08 01:45,1583.000000,2,-67.980000,-2.1900,17.640000,75.340000,6724.590000
681,Entry short,2025-04-08 00:30,1549.010000,2,-67.980000,-2.1900,17.640000,75.340000,6724.590000
680,Exit long,2025-04-08 00:30,1553.570000,1,38.220000,2.5200,123.120000,26.350000,6792.570000
680,Entry long,2025-04-07 13:45,1515.350000,1,38.220000,2.5200,123.120000,26.350000,6792.570000
679,Exit short,2025-04-07 13:00,1520.010000,9,2499.120000,15.4500,3489.210000,27.720000,6754.350000
679,Entry short,2025-04-06 07:00,1797.690000,9,2499.120000,15.4500,3489.210000,27.720000,6754.350000
678,Exit long,2025-04-06 07:00,1797.690000,8,28.000000,0.2000,177.520000,57.200000,4255.230000
678,Entry long,2025-04-05 21:30,1794.190000,8,28.000000,0.2000,177.520000,57.200000,4255.230000
677,Exit short,2025-04-05 21:30,1794.190000,7,95.410000,0.7500,326.480000,21.630000,4227.230000
677,Entry short,2025-04-05 11:30,1807.820000,7,95.410000,0.7500,326.480000,21.630000,4227.230000
676,Exit long,2025-04-05 11:30,1809.930000,6,-43.560000,-0.4000,24.420000,56.220000,4131.820000
676,Entry long,2025-04-05 09:15,1817.190000,6,-43.560000,-0.4000,24.420000,56.220000,4131.820000
675,Exit short,2025-04-05 09:15,1817.190000,5,-29.900000,-0.3300,40.850000,33.950000,4175.380000
675,Entry short,2025-04-05 03:15,1811.210000,5,-29.900000,-0.3300,40.850000,33.950000,4175.380000
674,Exit long,2025-04-05 03:15,1811.210000,4,-4.480000,-0.0600,65.520000,120.720000,4205.280000
674,Entry long,2025-04-04 15:15,1812.330000,4,-4.480000,-0.0600,65.520000,120.720000,4205.280000
673,Exit short,2025-04-04 15:15,1812.330000,3,-72.990000,-1.3600,91.440000,80.970000,4209.760000
673,Entry short,2025-04-04 10:45,1788.000000,3,-72.990000,-1.3600,91.440000,80.970000,4209.760000
672,Exit long,2025-04-04 10:45,1788.000000,2,-34.180000,-0.9500,59.220000,35.180000,4282.750000
672,Entry long,2025-04-04 06:00,1805.090000,2,-34.180000,-0.9500,59.220000,35.180000,4282.750000
671,Exit short,2025-04-04 06:00,1805.090000,1,-12.990000,-0.7200,10.500000,13.720000,4316.930000
671,Entry short,2025-04-04 02:45,1792.100000,1,-12.990000,-0.7200,10.500000,13.720000,4316.930000
670,Exit long,2025-04-04 02:15,1798.330000,2,21.480000,0.6000,70.200000,35.180000,4329.920000
670,Entry long,2025-04-03 19:00,1787.590000,2,21.480000,0.6000,70.200000,35.180000,4329.920000
669,Exit short,2025-04-03 19:00,1787.590000,1,33.370000,1.8300,73.490000,6.040000,4308.440000
669,Entry short,2025-04-03 06:00,1820.960000,1,33.370000,1.8300,73.490000,6.040000,4308.440000
668,Exit short,2025-04-03 05:00,1834.700000,12,363.600000,1.6200,1013.760000,226.920000,4275.070000
668,Entry short,2025-04-02 21:00,1865.000000,12,363.600000,1.6200,1013.760000,226.920000,4275.070000
667,Exit long,2025-04-02 21:00,1880.160000,11,47.410000,0.2300,903.320000,119.350000,3911.470000
667,Entry long,2025-04-02 15:00,1875.850000,11,47.410000,0.2300,903.320000,119.350000,3911.470000
666,Exit short,2025-04-02 15:00,1874.700000,10,-94.400000,-0.5100,121.400000,274.400000,3864.060000
666,Entry short,2025-04-02 12:15,1865.260000,10,-94.400000,-0.5100,121.400000,274.400000,3864.060000
665,Exit long,2025-04-02 12:15,1865.260000,9,-168.480000,-0.9900,24.480000,220.050000,3958.460000
665,Entry long,2025-04-02 09:15,1883.980000,9,-168.480000,-0.9900,24.480000,220.050000,3958.460000
664,Exit short,2025-04-02 09:15,1883.980000,8,129.840000,0.8500,396.160000,34.000000,4126.940000
664,Entry short,2025-04-02 00:15,1900.210000,8,129.840000,0.8500,396.160000,34.000000,4126.940000
663,Exit long,2025-04-02 00:15,1900.210000,7,131.110000,1.0000,324.170000,-0.000000,3997.100000
663,Entry long,2025-04-01 15:00,1881.480000,7,131.110000,1.0000,324.170000,-0.000000,3997.100000
662,Exit short,2025-04-01 15:00,1881.480000,6,-193.200000,-1.7400,48.480000,231.840000,3865.990000
662,Entry short,2025-04-01 14:15,1849.280000,6,-193.200000,-1.7400,48.480000,231.840000,3865.990000
661,Exit long,2025-04-01 14:15,1849.280000,5,94.700000,1.0300,305.400000,8.300000,4059.190000
661,Entry long,2025-04-01 02:15,1830.340000,5,94.700000,1.0300,305.400000,8.300000,4059.190000
660,Exit short,2025-04-01 02:15,1830.340000,4,-5.320000,-0.0700,55.160000,54.240000,3964.490000
660,Entry short,2025-03-31 20:45,1829.010000,4,-5.320000,-0.0700,55.160000,54.240000,3964.490000
659,Exit long,2025-03-31 20:45,1829.010000,3,60.960000,1.1200,133.950000,48.270000,3969.810000
659,Entry long,2025-03-31 11:45,1808.690000,3,60.960000,1.1200,133.950000,48.270000,3969.810000
658,Exit short,2025-03-31 11:45,1806.370000,2,-10.140000,-0.2800,49.480000,17.360000,3908.850000
658,Entry short,2025-03-31 06:30,1801.300000,2,-10.140000,-0.2800,49.480000,17.360000,3908.850000
657,Exit long,2025-03-31 06:30,1801.300000,1,-8.230000,-0.4500,1.570000,9.040000,3918.990000
657,Entry long,2025-03-31 06:00,1809.530000,1,-8.230000,-0.4500,1.570000,9.040000,3918.990000
656,Exit short,2025-03-31 05:30,1808.930000,2,-22.400000,-0.6200,11.460000,30.540000,3927.220000
656,Entry short,2025-03-31 04:00,1797.730000,2,-22.400000,-0.6200,11.460000,30.540000,3927.220000
655,Exit long,2025-03-31 04:00,1797.730000,1,-16.260000,-0.9000,9.020000,19.420000,3949.620000
655,Entry long,2025-03-31 02:30,1813.990000,1,-16.260000,-0.9000,9.020000,19.420000,3949.620000
654,Exit short,2025-03-31 02:00,1813.150000,2,-7.780000,-0.2200,86.440000,21.120000,3965.880000
654,Entry short,2025-03-30 21:45,1809.260000,2,-7.780000,-0.2200,86.440000,21.120000,3965.880000
653,Exit long,2025-03-30 21:45,1809.260000,1,-11.010000,-0.6000,0.010000,12.800000,3973.660000
653,Entry long,2025-03-30 21:15,1820.270000,1,-11.010000,-0.6000,0.010000,12.800000,3973.660000
652,Exit long,2025-03-30 20:30,1812.500000,4,-46.200000,-0.6300,42.080000,64.000000,3984.670000
652,Entry long,2025-03-30 19:00,1824.050000,4,-46.200000,-0.6300,42.080000,64.000000,3984.670000
651,Exit short,2025-03-30 19:00,1824.050000,3,11.220000,0.2000,137.370000,40.050000,4030.870000
651,Entry short,2025-03-30 10:45,1827.790000,3,11.220000,0.2000,137.370000,40.050000,4030.870000
650,Exit long,2025-03-30 10:45,1827.790000,2,4.180000,0.1100,44.760000,2.460000,4019.650000
650,Entry long,2025-03-30 01:00,1825.700000,2,4.180000,0.1100,44.760000,2.460000,4019.650000
649,Exit short,2025-03-30 01:00,1825.700000,1,-9.260000,-0.5100,0.430000,13.340000,4015.470000
649,Entry short,2025-03-30 00:45,1816.440000,1,-9.260000,-0.5100,0.430000,13.340000,4015.470000
648,Exit short,2025-03-30 00:15,1828.240000,2,127.520000,3.3700,191.740000,6.280000,4024.730000
648,Entry short,2025-03-29 04:45,1892.000000,2,127.520000,3.3700,191.740000,6.280000,4024.730000
647,Exit long,2025-03-29 04:45,1892.660000,1,6.160000,0.3300,26.440000,6.130000,3897.210000
647,Entry long,2025-03-28 21:30,1886.500000,1,6.160000,0.3300,26.440000,6.130000,3897.210000
646,Exit short,2025-03-28 21:15,1883.800000,7,-52.500000,-0.4000,25.900000,71.400000,3891.050000
646,Entry short,2025-03-28 21:00,1876.300000,7,-52.500000,-0.4000,25.900000,71.400000,3891.050000
645,Exit long,2025-03-28 21:00,1876.300000,6,-67.980000,-0.6000,4.560000,83.040000,3943.550000
645,Entry long,2025-03-28 20:45,1887.630000,6,-67.980000,-0.6000,4.560000,83.040000,3943.550000
644,Exit short,2025-03-28 20:45,1887.630000,5,535.300000,5.3700,702.450000,45.950000,4011.530000
644,Entry short,2025-03-28 03:30,1994.690000,5,535.300000,5.3700,702.450000,45.950000,4011.530000
643,Exit long,2025-03-28 03:30,1994.690000,4,-80.320000,-1.0000,1.280000,81.840000,3476.230000
643,Entry long,2025-03-28 02:15,2014.770000,4,-80.320000,-1.0000,1.280000,81.840000,3476.230000
642,Exit short,2025-03-28 02:15,2009.600000,3,-29.190000,-0.4900,27.450000,44.700000,3556.550000
642,Entry short,2025-03-27 23:15,1999.870000,3,-29.190000,-0.4900,27.450000,44.700000,3556.550000
641,Exit long,2025-03-27 23:15,1999.870000,2,-34.800000,-0.8600,3.480000,38.000000,3585.740000
641,Entry long,2025-03-27 21:45,2017.270000,2,-34.800000,-0.8600,3.480000,38.000000,3585.740000
640,Exit short,2025-03-27 21:45,2017.270000,1,-14.730000,-0.7400,10.060000,18.290000,3620.540000
640,Entry short,2025-03-27 15:45,2002.540000,1,-14.730000,-0.7400,10.060000,18.290000,3620.540000
639,Exit short,2025-03-27 15:30,2018.790000,2,-4.880000,-0.1200,61.280000,18.160000,3635.270000
639,Entry short,2025-03-27 11:30,2016.350000,2,-4.880000,-0.1200,61.280000,18.160000,3635.270000
638,Exit long,2025-03-27 11:30,2016.350000,1,-10.150000,-0.5000,8.500000,13.710000,3640.150000
638,Entry long,2025-03-27 09:45,2026.500000,1,-10.150000,-0.5000,8.500000,13.710000,3640.150000
637,Exit short,2025-03-27 08:30,2025.480000,13,-63.440000,-0.2400,14.560000,77.350000,3650.300000
637,Entry short,2025-03-27 08:15,2020.600000,13,-63.440000,-0.2400,14.560000,77.350000,3650.300000
636,Exit long,2025-03-27 08:15,2020.600000,12,70.560000,0.2900,265.920000,35.040000,3713.740000
636,Entry long,2025-03-27 00:30,2014.720000,12,70.560000,0.2900,265.920000,35.040000,3713.740000
635,Exit short,2025-03-27 00:30,2014.720000,11,477.730000,2.1100,855.140000,59.290000,3643.180000
635,Entry short,2025-03-26 13:00,2058.150000,11,477.730000,2.1100,855.140000,59.290000,3643.180000
634,Exit long,2025-03-26 13:00,2063.540000,10,4.500000,0.0200,117.600000,64.900000,3165.450000
634,Entry long,2025-03-26 06:45,2063.090000,10,4.500000,0.0200,117.600000,64.900000,3165.450000
633,Exit short,2025-03-26 06:45,2063.090000,9,-64.080000,-0.3500,135.630000,118.530000,3160.950000
633,Entry short,2025-03-26 02:30,2055.970000,9,-64.080000,-0.3500,135.630000,118.530000,3160.950000
632,Exit long,2025-03-26 02:30,2060.390000,8,-114.480000,-0.6900,24.000000,157.600000,3225.030000
632,Entry long,2025-03-26 00:45,2074.700000,8,-114.480000,-0.6900,24.000000,157.600000,3225.030000
631,Exit short,2025-03-26 00:45,2074.700000,7,-77.350000,-0.5400,80.150000,85.820000,3339.510000
631,Entry short,2025-03-25 21:45,2063.650000,7,-77.350000,-0.5400,80.150000,85.820000,3339.510000
630,Exit long,2025-03-25 21:45,2063.650000,6,-66.000000,-0.5300,50.040000,80.100000,3416.860000
630,Entry long,2025-03-25 20:00,2074.650000,6,-66.000000,-0.5300,50.040000,80.100000,3416.860000
629,Exit short,2025-03-25 20:00,2074.650000,5,-90.450000,-0.8800,4.650000,107.150000,3482.860000
629,Entry short,2025-03-25 18:45,2056.560000,5,-90.450000,-0.8800,4.650000,107.150000,3482.860000
628,Exit long,2025-03-25 18:45,2056.560000,4,-42.800000,-0.5200,63.800000,48.280000,3573.310000
628,Entry long,2025-03-25 14:30,2067.260000,4,-42.800000,-0.5200,63.800000,48.280000,3573.310000
627,Exit short,2025-03-25 14:30,2067.260000,3,-26.640000,-0.4300,18.450000,27.750000,3616.110000
627,Entry short,2025-03-25 14:00,2058.380000,3,-26.640000,-0.4300,18.450000,27.750000,3616.110000
626,Exit long,2025-03-25 14:00,2060.570000,2,-0.840000,-0.0200,36.220000,20.580000,3642.750000
626,Entry long,2025-03-25 08:45,2060.990000,2,-0.840000,-0.0200,36.220000,20.580000,3642.750000
625,Exit short,2025-03-25 08:45,2060.990000,1,19.460000,0.9400,44.450000,1.550000,3643.590000
625,Entry short,2025-03-25 01:15,2080.450000,1,19.460000,0.9400,44.450000,1.550000,3643.590000
624,Exit short,2025-03-25 01:00,2085.270000,13,-32.370000,-0.1200,206.830000,187.590000,3624.130000
624,Entry short,2025-03-24 22:00,2082.780000,13,-32.370000,-0.1200,206.830000,187.590000,3624.130000
623,Exit long,2025-03-24 22:00,2082.780000,12,-99.840000,-0.4000,122.400000,161.880000,3656.500000
623,Entry long,2025-03-24 17:30,2091.100000,12,-99.840000,-0.4000,122.400000,161.880000,3656.500000
622,Exit short,2025-03-24 17:30,2091.100000,11,-207.240000,-0.9100,64.680000,214.500000,3756.340000
622,Entry short,2025-03-24 16:30,2072.260000,11,-207.240000,-0.9100,64.680000,214.500000,3756.340000
621,Exit long,2025-03-24 16:30,2072.260000,10,607.800000,3.0200,927.600000,64.800000,3963.580000
621,Entry long,2025-03-24 03:30,2011.480000,10,607.800000,3.0200,927.600000,64.800000,3963.580000
620,Exit short,2025-03-24 03:30,2011.480000,9,-227.610000,-1.2700,87.570000,272.790000,3355.780000
620,Entry short,2025-03-24 01:30,1986.190000,9,-227.610000,-1.2700,87.570000,272.790000,3355.780000
619,Exit long,2025-03-24 01:30,1986.470000,8,-148.240000,-0.9200,127.680000,155.520000,3583.390000
619,Entry long,2025-03-24 00:00,2005.000000,8,-148.240000,-0.9200,127.680000,155.520000,3583.390000
618,Exit short,2025-03-24 00:00,2005.000000,7,-11.060000,-0.0800,172.480000,54.460000,3731.630000
618,Entry short,2025-03-23 15:00,2003.420000,7,-11.060000,-0.0800,172.480000,54.460000,3731.630000
617,Exit long,2025-03-23 15:00,2003.420000,6,55.920000,0.4700,155.400000,18.960000,3742.690000
617,Entry long,2025-03-23 01:45,1994.100000,6,55.920000,0.4700,155.400000,18.960000,3742.690000
616,Exit short,2025-03-23 01:45,1993.970000,5,-38.700000,-0.3900,65.500000,48.250000,3686.770000
616,Entry short,2025-03-22 21:45,1986.230000,5,-38.700000,-0.3900,65.500000,48.250000,3686.770000
615,Exit long,2025-03-22 21:45,1986.230000,4,-25.160000,-0.3200,43.160000,30.080000,3725.470000
615,Entry long,2025-03-22 17:45,1992.520000,4,-25.160000,-0.3200,43.160000,30.080000,3725.470000
614,Exit short,2025-03-22 17:45,1991.030000,3,-10.380000,-0.1700,21.810000,18.540000,3750.630000
614,Entry short,2025-03-22 13:45,1987.570000,3,-10.380000,-0.1700,21.810000,18.540000,3750.630000
613,Exit long,2025-03-22 13:45,1987.570000,2,26.620000,0.6700,63.480000,4.760000,3761.010000
613,Entry long,2025-03-22 00:30,1974.260000,2,26.620000,0.6700,63.480000,4.760000,3761.010000
612,Exit short,2025-03-22 00:30,1974.260000,1,-9.280000,-0.4700,1.680000,11.480000,3734.390000
612,Entry short,2025-03-21 23:45,1964.980000,1,-9.280000,-0.4700,1.680000,11.480000,3734.390000
611,Exit long,2025-03-21 23:00,1965.380000,4,-1.280000,-0.0200,66.880000,22.480000,3743.670000
611,Entry long,2025-03-21 17:00,1965.700000,4,-1.280000,-0.0200,66.880000,22.480000,3743.670000
610,Exit short,2025-03-21 17:00,1965.700000,3,27.300000,0.4600,128.400000,21.210000,3744.950000
610,Entry short,2025-03-21 05:15,1974.800000,3,27.300000,0.4600,128.400000,21.210000,3744.950000
609,Exit long,2025-03-21 05:15,1974.800000,2,-22.620000,-0.5700,1.780000,25.420000,3717.650000
609,Entry long,2025-03-21 04:45,1986.110000,2,-22.620000,-0.5700,1.780000,25.420000,3717.650000
608,Exit short,2025-03-21 04:45,1984.920000,1,-7.660000,-0.3900,0.110000,11.760000,3740.270000
608,Entry short,2025-03-21 04:00,1977.260000,1,-7.660000,-0.3900,0.110000,11.760000,3740.270000
607,Exit long,2025-03-21 03:45,1978.040000,2,-7.380000,-0.1900,28.140000,20.260000,3747.930000
607,Entry long,2025-03-20 21:00,1981.730000,2,-7.380000,-0.1900,28.140000,20.260000,3747.930000
606,Exit short,2025-03-20 21:00,1978.500000,1,11.500000,0.5800,38.850000,0.450000,3755.310000
606,Entry short,2025-03-20 15:15,1990.000000,1,11.500000,0.5800,38.850000,0.450000,3755.310000
605,Exit short,2025-03-20 15:00,2002.620000,12,309.720000,1.2700,697.440000,65.160000,3743.810000
605,Entry short,2025-03-20 01:30,2028.430000,12,309.720000,1.2700,697.440000,65.160000,3743.810000
604,Exit long,2025-03-20 01:30,2031.960000,11,1535.050000,7.3700,1950.080000,9.130000,3434.090000
604,Entry long,2025-03-18 19:30,1892.410000,11,1535.050000,7.3700,1950.080000,9.130000,3434.090000
603,Exit short,2025-03-18 19:30,1891.750000,10,315.100000,1.6400,521.200000,74.500000,1899.040000
603,Entry short,2025-03-17 23:30,1923.260000,10,315.100000,1.6400,521.200000,74.500000,1899.040000
602,Exit long,2025-03-17 23:30,1923.260000,9,107.640000,0.6300,364.140000,43.740000,1583.940000
602,Entry long,2025-03-17 15:30,1911.300000,9,107.640000,0.6300,364.140000,43.740000,1583.940000
601,Exit short,2025-03-17 15:30,1911.300000,8,-112.800000,-0.7400,87.280000,154.000000,1476.300000
601,Entry short,2025-03-17 13:30,1897.200000,8,-112.800000,-0.7400,87.280000,154.000000,1476.300000
600,Exit long,2025-03-17 13:30,1897.200000,7,-40.040000,-0.3000,308.560000,51.590000,1589.100000
600,Entry long,2025-03-17 09:00,1902.920000,7,-40.040000,-0.3000,308.560000,51.590000,1589.100000
599,Exit short,2025-03-17 09:00,1902.920000,6,-58.860000,-0.5200,86.700000,70.140000,1629.140000
599,Entry short,2025-03-17 06:00,1893.110000,6,-58.860000,-0.5200,86.700000,70.140000,1629.140000
598,Exit long,2025-03-17 06:00,1893.110000,5,-24.450000,-0.2600,84.400000,25.750000,1688.000000
598,Entry long,2025-03-17 00:45,1898.000000,5,-24.450000,-0.2600,84.400000,25.750000,1688.000000
597,Exit short,2025-03-17 00:45,1898.000000,4,-63.120000,-0.8400,100.560000,75.480000,1712.450000
597,Entry short,2025-03-16 19:15,1882.220000,4,-63.120000,-0.8400,100.560000,75.480000,1712.450000
596,Exit long,2025-03-16 19:15,1882.220000,3,-82.620000,-1.4400,22.380000,89.280000,1775.570000
596,Entry long,2025-03-16 16:15,1909.760000,3,-82.620000,-1.4400,22.380000,89.280000,1775.570000
595,Exit short,2025-03-16 16:15,1909.760000,2,24.720000,0.6400,113.260000,10.540000,1858.190000
595,Entry short,2025-03-16 07:15,1922.120000,2,24.720000,0.6400,113.260000,10.540000,1858.190000
594,Exit long,2025-03-16 07:15,1922.120000,1,-9.360000,-0.4800,1.740000,10.990000,1833.470000
594,Entry long,2025-03-16 06:30,1931.480000,1,-9.360000,-0.4800,1.740000,10.990000,1833.470000
593,Exit short,2025-03-16 06:15,1930.480000,2,11.560000,0.3000,42.080000,7.480000,1842.830000
593,Entry short,2025-03-16 00:00,1936.260000,2,11.560000,0.3000,42.080000,7.480000,1842.830000
592,Exit long,2025-03-16 00:00,1936.260000,1,0.260000,0.0100,21.680000,0.900000,1831.270000
592,Entry long,2025-03-15 20:00,1936.000000,1,0.260000,0.0100,21.680000,0.900000,1831.270000
591,Exit long,2025-03-15 19:45,1932.850000,2,16.560000,0.4300,46.860000,5.940000,1831.010000
591,Entry long,2025-03-15 10:45,1924.570000,2,16.560000,0.4300,46.860000,5.940000,1831.010000
590,Exit short,2025-03-15 10:45,1924.570000,1,-4.980000,-0.2600,-0.000000,7.820000,1814.450000
590,Entry short,2025-03-15 10:30,1919.590000,1,-4.980000,-0.2600,-0.000000,7.820000,1814.450000
589,Exit short,2025-03-15 10:15,1922.810000,10,-92.500000,-0.4800,21.600000,122.000000,1819.430000
589,Entry short,2025-03-15 08:00,1913.560000,10,-92.500000,-0.4800,21.600000,122.000000,1819.430000
588,Exit long,2025-03-15 08:00,1916.850000,9,-50.760000,-0.2900,110.520000,80.370000,1911.930000
588,Entry long,2025-03-15 04:00,1922.490000,9,-50.760000,-0.2900,110.520000,80.370000,1911.930000
587,Exit short,2025-03-15 04:00,1919.790000,8,-8.880000,-0.0600,129.680000,87.200000,1962.690000
587,Entry short,2025-03-14 21:15,1918.680000,8,-8.880000,-0.0600,129.680000,87.200000,1962.690000
586,Exit long,2025-03-14 21:15,1918.680000,7,348.880000,2.6700,537.460000,59.010000,1971.570000
586,Entry long,2025-03-13 22:15,1868.840000,7,348.880000,2.6700,537.460000,59.010000,1971.570000
585,Exit short,2025-03-13 22:15,1868.840000,6,9.000000,0.0800,300.840000,159.720000,1622.690000
585,Entry short,2025-03-13 14:00,1870.340000,6,9.000000,0.0800,300.840000,159.720000,1622.690000
584,Exit long,2025-03-13 14:00,1870.340000,5,-86.550000,-0.9200,171.750000,112.500000,1613.690000
584,Entry long,2025-03-13 09:45,1887.650000,5,-86.550000,-0.9200,171.750000,112.500000,1613.690000
583,Exit short,2025-03-13 09:45,1882.430000,4,26.520000,0.3500,147.520000,45.200000,1700.240000
583,Entry short,2025-03-13 03:00,1889.060000,4,26.520000,0.3500,147.520000,45.200000,1700.240000
582,Exit long,2025-03-13 03:00,1889.060000,3,10.440000,0.1800,92.880000,4.890000,1673.720000
582,Entry long,2025-03-12 20:45,1885.580000,3,10.440000,0.1800,92.880000,4.890000,1673.720000
581,Exit short,2025-03-12 20:45,1885.580000,2,-16.900000,-0.4500,96.520000,32.740000,1663.280000
581,Entry short,2025-03-12 14:15,1877.130000,2,-16.900000,-0.4500,96.520000,32.740000,1663.280000
580,Exit long,2025-03-12 14:15,1879.880000,1,-19.540000,-1.0300,46.580000,22.290000,1680.180000
580,Entry long,2025-03-12 11:00,1899.420000,1,-19.540000,-1.0300,46.580000,22.290000,1680.180000
579,Exit long,2025-03-12 10:45,1892.490000,5,-105.600000,-1.1000,211.450000,218.050000,1699.720000
579,Entry long,2025-03-12 07:45,1913.610000,5,-105.600000,-1.1000,211.450000,218.050000,1699.720000
578,Exit short,2025-03-12 07:45,1906.700000,4,59.280000,0.7700,280.760000,41.920000,1805.320000
578,Entry short,2025-03-11 23:45,1921.520000,4,59.280000,0.7700,280.760000,41.920000,1805.320000
577,Exit long,2025-03-11 23:45,1921.830000,3,15.990000,0.2800,137.850000,93.390000,1746.040000
577,Entry long,2025-03-11 16:00,1916.500000,3,15.990000,0.2800,137.850000,93.390000,1746.040000
576,Exit short,2025-03-11 16:00,1913.580000,2,-38.760000,-1.0200,109.580000,151.140000,1730.050000
576,Entry short,2025-03-11 13:00,1894.200000,2,-38.760000,-1.0200,109.580000,151.140000,1730.050000
575,Exit long,2025-03-11 13:00,1894.200000,1,15.430000,0.8200,50.070000,13.500000,1768.810000
575,Entry long,2025-03-11 05:00,1878.770000,1,15.430000,0.8200,50.070000,13.500000,1768.810000
574,Exit short,2025-03-11 04:45,1868.460000,5,872.700000,8.5400,1452.500000,23.250000,1753.380000
574,Entry short,2025-03-10 14:15,2043.000000,5,872.700000,8.5400,1452.500000,23.250000,1753.380000
573,Exit long,2025-03-10 14:15,2043.000000,4,-6.120000,-0.0700,433.840000,35.680000,880.680000
573,Entry long,2025-03-10 01:45,2044.530000,4,-6.120000,-0.0700,433.840000,35.680000,880.680000
572,Exit short,2025-03-10 01:45,2044.530000,3,454.230000,6.8900,627.420000,45.990000,886.800000
572,Entry short,2025-03-08 23:45,2195.940000,3,454.230000,6.8900,627.420000,45.990000,886.800000
571,Exit long,2025-03-08 23:45,2195.940000,2,99.060000,2.3100,175.980000,5.320000,432.570000
571,Entry long,2025-03-08 12:15,2146.410000,2,99.060000,2.3100,175.980000,5.320000,432.570000
570,Exit short,2025-03-08 12:15,2146.410000,1,-5.910000,-0.2800,15.100000,8.940000,333.510000
570,Entry short,2025-03-08 07:45,2140.500000,1,-5.910000,-0.2800,15.100000,8.940000,333.510000
569,Exit short,2025-03-08 07:30,2141.970000,8,-32.880000,-0.1900,46.880000,73.120000,339.420000
569,Entry short,2025-03-08 06:45,2137.860000,8,-32.880000,-0.1900,46.880000,73.120000,339.420000
568,Exit long,2025-03-08 06:45,2138.720000,7,-79.660000,-0.5300,10.360000,124.250000,372.300000
568,Entry long,2025-03-08 04:45,2150.100000,7,-79.660000,-0.5300,10.360000,124.250000,372.300000
567,Exit short,2025-03-08 04:45,2150.100000,6,77.760000,0.6000,359.940000,232.740000,451.960000
567,Entry short,2025-03-07 16:30,2163.060000,6,77.760000,0.6000,359.940000,232.740000,451.960000
566,Exit long,2025-03-07 16:30,2163.060000,5,-244.150000,-2.2100,237.250000,283.550000,374.200000
566,Entry long,2025-03-07 13:45,2211.890000,5,-244.150000,-2.2100,237.250000,283.550000,374.200000
565,Exit short,2025-03-07 13:45,2211.890000,4,-178.720000,-2.0600,0.040000,247.160000,618.350000
565,Entry short,2025-03-07 12:45,2167.210000,4,-178.720000,-2.0600,0.040000,247.160000,618.350000
564,Exit long,2025-03-07 12:45,2167.210000,3,-21.600000,-0.3300,106.590000,30.120000,797.070000
564,Entry long,2025-03-07 06:30,2174.410000,3,-21.600000,-0.3300,106.590000,30.120000,797.070000
563,Exit short,2025-03-07 06:30,2169.560000,2,203.280000,4.4800,340.900000,6.860000,818.670000
563,Entry short,2025-03-06 12:45,2271.200000,2,203.280000,4.4800,340.900000,6.860000,818.670000
562,Exit long,2025-03-06 12:45,2271.200000,1,-31.540000,-1.3700,0.830000,36.740000,615.390000
562,Entry long,2025-03-06 10:30,2302.740000,1,-31.540000,-1.3700,0.830000,36.740000,615.390000
561,Exit long,2025-03-06 10:00,2282.940000,3,200.190000,3.0100,308.340000,30.600000,646.930000
561,Entry long,2025-03-05 19:15,2216.210000,3,200.190000,3.0100,308.340000,30.600000,646.930000
560,Exit short,2025-03-05 19:15,2216.210000,2,-21.300000,-0.4800,90.180000,27.980000,446.740000
560,Entry short,2025-03-05 13:15,2205.560000,2,-21.300000,-0.4800,90.180000,27.980000,446.740000
559,Exit long,2025-03-05 13:15,2205.560000,1,29.550000,1.3600,96.930000,5.820000,468.040000
559,Entry long,2025-03-05 05:15,2176.010000,1,29.550000,1.3600,96.930000,5.820000,468.040000
558,Exit long,2025-03-05 04:30,2163.160000,3,119.160000,1.8700,294.990000,47.640000,438.490000
558,Entry long,2025-03-04 17:45,2123.440000,3,119.160000,1.8700,294.990000,47.640000,438.490000
557,Exit short,2025-03-04 17:45,2120.700000,2,-75.740000,-1.8200,205.680000,150.720000,319.330000
557,Entry short,2025-03-04 13:15,2082.830000,2,-75.740000,-1.8200,205.680000,150.720000,319.330000
556,Exit long,2025-03-04 13:15,2082.830000,1,-13.550000,-0.6500,21.060000,19.930000,395.070000
556,Entry long,2025-03-04 10:45,2096.380000,1,-13.550000,-0.6500,21.060000,19.930000,395.070000
555,Exit long,2025-03-04 10:30,2088.130000,2,-27.980000,-0.6700,3.080000,49.040000,408.620000
555,Entry long,2025-03-04 09:15,2102.120000,2,-27.980000,-0.6700,3.080000,49.040000,408.620000
554,Exit short,2025-03-04 09:15,2102.120000,1,-22.980000,-1.1100,11.860000,31.700000,436.600000
554,Entry short,2025-03-04 07:15,2079.140000,1,-22.980000,-1.1100,11.860000,31.700000,436.600000
553,Exit short,2025-03-04 06:30,2105.800000,1,253.880000,10.7600,358.590000,10.950000,459.580000
553,Entry short,2025-03-03 14:30,2359.680000,1,253.880000,10.7600,358.590000,10.950000,459.580000
552,Exit short,2025-03-03 14:00,2375.600000,2,170.480000,3.4600,279.680000,17.000000,205.700000
552,Entry short,2025-03-03 01:15,2460.840000,2,170.480000,3.4600,279.680000,17.000000,205.700000
551,Exit long,2025-03-03 01:15,2460.840000,1,206.900000,9.1800,296.060000,22.480000,35.220000
551,Entry long,2025-03-02 16:15,2253.940000,1,206.900000,9.1800,296.060000,22.480000,35.220000
550,Exit short,2025-03-02 16:00,2229.020000,4,-10.920000,-0.1200,224.800000,257.360000,-171.680000
550,Entry short,2025-03-02 13:15,2226.290000,4,-10.920000,-0.1200,224.800000,257.360000,-171.680000
549,Exit long,2025-03-02 13:15,2226.290000,3,-74.730000,-1.1100,28.230000,88.260000,-160.760000
549,Entry long,2025-03-02 09:45,2251.200000,3,-74.730000,-1.1100,28.230000,88.260000,-160.760000
548,Exit short,2025-03-02 09:45,2251.200000,2,-80.840000,-1.8300,8.260000,87.880000,-86.030000
548,Entry short,2025-03-02 08:15,2210.780000,2,-80.840000,-1.8300,8.260000,87.880000,-86.030000
547,Exit long,2025-03-02 08:15,2210.780000,1,-11.920000,-0.5400,12.070000,12.700000,-5.190000
547,Entry long,2025-03-02 03:15,2222.700000,1,-11.920000,-0.5400,12.070000,12.700000,-5.190000
546,Exit long,2025-03-02 03:00,2208.930000,1,-7.660000,-0.3500,10.740000,16.480000,6.730000
546,Entry long,2025-03-02 00:00,2216.590000,1,-7.660000,-0.3500,10.740000,16.480000,6.730000
545,Exit long,2025-03-01 23:45,2206.760000,17,-38.250000,-0.1000,441.660000,336.260000,14.390000
545,Entry long,2025-03-01 17:00,2209.010000,17,-38.250000,-0.1000,441.660000,336.260000,14.390000
544,Exit short,2025-03-01 17:00,2209.010000,16,438.560000,1.2300,1524.000000,57.280000,52.640000
544,Entry short,2025-03-01 06:45,2236.420000,16,438.560000,1.2300,1524.000000,57.280000,52.640000
543,Exit long,2025-03-01 06:45,2238.430000,15,1258.200000,3.8900,1878.000000,261.900000,-385.920000
543,Entry long,2025-02-28 13:45,2154.550000,15,1258.200000,3.8900,1878.000000,261.900000,-385.920000
542,Exit short,2025-02-28 13:45,2154.550000,14,1495.340000,4.7200,2679.040000,22.960000,-1644.120000
542,Entry short,2025-02-28 01:30,2261.360000,14,1495.340000,4.7200,2679.040000,22.960000,-1644.120000
541,Exit long,2025-02-28 01:30,2261.360000,13,-644.930000,-2.1500,29.510000,754.260000,-3139.460000
541,Entry long,2025-02-28 00:00,2310.970000,13,-644.930000,-2.1500,29.510000,754.260000,-3139.460000
540,Exit short,2025-02-28 00:00,2306.650000,12,472.320000,1.6800,1404.120000,186.240000,-2494.530000
540,Entry short,2025-02-27 13:00,2346.010000,12,472.320000,1.6800,1404.120000,186.240000,-2494.530000
539,Exit long,2025-02-27 13:00,2346.010000,11,-9.680000,-0.0400,380.050000,83.270000,-2966.850000
539,Entry long,2025-02-27 06:30,2346.890000,11,-9.680000,-0.0400,380.050000,83.270000,-2966.850000
538,Exit short,2025-02-27 06:30,2346.890000,10,-157.100000,-0.6700,291.700000,207.000000,-2957.170000
538,Entry short,2025-02-27 03:30,2331.180000,10,-157.100000,-0.6700,291.700000,207.000000,-2957.170000
537,Exit long,2025-02-27 03:30,2331.180000,9,-231.390000,-1.0900,121.230000,268.200000,-2800.070000
537,Entry long,2025-02-27 01:30,2356.890000,9,-231.390000,-1.0900,121.230000,268.200000,-2800.070000
536,Exit short,2025-02-27 01:30,2356.890000,8,892.720000,4.5200,1725.600000,8.640000,-2568.680000
536,Entry short,2025-02-26 11:45,2468.480000,8,892.720000,4.5200,1725.600000,8.640000,-2568.680000
535,Exit long,2025-02-26 11:45,2468.480000,7,-152.180000,-0.8700,30.800000,166.530000,-3461.400000
535,Entry long,2025-02-26 10:45,2490.220000,7,-152.180000,-0.8700,30.800000,166.530000,-3461.400000
534,Exit short,2025-02-26 10:45,2490.220000,6,-88.620000,-0.6000,112.740000,109.260000,-3309.220000
534,Entry short,2025-02-26 08:00,2475.450000,6,-88.620000,-0.6000,112.740000,109.260000,-3309.220000
533,Exit long,2025-02-26 08:00,2482.660000,5,-86.450000,-0.6900,29.050000,122.500000,-3220.600000
533,Entry long,2025-02-26 07:00,2499.950000,5,-86.450000,-0.6900,29.050000,122.500000,-3220.600000
532,Exit short,2025-02-26 07:00,2499.950000,4,-101.320000,-1.0200,1.960000,104.400000,-3134.150000
532,Entry short,2025-02-26 06:00,2474.620000,4,-101.320000,-1.0200,1.960000,104.400000,-3134.150000
531,Exit long,2025-02-26 06:00,2474.620000,3,119.640000,1.6400,294.450000,96.690000,-3032.830000
531,Entry long,2025-02-25 17:15,2434.740000,3,119.640000,1.6400,294.450000,96.690000,-3032.830000
530,Exit short,2025-02-25 17:15,2424.010000,2,-70.660000,-1.4800,56.060000,92.120000,-3152.470000
530,Entry short,2025-02-25 14:45,2388.680000,2,-70.660000,-1.4800,56.060000,92.120000,-3152.470000
529,Exit long,2025-02-25 14:45,2388.680000,1,-47.540000,-1.9500,6.240000,52.380000,-3081.810000
529,Entry long,2025-02-25 13:00,2436.220000,1,-47.540000,-1.9500,6.240000,52.380000,-3081.810000
528,Exit short,2025-02-25 12:45,2425.050000,5,1828.550000,13.1000,2518.150000,27.850000,-3034.270000
528,Entry short,2025-02-24 01:30,2790.760000,5,1828.550000,13.1000,2518.150000,27.850000,-3034.270000
527,Exit long,2025-02-24 01:30,2791.380000,4,-188.520000,-1.6600,89.560000,197.920000,-4862.820000
527,Entry long,2025-02-23 23:15,2838.510000,4,-188.520000,-1.6600,89.560000,197.920000,-4862.820000
526,Exit short,2025-02-23 23:15,2838.510000,3,-130.530000,-1.5600,33.780000,131.160000,-4674.300000
526,Entry short,2025-02-23 20:30,2795.000000,3,-130.530000,-1.5600,33.780000,131.160000,-4674.300000
525,Exit long,2025-02-23 20:30,2797.860000,2,-28.280000,-0.5000,22.480000,35.540000,-4543.770000
525,Entry long,2025-02-23 16:45,2812.000000,2,-28.280000,-0.5000,22.480000,35.540000,-4543.770000
524,Exit short,2025-02-23 16:45,2808.880000,1,-20.080000,-0.7200,16.950000,24.650000,-4515.490000
524,Entry short,2025-02-23 15:30,2788.800000,1,-20.080000,-0.7200,16.950000,24.650000,-4515.490000
523,Exit long,2025-02-23 15:00,2789.210000,12,-224.400000,-0.6700,131.880000,293.160000,-4495.410000
523,Entry long,2025-02-23 13:30,2807.910000,12,-224.400000,-0.6700,131.880000,293.160000,-4495.410000
522,Exit short,2025-02-23 13:30,2802.960000,11,-212.960000,-0.7000,31.350000,467.610000,-4271.010000
522,Entry short,2025-02-23 12:30,2783.600000,11,-212.960000,-0.7000,31.350000,467.610000,-4271.010000
521,Exit long,2025-02-23 12:30,2783.600000,10,93.500000,0.3400,567.500000,19.300000,-4058.050000
521,Entry long,2025-02-23 05:30,2774.250000,10,93.500000,0.3400,567.500000,19.300000,-4058.050000
520,Exit short,2025-02-23 05:30,2774.250000,9,-110.250000,-0.4400,165.420000,127.260000,-4151.550000
520,Entry short,2025-02-23 00:00,2762.000000,9,-110.250000,-0.4400,165.420000,127.260000,-4151.550000
519,Exit long,2025-02-23 00:00,2762.000000,8,682.480000,3.1900,964.160000,98.640000,-4041.300000
519,Entry long,2025-02-22 01:00,2676.690000,8,682.480000,3.1900,964.160000,98.640000,-4041.300000
518,Exit short,2025-02-22 01:00,2676.690000,7,326.550000,1.7100,760.060000,314.300000,-4723.780000
518,Entry short,2025-02-21 15:45,2723.340000,7,326.550000,1.7100,760.060000,314.300000,-4723.780000
517,Exit long,2025-02-21 15:45,2723.340000,6,-109.200000,-0.6600,620.760000,452.340000,-5050.330000
517,Entry long,2025-02-21 02:00,2741.540000,6,-109.200000,-0.6600,620.760000,452.340000,-5050.330000
516,Exit short,2025-02-21 02:00,2740.310000,5,-37.500000,-0.2700,43.300000,58.900000,-4941.130000
516,Entry short,2025-02-21 00:45,2732.810000,5,-37.500000,-0.2700,43.300000,58.900000,-4941.130000
515,Exit long,2025-02-21 00:45,2732.810000,4,-39.880000,-0.3600,0.880000,42.720000,-4903.630000
515,Entry long,2025-02-21 00:15,2742.780000,4,-39.880000,-0.3600,0.880000,42.720000,-4903.630000
514,Exit short,2025-02-21 00:15,2742.780000,3,-49.290000,-0.6000,16.920000,58.050000,-4863.750000
514,Entry short,2025-02-20 21:45,2726.350000,3,-49.290000,-0.6000,16.920000,58.050000,-4863.750000
513,Exit long,2025-02-20 21:45,2726.350000,2,-43.740000,-0.8000,38.700000,46.440000,-4814.460000
513,Entry long,2025-02-20 18:15,2748.220000,2,-43.740000,-0.8000,38.700000,46.440000,-4814.460000
512,Exit short,2025-02-20 18:15,2748.220000,1,-27.220000,-1.0000,15.360000,28.320000,-4770.720000
512,Entry short,2025-02-20 15:45,2721.000000,1,-27.220000,-1.0000,15.360000,28.320000,-4770.720000
511,Exit long,2025-02-20 15:30,2729.280000,2,-15.220000,-0.2800,67.220000,39.220000,-4743.500000
511,Entry long,2025-02-20 10:30,2736.890000,2,-15.220000,-0.2800,67.220000,39.220000,-4743.500000
510,Exit short,2025-02-20 10:30,2736.890000,1,-8.760000,-0.3200,4.410000,9.720000,-4728.280000
510,Entry short,2025-02-20 09:30,2728.130000,1,-8.760000,-0.3200,4.410000,9.720000,-4728.280000
509,Exit short,2025-02-20 09:00,2731.930000,5,-36.200000,-0.2700,18.450000,60.450000,-4719.520000
509,Entry short,2025-02-20 07:00,2724.690000,5,-36.200000,-0.2700,18.450000,60.450000,-4719.520000
508,Exit long,2025-02-20 07:00,2729.260000,4,49.840000,0.4600,166.920000,48.560000,-4683.320000
508,Entry long,2025-02-19 19:15,2716.800000,4,49.840000,0.4600,166.920000,48.560000,-4683.320000
507,Exit short,2025-02-19 19:15,2716.800000,3,-57.570000,-0.7100,65.460000,64.740000,-4733.160000
507,Entry short,2025-02-19 14:45,2697.610000,3,-57.570000,-0.7100,65.460000,64.740000,-4733.160000
506,Exit long,2025-02-19 14:45,2697.610000,2,-41.380000,-0.7600,24.640000,62.840000,-4675.590000
506,Entry long,2025-02-19 14:30,2718.300000,2,-41.380000,-0.7600,24.640000,62.840000,-4675.590000
505,Exit short,2025-02-19 14:30,2718.300000,1,-7.340000,-0.2700,4.960000,7.430000,-4634.210000
505,Entry short,2025-02-19 14:15,2710.960000,1,-7.340000,-0.2700,4.960000,7.430000,-4634.210000
504,Exit long,2025-02-19 13:30,2710.540000,1,55.540000,2.0900,81.120000,6.790000,-4626.870000
504,Entry long,2025-02-18 22:15,2655.000000,1,55.540000,2.0900,81.120000,6.790000,-4626.870000
503,Exit short,2025-02-18 22:00,2651.380000,7,149.730000,0.8000,480.130000,116.690000,-4682.410000
503,Entry short,2025-02-18 15:30,2672.770000,7,149.730000,0.8000,480.130000,116.690000,-4682.410000
502,Exit long,2025-02-18 15:30,2672.770000,6,-141.180000,-0.8700,212.640000,175.200000,-4832.140000
502,Entry long,2025-02-18 10:15,2696.300000,6,-141.180000,-0.8700,212.640000,175.200000,-4832.140000
501,Exit short,2025-02-18 10:15,2691.840000,5,134.100000,0.9900,341.750000,104.800000,-4690.960000
501,Entry short,2025-02-18 00:30,2718.660000,5,134.100000,0.9900,341.750000,104.800000,-4690.960000
500,Exit long,2025-02-18 00:30,2718.660000,4,-167.040000,-1.5100,67.120000,179.680000,-4825.060000
500,Entry long,2025-02-17 21:30,2760.420000,4,-167.040000,-1.5100,67.120000,179.680000,-4825.060000
499,Exit short,2025-02-17 21:30,2760.420000,3,-102.660000,-1.2600,122.160000,103.590000,-4658.020000
499,Entry short,2025-02-17 16:30,2726.200000,3,-102.660000,-1.2600,122.160000,103.590000,-4658.020000
498,Exit long,2025-02-17 16:30,2726.200000,2,87.060000,1.6200,332.180000,17.320000,-4555.360000
498,Entry long,2025-02-17 06:30,2682.670000,2,87.060000,1.6200,332.180000,17.320000,-4555.360000
497,Exit short,2025-02-17 06:30,2678.610000,1,-10.510000,-0.3900,35.290000,14.570000,-4642.420000
497,Entry short,2025-02-17 03:00,2668.100000,1,-10.510000,-0.3900,35.290000,14.570000,-4642.420000
496,Exit short,2025-02-17 02:30,2678.790000,3,35.850000,0.4400,140.970000,35.880000,-4631.910000
496,Entry short,2025-02-16 14:00,2690.740000,3,35.850000,0.4400,140.970000,35.880000,-4631.910000
495,Exit long,2025-02-16 14:00,2690.740000,2,-23.460000,-0.4300,18.800000,30.820000,-4667.760000
495,Entry long,2025-02-16 11:15,2702.470000,2,-23.460000,-0.4300,18.800000,30.820000,-4667.760000
494,Exit short,2025-02-16 11:15,2700.820000,1,-6.610000,-0.2500,1.780000,6.630000,-4644.300000
494,Entry short,2025-02-16 11:00,2694.210000,1,-6.610000,-0.2500,1.780000,6.630000,-4644.300000
493,Exit short,2025-02-16 10:15,2706.510000,6,-85.440000,-0.5300,25.620000,87.540000,-4637.690000
493,Entry short,2025-02-16 08:00,2692.270000,6,-85.440000,-0.5300,25.620000,87.540000,-4637.690000
492,Exit long,2025-02-16 08:00,2694.390000,5,-28.150000,-0.2100,131.250000,54.500000,-4552.250000
492,Entry long,2025-02-16 04:15,2700.020000,5,-28.150000,-0.2100,131.250000,54.500000,-4552.250000
491,Exit short,2025-02-16 04:15,2700.020000,4,-44.000000,-0.4100,8.080000,47.480000,-4524.100000
491,Entry short,2025-02-16 03:00,2689.020000,4,-44.000000,-0.4100,8.080000,47.480000,-4524.100000
490,Exit long,2025-02-16 03:00,2689.020000,3,-15.210000,-0.1900,32.730000,24.270000,-4480.100000
490,Entry long,2025-02-16 00:15,2694.090000,3,-15.210000,-0.1900,32.730000,24.270000,-4480.100000
489,Exit short,2025-02-16 00:15,2694.090000,2,-5.920000,-0.1100,4.160000,7.140000,-4464.890000
489,Entry short,2025-02-16 00:00,2691.130000,2,-5.920000,-0.1100,4.160000,7.140000,-4464.890000
488,Exit long,2025-02-16 00:00,2691.740000,1,-4.130000,-0.1500,1.130000,7.470000,-4458.970000
488,Entry long,2025-02-15 23:15,2695.870000,1,-4.130000,-0.1500,1.130000,7.470000,-4458.970000
487,Exit long,2025-02-15 22:45,2688.740000,2,-22.160000,-0.4100,7.160000,27.320000,-4454.840000
487,Entry long,2025-02-15 22:00,2699.820000,2,-22.160000,-0.4100,7.160000,27.320000,-4454.840000
486,Exit short,2025-02-15 22:00,2699.820000,1,-14.000000,-0.5200,8.340000,15.960000,-4432.680000
486,Entry short,2025-02-15 20:30,2685.820000,1,-14.000000,-0.5200,8.340000,15.960000,-4432.680000
485,Exit short,2025-02-15 19:15,2700.280000,5,3.950000,0.0300,228.800000,32.100000,-4418.680000
485,Entry short,2025-02-15 14:15,2701.070000,5,3.950000,0.0300,228.800000,32.100000,-4418.680000
484,Exit long,2025-02-15 14:15,2701.070000,4,-35.720000,-0.3300,5.920000,55.800000,-4422.630000
484,Entry long,2025-02-15 13:45,2710.000000,4,-35.720000,-0.3300,5.920000,55.800000,-4422.630000
483,Exit short,2025-02-15 13:45,2709.740000,3,25.710000,0.3200,78.330000,16.680000,-4386.910000
483,Entry short,2025-02-15 04:45,2718.310000,3,25.710000,0.3200,78.330000,16.680000,-4386.910000
482,Exit long,2025-02-15 04:45,2718.310000,2,-30.120000,-0.5500,0.000000,34.180000,-4412.620000
482,Entry long,2025-02-15 03:15,2733.370000,2,-30.120000,-0.5500,0.000000,34.180000,-4412.620000
481,Exit short,2025-02-15 03:15,2733.370000,1,-9.340000,-0.3400,21.580000,13.970000,-4382.500000
481,Entry short,2025-02-14 22:45,2724.030000,1,-9.340000,-0.3400,21.580000,13.970000,-4382.500000
480,Exit short,2025-02-14 22:15,2740.550000,7,-198.520000,-1.0500,36.330000,264.670000,-4373.160000
480,Entry short,2025-02-14 21:15,2712.190000,7,-198.520000,-1.0500,36.330000,264.670000,-4373.160000
479,Exit long,2025-02-14 21:15,2712.190000,6,33.840000,0.2100,506.700000,117.300000,-4174.640000
479,Entry long,2025-02-14 14:45,2706.550000,6,33.840000,0.2100,506.700000,117.300000,-4174.640000
478,Exit short,2025-02-14 14:45,2706.550000,5,-107.000000,-0.8000,44.100000,149.350000,-4208.480000
478,Entry short,2025-02-14 11:45,2685.150000,5,-107.000000,-0.8000,44.100000,149.350000,-4208.480000
477,Exit long,2025-02-14 11:45,2685.150000,4,123.040000,1.1600,265.240000,33.360000,-4101.480000
477,Entry long,2025-02-13 20:15,2654.390000,4,123.040000,1.1600,265.240000,33.360000,-4101.480000
476,Exit short,2025-02-13 20:15,2654.390000,3,173.640000,2.1300,304.650000,38.160000,-4224.520000
476,Entry short,2025-02-13 05:15,2712.270000,3,173.640000,2.1300,304.650000,38.160000,-4224.520000
475,Exit long,2025-02-13 05:15,2715.060000,2,134.780000,2.5500,294.640000,5.280000,-4398.160000
475,Entry long,2025-02-12 17:00,2647.670000,2,134.780000,2.5500,294.640000,5.280000,-4398.160000
474,Exit short,2025-02-12 17:00,2647.670000,1,-64.850000,-2.5100,40.610000,69.480000,-4532.940000
474,Entry short,2025-02-12 14:15,2582.820000,1,-64.850000,-2.5100,40.610000,69.480000,-4532.940000
473,Exit long,2025-02-12 14:00,2594.620000,3,-45.900000,-0.5900,164.280000,164.280000,-4468.090000
473,Entry long,2025-02-12 06:15,2609.920000,3,-45.900000,-0.5900,164.280000,164.280000,-4468.090000
472,Exit short,2025-02-12 06:15,2608.190000,2,168.140000,3.1200,278.760000,33.580000,-4422.190000
472,Entry short,2025-02-11 10:30,2692.260000,2,168.140000,3.1200,278.760000,33.580000,-4422.190000
471,Exit long,2025-02-11 10:30,2692.260000,1,5.660000,0.2100,37.390000,0.200000,-4590.330000
471,Entry long,2025-02-11 04:45,2686.600000,1,5.660000,0.2100,37.390000,0.200000,-4590.330000
470,Exit long,2025-02-11 03:45,2671.770000,3,-103.140000,-1.2700,39.060000,123.450000,-4595.990000
470,Entry long,2025-02-11 00:45,2706.150000,3,-103.140000,-1.2700,39.060000,123.450000,-4595.990000
469,Exit short,2025-02-11 00:45,2706.150000,2,-89.820000,-1.6900,22.280000,126.500000,-4492.850000
469,Entry short,2025-02-10 22:00,2661.240000,2,-89.820000,-1.6900,22.280000,126.500000,-4492.850000
468,Exit long,2025-02-10 22:00,2662.610000,1,28.610000,1.0900,58.990000,14.000000,-4403.030000
468,Entry long,2025-02-10 04:30,2634.000000,1,28.610000,1.0900,58.990000,14.000000,-4403.030000
467,Exit short,2025-02-10 04:00,2624.720000,9,-482.040000,-2.0800,128.250000,693.990000,-4431.640000
467,Entry short,2025-02-10 01:45,2571.160000,9,-482.040000,-2.0800,128.250000,693.990000,-4431.640000
466,Exit long,2025-02-10 01:45,2571.160000,8,-583.520000,-2.7600,109.040000,664.800000,-3949.600000
466,Entry long,2025-02-10 00:15,2644.100000,8,-583.520000,-2.7600,109.040000,664.800000,-3949.600000
465,Exit short,2025-02-10 00:15,2644.100000,7,-75.390000,-0.4100,806.470000,157.640000,-3366.080000
465,Entry short,2025-02-09 18:00,2633.330000,7,-75.390000,-0.4100,806.470000,157.640000,-3366.080000
464,Exit long,2025-02-09 18:00,2641.030000,6,-143.580000,-0.9000,0.000000,191.760000,-3290.690000
464,Entry long,2025-02-09 16:15,2664.960000,6,-143.580000,-0.9000,0.000000,191.760000,-3290.690000
463,Exit short,2025-02-09 16:15,2664.960000,5,-55.400000,-0.4200,219.400000,59.500000,-3147.110000
463,Entry short,2025-02-09 12:00,2653.880000,5,-55.400000,-0.4200,219.400000,59.500000,-3147.110000
462,Exit long,2025-02-09 12:00,2653.880000,4,121.840000,1.1600,298.320000,25.600000,-3091.710000
462,Entry long,2025-02-08 17:30,2623.420000,4,121.840000,1.1600,298.320000,25.600000,-3091.710000
461,Exit short,2025-02-08 17:30,2617.710000,3,-40.050000,-0.5100,51.930000,57.180000,-3213.550000
461,Entry short,2025-02-08 15:30,2604.360000,3,-40.050000,-0.5100,51.930000,57.180000,-3213.550000
460,Exit long,2025-02-08 15:30,2604.360000,2,-26.620000,-0.5100,8.180000,26.640000,-3173.500000
460,Entry long,2025-02-08 15:15,2617.670000,2,-26.620000,-0.5100,8.180000,26.640000,-3173.500000
459,Exit short,2025-02-08 15:15,2617.670000,1,-12.170000,-0.4700,5.070000,19.490000,-3146.880000
459,Entry short,2025-02-08 14:30,2605.500000,1,-12.170000,-0.4700,5.070000,19.490000,-3146.880000
458,Exit short,2025-02-08 14:00,2620.000000,2,8.840000,0.1700,63.400000,25.760000,-3134.710000
458,Entry short,2025-02-08 05:30,2624.420000,2,8.840000,0.1700,63.400000,25.760000,-3134.710000
457,Exit long,2025-02-08 05:30,2624.420000,1,-15.140000,-0.5700,15.980000,25.560000,-3143.550000
457,Entry long,2025-02-08 02:15,2639.560000,1,-15.140000,-0.5700,15.980000,25.560000,-3143.550000
456,Exit short,2025-02-08 00:45,2654.040000,7,464.100000,2.4400,1117.620000,59.430000,-3128.410000
456,Entry short,2025-02-07 16:00,2720.340000,7,464.100000,2.4400,1117.620000,59.430000,-3128.410000
455,Exit long,2025-02-07 16:00,2720.340000,6,5.640000,0.0300,460.320000,70.440000,-3592.510000
455,Entry long,2025-02-07 08:15,2719.400000,6,5.640000,0.0300,460.320000,70.440000,-3592.510000
454,Exit short,2025-02-07 08:15,2718.810000,5,-187.800000,-1.4000,72.750000,246.550000,-3598.150000
454,Entry short,2025-02-07 06:30,2681.250000,5,-187.800000,-1.4000,72.750000,246.550000,-3598.150000
453,Exit long,2025-02-07 06:30,2681.250000,4,-139.000000,-1.2800,77.160000,153.800000,-3410.350000
453,Entry long,2025-02-07 02:00,2716.000000,4,-139.000000,-1.2800,77.160000,153.800000,-3410.350000
452,Exit short,2025-02-07 02:00,2716.000000,3,270.960000,3.2200,468.960000,32.310000,-3271.350000
452,Entry short,2025-02-06 11:30,2806.320000,3,270.960000,3.2200,468.960000,32.310000,-3271.350000
451,Exit long,2025-02-06 11:30,2806.320000,2,67.640000,1.2200,169.860000,72.420000,-3542.310000
451,Entry long,2025-02-05 21:30,2772.500000,2,67.640000,1.2200,169.860000,72.420000,-3542.310000
450,Exit short,2025-02-05 21:30,2772.500000,1,-29.910000,-1.0900,0.730000,38.890000,-3609.950000
450,Entry short,2025-02-05 20:45,2742.590000,1,-29.910000,-1.0900,0.730000,38.890000,-3609.950000
449,Exit short,2025-02-05 20:30,2771.760000,5,-3.800000,-0.0300,289.750000,81.700000,-3580.040000
449,Entry short,2025-02-05 16:00,2771.000000,5,-3.800000,-0.0300,289.750000,81.700000,-3580.040000
448,Exit long,2025-02-05 16:00,2772.110000,4,-44.480000,-0.4000,179.000000,198.920000,-3576.240000
448,Entry long,2025-02-05 06:00,2783.230000,4,-44.480000,-0.4000,179.000000,198.920000,-3576.240000
447,Exit short,2025-02-05 06:00,2783.230000,3,-192.900000,-2.3600,35.370000,204.900000,-3531.760000
447,Entry short,2025-02-05 04:00,2718.930000,3,-192.900000,-2.3600,35.370000,204.900000,-3531.760000
446,Exit long,2025-02-05 04:00,2718.930000,2,-30.540000,-0.5600,4.180000,32.360000,-3338.860000
446,Entry long,2025-02-05 03:45,2734.200000,2,-30.540000,-0.5600,4.180000,32.360000,-3338.860000
445,Exit short,2025-02-05 03:45,2734.200000,1,-20.790000,-0.7700,15.460000,35.670000,-3308.320000
445,Entry short,2025-02-05 02:15,2713.410000,1,-20.790000,-0.7700,15.460000,35.670000,-3308.320000
444,Exit short,2025-02-05 01:30,2743.590000,6,54.660000,0.3300,733.200000,113.280000,-3287.530000
444,Entry short,2025-02-04 20:15,2752.700000,6,54.660000,0.3300,733.200000,113.280000,-3287.530000
443,Exit long,2025-02-04 20:15,2752.700000,5,-111.950000,-0.8100,466.050000,240.250000,-3342.190000
443,Entry long,2025-02-04 11:15,2775.090000,5,-111.950000,-0.8100,466.050000,240.250000,-3342.190000
442,Exit short,2025-02-04 11:15,2775.090000,4,67.400000,0.6000,522.880000,175.240000,-3230.240000
442,Entry short,2025-02-04 03:30,2791.940000,4,67.400000,0.6000,522.880000,175.240000,-3230.240000
441,Exit long,2025-02-04 03:30,2797.010000,3,519.750000,6.6000,886.740000,114.720000,-3297.640000
441,Entry long,2025-02-03 14:45,2623.760000,3,519.750000,6.6000,886.740000,114.720000,-3297.640000
440,Exit short,2025-02-03 14:45,2623.760000,2,-155.780000,-3.0600,38.380000,200.680000,-3817.390000
440,Entry short,2025-02-03 13:30,2545.870000,2,-155.780000,-3.0600,38.380000,200.680000,-3817.390000
439,Exit long,2025-02-03 13:30,2545.870000,1,-25.120000,-0.9800,63.530000,25.760000,-3661.610000
439,Entry long,2025-02-03 09:00,2570.990000,1,-25.120000,-0.9800,63.530000,25.760000,-3661.610000
438,Exit short,2025-02-03 08:15,2598.370000,3,1927.290000,19.8200,3481.830000,7.890000,-3636.490000
438,Entry short,2025-02-01 19:00,3240.800000,3,1927.290000,19.8200,3481.830000,7.890000,-3636.490000
437,Exit long,2025-02-01 19:00,3240.800000,2,-41.680000,-0.6400,8.720000,46.500000,-5563.780000
437,Entry long,2025-02-01 17:30,3261.640000,2,-41.680000,-0.6400,8.720000,46.500000,-5563.780000
436,Exit short,2025-02-01 17:30,3261.640000,1,-20.390000,-0.6300,0.010000,24.660000,-5522.100000
436,Entry short,2025-02-01 17:00,3241.250000,1,-20.390000,-0.6300,0.010000,24.660000,-5522.100000
435,Exit short,2025-02-01 16:45,3258.140000,11,-147.180000,-0.4100,195.360000,221.100000,-5501.710000
435,Entry short,2025-02-01 14:00,3244.760000,11,-147.180000,-0.4100,195.360000,221.100000,-5501.710000
434,Exit long,2025-02-01 14:00,3244.760000,10,-227.500000,-0.7000,3.300000,270.400000,-5354.530000
434,Entry long,2025-02-01 13:30,3267.510000,10,-227.500000,-0.7000,3.300000,270.400000,-5354.530000
433,Exit short,2025-02-01 13:30,3267.510000,9,335.520000,1.1300,742.320000,32.490000,-5127.030000
433,Entry short,2025-02-01 03:00,3304.790000,9,335.520000,1.1300,742.320000,32.490000,-5127.030000
432,Exit long,2025-02-01 03:00,3304.790000,8,-175.280000,-0.6600,6.560000,199.920000,-5462.550000
432,Entry long,2025-02-01 01:45,3326.700000,8,-175.280000,-0.6600,6.560000,199.920000,-5462.550000
431,Exit short,2025-02-01 01:45,3326.700000,7,-119.700000,-0.5200,228.130000,247.520000,-5287.270000
431,Entry short,2025-01-31 18:45,3309.600000,7,-119.700000,-0.5200,228.130000,247.520000,-5287.270000
430,Exit long,2025-01-31 18:45,3309.600000,6,287.520000,1.4700,1048.260000,39.660000,-5167.570000
430,Entry long,2025-01-31 09:45,3261.680000,6,287.520000,1.4700,1048.260000,39.660000,-5167.570000
429,Exit short,2025-01-31 09:45,3261.680000,5,-128.400000,-0.7900,19.750000,171.700000,-5455.090000
429,Entry short,2025-01-31 08:30,3236.000000,5,-128.400000,-0.7900,19.750000,171.700000,-5455.090000
428,Exit long,2025-01-31 08:30,3237.090000,4,-116.080000,-0.8900,42.160000,132.440000,-5326.690000
428,Entry long,2025-01-31 06:45,3266.110000,4,-116.080000,-0.8900,42.160000,132.440000,-5326.690000
427,Exit short,2025-01-31 06:45,3266.110000,3,-61.470000,-0.6300,99.930000,62.130000,-5210.610000
427,Entry short,2025-01-31 03:00,3245.620000,3,-61.470000,-0.6300,99.930000,62.130000,-5210.610000
426,Exit long,2025-01-31 03:00,3246.230000,2,-28.780000,-0.4400,38.200000,30.000000,-5149.140000
426,Entry long,2025-01-31 00:45,3260.620000,2,-28.780000,-0.4400,38.200000,30.000000,-5149.140000
425,Exit short,2025-01-31 00:45,3259.560000,1,-20.320000,-0.6300,3.170000,24.630000,-5120.360000
425,Entry short,2025-01-31 00:15,3239.240000,1,-20.320000,-0.6300,3.170000,24.630000,-5120.360000
424,Exit short,2025-01-30 23:15,3260.010000,4,-120.840000,-0.9400,9.320000,164.400000,-5100.040000
424,Entry short,2025-01-30 20:45,3229.800000,4,-120.840000,-0.9400,9.320000,164.400000,-5100.040000
423,Exit long,2025-01-30 20:45,3229.800000,3,263.730000,2.8000,422.130000,45.480000,-4979.200000
423,Entry long,2025-01-30 01:30,3141.890000,3,263.730000,2.8000,422.130000,45.480000,-4979.200000
422,Exit short,2025-01-30 01:30,3141.890000,2,-77.920000,-1.2600,27.860000,89.780000,-5242.930000
422,Entry short,2025-01-30 00:15,3102.930000,2,-77.920000,-1.2600,27.860000,89.780000,-5242.930000
421,Exit long,2025-01-30 00:15,3102.930000,1,-48.880000,-1.5500,29.120000,54.790000,-5165.010000
421,Entry long,2025-01-29 20:15,3151.810000,1,-48.880000,-1.5500,29.120000,54.790000,-5165.010000
420,Exit short,2025-01-29 20:00,3125.080000,12,-434.400000,-1.1700,432.000000,780.480000,-5116.130000
420,Entry short,2025-01-29 19:15,3088.880000,12,-434.400000,-1.1700,432.000000,780.480000,-5116.130000
419,Exit long,2025-01-29 19:15,3088.880000,11,-251.900000,-0.7400,246.070000,500.500000,-4681.730000
419,Entry long,2025-01-29 18:45,3111.780000,11,-251.900000,-0.7400,246.070000,500.500000,-4681.730000
418,Exit short,2025-01-29 18:45,3111.780000,10,120.700000,0.3900,536.600000,75.400000,-4429.830000
418,Entry short,2025-01-29 12:30,3123.850000,10,120.700000,0.3900,536.600000,75.400000,-4429.830000
417,Exit long,2025-01-29 12:30,3123.850000,9,-123.210000,-0.4400,44.460000,137.880000,-4550.530000
417,Entry long,2025-01-29 11:15,3137.540000,9,-123.210000,-0.4400,44.460000,137.880000,-4550.530000
416,Exit short,2025-01-29 11:15,3137.540000,8,-84.320000,-0.3400,11.440000,122.160000,-4427.320000
416,Entry short,2025-01-29 10:15,3127.000000,8,-84.320000,-0.3400,11.440000,122.160000,-4427.320000
415,Exit long,2025-01-29 10:15,3128.340000,7,111.510000,0.5100,356.860000,40.320000,-4343.000000
415,Entry long,2025-01-29 02:00,3112.410000,7,111.510000,0.5100,356.860000,40.320000,-4343.000000
414,Exit short,2025-01-29 02:00,3109.300000,6,448.140000,2.3500,875.940000,190.800000,-4454.510000
414,Entry short,2025-01-28 09:30,3183.990000,6,448.140000,2.3500,875.940000,190.800000,-4454.510000
413,Exit long,2025-01-28 09:30,3183.990000,5,317.500000,2.0300,587.550000,7.500000,-4902.650000
413,Entry long,2025-01-27 20:45,3120.490000,5,317.500000,2.0300,587.550000,7.500000,-4902.650000
412,Exit short,2025-01-27 20:45,3120.490000,4,-185.840000,-1.5100,122.000000,199.800000,-5220.150000
412,Entry short,2025-01-27 17:15,3074.030000,4,-185.840000,-1.5100,122.000000,199.800000,-5220.150000
411,Exit long,2025-01-27 17:15,3088.980000,3,-127.680000,-1.3600,57.810000,172.530000,-5034.310000
411,Entry long,2025-01-27 13:15,3131.540000,3,-127.680000,-1.3600,57.810000,172.530000,-5034.310000
410,Exit short,2025-01-27 13:15,3131.540000,2,357.160000,5.3900,579.900000,14.180000,-4906.630000
410,Entry short,2025-01-26 21:30,3310.120000,2,357.160000,5.3900,579.900000,14.180000,-4906.630000
409,Exit long,2025-01-26 21:30,3313.970000,1,-2.830000,-0.0900,27.460000,9.630000,-5263.790000
409,Entry long,2025-01-26 16:30,3316.800000,1,-2.830000,-0.0900,27.460000,9.630000,-5263.790000
408,Exit short,2025-01-26 16:00,3313.610000,5,109.500000,0.6600,224.150000,6.200000,-5260.960000
408,Entry short,2025-01-26 08:15,3335.510000,5,109.500000,0.6600,224.150000,6.200000,-5260.960000
407,Exit long,2025-01-26 08:15,3336.260000,4,-39.280000,-0.2900,67.680000,70.680000,-5370.460000
407,Entry long,2025-01-26 03:45,3346.080000,4,-39.280000,-0.2900,67.680000,70.680000,-5370.460000
406,Exit short,2025-01-26 03:45,3346.080000,3,-79.860000,-0.8000,21.270000,81.960000,-5331.180000
406,Entry short,2025-01-25 23:30,3319.460000,3,-79.860000,-0.8000,21.270000,81.960000,-5331.180000
405,Exit long,2025-01-25 23:30,3328.630000,2,61.080000,0.9300,103.420000,11.460000,-5251.320000
405,Entry long,2025-01-25 11:45,3298.090000,2,61.080000,0.9300,103.420000,11.460000,-5251.320000
404,Exit short,2025-01-25 11:45,3298.090000,1,87.550000,2.5900,119.110000,8.270000,-5312.400000
404,Entry short,2025-01-24 18:45,3385.640000,1,87.550000,2.5900,119.110000,8.270000,-5312.400000
403,Exit short,2025-01-24 18:30,3392.800000,2,-63.600000,-0.9500,4.480000,95.020000,-5399.950000
403,Entry short,2025-01-24 15:45,3361.000000,2,-63.600000,-0.9500,4.480000,95.020000,-5399.950000
402,Exit long,2025-01-24 15:45,3361.000000,1,109.530000,3.3700,178.520000,22.920000,-5336.350000
402,Entry long,2025-01-23 21:45,3251.470000,1,109.530000,3.3700,178.520000,22.920000,-5336.350000
401,Exit short,2025-01-23 20:45,3273.700000,6,-261.960000,-1.3500,224.460000,389.760000,-5445.880000
401,Entry short,2025-01-23 19:15,3230.040000,6,-261.960000,-1.3500,224.460000,389.760000,-5445.880000
400,Exit long,2025-01-23 19:15,3230.040000,5,9.400000,0.0600,344.150000,34.550000,-5183.920000
400,Entry long,2025-01-23 13:45,3228.160000,5,9.400000,0.0600,344.150000,34.550000,-5183.920000
399,Exit short,2025-01-23 13:45,3228.160000,4,220.680000,1.6800,425.320000,110.680000,-5193.320000
399,Entry short,2025-01-22 14:00,3283.330000,4,220.680000,1.6800,425.320000,110.680000,-5193.320000
398,Exit long,2025-01-22 14:00,3283.330000,3,-96.810000,-0.9700,48.360000,112.800000,-5414.000000
398,Entry long,2025-01-22 11:45,3315.600000,3,-96.810000,-0.9700,48.360000,112.800000,-5414.000000
397,Exit short,2025-01-22 11:45,3315.600000,2,10.840000,0.1600,97.040000,36.760000,-5317.190000
397,Entry short,2025-01-22 04:45,3321.020000,2,10.840000,0.1600,97.040000,36.760000,-5317.190000
396,Exit long,2025-01-22 04:45,3321.020000,1,-10.570000,-0.3200,34.380000,25.860000,-5328.030000
396,Entry long,2025-01-21 22:00,3331.590000,1,-10.570000,-0.3200,34.380000,25.860000,-5328.030000
395,Exit long,2025-01-21 21:15,3308.960000,1,50.330000,1.5400,109.320000,9.220000,-5317.460000
395,Entry long,2025-01-21 09:00,3258.630000,1,50.330000,1.5400,109.320000,9.220000,-5317.460000
394,Exit short,2025-01-21 08:15,3259.140000,2,122.240000,1.8400,233.520000,33.800000,-5367.790000
394,Entry short,2025-01-20 21:00,3320.260000,2,122.240000,1.8400,233.520000,33.800000,-5367.790000
393,Exit long,2025-01-20 21:00,3320.260000,1,-15.970000,-0.4800,6.220000,16.200000,-5490.030000
393,Entry long,2025-01-20 20:45,3336.230000,1,-15.970000,-0.4800,6.220000,16.200000,-5490.030000
392,Exit short,2025-01-20 20:00,3342.950000,6,-466.680000,-2.3800,391.020000,596.820000,-5474.060000
392,Entry short,2025-01-20 17:30,3265.170000,6,-466.680000,-2.3800,391.020000,596.820000,-5474.060000
391,Exit long,2025-01-20 17:30,3318.420000,5,-247.850000,-1.4700,81.850000,514.100000,-5007.380000
391,Entry long,2025-01-20 16:45,3367.990000,5,-247.850000,-1.4700,81.850000,514.100000,-5007.380000
390,Exit short,2025-01-20 16:45,3367.990000,4,-238.560000,-1.8000,31.280000,332.160000,-4759.530000
390,Entry short,2025-01-20 16:15,3308.350000,4,-238.560000,-1.8000,31.280000,332.160000,-4759.530000
389,Exit long,2025-01-20 16:15,3308.350000,3,-168.420000,-1.6700,45.780000,268.170000,-4520.970000
389,Entry long,2025-01-20 15:15,3364.490000,3,-168.420000,-1.6700,45.780000,268.170000,-4520.970000
388,Exit short,2025-01-20 15:15,3364.490000,2,-124.380000,-1.8800,64.860000,137.220000,-4352.550000
388,Entry short,2025-01-20 12:30,3302.300000,2,-124.380000,-1.8800,64.860000,137.220000,-4352.550000
387,Exit long,2025-01-20 12:30,3302.300000,1,30.920000,0.9500,184.380000,17.580000,-4228.170000
387,Entry long,2025-01-20 04:30,3271.380000,1,30.920000,0.9500,184.380000,17.580000,-4228.170000
386,Exit short,2025-01-20 03:45,3272.190000,3,-66.600000,-0.6800,326.220000,190.890000,-4259.090000
386,Entry short,2025-01-19 21:30,3249.990000,3,-66.600000,-0.6800,326.220000,190.890000,-4259.090000
385,Exit long,2025-01-19 21:30,3249.990000,2,-52.600000,-0.8000,346.960000,145.660000,-4192.490000
385,Entry long,2025-01-19 14:00,3276.290000,2,-52.600000,-0.8000,346.960000,145.660000,-4192.490000
384,Exit short,2025-01-19 14:00,3276.290000,1,4.180000,0.1300,150.840000,19.460000,-4139.890000
384,Entry short,2025-01-19 05:00,3280.470000,1,4.180000,0.1300,150.840000,19.460000,-4139.890000
383,Exit long,2025-01-19 04:45,3299.530000,1,11.860000,0.3600,90.030000,12.670000,-4144.070000
383,Entry long,2025-01-18 23:00,3287.670000,1,11.860000,0.3600,90.030000,12.670000,-4144.070000
382,Exit short,2025-01-18 22:45,3283.220000,10,-215.800000,-0.6600,149.200000,309.000000,-4155.930000
382,Entry short,2025-01-18 16:45,3261.640000,10,-215.800000,-0.6600,149.200000,309.000000,-4155.930000
381,Exit long,2025-01-18 16:45,3275.640000,9,-237.960000,-0.8000,404.190000,363.960000,-3940.130000
381,Entry long,2025-01-18 13:30,3302.080000,9,-237.960000,-0.8000,404.190000,363.960000,-3940.130000
380,Exit short,2025-01-18 13:30,3302.080000,8,1264.800000,4.5700,1876.240000,30.640000,-3702.170000
380,Entry short,2025-01-18 02:45,3460.180000,8,1264.800000,4.5700,1876.240000,30.640000,-3702.170000
379,Exit long,2025-01-18 02:45,3460.180000,7,213.990000,0.8900,666.680000,95.410000,-4966.970000
379,Entry long,2025-01-17 19:30,3429.610000,7,213.990000,0.8900,666.680000,95.410000,-4966.970000
378,Exit short,2025-01-17 19:30,3429.610000,6,-115.140000,-0.5600,4.080000,196.200000,-5180.960000
378,Entry short,2025-01-17 19:00,3410.420000,6,-115.140000,-0.5600,4.080000,196.200000,-5180.960000
377,Exit long,2025-01-17 19:00,3410.420000,5,352.100000,2.1100,550.000000,5.550000,-5065.820000
377,Entry long,2025-01-17 01:30,3340.000000,5,352.100000,2.1100,550.000000,5.550000,-5065.820000
376,Exit short,2025-01-17 01:30,3340.000000,4,-84.040000,-0.6300,210.760000,86.040000,-5417.920000
376,Entry short,2025-01-16 21:30,3318.990000,4,-84.040000,-0.6300,210.760000,86.040000,-5417.920000
375,Exit long,2025-01-16 21:30,3318.990000,3,-73.080000,-0.7300,28.260000,100.320000,-5333.880000
375,Entry long,2025-01-16 20:00,3343.350000,3,-73.080000,-0.7300,28.260000,100.320000,-5333.880000
374,Exit short,2025-01-16 20:00,3343.350000,2,-51.920000,-0.7800,11.300000,55.440000,-5260.800000
374,Entry short,2025-01-16 18:45,3317.390000,2,-51.920000,-0.7800,11.300000,55.440000,-5260.800000
373,Exit long,2025-01-16 18:45,3318.780000,1,-28.910000,-0.8600,17.310000,39.360000,-5208.880000
373,Entry long,2025-01-16 17:15,3347.690000,1,-28.910000,-0.8600,17.310000,39.360000,-5208.880000
372,Exit short,2025-01-16 17:00,3339.140000,3,-38.220000,-0.3800,190.020000,103.200000,-5179.970000
372,Entry short,2025-01-16 13:15,3326.400000,3,-38.220000,-0.3800,190.020000,103.200000,-5179.970000
371,Exit long,2025-01-16 13:15,3326.400000,2,-61.200000,-0.9100,1.320000,73.100000,-5141.750000
371,Entry long,2025-01-16 13:00,3357.000000,2,-61.200000,-0.9100,1.320000,73.100000,-5141.750000
370,Exit short,2025-01-16 13:00,3355.540000,1,42.180000,1.2400,100.020000,7.280000,-5080.550000
370,Entry short,2025-01-16 02:00,3397.720000,1,42.180000,1.2400,100.020000,7.280000,-5080.550000
369,Exit long,2025-01-16 01:30,3403.510000,7,945.630000,4.1300,1431.570000,2.940000,-5122.730000
369,Entry long,2025-01-15 13:45,3268.420000,7,945.630000,4.1300,1431.570000,2.940000,-5122.730000
368,Exit short,2025-01-15 13:45,3268.420000,6,-316.260000,-1.6400,183.720000,397.560000,-6068.360000
368,Entry short,2025-01-15 09:45,3215.710000,6,-316.260000,-1.6400,183.720000,397.560000,-6068.360000
367,Exit long,2025-01-15 09:45,3215.710000,5,-67.150000,-0.4200,102.800000,87.700000,-5752.100000
367,Entry long,2025-01-15 07:00,3229.140000,5,-67.150000,-0.4200,102.800000,87.700000,-5752.100000
366,Exit short,2025-01-15 07:00,3229.140000,4,-46.920000,-0.3600,8.920000,54.240000,-5684.950000
366,Entry short,2025-01-15 06:30,3217.410000,4,-46.920000,-0.3600,8.920000,54.240000,-5684.950000
365,Exit long,2025-01-15 06:30,3217.410000,3,-67.740000,-0.7000,35.100000,79.320000,-5638.030000
365,Entry long,2025-01-15 04:00,3239.990000,3,-67.740000,-0.7000,35.100000,79.320000,-5638.030000
364,Exit short,2025-01-15 04:00,3239.990000,2,-61.040000,-0.9500,4.720000,62.820000,-5570.290000
364,Entry short,2025-01-15 02:45,3209.470000,2,-61.040000,-0.9500,4.720000,62.820000,-5570.290000
363,Exit long,2025-01-15 02:45,3209.470000,1,-2.060000,-0.0600,32.620000,18.510000,-5509.250000
363,Entry long,2025-01-14 18:00,3211.530000,1,-2.060000,-0.0600,32.620000,18.510000,-5509.250000
362,Exit short,2025-01-14 17:45,3207.440000,11,-236.830000,-0.6800,77.990000,284.570000,-5507.190000
362,Entry short,2025-01-14 16:15,3185.910000,11,-236.830000,-0.6800,77.990000,284.570000,-5507.190000
361,Exit long,2025-01-14 16:15,3185.910000,10,-273.900000,-0.8500,196.900000,422.800000,-5270.360000
361,Entry long,2025-01-14 14:30,3213.300000,10,-273.900000,-0.8500,196.900000,422.800000,-5270.360000
360,Exit short,2025-01-14 14:30,3213.300000,9,-278.100000,-0.9700,46.530000,449.190000,-4996.460000
360,Entry short,2025-01-14 13:00,3182.400000,9,-278.100000,-0.9700,46.530000,449.190000,-4996.460000
359,Exit long,2025-01-14 13:00,3182.400000,8,736.320000,2.9800,1323.840000,71.280000,-4718.360000
359,Entry long,2025-01-13 21:00,3090.360000,8,736.320000,2.9800,1323.840000,71.280000,-4718.360000
358,Exit short,2025-01-13 21:00,3090.360000,7,1150.800000,5.0500,2483.320000,78.680000,-5454.680000
358,Entry short,2025-01-13 02:30,3254.760000,7,1150.800000,5.0500,2483.320000,78.680000,-5454.680000
357,Exit long,2025-01-13 02:30,3261.650000,6,-245.220000,-1.2400,214.800000,310.260000,-6605.480000
357,Entry long,2025-01-13 00:30,3302.520000,6,-245.220000,-1.2400,214.800000,310.260000,-6605.480000
356,Exit short,2025-01-13 00:30,3302.520000,5,-149.600000,-0.9100,200.100000,200.900000,-6360.260000
356,Entry short,2025-01-12 21:30,3272.600000,5,-149.600000,-0.9100,200.100000,200.900000,-6360.260000
355,Exit long,2025-01-12 21:30,3275.920000,4,53.560000,0.4100,145.880000,29.680000,-6210.660000
355,Entry long,2025-01-12 13:30,3262.530000,4,53.560000,0.4100,145.880000,29.680000,-6210.660000
354,Exit short,2025-01-12 13:30,3262.530000,3,60.000000,0.6100,180.390000,5.580000,-6264.220000
354,Entry short,2025-01-12 05:00,3282.530000,3,60.000000,0.6100,180.390000,5.580000,-6264.220000
353,Exit long,2025-01-12 05:00,3282.530000,2,-9.900000,-0.1500,1.040000,15.920000,-6324.220000
353,Entry long,2025-01-12 04:45,3287.480000,2,-9.900000,-0.1500,1.040000,15.920000,-6324.220000
352,Exit short,2025-01-12 04:45,3287.480000,1,-8.280000,-0.2500,6.200000,11.150000,-6314.320000
352,Entry short,2025-01-12 01:00,3279.200000,1,-8.280000,-0.2500,6.200000,11.150000,-6314.320000
351,Exit long,2025-01-12 00:30,3281.050000,6,189.840000,0.9700,419.340000,34.920000,-6306.040000
351,Entry long,2025-01-11 10:15,3249.410000,6,189.840000,0.9700,419.340000,34.920000,-6306.040000
350,Exit short,2025-01-11 10:15,3249.410000,5,31.250000,0.1900,191.500000,126.450000,-6495.880000
350,Entry short,2025-01-10 21:00,3255.660000,5,31.250000,0.1900,191.500000,126.450000,-6495.880000
349,Exit long,2025-01-10 21:00,3258.460000,4,-219.600000,-1.6600,0.040000,230.800000,-6527.130000
349,Entry long,2025-01-10 18:00,3313.360000,4,-219.600000,-1.6600,0.040000,230.800000,-6527.130000
348,Exit short,2025-01-10 18:00,3313.360000,3,-204.600000,-2.1000,155.190000,233.520000,-6307.530000
348,Entry short,2025-01-10 13:45,3245.160000,3,-204.600000,-2.1000,155.190000,233.520000,-6307.530000
347,Exit long,2025-01-10 13:45,3245.160000,2,18.980000,0.2900,168.660000,41.000000,-6102.930000
347,Entry long,2025-01-10 01:45,3235.670000,2,18.980000,0.2900,168.660000,41.000000,-6102.930000
346,Exit short,2025-01-10 01:45,3235.670000,1,13.300000,0.4100,92.970000,20.430000,-6121.910000
346,Entry short,2025-01-09 18:00,3248.970000,1,13.300000,0.4100,92.970000,20.430000,-6121.910000
345,Exit short,2025-01-09 16:15,3317.940000,19,69.540000,0.1100,2151.940000,304.760000,-6135.210000
345,Entry short,2025-01-09 06:45,3321.600000,19,69.540000,0.1100,2151.940000,304.760000,-6135.210000
344,Exit long,2025-01-09 06:45,3322.230000,18,-301.860000,-0.5000,39.240000,358.740000,-6204.750000
344,Entry long,2025-01-09 05:00,3339.000000,18,-301.860000,-0.5000,39.240000,358.740000,-6204.750000
343,Exit short,2025-01-09 05:00,3339.000000,17,-438.600000,-0.7800,37.400000,496.400000,-5902.890000
343,Entry short,2025-01-09 04:15,3313.200000,17,-438.600000,-0.7800,37.400000,496.400000,-5902.890000
342,Exit long,2025-01-09 04:15,3313.200000,16,-108.640000,-0.2000,573.760000,231.520000,-5464.290000
342,Entry long,2025-01-08 22:30,3319.990000,16,-108.640000,-0.2000,573.760000,231.520000,-5464.290000
341,Exit short,2025-01-08 22:30,3312.620000,15,367.500000,0.7300,1958.700000,178.200000,-5355.650000
341,Entry short,2025-01-08 15:45,3337.120000,15,367.500000,0.7300,1958.700000,178.200000,-5355.650000
340,Exit long,2025-01-08 15:45,3337.120000,14,-372.260000,-0.7900,296.660000,457.940000,-5723.150000
340,Entry long,2025-01-08 14:00,3363.710000,14,-372.260000,-0.7900,296.660000,457.940000,-5723.150000
339,Exit short,2025-01-08 14:00,3357.310000,13,-86.970000,-0.2000,377.260000,206.700000,-5350.890000
339,Entry short,2025-01-08 11:15,3350.620000,13,-86.970000,-0.2000,377.260000,206.700000,-5350.890000
338,Exit long,2025-01-08 11:15,3350.620000,12,-252.720000,-0.6200,3.840000,277.320000,-5263.920000
338,Entry long,2025-01-08 10:30,3371.680000,12,-252.720000,-0.6200,3.840000,277.320000,-5263.920000
337,Exit short,2025-01-08 10:30,3371.680000,11,-283.580000,-0.7700,8.030000,287.100000,-5011.200000
337,Entry short,2025-01-08 10:00,3345.900000,11,-283.580000,-0.7700,8.030000,287.100000,-5011.200000
336,Exit long,2025-01-08 10:00,3345.900000,10,-261.000000,-0.7700,8.600000,275.600000,-4727.620000
336,Entry long,2025-01-08 09:15,3372.000000,10,-261.000000,-0.7700,8.600000,275.600000,-4727.620000
335,Exit short,2025-01-08 09:15,3367.970000,9,2782.620000,8.4100,3340.260000,16.650000,-4466.620000
335,Entry short,2025-01-07 04:45,3677.150000,9,2782.620000,8.4100,3340.260000,16.650000,-4466.620000
334,Exit long,2025-01-07 04:45,3677.150000,8,-94.880000,-0.3200,90.400000,129.680000,-7249.240000
334,Entry long,2025-01-07 01:45,3689.010000,8,-94.880000,-0.3200,90.400000,129.680000,-7249.240000
333,Exit short,2025-01-07 01:45,3689.010000,7,-105.000000,-0.4100,84.280000,113.610000,-7154.360000
333,Entry short,2025-01-07 01:00,3674.010000,7,-105.000000,-0.4100,84.280000,113.610000,-7154.360000
332,Exit long,2025-01-07 01:00,3674.010000,6,-76.140000,-0.3400,39.600000,76.200000,-7049.360000
332,Entry long,2025-01-07 00:30,3686.700000,6,-76.140000,-0.3400,39.600000,76.200000,-7049.360000
331,Exit short,2025-01-07 00:30,3686.700000,5,-89.750000,-0.4900,16.850000,94.450000,-6973.220000
331,Entry short,2025-01-06 21:30,3668.750000,5,-89.750000,-0.4900,16.850000,94.450000,-6973.220000
330,Exit long,2025-01-06 21:30,3668.750000,4,-63.000000,-0.4300,239.120000,122.480000,-6883.470000
330,Entry long,2025-01-06 15:00,3684.500000,4,-63.000000,-0.4300,239.120000,122.480000,-6883.470000
329,Exit short,2025-01-06 15:00,3684.500000,3,-157.440000,-1.4400,33.840000,217.530000,-6820.470000
329,Entry short,2025-01-06 13:15,3632.020000,3,-157.440000,-1.4400,33.840000,217.530000,-6820.470000
328,Exit long,2025-01-06 13:15,3632.020000,2,-50.200000,-0.6900,0.420000,54.240000,-6663.030000
328,Entry long,2025-01-06 12:30,3657.120000,2,-50.200000,-0.6900,0.420000,54.240000,-6663.030000
327,Exit short,2025-01-06 12:30,3656.740000,1,-10.740000,-0.2900,14.660000,17.080000,-6612.830000
327,Entry short,2025-01-06 08:15,3646.000000,1,-10.740000,-0.2900,14.660000,17.080000,-6612.830000
326,Exit long,2025-01-06 07:45,3649.010000,3,-56.370000,-0.5100,90.600000,80.880000,-6602.090000
326,Entry long,2025-01-06 02:15,3667.800000,3,-56.370000,-0.5100,90.600000,80.880000,-6602.090000
325,Exit short,2025-01-06 02:15,3667.800000,2,-94.460000,-1.3000,23.140000,124.560000,-6545.720000
325,Entry short,2025-01-06 01:00,3620.570000,2,-94.460000,-1.3000,23.140000,124.560000,-6545.720000
324,Exit long,2025-01-06 01:00,3620.570000,1,-9.560000,-0.2600,26.160000,18.880000,-6451.260000
324,Entry long,2025-01-05 15:45,3630.130000,1,-9.560000,-0.2600,26.160000,18.880000,-6451.260000
323,Exit short,2025-01-05 15:15,3624.940000,4,49.600000,0.3400,180.800000,43.000000,-6441.700000
323,Entry short,2025-01-05 01:45,3637.340000,4,49.600000,0.3400,180.800000,43.000000,-6441.700000
322,Exit long,2025-01-05 01:45,3637.340000,3,108.510000,1.0000,220.620000,34.890000,-6491.300000
322,Entry long,2025-01-04 12:00,3601.170000,3,108.510000,1.0000,220.620000,34.890000,-6491.300000
321,Exit short,2025-01-04 12:00,3601.170000,2,-25.020000,-0.3500,36.000000,41.760000,-6599.810000
321,Entry short,2025-01-04 08:45,3588.660000,2,-25.020000,-0.3500,36.000000,41.760000,-6599.810000
320,Exit long,2025-01-04 08:45,3590.150000,1,-10.450000,-0.2900,9.230000,11.940000,-6574.790000
320,Entry long,2025-01-04 07:00,3600.600000,1,-10.450000,-0.2900,9.230000,11.940000,-6574.790000
319,Exit short,2025-01-04 06:30,3600.380000,13,-192.400000,-0.4100,53.820000,273.260000,-6564.340000
319,Entry short,2025-01-04 01:15,3585.580000,13,-192.400000,-0.4100,53.820000,273.260000,-6564.340000
318,Exit long,2025-01-04 01:15,3585.580000,12,1645.200000,3.9800,2178.240000,26.040000,-6371.940000
318,Entry long,2025-01-03 11:15,3448.480000,12,1645.200000,3.9800,2178.240000,26.040000,-6371.940000
317,Exit short,2025-01-03 11:15,3448.480000,11,-0.330000,-0.0000,295.790000,137.060000,-8017.140000
317,Entry short,2025-01-03 05:30,3448.450000,11,-0.330000,-0.0000,295.790000,137.060000,-8017.140000
316,Exit long,2025-01-03 05:30,3448.630000,10,-157.200000,-0.4500,121.300000,206.300000,-8016.810000
316,Entry long,2025-01-03 02:00,3464.350000,10,-157.200000,-0.4500,121.300000,206.300000,-8016.810000
315,Exit short,2025-01-03 02:00,3464.350000,9,-79.920000,-0.2600,319.230000,96.930000,-7859.610000
315,Entry short,2025-01-02 20:45,3455.470000,9,-79.920000,-0.2600,319.230000,96.930000,-7859.610000
314,Exit long,2025-01-02 20:45,3455.470000,8,-104.720000,-0.3800,50.720000,120.160000,-7779.690000
314,Entry long,2025-01-02 20:15,3468.560000,8,-104.720000,-0.3800,50.720000,120.160000,-7779.690000
313,Exit short,2025-01-02 20:15,3467.630000,7,-140.560000,-0.5800,136.850000,183.680000,-7674.970000
313,Entry short,2025-01-02 17:45,3447.550000,7,-140.560000,-0.5800,136.850000,183.680000,-7674.970000
312,Exit long,2025-01-02 17:45,3447.550000,6,597.900000,2.9800,979.440000,62.400000,-7534.410000
312,Entry long,2025-01-01 18:45,3347.900000,6,597.900000,2.9800,979.440000,62.400000,-7534.410000
311,Exit short,2025-01-01 18:45,3347.900000,5,-88.050000,-0.5300,45.900000,95.850000,-8132.310000
311,Entry short,2025-01-01 17:15,3330.290000,5,-88.050000,-0.5300,45.900000,95.850000,-8132.310000
310,Exit long,2025-01-01 17:15,3330.290000,4,-76.520000,-0.5700,38.680000,89.680000,-8044.260000
310,Entry long,2025-01-01 12:30,3349.420000,4,-76.520000,-0.5700,38.680000,89.680000,-8044.260000
309,Exit short,2025-01-01 12:30,3349.420000,3,-6.660000,-0.0700,103.740000,10.980000,-7967.740000
309,Entry short,2025-01-01 04:30,3347.200000,3,-6.660000,-0.0700,103.740000,10.980000,-7967.740000
308,Exit long,2025-01-01 04:30,3347.450000,2,-18.880000,-0.2800,22.260000,23.540000,-7961.080000
308,Entry long,2025-01-01 02:45,3356.890000,2,-18.880000,-0.2800,22.260000,23.540000,-7961.080000
307,Exit short,2025-01-01 02:45,3356.890000,1,-11.060000,-0.3300,0.580000,13.660000,-7942.200000
307,Entry short,2025-01-01 02:00,3345.830000,1,-11.060000,-0.3300,0.580000,13.660000,-7942.200000
306,Exit short,2025-01-01 01:15,3359.620000,2,58.060000,0.8600,123.160000,4.920000,-7931.140000
306,Entry short,2024-12-31 17:30,3388.650000,2,58.060000,0.8600,123.160000,4.920000,-7931.140000
305,Exit long,2024-12-31 17:30,3388.650000,1,31.620000,0.9400,94.970000,8.390000,-7989.200000
305,Entry long,2024-12-31 07:00,3357.030000,1,31.620000,0.9400,94.970000,8.390000,-7989.200000
304,Exit short,2024-12-31 06:30,3355.010000,10,-277.400000,-0.8300,189.900000,398.100000,-8020.820000
304,Entry short,2024-12-30 21:45,3327.270000,10,-277.400000,-0.8300,189.900000,398.100000,-8020.820000
303,Exit long,2024-12-30 21:45,3327.270000,9,-636.390000,-2.0800,192.240000,814.860000,-7743.420000
303,Entry long,2024-12-30 18:00,3397.980000,9,-636.390000,-2.0800,192.240000,814.860000,-7743.420000
302,Exit short,2024-12-30 18:00,3390.370000,8,140.960000,0.5200,846.320000,34.240000,-7107.030000
302,Entry short,2024-12-30 13:00,3407.990000,8,140.960000,0.5200,846.320000,34.240000,-7107.030000
301,Exit long,2024-12-30 13:00,3407.990000,7,-85.470000,-0.3600,67.900000,123.970000,-7247.990000
301,Entry long,2024-12-30 11:30,3420.200000,7,-85.470000,-0.3600,67.900000,123.970000,-7247.990000
300,Exit short,2024-12-30 11:30,3420.200000,6,-106.140000,-0.5200,25.860000,128.880000,-7162.520000
300,Entry short,2024-12-30 11:15,3402.510000,6,-106.140000,-0.5200,25.860000,128.880000,-7162.520000
299,Exit long,2024-12-30 11:15,3402.510000,5,111.650000,0.6600,283.400000,61.300000,-7056.380000
299,Entry long,2024-12-30 00:30,3380.180000,5,111.650000,0.6600,283.400000,61.300000,-7056.380000
298,Exit short,2024-12-30 00:30,3380.180000,4,34.480000,0.2500,256.680000,84.680000,-7168.030000
298,Entry short,2024-12-29 13:00,3388.800000,4,34.480000,0.2500,256.680000,84.680000,-7168.030000
297,Exit long,2024-12-29 13:00,3390.650000,3,-16.050000,-0.1600,51.000000,22.380000,-7202.510000
297,Entry long,2024-12-29 07:00,3396.000000,3,-16.050000,-0.1600,51.000000,22.380000,-7202.510000
296,Exit short,2024-12-29 07:00,3396.000000,2,-21.320000,-0.3100,22.700000,24.220000,-7186.460000
296,Entry short,2024-12-29 01:00,3385.340000,2,-21.320000,-0.3100,22.700000,24.220000,-7186.460000
295,Exit long,2024-12-29 01:00,3392.440000,1,48.450000,1.4500,83.510000,7.960000,-7165.140000
295,Entry long,2024-12-28 09:00,3343.990000,1,48.450000,1.4500,83.510000,7.960000,-7165.140000
294,Exit long,2024-12-28 08:00,3334.080000,4,-26.280000,-0.2000,85.400000,36.600000,-7213.590000
294,Entry long,2024-12-28 03:30,3340.650000,4,-26.280000,-0.2000,85.400000,36.600000,-7213.590000
293,Exit short,2024-12-28 03:30,3339.530000,3,-40.170000,-0.4000,2.310000,43.530000,-7187.310000
293,Entry short,2024-12-28 03:00,3326.140000,3,-40.170000,-0.4000,2.310000,43.530000,-7187.310000
292,Exit long,2024-12-28 03:00,3326.140000,2,-29.720000,-0.4400,0.880000,29.720000,-7147.140000
292,Entry long,2024-12-28 02:15,3341.000000,2,-29.720000,-0.4400,0.880000,29.720000,-7147.140000
291,Exit short,2024-12-28 02:15,3340.340000,1,-11.550000,-0.3500,7.870000,14.070000,-7117.420000
291,Entry short,2024-12-28 01:30,3328.790000,1,-11.550000,-0.3500,7.870000,14.070000,-7117.420000
290,Exit short,2024-12-28 01:15,3338.810000,13,-35.490000,-0.0800,364.000000,175.760000,-7105.870000
290,Entry short,2024-12-27 20:15,3336.080000,13,-35.490000,-0.0800,364.000000,175.760000,-7105.870000
289,Exit long,2024-12-27 20:15,3336.080000,12,-263.880000,-0.6500,20.160000,280.200000,-7070.380000
289,Entry long,2024-12-27 19:45,3358.070000,12,-263.880000,-0.6500,20.160000,280.200000,-7070.380000
288,Exit short,2024-12-27 19:45,3358.070000,11,196.130000,0.5300,768.900000,181.060000,-6806.500000
288,Entry short,2024-12-27 14:00,3375.900000,11,196.130000,0.5300,768.900000,181.060000,-6806.500000
287,Exit long,2024-12-27 14:00,3386.570000,10,-458.200000,-1.3300,36.100000,564.900000,-7002.630000
287,Entry long,2024-12-27 09:15,3432.390000,10,-458.200000,-1.3300,36.100000,564.900000,-7002.630000
286,Exit short,2024-12-27 09:15,3432.390000,9,-938.610000,-3.1300,72.900000,1043.100000,-6544.430000
286,Entry short,2024-12-27 07:45,3328.100000,9,-938.610000,-3.1300,72.900000,1043.100000,-6544.430000
285,Exit long,2024-12-27 07:45,3328.100000,8,-67.200000,-0.2500,491.360000,171.680000,-5605.820000
285,Entry long,2024-12-27 00:45,3336.500000,8,-67.200000,-0.2500,491.360000,171.680000,-5605.820000
284,Exit short,2024-12-27 00:45,3336.500000,7,-183.540000,-0.7900,0.000000,233.240000,-5538.620000
284,Entry short,2024-12-26 23:15,3310.280000,7,-183.540000,-0.7900,0.000000,233.240000,-5538.620000
283,Exit long,2024-12-26 23:15,3310.280000,6,-178.320000,-0.8900,4.500000,187.860000,-5355.080000
283,Entry long,2024-12-26 23:00,3340.000000,6,-178.320000,-0.8900,4.500000,187.860000,-5355.080000
282,Exit short,2024-12-26 23:00,3339.340000,5,625.750000,3.6100,808.800000,80.900000,-5176.760000
282,Entry short,2024-12-26 01:45,3464.490000,5,625.750000,3.6100,808.800000,80.900000,-5176.760000
281,Exit long,2024-12-26 01:45,3464.490000,4,-110.040000,-0.7900,89.280000,116.000000,-5802.510000
281,Entry long,2024-12-25 23:15,3492.000000,4,-110.040000,-0.7900,89.280000,116.000000,-5802.510000
280,Exit short,2024-12-25 23:15,3492.000000,3,-97.380000,-0.9400,33.660000,104.520000,-5692.470000
280,Entry short,2024-12-25 21:15,3459.540000,3,-97.380000,-0.9400,33.660000,104.520000,-5692.470000
279,Exit long,2024-12-25 21:15,3459.540000,2,-48.600000,-0.7000,7.780000,54.820000,-5595.090000
279,Entry long,2024-12-25 19:45,3483.840000,2,-48.600000,-0.7000,7.780000,54.820000,-5595.090000
278,Exit short,2024-12-25 19:45,3480.560000,1,-10.080000,-0.2900,31.480000,29.270000,-5546.490000
278,Entry short,2024-12-25 12:45,3470.480000,1,-10.080000,-0.2900,31.480000,29.270000,-5546.490000
277,Exit long,2024-12-25 12:15,3471.310000,20,-273.600000,-0.3900,1240.400000,598.200000,-5536.410000
277,Entry long,2024-12-25 04:30,3484.990000,20,-273.600000,-0.3900,1240.400000,598.200000,-5536.410000
276,Exit short,2024-12-25 04:30,3484.990000,19,-379.620000,-0.5800,167.200000,569.810000,-5262.810000
276,Entry short,2024-12-25 02:00,3465.010000,19,-379.620000,-0.5800,167.200000,569.810000,-5262.810000
275,Exit long,2024-12-25 02:00,3471.840000,18,-283.140000,-0.4500,299.700000,406.080000,-4883.190000
275,Entry long,2024-12-24 22:00,3487.570000,18,-283.140000,-0.4500,299.700000,406.080000,-4883.190000
274,Exit short,2024-12-24 22:00,3487.570000,17,-746.980000,-1.2800,166.260000,821.950000,-4600.050000
274,Entry short,2024-12-24 20:15,3443.630000,17,-746.980000,-1.2800,166.260000,821.950000,-4600.050000
273,Exit long,2024-12-24 20:15,3443.630000,16,529.280000,0.9700,2061.600000,279.200000,-3853.070000
273,Entry long,2024-12-24 11:45,3410.550000,16,529.280000,0.9700,2061.600000,279.200000,-3853.070000
272,Exit short,2024-12-24 11:45,3409.830000,15,-297.450000,-0.5800,89.550000,330.000000,-4382.350000
272,Entry short,2024-12-24 09:15,3390.000000,15,-297.450000,-0.5800,89.550000,330.000000,-4382.350000
271,Exit long,2024-12-24 09:15,3390.000000,14,-307.720000,-0.6400,22.400000,332.920000,-4084.900000
271,Entry long,2024-12-24 09:00,3411.980000,14,-307.720000,-0.6400,22.400000,332.920000,-4084.900000
270,Exit short,2024-12-24 09:00,3411.980000,13,-156.910000,-0.3600,105.170000,201.500000,-3777.180000
270,Entry short,2024-12-24 08:00,3399.910000,13,-156.910000,-0.3600,105.170000,201.500000,-3777.180000
269,Exit long,2024-12-24 08:00,3399.910000,12,-139.440000,-0.3400,269.520000,336.480000,-3620.270000
269,Entry long,2024-12-24 04:45,3411.530000,12,-139.440000,-0.3400,269.520000,336.480000,-3620.270000
268,Exit short,2024-12-24 04:45,3409.210000,11,-310.310000,-0.8300,274.890000,383.350000,-3480.830000
268,Entry short,2024-12-24 02:00,3381.000000,11,-310.310000,-0.8300,274.890000,383.350000,-3480.830000
267,Exit long,2024-12-24 02:00,3382.270000,10,88.900000,0.2600,923.700000,773.300000,-3170.520000
267,Entry long,2024-12-23 17:00,3373.380000,10,88.900000,0.2600,923.700000,773.300000,-3170.520000
266,Exit short,2024-12-23 17:00,3373.380000,9,-642.510000,-2.1600,314.550000,736.650000,-3259.420000
266,Entry short,2024-12-23 14:45,3301.990000,9,-642.510000,-2.1600,314.550000,736.650000,-3259.420000
265,Exit long,2024-12-23 14:45,3301.990000,8,-106.080000,-0.4000,357.840000,111.040000,-2616.910000
265,Entry long,2024-12-23 09:00,3315.250000,8,-106.080000,-0.4000,357.840000,111.040000,-2616.910000
264,Exit short,2024-12-23 09:00,3315.250000,7,-266.350000,-1.1600,47.740000,282.730000,-2510.830000
264,Entry short,2024-12-23 06:45,3277.200000,7,-266.350000,-1.1600,47.740000,282.730000,-2510.830000
263,Exit long,2024-12-23 06:45,3277.200000,6,-221.760000,-1.1200,291.120000,336.960000,-2244.480000
263,Entry long,2024-12-23 03:15,3314.160000,6,-221.760000,-1.1200,291.120000,336.960000,-2244.480000
262,Exit short,2024-12-23 03:15,3314.160000,5,33.400000,0.2000,530.150000,84.300000,-2022.720000
262,Entry short,2024-12-22 14:30,3320.840000,5,33.400000,0.2000,530.150000,84.300000,-2022.720000
261,Exit long,2024-12-22 14:30,3320.840000,4,-110.440000,-0.8200,214.520000,133.520000,-2056.120000
261,Entry long,2024-12-22 08:15,3348.450000,4,-110.440000,-0.8200,214.520000,133.520000,-2056.120000
260,Exit short,2024-12-22 08:15,3348.450000,3,-57.180000,-0.5700,15.360000,89.430000,-1945.680000
260,Entry short,2024-12-22 07:45,3329.390000,3,-57.180000,-0.5700,15.360000,89.430000,-1945.680000
259,Exit long,2024-12-22 07:45,3329.390000,2,-33.260000,-0.5000,0.360000,49.040000,-1888.500000
259,Entry long,2024-12-22 07:15,3346.020000,2,-33.260000,-0.5000,0.360000,49.040000,-1888.500000
258,Exit short,2024-12-22 07:15,3346.020000,1,-22.310000,-0.6700,30.190000,25.160000,-1855.240000
258,Entry short,2024-12-22 04:45,3323.710000,1,-22.310000,-0.6700,30.190000,25.160000,-1855.240000
257,Exit short,2024-12-22 04:15,3351.870000,5,-115.050000,-0.6900,56.850000,157.450000,-1832.930000
257,Entry short,2024-12-22 03:00,3328.860000,5,-115.050000,-0.6900,56.850000,157.450000,-1832.930000
256,Exit long,2024-12-22 03:00,3335.530000,4,-125.880000,-0.9300,25.880000,158.280000,-1717.880000
256,Entry long,2024-12-22 01:00,3367.000000,4,-125.880000,-0.9300,25.880000,158.280000,-1717.880000
255,Exit short,2024-12-22 01:00,3360.930000,3,316.380000,3.0400,526.080000,90.150000,-1592.000000
255,Entry short,2024-12-21 09:15,3466.390000,3,316.380000,3.0400,526.080000,90.150000,-1592.000000
254,Exit long,2024-12-21 09:15,3466.390000,2,326.400000,4.9400,501.140000,64.280000,-1908.380000
254,Entry long,2024-12-20 14:00,3303.190000,2,326.400000,4.9400,501.140000,64.280000,-1908.380000
253,Exit short,2024-12-20 14:00,3296.120000,1,116.580000,3.4200,312.700000,17.890000,-2234.780000
253,Entry short,2024-12-20 03:45,3412.700000,1,116.580000,3.4200,312.700000,17.890000,-2234.780000
252,Exit short,2024-12-20 03:30,3433.360000,2,464.200000,6.3300,686.520000,3.480000,-2351.360000
252,Entry short,2024-12-19 14:45,3665.460000,2,464.200000,6.3300,686.520000,3.480000,-2351.360000
251,Exit long,2024-12-19 14:45,3665.460000,1,-24.330000,-0.6600,10.210000,31.100000,-2815.560000
251,Entry long,2024-12-19 14:15,3689.790000,1,-24.330000,-0.6600,10.210000,31.100000,-2815.560000
250,Exit long,2024-12-19 14:00,3677.190000,2,25.040000,0.3400,107.600000,12.400000,-2791.230000
250,Entry long,2024-12-19 05:15,3664.670000,2,25.040000,0.3400,107.600000,12.400000,-2791.230000
249,Exit short,2024-12-19 05:15,3664.670000,1,167.600000,4.3700,292.270000,5.810000,-2816.270000
249,Entry short,2024-12-18 19:45,3832.270000,1,167.600000,4.3700,292.270000,5.810000,-2816.270000
248,Exit long,2024-12-18 19:30,3842.560000,4,-115.240000,-0.7400,146.520000,156.400000,-2983.870000
248,Entry long,2024-12-18 16:45,3871.370000,4,-115.240000,-0.7400,146.520000,156.400000,-2983.870000
247,Exit short,2024-12-18 16:45,3871.370000,3,-50.760000,-0.4400,94.320000,67.230000,-2868.630000
247,Entry short,2024-12-18 14:00,3854.450000,3,-50.760000,-0.4400,94.320000,67.230000,-2868.630000
246,Exit long,2024-12-18 14:00,3854.450000,2,-16.400000,-0.2100,54.340000,25.080000,-2817.870000
246,Entry long,2024-12-18 09:15,3862.650000,2,-16.400000,-0.2100,54.340000,25.080000,-2817.870000
245,Exit short,2024-12-18 09:15,3862.650000,1,106.280000,2.6800,166.580000,14.480000,-2801.470000
245,Entry short,2024-12-17 15:15,3968.930000,1,106.280000,2.6800,166.580000,14.480000,-2801.470000
244,Exit short,2024-12-17 15:00,4018.650000,4,-90.560000,-0.5700,96.360000,114.760000,-2907.750000
244,Entry short,2024-12-17 12:00,3996.010000,4,-90.560000,-0.5700,96.360000,114.760000,-2907.750000
243,Exit long,2024-12-17 12:00,3996.010000,3,-57.660000,-0.4800,47.100000,81.630000,-2817.190000
243,Entry long,2024-12-17 08:45,4015.230000,3,-57.660000,-0.4800,47.100000,81.630000,-2817.190000
242,Exit short,2024-12-17 08:45,4015.010000,2,-43.920000,-0.5500,3.540000,49.400000,-2759.530000
242,Entry short,2024-12-17 08:00,3993.050000,2,-43.920000,-0.5500,3.540000,49.400000,-2759.530000
241,Exit long,2024-12-17 08:00,3993.050000,1,-22.280000,-0.5500,7.410000,34.020000,-2715.610000
241,Entry long,2024-12-17 07:15,4015.330000,1,-22.280000,-0.5500,7.410000,34.020000,-2715.610000
240,Exit long,2024-12-17 07:00,4009.080000,3,-41.700000,-0.3500,51.030000,87.780000,-2693.330000
240,Entry long,2024-12-17 03:15,4022.980000,3,-41.700000,-0.3500,51.030000,87.780000,-2693.330000
239,Exit short,2024-12-17 03:15,4018.550000,2,-49.440000,-0.6200,103.660000,58.300000,-2651.630000
239,Entry short,2024-12-16 23:30,3993.830000,2,-49.440000,-0.6200,103.660000,58.300000,-2651.630000
238,Exit long,2024-12-16 23:30,3993.830000,1,49.570000,1.2600,165.730000,6.210000,-2602.190000
238,Entry long,2024-12-16 16:00,3944.260000,1,49.570000,1.2600,165.730000,6.210000,-2602.190000
237,Exit short,2024-12-16 15:45,3940.800000,8,85.760000,0.2700,554.400000,63.040000,-2651.760000
237,Entry short,2024-12-16 09:00,3951.520000,8,85.760000,0.2700,554.400000,63.040000,-2651.760000
236,Exit long,2024-12-16 09:00,3951.520000,7,94.010000,0.3400,607.390000,77.700000,-2737.520000
236,Entry long,2024-12-15 23:30,3938.090000,7,94.010000,0.3400,607.390000,77.700000,-2737.520000
235,Exit short,2024-12-15 23:30,3938.090000,6,-393.960000,-1.7000,181.380000,458.700000,-2831.530000
235,Entry short,2024-12-15 21:15,3872.430000,6,-393.960000,-1.7000,181.380000,458.700000,-2831.530000
234,Exit long,2024-12-15 21:15,3872.430000,5,-15.000000,-0.0800,216.000000,41.550000,-2437.570000
234,Entry long,2024-12-15 11:45,3875.430000,5,-15.000000,-0.0800,216.000000,41.550000,-2437.570000
233,Exit short,2024-12-15 11:45,3875.430000,4,-29.720000,-0.1900,156.000000,35.880000,-2422.570000
233,Entry short,2024-12-15 07:15,3868.000000,4,-29.720000,-0.1900,156.000000,35.880000,-2422.570000
232,Exit long,2024-12-15 07:15,3868.000000,3,-4.560000,-0.0400,130.050000,44.160000,-2392.850000
232,Entry long,2024-12-14 23:15,3869.520000,3,-4.560000,-0.0400,130.050000,44.160000,-2392.850000
231,Exit short,2024-12-14 23:15,3869.520000,2,81.500000,1.0400,175.800000,2.540000,-2388.290000
231,Entry short,2024-12-14 10:00,3910.270000,2,81.500000,1.0400,175.800000,2.540000,-2388.290000
230,Exit long,2024-12-14 10:00,3910.960000,1,-3.430000,-0.0900,20.550000,4.190000,-2469.790000
230,Entry long,2024-12-14 05:45,3914.390000,1,-3.430000,-0.0900,20.550000,4.190000,-2469.790000
229,Exit long,2024-12-14 04:15,3907.330000,2,-24.740000,-0.3200,50.580000,37.320000,-2466.360000
229,Entry long,2024-12-14 01:15,3919.700000,2,-24.740000,-0.3200,50.580000,37.320000,-2466.360000
228,Exit short,2024-12-14 01:15,3919.700000,1,-15.190000,-0.3900,0.190000,21.490000,-2441.620000
228,Entry short,2024-12-14 01:00,3904.510000,1,-15.190000,-0.3900,0.190000,21.490000,-2441.620000
227,Exit short,2024-12-14 00:45,3912.010000,3,12.900000,0.1100,80.550000,30.270000,-2426.430000
227,Entry short,2024-12-13 21:00,3916.310000,3,12.900000,0.1100,80.550000,30.270000,-2426.430000
226,Exit long,2024-12-13 21:00,3916.310000,2,-23.800000,-0.3000,13.520000,36.420000,-2439.330000
226,Entry long,2024-12-13 20:30,3928.210000,2,-23.800000,-0.3000,13.520000,36.420000,-2439.330000
225,Exit short,2024-12-13 20:30,3928.210000,1,-14.080000,-0.3600,0.630000,16.810000,-2415.530000
225,Entry short,2024-12-13 20:15,3914.130000,1,-14.080000,-0.3600,0.630000,16.810000,-2415.530000
224,Exit long,2024-12-13 19:30,3917.630000,2,-21.680000,-0.2800,35.900000,36.920000,-2401.450000
224,Entry long,2024-12-13 17:45,3928.470000,2,-21.680000,-0.2800,35.900000,36.920000,-2401.450000
223,Exit short,2024-12-13 17:45,3928.470000,1,-21.040000,-0.5400,0.780000,25.000000,-2379.770000
223,Entry short,2024-12-13 17:30,3907.430000,1,-21.040000,-0.5400,0.780000,25.000000,-2379.770000
222,Exit long,2024-12-13 16:30,3892.960000,5,-116.350000,-0.5900,258.650000,194.450000,-2358.730000
222,Entry long,2024-12-13 11:30,3916.230000,5,-116.350000,-0.5900,258.650000,194.450000,-2358.730000
221,Exit short,2024-12-13 11:30,3916.230000,4,-137.640000,-0.8900,43.880000,166.320000,-2242.380000
221,Entry short,2024-12-13 07:15,3881.820000,4,-137.640000,-0.8900,43.880000,166.320000,-2242.380000
220,Exit long,2024-12-13 07:15,3881.820000,3,-105.090000,-0.8900,69.450000,140.550000,-2104.740000
220,Entry long,2024-12-13 02:45,3916.850000,3,-105.090000,-0.8900,69.450000,140.550000,-2104.740000
219,Exit short,2024-12-13 02:45,3916.850000,2,21.820000,0.2800,185.520000,9.820000,-1999.650000
219,Entry short,2024-12-12 18:45,3927.760000,2,21.820000,0.2800,185.520000,9.820000,-1999.650000
218,Exit long,2024-12-12 18:45,3927.760000,1,-32.740000,-0.8300,5.100000,49.940000,-2021.470000
218,Entry long,2024-12-12 18:00,3960.500000,1,-32.740000,-0.8300,5.100000,49.940000,-2021.470000
217,Exit long,2024-12-12 17:45,3942.490000,8,505.120000,1.6300,860.720000,250.240000,-1988.730000
217,Entry long,2024-12-12 03:00,3879.350000,8,505.120000,1.6300,860.720000,250.240000,-1988.730000
216,Exit short,2024-12-12 03:00,3879.350000,7,-535.710000,-2.0100,11.900000,568.260000,-2493.850000
216,Entry short,2024-12-12 02:00,3802.820000,7,-535.710000,-2.0100,11.900000,568.260000,-2493.850000
215,Exit long,2024-12-12 02:00,3803.400000,6,911.640000,4.1600,1172.940000,29.100000,-1958.140000
215,Entry long,2024-12-11 03:00,3651.460000,6,911.640000,4.1600,1172.940000,29.100000,-1958.140000
214,Exit short,2024-12-11 03:00,3651.460000,5,-175.500000,-0.9700,268.550000,215.200000,-2869.780000
214,Entry short,2024-12-11 00:30,3616.360000,5,-175.500000,-0.9700,268.550000,215.200000,-2869.780000
213,Exit long,2024-12-11 00:30,3616.360000,4,-144.280000,-0.9900,83.320000,161.000000,-2694.280000
213,Entry long,2024-12-10 20:30,3652.430000,4,-144.280000,-0.9900,83.320000,161.000000,-2694.280000
212,Exit short,2024-12-10 20:30,3652.430000,3,124.440000,1.1200,543.600000,115.680000,-2550.000000
212,Entry short,2024-12-10 12:45,3693.910000,3,124.440000,1.1200,543.600000,115.680000,-2550.000000
211,Exit long,2024-12-10 12:45,3693.910000,2,-77.200000,-1.0300,82.980000,92.240000,-2674.440000
211,Entry long,2024-12-10 06:45,3732.510000,2,-77.200000,-1.0300,82.980000,92.240000,-2674.440000
210,Exit short,2024-12-10 06:45,3729.350000,1,10.160000,0.2700,123.510000,6.780000,-2597.240000
210,Entry short,2024-12-10 02:15,3739.510000,1,10.160000,0.2700,123.510000,6.780000,-2597.240000
209,Exit short,2024-12-10 02:00,3758.400000,2,136.300000,1.7800,703.100000,85.620000,-2607.400000
209,Entry short,2024-12-09 15:45,3826.550000,2,136.300000,1.7800,703.100000,85.620000,-2607.400000
208,Exit long,2024-12-09 15:45,3826.550000,1,-77.940000,-2.0000,43.250000,99.470000,-2743.700000
208,Entry long,2024-12-09 14:30,3904.490000,1,-77.940000,-2.0000,43.250000,99.470000,-2743.700000
207,Exit short,2024-12-09 14:15,3894.240000,3,219.450000,1.8400,385.980000,47.460000,-2665.760000
207,Entry short,2024-12-09 00:45,3967.390000,3,219.450000,1.8400,385.980000,47.460000,-2665.760000
206,Exit long,2024-12-09 00:45,3967.390000,2,-42.240000,-0.5300,62.120000,65.920000,-2885.210000
206,Entry long,2024-12-08 21:30,3988.510000,2,-42.240000,-0.5300,62.120000,65.920000,-2885.210000
205,Exit short,2024-12-08 21:30,3988.510000,1,-9.940000,-0.2500,0.520000,10.050000,-2842.970000
205,Entry short,2024-12-08 21:15,3978.570000,1,-9.940000,-0.2500,0.520000,10.050000,-2842.970000
204,Exit short,2024-12-08 20:15,3987.330000,2,-29.900000,-0.3800,11.400000,46.560000,-2833.030000
204,Entry short,2024-12-08 18:30,3972.380000,2,-29.900000,-0.3800,11.400000,46.560000,-2833.030000
203,Exit long,2024-12-08 18:30,3972.380000,1,-4.610000,-0.1200,29.990000,18.940000,-2803.130000
203,Entry long,2024-12-08 12:30,3976.990000,1,-4.610000,-0.1200,29.990000,18.940000,-2803.130000
202,Exit short,2024-12-08 12:00,3974.390000,2,46.880000,0.5900,143.660000,35.640000,-2798.520000
202,Entry short,2024-12-07 22:30,3997.830000,2,46.880000,0.5900,143.660000,35.640000,-2798.520000
201,Exit long,2024-12-07 22:30,3997.830000,1,-7.170000,-0.1800,23.690000,10.740000,-2845.400000
201,Entry long,2024-12-07 18:15,4005.000000,1,-7.170000,-0.1800,23.690000,10.740000,-2845.400000
200,Exit long,2024-12-07 17:45,3992.910000,1,-11.830000,-0.3000,7.510000,15.580000,-2838.230000
200,Entry long,2024-12-07 14:45,4004.740000,1,-11.830000,-0.3000,7.510000,15.580000,-2838.230000
199,Exit long,2024-12-07 14:30,3989.130000,5,-92.400000,-0.4600,24.450000,143.000000,-2826.400000
199,Entry long,2024-12-07 11:30,4007.610000,5,-92.400000,-0.4600,24.450000,143.000000,-2826.400000
198,Exit short,2024-12-07 11:30,4007.610000,4,29.760000,0.1900,180.200000,51.080000,-2734.000000
198,Entry short,2024-12-06 23:15,4015.050000,4,29.760000,0.1900,180.200000,51.080000,-2734.000000
197,Exit long,2024-12-06 23:15,4015.050000,3,354.150000,3.0300,587.490000,56.850000,-2763.760000
197,Entry long,2024-12-06 14:15,3897.000000,3,354.150000,3.0300,587.490000,56.850000,-2763.760000
196,Exit short,2024-12-06 14:15,3887.780000,2,-47.400000,-0.6100,57.440000,81.840000,-3117.910000
196,Entry short,2024-12-06 09:30,3864.080000,2,-47.400000,-0.6100,57.440000,81.840000,-3117.910000
195,Exit long,2024-12-06 09:30,3864.080000,1,-6.500000,-0.1700,62.380000,19.400000,-3070.510000
195,Entry long,2024-12-06 01:30,3870.580000,1,-6.500000,-0.1700,62.380000,19.400000,-3070.510000
194,Exit short,2024-12-06 01:15,3848.770000,2,104.720000,1.3400,572.260000,3.860000,-3064.010000
194,Entry short,2024-12-05 18:30,3901.130000,2,104.720000,1.3400,572.260000,3.860000,-3064.010000
193,Exit long,2024-12-05 18:30,3901.130000,1,-23.220000,-0.5900,3.320000,37.480000,-3168.730000
193,Entry long,2024-12-05 18:15,3924.350000,1,-23.220000,-0.5900,3.320000,37.480000,-3168.730000
192,Exit short,2024-12-05 18:00,3921.670000,14,-546.980000,-1.0100,137.620000,663.600000,-3145.510000
192,Entry short,2024-12-05 15:30,3882.600000,14,-546.980000,-1.0100,137.620000,663.600000,-3145.510000
191,Exit long,2024-12-05 15:30,3882.600000,13,64.870000,0.1300,1071.070000,738.010000,-2598.530000
191,Entry long,2024-12-05 02:45,3877.610000,13,64.870000,0.1300,1071.070000,738.010000,-2598.530000
190,Exit short,2024-12-05 02:45,3877.610000,12,-740.040000,-1.6200,554.280000,833.040000,-2663.400000
190,Entry short,2024-12-05 00:30,3815.940000,12,-740.040000,-1.6200,554.280000,833.040000,-2663.400000
189,Exit long,2024-12-05 00:30,3819.080000,11,769.340000,1.8700,1560.460000,144.430000,-1923.360000
189,Entry long,2024-12-04 14:45,3749.140000,11,769.340000,1.8700,1560.460000,144.430000,-1923.360000
188,Exit short,2024-12-04 14:45,3749.140000,10,-489.700000,-1.3200,80.200000,547.300000,-2692.700000
188,Entry short,2024-12-04 13:45,3700.170000,10,-489.700000,-1.3200,80.200000,547.300000,-2692.700000
187,Exit long,2024-12-04 13:45,3707.990000,9,1115.640000,3.4600,1530.180000,10.620000,-2203.000000
187,Entry long,2024-12-03 20:15,3584.030000,9,1115.640000,3.4600,1530.180000,10.620000,-2203.000000
186,Exit short,2024-12-03 20:15,3584.030000,8,318.080000,1.1000,974.240000,117.280000,-3318.640000
186,Entry short,2024-12-03 07:30,3623.790000,8,318.080000,1.1000,974.240000,117.280000,-3318.640000
185,Exit long,2024-12-03 07:30,3626.460000,7,-52.850000,-0.2100,279.230000,161.070000,-3636.720000
185,Entry long,2024-12-02 23:30,3634.010000,7,-52.850000,-0.2100,279.230000,161.070000,-3636.720000
184,Exit short,2024-12-02 23:30,3631.600000,6,-165.600000,-0.7700,278.340000,191.100000,-3583.870000
184,Entry short,2024-12-02 17:45,3604.000000,6,-165.600000,-0.7700,278.340000,191.100000,-3583.870000
183,Exit long,2024-12-02 17:45,3608.250000,5,-182.750000,-1.0000,199.050000,249.000000,-3418.270000
183,Entry long,2024-12-02 14:30,3644.800000,5,-182.750000,-1.0000,199.050000,249.000000,-3418.270000
182,Exit short,2024-12-02 14:30,3631.090000,4,226.960000,1.5400,461.920000,96.000000,-3235.520000
182,Entry short,2024-12-02 04:00,3687.830000,4,226.960000,1.5400,461.920000,96.000000,-3235.520000
181,Exit long,2024-12-02 04:00,3687.830000,3,-155.130000,-1.3800,79.380000,193.590000,-3462.480000
181,Entry long,2024-12-02 01:30,3739.540000,3,-155.130000,-1.3800,79.380000,193.590000,-3462.480000
180,Exit short,2024-12-02 01:30,3739.540000,2,-68.900000,-0.9300,8.580000,72.820000,-3307.350000
180,Entry short,2024-12-02 01:00,3705.090000,2,-68.900000,-0.9300,8.580000,72.820000,-3307.350000
179,Exit long,2024-12-02 01:00,3705.090000,1,-13.440000,-0.3600,4.960000,22.920000,-3238.450000
179,Entry long,2024-12-02 00:30,3718.530000,1,-13.440000,-0.3600,4.960000,22.920000,-3238.450000
178,Exit short,2024-12-01 22:30,3722.960000,8,-119.200000,-0.4000,215.600000,255.440000,-3225.010000
178,Entry short,2024-12-01 19:30,3708.060000,8,-119.200000,-0.4000,215.600000,255.440000,-3225.010000
177,Exit long,2024-12-01 19:30,3708.060000,7,-34.860000,-0.1300,263.410000,116.270000,-3105.810000
177,Entry long,2024-12-01 13:45,3713.040000,7,-34.860000,-0.1300,263.410000,116.270000,-3105.810000
176,Exit short,2024-12-01 13:45,3713.040000,6,-119.820000,-0.5400,94.140000,130.620000,-3070.950000
176,Entry short,2024-12-01 10:30,3693.070000,6,-119.820000,-0.5400,94.140000,130.620000,-3070.950000
175,Exit long,2024-12-01 10:30,3693.490000,5,-46.050000,-0.2500,86.500000,68.850000,-2951.130000
175,Entry long,2024-12-01 06:30,3702.700000,5,-46.050000,-0.2500,86.500000,68.850000,-2951.130000
174,Exit short,2024-12-01 06:30,3702.700000,4,-54.000000,-0.3700,27.080000,72.360000,-2905.080000
174,Entry short,2024-12-01 05:15,3689.200000,4,-54.000000,-0.3700,27.080000,72.360000,-2905.080000
173,Exit long,2024-12-01 05:15,3689.200000,3,-45.420000,-0.4100,0.000000,47.670000,-2851.080000
173,Entry long,2024-12-01 05:00,3704.340000,3,-45.420000,-0.4100,0.000000,47.670000,-2851.080000
172,Exit short,2024-12-01 05:00,3704.340000,2,-41.640000,-0.5700,44.340000,101.200000,-2805.660000
172,Entry short,2024-12-01 01:15,3683.520000,2,-41.640000,-0.5700,44.340000,101.200000,-2805.660000
171,Exit long,2024-12-01 01:15,3683.520000,1,-15.470000,-0.4200,43.190000,22.060000,-2764.020000
171,Entry long,2024-11-30 19:45,3698.990000,1,-15.470000,-0.4200,43.190000,22.060000,-2764.020000
170,Exit long,2024-11-30 18:45,3668.280000,13,-190.060000,-0.4000,101.790000,219.700000,-2748.550000
170,Entry long,2024-11-30 17:30,3682.900000,13,-190.060000,-0.4000,101.790000,219.700000,-2748.550000
169,Exit short,2024-11-30 17:30,3682.900000,12,-240.360000,-0.5500,34.440000,291.240000,-2558.490000
169,Entry short,2024-11-30 16:30,3662.870000,12,-240.360000,-0.5500,34.440000,291.240000,-2558.490000
168,Exit long,2024-11-30 16:30,3662.870000,11,-177.540000,-0.4400,101.420000,181.940000,-2318.130000
168,Entry long,2024-11-30 15:45,3679.010000,11,-177.540000,-0.4400,101.420000,181.940000,-2318.130000
167,Exit short,2024-11-30 15:45,3679.010000,10,-204.300000,-0.5600,45.800000,253.000000,-2140.590000
167,Entry short,2024-11-30 15:00,3658.580000,10,-204.300000,-0.5600,45.800000,253.000000,-2140.590000
166,Exit long,2024-11-30 15:00,3658.580000,9,-234.270000,-0.7100,12.510000,275.310000,-1936.290000
166,Entry long,2024-11-30 14:15,3684.610000,9,-234.270000,-0.7100,12.510000,275.310000,-1936.290000
165,Exit short,2024-11-30 14:15,3682.990000,8,-106.080000,-0.3600,3.120000,118.480000,-1702.020000
165,Entry short,2024-11-30 14:00,3669.730000,8,-106.080000,-0.3600,3.120000,118.480000,-1702.020000
164,Exit long,2024-11-30 14:00,3669.730000,7,-89.320000,-0.3500,14.840000,101.010000,-1595.940000
164,Entry long,2024-11-30 13:45,3682.490000,7,-89.320000,-0.3500,14.840000,101.010000,-1595.940000
163,Exit short,2024-11-30 13:45,3678.780000,6,-206.640000,-0.9500,86.280000,237.960000,-1506.620000
163,Entry short,2024-11-30 11:00,3644.340000,6,-206.640000,-0.9500,86.280000,237.960000,-1506.620000
162,Exit long,2024-11-30 11:00,3644.340000,5,124.800000,0.6900,553.100000,118.500000,-1299.980000
162,Entry long,2024-11-30 01:45,3619.380000,5,124.800000,0.6900,553.100000,118.500000,-1299.980000
161,Exit short,2024-11-30 01:45,3619.380000,4,-154.960000,-1.0800,4.480000,157.400000,-1424.780000
161,Entry short,2024-11-30 01:15,3580.640000,4,-154.960000,-1.0800,4.480000,157.400000,-1424.780000
160,Exit long,2024-11-30 01:15,3586.870000,3,-30.360000,-0.2800,47.310000,80.370000,-1269.820000
160,Entry long,2024-11-29 22:30,3596.990000,3,-30.360000,-0.2800,47.310000,80.370000,-1269.820000
159,Exit short,2024-11-29 22:30,3596.990000,2,-26.360000,-0.3700,45.080000,44.720000,-1239.460000
159,Entry short,2024-11-29 17:15,3583.810000,2,-26.360000,-0.3700,45.080000,44.720000,-1239.460000
158,Exit long,2024-11-29 17:15,3583.810000,1,1.820000,0.0500,67.290000,7.340000,-1213.100000
158,Entry long,2024-11-29 10:45,3581.990000,1,1.820000,0.0500,67.290000,7.340000,-1213.100000
157,Exit short,2024-11-29 10:15,3572.800000,2,-16.260000,-0.2300,58.300000,34.100000,-1214.920000
157,Entry short,2024-11-29 06:15,3564.670000,2,-16.260000,-0.2300,58.300000,34.100000,-1214.920000
156,Exit long,2024-11-29 06:15,3564.670000,1,-16.420000,-0.4600,17.390000,19.350000,-1198.660000
156,Entry long,2024-11-29 05:00,3581.090000,1,-16.420000,-0.4600,17.390000,19.350000,-1198.660000
155,Exit long,2024-11-29 04:45,3574.810000,1,-18.290000,-0.5100,11.900000,27.930000,-1182.240000
155,Entry long,2024-11-29 02:45,3593.100000,1,-18.290000,-0.5100,11.900000,27.930000,-1182.240000
154,Exit short,2024-11-29 02:30,3586.470000,4,-104.400000,-0.7300,34.960000,148.640000,-1163.950000
154,Entry short,2024-11-29 01:00,3560.370000,4,-104.400000,-0.7300,34.960000,148.640000,-1163.950000
153,Exit long,2024-11-29 01:00,3560.370000,3,-79.410000,-0.7400,46.230000,98.520000,-1059.550000
153,Entry long,2024-11-28 22:15,3586.840000,3,-79.410000,-0.7400,46.230000,98.520000,-1059.550000
152,Exit short,2024-11-28 22:15,3586.840000,2,-54.420000,-0.7600,15.360000,54.740000,-980.140000
152,Entry short,2024-11-28 20:30,3559.630000,2,-54.420000,-0.7600,15.360000,54.740000,-980.140000
151,Exit long,2024-11-28 20:30,3559.630000,1,-18.280000,-0.5100,1.030000,19.610000,-925.720000
151,Entry long,2024-11-28 19:45,3577.910000,1,-18.280000,-0.5100,1.030000,19.610000,-925.720000
150,Exit short,2024-11-28 19:15,3576.460000,2,40.660000,0.5700,131.580000,25.880000,-907.440000
150,Entry short,2024-11-28 13:45,3596.790000,2,40.660000,0.5700,131.580000,25.880000,-907.440000
149,Exit long,2024-11-28 13:45,3601.450000,1,-16.090000,-0.4400,26.760000,31.470000,-948.100000
149,Entry long,2024-11-28 10:30,3617.540000,1,-16.090000,-0.4400,26.760000,31.470000,-948.100000
148,Exit short,2024-11-28 09:00,3631.030000,2,-32.120000,-0.4400,103.280000,52.460000,-932.010000
148,Entry short,2024-11-28 03:15,3614.970000,2,-32.120000,-0.4400,103.280000,52.460000,-932.010000
147,Exit long,2024-11-28 03:15,3614.970000,1,288.010000,8.6600,361.040000,21.960000,-899.890000
147,Entry long,2024-11-26 22:00,3326.960000,1,288.010000,8.6600,361.040000,21.960000,-899.890000
146,Exit short,2024-11-26 21:15,3317.480000,3,338.280000,3.2900,528.150000,131.040000,-1187.900000
146,Entry short,2024-11-25 21:45,3430.240000,3,338.280000,3.2900,528.150000,131.040000,-1187.900000
145,Exit long,2024-11-25 21:45,3430.240000,2,-101.020000,-1.4500,54.460000,101.300000,-1526.180000
145,Entry long,2024-11-25 19:45,3480.750000,2,-101.020000,-1.4500,54.460000,101.300000,-1526.180000
144,Exit short,2024-11-25 19:45,3480.750000,1,-51.830000,-1.5100,0.760000,55.080000,-1425.160000
144,Entry short,2024-11-25 17:45,3428.920000,1,-51.830000,-1.5100,0.760000,55.080000,-1425.160000
143,Exit long,2024-11-25 17:30,3438.810000,8,-658.960000,-2.3400,229.840000,780.960000,-1373.330000
143,Entry long,2024-11-25 16:00,3521.180000,8,-658.960000,-2.3400,229.840000,780.960000,-1373.330000
142,Exit short,2024-11-25 16:00,3521.180000,7,-891.590000,-3.7500,43.470000,1037.260000,-714.370000
142,Entry short,2024-11-25 15:15,3393.810000,7,-891.590000,-3.7500,43.470000,1037.260000,-714.370000
141,Exit long,2024-11-25 15:15,3393.810000,6,250.020000,1.2400,1078.740000,26.040000,177.220000
141,Entry long,2024-11-25 03:30,3352.140000,6,250.020000,1.2400,1078.740000,26.040000,177.220000
140,Exit short,2024-11-25 03:30,3352.140000,5,-167.400000,-1.0100,38.700000,211.200000,-72.800000
140,Entry short,2024-11-25 01:30,3318.660000,5,-167.400000,-1.0100,38.700000,211.200000,-72.800000
139,Exit long,2024-11-25 01:30,3318.660000,4,-69.680000,-0.5200,151.680000,136.480000,94.600000
139,Entry long,2024-11-24 20:15,3336.080000,4,-69.680000,-0.5200,151.680000,136.480000,94.600000
138,Exit short,2024-11-24 20:15,3336.080000,3,210.240000,2.0600,371.040000,17.820000,164.280000
138,Entry short,2024-11-24 08:45,3406.160000,3,210.240000,2.0600,371.040000,17.820000,164.280000
137,Exit long,2024-11-24 08:45,3406.160000,2,-43.240000,-0.6300,7.680000,43.560000,-45.960000
137,Entry long,2024-11-24 08:15,3427.780000,2,-43.240000,-0.6300,7.680000,43.560000,-45.960000
136,Exit short,2024-11-24 08:15,3427.780000,1,-14.850000,-0.4400,12.930000,19.470000,-2.720000
136,Entry short,2024-11-24 05:30,3412.930000,1,-14.850000,-0.4400,12.930000,19.470000,-2.720000
135,Exit long,2024-11-24 05:00,3416.370000,5,-61.450000,-0.3600,121.700000,130.750000,12.130000
135,Entry long,2024-11-24 01:00,3428.660000,5,-61.450000,-0.3600,121.700000,130.750000,12.130000
134,Exit short,2024-11-24 01:00,3420.230000,4,-7.000000,-0.0500,147.880000,48.520000,73.580000
134,Entry short,2024-11-23 19:30,3418.480000,4,-7.000000,-0.0500,147.880000,48.520000,73.580000
133,Exit long,2024-11-23 19:30,3421.950000,3,308.850000,3.1000,539.820000,47.040000,80.580000
133,Entry long,2024-11-22 22:00,3319.000000,3,308.850000,3.1000,539.820000,47.040000,80.580000
132,Exit short,2024-11-22 22:00,3319.000000,2,85.200000,1.2700,202.360000,22.740000,-228.270000
132,Entry short,2024-11-22 09:45,3361.600000,2,85.200000,1.2700,202.360000,22.740000,-228.270000
131,Exit long,2024-11-22 09:45,3364.760000,1,-5.570000,-0.1700,59.660000,17.430000,-313.470000
131,Entry long,2024-11-22 04:00,3370.330000,1,-5.570000,-0.1700,59.660000,17.430000,-313.470000
130,Exit short,2024-11-22 03:45,3357.900000,5,-192.450000,-1.1600,61.900000,327.350000,-307.900000
130,Entry short,2024-11-22 01:00,3319.410000,5,-192.450000,-1.1600,61.900000,327.350000,-307.900000
129,Exit long,2024-11-22 01:00,3319.410000,4,870.160000,7.0100,1152.480000,80.320000,-115.450000
129,Entry long,2024-11-21 04:00,3101.870000,4,870.160000,7.0100,1152.480000,80.320000,-115.450000
128,Exit short,2024-11-21 04:00,3083.250000,3,-131.580000,-1.4400,18.210000,191.970000,-985.610000
128,Entry short,2024-11-21 02:30,3039.390000,3,-131.580000,-1.4400,18.210000,191.970000,-985.610000
127,Exit long,2024-11-21 02:30,3039.390000,2,-97.640000,-1.5800,22.580000,100.840000,-854.030000
127,Entry long,2024-11-21 00:30,3088.210000,2,-97.640000,-1.5800,22.580000,100.840000,-854.030000
126,Exit short,2024-11-21 00:30,3088.210000,1,-19.200000,-0.6300,2.780000,20.990000,-756.390000
126,Entry short,2024-11-21 00:00,3069.010000,1,-19.200000,-0.6300,2.780000,20.990000,-756.390000
125,Exit long,2024-11-20 23:30,3069.460000,13,-261.560000,-0.6500,71.370000,319.540000,-737.190000
125,Entry long,2024-11-20 22:15,3089.580000,13,-261.560000,-0.6500,71.370000,319.540000,-737.190000
124,Exit short,2024-11-20 22:15,3089.580000,12,-61.680000,-0.1700,647.280000,169.680000,-475.630000
124,Entry short,2024-11-20 16:30,3084.440000,12,-61.680000,-0.1700,647.280000,169.680000,-475.630000
123,Exit long,2024-11-20 16:30,3084.440000,11,-738.650000,-2.1300,89.210000,754.490000,-413.950000
123,Entry long,2024-11-20 14:15,3151.590000,11,-738.650000,-2.1300,89.210000,754.490000,-413.950000
122,Exit short,2024-11-20 14:15,3151.590000,10,-652.500000,-2.1100,31.000000,759.100000,324.700000
122,Entry short,2024-11-20 11:15,3086.340000,10,-652.500000,-2.1100,31.000000,759.100000,324.700000
121,Exit long,2024-11-20 11:15,3086.340000,9,-235.260000,-0.8400,225.900000,246.240000,977.200000
121,Entry long,2024-11-20 05:30,3112.480000,9,-235.260000,-0.8400,225.900000,246.240000,977.200000
120,Exit short,2024-11-20 05:30,3112.480000,8,-98.960000,-0.4000,212.400000,140.960000,1212.460000
120,Entry short,2024-11-20 01:45,3100.110000,8,-98.960000,-0.4000,212.400000,140.960000,1212.460000
119,Exit long,2024-11-20 01:45,3100.600000,7,-107.450000,-0.4900,1.540000,124.040000,1311.420000
119,Entry long,2024-11-20 01:15,3115.950000,7,-107.450000,-0.4900,1.540000,124.040000,1311.420000
118,Exit short,2024-11-20 01:15,3115.950000,6,-81.360000,-0.4400,215.940000,195.000000,1418.870000
118,Entry short,2024-11-19 21:00,3102.390000,6,-81.360000,-0.4400,215.940000,195.000000,1418.870000
117,Exit long,2024-11-19 21:00,3102.390000,5,-105.550000,-0.6800,122.500000,184.900000,1500.230000
117,Entry long,2024-11-19 17:45,3123.500000,5,-105.550000,-0.6800,122.500000,184.900000,1500.230000
116,Exit short,2024-11-19 17:45,3123.500000,4,-75.040000,-0.6000,111.160000,110.360000,1605.780000
116,Entry short,2024-11-19 13:45,3104.740000,4,-75.040000,-0.6000,111.160000,110.360000,1605.780000
115,Exit long,2024-11-19 13:45,3104.740000,3,-109.830000,-1.1700,33.540000,121.950000,1680.820000
115,Entry long,2024-11-19 12:15,3141.350000,3,-109.830000,-1.1700,33.540000,121.950000,1680.820000
114,Exit short,2024-11-19 12:15,3141.350000,2,9.200000,0.1500,105.880000,34.480000,1790.650000
114,Entry short,2024-11-19 02:00,3145.950000,2,9.200000,0.1500,105.880000,34.480000,1790.650000
113,Exit long,2024-11-19 02:00,3145.950000,1,-34.800000,-1.0900,47.250000,42.190000,1781.450000
113,Entry long,2024-11-18 20:30,3180.750000,1,-34.800000,-1.0900,47.250000,42.190000,1781.450000
112,Exit long,2024-11-18 20:00,3129.300000,4,-44.040000,-0.3500,258.760000,193.400000,1816.250000
112,Entry long,2024-11-18 15:45,3140.310000,4,-44.040000,-0.3500,258.760000,193.400000,1816.250000
111,Exit short,2024-11-18 15:45,3140.310000,3,-92.250000,-0.9900,174.180000,120.360000,1860.290000
111,Entry short,2024-11-18 09:45,3109.560000,3,-92.250000,-0.9900,174.180000,120.360000,1860.290000
110,Exit long,2024-11-18 09:45,3109.560000,2,-8.980000,-0.1400,78.200000,38.820000,1952.540000
110,Entry long,2024-11-18 00:45,3114.050000,2,-8.980000,-0.1400,78.200000,38.820000,1952.540000
109,Exit short,2024-11-18 00:45,3114.050000,1,-5.510000,-0.1800,65.160000,20.690000,1961.520000
109,Entry short,2024-11-17 11:45,3108.540000,1,-5.510000,-0.1800,65.160000,20.690000,1961.520000
108,Exit long,2024-11-17 11:30,3122.920000,2,24.820000,0.4000,108.580000,11.020000,1967.030000
108,Entry long,2024-11-17 06:15,3110.510000,2,24.820000,0.4000,108.580000,11.020000,1967.030000
107,Exit short,2024-11-17 06:15,3109.030000,1,-13.580000,-0.4400,0.000000,16.200000,1942.210000
107,Entry short,2024-11-17 05:45,3095.450000,1,-13.580000,-0.4400,0.000000,16.200000,1942.210000
106,Exit short,2024-11-17 05:15,3119.480000,1,33.940000,1.0800,118.420000,13.400000,1955.790000
106,Entry short,2024-11-16 21:45,3153.420000,1,33.940000,1.0800,118.420000,13.400000,1955.790000
105,Exit long,2024-11-16 20:45,3159.720000,8,-90.800000,-0.3600,125.920000,200.560000,1921.850000
105,Entry long,2024-11-16 17:45,3171.070000,8,-90.800000,-0.3600,125.920000,200.560000,1921.850000
104,Exit short,2024-11-16 17:45,3171.070000,7,-198.870000,-0.9000,150.850000,204.330000,2012.650000
104,Entry short,2024-11-16 15:45,3142.660000,7,-198.870000,-0.9000,150.850000,204.330000,2012.650000
103,Exit long,2024-11-16 15:45,3146.740000,6,123.060000,0.6600,578.760000,67.620000,2211.520000
103,Entry long,2024-11-16 09:45,3126.230000,6,123.060000,0.6600,578.760000,67.620000,2211.520000
102,Exit short,2024-11-16 09:45,3125.310000,5,-96.000000,-0.6200,15.550000,111.950000,2088.460000
102,Entry short,2024-11-16 07:45,3106.110000,5,-96.000000,-0.6200,15.550000,111.950000,2088.460000
101,Exit long,2024-11-16 07:45,3106.110000,4,144.920000,1.1800,389.280000,47.400000,2184.460000
101,Entry long,2024-11-15 20:30,3069.880000,4,144.920000,1.1800,389.280000,47.400000,2184.460000
100,Exit short,2024-11-15 20:30,3069.880000,3,-11.640000,-0.1300,148.500000,67.170000,2039.540000
100,Entry short,2024-11-15 14:45,3066.000000,3,-11.640000,-0.1300,148.500000,67.170000,2039.540000
99,Exit long,2024-11-15 14:45,3066.600000,2,-52.880000,-0.8500,81.280000,97.480000,2051.180000
99,Entry long,2024-11-15 09:15,3093.040000,2,-52.880000,-0.8500,81.280000,97.480000,2051.180000
98,Exit short,2024-11-15 09:15,3093.040000,1,109.240000,3.4100,186.170000,20.410000,2104.060000
98,Entry short,2024-11-14 09:30,3202.280000,1,109.240000,3.4100,186.170000,20.410000,2104.060000
97,Exit long,2024-11-14 09:15,3208.440000,3,-59.070000,-0.6100,14.520000,99.240000,1994.820000
97,Entry long,2024-11-14 08:15,3228.130000,3,-59.070000,-0.6100,14.520000,99.240000,1994.820000
96,Exit short,2024-11-14 08:15,3228.130000,2,-82.280000,-1.2900,10.360000,89.260000,2053.890000
96,Entry short,2024-11-14 07:15,3186.990000,2,-82.280000,-1.2900,10.360000,89.260000,2053.890000
95,Exit long,2024-11-14 07:15,3189.100000,1,-23.610000,-0.7300,29.600000,37.100000,2136.170000
95,Entry long,2024-11-14 02:45,3212.710000,1,-23.610000,-0.7300,29.600000,37.100000,2136.170000
94,Exit short,2024-11-14 02:15,3207.900000,5,-13.850000,-0.0900,425.650000,123.900000,2159.780000
94,Entry short,2024-11-13 19:30,3205.130000,5,-13.850000,-0.0900,425.650000,123.900000,2159.780000
93,Exit long,2024-11-13 19:30,3205.130000,4,90.200000,0.7100,609.680000,50.320000,2173.630000
93,Entry long,2024-11-13 13:30,3182.580000,4,90.200000,0.7100,609.680000,50.320000,2173.630000
92,Exit short,2024-11-13 13:30,3182.580000,3,-73.530000,-0.7800,2.640000,98.010000,2083.430000
92,Entry short,2024-11-13 13:15,3158.070000,3,-73.530000,-0.7800,2.640000,98.010000,2083.430000
91,Exit long,2024-11-13 13:15,3158.070000,2,-39.660000,-0.6200,5.480000,41.800000,2156.960000
91,Entry long,2024-11-13 12:45,3177.900000,2,-39.660000,-0.6200,5.480000,41.800000,2156.960000
90,Exit short,2024-11-13 12:45,3177.900000,1,82.910000,2.5400,140.810000,0.610000,2196.620000
90,Entry short,2024-11-13 02:15,3260.810000,1,82.910000,2.5400,140.810000,0.610000,2196.620000
89,Exit short,2024-11-13 02:00,3273.890000,2,-33.960000,-0.5200,67.820000,63.640000,2113.710000
89,Entry short,2024-11-12 23:30,3256.910000,2,-33.960000,-0.5200,67.820000,63.640000,2113.710000
88,Exit long,2024-11-12 23:30,3256.910000,1,-31.430000,-0.9600,5.640000,51.130000,2147.670000
88,Entry long,2024-11-12 22:45,3288.340000,1,-31.430000,-0.9600,5.640000,51.130000,2147.670000
87,Exit long,2024-11-12 22:30,3269.480000,9,-308.520000,-1.0400,31.230000,466.290000,2179.100000
87,Entry long,2024-11-12 19:15,3303.760000,9,-308.520000,-1.0400,31.230000,466.290000,2179.100000
86,Exit short,2024-11-12 19:15,3303.760000,8,-155.280000,-0.5900,585.600000,274.560000,2487.620000
86,Entry short,2024-11-12 10:45,3284.350000,8,-155.280000,-0.5900,585.600000,274.560000,2487.620000
85,Exit long,2024-11-12 10:45,3284.350000,7,-394.170000,-1.6900,758.380000,451.780000,2642.900000
85,Entry long,2024-11-12 04:00,3340.660000,7,-394.170000,-1.6900,758.380000,451.780000,2642.900000
84,Exit short,2024-11-12 04:00,3340.660000,6,-201.960000,-1.0200,131.940000,217.860000,3037.070000
84,Entry short,2024-11-12 02:45,3307.000000,6,-201.960000,-1.0200,131.940000,217.860000,3037.070000
83,Exit long,2024-11-12 02:45,3313.450000,5,557.550000,3.4800,950.600000,27.900000,3239.030000
83,Entry long,2024-11-11 15:15,3201.940000,5,557.550000,3.4800,950.600000,27.900000,3239.030000
82,Exit short,2024-11-11 15:15,3201.940000,4,-207.760000,-1.6500,31.800000,211.320000,2681.480000
82,Entry short,2024-11-11 13:30,3150.000000,4,-207.760000,-1.6500,31.800000,211.320000,2681.480000
81,Exit long,2024-11-11 13:30,3164.000000,3,-34.950000,-0.3700,117.120000,105.210000,2889.240000
81,Entry long,2024-11-11 10:00,3175.650000,3,-34.950000,-0.3700,117.120000,105.210000,2889.240000
80,Exit short,2024-11-11 10:00,3175.650000,2,-13.740000,-0.2200,123.260000,35.920000,2924.190000
80,Entry short,2024-11-11 04:30,3168.780000,2,-13.740000,-0.2200,123.260000,35.920000,2924.190000
79,Exit long,2024-11-11 04:30,3168.780000,1,-25.360000,-0.7900,30.770000,29.140000,2937.930000
79,Entry long,2024-11-11 00:15,3194.140000,1,-25.360000,-0.7900,30.770000,29.140000,2937.930000
78,Exit short,2024-11-10 23:45,3185.960000,4,-83.880000,-0.6600,364.520000,256.000000,2963.290000
78,Entry short,2024-11-10 20:00,3164.990000,4,-83.880000,-0.6600,364.520000,256.000000,2963.290000
77,Exit long,2024-11-10 20:00,3164.990000,3,358.860000,3.9300,620.730000,13.350000,3047.170000
77,Entry long,2024-11-09 18:45,3045.370000,3,358.860000,3.9300,620.730000,13.350000,3047.170000
76,Exit short,2024-11-09 18:45,3045.370000,2,-34.100000,-0.5600,76.620000,38.480000,2688.310000
76,Entry short,2024-11-09 16:30,3028.320000,2,-34.100000,-0.5600,76.620000,38.480000,2688.310000
75,Exit long,2024-11-09 16:30,3028.320000,1,-14.650000,-0.4800,2.820000,22.950000,2722.410000
75,Entry long,2024-11-09 15:45,3042.970000,1,-14.650000,-0.4800,2.820000,22.950000,2722.410000
74,Exit long,2024-11-09 15:15,3033.610000,5,471.250000,3.2100,602.750000,31.300000,2737.060000
74,Entry long,2024-11-08 21:45,2939.360000,5,471.250000,3.2100,602.750000,31.300000,2737.060000
73,Exit short,2024-11-08 21:45,2939.360000,4,-62.720000,-0.5400,11.880000,75.200000,2265.810000
73,Entry short,2024-11-08 21:30,2923.680000,4,-62.720000,-0.5400,11.880000,75.200000,2265.810000
72,Exit long,2024-11-08 21:30,2923.680000,3,-109.050000,-1.2300,68.160000,134.700000,2328.530000
72,Entry long,2024-11-08 18:45,2960.030000,3,-109.050000,-1.2300,68.160000,134.700000,2328.530000
71,Exit short,2024-11-08 18:45,2960.030000,2,-100.100000,-1.7200,39.880000,110.040000,2437.580000
71,Entry short,2024-11-08 16:45,2909.980000,2,-100.100000,-1.7200,39.880000,110.040000,2437.580000
70,Exit long,2024-11-08 16:45,2909.980000,1,-8.720000,-0.3000,39.300000,15.450000,2537.680000
70,Entry long,2024-11-08 09:45,2918.700000,1,-8.720000,-0.3000,39.300000,15.450000,2537.680000
69,Exit long,2024-11-08 08:30,2906.360000,8,611.760000,2.7000,1016.800000,71.920000,2546.400000
69,Entry long,2024-11-07 15:45,2829.890000,8,611.760000,2.7000,1016.800000,71.920000,2546.400000
68,Exit short,2024-11-07 15:45,2828.420000,7,-129.010000,-0.6600,263.270000,189.070000,1934.640000
68,Entry short,2024-11-07 11:45,2809.990000,7,-129.010000,-0.6600,263.270000,189.070000,1934.640000
67,Exit long,2024-11-07 11:45,2809.990000,6,-74.760000,-0.4400,52.320000,97.020000,2063.650000
67,Entry long,2024-11-07 09:00,2822.450000,6,-74.760000,-0.4400,52.320000,97.020000,2063.650000
66,Exit short,2024-11-07 09:00,2822.450000,5,-79.750000,-0.5700,5.200000,85.950000,2138.410000
66,Entry short,2024-11-07 08:30,2806.500000,5,-79.750000,-0.5700,5.200000,85.950000,2138.410000
65,Exit long,2024-11-07 08:30,2806.500000,4,1418.680000,14.4700,1722.920000,0.520000,2218.160000
65,Entry long,2024-11-06 00:30,2451.830000,4,1418.680000,14.4700,1722.920000,0.520000,2218.160000
64,Exit short,2024-11-06 00:30,2451.830000,3,-38.670000,-0.5300,116.130000,55.410000,799.480000
64,Entry short,2024-11-05 19:45,2438.940000,3,-38.670000,-0.5300,116.130000,55.410000,799.480000
63,Exit long,2024-11-05 19:45,2445.250000,2,67.100000,1.3900,135.800000,6.760000,838.150000
63,Entry long,2024-11-05 03:15,2411.700000,2,67.100000,1.3900,135.800000,6.760000,838.150000
62,Exit short,2024-11-05 03:15,2411.700000,1,-7.600000,-0.3200,4.480000,8.800000,771.050000
62,Entry short,2024-11-05 02:45,2404.100000,1,-7.600000,-0.3200,4.480000,8.800000,771.050000
61,Exit short,2024-11-05 02:30,2411.410000,4,185.440000,1.8900,407.080000,25.920000,778.650000
61,Entry short,2024-11-04 14:15,2457.770000,4,185.440000,1.8900,407.080000,25.920000,778.650000
60,Exit long,2024-11-04 14:15,2458.940000,3,-38.460000,-0.5200,41.370000,55.710000,593.210000
60,Entry long,2024-11-04 11:15,2471.760000,3,-38.460000,-0.5200,41.370000,55.710000,593.210000
59,Exit short,2024-11-04 11:15,2471.760000,2,-25.720000,-0.5200,25.100000,31.160000,631.670000
59,Entry short,2024-11-04 08:00,2458.900000,2,-25.720000,-0.5200,25.100000,31.160000,631.670000
58,Exit long,2024-11-04 08:00,2458.900000,1,-11.190000,-0.4500,20.910000,13.610000,657.390000
58,Entry long,2024-11-04 02:00,2470.090000,1,-11.190000,-0.4500,20.910000,13.610000,657.390000
57,Exit short,2024-11-04 01:45,2460.440000,8,-96.720000,-0.4900,113.760000,208.720000,668.580000
57,Entry short,2024-11-04 00:30,2448.350000,8,-96.720000,-0.4900,113.760000,208.720000,668.580000
56,Exit long,2024-11-04 00:30,2448.350000,7,-37.870000,-0.2200,148.680000,49.350000,765.300000
56,Entry long,2024-11-03 20:00,2453.760000,7,-37.870000,-0.2200,148.680000,49.350000,765.300000
55,Exit short,2024-11-03 20:00,2452.760000,6,-207.840000,-1.4300,46.620000,213.840000,803.170000
55,Entry short,2024-11-03 18:45,2418.120000,6,-207.840000,-1.4300,46.620000,213.840000,803.170000
54,Exit long,2024-11-03 18:45,2418.120000,5,-166.100000,-1.3600,11.750000,171.750000,1011.010000
54,Entry long,2024-11-03 17:15,2451.340000,5,-166.100000,-1.3600,11.750000,171.750000,1011.010000
53,Exit short,2024-11-03 17:15,2451.340000,4,-3.520000,-0.0400,151.160000,37.560000,1177.110000
53,Entry short,2024-11-03 13:15,2450.460000,4,-3.520000,-0.0400,151.160000,37.560000,1177.110000
52,Exit long,2024-11-03 13:15,2450.460000,3,-32.160000,-0.4400,2.940000,36.540000,1180.630000
52,Entry long,2024-11-03 10:30,2461.180000,3,-32.160000,-0.4400,2.940000,36.540000,1180.630000
51,Exit short,2024-11-03 10:30,2461.180000,2,42.640000,0.8600,123.740000,7.980000,1212.790000
51,Entry short,2024-11-03 01:00,2482.500000,2,42.640000,0.8600,123.740000,7.980000,1212.790000
50,Exit long,2024-11-03 01:00,2482.500000,1,-13.250000,-0.5300,0.460000,13.280000,1170.150000
50,Entry long,2024-11-03 00:15,2495.750000,1,-13.250000,-0.5300,0.460000,13.280000,1170.150000
49,Exit long,2024-11-02 23:30,2486.400000,3,-18.990000,-0.2500,14.280000,25.080000,1183.400000
49,Entry long,2024-11-02 20:00,2492.730000,3,-18.990000,-0.2500,14.280000,25.080000,1183.400000
48,Exit short,2024-11-02 20:00,2492.730000,2,32.440000,0.6500,83.700000,9.680000,1202.390000
48,Entry short,2024-11-02 03:30,2508.950000,2,32.440000,0.6500,83.700000,9.680000,1202.390000
47,Exit long,2024-11-02 03:30,2508.950000,1,-8.750000,-0.3500,6.100000,10.270000,1169.950000
47,Entry long,2024-11-02 01:00,2517.700000,1,-8.750000,-0.3500,6.100000,10.270000,1169.950000
46,Exit short,2024-11-02 00:30,2517.400000,4,-69.480000,-0.6900,56.120000,155.840000,1178.700000
46,Entry short,2024-11-01 16:00,2500.030000,4,-69.480000,-0.6900,56.120000,155.840000,1178.700000
45,Exit long,2024-11-01 16:00,2500.030000,3,-34.470000,-0.4600,229.020000,90.240000,1248.180000
45,Entry long,2024-11-01 10:00,2511.520000,3,-34.470000,-0.4600,229.020000,90.240000,1248.180000
44,Exit short,2024-11-01 10:00,2510.990000,2,334.280000,6.2400,421.660000,19.980000,1282.650000
44,Entry short,2024-10-30 17:30,2678.130000,2,334.280000,6.2400,421.660000,19.980000,1282.650000
43,Exit long,2024-10-30 17:30,2681.080000,1,-6.110000,-0.2300,37.460000,15.890000,948.370000
43,Entry long,2024-10-30 13:00,2687.190000,1,-6.110000,-0.2300,37.460000,15.890000,948.370000
42,Exit long,2024-10-30 12:15,2663.390000,19,484.120000,0.9700,1141.710000,124.070000,954.480000
42,Entry long,2024-10-30 03:15,2637.910000,19,484.120000,0.9700,1141.710000,124.070000,954.480000
41,Exit short,2024-10-30 03:15,2637.910000,18,-187.380000,-0.4000,496.800000,271.800000,470.360000
41,Entry short,2024-10-30 00:45,2627.500000,18,-187.380000,-0.4000,496.800000,271.800000,470.360000
40,Exit long,2024-10-30 00:45,2627.500000,17,-200.260000,-0.4500,54.230000,258.740000,657.740000
40,Entry long,2024-10-30 00:00,2639.280000,17,-200.260000,-0.4500,54.230000,258.740000,657.740000
39,Exit short,2024-10-30 00:00,2639.280000,16,-246.080000,-0.5900,282.720000,398.560000,858.000000
39,Entry short,2024-10-29 20:00,2623.900000,16,-246.080000,-0.5900,282.720000,398.560000,858.000000
38,Exit long,2024-10-29 20:00,2624.430000,15,-62.550000,-0.1600,798.450000,171.900000,1104.080000
38,Entry long,2024-10-29 13:45,2628.600000,15,-62.550000,-0.1600,798.450000,171.900000,1104.080000
37,Exit short,2024-10-29 13:45,2628.600000,14,-170.940000,-0.4700,76.440000,190.540000,1166.630000
37,Entry short,2024-10-29 13:30,2616.390000,14,-170.940000,-0.4700,76.440000,190.540000,1166.630000
36,Exit long,2024-10-29 13:30,2621.060000,13,1384.630000,4.2400,1613.560000,32.110000,1337.570000
36,Entry long,2024-10-28 20:45,2514.550000,13,1384.630000,4.2400,1613.560000,32.110000,1337.570000
35,Exit short,2024-10-28 20:45,2514.550000,12,2.520000,0.0100,357.120000,110.520000,-47.060000
35,Entry short,2024-10-28 15:15,2514.760000,12,2.520000,0.0100,357.120000,110.520000,-47.060000
34,Exit long,2024-10-28 15:15,2514.760000,11,-9.460000,-0.0300,323.180000,125.400000,-49.580000
34,Entry long,2024-10-28 07:15,2515.620000,11,-9.460000,-0.0300,323.180000,125.400000,-49.580000
33,Exit short,2024-10-28 07:15,2515.620000,10,-183.100000,-0.7300,269.000000,186.900000,-40.120000
33,Entry short,2024-10-28 01:15,2497.310000,10,-183.100000,-0.7300,269.000000,186.900000,-40.120000
32,Exit long,2024-10-28 01:15,2500.690000,9,72.180000,0.3200,311.220000,24.030000,142.980000
32,Entry long,2024-10-27 19:30,2492.670000,9,72.180000,0.3200,311.220000,24.030000,142.980000
31,Exit short,2024-10-27 19:30,2492.670000,8,-60.320000,-0.3000,0.880000,67.760000,70.800000
31,Entry short,2024-10-27 19:15,2485.130000,8,-60.320000,-0.3000,0.880000,67.760000,70.800000
30,Exit long,2024-10-27 19:15,2486.400000,7,35.700000,0.2100,207.900000,43.750000,131.120000
30,Entry long,2024-10-27 13:00,2481.300000,7,35.700000,0.2100,207.900000,43.750000,131.120000
29,Exit short,2024-10-27 13:00,2475.280000,6,6.900000,0.0500,81.420000,37.200000,95.420000
29,Entry short,2024-10-27 08:45,2476.430000,6,6.900000,0.0500,81.420000,37.200000,95.420000
28,Exit long,2024-10-27 08:45,2476.430000,5,-40.000000,-0.3200,4.100000,41.800000,88.520000
28,Entry long,2024-10-27 04:15,2484.430000,5,-40.000000,-0.3200,4.100000,41.800000,88.520000
27,Exit short,2024-10-27 04:15,2483.500000,4,-18.160000,-0.1800,43.200000,28.800000,128.520000
27,Entry short,2024-10-27 00:15,2478.960000,4,-18.160000,-0.1800,43.200000,28.800000,128.520000
26,Exit long,2024-10-27 00:15,2478.960000,3,23.400000,0.3200,107.820000,1.770000,146.680000
26,Entry long,2024-10-26 17:00,2471.160000,3,23.400000,0.3200,107.820000,1.770000,146.680000
25,Exit short,2024-10-26 17:00,2471.160000,2,-16.320000,-0.3300,42.640000,24.000000,123.280000
25,Entry short,2024-10-26 14:15,2463.000000,2,-16.320000,-0.3300,42.640000,24.000000,123.280000
24,Exit long,2024-10-26 14:15,2464.670000,1,4.880000,0.2000,19.330000,0.790000,139.600000
24,Entry long,2024-10-26 05:00,2459.790000,1,4.880000,0.2000,19.330000,0.790000,139.600000
23,Exit short,2024-10-26 04:30,2457.390000,1,72.250000,2.8600,149.010000,-0.000000,134.720000
23,Entry short,2024-10-25 17:15,2529.640000,1,72.250000,2.8600,149.010000,-0.000000,134.720000
22,Exit long,2024-10-25 16:15,2531.770000,8,41.920000,0.2100,315.280000,152.160000,62.470000
22,Entry long,2024-10-25 09:15,2526.530000,8,41.920000,0.2100,315.280000,152.160000,62.470000
21,Exit short,2024-10-25 09:15,2526.530000,7,-8.400000,-0.0500,450.450000,67.130000,20.550000
21,Entry short,2024-10-25 00:45,2525.330000,7,-8.400000,-0.0500,450.450000,67.130000,20.550000
20,Exit long,2024-10-25 00:45,2525.330000,6,-62.160000,-0.4100,145.860000,73.320000,28.950000
20,Entry long,2024-10-24 19:30,2535.690000,6,-62.160000,-0.4100,145.860000,73.320000,28.950000
19,Exit short,2024-10-24 19:30,2535.690000,5,-60.350000,-0.4800,86.750000,74.200000,91.110000
19,Entry short,2024-10-24 14:15,2523.620000,5,-60.350000,-0.4800,86.750000,74.200000,91.110000
18,Exit long,2024-10-24 14:15,2523.620000,4,-70.000000,-0.6900,3.440000,82.680000,151.460000
18,Entry long,2024-10-24 13:45,2541.120000,4,-70.000000,-0.6900,3.440000,82.680000,151.460000
17,Exit short,2024-10-24 13:45,2541.120000,3,-18.720000,-0.2500,81.600000,31.080000,221.460000
17,Entry short,2024-10-24 08:45,2534.880000,3,-18.720000,-0.2500,81.600000,31.080000,221.460000
16,Exit long,2024-10-24 08:45,2534.880000,2,23.800000,0.4700,77.700000,30.440000,240.180000
16,Entry long,2024-10-23 23:30,2522.980000,2,23.800000,0.4700,77.700000,30.440000,240.180000
15,Exit short,2024-10-23 23:30,2522.980000,1,88.500000,3.3900,168.470000,4.270000,216.380000
15,Entry short,2024-10-23 07:00,2611.480000,1,88.500000,3.3900,168.470000,4.270000,216.380000
14,Exit short,2024-10-23 06:45,2619.890000,11,20.900000,0.0700,238.590000,84.920000,127.880000
14,Entry short,2024-10-23 00:00,2621.790000,11,20.900000,0.0700,238.590000,84.920000,127.880000
13,Exit long,2024-10-23 00:00,2621.790000,10,-78.000000,-0.3000,139.700000,124.600000,106.980000
13,Entry long,2024-10-22 19:15,2629.590000,10,-78.000000,-0.3000,139.700000,124.600000,106.980000
12,Exit short,2024-10-22 19:15,2629.130000,9,67.950000,0.2900,276.120000,85.590000,184.980000
12,Entry short,2024-10-22 08:30,2636.680000,9,67.950000,0.2900,276.120000,85.590000,184.980000
11,Exit long,2024-10-22 08:30,2636.680000,8,-146.560000,-0.6900,36.720000,148.000000,117.030000
11,Entry long,2024-10-22 06:30,2655.000000,8,-146.560000,-0.6900,36.720000,148.000000,117.030000
10,Exit short,2024-10-22 06:30,2654.710000,7,115.220000,0.6200,401.800000,12.810000,263.590000
10,Entry short,2024-10-21 23:15,2671.170000,7,115.220000,0.6200,401.800000,12.810000,263.590000
9,Exit long,2024-10-21 23:15,2671.170000,6,-41.700000,-0.2600,32.700000,58.260000,148.370000
9,Entry long,2024-10-21 22:15,2678.120000,6,-41.700000,-0.2600,32.700000,58.260000,148.370000
8,Exit short,2024-10-21 22:15,2678.120000,5,-27.700000,-0.2100,1.900000,38.750000,190.070000
8,Entry short,2024-10-21 21:45,2672.580000,5,-27.700000,-0.2100,1.900000,38.750000,190.070000
7,Exit long,2024-10-21 21:45,2672.580000,4,-29.680000,-0.2800,0.040000,31.200000,217.770000
7,Entry long,2024-10-21 21:15,2680.000000,4,-29.680000,-0.2800,0.040000,31.200000,217.770000
6,Exit short,2024-10-21 21:15,2680.000000,3,144.990000,1.7700,218.430000,21.090000,247.450000
6,Entry short,2024-10-21 07:00,2728.330000,3,144.990000,1.7700,218.430000,21.090000,247.450000
5,Exit long,2024-10-21 07:00,2728.330000,2,-20.420000,-0.3700,11.480000,26.440000,102.460000
5,Entry long,2024-10-21 06:30,2738.540000,2,-20.420000,-0.3700,11.480000,26.440000,102.460000
4,Exit short,2024-10-21 06:30,2738.540000,1,-4.320000,-0.1600,0.070000,7.290000,122.880000
4,Entry short,2024-10-21 06:15,2734.220000,1,-4.320000,-0.1600,0.070000,7.290000,122.880000
3,Exit short,2024-10-21 05:30,2741.090000,3,-31.830000,-0.3900,6.390000,46.920000,127.200000
3,Entry short,2024-10-21 04:15,2730.480000,3,-31.830000,-0.3900,6.390000,46.920000,127.200000
2,Exit long,2024-10-21 04:15,2730.480000,2,161.020000,3.0400,240.060000,18.600000,159.030000
2,Entry long,2024-10-20 07:00,2649.970000,2,161.020000,3.0400,240.060000,18.600000,159.030000
1,Exit short,2024-10-20 07:00,2649.970000,1,-1.990000,-0.0800,13.450000,6.870000,-1.990000
1,Entry short,2024-10-19 21:15,2647.980000,1,-1.990000,-0.0800,13.450000,6.870000,-1.990000
