Trade #,Type,Date and time,Price,Qty,Net PnL,Net PnL %,MFE,MAE,Cumulative PnL
3372,Exit short,2026-05-04 13:30,2337.730000,1,-3.570000,-0.1500,13.770000,2.550000,889.370000
3372,Entry short,2026-05-04 13:00,2334.160000,1,-3.570000,-0.1500,13.770000,2.550000,889.370000
3371,Exit short,2026-05-04 13:30,2337.730000,1,2.410000,0.1000,13.770000,2.550000,892.940000
3371,Entry short,2026-05-04 12:45,2340.140000,1,2.410000,0.1000,13.770000,2.550000,892.940000
3370,Exit short,2026-05-04 13:30,2337.730000,1,1.880000,0.0800,13.770000,2.550000,890.530000
3370,Entry short,2026-05-04 12:30,2339.610000,1,1.880000,0.0800,13.770000,2.550000,890.530000
3369,Exit long,2026-05-04 01:30,2318.930000,1,0.910000,0.0400,7.273333,2.176667,888.650000
3369,Entry long,2026-05-04 01:00,2318.020000,1,0.910000,0.0400,7.273333,2.176667,888.650000
3368,Exit long,2026-05-04 01:30,2318.930000,1,7.620000,0.3300,7.940000,2.176667,887.740000
3368,Entry long,2026-05-04 00:45,2311.310000,1,7.620000,0.3300,7.940000,2.176667,887.740000
3367,Exit long,2026-05-04 01:30,2318.930000,1,7.080000,0.3100,7.940000,2.850000,880.120000
3367,Entry long,2026-05-04 00:30,2311.850000,1,7.080000,0.3100,7.940000,2.850000,880.120000
3366,Exit short,2026-05-03 13:30,2323.950000,1,0.620000,0.0300,2.536667,2.943333,873.040000
3366,Entry short,2026-05-03 13:00,2324.570000,1,0.620000,0.0300,2.536667,2.943333,873.040000
3365,Exit short,2026-05-03 13:30,2323.950000,1,0.570000,0.0200,2.945000,2.943333,872.420000
3365,Entry short,2026-05-03 12:45,2324.520000,1,0.570000,0.0200,2.945000,2.943333,872.420000
3364,Exit short,2026-05-03 13:30,2323.950000,1,1.920000,0.0800,2.945000,2.943333,871.850000
3364,Entry short,2026-05-03 12:30,2325.870000,1,1.920000,0.0800,2.945000,2.943333,871.850000
3363,Exit long,2026-05-03 01:30,2306.250000,1,-6.760000,-0.2900,0.000000,10.350000,869.930000
3363,Entry long,2026-05-03 01:00,2313.010000,1,-6.760000,-0.2900,0.000000,10.350000,869.930000
3362,Exit long,2026-05-03 01:30,2306.250000,1,-6.510000,-0.2800,0.000000,10.350000,876.690000
3362,Entry long,2026-05-03 00:45,2312.760000,1,-6.510000,-0.2800,0.000000,10.350000,876.690000
3361,Exit long,2026-05-03 01:30,2306.250000,1,-8.750000,-0.3800,1.140000,10.350000,883.200000
3361,Entry long,2026-05-03 00:30,2315.000000,1,-8.750000,-0.3800,1.140000,10.350000,883.200000
3360,Exit short,2026-05-02 13:30,2306.650000,1,-4.260000,-0.1900,0.876667,7.823333,891.950000
3360,Entry short,2026-05-02 13:00,2302.390000,1,-4.260000,-0.1900,0.876667,7.823333,891.950000
3359,Exit short,2026-05-02 13:30,2306.650000,1,-3.220000,-0.1400,1.945000,7.823333,896.210000
3359,Entry short,2026-05-02 12:45,2303.430000,1,-3.220000,-0.1400,1.945000,7.823333,896.210000
3358,Exit short,2026-05-02 13:30,2306.650000,1,-2.670000,-0.1200,1.945000,7.823333,899.430000
3358,Entry short,2026-05-02 12:30,2303.980000,1,-2.670000,-0.1200,1.945000,7.823333,899.430000
3357,Exit long,2026-05-02 01:30,2296.250000,1,-0.150000,-0.0100,3.146667,1.493333,902.100000
3357,Entry long,2026-05-02 01:00,2296.400000,1,-0.150000,-0.0100,3.146667,1.493333,902.100000
3356,Exit long,2026-05-02 01:30,2296.250000,1,-0.360000,-0.0200,3.146667,1.493333,902.250000
3356,Entry long,2026-05-02 00:45,2296.610000,1,-0.360000,-0.0200,3.146667,1.493333,902.250000
3355,Exit long,2026-05-02 01:30,2296.250000,1,1.730000,0.0800,3.146667,1.493333,902.610000
3355,Entry long,2026-05-02 00:30,2294.520000,1,1.730000,0.0800,3.146667,1.493333,902.610000
3354,Exit short,2026-05-01 13:30,2306.280000,1,-6.220000,-0.2700,2.360000,12.270000,900.880000
3354,Entry short,2026-05-01 13:00,2300.060000,1,-6.220000,-0.2700,2.360000,12.270000,900.880000
3353,Exit short,2026-05-01 13:30,2306.280000,1,-3.120000,-0.1400,4.605000,12.270000,907.100000
3353,Entry short,2026-05-01 12:45,2303.160000,1,-3.120000,-0.1400,4.605000,12.270000,907.100000
3352,Exit short,2026-05-01 13:30,2306.280000,1,-2.270000,-0.1000,4.605000,12.270000,910.220000
3352,Entry short,2026-05-01 12:30,2304.010000,1,-2.270000,-0.1000,4.605000,12.270000,910.220000
3351,Exit long,2026-05-01 01:30,2261.500000,1,2.660000,0.1200,3.716667,2.223333,912.490000
3351,Entry long,2026-05-01 01:00,2258.840000,1,2.660000,0.1200,3.716667,2.223333,912.490000
3350,Exit long,2026-05-01 01:30,2261.500000,1,-0.910000,-0.0400,3.716667,4.560000,909.830000
3350,Entry long,2026-05-01 00:45,2262.410000,1,-0.910000,-0.0400,3.716667,4.560000,909.830000
3349,Exit long,2026-05-01 01:30,2261.500000,1,0.430000,0.0200,3.716667,4.560000,910.740000
3349,Entry long,2026-05-01 00:30,2261.070000,1,0.430000,0.0200,3.716667,4.560000,910.740000
3348,Exit short,2026-04-30 13:30,2257.930000,1,6.180000,0.2700,8.293333,2.686667,910.310000
3348,Entry short,2026-04-30 13:00,2264.110000,1,6.180000,0.2700,8.293333,2.686667,910.310000
3347,Exit short,2026-04-30 13:30,2257.930000,1,5.010000,0.2200,8.293333,2.910000,904.130000
3347,Entry short,2026-04-30 12:45,2262.940000,1,5.010000,0.2200,8.293333,2.910000,904.130000
3346,Exit short,2026-04-30 13:30,2257.930000,1,8.110000,0.3600,8.293333,2.910000,899.120000
3346,Entry short,2026-04-30 12:30,2266.040000,1,8.110000,0.3600,8.293333,2.910000,899.120000
3345,Exit long,2026-04-30 01:30,2274.240000,1,3.240000,0.1400,13.906667,-0.000000,891.010000
3345,Entry long,2026-04-30 01:00,2271.000000,1,3.240000,0.1400,13.906667,-0.000000,891.010000
3344,Exit long,2026-04-30 01:30,2274.240000,1,11.170000,0.4900,15.990000,-0.000000,887.770000
3344,Entry long,2026-04-30 00:45,2263.070000,1,11.170000,0.4900,15.990000,-0.000000,887.770000
3343,Exit long,2026-04-30 01:30,2274.240000,1,21.010000,0.9300,15.990000,-0.000000,876.600000
3343,Entry long,2026-04-30 00:30,2253.230000,1,21.010000,0.9300,15.990000,-0.000000,876.600000
3342,Exit short,2026-04-29 13:30,2306.020000,1,9.120000,0.3900,10.456667,3.393333,855.590000
3342,Entry short,2026-04-29 13:00,2315.140000,1,9.120000,0.3900,10.456667,3.393333,855.590000
3341,Exit short,2026-04-29 13:30,2306.020000,1,7.180000,0.3100,10.456667,3.393333,846.470000
3341,Entry short,2026-04-29 12:45,2313.200000,1,7.180000,0.3100,10.456667,3.393333,846.470000
3340,Exit short,2026-04-29 13:30,2306.020000,1,7.900000,0.3400,10.456667,3.393333,839.290000
3340,Entry short,2026-04-29 12:30,2313.920000,1,7.900000,0.3400,10.456667,3.393333,839.290000
3339,Exit long,2026-04-29 01:30,2281.010000,1,-10.600000,-0.4600,3.083333,9.956667,831.390000
3339,Entry long,2026-04-29 01:00,2291.610000,1,-10.600000,-0.4600,3.083333,9.956667,831.390000
3338,Exit long,2026-04-29 01:30,2281.010000,1,-7.130000,-0.3100,6.615000,9.956667,841.990000
3338,Entry long,2026-04-29 00:45,2288.140000,1,-7.130000,-0.3100,6.615000,9.956667,841.990000
3337,Exit long,2026-04-29 01:30,2281.010000,1,-4.820000,-0.2100,6.615000,9.956667,849.120000
3337,Entry long,2026-04-29 00:30,2285.830000,1,-4.820000,-0.2100,6.615000,9.956667,849.120000
3336,Exit short,2026-04-28 13:30,2270.830000,1,6.330000,0.2800,19.346667,1.783333,853.940000
3336,Entry short,2026-04-28 13:00,2277.160000,1,6.330000,0.2800,19.346667,1.783333,853.940000
3335,Exit short,2026-04-28 13:30,2270.830000,1,5.570000,0.2400,19.346667,4.275000,847.610000
3335,Entry short,2026-04-28 12:45,2276.400000,1,5.570000,0.2400,19.346667,4.275000,847.610000
3334,Exit short,2026-04-28 13:30,2270.830000,1,1.740000,0.0800,19.346667,4.810000,842.040000
3334,Entry short,2026-04-28 12:30,2272.570000,1,1.740000,0.0800,19.346667,4.810000,842.040000
3333,Exit long,2026-04-28 01:30,2303.800000,1,-1.280000,-0.0600,4.156667,0.593333,840.300000
3333,Entry long,2026-04-28 01:00,2305.080000,1,-1.280000,-0.0600,4.156667,0.593333,840.300000
3332,Exit long,2026-04-28 01:30,2303.800000,1,-1.700000,-0.0700,7.675000,0.593333,841.580000
3332,Entry long,2026-04-28 00:45,2305.500000,1,-1.700000,-0.0700,7.675000,0.593333,841.580000
3331,Exit long,2026-04-28 01:30,2303.800000,1,5.190000,0.2300,8.040000,0.720000,843.280000
3331,Entry long,2026-04-28 00:30,2298.610000,1,5.190000,0.2300,8.040000,0.720000,843.280000
3330,Exit short,2026-04-27 13:30,2313.960000,1,-1.090000,-0.0500,2.313333,2.096667,838.090000
3330,Entry short,2026-04-27 13:00,2312.870000,1,-1.090000,-0.0500,2.313333,2.096667,838.090000
3329,Exit short,2026-04-27 13:30,2313.960000,1,0.620000,0.0300,3.710000,2.096667,839.180000
3329,Entry short,2026-04-27 12:45,2314.580000,1,0.620000,0.0300,3.710000,2.096667,839.180000
3328,Exit short,2026-04-27 13:30,2313.960000,1,1.200000,0.0500,3.710000,2.096667,838.560000
3328,Entry short,2026-04-27 12:30,2315.160000,1,1.200000,0.0500,3.710000,2.096667,838.560000
3327,Exit long,2026-04-27 01:30,2381.640000,1,-8.230000,-0.3400,29.763333,-0.000000,837.360000
3327,Entry long,2026-04-27 01:00,2389.870000,1,-8.230000,-0.3400,29.763333,-0.000000,837.360000
3326,Exit long,2026-04-27 01:30,2381.640000,1,10.550000,0.4400,29.763333,-0.000000,845.590000
3326,Entry long,2026-04-27 00:45,2371.090000,1,10.550000,0.4400,29.763333,-0.000000,845.590000
3325,Exit long,2026-04-27 01:30,2381.640000,1,19.920000,0.8400,29.763333,2.610000,835.040000
3325,Entry long,2026-04-27 00:30,2361.720000,1,19.920000,0.8400,29.763333,2.610000,835.040000
3324,Exit short,2026-04-26 13:30,2329.000000,1,-1.130000,-0.0500,2.400000,2.170000,815.120000
3324,Entry short,2026-04-26 13:00,2327.870000,1,-1.130000,-0.0500,2.400000,2.170000,815.120000
3323,Exit short,2026-04-26 13:30,2329.000000,1,0.390000,0.0200,7.760000,2.170000,816.250000
3323,Entry short,2026-04-26 12:45,2329.390000,1,0.390000,0.0200,7.760000,2.170000,816.250000
3322,Exit short,2026-04-26 13:30,2329.000000,1,1.070000,0.0500,7.760000,2.170000,815.860000
3322,Entry short,2026-04-26 12:30,2330.070000,1,1.070000,0.0500,7.760000,2.170000,815.860000
3321,Exit long,2026-04-26 01:30,2314.720000,1,0.720000,0.0300,0.860000,2.570000,814.790000
3321,Entry long,2026-04-26 01:00,2314.000000,1,0.720000,0.0300,0.860000,2.570000,814.790000
3320,Exit long,2026-04-26 01:30,2314.720000,1,-1.440000,-0.0600,1.795000,5.065000,814.070000
3320,Entry long,2026-04-26 00:45,2316.160000,1,-1.440000,-0.0600,1.795000,5.065000,814.070000
3319,Exit long,2026-04-26 01:30,2314.720000,1,0.750000,0.0300,2.190000,5.065000,815.510000
3319,Entry long,2026-04-26 00:30,2313.970000,1,0.750000,0.0300,2.190000,5.065000,815.510000
3318,Exit short,2026-04-25 13:30,2315.300000,1,-3.230000,-0.1400,0.236667,3.883333,814.760000
3318,Entry short,2026-04-25 13:00,2312.070000,1,-3.230000,-0.1400,0.236667,3.883333,814.760000
3317,Exit short,2026-04-25 13:30,2315.300000,1,-3.210000,-0.1400,0.465000,3.883333,817.990000
3317,Entry short,2026-04-25 12:45,2312.090000,1,-3.210000,-0.1400,0.465000,3.883333,817.990000
3316,Exit short,2026-04-25 13:30,2315.300000,1,-2.540000,-0.1100,2.660000,3.883333,821.200000
3316,Entry short,2026-04-25 12:30,2312.760000,1,-2.540000,-0.1100,2.660000,3.883333,821.200000
3315,Exit long,2026-04-25 01:30,2316.670000,1,1.800000,0.0800,6.800000,-0.000000,823.740000
3315,Entry long,2026-04-25 01:00,2314.870000,1,1.800000,0.0800,6.800000,-0.000000,823.740000
3314,Exit long,2026-04-25 01:30,2316.670000,1,4.140000,0.1800,6.800000,-0.000000,821.940000
3314,Entry long,2026-04-25 00:45,2312.530000,1,4.140000,0.1800,6.800000,-0.000000,821.940000
3313,Exit long,2026-04-25 01:30,2316.670000,1,5.880000,0.2500,6.800000,0.790000,817.800000
3313,Entry long,2026-04-25 00:30,2310.790000,1,5.880000,0.2500,6.800000,0.790000,817.800000
3312,Exit short,2026-04-24 13:30,2321.940000,1,1.890000,0.0800,3.416667,5.633333,811.920000
3312,Entry short,2026-04-24 13:00,2323.830000,1,1.890000,0.0800,3.416667,5.633333,811.920000
3311,Exit short,2026-04-24 13:30,2321.940000,1,0.590000,0.0300,8.090000,5.633333,810.030000
3311,Entry short,2026-04-24 12:45,2322.530000,1,0.590000,0.0300,8.090000,5.633333,810.030000
3310,Exit short,2026-04-24 13:30,2321.940000,1,4.890000,0.2100,8.090000,5.633333,809.440000
3310,Entry short,2026-04-24 12:30,2326.830000,1,4.890000,0.2100,8.090000,5.633333,809.440000
3309,Exit long,2026-04-24 01:30,2320.590000,1,-10.760000,-0.4600,0.000000,11.506667,804.550000
3309,Entry long,2026-04-24 01:00,2331.350000,1,-10.760000,-0.4600,0.000000,11.506667,804.550000
3308,Exit long,2026-04-24 01:30,2320.590000,1,-10.490000,-0.4500,3.145000,11.506667,815.310000
3308,Entry long,2026-04-24 00:45,2331.080000,1,-10.490000,-0.4500,3.145000,11.506667,815.310000
3307,Exit long,2026-04-24 01:30,2320.590000,1,-11.920000,-0.5100,3.410000,11.506667,825.800000
3307,Entry long,2026-04-24 00:30,2332.510000,1,-11.920000,-0.5100,3.410000,11.506667,825.800000
3306,Exit short,2026-04-23 13:30,2321.810000,1,6.060000,0.2600,9.106667,3.253333,837.720000
3306,Entry short,2026-04-23 13:00,2327.870000,1,6.060000,0.2600,9.106667,3.253333,837.720000
3305,Exit short,2026-04-23 13:30,2321.810000,1,5.960000,0.2600,9.755000,3.253333,831.660000
3305,Entry short,2026-04-23 12:45,2327.770000,1,5.960000,0.2600,9.755000,3.253333,831.660000
3304,Exit short,2026-04-23 13:30,2321.810000,1,7.470000,0.3200,9.755000,3.253333,825.700000
3304,Entry short,2026-04-23 12:30,2329.280000,1,7.470000,0.3200,9.755000,3.253333,825.700000
3303,Exit long,2026-04-23 01:30,2362.120000,1,-9.780000,-0.4100,0.000000,13.056667,818.230000
3303,Entry long,2026-04-23 01:00,2371.900000,1,-9.780000,-0.4100,0.000000,13.056667,818.230000
3302,Exit long,2026-04-23 01:30,2362.120000,1,-10.870000,-0.4600,2.635000,13.056667,828.010000
3302,Entry long,2026-04-23 00:45,2372.990000,1,-10.870000,-0.4600,2.635000,13.056667,828.010000
3301,Exit long,2026-04-23 01:30,2362.120000,1,-10.600000,-0.4500,9.130000,13.056667,838.880000
3301,Entry long,2026-04-23 00:30,2372.720000,1,-10.600000,-0.4500,9.130000,13.056667,838.880000
3300,Exit short,2026-04-22 13:30,2408.590000,1,-4.740000,-0.2000,0.000000,14.920000,849.480000
3300,Entry short,2026-04-22 13:00,2403.850000,1,-4.740000,-0.2000,0.000000,14.920000,849.480000
3299,Exit short,2026-04-22 13:30,2408.590000,1,-9.350000,-0.3900,0.000000,14.920000,854.220000
3299,Entry short,2026-04-22 12:45,2399.240000,1,-9.350000,-0.3900,0.000000,14.920000,854.220000
3298,Exit short,2026-04-22 13:30,2408.590000,1,-11.470000,-0.4800,2.110000,14.920000,863.570000
3298,Entry short,2026-04-22 12:30,2397.120000,1,-11.470000,-0.4800,2.110000,14.920000,863.570000
3297,Exit long,2026-04-22 01:30,2312.620000,1,-11.610000,-0.5000,3.336667,11.753333,875.040000
3297,Entry long,2026-04-22 01:00,2324.230000,1,-11.610000,-0.5000,3.336667,11.753333,875.040000
3296,Exit long,2026-04-22 01:30,2312.620000,1,-12.720000,-0.5500,3.336667,11.753333,886.650000
3296,Entry long,2026-04-22 00:45,2325.340000,1,-12.720000,-0.5500,3.336667,11.753333,886.650000
3295,Exit long,2026-04-22 01:30,2312.620000,1,-10.810000,-0.4700,4.270000,11.753333,899.370000
3295,Entry long,2026-04-22 00:30,2323.430000,1,-10.810000,-0.4700,4.270000,11.753333,899.370000
3294,Exit short,2026-04-21 13:30,2306.620000,1,0.390000,0.0200,4.983333,3.056667,910.180000
3294,Entry short,2026-04-21 13:00,2307.010000,1,0.390000,0.0200,4.983333,3.056667,910.180000
3293,Exit short,2026-04-21 13:30,2306.620000,1,-9.480000,-0.4100,14.250000,3.980000,909.790000
3293,Entry short,2026-04-21 12:45,2297.140000,1,-9.480000,-0.4100,14.250000,3.980000,909.790000
3292,Exit short,2026-04-21 13:30,2306.620000,1,10.060000,0.4300,24.140000,3.980000,919.270000
3292,Entry short,2026-04-21 12:30,2316.680000,1,10.060000,0.4300,24.140000,3.980000,919.270000
3291,Exit long,2026-04-21 01:30,2321.560000,1,0.900000,0.0400,8.700000,-0.000000,909.210000
3291,Entry long,2026-04-21 01:00,2320.660000,1,0.900000,0.0400,8.700000,-0.000000,909.210000
3290,Exit long,2026-04-21 01:30,2321.560000,1,6.750000,0.2900,8.730000,-0.000000,908.310000
3290,Entry long,2026-04-21 00:45,2314.810000,1,6.750000,0.2900,8.730000,-0.000000,908.310000
3289,Exit long,2026-04-21 01:30,2321.560000,1,6.870000,0.3000,8.730000,1.680000,901.560000
3289,Entry long,2026-04-21 00:30,2314.690000,1,6.870000,0.3000,8.730000,1.680000,901.560000
3288,Exit short,2026-04-20 13:30,2315.550000,1,2.080000,0.0900,5.353333,12.116667,894.690000
3288,Entry short,2026-04-20 13:00,2317.630000,1,2.080000,0.0900,5.353333,12.116667,894.690000
3287,Exit short,2026-04-20 13:30,2315.550000,1,-5.710000,-0.2500,5.353333,12.116667,892.610000
3287,Entry short,2026-04-20 12:45,2309.840000,1,-5.710000,-0.2500,5.353333,12.116667,892.610000
3286,Exit short,2026-04-20 13:30,2315.550000,1,-1.370000,-0.0600,9.040000,12.116667,898.320000
3286,Entry short,2026-04-20 12:30,2314.180000,1,-1.370000,-0.0600,9.040000,12.116667,898.320000
3285,Exit long,2026-04-20 01:30,2279.410000,1,0.920000,0.0400,7.783333,-0.000000,899.690000
3285,Entry long,2026-04-20 01:00,2278.490000,1,0.920000,0.0400,7.783333,-0.000000,899.690000
3284,Exit long,2026-04-20 01:30,2279.410000,1,5.100000,0.2200,7.783333,1.255000,898.770000
3284,Entry long,2026-04-20 00:45,2274.310000,1,5.100000,0.2200,7.783333,1.255000,898.770000
3283,Exit long,2026-04-20 01:30,2279.410000,1,4.310000,0.1900,7.783333,2.720000,893.670000
3283,Entry long,2026-04-20 00:30,2275.100000,1,4.310000,0.1900,7.783333,2.720000,893.670000
3282,Exit short,2026-04-19 13:30,2339.990000,1,-10.600000,-0.4600,0.000000,22.083333,889.360000
3282,Entry short,2026-04-19 13:00,2329.390000,1,-10.600000,-0.4600,0.000000,22.083333,889.360000
3281,Exit short,2026-04-19 13:30,2339.990000,1,-15.570000,-0.6700,2.560000,22.083333,899.960000
3281,Entry short,2026-04-19 12:45,2324.420000,1,-15.570000,-0.6700,2.560000,22.083333,899.960000
3280,Exit short,2026-04-19 13:30,2339.990000,1,-13.290000,-0.5700,4.260000,22.083333,915.530000
3280,Entry short,2026-04-19 12:30,2326.700000,1,-13.290000,-0.5700,4.260000,22.083333,915.530000
3279,Exit long,2026-04-19 01:30,2342.600000,1,-4.990000,-0.2100,5.393333,3.726667,928.820000
3279,Entry long,2026-04-19 01:00,2347.590000,1,-4.990000,-0.2100,5.393333,3.726667,928.820000
3278,Exit long,2026-04-19 01:30,2342.600000,1,-2.080000,-0.0900,5.393333,3.726667,933.810000
3278,Entry long,2026-04-19 00:45,2344.680000,1,-2.080000,-0.0900,5.393333,3.726667,933.810000
3277,Exit long,2026-04-19 01:30,2342.600000,1,-4.080000,-0.1700,5.393333,3.726667,935.890000
3277,Entry long,2026-04-19 00:30,2346.680000,1,-4.080000,-0.1700,5.393333,3.726667,935.890000
3276,Exit short,2026-04-18 13:30,2352.470000,1,4.020000,0.1700,6.086667,3.683333,939.970000
3276,Entry short,2026-04-18 13:00,2356.490000,1,4.020000,0.1700,6.086667,3.683333,939.970000
3275,Exit short,2026-04-18 13:30,2352.470000,1,2.860000,0.1200,6.086667,3.683333,935.950000
3275,Entry short,2026-04-18 12:45,2355.330000,1,2.860000,0.1200,6.086667,3.683333,935.950000
3274,Exit short,2026-04-18 13:30,2352.470000,1,1.120000,0.0500,6.086667,3.683333,933.090000
3274,Entry short,2026-04-18 12:30,2353.590000,1,1.120000,0.0500,6.086667,3.683333,933.090000
3273,Exit long,2026-04-18 01:30,2422.870000,1,3.050000,0.1300,8.910000,2.230000,931.970000
3273,Entry long,2026-04-18 01:00,2419.820000,1,3.050000,0.1300,8.910000,2.230000,931.970000
3272,Exit long,2026-04-18 01:30,2422.870000,1,9.840000,0.4100,8.910000,4.375000,928.920000
3272,Entry long,2026-04-18 00:45,2413.030000,1,9.840000,0.4100,8.910000,4.375000,928.920000
3271,Exit long,2026-04-18 01:30,2422.870000,1,2.590000,0.1100,8.910000,12.270000,919.080000
3271,Entry long,2026-04-18 00:30,2420.280000,1,2.590000,0.1100,8.910000,12.270000,919.080000
3270,Exit short,2026-04-17 13:30,2403.860000,1,-33.130000,-1.4000,0.000000,64.646667,916.490000
3270,Entry short,2026-04-17 13:00,2370.730000,1,-33.130000,-1.4000,0.000000,64.646667,916.490000
3269,Exit short,2026-04-17 13:30,2403.860000,1,-48.770000,-2.0700,2.315000,64.646667,949.620000
3269,Entry short,2026-04-17 12:45,2355.090000,1,-48.770000,-2.0700,2.315000,64.646667,949.620000
3268,Exit short,2026-04-17 13:30,2403.860000,1,-45.620000,-1.9300,5.320000,64.646667,998.390000
3268,Entry short,2026-04-17 12:30,2358.240000,1,-45.620000,-1.9300,5.320000,64.646667,998.390000
3267,Exit long,2026-04-17 01:30,2332.320000,1,-10.970000,-0.4700,3.910000,18.790000,1044.010000
3267,Entry long,2026-04-17 01:00,2343.290000,1,-10.970000,-0.4700,3.910000,18.790000,1044.010000
3266,Exit long,2026-04-17 01:30,2332.320000,1,-12.010000,-0.5100,3.910000,18.790000,1054.980000
3266,Entry long,2026-04-17 00:45,2344.330000,1,-12.010000,-0.5100,3.910000,18.790000,1054.980000
3265,Exit long,2026-04-17 01:30,2332.320000,1,-12.330000,-0.5300,4.760000,18.790000,1066.990000
3265,Entry long,2026-04-17 00:30,2344.650000,1,-12.330000,-0.5300,4.760000,18.790000,1066.990000
3264,Exit short,2026-04-16 13:30,2347.830000,1,-8.560000,-0.3700,2.476667,12.963333,1079.320000
3264,Entry short,2026-04-16 13:00,2339.270000,1,-8.560000,-0.3700,2.476667,12.963333,1079.320000
3263,Exit short,2026-04-16 13:30,2347.830000,1,-9.630000,-0.4100,2.590000,12.963333,1087.880000
3263,Entry short,2026-04-16 12:45,2338.200000,1,-9.630000,-0.4100,2.590000,12.963333,1087.880000
3262,Exit short,2026-04-16 13:30,2347.830000,1,-8.190000,-0.3500,4.240000,12.963333,1097.510000
3262,Entry short,2026-04-16 12:30,2339.640000,1,-8.190000,-0.3500,4.240000,12.963333,1097.510000
3261,Exit long,2026-04-16 01:30,2350.070000,1,-9.140000,-0.3900,2.450000,13.500000,1105.700000
3261,Entry long,2026-04-16 01:00,2359.210000,1,-9.140000,-0.3900,2.450000,13.500000,1105.700000
3260,Exit long,2026-04-16 01:30,2350.070000,1,-7.430000,-0.3200,6.400000,13.500000,1114.840000
3260,Entry long,2026-04-16 00:45,2357.500000,1,-7.430000,-0.3200,6.400000,13.500000,1114.840000
3259,Exit long,2026-04-16 01:30,2350.070000,1,-3.530000,-0.1500,9.280000,13.500000,1122.270000
3259,Entry long,2026-04-16 00:30,2353.600000,1,-3.530000,-0.1500,9.280000,13.500000,1122.270000
3258,Exit short,2026-04-15 13:30,2331.280000,1,0.370000,0.0200,6.296667,1.483333,1125.800000
3258,Entry short,2026-04-15 13:00,2331.650000,1,0.370000,0.0200,6.296667,1.483333,1125.800000
3257,Exit short,2026-04-15 13:30,2331.280000,1,4.120000,0.1800,6.296667,2.395000,1125.430000
3257,Entry short,2026-04-15 12:45,2335.400000,1,4.120000,0.1800,6.296667,2.395000,1125.430000
3256,Exit short,2026-04-15 13:30,2331.280000,1,-0.630000,-0.0300,6.296667,8.370000,1121.310000
3256,Entry short,2026-04-15 12:30,2330.650000,1,-0.630000,-0.0300,6.296667,8.370000,1121.310000
3255,Exit long,2026-04-15 01:30,2335.350000,1,2.840000,0.1200,5.996667,3.593333,1121.940000
3255,Entry long,2026-04-15 01:00,2332.510000,1,2.840000,0.1200,5.996667,3.593333,1121.940000
3254,Exit long,2026-04-15 01:30,2335.350000,1,3.390000,0.1500,5.996667,7.135000,1119.100000
3254,Entry long,2026-04-15 00:45,2331.960000,1,3.390000,0.1500,5.996667,7.135000,1119.100000
3253,Exit long,2026-04-15 01:30,2335.350000,1,-1.500000,-0.0600,5.996667,7.135000,1115.710000
3253,Entry long,2026-04-15 00:30,2336.850000,1,-1.500000,-0.0600,5.996667,7.135000,1115.710000
3252,Exit short,2026-04-14 13:30,2372.470000,1,0.380000,0.0200,0.113333,11.546667,1117.210000
3252,Entry short,2026-04-14 13:00,2372.850000,1,0.380000,0.0200,0.113333,11.546667,1117.210000
3251,Exit short,2026-04-14 13:30,2372.470000,1,-2.860000,-0.1200,1.275000,11.546667,1116.830000
3251,Entry short,2026-04-14 12:45,2369.610000,1,-2.860000,-0.1200,1.275000,11.546667,1116.830000
3250,Exit short,2026-04-14 13:30,2372.470000,1,-0.570000,-0.0200,3.210000,11.546667,1119.690000
3250,Entry short,2026-04-14 12:30,2371.900000,1,-0.570000,-0.0200,3.210000,11.546667,1119.690000
3249,Exit long,2026-04-14 01:30,2362.810000,1,2.440000,0.1000,3.440000,11.250000,1120.260000
3249,Entry long,2026-04-14 01:00,2360.370000,1,2.440000,0.1000,3.440000,11.250000,1120.260000
3248,Exit long,2026-04-14 01:30,2362.810000,1,-6.330000,-0.2700,3.440000,11.250000,1117.820000
3248,Entry long,2026-04-14 00:45,2369.140000,1,-6.330000,-0.2700,3.440000,11.250000,1117.820000
3247,Exit long,2026-04-14 01:30,2362.810000,1,-3.040000,-0.1300,4.860000,11.250000,1124.150000
3247,Entry long,2026-04-14 00:30,2365.850000,1,-3.040000,-0.1300,4.860000,11.250000,1124.150000
3246,Exit short,2026-04-13 13:30,2195.840000,1,-4.360000,-0.2000,0.000000,18.656667,1127.190000
3246,Entry short,2026-04-13 13:00,2191.480000,1,-4.360000,-0.2000,0.000000,18.656667,1127.190000
3245,Exit short,2026-04-13 13:30,2195.840000,1,-16.930000,-0.7800,0.210000,18.890000,1131.550000
3245,Entry short,2026-04-13 12:45,2178.910000,1,-16.930000,-0.7800,0.210000,18.890000,1131.550000
3244,Exit short,2026-04-13 13:30,2195.840000,1,-16.530000,-0.7600,4.830000,18.890000,1148.480000
3244,Entry short,2026-04-13 12:30,2179.310000,1,-16.530000,-0.7600,4.830000,18.890000,1148.480000
3243,Exit long,2026-04-13 01:30,2202.050000,1,-2.040000,-0.0900,7.653333,0.246667,1165.010000
3243,Entry long,2026-04-13 01:00,2204.090000,1,-2.040000,-0.0900,7.653333,0.246667,1165.010000
3242,Exit long,2026-04-13 01:30,2202.050000,1,4.560000,0.2100,9.135000,1.735000,1167.050000
3242,Entry long,2026-04-13 00:45,2197.490000,1,4.560000,0.2100,9.135000,1.735000,1167.050000
3241,Exit long,2026-04-13 01:30,2202.050000,1,2.890000,0.1300,9.135000,3.310000,1162.490000
3241,Entry long,2026-04-13 00:30,2199.160000,1,2.890000,0.1300,9.135000,3.310000,1162.490000
3240,Exit short,2026-04-12 13:30,2193.780000,1,-0.380000,-0.0200,15.833333,-0.000000,1159.600000
3240,Entry short,2026-04-12 13:00,2193.400000,1,-0.380000,-0.0200,15.833333,-0.000000,1159.600000
3239,Exit short,2026-04-12 13:30,2193.780000,1,11.720000,0.5300,19.290000,1.530000,1159.980000
3239,Entry short,2026-04-12 12:45,2205.500000,1,11.720000,0.5300,19.290000,1.530000,1159.980000
3238,Exit short,2026-04-12 13:30,2193.780000,1,9.820000,0.4500,19.290000,3.750000,1148.260000
3238,Entry short,2026-04-12 12:30,2203.600000,1,9.820000,0.4500,19.290000,3.750000,1148.260000
3237,Exit long,2026-04-12 01:30,2282.450000,1,-2.110000,-0.0900,5.116667,4.133333,1138.440000
3237,Entry long,2026-04-12 01:00,2284.560000,1,-2.110000,-0.0900,5.116667,4.133333,1138.440000
3236,Exit long,2026-04-12 01:30,2282.450000,1,2.790000,0.1200,5.116667,4.133333,1140.550000
3236,Entry long,2026-04-12 00:45,2279.660000,1,2.790000,0.1200,5.116667,4.133333,1140.550000
3235,Exit long,2026-04-12 01:30,2282.450000,1,-0.480000,-0.0200,5.116667,4.790000,1137.760000
3235,Entry long,2026-04-12 00:30,2282.930000,1,-0.480000,-0.0200,5.116667,4.790000,1137.760000
3234,Exit short,2026-04-11 13:30,2236.490000,1,7.760000,0.3500,11.096667,1.013333,1138.240000
3234,Entry short,2026-04-11 13:00,2244.250000,1,7.760000,0.3500,11.096667,1.013333,1138.240000
3233,Exit short,2026-04-11 13:30,2236.490000,1,7.760000,0.3500,11.096667,2.320000,1130.480000
3233,Entry short,2026-04-11 12:45,2244.250000,1,7.760000,0.3500,11.096667,2.320000,1130.480000
3232,Exit short,2026-04-11 13:30,2236.490000,1,4.900000,0.2200,11.096667,4.350000,1122.720000
3232,Entry short,2026-04-11 12:30,2241.390000,1,4.900000,0.2200,11.096667,4.350000,1122.720000
3231,Exit long,2026-04-11 01:30,2237.790000,1,0.180000,0.0100,2.796667,4.123333,1117.820000
3231,Entry long,2026-04-11 01:00,2237.610000,1,0.180000,0.0100,2.796667,4.123333,1117.820000
3230,Exit long,2026-04-11 01:30,2237.790000,1,1.440000,0.0600,2.796667,4.123333,1117.640000
3230,Entry long,2026-04-11 00:45,2236.350000,1,1.440000,0.0600,2.796667,4.123333,1117.640000
3229,Exit long,2026-04-11 01:30,2237.790000,1,-0.610000,-0.0300,2.796667,4.123333,1116.200000
3229,Entry long,2026-04-11 00:30,2238.400000,1,-0.610000,-0.0300,2.796667,4.123333,1116.200000
3228,Exit short,2026-04-10 13:30,2218.800000,1,-0.940000,-0.0400,4.273333,1.486667,1116.810000
3228,Entry short,2026-04-10 13:00,2217.860000,1,-0.940000,-0.0400,4.273333,1.486667,1116.810000
3227,Exit short,2026-04-10 13:30,2218.800000,1,4.740000,0.2100,4.273333,5.530000,1117.750000
3227,Entry short,2026-04-10 12:45,2223.540000,1,4.740000,0.2100,4.273333,5.530000,1117.750000
3226,Exit short,2026-04-10 13:30,2218.800000,1,-3.400000,-0.1500,8.630000,12.450000,1113.010000
3226,Entry short,2026-04-10 12:30,2215.400000,1,-3.400000,-0.1500,8.630000,12.450000,1113.010000
3225,Exit long,2026-04-10 01:30,2185.120000,1,-8.840000,-0.4000,4.756667,17.633333,1116.410000
3225,Entry long,2026-04-10 01:00,2193.960000,1,-8.840000,-0.4000,4.756667,17.633333,1116.410000
3224,Exit long,2026-04-10 01:30,2185.120000,1,-6.590000,-0.3000,6.195000,17.633333,1125.250000
3224,Entry long,2026-04-10 00:45,2191.710000,1,-6.590000,-0.3000,6.195000,17.633333,1125.250000
3223,Exit long,2026-04-10 01:30,2185.120000,1,-3.540000,-0.1600,6.195000,17.633333,1131.840000
3223,Entry long,2026-04-10 00:30,2188.660000,1,-3.540000,-0.1600,6.195000,17.633333,1131.840000
3222,Exit short,2026-04-09 13:30,2177.570000,1,4.700000,0.2200,9.856667,2.443333,1135.380000
3222,Entry short,2026-04-09 13:00,2182.270000,1,4.700000,0.2200,9.856667,2.443333,1135.380000
3221,Exit short,2026-04-09 13:30,2177.570000,1,4.900000,0.2200,9.856667,2.443333,1130.680000
3221,Entry short,2026-04-09 12:45,2182.470000,1,4.900000,0.2200,9.856667,2.443333,1130.680000
3220,Exit short,2026-04-09 13:30,2177.570000,1,6.260000,0.2900,9.856667,2.620000,1125.780000
3220,Entry short,2026-04-09 12:30,2183.830000,1,6.260000,0.2900,9.856667,2.620000,1125.780000
3219,Exit long,2026-04-09 01:30,2169.110000,1,-12.910000,-0.5900,1.566667,22.743333,1119.520000
3219,Entry long,2026-04-09 01:00,2182.020000,1,-12.910000,-0.5900,1.566667,22.743333,1119.520000
3218,Exit long,2026-04-09 01:30,2169.110000,1,-13.030000,-0.6000,3.055000,22.743333,1132.430000
3218,Entry long,2026-04-09 00:45,2182.140000,1,-13.030000,-0.6000,3.055000,22.743333,1132.430000
3217,Exit long,2026-04-09 01:30,2169.110000,1,-14.960000,-0.6800,3.055000,22.743333,1145.460000
3217,Entry long,2026-04-09 00:30,2184.070000,1,-14.960000,-0.6800,3.055000,22.743333,1145.460000
3216,Exit short,2026-04-08 13:30,2259.640000,1,-5.000000,-0.2200,0.366667,17.873333,1160.420000
3216,Entry short,2026-04-08 13:00,2254.640000,1,-5.000000,-0.2200,0.366667,17.873333,1160.420000
3215,Exit short,2026-04-08 13:30,2259.640000,1,-6.050000,-0.2700,0.366667,17.873333,1165.420000
3215,Entry short,2026-04-08 12:45,2253.590000,1,-6.050000,-0.2700,0.366667,17.873333,1165.420000
3214,Exit short,2026-04-08 13:30,2259.640000,1,-12.540000,-0.5600,0.590000,17.873333,1171.470000
3214,Entry short,2026-04-08 12:30,2247.100000,1,-12.540000,-0.5600,0.590000,17.873333,1171.470000
3213,Exit long,2026-04-08 01:30,2231.790000,1,-3.530000,-0.1600,5.853333,7.176667,1184.010000
3213,Entry long,2026-04-08 01:00,2235.320000,1,-3.530000,-0.1600,5.853333,7.176667,1184.010000
3212,Exit long,2026-04-08 01:30,2231.790000,1,-3.780000,-0.1700,5.853333,11.165000,1187.540000
3212,Entry long,2026-04-08 00:45,2235.570000,1,-3.780000,-0.1700,5.853333,11.165000,1187.540000
3211,Exit long,2026-04-08 01:30,2231.790000,1,-7.530000,-0.3400,5.853333,11.165000,1191.320000
3211,Entry long,2026-04-08 00:30,2239.320000,1,-7.530000,-0.3400,5.853333,11.165000,1191.320000
3210,Exit short,2026-04-07 13:30,2083.540000,1,2.220000,0.1100,0.000000,10.726667,1198.850000
3210,Entry short,2026-04-07 13:00,2085.760000,1,2.220000,0.1100,0.000000,10.726667,1198.850000
3209,Exit short,2026-04-07 13:30,2083.540000,1,-7.550000,-0.3600,6.675000,11.055000,1196.630000
3209,Entry short,2026-04-07 12:45,2075.990000,1,-7.550000,-0.3600,6.675000,11.055000,1196.630000
3208,Exit short,2026-04-07 13:30,2083.540000,1,0.360000,0.0200,10.480000,11.055000,1204.180000
3208,Entry short,2026-04-07 12:30,2083.900000,1,0.360000,0.0200,10.480000,11.055000,1204.180000
3207,Exit long,2026-04-07 01:30,2111.950000,1,0.450000,0.0200,7.820000,8.700000,1203.820000
3207,Entry long,2026-04-07 01:00,2111.500000,1,0.450000,0.0200,7.820000,8.700000,1203.820000
3206,Exit long,2026-04-07 01:30,2111.950000,1,1.050000,0.0500,7.820000,8.700000,1203.370000
3206,Entry long,2026-04-07 00:45,2110.900000,1,1.050000,0.0500,7.820000,8.700000,1203.370000
3205,Exit long,2026-04-07 01:30,2111.950000,1,-1.530000,-0.0700,7.820000,8.700000,1202.320000
3205,Entry long,2026-04-07 00:30,2113.480000,1,-1.530000,-0.0700,7.820000,8.700000,1202.320000
3204,Exit short,2026-04-06 13:30,2142.810000,1,-0.300000,-0.0100,9.526667,-0.000000,1203.850000
3204,Entry short,2026-04-06 13:00,2142.510000,1,-0.300000,-0.0100,9.526667,-0.000000,1203.850000
3203,Exit short,2026-04-06 13:30,2142.810000,1,7.870000,0.3700,9.526667,4.710000,1204.150000
3203,Entry short,2026-04-06 12:45,2150.680000,1,7.870000,0.3700,9.526667,4.710000,1204.150000
3202,Exit short,2026-04-06 13:30,2142.810000,1,4.690000,0.2200,9.526667,5.230000,1196.280000
3202,Entry short,2026-04-06 12:30,2147.500000,1,4.690000,0.2200,9.526667,5.230000,1196.280000
3201,Exit long,2026-04-06 01:30,2118.740000,1,-2.410000,-0.1100,0.213333,12.146667,1191.590000
3201,Entry long,2026-04-06 01:00,2121.150000,1,-2.410000,-0.1100,0.213333,12.146667,1191.590000
3200,Exit long,2026-04-06 01:30,2118.740000,1,-8.870000,-0.4200,4.110000,12.146667,1194.000000
3200,Entry long,2026-04-06 00:45,2127.610000,1,-8.870000,-0.4200,4.110000,12.146667,1194.000000
3199,Exit long,2026-04-06 01:30,2118.740000,1,-3.410000,-0.1600,9.130000,12.146667,1202.870000
3199,Entry long,2026-04-06 00:30,2122.150000,1,-3.410000,-0.1600,9.130000,12.146667,1202.870000
3198,Exit short,2026-04-05 13:30,2024.610000,1,2.340000,0.1200,4.636667,2.903333,1206.280000
3198,Entry short,2026-04-05 13:00,2026.950000,1,2.340000,0.1200,4.636667,2.903333,1206.280000
3197,Exit short,2026-04-05 13:30,2024.610000,1,-1.020000,-0.0500,8.255000,2.903333,1203.940000
3197,Entry short,2026-04-05 12:45,2023.590000,1,-1.020000,-0.0500,8.255000,2.903333,1203.940000
3196,Exit short,2026-04-05 13:30,2024.610000,1,11.690000,0.5700,15.690000,2.903333,1204.960000
3196,Entry short,2026-04-05 12:30,2036.300000,1,11.690000,0.5700,15.690000,2.903333,1204.960000
3195,Exit long,2026-04-05 01:30,2058.260000,1,-3.020000,-0.1500,0.000000,6.996667,1193.270000
3195,Entry long,2026-04-05 01:00,2061.280000,1,-3.020000,-0.1500,0.000000,6.996667,1193.270000
3194,Exit long,2026-04-05 01:30,2058.260000,1,-5.870000,-0.2800,0.730000,6.996667,1196.290000
3194,Entry long,2026-04-05 00:45,2064.130000,1,-5.870000,-0.2800,0.730000,6.996667,1196.290000
3193,Exit long,2026-04-05 01:30,2058.260000,1,-5.350000,-0.2600,0.960000,6.996667,1202.160000
3193,Entry long,2026-04-05 00:30,2063.610000,1,-5.350000,-0.2600,0.960000,6.996667,1202.160000
3192,Exit short,2026-04-04 13:30,2049.130000,1,-0.230000,-0.0100,0.180000,1.340000,1207.510000
3192,Entry short,2026-04-04 13:00,2048.900000,1,-0.230000,-0.0100,0.180000,1.340000,1207.510000
3191,Exit short,2026-04-04 13:30,2049.130000,1,-1.810000,-0.0900,1.520000,1.340000,1207.740000
3191,Entry short,2026-04-04 12:45,2047.320000,1,-1.810000,-0.0900,1.520000,1.340000,1207.740000
3190,Exit short,2026-04-04 13:30,2049.130000,1,1.230000,0.0600,3.360000,1.340000,1209.550000
3190,Entry short,2026-04-04 12:30,2050.360000,1,1.230000,0.0600,3.360000,1.340000,1209.550000
3189,Exit long,2026-04-04 01:30,2049.250000,1,-2.000000,-0.1000,1.233333,3.076667,1208.320000
3189,Entry long,2026-04-04 01:00,2051.250000,1,-2.000000,-0.1000,1.233333,3.076667,1208.320000
3188,Exit long,2026-04-04 01:30,2049.250000,1,-3.290000,-0.1600,1.233333,3.076667,1210.320000
3188,Entry long,2026-04-04 00:45,2052.540000,1,-3.290000,-0.1600,1.233333,3.076667,1210.320000
3187,Exit long,2026-04-04 01:30,2049.250000,1,-2.050000,-0.1000,1.700000,3.076667,1213.610000
3187,Entry long,2026-04-04 00:30,2051.300000,1,-2.050000,-0.1000,1.700000,3.076667,1213.610000
3186,Exit short,2026-04-03 13:30,2047.540000,1,1.500000,0.0700,17.123333,-0.000000,1215.660000
3186,Entry short,2026-04-03 13:00,2049.040000,1,1.500000,0.0700,17.123333,-0.000000,1215.660000
3185,Exit short,2026-04-03 13:30,2047.540000,1,10.060000,0.4900,18.390000,-0.000000,1214.160000
3185,Entry short,2026-04-03 12:45,2057.600000,1,10.060000,0.4900,18.390000,-0.000000,1214.160000
3184,Exit short,2026-04-03 13:30,2047.540000,1,18.840000,0.9100,18.390000,17.640000,1204.100000
3184,Entry short,2026-04-03 12:30,2066.380000,1,18.840000,0.9100,18.390000,17.640000,1204.100000
3183,Exit long,2026-04-03 01:30,2058.460000,1,6.400000,0.3100,6.593333,2.826667,1185.260000
3183,Entry long,2026-04-03 01:00,2052.060000,1,6.400000,0.3100,6.593333,2.826667,1185.260000
3182,Exit long,2026-04-03 01:30,2058.460000,1,5.940000,0.2900,6.593333,4.720000,1178.860000
3182,Entry long,2026-04-03 00:45,2052.520000,1,5.940000,0.2900,6.593333,4.720000,1178.860000
3181,Exit long,2026-04-03 01:30,2058.460000,1,4.500000,0.2200,6.593333,4.720000,1172.920000
3181,Entry long,2026-04-03 00:30,2053.960000,1,4.500000,0.2200,6.593333,4.720000,1172.920000
3180,Exit short,2026-04-02 13:30,2029.200000,1,-3.300000,-0.1600,11.793333,4.416667,1168.420000
3180,Entry short,2026-04-02 13:00,2025.900000,1,-3.300000,-0.1600,11.793333,4.416667,1168.420000
3179,Exit short,2026-04-02 13:30,2029.200000,1,0.420000,0.0200,11.793333,4.416667,1171.720000
3179,Entry short,2026-04-02 12:45,2029.620000,1,0.420000,0.0200,11.793333,4.416667,1171.720000
3178,Exit short,2026-04-02 13:30,2029.200000,1,0.730000,0.0400,11.793333,4.416667,1171.300000
3178,Entry short,2026-04-02 12:30,2029.930000,1,0.730000,0.0400,11.793333,4.416667,1171.300000
3177,Exit long,2026-04-02 01:30,2110.810000,1,-43.770000,-2.0300,6.853333,44.166667,1170.570000
3177,Entry long,2026-04-02 01:00,2154.580000,1,-43.770000,-2.0300,6.853333,44.166667,1170.570000
3176,Exit long,2026-04-02 01:30,2110.810000,1,-41.760000,-1.9400,13.730000,44.166667,1214.340000
3176,Entry long,2026-04-02 00:45,2152.570000,1,-41.760000,-1.9400,13.730000,44.166667,1214.340000
3175,Exit long,2026-04-02 01:30,2110.810000,1,-26.000000,-1.2200,19.910000,44.166667,1256.100000
3175,Entry long,2026-04-02 00:30,2136.810000,1,-26.000000,-1.2200,19.910000,44.166667,1256.100000
3174,Exit short,2026-04-01 13:30,2132.220000,1,-2.330000,-0.1100,22.050000,-0.000000,1282.100000
3174,Entry short,2026-04-01 13:00,2129.890000,1,-2.330000,-0.1100,22.050000,-0.000000,1282.100000
3173,Exit short,2026-04-01 13:30,2132.220000,1,8.780000,0.4100,22.050000,6.780000,1284.430000
3173,Entry short,2026-04-01 12:45,2141.000000,1,8.780000,0.4100,22.050000,6.780000,1284.430000
3172,Exit short,2026-04-01 13:30,2132.220000,1,-0.300000,-0.0100,22.050000,17.450000,1275.650000
3172,Entry short,2026-04-01 12:30,2131.920000,1,-0.300000,-0.0100,22.050000,17.450000,1275.650000
3171,Exit long,2026-04-01 01:30,2098.660000,1,-15.260000,-0.7200,9.333333,7.136667,1275.950000
3171,Entry long,2026-04-01 01:00,2113.920000,1,-15.260000,-0.7200,9.333333,7.136667,1275.950000
3170,Exit long,2026-04-01 01:30,2098.660000,1,-3.990000,-0.1900,15.900000,7.136667,1291.210000
3170,Entry long,2026-04-01 00:45,2102.650000,1,-3.990000,-0.1900,15.900000,7.136667,1291.210000
3169,Exit long,2026-04-01 01:30,2098.660000,1,-1.770000,-0.0800,15.900000,7.136667,1295.200000
3169,Entry long,2026-04-01 00:30,2100.430000,1,-1.770000,-0.0800,15.900000,7.136667,1295.200000
3168,Exit short,2026-03-31 13:30,2057.240000,1,-10.460000,-0.5100,4.136667,13.393333,1296.970000
3168,Entry short,2026-03-31 13:00,2046.780000,1,-10.460000,-0.5100,4.136667,13.393333,1296.970000
3167,Exit short,2026-03-31 13:30,2057.240000,1,-1.810000,-0.0900,9.575000,13.393333,1307.430000
3167,Entry short,2026-03-31 12:45,2055.430000,1,-1.810000,-0.0900,9.575000,13.393333,1307.430000
3166,Exit short,2026-03-31 13:30,2057.240000,1,-6.700000,-0.3300,9.575000,13.393333,1309.240000
3166,Entry short,2026-03-31 12:30,2050.540000,1,-6.700000,-0.3300,9.575000,13.393333,1309.240000
3165,Exit long,2026-03-31 01:30,2060.580000,1,24.800000,1.2200,31.816667,-0.000000,1315.940000
3165,Entry long,2026-03-31 01:00,2035.780000,1,24.800000,1.2200,31.816667,-0.000000,1315.940000
3164,Exit long,2026-03-31 01:30,2060.580000,1,31.650000,1.5600,31.816667,-0.000000,1291.140000
3164,Entry long,2026-03-31 00:45,2028.930000,1,31.650000,1.5600,31.816667,-0.000000,1291.140000
3163,Exit long,2026-03-31 01:30,2060.580000,1,34.740000,1.7100,31.816667,3.660000,1259.490000
3163,Entry long,2026-03-31 00:30,2025.840000,1,34.740000,1.7100,31.816667,3.660000,1259.490000
3162,Exit short,2026-03-30 13:30,2072.480000,1,1.240000,0.0600,2.743333,12.446667,1224.750000
3162,Entry short,2026-03-30 13:00,2073.720000,1,1.240000,0.0600,2.743333,12.446667,1224.750000
3161,Exit short,2026-03-30 13:30,2072.480000,1,0.930000,0.0400,2.743333,12.446667,1223.510000
3161,Entry short,2026-03-30 12:45,2073.410000,1,0.930000,0.0400,2.743333,12.446667,1223.510000
3160,Exit short,2026-03-30 13:30,2072.480000,1,-2.490000,-0.1200,2.743333,12.446667,1222.580000
3160,Entry short,2026-03-30 12:30,2069.990000,1,-2.490000,-0.1200,2.743333,12.446667,1222.580000
3159,Exit long,2026-03-30 01:30,2006.610000,1,10.180000,0.5100,10.626667,4.093333,1225.070000
3159,Entry long,2026-03-30 01:00,1996.430000,1,10.180000,0.5100,10.626667,4.093333,1225.070000
3158,Exit long,2026-03-30 01:30,2006.610000,1,9.160000,0.4600,10.626667,11.720000,1214.890000
3158,Entry long,2026-03-30 00:45,1997.450000,1,9.160000,0.4600,10.626667,11.720000,1214.890000
3157,Exit long,2026-03-30 01:30,2006.610000,1,-0.060000,-0.0000,10.626667,13.090000,1205.730000
3157,Entry long,2026-03-30 00:30,2006.670000,1,-0.060000,-0.0000,10.626667,13.090000,1205.730000
3156,Exit short,2026-03-29 13:30,1990.230000,1,10.410000,0.5200,17.953333,0.926667,1205.790000
3156,Entry short,2026-03-29 13:00,2000.640000,1,10.410000,0.5200,17.953333,0.926667,1205.790000
3155,Exit short,2026-03-29 13:30,1990.230000,1,7.930000,0.4000,17.953333,2.575000,1195.380000
3155,Entry short,2026-03-29 12:45,1998.160000,1,7.930000,0.4000,17.953333,2.575000,1195.380000
3154,Exit short,2026-03-29 13:30,1990.230000,1,11.460000,0.5700,17.953333,2.575000,1187.450000
3154,Entry short,2026-03-29 12:30,2001.690000,1,11.460000,0.5700,17.953333,2.575000,1187.450000
3153,Exit long,2026-03-29 01:30,2003.260000,1,5.250000,0.2600,12.093333,-0.000000,1175.990000
3153,Entry long,2026-03-29 01:00,1998.010000,1,5.250000,0.2600,12.093333,-0.000000,1175.990000
3152,Exit long,2026-03-29 01:30,2003.260000,1,9.640000,0.4800,12.093333,-0.000000,1170.740000
3152,Entry long,2026-03-29 00:45,1993.620000,1,9.640000,0.4800,12.093333,-0.000000,1170.740000
3151,Exit long,2026-03-29 01:30,2003.260000,1,10.590000,0.5300,12.093333,0.900000,1161.100000
3151,Entry long,2026-03-29 00:30,1992.670000,1,10.590000,0.5300,12.093333,0.900000,1161.100000
3150,Exit short,2026-03-28 13:30,2001.890000,1,-3.140000,-0.1600,0.000000,4.393333,1150.510000
3150,Entry short,2026-03-28 13:00,1998.750000,1,-3.140000,-0.1600,0.000000,4.393333,1150.510000
3149,Exit short,2026-03-28 13:30,2001.890000,1,-6.890000,-0.3500,3.095000,4.393333,1153.650000
3149,Entry short,2026-03-28 12:45,1995.000000,1,-6.890000,-0.3500,3.095000,4.393333,1153.650000
3148,Exit short,2026-03-28 13:30,2001.890000,1,-1.080000,-0.0500,9.580000,4.393333,1160.540000
3148,Entry short,2026-03-28 12:30,2000.810000,1,-1.080000,-0.0500,9.580000,4.393333,1160.540000
3147,Exit long,2026-03-28 01:30,1987.210000,1,-4.300000,-0.2200,0.000000,8.213333,1161.620000
3147,Entry long,2026-03-28 01:00,1991.510000,1,-4.300000,-0.2200,0.000000,8.213333,1161.620000
3146,Exit long,2026-03-28 01:30,1987.210000,1,-5.760000,-0.2900,1.200000,8.213333,1165.920000
3146,Entry long,2026-03-28 00:45,1992.970000,1,-5.760000,-0.2900,1.200000,8.213333,1165.920000
3145,Exit long,2026-03-28 01:30,1987.210000,1,-3.960000,-0.2000,3.130000,8.213333,1171.680000
3145,Entry long,2026-03-28 00:30,1991.170000,1,-3.960000,-0.2000,3.130000,8.213333,1171.680000
3144,Exit short,2026-03-27 13:30,1994.090000,1,-6.380000,-0.3200,1.336667,9.033333,1175.640000
3144,Entry short,2026-03-27 13:00,1987.710000,1,-6.380000,-0.3200,1.336667,9.033333,1175.640000
3143,Exit short,2026-03-27 13:30,1994.090000,1,-7.190000,-0.3600,3.945000,9.033333,1182.020000
3143,Entry short,2026-03-27 12:45,1986.900000,1,-7.190000,-0.3600,3.945000,9.033333,1182.020000
3142,Exit short,2026-03-27 13:30,1994.090000,1,-8.100000,-0.4100,5.760000,9.033333,1189.210000
3142,Entry short,2026-03-27 12:30,1985.990000,1,-8.100000,-0.4100,5.760000,9.033333,1189.210000
3141,Exit long,2026-03-27 01:30,2070.860000,1,6.760000,0.3300,10.206667,-0.000000,1197.310000
3141,Entry long,2026-03-27 01:00,2064.100000,1,6.760000,0.3300,10.206667,-0.000000,1197.310000
3140,Exit long,2026-03-27 01:30,2070.860000,1,9.560000,0.4600,10.206667,1.910000,1190.550000
3140,Entry long,2026-03-27 00:45,2061.300000,1,9.560000,0.4600,10.206667,1.910000,1190.550000
3139,Exit long,2026-03-27 01:30,2070.860000,1,11.660000,0.5700,10.206667,3.700000,1180.990000
3139,Entry long,2026-03-27 00:30,2059.200000,1,11.660000,0.5700,10.206667,3.700000,1180.990000
3138,Exit short,2026-03-26 13:30,2075.190000,1,-3.060000,-0.1500,0.010000,8.600000,1169.330000
3138,Entry short,2026-03-26 13:00,2072.130000,1,-3.060000,-0.1500,0.010000,8.600000,1169.330000
3137,Exit short,2026-03-26 13:30,2075.190000,1,-4.590000,-0.2200,0.450000,8.600000,1172.390000
3137,Entry short,2026-03-26 12:45,2070.600000,1,-4.590000,-0.2200,0.450000,8.600000,1172.390000
3136,Exit short,2026-03-26 13:30,2075.190000,1,-4.890000,-0.2400,5.080000,8.600000,1176.980000
3136,Entry short,2026-03-26 12:30,2070.300000,1,-4.890000,-0.2400,5.080000,8.600000,1176.980000
3135,Exit long,2026-03-26 01:30,2165.910000,1,0.680000,0.0300,2.760000,6.750000,1181.870000
3135,Entry long,2026-03-26 01:00,2165.230000,1,0.680000,0.0300,2.760000,6.750000,1181.870000
3134,Exit long,2026-03-26 01:30,2165.910000,1,-0.880000,-0.0400,5.475000,6.750000,1181.190000
3134,Entry long,2026-03-26 00:45,2166.790000,1,-0.880000,-0.0400,5.475000,6.750000,1181.190000
3133,Exit long,2026-03-26 01:30,2165.910000,1,1.010000,0.0500,5.475000,6.750000,1182.070000
3133,Entry long,2026-03-26 00:30,2164.900000,1,1.010000,0.0500,5.475000,6.750000,1182.070000
3132,Exit short,2026-03-25 13:30,2181.500000,1,0.770000,0.0400,0.000000,13.090000,1181.060000
3132,Entry short,2026-03-25 13:00,2182.270000,1,0.770000,0.0400,0.000000,13.090000,1181.060000
3131,Exit short,2026-03-25 13:30,2181.500000,1,-10.500000,-0.4800,1.990000,23.300000,1180.290000
3131,Entry short,2026-03-25 12:45,2171.000000,1,-10.500000,-0.4800,1.990000,23.300000,1180.290000
3130,Exit short,2026-03-25 13:30,2181.500000,1,-10.520000,-0.4800,7.650000,23.300000,1190.790000
3130,Entry short,2026-03-25 12:30,2170.980000,1,-10.520000,-0.4800,7.650000,23.300000,1190.790000
3129,Exit long,2026-03-25 01:30,2159.890000,1,-0.750000,-0.0300,6.520000,3.100000,1201.310000
3129,Entry long,2026-03-25 01:00,2160.640000,1,-0.750000,-0.0300,6.520000,3.100000,1201.310000
3128,Exit long,2026-03-25 01:30,2159.890000,1,-4.210000,-0.1900,8.800000,3.100000,1202.060000
3128,Entry long,2026-03-25 00:45,2164.100000,1,-4.210000,-0.1900,8.800000,3.100000,1202.060000
3127,Exit long,2026-03-25 01:30,2159.890000,1,5.950000,0.2800,14.060000,11.280000,1206.270000
3127,Entry long,2026-03-25 00:30,2153.940000,1,5.950000,0.2800,14.060000,11.280000,1206.270000
3126,Exit short,2026-03-24 13:30,2149.280000,1,12.110000,0.5600,15.306667,2.143333,1200.320000
3126,Entry short,2026-03-24 13:00,2161.390000,1,12.110000,0.5600,15.306667,2.143333,1200.320000
3125,Exit short,2026-03-24 13:30,2149.280000,1,11.120000,0.5100,15.306667,2.143333,1188.210000
3125,Entry short,2026-03-24 12:45,2160.400000,1,11.120000,0.5100,15.306667,2.143333,1188.210000
3124,Exit short,2026-03-24 13:30,2149.280000,1,16.750000,0.7700,15.306667,2.143333,1177.090000
3124,Entry short,2026-03-24 12:30,2166.030000,1,16.750000,0.7700,15.306667,2.143333,1177.090000
3123,Exit long,2026-03-24 01:30,2146.330000,1,4.330000,0.2000,7.836667,4.893333,1160.340000
3123,Entry long,2026-03-24 01:00,2142.000000,1,4.330000,0.2000,7.836667,4.893333,1160.340000
3122,Exit long,2026-03-24 01:30,2146.330000,1,6.610000,0.3100,7.836667,4.893333,1156.010000
3122,Entry long,2026-03-24 00:45,2139.720000,1,6.610000,0.3100,7.836667,4.893333,1156.010000
3121,Exit long,2026-03-24 01:30,2146.330000,1,4.950000,0.2300,7.836667,13.760000,1149.400000
3121,Entry long,2026-03-24 00:30,2141.380000,1,4.950000,0.2300,7.836667,13.760000,1149.400000
3120,Exit short,2026-03-23 13:30,2149.140000,1,-6.140000,-0.2900,0.000000,16.860000,1144.450000
3120,Entry short,2026-03-23 13:00,2143.000000,1,-6.140000,-0.2900,0.000000,16.860000,1144.450000
3119,Exit short,2026-03-23 13:30,2149.140000,1,-4.960000,-0.2300,0.000000,16.860000,1150.590000
3119,Entry short,2026-03-23 12:45,2144.180000,1,-4.960000,-0.2300,0.000000,16.860000,1150.590000
3118,Exit short,2026-03-23 13:30,2149.140000,1,-24.900000,-1.1700,4.540000,23.140000,1155.550000
3118,Entry short,2026-03-23 12:30,2124.240000,1,-24.900000,-1.1700,4.540000,23.140000,1155.550000
3117,Exit long,2026-03-23 01:30,2058.580000,1,16.070000,0.7900,14.943333,8.406667,1180.450000
3117,Entry long,2026-03-23 01:00,2042.510000,1,16.070000,0.7900,14.943333,8.406667,1180.450000
3116,Exit long,2026-03-23 01:30,2058.580000,1,13.600000,0.6700,14.943333,8.406667,1164.380000
3116,Entry long,2026-03-23 00:45,2044.980000,1,13.600000,0.6700,14.943333,8.406667,1164.380000
3115,Exit long,2026-03-23 01:30,2058.580000,1,5.650000,0.2800,14.943333,18.550000,1150.780000
3115,Entry long,2026-03-23 00:30,2052.930000,1,5.650000,0.2800,14.943333,18.550000,1150.780000
3114,Exit short,2026-03-22 13:30,2084.740000,1,-3.360000,-0.1600,0.783333,10.706667,1145.130000
3114,Entry short,2026-03-22 13:00,2081.380000,1,-3.360000,-0.1600,0.783333,10.706667,1145.130000
3113,Exit short,2026-03-22 13:30,2084.740000,1,-3.790000,-0.1800,5.770000,10.706667,1148.490000
3113,Entry short,2026-03-22 12:45,2080.950000,1,-3.790000,-0.1800,5.770000,10.706667,1148.490000
3112,Exit short,2026-03-22 13:30,2084.740000,1,-1.390000,-0.0700,5.770000,10.706667,1152.280000
3112,Entry short,2026-03-22 12:30,2083.350000,1,-1.390000,-0.0700,5.770000,10.706667,1152.280000
3111,Exit long,2026-03-22 01:30,2089.150000,1,2.900000,0.1400,6.340000,5.050000,1153.670000
3111,Entry long,2026-03-22 01:00,2086.250000,1,2.900000,0.1400,6.340000,5.050000,1153.670000
3110,Exit long,2026-03-22 01:30,2089.150000,1,-0.290000,-0.0100,6.705000,8.425000,1150.770000
3110,Entry long,2026-03-22 00:45,2089.440000,1,-0.290000,-0.0100,6.705000,8.425000,1150.770000
3109,Exit long,2026-03-22 01:30,2089.150000,1,4.560000,0.2200,9.410000,8.425000,1151.060000
3109,Entry long,2026-03-22 00:30,2084.590000,1,4.560000,0.2200,9.410000,8.425000,1151.060000
3108,Exit short,2026-03-21 13:30,2154.980000,1,1.980000,0.0900,3.053333,1.336667,1146.500000
3108,Entry short,2026-03-21 13:00,2156.960000,1,1.980000,0.0900,3.053333,1.336667,1146.500000
3107,Exit short,2026-03-21 13:30,2154.980000,1,2.560000,0.1200,3.053333,1.336667,1144.520000
3107,Entry short,2026-03-21 12:45,2157.540000,1,2.560000,0.1200,3.053333,1.336667,1144.520000
3106,Exit short,2026-03-21 13:30,2154.980000,1,3.510000,0.1600,3.053333,1.336667,1141.960000
3106,Entry short,2026-03-21 12:30,2158.490000,1,3.510000,0.1600,3.053333,1.336667,1141.960000
3105,Exit long,2026-03-21 01:30,2152.370000,1,-0.090000,-0.0000,8.530000,0.100000,1138.450000
3105,Entry long,2026-03-21 01:00,2152.460000,1,-0.090000,-0.0000,8.530000,0.100000,1138.450000
3104,Exit long,2026-03-21 01:30,2152.370000,1,3.180000,0.1500,8.530000,1.275000,1138.540000
3104,Entry long,2026-03-21 00:45,2149.190000,1,3.180000,0.1500,8.530000,1.275000,1138.540000
3103,Exit long,2026-03-21 01:30,2152.370000,1,2.610000,0.1200,8.530000,2.190000,1135.360000
3103,Entry long,2026-03-21 00:30,2149.760000,1,2.610000,0.1200,8.530000,2.190000,1135.360000
3102,Exit short,2026-03-20 13:30,2145.920000,1,-5.960000,-0.2800,5.566667,12.063333,1132.750000
3102,Entry short,2026-03-20 13:00,2139.960000,1,-5.960000,-0.2800,5.566667,12.063333,1132.750000
3101,Exit short,2026-03-20 13:30,2145.920000,1,-7.670000,-0.3600,5.566667,12.063333,1138.710000
3101,Entry short,2026-03-20 12:45,2138.250000,1,-7.670000,-0.3600,5.566667,12.063333,1138.710000
3100,Exit short,2026-03-20 13:30,2145.920000,1,-4.320000,-0.2000,7.680000,12.063333,1146.380000
3100,Entry short,2026-03-20 12:30,2141.600000,1,-4.320000,-0.2000,7.680000,12.063333,1146.380000
3099,Exit long,2026-03-20 01:30,2148.470000,1,3.960000,0.1800,9.290000,0.090000,1150.700000
3099,Entry long,2026-03-20 01:00,2144.510000,1,3.960000,0.1800,9.290000,0.090000,1150.700000
3098,Exit long,2026-03-20 01:30,2148.470000,1,3.670000,0.1700,9.290000,1.955000,1146.740000
3098,Entry long,2026-03-20 00:45,2144.800000,1,3.670000,0.1700,9.290000,1.955000,1146.740000
3097,Exit long,2026-03-20 01:30,2148.470000,1,6.620000,0.3100,9.290000,1.955000,1143.070000
3097,Entry long,2026-03-20 00:30,2141.850000,1,6.620000,0.3100,9.290000,1.955000,1143.070000
3096,Exit short,2026-03-19 13:30,2128.790000,1,2.560000,0.1200,39.460000,-0.000000,1136.450000
3096,Entry short,2026-03-19 13:00,2131.350000,1,2.560000,0.1200,39.460000,-0.000000,1136.450000
3095,Exit short,2026-03-19 13:30,2128.790000,1,24.250000,1.1300,39.460000,-0.000000,1133.890000
3095,Entry short,2026-03-19 12:45,2153.040000,1,24.250000,1.1300,39.460000,-0.000000,1133.890000
3094,Exit short,2026-03-19 13:30,2128.790000,1,25.900000,1.2000,39.460000,2.750000,1109.640000
3094,Entry short,2026-03-19 12:30,2154.690000,1,25.900000,1.2000,39.460000,2.750000,1109.640000
3093,Exit long,2026-03-19 01:30,2191.610000,1,-0.490000,-0.0200,1.003333,9.126667,1083.740000
3093,Entry long,2026-03-19 01:00,2192.100000,1,-0.490000,-0.0200,1.003333,9.126667,1083.740000
3092,Exit long,2026-03-19 01:30,2191.610000,1,0.230000,0.0100,1.003333,9.126667,1084.230000
3092,Entry long,2026-03-19 00:45,2191.380000,1,0.230000,0.0100,1.003333,9.126667,1084.230000
3091,Exit long,2026-03-19 01:30,2191.610000,1,-10.650000,-0.4800,1.003333,12.050000,1084.000000
3091,Entry long,2026-03-19 00:30,2202.260000,1,-10.650000,-0.4800,1.003333,12.050000,1084.000000
3090,Exit short,2026-03-18 13:30,2237.730000,1,-1.240000,-0.0600,25.373333,-0.000000,1094.650000
3090,Entry short,2026-03-18 13:00,2236.490000,1,-1.240000,-0.0600,25.373333,-0.000000,1094.650000
3089,Exit short,2026-03-18 13:30,2237.730000,1,3.060000,0.1400,25.373333,-0.000000,1095.890000
3089,Entry short,2026-03-18 12:45,2240.790000,1,3.060000,0.1400,25.373333,-0.000000,1095.890000
3088,Exit short,2026-03-18 13:30,2237.730000,1,24.800000,1.1000,26.130000,0.010000,1092.830000
3088,Entry short,2026-03-18 12:30,2262.530000,1,24.800000,1.1000,26.130000,0.010000,1092.830000
3087,Exit long,2026-03-18 01:30,2328.820000,1,5.550000,0.2400,13.406667,-0.000000,1068.030000
3087,Entry long,2026-03-18 01:00,2323.270000,1,5.550000,0.2400,13.406667,-0.000000,1068.030000
3086,Exit long,2026-03-18 01:30,2328.820000,1,15.160000,0.6600,13.406667,-0.000000,1062.480000
3086,Entry long,2026-03-18 00:45,2313.660000,1,15.160000,0.6600,13.406667,-0.000000,1062.480000
3085,Exit long,2026-03-18 01:30,2328.820000,1,16.000000,0.6900,13.406667,7.220000,1047.320000
3085,Entry long,2026-03-18 00:30,2312.820000,1,16.000000,0.6900,13.406667,7.220000,1047.320000
3084,Exit short,2026-03-17 13:30,2319.480000,1,-4.860000,-0.2100,5.640000,4.050000,1031.320000
3084,Entry short,2026-03-17 13:00,2314.620000,1,-4.860000,-0.2100,5.640000,4.050000,1031.320000
3083,Exit short,2026-03-17 13:30,2319.480000,1,0.540000,0.0200,7.575000,4.050000,1036.180000
3083,Entry short,2026-03-17 12:45,2320.020000,1,0.540000,0.0200,7.575000,4.050000,1036.180000
3082,Exit short,2026-03-17 13:30,2319.480000,1,-0.270000,-0.0100,7.575000,4.050000,1035.640000
3082,Entry short,2026-03-17 12:30,2319.210000,1,-0.270000,-0.0100,7.575000,4.050000,1035.640000
3081,Exit long,2026-03-17 01:30,2363.550000,1,7.010000,0.3000,18.970000,8.460000,1035.910000
3081,Entry long,2026-03-17 01:00,2356.540000,1,7.010000,0.3000,18.970000,8.460000,1035.910000
3080,Exit long,2026-03-17 01:30,2363.550000,1,11.000000,0.4700,18.970000,8.460000,1028.900000
3080,Entry long,2026-03-17 00:45,2352.550000,1,11.000000,0.4700,18.970000,8.460000,1028.900000
3079,Exit long,2026-03-17 01:30,2363.550000,1,10.550000,0.4500,18.970000,8.460000,1017.900000
3079,Entry long,2026-03-17 00:30,2353.000000,1,10.550000,0.4500,18.970000,8.460000,1017.900000
3078,Exit short,2026-03-16 13:30,2279.670000,1,-1.480000,-0.0600,15.886667,-0.000000,1007.350000
3078,Entry short,2026-03-16 13:00,2278.190000,1,-1.480000,-0.0600,15.886667,-0.000000,1007.350000
3077,Exit short,2026-03-16 13:30,2279.670000,1,2.330000,0.1000,15.886667,-0.000000,1008.830000
3077,Entry short,2026-03-16 12:45,2282.000000,1,2.330000,0.1000,15.886667,-0.000000,1008.830000
3076,Exit short,2026-03-16 13:30,2279.670000,1,19.360000,0.8400,20.020000,3.960000,1006.500000
3076,Entry short,2026-03-16 12:30,2299.030000,1,19.360000,0.8400,20.020000,3.960000,1006.500000
3075,Exit long,2026-03-16 01:30,2178.980000,1,8.580000,0.4000,12.816667,5.623333,987.140000
3075,Entry long,2026-03-16 01:00,2170.400000,1,8.580000,0.4000,12.816667,5.623333,987.140000
3074,Exit long,2026-03-16 01:30,2178.980000,1,9.710000,0.4500,12.816667,5.623333,978.560000
3074,Entry long,2026-03-16 00:45,2169.270000,1,9.710000,0.4500,12.816667,5.623333,978.560000
3073,Exit long,2026-03-16 01:30,2178.980000,1,11.100000,0.5100,12.816667,5.623333,968.850000
3073,Entry long,2026-03-16 00:30,2167.880000,1,11.100000,0.5100,12.816667,5.623333,968.850000
3072,Exit short,2026-03-15 13:30,2095.770000,1,12.870000,0.6100,23.743333,1.216667,957.750000
3072,Entry short,2026-03-15 13:00,2108.640000,1,12.870000,0.6100,23.743333,1.216667,957.750000
3071,Exit short,2026-03-15 13:30,2095.770000,1,12.460000,0.5900,23.743333,1.216667,944.880000
3071,Entry short,2026-03-15 12:45,2108.230000,1,12.460000,0.5900,23.743333,1.216667,944.880000
3070,Exit short,2026-03-15 13:30,2095.770000,1,20.190000,0.9500,23.743333,1.216667,932.420000
3070,Entry short,2026-03-15 12:30,2115.960000,1,20.190000,0.9500,23.743333,1.216667,932.420000
3069,Exit long,2026-03-15 01:30,2085.010000,1,-1.810000,-0.0900,0.303333,6.726667,912.230000
3069,Entry long,2026-03-15 01:00,2086.820000,1,-1.810000,-0.0900,0.303333,6.726667,912.230000
3068,Exit long,2026-03-15 01:30,2085.010000,1,-4.770000,-0.2300,0.715000,6.726667,914.040000
3068,Entry long,2026-03-15 00:45,2089.780000,1,-4.770000,-0.2300,0.715000,6.726667,914.040000
3067,Exit long,2026-03-15 01:30,2085.010000,1,-3.340000,-0.1600,2.030000,6.726667,918.810000
3067,Entry long,2026-03-15 00:30,2088.350000,1,-3.340000,-0.1600,2.030000,6.726667,918.810000
3066,Exit short,2026-03-14 13:30,2077.730000,1,-3.400000,-0.1600,1.070000,6.820000,922.150000
3066,Entry short,2026-03-14 13:00,2074.330000,1,-3.400000,-0.1600,1.070000,6.820000,922.150000
3065,Exit short,2026-03-14 13:30,2077.730000,1,-7.370000,-0.3600,1.780000,6.820000,925.550000
3065,Entry short,2026-03-14 12:45,2070.360000,1,-7.370000,-0.3600,1.780000,6.820000,925.550000
3064,Exit short,2026-03-14 13:30,2077.730000,1,-4.230000,-0.2000,5.160000,6.820000,932.920000
3064,Entry short,2026-03-14 12:30,2073.500000,1,-4.230000,-0.2000,5.160000,6.820000,932.920000
3063,Exit long,2026-03-14 01:30,2091.640000,1,7.280000,0.3500,6.660000,1.720000,937.150000
3063,Entry long,2026-03-14 01:00,2084.360000,1,7.280000,0.3500,6.660000,1.720000,937.150000
3062,Exit long,2026-03-14 01:30,2091.640000,1,9.160000,0.4400,6.660000,4.775000,929.870000
3062,Entry long,2026-03-14 00:45,2082.480000,1,9.160000,0.4400,6.660000,4.775000,929.870000
3061,Exit long,2026-03-14 01:30,2091.640000,1,0.570000,0.0300,6.660000,9.070000,920.710000
3061,Entry long,2026-03-14 00:30,2091.070000,1,0.570000,0.0300,6.660000,9.070000,920.710000
3060,Exit short,2026-03-13 13:30,2182.180000,1,-36.950000,-1.7200,0.000000,71.360000,920.140000
3060,Entry short,2026-03-13 13:00,2145.230000,1,-36.950000,-1.7200,0.000000,71.360000,920.140000
3059,Exit short,2026-03-13 13:30,2182.180000,1,-53.710000,-2.5200,0.245000,71.360000,957.090000
3059,Entry short,2026-03-13 12:45,2128.470000,1,-53.710000,-2.5200,0.245000,71.360000,957.090000
3058,Exit short,2026-03-13 13:30,2182.180000,1,-53.220000,-2.5000,1.960000,71.360000,1010.800000
3058,Entry short,2026-03-13 12:30,2128.960000,1,-53.220000,-2.5000,1.960000,71.360000,1010.800000
3057,Exit long,2026-03-13 01:30,2122.070000,1,3.910000,0.1800,4.293333,9.046667,1064.020000
3057,Entry long,2026-03-13 01:00,2118.160000,1,3.910000,0.1800,4.293333,9.046667,1064.020000
3056,Exit long,2026-03-13 01:30,2122.070000,1,-3.750000,-0.1800,4.293333,20.305000,1060.110000
3056,Entry long,2026-03-13 00:45,2125.820000,1,-3.750000,-0.1800,4.293333,20.305000,1060.110000
3055,Exit long,2026-03-13 01:30,2122.070000,1,-10.260000,-0.4800,15.670000,20.305000,1063.860000
3055,Entry long,2026-03-13 00:30,2132.330000,1,-10.260000,-0.4800,15.670000,20.305000,1063.860000
3054,Exit short,2026-03-12 13:30,2055.620000,1,8.670000,0.4200,14.156667,4.103333,1074.120000
3054,Entry short,2026-03-12 13:00,2064.290000,1,8.670000,0.4200,14.156667,4.103333,1074.120000
3053,Exit short,2026-03-12 13:30,2055.620000,1,10.150000,0.4900,14.156667,5.375000,1065.450000
3053,Entry short,2026-03-12 12:45,2065.770000,1,10.150000,0.4900,14.156667,5.375000,1065.450000
3052,Exit short,2026-03-12 13:30,2055.620000,1,7.840000,0.3800,14.156667,5.375000,1055.300000
3052,Entry short,2026-03-12 12:30,2063.460000,1,7.840000,0.3800,14.156667,5.375000,1055.300000
3051,Exit long,2026-03-12 01:30,2048.280000,1,-6.330000,-0.3100,0.800000,12.860000,1047.460000
3051,Entry long,2026-03-12 01:00,2054.610000,1,-6.330000,-0.3100,0.800000,12.860000,1047.460000
3050,Exit long,2026-03-12 01:30,2048.280000,1,-6.930000,-0.3400,1.860000,12.860000,1053.790000
3050,Entry long,2026-03-12 00:45,2055.210000,1,-6.930000,-0.3400,1.860000,12.860000,1053.790000
3049,Exit long,2026-03-12 01:30,2048.280000,1,-5.070000,-0.2500,4.020000,12.860000,1060.720000
3049,Entry long,2026-03-12 00:30,2053.350000,1,-5.070000,-0.2500,4.020000,12.860000,1060.720000
3048,Exit short,2026-03-11 13:30,2045.200000,1,-23.140000,-1.1400,2.250000,26.610000,1065.790000
3048,Entry short,2026-03-11 13:00,2022.060000,1,-23.140000,-1.1400,2.250000,26.610000,1065.790000
3047,Exit short,2026-03-11 13:30,2045.200000,1,-23.870000,-1.1800,4.980000,26.610000,1088.930000
3047,Entry short,2026-03-11 12:45,2021.330000,1,-23.870000,-1.1800,4.980000,26.610000,1088.930000
3046,Exit short,2026-03-11 13:30,2045.200000,1,-19.770000,-0.9800,7.430000,26.610000,1112.800000
3046,Entry short,2026-03-11 12:30,2025.430000,1,-19.770000,-0.9800,7.430000,26.610000,1112.800000
3045,Exit long,2026-03-11 01:30,2035.450000,1,-1.510000,-0.0700,5.820000,2.880000,1132.570000
3045,Entry long,2026-03-11 01:00,2036.960000,1,-1.510000,-0.0700,5.820000,2.880000,1132.570000
3044,Exit long,2026-03-11 01:30,2035.450000,1,6.640000,0.3300,8.210000,3.980000,1134.080000
3044,Entry long,2026-03-11 00:45,2028.810000,1,6.640000,0.3300,8.210000,3.980000,1134.080000
3043,Exit long,2026-03-11 01:30,2035.450000,1,-1.320000,-0.0600,8.210000,9.570000,1127.440000
3043,Entry long,2026-03-11 00:30,2036.770000,1,-1.320000,-0.0600,8.210000,9.570000,1127.440000
3042,Exit short,2026-03-10 13:30,2053.400000,1,-4.410000,-0.2200,1.070000,9.520000,1128.760000
3042,Entry short,2026-03-10 13:00,2048.990000,1,-4.410000,-0.2200,1.070000,9.520000,1128.760000
3041,Exit short,2026-03-10 13:30,2053.400000,1,-3.890000,-0.1900,4.525000,9.520000,1133.170000
3041,Entry short,2026-03-10 12:45,2049.510000,1,-3.890000,-0.1900,4.525000,9.520000,1133.170000
3040,Exit short,2026-03-10 13:30,2053.400000,1,-1.720000,-0.0800,4.570000,9.520000,1137.060000
3040,Entry short,2026-03-10 12:30,2051.680000,1,-1.720000,-0.0800,4.570000,9.520000,1137.060000
3039,Exit long,2026-03-10 01:30,2011.970000,1,-2.400000,-0.1200,5.930000,6.100000,1138.780000
3039,Entry long,2026-03-10 01:00,2014.370000,1,-2.400000,-0.1200,5.930000,6.100000,1138.780000
3038,Exit long,2026-03-10 01:30,2011.970000,1,-5.520000,-0.2700,6.650000,6.100000,1141.180000
3038,Entry long,2026-03-10 00:45,2017.490000,1,-5.520000,-0.2700,6.650000,6.100000,1141.180000
3037,Exit long,2026-03-10 01:30,2011.970000,1,-1.020000,-0.0500,6.650000,6.100000,1146.700000
3037,Entry long,2026-03-10 00:30,2012.990000,1,-1.020000,-0.0500,6.650000,6.100000,1146.700000
3036,Exit short,2026-03-09 13:30,2017.380000,1,-15.880000,-0.7900,3.326667,14.633333,1147.720000
3036,Entry short,2026-03-09 13:00,2001.500000,1,-15.880000,-0.7900,3.326667,14.633333,1147.720000
3035,Exit short,2026-03-09 13:30,2017.380000,1,-15.700000,-0.7800,6.870000,14.633333,1163.600000
3035,Entry short,2026-03-09 12:45,2001.680000,1,-15.700000,-0.7800,6.870000,14.633333,1163.600000
3034,Exit short,2026-03-09 13:30,2017.380000,1,-10.520000,-0.5200,6.870000,14.633333,1179.300000
3034,Entry short,2026-03-09 12:30,2006.860000,1,-10.520000,-0.5200,6.870000,14.633333,1179.300000
3033,Exit long,2026-03-09 01:30,1950.640000,1,0.760000,0.0400,7.613333,7.366667,1189.820000
3033,Entry long,2026-03-09 01:00,1949.880000,1,0.760000,0.0400,7.613333,7.366667,1189.820000
3032,Exit long,2026-03-09 01:30,1950.640000,1,-4.440000,-0.2300,10.150000,7.366667,1189.060000
3032,Entry long,2026-03-09 00:45,1955.080000,1,-4.440000,-0.2300,10.150000,7.366667,1189.060000
3031,Exit long,2026-03-09 01:30,1950.640000,1,9.300000,0.4800,24.890000,7.366667,1193.500000
3031,Entry long,2026-03-09 00:30,1941.340000,1,9.300000,0.4800,24.890000,7.366667,1193.500000
3030,Exit short,2026-03-08 13:30,1935.510000,1,9.730000,0.5000,23.803333,0.526667,1184.200000
3030,Entry short,2026-03-08 13:00,1945.240000,1,9.730000,0.5000,23.803333,0.526667,1184.200000
3029,Exit short,2026-03-08 13:30,1935.510000,1,11.210000,0.5800,23.803333,0.526667,1174.470000
3029,Entry short,2026-03-08 12:45,1946.720000,1,11.210000,0.5800,23.803333,0.526667,1174.470000
3028,Exit short,2026-03-08 13:30,1935.510000,1,12.520000,0.6400,23.803333,2.970000,1163.260000
3028,Entry short,2026-03-08 12:30,1948.030000,1,12.520000,0.6400,23.803333,2.970000,1163.260000
3027,Exit long,2026-03-08 01:30,1967.360000,1,-0.570000,-0.0300,2.310000,3.480000,1150.740000
3027,Entry long,2026-03-08 01:00,1967.930000,1,-0.570000,-0.0300,2.310000,3.480000,1150.740000
3026,Exit long,2026-03-08 01:30,1967.360000,1,-1.480000,-0.0800,2.310000,3.685000,1151.310000
3026,Entry long,2026-03-08 00:45,1968.840000,1,-1.480000,-0.0800,2.310000,3.685000,1151.310000
3025,Exit long,2026-03-08 01:30,1967.360000,1,-2.150000,-0.1100,2.310000,3.960000,1152.790000
3025,Entry long,2026-03-08 00:30,1969.510000,1,-2.150000,-0.1100,2.310000,3.960000,1152.790000
3024,Exit short,2026-03-07 13:30,1980.940000,1,0.460000,0.0200,5.383333,-0.000000,1154.940000
3024,Entry short,2026-03-07 13:00,1981.400000,1,0.460000,0.0200,5.383333,-0.000000,1154.940000
3023,Exit short,2026-03-07 13:30,1980.940000,1,1.810000,0.0900,6.275000,-0.000000,1154.480000
3023,Entry short,2026-03-07 12:45,1982.750000,1,1.810000,0.0900,6.275000,-0.000000,1154.480000
3022,Exit short,2026-03-07 13:30,1980.940000,1,5.660000,0.2800,6.275000,0.800000,1152.670000
3022,Entry short,2026-03-07 12:30,1986.600000,1,5.660000,0.2800,6.275000,0.800000,1152.670000
3021,Exit long,2026-03-07 01:30,1978.240000,1,-1.830000,-0.0900,3.653333,3.796667,1147.010000
3021,Entry long,2026-03-07 01:00,1980.070000,1,-1.830000,-0.0900,3.653333,3.796667,1147.010000
3020,Exit long,2026-03-07 01:30,1978.240000,1,-0.880000,-0.0400,3.653333,3.796667,1148.840000
3020,Entry long,2026-03-07 00:45,1979.120000,1,-0.880000,-0.0400,3.653333,3.796667,1148.840000
3019,Exit long,2026-03-07 01:30,1978.240000,1,0.620000,0.0300,4.810000,3.796667,1149.720000
3019,Entry long,2026-03-07 00:30,1977.620000,1,0.620000,0.0300,4.810000,3.796667,1149.720000
3018,Exit short,2026-03-06 13:30,2048.600000,1,-1.010000,-0.0500,8.443333,4.836667,1149.100000
3018,Entry short,2026-03-06 13:00,2047.590000,1,-1.010000,-0.0500,8.443333,4.836667,1149.100000
3017,Exit short,2026-03-06 13:30,2048.600000,1,-5.860000,-0.2900,8.670000,5.190000,1150.110000
3017,Entry short,2026-03-06 12:45,2042.740000,1,-5.860000,-0.2900,8.670000,5.190000,1150.110000
3016,Exit short,2026-03-06 13:30,2048.600000,1,2.200000,0.1100,13.670000,5.190000,1155.970000
3016,Entry short,2026-03-06 12:30,2050.800000,1,2.200000,0.1100,13.670000,5.190000,1155.970000
3015,Exit long,2026-03-06 01:30,2064.680000,1,-9.670000,-0.4700,5.523333,11.526667,1153.770000
3015,Entry long,2026-03-06 01:00,2074.350000,1,-9.670000,-0.4700,5.523333,11.526667,1153.770000
3014,Exit long,2026-03-06 01:30,2064.680000,1,-5.550000,-0.2700,5.523333,11.526667,1163.440000
3014,Entry long,2026-03-06 00:45,2070.230000,1,-5.550000,-0.2700,5.523333,11.526667,1163.440000
3013,Exit long,2026-03-06 01:30,2064.680000,1,-7.120000,-0.3400,5.523333,11.526667,1168.990000
3013,Entry long,2026-03-06 00:30,2071.800000,1,-7.120000,-0.3400,5.523333,11.526667,1168.990000
3012,Exit short,2026-03-05 13:30,2121.970000,1,15.070000,0.7100,21.356667,5.043333,1176.110000
3012,Entry short,2026-03-05 13:00,2137.040000,1,15.070000,0.7100,21.356667,5.043333,1176.110000
3011,Exit short,2026-03-05 13:30,2121.970000,1,11.460000,0.5400,21.356667,10.505000,1161.040000
3011,Entry short,2026-03-05 12:45,2133.430000,1,11.460000,0.5400,21.356667,10.505000,1161.040000
3010,Exit short,2026-03-05 13:30,2121.970000,1,8.350000,0.3900,21.356667,10.505000,1149.580000
3010,Entry short,2026-03-05 12:30,2130.320000,1,8.350000,0.3900,21.356667,10.505000,1149.580000
3009,Exit long,2026-03-05 01:30,2126.340000,1,-0.520000,-0.0200,14.006667,8.533333,1141.230000
3009,Entry long,2026-03-05 01:00,2126.860000,1,-0.520000,-0.0200,14.006667,8.533333,1141.230000
3008,Exit long,2026-03-05 01:30,2126.340000,1,-3.730000,-0.1800,14.006667,8.533333,1141.750000
3008,Entry long,2026-03-05 00:45,2130.070000,1,-3.730000,-0.1800,14.006667,8.533333,1141.750000
3007,Exit long,2026-03-05 01:30,2126.340000,1,0.580000,0.0300,14.006667,8.533333,1145.480000
3007,Entry long,2026-03-05 00:30,2125.760000,1,0.580000,0.0300,14.006667,8.533333,1145.480000
3006,Exit short,2026-03-04 13:30,2058.850000,1,-5.530000,-0.2700,0.000000,20.336667,1144.900000
3006,Entry short,2026-03-04 13:00,2053.320000,1,-5.530000,-0.2700,0.000000,20.336667,1144.900000
3005,Exit short,2026-03-04 13:30,2058.850000,1,-9.540000,-0.4700,0.000000,20.336667,1150.430000
3005,Entry short,2026-03-04 12:45,2049.310000,1,-9.540000,-0.4700,0.000000,20.336667,1150.430000
3004,Exit short,2026-03-04 13:30,2058.850000,1,-18.490000,-0.9100,5.160000,20.336667,1159.970000
3004,Entry short,2026-03-04 12:30,2040.360000,1,-18.490000,-0.9100,5.160000,20.336667,1159.970000
3003,Exit long,2026-03-04 01:30,1978.100000,1,2.550000,0.1300,10.143333,4.046667,1178.460000
3003,Entry long,2026-03-04 01:00,1975.550000,1,2.550000,0.1300,10.143333,4.046667,1178.460000
3002,Exit long,2026-03-04 01:30,1978.100000,1,14.860000,0.7600,10.143333,8.280000,1175.910000
3002,Entry long,2026-03-04 00:45,1963.240000,1,14.860000,0.7600,10.143333,8.280000,1175.910000
3001,Exit long,2026-03-04 01:30,1978.100000,1,-1.680000,-0.0800,10.143333,19.780000,1161.050000
3001,Entry long,2026-03-04 00:30,1979.780000,1,-1.680000,-0.0800,10.143333,19.780000,1161.050000
3000,Exit short,2026-03-03 13:30,1956.000000,1,10.340000,0.5300,20.440000,-0.000000,1162.730000
3000,Entry short,2026-03-03 13:00,1966.340000,1,10.340000,0.5300,20.440000,-0.000000,1162.730000
2999,Exit short,2026-03-03 13:30,1956.000000,1,10.470000,0.5300,20.440000,-0.000000,1152.390000
2999,Entry short,2026-03-03 12:45,1966.470000,1,10.470000,0.5300,20.440000,-0.000000,1152.390000
2998,Exit short,2026-03-03 13:30,1956.000000,1,17.620000,0.8900,20.440000,0.700000,1141.920000
2998,Entry short,2026-03-03 12:30,1973.620000,1,17.620000,0.8900,20.440000,0.700000,1141.920000
2997,Exit long,2026-03-03 01:30,2028.180000,1,-6.340000,-0.3100,9.110000,4.230000,1124.300000
2997,Entry long,2026-03-03 01:00,2034.520000,1,-6.340000,-0.3100,9.110000,4.230000,1124.300000
2996,Exit long,2026-03-03 01:30,2028.180000,1,-7.030000,-0.3500,9.110000,5.045000,1130.640000
2996,Entry long,2026-03-03 00:45,2035.210000,1,-7.030000,-0.3500,9.110000,5.045000,1130.640000
2995,Exit long,2026-03-03 01:30,2028.180000,1,1.580000,0.0800,11.800000,8.480000,1137.670000
2995,Entry long,2026-03-03 00:30,2026.600000,1,1.580000,0.0800,11.800000,8.480000,1137.670000
2994,Exit short,2026-03-02 13:30,1932.920000,1,3.960000,0.2000,9.963333,6.356667,1136.090000
2994,Entry short,2026-03-02 13:00,1936.880000,1,3.960000,0.2000,9.963333,6.356667,1136.090000
2993,Exit short,2026-03-02 13:30,1932.920000,1,4.850000,0.2500,9.963333,6.356667,1132.130000
2993,Entry short,2026-03-02 12:45,1937.770000,1,4.850000,0.2500,9.963333,6.356667,1132.130000
2992,Exit short,2026-03-02 13:30,1932.920000,1,4.370000,0.2300,9.963333,6.356667,1127.280000
2992,Entry short,2026-03-02 12:30,1937.290000,1,4.370000,0.2300,9.963333,6.356667,1127.280000
2991,Exit long,2026-03-02 01:30,1966.850000,1,7.080000,0.3600,32.966667,-0.000000,1122.910000
2991,Entry long,2026-03-02 01:00,1959.770000,1,7.080000,0.3600,32.966667,-0.000000,1122.910000
2990,Exit long,2026-03-02 01:30,1966.850000,1,5.350000,0.2700,32.966667,-0.000000,1115.830000
2990,Entry long,2026-03-02 00:45,1961.500000,1,5.350000,0.2700,32.966667,-0.000000,1115.830000
2989,Exit long,2026-03-02 01:30,1966.850000,1,21.460000,1.1000,32.966667,0.390000,1110.480000
2989,Entry long,2026-03-02 00:30,1945.390000,1,21.460000,1.1000,32.966667,0.390000,1110.480000
2988,Exit short,2026-03-01 13:30,1975.530000,1,1.950000,0.1000,12.863333,0.676667,1089.020000
2988,Entry short,2026-03-01 13:00,1977.480000,1,1.950000,0.1000,12.863333,0.676667,1089.020000
2987,Exit short,2026-03-01 13:30,1975.530000,1,7.760000,0.3900,12.863333,1.725000,1087.070000
2987,Entry short,2026-03-01 12:45,1983.290000,1,7.760000,0.3900,12.863333,1.725000,1087.070000
2986,Exit short,2026-03-01 13:30,1975.530000,1,4.310000,0.2200,12.863333,5.860000,1079.310000
2986,Entry short,2026-03-01 12:30,1979.840000,1,4.310000,0.2200,12.863333,5.860000,1079.310000
2985,Exit long,2026-03-01 01:30,1952.880000,1,-8.780000,-0.4500,3.730000,15.780000,1075.000000
2985,Entry long,2026-03-01 01:00,1961.660000,1,-8.780000,-0.4500,3.730000,15.780000,1075.000000
2984,Exit long,2026-03-01 01:30,1952.880000,1,-2.480000,-0.1300,7.650000,15.780000,1083.780000
2984,Entry long,2026-03-01 00:45,1955.360000,1,-2.480000,-0.1300,7.650000,15.780000,1083.780000
2983,Exit long,2026-03-01 01:30,1952.880000,1,-4.700000,-0.2400,7.650000,15.780000,1086.260000
2983,Entry long,2026-03-01 00:30,1957.580000,1,-4.700000,-0.2400,7.650000,15.780000,1086.260000
2982,Exit short,2026-02-28 13:30,1867.690000,1,-0.170000,-0.0100,3.490000,8.190000,1090.960000
2982,Entry short,2026-02-28 13:00,1867.520000,1,-0.170000,-0.0100,3.490000,8.190000,1090.960000
2981,Exit short,2026-02-28 13:30,1867.690000,1,0.340000,0.0200,7.440000,8.190000,1091.130000
2981,Entry short,2026-02-28 12:45,1868.030000,1,0.340000,0.0200,7.440000,8.190000,1091.130000
2980,Exit short,2026-02-28 13:30,1867.690000,1,1.180000,0.0600,7.440000,8.190000,1090.790000
2980,Entry short,2026-02-28 12:30,1868.870000,1,1.180000,0.0600,7.440000,8.190000,1090.790000
2979,Exit long,2026-02-28 01:30,1924.470000,1,-6.740000,-0.3500,5.743333,6.076667,1089.610000
2979,Entry long,2026-02-28 01:00,1931.210000,1,-6.740000,-0.3500,5.743333,6.076667,1089.610000
2978,Exit long,2026-02-28 01:30,1924.470000,1,-7.450000,-0.3900,5.743333,6.076667,1096.350000
2978,Entry long,2026-02-28 00:45,1931.920000,1,-7.450000,-0.3900,5.743333,6.076667,1096.350000
2977,Exit long,2026-02-28 01:30,1924.470000,1,-0.860000,-0.0400,7.230000,6.076667,1103.800000
2977,Entry long,2026-02-28 00:30,1925.330000,1,-0.860000,-0.0400,7.230000,6.076667,1103.800000
2976,Exit short,2026-02-27 13:30,1958.660000,1,0.110000,0.0100,4.526667,8.163333,1104.660000
2976,Entry short,2026-02-27 13:00,1958.770000,1,0.110000,0.0100,4.526667,8.163333,1104.660000
2975,Exit short,2026-02-27 13:30,1958.660000,1,-3.500000,-0.1800,12.520000,8.163333,1104.550000
2975,Entry short,2026-02-27 12:45,1955.160000,1,-3.500000,-0.1800,12.520000,8.163333,1104.550000
2974,Exit short,2026-02-27 13:30,1958.660000,1,2.720000,0.1400,12.520000,8.163333,1108.050000
2974,Entry short,2026-02-27 12:30,1961.380000,1,2.720000,0.1400,12.520000,8.163333,1108.050000
2973,Exit long,2026-02-27 01:30,2007.540000,1,-6.290000,-0.3100,0.000000,16.976667,1105.330000
2973,Entry long,2026-02-27 01:00,2013.830000,1,-6.290000,-0.3100,0.000000,16.976667,1105.330000
2972,Exit long,2026-02-27 01:30,2007.540000,1,-5.410000,-0.2700,0.060000,16.976667,1111.620000
2972,Entry long,2026-02-27 00:45,2012.950000,1,-5.410000,-0.2700,0.060000,16.976667,1111.620000
2971,Exit long,2026-02-27 01:30,2007.540000,1,-14.210000,-0.7000,1.720000,16.976667,1117.030000
2971,Entry long,2026-02-27 00:30,2021.750000,1,-14.210000,-0.7000,1.720000,16.976667,1117.030000
2970,Exit short,2026-02-26 13:30,2070.760000,1,-1.560000,-0.0800,5.960000,5.560000,1131.240000
2970,Entry short,2026-02-26 13:00,2069.200000,1,-1.560000,-0.0800,5.960000,5.560000,1131.240000
2969,Exit short,2026-02-26 13:30,2070.760000,1,-6.050000,-0.2900,5.960000,6.985000,1132.800000
2969,Entry short,2026-02-26 12:45,2064.710000,1,-6.050000,-0.2900,5.960000,6.985000,1132.800000
2968,Exit short,2026-02-26 13:30,2070.760000,1,-6.580000,-0.3200,5.960000,6.985000,1138.850000
2968,Entry short,2026-02-26 12:30,2064.180000,1,-6.580000,-0.3200,5.960000,6.985000,1138.850000
2967,Exit long,2026-02-26 01:30,2054.690000,1,-6.570000,-0.3200,4.746667,9.033333,1145.430000
2967,Entry long,2026-02-26 01:00,2061.260000,1,-6.570000,-0.3200,4.746667,9.033333,1145.430000
2966,Exit long,2026-02-26 01:30,2054.690000,1,-2.640000,-0.1300,4.746667,9.033333,1152.000000
2966,Entry long,2026-02-26 00:45,2057.330000,1,-2.640000,-0.1300,4.746667,9.033333,1152.000000
2965,Exit long,2026-02-26 01:30,2054.690000,1,-11.620000,-0.5600,7.550000,16.310000,1154.640000
2965,Entry long,2026-02-26 00:30,2066.310000,1,-11.620000,-0.5600,7.550000,16.310000,1154.640000
2964,Exit short,2026-02-25 13:30,1961.480000,1,-8.830000,-0.4500,0.000000,23.790000,1166.260000
2964,Entry short,2026-02-25 13:00,1952.650000,1,-8.830000,-0.4500,0.000000,23.790000,1166.260000
2963,Exit short,2026-02-25 13:30,1961.480000,1,-23.550000,-1.2200,0.120000,23.790000,1175.090000
2963,Entry short,2026-02-25 12:45,1937.930000,1,-23.550000,-1.2200,0.120000,23.790000,1175.090000
2962,Exit short,2026-02-25 13:30,1961.480000,1,-24.050000,-1.2400,1.360000,23.790000,1198.640000
2962,Entry short,2026-02-25 12:30,1937.430000,1,-24.050000,-1.2400,1.360000,23.790000,1198.640000
2961,Exit long,2026-02-25 01:30,1909.260000,1,58.310000,3.1500,74.136667,1.283333,1222.690000
2961,Entry long,2026-02-25 01:00,1850.950000,1,58.310000,3.1500,74.136667,1.283333,1222.690000
2960,Exit long,2026-02-25 01:30,1909.260000,1,54.030000,2.9100,74.136667,1.283333,1164.380000
2960,Entry long,2026-02-25 00:45,1855.230000,1,54.030000,2.9100,74.136667,1.283333,1164.380000
2959,Exit long,2026-02-25 01:30,1909.260000,1,63.060000,3.4200,74.136667,1.283333,1110.350000
2959,Entry long,2026-02-25 00:30,1846.200000,1,63.060000,3.4200,74.136667,1.283333,1110.350000
2958,Exit short,2026-02-24 13:30,1819.860000,1,3.160000,0.1700,7.336667,2.373333,1047.290000
2958,Entry short,2026-02-24 13:00,1823.020000,1,3.160000,0.1700,7.336667,2.373333,1047.290000
2957,Exit short,2026-02-24 13:30,1819.860000,1,2.990000,0.1600,7.336667,2.373333,1044.130000
2957,Entry short,2026-02-24 12:45,1822.850000,1,2.990000,0.1600,7.336667,2.373333,1044.130000
2956,Exit short,2026-02-24 13:30,1819.860000,1,7.640000,0.4200,7.420000,2.373333,1041.140000
2956,Entry short,2026-02-24 12:30,1827.500000,1,7.640000,0.4200,7.420000,2.373333,1041.140000
2955,Exit long,2026-02-24 01:30,1848.800000,1,-18.200000,-0.9700,2.683333,54.046667,1033.500000
2955,Entry long,2026-02-24 01:00,1867.000000,1,-18.200000,-0.9700,2.683333,54.046667,1033.500000
2954,Exit long,2026-02-24 01:30,1848.800000,1,-15.340000,-0.8200,5.680000,54.046667,1051.700000
2954,Entry long,2026-02-24 00:45,1864.140000,1,-15.340000,-0.8200,5.680000,54.046667,1051.700000
2953,Exit long,2026-02-24 01:30,1848.800000,1,-13.580000,-0.7300,5.680000,54.046667,1067.040000
2953,Entry long,2026-02-24 00:30,1862.380000,1,-13.580000,-0.7300,5.680000,54.046667,1067.040000
2952,Exit short,2026-02-23 13:30,1920.640000,1,-1.350000,-0.0700,0.000000,7.246667,1080.620000
2952,Entry short,2026-02-23 13:00,1919.290000,1,-1.350000,-0.0700,0.000000,7.246667,1080.620000
2951,Exit short,2026-02-23 13:30,1920.640000,1,0.720000,0.0400,0.000000,8.765000,1081.970000
2951,Entry short,2026-02-23 12:45,1921.360000,1,0.720000,0.0400,0.000000,8.765000,1081.970000
2950,Exit short,2026-02-23 13:30,1920.640000,1,-8.090000,-0.4200,7.950000,13.430000,1081.250000
2950,Entry short,2026-02-23 12:30,1912.550000,1,-8.090000,-0.4200,7.950000,13.430000,1081.250000
2949,Exit long,2026-02-23 01:30,1871.730000,1,-56.400000,-2.9300,0.000000,74.406667,1089.340000
2949,Entry long,2026-02-23 01:00,1928.130000,1,-56.400000,-2.9300,0.000000,74.406667,1089.340000
2948,Exit long,2026-02-23 01:30,1871.730000,1,-68.430000,-3.5300,0.000000,74.406667,1145.740000
2948,Entry long,2026-02-23 00:45,1940.160000,1,-68.430000,-3.5300,0.000000,74.406667,1145.740000
2947,Exit long,2026-02-23 01:30,1871.730000,1,-75.680000,-3.8900,0.120000,74.406667,1214.170000
2947,Entry long,2026-02-23 00:30,1947.410000,1,-75.680000,-3.8900,0.120000,74.406667,1214.170000
2946,Exit short,2026-02-22 13:30,1964.040000,1,1.410000,0.0700,4.170000,0.630000,1289.850000
2946,Entry short,2026-02-22 13:00,1965.450000,1,1.410000,0.0700,4.170000,0.630000,1289.850000
2945,Exit short,2026-02-22 13:30,1964.040000,1,-0.830000,-0.0400,7.785000,0.630000,1288.440000
2945,Entry short,2026-02-22 12:45,1963.210000,1,-0.830000,-0.0400,7.785000,0.630000,1288.440000
2944,Exit short,2026-02-22 13:30,1964.040000,1,9.380000,0.4800,13.420000,0.630000,1289.270000
2944,Entry short,2026-02-22 12:30,1973.420000,1,9.380000,0.4800,13.420000,0.630000,1289.270000
2943,Exit long,2026-02-22 01:30,1976.930000,1,4.790000,0.2400,7.913333,-0.000000,1279.890000
2943,Entry long,2026-02-22 01:00,1972.140000,1,4.790000,0.2400,7.913333,-0.000000,1279.890000
2942,Exit long,2026-02-22 01:30,1976.930000,1,9.060000,0.4600,7.913333,0.740000,1275.100000
2942,Entry long,2026-02-22 00:45,1967.870000,1,9.060000,0.4600,7.913333,0.740000,1275.100000
2941,Exit long,2026-02-22 01:30,1976.930000,1,7.580000,0.3800,7.913333,1.490000,1266.040000
2941,Entry long,2026-02-22 00:30,1969.350000,1,7.580000,0.3800,7.913333,1.490000,1266.040000
2940,Exit short,2026-02-21 13:30,1976.570000,1,-1.460000,-0.0700,0.800000,5.480000,1258.460000
2940,Entry short,2026-02-21 13:00,1975.110000,1,-1.460000,-0.0700,0.800000,5.480000,1258.460000
2939,Exit short,2026-02-21 13:30,1976.570000,1,-5.050000,-0.2600,1.940000,5.480000,1259.920000
2939,Entry short,2026-02-21 12:45,1971.520000,1,-5.050000,-0.2600,1.940000,5.480000,1259.920000
2938,Exit short,2026-02-21 13:30,1976.570000,1,-6.570000,-0.3300,1.940000,5.480000,1264.970000
2938,Entry short,2026-02-21 12:30,1970.000000,1,-6.570000,-0.3300,1.940000,5.480000,1264.970000
2937,Exit long,2026-02-21 01:30,1963.250000,1,0.950000,0.0500,2.520000,1.300000,1271.540000
2937,Entry long,2026-02-21 01:00,1962.300000,1,0.950000,0.0500,2.520000,1.300000,1271.540000
2936,Exit long,2026-02-21 01:30,1963.250000,1,0.540000,0.0300,2.520000,3.720000,1270.590000
2936,Entry long,2026-02-21 00:45,1962.710000,1,0.540000,0.0300,2.520000,3.720000,1270.590000
2935,Exit long,2026-02-21 01:30,1963.250000,1,-1.880000,-0.1000,2.520000,3.740000,1270.050000
2935,Entry long,2026-02-21 00:30,1965.130000,1,-1.880000,-0.1000,2.520000,3.740000,1270.050000
2934,Exit short,2026-02-20 13:30,1945.660000,1,3.080000,0.1600,8.786667,2.703333,1271.930000
2934,Entry short,2026-02-20 13:00,1948.740000,1,3.080000,0.1600,8.786667,2.703333,1271.930000
2933,Exit short,2026-02-20 13:30,1945.660000,1,-0.650000,-0.0300,8.786667,6.785000,1268.850000
2933,Entry short,2026-02-20 12:45,1945.010000,1,-0.650000,-0.0300,8.786667,6.785000,1268.850000
2932,Exit short,2026-02-20 13:30,1945.660000,1,-1.300000,-0.0700,8.786667,6.785000,1269.500000
2932,Entry short,2026-02-20 12:30,1944.360000,1,-1.300000,-0.0700,8.786667,6.785000,1269.500000
2931,Exit long,2026-02-20 01:30,1954.360000,1,-2.290000,-0.1200,1.433333,6.246667,1270.800000
2931,Entry long,2026-02-20 01:00,1956.650000,1,-2.290000,-0.1200,1.433333,6.246667,1270.800000
2930,Exit long,2026-02-20 01:30,1954.360000,1,-4.430000,-0.2300,1.433333,6.246667,1273.090000
2930,Entry long,2026-02-20 00:45,1958.790000,1,-4.430000,-0.2300,1.433333,6.246667,1273.090000
2929,Exit long,2026-02-20 01:30,1954.360000,1,-7.970000,-0.4100,1.433333,6.246667,1277.520000
2929,Entry long,2026-02-20 00:30,1962.330000,1,-7.970000,-0.4100,1.433333,6.246667,1277.520000
2928,Exit short,2026-02-19 13:30,1931.520000,1,15.150000,0.7800,20.396667,-0.000000,1285.490000
2928,Entry short,2026-02-19 13:00,1946.670000,1,15.150000,0.7800,20.396667,-0.000000,1285.490000
2927,Exit short,2026-02-19 13:30,1931.520000,1,21.090000,1.0800,20.396667,0.785000,1270.340000
2927,Entry short,2026-02-19 12:45,1952.610000,1,21.090000,1.0800,20.396667,0.785000,1270.340000
2926,Exit short,2026-02-19 13:30,1931.520000,1,20.480000,1.0500,20.396667,3.200000,1249.250000
2926,Entry short,2026-02-19 12:30,1952.000000,1,20.480000,1.0500,20.396667,3.200000,1249.250000
2925,Exit long,2026-02-19 01:30,1961.970000,1,6.640000,0.3400,18.456667,0.033333,1228.770000
2925,Entry long,2026-02-19 01:00,1955.330000,1,6.640000,0.3400,18.456667,0.033333,1228.770000
2924,Exit long,2026-02-19 01:30,1961.970000,1,4.410000,0.2300,18.456667,2.805000,1222.130000
2924,Entry long,2026-02-19 00:45,1957.560000,1,4.410000,0.2300,18.456667,2.805000,1222.130000
2923,Exit long,2026-02-19 01:30,1961.970000,1,9.520000,0.4900,18.456667,2.805000,1217.720000
2923,Entry long,2026-02-19 00:30,1952.450000,1,9.520000,0.4900,18.456667,2.805000,1217.720000
2922,Exit short,2026-02-18 13:30,1984.870000,1,-3.390000,-0.1700,2.566667,9.423333,1208.200000
2922,Entry short,2026-02-18 13:00,1981.480000,1,-3.390000,-0.1700,2.566667,9.423333,1208.200000
2921,Exit short,2026-02-18 13:30,1984.870000,1,-2.050000,-0.1000,2.566667,9.423333,1211.590000
2921,Entry short,2026-02-18 12:45,1982.820000,1,-2.050000,-0.1000,2.566667,9.423333,1211.590000
2920,Exit short,2026-02-18 13:30,1984.870000,1,-4.140000,-0.2100,10.450000,9.423333,1213.640000
2920,Entry short,2026-02-18 12:30,1980.730000,1,-4.140000,-0.2100,10.450000,9.423333,1213.640000
2919,Exit long,2026-02-18 01:30,1973.150000,1,-7.240000,-0.3700,0.000000,17.433333,1217.780000
2919,Entry long,2026-02-18 01:00,1980.390000,1,-7.240000,-0.3700,0.000000,17.433333,1217.780000
2918,Exit long,2026-02-18 01:30,1973.150000,1,-18.070000,-0.9100,0.380000,17.433333,1225.020000
2918,Entry long,2026-02-18 00:45,1991.220000,1,-18.070000,-0.9100,0.380000,17.433333,1225.020000
2917,Exit long,2026-02-18 01:30,1973.150000,1,-17.570000,-0.8800,4.800000,17.433333,1243.090000
2917,Entry long,2026-02-18 00:30,1990.720000,1,-17.570000,-0.8800,4.800000,17.433333,1243.090000
2916,Exit short,2026-02-17 13:30,1983.180000,1,-14.380000,-0.7300,7.800000,17.810000,1260.660000
2916,Entry short,2026-02-17 13:00,1968.800000,1,-14.380000,-0.7300,7.800000,17.810000,1260.660000
2915,Exit short,2026-02-17 13:30,1983.180000,1,-9.850000,-0.5000,7.800000,17.810000,1275.040000
2915,Entry short,2026-02-17 12:45,1973.330000,1,-9.850000,-0.5000,7.800000,17.810000,1275.040000
2914,Exit short,2026-02-17 13:30,1983.180000,1,-11.770000,-0.6000,7.800000,17.810000,1284.890000
2914,Entry short,2026-02-17 12:30,1971.410000,1,-11.770000,-0.6000,7.800000,17.810000,1284.890000
2913,Exit long,2026-02-17 01:30,1999.540000,1,1.970000,0.1000,6.063333,4.106667,1296.660000
2913,Entry long,2026-02-17 01:00,1997.570000,1,1.970000,0.1000,6.063333,4.106667,1296.660000
2912,Exit long,2026-02-17 01:30,1999.540000,1,2.090000,0.1000,8.840000,4.106667,1294.690000
2912,Entry long,2026-02-17 00:45,1997.450000,1,2.090000,0.1000,8.840000,4.106667,1294.690000
2911,Exit long,2026-02-17 01:30,1999.540000,1,1.890000,0.0900,8.840000,4.106667,1292.600000
2911,Entry long,2026-02-17 00:30,1997.650000,1,1.890000,0.0900,8.840000,4.106667,1292.600000
2910,Exit short,2026-02-16 13:30,1975.740000,1,29.850000,1.4900,28.350000,25.420000,1290.710000
2910,Entry short,2026-02-16 13:00,2005.590000,1,29.850000,1.4900,28.350000,25.420000,1290.710000
2909,Exit short,2026-02-16 13:30,1975.740000,1,21.010000,1.0500,28.350000,25.420000,1260.860000
2909,Entry short,2026-02-16 12:45,1996.750000,1,21.010000,1.0500,28.350000,25.420000,1260.860000
2908,Exit short,2026-02-16 13:30,1975.740000,1,15.560000,0.7800,28.350000,25.420000,1239.850000
2908,Entry short,2026-02-16 12:30,1991.300000,1,15.560000,0.7800,28.350000,25.420000,1239.850000
2907,Exit long,2026-02-16 01:30,1966.350000,1,-1.960000,-0.1000,13.916667,2.703333,1224.290000
2907,Entry long,2026-02-16 01:00,1968.310000,1,-1.960000,-0.1000,13.916667,2.703333,1224.290000
2906,Exit long,2026-02-16 01:30,1966.350000,1,2.300000,0.1200,13.916667,3.930000,1226.250000
2906,Entry long,2026-02-16 00:45,1964.050000,1,2.300000,0.1200,13.916667,3.930000,1226.250000
2905,Exit long,2026-02-16 01:30,1966.350000,1,-1.460000,-0.0700,13.916667,4.330000,1223.950000
2905,Entry long,2026-02-16 00:30,1967.810000,1,-1.460000,-0.0700,13.916667,4.330000,1223.950000
2904,Exit short,2026-02-15 13:30,2007.500000,1,2.280000,0.1100,39.563333,-0.000000,1225.410000
2904,Entry short,2026-02-15 13:00,2009.780000,1,2.280000,0.1100,39.563333,-0.000000,1225.410000
2903,Exit short,2026-02-15 13:30,2007.500000,1,52.740000,2.5600,53.495000,-0.000000,1223.130000
2903,Entry short,2026-02-15 12:45,2060.240000,1,52.740000,2.5600,53.495000,-0.000000,1223.130000
2902,Exit short,2026-02-15 13:30,2007.500000,1,57.670000,2.7900,53.495000,2.630000,1170.390000
2902,Entry short,2026-02-15 12:30,2065.170000,1,57.670000,2.7900,53.495000,2.630000,1170.390000
2901,Exit long,2026-02-15 01:30,2061.570000,1,-17.460000,-0.8400,5.720000,21.830000,1112.720000
2901,Entry long,2026-02-15 01:00,2079.030000,1,-17.460000,-0.8400,5.720000,21.830000,1112.720000
2900,Exit long,2026-02-15 01:30,2061.570000,1,-13.440000,-0.6500,5.720000,21.830000,1130.180000
2900,Entry long,2026-02-15 00:45,2075.010000,1,-13.440000,-0.6500,5.720000,21.830000,1130.180000
2899,Exit long,2026-02-15 01:30,2061.570000,1,-19.230000,-0.9200,5.720000,21.830000,1143.620000
2899,Entry long,2026-02-15 00:30,2080.800000,1,-19.230000,-0.9200,5.720000,21.830000,1143.620000
2898,Exit short,2026-02-14 13:30,2067.990000,1,2.010000,0.1000,16.180000,-0.000000,1162.850000
2898,Entry short,2026-02-14 13:00,2070.000000,1,2.010000,0.1000,16.180000,-0.000000,1162.850000
2897,Exit short,2026-02-14 13:30,2067.990000,1,9.380000,0.4500,17.260000,-0.000000,1160.840000
2897,Entry short,2026-02-14 12:45,2077.370000,1,9.380000,0.4500,17.260000,-0.000000,1160.840000
2896,Exit short,2026-02-14 13:30,2067.990000,1,22.660000,1.0800,17.650000,0.850000,1151.460000
2896,Entry short,2026-02-14 12:30,2090.650000,1,22.660000,1.0800,17.650000,0.850000,1151.460000
2895,Exit long,2026-02-14 01:30,2054.400000,1,0.340000,0.0200,6.733333,0.686667,1128.800000
2895,Entry long,2026-02-14 01:00,2054.060000,1,0.340000,0.0200,6.733333,0.686667,1128.800000
2894,Exit long,2026-02-14 01:30,2054.400000,1,3.900000,0.1900,7.115000,0.686667,1128.460000
2894,Entry long,2026-02-14 00:45,2050.500000,1,3.900000,0.1900,7.115000,0.686667,1128.460000
2893,Exit long,2026-02-14 01:30,2054.400000,1,8.430000,0.4100,7.115000,0.800000,1124.560000
2893,Entry long,2026-02-14 00:30,2045.970000,1,8.430000,0.4100,7.115000,0.800000,1124.560000
2892,Exit short,2026-02-13 13:30,1968.180000,1,-8.180000,-0.4200,5.493333,11.616667,1116.130000
2892,Entry short,2026-02-13 13:00,1960.000000,1,-8.180000,-0.4200,5.493333,11.616667,1116.130000
2891,Exit short,2026-02-13 13:30,1968.180000,1,-8.630000,-0.4400,5.493333,11.616667,1124.310000
2891,Entry short,2026-02-13 12:45,1959.550000,1,-8.630000,-0.4400,5.493333,11.616667,1124.310000
2890,Exit short,2026-02-13 13:30,1968.180000,1,-6.580000,-0.3400,5.493333,11.616667,1132.940000
2890,Entry short,2026-02-13 12:30,1961.600000,1,-6.580000,-0.3400,5.493333,11.616667,1132.940000
2889,Exit long,2026-02-13 01:30,1940.120000,1,7.890000,0.4100,12.726667,0.403333,1139.520000
2889,Entry long,2026-02-13 01:00,1932.230000,1,7.890000,0.4100,12.726667,0.403333,1139.520000
2888,Exit long,2026-02-13 01:30,1940.120000,1,8.710000,0.4500,12.726667,6.115000,1131.630000
2888,Entry long,2026-02-13 00:45,1931.410000,1,8.710000,0.4500,12.726667,6.115000,1131.630000
2887,Exit long,2026-02-13 01:30,1940.120000,1,5.860000,0.3000,12.726667,6.115000,1122.920000
2887,Entry long,2026-02-13 00:30,1934.260000,1,5.860000,0.3000,12.726667,6.115000,1122.920000
2886,Exit short,2026-02-12 13:30,1980.000000,1,-0.150000,-0.0100,7.363333,6.006667,1117.060000
2886,Entry short,2026-02-12 13:00,1979.850000,1,-0.150000,-0.0100,7.363333,6.006667,1117.060000
2885,Exit short,2026-02-12 13:30,1980.000000,1,1.580000,0.0800,9.130000,6.006667,1117.210000
2885,Entry short,2026-02-12 12:45,1981.580000,1,1.580000,0.0800,9.130000,6.006667,1117.210000
2884,Exit short,2026-02-12 13:30,1980.000000,1,3.740000,0.1900,9.130000,6.006667,1115.630000
2884,Entry short,2026-02-12 12:30,1983.740000,1,3.740000,0.1900,9.130000,6.006667,1115.630000
2883,Exit long,2026-02-12 01:30,1968.740000,1,11.070000,0.5700,17.723333,-0.000000,1111.890000
2883,Entry long,2026-02-12 01:00,1957.670000,1,11.070000,0.5700,17.723333,-0.000000,1111.890000
2882,Exit long,2026-02-12 01:30,1968.740000,1,9.880000,0.5000,17.723333,-0.000000,1100.820000
2882,Entry long,2026-02-12 00:45,1958.860000,1,9.880000,0.5000,17.723333,-0.000000,1100.820000
2881,Exit long,2026-02-12 01:30,1968.740000,1,17.640000,0.9000,17.723333,0.840000,1090.940000
2881,Entry long,2026-02-12 00:30,1951.100000,1,17.640000,0.9000,17.723333,0.840000,1090.940000
2880,Exit short,2026-02-11 13:30,1947.550000,1,3.660000,0.1900,11.883333,0.766667,1073.300000
2880,Entry short,2026-02-11 13:00,1951.210000,1,3.660000,0.1900,11.883333,0.766667,1073.300000
2879,Exit short,2026-02-11 13:30,1947.550000,1,1.480000,0.0800,11.883333,0.766667,1069.640000
2879,Entry short,2026-02-11 12:45,1949.030000,1,1.480000,0.0800,11.883333,0.766667,1069.640000
2878,Exit short,2026-02-11 13:30,1947.550000,1,11.220000,0.5700,11.883333,0.840000,1068.160000
2878,Entry short,2026-02-11 12:30,1958.770000,1,11.220000,0.5700,11.883333,0.840000,1068.160000
2877,Exit long,2026-02-11 01:30,2016.760000,1,-7.230000,-0.3600,6.416667,7.233333,1056.940000
2877,Entry long,2026-02-11 01:00,2023.990000,1,-7.230000,-0.3600,6.416667,7.233333,1056.940000
2876,Exit long,2026-02-11 01:30,2016.760000,1,-4.010000,-0.2000,6.416667,7.233333,1064.170000
2876,Entry long,2026-02-11 00:45,2020.770000,1,-4.010000,-0.2000,6.416667,7.233333,1064.170000
2875,Exit long,2026-02-11 01:30,2016.760000,1,-9.230000,-0.4600,6.416667,7.233333,1068.180000
2875,Entry long,2026-02-11 00:30,2025.990000,1,-9.230000,-0.4600,6.416667,7.233333,1068.180000
2874,Exit short,2026-02-10 13:30,2012.020000,1,-5.420000,-0.2700,15.173333,7.976667,1077.410000
2874,Entry short,2026-02-10 13:00,2006.600000,1,-5.420000,-0.2700,15.173333,7.976667,1077.410000
2873,Exit short,2026-02-10 13:30,2012.020000,1,-6.900000,-0.3400,15.173333,7.976667,1082.830000
2873,Entry short,2026-02-10 12:45,2005.120000,1,-6.900000,-0.3400,15.173333,7.976667,1082.830000
2872,Exit short,2026-02-10 13:30,2012.020000,1,1.080000,0.0500,15.173333,7.976667,1089.730000
2872,Entry short,2026-02-10 12:30,2013.100000,1,1.080000,0.0500,15.173333,7.976667,1089.730000
2871,Exit long,2026-02-10 01:30,2115.780000,1,20.050000,0.9600,20.910000,3.580000,1088.650000
2871,Entry long,2026-02-10 01:00,2095.730000,1,20.050000,0.9600,20.910000,3.580000,1088.650000
2870,Exit long,2026-02-10 01:30,2115.780000,1,18.250000,0.8700,20.910000,5.050000,1068.600000
2870,Entry long,2026-02-10 00:45,2097.530000,1,18.250000,0.8700,20.910000,5.050000,1068.600000
2869,Exit long,2026-02-10 01:30,2115.780000,1,12.670000,0.6000,20.910000,6.520000,1050.350000
2869,Entry long,2026-02-10 00:30,2103.110000,1,12.670000,0.6000,20.910000,6.520000,1050.350000
2868,Exit short,2026-02-09 13:30,2046.780000,1,-12.180000,-0.6000,4.126667,15.803333,1037.680000
2868,Entry short,2026-02-09 13:00,2034.600000,1,-12.180000,-0.6000,4.126667,15.803333,1037.680000
2867,Exit short,2026-02-09 13:30,2046.780000,1,-10.980000,-0.5400,4.126667,15.803333,1049.860000
2867,Entry short,2026-02-09 12:45,2035.800000,1,-10.980000,-0.5400,4.126667,15.803333,1049.860000
2866,Exit short,2026-02-09 13:30,2046.780000,1,-14.800000,-0.7300,4.126667,15.803333,1060.840000
2866,Entry short,2026-02-09 12:30,2031.980000,1,-14.800000,-0.7300,4.126667,15.803333,1060.840000
2865,Exit long,2026-02-09 01:30,2090.780000,1,7.630000,0.3700,18.790000,5.740000,1075.640000
2865,Entry long,2026-02-09 01:00,2083.150000,1,7.630000,0.3700,18.790000,5.740000,1075.640000
2864,Exit long,2026-02-09 01:30,2090.780000,1,10.120000,0.4900,18.790000,6.005000,1068.010000
2864,Entry long,2026-02-09 00:45,2080.660000,1,10.120000,0.4900,18.790000,6.005000,1068.010000
2863,Exit long,2026-02-09 01:30,2090.780000,1,9.370000,0.4500,18.790000,6.005000,1057.890000
2863,Entry long,2026-02-09 00:30,2081.410000,1,9.370000,0.4500,18.790000,6.005000,1057.890000
2862,Exit short,2026-02-08 13:30,2131.800000,1,-1.790000,-0.0800,13.510000,8.300000,1048.520000
2862,Entry short,2026-02-08 13:00,2130.010000,1,-1.790000,-0.0800,13.510000,8.300000,1048.520000
2861,Exit short,2026-02-08 13:30,2131.800000,1,-1.440000,-0.0700,13.510000,8.300000,1050.310000
2861,Entry short,2026-02-08 12:45,2130.360000,1,-1.440000,-0.0700,13.510000,8.300000,1050.310000
2860,Exit short,2026-02-08 13:30,2131.800000,1,5.930000,0.2800,13.510000,8.300000,1051.750000
2860,Entry short,2026-02-08 12:30,2137.730000,1,5.930000,0.2800,13.510000,8.300000,1051.750000
2859,Exit long,2026-02-08 01:30,2083.190000,1,-0.090000,-0.0000,11.463333,-0.000000,1045.820000
2859,Entry long,2026-02-08 01:00,2083.280000,1,-0.090000,-0.0000,11.463333,-0.000000,1045.820000
2858,Exit long,2026-02-08 01:30,2083.190000,1,6.060000,0.2900,11.463333,2.655000,1045.910000
2858,Entry long,2026-02-08 00:45,2077.130000,1,6.060000,0.2900,11.463333,2.655000,1045.910000
2857,Exit long,2026-02-08 01:30,2083.190000,1,3.910000,0.1900,11.463333,3.550000,1039.850000
2857,Entry long,2026-02-08 00:30,2079.280000,1,3.910000,0.1900,11.463333,3.550000,1039.850000
2856,Exit short,2026-02-07 13:30,2046.030000,1,-5.420000,-0.2700,10.016667,4.523333,1035.940000
2856,Entry short,2026-02-07 13:00,2040.610000,1,-5.420000,-0.2700,10.016667,4.523333,1035.940000
2855,Exit short,2026-02-07 13:30,2046.030000,1,-4.110000,-0.2000,11.910000,4.523333,1041.360000
2855,Entry short,2026-02-07 12:45,2041.920000,1,-4.110000,-0.2000,11.910000,4.523333,1041.360000
2854,Exit short,2026-02-07 13:30,2046.030000,1,7.870000,0.3800,14.890000,16.050000,1045.470000
2854,Entry short,2026-02-07 12:30,2053.900000,1,7.870000,0.3800,14.890000,16.050000,1045.470000
2853,Exit long,2026-02-07 01:30,2044.090000,1,1.000000,0.0500,6.743333,10.076667,1037.600000
2853,Entry long,2026-02-07 01:00,2043.090000,1,1.000000,0.0500,6.743333,10.076667,1037.600000
2852,Exit long,2026-02-07 01:30,2044.090000,1,7.260000,0.3600,13.790000,10.076667,1036.600000
2852,Entry long,2026-02-07 00:45,2036.830000,1,7.260000,0.3600,13.790000,10.076667,1036.600000
2851,Exit long,2026-02-07 01:30,2044.090000,1,-1.500000,-0.0700,13.790000,10.076667,1029.340000
2851,Entry long,2026-02-07 00:30,2045.590000,1,-1.500000,-0.0700,13.790000,10.076667,1029.340000
2850,Exit short,2026-02-06 13:30,1943.190000,1,-23.180000,-1.2100,2.576667,35.963333,1030.840000
2850,Entry short,2026-02-06 13:00,1920.010000,1,-23.180000,-1.2100,2.576667,35.963333,1030.840000
2849,Exit short,2026-02-06 13:30,1943.190000,1,-21.440000,-1.1200,4.180000,35.963333,1054.020000
2849,Entry short,2026-02-06 12:45,1921.750000,1,-21.440000,-1.1200,4.180000,35.963333,1054.020000
2848,Exit short,2026-02-06 13:30,1943.190000,1,-21.840000,-1.1400,7.350000,35.963333,1075.460000
2848,Entry short,2026-02-06 12:30,1921.350000,1,-21.840000,-1.1400,7.350000,35.963333,1075.460000
2847,Exit long,2026-02-06 01:30,1895.950000,1,26.660000,1.4300,75.043333,-0.000000,1097.300000
2847,Entry long,2026-02-06 01:00,1869.290000,1,26.660000,1.4300,75.043333,-0.000000,1097.300000
2846,Exit long,2026-02-06 01:30,1895.950000,1,34.620000,1.8600,75.043333,-0.000000,1070.640000
2846,Entry long,2026-02-06 00:45,1861.330000,1,34.620000,1.8600,75.043333,-0.000000,1070.640000
2845,Exit long,2026-02-06 01:30,1895.950000,1,111.530000,6.2500,88.330000,2.390000,1036.020000
2845,Entry long,2026-02-06 00:30,1784.420000,1,111.530000,6.2500,88.330000,2.390000,1036.020000
2844,Exit short,2026-02-05 13:30,2052.520000,1,10.430000,0.5100,14.416667,17.173333,924.490000
2844,Entry short,2026-02-05 13:00,2062.950000,1,10.430000,0.5100,14.416667,17.173333,924.490000
2843,Exit short,2026-02-05 13:30,2052.520000,1,4.150000,0.2000,23.625000,17.173333,914.060000
2843,Entry short,2026-02-05 12:45,2056.670000,1,4.150000,0.2000,23.625000,17.173333,914.060000
2842,Exit short,2026-02-05 13:30,2052.520000,1,16.340000,0.7900,23.625000,17.173333,909.910000
2842,Entry short,2026-02-05 12:30,2068.860000,1,16.340000,0.7900,23.625000,17.173333,909.910000
2841,Exit long,2026-02-05 01:30,2162.690000,1,13.660000,0.6400,14.390000,33.150000,893.570000
2841,Entry long,2026-02-05 01:00,2149.030000,1,13.660000,0.6400,14.390000,33.150000,893.570000
2840,Exit long,2026-02-05 01:30,2162.690000,1,7.610000,0.3500,14.390000,33.150000,879.910000
2840,Entry long,2026-02-05 00:45,2155.080000,1,7.610000,0.3500,14.390000,33.150000,879.910000
2839,Exit long,2026-02-05 01:30,2162.690000,1,1.680000,0.0800,14.390000,33.150000,872.300000
2839,Entry long,2026-02-05 00:30,2161.010000,1,1.680000,0.0800,14.390000,33.150000,872.300000
2838,Exit short,2026-02-04 13:30,2233.140000,1,9.960000,0.4400,13.193333,5.856667,870.620000
2838,Entry short,2026-02-04 13:00,2243.100000,1,9.960000,0.4400,13.193333,5.856667,870.620000
2837,Exit short,2026-02-04 13:30,2233.140000,1,7.380000,0.3300,13.193333,9.010000,860.660000
2837,Entry short,2026-02-04 12:45,2240.520000,1,7.380000,0.3300,13.193333,9.010000,860.660000
2836,Exit short,2026-02-04 13:30,2233.140000,1,1.000000,0.0400,13.193333,10.380000,853.280000
2836,Entry short,2026-02-04 12:30,2234.140000,1,1.000000,0.0400,13.193333,10.380000,853.280000
2835,Exit long,2026-02-04 01:30,2270.280000,1,30.540000,1.3600,31.366667,4.573333,852.280000
2835,Entry long,2026-02-04 01:00,2239.740000,1,30.540000,1.3600,31.366667,4.573333,852.280000
2834,Exit long,2026-02-04 01:30,2270.280000,1,23.100000,1.0300,31.366667,9.360000,821.740000
2834,Entry long,2026-02-04 00:45,2247.180000,1,23.100000,1.0300,31.366667,9.360000,821.740000
2833,Exit long,2026-02-04 01:30,2270.280000,1,24.260000,1.0800,31.366667,9.360000,798.640000
2833,Entry long,2026-02-04 00:30,2246.020000,1,24.260000,1.0800,31.366667,9.360000,798.640000
2832,Exit short,2026-02-03 13:30,2304.990000,1,-4.990000,-0.2200,0.000000,13.506667,774.380000
2832,Entry short,2026-02-03 13:00,2300.000000,1,-4.990000,-0.2200,0.000000,13.506667,774.380000
2831,Exit short,2026-02-03 13:30,2304.990000,1,-13.500000,-0.5900,1.420000,13.506667,779.370000
2831,Entry short,2026-02-03 12:45,2291.490000,1,-13.500000,-0.5900,1.420000,13.506667,779.370000
2830,Exit short,2026-02-03 13:30,2304.990000,1,-11.620000,-0.5100,6.170000,13.506667,792.870000
2830,Entry short,2026-02-03 12:30,2293.370000,1,-11.620000,-0.5100,6.170000,13.506667,792.870000
2829,Exit long,2026-02-03 01:30,2350.000000,1,-2.640000,-0.1100,10.813333,11.606667,804.490000
2829,Entry long,2026-02-03 01:00,2352.640000,1,-2.640000,-0.1100,10.813333,11.606667,804.490000
2828,Exit long,2026-02-03 01:30,2350.000000,1,4.290000,0.1800,10.813333,11.606667,807.130000
2828,Entry long,2026-02-03 00:45,2345.710000,1,4.290000,0.1800,10.813333,11.606667,807.130000
2827,Exit long,2026-02-03 01:30,2350.000000,1,4.990000,0.2100,10.813333,11.606667,802.840000
2827,Entry long,2026-02-03 00:30,2345.010000,1,4.990000,0.2100,10.813333,11.606667,802.840000
2826,Exit short,2026-02-02 13:30,2312.050000,1,-1.960000,-0.0800,4.836667,22.443333,797.850000
2826,Entry short,2026-02-02 13:00,2310.090000,1,-1.960000,-0.0800,4.836667,22.443333,797.850000
2825,Exit short,2026-02-02 13:30,2312.050000,1,-13.080000,-0.5700,6.030000,22.443333,799.810000
2825,Entry short,2026-02-02 12:45,2298.970000,1,-13.080000,-0.5700,6.030000,22.443333,799.810000
2824,Exit short,2026-02-02 13:30,2312.050000,1,-4.440000,-0.1900,11.610000,22.443333,812.890000
2824,Entry short,2026-02-02 12:30,2307.610000,1,-4.440000,-0.1900,11.610000,22.443333,812.890000
2823,Exit long,2026-02-02 01:30,2309.620000,1,18.180000,0.7900,12.266667,56.903333,817.330000
2823,Entry long,2026-02-02 01:00,2291.440000,1,18.180000,0.7900,12.266667,56.903333,817.330000
2822,Exit long,2026-02-02 01:30,2309.620000,1,-0.320000,-0.0100,12.266667,56.903333,799.150000
2822,Entry long,2026-02-02 00:45,2309.940000,1,-0.320000,-0.0100,12.266667,56.903333,799.150000
2821,Exit long,2026-02-02 01:30,2309.620000,1,-2.480000,-0.1100,12.266667,56.903333,799.470000
2821,Entry long,2026-02-02 00:30,2312.100000,1,-2.480000,-0.1100,12.266667,56.903333,799.470000
2820,Exit short,2026-02-01 13:30,2398.360000,1,-3.560000,-0.1500,0.000000,16.333333,801.950000
2820,Entry short,2026-02-01 13:00,2394.800000,1,-3.560000,-0.1500,0.000000,16.333333,801.950000
2819,Exit short,2026-02-01 13:30,2398.360000,1,-6.840000,-0.2900,0.965000,16.333333,805.510000
2819,Entry short,2026-02-01 12:45,2391.520000,1,-6.840000,-0.2900,0.965000,16.333333,805.510000
2818,Exit short,2026-02-01 13:30,2398.360000,1,-4.910000,-0.2100,3.870000,16.333333,812.350000
2818,Entry short,2026-02-01 12:30,2393.450000,1,-4.910000,-0.2100,3.870000,16.333333,812.350000
2817,Exit long,2026-02-01 01:30,2451.000000,1,0.200000,0.0100,2.963333,23.236667,817.260000
2817,Entry long,2026-02-01 01:00,2450.800000,1,0.200000,0.0100,2.963333,23.236667,817.260000
2816,Exit long,2026-02-01 01:30,2451.000000,1,2.400000,0.1000,6.135000,23.236667,817.060000
2816,Entry long,2026-02-01 00:45,2448.600000,1,2.400000,0.1000,6.135000,23.236667,817.060000
2815,Exit long,2026-02-01 01:30,2451.000000,1,-3.730000,-0.1500,8.170000,23.236667,814.660000
2815,Entry long,2026-02-01 00:30,2454.730000,1,-3.730000,-0.1500,8.170000,23.236667,814.660000
2814,Exit short,2026-01-31 13:30,2629.420000,1,2.620000,0.1000,11.606667,-0.000000,818.390000
2814,Entry short,2026-01-31 13:00,2632.040000,1,2.620000,0.1000,11.606667,-0.000000,818.390000
2813,Exit short,2026-01-31 13:30,2629.420000,1,10.840000,0.4100,11.606667,2.570000,815.770000
2813,Entry short,2026-01-31 12:45,2640.260000,1,10.840000,0.4100,11.606667,2.570000,815.770000
2812,Exit short,2026-01-31 13:30,2629.420000,1,9.180000,0.3500,11.606667,3.380000,804.930000
2812,Entry short,2026-01-31 12:30,2638.600000,1,9.180000,0.3500,11.606667,3.380000,804.930000
2811,Exit long,2026-01-31 01:30,2708.900000,1,3.850000,0.1400,4.776667,4.653333,795.750000
2811,Entry long,2026-01-31 01:00,2705.050000,1,3.850000,0.1400,4.776667,4.653333,795.750000
2810,Exit long,2026-01-31 01:30,2708.900000,1,-3.410000,-0.1300,4.776667,6.795000,791.900000
2810,Entry long,2026-01-31 00:45,2712.310000,1,-3.410000,-0.1300,4.776667,6.795000,791.900000
2809,Exit long,2026-01-31 01:30,2708.900000,1,0.300000,0.0100,4.820000,6.795000,795.310000
2809,Entry long,2026-01-31 00:30,2708.600000,1,0.300000,0.0100,4.820000,6.795000,795.310000
2808,Exit short,2026-01-30 13:30,2735.060000,1,4.250000,0.1600,14.460000,1.440000,795.010000
2808,Entry short,2026-01-30 13:00,2739.310000,1,4.250000,0.1600,14.460000,1.440000,795.010000
2807,Exit short,2026-01-30 13:30,2735.060000,1,5.590000,0.2000,14.460000,3.805000,790.760000
2807,Entry short,2026-01-30 12:45,2740.650000,1,5.590000,0.2000,14.460000,3.805000,790.760000
2806,Exit short,2026-01-30 13:30,2735.060000,1,7.560000,0.2800,14.460000,4.470000,785.170000
2806,Entry short,2026-01-30 12:30,2742.620000,1,7.560000,0.2800,14.460000,4.470000,785.170000
2805,Exit long,2026-01-30 01:30,2799.170000,1,-4.620000,-0.1600,4.963333,18.786667,777.610000
2805,Entry long,2026-01-30 01:00,2803.790000,1,-4.620000,-0.1600,4.963333,18.786667,777.610000
2804,Exit long,2026-01-30 01:30,2799.170000,1,-12.440000,-0.4400,7.075000,18.786667,782.230000
2804,Entry long,2026-01-30 00:45,2811.610000,1,-12.440000,-0.4400,7.075000,18.786667,782.230000
2803,Exit long,2026-01-30 01:30,2799.170000,1,-6.930000,-0.2500,7.680000,18.786667,794.670000
2803,Entry long,2026-01-30 00:30,2806.100000,1,-6.930000,-0.2500,7.680000,18.786667,794.670000
2802,Exit short,2026-01-29 13:30,2937.190000,1,-2.190000,-0.0700,0.000000,6.100000,801.600000
2802,Entry short,2026-01-29 13:00,2935.000000,1,-2.190000,-0.0700,0.000000,6.100000,801.600000
2801,Exit short,2026-01-29 13:30,2937.190000,1,-6.320000,-0.2200,0.100000,6.100000,803.790000
2801,Entry short,2026-01-29 12:45,2930.870000,1,-6.320000,-0.2200,0.100000,6.100000,803.790000
2800,Exit short,2026-01-29 13:30,2937.190000,1,-7.360000,-0.2500,5.900000,7.860000,810.110000
2800,Entry short,2026-01-29 12:30,2929.830000,1,-7.360000,-0.2500,5.900000,7.860000,810.110000
2799,Exit long,2026-01-29 01:30,2994.900000,1,-12.960000,-0.4300,6.896667,18.193333,817.470000
2799,Entry long,2026-01-29 01:00,3007.860000,1,-12.960000,-0.4300,6.896667,18.193333,817.470000
2798,Exit long,2026-01-29 01:30,2994.900000,1,-3.200000,-0.1100,8.615000,18.193333,830.430000
2798,Entry long,2026-01-29 00:45,2998.100000,1,-3.200000,-0.1100,8.615000,18.193333,830.430000
2797,Exit long,2026-01-29 01:30,2994.900000,1,-9.770000,-0.3300,8.615000,18.193333,833.630000
2797,Entry long,2026-01-29 00:30,3004.670000,1,-9.770000,-0.3300,8.615000,18.193333,833.630000
2796,Exit short,2026-01-28 13:30,3034.990000,1,-5.200000,-0.1700,0.780000,10.100000,843.400000
2796,Entry short,2026-01-28 13:00,3029.790000,1,-5.200000,-0.1700,0.780000,10.100000,843.400000
2795,Exit short,2026-01-28 13:30,3034.990000,1,-6.690000,-0.2200,5.735000,10.100000,848.600000
2795,Entry short,2026-01-28 12:45,3028.300000,1,-6.690000,-0.2200,5.735000,10.100000,848.600000
2794,Exit short,2026-01-28 13:30,3034.990000,1,-6.980000,-0.2300,5.735000,10.100000,855.290000
2794,Entry short,2026-01-28 12:30,3028.010000,1,-6.980000,-0.2300,5.735000,10.100000,855.290000
2793,Exit long,2026-01-28 01:30,3012.850000,1,-10.140000,-0.3400,5.253333,11.436667,862.270000
2793,Entry long,2026-01-28 01:00,3022.990000,1,-10.140000,-0.3400,5.253333,11.436667,862.270000
2792,Exit long,2026-01-28 01:30,3012.850000,1,-2.110000,-0.0700,5.253333,11.436667,872.410000
2792,Entry long,2026-01-28 00:45,3014.960000,1,-2.110000,-0.0700,5.253333,11.436667,872.410000
2791,Exit long,2026-01-28 01:30,3012.850000,1,-10.510000,-0.3500,5.253333,11.436667,874.520000
2791,Entry long,2026-01-28 00:30,3023.360000,1,-10.510000,-0.3500,5.253333,11.436667,874.520000
2790,Exit short,2026-01-27 13:30,2907.120000,1,10.020000,0.3400,14.600000,-0.000000,885.030000
2790,Entry short,2026-01-27 13:00,2917.140000,1,10.020000,0.3400,14.600000,-0.000000,885.030000
2789,Exit short,2026-01-27 13:30,2907.120000,1,11.530000,0.4000,14.600000,-0.000000,875.010000
2789,Entry short,2026-01-27 12:45,2918.650000,1,11.530000,0.4000,14.600000,-0.000000,875.010000
2788,Exit short,2026-01-27 13:30,2907.120000,1,15.890000,0.5400,14.600000,2.040000,863.480000
2788,Entry short,2026-01-27 12:30,2923.010000,1,15.890000,0.5400,14.600000,2.040000,863.480000
2787,Exit long,2026-01-27 01:30,2930.420000,1,11.050000,0.3800,10.996667,9.773333,847.590000
2787,Entry long,2026-01-27 01:00,2919.370000,1,11.050000,0.3800,10.996667,9.773333,847.590000
2786,Exit long,2026-01-27 01:30,2930.420000,1,11.140000,0.3800,10.996667,9.773333,836.540000
2786,Entry long,2026-01-27 00:45,2919.280000,1,11.140000,0.3800,10.996667,9.773333,836.540000
2785,Exit long,2026-01-27 01:30,2930.420000,1,6.960000,0.2400,10.996667,9.773333,825.400000
2785,Entry long,2026-01-27 00:30,2923.460000,1,6.960000,0.2400,10.996667,9.773333,825.400000
2784,Exit short,2026-01-26 13:30,2904.560000,1,-3.270000,-0.1100,5.243333,6.976667,818.440000
2784,Entry short,2026-01-26 13:00,2901.290000,1,-3.270000,-0.1100,5.243333,6.976667,818.440000
2783,Exit short,2026-01-26 13:30,2904.560000,1,-5.960000,-0.2100,5.243333,6.976667,821.710000
2783,Entry short,2026-01-26 12:45,2898.600000,1,-5.960000,-0.2100,5.243333,6.976667,821.710000
2782,Exit short,2026-01-26 13:30,2904.560000,1,-1.380000,-0.0500,5.243333,6.976667,827.670000
2782,Entry short,2026-01-26 12:30,2903.180000,1,-1.380000,-0.0500,5.243333,6.976667,827.670000
2781,Exit long,2026-01-26 01:30,2874.420000,1,33.840000,1.1900,45.216667,-0.000000,829.050000
2781,Entry long,2026-01-26 01:00,2840.580000,1,33.840000,1.1900,45.216667,-0.000000,829.050000
2780,Exit long,2026-01-26 01:30,2874.420000,1,42.520000,1.5000,45.216667,3.055000,795.210000
2780,Entry long,2026-01-26 00:45,2831.900000,1,42.520000,1.5000,45.216667,3.055000,795.210000
2779,Exit long,2026-01-26 01:30,2874.420000,1,42.550000,1.5000,45.216667,8.460000,752.690000
2779,Entry long,2026-01-26 00:30,2831.870000,1,42.550000,1.5000,45.216667,8.460000,752.690000
2778,Exit short,2026-01-25 13:30,2935.050000,1,6.060000,0.2100,5.276667,4.023333,710.140000
2778,Entry short,2026-01-25 13:00,2941.110000,1,6.060000,0.2100,5.276667,4.023333,710.140000
2777,Exit short,2026-01-25 13:30,2935.050000,1,4.650000,0.1600,5.276667,4.023333,704.080000
2777,Entry short,2026-01-25 12:45,2939.700000,1,4.650000,0.1600,5.276667,4.023333,704.080000
2776,Exit short,2026-01-25 13:30,2935.050000,1,2.600000,0.0900,5.276667,4.023333,699.430000
2776,Entry short,2026-01-25 12:30,2937.650000,1,2.600000,0.0900,5.276667,4.023333,699.430000
2775,Exit long,2026-01-25 01:30,2951.750000,1,-5.890000,-0.2000,4.286667,3.433333,696.830000
2775,Entry long,2026-01-25 01:00,2957.640000,1,-5.890000,-0.2000,4.286667,3.433333,696.830000
2774,Exit long,2026-01-25 01:30,2951.750000,1,-2.900000,-0.1000,4.286667,3.433333,702.720000
2774,Entry long,2026-01-25 00:45,2954.650000,1,-2.900000,-0.1000,4.286667,3.433333,702.720000
2773,Exit long,2026-01-25 01:30,2951.750000,1,-0.910000,-0.0300,4.286667,3.433333,705.620000
2773,Entry long,2026-01-25 00:30,2952.660000,1,-0.910000,-0.0300,4.286667,3.433333,705.620000
2772,Exit short,2026-01-24 13:30,2959.520000,1,1.960000,0.0700,2.576667,1.453333,706.530000
2772,Entry short,2026-01-24 13:00,2961.480000,1,1.960000,0.0700,2.576667,1.453333,706.530000
2771,Exit short,2026-01-24 13:30,2959.520000,1,1.240000,0.0400,2.576667,1.453333,704.570000
2771,Entry short,2026-01-24 12:45,2960.760000,1,1.240000,0.0400,2.576667,1.453333,704.570000
2770,Exit short,2026-01-24 13:30,2959.520000,1,1.260000,0.0400,2.780000,2.800000,703.330000
2770,Entry short,2026-01-24 12:30,2960.780000,1,1.260000,0.0400,2.780000,2.800000,703.330000
2769,Exit long,2026-01-24 01:30,2957.700000,1,8.260000,0.2800,8.326667,1.553333,702.070000
2769,Entry long,2026-01-24 01:00,2949.440000,1,8.260000,0.2800,8.326667,1.553333,702.070000
2768,Exit long,2026-01-24 01:30,2957.700000,1,7.650000,0.2600,8.326667,2.625000,693.810000
2768,Entry long,2026-01-24 00:45,2950.050000,1,7.650000,0.2600,8.326667,2.625000,693.810000
2767,Exit long,2026-01-24 01:30,2957.700000,1,7.060000,0.2400,8.326667,2.625000,686.160000
2767,Entry long,2026-01-24 00:30,2950.640000,1,7.060000,0.2400,8.326667,2.625000,686.160000
2766,Exit short,2026-01-23 13:30,2936.120000,1,-2.720000,-0.0900,1.586667,8.703333,679.100000
2766,Entry short,2026-01-23 13:00,2933.400000,1,-2.720000,-0.0900,1.586667,8.703333,679.100000
2765,Exit short,2026-01-23 13:30,2936.120000,1,-3.370000,-0.1100,4.070000,8.703333,681.820000
2765,Entry short,2026-01-23 12:45,2932.750000,1,-3.370000,-0.1100,4.070000,8.703333,681.820000
2764,Exit short,2026-01-23 13:30,2936.120000,1,0.410000,0.0100,9.010000,8.703333,685.190000
2764,Entry short,2026-01-23 12:30,2936.530000,1,0.410000,0.0100,9.010000,8.703333,685.190000
2763,Exit long,2026-01-23 01:30,2957.510000,1,5.350000,0.1800,7.890000,-0.000000,684.780000
2763,Entry long,2026-01-23 01:00,2952.160000,1,5.350000,0.1800,7.890000,-0.000000,684.780000
2762,Exit long,2026-01-23 01:30,2957.510000,1,9.070000,0.3100,7.890000,2.595000,679.430000
2762,Entry long,2026-01-23 00:45,2948.440000,1,9.070000,0.3100,7.890000,2.595000,679.430000
2761,Exit long,2026-01-23 01:30,2957.510000,1,7.780000,0.2600,7.890000,5.260000,670.360000
2761,Entry long,2026-01-23 00:30,2949.730000,1,7.780000,0.2600,7.890000,5.260000,670.360000
2760,Exit short,2026-01-22 13:30,2998.590000,1,-9.030000,-0.3000,1.786667,9.363333,662.580000
2760,Entry short,2026-01-22 13:00,2989.560000,1,-9.030000,-0.3000,1.786667,9.363333,662.580000
2759,Exit short,2026-01-22 13:30,2998.590000,1,-8.390000,-0.2800,4.455000,9.363333,671.610000
2759,Entry short,2026-01-22 12:45,2990.200000,1,-8.390000,-0.2800,4.455000,9.363333,671.610000
2758,Exit short,2026-01-22 13:30,2998.590000,1,-9.560000,-0.3200,4.455000,9.363333,680.000000
2758,Entry short,2026-01-22 12:30,2989.030000,1,-9.560000,-0.3200,4.455000,9.363333,680.000000
2757,Exit long,2026-01-22 01:30,3021.470000,1,17.510000,0.5800,23.693333,3.566667,689.560000
2757,Entry long,2026-01-22 01:00,3003.960000,1,17.510000,0.5800,23.693333,3.566667,689.560000
2756,Exit long,2026-01-22 01:30,3021.470000,1,14.470000,0.4800,23.693333,3.566667,672.050000
2756,Entry long,2026-01-22 00:45,3007.000000,1,14.470000,0.4800,23.693333,3.566667,672.050000
2755,Exit long,2026-01-22 01:30,3021.470000,1,19.540000,0.6500,23.693333,3.566667,657.580000
2755,Entry long,2026-01-22 00:30,3001.930000,1,19.540000,0.6500,23.693333,3.566667,657.580000
2754,Exit short,2026-01-21 13:30,2932.240000,1,-2.320000,-0.0800,0.000000,25.296667,638.040000
2754,Entry short,2026-01-21 13:00,2929.920000,1,-2.320000,-0.0800,0.000000,25.296667,638.040000
2753,Exit short,2026-01-21 13:30,2932.240000,1,-14.480000,-0.5000,0.000000,25.296667,640.360000
2753,Entry short,2026-01-21 12:45,2917.760000,1,-14.480000,-0.5000,0.000000,25.296667,640.360000
2752,Exit short,2026-01-21 13:30,2932.240000,1,-22.310000,-0.7700,8.640000,25.296667,654.840000
2752,Entry short,2026-01-21 12:30,2909.930000,1,-22.310000,-0.7700,8.640000,25.296667,654.840000
2751,Exit long,2026-01-21 01:30,2965.830000,1,7.520000,0.2500,22.993333,-0.000000,677.150000
2751,Entry long,2026-01-21 01:00,2958.310000,1,7.520000,0.2500,22.993333,-0.000000,677.150000
2750,Exit long,2026-01-21 01:30,2965.830000,1,15.640000,0.5300,24.545000,-0.000000,669.630000
2750,Entry long,2026-01-21 00:45,2950.190000,1,15.640000,0.5300,24.545000,-0.000000,669.630000
2749,Exit long,2026-01-21 01:30,2965.830000,1,29.110000,0.9900,24.545000,3.760000,653.990000
2749,Entry long,2026-01-21 00:30,2936.720000,1,29.110000,0.9900,24.545000,3.760000,653.990000
2748,Exit short,2026-01-20 13:30,3087.740000,1,21.760000,0.7000,20.860000,4.630000,624.880000
2748,Entry short,2026-01-20 13:00,3109.500000,1,21.760000,0.7000,20.860000,4.630000,624.880000
2747,Exit short,2026-01-20 13:30,3087.740000,1,18.880000,0.6100,20.860000,4.630000,603.120000
2747,Entry short,2026-01-20 12:45,3106.620000,1,18.880000,0.6100,20.860000,4.630000,603.120000
2746,Exit short,2026-01-20 13:30,3087.740000,1,16.750000,0.5400,20.860000,4.630000,584.240000
2746,Entry short,2026-01-20 12:30,3104.490000,1,16.750000,0.5400,20.860000,4.630000,584.240000
2745,Exit long,2026-01-20 01:30,3196.210000,1,13.660000,0.4300,12.700000,10.280000,567.490000
2745,Entry long,2026-01-20 01:00,3182.550000,1,13.660000,0.4300,12.700000,10.280000,567.490000
2744,Exit long,2026-01-20 01:30,3196.210000,1,7.110000,0.2200,12.700000,10.280000,553.830000
2744,Entry long,2026-01-20 00:45,3189.100000,1,7.110000,0.2200,12.700000,10.280000,553.830000
2743,Exit long,2026-01-20 01:30,3196.210000,1,14.960000,0.4700,12.700000,10.280000,546.720000
2743,Entry long,2026-01-20 00:30,3181.250000,1,14.960000,0.4700,12.700000,10.280000,546.720000
2742,Exit short,2026-01-19 13:30,3213.530000,1,10.130000,0.3100,14.773333,-0.000000,531.760000
2742,Entry short,2026-01-19 13:00,3223.660000,1,10.130000,0.3100,14.773333,-0.000000,531.760000
2741,Exit short,2026-01-19 13:30,3213.530000,1,14.440000,0.4500,14.773333,2.140000,521.630000
2741,Entry short,2026-01-19 12:45,3227.970000,1,14.440000,0.4500,14.773333,2.140000,521.630000
2740,Exit short,2026-01-19 13:30,3213.530000,1,12.160000,0.3800,14.773333,9.020000,507.190000
2740,Entry short,2026-01-19 12:30,3225.690000,1,12.160000,0.3800,14.773333,9.020000,507.190000
2739,Exit long,2026-01-19 01:30,3208.050000,1,-2.620000,-0.0800,9.143333,5.856667,495.030000
2739,Entry long,2026-01-19 01:00,3210.670000,1,-2.620000,-0.0800,9.143333,5.856667,495.030000
2738,Exit long,2026-01-19 01:30,3208.050000,1,-11.150000,-0.3500,9.143333,5.856667,497.650000
2738,Entry long,2026-01-19 00:45,3219.200000,1,-11.150000,-0.3500,9.143333,5.856667,497.650000
2737,Exit long,2026-01-19 01:30,3208.050000,1,5.350000,0.1700,19.300000,19.920000,508.800000
2737,Entry long,2026-01-19 00:30,3202.700000,1,5.350000,0.1700,19.300000,19.920000,508.800000
2736,Exit short,2026-01-18 13:30,3316.780000,1,3.930000,0.1200,9.856667,-0.000000,503.450000
2736,Entry short,2026-01-18 13:00,3320.710000,1,3.930000,0.1200,9.856667,-0.000000,503.450000
2735,Exit short,2026-01-18 13:30,3316.780000,1,7.030000,0.2100,9.856667,0.785000,499.520000
2735,Entry short,2026-01-18 12:45,3323.810000,1,7.030000,0.2100,9.856667,0.785000,499.520000
2734,Exit short,2026-01-18 13:30,3316.780000,1,6.400000,0.1900,9.856667,2.570000,492.490000
2734,Entry short,2026-01-18 12:30,3323.180000,1,6.400000,0.1900,9.856667,2.570000,492.490000
2733,Exit long,2026-01-18 01:30,3304.760000,1,1.630000,0.0500,0.000000,8.953333,486.090000
2733,Entry long,2026-01-18 01:00,3303.130000,1,1.630000,0.0500,0.000000,8.953333,486.090000
2732,Exit long,2026-01-18 01:30,3304.760000,1,-0.790000,-0.0200,0.000000,8.953333,484.460000
2732,Entry long,2026-01-18 00:45,3305.550000,1,-0.790000,-0.0200,0.000000,8.953333,484.460000
2731,Exit long,2026-01-18 01:30,3304.760000,1,-5.920000,-0.1800,1.960000,8.953333,485.250000
2731,Entry long,2026-01-18 00:30,3310.680000,1,-5.920000,-0.1800,1.960000,8.953333,485.250000
2730,Exit short,2026-01-17 13:30,3301.000000,1,0.120000,0.0000,3.246667,1.293333,491.170000
2730,Entry short,2026-01-17 13:00,3301.120000,1,0.120000,0.0000,3.246667,1.293333,491.170000
2729,Exit short,2026-01-17 13:30,3301.000000,1,1.300000,0.0400,3.246667,1.293333,491.050000
2729,Entry short,2026-01-17 12:45,3302.300000,1,1.300000,0.0400,3.246667,1.293333,491.050000
2728,Exit short,2026-01-17 13:30,3301.000000,1,-0.680000,-0.0200,3.246667,2.680000,489.750000
2728,Entry short,2026-01-17 12:30,3300.320000,1,-0.680000,-0.0200,3.246667,2.680000,489.750000
2727,Exit long,2026-01-17 01:30,3291.630000,1,0.230000,0.0100,3.536667,1.433333,490.430000
2727,Entry long,2026-01-17 01:00,3291.400000,1,0.230000,0.0100,3.536667,1.433333,490.430000
2726,Exit long,2026-01-17 01:30,3291.630000,1,0.790000,0.0200,3.536667,1.433333,490.200000
2726,Entry long,2026-01-17 00:45,3290.840000,1,0.790000,0.0200,3.536667,1.433333,490.200000
2725,Exit long,2026-01-17 01:30,3291.630000,1,0.620000,0.0200,3.536667,2.590000,489.410000
2725,Entry long,2026-01-17 00:30,3291.010000,1,0.620000,0.0200,3.536667,2.590000,489.410000
2724,Exit short,2026-01-16 13:30,3307.010000,1,0.330000,0.0100,8.636667,-0.000000,488.790000
2724,Entry short,2026-01-16 13:00,3307.340000,1,0.330000,0.0100,8.636667,-0.000000,488.790000
2723,Exit short,2026-01-16 13:30,3307.010000,1,3.830000,0.1200,8.636667,1.425000,488.460000
2723,Entry short,2026-01-16 12:45,3310.840000,1,3.830000,0.1200,8.636667,1.425000,488.460000
2722,Exit short,2026-01-16 13:30,3307.010000,1,3.120000,0.0900,8.636667,2.870000,484.630000
2722,Entry short,2026-01-16 12:30,3310.130000,1,3.120000,0.0900,8.636667,2.870000,484.630000
2721,Exit long,2026-01-16 01:30,3309.460000,1,-5.850000,-0.1800,0.000000,19.143333,481.510000
2721,Entry long,2026-01-16 01:00,3315.310000,1,-5.850000,-0.1800,0.000000,19.143333,481.510000
2720,Exit long,2026-01-16 01:30,3309.460000,1,-14.260000,-0.4300,2.715000,19.143333,487.360000
2720,Entry long,2026-01-16 00:45,3323.720000,1,-14.260000,-0.4300,2.715000,19.143333,487.360000
2719,Exit long,2026-01-16 01:30,3309.460000,1,-9.390000,-0.2800,6.490000,19.143333,501.620000
2719,Entry long,2026-01-16 00:30,3318.850000,1,-9.390000,-0.2800,6.490000,19.143333,501.620000
2718,Exit short,2026-01-15 13:30,3370.990000,1,-3.120000,-0.0900,0.000000,15.460000,511.010000
2718,Entry short,2026-01-15 13:00,3367.870000,1,-3.120000,-0.0900,0.000000,15.460000,511.010000
2717,Exit short,2026-01-15 13:30,3370.990000,1,-14.000000,-0.4200,0.000000,19.075000,514.130000
2717,Entry short,2026-01-15 12:45,3356.990000,1,-14.000000,-0.4200,0.000000,19.075000,514.130000
2716,Exit short,2026-01-15 13:30,3370.990000,1,-26.230000,-0.7800,1.570000,19.075000,528.130000
2716,Entry short,2026-01-15 12:30,3344.760000,1,-26.230000,-0.7800,1.570000,19.075000,528.130000
2715,Exit long,2026-01-15 01:30,3324.990000,1,-5.360000,-0.1600,7.776667,11.843333,554.360000
2715,Entry long,2026-01-15 01:00,3330.350000,1,-5.360000,-0.1600,7.776667,11.843333,554.360000
2714,Exit long,2026-01-15 01:30,3324.990000,1,-6.660000,-0.2000,7.776667,11.950000,559.720000
2714,Entry long,2026-01-15 00:45,3331.650000,1,-6.660000,-0.2000,7.776667,11.950000,559.720000
2713,Exit long,2026-01-15 01:30,3324.990000,1,-14.960000,-0.4500,7.776667,11.950000,566.380000
2713,Entry long,2026-01-15 00:30,3339.950000,1,-14.960000,-0.4500,7.776667,11.950000,566.380000
2712,Exit short,2026-01-14 13:30,3304.290000,1,-9.060000,-0.2700,6.590000,13.480000,581.340000
2712,Entry short,2026-01-14 13:00,3295.230000,1,-9.060000,-0.2700,6.590000,13.480000,581.340000
2711,Exit short,2026-01-14 13:30,3304.290000,1,-10.980000,-0.3300,6.590000,13.480000,590.400000
2711,Entry short,2026-01-14 12:45,3293.310000,1,-10.980000,-0.3300,6.590000,13.480000,590.400000
2710,Exit short,2026-01-14 13:30,3304.290000,1,-11.040000,-0.3400,6.590000,13.480000,601.380000
2710,Entry short,2026-01-14 12:30,3293.250000,1,-11.040000,-0.3400,6.590000,13.480000,601.380000
2709,Exit long,2026-01-14 01:30,3335.990000,1,12.560000,0.3800,22.996667,2.843333,612.420000
2709,Entry long,2026-01-14 01:00,3323.430000,1,12.560000,0.3800,22.996667,2.843333,612.420000
2708,Exit long,2026-01-14 01:30,3335.990000,1,17.150000,0.5200,22.996667,8.510000,599.860000
2708,Entry long,2026-01-14 00:45,3318.840000,1,17.150000,0.5200,22.996667,8.510000,599.860000
2707,Exit long,2026-01-14 01:30,3335.990000,1,9.790000,0.2900,22.996667,10.920000,582.710000
2707,Entry long,2026-01-14 00:30,3326.200000,1,9.790000,0.2900,22.996667,10.920000,582.710000
2706,Exit short,2026-01-13 13:30,3139.970000,1,-6.030000,-0.1900,4.863333,7.406667,572.920000
2706,Entry short,2026-01-13 13:00,3133.940000,1,-6.030000,-0.1900,4.863333,7.406667,572.920000
2705,Exit short,2026-01-13 13:30,3139.970000,1,-5.740000,-0.1800,4.863333,7.406667,578.950000
2705,Entry short,2026-01-13 12:45,3134.230000,1,-5.740000,-0.1800,4.863333,7.406667,578.950000
2704,Exit short,2026-01-13 13:30,3139.970000,1,-7.420000,-0.2400,4.863333,7.406667,584.690000
2704,Entry short,2026-01-13 12:30,3132.550000,1,-7.420000,-0.2400,4.863333,7.406667,584.690000
2703,Exit long,2026-01-13 01:30,3101.240000,1,-5.950000,-0.1900,10.146667,4.613333,592.110000
2703,Entry long,2026-01-13 01:00,3107.190000,1,-5.950000,-0.1900,10.146667,4.613333,592.110000
2702,Exit long,2026-01-13 01:30,3101.240000,1,0.770000,0.0200,10.146667,4.613333,598.060000
2702,Entry long,2026-01-13 00:45,3100.470000,1,0.770000,0.0200,10.146667,4.613333,598.060000
2701,Exit long,2026-01-13 01:30,3101.240000,1,-0.260000,-0.0100,10.146667,4.613333,597.290000
2701,Entry long,2026-01-13 00:30,3101.500000,1,-0.260000,-0.0100,10.146667,4.613333,597.290000
2700,Exit short,2026-01-12 13:30,3109.360000,1,6.630000,0.2100,10.923333,2.826667,597.550000
2700,Entry short,2026-01-12 13:00,3115.990000,1,6.630000,0.2100,10.923333,2.826667,597.550000
2699,Exit short,2026-01-12 13:30,3109.360000,1,5.900000,0.1900,10.923333,2.826667,590.920000
2699,Entry short,2026-01-12 12:45,3115.260000,1,5.900000,0.1900,10.923333,2.826667,590.920000
2698,Exit short,2026-01-12 13:30,3109.360000,1,8.540000,0.2700,10.923333,2.826667,585.020000
2698,Entry short,2026-01-12 12:30,3117.900000,1,8.540000,0.2700,10.923333,2.826667,585.020000
2697,Exit long,2026-01-12 01:30,3129.870000,1,11.040000,0.3500,22.613333,-0.000000,576.480000
2697,Entry long,2026-01-12 01:00,3118.830000,1,11.040000,0.3500,22.613333,-0.000000,576.480000
2696,Exit long,2026-01-12 01:30,3129.870000,1,25.090000,0.8100,22.613333,16.570000,565.440000
2696,Entry long,2026-01-12 00:45,3104.780000,1,25.090000,0.8100,22.613333,16.570000,565.440000
2695,Exit long,2026-01-12 01:30,3129.870000,1,10.950000,0.3500,22.613333,16.740000,540.350000
2695,Entry long,2026-01-12 00:30,3118.920000,1,10.950000,0.3500,22.613333,16.740000,540.350000
2694,Exit short,2026-01-11 13:30,3110.910000,1,1.620000,0.0500,3.330000,4.670000,529.400000
2694,Entry short,2026-01-11 13:00,3112.530000,1,1.620000,0.0500,3.330000,4.670000,529.400000
2693,Exit short,2026-01-11 13:30,3110.910000,1,-1.160000,-0.0400,3.330000,6.650000,527.780000
2693,Entry short,2026-01-11 12:45,3109.750000,1,-1.160000,-0.0400,3.330000,6.650000,527.780000
2692,Exit short,2026-01-11 13:30,3110.910000,1,-2.200000,-0.0700,3.330000,6.650000,528.940000
2692,Entry short,2026-01-11 12:30,3108.710000,1,-2.200000,-0.0700,3.330000,6.650000,528.940000
2691,Exit long,2026-01-11 01:30,3091.050000,1,0.280000,0.0100,3.546667,0.763333,531.140000
2691,Entry long,2026-01-11 01:00,3090.770000,1,0.280000,0.0100,3.546667,0.763333,531.140000
2690,Exit long,2026-01-11 01:30,3091.050000,1,4.170000,0.1400,3.546667,1.630000,530.860000
2690,Entry long,2026-01-11 00:45,3086.880000,1,4.170000,0.1400,3.546667,1.630000,530.860000
2689,Exit long,2026-01-11 01:30,3091.050000,1,0.910000,0.0300,3.546667,3.260000,526.690000
2689,Entry long,2026-01-11 00:30,3090.140000,1,0.910000,0.0300,3.546667,3.260000,526.690000
2688,Exit short,2026-01-10 13:30,3094.880000,1,3.130000,0.1000,2.033333,1.626667,525.780000
2688,Entry short,2026-01-10 13:00,3098.010000,1,3.130000,0.1000,2.033333,1.626667,525.780000
2687,Exit short,2026-01-10 13:30,3094.880000,1,1.100000,0.0400,2.033333,2.540000,522.650000
2687,Entry short,2026-01-10 12:45,3095.980000,1,1.100000,0.0400,2.033333,2.540000,522.650000
2686,Exit short,2026-01-10 13:30,3094.880000,1,0.280000,0.0100,3.700000,2.540000,521.550000
2686,Entry short,2026-01-10 12:30,3095.160000,1,0.280000,0.0100,3.700000,2.540000,521.550000
2685,Exit long,2026-01-10 01:30,3088.500000,1,6.110000,0.2000,3.826667,2.383333,521.270000
2685,Entry long,2026-01-10 01:00,3082.390000,1,6.110000,0.2000,3.826667,2.383333,521.270000
2684,Exit long,2026-01-10 01:30,3088.500000,1,3.600000,0.1200,3.826667,5.330000,515.160000
2684,Entry long,2026-01-10 00:45,3084.900000,1,3.600000,0.1200,3.826667,5.330000,515.160000
2683,Exit long,2026-01-10 01:30,3088.500000,1,1.500000,0.0500,3.826667,5.330000,511.560000
2683,Entry long,2026-01-10 00:30,3087.000000,1,1.500000,0.0500,3.826667,5.330000,511.560000
2682,Exit short,2026-01-09 13:30,3097.110000,1,-14.000000,-0.4500,1.980000,17.890000,510.060000
2682,Entry short,2026-01-09 13:00,3083.110000,1,-14.000000,-0.4500,1.980000,17.890000,510.060000
2681,Exit short,2026-01-09 13:30,3097.110000,1,-12.810000,-0.4200,2.340000,17.890000,524.060000
2681,Entry short,2026-01-09 12:45,3084.300000,1,-12.810000,-0.4200,2.340000,17.890000,524.060000
2680,Exit short,2026-01-09 13:30,3097.110000,1,-12.190000,-0.4000,3.120000,17.890000,536.870000
2680,Entry short,2026-01-09 12:30,3084.920000,1,-12.190000,-0.4000,3.120000,17.890000,536.870000
2679,Exit long,2026-01-09 01:30,3138.190000,1,23.490000,0.7500,33.650000,12.430000,549.060000
2679,Entry long,2026-01-09 01:00,3114.700000,1,23.490000,0.7500,33.650000,12.430000,549.060000
2678,Exit long,2026-01-09 01:30,3138.190000,1,25.840000,0.8300,33.650000,12.430000,525.570000
2678,Entry long,2026-01-09 00:45,3112.350000,1,25.840000,0.8300,33.650000,12.430000,525.570000
2677,Exit long,2026-01-09 01:30,3138.190000,1,34.190000,1.1000,33.650000,12.430000,499.730000
2677,Entry long,2026-01-09 00:30,3104.000000,1,34.190000,1.1000,33.650000,12.430000,499.730000
2676,Exit short,2026-01-08 13:30,3098.060000,1,-4.060000,-0.1300,7.310000,0.410000,465.540000
2676,Entry short,2026-01-08 13:00,3094.000000,1,-4.060000,-0.1300,7.310000,0.410000,465.540000
2675,Exit short,2026-01-08 13:30,3098.060000,1,-0.700000,-0.0200,10.005000,1.375000,469.600000
2675,Entry short,2026-01-08 12:45,3097.360000,1,-0.700000,-0.0200,10.005000,1.375000,469.600000
2674,Exit short,2026-01-08 13:30,3098.060000,1,6.950000,0.2200,25.010000,2.400000,470.300000
2674,Entry short,2026-01-08 12:30,3105.010000,1,6.950000,0.2200,25.010000,2.400000,470.300000
2673,Exit long,2026-01-08 01:30,3176.680000,1,7.190000,0.2300,15.946667,-0.000000,463.350000
2673,Entry long,2026-01-08 01:00,3169.490000,1,7.190000,0.2300,15.946667,-0.000000,463.350000
2672,Exit long,2026-01-08 01:30,3176.680000,1,10.810000,0.3400,15.946667,-0.000000,456.160000
2672,Entry long,2026-01-08 00:45,3165.870000,1,10.810000,0.3400,15.946667,-0.000000,456.160000
2671,Exit long,2026-01-08 01:30,3176.680000,1,19.880000,0.6300,15.946667,3.320000,445.350000
2671,Entry long,2026-01-08 00:30,3156.800000,1,19.880000,0.6300,15.946667,3.320000,445.350000
2670,Exit short,2026-01-07 13:30,3222.000000,1,-10.140000,-0.3200,12.046667,15.213333,425.470000
2670,Entry short,2026-01-07 13:00,3211.860000,1,-10.140000,-0.3200,12.046667,15.213333,425.470000
2669,Exit short,2026-01-07 13:30,3222.000000,1,-9.900000,-0.3100,12.046667,15.213333,435.610000
2669,Entry short,2026-01-07 12:45,3212.100000,1,-9.900000,-0.3100,12.046667,15.213333,435.610000
2668,Exit short,2026-01-07 13:30,3222.000000,1,-7.600000,-0.2400,12.046667,15.213333,445.510000
2668,Entry short,2026-01-07 12:30,3214.400000,1,-7.600000,-0.2400,12.046667,15.213333,445.510000
2667,Exit long,2026-01-07 01:30,3254.880000,1,-1.570000,-0.0500,1.286667,24.243333,453.110000
2667,Entry long,2026-01-07 01:00,3256.450000,1,-1.570000,-0.0500,1.286667,24.243333,453.110000
2666,Exit long,2026-01-07 01:30,3254.880000,1,-18.330000,-0.5600,1.286667,24.243333,454.680000
2666,Entry long,2026-01-07 00:45,3273.210000,1,-18.330000,-0.5600,1.286667,24.243333,454.680000
2665,Exit long,2026-01-07 01:30,3254.880000,1,-24.990000,-0.7600,1.286667,24.243333,473.010000
2665,Entry long,2026-01-07 00:30,3279.870000,1,-24.990000,-0.7600,1.286667,24.243333,473.010000
2664,Exit short,2026-01-06 13:30,3233.640000,1,3.420000,0.1100,10.353333,-0.000000,498.000000
2664,Entry short,2026-01-06 13:00,3237.060000,1,3.420000,0.1100,10.353333,-0.000000,498.000000
2663,Exit short,2026-01-06 13:30,3233.640000,1,4.470000,0.1400,10.353333,1.085000,494.580000
2663,Entry short,2026-01-06 12:45,3238.110000,1,4.470000,0.1400,10.353333,1.085000,494.580000
2662,Exit short,2026-01-06 13:30,3233.640000,1,6.820000,0.2100,10.353333,1.085000,490.110000
2662,Entry short,2026-01-06 12:30,3240.460000,1,6.820000,0.2100,10.353333,1.085000,490.110000
2661,Exit long,2026-01-06 01:30,3241.720000,1,27.010000,0.8400,32.746667,-0.000000,483.290000
2661,Entry long,2026-01-06 01:00,3214.710000,1,27.010000,0.8400,32.746667,-0.000000,483.290000
2660,Exit long,2026-01-06 01:30,3241.720000,1,36.660000,1.1400,32.746667,9.525000,456.280000
2660,Entry long,2026-01-06 00:45,3205.060000,1,36.660000,1.1400,32.746667,9.525000,456.280000
2659,Exit long,2026-01-06 01:30,3241.720000,1,21.730000,0.6700,32.746667,18.080000,419.620000
2659,Entry long,2026-01-06 00:30,3219.990000,1,21.730000,0.6700,32.746667,18.080000,419.620000
2658,Exit short,2026-01-05 13:30,3158.770000,1,10.330000,0.3300,14.500000,4.820000,397.890000
2658,Entry short,2026-01-05 13:00,3169.100000,1,10.330000,0.3300,14.500000,4.820000,397.890000
2657,Exit short,2026-01-05 13:30,3158.770000,1,7.830000,0.2500,14.500000,4.820000,387.560000
2657,Entry short,2026-01-05 12:45,3166.600000,1,7.830000,0.2500,14.500000,4.820000,387.560000
2656,Exit short,2026-01-05 13:30,3158.770000,1,14.030000,0.4400,14.500000,4.820000,379.730000
2656,Entry short,2026-01-05 12:30,3172.800000,1,14.030000,0.4400,14.500000,4.820000,379.730000
2655,Exit long,2026-01-05 01:30,3185.330000,1,18.070000,0.5700,39.693333,-0.000000,365.700000
2655,Entry long,2026-01-05 01:00,3167.260000,1,18.070000,0.5700,39.693333,-0.000000,365.700000
2654,Exit long,2026-01-05 01:30,3185.330000,1,31.340000,0.9900,39.693333,1.110000,347.630000
2654,Entry long,2026-01-05 00:45,3153.990000,1,31.340000,0.9900,39.693333,1.110000,347.630000
2653,Exit long,2026-01-05 01:30,3185.330000,1,34.420000,1.0900,39.693333,8.490000,316.290000
2653,Entry long,2026-01-05 00:30,3150.910000,1,34.420000,1.0900,39.693333,8.490000,316.290000
2652,Exit short,2026-01-04 13:30,3137.400000,1,-1.860000,-0.0600,6.740000,1.900000,281.870000
2652,Entry short,2026-01-04 13:00,3135.540000,1,-1.860000,-0.0600,6.740000,1.900000,281.870000
2651,Exit short,2026-01-04 13:30,3137.400000,1,-4.900000,-0.1600,6.740000,1.900000,283.730000
2651,Entry short,2026-01-04 12:45,3132.500000,1,-4.900000,-0.1600,6.740000,1.900000,283.730000
2650,Exit short,2026-01-04 13:30,3137.400000,1,5.530000,0.1800,10.430000,3.010000,288.630000
2650,Entry short,2026-01-04 12:30,3142.930000,1,5.530000,0.1800,10.430000,3.010000,288.630000
2649,Exit long,2026-01-04 01:30,3146.920000,1,-8.980000,-0.2800,14.620000,0.540000,283.100000
2649,Entry long,2026-01-04 01:00,3155.900000,1,-8.980000,-0.2800,14.620000,0.540000,283.100000
2648,Exit long,2026-01-04 01:30,3146.920000,1,2.530000,0.0800,24.625000,0.540000,292.080000
2648,Entry long,2026-01-04 00:45,3144.390000,1,2.530000,0.0800,24.625000,0.540000,292.080000
2647,Exit long,2026-01-04 01:30,3146.920000,1,8.580000,0.2700,24.625000,0.540000,289.550000
2647,Entry long,2026-01-04 00:30,3138.340000,1,8.580000,0.2700,24.625000,0.540000,289.550000
2646,Exit short,2026-01-03 13:30,3102.230000,1,1.240000,0.0400,1.343333,5.446667,280.970000
2646,Entry short,2026-01-03 13:00,3103.470000,1,1.240000,0.0400,1.343333,5.446667,280.970000
2645,Exit short,2026-01-03 13:30,3102.230000,1,-3.550000,-0.1100,1.595000,5.446667,279.730000
2645,Entry short,2026-01-03 12:45,3098.680000,1,-3.550000,-0.1100,1.595000,5.446667,279.730000
2644,Exit short,2026-01-03 13:30,3102.230000,1,-2.480000,-0.0800,5.180000,5.446667,283.280000
2644,Entry short,2026-01-03 12:30,3099.750000,1,-2.480000,-0.0800,5.180000,5.446667,283.280000
2643,Exit long,2026-01-03 01:30,3123.320000,1,-5.870000,-0.1900,0.960000,7.450000,285.760000
2643,Entry long,2026-01-03 01:00,3129.190000,1,-5.870000,-0.1900,0.960000,7.450000,285.760000
2642,Exit long,2026-01-03 01:30,3123.320000,1,-5.140000,-0.1600,5.900000,7.450000,291.630000
2642,Entry long,2026-01-03 00:45,3128.460000,1,-5.140000,-0.1600,5.900000,7.450000,291.630000
2641,Exit long,2026-01-03 01:30,3123.320000,1,-6.420000,-0.2100,5.900000,7.450000,296.770000
2641,Entry long,2026-01-03 00:30,3129.740000,1,-6.420000,-0.2100,5.900000,7.450000,296.770000
2640,Exit short,2026-01-02 13:30,3052.440000,1,-5.040000,-0.1700,4.920000,7.490000,303.190000
2640,Entry short,2026-01-02 13:00,3047.400000,1,-5.040000,-0.1700,4.920000,7.490000,303.190000
2639,Exit short,2026-01-02 13:30,3052.440000,1,1.230000,0.0400,4.920000,7.490000,308.230000
2639,Entry short,2026-01-02 12:45,3053.670000,1,1.230000,0.0400,4.920000,7.490000,308.230000
2638,Exit short,2026-01-02 13:30,3052.440000,1,-3.180000,-0.1000,4.920000,7.730000,307.000000
2638,Entry short,2026-01-02 12:30,3049.260000,1,-3.180000,-0.1000,4.920000,7.730000,307.000000
2637,Exit long,2026-01-02 01:30,3000.990000,1,-3.500000,-0.1200,5.760000,0.730000,310.180000
2637,Entry long,2026-01-02 01:00,3004.490000,1,-3.500000,-0.1200,5.760000,0.730000,310.180000
2636,Exit long,2026-01-02 01:30,3000.990000,1,3.350000,0.1100,5.760000,1.555000,313.680000
2636,Entry long,2026-01-02 00:45,2997.640000,1,3.350000,0.1100,5.760000,1.555000,313.680000
2635,Exit long,2026-01-02 01:30,3000.990000,1,0.240000,0.0100,6.360000,4.860000,310.330000
2635,Entry long,2026-01-02 00:30,3000.750000,1,0.240000,0.0100,6.360000,4.860000,310.330000
2634,Exit short,2026-01-01 13:30,2982.180000,1,3.900000,0.1300,2.263333,4.506667,310.090000
2634,Entry short,2026-01-01 13:00,2986.080000,1,3.900000,0.1300,2.263333,4.506667,310.090000
2633,Exit short,2026-01-01 13:30,2982.180000,1,0.720000,0.0200,2.263333,4.506667,306.190000
2633,Entry short,2026-01-01 12:45,2982.900000,1,0.720000,0.0200,2.263333,4.506667,306.190000
2632,Exit short,2026-01-01 13:30,2982.180000,1,2.170000,0.0700,2.690000,4.506667,305.470000
2632,Entry short,2026-01-01 12:30,2984.350000,1,2.170000,0.0700,2.690000,4.506667,305.470000
2631,Exit long,2026-01-01 01:30,2981.300000,1,2.620000,0.0900,9.953333,-0.000000,303.300000
2631,Entry long,2026-01-01 01:00,2978.680000,1,2.620000,0.0900,9.953333,-0.000000,303.300000
2630,Exit long,2026-01-01 01:30,2981.300000,1,2.810000,0.0900,9.953333,0.590000,300.680000
2630,Entry long,2026-01-01 00:45,2978.490000,1,2.810000,0.0900,9.953333,0.590000,300.680000
2629,Exit long,2026-01-01 01:30,2981.300000,1,2.890000,0.1000,9.953333,1.350000,297.870000
2629,Entry long,2026-01-01 00:30,2978.410000,1,2.890000,0.1000,9.953333,1.350000,297.870000
2628,Exit short,2025-12-31 13:30,2993.040000,1,-7.010000,-0.2300,5.833333,5.356667,294.980000
2628,Entry short,2025-12-31 13:00,2986.030000,1,-7.010000,-0.2300,5.833333,5.356667,294.980000
2627,Exit short,2025-12-31 13:30,2993.040000,1,-3.050000,-0.1000,10.865000,5.356667,301.990000
2627,Entry short,2025-12-31 12:45,2989.990000,1,-3.050000,-0.1000,10.865000,5.356667,301.990000
2626,Exit short,2025-12-31 13:30,2993.040000,1,4.100000,0.1400,10.865000,5.356667,305.040000
2626,Entry short,2025-12-31 12:30,2997.140000,1,4.100000,0.1400,10.865000,5.356667,305.040000
2625,Exit long,2025-12-31 01:30,2977.650000,1,12.490000,0.4200,16.320000,6.270000,300.940000
2625,Entry long,2025-12-31 01:00,2965.160000,1,12.490000,0.4200,16.320000,6.270000,300.940000
2624,Exit long,2025-12-31 01:30,2977.650000,1,9.410000,0.3200,16.320000,6.270000,288.450000
2624,Entry long,2025-12-31 00:45,2968.240000,1,9.410000,0.3200,16.320000,6.270000,288.450000
2623,Exit long,2025-12-31 01:30,2977.650000,1,9.540000,0.3200,16.320000,6.270000,279.040000
2623,Entry long,2025-12-31 00:30,2968.110000,1,9.540000,0.3200,16.320000,6.270000,279.040000
2622,Exit short,2025-12-30 13:30,2987.550000,1,-7.730000,-0.2600,1.783333,12.266667,269.500000
2622,Entry short,2025-12-30 13:00,2979.820000,1,-7.730000,-0.2600,1.783333,12.266667,269.500000
2621,Exit short,2025-12-30 13:30,2987.550000,1,-10.110000,-0.3400,4.075000,12.266667,277.230000
2621,Entry short,2025-12-30 12:45,2977.440000,1,-10.110000,-0.3400,4.075000,12.266667,277.230000
2620,Exit short,2025-12-30 13:30,2987.550000,1,-5.820000,-0.2000,4.730000,12.266667,287.340000
2620,Entry short,2025-12-30 12:30,2981.730000,1,-5.820000,-0.2000,4.730000,12.266667,287.340000
2619,Exit long,2025-12-30 01:30,2930.900000,1,-5.840000,-0.2000,1.240000,5.330000,293.160000
2619,Entry long,2025-12-30 01:00,2936.740000,1,-5.840000,-0.2000,1.240000,5.330000,293.160000
2618,Exit long,2025-12-30 01:30,2930.900000,1,-3.420000,-0.1200,2.610000,5.330000,299.000000
2618,Entry long,2025-12-30 00:45,2934.320000,1,-3.420000,-0.1200,2.610000,5.330000,299.000000
2617,Exit long,2025-12-30 01:30,2930.900000,1,-5.320000,-0.1800,2.690000,6.170000,302.420000
2617,Entry long,2025-12-30 00:30,2936.220000,1,-5.320000,-0.1800,2.690000,6.170000,302.420000
2616,Exit short,2025-12-29 13:30,2929.390000,1,0.170000,0.0100,0.466667,8.783333,307.740000
2616,Entry short,2025-12-29 13:00,2929.560000,1,0.170000,0.0100,0.466667,8.783333,307.740000
2615,Exit short,2025-12-29 13:30,2929.390000,1,-1.560000,-0.0500,1.305000,8.783333,307.570000
2615,Entry short,2025-12-29 12:45,2927.830000,1,-1.560000,-0.0500,1.305000,8.783333,307.570000
2614,Exit short,2025-12-29 13:30,2929.390000,1,-2.730000,-0.0900,1.305000,9.340000,309.130000
2614,Entry short,2025-12-29 12:30,2926.660000,1,-2.730000,-0.0900,1.305000,9.340000,309.130000
2613,Exit long,2025-12-29 01:30,2959.450000,1,-6.010000,-0.2000,4.846667,11.843333,311.860000
2613,Entry long,2025-12-29 01:00,2965.460000,1,-6.010000,-0.2000,4.846667,11.843333,311.860000
2612,Exit long,2025-12-29 01:30,2959.450000,1,-7.990000,-0.2700,14.520000,11.843333,317.870000
2612,Entry long,2025-12-29 00:45,2967.440000,1,-7.990000,-0.2700,14.520000,11.843333,317.870000
2611,Exit long,2025-12-29 01:30,2959.450000,1,2.290000,0.0800,18.720000,11.843333,325.860000
2611,Entry long,2025-12-29 00:30,2957.160000,1,2.290000,0.0800,18.720000,11.843333,325.860000
2610,Exit short,2025-12-28 13:30,2941.230000,1,-3.320000,-0.1100,2.330000,3.790000,323.570000
2610,Entry short,2025-12-28 13:00,2937.910000,1,-3.320000,-0.1100,2.330000,3.790000,323.570000
2609,Exit short,2025-12-28 13:30,2941.230000,1,-2.450000,-0.0800,3.650000,3.790000,326.890000
2609,Entry short,2025-12-28 12:45,2938.780000,1,-2.450000,-0.0800,3.650000,3.790000,326.890000
2608,Exit short,2025-12-28 13:30,2941.230000,1,0.610000,0.0200,5.640000,3.790000,329.340000
2608,Entry short,2025-12-28 12:30,2941.840000,1,0.610000,0.0200,5.640000,3.790000,329.340000
2607,Exit long,2025-12-28 01:30,2942.720000,1,-1.710000,-0.0600,4.450000,5.210000,328.730000
2607,Entry long,2025-12-28 01:00,2944.430000,1,-1.710000,-0.0600,4.450000,5.210000,328.730000
2606,Exit long,2025-12-28 01:30,2942.720000,1,-3.930000,-0.1300,5.010000,5.210000,330.440000
2606,Entry long,2025-12-28 00:45,2946.650000,1,-3.930000,-0.1300,5.010000,5.210000,330.440000
2605,Exit long,2025-12-28 01:30,2942.720000,1,-0.330000,-0.0100,5.450000,5.210000,334.370000
2605,Entry long,2025-12-28 00:30,2943.050000,1,-0.330000,-0.0100,5.450000,5.210000,334.370000
2604,Exit short,2025-12-27 13:30,2926.130000,1,4.490000,0.1500,5.443333,0.386667,334.700000
2604,Entry short,2025-12-27 13:00,2930.620000,1,4.490000,0.1500,5.443333,0.386667,334.700000
2603,Exit short,2025-12-27 13:30,2926.130000,1,5.870000,0.2000,5.443333,1.855000,330.210000
2603,Entry short,2025-12-27 12:45,2932.000000,1,5.870000,0.2000,5.443333,1.855000,330.210000
2602,Exit short,2025-12-27 13:30,2926.130000,1,3.600000,0.1200,5.443333,2.310000,324.340000
2602,Entry short,2025-12-27 12:30,2929.730000,1,3.600000,0.1200,5.443333,2.310000,324.340000
2601,Exit long,2025-12-27 01:30,2923.740000,1,-2.610000,-0.0900,1.113333,5.976667,320.740000
2601,Entry long,2025-12-27 01:00,2926.350000,1,-2.610000,-0.0900,1.113333,5.976667,320.740000
2600,Exit long,2025-12-27 01:30,2923.740000,1,-3.980000,-0.1400,2.330000,5.976667,323.350000
2600,Entry long,2025-12-27 00:45,2927.720000,1,-3.980000,-0.1400,2.330000,5.976667,323.350000
2599,Exit long,2025-12-27 01:30,2923.740000,1,-0.120000,-0.0000,4.690000,5.976667,327.330000
2599,Entry long,2025-12-27 00:30,2923.860000,1,-0.120000,-0.0000,4.690000,5.976667,327.330000
2598,Exit short,2025-12-26 13:30,2975.920000,1,-4.620000,-0.1600,0.583333,8.866667,327.450000
2598,Entry short,2025-12-26 13:00,2971.300000,1,-4.620000,-0.1600,0.583333,8.866667,327.450000
2597,Exit short,2025-12-26 13:30,2975.920000,1,-5.020000,-0.1700,1.275000,8.866667,332.070000
2597,Entry short,2025-12-26 12:45,2970.900000,1,-5.020000,-0.1700,1.275000,8.866667,332.070000
2596,Exit short,2025-12-26 13:30,2975.920000,1,-7.210000,-0.2400,1.330000,8.866667,337.090000
2596,Entry short,2025-12-26 12:30,2968.710000,1,-7.210000,-0.2400,1.330000,8.866667,337.090000
2595,Exit long,2025-12-26 01:30,2917.320000,1,14.430000,0.5000,19.520000,-0.000000,344.300000
2595,Entry long,2025-12-26 01:00,2902.890000,1,14.430000,0.5000,19.520000,-0.000000,344.300000
2594,Exit long,2025-12-26 01:30,2917.320000,1,21.320000,0.7400,19.520000,3.670000,329.870000
2594,Entry long,2025-12-26 00:45,2896.000000,1,21.320000,0.7400,19.520000,3.670000,329.870000
2593,Exit long,2025-12-26 01:30,2917.320000,1,15.940000,0.5500,19.520000,8.660000,308.550000
2593,Entry long,2025-12-26 00:30,2901.380000,1,15.940000,0.5500,19.520000,8.660000,308.550000
2592,Exit short,2025-12-25 13:30,2922.940000,1,3.670000,0.1300,7.570000,0.910000,292.610000
2592,Entry short,2025-12-25 13:00,2926.610000,1,3.670000,0.1300,7.570000,0.910000,292.610000
2591,Exit short,2025-12-25 13:30,2922.940000,1,2.070000,0.0700,7.570000,1.090000,288.940000
2591,Entry short,2025-12-25 12:45,2925.010000,1,2.070000,0.0700,7.570000,1.090000,288.940000
2590,Exit short,2025-12-25 13:30,2922.940000,1,3.710000,0.1300,7.570000,2.180000,286.870000
2590,Entry short,2025-12-25 12:30,2926.650000,1,3.710000,0.1300,7.570000,2.180000,286.870000
2589,Exit long,2025-12-25 01:30,2944.580000,1,6.580000,0.2200,6.160000,2.270000,283.160000
2589,Entry long,2025-12-25 01:00,2938.000000,1,6.580000,0.2200,6.160000,2.270000,283.160000
2588,Exit long,2025-12-25 01:30,2944.580000,1,3.880000,0.1300,6.160000,6.730000,276.580000
2588,Entry long,2025-12-25 00:45,2940.700000,1,3.880000,0.1300,6.160000,6.730000,276.580000
2587,Exit long,2025-12-25 01:30,2944.580000,1,2.500000,0.0800,6.160000,6.730000,272.700000
2587,Entry long,2025-12-25 00:30,2942.080000,1,2.500000,0.0800,6.160000,6.730000,272.700000
2586,Exit short,2025-12-24 13:30,2930.960000,1,4.050000,0.1400,6.546667,3.123333,270.200000
2586,Entry short,2025-12-24 13:00,2935.010000,1,4.050000,0.1400,6.546667,3.123333,270.200000
2585,Exit short,2025-12-24 13:30,2930.960000,1,3.350000,0.1100,6.546667,5.255000,266.150000
2585,Entry short,2025-12-24 12:45,2934.310000,1,3.350000,0.1100,6.546667,5.255000,266.150000
2584,Exit short,2025-12-24 13:30,2930.960000,1,-1.080000,-0.0400,6.546667,6.290000,262.800000
2584,Entry short,2025-12-24 12:30,2929.880000,1,-1.080000,-0.0400,6.546667,6.290000,262.800000
2583,Exit long,2025-12-24 01:30,2968.650000,1,-2.900000,-0.1000,12.196667,-0.000000,263.880000
2583,Entry long,2025-12-24 01:00,2971.550000,1,-2.900000,-0.1000,12.196667,-0.000000,263.880000
2582,Exit long,2025-12-24 01:30,2968.650000,1,4.660000,0.1600,12.196667,-0.000000,266.780000
2582,Entry long,2025-12-24 00:45,2963.990000,1,4.660000,0.1600,12.196667,-0.000000,266.780000
2581,Exit long,2025-12-24 01:30,2968.650000,1,11.340000,0.3800,12.196667,2.710000,262.120000
2581,Entry long,2025-12-24 00:30,2957.310000,1,11.340000,0.3800,12.196667,2.710000,262.120000
2580,Exit short,2025-12-23 13:30,2959.980000,1,-6.030000,-0.2000,6.130000,3.280000,250.780000
2580,Entry short,2025-12-23 13:00,2953.950000,1,-6.030000,-0.2000,6.130000,3.280000,250.780000
2579,Exit short,2025-12-23 13:30,2959.980000,1,0.710000,0.0200,6.130000,3.945000,256.810000
2579,Entry short,2025-12-23 12:45,2960.690000,1,0.710000,0.0200,6.130000,3.945000,256.810000
2578,Exit short,2025-12-23 13:30,2959.980000,1,-2.420000,-0.0800,6.130000,4.450000,256.100000
2578,Entry short,2025-12-23 12:30,2957.560000,1,-2.420000,-0.0800,6.130000,4.450000,256.100000
2577,Exit long,2025-12-23 01:30,3019.810000,1,-7.190000,-0.2400,9.140000,6.030000,258.520000
2577,Entry long,2025-12-23 01:00,3027.000000,1,-7.190000,-0.2400,9.140000,6.030000,258.520000
2576,Exit long,2025-12-23 01:30,3019.810000,1,-3.610000,-0.1200,9.140000,6.030000,265.710000
2576,Entry long,2025-12-23 00:45,3023.420000,1,-3.610000,-0.1200,9.140000,6.030000,265.710000
2575,Exit long,2025-12-23 01:30,3019.810000,1,1.560000,0.0500,16.750000,6.030000,269.320000
2575,Entry long,2025-12-23 00:30,3018.250000,1,1.560000,0.0500,16.750000,6.030000,269.320000
2574,Exit short,2025-12-22 13:30,3061.500000,1,-4.640000,-0.1500,9.143333,7.656667,267.760000
2574,Entry short,2025-12-22 13:00,3056.860000,1,-4.640000,-0.1500,9.143333,7.656667,267.760000
2573,Exit short,2025-12-22 13:30,3061.500000,1,-5.190000,-0.1700,9.143333,7.656667,272.400000
2573,Entry short,2025-12-22 12:45,3056.310000,1,-5.190000,-0.1700,9.143333,7.656667,272.400000
2572,Exit short,2025-12-22 13:30,3061.500000,1,-7.740000,-0.2500,9.143333,24.230000,277.590000
2572,Entry short,2025-12-22 12:30,3053.760000,1,-7.740000,-0.2500,9.143333,24.230000,277.590000
2571,Exit long,2025-12-22 01:30,3033.540000,1,12.710000,0.4200,15.160000,7.860000,285.330000
2571,Entry long,2025-12-22 01:00,3020.830000,1,12.710000,0.4200,15.160000,7.860000,285.330000
2570,Exit long,2025-12-22 01:30,3033.540000,1,1.250000,0.0400,15.160000,9.520000,272.620000
2570,Entry long,2025-12-22 00:45,3032.290000,1,1.250000,0.0400,15.160000,9.520000,272.620000
2569,Exit long,2025-12-22 01:30,3033.540000,1,5.150000,0.1700,15.160000,10.010000,271.370000
2569,Entry long,2025-12-22 00:30,3028.390000,1,5.150000,0.1700,15.160000,10.010000,271.370000
2568,Exit short,2025-12-21 13:30,2966.420000,1,22.280000,0.7500,28.853333,0.316667,266.220000
2568,Entry short,2025-12-21 13:00,2988.700000,1,22.280000,0.7500,28.853333,0.316667,266.220000
2567,Exit short,2025-12-21 13:30,2966.420000,1,18.170000,0.6100,28.853333,0.316667,243.940000
2567,Entry short,2025-12-21 12:45,2984.590000,1,18.170000,0.6100,28.853333,0.316667,243.940000
2566,Exit short,2025-12-21 13:30,2966.420000,1,31.950000,1.0700,28.853333,1.730000,225.770000
2566,Entry short,2025-12-21 12:30,2998.370000,1,31.950000,1.0700,28.853333,1.730000,225.770000
2565,Exit long,2025-12-21 01:30,2973.330000,1,-5.180000,-0.1700,0.150000,5.680000,193.820000
2565,Entry long,2025-12-21 01:00,2978.510000,1,-5.180000,-0.1700,0.150000,5.680000,193.820000
2564,Exit long,2025-12-21 01:30,2973.330000,1,-4.160000,-0.1400,0.575000,5.680000,199.000000
2564,Entry long,2025-12-21 00:45,2977.490000,1,-4.160000,-0.1400,0.575000,5.680000,199.000000
2563,Exit long,2025-12-21 01:30,2973.330000,1,-5.750000,-0.1900,0.650000,5.680000,203.160000
2563,Entry long,2025-12-21 00:30,2979.080000,1,-5.750000,-0.1900,0.650000,5.680000,203.160000
2562,Exit short,2025-12-20 13:30,2970.650000,1,17.250000,0.5800,22.186667,3.403333,208.910000
2562,Entry short,2025-12-20 13:00,2987.900000,1,17.250000,0.5800,22.186667,3.403333,208.910000
2561,Exit short,2025-12-20 13:30,2970.650000,1,16.220000,0.5400,22.186667,3.403333,191.660000
2561,Entry short,2025-12-20 12:45,2986.870000,1,16.220000,0.5400,22.186667,3.403333,191.660000
2560,Exit short,2025-12-20 13:30,2970.650000,1,16.980000,0.5700,22.186667,3.403333,175.440000
2560,Entry short,2025-12-20 12:30,2987.630000,1,16.980000,0.5700,22.186667,3.403333,175.440000
2559,Exit long,2025-12-20 01:30,2978.010000,1,4.890000,0.1600,6.766667,3.473333,158.460000
2559,Entry long,2025-12-20 01:00,2973.120000,1,4.890000,0.1600,6.766667,3.473333,158.460000
2558,Exit long,2025-12-20 01:30,2978.010000,1,3.700000,0.1200,6.766667,6.930000,153.570000
2558,Entry long,2025-12-20 00:45,2974.310000,1,3.700000,0.1200,6.766667,6.930000,153.570000
2557,Exit long,2025-12-20 01:30,2978.010000,1,-0.140000,-0.0000,6.766667,6.930000,149.870000
2557,Entry long,2025-12-20 00:30,2978.150000,1,-0.140000,-0.0000,6.766667,6.930000,149.870000
2556,Exit short,2025-12-19 13:30,2964.520000,1,-9.530000,-0.3200,1.840000,11.330000,150.010000
2556,Entry short,2025-12-19 13:00,2954.990000,1,-9.530000,-0.3200,1.840000,11.330000,150.010000
2555,Exit short,2025-12-19 13:30,2964.520000,1,-7.500000,-0.2500,2.720000,11.330000,159.540000
2555,Entry short,2025-12-19 12:45,2957.020000,1,-7.500000,-0.2500,2.720000,11.330000,159.540000
2554,Exit short,2025-12-19 13:30,2964.520000,1,-8.560000,-0.2900,5.460000,11.330000,167.040000
2554,Entry short,2025-12-19 12:30,2955.960000,1,-8.560000,-0.2900,5.460000,11.330000,167.040000
2553,Exit long,2025-12-19 01:30,2820.480000,1,-9.140000,-0.3200,9.866667,2.513333,175.600000
2553,Entry long,2025-12-19 01:00,2829.620000,1,-9.140000,-0.3200,9.866667,2.513333,175.600000
2552,Exit long,2025-12-19 01:30,2820.480000,1,5.530000,0.2000,11.285000,6.135000,184.740000
2552,Entry long,2025-12-19 00:45,2814.950000,1,5.530000,0.2000,11.285000,6.135000,184.740000
2551,Exit long,2025-12-19 01:30,2820.480000,1,-2.880000,-0.1000,11.285000,9.310000,179.210000
2551,Entry long,2025-12-19 00:30,2823.360000,1,-2.880000,-0.1000,11.285000,9.310000,179.210000
2550,Exit short,2025-12-18 13:30,2889.500000,1,-19.490000,-0.6800,0.000000,44.080000,182.090000
2550,Entry short,2025-12-18 13:00,2870.010000,1,-19.490000,-0.6800,0.000000,44.080000,182.090000
2549,Exit short,2025-12-18 13:30,2889.500000,1,-18.740000,-0.6500,0.355000,44.080000,201.580000
2549,Entry short,2025-12-18 12:45,2870.760000,1,-18.740000,-0.6500,0.355000,44.080000,201.580000
2548,Exit short,2025-12-18 13:30,2889.500000,1,-32.510000,-1.1400,0.355000,44.080000,220.320000
2548,Entry short,2025-12-18 12:30,2856.990000,1,-32.510000,-1.1400,0.355000,44.080000,220.320000
2547,Exit long,2025-12-18 01:30,2825.020000,1,-9.700000,-0.3400,1.700000,12.960000,252.830000
2547,Entry long,2025-12-18 01:00,2834.720000,1,-9.700000,-0.3400,1.700000,12.960000,252.830000
2546,Exit long,2025-12-18 01:30,2825.020000,1,-6.660000,-0.2400,4.350000,12.960000,262.530000
2546,Entry long,2025-12-18 00:45,2831.680000,1,-6.660000,-0.2400,4.350000,12.960000,262.530000
2545,Exit long,2025-12-18 01:30,2825.020000,1,-8.480000,-0.3000,4.350000,12.960000,269.190000
2545,Entry long,2025-12-18 00:30,2833.500000,1,-8.480000,-0.3000,4.350000,12.960000,269.190000
2544,Exit short,2025-12-17 13:30,2925.500000,1,-1.440000,-0.0500,5.760000,11.590000,277.670000
2544,Entry short,2025-12-17 13:00,2924.060000,1,-1.440000,-0.0500,5.760000,11.590000,277.670000
2543,Exit short,2025-12-17 13:30,2925.500000,1,-5.900000,-0.2000,5.760000,11.590000,279.110000
2543,Entry short,2025-12-17 12:45,2919.600000,1,-5.900000,-0.2000,5.760000,11.590000,279.110000
2542,Exit short,2025-12-17 13:30,2925.500000,1,-0.880000,-0.0300,5.770000,11.590000,285.010000
2542,Entry short,2025-12-17 12:30,2924.620000,1,-0.880000,-0.0300,5.770000,11.590000,285.010000
2541,Exit long,2025-12-17 01:30,2959.860000,1,11.650000,0.4000,26.263333,-0.000000,285.890000
2541,Entry long,2025-12-17 01:00,2948.210000,1,11.650000,0.4000,26.263333,-0.000000,285.890000
2540,Exit long,2025-12-17 01:30,2959.860000,1,15.710000,0.5300,26.263333,3.520000,274.240000
2540,Entry long,2025-12-17 00:45,2944.150000,1,15.710000,0.5300,26.263333,3.520000,274.240000
2539,Exit long,2025-12-17 01:30,2959.860000,1,10.450000,0.3500,26.263333,6.880000,258.530000
2539,Entry long,2025-12-17 00:30,2949.410000,1,10.450000,0.3500,26.263333,6.880000,258.530000
2538,Exit short,2025-12-16 13:30,2963.990000,1,-13.810000,-0.4700,6.743333,25.296667,248.080000
2538,Entry short,2025-12-16 13:00,2950.180000,1,-13.810000,-0.4700,6.743333,25.296667,248.080000
2537,Exit short,2025-12-16 13:30,2963.990000,1,-11.540000,-0.3900,6.743333,25.296667,261.890000
2537,Entry short,2025-12-16 12:45,2952.450000,1,-11.540000,-0.3900,6.743333,25.296667,261.890000
2536,Exit short,2025-12-16 13:30,2963.990000,1,-15.560000,-0.5300,6.743333,25.296667,273.430000
2536,Entry short,2025-12-16 12:30,2948.430000,1,-15.560000,-0.5300,6.743333,25.296667,273.430000
2535,Exit long,2025-12-16 01:30,2948.130000,1,6.700000,0.2300,3.066667,20.973333,288.990000
2535,Entry long,2025-12-16 01:00,2941.430000,1,6.700000,0.2300,3.066667,20.973333,288.990000
2534,Exit long,2025-12-16 01:30,2948.130000,1,-12.770000,-0.4300,3.066667,28.030000,282.290000
2534,Entry long,2025-12-16 00:45,2960.900000,1,-12.770000,-0.4300,3.066667,28.030000,282.290000
2533,Exit long,2025-12-16 01:30,2948.130000,1,-24.270000,-0.8200,3.066667,28.030000,295.060000
2533,Entry long,2025-12-16 00:30,2972.400000,1,-24.270000,-0.8200,3.066667,28.030000,295.060000
2532,Exit short,2025-12-15 13:30,3136.710000,1,17.400000,0.5500,20.353333,4.186667,319.330000
2532,Entry short,2025-12-15 13:00,3154.110000,1,17.400000,0.5500,20.353333,4.186667,319.330000
2531,Exit short,2025-12-15 13:30,3136.710000,1,14.460000,0.4600,20.353333,8.135000,301.930000
2531,Entry short,2025-12-15 12:45,3151.170000,1,14.460000,0.4600,20.353333,8.135000,301.930000
2530,Exit short,2025-12-15 13:30,3136.710000,1,11.650000,0.3700,20.353333,8.135000,287.470000
2530,Entry short,2025-12-15 12:30,3148.360000,1,11.650000,0.3700,20.353333,8.135000,287.470000
2529,Exit long,2025-12-15 01:30,3074.900000,1,1.310000,0.0400,9.836667,3.963333,275.820000
2529,Entry long,2025-12-15 01:00,3073.590000,1,1.310000,0.0400,9.836667,3.963333,275.820000
2528,Exit long,2025-12-15 01:30,3074.900000,1,14.480000,0.4700,10.440000,9.130000,274.510000
2528,Entry long,2025-12-15 00:45,3060.420000,1,14.480000,0.4700,10.440000,9.130000,274.510000
2527,Exit long,2025-12-15 01:30,3074.900000,1,1.840000,0.0600,10.440000,17.270000,260.030000
2527,Entry long,2025-12-15 00:30,3073.060000,1,1.840000,0.0600,10.440000,17.270000,260.030000
2526,Exit short,2025-12-14 13:30,3090.090000,1,6.770000,0.2200,22.556667,-0.000000,258.190000
2526,Entry short,2025-12-14 13:00,3096.860000,1,6.770000,0.2200,22.556667,-0.000000,258.190000
2525,Exit short,2025-12-14 13:30,3090.090000,1,12.210000,0.3900,22.556667,8.090000,251.420000
2525,Entry short,2025-12-14 12:45,3102.300000,1,12.210000,0.3900,22.556667,8.090000,251.420000
2524,Exit short,2025-12-14 13:30,3090.090000,1,5.430000,0.1800,22.556667,11.480000,239.210000
2524,Entry short,2025-12-14 12:30,3095.520000,1,5.430000,0.1800,22.556667,11.480000,239.210000
2523,Exit long,2025-12-14 01:30,3124.810000,1,7.010000,0.2200,12.663333,-0.000000,233.780000
2523,Entry long,2025-12-14 01:00,3117.800000,1,7.010000,0.2200,12.663333,-0.000000,233.780000
2522,Exit long,2025-12-14 01:30,3124.810000,1,7.770000,0.2500,12.663333,-0.000000,226.770000
2522,Entry long,2025-12-14 00:45,3117.040000,1,7.770000,0.2500,12.663333,-0.000000,226.770000
2521,Exit long,2025-12-14 01:30,3124.810000,1,15.800000,0.5100,12.663333,0.100000,219.000000
2521,Entry long,2025-12-14 00:30,3109.010000,1,15.800000,0.5100,12.663333,0.100000,219.000000
2520,Exit short,2025-12-13 13:30,3097.040000,1,16.910000,0.5400,16.556667,6.013333,203.200000
2520,Entry short,2025-12-13 13:00,3113.950000,1,16.910000,0.5400,16.556667,6.013333,203.200000
2519,Exit short,2025-12-13 13:30,3097.040000,1,12.050000,0.3900,16.556667,6.013333,186.290000
2519,Entry short,2025-12-13 12:45,3109.090000,1,12.050000,0.3900,16.556667,6.013333,186.290000
2518,Exit short,2025-12-13 13:30,3097.040000,1,16.960000,0.5400,16.556667,6.013333,174.240000
2518,Entry short,2025-12-13 12:30,3114.000000,1,16.960000,0.5400,16.556667,6.013333,174.240000
2517,Exit long,2025-12-13 01:30,3088.480000,1,3.560000,0.1200,4.343333,1.586667,157.280000
2517,Entry long,2025-12-13 01:00,3084.920000,1,3.560000,0.1200,4.343333,1.586667,157.280000
2516,Exit long,2025-12-13 01:30,3088.480000,1,4.210000,0.1400,4.343333,4.385000,153.720000
2516,Entry long,2025-12-13 00:45,3084.270000,1,4.210000,0.1400,4.343333,4.385000,153.720000
2515,Exit long,2025-12-13 01:30,3088.480000,1,2.920000,0.0900,4.343333,4.385000,149.510000
2515,Entry long,2025-12-13 00:30,3085.560000,1,2.920000,0.0900,4.343333,4.385000,149.510000
2514,Exit short,2025-12-12 13:30,3239.270000,1,6.630000,0.2000,1.186667,12.133333,146.590000
2514,Entry short,2025-12-12 13:00,3245.900000,1,6.630000,0.2000,1.186667,12.133333,146.590000
2513,Exit short,2025-12-12 13:30,3239.270000,1,-4.590000,-0.1400,1.890000,13.180000,139.960000
2513,Entry short,2025-12-12 12:45,3234.680000,1,-4.590000,-0.1400,1.890000,13.180000,139.960000
2512,Exit short,2025-12-12 13:30,3239.270000,1,-4.270000,-0.1300,3.330000,13.180000,144.550000
2512,Entry short,2025-12-12 12:30,3235.000000,1,-4.270000,-0.1300,3.330000,13.180000,144.550000
2511,Exit long,2025-12-12 01:30,3231.900000,1,44.290000,1.3900,17.846667,29.543333,148.820000
2511,Entry long,2025-12-12 01:00,3187.610000,1,44.290000,1.3900,17.846667,29.543333,148.820000
2510,Exit long,2025-12-12 01:30,3231.900000,1,2.710000,0.0800,17.846667,48.595000,104.530000
2510,Entry long,2025-12-12 00:45,3229.190000,1,2.710000,0.0800,17.846667,48.595000,104.530000
2509,Exit long,2025-12-12 01:30,3231.900000,1,-2.760000,-0.0900,17.846667,48.595000,101.820000
2509,Entry long,2025-12-12 00:30,3234.660000,1,-2.760000,-0.0900,17.846667,48.595000,101.820000
2508,Exit short,2025-12-11 13:30,3197.500000,1,0.200000,0.0100,4.906667,3.833333,104.580000
2508,Entry short,2025-12-11 13:00,3197.700000,1,0.200000,0.0100,4.906667,3.833333,104.580000
2507,Exit short,2025-12-11 13:30,3197.500000,1,5.240000,0.1600,4.906667,5.650000,104.380000
2507,Entry short,2025-12-11 12:45,3202.740000,1,5.240000,0.1600,4.906667,5.650000,104.380000
2506,Exit short,2025-12-11 13:30,3197.500000,1,-1.880000,-0.0600,4.906667,10.380000,99.140000
2506,Entry short,2025-12-11 12:30,3195.620000,1,-1.880000,-0.0600,4.906667,10.380000,99.140000
2505,Exit long,2025-12-11 01:30,3265.280000,1,-13.080000,-0.4000,0.000000,47.960000,101.020000
2505,Entry long,2025-12-11 01:00,3278.360000,1,-13.080000,-0.4000,0.000000,47.960000,101.020000
2504,Exit long,2025-12-11 01:30,3265.280000,1,-16.950000,-0.5200,0.000000,47.960000,114.100000
2504,Entry long,2025-12-11 00:45,3282.230000,1,-16.950000,-0.5200,0.000000,47.960000,114.100000
2503,Exit long,2025-12-11 01:30,3265.280000,1,-44.310000,-1.3400,0.010000,47.960000,131.050000
2503,Entry long,2025-12-11 00:30,3309.590000,1,-44.310000,-1.3400,0.010000,47.960000,131.050000
2502,Exit short,2025-12-10 13:30,3332.300000,1,-9.260000,-0.2800,0.650000,19.430000,175.360000
2502,Entry short,2025-12-10 13:00,3323.040000,1,-9.260000,-0.2800,0.650000,19.430000,175.360000
2501,Exit short,2025-12-10 13:30,3332.300000,1,-13.090000,-0.3900,1.930000,19.430000,184.620000
2501,Entry short,2025-12-10 12:45,3319.210000,1,-13.090000,-0.3900,1.930000,19.430000,184.620000
2500,Exit short,2025-12-10 13:30,3332.300000,1,-19.530000,-0.5900,5.210000,19.430000,197.710000
2500,Entry short,2025-12-10 12:30,3312.770000,1,-19.530000,-0.5900,5.210000,19.430000,197.710000
2499,Exit long,2025-12-10 01:30,3302.350000,1,-2.240000,-0.0700,0.533333,15.436667,217.240000
2499,Entry long,2025-12-10 01:00,3304.590000,1,-2.240000,-0.0700,0.533333,15.436667,217.240000
2498,Exit long,2025-12-10 01:30,3302.350000,1,-14.380000,-0.4300,1.080000,15.436667,219.480000
2498,Entry long,2025-12-10 00:45,3316.730000,1,-14.380000,-0.4300,1.080000,15.436667,219.480000
2497,Exit long,2025-12-10 01:30,3302.350000,1,-16.700000,-0.5000,4.680000,15.436667,233.860000
2497,Entry long,2025-12-10 00:30,3319.050000,1,-16.700000,-0.5000,4.680000,15.436667,233.860000
2496,Exit short,2025-12-09 13:30,3135.100000,1,0.860000,0.0300,6.340000,6.010000,250.560000
2496,Entry short,2025-12-09 13:00,3135.960000,1,0.860000,0.0300,6.340000,6.010000,250.560000
2495,Exit short,2025-12-09 13:30,3135.100000,1,-2.070000,-0.0700,6.340000,8.530000,249.700000
2495,Entry short,2025-12-09 12:45,3133.030000,1,-2.070000,-0.0700,6.340000,8.530000,249.700000
2494,Exit short,2025-12-09 13:30,3135.100000,1,-5.210000,-0.1700,6.340000,8.530000,251.770000
2494,Entry short,2025-12-09 12:30,3129.890000,1,-5.210000,-0.1700,6.340000,8.530000,251.770000
2493,Exit long,2025-12-09 01:30,3108.050000,1,-10.300000,-0.3300,0.000000,20.780000,256.980000
2493,Entry long,2025-12-09 01:00,3118.350000,1,-10.300000,-0.3300,0.000000,20.780000,256.980000
2492,Exit long,2025-12-09 01:30,3108.050000,1,-12.870000,-0.4100,0.000000,20.780000,267.280000
2492,Entry long,2025-12-09 00:45,3120.920000,1,-12.870000,-0.4100,0.000000,20.780000,267.280000
2491,Exit long,2025-12-09 01:30,3108.050000,1,-25.850000,-0.8200,0.010000,20.780000,280.150000
2491,Entry long,2025-12-09 00:30,3133.900000,1,-25.850000,-0.8200,0.010000,20.780000,280.150000
2490,Exit short,2025-12-08 13:30,3141.880000,1,-11.630000,-0.3700,3.206667,28.643333,306.000000
2490,Entry short,2025-12-08 13:00,3130.250000,1,-11.630000,-0.3700,3.206667,28.643333,306.000000
2489,Exit short,2025-12-08 13:30,3141.880000,1,-17.400000,-0.5600,9.255000,28.643333,317.630000
2489,Entry short,2025-12-08 12:45,3124.480000,1,-17.400000,-0.5600,9.255000,28.643333,317.630000
2488,Exit short,2025-12-08 13:30,3141.880000,1,-2.930000,-0.0900,17.150000,28.643333,335.030000
2488,Entry short,2025-12-08 12:30,3138.950000,1,-2.930000,-0.0900,17.150000,28.643333,335.030000
2487,Exit long,2025-12-08 01:30,3103.140000,1,41.470000,1.3500,49.243333,-0.000000,337.960000
2487,Entry long,2025-12-08 01:00,3061.670000,1,41.470000,1.3500,49.243333,-0.000000,337.960000
2486,Exit long,2025-12-08 01:30,3103.140000,1,38.510000,1.2600,49.243333,3.255000,296.490000
2486,Entry long,2025-12-08 00:45,3064.630000,1,38.510000,1.2600,49.243333,3.255000,296.490000
2485,Exit long,2025-12-08 01:30,3103.140000,1,47.740000,1.5600,49.243333,3.255000,257.980000
2485,Entry long,2025-12-08 00:30,3055.400000,1,47.740000,1.5600,49.243333,3.255000,257.980000
2484,Exit short,2025-12-07 13:30,3028.840000,1,18.680000,0.6100,17.503333,9.616667,210.240000
2484,Entry short,2025-12-07 13:00,3047.520000,1,18.680000,0.6100,17.503333,9.616667,210.240000
2483,Exit short,2025-12-07 13:30,3028.840000,1,12.450000,0.4100,17.503333,9.616667,191.560000
2483,Entry short,2025-12-07 12:45,3041.290000,1,12.450000,0.4100,17.503333,9.616667,191.560000
2482,Exit short,2025-12-07 13:30,3028.840000,1,11.900000,0.3900,17.503333,9.616667,179.110000
2482,Entry short,2025-12-07 12:30,3040.740000,1,11.900000,0.3900,17.503333,9.616667,179.110000
2481,Exit long,2025-12-07 01:30,3046.170000,1,2.680000,0.0900,7.640000,1.760000,167.210000
2481,Entry long,2025-12-07 01:00,3043.490000,1,2.680000,0.0900,7.640000,1.760000,167.210000
2480,Exit long,2025-12-07 01:30,3046.170000,1,3.050000,0.1000,7.640000,1.760000,164.530000
2480,Entry long,2025-12-07 00:45,3043.120000,1,3.050000,0.1000,7.640000,1.760000,164.530000
2479,Exit long,2025-12-07 01:30,3046.170000,1,7.350000,0.2400,9.160000,1.760000,161.480000
2479,Entry long,2025-12-07 00:30,3038.820000,1,7.350000,0.2400,9.160000,1.760000,161.480000
2478,Exit short,2025-12-06 13:30,3033.310000,1,-2.940000,-0.1000,4.063333,1.556667,154.130000
2478,Entry short,2025-12-06 13:00,3030.370000,1,-2.940000,-0.1000,4.063333,1.556667,154.130000
2477,Exit short,2025-12-06 13:30,3033.310000,1,-0.630000,-0.0200,5.255000,1.556667,157.070000
2477,Entry short,2025-12-06 12:45,3032.680000,1,-0.630000,-0.0200,5.255000,1.556667,157.070000
2476,Exit short,2025-12-06 13:30,3033.310000,1,1.540000,0.0500,5.255000,3.090000,157.700000
2476,Entry short,2025-12-06 12:30,3034.850000,1,1.540000,0.0500,5.255000,3.090000,157.700000
2475,Exit long,2025-12-06 01:30,3026.520000,1,1.810000,0.0600,10.343333,2.016667,156.160000
2475,Entry long,2025-12-06 01:00,3024.710000,1,1.810000,0.0600,10.343333,2.016667,156.160000
2474,Exit long,2025-12-06 01:30,3026.520000,1,-0.870000,-0.0300,10.343333,2.016667,154.350000
2474,Entry long,2025-12-06 00:45,3027.390000,1,-0.870000,-0.0300,10.343333,2.016667,154.350000
2473,Exit long,2025-12-06 01:30,3026.520000,1,12.000000,0.4000,13.150000,2.016667,155.220000
2473,Entry long,2025-12-06 00:30,3014.520000,1,12.000000,0.4000,13.150000,2.016667,155.220000
2472,Exit short,2025-12-05 13:30,3119.430000,1,7.070000,0.2300,13.616667,12.393333,143.220000
2472,Entry short,2025-12-05 13:00,3126.500000,1,7.070000,0.2300,13.616667,12.393333,143.220000
2471,Exit short,2025-12-05 13:30,3119.430000,1,5.150000,0.1600,13.616667,12.393333,136.150000
2471,Entry short,2025-12-05 12:45,3124.580000,1,5.150000,0.1600,13.616667,12.393333,136.150000
2470,Exit short,2025-12-05 13:30,3119.430000,1,3.670000,0.1200,13.616667,12.393333,131.000000
2470,Entry short,2025-12-05 12:30,3123.100000,1,3.670000,0.1200,13.616667,12.393333,131.000000
2469,Exit long,2025-12-05 01:30,3163.330000,1,18.100000,0.5800,21.583333,5.096667,127.330000
2469,Entry long,2025-12-05 01:00,3145.230000,1,18.100000,0.5800,21.583333,5.096667,127.330000
2468,Exit long,2025-12-05 01:30,3163.330000,1,12.220000,0.3900,21.583333,5.096667,109.230000
2468,Entry long,2025-12-05 00:45,3151.110000,1,12.220000,0.3900,21.583333,5.096667,109.230000
2467,Exit long,2025-12-05 01:30,3163.330000,1,18.320000,0.5800,21.583333,5.096667,97.010000
2467,Entry long,2025-12-05 00:30,3145.010000,1,18.320000,0.5800,21.583333,5.096667,97.010000
2466,Exit short,2025-12-04 13:30,3184.210000,1,-8.800000,-0.2800,24.306667,11.043333,78.690000
2466,Entry short,2025-12-04 13:00,3175.410000,1,-8.800000,-0.2800,24.306667,11.043333,78.690000
2465,Exit short,2025-12-04 13:30,3184.210000,1,-1.990000,-0.0600,24.306667,11.043333,87.490000
2465,Entry short,2025-12-04 12:45,3182.220000,1,-1.990000,-0.0600,24.306667,11.043333,87.490000
2464,Exit short,2025-12-04 13:30,3184.210000,1,-6.110000,-0.1900,24.306667,11.043333,89.480000
2464,Entry short,2025-12-04 12:30,3178.100000,1,-6.110000,-0.1900,24.306667,11.043333,89.480000
2463,Exit long,2025-12-04 01:30,3208.370000,1,11.880000,0.3700,47.516667,-0.000000,95.590000
2463,Entry long,2025-12-04 01:00,3196.490000,1,11.880000,0.3700,47.516667,-0.000000,95.590000
2462,Exit long,2025-12-04 01:30,3208.370000,1,12.000000,0.3800,47.516667,0.745000,83.710000
2462,Entry long,2025-12-04 00:45,3196.370000,1,12.000000,0.3800,47.516667,0.745000,83.710000
2461,Exit long,2025-12-04 01:30,3208.370000,1,25.970000,0.8200,47.516667,5.800000,71.710000
2461,Entry long,2025-12-04 00:30,3182.400000,1,25.970000,0.8200,47.516667,5.800000,71.710000
2460,Exit short,2025-12-03 13:30,3085.780000,1,-5.630000,-0.1800,0.183333,18.786667,45.740000
2460,Entry short,2025-12-03 13:00,3080.150000,1,-5.630000,-0.1800,0.183333,18.786667,45.740000
2459,Exit short,2025-12-03 13:30,3085.780000,1,-8.770000,-0.2900,0.183333,18.786667,51.370000
2459,Entry short,2025-12-03 12:45,3077.010000,1,-8.770000,-0.2900,0.183333,18.786667,51.370000
2458,Exit short,2025-12-03 13:30,3085.780000,1,-14.330000,-0.4700,2.930000,18.786667,60.140000
2458,Entry short,2025-12-03 12:30,3071.450000,1,-14.330000,-0.4700,2.930000,18.786667,60.140000
2457,Exit long,2025-12-03 01:30,3009.070000,1,7.350000,0.2400,15.910000,-0.000000,74.470000
2457,Entry long,2025-12-03 01:00,3001.720000,1,7.350000,0.2400,15.910000,-0.000000,74.470000
2456,Exit long,2025-12-03 01:30,3009.070000,1,7.060000,0.2400,15.910000,-0.000000,67.120000
2456,Entry long,2025-12-03 00:45,3002.010000,1,7.060000,0.2400,15.910000,-0.000000,67.120000
2455,Exit long,2025-12-03 01:30,3009.070000,1,19.730000,0.6600,15.910000,5.580000,60.060000
2455,Entry long,2025-12-03 00:30,2989.340000,1,19.730000,0.6600,15.910000,5.580000,60.060000
2454,Exit short,2025-12-02 13:30,2835.630000,1,-9.150000,-0.3200,1.706667,21.303333,40.330000
2454,Entry short,2025-12-02 13:00,2826.480000,1,-9.150000,-0.3200,1.706667,21.303333,40.330000
2453,Exit short,2025-12-02 13:30,2835.630000,1,-16.490000,-0.5800,2.330000,21.303333,49.480000
2453,Entry short,2025-12-02 12:45,2819.140000,1,-16.490000,-0.5800,2.330000,21.303333,49.480000
2452,Exit short,2025-12-02 13:30,2835.630000,1,-13.610000,-0.4800,7.020000,21.303333,65.970000
2452,Entry short,2025-12-02 12:30,2822.020000,1,-13.610000,-0.4800,7.020000,21.303333,65.970000
2451,Exit long,2025-12-02 01:30,2802.720000,1,8.430000,0.3000,35.340000,-0.000000,79.580000
2451,Entry long,2025-12-02 01:00,2794.290000,1,8.430000,0.3000,35.340000,-0.000000,79.580000
2450,Exit long,2025-12-02 01:30,2802.720000,1,15.610000,0.5600,35.340000,2.380000,71.150000
2450,Entry long,2025-12-02 00:45,2787.110000,1,15.610000,0.5600,35.340000,2.380000,71.150000
2449,Exit long,2025-12-02 01:30,2802.720000,1,13.430000,0.4800,35.340000,3.490000,55.540000
2449,Entry long,2025-12-02 00:30,2789.290000,1,13.430000,0.4800,35.340000,3.490000,55.540000
2448,Exit short,2025-12-01 13:30,2822.030000,1,-2.510000,-0.0900,1.110000,20.070000,42.110000
2448,Entry short,2025-12-01 13:00,2819.520000,1,-2.510000,-0.0900,1.110000,20.070000,42.110000
2447,Exit short,2025-12-01 13:30,2822.030000,1,-4.890000,-0.1700,27.605000,20.070000,44.620000
2447,Entry short,2025-12-01 12:45,2817.140000,1,-4.890000,-0.1700,27.605000,20.070000,44.620000
2446,Exit short,2025-12-01 13:30,2822.030000,1,-1.960000,-0.0700,27.605000,20.070000,49.510000
2446,Entry short,2025-12-01 12:30,2820.070000,1,-1.960000,-0.0700,27.605000,20.070000,49.510000
2445,Exit long,2025-12-01 01:30,2845.620000,1,10.800000,0.3800,0.000000,31.366667,51.470000
2445,Entry long,2025-12-01 01:00,2834.820000,1,10.800000,0.3800,0.000000,31.366667,51.470000
2444,Exit long,2025-12-01 01:30,2845.620000,1,-18.010000,-0.6300,0.000000,47.700000,40.670000
2444,Entry long,2025-12-01 00:45,2863.630000,1,-18.010000,-0.6300,0.000000,47.700000,40.670000
2443,Exit long,2025-12-01 01:30,2845.620000,1,-46.150000,-1.6000,3.200000,47.700000,58.680000
2443,Entry long,2025-12-01 00:30,2891.770000,1,-46.150000,-1.6000,3.200000,47.700000,58.680000
2442,Exit short,2025-11-30 13:30,3045.360000,1,-20.770000,-0.6900,0.000000,29.633333,104.830000
2442,Entry short,2025-11-30 13:00,3024.590000,1,-20.770000,-0.6900,0.000000,29.633333,104.830000
2441,Exit short,2025-11-30 13:30,3045.360000,1,-20.460000,-0.6800,0.000000,29.633333,125.600000
2441,Entry short,2025-11-30 12:45,3024.900000,1,-20.460000,-0.6800,0.000000,29.633333,125.600000
2440,Exit short,2025-11-30 13:30,3045.360000,1,-37.110000,-1.2300,2.710000,29.633333,146.060000
2440,Entry short,2025-11-30 12:30,3008.250000,1,-37.110000,-1.2300,2.710000,29.633333,146.060000
2439,Exit long,2025-11-30 01:30,3004.170000,1,8.300000,0.2800,16.496667,0.723333,183.170000
2439,Entry long,2025-11-30 01:00,2995.870000,1,8.300000,0.2800,16.496667,0.723333,183.170000
2438,Exit long,2025-11-30 01:30,3004.170000,1,8.210000,0.2700,16.496667,2.565000,174.870000
2438,Entry long,2025-11-30 00:45,2995.960000,1,8.210000,0.2700,16.496667,2.565000,174.870000
2437,Exit long,2025-11-30 01:30,3004.170000,1,9.580000,0.3200,16.496667,2.565000,166.660000
2437,Entry long,2025-11-30 00:30,2994.590000,1,9.580000,0.3200,16.496667,2.565000,166.660000
2436,Exit short,2025-11-29 13:30,2998.060000,1,-2.570000,-0.0900,4.346667,3.153333,157.080000
2436,Entry short,2025-11-29 13:00,2995.490000,1,-2.570000,-0.0900,4.346667,3.153333,157.080000
2435,Exit short,2025-11-29 13:30,2998.060000,1,-1.200000,-0.0400,4.346667,3.225000,159.650000
2435,Entry short,2025-11-29 12:45,2996.860000,1,-1.200000,-0.0400,4.346667,3.225000,159.650000
2434,Exit short,2025-11-29 13:30,2998.060000,1,-4.370000,-0.1500,4.346667,3.310000,160.850000
2434,Entry short,2025-11-29 12:30,2993.690000,1,-4.370000,-0.1500,4.346667,3.310000,160.850000
2433,Exit long,2025-11-29 01:30,3037.790000,1,3.290000,0.1100,16.386667,1.693333,165.220000
2433,Entry long,2025-11-29 01:00,3034.500000,1,3.290000,0.1100,16.386667,1.693333,165.220000
2432,Exit long,2025-11-29 01:30,3037.790000,1,2.140000,0.0700,16.386667,3.820000,161.930000
2432,Entry long,2025-11-29 00:45,3035.650000,1,2.140000,0.0700,16.386667,3.820000,161.930000
2431,Exit long,2025-11-29 01:30,3037.790000,1,2.720000,0.0900,16.386667,6.730000,159.790000
2431,Entry long,2025-11-29 00:30,3035.070000,1,2.720000,0.0900,16.386667,6.730000,159.790000
2430,Exit short,2025-11-28 13:30,3034.080000,1,0.740000,0.0200,10.703333,0.776667,157.070000
2430,Entry short,2025-11-28 13:00,3034.820000,1,0.740000,0.0200,10.703333,0.776667,157.070000
2429,Exit short,2025-11-28 13:30,3034.080000,1,1.660000,0.0500,10.703333,2.905000,156.330000
2429,Entry short,2025-11-28 12:45,3035.740000,1,1.660000,0.0500,10.703333,2.905000,156.330000
2428,Exit short,2025-11-28 13:30,3034.080000,1,0.490000,0.0200,10.703333,5.310000,154.670000
2428,Entry short,2025-11-28 12:30,3034.570000,1,0.490000,0.0200,10.703333,5.310000,154.670000
2427,Exit long,2025-11-28 01:30,3000.170000,1,-13.340000,-0.4400,1.846667,20.453333,154.180000
2427,Entry long,2025-11-28 01:00,3013.510000,1,-13.340000,-0.4400,1.846667,20.453333,154.180000
2426,Exit long,2025-11-28 01:30,3000.170000,1,-12.180000,-0.4000,1.846667,20.453333,167.520000
2426,Entry long,2025-11-28 00:45,3012.350000,1,-12.180000,-0.4000,1.846667,20.453333,167.520000
2425,Exit long,2025-11-28 01:30,3000.170000,1,-14.630000,-0.4900,8.360000,20.453333,179.700000
2425,Entry long,2025-11-28 00:30,3014.800000,1,-14.630000,-0.4900,8.360000,20.453333,179.700000
2424,Exit short,2025-11-27 13:30,2998.870000,1,-8.640000,-0.2900,15.883333,-0.000000,194.330000
2424,Entry short,2025-11-27 13:00,2990.230000,1,-8.640000,-0.2900,15.883333,-0.000000,194.330000
2423,Exit short,2025-11-27 13:30,2998.870000,1,6.980000,0.2300,22.950000,-0.000000,202.970000
2423,Entry short,2025-11-27 12:45,3005.850000,1,6.980000,0.2300,22.950000,-0.000000,202.970000
2422,Exit short,2025-11-27 13:30,2998.870000,1,13.820000,0.4600,22.950000,2.570000,195.990000
2422,Entry short,2025-11-27 12:30,3012.690000,1,13.820000,0.4600,22.950000,2.570000,195.990000
2421,Exit long,2025-11-27 01:30,3030.470000,1,-3.280000,-0.1100,26.640000,-0.000000,182.170000
2421,Entry long,2025-11-27 01:00,3033.750000,1,-3.280000,-0.1100,26.640000,-0.000000,182.170000
2420,Exit long,2025-11-27 01:30,3030.470000,1,9.150000,0.3000,28.495000,-0.000000,185.450000
2420,Entry long,2025-11-27 00:45,3021.320000,1,9.150000,0.3000,28.495000,-0.000000,185.450000
2419,Exit long,2025-11-27 01:30,3030.470000,1,15.460000,0.5100,28.495000,2.210000,176.300000
2419,Entry long,2025-11-27 00:30,3015.010000,1,15.460000,0.5100,28.495000,2.210000,176.300000
2418,Exit short,2025-11-26 13:30,2912.070000,1,-12.060000,-0.4200,1.610000,15.360000,160.840000
2418,Entry short,2025-11-26 13:00,2900.010000,1,-12.060000,-0.4200,1.610000,15.360000,160.840000
2417,Exit short,2025-11-26 13:30,2912.070000,1,-12.460000,-0.4300,1.610000,15.360000,172.900000
2417,Entry short,2025-11-26 12:45,2899.610000,1,-12.460000,-0.4300,1.610000,15.360000,172.900000
2416,Exit short,2025-11-26 13:30,2912.070000,1,-12.830000,-0.4400,3.710000,15.360000,185.360000
2416,Entry short,2025-11-26 12:30,2899.240000,1,-12.830000,-0.4400,3.710000,15.360000,185.360000
2415,Exit long,2025-11-26 01:30,2958.930000,1,5.860000,0.2000,5.600000,12.950000,198.190000
2415,Entry long,2025-11-26 01:00,2953.070000,1,5.860000,0.2000,5.600000,12.950000,198.190000
2414,Exit long,2025-11-26 01:30,2958.930000,1,3.060000,0.1000,5.600000,12.950000,192.330000
2414,Entry long,2025-11-26 00:45,2955.870000,1,3.060000,0.1000,5.600000,12.950000,192.330000
2413,Exit long,2025-11-26 01:30,2958.930000,1,-1.330000,-0.0400,5.600000,12.950000,189.270000
2413,Entry long,2025-11-26 00:30,2960.260000,1,-1.330000,-0.0400,5.600000,12.950000,189.270000
2412,Exit short,2025-11-25 13:30,2926.730000,1,-0.740000,-0.0300,6.050000,9.620000,190.600000
2412,Entry short,2025-11-25 13:00,2925.990000,1,-0.740000,-0.0300,6.050000,9.620000,190.600000
2411,Exit short,2025-11-25 13:30,2926.730000,1,-0.620000,-0.0200,6.050000,9.620000,191.340000
2411,Entry short,2025-11-25 12:45,2926.110000,1,-0.620000,-0.0200,6.050000,9.620000,191.340000
2410,Exit short,2025-11-25 13:30,2926.730000,1,-7.190000,-0.2500,7.340000,12.110000,191.960000
2410,Entry short,2025-11-25 12:30,2919.540000,1,-7.190000,-0.2500,7.340000,12.110000,191.960000
2409,Exit long,2025-11-25 01:30,2939.260000,1,-2.710000,-0.0900,7.373333,5.566667,199.150000
2409,Entry long,2025-11-25 01:00,2941.970000,1,-2.710000,-0.0900,7.373333,5.566667,199.150000
2408,Exit long,2025-11-25 01:30,2939.260000,1,-5.440000,-0.1800,11.125000,5.566667,201.860000
2408,Entry long,2025-11-25 00:45,2944.700000,1,-5.440000,-0.1800,11.125000,5.566667,201.860000
2407,Exit long,2025-11-25 01:30,2939.260000,1,6.390000,0.2200,17.120000,5.566667,207.300000
2407,Entry long,2025-11-25 00:30,2932.870000,1,6.390000,0.2200,17.120000,5.566667,207.300000
2406,Exit short,2025-11-24 13:30,2819.230000,1,-16.980000,-0.6100,1.616667,19.153333,200.910000
2406,Entry short,2025-11-24 13:00,2802.250000,1,-16.980000,-0.6100,1.616667,19.153333,200.910000
2405,Exit short,2025-11-24 13:30,2819.230000,1,-20.110000,-0.7200,5.930000,19.153333,217.890000
2405,Entry short,2025-11-24 12:45,2799.120000,1,-20.110000,-0.7200,5.930000,19.153333,217.890000
2404,Exit short,2025-11-24 13:30,2819.230000,1,-12.750000,-0.4500,10.860000,19.153333,238.000000
2404,Entry short,2025-11-24 12:30,2806.480000,1,-12.750000,-0.4500,10.860000,19.153333,238.000000
2403,Exit long,2025-11-24 01:30,2790.260000,1,3.580000,0.1300,11.733333,8.046667,250.750000
2403,Entry long,2025-11-24 01:00,2786.680000,1,3.580000,0.1300,11.733333,8.046667,250.750000
2402,Exit long,2025-11-24 01:30,2790.260000,1,2.140000,0.0800,16.200000,8.046667,247.170000
2402,Entry long,2025-11-24 00:45,2788.120000,1,2.140000,0.0800,16.200000,8.046667,247.170000
2401,Exit long,2025-11-24 01:30,2790.260000,1,6.620000,0.2400,16.200000,10.120000,245.030000
2401,Entry long,2025-11-24 00:30,2783.640000,1,6.620000,0.2400,16.200000,10.120000,245.030000
2400,Exit short,2025-11-23 13:30,2830.940000,1,2.870000,0.1000,13.290000,1.470000,238.410000
2400,Entry short,2025-11-23 13:00,2833.810000,1,2.870000,0.1000,13.290000,1.470000,238.410000
2399,Exit short,2025-11-23 13:30,2830.940000,1,4.890000,0.1700,13.290000,2.780000,235.540000
2399,Entry short,2025-11-23 12:45,2835.830000,1,4.890000,0.1700,13.290000,2.780000,235.540000
2398,Exit short,2025-11-23 13:30,2830.940000,1,3.010000,0.1100,13.290000,6.670000,230.650000
2398,Entry short,2025-11-23 12:30,2833.950000,1,3.010000,0.1100,13.290000,6.670000,230.650000
2397,Exit long,2025-11-23 01:30,2786.170000,1,14.390000,0.5200,17.243333,4.656667,227.640000
2397,Entry long,2025-11-23 01:00,2771.780000,1,14.390000,0.5200,17.243333,4.656667,227.640000
2396,Exit long,2025-11-23 01:30,2786.170000,1,12.490000,0.4500,17.243333,9.570000,213.250000
2396,Entry long,2025-11-23 00:45,2773.680000,1,12.490000,0.4500,17.243333,9.570000,213.250000
2395,Exit long,2025-11-23 01:30,2786.170000,1,6.970000,0.2500,17.243333,10.200000,200.760000
2395,Entry long,2025-11-23 00:30,2779.200000,1,6.970000,0.2500,17.243333,10.200000,200.760000
2394,Exit short,2025-11-22 13:30,2716.980000,1,2.720000,0.1000,6.516667,16.643333,193.790000
2394,Entry short,2025-11-22 13:00,2719.700000,1,2.720000,0.1000,6.516667,16.643333,193.790000
2393,Exit short,2025-11-22 13:30,2716.980000,1,-2.080000,-0.0800,6.516667,16.643333,191.070000
2393,Entry short,2025-11-22 12:45,2714.900000,1,-2.080000,-0.0800,6.516667,16.643333,191.070000
2392,Exit short,2025-11-22 13:30,2716.980000,1,-0.890000,-0.0300,6.516667,16.643333,193.150000
2392,Entry short,2025-11-22 12:30,2716.090000,1,-0.890000,-0.0300,6.516667,16.643333,193.150000
2391,Exit long,2025-11-22 01:30,2770.190000,1,5.280000,0.1900,10.200000,3.930000,194.040000
2391,Entry long,2025-11-22 01:00,2764.910000,1,5.280000,0.1900,10.200000,3.930000,194.040000
2390,Exit long,2025-11-22 01:30,2770.190000,1,1.270000,0.0500,10.200000,5.160000,188.760000
2390,Entry long,2025-11-22 00:45,2768.920000,1,1.270000,0.0500,10.200000,5.160000,188.760000
2389,Exit long,2025-11-22 01:30,2770.190000,1,12.890000,0.4700,19.650000,5.160000,187.490000
2389,Entry long,2025-11-22 00:30,2757.300000,1,12.890000,0.4700,19.650000,5.160000,187.490000
2388,Exit short,2025-11-21 13:30,2735.370000,1,-8.970000,-0.3300,0.000000,63.280000,174.600000
2388,Entry short,2025-11-21 13:00,2726.400000,1,-8.970000,-0.3300,0.000000,63.280000,174.600000
2387,Exit short,2025-11-21 13:30,2735.370000,1,-7.220000,-0.2600,0.000000,63.280000,183.570000
2387,Entry short,2025-11-21 12:45,2728.150000,1,-7.220000,-0.2600,0.000000,63.280000,183.570000
2386,Exit short,2025-11-21 13:30,2735.370000,1,-97.150000,-3.6800,0.110000,93.500000,190.790000
2386,Entry short,2025-11-21 12:30,2638.220000,1,-97.150000,-3.6800,0.110000,93.500000,190.790000
2385,Exit long,2025-11-21 01:30,2880.750000,1,20.410000,0.7100,27.320000,8.020000,287.940000
2385,Entry long,2025-11-21 01:00,2860.340000,1,20.410000,0.7100,27.320000,8.020000,287.940000
2384,Exit long,2025-11-21 01:30,2880.750000,1,20.510000,0.7200,27.320000,8.020000,267.530000
2384,Entry long,2025-11-21 00:45,2860.240000,1,20.510000,0.7200,27.320000,8.020000,267.530000
2383,Exit long,2025-11-21 01:30,2880.750000,1,25.770000,0.9000,27.320000,8.030000,247.020000
2383,Entry long,2025-11-21 00:30,2854.980000,1,25.770000,0.9000,27.320000,8.030000,247.020000
2382,Exit short,2025-11-20 13:30,3021.700000,1,5.710000,0.1900,7.886667,16.883333,221.250000
2382,Entry short,2025-11-20 13:00,3027.410000,1,5.710000,0.1900,7.886667,16.883333,221.250000
2381,Exit short,2025-11-20 13:30,3021.700000,1,-5.190000,-0.1700,7.886667,16.883333,215.540000
2381,Entry short,2025-11-20 12:45,3016.510000,1,-5.190000,-0.1700,7.886667,16.883333,215.540000
2380,Exit short,2025-11-20 13:30,3021.700000,1,-3.110000,-0.1000,7.886667,16.883333,220.730000
2380,Entry short,2025-11-20 12:30,3018.590000,1,-3.110000,-0.1000,7.886667,16.883333,220.730000
2379,Exit long,2025-11-20 01:30,3027.530000,1,9.800000,0.3200,9.730000,13.940000,223.840000
2379,Entry long,2025-11-20 01:00,3017.730000,1,9.800000,0.3200,9.730000,13.940000,223.840000
2378,Exit long,2025-11-20 01:30,3027.530000,1,-13.020000,-0.4300,9.730000,21.520000,214.040000
2378,Entry long,2025-11-20 00:45,3040.550000,1,-13.020000,-0.4300,9.730000,21.520000,214.040000
2377,Exit long,2025-11-20 01:30,3027.530000,1,-8.000000,-0.2600,12.220000,21.520000,227.060000
2377,Entry long,2025-11-20 00:30,3035.530000,1,-8.000000,-0.2600,12.220000,21.520000,227.060000
2376,Exit short,2025-11-19 13:30,3093.380000,1,5.850000,0.1900,11.363333,5.176667,235.060000
2376,Entry short,2025-11-19 13:00,3099.230000,1,5.850000,0.1900,11.363333,5.176667,235.060000
2375,Exit short,2025-11-19 13:30,3093.380000,1,0.280000,0.0100,11.363333,15.065000,229.210000
2375,Entry short,2025-11-19 12:45,3093.660000,1,0.280000,0.0100,11.363333,15.065000,229.210000
2374,Exit short,2025-11-19 13:30,3093.380000,1,-2.190000,-0.0700,11.363333,15.065000,228.930000
2374,Entry short,2025-11-19 12:30,3091.190000,1,-2.190000,-0.0700,11.363333,15.065000,228.930000
2373,Exit long,2025-11-19 01:30,3110.160000,1,10.580000,0.3400,17.243333,14.786667,231.120000
2373,Entry long,2025-11-19 01:00,3099.580000,1,10.580000,0.3400,17.243333,14.786667,231.120000
2372,Exit long,2025-11-19 01:30,3110.160000,1,6.060000,0.2000,17.243333,14.786667,220.540000
2372,Entry long,2025-11-19 00:45,3104.100000,1,6.060000,0.2000,17.243333,14.786667,220.540000
2371,Exit long,2025-11-19 01:30,3110.160000,1,18.230000,0.5900,17.243333,14.786667,214.480000
2371,Entry long,2025-11-19 00:30,3091.930000,1,18.230000,0.5900,17.243333,14.786667,214.480000
2370,Exit short,2025-11-18 13:30,3034.990000,1,13.050000,0.4300,21.280000,-0.000000,196.250000
2370,Entry short,2025-11-18 13:00,3048.040000,1,13.050000,0.4300,21.280000,-0.000000,196.250000
2369,Exit short,2025-11-18 13:30,3034.990000,1,28.160000,0.9200,21.280000,9.600000,183.200000
2369,Entry short,2025-11-18 12:45,3063.150000,1,28.160000,0.9200,21.280000,9.600000,183.200000
2368,Exit short,2025-11-18 13:30,3034.990000,1,10.660000,0.3500,21.280000,19.350000,155.040000
2368,Entry short,2025-11-18 12:30,3045.650000,1,10.660000,0.3500,21.280000,19.350000,155.040000
2367,Exit long,2025-11-18 01:30,3024.560000,1,-6.870000,-0.2300,33.093333,-0.000000,144.380000
2367,Entry long,2025-11-18 01:00,3031.430000,1,-6.870000,-0.2300,33.093333,-0.000000,144.380000
2366,Exit long,2025-11-18 01:30,3024.560000,1,26.910000,0.9000,33.093333,18.635000,151.250000
2366,Entry long,2025-11-18 00:45,2997.650000,1,26.910000,0.9000,33.093333,18.635000,151.250000
2365,Exit long,2025-11-18 01:30,3024.560000,1,5.920000,0.2000,33.093333,26.330000,124.340000
2365,Entry long,2025-11-18 00:30,3018.640000,1,5.920000,0.2000,33.093333,26.330000,124.340000
2364,Exit short,2025-11-17 13:30,3147.530000,1,35.140000,1.1000,43.976667,0.793333,118.420000
2364,Entry short,2025-11-17 13:00,3182.670000,1,35.140000,1.1000,43.976667,0.793333,118.420000
2363,Exit short,2025-11-17 13:30,3147.530000,1,39.050000,1.2300,43.976667,0.793333,83.280000
2363,Entry short,2025-11-17 12:45,3186.580000,1,39.050000,1.2300,43.976667,0.793333,83.280000
2362,Exit short,2025-11-17 13:30,3147.530000,1,44.150000,1.3800,43.976667,4.070000,44.230000
2362,Entry short,2025-11-17 12:30,3191.680000,1,44.150000,1.3800,43.976667,4.070000,44.230000
2361,Exit long,2025-11-17 01:30,3139.590000,1,4.730000,0.1500,19.103333,8.336667,0.080000
2361,Entry long,2025-11-17 01:00,3134.860000,1,4.730000,0.1500,19.103333,8.336667,0.080000
2360,Exit long,2025-11-17 01:30,3139.590000,1,15.290000,0.4900,19.103333,8.336667,-4.650000
2360,Entry long,2025-11-17 00:45,3124.300000,1,15.290000,0.4900,19.103333,8.336667,-4.650000
2359,Exit long,2025-11-17 01:30,3139.590000,1,19.140000,0.6100,19.550000,13.250000,-19.940000
2359,Entry long,2025-11-17 00:30,3120.450000,1,19.140000,0.6100,19.550000,13.250000,-19.940000
2358,Exit short,2025-11-16 13:30,3158.020000,1,10.530000,0.3300,15.960000,1.200000,-39.080000
2358,Entry short,2025-11-16 13:00,3168.550000,1,10.530000,0.3300,15.960000,1.200000,-39.080000
2357,Exit short,2025-11-16 13:30,3158.020000,1,16.700000,0.5300,15.960000,4.145000,-49.610000
2357,Entry short,2025-11-16 12:45,3174.720000,1,16.700000,0.5300,15.960000,4.145000,-49.610000
2356,Exit short,2025-11-16 13:30,3158.020000,1,12.550000,0.4000,18.080000,5.910000,-66.310000
2356,Entry short,2025-11-16 12:30,3170.570000,1,12.550000,0.4000,18.080000,5.910000,-66.310000
2355,Exit long,2025-11-16 01:30,3153.480000,1,1.950000,0.0600,3.383333,19.146667,-78.860000
2355,Entry long,2025-11-16 01:00,3151.530000,1,1.950000,0.0600,3.383333,19.146667,-78.860000
2354,Exit long,2025-11-16 01:30,3153.480000,1,-5.980000,-0.1900,8.925000,19.146667,-80.810000
2354,Entry long,2025-11-16 00:45,3159.460000,1,-5.980000,-0.1900,8.925000,19.146667,-80.810000
2353,Exit long,2025-11-16 01:30,3153.480000,1,4.790000,0.1500,10.780000,19.146667,-74.830000
2353,Entry long,2025-11-16 00:30,3148.690000,1,4.790000,0.1500,10.780000,19.146667,-74.830000
2352,Exit short,2025-11-15 13:30,3176.910000,1,-16.020000,-0.5100,2.496667,21.123333,-79.620000
2352,Entry short,2025-11-15 13:00,3160.890000,1,-16.020000,-0.5100,2.496667,21.123333,-79.620000
2351,Exit short,2025-11-15 13:30,3176.910000,1,-21.060000,-0.6700,6.805000,21.123333,-63.600000
2351,Entry short,2025-11-15 12:45,3155.850000,1,-21.060000,-0.6700,6.805000,21.123333,-63.600000
2350,Exit short,2025-11-15 13:30,3176.910000,1,-13.150000,-0.4200,9.760000,21.123333,-42.540000
2350,Entry short,2025-11-15 12:30,3163.760000,1,-13.150000,-0.4200,9.760000,21.123333,-42.540000
2349,Exit long,2025-11-15 01:30,3146.270000,1,6.470000,0.2100,14.883333,15.876667,-29.390000
2349,Entry long,2025-11-15 01:00,3139.800000,1,6.470000,0.2100,14.883333,15.876667,-29.390000
2348,Exit long,2025-11-15 01:30,3146.270000,1,12.860000,0.4100,14.883333,22.075000,-35.860000
2348,Entry long,2025-11-15 00:45,3133.410000,1,12.860000,0.4100,14.883333,22.075000,-35.860000
2347,Exit long,2025-11-15 01:30,3146.270000,1,2.790000,0.0900,14.883333,26.500000,-48.720000
2347,Entry long,2025-11-15 00:30,3143.480000,1,2.790000,0.0900,14.883333,26.500000,-48.720000
2346,Exit short,2025-11-14 13:30,3103.100000,1,22.610000,0.7200,22.580000,40.830000,-51.510000
2346,Entry short,2025-11-14 13:00,3125.710000,1,22.610000,0.7200,22.580000,40.830000,-51.510000
2345,Exit short,2025-11-14 13:30,3103.100000,1,-21.330000,-0.6900,24.155000,40.830000,-74.120000
2345,Entry short,2025-11-14 12:45,3081.770000,1,-21.330000,-0.6900,24.155000,40.830000,-74.120000
2344,Exit short,2025-11-14 13:30,3103.100000,1,16.900000,0.5400,52.000000,40.830000,-52.790000
2344,Entry short,2025-11-14 12:30,3120.000000,1,16.900000,0.5400,52.000000,40.830000,-52.790000
2343,Exit long,2025-11-14 01:30,3197.530000,1,-1.690000,-0.0500,6.840000,29.990000,-69.690000
2343,Entry long,2025-11-14 01:00,3199.220000,1,-1.690000,-0.0500,6.840000,29.990000,-69.690000
2342,Exit long,2025-11-14 01:30,3197.530000,1,-21.720000,-0.6700,6.840000,34.320000,-68.000000
2342,Entry long,2025-11-14 00:45,3219.250000,1,-21.720000,-0.6700,6.840000,34.320000,-68.000000
2341,Exit long,2025-11-14 01:30,3197.530000,1,-23.480000,-0.7300,18.660000,34.320000,-46.280000
2341,Entry long,2025-11-14 00:30,3221.010000,1,-23.480000,-0.7300,18.660000,34.320000,-46.280000
2340,Exit short,2025-11-13 13:30,3466.780000,1,32.880000,0.9400,40.436667,4.513333,-22.800000
2340,Entry short,2025-11-13 13:00,3499.660000,1,32.880000,0.9400,40.436667,4.513333,-22.800000
2339,Exit short,2025-11-13 13:30,3466.780000,1,35.020000,1.0000,40.436667,15.890000,-55.680000
2339,Entry short,2025-11-13 12:45,3501.800000,1,35.020000,1.0000,40.436667,15.890000,-55.680000
2338,Exit short,2025-11-13 13:30,3466.780000,1,19.300000,0.5500,40.436667,19.210000,-90.700000
2338,Entry short,2025-11-13 12:30,3486.080000,1,19.300000,0.5500,40.436667,19.210000,-90.700000
2337,Exit long,2025-11-13 01:30,3432.220000,1,21.320000,0.6300,44.616667,0.353333,-110.000000
2337,Entry long,2025-11-13 01:00,3410.900000,1,21.320000,0.6300,44.616667,0.353333,-110.000000
2336,Exit long,2025-11-13 01:30,3432.220000,1,18.100000,0.5300,44.616667,0.353333,-131.320000
2336,Entry long,2025-11-13 00:45,3414.120000,1,18.100000,0.5300,44.616667,0.353333,-131.320000
2335,Exit long,2025-11-13 01:30,3432.220000,1,29.090000,0.8500,44.616667,0.353333,-149.420000
2335,Entry long,2025-11-13 00:30,3403.130000,1,29.090000,0.8500,44.616667,0.353333,-149.420000
2334,Exit short,2025-11-12 13:30,3561.460000,1,-10.730000,-0.3000,2.573333,16.766667,-178.510000
2334,Entry short,2025-11-12 13:00,3550.730000,1,-10.730000,-0.3000,2.573333,16.766667,-178.510000
2333,Exit short,2025-11-12 13:30,3561.460000,1,-20.930000,-0.5900,4.185000,16.766667,-167.780000
2333,Entry short,2025-11-12 12:45,3540.530000,1,-20.930000,-0.5900,4.185000,16.766667,-167.780000
2332,Exit short,2025-11-12 13:30,3561.460000,1,-14.080000,-0.4000,9.340000,16.766667,-146.850000
2332,Entry short,2025-11-12 12:30,3547.380000,1,-14.080000,-0.4000,9.340000,16.766667,-146.850000
2331,Exit long,2025-11-12 01:30,3434.680000,1,18.030000,0.5300,27.353333,11.956667,-132.770000
2331,Entry long,2025-11-12 01:00,3416.650000,1,18.030000,0.5300,27.353333,11.956667,-132.770000
2330,Exit long,2025-11-12 01:30,3434.680000,1,10.410000,0.3000,27.353333,11.956667,-150.800000
2330,Entry long,2025-11-12 00:45,3424.270000,1,10.410000,0.3000,27.353333,11.956667,-150.800000
2329,Exit long,2025-11-12 01:30,3434.680000,1,7.660000,0.2200,27.353333,11.956667,-161.210000
2329,Entry long,2025-11-12 00:30,3427.020000,1,7.660000,0.2200,27.353333,11.956667,-161.210000
2328,Exit short,2025-11-11 13:30,3549.990000,1,-10.310000,-0.2900,12.150000,6.470000,-168.870000
2328,Entry short,2025-11-11 13:00,3539.680000,1,-10.310000,-0.2900,12.150000,6.470000,-168.870000
2327,Exit short,2025-11-11 13:30,3549.990000,1,0.480000,0.0100,19.405000,6.470000,-158.560000
2327,Entry short,2025-11-11 12:45,3550.470000,1,0.480000,0.0100,19.405000,6.470000,-158.560000
2326,Exit short,2025-11-11 13:30,3549.990000,1,14.450000,0.4100,19.405000,6.470000,-159.040000
2326,Entry short,2025-11-11 12:30,3564.440000,1,14.450000,0.4100,19.405000,6.470000,-159.040000
2325,Exit long,2025-11-11 01:30,3618.370000,1,34.360000,0.9600,79.943333,-0.000000,-173.490000
2325,Entry long,2025-11-11 01:00,3584.010000,1,34.360000,0.9600,79.943333,-0.000000,-173.490000
2324,Exit long,2025-11-11 01:30,3618.370000,1,61.930000,1.7400,79.943333,6.480000,-207.850000
2324,Entry long,2025-11-11 00:45,3556.440000,1,61.930000,1.7400,79.943333,6.480000,-207.850000
2323,Exit long,2025-11-11 01:30,3618.370000,1,56.030000,1.5700,79.943333,11.230000,-269.780000
2323,Entry long,2025-11-11 00:30,3562.340000,1,56.030000,1.5700,79.943333,11.230000,-269.780000
2322,Exit short,2025-11-10 13:30,3605.360000,1,-14.900000,-0.4100,3.536667,25.013333,-325.810000
2322,Entry short,2025-11-10 13:00,3590.460000,1,-14.900000,-0.4100,3.536667,25.013333,-325.810000
2321,Exit short,2025-11-10 13:30,3605.360000,1,-11.120000,-0.3100,6.040000,25.013333,-310.910000
2321,Entry short,2025-11-10 12:45,3594.240000,1,-11.120000,-0.3100,6.040000,25.013333,-310.910000
2320,Exit short,2025-11-10 13:30,3605.360000,1,-14.100000,-0.3900,6.040000,25.013333,-299.790000
2320,Entry short,2025-11-10 12:30,3591.260000,1,-14.100000,-0.3900,6.040000,25.013333,-299.790000
2319,Exit long,2025-11-10 01:30,3641.780000,1,7.650000,0.2100,38.680000,4.110000,-285.690000
2319,Entry long,2025-11-10 01:00,3634.130000,1,7.650000,0.2100,38.680000,4.110000,-285.690000
2318,Exit long,2025-11-10 01:30,3641.780000,1,12.790000,0.3500,40.005000,4.110000,-293.340000
2318,Entry long,2025-11-10 00:45,3628.990000,1,12.790000,0.3500,40.005000,4.110000,-293.340000
2317,Exit long,2025-11-10 01:30,3641.780000,1,46.940000,1.3100,40.005000,4.920000,-306.130000
2317,Entry long,2025-11-10 00:30,3594.840000,1,46.940000,1.3100,40.005000,4.920000,-306.130000
2316,Exit short,2025-11-09 13:30,3449.980000,1,-9.340000,-0.2700,3.106667,18.293333,-353.070000
2316,Entry short,2025-11-09 13:00,3440.640000,1,-9.340000,-0.2700,3.106667,18.293333,-353.070000
2315,Exit short,2025-11-09 13:30,3449.980000,1,-5.740000,-0.1700,6.490000,18.293333,-343.730000
2315,Entry short,2025-11-09 12:45,3444.240000,1,-5.740000,-0.1700,6.490000,18.293333,-343.730000
2314,Exit short,2025-11-09 13:30,3449.980000,1,-4.040000,-0.1200,6.490000,18.293333,-337.990000
2314,Entry short,2025-11-09 12:30,3445.940000,1,-4.040000,-0.1200,6.490000,18.293333,-337.990000
2313,Exit long,2025-11-09 01:30,3387.940000,1,4.600000,0.1400,14.663333,2.106667,-333.950000
2313,Entry long,2025-11-09 01:00,3383.340000,1,4.600000,0.1400,14.663333,2.106667,-333.950000
2312,Exit long,2025-11-09 01:30,3387.940000,1,-2.710000,-0.0800,14.663333,3.325000,-338.550000
2312,Entry long,2025-11-09 00:45,3390.650000,1,-2.710000,-0.0800,14.663333,3.325000,-338.550000
2311,Exit long,2025-11-09 01:30,3387.940000,1,12.940000,0.3800,17.380000,3.325000,-335.840000
2311,Entry long,2025-11-09 00:30,3375.000000,1,12.940000,0.3800,17.380000,3.325000,-335.840000
2310,Exit short,2025-11-08 13:30,3399.850000,1,7.930000,0.2300,18.026667,3.453333,-348.780000
2310,Entry short,2025-11-08 13:00,3407.780000,1,7.930000,0.2300,18.026667,3.453333,-348.780000
2309,Exit short,2025-11-08 13:30,3399.850000,1,3.280000,0.1000,18.026667,4.045000,-356.710000
2309,Entry short,2025-11-08 12:45,3403.130000,1,3.280000,0.1000,18.026667,4.045000,-356.710000
2308,Exit short,2025-11-08 13:30,3399.850000,1,7.590000,0.2200,18.026667,4.045000,-359.990000
2308,Entry short,2025-11-08 12:30,3407.440000,1,7.590000,0.2200,18.026667,4.045000,-359.990000
2307,Exit long,2025-11-08 01:30,3436.000000,1,12.640000,0.3700,19.653333,6.106667,-367.580000
2307,Entry long,2025-11-08 01:00,3423.360000,1,12.640000,0.3700,19.653333,6.106667,-367.580000
2306,Exit long,2025-11-08 01:30,3436.000000,1,4.650000,0.1400,19.653333,6.106667,-380.220000
2306,Entry long,2025-11-08 00:45,3431.350000,1,4.650000,0.1400,19.653333,6.106667,-380.220000
2305,Exit long,2025-11-08 01:30,3436.000000,1,11.130000,0.3200,19.653333,19.940000,-384.870000
2305,Entry long,2025-11-08 00:30,3424.870000,1,11.130000,0.3200,19.653333,19.940000,-384.870000
2304,Exit short,2025-11-07 13:30,3237.550000,1,-15.880000,-0.4900,3.550000,31.270000,-396.000000
2304,Entry short,2025-11-07 13:00,3221.670000,1,-15.880000,-0.4900,3.550000,31.270000,-396.000000
2303,Exit short,2025-11-07 13:30,3237.550000,1,-23.750000,-0.7400,18.425000,31.270000,-380.120000
2303,Entry short,2025-11-07 12:45,3213.800000,1,-23.750000,-0.7400,18.425000,31.270000,-380.120000
2302,Exit short,2025-11-07 13:30,3237.550000,1,-23.340000,-0.7300,18.425000,31.270000,-356.370000
2302,Entry short,2025-11-07 12:30,3214.210000,1,-23.340000,-0.7300,18.425000,31.270000,-356.370000
2301,Exit long,2025-11-07 01:30,3320.630000,1,-3.220000,-0.1000,13.580000,22.220000,-333.030000
2301,Entry long,2025-11-07 01:00,3323.850000,1,-3.220000,-0.1000,13.580000,22.220000,-333.030000
2300,Exit long,2025-11-07 01:30,3320.630000,1,-3.120000,-0.0900,19.410000,22.220000,-329.810000
2300,Entry long,2025-11-07 00:45,3323.750000,1,-3.120000,-0.0900,19.410000,22.220000,-329.810000
2299,Exit long,2025-11-07 01:30,3320.630000,1,20.740000,0.6300,31.360000,22.220000,-326.690000
2299,Entry long,2025-11-07 00:30,3299.890000,1,20.740000,0.6300,31.360000,22.220000,-326.690000
2298,Exit short,2025-11-06 13:30,3391.000000,1,-43.120000,-1.2900,8.226667,40.653333,-347.430000
2298,Entry short,2025-11-06 13:00,3347.880000,1,-43.120000,-1.2900,8.226667,40.653333,-347.430000
2297,Exit short,2025-11-06 13:30,3391.000000,1,-43.190000,-1.2900,19.690000,40.653333,-304.310000
2297,Entry short,2025-11-06 12:45,3347.810000,1,-43.190000,-1.2900,19.690000,40.653333,-304.310000
2296,Exit short,2025-11-06 13:30,3391.000000,1,-18.370000,-0.5400,29.050000,40.653333,-261.120000
2296,Entry short,2025-11-06 12:30,3372.630000,1,-18.370000,-0.5400,29.050000,40.653333,-261.120000
2295,Exit long,2025-11-06 01:30,3380.100000,1,-25.790000,-0.7600,4.186667,28.003333,-242.750000
2295,Entry long,2025-11-06 01:00,3405.890000,1,-25.790000,-0.7600,4.186667,28.003333,-242.750000
2294,Exit long,2025-11-06 01:30,3380.100000,1,-16.680000,-0.4900,9.040000,28.003333,-216.960000
2294,Entry long,2025-11-06 00:45,3396.780000,1,-16.680000,-0.4900,9.040000,28.003333,-216.960000
2293,Exit long,2025-11-06 01:30,3380.100000,1,-22.340000,-0.6600,9.040000,28.003333,-200.280000
2293,Entry long,2025-11-06 00:30,3402.440000,1,-22.340000,-0.6600,9.040000,28.003333,-200.280000
2292,Exit short,2025-11-05 13:30,3330.330000,1,13.220000,0.4000,25.366667,-0.000000,-177.940000
2292,Entry short,2025-11-05 13:00,3343.550000,1,13.220000,0.4000,25.366667,-0.000000,-177.940000
2291,Exit short,2025-11-05 13:30,3330.330000,1,19.050000,0.5700,25.366667,-0.000000,-191.160000
2291,Entry short,2025-11-05 12:45,3349.380000,1,19.050000,0.5700,25.366667,-0.000000,-191.160000
2290,Exit short,2025-11-05 13:30,3330.330000,1,22.590000,0.6700,25.366667,-0.000000,-210.210000
2290,Entry short,2025-11-05 12:30,3352.920000,1,22.590000,0.6700,25.366667,-0.000000,-210.210000
2289,Exit long,2025-11-05 01:30,3179.120000,1,-59.920000,-1.8500,1.090000,74.500000,-232.800000
2289,Entry long,2025-11-05 01:00,3239.040000,1,-59.920000,-1.8500,1.090000,74.500000,-232.800000
2288,Exit long,2025-11-05 01:30,3179.120000,1,-48.610000,-1.5100,7.925000,74.500000,-172.880000
2288,Entry long,2025-11-05 00:45,3227.730000,1,-48.610000,-1.5100,7.925000,74.500000,-172.880000
2287,Exit long,2025-11-05 01:30,3179.120000,1,-73.840000,-2.2700,7.925000,74.500000,-124.270000
2287,Entry long,2025-11-05 00:30,3252.960000,1,-73.840000,-2.2700,7.925000,74.500000,-124.270000
2286,Exit short,2025-11-04 13:30,3497.670000,1,11.880000,0.3400,15.770000,11.920000,-50.430000
2286,Entry short,2025-11-04 13:00,3509.550000,1,11.880000,0.3400,15.770000,11.920000,-50.430000
2285,Exit short,2025-11-04 13:30,3497.670000,1,5.120000,0.1500,15.770000,11.920000,-62.310000
2285,Entry short,2025-11-04 12:45,3502.790000,1,5.120000,0.1500,15.770000,11.920000,-62.310000
2284,Exit short,2025-11-04 13:30,3497.670000,1,10.060000,0.2900,15.770000,11.920000,-67.430000
2284,Entry short,2025-11-04 12:30,3507.730000,1,10.060000,0.2900,15.770000,11.920000,-67.430000
2283,Exit long,2025-11-04 01:30,3627.770000,1,11.270000,0.3100,39.470000,-0.000000,-77.490000
2283,Entry long,2025-11-04 01:00,3616.500000,1,11.270000,0.3100,39.470000,-0.000000,-77.490000
2282,Exit long,2025-11-04 01:30,3627.770000,1,0.490000,0.0100,39.470000,-0.000000,-88.760000
2282,Entry long,2025-11-04 00:45,3627.280000,1,0.490000,0.0100,39.470000,-0.000000,-88.760000
2281,Exit long,2025-11-04 01:30,3627.770000,1,61.230000,1.7200,68.460000,-0.000000,-89.250000
2281,Entry long,2025-11-04 00:30,3566.540000,1,61.230000,1.7200,68.460000,-0.000000,-89.250000
2280,Exit short,2025-11-03 13:30,3703.750000,1,3.830000,0.1000,22.903333,2.616667,-150.480000
2280,Entry short,2025-11-03 13:00,3707.580000,1,3.830000,0.1000,22.903333,2.616667,-150.480000
2279,Exit short,2025-11-03 13:30,3703.750000,1,7.820000,0.2100,22.903333,2.616667,-154.310000
2279,Entry short,2025-11-03 12:45,3711.570000,1,7.820000,0.2100,22.903333,2.616667,-154.310000
2278,Exit short,2025-11-03 13:30,3703.750000,1,20.250000,0.5400,22.903333,2.616667,-162.130000
2278,Entry short,2025-11-03 12:30,3724.000000,1,20.250000,0.5400,22.903333,2.616667,-162.130000
2277,Exit long,2025-11-03 01:30,3846.360000,1,-16.950000,-0.4400,0.000000,42.346667,-182.380000
2277,Entry long,2025-11-03 01:00,3863.310000,1,-16.950000,-0.4400,0.000000,42.346667,-182.380000
2276,Exit long,2025-11-03 01:30,3846.360000,1,-40.130000,-1.0300,1.480000,42.346667,-165.430000
2276,Entry long,2025-11-03 00:45,3886.490000,1,-40.130000,-1.0300,1.480000,42.346667,-165.430000
2275,Exit long,2025-11-03 01:30,3846.360000,1,-46.110000,-1.1800,4.000000,42.346667,-125.300000
2275,Entry long,2025-11-03 00:30,3892.470000,1,-46.110000,-1.1800,4.000000,42.346667,-125.300000
2274,Exit short,2025-11-02 13:30,3861.180000,1,14.720000,0.3800,25.160000,-0.000000,-79.190000
2274,Entry short,2025-11-02 13:00,3875.900000,1,14.720000,0.3800,25.160000,-0.000000,-79.190000
2273,Exit short,2025-11-02 13:30,3861.180000,1,13.980000,0.3600,25.160000,-0.000000,-93.910000
2273,Entry short,2025-11-02 12:45,3875.160000,1,13.980000,0.3600,25.160000,-0.000000,-93.910000
2272,Exit short,2025-11-02 13:30,3861.180000,1,20.140000,0.5200,25.160000,3.930000,-107.890000
2272,Entry short,2025-11-02 12:30,3881.320000,1,20.140000,0.5200,25.160000,3.930000,-107.890000
2271,Exit long,2025-11-02 01:30,3873.000000,1,8.270000,0.2100,7.273333,5.886667,-128.030000
2271,Entry long,2025-11-02 01:00,3864.730000,1,8.270000,0.2100,7.273333,5.886667,-128.030000
2270,Exit long,2025-11-02 01:30,3873.000000,1,4.570000,0.1200,7.273333,5.886667,-136.300000
2270,Entry long,2025-11-02 00:45,3868.430000,1,4.570000,0.1200,7.273333,5.886667,-136.300000
2269,Exit long,2025-11-02 01:30,3873.000000,1,8.470000,0.2200,7.273333,5.886667,-140.870000
2269,Entry long,2025-11-02 00:30,3864.530000,1,8.470000,0.2200,7.273333,5.886667,-140.870000
2268,Exit short,2025-11-01 13:30,3873.010000,1,1.620000,0.0400,4.776667,1.283333,-149.340000
2268,Entry short,2025-11-01 13:00,3874.630000,1,1.620000,0.0400,4.776667,1.283333,-149.340000
2267,Exit short,2025-11-01 13:30,3873.010000,1,4.740000,0.1200,4.776667,1.283333,-150.960000
2267,Entry short,2025-11-01 12:45,3877.750000,1,4.740000,0.1200,4.776667,1.283333,-150.960000
2266,Exit short,2025-11-01 13:30,3873.010000,1,3.410000,0.0900,4.776667,2.950000,-155.700000
2266,Entry short,2025-11-01 12:30,3876.420000,1,3.410000,0.0900,4.776667,2.950000,-155.700000
2265,Exit long,2025-11-01 01:30,3853.920000,1,8.350000,0.2200,12.716667,-0.000000,-159.110000
2265,Entry long,2025-11-01 01:00,3845.570000,1,8.350000,0.2200,12.716667,-0.000000,-159.110000
2264,Exit long,2025-11-01 01:30,3853.920000,1,13.170000,0.3400,12.716667,0.385000,-167.460000
2264,Entry long,2025-11-01 00:45,3840.750000,1,13.170000,0.3400,12.716667,0.385000,-167.460000
2263,Exit long,2025-11-01 01:30,3853.920000,1,13.660000,0.3600,12.716667,8.150000,-180.630000
2263,Entry long,2025-11-01 00:30,3840.260000,1,13.660000,0.3600,12.716667,8.150000,-180.630000
2262,Exit short,2025-10-31 13:30,3855.590000,1,-20.790000,-0.5400,14.980000,22.510000,-194.290000
2262,Entry short,2025-10-31 13:00,3834.800000,1,-20.790000,-0.5400,14.980000,22.510000,-194.290000
2261,Exit short,2025-10-31 13:30,3855.590000,1,-11.190000,-0.2900,24.155000,22.510000,-173.500000
2261,Entry short,2025-10-31 12:45,3844.400000,1,-11.190000,-0.2900,24.155000,22.510000,-173.500000
2260,Exit short,2025-10-31 13:30,3855.590000,1,13.800000,0.3600,33.990000,22.510000,-162.310000
2260,Entry short,2025-10-31 12:30,3869.390000,1,13.800000,0.3600,33.990000,22.510000,-162.310000
2259,Exit long,2025-10-31 01:30,3847.220000,1,17.320000,0.4500,40.313333,-0.000000,-176.110000
2259,Entry long,2025-10-31 01:00,3829.900000,1,17.320000,0.4500,40.313333,-0.000000,-176.110000
2258,Exit long,2025-10-31 01:30,3847.220000,1,25.210000,0.6600,40.313333,-0.000000,-193.430000
2258,Entry long,2025-10-31 00:45,3822.010000,1,25.210000,0.6600,40.313333,-0.000000,-193.430000
2257,Exit long,2025-10-31 01:30,3847.220000,1,40.070000,1.0500,40.313333,0.990000,-218.640000
2257,Entry long,2025-10-31 00:30,3807.150000,1,40.070000,1.0500,40.313333,0.990000,-218.640000
2256,Exit short,2025-10-30 13:30,3818.230000,1,-2.570000,-0.0700,21.860000,9.060000,-258.710000
2256,Entry short,2025-10-30 13:00,3815.660000,1,-2.570000,-0.0700,21.860000,9.060000,-258.710000
2255,Exit short,2025-10-30 13:30,3818.230000,1,-8.730000,-0.2300,38.150000,9.060000,-256.140000
2255,Entry short,2025-10-30 12:45,3809.500000,1,-8.730000,-0.2300,38.150000,9.060000,-256.140000
2254,Exit short,2025-10-30 13:30,3818.230000,1,34.430000,0.8900,43.370000,9.060000,-247.410000
2254,Entry short,2025-10-30 12:30,3852.660000,1,34.430000,0.8900,43.370000,9.060000,-247.410000
2253,Exit long,2025-10-30 01:30,3911.030000,1,-9.280000,-0.2400,9.713333,10.406667,-281.840000
2253,Entry long,2025-10-30 01:00,3920.310000,1,-9.280000,-0.2400,9.713333,10.406667,-281.840000
2252,Exit long,2025-10-30 01:30,3911.030000,1,1.720000,0.0400,10.520000,10.406667,-272.560000
2252,Entry long,2025-10-30 00:45,3909.310000,1,1.720000,0.0400,10.520000,10.406667,-272.560000
2251,Exit long,2025-10-30 01:30,3911.030000,1,-0.620000,-0.0200,10.520000,11.400000,-274.280000
2251,Entry long,2025-10-30 00:30,3911.650000,1,-0.620000,-0.0200,10.520000,11.400000,-274.280000
2250,Exit short,2025-10-29 13:30,4021.380000,1,-7.380000,-0.1800,0.000000,19.463333,-273.660000
2250,Entry short,2025-10-29 13:00,4014.000000,1,-7.380000,-0.1800,0.000000,19.463333,-273.660000
2249,Exit short,2025-10-29 13:30,4021.380000,1,-12.430000,-0.3100,0.000000,19.463333,-266.280000
2249,Entry short,2025-10-29 12:45,4008.950000,1,-12.430000,-0.3100,0.000000,19.463333,-266.280000
2248,Exit short,2025-10-29 13:30,4021.380000,1,-18.690000,-0.4700,0.620000,19.463333,-253.850000
2248,Entry short,2025-10-29 12:30,4002.690000,1,-18.690000,-0.4700,0.620000,19.463333,-253.850000
2247,Exit long,2025-10-29 01:30,3969.020000,1,-1.620000,-0.0400,1.680000,16.790000,-235.160000
2247,Entry long,2025-10-29 01:00,3970.640000,1,-1.620000,-0.0400,1.680000,16.790000,-235.160000
2246,Exit long,2025-10-29 01:30,3969.020000,1,-11.560000,-0.2900,1.680000,16.790000,-233.540000
2246,Entry long,2025-10-29 00:45,3980.580000,1,-11.560000,-0.2900,1.680000,16.790000,-233.540000
2245,Exit long,2025-10-29 01:30,3969.020000,1,-16.970000,-0.4300,5.470000,16.790000,-221.980000
2245,Entry long,2025-10-29 00:30,3985.990000,1,-16.970000,-0.4300,5.470000,16.790000,-221.980000
2244,Exit short,2025-10-28 13:30,4139.560000,1,-19.560000,-0.4700,0.000000,42.763333,-205.010000
2244,Entry short,2025-10-28 13:00,4120.000000,1,-19.560000,-0.4700,0.000000,42.763333,-205.010000
2243,Exit short,2025-10-28 13:30,4139.560000,1,-26.560000,-0.6500,0.000000,42.763333,-185.450000
2243,Entry short,2025-10-28 12:45,4113.000000,1,-26.560000,-0.6500,0.000000,42.763333,-185.450000
2242,Exit short,2025-10-28 13:30,4139.560000,1,-37.260000,-0.9100,3.580000,42.763333,-158.890000
2242,Entry short,2025-10-28 12:30,4102.300000,1,-37.260000,-0.9100,3.580000,42.763333,-158.890000
2241,Exit long,2025-10-28 01:30,4128.370000,1,14.610000,0.3600,13.033333,5.246667,-121.630000
2241,Entry long,2025-10-28 01:00,4113.760000,1,14.610000,0.3600,13.033333,5.246667,-121.630000
2240,Exit long,2025-10-28 01:30,4128.370000,1,10.130000,0.2500,13.033333,16.010000,-136.240000
2240,Entry long,2025-10-28 00:45,4118.240000,1,10.130000,0.2500,13.033333,16.010000,-136.240000
2239,Exit long,2025-10-28 01:30,4128.370000,1,3.350000,0.0800,13.033333,16.010000,-146.370000
2239,Entry long,2025-10-28 00:30,4125.020000,1,3.350000,0.0800,13.033333,16.010000,-146.370000
2238,Exit short,2025-10-27 13:30,4161.570000,1,-18.030000,-0.4400,6.526667,20.673333,-149.720000
2238,Entry short,2025-10-27 13:00,4143.540000,1,-18.030000,-0.4400,6.526667,20.673333,-149.720000
2237,Exit short,2025-10-27 13:30,4161.570000,1,-13.930000,-0.3400,8.960000,20.673333,-131.690000
2237,Entry short,2025-10-27 12:45,4147.640000,1,-13.930000,-0.3400,8.960000,20.673333,-131.690000
2236,Exit short,2025-10-27 13:30,4161.570000,1,-9.630000,-0.2300,15.940000,20.673333,-117.760000
2236,Entry short,2025-10-27 12:30,4151.940000,1,-9.630000,-0.2300,15.940000,20.673333,-117.760000
2235,Exit long,2025-10-27 01:30,4182.850000,1,14.210000,0.3400,19.406667,7.673333,-108.130000
2235,Entry long,2025-10-27 01:00,4168.640000,1,14.210000,0.3400,19.406667,7.673333,-108.130000
2234,Exit long,2025-10-27 01:30,4182.850000,1,3.270000,0.0800,19.406667,15.020000,-122.340000
2234,Entry long,2025-10-27 00:45,4179.580000,1,3.270000,0.0800,19.406667,15.020000,-122.340000
2233,Exit long,2025-10-27 01:30,4182.850000,1,12.390000,0.3000,19.406667,15.020000,-125.610000
2233,Entry long,2025-10-27 00:30,4170.460000,1,12.390000,0.3000,19.406667,15.020000,-125.610000
2232,Exit short,2025-10-26 13:30,4078.810000,1,-7.810000,-0.1900,0.000000,24.880000,-138.000000
2232,Entry short,2025-10-26 13:00,4071.000000,1,-7.810000,-0.1900,0.000000,24.880000,-138.000000
2231,Exit short,2025-10-26 13:30,4078.810000,1,-31.130000,-0.7700,2.230000,27.170000,-130.190000
2231,Entry short,2025-10-26 12:45,4047.680000,1,-31.130000,-0.7700,2.230000,27.170000,-130.190000
2230,Exit short,2025-10-26 13:30,4078.810000,1,-26.670000,-0.6600,5.600000,27.170000,-99.060000
2230,Entry short,2025-10-26 12:30,4052.140000,1,-26.670000,-0.6600,5.600000,27.170000,-99.060000
2229,Exit long,2025-10-26 01:30,3949.000000,1,0.800000,0.0200,1.466667,6.343333,-72.390000
2229,Entry long,2025-10-26 01:00,3948.200000,1,0.800000,0.0200,1.466667,6.343333,-72.390000
2228,Exit long,2025-10-26 01:30,3949.000000,1,-6.480000,-0.1600,3.775000,7.165000,-73.190000
2228,Entry long,2025-10-26 00:45,3955.480000,1,-6.480000,-0.1600,3.775000,7.165000,-73.190000
2227,Exit long,2025-10-26 01:30,3949.000000,1,-4.410000,-0.1100,6.590000,7.165000,-66.710000
2227,Entry long,2025-10-26 00:30,3953.410000,1,-4.410000,-0.1100,6.590000,7.165000,-66.710000
2226,Exit short,2025-10-25 13:30,3937.020000,1,14.550000,0.3700,15.620000,4.200000,-62.300000
2226,Entry short,2025-10-25 13:00,3951.570000,1,14.550000,0.3700,15.620000,4.200000,-62.300000
2225,Exit short,2025-10-25 13:30,3937.020000,1,11.860000,0.3000,15.620000,4.855000,-76.850000
2225,Entry short,2025-10-25 12:45,3948.880000,1,11.860000,0.3000,15.620000,4.855000,-76.850000
2224,Exit short,2025-10-25 13:30,3937.020000,1,14.390000,0.3600,15.620000,4.855000,-88.710000
2224,Entry short,2025-10-25 12:30,3951.410000,1,14.390000,0.3600,15.620000,4.855000,-88.710000
2223,Exit long,2025-10-25 01:30,3930.680000,1,13.400000,0.3400,13.873333,5.316667,-103.100000
2223,Entry long,2025-10-25 01:00,3917.280000,1,13.400000,0.3400,13.873333,5.316667,-103.100000
2222,Exit long,2025-10-25 01:30,3930.680000,1,8.920000,0.2300,13.873333,9.990000,-116.500000
2222,Entry long,2025-10-25 00:45,3921.760000,1,8.920000,0.2300,13.873333,9.990000,-116.500000
2221,Exit long,2025-10-25 01:30,3930.680000,1,12.460000,0.3200,13.873333,9.990000,-125.420000
2221,Entry long,2025-10-25 00:30,3918.220000,1,12.460000,0.3200,13.873333,9.990000,-125.420000
2220,Exit short,2025-10-24 13:30,3964.660000,1,-2.360000,-0.0600,10.163333,13.446667,-137.880000
2220,Entry short,2025-10-24 13:00,3962.300000,1,-2.360000,-0.0600,10.163333,13.446667,-137.880000
2219,Exit short,2025-10-24 13:30,3964.660000,1,10.950000,0.2800,13.560000,13.446667,-135.520000
2219,Entry short,2025-10-24 12:45,3975.610000,1,10.950000,0.2800,13.560000,13.446667,-135.520000
2218,Exit short,2025-10-24 13:30,3964.660000,1,-11.130000,-0.2800,13.560000,72.950000,-146.470000
2218,Entry short,2025-10-24 12:30,3953.530000,1,-11.130000,-0.2800,13.560000,72.950000,-146.470000
2217,Exit long,2025-10-24 01:30,3859.740000,1,-5.870000,-0.1500,15.930000,1.770000,-135.340000
2217,Entry long,2025-10-24 01:00,3865.610000,1,-5.870000,-0.1500,15.930000,1.770000,-135.340000
2216,Exit long,2025-10-24 01:30,3859.740000,1,-0.690000,-0.0200,21.550000,1.770000,-129.470000
2216,Entry long,2025-10-24 00:45,3860.430000,1,-0.690000,-0.0200,21.550000,1.770000,-129.470000
2215,Exit long,2025-10-24 01:30,3859.740000,1,12.470000,0.3200,21.550000,3.250000,-128.780000
2215,Entry long,2025-10-24 00:30,3847.270000,1,12.470000,0.3200,21.550000,3.250000,-128.780000
2214,Exit short,2025-10-23 13:30,3845.100000,1,6.490000,0.1700,20.913333,0.526667,-141.250000
2214,Entry short,2025-10-23 13:00,3851.590000,1,6.490000,0.1700,20.913333,0.526667,-141.250000
2213,Exit short,2025-10-23 13:30,3845.100000,1,4.810000,0.1200,20.913333,3.320000,-147.740000
2213,Entry short,2025-10-23 12:45,3849.910000,1,4.810000,0.1200,20.913333,3.320000,-147.740000
2212,Exit short,2025-10-23 13:30,3845.100000,1,10.130000,0.2600,20.913333,3.320000,-152.550000
2212,Entry short,2025-10-23 12:30,3855.230000,1,10.130000,0.2600,20.913333,3.320000,-152.550000
2211,Exit long,2025-10-23 01:30,3818.350000,1,4.420000,0.1200,26.650000,-0.000000,-162.680000
2211,Entry long,2025-10-23 01:00,3813.930000,1,4.420000,0.1200,26.650000,-0.000000,-162.680000
2210,Exit long,2025-10-23 01:30,3818.350000,1,12.080000,0.3200,26.650000,2.240000,-167.100000
2210,Entry long,2025-10-23 00:45,3806.270000,1,12.080000,0.3200,26.650000,2.240000,-167.100000
2209,Exit long,2025-10-23 01:30,3818.350000,1,12.540000,0.3300,26.650000,2.240000,-179.180000
2209,Entry long,2025-10-23 00:30,3805.810000,1,12.540000,0.3300,26.650000,2.240000,-179.180000
2208,Exit short,2025-10-22 13:30,3848.850000,1,-4.070000,-0.1100,9.303333,19.606667,-191.720000
2208,Entry short,2025-10-22 13:00,3844.780000,1,-4.070000,-0.1100,9.303333,19.606667,-191.720000
2207,Exit short,2025-10-22 13:30,3848.850000,1,-0.440000,-0.0100,9.303333,19.606667,-187.650000
2207,Entry short,2025-10-22 12:45,3848.410000,1,-0.440000,-0.0100,9.303333,19.606667,-187.650000
2206,Exit short,2025-10-22 13:30,3848.850000,1,-6.130000,-0.1600,9.303333,19.606667,-187.210000
2206,Entry short,2025-10-22 12:30,3842.720000,1,-6.130000,-0.1600,9.303333,19.606667,-187.210000
2205,Exit long,2025-10-22 01:30,3854.540000,1,14.150000,0.3700,19.716667,6.133333,-181.080000
2205,Entry long,2025-10-22 01:00,3840.390000,1,14.150000,0.3700,19.716667,6.133333,-181.080000
2204,Exit long,2025-10-22 01:30,3854.540000,1,17.890000,0.4700,19.716667,10.870000,-195.230000
2204,Entry long,2025-10-22 00:45,3836.650000,1,17.890000,0.4700,19.716667,10.870000,-195.230000
2203,Exit long,2025-10-22 01:30,3854.540000,1,-3.850000,-0.1000,19.716667,43.020000,-213.120000
2203,Entry long,2025-10-22 00:30,3858.390000,1,-3.850000,-0.1000,19.716667,43.020000,-213.120000
2202,Exit short,2025-10-21 13:30,3883.430000,1,-4.540000,-0.1200,39.483333,-0.000000,-209.270000
2202,Entry short,2025-10-21 13:00,3878.890000,1,-4.540000,-0.1200,39.483333,-0.000000,-209.270000
2201,Exit short,2025-10-21 13:30,3883.430000,1,30.180000,0.7700,39.483333,6.670000,-204.730000
2201,Entry short,2025-10-21 12:45,3913.610000,1,30.180000,0.7700,39.483333,6.670000,-204.730000
2200,Exit short,2025-10-21 13:30,3883.430000,1,19.400000,0.5000,39.483333,11.440000,-234.910000
2200,Entry short,2025-10-21 12:30,3902.830000,1,19.400000,0.5000,39.483333,11.440000,-234.910000
2199,Exit long,2025-10-21 01:30,3961.730000,1,-8.770000,-0.2200,0.000000,23.230000,-254.310000
2199,Entry long,2025-10-21 01:00,3970.500000,1,-8.770000,-0.2200,0.000000,23.230000,-254.310000
2198,Exit long,2025-10-21 01:30,3961.730000,1,-17.990000,-0.4500,2.385000,23.230000,-245.540000
2198,Entry long,2025-10-21 00:45,3979.720000,1,-17.990000,-0.4500,2.385000,23.230000,-245.540000
2197,Exit long,2025-10-21 01:30,3961.730000,1,-14.160000,-0.3600,8.790000,23.230000,-227.550000
2197,Entry long,2025-10-21 00:30,3975.890000,1,-14.160000,-0.3600,8.790000,23.230000,-227.550000
2196,Exit short,2025-10-20 13:30,4024.510000,1,11.380000,0.2800,15.863333,7.506667,-213.390000
2196,Entry short,2025-10-20 13:00,4035.890000,1,11.380000,0.2800,15.863333,7.506667,-213.390000
2195,Exit short,2025-10-20 13:30,4024.510000,1,2.020000,0.0500,15.863333,7.506667,-224.770000
2195,Entry short,2025-10-20 12:45,4026.530000,1,2.020000,0.0500,15.863333,7.506667,-224.770000
2194,Exit short,2025-10-20 13:30,4024.510000,1,9.830000,0.2400,15.863333,7.506667,-226.790000
2194,Entry short,2025-10-20 12:30,4034.340000,1,9.830000,0.2400,15.863333,7.506667,-226.790000
2193,Exit long,2025-10-20 01:30,3946.000000,1,5.760000,0.1500,20.660000,4.080000,-236.620000
2193,Entry long,2025-10-20 01:00,3940.240000,1,5.760000,0.1500,20.660000,4.080000,-236.620000
2192,Exit long,2025-10-20 01:30,3946.000000,1,14.410000,0.3700,20.660000,4.080000,-242.380000
2192,Entry long,2025-10-20 00:45,3931.590000,1,14.410000,0.3700,20.660000,4.080000,-242.380000
2191,Exit long,2025-10-20 01:30,3946.000000,1,21.680000,0.5500,20.660000,17.430000,-256.790000
2191,Entry long,2025-10-20 00:30,3924.320000,1,21.680000,0.5500,20.660000,17.430000,-256.790000
2190,Exit short,2025-10-19 13:30,3924.090000,1,-3.230000,-0.0800,3.876667,9.143333,-278.470000
2190,Entry short,2025-10-19 13:00,3920.860000,1,-3.230000,-0.0800,3.876667,9.143333,-278.470000
2189,Exit short,2025-10-19 13:30,3924.090000,1,-10.230000,-0.2600,3.876667,9.143333,-275.240000
2189,Entry short,2025-10-19 12:45,3913.860000,1,-10.230000,-0.2600,3.876667,9.143333,-275.240000
2188,Exit short,2025-10-19 13:30,3924.090000,1,-11.240000,-0.2900,6.090000,9.143333,-265.010000
2188,Entry short,2025-10-19 12:30,3912.850000,1,-11.240000,-0.2900,6.090000,9.143333,-265.010000
2187,Exit long,2025-10-19 01:30,3869.970000,1,2.880000,0.0700,0.480000,17.210000,-253.770000
2187,Entry long,2025-10-19 01:00,3867.090000,1,2.880000,0.0700,0.480000,17.210000,-253.770000
2186,Exit long,2025-10-19 01:30,3869.970000,1,4.350000,0.1100,0.480000,17.210000,-256.650000
2186,Entry long,2025-10-19 00:45,3865.620000,1,4.350000,0.1100,0.480000,17.210000,-256.650000
2185,Exit long,2025-10-19 01:30,3869.970000,1,-9.540000,-0.2500,0.950000,19.110000,-261.000000
2185,Entry long,2025-10-19 00:30,3879.510000,1,-9.540000,-0.2500,0.950000,19.110000,-261.000000
2184,Exit short,2025-10-18 13:30,3872.160000,1,9.280000,0.2400,18.270000,2.310000,-251.460000
2184,Entry short,2025-10-18 13:00,3881.440000,1,9.280000,0.2400,18.270000,2.310000,-251.460000
2183,Exit short,2025-10-18 13:30,3872.160000,1,6.600000,0.1700,18.270000,5.340000,-260.740000
2183,Entry short,2025-10-18 12:45,3878.760000,1,6.600000,0.1700,18.270000,5.340000,-260.740000
2182,Exit short,2025-10-18 13:30,3872.160000,1,6.140000,0.1600,18.270000,5.340000,-267.340000
2182,Entry short,2025-10-18 12:30,3878.300000,1,6.140000,0.1600,18.270000,5.340000,-267.340000
2181,Exit long,2025-10-18 01:30,3872.680000,1,34.190000,0.8900,34.823333,1.256667,-273.480000
2181,Entry long,2025-10-18 01:00,3838.490000,1,34.190000,0.8900,34.823333,1.256667,-273.480000
2180,Exit long,2025-10-18 01:30,3872.680000,1,32.020000,0.8300,34.823333,6.290000,-307.670000
2180,Entry long,2025-10-18 00:45,3840.660000,1,32.020000,0.8300,34.823333,6.290000,-307.670000
2179,Exit long,2025-10-18 01:30,3872.680000,1,34.360000,0.9000,34.823333,9.420000,-339.690000
2179,Entry long,2025-10-18 00:30,3838.320000,1,34.360000,0.9000,34.823333,9.420000,-339.690000
2178,Exit short,2025-10-17 13:30,3776.850000,1,-3.160000,-0.0800,26.770000,6.350000,-374.050000
2178,Entry short,2025-10-17 13:00,3773.690000,1,-3.160000,-0.0800,26.770000,6.350000,-374.050000
2177,Exit short,2025-10-17 13:30,3776.850000,1,8.880000,0.2300,26.770000,6.350000,-370.890000
2177,Entry short,2025-10-17 12:45,3785.730000,1,8.880000,0.2300,26.770000,6.350000,-370.890000
2176,Exit short,2025-10-17 13:30,3776.850000,1,8.680000,0.2300,26.770000,12.470000,-379.770000
2176,Entry short,2025-10-17 12:30,3785.530000,1,8.680000,0.2300,26.770000,12.470000,-379.770000
2175,Exit long,2025-10-17 01:30,3928.920000,1,3.120000,0.0800,29.406667,-0.000000,-388.450000
2175,Entry long,2025-10-17 01:00,3925.800000,1,3.120000,0.0800,29.406667,-0.000000,-388.450000
2174,Exit long,2025-10-17 01:30,3928.920000,1,10.910000,0.2800,29.406667,3.080000,-391.570000
2174,Entry long,2025-10-17 00:45,3918.010000,1,10.910000,0.2800,29.406667,3.080000,-391.570000
2173,Exit long,2025-10-17 01:30,3928.920000,1,16.770000,0.4300,29.406667,5.770000,-402.480000
2173,Entry long,2025-10-17 00:30,3912.150000,1,16.770000,0.4300,29.406667,5.770000,-402.480000
2172,Exit short,2025-10-16 13:30,4043.800000,1,8.720000,0.2200,17.050000,5.510000,-419.250000
2172,Entry short,2025-10-16 13:00,4052.520000,1,8.720000,0.2200,17.050000,5.510000,-419.250000
2171,Exit short,2025-10-16 13:30,4043.800000,1,7.150000,0.1800,17.050000,11.875000,-427.970000
2171,Entry short,2025-10-16 12:45,4050.950000,1,7.150000,0.1800,17.050000,11.875000,-427.970000
2170,Exit short,2025-10-16 13:30,4043.800000,1,1.200000,0.0300,17.050000,12.970000,-435.120000
2170,Entry short,2025-10-16 12:30,4045.000000,1,1.200000,0.0300,17.050000,12.970000,-435.120000
2169,Exit long,2025-10-16 01:30,3992.240000,1,12.280000,0.3100,24.903333,5.816667,-436.320000
2169,Entry long,2025-10-16 01:00,3979.960000,1,12.280000,0.3100,24.903333,5.816667,-436.320000
2168,Exit long,2025-10-16 01:30,3992.240000,1,13.600000,0.3400,24.903333,9.085000,-448.600000
2168,Entry long,2025-10-16 00:45,3978.640000,1,13.600000,0.3400,24.903333,9.085000,-448.600000
2167,Exit long,2025-10-16 01:30,3992.240000,1,-0.610000,-0.0200,24.903333,15.850000,-462.200000
2167,Entry long,2025-10-16 00:30,3992.850000,1,-0.610000,-0.0200,24.903333,15.850000,-462.200000
2166,Exit short,2025-10-15 13:30,4074.810000,1,18.120000,0.4400,18.866667,9.073333,-461.590000
2166,Entry short,2025-10-15 13:00,4092.930000,1,18.120000,0.4400,18.866667,9.073333,-461.590000
2165,Exit short,2025-10-15 13:30,4074.810000,1,7.430000,0.1800,18.866667,14.505000,-479.710000
2165,Entry short,2025-10-15 12:45,4082.240000,1,7.430000,0.1800,18.866667,14.505000,-479.710000
2164,Exit short,2025-10-15 13:30,4074.810000,1,1.620000,0.0400,18.866667,14.505000,-487.140000
2164,Entry short,2025-10-15 12:30,4076.430000,1,1.620000,0.0400,18.866667,14.505000,-487.140000
2163,Exit long,2025-10-15 01:30,4084.620000,1,-33.120000,-0.8000,12.646667,23.573333,-488.760000
2163,Entry long,2025-10-15 01:00,4117.740000,1,-33.120000,-0.8000,12.646667,23.573333,-488.760000
2162,Exit long,2025-10-15 01:30,4084.620000,1,-16.090000,-0.3900,20.200000,23.573333,-455.640000
2162,Entry long,2025-10-15 00:45,4100.710000,1,-16.090000,-0.3900,20.200000,23.573333,-455.640000
2161,Exit long,2025-10-15 01:30,4084.620000,1,-17.670000,-0.4300,20.200000,23.573333,-439.550000
2161,Entry long,2025-10-15 00:30,4102.290000,1,-17.670000,-0.4300,20.200000,23.573333,-439.550000
2160,Exit short,2025-10-14 13:30,3945.770000,1,-6.360000,-0.1600,20.886667,10.813333,-421.880000
2160,Entry short,2025-10-14 13:00,3939.410000,1,-6.360000,-0.1600,20.886667,10.813333,-421.880000
2159,Exit short,2025-10-14 13:30,3945.770000,1,-4.810000,-0.1200,20.886667,17.795000,-415.520000
2159,Entry short,2025-10-14 12:45,3940.960000,1,-4.810000,-0.1200,20.886667,17.795000,-415.520000
2158,Exit short,2025-10-14 13:30,3945.770000,1,2.820000,0.0700,20.886667,17.795000,-410.710000
2158,Entry short,2025-10-14 12:30,3948.590000,1,2.820000,0.0700,20.886667,17.795000,-410.710000
2157,Exit long,2025-10-14 01:30,4222.640000,1,-17.630000,-0.4200,0.000000,44.606667,-413.530000
2157,Entry long,2025-10-14 01:00,4240.270000,1,-17.630000,-0.4200,0.000000,44.606667,-413.530000
2156,Exit long,2025-10-14 01:30,4222.640000,1,-24.350000,-0.5700,0.000000,44.606667,-395.900000
2156,Entry long,2025-10-14 00:45,4246.990000,1,-24.350000,-0.5700,0.000000,44.606667,-395.900000
2155,Exit long,2025-10-14 01:30,4222.640000,1,-26.320000,-0.6200,13.040000,44.606667,-371.550000
2155,Entry long,2025-10-14 00:30,4248.960000,1,-26.320000,-0.6200,13.040000,44.606667,-371.550000
2154,Exit short,2025-10-13 13:30,4100.620000,1,-4.720000,-0.1200,15.796667,10.133333,-345.230000
2154,Entry short,2025-10-13 13:00,4095.900000,1,-4.720000,-0.1200,15.796667,10.133333,-345.230000
2153,Exit short,2025-10-13 13:30,4100.620000,1,15.530000,0.3800,26.375000,12.545000,-340.510000
2153,Entry short,2025-10-13 12:45,4116.150000,1,15.530000,0.3800,26.375000,12.545000,-340.510000
2152,Exit short,2025-10-13 13:30,4100.620000,1,5.980000,0.1500,26.375000,26.210000,-356.040000
2152,Entry short,2025-10-13 12:30,4106.600000,1,5.980000,0.1500,26.375000,26.210000,-356.040000
2151,Exit long,2025-10-13 01:30,4152.620000,1,15.670000,0.3800,22.943333,13.816667,-362.020000
2151,Entry long,2025-10-13 01:00,4136.950000,1,15.670000,0.3800,22.943333,13.816667,-362.020000
2150,Exit long,2025-10-13 01:30,4152.620000,1,22.590000,0.5500,22.943333,16.700000,-377.690000
2150,Entry long,2025-10-13 00:45,4130.030000,1,22.590000,0.5500,22.943333,16.700000,-377.690000
2149,Exit long,2025-10-13 01:30,4152.620000,1,6.150000,0.1500,22.943333,22.900000,-400.280000
2149,Entry long,2025-10-13 00:30,4146.470000,1,6.150000,0.1500,22.943333,22.900000,-400.280000
2148,Exit short,2025-10-12 13:30,3812.790000,1,17.180000,0.4500,34.170000,-0.000000,-406.430000
2148,Entry short,2025-10-12 13:00,3829.970000,1,17.180000,0.4500,34.170000,-0.000000,-406.430000
2147,Exit short,2025-10-12 13:30,3812.790000,1,17.860000,0.4700,34.170000,-0.000000,-423.610000
2147,Entry short,2025-10-12 12:45,3830.650000,1,17.860000,0.4700,34.170000,-0.000000,-423.610000
2146,Exit short,2025-10-12 13:30,3812.790000,1,27.810000,0.7200,34.170000,4.200000,-441.470000
2146,Entry short,2025-10-12 12:30,3840.600000,1,27.810000,0.7200,34.170000,4.200000,-441.470000
2145,Exit long,2025-10-12 01:30,3719.320000,1,19.530000,0.5300,24.556667,20.843333,-469.280000
2145,Entry long,2025-10-12 01:00,3699.790000,1,19.530000,0.5300,24.556667,20.843333,-469.280000
2144,Exit long,2025-10-12 01:30,3719.320000,1,-5.240000,-0.1400,24.556667,28.210000,-488.810000
2144,Entry long,2025-10-12 00:45,3724.560000,1,-5.240000,-0.1400,24.556667,28.210000,-488.810000
2143,Exit long,2025-10-12 01:30,3719.320000,1,1.540000,0.0400,45.020000,28.210000,-483.570000
2143,Entry long,2025-10-12 00:30,3717.780000,1,1.540000,0.0400,45.020000,28.210000,-483.570000
2142,Exit short,2025-10-11 13:30,3818.800000,1,2.710000,0.0700,21.156667,-0.000000,-485.110000
2142,Entry short,2025-10-11 13:00,3821.510000,1,2.710000,0.0700,21.156667,-0.000000,-485.110000
2141,Exit short,2025-10-11 13:30,3818.800000,1,4.220000,0.1100,29.250000,-0.000000,-487.820000
2141,Entry short,2025-10-11 12:45,3823.020000,1,4.220000,0.1100,29.250000,-0.000000,-487.820000
2140,Exit short,2025-10-11 13:30,3818.800000,1,24.980000,0.6500,29.250000,-0.000000,-492.040000
2140,Entry short,2025-10-11 12:30,3843.780000,1,24.980000,0.6500,29.250000,-0.000000,-492.040000
2139,Exit long,2025-10-11 01:30,3763.460000,1,-70.070000,-1.8300,0.000000,84.803333,-517.020000
2139,Entry long,2025-10-11 01:00,3833.530000,1,-70.070000,-1.8300,0.000000,84.803333,-517.020000
2138,Exit long,2025-10-11 01:30,3763.460000,1,-76.440000,-1.9900,26.065000,84.803333,-446.950000
2138,Entry long,2025-10-11 00:45,3839.900000,1,-76.440000,-1.9900,26.065000,84.803333,-446.950000
2137,Exit long,2025-10-11 01:30,3763.460000,1,-80.390000,-2.0900,26.065000,84.803333,-370.510000
2137,Entry long,2025-10-11 00:30,3843.850000,1,-80.390000,-2.0900,26.065000,84.803333,-370.510000
2136,Exit short,2025-10-10 13:30,4362.970000,1,-16.540000,-0.3800,0.000000,25.036667,-290.120000
2136,Entry short,2025-10-10 13:00,4346.430000,1,-16.540000,-0.3800,0.000000,25.036667,-290.120000
2135,Exit short,2025-10-10 13:30,4362.970000,1,-26.190000,-0.6000,4.180000,25.036667,-273.580000
2135,Entry short,2025-10-10 12:45,4336.780000,1,-26.190000,-0.6000,4.180000,25.036667,-273.580000
2134,Exit short,2025-10-10 13:30,4362.970000,1,-20.290000,-0.4700,5.900000,25.036667,-247.390000
2134,Entry short,2025-10-10 12:30,4342.680000,1,-20.290000,-0.4700,5.900000,25.036667,-247.390000
2133,Exit long,2025-10-10 01:30,4390.570000,1,11.650000,0.2700,13.493333,3.376667,-227.100000
2133,Entry long,2025-10-10 01:00,4378.920000,1,11.650000,0.2700,13.493333,3.376667,-227.100000
2132,Exit long,2025-10-10 01:30,4390.570000,1,15.060000,0.3400,13.493333,7.950000,-238.750000
2132,Entry long,2025-10-10 00:45,4375.510000,1,15.060000,0.3400,13.493333,7.950000,-238.750000
2131,Exit long,2025-10-10 01:30,4390.570000,1,9.480000,0.2200,13.493333,7.950000,-253.810000
2131,Entry long,2025-10-10 00:30,4381.090000,1,9.480000,0.2200,13.493333,7.950000,-253.810000
2130,Exit short,2025-10-09 13:30,4396.570000,1,5.430000,0.1200,11.300000,9.690000,-263.290000
2130,Entry short,2025-10-09 13:00,4402.000000,1,5.430000,0.1200,11.300000,9.690000,-263.290000
2129,Exit short,2025-10-09 13:30,4396.570000,1,6.220000,0.1400,11.300000,15.205000,-268.720000
2129,Entry short,2025-10-09 12:45,4402.790000,1,6.220000,0.1400,11.300000,15.205000,-268.720000
2128,Exit short,2025-10-09 13:30,4396.570000,1,-14.770000,-0.3400,11.300000,29.660000,-274.940000
2128,Entry short,2025-10-09 12:30,4381.800000,1,-14.770000,-0.3400,11.300000,29.660000,-274.940000
2127,Exit long,2025-10-09 01:30,4479.700000,1,-29.310000,-0.6500,0.000000,43.826667,-260.170000
2127,Entry long,2025-10-09 01:00,4509.010000,1,-29.310000,-0.6500,0.000000,43.826667,-260.170000
2126,Exit long,2025-10-09 01:30,4479.700000,1,-33.520000,-0.7400,4.395000,43.826667,-230.860000
2126,Entry long,2025-10-09 00:45,4513.220000,1,-33.520000,-0.7400,4.395000,43.826667,-230.860000
2125,Exit long,2025-10-09 01:30,4479.700000,1,-37.630000,-0.8300,4.395000,43.826667,-197.340000
2125,Entry long,2025-10-09 00:30,4517.330000,1,-37.630000,-0.8300,4.395000,43.826667,-197.340000
2124,Exit short,2025-10-08 13:30,4474.410000,1,1.930000,0.0400,11.293333,8.976667,-159.710000
2124,Entry short,2025-10-08 13:00,4476.340000,1,1.930000,0.0400,11.293333,8.976667,-159.710000
2123,Exit short,2025-10-08 13:30,4474.410000,1,5.940000,0.1300,12.570000,8.976667,-161.640000
2123,Entry short,2025-10-08 12:45,4480.350000,1,5.940000,0.1300,12.570000,8.976667,-161.640000
2122,Exit short,2025-10-08 13:30,4474.410000,1,3.780000,0.0800,12.570000,8.976667,-167.580000
2122,Entry short,2025-10-08 12:30,4478.190000,1,3.780000,0.0800,12.570000,8.976667,-167.580000
2121,Exit long,2025-10-08 01:30,4477.630000,1,8.330000,0.1900,21.803333,8.096667,-171.360000
2121,Entry long,2025-10-08 01:00,4469.300000,1,8.330000,0.1900,21.803333,8.096667,-171.360000
2120,Exit long,2025-10-08 01:30,4477.630000,1,9.590000,0.2100,21.803333,8.096667,-179.690000
2120,Entry long,2025-10-08 00:45,4468.040000,1,9.590000,0.2100,21.803333,8.096667,-179.690000
2119,Exit long,2025-10-08 01:30,4477.630000,1,23.580000,0.5300,21.803333,22.900000,-189.280000
2119,Entry long,2025-10-08 00:30,4454.050000,1,23.580000,0.5300,21.803333,22.900000,-189.280000
2118,Exit short,2025-10-07 13:30,4751.850000,1,-5.850000,-0.1200,0.000000,37.430000,-212.860000
2118,Entry short,2025-10-07 13:00,4746.000000,1,-5.850000,-0.1200,0.000000,37.430000,-212.860000
2117,Exit short,2025-10-07 13:30,4751.850000,1,-47.390000,-1.0100,0.000000,44.145000,-207.010000
2117,Entry short,2025-10-07 12:45,4704.460000,1,-47.390000,-1.0100,0.000000,44.145000,-207.010000
2116,Exit short,2025-10-07 13:30,4751.850000,1,-52.600000,-1.1200,5.980000,44.145000,-159.620000
2116,Entry short,2025-10-07 12:30,4699.250000,1,-52.600000,-1.1200,5.980000,44.145000,-159.620000
2115,Exit long,2025-10-07 01:30,4677.130000,1,-0.880000,-0.0200,20.300000,17.660000,-107.020000
2115,Entry long,2025-10-07 01:00,4678.010000,1,-0.880000,-0.0200,20.300000,17.660000,-107.020000
2114,Exit long,2025-10-07 01:30,4677.130000,1,-3.330000,-0.0700,20.300000,17.660000,-106.140000
2114,Entry long,2025-10-07 00:45,4680.460000,1,-3.330000,-0.0700,20.300000,17.660000,-106.140000
2113,Exit long,2025-10-07 01:30,4677.130000,1,2.530000,0.0500,20.300000,17.660000,-102.810000
2113,Entry long,2025-10-07 00:30,4674.600000,1,2.530000,0.0500,20.300000,17.660000,-102.810000
2112,Exit short,2025-10-06 13:30,4588.780000,1,-9.770000,-0.2100,4.070000,22.190000,-105.340000
2112,Entry short,2025-10-06 13:00,4579.010000,1,-9.770000,-0.2100,4.070000,22.190000,-105.340000
2111,Exit short,2025-10-06 13:30,4588.780000,1,-13.770000,-0.3000,5.230000,22.190000,-95.570000
2111,Entry short,2025-10-06 12:45,4575.010000,1,-13.770000,-0.3000,5.230000,22.190000,-95.570000
2110,Exit short,2025-10-06 13:30,4588.780000,1,-5.770000,-0.1300,10.340000,22.190000,-81.800000
2110,Entry short,2025-10-06 12:30,4583.010000,1,-5.770000,-0.1300,10.340000,22.190000,-81.800000
2109,Exit long,2025-10-06 01:30,4528.740000,1,30.950000,0.6900,23.946667,19.313333,-76.030000
2109,Entry long,2025-10-06 01:00,4497.790000,1,30.950000,0.6900,23.946667,19.313333,-76.030000
2108,Exit long,2025-10-06 01:30,4528.740000,1,17.100000,0.3800,23.946667,26.295000,-106.980000
2108,Entry long,2025-10-06 00:45,4511.640000,1,17.100000,0.3800,23.946667,26.295000,-106.980000
2107,Exit long,2025-10-06 01:30,4528.740000,1,15.690000,0.3500,23.946667,26.295000,-124.080000
2107,Entry long,2025-10-06 00:30,4513.050000,1,15.690000,0.3500,23.946667,26.295000,-124.080000
2106,Exit short,2025-10-05 13:30,4537.630000,1,-7.630000,-0.1700,5.260000,4.910000,-139.770000
2106,Entry short,2025-10-05 13:00,4530.000000,1,-7.630000,-0.1700,5.260000,4.910000,-139.770000
2105,Exit short,2025-10-05 13:30,4537.630000,1,-4.460000,-0.1000,9.335000,4.910000,-132.140000
2105,Entry short,2025-10-05 12:45,4533.170000,1,-4.460000,-0.1000,9.335000,4.910000,-132.140000
2104,Exit short,2025-10-05 13:30,4537.630000,1,3.870000,0.0900,11.420000,5.800000,-127.680000
2104,Entry short,2025-10-05 12:30,4541.500000,1,3.870000,0.0900,11.420000,5.800000,-127.680000
2103,Exit long,2025-10-05 01:30,4477.450000,1,7.860000,0.1800,1.773333,10.676667,-131.550000
2103,Entry long,2025-10-05 01:00,4469.590000,1,7.860000,0.1800,1.773333,10.676667,-131.550000
2102,Exit long,2025-10-05 01:30,4477.450000,1,-0.440000,-0.0100,1.773333,19.485000,-139.410000
2102,Entry long,2025-10-05 00:45,4477.890000,1,-0.440000,-0.0100,1.773333,19.485000,-139.410000
2101,Exit long,2025-10-05 01:30,4477.450000,1,-13.650000,-0.3000,1.773333,19.485000,-138.970000
2101,Entry long,2025-10-05 00:30,4491.100000,1,-13.650000,-0.3000,1.773333,19.485000,-138.970000
2100,Exit short,2025-10-04 13:30,4495.990000,1,-17.940000,-0.4000,4.420000,26.210000,-125.320000
2100,Entry short,2025-10-04 13:00,4478.050000,1,-17.940000,-0.4000,4.420000,26.210000,-125.320000
2099,Exit short,2025-10-04 13:30,4495.990000,1,-11.290000,-0.2500,6.070000,26.210000,-107.380000
2099,Entry short,2025-10-04 12:45,4484.700000,1,-11.290000,-0.2500,6.070000,26.210000,-107.380000
2098,Exit short,2025-10-04 13:30,4495.990000,1,-14.390000,-0.3200,6.070000,26.210000,-96.090000
2098,Entry short,2025-10-04 12:30,4481.600000,1,-14.390000,-0.3200,6.070000,26.210000,-96.090000
2097,Exit long,2025-10-04 01:30,4485.400000,1,-14.600000,-0.3200,3.056667,12.723333,-81.700000
2097,Entry long,2025-10-04 01:00,4500.000000,1,-14.600000,-0.3200,3.056667,12.723333,-81.700000
2096,Exit long,2025-10-04 01:30,4485.400000,1,-12.020000,-0.2700,5.350000,12.723333,-67.100000
2096,Entry long,2025-10-04 00:45,4497.420000,1,-12.020000,-0.2700,5.350000,12.723333,-67.100000
2095,Exit long,2025-10-04 01:30,4485.400000,1,-10.320000,-0.2300,7.960000,12.723333,-55.080000
2095,Entry long,2025-10-04 00:30,4495.720000,1,-10.320000,-0.2300,7.960000,12.723333,-55.080000
2094,Exit short,2025-10-03 13:30,4489.520000,1,-8.940000,-0.2000,31.883333,14.186667,-44.760000
2094,Entry short,2025-10-03 13:00,4480.580000,1,-8.940000,-0.2000,31.883333,14.186667,-44.760000
2093,Exit short,2025-10-03 13:30,4489.520000,1,-7.770000,-0.1700,31.883333,14.186667,-35.820000
2093,Entry short,2025-10-03 12:45,4481.750000,1,-7.770000,-0.1700,31.883333,14.186667,-35.820000
2092,Exit short,2025-10-03 13:30,4489.520000,1,-17.660000,-0.3900,31.883333,18.590000,-28.050000
2092,Entry short,2025-10-03 12:30,4471.860000,1,-17.660000,-0.3900,31.883333,18.590000,-28.050000
2091,Exit long,2025-10-03 01:30,4466.600000,1,0.110000,0.0000,9.230000,9.660000,-10.390000
2091,Entry long,2025-10-03 01:00,4466.490000,1,0.110000,0.0000,9.230000,9.660000,-10.390000
2090,Exit long,2025-10-03 01:30,4466.600000,1,-0.290000,-0.0100,9.230000,9.660000,-10.500000
2090,Entry long,2025-10-03 00:45,4466.890000,1,-0.290000,-0.0100,9.230000,9.660000,-10.500000
2089,Exit long,2025-10-03 01:30,4466.600000,1,-6.030000,-0.1300,9.230000,9.660000,-10.210000
2089,Entry long,2025-10-03 00:30,4472.630000,1,-6.030000,-0.1300,9.230000,9.660000,-10.210000
2088,Exit short,2025-10-02 13:30,4391.440000,1,12.370000,0.2800,17.710000,22.250000,-4.180000
2088,Entry short,2025-10-02 13:00,4403.810000,1,12.370000,0.2800,17.710000,22.250000,-4.180000
2087,Exit short,2025-10-02 13:30,4391.440000,1,-0.940000,-0.0200,17.710000,22.250000,-16.550000
2087,Entry short,2025-10-02 12:45,4390.500000,1,-0.940000,-0.0200,17.710000,22.250000,-16.550000
2086,Exit short,2025-10-02 13:30,4391.440000,1,-1.620000,-0.0400,17.710000,22.250000,-15.610000
2086,Entry short,2025-10-02 12:30,4389.820000,1,-1.620000,-0.0400,17.710000,22.250000,-15.610000
2085,Exit long,2025-10-02 01:30,4349.120000,1,15.950000,0.3700,15.670000,11.130000,-13.990000
2085,Entry long,2025-10-02 01:00,4333.170000,1,15.950000,0.3700,15.670000,11.130000,-13.990000
2084,Exit long,2025-10-02 01:30,4349.120000,1,13.060000,0.3000,15.670000,14.195000,-29.940000
2084,Entry long,2025-10-02 00:45,4336.060000,1,13.060000,0.3000,15.670000,14.195000,-29.940000
2083,Exit long,2025-10-02 01:30,4349.120000,1,-5.370000,-0.1200,15.670000,20.180000,-43.000000
2083,Entry long,2025-10-02 00:30,4354.490000,1,-5.370000,-0.1200,15.670000,20.180000,-43.000000
2082,Exit short,2025-10-01 13:30,4293.670000,1,-11.300000,-0.2600,15.373333,5.426667,-37.630000
2082,Entry short,2025-10-01 13:00,4282.370000,1,-11.300000,-0.2600,15.373333,5.426667,-37.630000
2081,Exit short,2025-10-01 13:30,4293.670000,1,-4.910000,-0.1100,21.445000,5.426667,-26.330000
2081,Entry short,2025-10-01 12:45,4288.760000,1,-4.910000,-0.1100,21.445000,5.426667,-26.330000
2080,Exit short,2025-10-01 13:30,4293.670000,1,12.920000,0.3000,21.445000,5.426667,-21.420000
2080,Entry short,2025-10-01 12:30,4306.590000,1,12.920000,0.3000,21.445000,5.426667,-21.420000
2079,Exit long,2025-10-01 01:30,4151.010000,1,4.360000,0.1100,23.940000,-0.000000,-34.340000
2079,Entry long,2025-10-01 01:00,4146.650000,1,4.360000,0.1100,23.940000,-0.000000,-34.340000
2078,Exit long,2025-10-01 01:30,4151.010000,1,26.650000,0.6500,23.940000,6.870000,-38.700000
2078,Entry long,2025-10-01 00:45,4124.360000,1,26.650000,0.6500,23.940000,6.870000,-38.700000
2077,Exit long,2025-10-01 01:30,4151.010000,1,20.410000,0.4900,23.940000,7.790000,-65.350000
2077,Entry long,2025-10-01 00:30,4130.600000,1,20.410000,0.4900,23.940000,7.790000,-65.350000
2076,Exit short,2025-09-30 13:30,4164.770000,1,-8.620000,-0.2100,16.020000,1.750000,-85.760000
2076,Entry short,2025-09-30 13:00,4156.150000,1,-8.620000,-0.2100,16.020000,1.750000,-85.760000
2075,Exit short,2025-09-30 13:30,4164.770000,1,2.730000,0.0700,16.020000,1.750000,-77.140000
2075,Entry short,2025-09-30 12:45,4167.500000,1,2.730000,0.0700,16.020000,1.750000,-77.140000
2074,Exit short,2025-09-30 13:30,4164.770000,1,0.640000,0.0200,16.020000,8.590000,-79.870000
2074,Entry short,2025-09-30 12:30,4165.410000,1,0.640000,0.0200,16.020000,8.590000,-79.870000
2073,Exit long,2025-09-30 01:30,4210.000000,1,6.290000,0.1500,19.923333,7.556667,-80.510000
2073,Entry long,2025-09-30 01:00,4203.710000,1,6.290000,0.1500,19.923333,7.556667,-80.510000
2072,Exit long,2025-09-30 01:30,4210.000000,1,-6.800000,-0.1600,40.030000,10.830000,-86.800000
2072,Entry long,2025-09-30 00:45,4216.800000,1,-6.800000,-0.1600,40.030000,10.830000,-86.800000
2071,Exit long,2025-09-30 01:30,4210.000000,1,13.120000,0.3100,40.030000,10.830000,-80.000000
2071,Entry long,2025-09-30 00:30,4196.880000,1,13.120000,0.3100,40.030000,10.830000,-80.000000
2070,Exit short,2025-09-29 13:30,4106.980000,1,-11.110000,-0.2700,24.926667,6.033333,-93.120000
2070,Entry short,2025-09-29 13:00,4095.870000,1,-11.110000,-0.2700,24.926667,6.033333,-93.120000
2069,Exit short,2025-09-29 13:30,4106.980000,1,-4.910000,-0.1200,24.926667,6.033333,-82.010000
2069,Entry short,2025-09-29 12:45,4102.070000,1,-4.910000,-0.1200,24.926667,6.033333,-82.010000
2068,Exit short,2025-09-29 13:30,4106.980000,1,9.860000,0.2400,24.926667,11.160000,-77.100000
2068,Entry short,2025-09-29 12:30,4116.840000,1,9.860000,0.2400,24.926667,11.160000,-77.100000
2067,Exit long,2025-09-29 01:30,4117.940000,1,-7.500000,-0.1800,6.090000,15.010000,-86.960000
2067,Entry long,2025-09-29 01:00,4125.440000,1,-7.500000,-0.1800,6.090000,15.010000,-86.960000
2066,Exit long,2025-09-29 01:30,4117.940000,1,-8.600000,-0.2100,6.090000,15.010000,-79.460000
2066,Entry long,2025-09-29 00:45,4126.540000,1,-8.600000,-0.2100,6.090000,15.010000,-79.460000
2065,Exit long,2025-09-29 01:30,4117.940000,1,-19.330000,-0.4700,6.090000,16.580000,-70.860000
2065,Entry long,2025-09-29 00:30,4137.270000,1,-19.330000,-0.4700,6.090000,16.580000,-70.860000
2064,Exit short,2025-09-28 13:30,3996.450000,1,-20.440000,-0.5100,2.086667,26.253333,-51.530000
2064,Entry short,2025-09-28 13:00,3976.010000,1,-20.440000,-0.5100,2.086667,26.253333,-51.530000
2063,Exit short,2025-09-28 13:30,3996.450000,1,-26.710000,-0.6700,14.145000,26.253333,-31.090000
2063,Entry short,2025-09-28 12:45,3969.740000,1,-26.710000,-0.6700,14.145000,26.253333,-31.090000
2062,Exit short,2025-09-28 13:30,3996.450000,1,-8.960000,-0.2200,24.390000,26.253333,-4.380000
2062,Entry short,2025-09-28 12:30,3987.490000,1,-8.960000,-0.2200,24.390000,26.253333,-4.380000
2061,Exit long,2025-09-28 01:30,4005.070000,1,-9.650000,-0.2400,0.000000,20.110000,4.580000
2061,Entry long,2025-09-28 01:00,4014.720000,1,-9.650000,-0.2400,0.000000,20.110000,4.580000
2060,Exit long,2025-09-28 01:30,4005.070000,1,-17.940000,-0.4500,0.000000,20.110000,14.230000
2060,Entry long,2025-09-28 00:45,4023.010000,1,-17.940000,-0.4500,0.000000,20.110000,14.230000
2059,Exit long,2025-09-28 01:30,4005.070000,1,-22.630000,-0.5600,2.850000,20.110000,32.170000
2059,Entry long,2025-09-28 00:30,4027.700000,1,-22.630000,-0.5600,2.850000,20.110000,32.170000
2058,Exit short,2025-09-27 13:30,4019.290000,1,7.910000,0.2000,0.000000,19.786667,54.800000
2058,Entry short,2025-09-27 13:00,4027.200000,1,7.910000,0.2000,0.000000,19.786667,54.800000
2057,Exit short,2025-09-27 13:30,4019.290000,1,-10.760000,-0.2700,0.000000,35.985000,46.890000
2057,Entry short,2025-09-27 12:45,4008.530000,1,-10.760000,-0.2700,0.000000,35.985000,46.890000
2056,Exit short,2025-09-27 13:30,4019.290000,1,-22.550000,-0.5600,1.690000,35.985000,57.650000
2056,Entry short,2025-09-27 12:30,3996.740000,1,-22.550000,-0.5600,1.690000,35.985000,57.650000
2055,Exit long,2025-09-27 01:30,4013.020000,1,-11.990000,-0.3000,3.576667,22.123333,80.200000
2055,Entry long,2025-09-27 01:00,4025.010000,1,-11.990000,-0.3000,3.576667,22.123333,80.200000
2054,Exit long,2025-09-27 01:30,4013.020000,1,-7.150000,-0.1800,3.576667,22.123333,92.190000
2054,Entry long,2025-09-27 00:45,4020.170000,1,-7.150000,-0.1800,3.576667,22.123333,92.190000
2053,Exit long,2025-09-27 01:30,4013.020000,1,-13.570000,-0.3400,4.610000,22.123333,99.340000
2053,Entry long,2025-09-27 00:30,4026.590000,1,-13.570000,-0.3400,4.610000,22.123333,99.340000
2052,Exit short,2025-09-26 13:30,3913.690000,1,21.650000,0.5500,21.133333,10.296667,112.910000
2052,Entry short,2025-09-26 13:00,3935.340000,1,21.650000,0.5500,21.133333,10.296667,112.910000
2051,Exit short,2025-09-26 13:30,3913.690000,1,33.170000,0.8400,21.133333,24.900000,91.260000
2051,Entry short,2025-09-26 12:45,3946.860000,1,33.170000,0.8400,21.133333,24.900000,91.260000
2050,Exit short,2025-09-26 13:30,3913.690000,1,-11.490000,-0.2900,21.133333,58.800000,58.090000
2050,Entry short,2025-09-26 12:30,3902.200000,1,-11.490000,-0.2900,21.133333,58.800000,58.090000
2049,Exit long,2025-09-26 01:30,3927.780000,1,-3.000000,-0.0800,41.750000,-0.000000,69.580000
2049,Entry long,2025-09-26 01:00,3930.780000,1,-3.000000,-0.0800,41.750000,-0.000000,69.580000
2048,Exit long,2025-09-26 01:30,3927.780000,1,54.820000,1.4200,50.540000,21.310000,72.580000
2048,Entry long,2025-09-26 00:45,3872.960000,1,54.820000,1.4200,50.540000,21.310000,72.580000
2047,Exit long,2025-09-26 01:30,3927.780000,1,26.120000,0.6700,50.540000,29.850000,17.760000
2047,Entry long,2025-09-26 00:30,3901.660000,1,26.120000,0.6700,50.540000,29.850000,17.760000
2046,Exit short,2025-09-25 13:30,4001.360000,1,-24.170000,-0.6100,17.476667,35.413333,-8.360000
2046,Entry short,2025-09-25 13:00,3977.190000,1,-24.170000,-0.6100,17.476667,35.413333,-8.360000
2045,Exit short,2025-09-25 13:30,4001.360000,1,-6.970000,-0.1700,17.476667,35.413333,15.810000
2045,Entry short,2025-09-25 12:45,3994.390000,1,-6.970000,-0.1700,17.476667,35.413333,15.810000
2044,Exit short,2025-09-25 13:30,4001.360000,1,-61.180000,-1.5500,17.476667,64.310000,22.780000
2044,Entry short,2025-09-25 12:30,3940.180000,1,-61.180000,-1.5500,17.476667,64.310000,22.780000
2043,Exit long,2025-09-25 01:30,4107.210000,1,-19.520000,-0.4700,0.000000,40.233333,83.960000
2043,Entry long,2025-09-25 01:00,4126.730000,1,-19.520000,-0.4700,0.000000,40.233333,83.960000
2042,Exit long,2025-09-25 01:30,4107.210000,1,-32.540000,-0.7900,3.610000,40.233333,103.480000
2042,Entry long,2025-09-25 00:45,4139.750000,1,-32.540000,-0.7900,3.610000,40.233333,103.480000
2041,Exit long,2025-09-25 01:30,4107.210000,1,-29.820000,-0.7200,12.310000,40.233333,136.020000
2041,Entry long,2025-09-25 00:30,4137.030000,1,-29.820000,-0.7200,12.310000,40.233333,136.020000
2040,Exit short,2025-09-24 13:30,4172.940000,1,5.410000,0.1300,7.636667,5.403333,165.840000
2040,Entry short,2025-09-24 13:00,4178.350000,1,5.410000,0.1300,7.636667,5.403333,165.840000
2039,Exit short,2025-09-24 13:30,4172.940000,1,8.570000,0.2000,7.636667,7.195000,160.430000
2039,Entry short,2025-09-24 12:45,4181.510000,1,8.570000,0.2000,7.636667,7.195000,160.430000
2038,Exit short,2025-09-24 13:30,4172.940000,1,2.540000,0.0600,7.636667,8.800000,151.860000
2038,Entry short,2025-09-24 12:30,4175.480000,1,2.540000,0.0600,7.636667,8.800000,151.860000
2037,Exit long,2025-09-24 01:30,4187.850000,1,15.720000,0.3800,10.696667,11.183333,149.320000
2037,Entry long,2025-09-24 01:00,4172.130000,1,15.720000,0.3800,10.696667,11.183333,149.320000
2036,Exit long,2025-09-24 01:30,4187.850000,1,10.550000,0.2500,10.696667,11.183333,133.600000
2036,Entry long,2025-09-24 00:45,4177.300000,1,10.550000,0.2500,10.696667,11.183333,133.600000
2035,Exit long,2025-09-24 01:30,4187.850000,1,4.380000,0.1000,10.696667,11.740000,123.050000
2035,Entry long,2025-09-24 00:30,4183.470000,1,4.380000,0.1000,10.696667,11.740000,123.050000
2034,Exit short,2025-09-23 13:30,4194.310000,1,-1.140000,-0.0300,5.970000,5.810000,118.670000
2034,Entry short,2025-09-23 13:00,4193.170000,1,-1.140000,-0.0300,5.970000,5.810000,118.670000
2033,Exit short,2025-09-23 13:30,4194.310000,1,1.860000,0.0400,5.970000,12.790000,119.810000
2033,Entry short,2025-09-23 12:45,4196.170000,1,1.860000,0.0400,5.970000,12.790000,119.810000
2032,Exit short,2025-09-23 13:30,4194.310000,1,-10.200000,-0.2400,5.970000,13.210000,117.950000
2032,Entry short,2025-09-23 12:30,4184.110000,1,-10.200000,-0.2400,5.970000,13.210000,117.950000
2031,Exit long,2025-09-23 01:30,4195.970000,1,6.060000,0.1400,1.390000,23.270000,128.150000
2031,Entry long,2025-09-23 01:00,4189.910000,1,6.060000,0.1400,1.390000,23.270000,128.150000
2030,Exit long,2025-09-23 01:30,4195.970000,1,2.450000,0.0600,1.390000,23.270000,122.090000
2030,Entry long,2025-09-23 00:45,4193.520000,1,2.450000,0.0600,1.390000,23.270000,122.090000
2029,Exit long,2025-09-23 01:30,4195.970000,1,-9.650000,-0.2300,3.980000,23.270000,119.640000
2029,Entry long,2025-09-23 00:30,4205.620000,1,-9.650000,-0.2300,3.980000,23.270000,119.640000
2028,Exit short,2025-09-22 13:30,4201.110000,1,-10.750000,-0.2600,0.000000,31.836667,129.290000
2028,Entry short,2025-09-22 13:00,4190.360000,1,-10.750000,-0.2600,0.000000,31.836667,129.290000
2027,Exit short,2025-09-22 13:30,4201.110000,1,-23.080000,-0.5500,3.130000,31.836667,140.040000
2027,Entry short,2025-09-22 12:45,4178.030000,1,-23.080000,-0.5500,3.130000,31.836667,140.040000
2026,Exit short,2025-09-22 13:30,4201.110000,1,-19.260000,-0.4600,9.980000,31.836667,163.120000
2026,Entry short,2025-09-22 12:30,4181.850000,1,-19.260000,-0.4600,9.980000,31.836667,163.120000
2025,Exit long,2025-09-22 01:30,4337.690000,1,4.250000,0.1000,0.000000,47.016667,182.380000
2025,Entry long,2025-09-22 01:00,4333.440000,1,4.250000,0.1000,0.000000,47.016667,182.380000
2024,Exit long,2025-09-22 01:30,4337.690000,1,-21.310000,-0.4900,0.000000,73.765000,178.130000
2024,Entry long,2025-09-22 00:45,4359.000000,1,-21.310000,-0.4900,0.000000,73.765000,178.130000
2023,Exit long,2025-09-22 01:30,4337.690000,1,-87.600000,-1.9800,0.000000,81.440000,199.440000
2023,Entry long,2025-09-22 00:30,4425.290000,1,-87.600000,-1.9800,0.000000,81.440000,199.440000
2022,Exit short,2025-09-21 13:30,4468.860000,1,-3.700000,-0.0800,1.550000,5.200000,287.040000
2022,Entry short,2025-09-21 13:00,4465.160000,1,-3.700000,-0.0800,1.550000,5.200000,287.040000
2021,Exit short,2025-09-21 13:30,4468.860000,1,-5.860000,-0.1300,5.865000,5.200000,290.740000
2021,Entry short,2025-09-21 12:45,4463.000000,1,-5.860000,-0.1300,5.865000,5.200000,290.740000
2020,Exit short,2025-09-21 13:30,4468.860000,1,-1.270000,-0.0300,5.865000,5.200000,296.600000
2020,Entry short,2025-09-21 12:30,4467.590000,1,-1.270000,-0.0300,5.865000,5.200000,296.600000
2019,Exit long,2025-09-21 01:30,4483.770000,1,-1.180000,-0.0300,6.723333,-0.000000,297.870000
2019,Entry long,2025-09-21 01:00,4484.950000,1,-1.180000,-0.0300,6.723333,-0.000000,297.870000
2018,Exit long,2025-09-21 01:30,4483.770000,1,2.770000,0.0600,9.740000,-0.000000,299.050000
2018,Entry long,2025-09-21 00:45,4481.000000,1,2.770000,0.0600,9.740000,-0.000000,299.050000
2017,Exit long,2025-09-21 01:30,4483.770000,1,8.890000,0.2000,9.740000,2.770000,296.280000
2017,Entry long,2025-09-21 00:30,4474.880000,1,8.890000,0.2000,9.740000,2.770000,296.280000
2016,Exit short,2025-09-20 13:30,4467.020000,1,-3.080000,-0.0700,1.950000,4.550000,287.390000
2016,Entry short,2025-09-20 13:00,4463.940000,1,-3.080000,-0.0700,1.950000,4.550000,287.390000
2015,Exit short,2025-09-20 13:30,4467.020000,1,-4.960000,-0.1100,1.950000,4.550000,290.470000
2015,Entry short,2025-09-20 12:45,4462.060000,1,-4.960000,-0.1100,1.950000,4.550000,290.470000
2014,Exit short,2025-09-20 13:30,4467.020000,1,-2.670000,-0.0600,2.640000,4.550000,295.430000
2014,Entry short,2025-09-20 12:30,4464.350000,1,-2.670000,-0.0600,2.640000,4.550000,295.430000
2013,Exit long,2025-09-20 01:30,4468.270000,1,-5.410000,-0.1200,5.553333,5.316667,298.100000
2013,Entry long,2025-09-20 01:00,4473.680000,1,-5.410000,-0.1200,5.553333,5.316667,298.100000
2012,Exit long,2025-09-20 01:30,4468.270000,1,-2.730000,-0.0600,7.860000,5.316667,303.510000
2012,Entry long,2025-09-20 00:45,4471.000000,1,-2.730000,-0.0600,7.860000,5.316667,303.510000
2011,Exit long,2025-09-20 01:30,4468.270000,1,7.610000,0.1700,10.930000,5.316667,306.240000
2011,Entry long,2025-09-20 00:30,4460.660000,1,7.610000,0.1700,10.930000,5.316667,306.240000
2010,Exit short,2025-09-19 13:30,4523.000000,1,-6.710000,-0.1500,0.000000,18.286667,298.630000
2010,Entry short,2025-09-19 13:00,4516.290000,1,-6.710000,-0.1500,0.000000,18.286667,298.630000
2009,Exit short,2025-09-19 13:30,4523.000000,1,-6.210000,-0.1400,0.695000,18.286667,305.340000
2009,Entry short,2025-09-19 12:45,4516.790000,1,-6.210000,-0.1400,0.695000,18.286667,305.340000
2008,Exit short,2025-09-19 13:30,4523.000000,1,-11.940000,-0.2600,4.060000,18.286667,311.550000
2008,Entry short,2025-09-19 12:30,4511.060000,1,-11.940000,-0.2600,4.060000,18.286667,311.550000
2007,Exit long,2025-09-19 01:30,4615.000000,1,7.520000,0.1600,11.573333,7.926667,323.490000
2007,Entry long,2025-09-19 01:00,4607.480000,1,7.520000,0.1600,11.573333,7.926667,323.490000
2006,Exit long,2025-09-19 01:30,4615.000000,1,7.140000,0.1500,11.573333,7.926667,315.970000
2006,Entry long,2025-09-19 00:45,4607.860000,1,7.140000,0.1500,11.573333,7.926667,315.970000
2005,Exit long,2025-09-19 01:30,4615.000000,1,17.060000,0.3700,13.060000,7.926667,308.830000
2005,Entry long,2025-09-19 00:30,4597.940000,1,17.060000,0.3700,13.060000,7.926667,308.830000
2004,Exit short,2025-09-18 13:30,4582.340000,1,-13.830000,-0.3000,15.473333,7.856667,291.770000
2004,Entry short,2025-09-18 13:00,4568.510000,1,-13.830000,-0.3000,15.473333,7.856667,291.770000
2003,Exit short,2025-09-18 13:30,4582.340000,1,-5.800000,-0.1300,15.473333,7.856667,305.600000
2003,Entry short,2025-09-18 12:45,4576.540000,1,-5.800000,-0.1300,15.473333,7.856667,305.600000
2002,Exit short,2025-09-18 13:30,4582.340000,1,1.040000,0.0200,17.130000,7.856667,311.400000
2002,Entry short,2025-09-18 12:30,4583.380000,1,1.040000,0.0200,17.130000,7.856667,311.400000
2001,Exit long,2025-09-18 01:30,4607.210000,1,24.580000,0.5400,21.463333,13.466667,310.360000
2001,Entry long,2025-09-18 01:00,4582.630000,1,24.580000,0.5400,21.463333,13.466667,310.360000
2000,Exit long,2025-09-18 01:30,4607.210000,1,9.060000,0.2000,21.463333,15.010000,285.780000
2000,Entry long,2025-09-18 00:45,4598.150000,1,9.060000,0.2000,21.463333,15.010000,285.780000
1999,Exit long,2025-09-18 01:30,4607.210000,1,14.520000,0.3200,21.463333,15.010000,276.720000
1999,Entry long,2025-09-18 00:30,4592.690000,1,14.520000,0.3200,21.463333,15.010000,276.720000
1998,Exit short,2025-09-17 13:30,4502.630000,1,-2.250000,-0.0500,1.780000,10.080000,262.200000
1998,Entry short,2025-09-17 13:00,4500.380000,1,-2.250000,-0.0500,1.780000,10.080000,262.200000
1997,Exit short,2025-09-17 13:30,4502.630000,1,-5.900000,-0.1300,6.260000,10.080000,264.450000
1997,Entry short,2025-09-17 12:45,4496.730000,1,-5.900000,-0.1300,6.260000,10.080000,264.450000
1996,Exit short,2025-09-17 13:30,4502.630000,1,1.520000,0.0300,13.920000,10.080000,270.350000
1996,Entry short,2025-09-17 12:30,4504.150000,1,1.520000,0.0300,13.920000,10.080000,270.350000
1995,Exit long,2025-09-17 01:30,4514.850000,1,3.160000,0.0700,6.810000,8.040000,268.830000
1995,Entry long,2025-09-17 01:00,4511.690000,1,3.160000,0.0700,6.810000,8.040000,268.830000
1994,Exit long,2025-09-17 01:30,4514.850000,1,2.680000,0.0600,6.810000,8.040000,265.670000
1994,Entry long,2025-09-17 00:45,4512.170000,1,2.680000,0.0600,6.810000,8.040000,265.670000
1993,Exit long,2025-09-17 01:30,4514.850000,1,5.140000,0.1100,6.810000,8.040000,262.990000
1993,Entry long,2025-09-17 00:30,4509.710000,1,5.140000,0.1100,6.810000,8.040000,262.990000
1992,Exit short,2025-09-16 13:30,4506.710000,1,-8.740000,-0.1900,2.556667,11.573333,257.850000
1992,Entry short,2025-09-16 13:00,4497.970000,1,-8.740000,-0.1900,2.556667,11.573333,257.850000
1991,Exit short,2025-09-16 13:30,4506.710000,1,-7.200000,-0.1600,2.556667,11.573333,266.590000
1991,Entry short,2025-09-16 12:45,4499.510000,1,-7.200000,-0.1600,2.556667,11.573333,266.590000
1990,Exit short,2025-09-16 13:30,4506.710000,1,-11.520000,-0.2600,2.556667,11.573333,273.790000
1990,Entry short,2025-09-16 12:30,4495.190000,1,-11.520000,-0.2600,2.556667,11.573333,273.790000
1989,Exit long,2025-09-16 01:30,4529.690000,1,17.790000,0.3900,26.750000,-0.000000,285.310000
1989,Entry long,2025-09-16 01:00,4511.900000,1,17.790000,0.3900,26.750000,-0.000000,285.310000
1988,Exit long,2025-09-16 01:30,4529.690000,1,19.380000,0.4300,26.750000,5.990000,267.520000
1988,Entry long,2025-09-16 00:45,4510.310000,1,19.380000,0.4300,26.750000,5.990000,267.520000
1987,Exit long,2025-09-16 01:30,4529.690000,1,23.220000,0.5200,26.750000,5.990000,248.140000
1987,Entry long,2025-09-16 00:30,4506.470000,1,23.220000,0.5200,26.750000,5.990000,248.140000
1986,Exit short,2025-09-15 13:30,4526.080000,1,-12.750000,-0.2800,10.540000,11.120000,224.920000
1986,Entry short,2025-09-15 13:00,4513.330000,1,-12.750000,-0.2800,10.540000,11.120000,224.920000
1985,Exit short,2025-09-15 13:30,4526.080000,1,0.320000,0.0100,12.115000,11.120000,237.670000
1985,Entry short,2025-09-15 12:45,4526.400000,1,0.320000,0.0100,12.115000,11.120000,237.670000
1984,Exit short,2025-09-15 13:30,4526.080000,1,-13.430000,-0.3000,12.115000,13.750000,237.350000
1984,Entry short,2025-09-15 12:30,4512.650000,1,-13.430000,-0.3000,12.115000,13.750000,237.350000
1983,Exit long,2025-09-15 01:30,4601.480000,1,1.800000,0.0400,0.430000,26.420000,250.780000
1983,Entry long,2025-09-15 01:00,4599.680000,1,1.800000,0.0400,0.430000,26.420000,250.780000
1982,Exit long,2025-09-15 01:30,4601.480000,1,1.080000,0.0200,3.825000,26.420000,248.980000
1982,Entry long,2025-09-15 00:45,4600.400000,1,1.080000,0.0200,3.825000,26.420000,248.980000
1981,Exit long,2025-09-15 01:30,4601.480000,1,-11.730000,-0.2500,3.825000,26.420000,247.900000
1981,Entry long,2025-09-15 00:30,4613.210000,1,-11.730000,-0.2500,3.825000,26.420000,247.900000
1980,Exit short,2025-09-14 13:30,4614.190000,1,16.420000,0.3500,25.846667,0.773333,259.630000
1980,Entry short,2025-09-14 13:00,4630.610000,1,16.420000,0.3500,25.846667,0.773333,259.630000
1979,Exit short,2025-09-14 13:30,4614.190000,1,11.810000,0.2600,25.846667,0.773333,243.210000
1979,Entry short,2025-09-14 12:45,4626.000000,1,11.810000,0.2600,25.846667,0.773333,243.210000
1978,Exit short,2025-09-14 13:30,4614.190000,1,26.540000,0.5700,25.846667,2.210000,231.400000
1978,Entry short,2025-09-14 12:30,4640.730000,1,26.540000,0.5700,25.846667,2.210000,231.400000
1977,Exit long,2025-09-14 01:30,4658.000000,1,-10.270000,-0.2200,0.000000,20.770000,204.860000
1977,Entry long,2025-09-14 01:00,4668.270000,1,-10.270000,-0.2200,0.000000,20.770000,204.860000
1976,Exit long,2025-09-14 01:30,4658.000000,1,-8.150000,-0.1700,2.535000,20.770000,215.130000
1976,Entry long,2025-09-14 00:45,4666.150000,1,-8.150000,-0.1700,2.535000,20.770000,215.130000
1975,Exit long,2025-09-14 01:30,4658.000000,1,-14.880000,-0.3200,6.100000,20.770000,223.280000
1975,Entry long,2025-09-14 00:30,4672.880000,1,-14.880000,-0.3200,6.100000,20.770000,223.280000
1974,Exit short,2025-09-13 13:30,4722.490000,1,-3.680000,-0.0800,6.366667,5.093333,238.160000
1974,Entry short,2025-09-13 13:00,4718.810000,1,-3.680000,-0.0800,6.366667,5.093333,238.160000
1973,Exit short,2025-09-13 13:30,4722.490000,1,-0.490000,-0.0100,6.366667,5.093333,241.840000
1973,Entry short,2025-09-13 12:45,4722.000000,1,-0.490000,-0.0100,6.366667,5.093333,241.840000
1972,Exit short,2025-09-13 13:30,4722.490000,1,-5.770000,-0.1200,6.366667,12.760000,242.330000
1972,Entry short,2025-09-13 12:30,4716.720000,1,-5.770000,-0.1200,6.366667,12.760000,242.330000
1971,Exit long,2025-09-13 01:30,4711.320000,1,7.880000,0.1700,33.743333,-0.000000,248.100000
1971,Entry long,2025-09-13 01:00,4703.440000,1,7.880000,0.1700,33.743333,-0.000000,248.100000
1970,Exit long,2025-09-13 01:30,4711.320000,1,12.090000,0.2600,33.743333,1.110000,240.220000
1970,Entry long,2025-09-13 00:45,4699.230000,1,12.090000,0.2600,33.743333,1.110000,240.220000
1969,Exit long,2025-09-13 01:30,4711.320000,1,13.790000,0.2900,33.743333,1.110000,228.130000
1969,Entry long,2025-09-13 00:30,4697.530000,1,13.790000,0.2900,33.743333,1.110000,228.130000
1968,Exit short,2025-09-12 13:30,4517.010000,1,7.950000,0.1800,4.600000,8.500000,214.340000
1968,Entry short,2025-09-12 13:00,4524.960000,1,7.950000,0.1800,4.600000,8.500000,214.340000
1967,Exit short,2025-09-12 13:30,4517.010000,1,0.020000,0.0000,4.600000,12.085000,206.390000
1967,Entry short,2025-09-12 12:45,4517.030000,1,0.020000,0.0000,4.600000,12.085000,206.390000
1966,Exit short,2025-09-12 13:30,4517.010000,1,0.550000,0.0100,7.560000,12.085000,206.370000
1966,Entry short,2025-09-12 12:30,4517.560000,1,0.550000,0.0100,7.560000,12.085000,206.370000
1965,Exit long,2025-09-12 01:30,4520.840000,1,10.020000,0.2200,38.403333,-0.000000,205.820000
1965,Entry long,2025-09-12 01:00,4510.820000,1,10.020000,0.2200,38.403333,-0.000000,205.820000
1964,Exit long,2025-09-12 01:30,4520.840000,1,13.540000,0.3000,54.035000,-0.000000,195.800000
1964,Entry long,2025-09-12 00:45,4507.300000,1,13.540000,0.3000,54.035000,-0.000000,195.800000
1963,Exit long,2025-09-12 01:30,4520.840000,1,59.010000,1.3200,54.920000,1.180000,182.260000
1963,Entry long,2025-09-12 00:30,4461.830000,1,59.010000,1.3200,54.920000,1.180000,182.260000
1962,Exit short,2025-09-11 13:30,4405.600000,1,18.840000,0.4300,55.333333,-0.000000,123.250000
1962,Entry short,2025-09-11 13:00,4424.440000,1,18.840000,0.4300,55.333333,-0.000000,123.250000
1961,Exit short,2025-09-11 13:30,4405.600000,1,7.630000,0.1700,55.333333,1.485000,104.410000
1961,Entry short,2025-09-11 12:45,4413.230000,1,7.630000,0.1700,55.333333,1.485000,104.410000
1960,Exit short,2025-09-11 13:30,4405.600000,1,66.060000,1.4800,142.780000,11.780000,96.780000
1960,Entry short,2025-09-11 12:30,4471.660000,1,66.060000,1.4800,142.780000,11.780000,96.780000
1959,Exit long,2025-09-11 01:30,4369.360000,1,11.870000,0.2700,31.913333,-0.000000,30.720000
1959,Entry long,2025-09-11 01:00,4357.490000,1,11.870000,0.2700,31.913333,-0.000000,30.720000
1958,Exit long,2025-09-11 01:30,4369.360000,1,23.760000,0.5500,31.913333,1.825000,18.850000
1958,Entry long,2025-09-11 00:45,4345.600000,1,23.760000,0.5500,31.913333,1.825000,18.850000
1957,Exit long,2025-09-11 01:30,4369.360000,1,23.750000,0.5500,31.913333,7.340000,-4.910000
1957,Entry long,2025-09-11 00:30,4345.610000,1,23.750000,0.5500,31.913333,7.340000,-4.910000
1956,Exit short,2025-09-10 13:30,4369.950000,1,-0.680000,-0.0200,0.000000,28.676667,-28.660000
1956,Entry short,2025-09-10 13:00,4369.270000,1,-0.680000,-0.0200,0.000000,28.676667,-28.660000
1955,Exit short,2025-09-10 13:30,4369.950000,1,7.520000,0.1700,4.340000,28.676667,-27.980000
1955,Entry short,2025-09-10 12:45,4377.470000,1,7.520000,0.1700,4.340000,28.676667,-27.980000
1954,Exit short,2025-09-10 13:30,4369.950000,1,-26.720000,-0.6200,4.340000,51.770000,-35.500000
1954,Entry short,2025-09-10 12:30,4343.230000,1,-26.720000,-0.6200,4.340000,51.770000,-35.500000
1953,Exit long,2025-09-10 01:30,4299.990000,1,15.980000,0.3700,12.120000,8.940000,-8.780000
1953,Entry long,2025-09-10 01:00,4284.010000,1,15.980000,0.3700,12.120000,8.940000,-8.780000
1952,Exit long,2025-09-10 01:30,4299.990000,1,2.500000,0.0600,12.120000,13.850000,-24.760000
1952,Entry long,2025-09-10 00:45,4297.490000,1,2.500000,0.0600,12.120000,13.850000,-24.760000
1951,Exit long,2025-09-10 01:30,4299.990000,1,3.780000,0.0900,12.120000,13.850000,-27.260000
1951,Entry long,2025-09-10 00:30,4296.210000,1,3.780000,0.0900,12.120000,13.850000,-27.260000
1950,Exit short,2025-09-09 13:30,4340.000000,1,3.690000,0.0800,31.093333,-0.000000,-31.040000
1950,Entry short,2025-09-09 13:00,4343.690000,1,3.690000,0.0800,31.093333,-0.000000,-31.040000
1949,Exit short,2025-09-09 13:30,4340.000000,1,7.200000,0.1700,31.093333,-0.000000,-34.730000
1949,Entry short,2025-09-09 12:45,4347.200000,1,7.200000,0.1700,31.093333,-0.000000,-34.730000
1948,Exit short,2025-09-09 13:30,4340.000000,1,25.090000,0.5700,31.093333,1.340000,-41.930000
1948,Entry short,2025-09-09 12:30,4365.090000,1,25.090000,0.5700,31.093333,1.340000,-41.930000
1947,Exit long,2025-09-09 01:30,4287.970000,1,-11.630000,-0.2700,7.596667,16.563333,-67.020000
1947,Entry long,2025-09-09 01:00,4299.600000,1,-11.630000,-0.2700,7.596667,16.563333,-67.020000
1946,Exit long,2025-09-09 01:30,4287.970000,1,-9.930000,-0.2300,8.005000,16.563333,-55.390000
1946,Entry long,2025-09-09 00:45,4297.900000,1,-9.930000,-0.2300,8.005000,16.563333,-55.390000
1945,Exit long,2025-09-09 01:30,4287.970000,1,-10.220000,-0.2400,8.005000,16.563333,-45.460000
1945,Entry long,2025-09-09 00:30,4298.190000,1,-10.220000,-0.2400,8.005000,16.563333,-45.460000
1944,Exit short,2025-09-08 13:30,4338.360000,1,-19.560000,-0.4500,0.000000,44.703333,-35.240000
1944,Entry short,2025-09-08 13:00,4318.800000,1,-19.560000,-0.4500,0.000000,44.703333,-35.240000
1943,Exit short,2025-09-08 13:30,4338.360000,1,-18.780000,-0.4300,2.265000,44.703333,-15.680000
1943,Entry short,2025-09-08 12:45,4319.580000,1,-18.780000,-0.4300,2.265000,44.703333,-15.680000
1942,Exit short,2025-09-08 13:30,4338.360000,1,-24.790000,-0.5700,2.265000,44.703333,3.100000
1942,Entry short,2025-09-08 12:30,4313.570000,1,-24.790000,-0.5700,2.265000,44.703333,3.100000
1941,Exit long,2025-09-08 01:30,4285.430000,1,-11.330000,-0.2600,0.000000,27.226667,27.890000
1941,Entry long,2025-09-08 01:00,4296.760000,1,-11.330000,-0.2600,0.000000,27.226667,27.890000
1940,Exit long,2025-09-08 01:30,4285.430000,1,-24.700000,-0.5700,0.000000,27.226667,39.220000
1940,Entry long,2025-09-08 00:45,4310.130000,1,-24.700000,-0.5700,0.000000,27.226667,39.220000
1939,Exit long,2025-09-08 01:30,4285.430000,1,-29.360000,-0.6800,2.200000,27.226667,63.920000
1939,Entry long,2025-09-08 00:30,4314.790000,1,-29.360000,-0.6800,2.200000,27.226667,63.920000
1938,Exit short,2025-09-07 13:30,4296.240000,1,2.760000,0.0600,9.863333,2.936667,93.280000
1938,Entry short,2025-09-07 13:00,4299.000000,1,2.760000,0.0600,9.863333,2.936667,93.280000
1937,Exit short,2025-09-07 13:30,4296.240000,1,-0.630000,-0.0100,9.863333,3.925000,90.520000
1937,Entry short,2025-09-07 12:45,4295.610000,1,-0.630000,-0.0100,9.863333,3.925000,90.520000
1936,Exit short,2025-09-07 13:30,4296.240000,1,-1.700000,-0.0400,9.863333,6.750000,91.150000
1936,Entry short,2025-09-07 12:30,4294.540000,1,-1.700000,-0.0400,9.863333,6.750000,91.150000
1935,Exit long,2025-09-07 01:30,4291.080000,1,8.980000,0.2100,15.556667,-0.000000,92.850000
1935,Entry long,2025-09-07 01:00,4282.100000,1,8.980000,0.2100,15.556667,-0.000000,92.850000
1934,Exit long,2025-09-07 01:30,4291.080000,1,7.410000,0.1700,15.556667,-0.000000,83.870000
1934,Entry long,2025-09-07 00:45,4283.670000,1,7.410000,0.1700,15.556667,-0.000000,83.870000
1933,Exit long,2025-09-07 01:30,4291.080000,1,18.520000,0.4300,15.556667,2.800000,76.460000
1933,Entry long,2025-09-07 00:30,4272.560000,1,18.520000,0.4300,15.556667,2.800000,76.460000
1932,Exit short,2025-09-06 13:30,4297.630000,1,-0.130000,-0.0000,1.910000,3.940000,57.940000
1932,Entry short,2025-09-06 13:00,4297.500000,1,-0.130000,-0.0000,1.910000,3.940000,57.940000
1931,Exit short,2025-09-06 13:30,4297.630000,1,-2.520000,-0.0600,3.265000,5.085000,58.070000
1931,Entry short,2025-09-06 12:45,4295.110000,1,-2.520000,-0.0600,3.265000,5.085000,58.070000
1930,Exit short,2025-09-06 13:30,4297.630000,1,-0.050000,-0.0000,7.250000,5.085000,60.590000
1930,Entry short,2025-09-06 12:30,4297.580000,1,-0.050000,-0.0000,7.250000,5.085000,60.590000
1929,Exit long,2025-09-06 01:30,4314.120000,1,-6.820000,-0.1600,4.286667,5.923333,60.640000
1929,Entry long,2025-09-06 01:00,4320.940000,1,-6.820000,-0.1600,4.286667,5.923333,60.640000
1928,Exit long,2025-09-06 01:30,4314.120000,1,-8.520000,-0.2000,7.825000,5.923333,67.460000
1928,Entry long,2025-09-06 00:45,4322.640000,1,-8.520000,-0.2000,7.825000,5.923333,67.460000
1927,Exit long,2025-09-06 01:30,4314.120000,1,-0.150000,-0.0000,12.730000,5.923333,75.980000
1927,Entry long,2025-09-06 00:30,4314.270000,1,-0.150000,-0.0000,12.730000,5.923333,75.980000
1926,Exit short,2025-09-05 13:30,4462.680000,1,6.710000,0.1500,2.020000,28.820000,76.130000
1926,Entry short,2025-09-05 13:00,4469.390000,1,6.710000,0.1500,2.020000,28.820000,76.130000
1925,Exit short,2025-09-05 13:30,4462.680000,1,-31.120000,-0.7000,14.030000,32.370000,69.420000
1925,Entry short,2025-09-05 12:45,4431.560000,1,-31.120000,-0.7000,14.030000,32.370000,69.420000
1924,Exit short,2025-09-05 13:30,4462.680000,1,-14.560000,-0.3300,43.120000,46.330000,100.540000
1924,Entry short,2025-09-05 12:30,4448.120000,1,-14.560000,-0.3300,43.120000,46.330000,100.540000
1923,Exit long,2025-09-05 01:30,4318.910000,1,20.020000,0.4700,19.553333,6.006667,115.100000
1923,Entry long,2025-09-05 01:00,4298.890000,1,20.020000,0.4700,19.553333,6.006667,115.100000
1922,Exit long,2025-09-05 01:30,4318.910000,1,14.270000,0.3300,19.553333,11.985000,95.080000
1922,Entry long,2025-09-05 00:45,4304.640000,1,14.270000,0.3300,19.553333,11.985000,95.080000
1921,Exit long,2025-09-05 01:30,4318.910000,1,17.200000,0.4000,19.553333,11.985000,80.810000
1921,Entry long,2025-09-05 00:30,4301.710000,1,17.200000,0.4000,19.553333,11.985000,80.810000
1920,Exit short,2025-09-04 13:30,4399.450000,1,14.910000,0.3400,11.493333,12.786667,63.610000
1920,Entry short,2025-09-04 13:00,4414.360000,1,14.910000,0.3400,11.493333,12.786667,63.610000
1919,Exit short,2025-09-04 13:30,4399.450000,1,-11.430000,-0.2600,15.645000,15.805000,48.700000
1919,Entry short,2025-09-04 12:45,4388.020000,1,-11.430000,-0.2600,15.645000,15.805000,48.700000
1918,Exit short,2025-09-04 13:30,4399.450000,1,12.820000,0.2900,31.450000,15.805000,60.130000
1918,Entry short,2025-09-04 12:30,4412.270000,1,12.820000,0.2900,31.450000,15.805000,60.130000
1917,Exit long,2025-09-04 01:30,4458.040000,1,-8.480000,-0.1900,0.000000,20.760000,47.310000
1917,Entry long,2025-09-04 01:00,4466.520000,1,-8.480000,-0.1900,0.000000,20.760000,47.310000
1916,Exit long,2025-09-04 01:30,4458.040000,1,-8.420000,-0.1900,6.925000,20.760000,55.790000
1916,Entry long,2025-09-04 00:45,4466.460000,1,-8.420000,-0.1900,6.925000,20.760000,55.790000
1915,Exit long,2025-09-04 01:30,4458.040000,1,-13.250000,-0.3000,9.700000,20.760000,64.210000
1915,Entry long,2025-09-04 00:30,4471.290000,1,-13.250000,-0.3000,9.700000,20.760000,64.210000
1914,Exit short,2025-09-03 13:30,4374.240000,1,-22.040000,-0.5100,6.873333,36.856667,77.460000
1914,Entry short,2025-09-03 13:00,4352.200000,1,-22.040000,-0.5100,6.873333,36.856667,77.460000
1913,Exit short,2025-09-03 13:30,4374.240000,1,-24.240000,-0.5600,17.655000,36.856667,99.500000
1913,Entry short,2025-09-03 12:45,4350.000000,1,-24.240000,-0.5600,17.655000,36.856667,99.500000
1912,Exit short,2025-09-03 13:30,4374.240000,1,-9.810000,-0.2200,17.655000,36.856667,123.740000
1912,Entry short,2025-09-03 12:30,4364.430000,1,-9.810000,-0.2200,17.655000,36.856667,123.740000
1911,Exit long,2025-09-03 01:30,4284.990000,1,-23.030000,-0.5300,0.000000,32.830000,133.550000
1911,Entry long,2025-09-03 01:00,4308.020000,1,-23.030000,-0.5300,0.000000,32.830000,133.550000
1910,Exit long,2025-09-03 01:30,4284.990000,1,-30.860000,-0.7200,0.000000,32.830000,156.580000
1910,Entry long,2025-09-03 00:45,4315.850000,1,-30.860000,-0.7200,0.000000,32.830000,156.580000
1909,Exit long,2025-09-03 01:30,4284.990000,1,-40.070000,-0.9300,3.340000,32.830000,187.440000
1909,Entry long,2025-09-03 00:30,4325.060000,1,-40.070000,-0.9300,3.340000,32.830000,187.440000
1908,Exit short,2025-09-02 13:30,4304.540000,1,-29.210000,-0.6800,31.083333,14.266667,227.510000
1908,Entry short,2025-09-02 13:00,4275.330000,1,-29.210000,-0.6800,31.083333,14.266667,227.510000
1907,Exit short,2025-09-02 13:30,4304.540000,1,-4.270000,-0.1000,49.065000,14.266667,256.720000
1907,Entry short,2025-09-02 12:45,4300.270000,1,-4.270000,-0.1000,49.065000,14.266667,256.720000
1906,Exit short,2025-09-02 13:30,4304.540000,1,31.060000,0.7200,49.065000,14.266667,260.990000
1906,Entry short,2025-09-02 12:30,4335.600000,1,31.060000,0.7200,49.065000,14.266667,260.990000
1905,Exit long,2025-09-02 01:30,4308.820000,1,6.510000,0.1500,16.283333,7.166667,229.930000
1905,Entry long,2025-09-02 01:00,4302.310000,1,6.510000,0.1500,16.283333,7.166667,229.930000
1904,Exit long,2025-09-02 01:30,4308.820000,1,17.090000,0.4000,16.283333,7.530000,223.420000
1904,Entry long,2025-09-02 00:45,4291.730000,1,17.090000,0.4000,16.283333,7.530000,223.420000
1903,Exit long,2025-09-02 01:30,4308.820000,1,7.250000,0.1700,16.283333,10.910000,206.330000
1903,Entry long,2025-09-02 00:30,4301.570000,1,7.250000,0.1700,16.283333,10.910000,206.330000
1902,Exit short,2025-09-01 13:30,4413.510000,1,-12.250000,-0.2800,5.113333,22.366667,199.080000
1902,Entry short,2025-09-01 13:00,4401.260000,1,-12.250000,-0.2800,5.113333,22.366667,199.080000
1901,Exit short,2025-09-01 13:30,4413.510000,1,-18.150000,-0.4100,6.015000,22.366667,211.330000
1901,Entry short,2025-09-01 12:45,4395.360000,1,-18.150000,-0.4100,6.015000,22.366667,211.330000
1900,Exit short,2025-09-01 13:30,4413.510000,1,-10.720000,-0.2400,10.900000,22.366667,229.480000
1900,Entry short,2025-09-01 12:30,4402.790000,1,-10.720000,-0.2400,10.900000,22.366667,229.480000
1899,Exit long,2025-09-01 01:30,4405.760000,1,11.940000,0.2700,21.503333,5.486667,240.200000
1899,Entry long,2025-09-01 01:00,4393.820000,1,11.940000,0.2700,21.503333,5.486667,240.200000
1898,Exit long,2025-09-01 01:30,4405.760000,1,12.250000,0.2800,26.255000,5.486667,228.260000
1898,Entry long,2025-09-01 00:45,4393.510000,1,12.250000,0.2800,26.255000,5.486667,228.260000
1897,Exit long,2025-09-01 01:30,4405.760000,1,33.660000,0.7700,27.420000,15.490000,216.010000
1897,Entry long,2025-09-01 00:30,4372.100000,1,33.660000,0.7700,27.420000,15.490000,216.010000
1896,Exit short,2025-08-31 13:30,4471.410000,1,16.230000,0.3600,7.030000,19.240000,182.350000
1896,Entry short,2025-08-31 13:00,4487.640000,1,16.230000,0.3600,7.030000,19.240000,182.350000
1895,Exit short,2025-08-31 13:30,4471.410000,1,-2.360000,-0.0500,11.515000,24.985000,166.120000
1895,Entry short,2025-08-31 12:45,4469.050000,1,-2.360000,-0.0500,11.515000,24.985000,166.120000
1894,Exit short,2025-08-31 13:30,4471.410000,1,5.570000,0.1200,11.515000,24.985000,168.480000
1894,Entry short,2025-08-31 12:30,4476.980000,1,5.570000,0.1200,11.515000,24.985000,168.480000
1893,Exit long,2025-08-31 01:30,4440.720000,1,-24.670000,-0.5500,46.813333,-0.000000,162.910000
1893,Entry long,2025-08-31 01:00,4465.390000,1,-24.670000,-0.5500,46.813333,-0.000000,162.910000
1892,Exit long,2025-08-31 01:30,4440.720000,1,25.050000,0.5700,69.915000,-0.000000,187.580000
1892,Entry long,2025-08-31 00:45,4415.670000,1,25.050000,0.5700,69.915000,-0.000000,187.580000
1891,Exit long,2025-08-31 01:30,4440.720000,1,58.220000,1.3300,69.915000,2.980000,162.530000
1891,Entry long,2025-08-31 00:30,4382.500000,1,58.220000,1.3300,69.915000,2.980000,162.530000
1890,Exit short,2025-08-30 13:30,4348.230000,1,17.450000,0.4000,27.670000,1.970000,104.310000
1890,Entry short,2025-08-30 13:00,4365.680000,1,17.450000,0.4000,27.670000,1.970000,104.310000
1889,Exit short,2025-08-30 13:30,4348.230000,1,5.960000,0.1400,27.670000,6.040000,86.860000
1889,Entry short,2025-08-30 12:45,4354.190000,1,5.960000,0.1400,27.670000,6.040000,86.860000
1888,Exit short,2025-08-30 13:30,4348.230000,1,23.060000,0.5300,27.670000,6.040000,80.900000
1888,Entry short,2025-08-30 12:30,4371.290000,1,23.060000,0.5300,27.670000,6.040000,80.900000
1887,Exit long,2025-08-30 01:30,4324.170000,1,-17.210000,-0.4000,7.390000,19.050000,57.840000
1887,Entry long,2025-08-30 01:00,4341.380000,1,-17.210000,-0.4000,7.390000,19.050000,57.840000
1886,Exit long,2025-08-30 01:30,4324.170000,1,-6.030000,-0.1400,7.390000,19.050000,75.050000
1886,Entry long,2025-08-30 00:45,4330.200000,1,-6.030000,-0.1400,7.390000,19.050000,75.050000
1885,Exit long,2025-08-30 01:30,4324.170000,1,-23.530000,-0.5400,7.390000,20.570000,81.080000
1885,Entry long,2025-08-30 00:30,4347.700000,1,-23.530000,-0.5400,7.390000,20.570000,81.080000
1884,Exit short,2025-08-29 13:30,4390.350000,1,14.940000,0.3400,1.860000,23.710000,104.610000
1884,Entry short,2025-08-29 13:00,4405.290000,1,14.940000,0.3400,1.860000,23.710000,104.610000
1883,Exit short,2025-08-29 13:30,4390.350000,1,-0.090000,-0.0000,1.860000,38.340000,89.670000
1883,Entry short,2025-08-29 12:45,4390.260000,1,-0.090000,-0.0000,1.860000,38.340000,89.670000
1882,Exit short,2025-08-29 13:30,4390.350000,1,-24.330000,-0.5600,1.860000,90.220000,89.760000
1882,Entry short,2025-08-29 12:30,4366.020000,1,-24.330000,-0.5600,1.860000,90.220000,89.760000
1881,Exit long,2025-08-29 01:30,4447.990000,1,-32.120000,-0.7200,0.000000,58.290000,114.090000
1881,Entry long,2025-08-29 01:00,4480.110000,1,-32.120000,-0.7200,0.000000,58.290000,114.090000
1880,Exit long,2025-08-29 01:30,4447.990000,1,-35.330000,-0.7900,0.000000,58.290000,146.210000
1880,Entry long,2025-08-29 00:45,4483.320000,1,-35.330000,-0.7900,0.000000,58.290000,146.210000
1879,Exit long,2025-08-29 01:30,4447.990000,1,-59.720000,-1.3200,1.640000,58.290000,181.540000
1879,Entry long,2025-08-29 00:30,4507.710000,1,-59.720000,-1.3200,1.640000,58.290000,181.540000
1878,Exit short,2025-08-28 13:30,4595.680000,1,1.720000,0.0400,5.306667,16.623333,241.260000
1878,Entry short,2025-08-28 13:00,4597.400000,1,1.720000,0.0400,5.306667,16.623333,241.260000
1877,Exit short,2025-08-28 13:30,4595.680000,1,13.320000,0.2900,5.306667,16.623333,239.540000
1877,Entry short,2025-08-28 12:45,4609.000000,1,13.320000,0.2900,5.306667,16.623333,239.540000
1876,Exit short,2025-08-28 13:30,4595.680000,1,-13.160000,-0.2900,5.306667,29.790000,226.220000
1876,Entry short,2025-08-28 12:30,4582.520000,1,-13.160000,-0.2900,5.306667,29.790000,226.220000
1875,Exit long,2025-08-28 01:30,4498.680000,1,6.680000,0.1500,18.420000,1.780000,239.380000
1875,Entry long,2025-08-28 01:00,4492.000000,1,6.680000,0.1500,18.420000,1.780000,239.380000
1874,Exit long,2025-08-28 01:30,4498.680000,1,5.940000,0.1300,18.420000,20.820000,232.700000
1874,Entry long,2025-08-28 00:45,4492.740000,1,5.940000,0.1300,18.420000,20.820000,232.700000
1873,Exit long,2025-08-28 01:30,4498.680000,1,2.680000,0.0600,18.420000,31.000000,226.760000
1873,Entry long,2025-08-28 00:30,4496.000000,1,2.680000,0.0600,18.420000,31.000000,226.760000
1872,Exit short,2025-08-27 13:30,4604.990000,1,8.270000,0.1800,7.756667,19.223333,224.080000
1872,Entry short,2025-08-27 13:00,4613.260000,1,8.270000,0.1800,7.756667,19.223333,224.080000
1871,Exit short,2025-08-27 13:30,4604.990000,1,-22.580000,-0.4900,7.756667,31.690000,215.810000
1871,Entry short,2025-08-27 12:45,4582.410000,1,-22.580000,-0.4900,7.756667,31.690000,215.810000
1870,Exit short,2025-08-27 13:30,4604.990000,1,-16.780000,-0.3700,12.200000,31.690000,238.390000
1870,Entry short,2025-08-27 12:30,4588.210000,1,-16.780000,-0.3700,12.200000,31.690000,238.390000
1869,Exit long,2025-08-27 01:30,4547.490000,1,-21.040000,-0.4600,0.000000,34.646667,255.170000
1869,Entry long,2025-08-27 01:00,4568.530000,1,-21.040000,-0.4600,0.000000,34.646667,255.170000
1868,Exit long,2025-08-27 01:30,4547.490000,1,-35.070000,-0.7700,0.000000,34.646667,276.210000
1868,Entry long,2025-08-27 00:45,4582.560000,1,-35.070000,-0.7700,0.000000,34.646667,276.210000
1867,Exit long,2025-08-27 01:30,4547.490000,1,-40.510000,-0.8800,9.930000,34.646667,311.280000
1867,Entry long,2025-08-27 00:30,4588.000000,1,-40.510000,-0.8800,9.930000,34.646667,311.280000
1866,Exit short,2025-08-26 13:30,4480.010000,1,14.850000,0.3300,3.440000,23.050000,351.790000
1866,Entry short,2025-08-26 13:00,4494.860000,1,14.850000,0.3300,3.440000,23.050000,351.790000
1865,Exit short,2025-08-26 13:30,4480.010000,1,28.250000,0.6300,7.720000,72.700000,336.940000
1865,Entry short,2025-08-26 12:45,4508.260000,1,28.250000,0.6300,7.720000,72.700000,336.940000
1864,Exit short,2025-08-26 13:30,4480.010000,1,-62.810000,-1.4200,7.720000,118.360000,308.690000
1864,Entry short,2025-08-26 12:30,4417.200000,1,-62.810000,-1.4200,7.720000,118.360000,308.690000
1863,Exit long,2025-08-26 01:30,4385.420000,1,55.630000,1.2800,34.493333,41.936667,371.500000
1863,Entry long,2025-08-26 01:00,4329.790000,1,55.630000,1.2800,34.493333,41.936667,371.500000
1862,Exit long,2025-08-26 01:30,4385.420000,1,38.770000,0.8900,34.493333,45.000000,315.870000
1862,Entry long,2025-08-26 00:45,4346.650000,1,38.770000,0.8900,34.493333,45.000000,315.870000
1861,Exit long,2025-08-26 01:30,4385.420000,1,6.050000,0.1400,34.493333,45.000000,277.100000
1861,Entry long,2025-08-26 00:30,4379.370000,1,6.050000,0.1400,34.493333,45.000000,277.100000
1860,Exit short,2025-08-25 13:30,4651.640000,1,-6.800000,-0.1500,13.406667,28.913333,271.050000
1860,Entry short,2025-08-25 13:00,4644.840000,1,-6.800000,-0.1500,13.406667,28.913333,271.050000
1859,Exit short,2025-08-25 13:30,4651.640000,1,-18.970000,-0.4100,13.406667,28.913333,277.850000
1859,Entry short,2025-08-25 12:45,4632.670000,1,-18.970000,-0.4100,13.406667,28.913333,277.850000
1858,Exit short,2025-08-25 13:30,4651.640000,1,-31.720000,-0.6900,17.920000,28.913333,296.820000
1858,Entry short,2025-08-25 12:30,4619.920000,1,-31.720000,-0.6900,17.920000,28.913333,296.820000
1857,Exit long,2025-08-25 01:30,4737.000000,1,38.000000,0.8100,27.703333,19.206667,328.540000
1857,Entry long,2025-08-25 01:00,4699.000000,1,38.000000,0.8100,27.703333,19.206667,328.540000
1856,Exit long,2025-08-25 01:30,4737.000000,1,44.480000,0.9500,27.703333,48.980000,290.540000
1856,Entry long,2025-08-25 00:45,4692.520000,1,44.480000,0.9500,27.703333,48.980000,290.540000
1855,Exit long,2025-08-25 01:30,4737.000000,1,-23.220000,-0.4900,27.703333,92.980000,246.060000
1855,Entry long,2025-08-25 00:30,4760.220000,1,-23.220000,-0.4900,27.703333,92.980000,246.060000
1854,Exit short,2025-08-24 13:30,4771.620000,1,-18.220000,-0.3800,0.000000,30.360000,269.280000
1854,Entry short,2025-08-24 13:00,4753.400000,1,-18.220000,-0.3800,0.000000,30.360000,269.280000
1853,Exit short,2025-08-24 13:30,4771.620000,1,-23.090000,-0.4900,0.640000,30.360000,287.500000
1853,Entry short,2025-08-24 12:45,4748.530000,1,-23.090000,-0.4900,0.640000,30.360000,287.500000
1852,Exit short,2025-08-24 13:30,4771.620000,1,-27.630000,-0.5800,7.140000,30.360000,310.590000
1852,Entry short,2025-08-24 12:30,4743.990000,1,-27.630000,-0.5800,7.140000,30.360000,310.590000
1851,Exit long,2025-08-24 01:30,4770.230000,1,-26.570000,-0.5500,0.000000,42.663333,338.220000
1851,Entry long,2025-08-24 01:00,4796.800000,1,-26.570000,-0.5500,0.000000,42.663333,338.220000
1850,Exit long,2025-08-24 01:30,4770.230000,1,-41.020000,-0.8500,10.165000,42.663333,364.790000
1850,Entry long,2025-08-24 00:45,4811.250000,1,-41.020000,-0.8500,10.165000,42.663333,364.790000
1849,Exit long,2025-08-24 01:30,4770.230000,1,-20.710000,-0.4300,25.610000,42.663333,405.810000
1849,Entry long,2025-08-24 00:30,4790.940000,1,-20.710000,-0.4300,25.610000,42.663333,405.810000
1848,Exit short,2025-08-23 13:30,4718.710000,1,-5.200000,-0.1100,13.036667,5.873333,426.520000
1848,Entry short,2025-08-23 13:00,4713.510000,1,-5.200000,-0.1100,13.036667,5.873333,426.520000
1847,Exit short,2025-08-23 13:30,4718.710000,1,7.040000,0.1500,15.685000,7.735000,431.720000
1847,Entry short,2025-08-23 12:45,4725.750000,1,7.040000,0.1500,15.685000,7.735000,431.720000
1846,Exit short,2025-08-23 13:30,4718.710000,1,-0.890000,-0.0200,15.685000,16.030000,424.680000
1846,Entry short,2025-08-23 12:30,4717.820000,1,-0.890000,-0.0200,15.685000,16.030000,424.680000
1845,Exit long,2025-08-23 01:30,4771.010000,1,-36.040000,-0.7500,5.930000,39.420000,425.570000
1845,Entry long,2025-08-23 01:00,4807.050000,1,-36.040000,-0.7500,5.930000,39.420000,425.570000
1844,Exit long,2025-08-23 01:30,4771.010000,1,-32.920000,-0.6900,5.930000,39.420000,461.610000
1844,Entry long,2025-08-23 00:45,4803.930000,1,-32.920000,-0.6900,5.930000,39.420000,461.610000
1843,Exit long,2025-08-23 01:30,4771.010000,1,-49.270000,-1.0200,5.930000,39.420000,494.530000
1843,Entry long,2025-08-23 00:30,4820.280000,1,-49.270000,-1.0200,5.930000,39.420000,494.530000
1842,Exit short,2025-08-22 13:30,4258.650000,1,-15.310000,-0.3600,5.453333,22.476667,543.800000
1842,Entry short,2025-08-22 13:00,4243.340000,1,-15.310000,-0.3600,5.453333,22.476667,543.800000
1841,Exit short,2025-08-22 13:30,4258.650000,1,-19.470000,-0.4600,5.453333,28.240000,559.110000
1841,Entry short,2025-08-22 12:45,4239.180000,1,-19.470000,-0.4600,5.453333,28.240000,559.110000
1840,Exit short,2025-08-22 13:30,4258.650000,1,-30.310000,-0.7200,22.340000,28.240000,578.580000
1840,Entry short,2025-08-22 12:30,4228.340000,1,-30.310000,-0.7200,22.340000,28.240000,578.580000
1839,Exit long,2025-08-22 01:30,4245.570000,1,1.280000,0.0300,5.123333,24.476667,608.890000
1839,Entry long,2025-08-22 01:00,4244.290000,1,1.280000,0.0300,5.123333,24.476667,608.890000
1838,Exit long,2025-08-22 01:30,4245.570000,1,-2.390000,-0.0600,5.123333,24.476667,607.610000
1838,Entry long,2025-08-22 00:45,4247.960000,1,-2.390000,-0.0600,5.123333,24.476667,607.610000
1837,Exit long,2025-08-22 01:30,4245.570000,1,4.150000,0.1000,13.420000,24.476667,610.000000
1837,Entry long,2025-08-22 00:30,4241.420000,1,4.150000,0.1000,13.420000,24.476667,610.000000
1836,Exit short,2025-08-21 13:30,4271.660000,1,-23.830000,-0.5600,19.146667,13.143333,605.850000
1836,Entry short,2025-08-21 13:00,4247.830000,1,-23.830000,-0.5600,19.146667,13.143333,605.850000
1835,Exit short,2025-08-21 13:30,4271.660000,1,-2.650000,-0.0600,29.370000,13.143333,629.680000
1835,Entry short,2025-08-21 12:45,4269.010000,1,-2.650000,-0.0600,29.370000,13.143333,629.680000
1834,Exit short,2025-08-21 13:30,4271.660000,1,-11.930000,-0.2800,29.370000,24.930000,632.330000
1834,Entry short,2025-08-21 12:30,4259.730000,1,-11.930000,-0.2800,29.370000,24.930000,632.330000
1833,Exit long,2025-08-21 01:30,4308.500000,1,-13.810000,-0.3200,7.773333,24.016667,644.260000
1833,Entry long,2025-08-21 01:00,4322.310000,1,-13.810000,-0.3200,7.773333,24.016667,644.260000
1832,Exit long,2025-08-21 01:30,4308.500000,1,-11.770000,-0.2700,12.435000,24.016667,658.070000
1832,Entry long,2025-08-21 00:45,4320.270000,1,-11.770000,-0.2700,12.435000,24.016667,658.070000
1831,Exit long,2025-08-21 01:30,4308.500000,1,-5.940000,-0.1400,17.970000,24.016667,669.840000
1831,Entry long,2025-08-21 00:30,4314.440000,1,-5.940000,-0.1400,17.970000,24.016667,669.840000
1830,Exit short,2025-08-20 13:30,4186.430000,1,16.850000,0.4000,34.990000,5.980000,675.780000
1830,Entry short,2025-08-20 13:00,4203.280000,1,16.850000,0.4000,34.990000,5.980000,675.780000
1829,Exit short,2025-08-20 13:30,4186.430000,1,16.260000,0.3900,34.990000,13.810000,658.930000
1829,Entry short,2025-08-20 12:45,4202.690000,1,16.260000,0.3900,34.990000,13.810000,658.930000
1828,Exit short,2025-08-20 13:30,4186.430000,1,1.000000,0.0200,34.990000,17.570000,642.670000
1828,Entry short,2025-08-20 12:30,4187.430000,1,1.000000,0.0200,34.990000,17.570000,642.670000
1827,Exit long,2025-08-20 01:30,4091.180000,1,-11.540000,-0.2800,20.193333,12.626667,641.670000
1827,Entry long,2025-08-20 01:00,4102.720000,1,-11.540000,-0.2800,20.193333,12.626667,641.670000
1826,Exit long,2025-08-20 01:30,4091.180000,1,-18.760000,-0.4600,20.193333,12.626667,653.210000
1826,Entry long,2025-08-20 00:45,4109.940000,1,-18.760000,-0.4600,20.193333,12.626667,653.210000
1825,Exit long,2025-08-20 01:30,4091.180000,1,0.970000,0.0200,23.790000,12.626667,671.970000
1825,Entry long,2025-08-20 00:30,4090.210000,1,0.970000,0.0200,23.790000,12.626667,671.970000
1824,Exit short,2025-08-19 13:30,4312.360000,1,-8.320000,-0.1900,10.606667,11.313333,671.000000
1824,Entry short,2025-08-19 13:00,4304.040000,1,-8.320000,-0.1900,10.606667,11.313333,671.000000
1823,Exit short,2025-08-19 13:30,4312.360000,1,-10.930000,-0.2500,21.410000,11.313333,679.320000
1823,Entry short,2025-08-19 12:45,4301.430000,1,-10.930000,-0.2500,21.410000,11.313333,679.320000
1822,Exit short,2025-08-19 13:30,4312.360000,1,-6.770000,-0.1600,21.410000,11.313333,690.250000
1822,Entry short,2025-08-19 12:30,4305.590000,1,-6.770000,-0.1600,21.410000,11.313333,690.250000
1821,Exit long,2025-08-19 01:30,4315.770000,1,-24.860000,-0.5700,50.243333,-0.000000,697.020000
1821,Entry long,2025-08-19 01:00,4340.630000,1,-24.860000,-0.5700,50.243333,-0.000000,697.020000
1820,Exit long,2025-08-19 01:30,4315.770000,1,29.480000,0.6900,55.820000,0.070000,721.880000
1820,Entry long,2025-08-19 00:45,4286.290000,1,29.480000,0.6900,55.820000,0.070000,721.880000
1819,Exit long,2025-08-19 01:30,4315.770000,1,30.760000,0.7200,55.820000,20.010000,692.400000
1819,Entry long,2025-08-19 00:30,4285.010000,1,30.760000,0.7200,55.820000,20.010000,692.400000
1818,Exit short,2025-08-18 13:30,4351.800000,1,-10.180000,-0.2300,0.000000,45.116667,661.640000
1818,Entry short,2025-08-18 13:00,4341.620000,1,-10.180000,-0.2300,0.000000,45.116667,661.640000
1817,Exit short,2025-08-18 13:30,4351.800000,1,-17.280000,-0.4000,0.000000,45.116667,671.820000
1817,Entry short,2025-08-18 12:45,4334.520000,1,-17.280000,-0.4000,0.000000,45.116667,671.820000
1816,Exit short,2025-08-18 13:30,4351.800000,1,-62.560000,-1.4600,2.890000,49.760000,689.100000
1816,Entry short,2025-08-18 12:30,4289.240000,1,-62.560000,-1.4600,2.890000,49.760000,689.100000
1815,Exit long,2025-08-18 01:30,4410.600000,1,-50.520000,-1.1300,13.780000,43.800000,751.660000
1815,Entry long,2025-08-18 01:00,4461.120000,1,-50.520000,-1.1300,13.780000,43.800000,751.660000
1814,Exit long,2025-08-18 01:30,4410.600000,1,-42.080000,-0.9500,13.790000,43.800000,802.180000
1814,Entry long,2025-08-18 00:45,4452.680000,1,-42.080000,-0.9500,13.790000,43.800000,802.180000
1813,Exit long,2025-08-18 01:30,4410.600000,1,-36.040000,-0.8100,13.790000,43.800000,844.260000
1813,Entry long,2025-08-18 00:30,4446.640000,1,-36.040000,-0.8100,13.790000,43.800000,844.260000
1812,Exit short,2025-08-17 13:30,4528.900000,1,11.100000,0.2400,24.726667,1.493333,880.300000
1812,Entry short,2025-08-17 13:00,4540.000000,1,11.100000,0.2400,24.726667,1.493333,880.300000
1811,Exit short,2025-08-17 13:30,4528.900000,1,13.070000,0.2900,24.726667,2.980000,869.200000
1811,Entry short,2025-08-17 12:45,4541.970000,1,13.070000,0.2900,24.726667,2.980000,869.200000
1810,Exit short,2025-08-17 13:30,4528.900000,1,11.310000,0.2500,24.726667,7.420000,856.130000
1810,Entry short,2025-08-17 12:30,4540.210000,1,11.310000,0.2500,24.726667,7.420000,856.130000
1809,Exit long,2025-08-17 01:30,4403.500000,1,-7.460000,-0.1700,0.000000,18.150000,844.820000
1809,Entry long,2025-08-17 01:00,4410.960000,1,-7.460000,-0.1700,0.000000,18.150000,844.820000
1808,Exit long,2025-08-17 01:30,4403.500000,1,-14.460000,-0.3300,3.395000,18.150000,852.280000
1808,Entry long,2025-08-17 00:45,4417.960000,1,-14.460000,-0.3300,3.395000,18.150000,852.280000
1807,Exit long,2025-08-17 01:30,4403.500000,1,-7.690000,-0.1700,14.550000,18.150000,866.740000
1807,Entry long,2025-08-17 00:30,4411.190000,1,-7.690000,-0.1700,14.550000,18.150000,866.740000
1806,Exit short,2025-08-16 13:30,4418.310000,1,-10.310000,-0.2300,0.000000,30.836667,874.430000
1806,Entry short,2025-08-16 13:00,4408.000000,1,-10.310000,-0.2300,0.000000,30.836667,874.430000
1805,Exit short,2025-08-16 13:30,4418.310000,1,-28.430000,-0.6500,7.045000,30.836667,884.740000
1805,Entry short,2025-08-16 12:45,4389.880000,1,-28.430000,-0.6500,7.045000,30.836667,884.740000
1804,Exit short,2025-08-16 13:30,4418.310000,1,-28.480000,-0.6500,7.045000,30.836667,913.170000
1804,Entry short,2025-08-16 12:30,4389.830000,1,-28.480000,-0.6500,7.045000,30.836667,913.170000
1803,Exit long,2025-08-16 01:30,4466.230000,1,-8.020000,-0.1800,21.536667,15.583333,941.650000
1803,Entry long,2025-08-16 01:00,4474.250000,1,-8.020000,-0.1800,21.536667,15.583333,941.650000
1802,Exit long,2025-08-16 01:30,4466.230000,1,-5.880000,-0.1300,21.536667,15.583333,949.670000
1802,Entry long,2025-08-16 00:45,4472.110000,1,-5.880000,-0.1300,21.536667,15.583333,949.670000
1801,Exit long,2025-08-16 01:30,4466.230000,1,15.840000,0.3600,23.300000,15.583333,955.550000
1801,Entry long,2025-08-16 00:30,4450.390000,1,15.840000,0.3600,23.300000,15.583333,955.550000
1800,Exit short,2025-08-15 13:30,4610.280000,1,16.300000,0.3500,21.090000,7.170000,939.710000
1800,Entry short,2025-08-15 13:00,4626.580000,1,16.300000,0.3500,21.090000,7.170000,939.710000
1799,Exit short,2025-08-15 13:30,4610.280000,1,17.450000,0.3800,21.090000,24.895000,923.410000
1799,Entry short,2025-08-15 12:45,4627.730000,1,17.450000,0.3800,21.090000,24.895000,923.410000
1798,Exit short,2025-08-15 13:30,4610.280000,1,1.980000,0.0400,29.260000,57.970000,905.960000
1798,Entry short,2025-08-15 12:30,4612.260000,1,1.980000,0.0400,29.260000,57.970000,905.960000
1797,Exit long,2025-08-15 01:30,4587.810000,1,26.960000,0.5900,28.796667,7.203333,903.980000
1797,Entry long,2025-08-15 01:00,4560.850000,1,26.960000,0.5900,28.796667,7.203333,903.980000
1796,Exit long,2025-08-15 01:30,4587.810000,1,18.660000,0.4100,29.970000,7.203333,877.020000
1796,Entry long,2025-08-15 00:45,4569.150000,1,18.660000,0.4100,29.970000,7.203333,877.020000
1795,Exit long,2025-08-15 01:30,4587.810000,1,36.900000,0.8100,29.970000,15.640000,858.360000
1795,Entry long,2025-08-15 00:30,4550.910000,1,36.900000,0.8100,29.970000,15.640000,858.360000
1794,Exit short,2025-08-14 13:30,4534.210000,1,34.270000,0.7500,178.900000,-0.000000,821.460000
1794,Entry short,2025-08-14 13:00,4568.480000,1,34.270000,0.7500,178.900000,-0.000000,821.460000
1793,Exit short,2025-08-14 13:30,4534.210000,1,85.020000,1.8400,178.900000,-0.000000,787.190000
1793,Entry short,2025-08-14 12:45,4619.230000,1,85.020000,1.8400,178.900000,-0.000000,787.190000
1792,Exit short,2025-08-14 13:30,4534.210000,1,179.780000,3.8100,217.990000,0.510000,702.170000
1792,Entry short,2025-08-14 12:30,4713.990000,1,179.780000,3.8100,217.990000,0.510000,702.170000
1791,Exit long,2025-08-14 01:30,4732.390000,1,17.600000,0.3700,5.040000,25.130000,522.390000
1791,Entry long,2025-08-14 01:00,4714.790000,1,17.600000,0.3700,5.040000,25.130000,522.390000
1790,Exit long,2025-08-14 01:30,4732.390000,1,0.740000,0.0200,5.040000,29.770000,504.790000
1790,Entry long,2025-08-14 00:45,4731.650000,1,0.740000,0.0200,5.040000,29.770000,504.790000
1789,Exit long,2025-08-14 01:30,4732.390000,1,-14.560000,-0.3100,17.790000,29.770000,504.050000
1789,Entry long,2025-08-14 00:30,4746.950000,1,-14.560000,-0.3100,17.790000,29.770000,504.050000
1788,Exit short,2025-08-13 13:30,4708.050000,1,-23.180000,-0.4900,25.933333,21.066667,518.610000
1788,Entry short,2025-08-13 13:00,4684.870000,1,-23.180000,-0.4900,25.933333,21.066667,518.610000
1787,Exit short,2025-08-13 13:30,4708.050000,1,12.330000,0.2600,35.565000,21.066667,541.790000
1787,Entry short,2025-08-13 12:45,4720.380000,1,12.330000,0.2600,35.565000,21.066667,541.790000
1786,Exit short,2025-08-13 13:30,4708.050000,1,-1.500000,-0.0300,35.565000,21.066667,529.460000
1786,Entry short,2025-08-13 12:30,4706.550000,1,-1.500000,-0.0300,35.565000,21.066667,529.460000
1785,Exit long,2025-08-13 01:30,4582.500000,1,-30.330000,-0.6600,3.033333,49.336667,530.960000
1785,Entry long,2025-08-13 01:00,4612.830000,1,-30.330000,-0.6600,3.033333,49.336667,530.960000
1784,Exit long,2025-08-13 01:30,4582.500000,1,-38.440000,-0.8300,23.470000,49.336667,561.290000
1784,Entry long,2025-08-13 00:45,4620.940000,1,-38.440000,-0.8300,23.470000,49.336667,561.290000
1783,Exit long,2025-08-13 01:30,4582.500000,1,-26.740000,-0.5800,24.630000,49.336667,599.730000
1783,Entry long,2025-08-13 00:30,4609.240000,1,-26.740000,-0.5800,24.630000,49.336667,599.730000
1782,Exit short,2025-08-12 13:30,4418.800000,1,-13.880000,-0.3200,2.126667,55.873333,626.470000
1782,Entry short,2025-08-12 13:00,4404.920000,1,-13.880000,-0.3200,2.126667,55.873333,626.470000
1781,Exit short,2025-08-12 13:30,4418.800000,1,-11.870000,-0.2700,2.126667,72.660000,640.350000
1781,Entry short,2025-08-12 12:45,4406.930000,1,-11.870000,-0.2700,2.126667,72.660000,640.350000
1780,Exit short,2025-08-12 13:30,4418.800000,1,-114.270000,-2.6500,2.126667,110.250000,652.220000
1780,Entry short,2025-08-12 12:30,4304.530000,1,-114.270000,-2.6500,2.126667,110.250000,652.220000
1779,Exit long,2025-08-12 01:30,4281.000000,1,9.000000,0.2100,41.316667,-0.000000,766.490000
1779,Entry long,2025-08-12 01:00,4272.000000,1,9.000000,0.2100,41.316667,-0.000000,766.490000
1778,Exit long,2025-08-12 01:30,4281.000000,1,45.840000,1.0800,44.590000,6.890000,757.490000
1778,Entry long,2025-08-12 00:45,4235.160000,1,45.840000,1.0800,44.590000,6.890000,757.490000
1777,Exit long,2025-08-12 01:30,4281.000000,1,40.160000,0.9500,44.590000,9.390000,711.650000
1777,Entry long,2025-08-12 00:30,4240.840000,1,40.160000,0.9500,44.590000,9.390000,711.650000
1776,Exit short,2025-08-11 13:30,4184.000000,1,-1.780000,-0.0400,10.243333,6.406667,671.490000
1776,Entry short,2025-08-11 13:00,4182.220000,1,-1.780000,-0.0400,10.243333,6.406667,671.490000
1775,Exit short,2025-08-11 13:30,4184.000000,1,-11.840000,-0.2800,10.243333,8.920000,673.270000
1775,Entry short,2025-08-11 12:45,4172.160000,1,-11.840000,-0.2800,10.243333,8.920000,673.270000
1774,Exit short,2025-08-11 13:30,4184.000000,1,-2.000000,-0.0500,17.770000,9.000000,685.110000
1774,Entry short,2025-08-11 12:30,4182.000000,1,-2.000000,-0.0500,17.770000,9.000000,685.110000
1773,Exit long,2025-08-11 01:30,4290.660000,1,30.080000,0.7100,35.693333,8.956667,687.110000
1773,Entry long,2025-08-11 01:00,4260.580000,1,30.080000,0.7100,35.693333,8.956667,687.110000
1772,Exit long,2025-08-11 01:30,4290.660000,1,24.290000,0.5700,35.693333,13.135000,657.030000
1772,Entry long,2025-08-11 00:45,4266.370000,1,24.290000,0.5700,35.693333,13.135000,657.030000
1771,Exit long,2025-08-11 01:30,4290.660000,1,15.420000,0.3600,35.693333,19.240000,632.740000
1771,Entry long,2025-08-11 00:30,4275.240000,1,15.420000,0.3600,35.693333,19.240000,632.740000
1770,Exit short,2025-08-10 13:30,4189.580000,1,9.550000,0.2300,6.080000,10.830000,617.320000
1770,Entry short,2025-08-10 13:00,4199.130000,1,9.550000,0.2300,6.080000,10.830000,617.320000
1769,Exit short,2025-08-10 13:30,4189.580000,1,2.820000,0.0700,6.080000,10.830000,607.770000
1769,Entry short,2025-08-10 12:45,4192.400000,1,2.820000,0.0700,6.080000,10.830000,607.770000
1768,Exit short,2025-08-10 13:30,4189.580000,1,-1.840000,-0.0400,6.400000,10.830000,604.950000
1768,Entry short,2025-08-10 12:30,4187.740000,1,-1.840000,-0.0400,6.400000,10.830000,604.950000
1767,Exit long,2025-08-10 01:30,4293.820000,1,-15.620000,-0.3600,36.110000,-0.000000,606.790000
1767,Entry long,2025-08-10 01:00,4309.440000,1,-15.620000,-0.3600,36.110000,-0.000000,606.790000
1766,Exit long,2025-08-10 01:30,4293.820000,1,8.020000,0.1900,58.175000,-0.000000,622.410000
1766,Entry long,2025-08-10 00:45,4285.800000,1,8.020000,0.1900,58.175000,-0.000000,622.410000
1765,Exit long,2025-08-10 01:30,4293.820000,1,31.990000,0.7500,58.175000,1.680000,614.390000
1765,Entry long,2025-08-10 00:30,4261.830000,1,31.990000,0.7500,58.175000,1.680000,614.390000
1764,Exit short,2025-08-09 13:30,4190.440000,1,4.960000,0.1200,29.016667,2.193333,582.400000
1764,Entry short,2025-08-09 13:00,4195.400000,1,4.960000,0.1200,29.016667,2.193333,582.400000
1763,Exit short,2025-08-09 13:30,4190.440000,1,-0.390000,-0.0100,29.016667,2.193333,577.440000
1763,Entry short,2025-08-09 12:45,4190.050000,1,-0.390000,-0.0100,29.016667,2.193333,577.440000
1762,Exit short,2025-08-09 13:30,4190.440000,1,13.210000,0.3100,29.016667,2.193333,577.830000
1762,Entry short,2025-08-09 12:30,4203.650000,1,13.210000,0.3100,29.016667,2.193333,577.830000
1761,Exit long,2025-08-09 01:30,4019.000000,1,2.920000,0.0700,6.286667,8.843333,564.620000
1761,Entry long,2025-08-09 01:00,4016.080000,1,2.920000,0.0700,6.286667,8.843333,564.620000
1760,Exit long,2025-08-09 01:30,4019.000000,1,-0.780000,-0.0200,6.286667,8.843333,561.700000
1760,Entry long,2025-08-09 00:45,4019.780000,1,-0.780000,-0.0200,6.286667,8.843333,561.700000
1759,Exit long,2025-08-09 01:30,4019.000000,1,1.000000,0.0200,6.286667,8.843333,562.480000
1759,Entry long,2025-08-09 00:30,4018.000000,1,1.000000,0.0200,6.286667,8.843333,562.480000
1758,Exit short,2025-08-08 13:30,3911.780000,1,-20.930000,-0.5400,8.790000,13.650000,561.480000
1758,Entry short,2025-08-08 13:00,3890.850000,1,-20.930000,-0.5400,8.790000,13.650000,561.480000
1757,Exit short,2025-08-08 13:30,3911.780000,1,-13.050000,-0.3300,12.160000,13.650000,582.410000
1757,Entry short,2025-08-08 12:45,3898.730000,1,-13.050000,-0.3300,12.160000,13.650000,582.410000
1756,Exit short,2025-08-08 13:30,3911.780000,1,-4.810000,-0.1200,12.160000,13.650000,595.460000
1756,Entry short,2025-08-08 12:30,3906.970000,1,-4.810000,-0.1200,12.160000,13.650000,595.460000
1755,Exit long,2025-08-08 01:30,3896.090000,1,-2.290000,-0.0600,10.733333,18.896667,600.270000
1755,Entry long,2025-08-08 01:00,3898.380000,1,-2.290000,-0.0600,10.733333,18.896667,600.270000
1754,Exit long,2025-08-08 01:30,3896.090000,1,-24.570000,-0.6300,19.490000,18.896667,602.560000
1754,Entry long,2025-08-08 00:45,3920.660000,1,-24.570000,-0.6300,19.490000,18.896667,602.560000
1753,Exit long,2025-08-08 01:30,3896.090000,1,-1.390000,-0.0400,38.400000,18.896667,627.130000
1753,Entry long,2025-08-08 00:30,3897.480000,1,-1.390000,-0.0400,38.400000,18.896667,627.130000
1752,Exit short,2025-08-07 13:30,3830.880000,1,17.600000,0.4600,17.166667,10.833333,628.520000
1752,Entry short,2025-08-07 13:00,3848.480000,1,17.600000,0.4600,17.166667,10.833333,628.520000
1751,Exit short,2025-08-07 13:30,3830.880000,1,11.240000,0.2900,17.166667,10.990000,610.920000
1751,Entry short,2025-08-07 12:45,3842.120000,1,11.240000,0.2900,17.166667,10.990000,610.920000
1750,Exit short,2025-08-07 13:30,3830.880000,1,5.020000,0.1300,17.166667,10.990000,599.680000
1750,Entry short,2025-08-07 12:30,3835.900000,1,5.020000,0.1300,17.166667,10.990000,599.680000
1749,Exit long,2025-08-07 01:30,3705.300000,1,32.670000,0.8900,40.250000,4.020000,594.660000
1749,Entry long,2025-08-07 01:00,3672.630000,1,32.670000,0.8900,40.250000,4.020000,594.660000
1748,Exit long,2025-08-07 01:30,3705.300000,1,32.790000,0.8900,40.250000,6.690000,561.990000
1748,Entry long,2025-08-07 00:45,3672.510000,1,32.790000,0.8900,40.250000,6.690000,561.990000
1747,Exit long,2025-08-07 01:30,3705.300000,1,29.190000,0.7900,40.250000,6.690000,529.200000
1747,Entry long,2025-08-07 00:30,3676.110000,1,29.190000,0.7900,40.250000,6.690000,529.200000
1746,Exit short,2025-08-06 13:30,3589.620000,1,-6.700000,-0.1900,11.520000,3.860000,500.010000
1746,Entry short,2025-08-06 13:00,3582.920000,1,-6.700000,-0.1900,11.520000,3.860000,500.010000
1745,Exit short,2025-08-06 13:30,3589.620000,1,1.340000,0.0400,15.725000,3.860000,506.710000
1745,Entry short,2025-08-06 12:45,3590.960000,1,1.340000,0.0400,15.725000,3.860000,506.710000
1744,Exit short,2025-08-06 13:30,3589.620000,1,5.750000,0.1600,15.725000,9.150000,505.370000
1744,Entry short,2025-08-06 12:30,3595.370000,1,5.750000,0.1600,15.725000,9.150000,505.370000
1743,Exit long,2025-08-06 01:30,3566.990000,1,-8.270000,-0.2300,0.000000,21.490000,499.620000
1743,Entry long,2025-08-06 01:00,3575.260000,1,-8.270000,-0.2300,0.000000,21.490000,499.620000
1742,Exit long,2025-08-06 01:30,3566.990000,1,-26.210000,-0.7300,1.095000,22.805000,507.890000
1742,Entry long,2025-08-06 00:45,3593.200000,1,-26.210000,-0.7300,1.095000,22.805000,507.890000
1741,Exit long,2025-08-06 01:30,3566.990000,1,-24.020000,-0.6700,8.100000,22.805000,534.100000
1741,Entry long,2025-08-06 00:30,3591.010000,1,-24.020000,-0.6700,8.100000,22.805000,534.100000
1740,Exit short,2025-08-05 13:30,3634.620000,1,-7.730000,-0.2100,19.703333,-0.000000,558.120000
1740,Entry short,2025-08-05 13:00,3626.890000,1,-7.730000,-0.2100,19.703333,-0.000000,558.120000
1739,Exit short,2025-08-05 13:30,3634.620000,1,-6.670000,-0.1800,23.010000,-0.000000,565.850000
1739,Entry short,2025-08-05 12:45,3627.950000,1,-6.670000,-0.1800,23.010000,-0.000000,565.850000
1738,Exit short,2025-08-05 13:30,3634.620000,1,20.650000,0.5600,47.270000,-0.000000,572.520000
1738,Entry short,2025-08-05 12:30,3655.270000,1,20.650000,0.5600,47.270000,-0.000000,572.520000
1737,Exit long,2025-08-05 01:30,3696.120000,1,0.700000,0.0200,7.903333,11.576667,551.870000
1737,Entry long,2025-08-05 01:00,3695.420000,1,0.700000,0.0200,7.903333,11.576667,551.870000
1736,Exit long,2025-08-05 01:30,3696.120000,1,-5.180000,-0.1400,7.903333,11.576667,551.170000
1736,Entry long,2025-08-05 00:45,3701.300000,1,-5.180000,-0.1400,7.903333,11.576667,551.170000
1735,Exit long,2025-08-05 01:30,3696.120000,1,0.080000,0.0000,13.460000,11.576667,556.350000
1735,Entry long,2025-08-05 00:30,3696.040000,1,0.080000,0.0000,13.460000,11.576667,556.350000
1734,Exit short,2025-08-04 13:30,3564.010000,1,4.680000,0.1300,2.923333,17.456667,556.270000
1734,Entry short,2025-08-04 13:00,3568.690000,1,4.680000,0.1300,2.923333,17.456667,556.270000
1733,Exit short,2025-08-04 13:30,3564.010000,1,-3.860000,-0.1100,2.923333,17.456667,551.590000
1733,Entry short,2025-08-04 12:45,3560.150000,1,-3.860000,-0.1100,2.923333,17.456667,551.590000
1732,Exit short,2025-08-04 13:30,3564.010000,1,-8.220000,-0.2300,4.710000,17.456667,555.450000
1732,Entry short,2025-08-04 12:30,3555.790000,1,-8.220000,-0.2300,4.710000,17.456667,555.450000
1731,Exit long,2025-08-04 01:30,3543.860000,1,-0.050000,-0.0000,29.206667,-0.000000,563.670000
1731,Entry long,2025-08-04 01:00,3543.910000,1,-0.050000,-0.0000,29.206667,-0.000000,563.670000
1730,Exit long,2025-08-04 01:30,3543.860000,1,14.610000,0.4100,29.206667,-0.000000,563.720000
1730,Entry long,2025-08-04 00:45,3529.250000,1,14.610000,0.4100,29.206667,-0.000000,563.720000
1729,Exit long,2025-08-04 01:30,3543.860000,1,30.640000,0.8700,29.206667,5.160000,549.110000
1729,Entry long,2025-08-04 00:30,3513.220000,1,30.640000,0.8700,29.206667,5.160000,549.110000
1728,Exit short,2025-08-03 13:30,3487.420000,1,0.570000,0.0200,4.433333,9.636667,518.470000
1728,Entry short,2025-08-03 13:00,3487.990000,1,0.570000,0.0200,4.433333,9.636667,518.470000
1727,Exit short,2025-08-03 13:30,3487.420000,1,4.750000,0.1400,4.433333,16.140000,517.900000
1727,Entry short,2025-08-03 12:45,3492.170000,1,4.750000,0.1400,4.433333,16.140000,517.900000
1726,Exit short,2025-08-03 13:30,3487.420000,1,-6.510000,-0.1900,4.433333,16.140000,513.150000
1726,Entry short,2025-08-03 12:30,3480.910000,1,-6.510000,-0.1900,4.433333,16.140000,513.150000
1725,Exit long,2025-08-03 01:30,3419.930000,1,11.680000,0.3400,28.666667,-0.000000,519.660000
1725,Entry long,2025-08-03 01:00,3408.250000,1,11.680000,0.3400,28.666667,-0.000000,519.660000
1724,Exit long,2025-08-03 01:30,3419.930000,1,26.350000,0.7800,28.666667,-0.000000,507.980000
1724,Entry long,2025-08-03 00:45,3393.580000,1,26.350000,0.7800,28.666667,-0.000000,507.980000
1723,Exit long,2025-08-03 01:30,3419.930000,1,43.140000,1.2800,28.666667,23.280000,481.630000
1723,Entry long,2025-08-03 00:30,3376.790000,1,43.140000,1.2800,28.666667,23.280000,481.630000
1722,Exit short,2025-08-02 13:30,3501.480000,1,5.740000,0.1600,4.803333,5.746667,438.490000
1722,Entry short,2025-08-02 13:00,3507.220000,1,5.740000,0.1600,4.803333,5.746667,438.490000
1721,Exit short,2025-08-02 13:30,3501.480000,1,-1.530000,-0.0400,6.025000,7.965000,432.750000
1721,Entry short,2025-08-02 12:45,3499.950000,1,-1.530000,-0.0400,6.025000,7.965000,432.750000
1720,Exit short,2025-08-02 13:30,3501.480000,1,5.880000,0.1700,8.010000,7.965000,434.280000
1720,Entry short,2025-08-02 12:30,3507.360000,1,5.880000,0.1700,8.010000,7.965000,434.280000
1719,Exit long,2025-08-02 01:30,3502.260000,1,-11.620000,-0.3300,24.473333,-0.000000,428.400000
1719,Entry long,2025-08-02 01:00,3513.880000,1,-11.620000,-0.3300,24.473333,-0.000000,428.400000
1718,Exit long,2025-08-02 01:30,3502.260000,1,13.880000,0.4000,25.670000,0.520000,440.020000
1718,Entry long,2025-08-02 00:45,3488.380000,1,13.880000,0.4000,25.670000,0.520000,440.020000
1717,Exit long,2025-08-02 01:30,3502.260000,1,13.980000,0.4000,25.670000,8.570000,426.140000
1717,Entry long,2025-08-02 00:30,3488.280000,1,13.980000,0.4000,25.670000,8.570000,426.140000
1716,Exit short,2025-08-01 13:30,3652.200000,1,9.350000,0.2600,8.900000,17.440000,412.160000
1716,Entry short,2025-08-01 13:00,3661.550000,1,9.350000,0.2600,8.900000,17.440000,412.160000
1715,Exit short,2025-08-01 13:30,3652.200000,1,14.920000,0.4100,8.900000,17.835000,402.810000
1715,Entry short,2025-08-01 12:45,3667.120000,1,14.920000,0.4100,8.900000,17.835000,402.810000
1714,Exit short,2025-08-01 13:30,3652.200000,1,-8.670000,-0.2400,15.060000,27.870000,387.890000
1714,Entry short,2025-08-01 12:30,3643.530000,1,-8.670000,-0.2400,15.060000,27.870000,387.890000
1713,Exit long,2025-08-01 01:30,3681.480000,1,1.470000,0.0400,15.713333,28.706667,396.560000
1713,Entry long,2025-08-01 01:00,3680.010000,1,1.470000,0.0400,15.713333,28.706667,396.560000
1712,Exit long,2025-08-01 01:30,3681.480000,1,13.960000,0.3800,15.713333,64.445000,395.090000
1712,Entry long,2025-08-01 00:45,3667.520000,1,13.960000,0.3800,15.713333,64.445000,395.090000
1711,Exit long,2025-08-01 01:30,3681.480000,1,-7.230000,-0.2000,15.713333,64.445000,381.130000
1711,Entry long,2025-08-01 00:30,3688.710000,1,-7.230000,-0.2000,15.713333,64.445000,381.130000
1710,Exit short,2025-07-31 13:30,3799.500000,1,33.510000,0.8700,43.976667,0.313333,388.360000
1710,Entry short,2025-07-31 13:00,3833.010000,1,33.510000,0.8700,43.976667,0.313333,388.360000
1709,Exit short,2025-07-31 13:30,3799.500000,1,25.940000,0.6800,43.976667,4.080000,354.850000
1709,Entry short,2025-07-31 12:45,3825.440000,1,25.940000,0.6800,43.976667,4.080000,354.850000
1708,Exit short,2025-07-31 13:30,3799.500000,1,41.760000,1.0900,43.976667,4.080000,328.910000
1708,Entry short,2025-07-31 12:30,3841.260000,1,41.760000,1.0900,43.976667,4.080000,328.910000
1707,Exit long,2025-07-31 01:30,3845.400000,1,2.790000,0.0700,9.533333,8.416667,287.150000
1707,Entry long,2025-07-31 01:00,3842.610000,1,2.790000,0.0700,9.533333,8.416667,287.150000
1706,Exit long,2025-07-31 01:30,3845.400000,1,3.960000,0.1000,16.505000,8.416667,284.360000
1706,Entry long,2025-07-31 00:45,3841.440000,1,3.960000,0.1000,16.505000,8.416667,284.360000
1705,Exit long,2025-07-31 01:30,3845.400000,1,21.850000,0.5700,23.110000,8.416667,280.400000
1705,Entry long,2025-07-31 00:30,3823.550000,1,21.850000,0.5700,23.110000,8.416667,280.400000
1704,Exit short,2025-07-30 13:30,3754.480000,1,17.810000,0.4700,17.850000,13.290000,258.550000
1704,Entry short,2025-07-30 13:00,3772.290000,1,17.810000,0.4700,17.850000,13.290000,258.550000
1703,Exit short,2025-07-30 13:30,3754.480000,1,13.800000,0.3700,17.850000,13.290000,240.740000
1703,Entry short,2025-07-30 12:45,3768.280000,1,13.800000,0.3700,17.850000,13.290000,240.740000
1702,Exit short,2025-07-30 13:30,3754.480000,1,18.910000,0.5000,17.850000,13.290000,226.940000
1702,Entry short,2025-07-30 12:30,3773.390000,1,18.910000,0.5000,17.850000,13.290000,226.940000
1701,Exit long,2025-07-30 01:30,3768.990000,1,-4.340000,-0.1200,14.610000,9.220000,208.030000
1701,Entry long,2025-07-30 01:00,3773.330000,1,-4.340000,-0.1200,14.610000,9.220000,208.030000
1700,Exit long,2025-07-30 01:30,3768.990000,1,3.750000,0.1000,14.610000,13.715000,212.370000
1700,Entry long,2025-07-30 00:45,3765.240000,1,3.750000,0.1000,14.610000,13.715000,212.370000
1699,Exit long,2025-07-30 01:30,3768.990000,1,-0.580000,-0.0200,14.610000,13.715000,208.620000
1699,Entry long,2025-07-30 00:30,3769.570000,1,-0.580000,-0.0200,14.610000,13.715000,208.620000
1698,Exit short,2025-07-29 13:30,3864.290000,1,-12.800000,-0.3300,11.820000,23.140000,209.200000
1698,Entry short,2025-07-29 13:00,3851.490000,1,-12.800000,-0.3300,11.820000,23.140000,209.200000
1697,Exit short,2025-07-29 13:30,3864.290000,1,-9.720000,-0.2500,11.820000,23.140000,222.000000
1697,Entry short,2025-07-29 12:45,3854.570000,1,-9.720000,-0.2500,11.820000,23.140000,222.000000
1696,Exit short,2025-07-29 13:30,3864.290000,1,-14.860000,-0.3900,11.820000,23.140000,231.720000
1696,Entry short,2025-07-29 12:30,3849.430000,1,-14.860000,-0.3900,11.820000,23.140000,231.720000
1695,Exit long,2025-07-29 01:30,3793.750000,1,14.880000,0.3900,16.640000,13.080000,246.580000
1695,Entry long,2025-07-29 01:00,3778.870000,1,14.880000,0.3900,16.640000,13.080000,246.580000
1694,Exit long,2025-07-29 01:30,3793.750000,1,40.580000,1.0800,16.640000,35.295000,231.700000
1694,Entry long,2025-07-29 00:45,3753.170000,1,40.580000,1.0800,16.640000,35.295000,231.700000
1693,Exit long,2025-07-29 01:30,3793.750000,1,-14.090000,-0.3700,16.640000,73.840000,191.120000
1693,Entry long,2025-07-29 00:30,3807.840000,1,-14.090000,-0.3700,16.640000,73.840000,191.120000
1692,Exit short,2025-07-28 13:30,3843.480000,1,26.340000,0.6800,45.550000,-0.000000,205.210000
1692,Entry short,2025-07-28 13:00,3869.820000,1,26.340000,0.6800,45.550000,-0.000000,205.210000
1691,Exit short,2025-07-28 13:30,3843.480000,1,41.960000,1.0800,45.550000,2.365000,178.870000
1691,Entry short,2025-07-28 12:45,3885.440000,1,41.960000,1.0800,45.550000,2.365000,178.870000
1690,Exit short,2025-07-28 13:30,3843.480000,1,38.890000,1.0000,45.550000,6.070000,136.910000
1690,Entry short,2025-07-28 12:30,3882.370000,1,38.890000,1.0000,45.550000,6.070000,136.910000
1689,Exit long,2025-07-28 01:30,3858.690000,1,-1.550000,-0.0400,0.000000,22.430000,98.020000
1689,Entry long,2025-07-28 01:00,3860.240000,1,-1.550000,-0.0400,0.000000,22.430000,98.020000
1688,Exit long,2025-07-28 01:30,3858.690000,1,-5.460000,-0.1400,0.000000,22.430000,99.570000
1688,Entry long,2025-07-28 00:45,3864.150000,1,-5.460000,-0.1400,0.000000,22.430000,99.570000
1687,Exit long,2025-07-28 01:30,3858.690000,1,-25.450000,-0.6600,0.850000,22.430000,105.030000
1687,Entry long,2025-07-28 00:30,3884.140000,1,-25.450000,-0.6600,0.850000,22.430000,105.030000
1686,Exit short,2025-07-27 13:30,3818.850000,1,6.230000,0.1600,3.853333,13.126667,130.480000
1686,Entry short,2025-07-27 13:00,3825.080000,1,6.230000,0.1600,3.853333,13.126667,130.480000
1685,Exit short,2025-07-27 13:30,3818.850000,1,-7.230000,-0.1900,3.853333,16.700000,124.250000
1685,Entry short,2025-07-27 12:45,3811.620000,1,-7.230000,-0.1900,3.853333,16.700000,124.250000
1684,Exit short,2025-07-27 13:30,3818.850000,1,-4.990000,-0.1300,9.740000,16.700000,131.480000
1684,Entry short,2025-07-27 12:30,3813.860000,1,-4.990000,-0.1300,9.740000,16.700000,131.480000
1683,Exit long,2025-07-27 01:30,3764.280000,1,9.480000,0.2500,25.680000,-0.000000,136.470000
1683,Entry long,2025-07-27 01:00,3754.800000,1,9.480000,0.2500,25.680000,-0.000000,136.470000
1682,Exit long,2025-07-27 01:30,3764.280000,1,21.230000,0.5700,25.680000,2.770000,126.990000
1682,Entry long,2025-07-27 00:45,3743.050000,1,21.230000,0.5700,25.680000,2.770000,126.990000
1681,Exit long,2025-07-27 01:30,3764.280000,1,24.130000,0.6500,25.680000,2.770000,105.760000
1681,Entry long,2025-07-27 00:30,3740.150000,1,24.130000,0.6500,25.680000,2.770000,105.760000
1680,Exit short,2025-07-26 13:30,3744.000000,1,-3.110000,-0.0800,7.023333,8.606667,81.630000
1680,Entry short,2025-07-26 13:00,3740.890000,1,-3.110000,-0.0800,7.023333,8.606667,81.630000
1679,Exit short,2025-07-26 13:30,3744.000000,1,0.100000,0.0000,7.023333,8.820000,84.740000
1679,Entry short,2025-07-26 12:45,3744.100000,1,0.100000,0.0000,7.023333,8.820000,84.740000
1678,Exit short,2025-07-26 13:30,3744.000000,1,-2.920000,-0.0800,7.023333,8.820000,84.640000
1678,Entry short,2025-07-26 12:30,3741.080000,1,-2.920000,-0.0800,7.023333,8.820000,84.640000
1677,Exit long,2025-07-26 01:30,3718.580000,1,-6.180000,-0.1700,1.613333,10.646667,87.560000
1677,Entry long,2025-07-26 01:00,3724.760000,1,-6.180000,-0.1700,1.613333,10.646667,87.560000
1676,Exit long,2025-07-26 01:30,3718.580000,1,-0.980000,-0.0300,1.880000,10.646667,93.740000
1676,Entry long,2025-07-26 00:45,3719.560000,1,-0.980000,-0.0300,1.880000,10.646667,93.740000
1675,Exit long,2025-07-26 01:30,3718.580000,1,-8.100000,-0.2200,1.880000,10.646667,94.720000
1675,Entry long,2025-07-26 00:30,3726.680000,1,-8.100000,-0.2200,1.880000,10.646667,94.720000
1674,Exit short,2025-07-25 13:30,3703.970000,1,-0.440000,-0.0100,22.376667,-0.000000,102.820000
1674,Entry short,2025-07-25 13:00,3703.530000,1,-0.440000,-0.0100,22.376667,-0.000000,102.820000
1673,Exit short,2025-07-25 13:30,3703.970000,1,24.510000,0.6600,29.755000,9.405000,103.260000
1673,Entry short,2025-07-25 12:45,3728.480000,1,24.510000,0.6600,29.755000,9.405000,103.260000
1672,Exit short,2025-07-25 13:30,3703.970000,1,9.880000,0.2700,29.755000,18.740000,78.750000
1672,Entry short,2025-07-25 12:30,3713.850000,1,9.880000,0.2700,29.755000,18.740000,78.750000
1671,Exit long,2025-07-25 01:30,3658.230000,1,-0.290000,-0.0100,2.526667,29.543333,68.870000
1671,Entry long,2025-07-25 01:00,3658.520000,1,-0.290000,-0.0100,2.526667,29.543333,68.870000
1670,Exit long,2025-07-25 01:30,3658.230000,1,-7.720000,-0.2100,2.526667,29.543333,69.160000
1670,Entry long,2025-07-25 00:45,3665.950000,1,-7.720000,-0.2100,2.526667,29.543333,69.160000
1669,Exit long,2025-07-25 01:30,3658.230000,1,-26.890000,-0.7300,2.526667,39.690000,76.880000
1669,Entry long,2025-07-25 00:30,3685.120000,1,-26.890000,-0.7300,2.526667,39.690000,76.880000
1668,Exit short,2025-07-24 13:30,3645.440000,1,-3.750000,-0.1000,2.043333,13.446667,103.770000
1668,Entry short,2025-07-24 13:00,3641.690000,1,-3.750000,-0.1000,2.043333,13.446667,103.770000
1667,Exit short,2025-07-24 13:30,3645.440000,1,-21.510000,-0.5900,14.530000,13.446667,107.520000
1667,Entry short,2025-07-24 12:45,3623.930000,1,-21.510000,-0.5900,14.530000,13.446667,107.520000
1666,Exit short,2025-07-24 13:30,3645.440000,1,-1.490000,-0.0400,25.480000,13.446667,129.030000
1666,Entry short,2025-07-24 12:30,3643.950000,1,-1.490000,-0.0400,25.480000,13.446667,129.030000
1665,Exit long,2025-07-24 01:30,3636.870000,1,-8.040000,-0.2200,8.610000,5.140000,130.520000
1665,Entry long,2025-07-24 01:00,3644.910000,1,-8.040000,-0.2200,8.610000,5.140000,130.520000
1664,Exit long,2025-07-24 01:30,3636.870000,1,-1.820000,-0.0500,9.385000,5.625000,138.560000
1664,Entry long,2025-07-24 00:45,3638.690000,1,-1.820000,-0.0500,9.385000,5.625000,138.560000
1663,Exit long,2025-07-24 01:30,3636.870000,1,3.050000,0.0800,9.385000,6.330000,140.380000
1663,Entry long,2025-07-24 00:30,3633.820000,1,3.050000,0.0800,9.385000,6.330000,140.380000
1662,Exit short,2025-07-23 13:30,3661.300000,1,-21.940000,-0.6000,26.036667,9.173333,137.330000
1662,Entry short,2025-07-23 13:00,3639.360000,1,-21.940000,-0.6000,26.036667,9.173333,137.330000
1661,Exit short,2025-07-23 13:30,3661.300000,1,-8.430000,-0.2300,30.365000,9.173333,159.270000
1661,Entry short,2025-07-23 12:45,3652.870000,1,-8.430000,-0.2300,30.365000,9.173333,159.270000
1660,Exit short,2025-07-23 13:30,3661.300000,1,12.240000,0.3300,30.365000,9.173333,167.700000
1660,Entry short,2025-07-23 12:30,3673.540000,1,12.240000,0.3300,30.365000,9.173333,167.700000
1659,Exit long,2025-07-23 01:30,3722.930000,1,-2.050000,-0.0600,2.490000,21.300000,155.460000
1659,Entry long,2025-07-23 01:00,3724.980000,1,-2.050000,-0.0600,2.490000,21.300000,155.460000
1658,Exit long,2025-07-23 01:30,3722.930000,1,-18.570000,-0.5000,9.180000,21.300000,157.510000
1658,Entry long,2025-07-23 00:45,3741.500000,1,-18.570000,-0.5000,9.180000,21.300000,157.510000
1657,Exit long,2025-07-23 01:30,3722.930000,1,-10.490000,-0.2800,14.240000,21.300000,176.080000
1657,Entry long,2025-07-23 00:30,3733.420000,1,-10.490000,-0.2800,14.240000,21.300000,176.080000
1656,Exit short,2025-07-22 13:30,3695.070000,1,6.010000,0.1600,10.273333,4.276667,186.570000
1656,Entry short,2025-07-22 13:00,3701.080000,1,6.010000,0.1600,10.273333,4.276667,186.570000
1655,Exit short,2025-07-22 13:30,3695.070000,1,8.900000,0.2400,10.465000,4.276667,180.560000
1655,Entry short,2025-07-22 12:45,3703.970000,1,8.900000,0.2400,10.465000,4.276667,180.560000
1654,Exit short,2025-07-22 13:30,3695.070000,1,5.050000,0.1400,10.465000,7.760000,171.660000
1654,Entry short,2025-07-22 12:30,3700.120000,1,5.050000,0.1400,10.465000,7.760000,171.660000
1653,Exit long,2025-07-22 01:30,3741.860000,1,0.420000,0.0100,0.000000,60.923333,166.610000
1653,Entry long,2025-07-22 01:00,3741.440000,1,0.420000,0.0100,0.000000,60.923333,166.610000
1652,Exit long,2025-07-22 01:30,3741.860000,1,-5.140000,-0.1400,3.505000,60.923333,166.190000
1652,Entry long,2025-07-22 00:45,3747.000000,1,-5.140000,-0.1400,3.505000,60.923333,166.190000
1651,Exit long,2025-07-22 01:30,3741.860000,1,-32.130000,-0.8500,3.505000,60.923333,171.330000
1651,Entry long,2025-07-22 00:30,3773.990000,1,-32.130000,-0.8500,3.505000,60.923333,171.330000
1650,Exit short,2025-07-21 13:30,3788.280000,1,21.400000,0.5600,39.546667,1.923333,203.460000
1650,Entry short,2025-07-21 13:00,3809.680000,1,21.400000,0.5600,39.546667,1.923333,203.460000
1649,Exit short,2025-07-21 13:30,3788.280000,1,27.210000,0.7100,39.546667,9.825000,182.060000
1649,Entry short,2025-07-21 12:45,3815.490000,1,27.210000,0.7100,39.546667,9.825000,182.060000
1648,Exit short,2025-07-21 13:30,3788.280000,1,26.080000,0.6800,39.546667,9.825000,154.850000
1648,Entry short,2025-07-21 12:30,3814.360000,1,26.080000,0.6800,39.546667,9.825000,154.850000
1647,Exit long,2025-07-21 01:30,3727.970000,1,-18.160000,-0.4800,18.936667,13.803333,128.770000
1647,Entry long,2025-07-21 01:00,3746.130000,1,-18.160000,-0.4800,18.936667,13.803333,128.770000
1646,Exit long,2025-07-21 01:30,3727.970000,1,-0.060000,-0.0000,18.936667,13.803333,146.930000
1646,Entry long,2025-07-21 00:45,3728.030000,1,-0.060000,-0.0000,18.936667,13.803333,146.930000
1645,Exit long,2025-07-21 01:30,3727.970000,1,-0.780000,-0.0200,18.936667,16.750000,146.990000
1645,Entry long,2025-07-21 00:30,3728.750000,1,-0.780000,-0.0200,18.936667,16.750000,146.990000
1644,Exit short,2025-07-20 13:30,3741.440000,1,4.900000,0.1300,0.000000,20.083333,147.770000
1644,Entry short,2025-07-20 13:00,3746.340000,1,4.900000,0.1300,0.000000,20.083333,147.770000
1643,Exit short,2025-07-20 13:30,3741.440000,1,-5.900000,-0.1600,2.145000,20.083333,142.870000
1643,Entry short,2025-07-20 12:45,3735.540000,1,-5.900000,-0.1600,2.145000,20.083333,142.870000
1642,Exit short,2025-07-20 13:30,3741.440000,1,-12.570000,-0.3400,3.870000,20.083333,148.770000
1642,Entry short,2025-07-20 12:30,3728.870000,1,-12.570000,-0.3400,3.870000,20.083333,148.770000
1641,Exit long,2025-07-20 01:30,3607.730000,1,17.450000,0.4900,40.743333,-0.000000,161.340000
1641,Entry long,2025-07-20 01:00,3590.280000,1,17.450000,0.4900,40.743333,-0.000000,161.340000
1640,Exit long,2025-07-20 01:30,3607.730000,1,22.230000,0.6200,40.743333,-0.000000,143.890000
1640,Entry long,2025-07-20 00:45,3585.500000,1,22.230000,0.6200,40.743333,-0.000000,143.890000
1639,Exit long,2025-07-20 01:30,3607.730000,1,27.740000,0.7700,40.743333,0.980000,121.660000
1639,Entry long,2025-07-20 00:30,3579.990000,1,27.740000,0.7700,40.743333,0.980000,121.660000
1638,Exit short,2025-07-19 13:30,3563.550000,1,-2.430000,-0.0700,2.163333,13.186667,93.920000
1638,Entry short,2025-07-19 13:00,3561.120000,1,-2.430000,-0.0700,2.163333,13.186667,93.920000
1637,Exit short,2025-07-19 13:30,3563.550000,1,-12.260000,-0.3500,2.163333,14.790000,96.350000
1637,Entry short,2025-07-19 12:45,3551.290000,1,-12.260000,-0.3500,2.163333,14.790000,96.350000
1636,Exit short,2025-07-19 13:30,3563.550000,1,-15.420000,-0.4300,5.940000,14.790000,108.610000
1636,Entry short,2025-07-19 12:30,3548.130000,1,-15.420000,-0.4300,5.940000,14.790000,108.610000
1635,Exit long,2025-07-19 01:30,3536.760000,1,15.130000,0.4300,0.000000,35.236667,124.030000
1635,Entry long,2025-07-19 01:00,3521.630000,1,15.130000,0.4300,0.000000,35.236667,124.030000
1634,Exit long,2025-07-19 01:30,3536.760000,1,-7.850000,-0.2200,0.000000,35.236667,108.900000
1634,Entry long,2025-07-19 00:45,3544.610000,1,-7.850000,-0.2200,0.000000,35.236667,108.900000
1633,Exit long,2025-07-19 01:30,3536.760000,1,-17.710000,-0.5000,10.370000,35.236667,116.750000
1633,Entry long,2025-07-19 00:30,3554.470000,1,-17.710000,-0.5000,10.370000,35.236667,116.750000
1632,Exit short,2025-07-18 13:30,3623.090000,1,16.110000,0.4400,5.510000,38.980000,134.460000
1632,Entry short,2025-07-18 13:00,3639.200000,1,16.110000,0.4400,5.510000,38.980000,134.460000
1631,Exit short,2025-07-18 13:30,3623.090000,1,-10.390000,-0.2900,5.510000,38.980000,118.350000
1631,Entry short,2025-07-18 12:45,3612.700000,1,-10.390000,-0.2900,5.510000,38.980000,118.350000
1630,Exit short,2025-07-18 13:30,3623.090000,1,-26.960000,-0.7500,5.510000,38.980000,128.740000
1630,Entry short,2025-07-18 12:30,3596.130000,1,-26.960000,-0.7500,5.510000,38.980000,128.740000
1629,Exit long,2025-07-18 01:30,3577.410000,1,40.040000,1.1300,78.430000,-0.000000,155.700000
1629,Entry long,2025-07-18 01:00,3537.370000,1,40.040000,1.1300,78.430000,-0.000000,155.700000
1628,Exit long,2025-07-18 01:30,3577.410000,1,61.390000,1.7500,78.430000,-0.000000,115.660000
1628,Entry long,2025-07-18 00:45,3516.020000,1,61.390000,1.7500,78.430000,-0.000000,115.660000
1627,Exit long,2025-07-18 01:30,3577.410000,1,99.090000,2.8500,78.430000,-0.000000,54.270000
1627,Entry long,2025-07-18 00:30,3478.320000,1,99.090000,2.8500,78.430000,-0.000000,54.270000
1626,Exit short,2025-07-17 13:30,3423.700000,1,2.880000,0.0800,15.076667,6.013333,-44.820000
1626,Entry short,2025-07-17 13:00,3426.580000,1,2.880000,0.0800,15.076667,6.013333,-44.820000
1625,Exit short,2025-07-17 13:30,3423.700000,1,13.790000,0.4000,15.076667,12.555000,-47.700000
1625,Entry short,2025-07-17 12:45,3437.490000,1,13.790000,0.4000,15.076667,12.555000,-47.700000
1624,Exit short,2025-07-17 13:30,3423.700000,1,-6.540000,-0.1900,15.076667,22.500000,-61.490000
1624,Entry short,2025-07-17 12:30,3417.160000,1,-6.540000,-0.1900,15.076667,22.500000,-61.490000
1623,Exit long,2025-07-17 01:30,3373.390000,1,-2.110000,-0.0600,13.820000,16.390000,-54.950000
1623,Entry long,2025-07-17 01:00,3375.500000,1,-2.110000,-0.0600,13.820000,16.390000,-54.950000
1622,Exit long,2025-07-17 01:30,3373.390000,1,-13.490000,-0.4000,13.820000,16.390000,-52.840000
1622,Entry long,2025-07-17 00:45,3386.880000,1,-13.490000,-0.4000,13.820000,16.390000,-52.840000
1621,Exit long,2025-07-17 01:30,3373.390000,1,-8.610000,-0.2500,13.820000,16.390000,-39.350000
1621,Entry long,2025-07-17 00:30,3382.000000,1,-8.610000,-0.2500,13.820000,16.390000,-39.350000
1620,Exit short,2025-07-16 13:30,3171.410000,1,-7.590000,-0.2400,7.830000,23.030000,-30.740000
1620,Entry short,2025-07-16 13:00,3163.820000,1,-7.590000,-0.2400,7.830000,23.030000,-30.740000
1619,Exit short,2025-07-16 13:30,3171.410000,1,0.060000,0.0000,7.830000,23.030000,-23.150000
1619,Entry short,2025-07-16 12:45,3171.470000,1,0.060000,0.0000,7.830000,23.030000,-23.150000
1618,Exit short,2025-07-16 13:30,3171.410000,1,-9.720000,-0.3100,8.690000,23.030000,-23.210000
1618,Entry short,2025-07-16 12:30,3161.690000,1,-9.720000,-0.3100,8.690000,23.030000,-23.210000
1617,Exit long,2025-07-16 01:30,3141.060000,1,-1.180000,-0.0400,14.216667,4.453333,-13.490000
1617,Entry long,2025-07-16 01:00,3142.240000,1,-1.180000,-0.0400,14.216667,4.453333,-13.490000
1616,Exit long,2025-07-16 01:30,3141.060000,1,5.910000,0.1900,17.605000,4.453333,-12.310000
1616,Entry long,2025-07-16 00:45,3135.150000,1,5.910000,0.1900,17.605000,4.453333,-12.310000
1615,Exit long,2025-07-16 01:30,3141.060000,1,14.100000,0.4500,26.880000,4.453333,-18.220000
1615,Entry long,2025-07-16 00:30,3126.960000,1,14.100000,0.4500,26.880000,4.453333,-18.220000
1614,Exit short,2025-07-15 13:30,3030.010000,1,-30.610000,-1.0200,0.000000,49.000000,-32.320000
1614,Entry short,2025-07-15 13:00,2999.400000,1,-30.610000,-1.0200,0.000000,49.000000,-32.320000
1613,Exit short,2025-07-15 13:30,3030.010000,1,-54.770000,-1.8400,2.725000,49.000000,-1.710000
1613,Entry short,2025-07-15 12:45,2975.240000,1,-54.770000,-1.8400,2.725000,49.000000,-1.710000
1612,Exit short,2025-07-15 13:30,3030.010000,1,-49.800000,-1.6700,13.800000,49.000000,53.060000
1612,Entry short,2025-07-15 12:30,2980.210000,1,-49.800000,-1.6700,13.800000,49.000000,53.060000
1611,Exit long,2025-07-15 01:30,2976.430000,1,-15.350000,-0.5100,0.000000,40.153333,102.860000
1611,Entry long,2025-07-15 01:00,2991.780000,1,-15.350000,-0.5100,0.000000,40.153333,102.860000
1610,Exit long,2025-07-15 01:30,2976.430000,1,-19.530000,-0.6500,0.000000,40.153333,118.210000
1610,Entry long,2025-07-15 00:45,2995.960000,1,-19.530000,-0.6500,0.000000,40.153333,118.210000
1609,Exit long,2025-07-15 01:30,2976.430000,1,-41.210000,-1.3700,0.000000,40.153333,137.740000
1609,Entry long,2025-07-15 00:30,3017.640000,1,-41.210000,-1.3700,0.000000,40.153333,137.740000
1608,Exit short,2025-07-14 13:30,3045.770000,1,4.810000,0.1600,6.316667,10.963333,178.950000
1608,Entry short,2025-07-14 13:00,3050.580000,1,4.810000,0.1600,6.316667,10.963333,178.950000
1607,Exit short,2025-07-14 13:30,3045.770000,1,-3.920000,-0.1300,9.970000,10.963333,174.140000
1607,Entry short,2025-07-14 12:45,3041.850000,1,-3.920000,-0.1300,9.970000,10.963333,174.140000
1606,Exit short,2025-07-14 13:30,3045.770000,1,-0.480000,-0.0200,10.080000,10.963333,178.060000
1606,Entry short,2025-07-14 12:30,3045.290000,1,-0.480000,-0.0200,10.080000,10.963333,178.060000
1605,Exit long,2025-07-14 01:30,2965.000000,1,-8.940000,-0.3000,0.000000,14.753333,178.540000
1605,Entry long,2025-07-14 01:00,2973.940000,1,-8.940000,-0.3000,0.000000,14.753333,178.540000
1604,Exit long,2025-07-14 01:30,2965.000000,1,-19.390000,-0.6500,3.900000,14.753333,187.480000
1604,Entry long,2025-07-14 00:45,2984.390000,1,-19.390000,-0.6500,3.900000,14.753333,187.480000
1603,Exit long,2025-07-14 01:30,2965.000000,1,-12.810000,-0.4300,8.190000,14.753333,206.870000
1603,Entry long,2025-07-14 00:30,2977.810000,1,-12.810000,-0.4300,8.190000,14.753333,206.870000
1602,Exit short,2025-07-13 13:30,2977.970000,1,7.040000,0.2400,1.683333,15.636667,219.680000
1602,Entry short,2025-07-13 13:00,2985.010000,1,7.040000,0.2400,1.683333,15.636667,219.680000
1601,Exit short,2025-07-13 13:30,2977.970000,1,-5.300000,-0.1800,1.683333,24.590000,212.640000
1601,Entry short,2025-07-13 12:45,2972.670000,1,-5.300000,-0.1800,1.683333,24.590000,212.640000
1600,Exit short,2025-07-13 13:30,2977.970000,1,-14.060000,-0.4700,1.780000,24.590000,217.940000
1600,Entry short,2025-07-13 12:30,2963.910000,1,-14.060000,-0.4700,1.780000,24.590000,217.940000
1599,Exit long,2025-07-13 01:30,2943.990000,1,0.560000,0.0200,1.990000,7.900000,232.000000
1599,Entry long,2025-07-13 01:00,2943.430000,1,0.560000,0.0200,1.990000,7.900000,232.000000
1598,Exit long,2025-07-13 01:30,2943.990000,1,-3.220000,-0.1100,2.265000,7.900000,231.440000
1598,Entry long,2025-07-13 00:45,2947.210000,1,-3.220000,-0.1100,2.265000,7.900000,231.440000
1597,Exit long,2025-07-13 01:30,2943.990000,1,-1.210000,-0.0400,3.800000,7.900000,234.660000
1597,Entry long,2025-07-13 00:30,2945.200000,1,-1.210000,-0.0400,3.800000,7.900000,234.660000
1596,Exit short,2025-07-12 13:30,2926.430000,1,15.600000,0.5300,16.633333,1.096667,235.870000
1596,Entry short,2025-07-12 13:00,2942.030000,1,15.600000,0.5300,16.633333,1.096667,235.870000
1595,Exit short,2025-07-12 13:30,2926.430000,1,6.230000,0.2100,27.385000,2.235000,220.270000
1595,Entry short,2025-07-12 12:45,2932.660000,1,6.230000,0.2100,27.385000,2.235000,220.270000
1594,Exit short,2025-07-12 13:30,2926.430000,1,21.680000,0.7400,27.385000,4.140000,214.040000
1594,Entry short,2025-07-12 12:30,2948.110000,1,21.680000,0.7400,27.385000,4.140000,214.040000
1593,Exit long,2025-07-12 01:30,2963.700000,1,11.880000,0.4000,17.756667,-0.000000,192.360000
1593,Entry long,2025-07-12 01:00,2951.820000,1,11.880000,0.4000,17.756667,-0.000000,192.360000
1592,Exit long,2025-07-12 01:30,2963.700000,1,25.550000,0.8700,17.756667,8.480000,180.480000
1592,Entry long,2025-07-12 00:45,2938.150000,1,25.550000,0.8700,17.756667,8.480000,180.480000
1591,Exit long,2025-07-12 01:30,2963.700000,1,10.410000,0.3500,17.756667,24.160000,154.930000
1591,Entry long,2025-07-12 00:30,2953.290000,1,10.410000,0.3500,17.756667,24.160000,154.930000
1590,Exit short,2025-07-11 13:30,2995.650000,1,-10.260000,-0.3400,0.000000,25.046667,144.520000
1590,Entry short,2025-07-11 13:00,2985.390000,1,-10.260000,-0.3400,0.000000,25.046667,144.520000
1589,Exit short,2025-07-11 13:30,2995.650000,1,-19.430000,-0.6500,0.000000,25.046667,154.780000
1589,Entry short,2025-07-11 12:45,2976.220000,1,-19.430000,-0.6500,0.000000,25.046667,154.780000
1588,Exit short,2025-07-11 13:30,2995.650000,1,-23.520000,-0.7900,3.090000,25.046667,174.210000
1588,Entry short,2025-07-11 12:30,2972.130000,1,-23.520000,-0.7900,3.090000,25.046667,174.210000
1587,Exit long,2025-07-11 01:30,2948.540000,1,11.830000,0.4000,22.320000,-0.000000,197.730000
1587,Entry long,2025-07-11 01:00,2936.710000,1,11.830000,0.4000,22.320000,-0.000000,197.730000
1586,Exit long,2025-07-11 01:30,2948.540000,1,22.310000,0.7600,22.320000,0.045000,185.900000
1586,Entry long,2025-07-11 00:45,2926.230000,1,22.310000,0.7600,22.320000,0.045000,185.900000
1585,Exit long,2025-07-11 01:30,2948.540000,1,26.040000,0.8900,22.320000,5.410000,163.590000
1585,Entry long,2025-07-11 00:30,2922.500000,1,26.040000,0.8900,22.320000,5.410000,163.590000
1584,Exit short,2025-07-10 13:30,2787.430000,1,-10.190000,-0.3700,0.000000,14.416667,137.550000
1584,Entry short,2025-07-10 13:00,2777.240000,1,-10.190000,-0.3700,0.000000,14.416667,137.550000
1583,Exit short,2025-07-10 13:30,2787.430000,1,-14.270000,-0.5100,3.025000,14.416667,147.740000
1583,Entry short,2025-07-10 12:45,2773.160000,1,-14.270000,-0.5100,3.025000,14.416667,147.740000
1582,Exit short,2025-07-10 13:30,2787.430000,1,-13.360000,-0.4800,3.025000,14.416667,162.010000
1582,Entry short,2025-07-10 12:30,2774.070000,1,-13.360000,-0.4800,3.025000,14.416667,162.010000
1581,Exit long,2025-07-10 01:30,2769.270000,1,13.470000,0.4900,12.593333,7.206667,175.370000
1581,Entry long,2025-07-10 01:00,2755.800000,1,13.470000,0.4900,12.593333,7.206667,175.370000
1580,Exit long,2025-07-10 01:30,2769.270000,1,7.030000,0.2500,12.593333,8.230000,161.900000
1580,Entry long,2025-07-10 00:45,2762.240000,1,7.030000,0.2500,12.593333,8.230000,161.900000
1579,Exit long,2025-07-10 01:30,2769.270000,1,3.450000,0.1200,12.593333,9.730000,154.870000
1579,Entry long,2025-07-10 00:30,2765.820000,1,3.450000,0.1200,12.593333,9.730000,154.870000
1578,Exit short,2025-07-09 13:30,2662.000000,1,-3.000000,-0.1100,2.323333,8.116667,151.420000
1578,Entry short,2025-07-09 13:00,2659.000000,1,-3.000000,-0.1100,2.323333,8.116667,151.420000
1577,Exit short,2025-07-09 13:30,2662.000000,1,-1.550000,-0.0600,4.395000,8.116667,154.420000
1577,Entry short,2025-07-09 12:45,2660.450000,1,-1.550000,-0.0600,4.395000,8.116667,154.420000
1576,Exit short,2025-07-09 13:30,2662.000000,1,-0.060000,-0.0000,6.880000,8.116667,155.970000
1576,Entry short,2025-07-09 12:30,2661.940000,1,-0.060000,-0.0000,6.880000,8.116667,155.970000
1575,Exit long,2025-07-09 01:30,2605.570000,1,-6.630000,-0.2500,17.856667,2.573333,156.030000
1575,Entry long,2025-07-09 01:00,2612.200000,1,-6.630000,-0.2500,17.856667,2.573333,156.030000
1574,Exit long,2025-07-09 01:30,2605.570000,1,-3.470000,-0.1300,17.856667,2.573333,162.660000
1574,Entry long,2025-07-09 00:45,2609.040000,1,-3.470000,-0.1300,17.856667,2.573333,162.660000
1573,Exit long,2025-07-09 01:30,2605.570000,1,2.380000,0.0900,17.856667,2.573333,166.130000
1573,Entry long,2025-07-09 00:30,2603.190000,1,2.380000,0.0900,17.856667,2.573333,166.130000
1572,Exit short,2025-07-08 13:30,2577.900000,1,4.040000,0.1600,0.773333,8.936667,163.750000
1572,Entry short,2025-07-08 13:00,2581.940000,1,4.040000,0.1600,0.773333,8.936667,163.750000
1571,Exit short,2025-07-08 13:30,2577.900000,1,-1.890000,-0.0700,0.773333,9.355000,159.710000
1571,Entry short,2025-07-08 12:45,2576.010000,1,-1.890000,-0.0700,0.773333,9.355000,159.710000
1570,Exit short,2025-07-08 13:30,2577.900000,1,-4.900000,-0.1900,0.940000,9.355000,161.600000
1570,Entry short,2025-07-08 12:30,2573.000000,1,-4.900000,-0.1900,0.940000,9.355000,161.600000
1569,Exit long,2025-07-08 01:30,2531.000000,1,-8.160000,-0.3200,0.000000,16.436667,166.500000
1569,Entry long,2025-07-08 01:00,2539.160000,1,-8.160000,-0.3200,0.000000,16.436667,166.500000
1568,Exit long,2025-07-08 01:30,2531.000000,1,-20.420000,-0.8000,0.000000,16.436667,174.660000
1568,Entry long,2025-07-08 00:45,2551.420000,1,-20.420000,-0.8000,0.000000,16.436667,174.660000
1567,Exit long,2025-07-08 01:30,2531.000000,1,-20.730000,-0.8100,2.090000,16.436667,195.080000
1567,Entry long,2025-07-08 00:30,2551.730000,1,-20.730000,-0.8100,2.090000,16.436667,195.080000
1566,Exit short,2025-07-07 13:30,2556.910000,1,-9.160000,-0.3600,14.303333,8.726667,215.810000
1566,Entry short,2025-07-07 13:00,2547.750000,1,-9.160000,-0.3600,14.303333,8.726667,215.810000
1565,Exit short,2025-07-07 13:30,2556.910000,1,-6.930000,-0.2700,14.303333,8.726667,224.970000
1565,Entry short,2025-07-07 12:45,2549.980000,1,-6.930000,-0.2700,14.303333,8.726667,224.970000
1564,Exit short,2025-07-07 13:30,2556.910000,1,-8.290000,-0.3300,14.303333,8.726667,231.900000
1564,Entry short,2025-07-07 12:30,2548.620000,1,-8.290000,-0.3300,14.303333,8.726667,231.900000
1563,Exit long,2025-07-07 01:30,2559.810000,1,-0.550000,-0.0200,1.350000,11.870000,240.190000
1563,Entry long,2025-07-07 01:00,2560.360000,1,-0.550000,-0.0200,1.350000,11.870000,240.190000
1562,Exit long,2025-07-07 01:30,2559.810000,1,0.870000,0.0300,1.600000,11.870000,240.740000
1562,Entry long,2025-07-07 00:45,2558.940000,1,0.870000,0.0300,1.600000,11.870000,240.740000
1561,Exit long,2025-07-07 01:30,2559.810000,1,-3.590000,-0.1400,1.990000,11.870000,239.870000
1561,Entry long,2025-07-07 00:30,2563.400000,1,-3.590000,-0.1400,1.990000,11.870000,239.870000
1560,Exit short,2025-07-06 13:30,2533.680000,1,-14.690000,-0.5800,0.326667,22.853333,243.460000
1560,Entry short,2025-07-06 13:00,2518.990000,1,-14.690000,-0.5800,0.326667,22.853333,243.460000
1559,Exit short,2025-07-06 13:30,2533.680000,1,-16.140000,-0.6400,0.326667,22.853333,258.150000
1559,Entry short,2025-07-06 12:45,2517.540000,1,-16.140000,-0.6400,0.326667,22.853333,258.150000
1558,Exit short,2025-07-06 13:30,2533.680000,1,-22.250000,-0.8900,0.326667,22.853333,274.290000
1558,Entry short,2025-07-06 12:30,2511.430000,1,-22.250000,-0.8900,0.326667,22.853333,274.290000
1557,Exit long,2025-07-06 01:30,2513.200000,1,-5.810000,-0.2300,1.626667,4.383333,296.540000
1557,Entry long,2025-07-06 01:00,2519.010000,1,-5.810000,-0.2300,1.626667,4.383333,296.540000
1556,Exit long,2025-07-06 01:30,2513.200000,1,-4.360000,-0.1700,3.230000,4.383333,302.350000
1556,Entry long,2025-07-06 00:45,2517.560000,1,-4.360000,-0.1700,3.230000,4.383333,302.350000
1555,Exit long,2025-07-06 01:30,2513.200000,1,-2.380000,-0.0900,3.230000,4.383333,306.710000
1555,Entry long,2025-07-06 00:30,2515.580000,1,-2.380000,-0.0900,3.230000,4.383333,306.710000
1554,Exit short,2025-07-05 13:30,2518.810000,1,-2.000000,-0.0800,0.000000,6.586667,309.090000
1554,Entry short,2025-07-05 13:00,2516.810000,1,-2.000000,-0.0800,0.000000,6.586667,309.090000
1553,Exit short,2025-07-05 13:30,2518.810000,1,-4.760000,-0.1900,0.155000,6.586667,311.090000
1553,Entry short,2025-07-05 12:45,2514.050000,1,-4.760000,-0.1900,0.155000,6.586667,311.090000
1552,Exit short,2025-07-05 13:30,2518.810000,1,-6.550000,-0.2600,3.160000,6.586667,315.850000
1552,Entry short,2025-07-05 12:30,2512.260000,1,-6.550000,-0.2600,3.160000,6.586667,315.850000
1551,Exit long,2025-07-05 01:30,2508.840000,1,-6.530000,-0.2600,0.556667,9.453333,322.400000
1551,Entry long,2025-07-05 01:00,2515.370000,1,-6.530000,-0.2600,0.556667,9.453333,322.400000
1550,Exit long,2025-07-05 01:30,2508.840000,1,-6.720000,-0.2700,2.070000,9.453333,328.930000
1550,Entry long,2025-07-05 00:45,2515.560000,1,-6.720000,-0.2700,2.070000,9.453333,328.930000
1549,Exit long,2025-07-05 01:30,2508.840000,1,-5.060000,-0.2000,3.100000,9.453333,335.650000
1549,Entry long,2025-07-05 00:30,2513.900000,1,-5.060000,-0.2000,3.100000,9.453333,335.650000
1548,Exit short,2025-07-04 13:30,2535.080000,1,11.860000,0.4700,16.086667,6.223333,340.710000
1548,Entry short,2025-07-04 13:00,2546.940000,1,11.860000,0.4700,16.086667,6.223333,340.710000
1547,Exit short,2025-07-04 13:30,2535.080000,1,12.210000,0.4800,16.086667,6.223333,328.850000
1547,Entry short,2025-07-04 12:45,2547.290000,1,12.210000,0.4800,16.086667,6.223333,328.850000
1546,Exit short,2025-07-04 13:30,2535.080000,1,16.540000,0.6500,16.086667,6.223333,316.640000
1546,Entry short,2025-07-04 12:30,2551.620000,1,16.540000,0.6500,16.086667,6.223333,316.640000
1545,Exit long,2025-07-04 01:30,2595.110000,1,7.570000,0.2900,11.386667,3.983333,300.100000
1545,Entry long,2025-07-04 01:00,2587.540000,1,7.570000,0.2900,11.386667,3.983333,300.100000
1544,Exit long,2025-07-04 01:30,2595.110000,1,0.370000,0.0100,11.386667,12.090000,292.530000
1544,Entry long,2025-07-04 00:45,2594.740000,1,0.370000,0.0100,11.386667,12.090000,292.530000
1543,Exit long,2025-07-04 01:30,2595.110000,1,5.670000,0.2200,11.386667,12.090000,292.160000
1543,Entry long,2025-07-04 00:30,2589.440000,1,5.670000,0.2200,11.386667,12.090000,292.160000
1542,Exit short,2025-07-03 13:30,2590.060000,1,-2.210000,-0.0900,3.256667,9.543333,286.490000
1542,Entry short,2025-07-03 13:00,2587.850000,1,-2.210000,-0.0900,3.256667,9.543333,286.490000
1541,Exit short,2025-07-03 13:30,2590.060000,1,-11.980000,-0.4600,19.660000,9.543333,288.700000
1541,Entry short,2025-07-03 12:45,2578.080000,1,-11.980000,-0.4600,19.660000,9.543333,288.700000
1540,Exit short,2025-07-03 13:30,2590.060000,1,9.380000,0.3600,35.670000,15.350000,300.680000
1540,Entry short,2025-07-03 12:30,2599.440000,1,9.380000,0.3600,35.670000,15.350000,300.680000
1539,Exit long,2025-07-03 01:30,2579.370000,1,6.440000,0.2500,13.516667,7.813333,291.300000
1539,Entry long,2025-07-03 01:00,2572.930000,1,6.440000,0.2500,13.516667,7.813333,291.300000
1538,Exit long,2025-07-03 01:30,2579.370000,1,1.580000,0.0600,13.516667,7.813333,284.860000
1538,Entry long,2025-07-03 00:45,2577.790000,1,1.580000,0.0600,13.516667,7.813333,284.860000
1537,Exit long,2025-07-03 01:30,2579.370000,1,12.190000,0.4700,13.516667,7.813333,283.280000
1537,Entry long,2025-07-03 00:30,2567.180000,1,12.190000,0.4700,13.516667,7.813333,283.280000
1536,Exit short,2025-07-02 13:30,2446.320000,1,-8.970000,-0.3700,1.873333,11.656667,271.090000
1536,Entry short,2025-07-02 13:00,2437.350000,1,-8.970000,-0.3700,1.873333,11.656667,271.090000
1535,Exit short,2025-07-02 13:30,2446.320000,1,-13.750000,-0.5700,5.240000,11.656667,280.060000
1535,Entry short,2025-07-02 12:45,2432.570000,1,-13.750000,-0.5700,5.240000,11.656667,280.060000
1534,Exit short,2025-07-02 13:30,2446.320000,1,-4.750000,-0.1900,11.150000,11.656667,293.810000
1534,Entry short,2025-07-02 12:30,2441.570000,1,-4.750000,-0.1900,11.150000,11.656667,293.810000
1533,Exit long,2025-07-02 01:30,2404.800000,1,7.400000,0.3100,2.013333,35.736667,298.560000
1533,Entry long,2025-07-02 01:00,2397.400000,1,7.400000,0.3100,2.013333,35.736667,298.560000
1532,Exit long,2025-07-02 01:30,2404.800000,1,-1.080000,-0.0400,2.013333,35.736667,291.160000
1532,Entry long,2025-07-02 00:45,2405.880000,1,-1.080000,-0.0400,2.013333,35.736667,291.160000
1531,Exit long,2025-07-02 01:30,2404.800000,1,-1.720000,-0.0700,2.310000,35.736667,292.240000
1531,Entry long,2025-07-02 00:30,2406.520000,1,-1.720000,-0.0700,2.310000,35.736667,292.240000
1530,Exit short,2025-07-01 13:30,2441.270000,1,-5.020000,-0.2100,4.083333,3.326667,293.960000
1530,Entry short,2025-07-01 13:00,2436.250000,1,-5.020000,-0.2100,4.083333,3.326667,293.960000
1529,Exit short,2025-07-01 13:30,2441.270000,1,-3.140000,-0.1300,6.285000,3.326667,298.980000
1529,Entry short,2025-07-01 12:45,2438.130000,1,-3.140000,-0.1300,6.285000,3.326667,298.980000
1528,Exit short,2025-07-01 13:30,2441.270000,1,-0.830000,-0.0300,6.285000,4.060000,302.120000
1528,Entry short,2025-07-01 12:30,2440.440000,1,-0.830000,-0.0300,6.285000,4.060000,302.120000
1527,Exit long,2025-07-01 01:30,2491.950000,1,0.180000,0.0100,10.130000,-0.000000,302.950000
1527,Entry long,2025-07-01 01:00,2491.770000,1,0.180000,0.0100,10.130000,-0.000000,302.950000
1526,Exit long,2025-07-01 01:30,2491.950000,1,4.590000,0.1800,10.130000,-0.000000,302.770000
1526,Entry long,2025-07-01 00:45,2487.360000,1,4.590000,0.1800,10.130000,-0.000000,302.770000
1525,Exit long,2025-07-01 01:30,2491.950000,1,8.760000,0.3500,10.130000,6.950000,298.180000
1525,Entry long,2025-07-01 00:30,2483.190000,1,8.760000,0.3500,10.130000,6.950000,298.180000
1524,Exit short,2025-06-30 13:30,2471.750000,1,-12.980000,-0.5300,2.216667,12.503333,289.420000
1524,Entry short,2025-06-30 13:00,2458.770000,1,-12.980000,-0.5300,2.216667,12.503333,289.420000
1523,Exit short,2025-06-30 13:30,2471.750000,1,-10.090000,-0.4100,5.975000,12.503333,302.400000
1523,Entry short,2025-06-30 12:45,2461.660000,1,-10.090000,-0.4100,5.975000,12.503333,302.400000
1522,Exit short,2025-06-30 13:30,2471.750000,1,-9.820000,-0.4000,5.975000,12.503333,312.490000
1522,Entry short,2025-06-30 12:30,2461.930000,1,-9.820000,-0.4000,5.975000,12.503333,312.490000
1521,Exit long,2025-06-30 01:30,2508.770000,1,-9.020000,-0.3600,2.146667,13.053333,322.310000
1521,Entry long,2025-06-30 01:00,2517.790000,1,-9.020000,-0.3600,2.146667,13.053333,322.310000
1520,Exit long,2025-06-30 01:30,2508.770000,1,-8.410000,-0.3300,5.485000,13.053333,331.330000
1520,Entry long,2025-06-30 00:45,2517.180000,1,-8.410000,-0.3300,5.485000,13.053333,331.330000
1519,Exit long,2025-06-30 01:30,2508.770000,1,-6.220000,-0.2500,8.440000,13.053333,339.740000
1519,Entry long,2025-06-30 00:30,2514.990000,1,-6.220000,-0.2500,8.440000,13.053333,339.740000
1518,Exit short,2025-06-29 13:30,2451.480000,1,1.990000,0.0800,1.263333,3.846667,345.960000
1518,Entry short,2025-06-29 13:00,2453.470000,1,1.990000,0.0800,1.263333,3.846667,345.960000
1517,Exit short,2025-06-29 13:30,2451.480000,1,-3.090000,-0.1300,2.965000,3.846667,343.970000
1517,Entry short,2025-06-29 12:45,2448.390000,1,-3.090000,-0.1300,2.965000,3.846667,343.970000
1516,Exit short,2025-06-29 13:30,2451.480000,1,1.260000,0.0500,4.510000,3.846667,347.060000
1516,Entry short,2025-06-29 12:30,2452.740000,1,1.260000,0.0500,4.510000,3.846667,347.060000
1515,Exit long,2025-06-29 01:30,2432.820000,1,-4.850000,-0.2000,1.223333,4.506667,345.800000
1515,Entry long,2025-06-29 01:00,2437.670000,1,-4.850000,-0.2000,1.223333,4.506667,345.800000
1514,Exit long,2025-06-29 01:30,2432.820000,1,-3.230000,-0.1300,5.425000,4.506667,350.650000
1514,Entry long,2025-06-29 00:45,2436.050000,1,-3.230000,-0.1300,5.425000,4.506667,350.650000
1513,Exit long,2025-06-29 01:30,2432.820000,1,-3.640000,-0.1500,5.425000,4.506667,353.880000
1513,Entry long,2025-06-29 00:30,2436.460000,1,-3.640000,-0.1500,5.425000,4.506667,353.880000
1512,Exit short,2025-06-28 13:30,2423.170000,1,1.810000,0.0700,2.836667,3.733333,357.520000
1512,Entry short,2025-06-28 13:00,2424.980000,1,1.810000,0.0700,2.836667,3.733333,357.520000
1511,Exit short,2025-06-28 13:30,2423.170000,1,2.040000,0.0800,2.836667,3.733333,355.710000
1511,Entry short,2025-06-28 12:45,2425.210000,1,2.040000,0.0800,2.836667,3.733333,355.710000
1510,Exit short,2025-06-28 13:30,2423.170000,1,-0.290000,-0.0100,2.836667,4.100000,353.670000
1510,Entry short,2025-06-28 12:30,2422.880000,1,-0.290000,-0.0100,2.836667,4.100000,353.670000
1509,Exit long,2025-06-28 01:30,2411.440000,1,-5.660000,-0.2300,0.543333,10.196667,353.960000
1509,Entry long,2025-06-28 01:00,2417.100000,1,-5.660000,-0.2300,0.543333,10.196667,353.960000
1508,Exit long,2025-06-28 01:30,2411.440000,1,-7.250000,-0.3000,3.315000,10.196667,359.620000
1508,Entry long,2025-06-28 00:45,2418.690000,1,-7.250000,-0.3000,3.315000,10.196667,359.620000
1507,Exit long,2025-06-28 01:30,2411.440000,1,-8.140000,-0.3400,3.315000,10.196667,366.870000
1507,Entry long,2025-06-28 00:30,2419.580000,1,-8.140000,-0.3400,3.315000,10.196667,366.870000
1506,Exit short,2025-06-27 13:30,2424.600000,1,4.200000,0.1700,18.530000,-0.000000,375.010000
1506,Entry short,2025-06-27 13:00,2428.800000,1,4.200000,0.1700,18.530000,-0.000000,375.010000
1505,Exit short,2025-06-27 13:30,2424.600000,1,12.620000,0.5200,18.760000,-0.000000,370.810000
1505,Entry short,2025-06-27 12:45,2437.220000,1,12.620000,0.5200,18.760000,-0.000000,370.810000
1504,Exit short,2025-06-27 13:30,2424.600000,1,27.040000,1.1000,18.760000,0.390000,358.190000
1504,Entry short,2025-06-27 12:30,2451.640000,1,27.040000,1.1000,18.760000,0.390000,358.190000
1503,Exit long,2025-06-27 01:30,2421.590000,1,22.350000,0.9300,19.026667,30.973333,331.150000
1503,Entry long,2025-06-27 01:00,2399.240000,1,22.350000,0.9300,19.026667,30.973333,331.150000
1502,Exit long,2025-06-27 01:30,2421.590000,1,14.940000,0.6200,19.026667,30.973333,308.800000
1502,Entry long,2025-06-27 00:45,2406.650000,1,14.940000,0.6200,19.026667,30.973333,308.800000
1501,Exit long,2025-06-27 01:30,2421.590000,1,3.560000,0.1500,19.026667,30.973333,293.860000
1501,Entry long,2025-06-27 00:30,2418.030000,1,3.560000,0.1500,19.026667,30.973333,293.860000
1500,Exit short,2025-06-26 13:30,2438.740000,1,0.040000,0.0000,17.276667,-0.000000,290.300000
1500,Entry short,2025-06-26 13:00,2438.780000,1,0.040000,0.0000,17.276667,-0.000000,290.300000
1499,Exit short,2025-06-26 13:30,2438.740000,1,8.940000,0.3700,17.276667,3.275000,290.260000
1499,Entry short,2025-06-26 12:45,2447.680000,1,8.940000,0.3700,17.276667,3.275000,290.260000
1498,Exit short,2025-06-26 13:30,2438.740000,1,3.370000,0.1400,17.276667,8.890000,281.320000
1498,Entry short,2025-06-26 12:30,2442.110000,1,3.370000,0.1400,17.276667,8.890000,281.320000
1497,Exit long,2025-06-26 01:30,2440.100000,1,14.780000,0.6100,21.816667,5.133333,277.950000
1497,Entry long,2025-06-26 01:00,2425.320000,1,14.780000,0.6100,21.816667,5.133333,277.950000
1496,Exit long,2025-06-26 01:30,2440.100000,1,16.870000,0.7000,21.816667,5.133333,263.170000
1496,Entry long,2025-06-26 00:45,2423.230000,1,16.870000,0.7000,21.816667,5.133333,263.170000
1495,Exit long,2025-06-26 01:30,2440.100000,1,20.300000,0.8400,21.816667,5.133333,246.300000
1495,Entry long,2025-06-26 00:30,2419.800000,1,20.300000,0.8400,21.816667,5.133333,246.300000
1494,Exit short,2025-06-25 13:30,2439.520000,1,-11.790000,-0.4900,0.060000,23.410000,226.000000
1494,Entry short,2025-06-25 13:00,2427.730000,1,-11.790000,-0.4900,0.060000,23.410000,226.000000
1493,Exit short,2025-06-25 13:30,2439.520000,1,-16.690000,-0.6900,1.085000,23.410000,237.790000
1493,Entry short,2025-06-25 12:45,2422.830000,1,-16.690000,-0.6900,1.085000,23.410000,237.790000
1492,Exit short,2025-06-25 13:30,2439.520000,1,-22.700000,-0.9400,2.760000,23.410000,254.480000
1492,Entry short,2025-06-25 12:30,2416.820000,1,-22.700000,-0.9400,2.760000,23.410000,254.480000
1491,Exit long,2025-06-25 01:30,2448.690000,1,-8.310000,-0.3400,13.283333,4.836667,277.180000
1491,Entry long,2025-06-25 01:00,2457.000000,1,-8.310000,-0.3400,13.283333,4.836667,277.180000
1490,Exit long,2025-06-25 01:30,2448.690000,1,7.570000,0.3100,16.645000,4.836667,285.490000
1490,Entry long,2025-06-25 00:45,2441.120000,1,7.570000,0.3100,16.645000,4.836667,285.490000
1489,Exit long,2025-06-25 01:30,2448.690000,1,0.780000,0.0300,16.645000,12.620000,277.920000
1489,Entry long,2025-06-25 00:30,2447.910000,1,0.780000,0.0300,16.645000,12.620000,277.920000
1488,Exit short,2025-06-24 13:30,2412.470000,1,0.180000,0.0100,6.310000,14.870000,277.140000
1488,Entry short,2025-06-24 13:00,2412.650000,1,0.180000,0.0100,6.310000,14.870000,277.140000
1487,Exit short,2025-06-24 13:30,2412.470000,1,2.520000,0.1000,6.310000,14.870000,276.960000
1487,Entry short,2025-06-24 12:45,2414.990000,1,2.520000,0.1000,6.310000,14.870000,276.960000
1486,Exit short,2025-06-24 13:30,2412.470000,1,-5.820000,-0.2400,6.310000,14.870000,274.440000
1486,Entry short,2025-06-24 12:30,2406.650000,1,-5.820000,-0.2400,6.310000,14.870000,274.440000
1485,Exit long,2025-06-24 01:30,2409.650000,1,8.010000,0.3300,14.836667,6.713333,280.260000
1485,Entry long,2025-06-24 01:00,2401.640000,1,8.010000,0.3300,14.836667,6.713333,280.260000
1484,Exit long,2025-06-24 01:30,2409.650000,1,8.320000,0.3500,14.836667,10.435000,272.250000
1484,Entry long,2025-06-24 00:45,2401.330000,1,8.320000,0.3500,14.836667,10.435000,272.250000
1483,Exit long,2025-06-24 01:30,2409.650000,1,7.330000,0.3100,14.836667,10.435000,263.930000
1483,Entry long,2025-06-24 00:30,2402.320000,1,7.330000,0.3100,14.836667,10.435000,263.930000
1482,Exit short,2025-06-23 13:30,2247.360000,1,17.930000,0.7900,11.356667,8.433333,256.600000
1482,Entry short,2025-06-23 13:00,2265.290000,1,17.930000,0.7900,11.356667,8.433333,256.600000
1481,Exit short,2025-06-23 13:30,2247.360000,1,11.530000,0.5100,11.356667,13.720000,238.670000
1481,Entry short,2025-06-23 12:45,2258.890000,1,11.530000,0.5100,11.356667,13.720000,238.670000
1480,Exit short,2025-06-23 13:30,2247.360000,1,-0.970000,-0.0400,11.356667,17.330000,227.140000
1480,Entry short,2025-06-23 12:30,2246.390000,1,-0.970000,-0.0400,11.356667,17.330000,227.140000
1479,Exit long,2025-06-23 01:30,2228.590000,1,-11.200000,-0.5000,0.000000,14.980000,228.110000
1479,Entry long,2025-06-23 01:00,2239.790000,1,-11.200000,-0.5000,0.000000,14.980000,228.110000
1478,Exit long,2025-06-23 01:30,2228.590000,1,-21.700000,-0.9600,17.885000,14.980000,239.310000
1478,Entry long,2025-06-23 00:45,2250.290000,1,-21.700000,-0.9600,17.885000,14.980000,239.310000
1477,Exit long,2025-06-23 01:30,2228.590000,1,-4.090000,-0.1800,20.950000,14.980000,261.010000
1477,Entry long,2025-06-23 00:30,2232.680000,1,-4.090000,-0.1800,20.950000,14.980000,261.010000
1476,Exit short,2025-06-22 13:30,2194.800000,1,84.000000,3.6900,115.300000,9.590000,265.100000
1476,Entry short,2025-06-22 13:00,2278.800000,1,84.000000,3.6900,115.300000,9.590000,265.100000
1475,Exit short,2025-06-22 13:30,2194.800000,1,75.210000,3.3100,115.300000,9.590000,181.100000
1475,Entry short,2025-06-22 12:45,2270.010000,1,75.210000,3.3100,115.300000,9.590000,181.100000
1474,Exit short,2025-06-22 13:30,2194.800000,1,80.130000,3.5200,115.300000,9.590000,105.890000
1474,Entry short,2025-06-22 12:30,2274.930000,1,80.130000,3.5200,115.300000,9.590000,105.890000
1473,Exit long,2025-06-22 01:30,2285.720000,1,-7.830000,-0.3400,9.083333,13.196667,25.760000
1473,Entry long,2025-06-22 01:00,2293.550000,1,-7.830000,-0.3400,9.083333,13.196667,25.760000
1472,Exit long,2025-06-22 01:30,2285.720000,1,-10.640000,-0.4600,16.195000,13.196667,33.590000
1472,Entry long,2025-06-22 00:45,2296.360000,1,-10.640000,-0.4600,16.195000,13.196667,33.590000
1471,Exit long,2025-06-22 01:30,2285.720000,1,2.730000,0.1200,29.970000,13.196667,44.230000
1471,Entry long,2025-06-22 00:30,2282.990000,1,2.730000,0.1200,29.970000,13.196667,44.230000
1470,Exit short,2025-06-21 13:30,2441.000000,1,-6.150000,-0.2500,3.483333,4.066667,41.500000
1470,Entry short,2025-06-21 13:00,2434.850000,1,-6.150000,-0.2500,3.483333,4.066667,41.500000
1469,Exit short,2025-06-21 13:30,2441.000000,1,-2.960000,-0.1200,6.815000,4.066667,47.650000
1469,Entry short,2025-06-21 12:45,2438.040000,1,-2.960000,-0.1200,6.815000,4.066667,47.650000
1468,Exit short,2025-06-21 13:30,2441.000000,1,1.110000,0.0500,6.815000,4.066667,50.610000
1468,Entry short,2025-06-21 12:30,2442.110000,1,1.110000,0.0500,6.815000,4.066667,50.610000
1467,Exit long,2025-06-21 01:30,2417.840000,1,8.020000,0.3300,6.480000,3.510000,49.500000
1467,Entry long,2025-06-21 01:00,2409.820000,1,8.020000,0.3300,6.480000,3.510000,49.500000
1466,Exit long,2025-06-21 01:30,2417.840000,1,2.580000,0.1100,6.480000,6.015000,41.480000
1466,Entry long,2025-06-21 00:45,2415.260000,1,2.580000,0.1100,6.480000,6.015000,41.480000
1465,Exit long,2025-06-21 01:30,2417.840000,1,5.750000,0.2400,7.060000,6.015000,38.900000
1465,Entry long,2025-06-21 00:30,2412.090000,1,5.750000,0.2400,7.060000,6.015000,38.900000
1464,Exit short,2025-06-20 13:30,2553.880000,1,-3.170000,-0.1200,0.483333,7.436667,33.150000
1464,Entry short,2025-06-20 13:00,2550.710000,1,-3.170000,-0.1200,0.483333,7.436667,33.150000
1463,Exit short,2025-06-20 13:30,2553.880000,1,-1.290000,-0.0500,2.145000,7.436667,36.320000
1463,Entry short,2025-06-20 12:45,2552.590000,1,-1.290000,-0.0500,2.145000,7.436667,36.320000
1462,Exit short,2025-06-20 13:30,2553.880000,1,-3.600000,-0.1400,2.145000,7.436667,37.610000
1462,Entry short,2025-06-20 12:30,2550.280000,1,-3.600000,-0.1400,2.145000,7.436667,37.610000
1461,Exit long,2025-06-20 01:30,2516.330000,1,-8.450000,-0.3300,2.210000,8.750000,41.210000
1461,Entry long,2025-06-20 01:00,2524.780000,1,-8.450000,-0.3300,2.210000,8.750000,41.210000
1460,Exit long,2025-06-20 01:30,2516.330000,1,-9.610000,-0.3800,6.065000,8.750000,49.660000
1460,Entry long,2025-06-20 00:45,2525.940000,1,-9.610000,-0.3800,6.065000,8.750000,49.660000
1459,Exit long,2025-06-20 01:30,2516.330000,1,-5.520000,-0.2200,6.065000,8.750000,59.270000
1459,Entry long,2025-06-20 00:30,2521.850000,1,-5.520000,-0.2200,6.065000,8.750000,59.270000
1458,Exit short,2025-06-19 13:30,2523.010000,1,1.170000,0.0500,10.503333,-0.000000,64.790000
1458,Entry short,2025-06-19 13:00,2524.180000,1,1.170000,0.0500,10.503333,-0.000000,64.790000
1457,Exit short,2025-06-19 13:30,2523.010000,1,-0.190000,-0.0100,10.503333,-0.000000,63.620000
1457,Entry short,2025-06-19 12:45,2522.820000,1,-0.190000,-0.0100,10.503333,-0.000000,63.620000
1456,Exit short,2025-06-19 13:30,2523.010000,1,9.650000,0.3800,10.630000,1.430000,63.810000
1456,Entry short,2025-06-19 12:30,2532.660000,1,9.650000,0.3800,10.630000,1.430000,63.810000
1455,Exit long,2025-06-19 01:30,2520.490000,1,-7.880000,-0.3100,0.000000,27.510000,54.160000
1455,Entry long,2025-06-19 01:00,2528.370000,1,-7.880000,-0.3100,0.000000,27.510000,54.160000
1454,Exit long,2025-06-19 01:30,2520.490000,1,-15.920000,-0.6300,5.080000,27.510000,62.040000
1454,Entry long,2025-06-19 00:45,2536.410000,1,-15.920000,-0.6300,5.080000,27.510000,62.040000
1453,Exit long,2025-06-19 01:30,2520.490000,1,-13.820000,-0.5500,11.980000,27.510000,77.960000
1453,Entry long,2025-06-19 00:30,2534.310000,1,-13.820000,-0.5500,11.980000,27.510000,77.960000
1452,Exit short,2025-06-18 13:30,2469.720000,1,22.740000,0.9100,30.126667,-0.000000,91.780000
1452,Entry short,2025-06-18 13:00,2492.460000,1,22.740000,0.9100,30.126667,-0.000000,91.780000
1451,Exit short,2025-06-18 13:30,2469.720000,1,25.430000,1.0200,30.126667,-0.000000,69.040000
1451,Entry short,2025-06-18 12:45,2495.150000,1,25.430000,1.0200,30.126667,-0.000000,69.040000
1450,Exit short,2025-06-18 13:30,2469.720000,1,33.300000,1.3300,30.126667,3.350000,43.610000
1450,Entry short,2025-06-18 12:30,2503.020000,1,33.300000,1.3300,30.126667,3.350000,43.610000
1449,Exit long,2025-06-18 01:30,2520.920000,1,-4.000000,-0.1600,16.993333,-0.000000,10.310000
1449,Entry long,2025-06-18 01:00,2524.920000,1,-4.000000,-0.1600,16.993333,-0.000000,10.310000
1448,Exit long,2025-06-18 01:30,2520.920000,1,-1.070000,-0.0400,16.993333,0.565000,14.310000
1448,Entry long,2025-06-18 00:45,2521.990000,1,-1.070000,-0.0400,16.993333,0.565000,14.310000
1447,Exit long,2025-06-18 01:30,2520.920000,1,12.880000,0.5100,20.860000,3.040000,15.380000
1447,Entry long,2025-06-18 00:30,2508.040000,1,12.880000,0.5100,20.860000,3.040000,15.380000
1446,Exit short,2025-06-17 13:30,2556.000000,1,-9.200000,-0.3600,5.166667,6.613333,2.500000
1446,Entry short,2025-06-17 13:00,2546.800000,1,-9.200000,-0.3600,5.166667,6.613333,2.500000
1445,Exit short,2025-06-17 13:30,2556.000000,1,-0.200000,-0.0100,8.180000,6.613333,11.700000
1445,Entry short,2025-06-17 12:45,2555.800000,1,-0.200000,-0.0100,8.180000,6.613333,11.700000
1444,Exit short,2025-06-17 13:30,2556.000000,1,-7.440000,-0.2900,8.180000,10.140000,11.900000
1444,Entry short,2025-06-17 12:30,2548.560000,1,-7.440000,-0.2900,8.180000,10.140000,11.900000
1443,Exit long,2025-06-17 01:30,2578.080000,1,-8.520000,-0.3300,19.933333,0.006667,19.340000
1443,Entry long,2025-06-17 01:00,2586.600000,1,-8.520000,-0.3300,19.933333,0.006667,19.340000
1442,Exit long,2025-06-17 01:30,2578.080000,1,18.090000,0.7100,22.715000,5.535000,27.860000
1442,Entry long,2025-06-17 00:45,2559.990000,1,18.090000,0.7100,22.715000,5.535000,27.860000
1441,Exit long,2025-06-17 01:30,2578.080000,1,7.840000,0.3100,22.715000,13.710000,9.770000
1441,Entry long,2025-06-17 00:30,2570.240000,1,7.840000,0.3100,22.715000,13.710000,9.770000
1440,Exit short,2025-06-16 13:30,2611.140000,1,2.990000,0.1100,5.656667,5.133333,1.930000
1440,Entry short,2025-06-16 13:00,2614.130000,1,2.990000,0.1100,5.656667,5.133333,1.930000
1439,Exit short,2025-06-16 13:30,2611.140000,1,3.130000,0.1200,5.656667,6.615000,-1.060000
1439,Entry short,2025-06-16 12:45,2614.270000,1,3.130000,0.1200,5.656667,6.615000,-1.060000
1438,Exit short,2025-06-16 13:30,2611.140000,1,-2.440000,-0.0900,5.656667,7.550000,-4.190000
1438,Entry short,2025-06-16 12:30,2608.700000,1,-2.440000,-0.0900,5.656667,7.550000,-4.190000
1437,Exit long,2025-06-16 01:30,2521.630000,1,-21.820000,-0.8600,2.336667,25.143333,-1.750000
1437,Entry long,2025-06-16 01:00,2543.450000,1,-21.820000,-0.8600,2.336667,25.143333,-1.750000
1436,Exit long,2025-06-16 01:30,2521.630000,1,-23.320000,-0.9200,3.800000,25.143333,20.070000
1436,Entry long,2025-06-16 00:45,2544.950000,1,-23.320000,-0.9200,3.800000,25.143333,20.070000
1435,Exit long,2025-06-16 01:30,2521.630000,1,-19.820000,-0.7800,6.140000,25.143333,43.390000
1435,Entry long,2025-06-16 00:30,2541.450000,1,-19.820000,-0.7800,6.140000,25.143333,43.390000
1434,Exit short,2025-06-15 13:30,2532.050000,1,-7.440000,-0.2900,0.000000,17.053333,63.210000
1434,Entry short,2025-06-15 13:00,2524.610000,1,-7.440000,-0.2900,0.000000,17.053333,63.210000
1433,Exit short,2025-06-15 13:30,2532.050000,1,-13.090000,-0.5200,0.000000,17.053333,70.650000
1433,Entry short,2025-06-15 12:45,2518.960000,1,-13.090000,-0.5200,0.000000,17.053333,70.650000
1432,Exit short,2025-06-15 13:30,2532.050000,1,-14.700000,-0.5800,1.060000,17.053333,83.740000
1432,Entry short,2025-06-15 12:30,2517.350000,1,-14.700000,-0.5800,1.060000,17.053333,83.740000
1431,Exit long,2025-06-15 01:30,2527.270000,1,-9.030000,-0.3600,3.276667,10.243333,98.440000
1431,Entry long,2025-06-15 01:00,2536.300000,1,-9.030000,-0.3600,3.276667,10.243333,98.440000
1430,Exit long,2025-06-15 01:30,2527.270000,1,-7.370000,-0.2900,5.815000,10.243333,107.470000
1430,Entry long,2025-06-15 00:45,2534.640000,1,-7.370000,-0.2900,5.815000,10.243333,107.470000
1429,Exit long,2025-06-15 01:30,2527.270000,1,-6.260000,-0.2500,5.815000,10.243333,114.840000
1429,Entry long,2025-06-15 00:30,2533.530000,1,-6.260000,-0.2500,5.815000,10.243333,114.840000
1428,Exit short,2025-06-14 13:30,2537.060000,1,-1.720000,-0.0700,0.000000,13.573333,121.100000
1428,Entry short,2025-06-14 13:00,2535.340000,1,-1.720000,-0.0700,0.000000,13.573333,121.100000
1427,Exit short,2025-06-14 13:30,2537.060000,1,-7.660000,-0.3000,0.670000,13.573333,122.820000
1427,Entry short,2025-06-14 12:45,2529.400000,1,-7.660000,-0.3000,0.670000,13.573333,122.820000
1426,Exit short,2025-06-14 13:30,2537.060000,1,-6.320000,-0.2500,2.830000,13.573333,130.480000
1426,Entry short,2025-06-14 12:30,2530.740000,1,-6.320000,-0.2500,2.830000,13.573333,130.480000
1425,Exit long,2025-06-14 01:30,2558.280000,1,-2.930000,-0.1100,0.000000,15.413333,136.800000
1425,Entry long,2025-06-14 01:00,2561.210000,1,-2.930000,-0.1100,0.000000,15.413333,136.800000
1424,Exit long,2025-06-14 01:30,2558.280000,1,-8.020000,-0.3100,7.025000,15.413333,139.730000
1424,Entry long,2025-06-14 00:45,2566.300000,1,-8.020000,-0.3100,7.025000,15.413333,139.730000
1423,Exit long,2025-06-14 01:30,2558.280000,1,-5.290000,-0.2100,7.025000,15.413333,147.750000
1423,Entry long,2025-06-14 00:30,2563.570000,1,-5.290000,-0.2100,7.025000,15.413333,147.750000
1422,Exit short,2025-06-13 13:30,2543.690000,1,-2.600000,-0.1000,12.936667,1.523333,153.040000
1422,Entry short,2025-06-13 13:00,2541.090000,1,-2.600000,-0.1000,12.936667,1.523333,153.040000
1421,Exit short,2025-06-13 13:30,2543.690000,1,1.030000,0.0400,13.335000,1.523333,155.640000
1421,Entry short,2025-06-13 12:45,2544.720000,1,1.030000,0.0400,13.335000,1.523333,155.640000
1420,Exit short,2025-06-13 13:30,2543.690000,1,8.640000,0.3400,13.335000,10.240000,154.610000
1420,Entry short,2025-06-13 12:30,2552.330000,1,8.640000,0.3400,13.335000,10.240000,154.610000
1419,Exit long,2025-06-13 01:30,2491.990000,1,-36.400000,-1.4400,0.000000,87.423333,145.970000
1419,Entry long,2025-06-13 01:00,2528.390000,1,-36.400000,-1.4400,0.000000,87.423333,145.970000
1418,Exit long,2025-06-13 01:30,2491.990000,1,-42.950000,-1.6900,2.045000,87.423333,182.370000
1418,Entry long,2025-06-13 00:45,2534.940000,1,-42.950000,-1.6900,2.045000,87.423333,182.370000
1417,Exit long,2025-06-13 01:30,2491.990000,1,-57.700000,-2.2600,7.670000,87.423333,225.320000
1417,Entry long,2025-06-13 00:30,2549.690000,1,-57.700000,-2.2600,7.670000,87.423333,225.320000
1416,Exit short,2025-06-12 13:30,2737.670000,1,-2.230000,-0.0800,1.543333,13.746667,283.020000
1416,Entry short,2025-06-12 13:00,2735.440000,1,-2.230000,-0.0800,1.543333,13.746667,283.020000
1415,Exit short,2025-06-12 13:30,2737.670000,1,5.030000,0.1800,2.965000,13.746667,285.250000
1415,Entry short,2025-06-12 12:45,2742.700000,1,5.030000,0.1800,2.965000,13.746667,285.250000
1414,Exit short,2025-06-12 13:30,2737.670000,1,-14.040000,-0.5200,2.965000,21.240000,280.220000
1414,Entry short,2025-06-12 12:30,2723.630000,1,-14.040000,-0.5200,2.965000,21.240000,280.220000
1413,Exit long,2025-06-12 01:30,2764.570000,1,-9.920000,-0.3600,6.970000,10.600000,294.260000
1413,Entry long,2025-06-12 01:00,2774.490000,1,-9.920000,-0.3600,6.970000,10.600000,294.260000
1412,Exit long,2025-06-12 01:30,2764.570000,1,-9.530000,-0.3400,8.330000,10.600000,304.180000
1412,Entry long,2025-06-12 00:45,2774.100000,1,-9.530000,-0.3400,8.330000,10.600000,304.180000
1411,Exit long,2025-06-12 01:30,2764.570000,1,1.330000,0.0500,13.730000,10.600000,313.710000
1411,Entry long,2025-06-12 00:30,2763.240000,1,1.330000,0.0500,13.730000,10.600000,313.710000
1410,Exit short,2025-06-11 13:30,2815.960000,1,-11.640000,-0.4200,4.273333,21.166667,312.380000
1410,Entry short,2025-06-11 13:00,2804.320000,1,-11.640000,-0.4200,4.273333,21.166667,312.380000
1409,Exit short,2025-06-11 13:30,2815.960000,1,-2.740000,-0.1000,4.273333,22.870000,324.020000
1409,Entry short,2025-06-11 12:45,2813.220000,1,-2.740000,-0.1000,4.273333,22.870000,324.020000
1408,Exit short,2025-06-11 13:30,2815.960000,1,-43.540000,-1.5700,4.273333,49.980000,326.760000
1408,Entry short,2025-06-11 12:30,2772.420000,1,-43.540000,-1.5700,4.273333,49.980000,326.760000
1407,Exit long,2025-06-11 01:30,2787.820000,1,-6.820000,-0.2400,0.000000,16.423333,370.300000
1407,Entry long,2025-06-11 01:00,2794.640000,1,-6.820000,-0.2400,0.000000,16.423333,370.300000
1406,Exit long,2025-06-11 01:30,2787.820000,1,-9.690000,-0.3500,5.725000,16.423333,377.120000
1406,Entry long,2025-06-11 00:45,2797.510000,1,-9.690000,-0.3500,5.725000,16.423333,377.120000
1405,Exit long,2025-06-11 01:30,2787.820000,1,-17.220000,-0.6100,7.900000,16.423333,386.810000
1405,Entry long,2025-06-11 00:30,2805.040000,1,-17.220000,-0.6100,7.900000,16.423333,386.810000
1404,Exit short,2025-06-10 13:30,2755.240000,1,9.010000,0.3300,7.576667,16.383333,404.030000
1404,Entry short,2025-06-10 13:00,2764.250000,1,9.010000,0.3300,7.576667,16.383333,404.030000
1403,Exit short,2025-06-10 13:30,2755.240000,1,12.780000,0.4600,7.576667,16.383333,395.020000
1403,Entry short,2025-06-10 12:45,2768.020000,1,12.780000,0.4600,7.576667,16.383333,395.020000
1402,Exit short,2025-06-10 13:30,2755.240000,1,-1.160000,-0.0400,7.576667,19.460000,382.240000
1402,Entry short,2025-06-10 12:30,2754.080000,1,-1.160000,-0.0400,7.576667,19.460000,382.240000
1401,Exit long,2025-06-10 01:30,2710.710000,1,12.320000,0.4600,5.510000,12.470000,383.400000
1401,Entry long,2025-06-10 01:00,2698.390000,1,12.320000,0.4600,5.510000,12.470000,383.400000
1400,Exit long,2025-06-10 01:30,2710.710000,1,0.610000,0.0200,5.510000,19.230000,371.080000
1400,Entry long,2025-06-10 00:45,2710.100000,1,0.610000,0.0200,5.510000,19.230000,371.080000
1399,Exit long,2025-06-10 01:30,2710.710000,1,-6.210000,-0.2300,9.910000,19.230000,370.470000
1399,Entry long,2025-06-10 00:30,2716.920000,1,-6.210000,-0.2300,9.910000,19.230000,370.470000
1398,Exit short,2025-06-09 13:30,2535.640000,1,8.560000,0.3400,7.376667,2.753333,376.680000
1398,Entry short,2025-06-09 13:00,2544.200000,1,8.560000,0.3400,7.376667,2.753333,376.680000
1397,Exit short,2025-06-09 13:30,2535.640000,1,11.380000,0.4500,7.376667,6.355000,368.120000
1397,Entry short,2025-06-09 12:45,2547.020000,1,11.380000,0.4500,7.376667,6.355000,368.120000
1396,Exit short,2025-06-09 13:30,2535.640000,1,0.570000,0.0200,7.376667,11.290000,356.740000
1396,Entry short,2025-06-09 12:30,2536.210000,1,0.570000,0.0200,7.376667,11.290000,356.740000
1395,Exit long,2025-06-09 01:30,2502.820000,1,-1.250000,-0.0500,0.343333,9.786667,356.170000
1395,Entry long,2025-06-09 01:00,2504.070000,1,-1.250000,-0.0500,0.343333,9.786667,356.170000
1394,Exit long,2025-06-09 01:30,2502.820000,1,0.680000,0.0300,0.515000,10.045000,357.420000
1394,Entry long,2025-06-09 00:45,2502.140000,1,0.680000,0.0300,0.515000,10.045000,357.420000
1393,Exit long,2025-06-09 01:30,2502.820000,1,-2.330000,-0.0900,4.400000,10.045000,356.740000
1393,Entry long,2025-06-09 00:30,2505.150000,1,-2.330000,-0.0900,4.400000,10.045000,356.740000
1392,Exit short,2025-06-08 13:30,2508.720000,1,-1.900000,-0.0800,1.086667,3.273333,359.070000
1392,Entry short,2025-06-08 13:00,2506.820000,1,-1.900000,-0.0800,1.086667,3.273333,359.070000
1391,Exit short,2025-06-08 13:30,2508.720000,1,-6.500000,-0.2600,2.540000,5.100000,360.970000
1391,Entry short,2025-06-08 12:45,2502.220000,1,-6.500000,-0.2600,2.540000,5.100000,360.970000
1390,Exit short,2025-06-08 13:30,2508.720000,1,-1.420000,-0.0600,8.620000,5.100000,367.470000
1390,Entry short,2025-06-08 12:30,2507.300000,1,-1.420000,-0.0600,8.620000,5.100000,367.470000
1389,Exit long,2025-06-08 01:30,2512.050000,1,-4.510000,-0.1800,0.000000,8.543333,368.890000
1389,Entry long,2025-06-08 01:00,2516.560000,1,-4.510000,-0.1800,0.000000,8.543333,368.890000
1388,Exit long,2025-06-08 01:30,2512.050000,1,-7.150000,-0.2800,0.000000,8.543333,373.400000
1388,Entry long,2025-06-08 00:45,2519.200000,1,-7.150000,-0.2800,0.000000,8.543333,373.400000
1387,Exit long,2025-06-08 01:30,2512.050000,1,-7.880000,-0.3100,5.070000,8.543333,380.550000
1387,Entry long,2025-06-08 00:30,2519.930000,1,-7.880000,-0.3100,5.070000,8.543333,380.550000
1386,Exit short,2025-06-07 13:30,2504.310000,1,-7.440000,-0.3000,8.456667,9.953333,388.430000
1386,Entry short,2025-06-07 13:00,2496.870000,1,-7.440000,-0.3000,8.456667,9.953333,388.430000
1385,Exit short,2025-06-07 13:30,2504.310000,1,0.720000,0.0300,8.456667,9.953333,395.870000
1385,Entry short,2025-06-07 12:45,2505.030000,1,0.720000,0.0300,8.456667,9.953333,395.870000
1384,Exit short,2025-06-07 13:30,2504.310000,1,-7.000000,-0.2800,8.456667,9.953333,395.150000
1384,Entry short,2025-06-07 12:30,2497.310000,1,-7.000000,-0.2800,8.456667,9.953333,395.150000
1383,Exit long,2025-06-07 01:30,2470.080000,1,-9.750000,-0.3900,7.426667,2.933333,402.150000
1383,Entry long,2025-06-07 01:00,2479.830000,1,-9.750000,-0.3900,7.426667,2.933333,402.150000
1382,Exit long,2025-06-07 01:30,2470.080000,1,-2.570000,-0.1000,13.115000,2.933333,411.900000
1382,Entry long,2025-06-07 00:45,2472.650000,1,-2.570000,-0.1000,13.115000,2.933333,411.900000
1381,Exit long,2025-06-07 01:30,2470.080000,1,3.760000,0.1500,13.115000,2.933333,414.470000
1381,Entry long,2025-06-07 00:30,2466.320000,1,3.760000,0.1500,13.115000,2.933333,414.470000
1380,Exit short,2025-06-06 13:30,2481.270000,1,-7.070000,-0.2900,0.566667,13.353333,410.710000
1380,Entry short,2025-06-06 13:00,2474.200000,1,-7.070000,-0.2900,0.566667,13.353333,410.710000
1379,Exit short,2025-06-06 13:30,2481.270000,1,-8.940000,-0.3600,2.920000,13.353333,417.780000
1379,Entry short,2025-06-06 12:45,2472.330000,1,-8.940000,-0.3600,2.920000,13.353333,417.780000
1378,Exit short,2025-06-06 13:30,2481.270000,1,-3.860000,-0.1600,11.750000,22.530000,426.720000
1378,Entry short,2025-06-06 12:30,2477.410000,1,-3.860000,-0.1600,11.750000,22.530000,426.720000
1377,Exit long,2025-06-06 01:30,2421.690000,1,-3.400000,-0.1400,9.153333,2.576667,430.580000
1377,Entry long,2025-06-06 01:00,2425.090000,1,-3.400000,-0.1400,9.153333,2.576667,430.580000
1376,Exit long,2025-06-06 01:30,2421.690000,1,-0.540000,-0.0200,11.645000,2.576667,433.980000
1376,Entry long,2025-06-06 00:45,2422.230000,1,-0.540000,-0.0200,11.645000,2.576667,433.980000
1375,Exit long,2025-06-06 01:30,2421.690000,1,12.770000,0.5300,14.620000,2.576667,434.520000
1375,Entry long,2025-06-06 00:30,2408.920000,1,12.770000,0.5300,14.620000,2.576667,434.520000
1374,Exit short,2025-06-05 13:30,2628.210000,1,2.060000,0.0800,7.616667,7.043333,421.750000
1374,Entry short,2025-06-05 13:00,2630.270000,1,2.060000,0.0800,7.616667,7.043333,421.750000
1373,Exit short,2025-06-05 13:30,2628.210000,1,-0.580000,-0.0200,7.616667,13.710000,419.690000
1373,Entry short,2025-06-05 12:45,2627.630000,1,-0.580000,-0.0200,7.616667,13.710000,419.690000
1372,Exit short,2025-06-05 13:30,2628.210000,1,-3.260000,-0.1200,7.616667,13.710000,420.270000
1372,Entry short,2025-06-05 12:30,2624.950000,1,-3.260000,-0.1200,7.616667,13.710000,420.270000
1371,Exit long,2025-06-05 01:30,2608.150000,1,-2.610000,-0.1000,6.106667,3.283333,423.530000
1371,Entry long,2025-06-05 01:00,2610.760000,1,-2.610000,-0.1000,6.106667,3.283333,423.530000
1370,Exit long,2025-06-05 01:30,2608.150000,1,-0.200000,-0.0100,6.106667,4.760000,426.140000
1370,Entry long,2025-06-05 00:45,2608.350000,1,-0.200000,-0.0100,6.106667,4.760000,426.140000
1369,Exit long,2025-06-05 01:30,2608.150000,1,0.580000,0.0200,6.440000,4.760000,426.340000
1369,Entry long,2025-06-05 00:30,2607.570000,1,0.580000,0.0200,6.440000,4.760000,426.340000
1368,Exit short,2025-06-04 13:30,2613.110000,1,2.610000,0.1000,13.150000,0.610000,425.760000
1368,Entry short,2025-06-04 13:00,2615.720000,1,2.610000,0.1000,13.150000,0.610000,425.760000
1367,Exit short,2025-06-04 13:30,2613.110000,1,10.390000,0.4000,13.150000,5.025000,423.150000
1367,Entry short,2025-06-04 12:45,2623.500000,1,10.390000,0.4000,13.150000,5.025000,423.150000
1366,Exit short,2025-06-04 13:30,2613.110000,1,5.840000,0.2200,13.150000,5.550000,412.760000
1366,Entry short,2025-06-04 12:30,2618.950000,1,5.840000,0.2200,13.150000,5.550000,412.760000
1365,Exit long,2025-06-04 01:30,2614.510000,1,16.590000,0.6400,29.116667,-0.000000,406.920000
1365,Entry long,2025-06-04 01:00,2597.920000,1,16.590000,0.6400,29.116667,-0.000000,406.920000
1364,Exit long,2025-06-04 01:30,2614.510000,1,26.870000,1.0400,29.116667,3.460000,390.330000
1364,Entry long,2025-06-04 00:45,2587.640000,1,26.870000,1.0400,29.116667,3.460000,390.330000
1363,Exit long,2025-06-04 01:30,2614.510000,1,20.910000,0.8100,29.116667,11.190000,363.460000
1363,Entry long,2025-06-04 00:30,2593.600000,1,20.910000,0.8100,29.116667,11.190000,363.460000
1362,Exit short,2025-06-03 13:30,2620.330000,1,-11.710000,-0.4500,0.000000,20.200000,342.550000
1362,Entry short,2025-06-03 13:00,2608.620000,1,-11.710000,-0.4500,0.000000,20.200000,342.550000
1361,Exit short,2025-06-03 13:30,2620.330000,1,-12.000000,-0.4600,0.000000,20.200000,354.260000
1361,Entry short,2025-06-03 12:45,2608.330000,1,-12.000000,-0.4600,0.000000,20.200000,354.260000
1360,Exit short,2025-06-03 13:30,2620.330000,1,-14.210000,-0.5500,4.120000,20.200000,366.260000
1360,Entry short,2025-06-03 12:30,2606.120000,1,-14.210000,-0.5500,4.120000,20.200000,366.260000
1359,Exit long,2025-06-03 01:30,2624.480000,1,3.690000,0.1400,10.093333,1.926667,380.470000
1359,Entry long,2025-06-03 01:00,2620.790000,1,3.690000,0.1400,10.093333,1.926667,380.470000
1358,Exit long,2025-06-03 01:30,2624.480000,1,5.680000,0.2200,10.093333,1.926667,376.780000
1358,Entry long,2025-06-03 00:45,2618.800000,1,5.680000,0.2200,10.093333,1.926667,376.780000
1357,Exit long,2025-06-03 01:30,2624.480000,1,10.380000,0.4000,11.750000,1.926667,371.100000
1357,Entry long,2025-06-03 00:30,2614.100000,1,10.380000,0.4000,11.750000,1.926667,371.100000
1356,Exit short,2025-06-02 13:30,2499.140000,1,-2.180000,-0.0900,4.300000,11.040000,360.720000
1356,Entry short,2025-06-02 13:00,2496.960000,1,-2.180000,-0.0900,4.300000,11.040000,360.720000
1355,Exit short,2025-06-02 13:30,2499.140000,1,-6.460000,-0.2600,4.300000,11.040000,362.900000
1355,Entry short,2025-06-02 12:45,2492.680000,1,-6.460000,-0.2600,4.300000,11.040000,362.900000
1354,Exit short,2025-06-02 13:30,2499.140000,1,-16.050000,-0.6500,4.300000,13.410000,369.360000
1354,Entry short,2025-06-02 12:30,2483.090000,1,-16.050000,-0.6500,4.300000,13.410000,369.360000
1353,Exit long,2025-06-02 01:30,2529.700000,1,-3.510000,-0.1400,8.946667,3.703333,385.410000
1353,Entry long,2025-06-02 01:00,2533.210000,1,-3.510000,-0.1400,8.946667,3.703333,385.410000
1352,Exit long,2025-06-02 01:30,2529.700000,1,-3.540000,-0.1400,8.946667,3.703333,388.920000
1352,Entry long,2025-06-02 00:45,2533.240000,1,-3.540000,-0.1400,8.946667,3.703333,388.920000
1351,Exit long,2025-06-02 01:30,2529.700000,1,0.320000,0.0100,8.946667,4.210000,392.460000
1351,Entry long,2025-06-02 00:30,2529.380000,1,0.320000,0.0100,8.946667,4.210000,392.460000
1350,Exit short,2025-06-01 13:30,2490.120000,1,-7.140000,-0.2900,5.776667,10.413333,392.140000
1350,Entry short,2025-06-01 13:00,2482.980000,1,-7.140000,-0.2900,5.776667,10.413333,392.140000
1349,Exit short,2025-06-01 13:30,2490.120000,1,-9.550000,-0.3800,10.540000,10.413333,399.280000
1349,Entry short,2025-06-01 12:45,2480.570000,1,-9.550000,-0.3800,10.540000,10.413333,399.280000
1348,Exit short,2025-06-01 13:30,2490.120000,1,2.190000,0.0900,27.310000,10.413333,408.830000
1348,Entry short,2025-06-01 12:30,2492.310000,1,2.190000,0.0900,27.310000,10.413333,408.830000
1347,Exit long,2025-06-01 01:30,2522.370000,1,-2.730000,-0.1100,8.620000,3.720000,406.640000
1347,Entry long,2025-06-01 01:00,2525.100000,1,-2.730000,-0.1100,8.620000,3.720000,406.640000
1346,Exit long,2025-06-01 01:30,2522.370000,1,1.310000,0.0500,8.620000,3.720000,409.370000
1346,Entry long,2025-06-01 00:45,2521.060000,1,1.310000,0.0500,8.620000,3.720000,409.370000
1345,Exit long,2025-06-01 01:30,2522.370000,1,5.380000,0.2100,8.620000,3.720000,408.060000
1345,Entry long,2025-06-01 00:30,2516.990000,1,5.380000,0.2100,8.620000,3.720000,408.060000
1344,Exit short,2025-05-31 13:30,2534.110000,1,2.190000,0.0900,0.733333,17.496667,402.680000
1344,Entry short,2025-05-31 13:00,2536.300000,1,2.190000,0.0900,0.733333,17.496667,402.680000
1343,Exit short,2025-05-31 13:30,2534.110000,1,-7.400000,-0.2900,0.733333,17.496667,400.490000
1343,Entry short,2025-05-31 12:45,2526.710000,1,-7.400000,-0.2900,0.733333,17.496667,400.490000
1342,Exit short,2025-05-31 13:30,2534.110000,1,-9.090000,-0.3600,0.733333,17.496667,407.890000
1342,Entry short,2025-05-31 12:30,2525.020000,1,-9.090000,-0.3600,0.733333,17.496667,407.890000
1341,Exit long,2025-05-31 01:30,2507.850000,1,-10.730000,-0.4300,5.726667,20.273333,416.980000
1341,Entry long,2025-05-31 01:00,2518.580000,1,-10.730000,-0.4300,5.726667,20.273333,416.980000
1340,Exit long,2025-05-31 01:30,2507.850000,1,-22.730000,-0.9000,11.580000,20.273333,427.710000
1340,Entry long,2025-05-31 00:45,2530.580000,1,-22.730000,-0.9000,11.580000,20.273333,427.710000
1339,Exit long,2025-05-31 01:30,2507.850000,1,-6.810000,-0.2700,19.090000,20.273333,450.440000
1339,Entry long,2025-05-31 00:30,2514.660000,1,-6.810000,-0.2700,19.090000,20.273333,450.440000
1338,Exit short,2025-05-30 13:30,2592.210000,1,16.890000,0.6500,17.973333,11.656667,457.250000
1338,Entry short,2025-05-30 13:00,2609.100000,1,16.890000,0.6500,17.973333,11.656667,457.250000
1337,Exit short,2025-05-30 13:30,2592.210000,1,22.770000,0.8700,17.973333,17.350000,440.360000
1337,Entry short,2025-05-30 12:45,2614.980000,1,22.770000,0.8700,17.973333,17.350000,440.360000
1336,Exit short,2025-05-30 13:30,2592.210000,1,0.970000,0.0400,17.973333,23.820000,417.590000
1336,Entry short,2025-05-30 12:30,2593.180000,1,0.970000,0.0400,17.973333,23.820000,417.590000
1335,Exit long,2025-05-30 01:30,2604.580000,1,32.340000,1.2600,0.000000,46.096667,416.620000
1335,Entry long,2025-05-30 01:00,2572.240000,1,32.340000,1.2600,0.000000,46.096667,416.620000
1334,Exit long,2025-05-30 01:30,2604.580000,1,-24.840000,-0.9400,0.000000,76.850000,384.280000
1334,Entry long,2025-05-30 00:45,2629.420000,1,-24.840000,-0.9400,0.000000,76.850000,384.280000
1333,Exit long,2025-05-30 01:30,2604.580000,1,-31.700000,-1.2000,0.560000,76.850000,409.120000
1333,Entry long,2025-05-30 00:30,2636.280000,1,-31.700000,-1.2000,0.560000,76.850000,409.120000
1332,Exit short,2025-05-29 13:30,2685.710000,1,6.530000,0.2400,17.653333,3.106667,440.820000
1332,Entry short,2025-05-29 13:00,2692.240000,1,6.530000,0.2400,17.653333,3.106667,440.820000
1331,Exit short,2025-05-29 13:30,2685.710000,1,1.460000,0.0500,17.653333,3.106667,434.290000
1331,Entry short,2025-05-29 12:45,2687.170000,1,1.460000,0.0500,17.653333,3.106667,434.290000
1330,Exit short,2025-05-29 13:30,2685.710000,1,21.870000,0.8100,32.790000,9.410000,432.830000
1330,Entry short,2025-05-29 12:30,2707.580000,1,21.870000,0.8100,32.790000,9.410000,432.830000
1329,Exit long,2025-05-29 01:30,2707.400000,1,-13.810000,-0.5100,14.220000,4.180000,410.960000
1329,Entry long,2025-05-29 01:00,2721.210000,1,-13.810000,-0.5100,14.220000,4.180000,410.960000
1328,Exit long,2025-05-29 01:30,2707.400000,1,5.700000,0.2100,19.450000,4.180000,424.770000
1328,Entry long,2025-05-29 00:45,2701.700000,1,5.700000,0.2100,19.450000,4.180000,424.770000
1327,Exit long,2025-05-29 01:30,2707.400000,1,5.380000,0.2000,19.450000,7.170000,419.070000
1327,Entry long,2025-05-29 00:30,2702.020000,1,5.380000,0.2000,19.450000,7.170000,419.070000
1326,Exit short,2025-05-28 13:30,2673.010000,1,-6.680000,-0.2500,11.146667,6.773333,413.690000
1326,Entry short,2025-05-28 13:00,2666.330000,1,-6.680000,-0.2500,11.146667,6.773333,413.690000
1325,Exit short,2025-05-28 13:30,2673.010000,1,-0.000000,-0.0000,11.146667,6.773333,420.370000
1325,Entry short,2025-05-28 12:45,2673.010000,1,-0.000000,-0.0000,11.146667,6.773333,420.370000
1324,Exit short,2025-05-28 13:30,2673.010000,1,-2.240000,-0.0800,11.146667,6.773333,420.370000
1324,Entry short,2025-05-28 12:30,2670.770000,1,-2.240000,-0.0800,11.146667,6.773333,420.370000
1323,Exit long,2025-05-28 01:30,2639.520000,1,-17.980000,-0.6800,5.793333,16.556667,422.610000
1323,Entry long,2025-05-28 01:00,2657.500000,1,-17.980000,-0.6800,5.793333,16.556667,422.610000
1322,Exit long,2025-05-28 01:30,2639.520000,1,-10.770000,-0.4100,8.910000,16.556667,440.590000
1322,Entry long,2025-05-28 00:45,2650.290000,1,-10.770000,-0.4100,8.910000,16.556667,440.590000
1321,Exit long,2025-05-28 01:30,2639.520000,1,-12.190000,-0.4600,8.910000,16.556667,451.360000
1321,Entry long,2025-05-28 00:30,2651.710000,1,-12.190000,-0.4600,8.910000,16.556667,451.360000
1320,Exit short,2025-05-27 13:30,2666.490000,1,-19.110000,-0.7200,0.000000,39.376667,463.550000
1320,Entry short,2025-05-27 13:00,2647.380000,1,-19.110000,-0.7200,0.000000,39.376667,463.550000
1319,Exit short,2025-05-27 13:30,2666.490000,1,-28.390000,-1.0800,5.885000,39.376667,482.660000
1319,Entry short,2025-05-27 12:45,2638.100000,1,-28.390000,-1.0800,5.885000,39.376667,482.660000
1318,Exit short,2025-05-27 13:30,2666.490000,1,-18.820000,-0.7100,10.580000,39.376667,511.050000
1318,Entry short,2025-05-27 12:30,2647.670000,1,-18.820000,-0.7100,10.580000,39.376667,511.050000
1317,Exit long,2025-05-27 01:30,2526.030000,1,-23.960000,-0.9400,0.000000,45.983333,529.870000
1317,Entry long,2025-05-27 01:00,2549.990000,1,-23.960000,-0.9400,0.000000,45.983333,529.870000
1316,Exit long,2025-05-27 01:30,2526.030000,1,-27.250000,-1.0700,1.310000,45.983333,553.830000
1316,Entry long,2025-05-27 00:45,2553.280000,1,-27.250000,-1.0700,1.310000,45.983333,553.830000
1315,Exit long,2025-05-27 01:30,2526.030000,1,-32.650000,-1.2800,1.310000,45.983333,581.080000
1315,Entry long,2025-05-27 00:30,2558.680000,1,-32.650000,-1.2800,1.310000,45.983333,581.080000
1314,Exit short,2025-05-26 13:30,2563.100000,1,4.020000,0.1600,9.516667,5.913333,613.730000
1314,Entry short,2025-05-26 13:00,2567.120000,1,4.020000,0.1600,9.516667,5.913333,613.730000
1313,Exit short,2025-05-26 13:30,2563.100000,1,1.900000,0.0700,9.516667,10.150000,609.710000
1313,Entry short,2025-05-26 12:45,2565.000000,1,1.900000,0.0700,9.516667,10.150000,609.710000
1312,Exit short,2025-05-26 13:30,2563.100000,1,-1.160000,-0.0500,9.516667,10.150000,607.810000
1312,Entry short,2025-05-26 12:30,2561.940000,1,-1.160000,-0.0500,9.516667,10.150000,607.810000
1311,Exit long,2025-05-26 01:30,2557.690000,1,-12.890000,-0.5000,19.470000,1.770000,608.970000
1311,Entry long,2025-05-26 01:00,2570.580000,1,-12.890000,-0.5000,19.470000,1.770000,608.970000
1310,Exit long,2025-05-26 01:30,2557.690000,1,2.680000,0.1000,24.105000,1.770000,621.860000
1310,Entry long,2025-05-26 00:45,2555.010000,1,2.680000,0.1000,24.105000,1.770000,621.860000
1309,Exit long,2025-05-26 01:30,2557.690000,1,13.690000,0.5400,24.105000,2.450000,619.180000
1309,Entry long,2025-05-26 00:30,2544.000000,1,13.690000,0.5400,24.105000,2.450000,619.180000
1308,Exit short,2025-05-25 13:30,2518.760000,1,-3.090000,-0.1200,4.006667,5.773333,605.490000
1308,Entry short,2025-05-25 13:00,2515.670000,1,-3.090000,-0.1200,4.006667,5.773333,605.490000
1307,Exit short,2025-05-25 13:30,2518.760000,1,-5.340000,-0.2100,4.006667,5.773333,608.580000
1307,Entry short,2025-05-25 12:45,2513.420000,1,-5.340000,-0.2100,4.006667,5.773333,608.580000
1306,Exit short,2025-05-25 13:30,2518.760000,1,-5.410000,-0.2200,4.006667,5.773333,613.920000
1306,Entry short,2025-05-25 12:30,2513.350000,1,-5.410000,-0.2200,4.006667,5.773333,613.920000
1305,Exit long,2025-05-25 01:30,2496.000000,1,10.430000,0.4200,0.000000,26.773333,619.330000
1305,Entry long,2025-05-25 01:00,2485.570000,1,10.430000,0.4200,0.000000,26.773333,619.330000
1304,Exit long,2025-05-25 01:30,2496.000000,1,1.210000,0.0500,0.000000,41.030000,608.900000
1304,Entry long,2025-05-25 00:45,2494.790000,1,1.210000,0.0500,0.000000,41.030000,608.900000
1303,Exit long,2025-05-25 01:30,2496.000000,1,-37.990000,-1.5000,4.010000,53.990000,607.690000
1303,Entry long,2025-05-25 00:30,2533.990000,1,-37.990000,-1.5000,4.010000,53.990000,607.690000
1302,Exit short,2025-05-24 13:30,2555.950000,1,2.130000,0.0800,9.543333,5.186667,645.680000
1302,Entry short,2025-05-24 13:00,2558.080000,1,2.130000,0.0800,9.543333,5.186667,645.680000
1301,Exit short,2025-05-24 13:30,2555.950000,1,0.220000,0.0100,9.543333,5.186667,643.550000
1301,Entry short,2025-05-24 12:45,2556.170000,1,0.220000,0.0100,9.543333,5.186667,643.550000
1300,Exit short,2025-05-24 13:30,2555.950000,1,-0.570000,-0.0200,9.543333,5.186667,643.330000
1300,Entry short,2025-05-24 12:30,2555.380000,1,-0.570000,-0.0200,9.543333,5.186667,643.330000
1299,Exit long,2025-05-24 01:30,2527.460000,1,12.470000,0.5000,11.440000,8.640000,643.900000
1299,Entry long,2025-05-24 01:00,2514.990000,1,12.470000,0.5000,11.440000,8.640000,643.900000
1298,Exit long,2025-05-24 01:30,2527.460000,1,-1.410000,-0.0600,11.440000,13.095000,631.430000
1298,Entry long,2025-05-24 00:45,2528.870000,1,-1.410000,-0.0600,11.440000,13.095000,631.430000
1297,Exit long,2025-05-24 01:30,2527.460000,1,2.200000,0.0900,12.350000,13.095000,632.840000
1297,Entry long,2025-05-24 00:30,2525.260000,1,2.200000,0.0900,12.350000,13.095000,632.840000
1296,Exit short,2025-05-23 13:30,2558.550000,1,-11.030000,-0.4300,9.393333,17.776667,630.640000
1296,Entry short,2025-05-23 13:00,2547.520000,1,-11.030000,-0.4300,9.393333,17.776667,630.640000
1295,Exit short,2025-05-23 13:30,2558.550000,1,-14.460000,-0.5700,10.530000,17.776667,641.670000
1295,Entry short,2025-05-23 12:45,2544.090000,1,-14.460000,-0.5700,10.530000,17.776667,641.670000
1294,Exit short,2025-05-23 13:30,2558.550000,1,-13.980000,-0.5500,10.530000,17.776667,656.130000
1294,Entry short,2025-05-23 12:30,2544.570000,1,-13.980000,-0.5500,10.530000,17.776667,656.130000
1293,Exit long,2025-05-23 01:30,2668.790000,1,6.720000,0.2500,14.886667,5.633333,670.110000
1293,Entry long,2025-05-23 01:00,2662.070000,1,6.720000,0.2500,14.886667,5.633333,670.110000
1292,Exit long,2025-05-23 01:30,2668.790000,1,18.440000,0.7000,26.570000,5.633333,663.390000
1292,Entry long,2025-05-23 00:45,2650.350000,1,18.440000,0.7000,26.570000,5.633333,663.390000
1291,Exit long,2025-05-23 01:30,2668.790000,1,14.280000,0.5400,26.570000,10.750000,644.950000
1291,Entry long,2025-05-23 00:30,2654.510000,1,14.280000,0.5400,26.570000,10.750000,644.950000
1290,Exit short,2025-05-22 13:30,2651.320000,1,5.400000,0.2000,12.496667,7.363333,630.670000
1290,Entry short,2025-05-22 13:00,2656.720000,1,5.400000,0.2000,12.496667,7.363333,630.670000
1289,Exit short,2025-05-22 13:30,2651.320000,1,0.050000,0.0000,12.496667,12.355000,625.270000
1289,Entry short,2025-05-22 12:45,2651.370000,1,0.050000,0.0000,12.496667,12.355000,625.270000
1288,Exit short,2025-05-22 13:30,2651.320000,1,-6.000000,-0.2300,12.496667,12.355000,625.220000
1288,Entry short,2025-05-22 12:30,2645.320000,1,-6.000000,-0.2300,12.496667,12.355000,625.220000
1287,Exit long,2025-05-22 01:30,2591.570000,1,6.230000,0.2400,31.683333,-0.000000,631.220000
1287,Entry long,2025-05-22 01:00,2585.340000,1,6.230000,0.2400,31.683333,-0.000000,631.220000
1286,Exit long,2025-05-22 01:30,2591.570000,1,31.920000,1.2500,31.683333,4.875000,624.990000
1286,Entry long,2025-05-22 00:45,2559.650000,1,31.920000,1.2500,31.683333,4.875000,624.990000
1285,Exit long,2025-05-22 01:30,2591.570000,1,22.190000,0.8600,31.683333,15.220000,593.070000
1285,Entry long,2025-05-22 00:30,2569.380000,1,22.190000,0.8600,31.683333,15.220000,593.070000
1284,Exit short,2025-05-21 13:30,2528.300000,1,9.640000,0.3800,20.470000,-0.000000,570.880000
1284,Entry short,2025-05-21 13:00,2537.940000,1,9.640000,0.3800,20.470000,-0.000000,570.880000
1283,Exit short,2025-05-21 13:30,2528.300000,1,10.070000,0.4000,20.470000,-0.000000,561.240000
1283,Entry short,2025-05-21 12:45,2538.370000,1,10.070000,0.4000,20.470000,-0.000000,561.240000
1282,Exit short,2025-05-21 13:30,2528.300000,1,18.270000,0.7200,20.470000,-0.000000,551.170000
1282,Entry short,2025-05-21 12:30,2546.570000,1,18.270000,0.7200,20.470000,-0.000000,551.170000
1281,Exit long,2025-05-21 01:30,2534.170000,1,5.390000,0.2100,16.606667,3.083333,532.900000
1281,Entry long,2025-05-21 01:00,2528.780000,1,5.390000,0.2100,16.606667,3.083333,532.900000
1280,Exit long,2025-05-21 01:30,2534.170000,1,8.480000,0.3400,16.606667,3.315000,527.510000
1280,Entry long,2025-05-21 00:45,2525.690000,1,8.480000,0.3400,16.606667,3.315000,527.510000
1279,Exit long,2025-05-21 01:30,2534.170000,1,4.390000,0.1700,16.606667,9.770000,519.030000
1279,Entry long,2025-05-21 00:30,2529.780000,1,4.390000,0.1700,16.606667,9.770000,519.030000
1278,Exit short,2025-05-20 13:30,2482.100000,1,1.290000,0.0500,10.580000,2.640000,514.640000
1278,Entry short,2025-05-20 13:00,2483.390000,1,1.290000,0.0500,10.580000,2.640000,514.640000
1277,Exit short,2025-05-20 13:30,2482.100000,1,4.350000,0.1700,12.520000,2.640000,513.350000
1277,Entry short,2025-05-20 12:45,2486.450000,1,4.350000,0.1700,12.520000,2.640000,513.350000
1276,Exit short,2025-05-20 13:30,2482.100000,1,13.890000,0.5600,18.710000,3.060000,509.000000
1276,Entry short,2025-05-20 12:30,2495.990000,1,13.890000,0.5600,18.710000,3.060000,509.000000
1275,Exit long,2025-05-20 01:30,2529.200000,1,14.870000,0.5900,7.650000,14.140000,495.110000
1275,Entry long,2025-05-20 01:00,2514.330000,1,14.870000,0.5900,7.650000,14.140000,495.110000
1274,Exit long,2025-05-20 01:30,2529.200000,1,3.520000,0.1400,7.650000,18.005000,480.240000
1274,Entry long,2025-05-20 00:45,2525.680000,1,3.520000,0.1400,7.650000,18.005000,480.240000
1273,Exit long,2025-05-20 01:30,2529.200000,1,-1.770000,-0.0700,7.650000,18.005000,476.720000
1273,Entry long,2025-05-20 00:30,2530.970000,1,-1.770000,-0.0700,7.650000,18.005000,476.720000
1272,Exit short,2025-05-19 13:30,2402.490000,1,-2.260000,-0.0900,7.466667,5.973333,478.490000
1272,Entry short,2025-05-19 13:00,2400.230000,1,-2.260000,-0.0900,7.466667,5.973333,478.490000
1271,Exit short,2025-05-19 13:30,2402.490000,1,-2.970000,-0.1200,12.920000,5.973333,480.750000
1271,Entry short,2025-05-19 12:45,2399.520000,1,-2.970000,-0.1200,12.920000,5.973333,480.750000
1270,Exit short,2025-05-19 13:30,2402.490000,1,1.050000,0.0400,20.540000,5.973333,483.720000
1270,Entry short,2025-05-19 12:30,2403.540000,1,1.050000,0.0400,20.540000,5.973333,483.720000
1269,Exit long,2025-05-19 01:30,2432.430000,1,-9.780000,-0.4000,4.710000,32.250000,482.670000
1269,Entry long,2025-05-19 01:00,2442.210000,1,-9.780000,-0.4000,4.710000,32.250000,482.670000
1268,Exit long,2025-05-19 01:30,2432.430000,1,-10.160000,-0.4200,4.710000,32.250000,492.450000
1268,Entry long,2025-05-19 00:45,2442.590000,1,-10.160000,-0.4200,4.710000,32.250000,492.450000
1267,Exit long,2025-05-19 01:30,2432.430000,1,-18.310000,-0.7500,4.730000,32.250000,502.610000
1267,Entry long,2025-05-19 00:30,2450.740000,1,-18.310000,-0.7500,4.730000,32.250000,502.610000
1266,Exit short,2025-05-18 13:30,2510.700000,1,-3.510000,-0.1400,0.000000,10.913333,520.920000
1266,Entry short,2025-05-18 13:00,2507.190000,1,-3.510000,-0.1400,0.000000,10.913333,520.920000
1265,Exit short,2025-05-18 13:30,2510.700000,1,-9.510000,-0.3800,0.220000,10.913333,524.430000
1265,Entry short,2025-05-18 12:45,2501.190000,1,-9.510000,-0.3800,0.220000,10.913333,524.430000
1264,Exit short,2025-05-18 13:30,2510.700000,1,-10.390000,-0.4200,0.810000,10.913333,533.940000
1264,Entry short,2025-05-18 12:30,2500.310000,1,-10.390000,-0.4200,0.810000,10.913333,533.940000
1263,Exit long,2025-05-18 01:30,2475.190000,1,-6.570000,-0.2600,6.603333,2.606667,544.330000
1263,Entry long,2025-05-18 01:00,2481.760000,1,-6.570000,-0.2600,6.603333,2.606667,544.330000
1262,Exit long,2025-05-18 01:30,2475.190000,1,3.070000,0.1200,10.975000,3.665000,550.900000
1262,Entry long,2025-05-18 00:45,2472.120000,1,3.070000,0.1200,10.975000,3.665000,550.900000
1261,Exit long,2025-05-18 01:30,2475.190000,1,-1.320000,-0.0500,10.975000,5.520000,547.830000
1261,Entry long,2025-05-18 00:30,2476.510000,1,-1.320000,-0.0500,10.975000,5.520000,547.830000
1260,Exit short,2025-05-17 13:30,2468.480000,1,2.940000,0.1200,17.446667,2.123333,549.150000
1260,Entry short,2025-05-17 13:00,2471.420000,1,2.940000,0.1200,17.446667,2.123333,549.150000
1259,Exit short,2025-05-17 13:30,2468.480000,1,11.010000,0.4400,17.446667,2.123333,546.210000
1259,Entry short,2025-05-17 12:45,2479.490000,1,11.010000,0.4400,17.446667,2.123333,546.210000
1258,Exit short,2025-05-17 13:30,2468.480000,1,12.410000,0.5000,17.446667,2.123333,535.200000
1258,Entry short,2025-05-17 12:30,2480.890000,1,12.410000,0.5000,17.446667,2.123333,535.200000
1257,Exit long,2025-05-17 01:30,2495.010000,1,-4.630000,-0.1900,0.000000,23.533333,522.790000
1257,Entry long,2025-05-17 01:00,2499.640000,1,-4.630000,-0.1900,0.000000,23.533333,522.790000
1256,Exit long,2025-05-17 01:30,2495.010000,1,-7.750000,-0.3100,8.280000,23.533333,527.420000
1256,Entry long,2025-05-17 00:45,2502.760000,1,-7.750000,-0.3100,8.280000,23.533333,527.420000
1255,Exit long,2025-05-17 01:30,2495.010000,1,-4.250000,-0.1700,8.280000,23.533333,535.170000
1255,Entry long,2025-05-17 00:30,2499.260000,1,-4.250000,-0.1700,8.280000,23.533333,535.170000
1254,Exit short,2025-05-16 13:30,2598.380000,1,-0.970000,-0.0400,5.176667,15.513333,539.420000
1254,Entry short,2025-05-16 13:00,2597.410000,1,-0.970000,-0.0400,5.176667,15.513333,539.420000
1253,Exit short,2025-05-16 13:30,2598.380000,1,1.320000,0.0500,5.176667,15.513333,540.390000
1253,Entry short,2025-05-16 12:45,2599.700000,1,1.320000,0.0500,5.176667,15.513333,540.390000
1252,Exit short,2025-05-16 13:30,2598.380000,1,-0.210000,-0.0100,5.176667,15.513333,539.070000
1252,Entry short,2025-05-16 12:30,2598.170000,1,-0.210000,-0.0100,5.176667,15.513333,539.070000
1251,Exit long,2025-05-16 01:30,2553.760000,1,10.070000,0.4000,3.166667,18.183333,539.280000
1251,Entry long,2025-05-16 01:00,2543.690000,1,10.070000,0.4000,3.166667,18.183333,539.280000
1250,Exit long,2025-05-16 01:30,2553.760000,1,-7.500000,-0.2900,6.685000,18.183333,529.210000
1250,Entry long,2025-05-16 00:45,2561.260000,1,-7.500000,-0.2900,6.685000,18.183333,529.210000
1249,Exit long,2025-05-16 01:30,2553.760000,1,4.710000,0.1800,15.830000,18.183333,536.710000
1249,Entry long,2025-05-16 00:30,2549.050000,1,4.710000,0.1800,15.830000,18.183333,536.710000
1248,Exit short,2025-05-15 13:30,2560.210000,1,-8.330000,-0.3300,9.906667,10.513333,532.000000
1248,Entry short,2025-05-15 13:00,2551.880000,1,-8.330000,-0.3300,9.906667,10.513333,532.000000
1247,Exit short,2025-05-15 13:30,2560.210000,1,5.060000,0.2000,14.660000,10.513333,540.330000
1247,Entry short,2025-05-15 12:45,2565.270000,1,5.060000,0.2000,14.660000,10.513333,540.330000
1246,Exit short,2025-05-15 13:30,2560.210000,1,-10.420000,-0.4100,14.660000,29.200000,535.270000
1246,Entry short,2025-05-15 12:30,2549.790000,1,-10.420000,-0.4100,14.660000,29.200000,535.270000
1245,Exit long,2025-05-15 01:30,2614.990000,1,-15.950000,-0.6100,2.436667,20.863333,545.690000
1245,Entry long,2025-05-15 01:00,2630.940000,1,-15.950000,-0.6100,2.436667,20.863333,545.690000
1244,Exit long,2025-05-15 01:30,2614.990000,1,-23.540000,-0.8900,5.305000,20.863333,561.640000
1244,Entry long,2025-05-15 00:45,2638.530000,1,-23.540000,-0.8900,5.305000,20.863333,561.640000
1243,Exit long,2025-05-15 01:30,2614.990000,1,-16.230000,-0.6200,10.840000,20.863333,585.180000
1243,Entry long,2025-05-15 00:30,2631.220000,1,-16.230000,-0.6200,10.840000,20.863333,585.180000
1242,Exit short,2025-05-14 13:30,2610.880000,1,0.930000,0.0400,17.266667,-0.000000,601.410000
1242,Entry short,2025-05-14 13:00,2611.810000,1,0.930000,0.0400,17.266667,-0.000000,601.410000
1241,Exit short,2025-05-14 13:30,2610.880000,1,6.840000,0.2600,18.015000,-0.000000,600.480000
1241,Entry short,2025-05-14 12:45,2617.720000,1,6.840000,0.2600,18.015000,-0.000000,600.480000
1240,Exit short,2025-05-14 13:30,2610.880000,1,13.430000,0.5100,18.015000,3.500000,593.640000
1240,Entry short,2025-05-14 12:30,2624.310000,1,13.430000,0.5100,18.015000,3.500000,593.640000
1239,Exit long,2025-05-14 01:30,2699.980000,1,5.020000,0.1900,27.943333,-0.000000,580.210000
1239,Entry long,2025-05-14 01:00,2694.960000,1,5.020000,0.1900,27.943333,-0.000000,580.210000
1238,Exit long,2025-05-14 01:30,2699.980000,1,15.870000,0.5900,27.943333,3.505000,575.190000
1238,Entry long,2025-05-14 00:45,2684.110000,1,15.870000,0.5900,27.943333,3.505000,575.190000
1237,Exit long,2025-05-14 01:30,2699.980000,1,11.880000,0.4400,27.943333,10.710000,559.320000
1237,Entry long,2025-05-14 00:30,2688.100000,1,11.880000,0.4400,27.943333,10.710000,559.320000
1236,Exit short,2025-05-13 13:30,2543.200000,1,-19.580000,-0.7800,2.476667,29.853333,547.440000
1236,Entry short,2025-05-13 13:00,2523.620000,1,-19.580000,-0.7800,2.476667,29.853333,547.440000
1235,Exit short,2025-05-13 13:30,2543.200000,1,-8.620000,-0.3400,2.476667,29.853333,567.020000
1235,Entry short,2025-05-13 12:45,2534.580000,1,-8.620000,-0.3400,2.476667,29.853333,567.020000
1234,Exit short,2025-05-13 13:30,2543.200000,1,-40.960000,-1.6400,2.476667,39.020000,575.640000
1234,Entry short,2025-05-13 12:30,2502.240000,1,-40.960000,-1.6400,2.476667,39.020000,575.640000
1233,Exit long,2025-05-13 01:30,2460.500000,1,-1.470000,-0.0600,11.670000,8.920000,616.600000
1233,Entry long,2025-05-13 01:00,2461.970000,1,-1.470000,-0.0600,11.670000,8.920000,616.600000
1232,Exit long,2025-05-13 01:30,2460.500000,1,2.060000,0.0800,11.670000,8.920000,618.070000
1232,Entry long,2025-05-13 00:45,2458.440000,1,2.060000,0.0800,11.670000,8.920000,618.070000
1231,Exit long,2025-05-13 01:30,2460.500000,1,-10.850000,-0.4400,11.670000,13.750000,616.010000
1231,Entry long,2025-05-13 00:30,2471.350000,1,-10.850000,-0.4400,11.670000,13.750000,616.010000
1230,Exit short,2025-05-12 13:30,2556.500000,1,-8.000000,-0.3100,7.046667,26.053333,626.860000
1230,Entry short,2025-05-12 13:00,2548.500000,1,-8.000000,-0.3100,7.046667,26.053333,626.860000
1229,Exit short,2025-05-12 13:30,2556.500000,1,-2.020000,-0.0800,7.046667,26.053333,634.860000
1229,Entry short,2025-05-12 12:45,2554.480000,1,-2.020000,-0.0800,7.046667,26.053333,634.860000
1228,Exit short,2025-05-12 13:30,2556.500000,1,-10.840000,-0.4300,7.046667,26.053333,636.880000
1228,Entry short,2025-05-12 12:30,2545.660000,1,-10.840000,-0.4300,7.046667,26.053333,636.880000
1227,Exit long,2025-05-12 01:30,2517.070000,1,-13.130000,-0.5200,18.460000,18.680000,647.720000
1227,Entry long,2025-05-12 01:00,2530.200000,1,-13.130000,-0.5200,18.460000,18.680000,647.720000
1226,Exit long,2025-05-12 01:30,2517.070000,1,-10.690000,-0.4200,18.460000,18.680000,660.850000
1226,Entry long,2025-05-12 00:45,2527.760000,1,-10.690000,-0.4200,18.460000,18.680000,660.850000
1225,Exit long,2025-05-12 01:30,2517.070000,1,-13.590000,-0.5400,18.460000,18.680000,671.540000
1225,Entry long,2025-05-12 00:30,2530.660000,1,-13.590000,-0.5400,18.460000,18.680000,671.540000
1224,Exit short,2025-05-11 13:30,2500.270000,1,14.150000,0.5600,21.543333,13.466667,685.130000
1224,Entry short,2025-05-11 13:00,2514.420000,1,14.150000,0.5600,21.543333,13.466667,685.130000
1223,Exit short,2025-05-11 13:30,2500.270000,1,14.300000,0.5700,21.543333,13.466667,670.980000
1223,Entry short,2025-05-11 12:45,2514.570000,1,14.300000,0.5700,21.543333,13.466667,670.980000
1222,Exit short,2025-05-11 13:30,2500.270000,1,18.870000,0.7500,21.543333,13.466667,656.680000
1222,Entry short,2025-05-11 12:30,2519.140000,1,18.870000,0.7500,21.543333,13.466667,656.680000
1221,Exit long,2025-05-11 01:30,2547.960000,1,5.090000,0.2000,26.916667,0.903333,637.810000
1221,Entry long,2025-05-11 01:00,2542.870000,1,5.090000,0.2000,26.916667,0.903333,637.810000
1220,Exit long,2025-05-11 01:30,2547.960000,1,12.470000,0.4900,26.995000,0.903333,632.720000
1220,Entry long,2025-05-11 00:45,2535.490000,1,12.470000,0.4900,26.995000,0.903333,632.720000
1219,Exit long,2025-05-11 01:30,2547.960000,1,36.100000,1.4400,32.820000,0.903333,620.250000
1219,Entry long,2025-05-11 00:30,2511.860000,1,36.100000,1.4400,32.820000,0.903333,620.250000
1218,Exit short,2025-05-10 13:30,2417.290000,1,-9.930000,-0.4100,0.000000,13.953333,584.150000
1218,Entry short,2025-05-10 13:00,2407.360000,1,-9.930000,-0.4100,0.000000,13.953333,584.150000
1217,Exit short,2025-05-10 13:30,2417.290000,1,-13.690000,-0.5700,8.520000,13.953333,594.080000
1217,Entry short,2025-05-10 12:45,2403.600000,1,-13.690000,-0.5700,8.520000,13.953333,594.080000
1216,Exit short,2025-05-10 13:30,2417.290000,1,-7.470000,-0.3100,8.520000,13.953333,607.770000
1216,Entry short,2025-05-10 12:30,2409.820000,1,-7.470000,-0.3100,8.520000,13.953333,607.770000
1215,Exit long,2025-05-10 01:30,2347.320000,1,21.550000,0.9300,5.543333,18.006667,615.240000
1215,Entry long,2025-05-10 01:00,2325.770000,1,21.550000,0.9300,5.543333,18.006667,615.240000
1214,Exit long,2025-05-10 01:30,2347.320000,1,4.240000,0.1800,5.543333,36.550000,593.690000
1214,Entry long,2025-05-10 00:45,2343.080000,1,4.240000,0.1800,5.543333,36.550000,593.690000
1213,Exit long,2025-05-10 01:30,2347.320000,1,-12.880000,-0.5500,5.543333,36.550000,589.450000
1213,Entry long,2025-05-10 00:30,2360.200000,1,-12.880000,-0.5500,5.543333,36.550000,589.450000
1212,Exit short,2025-05-09 13:30,2345.150000,1,-5.570000,-0.2400,1.276667,12.503333,602.330000
1212,Entry short,2025-05-09 13:00,2339.580000,1,-5.570000,-0.2400,1.276667,12.503333,602.330000
1211,Exit short,2025-05-09 13:30,2345.150000,1,-6.620000,-0.2800,3.975000,12.503333,607.900000
1211,Entry short,2025-05-09 12:45,2338.530000,1,-6.620000,-0.2800,3.975000,12.503333,607.900000
1210,Exit short,2025-05-09 13:30,2345.150000,1,-5.130000,-0.2200,4.920000,12.503333,614.520000
1210,Entry short,2025-05-09 12:30,2340.020000,1,-5.130000,-0.2200,4.920000,12.503333,614.520000
1209,Exit long,2025-05-09 01:30,2205.000000,1,4.900000,0.2200,47.806667,4.833333,619.650000
1209,Entry long,2025-05-09 01:00,2200.100000,1,4.900000,0.2200,47.806667,4.833333,619.650000
1208,Exit long,2025-05-09 01:30,2205.000000,1,4.290000,0.1900,47.806667,4.833333,614.750000
1208,Entry long,2025-05-09 00:45,2200.710000,1,4.290000,0.1900,47.806667,4.833333,614.750000
1207,Exit long,2025-05-09 01:30,2205.000000,1,14.530000,0.6600,47.806667,5.470000,610.460000
1207,Entry long,2025-05-09 00:30,2190.470000,1,14.530000,0.6600,47.806667,5.470000,610.460000
1206,Exit short,2025-05-08 13:30,1966.780000,1,-7.840000,-0.4000,2.433333,9.926667,595.930000
1206,Entry short,2025-05-08 13:00,1958.940000,1,-7.840000,-0.4000,2.433333,9.926667,595.930000
1205,Exit short,2025-05-08 13:30,1966.780000,1,-9.130000,-0.4700,4.990000,9.926667,603.770000
1205,Entry short,2025-05-08 12:45,1957.650000,1,-9.130000,-0.4700,4.990000,9.926667,603.770000
1204,Exit short,2025-05-08 13:30,1966.780000,1,-0.150000,-0.0100,14.060000,9.926667,612.900000
1204,Entry short,2025-05-08 12:30,1966.630000,1,-0.150000,-0.0100,14.060000,9.926667,612.900000
1203,Exit long,2025-05-08 01:30,1827.680000,1,1.490000,0.0800,19.870000,-0.000000,613.050000
1203,Entry long,2025-05-08 01:00,1826.190000,1,1.490000,0.0800,19.870000,-0.000000,613.050000
1202,Exit long,2025-05-08 01:30,1827.680000,1,18.240000,1.0100,19.870000,4.625000,611.560000
1202,Entry long,2025-05-08 00:45,1809.440000,1,18.240000,1.0100,19.870000,4.625000,611.560000
1201,Exit long,2025-05-08 01:30,1827.680000,1,12.430000,0.6800,19.870000,7.450000,593.320000
1201,Entry long,2025-05-08 00:30,1815.250000,1,12.430000,0.6800,19.870000,7.450000,593.320000
1200,Exit short,2025-05-07 13:30,1822.980000,1,6.770000,0.3700,7.270000,0.700000,580.890000
1200,Entry short,2025-05-07 13:00,1829.750000,1,6.770000,0.3700,7.270000,0.700000,580.890000
1199,Exit short,2025-05-07 13:30,1822.980000,1,5.700000,0.3100,7.270000,1.565000,574.120000
1199,Entry short,2025-05-07 12:45,1828.680000,1,5.700000,0.3100,7.270000,1.565000,574.120000
1198,Exit short,2025-05-07 13:30,1822.980000,1,5.770000,0.3200,7.270000,2.260000,568.420000
1198,Entry short,2025-05-07 12:30,1828.750000,1,5.770000,0.3200,7.270000,2.260000,568.420000
1197,Exit long,2025-05-07 01:30,1845.970000,1,4.350000,0.2400,11.710000,-0.000000,562.650000
1197,Entry long,2025-05-07 01:00,1841.620000,1,4.350000,0.2400,11.710000,-0.000000,562.650000
1196,Exit long,2025-05-07 01:30,1845.970000,1,9.090000,0.4900,11.710000,1.625000,558.300000
1196,Entry long,2025-05-07 00:45,1836.880000,1,9.090000,0.4900,11.710000,1.625000,558.300000
1195,Exit long,2025-05-07 01:30,1845.970000,1,9.600000,0.5200,11.710000,5.320000,549.210000
1195,Entry long,2025-05-07 00:30,1836.370000,1,9.600000,0.5200,11.710000,5.320000,549.210000
1194,Exit short,2025-05-06 13:30,1759.190000,1,15.140000,0.8500,14.556667,1.373333,539.610000
1194,Entry short,2025-05-06 13:00,1774.330000,1,15.140000,0.8500,14.556667,1.373333,539.610000
1193,Exit short,2025-05-06 13:30,1759.190000,1,15.220000,0.8600,14.556667,2.740000,524.470000
1193,Entry short,2025-05-06 12:45,1774.410000,1,15.220000,0.8600,14.556667,2.740000,524.470000
1192,Exit short,2025-05-06 13:30,1759.190000,1,12.680000,0.7200,14.556667,4.120000,509.250000
1192,Entry short,2025-05-06 12:30,1771.870000,1,12.680000,0.7200,14.556667,4.120000,509.250000
1191,Exit long,2025-05-06 01:30,1816.330000,1,3.060000,0.1700,6.223333,5.076667,496.570000
1191,Entry long,2025-05-06 01:00,1813.270000,1,3.060000,0.1700,6.223333,5.076667,496.570000
1190,Exit long,2025-05-06 01:30,1816.330000,1,5.140000,0.2800,6.223333,5.076667,493.510000
1190,Entry long,2025-05-06 00:45,1811.190000,1,5.140000,0.2800,6.223333,5.076667,493.510000
1189,Exit long,2025-05-06 01:30,1816.330000,1,-1.440000,-0.0800,6.223333,7.740000,488.370000
1189,Entry long,2025-05-06 00:30,1817.770000,1,-1.440000,-0.0800,6.223333,7.740000,488.370000
1188,Exit short,2025-05-05 13:30,1801.570000,1,3.250000,0.1800,6.073333,2.196667,489.810000
1188,Entry short,2025-05-05 13:00,1804.820000,1,3.250000,0.1800,6.073333,2.196667,489.810000
1187,Exit short,2025-05-05 13:30,1801.570000,1,2.700000,0.1500,6.073333,2.196667,486.560000
1187,Entry short,2025-05-05 12:45,1804.270000,1,2.700000,0.1500,6.073333,2.196667,486.560000
1186,Exit short,2025-05-05 13:30,1801.570000,1,5.430000,0.3000,6.073333,2.196667,483.860000
1186,Entry short,2025-05-05 12:30,1807.000000,1,5.430000,0.3000,6.073333,2.196667,483.860000
1185,Exit long,2025-05-05 01:30,1802.880000,1,-12.020000,-0.6600,1.633333,11.766667,478.430000
1185,Entry long,2025-05-05 01:00,1814.900000,1,-12.020000,-0.6600,1.633333,11.766667,478.430000
1184,Exit long,2025-05-05 01:30,1802.880000,1,-10.540000,-0.5800,3.080000,11.766667,490.450000
1184,Entry long,2025-05-05 00:45,1813.420000,1,-10.540000,-0.5800,3.080000,11.766667,490.450000
1183,Exit long,2025-05-05 01:30,1802.880000,1,-12.740000,-0.7000,3.080000,11.766667,500.990000
1183,Entry long,2025-05-05 00:30,1815.620000,1,-12.740000,-0.7000,3.080000,11.766667,500.990000
1182,Exit short,2025-05-04 13:30,1827.810000,1,1.540000,0.0800,5.246667,2.223333,513.730000
1182,Entry short,2025-05-04 13:00,1829.350000,1,1.540000,0.0800,5.246667,2.223333,513.730000
1181,Exit short,2025-05-04 13:30,1827.810000,1,3.320000,0.1800,5.246667,2.735000,512.190000
1181,Entry short,2025-05-04 12:45,1831.130000,1,3.320000,0.1800,5.246667,2.735000,512.190000
1180,Exit short,2025-05-04 13:30,1827.810000,1,1.730000,0.0900,5.246667,2.735000,508.870000
1180,Entry short,2025-05-04 12:30,1829.540000,1,1.730000,0.0900,5.246667,2.735000,508.870000
1179,Exit long,2025-05-04 01:30,1838.810000,1,3.070000,0.1700,5.873333,0.686667,507.140000
1179,Entry long,2025-05-04 01:00,1835.740000,1,3.070000,0.1700,5.873333,0.686667,507.140000
1178,Exit long,2025-05-04 01:30,1838.810000,1,7.150000,0.3900,5.873333,4.260000,504.070000
1178,Entry long,2025-05-04 00:45,1831.660000,1,7.150000,0.3900,5.873333,4.260000,504.070000
1177,Exit long,2025-05-04 01:30,1838.810000,1,2.810000,0.1500,5.873333,4.580000,496.920000
1177,Entry long,2025-05-04 00:30,1836.000000,1,2.810000,0.1500,5.873333,4.580000,496.920000
1176,Exit short,2025-05-03 13:30,1834.560000,1,-5.940000,-0.3200,1.363333,5.426667,494.110000
1176,Entry short,2025-05-03 13:00,1828.620000,1,-5.940000,-0.3200,1.363333,5.426667,494.110000
1175,Exit short,2025-05-03 13:30,1834.560000,1,-4.300000,-0.2300,1.375000,5.426667,500.050000
1175,Entry short,2025-05-03 12:45,1830.260000,1,-4.300000,-0.2300,1.375000,5.426667,500.050000
1174,Exit short,2025-05-03 13:30,1834.560000,1,-5.110000,-0.2800,1.600000,5.426667,504.350000
1174,Entry short,2025-05-03 12:30,1829.450000,1,-5.110000,-0.2800,1.600000,5.426667,504.350000
1173,Exit long,2025-05-03 01:30,1832.760000,1,-5.310000,-0.2900,1.543333,6.006667,509.460000
1173,Entry long,2025-05-03 01:00,1838.070000,1,-5.310000,-0.2900,1.543333,6.006667,509.460000
1172,Exit long,2025-05-03 01:30,1832.760000,1,-5.520000,-0.3000,1.543333,6.006667,514.770000
1172,Entry long,2025-05-03 00:45,1838.280000,1,-5.520000,-0.3000,1.543333,6.006667,514.770000
1171,Exit long,2025-05-03 01:30,1832.760000,1,-5.510000,-0.3000,3.690000,6.006667,520.290000
1171,Entry long,2025-05-03 00:30,1838.270000,1,-5.510000,-0.3000,3.690000,6.006667,520.290000
1170,Exit short,2025-05-02 13:30,1834.540000,1,5.560000,0.3000,3.283333,6.286667,525.800000
1170,Entry short,2025-05-02 13:00,1840.100000,1,5.560000,0.3000,3.283333,6.286667,525.800000
1169,Exit short,2025-05-02 13:30,1834.540000,1,-1.550000,-0.0800,3.283333,7.715000,520.240000
1169,Entry short,2025-05-02 12:45,1832.990000,1,-1.550000,-0.0800,3.283333,7.715000,520.240000
1168,Exit short,2025-05-02 13:30,1834.540000,1,-2.140000,-0.1200,10.270000,14.710000,521.790000
1168,Entry short,2025-05-02 12:30,1832.400000,1,-2.140000,-0.1200,10.270000,14.710000,521.790000
1167,Exit long,2025-05-02 01:30,1844.200000,1,-2.390000,-0.1300,5.456667,1.003333,523.930000
1167,Entry long,2025-05-02 01:00,1846.590000,1,-2.390000,-0.1300,5.456667,1.003333,523.930000
1166,Exit long,2025-05-02 01:30,1844.200000,1,1.790000,0.1000,5.456667,2.165000,526.320000
1166,Entry long,2025-05-02 00:45,1842.410000,1,1.790000,0.1000,5.456667,2.165000,526.320000
1165,Exit long,2025-05-02 01:30,1844.200000,1,-1.900000,-0.1000,5.456667,6.100000,524.530000
1165,Entry long,2025-05-02 00:30,1846.100000,1,-1.900000,-0.1000,5.456667,6.100000,524.530000
1164,Exit short,2025-05-01 13:30,1850.430000,1,-2.220000,-0.1200,4.390000,2.400000,526.430000
1164,Entry short,2025-05-01 13:00,1848.210000,1,-2.220000,-0.1200,4.390000,2.400000,526.430000
1163,Exit short,2025-05-01 13:30,1850.430000,1,0.510000,0.0300,4.390000,3.605000,528.650000
1163,Entry short,2025-05-01 12:45,1850.940000,1,0.510000,0.0300,4.390000,3.605000,528.650000
1162,Exit short,2025-05-01 13:30,1850.430000,1,-5.280000,-0.2900,4.390000,6.850000,528.140000
1162,Entry short,2025-05-01 12:30,1845.150000,1,-5.280000,-0.2900,4.390000,6.850000,528.140000
1161,Exit long,2025-05-01 01:30,1801.100000,1,4.230000,0.2400,11.116667,-0.000000,533.420000
1161,Entry long,2025-05-01 01:00,1796.870000,1,4.230000,0.2400,11.116667,-0.000000,533.420000
1160,Exit long,2025-05-01 01:30,1801.100000,1,6.090000,0.3400,11.116667,-0.000000,529.190000
1160,Entry long,2025-05-01 00:45,1795.010000,1,6.090000,0.3400,11.116667,-0.000000,529.190000
1159,Exit long,2025-05-01 01:30,1801.100000,1,7.520000,0.4200,11.116667,1.380000,523.100000
1159,Entry long,2025-05-01 00:30,1793.580000,1,7.520000,0.4200,11.116667,1.380000,523.100000
1158,Exit short,2025-04-30 13:30,1771.490000,1,2.790000,0.1600,25.120000,-0.000000,515.580000
1158,Entry short,2025-04-30 13:00,1774.280000,1,2.790000,0.1600,25.120000,-0.000000,515.580000
1157,Exit short,2025-04-30 13:30,1771.490000,1,5.030000,0.2800,25.120000,-0.000000,512.790000
1157,Entry short,2025-04-30 12:45,1776.520000,1,5.030000,0.2800,25.120000,-0.000000,512.790000
1156,Exit short,2025-04-30 13:30,1771.490000,1,24.220000,1.3500,25.120000,3.640000,507.760000
1156,Entry short,2025-04-30 12:30,1795.710000,1,24.220000,1.3500,25.120000,3.640000,507.760000
1155,Exit long,2025-04-30 01:30,1802.110000,1,-2.370000,-0.1300,2.496667,6.023333,483.540000
1155,Entry long,2025-04-30 01:00,1804.480000,1,-2.370000,-0.1300,2.496667,6.023333,483.540000
1154,Exit long,2025-04-30 01:30,1802.110000,1,-3.440000,-0.1900,3.350000,6.023333,485.910000
1154,Entry long,2025-04-30 00:45,1805.550000,1,-3.440000,-0.1900,3.350000,6.023333,485.910000
1153,Exit long,2025-04-30 01:30,1802.110000,1,2.860000,0.1600,13.230000,6.023333,489.350000
1153,Entry long,2025-04-30 00:30,1799.250000,1,2.860000,0.1600,13.230000,6.023333,489.350000
1152,Exit short,2025-04-29 13:30,1812.820000,1,8.150000,0.4500,25.070000,-0.000000,486.490000
1152,Entry short,2025-04-29 13:00,1820.970000,1,8.150000,0.4500,25.070000,-0.000000,486.490000
1151,Exit short,2025-04-29 13:30,1812.820000,1,16.430000,0.9000,25.070000,1.760000,478.340000
1151,Entry short,2025-04-29 12:45,1829.250000,1,16.430000,0.9000,25.070000,1.760000,478.340000
1150,Exit short,2025-04-29 13:30,1812.820000,1,15.170000,0.8300,25.070000,1.760000,461.910000
1150,Entry short,2025-04-29 12:30,1827.990000,1,15.170000,0.8300,25.070000,1.760000,461.910000
1149,Exit long,2025-04-29 01:30,1799.450000,1,-1.810000,-0.1000,4.210000,9.910000,446.740000
1149,Entry long,2025-04-29 01:00,1801.260000,1,-1.810000,-0.1000,4.210000,9.910000,446.740000
1148,Exit long,2025-04-29 01:30,1799.450000,1,-2.540000,-0.1400,4.210000,9.910000,448.550000
1148,Entry long,2025-04-29 00:45,1801.990000,1,-2.540000,-0.1400,4.210000,9.910000,448.550000
1147,Exit long,2025-04-29 01:30,1799.450000,1,-2.130000,-0.1200,4.210000,9.910000,451.090000
1147,Entry long,2025-04-29 00:30,1801.580000,1,-2.130000,-0.1200,4.210000,9.910000,451.090000
1146,Exit short,2025-04-28 13:30,1796.710000,1,8.990000,0.5000,13.646667,-0.000000,453.220000
1146,Entry short,2025-04-28 13:00,1805.700000,1,8.990000,0.5000,13.646667,-0.000000,453.220000
1145,Exit short,2025-04-28 13:30,1796.710000,1,15.460000,0.8500,13.646667,2.190000,444.230000
1145,Entry short,2025-04-28 12:45,1812.170000,1,15.460000,0.8500,13.646667,2.190000,444.230000
1144,Exit short,2025-04-28 13:30,1796.710000,1,14.660000,0.8100,13.646667,2.190000,428.770000
1144,Entry short,2025-04-28 12:30,1811.370000,1,14.660000,0.8100,13.646667,2.190000,428.770000
1143,Exit long,2025-04-28 01:30,1769.810000,1,-2.980000,-0.1700,1.450000,11.320000,414.110000
1143,Entry long,2025-04-28 01:00,1772.790000,1,-2.980000,-0.1700,1.450000,11.320000,414.110000
1142,Exit long,2025-04-28 01:30,1769.810000,1,-7.120000,-0.4000,1.450000,11.320000,417.090000
1142,Entry long,2025-04-28 00:45,1776.930000,1,-7.120000,-0.4000,1.450000,11.320000,417.090000
1141,Exit long,2025-04-28 01:30,1769.810000,1,-9.520000,-0.5400,5.240000,11.320000,424.210000
1141,Entry long,2025-04-28 00:30,1779.330000,1,-9.520000,-0.5400,5.240000,11.320000,424.210000
1140,Exit short,2025-04-27 13:30,1791.690000,1,3.540000,0.2000,18.820000,-0.000000,433.730000
1140,Entry short,2025-04-27 13:00,1795.230000,1,3.540000,0.2000,18.820000,-0.000000,433.730000
1139,Exit short,2025-04-27 13:30,1791.690000,1,10.340000,0.5700,18.820000,5.700000,430.190000
1139,Entry short,2025-04-27 12:45,1802.030000,1,10.340000,0.5700,18.820000,5.700000,430.190000
1138,Exit short,2025-04-27 13:30,1791.690000,1,8.260000,0.4600,18.820000,5.700000,419.850000
1138,Entry short,2025-04-27 12:30,1799.950000,1,8.260000,0.4600,18.820000,5.700000,419.850000
1137,Exit long,2025-04-27 01:30,1828.200000,1,-13.090000,-0.7100,12.710000,22.120000,411.590000
1137,Entry long,2025-04-27 01:00,1841.290000,1,-13.090000,-0.7100,12.710000,22.120000,411.590000
1136,Exit long,2025-04-27 01:30,1828.200000,1,-18.220000,-0.9900,12.710000,22.120000,424.680000
1136,Entry long,2025-04-27 00:45,1846.420000,1,-18.220000,-0.9900,12.710000,22.120000,424.680000
1135,Exit long,2025-04-27 01:30,1828.200000,1,-16.960000,-0.9200,12.710000,22.120000,442.900000
1135,Entry long,2025-04-27 00:30,1845.160000,1,-16.960000,-0.9200,12.710000,22.120000,442.900000
1134,Exit short,2025-04-26 13:30,1787.640000,1,3.130000,0.1700,6.510000,1.050000,459.860000
1134,Entry short,2025-04-26 13:00,1790.770000,1,3.130000,0.1700,6.510000,1.050000,459.860000
1133,Exit short,2025-04-26 13:30,1787.640000,1,6.370000,0.3600,6.510000,1.125000,456.730000
1133,Entry short,2025-04-26 12:45,1794.010000,1,6.370000,0.3600,6.510000,1.125000,456.730000
1132,Exit short,2025-04-26 13:30,1787.640000,1,8.680000,0.4800,6.510000,1.125000,450.360000
1132,Entry short,2025-04-26 12:30,1796.320000,1,8.680000,0.4800,6.510000,1.125000,450.360000
1131,Exit long,2025-04-26 01:30,1802.000000,1,6.300000,0.3500,13.746667,2.243333,441.680000
1131,Entry long,2025-04-26 01:00,1795.700000,1,6.300000,0.3500,13.746667,2.243333,441.680000
1130,Exit long,2025-04-26 01:30,1802.000000,1,9.430000,0.5300,13.746667,2.243333,435.380000
1130,Entry long,2025-04-26 00:45,1792.570000,1,9.430000,0.5300,13.746667,2.243333,435.380000
1129,Exit long,2025-04-26 01:30,1802.000000,1,11.890000,0.6600,13.746667,4.940000,425.950000
1129,Entry long,2025-04-26 00:30,1790.110000,1,11.890000,0.6600,13.746667,4.940000,425.950000
1128,Exit short,2025-04-25 13:30,1765.320000,1,6.680000,0.3800,19.133333,-0.000000,414.060000
1128,Entry short,2025-04-25 13:00,1772.000000,1,6.680000,0.3800,19.133333,-0.000000,414.060000
1127,Exit short,2025-04-25 13:30,1765.320000,1,23.580000,1.3200,19.133333,1.880000,407.380000
1127,Entry short,2025-04-25 12:45,1788.900000,1,23.580000,1.3200,19.133333,1.880000,407.380000
1126,Exit short,2025-04-25 13:30,1765.320000,1,20.240000,1.1300,19.133333,5.510000,383.800000
1126,Entry short,2025-04-25 12:30,1785.560000,1,20.240000,1.1300,19.133333,5.510000,383.800000
1125,Exit long,2025-04-25 01:30,1767.710000,1,-5.580000,-0.3100,17.500000,6.090000,363.560000
1125,Entry long,2025-04-25 01:00,1773.290000,1,-5.580000,-0.3100,17.500000,6.090000,363.560000
1124,Exit long,2025-04-25 01:30,1767.710000,1,-4.950000,-0.2800,17.500000,6.090000,369.140000
1124,Entry long,2025-04-25 00:45,1772.660000,1,-4.950000,-0.2800,17.500000,6.090000,369.140000
1123,Exit long,2025-04-25 01:30,1767.710000,1,-3.480000,-0.2000,17.500000,6.090000,374.090000
1123,Entry long,2025-04-25 00:30,1771.190000,1,-3.480000,-0.2000,17.500000,6.090000,374.090000
1122,Exit short,2025-04-24 13:30,1754.480000,1,2.510000,0.1400,2.046667,3.713333,377.570000
1122,Entry short,2025-04-24 13:00,1756.990000,1,2.510000,0.1400,2.046667,3.713333,377.570000
1121,Exit short,2025-04-24 13:30,1754.480000,1,-0.350000,-0.0200,2.046667,4.670000,375.060000
1121,Entry short,2025-04-24 12:45,1754.130000,1,-0.350000,-0.0200,2.046667,4.670000,375.060000
1120,Exit short,2025-04-24 13:30,1754.480000,1,-3.430000,-0.2000,2.046667,5.700000,375.410000
1120,Entry short,2025-04-24 12:30,1751.050000,1,-3.430000,-0.2000,2.046667,5.700000,375.410000
1119,Exit long,2025-04-24 01:30,1785.310000,1,-3.800000,-0.2100,5.180000,8.680000,378.840000
1119,Entry long,2025-04-24 01:00,1789.110000,1,-3.800000,-0.2100,5.180000,8.680000,378.840000
1118,Exit long,2025-04-24 01:30,1785.310000,1,-6.440000,-0.3600,5.180000,8.680000,382.640000
1118,Entry long,2025-04-24 00:45,1791.750000,1,-6.440000,-0.3600,5.180000,8.680000,382.640000
1117,Exit long,2025-04-24 01:30,1785.310000,1,-1.130000,-0.0600,7.190000,8.680000,389.080000
1117,Entry long,2025-04-24 00:30,1786.440000,1,-1.130000,-0.0600,7.190000,8.680000,389.080000
1116,Exit short,2025-04-23 13:30,1813.140000,1,1.160000,0.0600,4.696667,8.183333,390.210000
1116,Entry short,2025-04-23 13:00,1814.300000,1,1.160000,0.0600,4.696667,8.183333,390.210000
1115,Exit short,2025-04-23 13:30,1813.140000,1,-2.990000,-0.1700,4.696667,8.183333,389.050000
1115,Entry short,2025-04-23 12:45,1810.150000,1,-2.990000,-0.1700,4.696667,8.183333,389.050000
1114,Exit short,2025-04-23 13:30,1813.140000,1,1.550000,0.0900,7.440000,8.183333,392.040000
1114,Entry short,2025-04-23 12:30,1814.690000,1,1.550000,0.0900,7.440000,8.183333,392.040000
1113,Exit long,2025-04-23 01:30,1781.610000,1,30.880000,1.7600,38.836667,3.473333,390.490000
1113,Entry long,2025-04-23 01:00,1750.730000,1,30.880000,1.7600,38.836667,3.473333,390.490000
1112,Exit long,2025-04-23 01:30,1781.610000,1,34.660000,1.9800,38.836667,5.580000,359.610000
1112,Entry long,2025-04-23 00:45,1746.950000,1,34.660000,1.9800,38.836667,5.580000,359.610000
1111,Exit long,2025-04-23 01:30,1781.610000,1,28.800000,1.6400,38.836667,6.210000,324.950000
1111,Entry long,2025-04-23 00:30,1752.810000,1,28.800000,1.6400,38.836667,6.210000,324.950000
1110,Exit short,2025-04-22 13:30,1629.220000,1,4.920000,0.3000,4.926667,9.323333,296.150000
1110,Entry short,2025-04-22 13:00,1634.140000,1,4.920000,0.3000,4.926667,9.323333,296.150000
1109,Exit short,2025-04-22 13:30,1629.220000,1,4.030000,0.2500,4.926667,9.323333,291.230000
1109,Entry short,2025-04-22 12:45,1633.250000,1,4.030000,0.2500,4.926667,9.323333,291.230000
1108,Exit short,2025-04-22 13:30,1629.220000,1,4.600000,0.2800,7.370000,9.323333,287.200000
1108,Entry short,2025-04-22 12:30,1633.820000,1,4.600000,0.2800,7.370000,9.323333,287.200000
1107,Exit long,2025-04-22 01:30,1577.160000,1,9.210000,0.5900,20.590000,4.090000,282.600000
1107,Entry long,2025-04-22 01:00,1567.950000,1,9.210000,0.5900,20.590000,4.090000,282.600000
1106,Exit long,2025-04-22 01:30,1577.160000,1,16.830000,1.0800,20.590000,14.370000,273.390000
1106,Entry long,2025-04-22 00:45,1560.330000,1,16.830000,1.0800,20.590000,14.370000,273.390000
1105,Exit long,2025-04-22 01:30,1577.160000,1,2.070000,0.1300,20.590000,40.090000,256.560000
1105,Entry long,2025-04-22 00:30,1575.090000,1,2.070000,0.1300,20.590000,40.090000,256.560000
1104,Exit short,2025-04-21 13:30,1626.690000,1,-3.720000,-0.2300,8.330000,1.100000,254.490000
1104,Entry short,2025-04-21 13:00,1622.970000,1,-3.720000,-0.2300,8.330000,1.100000,254.490000
1103,Exit short,2025-04-21 13:30,1626.690000,1,-0.180000,-0.0100,8.330000,1.100000,258.210000
1103,Entry short,2025-04-21 12:45,1626.510000,1,-0.180000,-0.0100,8.330000,1.100000,258.210000
1102,Exit short,2025-04-21 13:30,1626.690000,1,0.750000,0.0500,8.330000,2.230000,258.390000
1102,Entry short,2025-04-21 12:30,1627.440000,1,0.750000,0.0500,8.330000,2.230000,258.390000
1101,Exit long,2025-04-21 01:30,1613.890000,1,4.390000,0.2700,7.253333,3.486667,257.640000
1101,Entry long,2025-04-21 01:00,1609.500000,1,4.390000,0.2700,7.253333,3.486667,257.640000
1100,Exit long,2025-04-21 01:30,1613.890000,1,0.110000,0.0100,8.630000,3.486667,253.250000
1100,Entry long,2025-04-21 00:45,1613.780000,1,0.110000,0.0100,8.630000,3.486667,253.250000
1099,Exit long,2025-04-21 01:30,1613.890000,1,4.930000,0.3100,10.900000,3.486667,253.140000
1099,Entry long,2025-04-21 00:30,1608.960000,1,4.930000,0.3100,10.900000,3.486667,253.140000
1098,Exit short,2025-04-20 13:30,1575.510000,1,-0.450000,-0.0300,5.563333,0.226667,248.210000
1098,Entry short,2025-04-20 13:00,1575.060000,1,-0.450000,-0.0300,5.563333,0.226667,248.210000
1097,Exit short,2025-04-20 13:30,1575.510000,1,0.250000,0.0200,5.563333,0.226667,248.660000
1097,Entry short,2025-04-20 12:45,1575.760000,1,0.250000,0.0200,5.563333,0.226667,248.660000
1096,Exit short,2025-04-20 13:30,1575.510000,1,0.990000,0.0600,5.563333,2.500000,248.410000
1096,Entry short,2025-04-20 12:30,1576.500000,1,0.990000,0.0600,5.563333,2.500000,248.410000
1095,Exit long,2025-04-20 01:30,1615.130000,1,5.680000,0.3500,7.160000,0.820000,247.420000
1095,Entry long,2025-04-20 01:00,1609.450000,1,5.680000,0.3500,7.160000,0.820000,247.420000
1094,Exit long,2025-04-20 01:30,1615.130000,1,6.450000,0.4000,7.160000,1.735000,241.740000
1094,Entry long,2025-04-20 00:45,1608.680000,1,6.450000,0.4000,7.160000,1.735000,241.740000
1093,Exit long,2025-04-20 01:30,1615.130000,1,4.340000,0.2700,7.160000,2.640000,235.290000
1093,Entry long,2025-04-20 00:30,1610.790000,1,4.340000,0.2700,7.160000,2.640000,235.290000
1092,Exit short,2025-04-19 13:30,1600.100000,1,-3.590000,-0.2200,2.366667,3.903333,230.950000
1092,Entry short,2025-04-19 13:00,1596.510000,1,-3.590000,-0.2200,2.366667,3.903333,230.950000
1091,Exit short,2025-04-19 13:30,1600.100000,1,-3.930000,-0.2500,2.755000,3.903333,234.540000
1091,Entry short,2025-04-19 12:45,1596.170000,1,-3.930000,-0.2500,2.755000,3.903333,234.540000
1090,Exit short,2025-04-19 13:30,1600.100000,1,-2.000000,-0.1300,2.755000,3.903333,238.470000
1090,Entry short,2025-04-19 12:30,1598.100000,1,-2.000000,-0.1300,2.755000,3.903333,238.470000
1089,Exit long,2025-04-19 01:30,1589.040000,1,3.350000,0.2100,3.676667,1.163333,240.470000
1089,Entry long,2025-04-19 01:00,1585.690000,1,3.350000,0.2100,3.676667,1.163333,240.470000
1088,Exit long,2025-04-19 01:30,1589.040000,1,1.170000,0.0700,3.676667,1.250000,237.120000
1088,Entry long,2025-04-19 00:45,1587.870000,1,1.170000,0.0700,3.676667,1.250000,237.120000
1087,Exit long,2025-04-19 01:30,1589.040000,1,3.750000,0.2400,4.420000,1.250000,235.950000
1087,Entry long,2025-04-19 00:30,1585.290000,1,3.750000,0.2400,4.420000,1.250000,235.950000
1086,Exit short,2025-04-18 13:30,1589.380000,1,3.070000,0.1900,6.143333,0.196667,232.200000
1086,Entry short,2025-04-18 13:00,1592.450000,1,3.070000,0.1900,6.143333,0.196667,232.200000
1085,Exit short,2025-04-18 13:30,1589.380000,1,4.910000,0.3100,6.143333,3.195000,229.130000
1085,Entry short,2025-04-18 12:45,1594.290000,1,4.910000,0.3100,6.143333,3.195000,229.130000
1084,Exit short,2025-04-18 13:30,1589.380000,1,0.880000,0.0600,6.143333,6.370000,224.220000
1084,Entry short,2025-04-18 12:30,1590.260000,1,0.880000,0.0600,6.143333,6.370000,224.220000
1083,Exit long,2025-04-18 01:30,1587.250000,1,8.260000,0.5200,8.100000,3.480000,223.340000
1083,Entry long,2025-04-18 01:00,1578.990000,1,8.260000,0.5200,8.100000,3.480000,223.340000
1082,Exit long,2025-04-18 01:30,1587.250000,1,6.640000,0.4200,8.100000,5.180000,215.080000
1082,Entry long,2025-04-18 00:45,1580.610000,1,6.640000,0.4200,8.100000,5.180000,215.080000
1081,Exit long,2025-04-18 01:30,1587.250000,1,5.080000,0.3200,8.100000,5.180000,208.440000
1081,Entry long,2025-04-18 00:30,1582.170000,1,5.080000,0.3200,8.100000,5.180000,208.440000
1080,Exit short,2025-04-17 13:30,1595.470000,1,5.470000,0.3400,8.916667,1.233333,203.360000
1080,Entry short,2025-04-17 13:00,1600.940000,1,5.470000,0.3400,8.916667,1.233333,203.360000
1079,Exit short,2025-04-17 13:30,1595.470000,1,2.650000,0.1700,8.916667,2.150000,197.890000
1079,Entry short,2025-04-17 12:45,1598.120000,1,2.650000,0.1700,8.916667,2.150000,197.890000
1078,Exit short,2025-04-17 13:30,1595.470000,1,4.590000,0.2900,8.916667,2.150000,195.240000
1078,Entry short,2025-04-17 12:30,1600.060000,1,4.590000,0.2900,8.916667,2.150000,195.240000
1077,Exit long,2025-04-17 01:30,1588.680000,1,4.080000,0.2600,6.876667,0.473333,190.650000
1077,Entry long,2025-04-17 01:00,1584.600000,1,4.080000,0.2600,6.876667,0.473333,190.650000
1076,Exit long,2025-04-17 01:30,1588.680000,1,7.780000,0.4900,6.876667,1.210000,186.570000
1076,Entry long,2025-04-17 00:45,1580.900000,1,7.780000,0.4900,6.876667,1.210000,186.570000
1075,Exit long,2025-04-17 01:30,1588.680000,1,6.520000,0.4100,6.876667,2.470000,178.790000
1075,Entry long,2025-04-17 00:30,1582.160000,1,6.520000,0.4100,6.876667,2.470000,178.790000
1074,Exit short,2025-04-16 13:30,1572.390000,1,4.110000,0.2600,9.146667,-0.000000,172.270000
1074,Entry short,2025-04-16 13:00,1576.500000,1,4.110000,0.2600,9.146667,-0.000000,172.270000
1073,Exit short,2025-04-16 13:30,1572.390000,1,6.620000,0.4200,9.146667,-0.000000,168.160000
1073,Entry short,2025-04-16 12:45,1579.010000,1,6.620000,0.4200,9.146667,-0.000000,168.160000
1072,Exit short,2025-04-16 13:30,1572.390000,1,12.990000,0.8200,9.146667,1.220000,161.540000
1072,Entry short,2025-04-16 12:30,1585.380000,1,12.990000,0.8200,9.146667,1.220000,161.540000
1071,Exit long,2025-04-16 01:30,1594.740000,1,14.740000,0.9300,11.273333,8.096667,148.550000
1071,Entry long,2025-04-16 01:00,1580.000000,1,14.740000,0.9300,11.273333,8.096667,148.550000
1070,Exit long,2025-04-16 01:30,1594.740000,1,9.010000,0.5700,11.273333,10.500000,133.810000
1070,Entry long,2025-04-16 00:45,1585.730000,1,9.010000,0.5700,11.273333,10.500000,133.810000
1069,Exit long,2025-04-16 01:30,1594.740000,1,2.690000,0.1700,11.273333,10.500000,124.800000
1069,Entry long,2025-04-16 00:30,1592.050000,1,2.690000,0.1700,11.273333,10.500000,124.800000
1068,Exit short,2025-04-15 13:30,1639.490000,1,1.600000,0.1000,0.770000,9.910000,122.110000
1068,Entry short,2025-04-15 13:00,1641.090000,1,1.600000,0.1000,0.770000,9.910000,122.110000
1067,Exit short,2025-04-15 13:30,1639.490000,1,-5.870000,-0.3600,0.770000,10.360000,120.510000
1067,Entry short,2025-04-15 12:45,1633.620000,1,-5.870000,-0.3600,0.770000,10.360000,120.510000
1066,Exit short,2025-04-15 13:30,1639.490000,1,-9.170000,-0.5600,2.510000,10.360000,126.380000
1066,Entry short,2025-04-15 12:30,1630.320000,1,-9.170000,-0.5600,2.510000,10.360000,126.380000
1065,Exit long,2025-04-15 01:30,1630.280000,1,-0.120000,-0.0100,2.350000,14.170000,135.550000
1065,Entry long,2025-04-15 01:00,1630.400000,1,-0.120000,-0.0100,2.350000,14.170000,135.550000
1064,Exit long,2025-04-15 01:30,1630.280000,1,0.340000,0.0200,5.795000,14.170000,135.670000
1064,Entry long,2025-04-15 00:45,1629.940000,1,0.340000,0.0200,5.795000,14.170000,135.670000
1063,Exit long,2025-04-15 01:30,1630.280000,1,4.430000,0.2700,6.890000,14.170000,135.330000
1063,Entry long,2025-04-15 00:30,1625.850000,1,4.430000,0.2700,6.890000,14.170000,135.330000
1062,Exit short,2025-04-14 13:30,1672.690000,1,4.450000,0.2700,4.276667,6.163333,130.900000
1062,Entry short,2025-04-14 13:00,1677.140000,1,4.450000,0.2700,4.276667,6.163333,130.900000
1061,Exit short,2025-04-14 13:30,1672.690000,1,-0.920000,-0.0600,4.276667,6.163333,126.450000
1061,Entry short,2025-04-14 12:45,1671.770000,1,-0.920000,-0.0600,4.276667,6.163333,126.450000
1060,Exit short,2025-04-14 13:30,1672.690000,1,-0.270000,-0.0200,4.276667,6.163333,127.370000
1060,Entry short,2025-04-14 12:30,1672.420000,1,-0.270000,-0.0200,4.276667,6.163333,127.370000
1059,Exit long,2025-04-14 01:30,1618.720000,1,7.600000,0.4700,1.410000,9.240000,127.640000
1059,Entry long,2025-04-14 01:00,1611.120000,1,7.600000,0.4700,1.410000,9.240000,127.640000
1058,Exit long,2025-04-14 01:30,1618.720000,1,-0.210000,-0.0100,1.410000,13.805000,120.040000
1058,Entry long,2025-04-14 00:45,1618.930000,1,-0.210000,-0.0100,1.410000,13.805000,120.040000
1057,Exit long,2025-04-14 01:30,1618.720000,1,-3.520000,-0.2200,1.630000,13.805000,120.250000
1057,Entry long,2025-04-14 00:30,1622.240000,1,-3.520000,-0.2200,1.630000,13.805000,120.250000
1056,Exit short,2025-04-13 13:30,1592.920000,1,9.460000,0.5900,12.070000,4.970000,123.770000
1056,Entry short,2025-04-13 13:00,1602.380000,1,9.460000,0.5900,12.070000,4.970000,123.770000
1055,Exit short,2025-04-13 13:30,1592.920000,1,9.810000,0.6100,12.070000,4.970000,114.310000
1055,Entry short,2025-04-13 12:45,1602.730000,1,9.810000,0.6100,12.070000,4.970000,114.310000
1054,Exit short,2025-04-13 13:30,1592.920000,1,8.900000,0.5600,12.070000,4.970000,104.500000
1054,Entry short,2025-04-13 12:30,1601.820000,1,8.900000,0.5600,12.070000,4.970000,104.500000
1053,Exit long,2025-04-13 01:30,1644.670000,1,3.380000,0.2100,7.653333,1.716667,95.600000
1053,Entry long,2025-04-13 01:00,1641.290000,1,3.380000,0.2100,7.653333,1.716667,95.600000
1052,Exit long,2025-04-13 01:30,1644.670000,1,5.840000,0.3600,7.653333,1.716667,92.220000
1052,Entry long,2025-04-13 00:45,1638.830000,1,5.840000,0.3600,7.653333,1.716667,92.220000
1051,Exit long,2025-04-13 01:30,1644.670000,1,5.940000,0.3600,7.653333,4.840000,86.380000
1051,Entry long,2025-04-13 00:30,1638.730000,1,5.940000,0.3600,7.653333,4.840000,86.380000
1050,Exit short,2025-04-12 13:30,1619.900000,1,-13.520000,-0.8400,0.000000,23.243333,80.440000
1050,Entry short,2025-04-12 13:00,1606.380000,1,-13.520000,-0.8400,0.000000,23.243333,80.440000
1049,Exit short,2025-04-12 13:30,1619.900000,1,-17.430000,-1.0900,1.175000,23.243333,93.960000
1049,Entry short,2025-04-12 12:45,1602.470000,1,-17.430000,-1.0900,1.175000,23.243333,93.960000
1048,Exit short,2025-04-12 13:30,1619.900000,1,-23.480000,-1.4700,3.870000,23.243333,111.390000
1048,Entry short,2025-04-12 12:30,1596.420000,1,-23.480000,-1.4700,3.870000,23.243333,111.390000
1047,Exit long,2025-04-12 01:30,1557.100000,1,-4.200000,-0.2700,0.530000,8.460000,134.870000
1047,Entry long,2025-04-12 01:00,1561.300000,1,-4.200000,-0.2700,0.530000,8.460000,134.870000
1046,Exit long,2025-04-12 01:30,1557.100000,1,-8.100000,-0.5200,2.075000,8.460000,139.070000
1046,Entry long,2025-04-12 00:45,1565.200000,1,-8.100000,-0.5200,2.075000,8.460000,139.070000
1045,Exit long,2025-04-12 01:30,1557.100000,1,-6.510000,-0.4200,3.720000,8.460000,147.170000
1045,Entry long,2025-04-12 00:30,1563.610000,1,-6.510000,-0.4200,3.720000,8.460000,147.170000
1044,Exit short,2025-04-11 13:30,1557.850000,1,-0.450000,-0.0300,11.220000,-0.000000,153.680000
1044,Entry short,2025-04-11 13:00,1557.400000,1,-0.450000,-0.0300,11.220000,-0.000000,153.680000
1043,Exit short,2025-04-11 13:30,1557.850000,1,5.190000,0.3300,11.220000,2.780000,154.130000
1043,Entry short,2025-04-11 12:45,1563.040000,1,5.190000,0.3300,11.220000,2.780000,154.130000
1042,Exit short,2025-04-11 13:30,1557.850000,1,1.170000,0.0800,11.220000,13.980000,148.940000
1042,Entry short,2025-04-11 12:30,1559.020000,1,1.170000,0.0800,11.220000,13.980000,148.940000
1041,Exit long,2025-04-11 01:30,1526.980000,1,19.580000,1.3000,12.820000,9.850000,147.770000
1041,Entry long,2025-04-11 01:00,1507.400000,1,19.580000,1.3000,12.820000,9.850000,147.770000
1040,Exit long,2025-04-11 01:30,1526.980000,1,6.270000,0.4100,12.820000,16.700000,128.190000
1040,Entry long,2025-04-11 00:45,1520.710000,1,6.270000,0.4100,12.820000,16.700000,128.190000
1039,Exit long,2025-04-11 01:30,1526.980000,1,7.030000,0.4600,12.820000,16.700000,121.920000
1039,Entry long,2025-04-11 00:30,1519.950000,1,7.030000,0.4600,12.820000,16.700000,121.920000
1038,Exit short,2025-04-10 13:30,1588.030000,1,4.590000,0.2900,19.926667,-0.000000,114.890000
1038,Entry short,2025-04-10 13:00,1592.620000,1,4.590000,0.2900,19.926667,-0.000000,114.890000
1037,Exit short,2025-04-10 13:30,1588.030000,1,10.210000,0.6400,24.350000,-0.000000,110.300000
1037,Entry short,2025-04-10 12:45,1598.240000,1,10.210000,0.6400,24.350000,-0.000000,110.300000
1036,Exit short,2025-04-10 13:30,1588.030000,1,24.670000,1.5300,24.350000,14.230000,100.090000
1036,Entry short,2025-04-10 12:30,1612.700000,1,24.670000,1.5300,24.350000,14.230000,100.090000
1035,Exit long,2025-04-10 01:30,1636.550000,1,-9.400000,-0.5700,6.376667,8.613333,75.420000
1035,Entry long,2025-04-10 01:00,1645.950000,1,-9.400000,-0.5700,6.376667,8.613333,75.420000
1034,Exit long,2025-04-10 01:30,1636.550000,1,-0.550000,-0.0300,6.376667,8.613333,84.820000
1034,Entry long,2025-04-10 00:45,1637.100000,1,-0.550000,-0.0300,6.376667,8.613333,84.820000
1033,Exit long,2025-04-10 01:30,1636.550000,1,-15.530000,-0.9400,6.376667,18.630000,85.370000
1033,Entry long,2025-04-10 00:30,1652.080000,1,-15.530000,-0.9400,6.376667,18.630000,85.370000
1032,Exit short,2025-04-09 13:30,1457.560000,1,3.390000,0.2300,0.030000,14.170000,100.900000
1032,Entry short,2025-04-09 13:00,1460.950000,1,3.390000,0.2300,0.030000,14.170000,100.900000
1031,Exit short,2025-04-09 13:30,1457.560000,1,-2.610000,-0.1800,0.030000,17.290000,97.510000
1031,Entry short,2025-04-09 12:45,1454.950000,1,-2.610000,-0.1800,0.030000,17.290000,97.510000
1030,Exit short,2025-04-09 13:30,1457.560000,1,-9.330000,-0.6400,9.200000,17.290000,100.120000
1030,Entry short,2025-04-09 12:30,1448.230000,1,-9.330000,-0.6400,9.200000,17.290000,100.120000
1029,Exit long,2025-04-09 01:30,1396.800000,1,-69.990000,-4.7700,0.000000,86.570000,109.450000
1029,Entry long,2025-04-09 01:00,1466.790000,1,-69.990000,-4.7700,0.000000,86.570000,109.450000
1028,Exit long,2025-04-09 01:30,1396.800000,1,-75.110000,-5.1000,3.120000,86.570000,179.440000
1028,Entry long,2025-04-09 00:45,1471.910000,1,-75.110000,-5.1000,3.120000,86.570000,179.440000
1027,Exit long,2025-04-09 01:30,1396.800000,1,-76.210000,-5.1700,6.550000,86.570000,254.550000
1027,Entry long,2025-04-09 00:30,1473.010000,1,-76.210000,-5.1700,6.550000,86.570000,254.550000
1026,Exit short,2025-04-08 13:30,1580.940000,1,-10.250000,-0.6500,5.156667,10.713333,330.760000
1026,Entry short,2025-04-08 13:00,1570.690000,1,-10.250000,-0.6500,5.156667,10.713333,330.760000
1025,Exit short,2025-04-08 13:30,1580.940000,1,-12.320000,-0.7900,6.310000,10.713333,341.010000
1025,Entry short,2025-04-08 12:45,1568.620000,1,-12.320000,-0.7900,6.310000,10.713333,341.010000
1024,Exit short,2025-04-08 13:30,1580.940000,1,-3.420000,-0.2200,10.520000,10.713333,353.330000
1024,Entry short,2025-04-08 12:30,1577.520000,1,-3.420000,-0.2200,10.520000,10.713333,353.330000
1023,Exit long,2025-04-08 01:30,1566.340000,1,22.570000,1.4600,17.910000,10.880000,356.750000
1023,Entry long,2025-04-08 01:00,1543.770000,1,22.570000,1.4600,17.910000,10.880000,356.750000
1022,Exit long,2025-04-08 01:30,1566.340000,1,10.470000,0.6700,17.910000,11.520000,334.180000
1022,Entry long,2025-04-08 00:45,1555.870000,1,10.470000,0.6700,17.910000,11.520000,334.180000
1021,Exit long,2025-04-08 01:30,1566.340000,1,12.770000,0.8200,17.910000,11.520000,323.710000
1021,Entry long,2025-04-08 00:30,1553.570000,1,12.770000,0.8200,17.910000,11.520000,323.710000
1020,Exit short,2025-04-07 13:30,1502.540000,1,17.470000,1.1500,13.113333,9.566667,310.940000
1020,Entry short,2025-04-07 13:00,1520.010000,1,17.470000,1.1500,13.113333,9.566667,310.940000
1019,Exit short,2025-04-07 13:30,1502.540000,1,3.040000,0.2000,14.180000,15.300000,293.470000
1019,Entry short,2025-04-07 12:45,1505.580000,1,3.040000,0.2000,14.180000,15.300000,293.470000
1018,Exit short,2025-04-07 13:30,1502.540000,1,14.240000,0.9400,14.180000,15.300000,290.430000
1018,Entry short,2025-04-07 12:30,1516.780000,1,14.240000,0.9400,14.180000,15.300000,290.430000
1017,Exit long,2025-04-07 01:30,1608.230000,1,36.170000,2.3000,41.593333,2.066667,276.190000
1017,Entry long,2025-04-07 01:00,1572.060000,1,36.170000,2.3000,41.593333,2.066667,276.190000
1016,Exit long,2025-04-07 01:30,1608.230000,1,43.680000,2.7900,41.593333,20.345000,240.020000
1016,Entry long,2025-04-07 00:45,1564.550000,1,43.680000,2.7900,41.593333,20.345000,240.020000
1015,Exit long,2025-04-07 01:30,1608.230000,1,29.090000,1.8400,41.593333,20.345000,196.340000
1015,Entry long,2025-04-07 00:30,1579.140000,1,29.090000,1.8400,41.593333,20.345000,196.340000
1014,Exit short,2025-04-06 13:30,1769.490000,1,7.700000,0.4300,16.060000,-0.000000,167.250000
1014,Entry short,2025-04-06 13:00,1777.190000,1,7.700000,0.4300,16.060000,-0.000000,167.250000
1013,Exit short,2025-04-06 13:30,1769.490000,1,15.850000,0.8900,16.060000,-0.000000,159.550000
1013,Entry short,2025-04-06 12:45,1785.340000,1,15.850000,0.8900,16.060000,-0.000000,159.550000
1012,Exit short,2025-04-06 13:30,1769.490000,1,17.790000,1.0000,16.060000,0.350000,143.700000
1012,Entry short,2025-04-06 12:30,1787.280000,1,17.790000,1.0000,16.060000,0.350000,143.700000
1011,Exit long,2025-04-06 01:30,1812.680000,1,3.090000,0.1700,4.680000,3.160000,125.910000
1011,Entry long,2025-04-06 01:00,1809.590000,1,3.090000,0.1700,4.680000,3.160000,125.910000
1010,Exit long,2025-04-06 01:30,1812.680000,1,0.580000,0.0300,4.680000,3.575000,122.820000
1010,Entry long,2025-04-06 00:45,1812.100000,1,0.580000,0.0300,4.680000,3.575000,122.820000
1009,Exit long,2025-04-06 01:30,1812.680000,1,3.890000,0.2200,4.680000,3.575000,122.240000
1009,Entry long,2025-04-06 00:30,1808.790000,1,3.890000,0.2200,4.680000,3.575000,122.240000
1008,Exit short,2025-04-05 13:30,1787.950000,1,9.090000,0.5100,14.406667,-0.000000,118.350000
1008,Entry short,2025-04-05 13:00,1797.040000,1,9.090000,0.5100,14.406667,-0.000000,118.350000
1007,Exit short,2025-04-05 13:30,1787.950000,1,8.160000,0.4500,14.406667,-0.000000,109.260000
1007,Entry short,2025-04-05 12:45,1796.110000,1,8.160000,0.4500,14.406667,-0.000000,109.260000
1006,Exit short,2025-04-05 13:30,1787.950000,1,14.870000,0.8200,14.406667,1.370000,101.100000
1006,Entry short,2025-04-05 12:30,1802.820000,1,14.870000,0.8200,14.406667,1.370000,101.100000
1005,Exit long,2025-04-05 01:30,1824.560000,1,2.570000,0.1400,8.986667,-0.000000,86.230000
1005,Entry long,2025-04-05 01:00,1821.990000,1,2.570000,0.1400,8.986667,-0.000000,86.230000
1004,Exit long,2025-04-05 01:30,1824.560000,1,10.510000,0.5800,8.986667,1.560000,83.660000
1004,Entry long,2025-04-05 00:45,1814.050000,1,10.510000,0.5800,8.986667,1.560000,83.660000
1003,Exit long,2025-04-05 01:30,1824.560000,1,7.670000,0.4200,8.986667,4.340000,73.150000
1003,Entry long,2025-04-05 00:30,1816.890000,1,7.670000,0.4200,8.986667,4.340000,73.150000
1002,Exit short,2025-04-04 13:30,1779.190000,1,8.910000,0.5000,2.776667,17.693333,65.480000
1002,Entry short,2025-04-04 13:00,1788.100000,1,8.910000,0.5000,2.776667,17.693333,65.480000
1001,Exit short,2025-04-04 13:30,1779.190000,1,1.120000,0.0600,2.776667,17.693333,56.570000
1001,Entry short,2025-04-04 12:45,1780.310000,1,1.120000,0.0600,2.776667,17.693333,56.570000
1000,Exit short,2025-04-04 13:30,1779.190000,1,-2.270000,-0.1300,8.350000,25.080000,55.450000
1000,Entry short,2025-04-04 12:30,1776.920000,1,-2.270000,-0.1300,8.350000,25.080000,55.450000
999,Exit long,2025-04-04 01:30,1812.250000,1,2.570000,0.1400,2.183333,7.676667,57.720000
999,Entry long,2025-04-04 01:00,1809.680000,1,2.570000,0.1400,2.183333,7.676667,57.720000
998,Exit long,2025-04-04 01:30,1812.250000,1,-4.010000,-0.2200,2.183333,10.790000,55.150000
998,Entry long,2025-04-04 00:45,1816.260000,1,-4.010000,-0.2200,2.183333,10.790000,55.150000
997,Exit long,2025-04-04 01:30,1812.250000,1,-8.690000,-0.4800,2.183333,10.790000,59.160000
997,Entry long,2025-04-04 00:30,1820.940000,1,-8.690000,-0.4800,2.183333,10.790000,59.160000
996,Exit short,2025-04-03 13:30,1771.730000,1,-13.160000,-0.7500,15.953333,1.256667,67.850000
996,Entry short,2025-04-03 13:00,1758.570000,1,-13.160000,-0.7500,15.953333,1.256667,67.850000
995,Exit short,2025-04-03 13:30,1771.730000,1,-4.730000,-0.2700,29.915000,1.256667,81.010000
995,Entry short,2025-04-03 12:45,1767.000000,1,-4.730000,-0.2700,29.915000,1.256667,81.010000
994,Exit short,2025-04-03 13:30,1771.730000,1,16.040000,0.9000,29.915000,7.150000,85.740000
994,Entry short,2025-04-03 12:30,1787.770000,1,16.040000,0.9000,29.915000,7.150000,85.740000
993,Exit long,2025-04-03 01:30,1824.860000,1,5.260000,0.2900,9.496667,3.323333,69.700000
993,Entry long,2025-04-03 01:00,1819.600000,1,5.260000,0.2900,9.496667,3.323333,69.700000
992,Exit long,2025-04-03 01:30,1824.860000,1,5.310000,0.2900,9.496667,4.200000,64.440000
992,Entry long,2025-04-03 00:45,1819.550000,1,5.310000,0.2900,9.496667,4.200000,64.440000
991,Exit long,2025-04-03 01:30,1824.860000,1,14.230000,0.7900,16.470000,4.200000,59.130000
991,Entry long,2025-04-03 00:30,1810.630000,1,14.230000,0.7900,16.470000,4.200000,59.130000
990,Exit short,2025-04-02 13:30,1858.150000,1,13.010000,0.7000,8.403333,5.876667,44.900000
990,Entry short,2025-04-02 13:00,1871.160000,1,13.010000,0.7000,8.403333,5.876667,44.900000
989,Exit short,2025-04-02 13:30,1858.150000,1,8.700000,0.4700,8.403333,10.190000,31.890000
989,Entry short,2025-04-02 12:45,1866.850000,1,8.700000,0.4700,8.403333,10.190000,31.890000
988,Exit short,2025-04-02 13:30,1858.150000,1,-0.280000,-0.0200,8.403333,10.190000,23.190000
988,Entry short,2025-04-02 12:30,1857.870000,1,-0.280000,-0.0200,8.403333,10.190000,23.190000
987,Exit long,2025-04-02 01:30,1884.990000,1,-4.080000,-0.2200,0.000000,11.246667,23.470000
987,Entry long,2025-04-02 01:00,1889.070000,1,-4.080000,-0.2200,0.000000,11.246667,23.470000
986,Exit long,2025-04-02 01:30,1884.990000,1,-8.750000,-0.4600,1.095000,11.246667,27.550000
986,Entry long,2025-04-02 00:45,1893.740000,1,-8.750000,-0.4600,1.095000,11.246667,27.550000
985,Exit long,2025-04-02 01:30,1884.990000,1,-12.000000,-0.6300,2.990000,11.246667,36.300000
985,Entry long,2025-04-02 00:30,1896.990000,1,-12.000000,-0.6300,2.990000,11.246667,36.300000
984,Exit short,2025-04-01 13:30,1872.930000,1,-8.070000,-0.4300,2.223333,8.376667,48.300000
984,Entry short,2025-04-01 13:00,1864.860000,1,-8.070000,-0.4300,2.223333,8.376667,48.300000
983,Exit short,2025-04-01 13:30,1872.930000,1,-10.410000,-0.5600,6.665000,8.376667,56.370000
983,Entry short,2025-04-01 12:45,1862.520000,1,-10.410000,-0.5600,6.665000,8.376667,56.370000
982,Exit short,2025-04-01 13:30,1872.930000,1,-4.520000,-0.2400,8.290000,8.376667,66.780000
982,Entry short,2025-04-01 12:30,1868.410000,1,-4.520000,-0.2400,8.290000,8.376667,66.780000
981,Exit long,2025-04-01 01:30,1827.390000,1,-3.800000,-0.2100,4.953333,7.496667,71.300000
981,Entry long,2025-04-01 01:00,1831.190000,1,-3.800000,-0.2100,4.953333,7.496667,71.300000
980,Exit long,2025-04-01 01:30,1827.390000,1,2.460000,0.1300,16.920000,9.010000,75.100000
980,Entry long,2025-04-01 00:45,1824.930000,1,2.460000,0.1300,16.920000,9.010000,75.100000
979,Exit long,2025-04-01 01:30,1827.390000,1,1.020000,0.0600,16.920000,9.010000,72.640000
979,Entry long,2025-04-01 00:30,1826.370000,1,1.020000,0.0600,16.920000,9.010000,72.640000
978,Exit short,2025-03-31 13:30,1822.930000,1,10.570000,0.5800,1.950000,13.390000,71.620000
978,Entry short,2025-03-31 13:00,1833.500000,1,10.570000,0.5800,1.950000,13.390000,71.620000
977,Exit short,2025-03-31 13:30,1822.930000,1,-2.910000,-0.1600,1.950000,27.565000,61.050000
977,Entry short,2025-03-31 12:45,1820.020000,1,-2.910000,-0.1600,1.950000,27.565000,61.050000
976,Exit short,2025-03-31 13:30,1822.930000,1,-6.520000,-0.3600,3.340000,27.565000,63.960000
976,Entry short,2025-03-31 12:30,1816.410000,1,-6.520000,-0.3600,3.340000,27.565000,63.960000
975,Exit long,2025-03-31 01:30,1815.910000,1,30.470000,1.7100,29.996667,7.463333,70.480000
975,Entry long,2025-03-31 01:00,1785.440000,1,30.470000,1.7100,29.996667,7.463333,70.480000
974,Exit long,2025-03-31 01:30,1815.910000,1,34.630000,1.9400,29.996667,16.095000,40.010000
974,Entry long,2025-03-31 00:45,1781.280000,1,34.630000,1.9400,29.996667,16.095000,40.010000
973,Exit long,2025-03-31 01:30,1815.910000,1,13.160000,0.7300,29.996667,25.950000,5.380000
973,Entry long,2025-03-31 00:30,1802.750000,1,13.160000,0.7300,29.996667,25.950000,5.380000
972,Exit short,2025-03-30 13:30,1826.960000,1,6.200000,0.3400,8.260000,0.520000,-7.780000
972,Entry short,2025-03-30 13:00,1833.160000,1,6.200000,0.3400,8.260000,0.520000,-7.780000
971,Exit short,2025-03-30 13:30,1826.960000,1,5.580000,0.3000,8.260000,0.520000,-13.980000
971,Entry short,2025-03-30 12:45,1832.540000,1,5.580000,0.3000,8.260000,0.520000,-13.980000
970,Exit short,2025-03-30 13:30,1826.960000,1,10.270000,0.5600,8.260000,1.440000,-19.560000
970,Entry short,2025-03-30 12:30,1837.230000,1,10.270000,0.5600,8.260000,1.440000,-19.560000
969,Exit long,2025-03-30 01:30,1835.360000,1,9.660000,0.5300,16.443333,-0.000000,-29.830000
969,Entry long,2025-03-30 01:00,1825.700000,1,9.660000,0.5300,16.443333,-0.000000,-29.830000
968,Exit long,2025-03-30 01:30,1835.360000,1,18.920000,1.0400,16.443333,3.010000,-39.490000
968,Entry long,2025-03-30 00:45,1816.440000,1,18.920000,1.0400,16.443333,3.010000,-39.490000
967,Exit long,2025-03-30 01:30,1835.360000,1,13.760000,0.7600,16.443333,10.250000,-58.410000
967,Entry long,2025-03-30 00:30,1821.600000,1,13.760000,0.7600,16.443333,10.250000,-58.410000
966,Exit short,2025-03-29 13:30,1856.490000,1,-5.690000,-0.3100,0.573333,11.576667,-72.170000
966,Entry short,2025-03-29 13:00,1850.800000,1,-5.690000,-0.3100,0.573333,11.576667,-72.170000
965,Exit short,2025-03-29 13:30,1856.490000,1,-6.000000,-0.3200,3.985000,11.576667,-66.480000
965,Entry short,2025-03-29 12:45,1850.490000,1,-6.000000,-0.3200,3.985000,11.576667,-66.480000
964,Exit short,2025-03-29 13:30,1856.490000,1,-4.230000,-0.2300,4.260000,11.576667,-60.480000
964,Entry short,2025-03-29 12:30,1852.260000,1,-4.230000,-0.2300,4.260000,11.576667,-60.480000
963,Exit long,2025-03-29 01:30,1901.870000,1,-0.620000,-0.0300,3.753333,4.896667,-56.250000
963,Entry long,2025-03-29 01:00,1902.490000,1,-0.620000,-0.0300,3.753333,4.896667,-56.250000
962,Exit long,2025-03-29 01:30,1901.870000,1,-6.940000,-0.3600,3.753333,6.280000,-55.630000
962,Entry long,2025-03-29 00:45,1908.810000,1,-6.940000,-0.3600,3.753333,6.280000,-55.630000
961,Exit long,2025-03-29 01:30,1901.870000,1,-3.140000,-0.1600,6.930000,6.280000,-48.690000
961,Entry long,2025-03-29 00:30,1905.010000,1,-3.140000,-0.1600,6.930000,6.280000,-48.690000
960,Exit short,2025-03-28 13:30,1895.240000,1,-12.130000,-0.6400,10.463333,10.356667,-45.550000
960,Entry short,2025-03-28 13:00,1883.110000,1,-12.130000,-0.6400,10.463333,10.356667,-45.550000
959,Exit short,2025-03-28 13:30,1895.240000,1,-5.880000,-0.3100,10.463333,10.356667,-33.420000
959,Entry short,2025-03-28 12:45,1889.360000,1,-5.880000,-0.3100,10.463333,10.356667,-33.420000
958,Exit short,2025-03-28 13:30,1895.240000,1,0.110000,0.0100,16.290000,11.910000,-27.540000
958,Entry short,2025-03-28 12:30,1895.350000,1,0.110000,0.0100,16.290000,11.910000,-27.540000
957,Exit long,2025-03-28 01:30,2000.580000,1,-3.600000,-0.1800,4.370000,6.340000,-27.650000
957,Entry long,2025-03-28 01:00,2004.180000,1,-3.600000,-0.1800,4.370000,6.340000,-27.650000
956,Exit long,2025-03-28 01:30,2000.580000,1,-1.470000,-0.0700,8.105000,6.340000,-24.050000
956,Entry long,2025-03-28 00:45,2002.050000,1,-1.470000,-0.0700,8.105000,6.340000,-24.050000
955,Exit long,2025-03-28 01:30,2000.580000,1,6.060000,0.3000,8.480000,6.340000,-22.580000
955,Entry long,2025-03-28 00:30,1994.520000,1,6.060000,0.3000,8.480000,6.340000,-22.580000
954,Exit short,2025-03-27 13:30,2006.900000,1,10.200000,0.5100,17.646667,2.593333,-28.640000
954,Entry short,2025-03-27 13:00,2017.100000,1,10.200000,0.5100,17.646667,2.593333,-28.640000
953,Exit short,2025-03-27 13:30,2006.900000,1,12.970000,0.6400,17.646667,2.593333,-38.840000
953,Entry short,2025-03-27 12:45,2019.870000,1,12.970000,0.6400,17.646667,2.593333,-38.840000
952,Exit short,2025-03-27 13:30,2006.900000,1,11.770000,0.5800,17.646667,6.120000,-51.810000
952,Entry short,2025-03-27 12:30,2018.670000,1,11.770000,0.5800,17.646667,6.120000,-51.810000
951,Exit long,2025-03-27 01:30,2022.170000,1,5.170000,0.2600,10.280000,-0.000000,-63.580000
951,Entry long,2025-03-27 01:00,2017.000000,1,5.170000,0.2600,10.280000,-0.000000,-63.580000
950,Exit long,2025-03-27 01:30,2022.170000,1,9.910000,0.4900,10.280000,1.690000,-68.750000
950,Entry long,2025-03-27 00:45,2012.260000,1,9.910000,0.4900,10.280000,1.690000,-68.750000
949,Exit long,2025-03-27 01:30,2022.170000,1,7.450000,0.3700,10.280000,2.470000,-78.660000
949,Entry long,2025-03-27 00:30,2014.720000,1,7.450000,0.3700,10.280000,2.470000,-78.660000
948,Exit short,2025-03-26 13:30,2052.910000,1,10.630000,0.5200,12.150000,1.150000,-86.110000
948,Entry short,2025-03-26 13:00,2063.540000,1,10.630000,0.5200,12.150000,1.150000,-86.110000
947,Exit short,2025-03-26 13:30,2052.910000,1,9.160000,0.4400,12.150000,3.495000,-96.740000
947,Entry short,2025-03-26 12:45,2062.070000,1,9.160000,0.4400,12.150000,3.495000,-96.740000
946,Exit short,2025-03-26 13:30,2052.910000,1,8.650000,0.4200,12.150000,3.495000,-105.900000
946,Entry short,2025-03-26 12:30,2061.560000,1,8.650000,0.4200,12.150000,3.495000,-105.900000
945,Exit long,2025-03-26 01:30,2074.940000,1,4.130000,0.2000,3.523333,6.306667,-114.550000
945,Entry long,2025-03-26 01:00,2070.810000,1,4.130000,0.2000,3.523333,6.306667,-114.550000
944,Exit long,2025-03-26 01:30,2074.940000,1,0.240000,0.0100,3.523333,6.306667,-118.680000
944,Entry long,2025-03-26 00:45,2074.700000,1,0.240000,0.0100,3.523333,6.306667,-118.680000
943,Exit long,2025-03-26 01:30,2074.940000,1,4.940000,0.2400,5.910000,6.306667,-118.920000
943,Entry long,2025-03-26 00:30,2070.000000,1,4.940000,0.2400,5.910000,6.306667,-118.920000
942,Exit short,2025-03-25 13:30,2070.850000,1,-12.190000,-0.5900,3.296667,11.073333,-123.860000
942,Entry short,2025-03-25 13:00,2058.660000,1,-12.190000,-0.5900,3.296667,11.073333,-123.860000
941,Exit short,2025-03-25 13:30,2070.850000,1,-10.140000,-0.4900,5.320000,11.073333,-111.670000
941,Entry short,2025-03-25 12:45,2060.710000,1,-10.140000,-0.4900,5.320000,11.073333,-111.670000
940,Exit short,2025-03-25 13:30,2070.850000,1,-7.560000,-0.3700,8.400000,11.073333,-101.530000
940,Entry short,2025-03-25 12:30,2063.290000,1,-7.560000,-0.3700,8.400000,11.073333,-101.530000
939,Exit long,2025-03-25 01:30,2068.810000,1,-16.460000,-0.7900,0.000000,18.263333,-93.970000
939,Entry long,2025-03-25 01:00,2085.270000,1,-16.460000,-0.7900,0.000000,18.263333,-93.970000
938,Exit long,2025-03-25 01:30,2068.810000,1,-18.480000,-0.8900,3.620000,18.263333,-77.510000
938,Entry long,2025-03-25 00:45,2087.290000,1,-18.480000,-0.8900,3.620000,18.263333,-77.510000
937,Exit long,2025-03-25 01:30,2068.810000,1,-17.420000,-0.8300,5.530000,18.263333,-59.030000
937,Entry long,2025-03-25 00:30,2086.230000,1,-17.420000,-0.8300,5.530000,18.263333,-59.030000
936,Exit short,2025-03-24 13:30,2076.440000,1,6.220000,0.3000,8.313333,3.216667,-41.610000
936,Entry short,2025-03-24 13:00,2082.660000,1,6.220000,0.3000,8.313333,3.216667,-41.610000
935,Exit short,2025-03-24 13:30,2076.440000,1,4.460000,0.2100,8.313333,4.050000,-47.830000
935,Entry short,2025-03-24 12:45,2080.900000,1,4.460000,0.2100,8.313333,4.050000,-47.830000
934,Exit short,2025-03-24 13:30,2076.440000,1,1.540000,0.0700,8.313333,6.440000,-52.290000
934,Entry short,2025-03-24 12:30,2077.980000,1,1.540000,0.0700,8.313333,6.440000,-52.290000
933,Exit long,2025-03-24 01:30,1986.470000,1,-11.200000,-0.5600,0.000000,18.946667,-53.830000
933,Entry long,2025-03-24 01:00,1997.670000,1,-11.200000,-0.5600,0.000000,18.946667,-53.830000
932,Exit long,2025-03-24 01:30,1986.470000,1,-20.380000,-1.0200,0.145000,18.946667,-42.630000
932,Entry long,2025-03-24 00:45,2006.850000,1,-20.380000,-1.0200,0.145000,18.946667,-42.630000
931,Exit long,2025-03-24 01:30,1986.470000,1,-22.530000,-1.1200,11.960000,18.946667,-22.250000
931,Entry long,2025-03-24 00:30,2009.000000,1,-22.530000,-1.1200,11.960000,18.946667,-22.250000
930,Exit short,2025-03-23 13:30,2014.760000,1,-6.660000,-0.3300,5.363333,9.266667,0.280000
930,Entry short,2025-03-23 13:00,2008.100000,1,-6.660000,-0.3300,5.363333,9.266667,0.280000
929,Exit short,2025-03-23 13:30,2014.760000,1,-5.840000,-0.2900,5.363333,9.266667,6.940000
929,Entry short,2025-03-23 12:45,2008.920000,1,-5.840000,-0.2900,5.363333,9.266667,6.940000
928,Exit short,2025-03-23 13:30,2014.760000,1,-4.590000,-0.2300,5.363333,9.266667,12.780000
928,Entry short,2025-03-23 12:30,2010.170000,1,-4.590000,-0.2300,5.363333,9.266667,12.780000
927,Exit long,2025-03-23 01:30,1990.370000,1,5.800000,0.2900,10.306667,0.043333,17.370000
927,Entry long,2025-03-23 01:00,1984.570000,1,5.800000,0.2900,10.306667,0.043333,17.370000
926,Exit long,2025-03-23 01:30,1990.370000,1,6.870000,0.3500,10.306667,2.105000,11.570000
926,Entry long,2025-03-23 00:45,1983.500000,1,6.870000,0.3500,10.306667,2.105000,11.570000
925,Exit long,2025-03-23 01:30,1990.370000,1,7.060000,0.3600,10.306667,2.105000,4.700000
925,Entry long,2025-03-23 00:30,1983.310000,1,7.060000,0.3600,10.306667,2.105000,4.700000
924,Exit short,2025-03-22 13:30,1988.250000,1,6.130000,0.3100,5.283333,3.986667,-2.360000
924,Entry short,2025-03-22 13:00,1994.380000,1,6.130000,0.3100,5.283333,3.986667,-2.360000
923,Exit short,2025-03-22 13:30,1988.250000,1,4.370000,0.2200,5.283333,3.986667,-8.490000
923,Entry short,2025-03-22 12:45,1992.620000,1,4.370000,0.2200,5.283333,3.986667,-8.490000
922,Exit short,2025-03-22 13:30,1988.250000,1,3.700000,0.1900,5.283333,3.986667,-12.860000
922,Entry short,2025-03-22 12:30,1991.950000,1,3.700000,0.1900,5.283333,3.986667,-12.860000
921,Exit long,2025-03-22 01:30,1979.660000,1,-0.050000,-0.0000,10.110000,-0.000000,-16.560000
921,Entry long,2025-03-22 01:00,1979.710000,1,-0.050000,-0.0000,10.110000,-0.000000,-16.560000
920,Exit long,2025-03-22 01:30,1979.660000,1,3.800000,0.1900,10.110000,0.700000,-16.510000
920,Entry long,2025-03-22 00:45,1975.860000,1,3.800000,0.1900,10.110000,0.700000,-16.510000
919,Exit long,2025-03-22 01:30,1979.660000,1,5.400000,0.2700,10.110000,2.380000,-20.310000
919,Entry long,2025-03-22 00:30,1974.260000,1,5.400000,0.2700,10.110000,2.380000,-20.310000
918,Exit short,2025-03-21 13:30,1947.920000,1,-2.640000,-0.1400,12.980000,-0.000000,-25.710000
918,Entry short,2025-03-21 13:00,1945.280000,1,-2.640000,-0.1400,12.980000,-0.000000,-25.710000
917,Exit short,2025-03-21 13:30,1947.920000,1,2.790000,0.1400,19.395000,-0.000000,-23.070000
917,Entry short,2025-03-21 12:45,1950.710000,1,2.790000,0.1400,19.395000,-0.000000,-23.070000
916,Exit short,2025-03-21 13:30,1947.920000,1,22.560000,1.1400,38.480000,0.520000,-25.860000
916,Entry short,2025-03-21 12:30,1970.480000,1,22.560000,1.1400,38.480000,0.520000,-25.860000
915,Exit long,2025-03-21 01:30,1985.100000,1,-5.200000,-0.2600,9.470000,1.330000,-48.420000
915,Entry long,2025-03-21 01:00,1990.300000,1,-5.200000,-0.2600,9.470000,1.330000,-48.420000
914,Exit long,2025-03-21 01:30,1985.100000,1,-1.200000,-0.0600,9.470000,1.330000,-43.220000
914,Entry long,2025-03-21 00:45,1986.300000,1,-1.200000,-0.0600,9.470000,1.330000,-43.220000
913,Exit long,2025-03-21 01:30,1985.100000,1,2.710000,0.1400,9.470000,1.590000,-42.020000
913,Entry long,2025-03-21 00:30,1982.390000,1,2.710000,0.1400,9.470000,1.590000,-42.020000
912,Exit short,2025-03-20 13:30,1985.220000,1,10.300000,0.5200,8.526667,2.843333,-44.730000
912,Entry short,2025-03-20 13:00,1995.520000,1,10.300000,0.5200,8.526667,2.843333,-44.730000
911,Exit short,2025-03-20 13:30,1985.220000,1,7.810000,0.3900,8.526667,6.855000,-55.030000
911,Entry short,2025-03-20 12:45,1993.030000,1,7.810000,0.3900,8.526667,6.855000,-55.030000
910,Exit short,2025-03-20 13:30,1985.220000,1,4.380000,0.2200,8.526667,6.855000,-62.840000
910,Entry short,2025-03-20 12:30,1989.600000,1,4.380000,0.2200,8.526667,6.855000,-62.840000
909,Exit long,2025-03-20 01:30,2031.960000,1,-0.050000,-0.0000,2.860000,9.690000,-67.220000
909,Entry long,2025-03-20 01:00,2032.010000,1,-0.050000,-0.0000,2.860000,9.690000,-67.220000
908,Exit long,2025-03-20 01:30,2031.960000,1,-3.650000,-0.1800,2.860000,13.615000,-67.170000
908,Entry long,2025-03-20 00:45,2035.610000,1,-3.650000,-0.1800,2.860000,13.615000,-67.170000
907,Exit long,2025-03-20 01:30,2031.960000,1,-14.780000,-0.7200,2.860000,13.615000,-63.520000
907,Entry long,2025-03-20 00:30,2046.740000,1,-14.780000,-0.7200,2.860000,13.615000,-63.520000
906,Exit short,2025-03-19 13:30,2010.270000,1,-7.150000,-0.3600,7.203333,17.766667,-48.740000
906,Entry short,2025-03-19 13:00,2003.120000,1,-7.150000,-0.3600,7.203333,17.766667,-48.740000
905,Exit short,2025-03-19 13:30,2010.270000,1,-9.170000,-0.4600,7.203333,17.766667,-41.590000
905,Entry short,2025-03-19 12:45,2001.100000,1,-9.170000,-0.4600,7.203333,17.766667,-41.590000
904,Exit short,2025-03-19 13:30,2010.270000,1,-1.250000,-0.0600,14.960000,17.766667,-32.420000
904,Entry short,2025-03-19 12:30,2009.020000,1,-1.250000,-0.0600,14.960000,17.766667,-32.420000
903,Exit long,2025-03-19 01:30,1937.430000,1,-7.350000,-0.3800,6.340000,3.750000,-31.170000
903,Entry long,2025-03-19 01:00,1944.780000,1,-7.350000,-0.3800,6.340000,3.750000,-31.170000
902,Exit long,2025-03-19 01:30,1937.430000,1,-0.840000,-0.0400,10.665000,3.750000,-23.820000
902,Entry long,2025-03-19 00:45,1938.270000,1,-0.840000,-0.0400,10.665000,3.750000,-23.820000
901,Exit long,2025-03-19 01:30,1937.430000,1,0.030000,0.0000,10.665000,3.750000,-22.980000
901,Entry long,2025-03-19 00:30,1937.400000,1,0.030000,0.0000,10.665000,3.750000,-22.980000
900,Exit short,2025-03-18 13:30,1899.450000,1,-4.310000,-0.2300,3.903333,4.246667,-23.010000
900,Entry short,2025-03-18 13:00,1895.140000,1,-4.310000,-0.2300,3.903333,4.246667,-23.010000
899,Exit short,2025-03-18 13:30,1899.450000,1,-1.550000,-0.0800,3.903333,4.246667,-18.700000
899,Entry short,2025-03-18 12:45,1897.900000,1,-1.550000,-0.0800,3.903333,4.246667,-18.700000
898,Exit short,2025-03-18 13:30,1899.450000,1,-3.550000,-0.1900,4.470000,4.246667,-17.150000
898,Entry short,2025-03-18 12:30,1895.900000,1,-3.550000,-0.1900,4.470000,4.246667,-17.150000
897,Exit long,2025-03-18 01:30,1911.280000,1,-10.230000,-0.5300,1.546667,14.823333,-13.600000
897,Entry long,2025-03-18 01:00,1921.510000,1,-10.230000,-0.5300,1.546667,14.823333,-13.600000
896,Exit long,2025-03-18 01:30,1911.280000,1,-11.470000,-0.6000,1.546667,14.823333,-3.370000
896,Entry long,2025-03-18 00:45,1922.750000,1,-11.470000,-0.6000,1.546667,14.823333,-3.370000
895,Exit long,2025-03-18 01:30,1911.280000,1,-11.910000,-0.6200,3.420000,14.823333,8.100000
895,Entry long,2025-03-18 00:30,1923.190000,1,-11.910000,-0.6200,3.420000,14.823333,8.100000
894,Exit short,2025-03-17 13:30,1897.200000,1,10.300000,0.5400,13.726667,-0.000000,20.010000
894,Entry short,2025-03-17 13:00,1907.500000,1,10.300000,0.5400,13.726667,-0.000000,20.010000
893,Exit short,2025-03-17 13:30,1897.200000,1,14.240000,0.7400,13.726667,4.215000,9.710000
893,Entry short,2025-03-17 12:45,1911.440000,1,14.240000,0.7400,13.726667,4.215000,9.710000
892,Exit short,2025-03-17 13:30,1897.200000,1,11.690000,0.6100,13.726667,38.110000,-4.530000
892,Entry short,2025-03-17 12:30,1908.890000,1,11.690000,0.6100,13.726667,38.110000,-4.530000
891,Exit long,2025-03-17 01:30,1896.960000,1,-4.070000,-0.2100,12.946667,1.213333,-16.220000
891,Entry long,2025-03-17 01:00,1901.030000,1,-4.070000,-0.2100,12.946667,1.213333,-16.220000
890,Exit long,2025-03-17 01:30,1896.960000,1,-1.040000,-0.0500,12.946667,1.213333,-12.150000
890,Entry long,2025-03-17 00:45,1898.000000,1,-1.040000,-0.0500,12.946667,1.213333,-12.150000
889,Exit long,2025-03-17 01:30,1896.960000,1,4.860000,0.2600,12.946667,1.213333,-11.110000
889,Entry long,2025-03-17 00:30,1892.100000,1,4.860000,0.2600,12.946667,1.213333,-11.110000
888,Exit short,2025-03-16 13:30,1887.110000,1,-7.000000,-0.3700,5.063333,10.366667,-15.970000
888,Entry short,2025-03-16 13:00,1880.110000,1,-7.000000,-0.3700,5.063333,10.366667,-15.970000
887,Exit short,2025-03-16 13:30,1887.110000,1,-4.370000,-0.2300,7.085000,10.366667,-8.970000
887,Entry short,2025-03-16 12:45,1882.740000,1,-4.370000,-0.2300,7.085000,10.366667,-8.970000
886,Exit short,2025-03-16 13:30,1887.110000,1,0.940000,0.0500,7.540000,10.366667,-4.600000
886,Entry short,2025-03-16 12:30,1888.050000,1,0.940000,0.0500,7.540000,10.366667,-4.600000
885,Exit long,2025-03-16 01:30,1928.390000,1,-2.680000,-0.1400,0.000000,9.310000,-5.540000
885,Entry long,2025-03-16 01:00,1931.070000,1,-2.680000,-0.1400,0.000000,9.310000,-5.540000
884,Exit long,2025-03-16 01:30,1928.390000,1,-8.230000,-0.4200,0.235000,9.310000,-2.860000
884,Entry long,2025-03-16 00:45,1936.620000,1,-8.230000,-0.4200,0.235000,9.310000,-2.860000
883,Exit long,2025-03-16 01:30,1928.390000,1,-10.180000,-0.5300,1.430000,9.310000,5.370000
883,Entry long,2025-03-16 00:30,1938.570000,1,-10.180000,-0.5300,1.430000,9.310000,5.370000
882,Exit short,2025-03-15 13:30,1926.690000,1,-4.680000,-0.2400,3.873333,4.026667,15.550000
882,Entry short,2025-03-15 13:00,1922.010000,1,-4.680000,-0.2400,3.873333,4.026667,15.550000
881,Exit short,2025-03-15 13:30,1926.690000,1,0.020000,0.0000,5.205000,4.026667,20.230000
881,Entry short,2025-03-15 12:45,1926.710000,1,0.020000,0.0000,5.205000,4.026667,20.230000
880,Exit short,2025-03-15 13:30,1926.690000,1,1.010000,0.0500,5.205000,4.026667,20.210000
880,Entry short,2025-03-15 12:30,1927.700000,1,1.010000,0.0500,5.205000,4.026667,20.210000
879,Exit long,2025-03-15 01:30,1915.860000,1,1.200000,0.0600,5.653333,1.106667,19.200000
879,Entry long,2025-03-15 01:00,1914.660000,1,1.200000,0.0600,5.653333,1.106667,19.200000
878,Exit long,2025-03-15 01:30,1915.860000,1,4.300000,0.2200,5.653333,1.905000,18.000000
878,Entry long,2025-03-15 00:45,1911.560000,1,4.300000,0.2200,5.653333,1.905000,18.000000
877,Exit long,2025-03-15 01:30,1915.860000,1,0.510000,0.0300,5.653333,4.510000,13.700000
877,Entry long,2025-03-15 00:30,1915.350000,1,0.510000,0.0300,5.653333,4.510000,13.700000
876,Exit short,2025-03-14 13:30,1898.210000,1,3.590000,0.1900,4.933333,3.636667,13.190000
876,Entry short,2025-03-14 13:00,1901.800000,1,3.590000,0.1900,4.933333,3.636667,13.190000
875,Exit short,2025-03-14 13:30,1898.210000,1,0.180000,0.0100,7.115000,3.636667,9.600000
875,Entry short,2025-03-14 12:45,1898.390000,1,0.180000,0.0100,7.115000,3.636667,9.600000
874,Exit short,2025-03-14 13:30,1898.210000,1,5.510000,0.2900,7.115000,3.636667,9.420000
874,Entry short,2025-03-14 12:30,1903.720000,1,5.510000,0.2900,7.115000,3.636667,9.420000
873,Exit long,2025-03-14 01:30,1876.470000,1,2.920000,0.1600,4.176667,4.633333,3.910000
873,Entry long,2025-03-14 01:00,1873.550000,1,2.920000,0.1600,4.176667,4.633333,3.910000
872,Exit long,2025-03-14 01:30,1876.470000,1,0.660000,0.0400,6.745000,4.633333,0.990000
872,Entry long,2025-03-14 00:45,1875.810000,1,0.660000,0.0400,6.745000,4.633333,0.990000
871,Exit long,2025-03-14 01:30,1876.470000,1,7.930000,0.4200,8.600000,4.633333,0.330000
871,Entry long,2025-03-14 00:30,1868.540000,1,7.930000,0.4200,8.600000,4.633333,0.330000
870,Exit short,2025-03-13 13:30,1899.140000,1,-2.850000,-0.1500,5.666667,8.043333,-7.600000
870,Entry short,2025-03-13 13:00,1896.290000,1,-2.850000,-0.1500,5.666667,8.043333,-7.600000
869,Exit short,2025-03-13 13:30,1899.140000,1,0.290000,0.0200,13.825000,8.043333,-4.750000
869,Entry short,2025-03-13 12:45,1899.430000,1,0.290000,0.0200,13.825000,8.043333,-4.750000
868,Exit short,2025-03-13 13:30,1899.140000,1,7.440000,0.3900,15.500000,15.420000,-5.040000
868,Entry short,2025-03-13 12:30,1906.580000,1,7.440000,0.3900,15.500000,15.420000,-5.040000
867,Exit long,2025-03-13 01:30,1900.190000,1,1.010000,0.0500,5.410000,10.140000,-12.480000
867,Entry long,2025-03-13 01:00,1899.180000,1,1.010000,0.0500,5.410000,10.140000,-12.480000
866,Exit long,2025-03-13 01:30,1900.190000,1,-4.300000,-0.2300,5.410000,10.140000,-13.490000
866,Entry long,2025-03-13 00:45,1904.490000,1,-4.300000,-0.2300,5.410000,10.140000,-13.490000
865,Exit long,2025-03-13 01:30,1900.190000,1,-4.900000,-0.2600,5.410000,10.140000,-9.190000
865,Entry long,2025-03-13 00:30,1905.090000,1,-4.900000,-0.2600,5.410000,10.140000,-9.190000
864,Exit short,2025-03-12 13:30,1907.510000,1,20.880000,1.0800,23.286667,7.463333,-4.290000
864,Entry short,2025-03-12 13:00,1928.390000,1,20.880000,1.0800,23.286667,7.463333,-4.290000
863,Exit short,2025-03-12 13:30,1907.510000,1,12.280000,0.6400,23.286667,9.265000,-25.170000
863,Entry short,2025-03-12 12:45,1919.790000,1,12.280000,0.6400,23.286667,9.265000,-25.170000
862,Exit short,2025-03-12 13:30,1907.510000,1,16.150000,0.8400,23.286667,22.340000,-37.450000
862,Entry short,2025-03-12 12:30,1923.660000,1,16.150000,0.8400,23.286667,22.340000,-37.450000
861,Exit long,2025-03-12 01:30,1917.890000,1,6.840000,0.3600,10.373333,2.796667,-53.600000
861,Entry long,2025-03-12 01:00,1911.050000,1,6.840000,0.3600,10.373333,2.796667,-53.600000
860,Exit long,2025-03-12 01:30,1917.890000,1,8.940000,0.4700,10.373333,7.790000,-60.440000
860,Entry long,2025-03-12 00:45,1908.950000,1,8.940000,0.4700,10.373333,7.790000,-60.440000
859,Exit long,2025-03-12 01:30,1917.890000,1,2.440000,0.1300,10.373333,8.850000,-69.380000
859,Entry long,2025-03-12 00:30,1915.450000,1,2.440000,0.1300,10.373333,8.850000,-69.380000
858,Exit short,2025-03-11 13:30,1919.870000,1,-25.670000,-1.3600,34.406667,70.403333,-71.820000
858,Entry short,2025-03-11 13:00,1894.200000,1,-25.670000,-1.3600,34.406667,70.403333,-71.820000
857,Exit short,2025-03-11 13:30,1919.870000,1,-16.680000,-0.8800,34.406667,70.403333,-46.150000
857,Entry short,2025-03-11 12:45,1903.190000,1,-16.680000,-0.8800,34.406667,70.403333,-46.150000
856,Exit short,2025-03-11 13:30,1919.870000,1,-19.160000,-1.0100,34.406667,70.403333,-29.470000
856,Entry short,2025-03-11 12:30,1900.710000,1,-19.160000,-1.0100,34.406667,70.403333,-29.470000
855,Exit long,2025-03-11 01:30,1808.670000,1,-4.400000,-0.2400,0.000000,46.673333,-10.310000
855,Entry long,2025-03-11 01:00,1813.070000,1,-4.400000,-0.2400,0.000000,46.673333,-10.310000
854,Exit long,2025-03-11 01:30,1808.670000,1,-5.120000,-0.2800,0.070000,69.980000,-5.910000
854,Entry long,2025-03-11 00:45,1813.790000,1,-5.120000,-0.2800,0.070000,69.980000,-5.910000
853,Exit long,2025-03-11 01:30,1808.670000,1,-22.500000,-1.2300,14.090000,69.980000,-0.790000
853,Entry long,2025-03-11 00:30,1831.170000,1,-22.500000,-1.2300,14.090000,69.980000,-0.790000
852,Exit short,2025-03-10 13:30,2112.090000,1,12.700000,0.6000,8.400000,11.500000,21.710000
852,Entry short,2025-03-10 13:00,2124.790000,1,12.700000,0.6000,8.400000,11.500000,21.710000
851,Exit short,2025-03-10 13:30,2112.090000,1,7.260000,0.3400,8.400000,11.500000,9.010000
851,Entry short,2025-03-10 12:45,2119.350000,1,7.260000,0.3400,8.400000,11.500000,9.010000
850,Exit short,2025-03-10 13:30,2112.090000,1,-2.980000,-0.1400,8.400000,17.740000,1.750000
850,Entry short,2025-03-10 12:30,2109.110000,1,-2.980000,-0.1400,8.400000,17.740000,1.750000
849,Exit long,2025-03-10 01:30,2038.780000,1,3.680000,0.1800,29.586667,-0.000000,4.730000
849,Entry long,2025-03-10 01:00,2035.100000,1,3.680000,0.1800,29.586667,-0.000000,4.730000
848,Exit long,2025-03-10 01:30,2038.780000,1,12.230000,0.6000,29.586667,-0.000000,1.050000
848,Entry long,2025-03-10 00:45,2026.550000,1,12.230000,0.6000,29.586667,-0.000000,1.050000
847,Exit long,2025-03-10 01:30,2038.780000,1,30.190000,1.5000,29.586667,15.050000,-11.180000
847,Entry long,2025-03-10 00:30,2008.590000,1,30.190000,1.5000,29.586667,15.050000,-11.180000
846,Exit short,2025-03-09 13:30,2142.100000,1,-1.210000,-0.0600,8.806667,1.693333,-41.370000
846,Entry short,2025-03-09 13:00,2140.890000,1,-1.210000,-0.0600,8.806667,1.693333,-41.370000
845,Exit short,2025-03-09 13:30,2142.100000,1,0.050000,0.0000,8.806667,2.735000,-40.160000
845,Entry short,2025-03-09 12:45,2142.150000,1,0.050000,0.0000,8.806667,2.735000,-40.160000
844,Exit short,2025-03-09 13:30,2142.100000,1,-1.220000,-0.0600,8.806667,4.780000,-40.210000
844,Entry short,2025-03-09 12:30,2140.880000,1,-1.220000,-0.0600,8.806667,4.780000,-40.210000
843,Exit long,2025-03-09 01:30,2202.000000,1,-3.350000,-0.1500,6.733333,2.636667,-38.990000
843,Entry long,2025-03-09 01:00,2205.350000,1,-3.350000,-0.1500,6.733333,2.636667,-38.990000
842,Exit long,2025-03-09 01:30,2202.000000,1,-0.260000,-0.0100,6.733333,2.636667,-35.640000
842,Entry long,2025-03-09 00:45,2202.260000,1,-0.260000,-0.0100,6.733333,2.636667,-35.640000
841,Exit long,2025-03-09 01:30,2202.000000,1,-4.000000,-0.1800,6.733333,4.250000,-35.380000
841,Entry long,2025-03-09 00:30,2206.000000,1,-4.000000,-0.1800,6.733333,4.250000,-35.380000
840,Exit short,2025-03-08 13:30,2183.760000,1,-16.280000,-0.7500,0.000000,24.476667,-31.380000
840,Entry short,2025-03-08 13:00,2167.480000,1,-16.280000,-0.7500,0.000000,24.476667,-31.380000
839,Exit short,2025-03-08 13:30,2183.760000,1,-18.760000,-0.8700,1.900000,24.476667,-15.100000
839,Entry short,2025-03-08 12:45,2165.000000,1,-18.760000,-0.8700,1.900000,24.476667,-15.100000
838,Exit short,2025-03-08 13:30,2183.760000,1,-24.020000,-1.1100,4.410000,24.476667,3.660000
838,Entry short,2025-03-08 12:30,2159.740000,1,-24.020000,-1.1100,4.410000,24.476667,3.660000
837,Exit long,2025-03-08 01:30,2135.490000,1,-15.770000,-0.7300,11.623333,11.606667,27.680000
837,Entry long,2025-03-08 01:00,2151.260000,1,-15.770000,-0.7300,11.623333,11.606667,27.680000
836,Exit long,2025-03-08 01:30,2135.490000,1,-8.520000,-0.4000,12.230000,11.606667,43.450000
836,Entry long,2025-03-08 00:45,2144.010000,1,-8.520000,-0.4000,12.230000,11.606667,43.450000
835,Exit long,2025-03-08 01:30,2135.490000,1,-0.480000,-0.0200,12.230000,11.606667,51.970000
835,Entry long,2025-03-08 00:30,2135.970000,1,-0.480000,-0.0200,12.230000,11.606667,51.970000
834,Exit short,2025-03-07 13:30,2190.810000,1,-13.570000,-0.6200,1.293333,17.746667,52.450000
834,Entry short,2025-03-07 13:00,2177.240000,1,-13.570000,-0.6200,1.293333,17.746667,52.450000
833,Exit short,2025-03-07 13:30,2190.810000,1,-23.600000,-1.0900,10.900000,17.746667,66.020000
833,Entry short,2025-03-07 12:45,2167.210000,1,-23.600000,-1.0900,10.900000,17.746667,66.020000
832,Exit short,2025-03-07 13:30,2190.810000,1,-1.820000,-0.0800,24.620000,17.746667,89.620000
832,Entry short,2025-03-07 12:30,2188.990000,1,-1.820000,-0.0800,24.620000,17.746667,89.620000
831,Exit long,2025-03-07 01:30,2162.770000,1,46.390000,2.1900,60.103333,13.806667,91.440000
831,Entry long,2025-03-07 01:00,2116.380000,1,46.390000,2.1900,60.103333,13.806667,91.440000
830,Exit long,2025-03-07 01:30,2162.770000,1,42.500000,2.0000,60.103333,22.660000,45.050000
830,Entry long,2025-03-07 00:45,2120.270000,1,42.500000,2.0000,60.103333,22.660000,45.050000
829,Exit long,2025-03-07 01:30,2162.770000,1,36.220000,1.7000,60.103333,22.660000,2.550000
829,Entry long,2025-03-07 00:30,2126.550000,1,36.220000,1.7000,60.103333,22.660000,2.550000
828,Exit short,2025-03-06 13:30,2256.990000,1,9.620000,0.4200,24.033333,-0.000000,-33.670000
828,Entry short,2025-03-06 13:00,2266.610000,1,9.620000,0.4200,24.033333,-0.000000,-33.670000
827,Exit short,2025-03-06 13:30,2256.990000,1,14.210000,0.6300,24.033333,-0.000000,-43.290000
827,Entry short,2025-03-06 12:45,2271.200000,1,14.210000,0.6300,24.033333,-0.000000,-43.290000
826,Exit short,2025-03-06 13:30,2256.990000,1,27.300000,1.2000,24.033333,1.690000,-57.500000
826,Entry short,2025-03-06 12:30,2284.290000,1,27.300000,1.2000,24.033333,1.690000,-57.500000
825,Exit long,2025-03-06 01:30,2243.130000,1,5.870000,0.2600,7.426667,10.673333,-84.800000
825,Entry long,2025-03-06 01:00,2237.260000,1,5.870000,0.2600,7.426667,10.673333,-84.800000
824,Exit long,2025-03-06 01:30,2243.130000,1,0.130000,0.0100,7.426667,15.410000,-90.670000
824,Entry long,2025-03-06 00:45,2243.000000,1,0.130000,0.0100,7.426667,15.410000,-90.670000
823,Exit long,2025-03-06 01:30,2243.130000,1,-9.010000,-0.4000,7.426667,15.410000,-90.800000
823,Entry long,2025-03-06 00:30,2252.140000,1,-9.010000,-0.4000,7.426667,15.410000,-90.800000
822,Exit short,2025-03-05 13:30,2211.600000,1,5.490000,0.2500,20.110000,3.070000,-81.790000
822,Entry short,2025-03-05 13:00,2217.090000,1,5.490000,0.2500,20.110000,3.070000,-81.790000
821,Exit short,2025-03-05 13:30,2211.600000,1,7.920000,0.3600,20.110000,3.070000,-87.280000
821,Entry short,2025-03-05 12:45,2219.520000,1,7.920000,0.3600,20.110000,3.070000,-87.280000
820,Exit short,2025-03-05 13:30,2211.600000,1,12.120000,0.5500,20.110000,8.280000,-95.200000
820,Entry short,2025-03-05 12:30,2223.720000,1,12.120000,0.5500,20.110000,8.280000,-95.200000
819,Exit long,2025-03-05 01:30,2170.610000,1,6.570000,0.3000,14.693333,10.276667,-107.320000
819,Entry long,2025-03-05 01:00,2164.040000,1,6.570000,0.3000,14.693333,10.276667,-107.320000
818,Exit long,2025-03-05 01:30,2170.610000,1,8.740000,0.4000,14.693333,10.276667,-113.890000
818,Entry long,2025-03-05 00:45,2161.870000,1,8.740000,0.4000,14.693333,10.276667,-113.890000
817,Exit long,2025-03-05 01:30,2170.610000,1,4.590000,0.2100,14.693333,11.490000,-122.630000
817,Entry long,2025-03-05 00:30,2166.020000,1,4.590000,0.2100,14.693333,11.490000,-122.630000
816,Exit short,2025-03-04 13:30,2058.650000,1,44.100000,2.1000,45.173333,5.066667,-127.220000
816,Entry short,2025-03-04 13:00,2102.750000,1,44.100000,2.1000,45.173333,5.066667,-127.220000
815,Exit short,2025-03-04 13:30,2058.650000,1,45.760000,2.1700,45.173333,16.930000,-171.320000
815,Entry short,2025-03-04 12:45,2104.410000,1,45.760000,2.1700,45.173333,16.930000,-171.320000
814,Exit short,2025-03-04 13:30,2058.650000,1,27.240000,1.3100,45.173333,19.870000,-217.080000
814,Entry short,2025-03-04 12:30,2085.890000,1,27.240000,1.3100,45.173333,19.870000,-217.080000
813,Exit long,2025-03-04 01:30,2120.350000,1,-3.480000,-0.1600,0.000000,33.383333,-244.320000
813,Entry long,2025-03-04 01:00,2123.830000,1,-3.480000,-0.1600,0.000000,33.383333,-244.320000
812,Exit long,2025-03-04 01:30,2120.350000,1,-9.650000,-0.4500,0.000000,33.383333,-240.840000
812,Entry long,2025-03-04 00:45,2130.000000,1,-9.650000,-0.4500,0.000000,33.383333,-240.840000
811,Exit long,2025-03-04 01:30,2120.350000,1,-26.420000,-1.2300,3.390000,33.383333,-231.190000
811,Entry long,2025-03-04 00:30,2146.770000,1,-26.420000,-1.2300,3.390000,33.383333,-231.190000
810,Exit short,2025-03-03 13:30,2365.600000,1,1.110000,0.0500,3.866667,11.843333,-204.770000
810,Entry short,2025-03-03 13:00,2366.710000,1,1.110000,0.0500,3.866667,11.843333,-204.770000
809,Exit short,2025-03-03 13:30,2365.600000,1,2.200000,0.0900,3.866667,11.843333,-205.880000
809,Entry short,2025-03-03 12:45,2367.800000,1,2.200000,0.0900,3.866667,11.843333,-205.880000
808,Exit short,2025-03-03 13:30,2365.600000,1,-8.030000,-0.3400,4.570000,14.040000,-208.080000
808,Entry short,2025-03-03 12:30,2357.570000,1,-8.030000,-0.3400,4.570000,14.040000,-208.080000
807,Exit long,2025-03-03 01:30,2459.740000,1,-4.750000,-0.1900,0.000000,26.530000,-200.050000
807,Entry long,2025-03-03 01:00,2464.490000,1,-4.750000,-0.1900,0.000000,26.530000,-200.050000
806,Exit long,2025-03-03 01:30,2459.740000,1,-19.070000,-0.7700,0.605000,26.530000,-195.300000
806,Entry long,2025-03-03 00:45,2478.810000,1,-19.070000,-0.7700,0.605000,26.530000,-195.300000
805,Exit long,2025-03-03 01:30,2459.740000,1,-27.600000,-1.1100,5.170000,26.530000,-176.230000
805,Entry long,2025-03-03 00:30,2487.340000,1,-27.600000,-1.1100,5.170000,26.530000,-176.230000
804,Exit short,2025-03-02 13:30,2216.050000,1,15.830000,0.7100,19.616667,2.263333,-148.630000
804,Entry short,2025-03-02 13:00,2231.880000,1,15.830000,0.7100,19.616667,2.263333,-148.630000
803,Exit short,2025-03-02 13:30,2216.050000,1,12.740000,0.5700,19.616667,3.875000,-164.460000
803,Entry short,2025-03-02 12:45,2228.790000,1,12.740000,0.5700,19.616667,3.875000,-164.460000
802,Exit short,2025-03-02 13:30,2216.050000,1,12.130000,0.5400,19.616667,3.875000,-177.200000
802,Entry short,2025-03-02 12:30,2228.180000,1,12.130000,0.5400,19.616667,3.875000,-177.200000
801,Exit long,2025-03-02 01:30,2217.720000,1,3.180000,0.1400,12.046667,0.253333,-189.330000
801,Entry long,2025-03-02 01:00,2214.540000,1,3.180000,0.1400,12.046667,0.253333,-189.330000
800,Exit long,2025-03-02 01:30,2217.720000,1,0.070000,0.0000,12.046667,0.253333,-192.510000
800,Entry long,2025-03-02 00:45,2217.650000,1,0.070000,0.0000,12.046667,0.253333,-192.510000
799,Exit long,2025-03-02 01:30,2217.720000,1,8.320000,0.3800,15.160000,1.820000,-192.580000
799,Entry long,2025-03-02 00:30,2209.400000,1,8.320000,0.3800,15.160000,1.820000,-192.580000
798,Exit short,2025-03-01 13:30,2150.290000,1,29.940000,1.3700,36.853333,5.496667,-200.900000
798,Entry short,2025-03-01 13:00,2180.230000,1,29.940000,1.3700,36.853333,5.496667,-200.900000
797,Exit short,2025-03-01 13:30,2150.290000,1,26.880000,1.2300,36.853333,7.980000,-230.840000
797,Entry short,2025-03-01 12:45,2177.170000,1,26.880000,1.2300,36.853333,7.980000,-230.840000
796,Exit short,2025-03-01 13:30,2150.290000,1,26.380000,1.2100,36.853333,7.980000,-257.720000
796,Entry short,2025-03-01 12:30,2176.670000,1,26.380000,1.2100,36.853333,7.980000,-257.720000
795,Exit long,2025-03-01 01:30,2220.310000,1,5.400000,0.2400,1.276667,12.913333,-284.100000
795,Entry long,2025-03-01 01:00,2214.910000,1,5.400000,0.2400,1.276667,12.913333,-284.100000
794,Exit long,2025-03-01 01:30,2220.310000,1,-6.390000,-0.2900,1.276667,15.470000,-289.500000
794,Entry long,2025-03-01 00:45,2226.700000,1,-6.390000,-0.2900,1.276667,15.470000,-289.500000
793,Exit long,2025-03-01 01:30,2220.310000,1,-12.190000,-0.5500,3.020000,15.470000,-283.110000
793,Entry long,2025-03-01 00:30,2232.500000,1,-12.190000,-0.5500,3.020000,15.470000,-283.110000
792,Exit short,2025-02-28 13:30,2123.440000,1,-4.000000,-0.1900,1.630000,32.300000,-270.920000
792,Entry short,2025-02-28 13:00,2119.440000,1,-4.000000,-0.1900,1.630000,32.300000,-270.920000
791,Exit short,2025-02-28 13:30,2123.440000,1,-11.980000,-0.5700,12.265000,32.300000,-266.920000
791,Entry short,2025-02-28 12:45,2111.460000,1,-11.980000,-0.5700,12.265000,32.300000,-266.920000
790,Exit short,2025-02-28 13:30,2123.440000,1,-2.770000,-0.1300,14.160000,32.300000,-254.940000
790,Entry short,2025-02-28 12:30,2120.670000,1,-2.770000,-0.1300,14.160000,32.300000,-254.940000
789,Exit long,2025-02-28 01:30,2261.360000,1,-32.560000,-1.4200,0.000000,47.350000,-252.170000
789,Entry long,2025-02-28 01:00,2293.920000,1,-32.560000,-1.4200,0.000000,47.350000,-252.170000
788,Exit long,2025-02-28 01:30,2261.360000,1,-44.790000,-1.9400,3.590000,47.350000,-219.610000
788,Entry long,2025-02-28 00:45,2306.150000,1,-44.790000,-1.9400,3.590000,47.350000,-219.610000
787,Exit long,2025-02-28 01:30,2261.360000,1,-39.470000,-1.7200,10.450000,47.350000,-174.820000
787,Entry long,2025-02-28 00:30,2300.830000,1,-39.470000,-1.7200,10.450000,47.350000,-174.820000
786,Exit short,2025-02-27 13:30,2349.780000,1,-3.770000,-0.1600,7.936667,6.233333,-135.350000
786,Entry short,2025-02-27 13:00,2346.010000,1,-3.770000,-0.1600,7.936667,6.233333,-135.350000
785,Exit short,2025-02-27 13:30,2349.780000,1,9.390000,0.4000,12.815000,6.233333,-131.580000
785,Entry short,2025-02-27 12:45,2359.170000,1,9.390000,0.4000,12.815000,6.233333,-131.580000
784,Exit short,2025-02-27 13:30,2349.780000,1,1.240000,0.0500,12.815000,9.470000,-140.970000
784,Entry short,2025-02-27 12:30,2351.020000,1,1.240000,0.0500,12.815000,9.470000,-140.970000
783,Exit long,2025-02-27 01:30,2356.890000,1,20.010000,0.8600,27.803333,21.736667,-142.210000
783,Entry long,2025-02-27 01:00,2336.880000,1,20.010000,0.8600,27.803333,21.736667,-142.210000
782,Exit long,2025-02-27 01:30,2356.890000,1,18.330000,0.7800,27.803333,21.736667,-162.220000
782,Entry long,2025-02-27 00:45,2338.560000,1,18.330000,0.7800,27.803333,21.736667,-162.220000
781,Exit long,2025-02-27 01:30,2356.890000,1,23.140000,0.9900,27.803333,21.736667,-180.550000
781,Entry long,2025-02-27 00:30,2333.750000,1,23.140000,0.9900,27.803333,21.736667,-180.550000
780,Exit short,2025-02-26 13:30,2434.300000,1,-2.360000,-0.1000,20.393333,-0.000000,-203.690000
780,Entry short,2025-02-26 13:00,2431.940000,1,-2.360000,-0.1000,20.393333,-0.000000,-203.690000
779,Exit short,2025-02-26 13:30,2434.300000,1,12.640000,0.5200,29.075000,-0.000000,-201.330000
779,Entry short,2025-02-26 12:45,2446.940000,1,12.640000,0.5200,29.075000,-0.000000,-201.330000
778,Exit short,2025-02-26 13:30,2434.300000,1,21.350000,0.8700,29.075000,4.680000,-213.970000
778,Entry short,2025-02-26 12:30,2455.650000,1,21.350000,0.8700,29.075000,4.680000,-213.970000
777,Exit long,2025-02-26 01:30,2481.520000,1,7.290000,0.2900,8.693333,2.276667,-235.320000
777,Entry long,2025-02-26 01:00,2474.230000,1,7.290000,0.2900,8.693333,2.276667,-235.320000
776,Exit long,2025-02-26 01:30,2481.520000,1,10.030000,0.4100,8.693333,6.970000,-242.610000
776,Entry long,2025-02-26 00:45,2471.490000,1,10.030000,0.4100,8.693333,6.970000,-242.610000
775,Exit long,2025-02-26 01:30,2481.520000,1,-1.590000,-0.0600,8.693333,11.830000,-252.640000
775,Entry long,2025-02-26 00:30,2483.110000,1,-1.590000,-0.0600,8.693333,11.830000,-252.640000
774,Exit short,2025-02-25 13:30,2415.250000,1,20.970000,0.8600,18.326667,10.773333,-251.050000
774,Entry short,2025-02-25 13:00,2436.220000,1,20.970000,0.8600,18.326667,10.773333,-251.050000
773,Exit short,2025-02-25 13:30,2415.250000,1,9.800000,0.4000,18.326667,10.773333,-272.020000
773,Entry short,2025-02-25 12:45,2425.050000,1,9.800000,0.4000,18.326667,10.773333,-272.020000
772,Exit short,2025-02-25 13:30,2415.250000,1,18.540000,0.7600,18.326667,10.773333,-281.820000
772,Entry short,2025-02-25 12:30,2433.790000,1,18.540000,0.7600,18.326667,10.773333,-281.820000
771,Exit long,2025-02-25 01:30,2493.850000,1,-3.940000,-0.1600,12.726667,27.503333,-300.360000
771,Entry long,2025-02-25 01:00,2497.790000,1,-3.940000,-0.1600,12.726667,27.503333,-300.360000
770,Exit long,2025-02-25 01:30,2493.850000,1,5.490000,0.2200,16.475000,27.503333,-296.420000
770,Entry long,2025-02-25 00:45,2488.360000,1,5.490000,0.2200,16.475000,27.503333,-296.420000
769,Exit long,2025-02-25 01:30,2493.850000,1,-8.820000,-0.3500,16.475000,27.503333,-301.910000
769,Entry long,2025-02-25 00:30,2502.670000,1,-8.820000,-0.3500,16.475000,27.503333,-301.910000
768,Exit short,2025-02-24 13:30,2687.680000,1,-9.610000,-0.3600,19.716667,6.583333,-293.090000
768,Entry short,2025-02-24 13:00,2678.070000,1,-9.610000,-0.3600,19.716667,6.583333,-293.090000
767,Exit short,2025-02-24 13:30,2687.680000,1,-3.590000,-0.1300,19.716667,6.583333,-283.480000
767,Entry short,2025-02-24 12:45,2684.090000,1,-3.590000,-0.1300,19.716667,6.583333,-283.480000
766,Exit short,2025-02-24 13:30,2687.680000,1,-1.090000,-0.0400,19.716667,6.583333,-279.890000
766,Entry short,2025-02-24 12:30,2686.590000,1,-1.090000,-0.0400,19.716667,6.583333,-279.890000
765,Exit long,2025-02-24 01:30,2791.380000,1,-12.260000,-0.4400,0.000000,25.233333,-278.800000
765,Entry long,2025-02-24 01:00,2803.640000,1,-12.260000,-0.4400,0.000000,25.233333,-278.800000
764,Exit long,2025-02-24 01:30,2791.380000,1,-16.780000,-0.6000,0.000000,25.233333,-266.540000
764,Entry long,2025-02-24 00:45,2808.160000,1,-16.780000,-0.6000,0.000000,25.233333,-266.540000
763,Exit long,2025-02-24 01:30,2791.380000,1,-39.610000,-1.4000,0.300000,30.990000,-249.760000
763,Entry long,2025-02-24 00:30,2830.990000,1,-39.610000,-1.4000,0.300000,30.990000,-249.760000
762,Exit short,2025-02-23 13:30,2802.960000,1,-14.550000,-0.5200,0.000000,38.453333,-210.150000
762,Entry short,2025-02-23 13:00,2788.410000,1,-14.550000,-0.5200,0.000000,38.453333,-210.150000
761,Exit short,2025-02-23 13:30,2802.960000,1,-12.000000,-0.4300,6.280000,38.453333,-195.600000
761,Entry short,2025-02-23 12:45,2790.960000,1,-12.000000,-0.4300,6.280000,38.453333,-195.600000
760,Exit short,2025-02-23 13:30,2802.960000,1,-19.360000,-0.7000,6.280000,38.453333,-183.600000
760,Entry short,2025-02-23 12:30,2783.600000,1,-19.360000,-0.7000,6.280000,38.453333,-183.600000
759,Exit long,2025-02-23 01:30,2762.550000,1,-7.460000,-0.2700,11.686667,1.563333,-164.240000
759,Entry long,2025-02-23 01:00,2770.010000,1,-7.460000,-0.2700,11.686667,1.563333,-164.240000
758,Exit long,2025-02-23 01:30,2762.550000,1,2.590000,0.0900,12.365000,4.885000,-156.780000
758,Entry long,2025-02-23 00:45,2759.960000,1,2.590000,0.0900,12.365000,4.885000,-156.780000
757,Exit long,2025-02-23 01:30,2762.550000,1,3.780000,0.1400,12.365000,4.885000,-159.370000
757,Entry long,2025-02-23 00:30,2758.770000,1,3.780000,0.1400,12.365000,4.885000,-159.370000
756,Exit short,2025-02-22 13:30,2727.410000,1,10.340000,0.3800,7.470000,9.110000,-163.150000
756,Entry short,2025-02-22 13:00,2737.750000,1,10.340000,0.3800,7.470000,9.110000,-163.150000
755,Exit short,2025-02-22 13:30,2727.410000,1,8.090000,0.3000,7.470000,9.110000,-173.490000
755,Entry short,2025-02-22 12:45,2735.500000,1,8.090000,0.3000,7.470000,9.110000,-173.490000
754,Exit short,2025-02-22 13:30,2727.410000,1,2.720000,0.1000,7.470000,9.400000,-181.580000
754,Entry short,2025-02-22 12:30,2730.130000,1,2.720000,0.1000,7.470000,9.400000,-181.580000
753,Exit long,2025-02-22 01:30,2679.480000,1,2.790000,0.1000,16.893333,-0.000000,-184.300000
753,Entry long,2025-02-22 01:00,2676.690000,1,2.790000,0.1000,16.893333,-0.000000,-184.300000
752,Exit long,2025-02-22 01:30,2679.480000,1,4.060000,0.1500,16.893333,-0.000000,-187.090000
752,Entry long,2025-02-22 00:45,2675.420000,1,4.060000,0.1500,16.893333,-0.000000,-187.090000
751,Exit long,2025-02-22 01:30,2679.480000,1,19.950000,0.7500,16.893333,0.880000,-191.150000
751,Entry long,2025-02-22 00:30,2659.530000,1,19.950000,0.7500,16.893333,0.880000,-191.150000
750,Exit short,2025-02-21 13:30,2830.520000,1,-24.820000,-0.8800,0.000000,43.460000,-211.100000
750,Entry short,2025-02-21 13:00,2805.700000,1,-24.820000,-0.8800,0.000000,43.460000,-211.100000
749,Exit short,2025-02-21 13:30,2830.520000,1,-32.520000,-1.1600,0.625000,43.460000,-186.280000
749,Entry short,2025-02-21 12:45,2798.000000,1,-32.520000,-1.1600,0.625000,43.460000,-186.280000
748,Exit short,2025-02-21 13:30,2830.520000,1,-33.350000,-1.1900,1.960000,43.460000,-153.760000
748,Entry short,2025-02-21 12:30,2797.170000,1,-33.350000,-1.1900,1.960000,43.460000,-153.760000
747,Exit long,2025-02-21 01:30,2731.990000,1,-2.180000,-0.0800,0.246667,10.783333,-120.410000
747,Entry long,2025-02-21 01:00,2734.170000,1,-2.180000,-0.0800,0.246667,10.783333,-120.410000
746,Exit long,2025-02-21 01:30,2731.990000,1,-0.820000,-0.0300,0.255000,10.783333,-118.230000
746,Entry long,2025-02-21 00:45,2732.810000,1,-0.820000,-0.0300,0.255000,10.783333,-118.230000
745,Exit long,2025-02-21 01:30,2731.990000,1,-5.830000,-0.2100,4.610000,10.783333,-117.410000
745,Entry long,2025-02-21 00:30,2737.820000,1,-5.830000,-0.2100,4.610000,10.783333,-117.410000
744,Exit short,2025-02-20 13:30,2738.010000,1,2.810000,0.1000,8.620000,1.180000,-111.580000
744,Entry short,2025-02-20 13:00,2740.820000,1,2.810000,0.1000,8.620000,1.180000,-111.580000
743,Exit short,2025-02-20 13:30,2738.010000,1,3.880000,0.1400,8.620000,2.060000,-114.390000
743,Entry short,2025-02-20 12:45,2741.890000,1,3.880000,0.1400,8.620000,2.060000,-114.390000
742,Exit short,2025-02-20 13:30,2738.010000,1,1.680000,0.0600,8.620000,5.490000,-118.270000
742,Entry short,2025-02-20 12:30,2739.690000,1,1.680000,0.0600,8.620000,5.490000,-118.270000
741,Exit long,2025-02-20 01:30,2717.490000,1,-10.440000,-0.3800,9.710000,5.720000,-119.950000
741,Entry long,2025-02-20 01:00,2727.930000,1,-10.440000,-0.3800,9.710000,5.720000,-119.950000
740,Exit long,2025-02-20 01:30,2717.490000,1,-5.920000,-0.2200,12.455000,5.720000,-109.510000
740,Entry long,2025-02-20 00:45,2723.410000,1,-5.920000,-0.2200,12.455000,5.720000,-109.510000
739,Exit long,2025-02-20 01:30,2717.490000,1,0.490000,0.0200,12.455000,6.040000,-103.590000
739,Entry long,2025-02-20 00:30,2717.000000,1,0.490000,0.0200,12.455000,6.040000,-103.590000
738,Exit short,2025-02-19 13:30,2710.540000,1,-7.230000,-0.2700,10.846667,1.493333,-104.080000
738,Entry short,2025-02-19 13:00,2703.310000,1,-7.230000,-0.2700,10.846667,1.493333,-104.080000
737,Exit short,2025-02-19 13:30,2710.540000,1,5.000000,0.1800,16.880000,1.493333,-96.850000
737,Entry short,2025-02-19 12:45,2715.540000,1,5.000000,0.1800,16.880000,1.493333,-96.850000
736,Exit short,2025-02-19 13:30,2710.540000,1,13.080000,0.4800,16.880000,1.493333,-101.850000
736,Entry short,2025-02-19 12:30,2723.620000,1,13.080000,0.4800,16.880000,1.493333,-101.850000
735,Exit long,2025-02-19 01:30,2662.440000,1,-6.030000,-0.2300,1.520000,14.370000,-114.930000
735,Entry long,2025-02-19 01:00,2668.470000,1,-6.030000,-0.2300,1.520000,14.370000,-114.930000
734,Exit long,2025-02-19 01:30,2662.440000,1,-8.010000,-0.3000,6.250000,14.370000,-108.900000
734,Entry long,2025-02-19 00:45,2670.450000,1,-8.010000,-0.3000,6.250000,14.370000,-108.900000
733,Exit long,2025-02-19 01:30,2662.440000,1,-6.210000,-0.2300,6.930000,14.370000,-100.890000
733,Entry long,2025-02-19 00:30,2668.650000,1,-6.210000,-0.2300,6.930000,14.370000,-100.890000
732,Exit short,2025-02-18 13:30,2694.200000,1,8.100000,0.3000,10.390000,1.430000,-94.680000
732,Entry short,2025-02-18 13:00,2702.300000,1,8.100000,0.3000,10.390000,1.430000,-94.680000
731,Exit short,2025-02-18 13:30,2694.200000,1,9.900000,0.3700,10.390000,4.795000,-102.780000
731,Entry short,2025-02-18 12:45,2704.100000,1,9.900000,0.3700,10.390000,4.795000,-102.780000
730,Exit short,2025-02-18 13:30,2694.200000,1,4.110000,0.1500,10.390000,11.690000,-112.680000
730,Entry short,2025-02-18 12:30,2698.310000,1,4.110000,0.1500,10.390000,11.690000,-112.680000
729,Exit long,2025-02-18 01:30,2723.860000,1,3.960000,0.1500,10.830000,7.200000,-116.790000
729,Entry long,2025-02-18 01:00,2719.900000,1,3.960000,0.1500,10.830000,7.200000,-116.790000
728,Exit long,2025-02-18 01:30,2723.860000,1,-0.520000,-0.0200,10.830000,7.200000,-120.750000
728,Entry long,2025-02-18 00:45,2724.380000,1,-0.520000,-0.0200,10.830000,7.200000,-120.750000
727,Exit long,2025-02-18 01:30,2723.860000,1,5.200000,0.1900,13.340000,7.200000,-120.230000
727,Entry long,2025-02-18 00:30,2718.660000,1,5.200000,0.1900,13.340000,7.200000,-120.230000
726,Exit short,2025-02-17 13:30,2768.500000,1,-3.330000,-0.1200,8.303333,12.816667,-125.430000
726,Entry short,2025-02-17 13:00,2765.170000,1,-3.330000,-0.1200,8.303333,12.816667,-125.430000
725,Exit short,2025-02-17 13:30,2768.500000,1,1.090000,0.0400,8.303333,12.816667,-122.100000
725,Entry short,2025-02-17 12:45,2769.590000,1,1.090000,0.0400,8.303333,12.816667,-122.100000
724,Exit short,2025-02-17 13:30,2768.500000,1,-2.940000,-0.1100,8.303333,12.816667,-123.190000
724,Entry short,2025-02-17 12:30,2765.560000,1,-2.940000,-0.1100,8.303333,12.816667,-123.190000
723,Exit long,2025-02-17 01:30,2665.830000,1,-4.080000,-0.1500,5.683333,11.646667,-120.250000
723,Entry long,2025-02-17 01:00,2669.910000,1,-4.080000,-0.1500,5.683333,11.646667,-120.250000
722,Exit long,2025-02-17 01:30,2665.830000,1,-3.050000,-0.1100,5.683333,11.646667,-116.170000
722,Entry long,2025-02-17 00:45,2668.880000,1,-3.050000,-0.1100,5.683333,11.646667,-116.170000
721,Exit long,2025-02-17 01:30,2665.830000,1,-1.800000,-0.0700,5.683333,11.646667,-113.120000
721,Entry long,2025-02-17 00:30,2667.630000,1,-1.800000,-0.0700,5.683333,11.646667,-113.120000
720,Exit short,2025-02-16 13:30,2703.800000,1,0.990000,0.0400,6.873333,2.946667,-111.320000
720,Entry short,2025-02-16 13:00,2704.790000,1,0.990000,0.0400,6.873333,2.946667,-111.320000
719,Exit short,2025-02-16 13:30,2703.800000,1,0.850000,0.0300,6.873333,2.946667,-112.310000
719,Entry short,2025-02-16 12:45,2704.650000,1,0.850000,0.0300,6.873333,2.946667,-112.310000
718,Exit short,2025-02-16 13:30,2703.800000,1,3.360000,0.1200,6.873333,2.946667,-113.160000
718,Entry short,2025-02-16 12:30,2707.160000,1,3.360000,0.1200,6.873333,2.946667,-113.160000
717,Exit long,2025-02-16 01:30,2696.980000,1,-1.310000,-0.0500,0.000000,6.766667,-116.520000
717,Entry long,2025-02-16 01:00,2698.290000,1,-1.310000,-0.0500,0.000000,6.766667,-116.520000
716,Exit long,2025-02-16 01:30,2696.980000,1,-4.370000,-0.1600,1.325000,6.766667,-115.210000
716,Entry long,2025-02-16 00:45,2701.350000,1,-4.370000,-0.1600,1.325000,6.766667,-115.210000
715,Exit long,2025-02-16 01:30,2696.980000,1,-2.200000,-0.0800,5.820000,6.766667,-110.840000
715,Entry long,2025-02-16 00:30,2699.180000,1,-2.200000,-0.0800,5.820000,6.766667,-110.840000
714,Exit short,2025-02-15 13:30,2708.020000,1,1.080000,0.0400,2.853333,5.016667,-108.640000
714,Entry short,2025-02-15 13:00,2709.100000,1,1.080000,0.0400,2.853333,5.016667,-108.640000
713,Exit short,2025-02-15 13:30,2708.020000,1,-2.180000,-0.0800,5.195000,5.305000,-109.720000
713,Entry short,2025-02-15 12:45,2705.840000,1,-2.180000,-0.0800,5.195000,5.305000,-109.720000
712,Exit short,2025-02-15 13:30,2708.020000,1,0.930000,0.0300,5.195000,5.305000,-107.540000
712,Entry short,2025-02-15 12:30,2708.950000,1,0.930000,0.0300,5.195000,5.305000,-107.540000
711,Exit long,2025-02-15 01:30,2718.260000,1,2.530000,0.0900,9.500000,-0.000000,-108.470000
711,Entry long,2025-02-15 01:00,2715.730000,1,2.530000,0.0900,9.500000,-0.000000,-108.470000
710,Exit long,2025-02-15 01:30,2718.260000,1,6.170000,0.2300,9.500000,0.005000,-111.000000
710,Entry long,2025-02-15 00:45,2712.090000,1,6.170000,0.2300,9.500000,0.005000,-111.000000
709,Exit long,2025-02-15 01:30,2718.260000,1,7.260000,0.2700,9.500000,8.550000,-117.170000
709,Entry long,2025-02-15 00:30,2711.000000,1,7.260000,0.2700,9.500000,8.550000,-117.170000
708,Exit short,2025-02-14 13:30,2683.830000,1,1.040000,0.0400,0.840000,7.690000,-124.430000
708,Entry short,2025-02-14 13:00,2684.870000,1,1.040000,0.0400,0.840000,7.690000,-124.430000
707,Exit short,2025-02-14 13:30,2683.830000,1,-2.420000,-0.0900,5.215000,7.690000,-125.470000
707,Entry short,2025-02-14 12:45,2681.410000,1,-2.420000,-0.0900,5.215000,7.690000,-125.470000
706,Exit short,2025-02-14 13:30,2683.830000,1,2.190000,0.0800,6.010000,7.690000,-123.050000
706,Entry short,2025-02-14 12:30,2686.020000,1,2.190000,0.0800,6.010000,7.690000,-123.050000
705,Exit long,2025-02-14 01:30,2677.310000,1,3.320000,0.1200,9.453333,2.546667,-125.240000
705,Entry long,2025-02-14 01:00,2673.990000,1,3.320000,0.1200,9.453333,2.546667,-125.240000
704,Exit long,2025-02-14 01:30,2677.310000,1,9.980000,0.3700,9.453333,7.935000,-128.560000
704,Entry long,2025-02-14 00:45,2667.330000,1,9.980000,0.3700,9.453333,7.935000,-128.560000
703,Exit long,2025-02-14 01:30,2677.310000,1,0.990000,0.0400,9.453333,9.860000,-138.540000
703,Entry long,2025-02-14 00:30,2676.320000,1,0.990000,0.0400,9.453333,9.860000,-138.540000
702,Exit short,2025-02-13 13:30,2654.980000,1,-0.270000,-0.0100,10.346667,2.993333,-139.530000
702,Entry short,2025-02-13 13:00,2654.710000,1,-0.270000,-0.0100,10.346667,2.993333,-139.530000
701,Exit short,2025-02-13 13:30,2654.980000,1,9.910000,0.3700,11.435000,2.993333,-139.260000
701,Entry short,2025-02-13 12:45,2664.890000,1,9.910000,0.3700,11.435000,2.993333,-139.260000
700,Exit short,2025-02-13 13:30,2654.980000,1,7.540000,0.2800,11.435000,5.420000,-149.170000
700,Entry short,2025-02-13 12:30,2662.520000,1,7.540000,0.2800,11.435000,5.420000,-149.170000
699,Exit long,2025-02-13 01:30,2736.080000,1,8.680000,0.3200,19.433333,3.316667,-156.710000
699,Entry long,2025-02-13 01:00,2727.400000,1,8.680000,0.3200,19.433333,3.316667,-156.710000
698,Exit long,2025-02-13 01:30,2736.080000,1,13.960000,0.5100,19.433333,9.340000,-165.390000
698,Entry long,2025-02-13 00:45,2722.120000,1,13.960000,0.5100,19.433333,9.340000,-165.390000
697,Exit long,2025-02-13 01:30,2736.080000,1,9.860000,0.3600,19.433333,9.340000,-179.350000
697,Entry long,2025-02-13 00:30,2726.220000,1,9.860000,0.3600,19.433333,9.340000,-179.350000
696,Exit short,2025-02-12 13:30,2658.520000,1,-31.490000,-1.2000,6.440000,33.750000,-189.210000
696,Entry short,2025-02-12 13:00,2627.030000,1,-31.490000,-1.2000,6.440000,33.750000,-189.210000
695,Exit short,2025-02-12 13:30,2658.520000,1,-23.780000,-0.9000,6.440000,33.750000,-157.720000
695,Entry short,2025-02-12 12:45,2634.740000,1,-23.780000,-0.9000,6.440000,33.750000,-157.720000
694,Exit short,2025-02-12 13:30,2658.520000,1,-28.970000,-1.1000,6.440000,33.750000,-133.940000
694,Entry short,2025-02-12 12:30,2629.550000,1,-28.970000,-1.1000,6.440000,33.750000,-133.940000
693,Exit long,2025-02-12 01:30,2605.250000,1,-4.020000,-0.1500,8.363333,6.906667,-104.970000
693,Entry long,2025-02-12 01:00,2609.270000,1,-4.020000,-0.1500,8.363333,6.906667,-104.970000
692,Exit long,2025-02-12 01:30,2605.250000,1,2.370000,0.0900,12.465000,6.906667,-100.950000
692,Entry long,2025-02-12 00:45,2602.880000,1,2.370000,0.0900,12.465000,6.906667,-100.950000
691,Exit long,2025-02-12 01:30,2605.250000,1,0.580000,0.0200,12.465000,16.660000,-103.320000
691,Entry long,2025-02-12 00:30,2604.670000,1,0.580000,0.0200,12.465000,16.660000,-103.320000
690,Exit short,2025-02-11 13:30,2674.360000,1,10.420000,0.3900,15.580000,7.060000,-103.900000
690,Entry short,2025-02-11 13:00,2684.780000,1,10.420000,0.3900,15.580000,7.060000,-103.900000
689,Exit short,2025-02-11 13:30,2674.360000,1,14.020000,0.5200,15.580000,7.060000,-114.320000
689,Entry short,2025-02-11 12:45,2688.380000,1,14.020000,0.5200,15.580000,7.060000,-114.320000
688,Exit short,2025-02-11 13:30,2674.360000,1,9.370000,0.3500,15.580000,7.060000,-128.340000
688,Entry short,2025-02-11 12:30,2683.730000,1,9.370000,0.3500,15.580000,7.060000,-128.340000
687,Exit long,2025-02-11 01:30,2698.600000,1,-5.780000,-0.2100,23.510000,4.760000,-137.710000
687,Entry long,2025-02-11 01:00,2704.380000,1,-5.780000,-0.2100,23.510000,4.760000,-137.710000
686,Exit long,2025-02-11 01:30,2698.600000,1,-7.550000,-0.2800,23.510000,4.760000,-131.930000
686,Entry long,2025-02-11 00:45,2706.150000,1,-7.550000,-0.2800,23.510000,4.760000,-131.930000
685,Exit long,2025-02-11 01:30,2698.600000,1,22.150000,0.8300,48.040000,4.760000,-124.380000
685,Entry long,2025-02-11 00:30,2676.450000,1,22.150000,0.8300,48.040000,4.760000,-124.380000
684,Exit short,2025-02-10 13:30,2645.580000,1,-7.480000,-0.2800,7.476667,9.353333,-146.530000
684,Entry short,2025-02-10 13:00,2638.100000,1,-7.480000,-0.2800,7.476667,9.353333,-146.530000
683,Exit short,2025-02-10 13:30,2645.580000,1,-3.170000,-0.1200,16.630000,9.353333,-139.050000
683,Entry short,2025-02-10 12:45,2642.410000,1,-3.170000,-0.1200,16.630000,9.353333,-139.050000
682,Exit short,2025-02-10 13:30,2645.580000,1,5.270000,0.2000,16.630000,9.353333,-135.880000
682,Entry short,2025-02-10 12:30,2650.850000,1,5.270000,0.2000,16.630000,9.353333,-135.880000
681,Exit long,2025-02-10 01:30,2613.830000,1,-27.780000,-1.0500,0.130000,35.650000,-141.150000
681,Entry long,2025-02-10 01:00,2641.610000,1,-27.780000,-1.0500,0.130000,35.650000,-141.150000
680,Exit long,2025-02-10 01:30,2613.830000,1,-34.180000,-1.2900,6.310000,35.650000,-113.370000
680,Entry long,2025-02-10 00:45,2648.010000,1,-34.180000,-1.2900,6.310000,35.650000,-113.370000
679,Exit long,2025-02-10 01:30,2613.830000,1,-27.320000,-1.0300,10.190000,35.650000,-79.190000
679,Entry long,2025-02-10 00:30,2641.150000,1,-27.320000,-1.0300,10.190000,35.650000,-79.190000
678,Exit short,2025-02-09 13:30,2643.970000,1,10.130000,0.3800,12.056667,3.873333,-51.870000
678,Entry short,2025-02-09 13:00,2654.100000,1,10.130000,0.3800,12.056667,3.873333,-51.870000
677,Exit short,2025-02-09 13:30,2643.970000,1,6.310000,0.2400,12.056667,3.873333,-62.000000
677,Entry short,2025-02-09 12:45,2650.280000,1,6.310000,0.2400,12.056667,3.873333,-62.000000
676,Exit short,2025-02-09 13:30,2643.970000,1,11.030000,0.4200,12.630000,3.873333,-68.310000
676,Entry short,2025-02-09 12:30,2655.000000,1,11.030000,0.4200,12.630000,3.873333,-68.310000
675,Exit long,2025-02-09 01:30,2648.800000,1,12.870000,0.4900,25.136667,-0.000000,-79.340000
675,Entry long,2025-02-09 01:00,2635.930000,1,12.870000,0.4900,25.136667,-0.000000,-79.340000
674,Exit long,2025-02-09 01:30,2648.800000,1,22.730000,0.8700,25.136667,3.085000,-92.210000
674,Entry long,2025-02-09 00:45,2626.070000,1,22.730000,0.8700,25.136667,3.085000,-92.210000
673,Exit long,2025-02-09 01:30,2648.800000,1,18.000000,0.6800,25.136667,5.210000,-114.940000
673,Entry long,2025-02-09 00:30,2630.800000,1,18.000000,0.6800,25.136667,5.210000,-114.940000
672,Exit short,2025-02-08 13:30,2616.240000,1,-12.490000,-0.4800,0.483333,13.616667,-132.940000
672,Entry short,2025-02-08 13:00,2603.750000,1,-12.490000,-0.4800,0.483333,13.616667,-132.940000
671,Exit short,2025-02-08 13:30,2616.240000,1,-15.930000,-0.6100,5.150000,13.616667,-120.450000
671,Entry short,2025-02-08 12:45,2600.310000,1,-15.930000,-0.6100,5.150000,13.616667,-120.450000
670,Exit short,2025-02-08 13:30,2616.240000,1,-10.510000,-0.4000,8.120000,13.616667,-104.520000
670,Entry short,2025-02-08 12:30,2605.730000,1,-10.510000,-0.4000,8.120000,13.616667,-104.520000
669,Exit long,2025-02-08 01:30,2634.000000,1,-11.670000,-0.4400,0.000000,26.436667,-94.010000
669,Entry long,2025-02-08 01:00,2645.670000,1,-11.670000,-0.4400,0.000000,26.436667,-94.010000
668,Exit long,2025-02-08 01:30,2634.000000,1,-20.040000,-0.7600,0.000000,26.436667,-82.340000
668,Entry long,2025-02-08 00:45,2654.040000,1,-20.040000,-0.7600,0.000000,26.436667,-82.340000
667,Exit long,2025-02-08 01:30,2634.000000,1,-23.990000,-0.9000,6.440000,26.436667,-62.300000
667,Entry long,2025-02-08 00:30,2657.990000,1,-23.990000,-0.9000,6.440000,26.436667,-62.300000
666,Exit short,2025-02-07 13:30,2740.490000,1,15.770000,0.5700,24.973333,1.326667,-38.310000
666,Entry short,2025-02-07 13:00,2756.260000,1,15.770000,0.5700,24.973333,1.326667,-38.310000
665,Exit short,2025-02-07 13:30,2740.490000,1,18.000000,0.6500,24.973333,10.355000,-54.080000
665,Entry short,2025-02-07 12:45,2758.490000,1,18.000000,0.6500,24.973333,10.355000,-54.080000
664,Exit short,2025-02-07 13:30,2740.490000,1,10.310000,0.3700,24.973333,10.355000,-72.080000
664,Entry short,2025-02-07 12:30,2750.800000,1,10.310000,0.3700,24.973333,10.355000,-72.080000
663,Exit long,2025-02-07 01:30,2701.850000,1,16.050000,0.6000,12.413333,7.266667,-82.390000
663,Entry long,2025-02-07 01:00,2685.800000,1,16.050000,0.6000,12.413333,7.266667,-82.390000
662,Exit long,2025-02-07 01:30,2701.850000,1,15.180000,0.5700,12.413333,18.700000,-98.440000
662,Entry long,2025-02-07 00:45,2686.670000,1,15.180000,0.5700,12.413333,18.700000,-98.440000
661,Exit long,2025-02-07 01:30,2701.850000,1,-4.880000,-0.1800,12.413333,20.690000,-113.620000
661,Entry long,2025-02-07 00:30,2706.730000,1,-4.880000,-0.1800,12.413333,20.690000,-113.620000
660,Exit short,2025-02-06 13:30,2777.110000,1,-7.600000,-0.2700,13.483333,3.436667,-108.740000
660,Entry short,2025-02-06 13:00,2769.510000,1,-7.600000,-0.2700,13.483333,3.436667,-108.740000
659,Exit short,2025-02-06 13:30,2777.110000,1,1.780000,0.0600,19.515000,3.436667,-101.140000
659,Entry short,2025-02-06 12:45,2778.890000,1,1.780000,0.0600,19.515000,3.436667,-101.140000
658,Exit short,2025-02-06 13:30,2777.110000,1,15.190000,0.5400,22.730000,3.436667,-102.920000
658,Entry short,2025-02-06 12:30,2792.300000,1,15.190000,0.5400,22.730000,3.436667,-102.920000
657,Exit long,2025-02-06 01:30,2793.130000,1,26.370000,0.9500,38.393333,19.956667,-118.110000
657,Entry long,2025-02-06 01:00,2766.760000,1,26.370000,0.9500,38.393333,19.956667,-118.110000
656,Exit long,2025-02-06 01:30,2793.130000,1,19.170000,0.6900,38.393333,19.956667,-144.480000
656,Entry long,2025-02-06 00:45,2773.960000,1,19.170000,0.6900,38.393333,19.956667,-144.480000
655,Exit long,2025-02-06 01:30,2793.130000,1,13.030000,0.4700,38.393333,19.956667,-163.650000
655,Entry long,2025-02-06 00:30,2780.100000,1,13.030000,0.4700,38.393333,19.956667,-163.650000
654,Exit short,2025-02-05 13:30,2795.000000,1,-9.010000,-0.3200,7.750000,16.260000,-176.680000
654,Entry short,2025-02-05 13:00,2785.990000,1,-9.010000,-0.3200,7.750000,16.260000,-176.680000
653,Exit short,2025-02-05 13:30,2795.000000,1,-4.220000,-0.1500,8.750000,16.260000,-167.670000
653,Entry short,2025-02-05 12:45,2790.780000,1,-4.220000,-0.1500,8.750000,16.260000,-167.670000
652,Exit short,2025-02-05 13:30,2795.000000,1,-1.440000,-0.0500,12.790000,16.260000,-163.450000
652,Entry short,2025-02-05 12:30,2793.560000,1,-1.440000,-0.0500,12.790000,16.260000,-163.450000
651,Exit long,2025-02-05 01:30,2743.590000,1,15.730000,0.5800,43.186667,0.833333,-162.010000
651,Entry long,2025-02-05 01:00,2727.860000,1,15.730000,0.5800,43.186667,0.833333,-162.010000
650,Exit long,2025-02-05 01:30,2743.590000,1,17.800000,0.6500,43.186667,4.020000,-177.740000
650,Entry long,2025-02-05 00:45,2725.790000,1,17.800000,0.6500,43.186667,4.020000,-177.740000
649,Exit long,2025-02-05 01:30,2743.590000,1,12.060000,0.4400,43.186667,17.720000,-195.540000
649,Entry long,2025-02-05 00:30,2731.530000,1,12.060000,0.4400,43.186667,17.720000,-195.540000
648,Exit short,2025-02-04 13:30,2829.030000,1,-25.580000,-0.9100,0.000000,37.666667,-207.600000
648,Entry short,2025-02-04 13:00,2803.450000,1,-25.580000,-0.9100,0.000000,37.666667,-207.600000
647,Exit short,2025-02-04 13:30,2829.030000,1,-33.800000,-1.2100,5.975000,37.666667,-182.020000
647,Entry short,2025-02-04 12:45,2795.230000,1,-33.800000,-1.2100,5.975000,37.666667,-182.020000
646,Exit short,2025-02-04 13:30,2829.030000,1,-42.610000,-1.5300,5.975000,37.666667,-148.220000
646,Entry short,2025-02-04 12:30,2786.420000,1,-42.610000,-1.5300,5.975000,37.666667,-148.220000
645,Exit long,2025-02-04 01:30,2850.910000,1,10.970000,0.3900,0.000000,23.563333,-105.610000
645,Entry long,2025-02-04 01:00,2839.940000,1,10.970000,0.3900,0.000000,23.563333,-105.610000
644,Exit long,2025-02-04 01:30,2850.910000,1,-14.050000,-0.4900,5.235000,27.315000,-116.580000
644,Entry long,2025-02-04 00:45,2864.960000,1,-14.050000,-0.4900,5.235000,27.315000,-116.580000
643,Exit long,2025-02-04 01:30,2850.910000,1,-12.800000,-0.4500,5.235000,27.315000,-102.530000
643,Entry long,2025-02-04 00:30,2863.710000,1,-12.800000,-0.4500,5.235000,27.315000,-102.530000
642,Exit short,2025-02-03 13:30,2545.870000,1,32.260000,1.2500,54.500000,-0.000000,-89.730000
642,Entry short,2025-02-03 13:00,2578.130000,1,32.260000,1.2500,54.500000,-0.000000,-89.730000
641,Exit short,2025-02-03 13:30,2545.870000,1,60.170000,2.3100,54.500000,-0.000000,-121.990000
641,Entry short,2025-02-03 12:45,2606.040000,1,60.170000,2.3100,54.500000,-0.000000,-121.990000
640,Exit short,2025-02-03 13:30,2545.870000,1,69.150000,2.6400,54.500000,7.980000,-182.160000
640,Entry short,2025-02-03 12:30,2615.020000,1,69.150000,2.6400,54.500000,7.980000,-182.160000
639,Exit long,2025-02-03 01:30,2784.220000,1,-38.590000,-1.3700,31.286667,33.483333,-251.310000
639,Entry long,2025-02-03 01:00,2822.810000,1,-38.590000,-1.3700,31.286667,33.483333,-251.310000
638,Exit long,2025-02-03 01:30,2784.220000,1,7.200000,0.2600,37.700000,33.483333,-212.720000
638,Entry long,2025-02-03 00:45,2777.020000,1,7.200000,0.2600,37.700000,33.483333,-212.720000
637,Exit long,2025-02-03 01:30,2784.220000,1,-53.760000,-1.8900,37.700000,76.470000,-219.920000
637,Entry long,2025-02-03 00:30,2837.980000,1,-53.760000,-1.8900,37.700000,76.470000,-219.920000
636,Exit short,2025-02-02 13:30,3068.390000,1,-17.780000,-0.5800,7.426667,16.923333,-166.160000
636,Entry short,2025-02-02 13:00,3050.610000,1,-17.780000,-0.5800,7.426667,16.923333,-166.160000
635,Exit short,2025-02-02 13:30,3068.390000,1,-8.210000,-0.2700,12.740000,16.923333,-148.380000
635,Entry short,2025-02-02 12:45,3060.180000,1,-8.210000,-0.2700,12.740000,16.923333,-148.380000
634,Exit short,2025-02-02 13:30,3068.390000,1,-5.070000,-0.1700,12.740000,16.923333,-140.170000
634,Entry short,2025-02-02 12:30,3063.320000,1,-5.070000,-0.1700,12.740000,16.923333,-140.170000
633,Exit long,2025-02-02 01:30,3157.490000,1,7.490000,0.2400,12.363333,7.836667,-135.100000
633,Entry long,2025-02-02 01:00,3150.000000,1,7.490000,0.2400,12.363333,7.836667,-135.100000
632,Exit long,2025-02-02 01:30,3157.490000,1,4.410000,0.1400,12.363333,7.836667,-142.590000
632,Entry long,2025-02-02 00:45,3153.080000,1,4.410000,0.1400,12.363333,7.836667,-142.590000
631,Exit long,2025-02-02 01:30,3157.490000,1,12.080000,0.3800,12.363333,7.836667,-147.000000
631,Entry long,2025-02-02 00:30,3145.410000,1,12.080000,0.3800,12.363333,7.836667,-147.000000
630,Exit short,2025-02-01 13:30,3267.510000,1,-1.680000,-0.0500,2.430000,10.370000,-159.080000
630,Entry short,2025-02-01 13:00,3265.830000,1,-1.680000,-0.0500,2.430000,10.370000,-159.080000
629,Exit short,2025-02-01 13:30,3267.510000,1,-6.450000,-0.2000,2.430000,12.120000,-157.400000
629,Entry short,2025-02-01 12:45,3261.060000,1,-6.450000,-0.2000,2.430000,12.120000,-157.400000
628,Exit short,2025-02-01 13:30,3267.510000,1,-9.510000,-0.2900,2.430000,12.120000,-150.950000
628,Entry short,2025-02-01 12:30,3258.000000,1,-9.510000,-0.2900,2.430000,12.120000,-150.950000
627,Exit long,2025-02-01 01:30,3322.140000,1,6.560000,0.2000,24.053333,-0.000000,-141.440000
627,Entry long,2025-02-01 01:00,3315.580000,1,6.560000,0.2000,24.053333,-0.000000,-141.440000
626,Exit long,2025-02-01 01:30,3322.140000,1,11.370000,0.3400,24.053333,-0.000000,-148.000000
626,Entry long,2025-02-01 00:45,3310.770000,1,11.370000,0.3400,24.053333,-0.000000,-148.000000
625,Exit long,2025-02-01 01:30,3322.140000,1,28.190000,0.8600,24.053333,4.170000,-159.370000
625,Entry long,2025-02-01 00:30,3293.950000,1,28.190000,0.8600,24.053333,4.170000,-159.370000
624,Exit short,2025-01-31 13:30,3355.590000,1,-6.090000,-0.1800,0.120000,15.910000,-187.560000
624,Entry short,2025-01-31 13:00,3349.500000,1,-6.090000,-0.1800,0.120000,15.910000,-187.560000
623,Exit short,2025-01-31 13:30,3355.590000,1,-9.190000,-0.2700,2.775000,15.910000,-181.470000
623,Entry short,2025-01-31 12:45,3346.400000,1,-9.190000,-0.2700,2.775000,15.910000,-181.470000
622,Exit short,2025-01-31 13:30,3355.590000,1,-6.080000,-0.1800,6.500000,15.910000,-172.280000
622,Entry short,2025-01-31 12:30,3349.510000,1,-6.080000,-0.1800,6.500000,15.910000,-172.280000
621,Exit long,2025-01-31 01:30,3262.990000,1,-6.200000,-0.1900,10.206667,9.613333,-166.200000
621,Entry long,2025-01-31 01:00,3269.190000,1,-6.200000,-0.1900,10.206667,9.613333,-166.200000
620,Exit long,2025-01-31 01:30,3262.990000,1,3.430000,0.1100,11.430000,9.613333,-160.000000
620,Entry long,2025-01-31 00:45,3259.560000,1,3.430000,0.1100,11.430000,9.613333,-160.000000
619,Exit long,2025-01-31 01:30,3262.990000,1,4.890000,0.1500,11.430000,9.613333,-163.430000
619,Entry long,2025-01-31 00:30,3258.100000,1,4.890000,0.1500,11.430000,9.613333,-163.430000
618,Exit short,2025-01-30 13:30,3260.560000,1,-41.990000,-1.3000,1.433333,45.956667,-168.320000
618,Entry short,2025-01-30 13:00,3218.570000,1,-41.990000,-1.3000,1.433333,45.956667,-168.320000
617,Exit short,2025-01-30 13:30,3260.560000,1,-46.750000,-1.4500,1.750000,45.956667,-126.330000
617,Entry short,2025-01-30 12:45,3213.810000,1,-46.750000,-1.4500,1.750000,45.956667,-126.330000
616,Exit short,2025-01-30 13:30,3260.560000,1,-45.830000,-1.4300,2.930000,45.956667,-79.580000
616,Entry short,2025-01-30 12:30,3214.730000,1,-45.830000,-1.4300,2.930000,45.956667,-79.580000
615,Exit long,2025-01-30 01:30,3141.890000,1,18.960000,0.6100,36.556667,-0.000000,-33.750000
615,Entry long,2025-01-30 01:00,3122.930000,1,18.960000,0.6100,36.556667,-0.000000,-33.750000
614,Exit long,2025-01-30 01:30,3141.890000,1,31.480000,1.0100,36.556667,-0.000000,-52.710000
614,Entry long,2025-01-30 00:45,3110.410000,1,31.480000,1.0100,36.556667,-0.000000,-52.710000
613,Exit long,2025-01-30 01:30,3141.890000,1,41.440000,1.3400,36.556667,11.450000,-84.190000
613,Entry long,2025-01-30 00:30,3100.450000,1,41.440000,1.3400,36.556667,11.450000,-84.190000
612,Exit short,2025-01-29 13:30,3092.600000,1,25.080000,0.8000,32.116667,1.393333,-125.630000
612,Entry short,2025-01-29 13:00,3117.680000,1,25.080000,0.8000,32.116667,1.393333,-125.630000
611,Exit short,2025-01-29 13:30,3092.600000,1,24.570000,0.7900,32.116667,1.393333,-150.710000
611,Entry short,2025-01-29 12:45,3117.170000,1,24.570000,0.7900,32.116667,1.393333,-150.710000
610,Exit short,2025-01-29 13:30,3092.600000,1,31.250000,1.0000,32.116667,2.910000,-175.280000
610,Entry short,2025-01-29 12:30,3123.850000,1,31.250000,1.0000,32.116667,2.910000,-175.280000
609,Exit long,2025-01-29 01:30,3103.570000,1,-5.340000,-0.1700,16.313333,1.676667,-206.530000
609,Entry long,2025-01-29 01:00,3108.910000,1,-5.340000,-0.1700,16.313333,1.676667,-206.530000
608,Exit long,2025-01-29 01:30,3103.570000,1,-2.060000,-0.0700,17.205000,1.676667,-201.190000
608,Entry long,2025-01-29 00:45,3105.630000,1,-2.060000,-0.0700,17.205000,1.676667,-201.190000
607,Exit long,2025-01-29 01:30,3103.570000,1,10.050000,0.3200,17.205000,5.160000,-199.130000
607,Entry long,2025-01-29 00:30,3093.520000,1,10.050000,0.3200,17.205000,5.160000,-199.130000
606,Exit short,2025-01-28 13:30,3186.200000,1,-12.420000,-0.3900,7.243333,11.436667,-209.180000
606,Entry short,2025-01-28 13:00,3173.780000,1,-12.420000,-0.3900,7.243333,11.436667,-209.180000
605,Exit short,2025-01-28 13:30,3186.200000,1,-10.710000,-0.3400,13.970000,11.436667,-196.760000
605,Entry short,2025-01-28 12:45,3175.490000,1,-10.710000,-0.3400,13.970000,11.436667,-196.760000
604,Exit short,2025-01-28 13:30,3186.200000,1,-4.550000,-0.1400,13.970000,11.436667,-186.050000
604,Entry short,2025-01-28 12:30,3181.650000,1,-4.550000,-0.1400,13.970000,11.436667,-186.050000
603,Exit long,2025-01-28 01:30,3152.780000,1,-13.440000,-0.4200,0.000000,22.196667,-181.500000
603,Entry long,2025-01-28 01:00,3166.220000,1,-13.440000,-0.4200,0.000000,22.196667,-181.500000
602,Exit long,2025-01-28 01:30,3152.780000,1,-24.600000,-0.7700,0.955000,22.196667,-168.060000
602,Entry long,2025-01-28 00:45,3177.380000,1,-24.600000,-0.7700,0.955000,22.196667,-168.060000
601,Exit long,2025-01-28 01:30,3152.780000,1,-24.350000,-0.7700,4.270000,22.196667,-143.460000
601,Entry long,2025-01-28 00:30,3177.130000,1,-24.350000,-0.7700,4.270000,22.196667,-143.460000
600,Exit short,2025-01-27 13:30,3117.180000,1,-15.660000,-0.5000,0.000000,52.540000,-119.110000
600,Entry short,2025-01-27 13:00,3101.520000,1,-15.660000,-0.5000,0.000000,52.540000,-119.110000
599,Exit short,2025-01-27 13:30,3117.180000,1,-34.590000,-1.1200,0.000000,52.540000,-103.450000
599,Entry short,2025-01-27 12:45,3082.590000,1,-34.590000,-1.1200,0.000000,52.540000,-103.450000
598,Exit short,2025-01-27 13:30,3117.180000,1,-59.070000,-1.9300,4.070000,52.540000,-68.860000
598,Entry short,2025-01-27 12:30,3058.110000,1,-59.070000,-1.9300,4.070000,52.540000,-68.860000
597,Exit long,2025-01-27 01:30,3202.770000,1,-9.930000,-0.3100,0.386667,37.443333,-9.790000
597,Entry long,2025-01-27 01:00,3212.700000,1,-9.930000,-0.3100,0.386667,37.443333,-9.790000
596,Exit long,2025-01-27 01:30,3202.770000,1,-22.820000,-0.7100,2.805000,37.443333,0.140000
596,Entry long,2025-01-27 00:45,3225.590000,1,-22.820000,-0.7100,2.805000,37.443333,0.140000
595,Exit long,2025-01-27 01:30,3202.770000,1,-27.770000,-0.8600,2.805000,37.443333,22.960000
595,Entry long,2025-01-27 00:30,3230.540000,1,-27.770000,-0.8600,2.805000,37.443333,22.960000
594,Exit short,2025-01-26 13:30,3300.240000,1,6.410000,0.1900,5.186667,5.653333,50.730000
594,Entry short,2025-01-26 13:00,3306.650000,1,6.410000,0.1900,5.186667,5.653333,50.730000
593,Exit short,2025-01-26 13:30,3300.240000,1,2.770000,0.0800,5.186667,5.653333,44.320000
593,Entry short,2025-01-26 12:45,3303.010000,1,2.770000,0.0800,5.186667,5.653333,44.320000
592,Exit short,2025-01-26 13:30,3300.240000,1,2.990000,0.0900,5.186667,5.653333,41.550000
592,Entry short,2025-01-26 12:30,3303.230000,1,2.990000,0.0900,5.186667,5.653333,41.550000
591,Exit long,2025-01-26 01:30,3327.510000,1,7.770000,0.2300,11.893333,2.786667,38.560000
591,Entry long,2025-01-26 01:00,3319.740000,1,7.770000,0.2300,11.893333,2.786667,38.560000
590,Exit long,2025-01-26 01:30,3327.510000,1,5.240000,0.1600,11.893333,2.786667,30.790000
590,Entry long,2025-01-26 00:45,3322.270000,1,5.240000,0.1600,11.893333,2.786667,30.790000
589,Exit long,2025-01-26 01:30,3327.510000,1,10.160000,0.3100,11.893333,3.010000,25.550000
589,Entry long,2025-01-26 00:30,3317.350000,1,10.160000,0.3100,11.893333,3.010000,25.550000
588,Exit short,2025-01-25 13:30,3301.430000,1,3.350000,0.1000,1.266667,6.603333,15.390000
588,Entry short,2025-01-25 13:00,3304.780000,1,3.350000,0.1000,1.266667,6.603333,15.390000
587,Exit short,2025-01-25 13:30,3301.430000,1,1.300000,0.0400,1.266667,6.603333,12.040000
587,Entry short,2025-01-25 12:45,3302.730000,1,1.300000,0.0400,1.266667,6.603333,12.040000
586,Exit short,2025-01-25 13:30,3301.430000,1,-5.920000,-0.1800,3.150000,8.820000,10.740000
586,Entry short,2025-01-25 12:30,3295.510000,1,-5.920000,-0.1800,3.150000,8.820000,10.740000
585,Exit long,2025-01-25 01:30,3296.890000,1,24.680000,0.7500,17.103333,18.746667,16.660000
585,Entry long,2025-01-25 01:00,3272.210000,1,24.680000,0.7500,17.103333,18.746667,16.660000
584,Exit long,2025-01-25 01:30,3296.890000,1,16.000000,0.4900,17.103333,23.770000,-8.020000
584,Entry long,2025-01-25 00:45,3280.890000,1,16.000000,0.4900,17.103333,23.770000,-8.020000
583,Exit long,2025-01-25 01:30,3296.890000,1,-5.840000,-0.1800,17.103333,24.230000,-24.020000
583,Entry long,2025-01-25 00:30,3302.730000,1,-5.840000,-0.1800,17.103333,24.230000,-24.020000
582,Exit short,2025-01-24 13:30,3401.370000,1,2.120000,0.0600,0.280000,35.410000,-18.180000
582,Entry short,2025-01-24 13:00,3403.490000,1,2.120000,0.0600,0.280000,35.410000,-18.180000
581,Exit short,2025-01-24 13:30,3401.370000,1,-7.510000,-0.2200,0.280000,35.410000,-20.300000
581,Entry short,2025-01-24 12:45,3393.860000,1,-7.510000,-0.2200,0.280000,35.410000,-20.300000
580,Exit short,2025-01-24 13:30,3401.370000,1,-14.980000,-0.4400,0.300000,35.410000,-12.790000
580,Entry short,2025-01-24 12:30,3386.390000,1,-14.980000,-0.4400,0.300000,35.410000,-12.790000
579,Exit long,2025-01-24 01:30,3318.000000,1,33.360000,1.0200,20.566667,14.553333,2.190000
579,Entry long,2025-01-24 01:00,3284.640000,1,33.360000,1.0200,20.566667,14.553333,2.190000
578,Exit long,2025-01-24 01:30,3318.000000,1,22.010000,0.6700,20.566667,20.920000,-31.170000
578,Entry long,2025-01-24 00:45,3295.990000,1,22.010000,0.6700,20.566667,20.920000,-31.170000
577,Exit long,2025-01-24 01:30,3318.000000,1,4.470000,0.1300,20.566667,20.920000,-53.180000
577,Entry long,2025-01-24 00:30,3313.530000,1,4.470000,0.1300,20.566667,20.920000,-53.180000
576,Exit short,2025-01-23 13:30,3207.300000,1,-4.680000,-0.1500,1.806667,12.193333,-57.650000
576,Entry short,2025-01-23 13:00,3202.620000,1,-4.680000,-0.1500,1.806667,12.193333,-57.650000
575,Exit short,2025-01-23 13:30,3207.300000,1,-3.020000,-0.0900,3.260000,12.193333,-52.970000
575,Entry short,2025-01-23 12:45,3204.280000,1,-3.020000,-0.0900,3.260000,12.193333,-52.970000
574,Exit short,2025-01-23 13:30,3207.300000,1,-5.780000,-0.1800,3.260000,12.750000,-49.950000
574,Entry short,2025-01-23 12:30,3201.520000,1,-5.780000,-0.1800,3.260000,12.750000,-49.950000
573,Exit long,2025-01-23 01:30,3253.650000,1,0.710000,0.0200,4.860000,7.450000,-44.170000
573,Entry long,2025-01-23 01:00,3252.940000,1,0.710000,0.0200,4.860000,7.450000,-44.170000
572,Exit long,2025-01-23 01:30,3253.650000,1,2.650000,0.0800,6.770000,8.610000,-44.880000
572,Entry long,2025-01-23 00:45,3251.000000,1,2.650000,0.0800,6.770000,8.610000,-44.880000
571,Exit long,2025-01-23 01:30,3253.650000,1,-0.570000,-0.0200,6.880000,8.610000,-47.530000
571,Entry long,2025-01-23 00:30,3254.220000,1,-0.570000,-0.0200,6.880000,8.610000,-47.530000
570,Exit short,2025-01-22 13:30,3304.000000,1,11.890000,0.3600,15.460000,2.630000,-46.960000
570,Entry short,2025-01-22 13:00,3315.890000,1,11.890000,0.3600,15.460000,2.630000,-46.960000
569,Exit short,2025-01-22 13:30,3304.000000,1,12.060000,0.3600,15.460000,2.630000,-58.850000
569,Entry short,2025-01-22 12:45,3316.060000,1,12.060000,0.3600,15.460000,2.630000,-58.850000
568,Exit short,2025-01-22 13:30,3304.000000,1,11.060000,0.3300,15.460000,3.500000,-70.910000
568,Entry short,2025-01-22 12:30,3315.060000,1,11.060000,0.3300,15.460000,3.500000,-70.910000
567,Exit long,2025-01-22 01:30,3338.010000,1,-23.460000,-0.7000,21.233333,8.606667,-81.970000
567,Entry long,2025-01-22 01:00,3361.470000,1,-23.460000,-0.7000,21.233333,8.606667,-81.970000
566,Exit long,2025-01-22 01:30,3338.010000,1,8.000000,0.2400,36.335000,8.606667,-58.510000
566,Entry long,2025-01-22 00:45,3330.010000,1,8.000000,0.2400,36.335000,8.606667,-58.510000
565,Exit long,2025-01-22 01:30,3338.010000,1,8.750000,0.2600,36.335000,8.606667,-66.510000
565,Entry long,2025-01-22 00:30,3329.260000,1,8.750000,0.2600,36.335000,8.606667,-66.510000
564,Exit short,2025-01-21 13:30,3299.030000,1,7.600000,0.2300,21.150000,5.230000,-75.260000
564,Entry short,2025-01-21 13:00,3306.630000,1,7.600000,0.2300,21.150000,5.230000,-75.260000
563,Exit short,2025-01-21 13:30,3299.030000,1,8.020000,0.2400,21.150000,5.230000,-82.860000
563,Entry short,2025-01-21 12:45,3307.050000,1,8.020000,0.2400,21.150000,5.230000,-82.860000
562,Exit short,2025-01-21 13:30,3299.030000,1,16.330000,0.4900,21.150000,5.230000,-90.880000
562,Entry short,2025-01-21 12:30,3315.360000,1,16.330000,0.4900,21.150000,5.230000,-90.880000
561,Exit long,2025-01-21 01:30,3214.200000,1,-11.890000,-0.3700,15.296667,35.253333,-107.210000
561,Entry long,2025-01-21 01:00,3226.090000,1,-11.890000,-0.3700,15.296667,35.253333,-107.210000
560,Exit long,2025-01-21 01:30,3214.200000,1,-47.010000,-1.4400,19.140000,35.253333,-95.320000
560,Entry long,2025-01-21 00:45,3261.210000,1,-47.010000,-1.4400,19.140000,35.253333,-95.320000
559,Exit long,2025-01-21 01:30,3214.200000,1,-32.310000,-1.0000,22.870000,35.253333,-48.310000
559,Entry long,2025-01-21 00:30,3246.510000,1,-32.310000,-1.0000,22.870000,35.253333,-48.310000
558,Exit short,2025-01-20 13:30,3316.800000,1,-12.810000,-0.3900,3.363333,35.676667,-16.000000
558,Entry short,2025-01-20 13:00,3303.990000,1,-12.810000,-0.3900,3.363333,35.676667,-16.000000
557,Exit short,2025-01-20 13:30,3316.800000,1,-28.000000,-0.8500,7.390000,35.676667,-3.190000
557,Entry short,2025-01-20 12:45,3288.800000,1,-28.000000,-0.8500,7.390000,35.676667,-3.190000
556,Exit short,2025-01-20 13:30,3316.800000,1,-14.500000,-0.4400,32.430000,35.676667,24.810000
556,Entry short,2025-01-20 12:30,3302.300000,1,-14.500000,-0.4400,32.430000,35.676667,24.810000
555,Exit long,2025-01-20 01:30,3194.750000,1,24.350000,0.7700,29.646667,17.943333,39.310000
555,Entry long,2025-01-20 01:00,3170.400000,1,24.350000,0.7700,29.646667,17.943333,39.310000
554,Exit long,2025-01-20 01:30,3194.750000,1,1.350000,0.0400,29.646667,47.905000,14.960000
554,Entry long,2025-01-20 00:45,3193.400000,1,1.350000,0.0400,29.646667,47.905000,14.960000
553,Exit long,2025-01-20 01:30,3194.750000,1,9.840000,0.3100,29.646667,47.905000,13.610000
553,Entry long,2025-01-20 00:30,3184.910000,1,9.840000,0.3100,29.646667,47.905000,13.610000
552,Exit short,2025-01-19 13:30,3216.230000,1,-10.980000,-0.3400,0.000000,32.453333,3.770000
552,Entry short,2025-01-19 13:00,3205.250000,1,-10.980000,-0.3400,0.000000,32.453333,3.770000
551,Exit short,2025-01-19 13:30,3216.230000,1,-28.250000,-0.8900,0.000000,32.453333,14.750000
551,Entry short,2025-01-19 12:45,3187.980000,1,-28.250000,-0.8900,0.000000,32.453333,14.750000
550,Exit short,2025-01-19 13:30,3216.230000,1,-40.340000,-1.2700,3.230000,32.453333,43.000000
550,Entry short,2025-01-19 12:30,3175.890000,1,-40.340000,-1.2700,3.230000,32.453333,43.000000
549,Exit long,2025-01-19 01:30,3346.610000,1,30.930000,0.9300,49.803333,2.626667,83.340000
549,Entry long,2025-01-19 01:00,3315.680000,1,30.930000,0.9300,49.803333,2.626667,83.340000
548,Exit long,2025-01-19 01:30,3346.610000,1,30.840000,0.9300,49.803333,4.680000,52.410000
548,Entry long,2025-01-19 00:45,3315.770000,1,30.840000,0.9300,49.803333,4.680000,52.410000
547,Exit long,2025-01-19 01:30,3346.610000,1,31.180000,0.9400,49.803333,7.130000,21.570000
547,Entry long,2025-01-19 00:30,3315.430000,1,31.180000,0.9400,49.803333,7.130000,21.570000
546,Exit short,2025-01-18 13:30,3302.080000,1,-13.380000,-0.4100,10.043333,15.776667,-9.610000
546,Entry short,2025-01-18 13:00,3288.700000,1,-13.380000,-0.4100,10.043333,15.776667,-9.610000
545,Exit short,2025-01-18 13:30,3302.080000,1,-15.680000,-0.4800,10.043333,15.776667,3.770000
545,Entry short,2025-01-18 12:45,3286.400000,1,-15.680000,-0.4800,10.043333,15.776667,3.770000
544,Exit short,2025-01-18 13:30,3302.080000,1,-12.660000,-0.3800,16.700000,15.776667,19.450000
544,Entry short,2025-01-18 12:30,3289.420000,1,-12.660000,-0.3800,16.700000,15.776667,19.450000
543,Exit long,2025-01-18 01:30,3469.030000,1,-16.790000,-0.4800,4.763333,15.526667,32.110000
543,Entry long,2025-01-18 01:00,3485.820000,1,-16.790000,-0.4800,4.763333,15.526667,32.110000
542,Exit long,2025-01-18 01:30,3469.030000,1,-14.600000,-0.4200,14.260000,15.526667,48.900000
542,Entry long,2025-01-18 00:45,3483.630000,1,-14.600000,-0.4200,14.260000,15.526667,48.900000
541,Exit long,2025-01-18 01:30,3469.030000,1,-4.720000,-0.1400,14.260000,15.526667,63.500000
541,Entry long,2025-01-18 00:30,3473.750000,1,-4.720000,-0.1400,14.260000,15.526667,63.500000
540,Exit short,2025-01-17 13:30,3417.350000,1,-10.570000,-0.3100,2.580000,13.580000,68.220000
540,Entry short,2025-01-17 13:00,3406.780000,1,-10.570000,-0.3100,2.580000,13.580000,68.220000
539,Exit short,2025-01-17 13:30,3417.350000,1,-6.060000,-0.1800,7.130000,13.580000,78.790000
539,Entry short,2025-01-17 12:45,3411.290000,1,-6.060000,-0.1800,7.130000,13.580000,78.790000
538,Exit short,2025-01-17 13:30,3417.350000,1,-7.340000,-0.2200,10.330000,13.580000,84.850000
538,Entry short,2025-01-17 12:30,3410.010000,1,-7.340000,-0.2200,10.330000,13.580000,84.850000
537,Exit long,2025-01-17 01:30,3340.000000,1,27.210000,0.8200,27.243333,0.526667,92.190000
537,Entry long,2025-01-17 01:00,3312.790000,1,27.210000,0.8200,27.243333,0.526667,92.190000
536,Exit long,2025-01-17 01:30,3340.000000,1,26.170000,0.7900,27.243333,6.990000,64.980000
536,Entry long,2025-01-17 00:45,3313.830000,1,26.170000,0.7900,27.243333,6.990000,64.980000
535,Exit long,2025-01-17 01:30,3340.000000,1,26.850000,0.8100,27.243333,6.990000,38.810000
535,Entry long,2025-01-17 00:30,3313.150000,1,26.850000,0.8100,27.243333,6.990000,38.810000
534,Exit short,2025-01-16 13:30,3310.000000,1,45.540000,1.3600,51.286667,6.373333,11.960000
534,Entry short,2025-01-16 13:00,3355.540000,1,45.540000,1.3600,51.286667,6.373333,11.960000
533,Exit short,2025-01-16 13:30,3310.000000,1,42.500000,1.2700,51.286667,14.900000,-33.580000
533,Entry short,2025-01-16 12:45,3352.500000,1,42.500000,1.2700,51.286667,14.900000,-33.580000
532,Exit short,2025-01-16 13:30,3310.000000,1,35.820000,1.0700,51.286667,14.900000,-76.080000
532,Entry short,2025-01-16 12:30,3345.820000,1,35.820000,1.0700,51.286667,14.900000,-76.080000
531,Exit long,2025-01-16 01:30,3403.510000,1,5.550000,0.1600,7.363333,13.696667,-111.900000
531,Entry long,2025-01-16 01:00,3397.960000,1,5.550000,0.1600,7.363333,13.696667,-111.900000
530,Exit long,2025-01-16 01:30,3403.510000,1,6.610000,0.1900,7.363333,18.865000,-117.450000
530,Entry long,2025-01-16 00:45,3396.900000,1,6.610000,0.1900,7.363333,18.865000,-117.450000
529,Exit long,2025-01-16 01:30,3403.510000,1,-17.700000,-0.5200,7.363333,34.770000,-124.060000
529,Entry long,2025-01-16 00:30,3421.210000,1,-17.700000,-0.5200,7.363333,34.770000,-124.060000
528,Exit short,2025-01-15 13:30,3216.800000,1,-16.130000,-0.5000,0.000000,28.023333,-106.360000
528,Entry short,2025-01-15 13:00,3200.670000,1,-16.130000,-0.5000,0.000000,28.023333,-106.360000
527,Exit short,2025-01-15 13:30,3216.800000,1,-9.720000,-0.3000,0.000000,28.023333,-90.230000
527,Entry short,2025-01-15 12:45,3207.080000,1,-9.720000,-0.3000,0.000000,28.023333,-90.230000
526,Exit short,2025-01-15 13:30,3216.800000,1,-29.300000,-0.9200,2.150000,28.023333,-80.510000
526,Entry short,2025-01-15 12:30,3187.500000,1,-29.300000,-0.9200,2.150000,28.023333,-80.510000
525,Exit long,2025-01-15 01:30,3233.460000,1,13.350000,0.4100,10.363333,8.256667,-51.210000
525,Entry long,2025-01-15 01:00,3220.110000,1,13.350000,0.4100,10.363333,8.256667,-51.210000
524,Exit long,2025-01-15 01:30,3233.460000,1,12.450000,0.3900,10.363333,9.265000,-64.560000
524,Entry long,2025-01-15 00:45,3221.010000,1,12.450000,0.3900,10.363333,9.265000,-64.560000
523,Exit long,2025-01-15 01:30,3233.460000,1,2.320000,0.0700,10.363333,14.780000,-77.010000
523,Entry long,2025-01-15 00:30,3231.140000,1,2.320000,0.0700,10.363333,14.780000,-77.010000
522,Exit short,2025-01-14 13:30,3179.960000,1,2.440000,0.0800,7.960000,3.920000,-79.330000
522,Entry short,2025-01-14 13:00,3182.400000,1,2.440000,0.0800,7.960000,3.920000,-79.330000
521,Exit short,2025-01-14 13:30,3179.960000,1,9.690000,0.3000,7.960000,9.035000,-81.770000
521,Entry short,2025-01-14 12:45,3189.650000,1,9.690000,0.3000,7.960000,9.035000,-81.770000
520,Exit short,2025-01-14 13:30,3179.960000,1,3.560000,0.1100,7.960000,12.480000,-91.460000
520,Entry short,2025-01-14 12:30,3183.520000,1,3.560000,0.1100,7.960000,12.480000,-91.460000
519,Exit long,2025-01-14 01:30,3150.730000,1,18.170000,0.5800,25.766667,0.043333,-95.020000
519,Entry long,2025-01-14 01:00,3132.560000,1,18.170000,0.5800,25.766667,0.043333,-95.020000
518,Exit long,2025-01-14 01:30,3150.730000,1,20.910000,0.6700,25.766667,8.600000,-113.190000
518,Entry long,2025-01-14 00:45,3129.820000,1,20.910000,0.6700,25.766667,8.600000,-113.190000
517,Exit long,2025-01-14 01:30,3150.730000,1,16.410000,0.5200,25.766667,8.600000,-134.100000
517,Entry long,2025-01-14 00:30,3134.320000,1,16.410000,0.5200,25.766667,8.600000,-134.100000
516,Exit short,2025-01-13 13:30,3076.290000,1,-30.310000,-1.0000,26.606667,31.693333,-150.510000
516,Entry short,2025-01-13 13:00,3045.980000,1,-30.310000,-1.0000,26.606667,31.693333,-150.510000
515,Exit short,2025-01-13 13:30,3076.290000,1,-12.920000,-0.4200,26.606667,31.693333,-120.200000
515,Entry short,2025-01-13 12:45,3063.370000,1,-12.920000,-0.4200,26.606667,31.693333,-120.200000
514,Exit short,2025-01-13 13:30,3076.290000,1,-9.820000,-0.3200,27.780000,31.693333,-107.280000
514,Entry short,2025-01-13 12:30,3066.470000,1,-9.820000,-0.3200,27.780000,31.693333,-107.280000
513,Exit long,2025-01-13 01:30,3303.610000,1,-3.830000,-0.1200,3.006667,25.363333,-97.460000
513,Entry long,2025-01-13 01:00,3307.440000,1,-3.830000,-0.1200,3.006667,25.363333,-97.460000
512,Exit long,2025-01-13 01:30,3303.610000,1,-14.520000,-0.4400,10.645000,25.363333,-93.630000
512,Entry long,2025-01-13 00:45,3318.130000,1,-14.520000,-0.4400,10.645000,25.363333,-93.630000
511,Exit long,2025-01-13 01:30,3303.610000,1,1.090000,0.0300,35.800000,25.363333,-79.110000
511,Entry long,2025-01-13 00:30,3302.520000,1,1.090000,0.0300,35.800000,25.363333,-79.110000
510,Exit short,2025-01-12 13:30,3262.530000,1,-13.280000,-0.4100,6.413333,10.426667,-80.200000
510,Entry short,2025-01-12 13:00,3249.250000,1,-13.280000,-0.4100,6.413333,10.426667,-80.200000
509,Exit short,2025-01-12 13:30,3262.530000,1,-7.000000,-0.2200,6.680000,10.426667,-66.920000
509,Entry short,2025-01-12 12:45,3255.530000,1,-7.000000,-0.2200,6.680000,10.426667,-66.920000
508,Exit short,2025-01-12 13:30,3262.530000,1,-7.220000,-0.2200,6.680000,10.426667,-59.920000
508,Entry short,2025-01-12 12:30,3255.310000,1,-7.220000,-0.2200,6.680000,10.426667,-59.920000
507,Exit long,2025-01-12 01:30,3274.990000,1,-7.180000,-0.2200,1.756667,9.753333,-52.700000
507,Entry long,2025-01-12 01:00,3282.170000,1,-7.180000,-0.2200,1.756667,9.753333,-52.700000
506,Exit long,2025-01-12 01:30,3274.990000,1,-10.050000,-0.3100,2.995000,9.753333,-45.520000
506,Entry long,2025-01-12 00:45,3285.040000,1,-10.050000,-0.3100,2.995000,9.753333,-45.520000
505,Exit long,2025-01-12 01:30,3274.990000,1,-6.060000,-0.1800,5.050000,9.753333,-35.470000
505,Entry long,2025-01-12 00:30,3281.050000,1,-6.060000,-0.1800,5.050000,9.753333,-35.470000
504,Exit short,2025-01-11 13:30,3269.000000,1,2.870000,0.0900,9.913333,0.376667,-29.410000
504,Entry short,2025-01-11 13:00,3271.870000,1,2.870000,0.0900,9.913333,0.376667,-29.410000
503,Exit short,2025-01-11 13:30,3269.000000,1,7.790000,0.2400,9.913333,2.505000,-32.280000
503,Entry short,2025-01-11 12:45,3276.790000,1,7.790000,0.2400,9.913333,2.505000,-32.280000
502,Exit short,2025-01-11 13:30,3269.000000,1,6.000000,0.1800,9.913333,2.505000,-40.070000
502,Entry short,2025-01-11 12:30,3275.000000,1,6.000000,0.1800,9.913333,2.505000,-40.070000
501,Exit long,2025-01-11 01:30,3248.540000,1,-15.870000,-0.4900,4.066667,15.643333,-46.070000
501,Entry long,2025-01-11 01:00,3264.410000,1,-15.870000,-0.4900,4.066667,15.643333,-46.070000
500,Exit long,2025-01-11 01:30,3248.540000,1,-10.680000,-0.3300,4.066667,15.643333,-30.200000
500,Entry long,2025-01-11 00:45,3259.220000,1,-10.680000,-0.3300,4.066667,15.643333,-30.200000
499,Exit long,2025-01-11 01:30,3248.540000,1,-15.340000,-0.4700,4.066667,15.643333,-19.520000
499,Entry long,2025-01-11 00:30,3263.880000,1,-15.340000,-0.4700,4.066667,15.643333,-19.520000
498,Exit short,2025-01-10 13:30,3300.010000,1,9.330000,0.2800,0.660000,16.330000,-4.180000
498,Entry short,2025-01-10 13:00,3309.340000,1,9.330000,0.2800,0.660000,16.330000,-4.180000
497,Exit short,2025-01-10 13:30,3300.010000,1,-4.670000,-0.1400,0.660000,16.330000,-13.510000
497,Entry short,2025-01-10 12:45,3295.340000,1,-4.670000,-0.1400,0.660000,16.330000,-13.510000
496,Exit short,2025-01-10 13:30,3300.010000,1,-5.800000,-0.1800,3.630000,16.330000,-8.840000
496,Entry short,2025-01-10 12:30,3294.210000,1,-5.800000,-0.1800,3.630000,16.330000,-8.840000
495,Exit long,2025-01-10 01:30,3222.030000,1,0.280000,0.0100,9.060000,8.530000,-3.040000
495,Entry long,2025-01-10 01:00,3221.750000,1,0.280000,0.0100,9.060000,8.530000,-3.040000
494,Exit long,2025-01-10 01:30,3222.030000,1,-1.470000,-0.0500,9.150000,8.530000,-3.320000
494,Entry long,2025-01-10 00:45,3223.500000,1,-1.470000,-0.0500,9.150000,8.530000,-3.320000
493,Exit long,2025-01-10 01:30,3222.030000,1,3.830000,0.1200,9.160000,8.530000,-1.850000
493,Entry long,2025-01-10 00:30,3218.200000,1,3.830000,0.1200,9.160000,8.530000,-1.850000
492,Exit short,2025-01-09 13:30,3286.180000,1,8.720000,0.2600,21.166667,2.353333,-5.680000
492,Entry short,2025-01-09 13:00,3294.900000,1,8.720000,0.2600,21.166667,2.353333,-5.680000
491,Exit short,2025-01-09 13:30,3286.180000,1,0.730000,0.0200,21.166667,2.353333,-14.400000
491,Entry short,2025-01-09 12:45,3286.910000,1,0.730000,0.0200,21.166667,2.353333,-14.400000
490,Exit short,2025-01-09 13:30,3286.180000,1,18.230000,0.5500,21.166667,3.660000,-15.130000
490,Entry short,2025-01-09 12:30,3304.410000,1,18.230000,0.5500,21.166667,3.660000,-15.130000
489,Exit long,2025-01-09 01:30,3351.350000,1,10.660000,0.3200,25.956667,-0.000000,-33.360000
489,Entry long,2025-01-09 01:00,3340.690000,1,10.660000,0.3200,25.956667,-0.000000,-33.360000
488,Exit long,2025-01-09 01:30,3351.350000,1,26.580000,0.8000,25.956667,-0.000000,-44.020000
488,Entry long,2025-01-09 00:45,3324.770000,1,26.580000,0.8000,25.956667,-0.000000,-44.020000
487,Exit long,2025-01-09 01:30,3351.350000,1,29.410000,0.8900,25.956667,5.430000,-70.600000
487,Entry long,2025-01-09 00:30,3321.940000,1,29.410000,0.8900,25.956667,5.430000,-70.600000
486,Exit short,2025-01-08 13:30,3360.500000,1,-21.920000,-0.6600,7.833333,20.106667,-100.010000
486,Entry short,2025-01-08 13:00,3338.580000,1,-21.920000,-0.6600,7.833333,20.106667,-100.010000
485,Exit short,2025-01-08 13:30,3360.500000,1,-11.160000,-0.3300,13.230000,20.106667,-78.090000
485,Entry short,2025-01-08 12:45,3349.340000,1,-11.160000,-0.3300,13.230000,20.106667,-78.090000
484,Exit short,2025-01-08 13:30,3360.500000,1,-9.180000,-0.2700,13.230000,20.106667,-66.930000
484,Entry short,2025-01-08 12:30,3351.320000,1,-9.180000,-0.2700,13.230000,20.106667,-66.930000
483,Exit long,2025-01-08 01:30,3392.570000,1,-17.620000,-0.5200,2.943333,16.906667,-57.750000
483,Entry long,2025-01-08 01:00,3410.190000,1,-17.620000,-0.5200,2.943333,16.906667,-57.750000
482,Exit long,2025-01-08 01:30,3392.570000,1,-18.700000,-0.5500,7.760000,16.906667,-40.130000
482,Entry long,2025-01-08 00:45,3411.270000,1,-18.700000,-0.5500,7.760000,16.906667,-40.130000
481,Exit long,2025-01-08 01:30,3392.570000,1,-7.740000,-0.2300,12.180000,16.906667,-21.430000
481,Entry long,2025-01-08 00:30,3400.310000,1,-7.740000,-0.2300,12.180000,16.906667,-21.430000
480,Exit short,2025-01-07 13:30,3644.010000,1,-11.320000,-0.3100,0.770000,13.880000,-13.690000
480,Entry short,2025-01-07 13:00,3632.690000,1,-11.320000,-0.3100,0.770000,13.880000,-13.690000
479,Exit short,2025-01-07 13:30,3644.010000,1,-10.270000,-0.2800,0.770000,13.880000,-2.370000
479,Entry short,2025-01-07 12:45,3633.740000,1,-10.270000,-0.2800,0.770000,13.880000,-2.370000
478,Exit short,2025-01-07 13:30,3644.010000,1,-17.380000,-0.4800,0.770000,13.880000,7.900000
478,Entry short,2025-01-07 12:30,3626.630000,1,-17.380000,-0.4800,0.770000,13.880000,7.900000
477,Exit long,2025-01-07 01:30,3678.340000,1,4.330000,0.1200,4.716667,18.083333,25.280000
477,Entry long,2025-01-07 01:00,3674.010000,1,4.330000,0.1200,4.716667,18.083333,25.280000
476,Exit long,2025-01-07 01:30,3678.340000,1,-1.110000,-0.0300,4.716667,18.083333,20.950000
476,Entry long,2025-01-07 00:45,3679.450000,1,-1.110000,-0.0300,4.716667,18.083333,20.950000
475,Exit long,2025-01-07 01:30,3678.340000,1,-8.360000,-0.2300,6.600000,18.083333,22.060000
475,Entry long,2025-01-07 00:30,3686.700000,1,-8.360000,-0.2300,6.600000,18.083333,22.060000
474,Exit short,2025-01-06 13:30,3645.410000,1,-3.720000,-0.1000,28.630000,-0.000000,30.420000
474,Entry short,2025-01-06 13:00,3641.690000,1,-3.720000,-0.1000,28.630000,-0.000000,30.420000
473,Exit short,2025-01-06 13:30,3645.410000,1,11.050000,0.3000,28.630000,0.230000,34.140000
473,Entry short,2025-01-06 12:45,3656.460000,1,11.050000,0.3000,28.630000,0.230000,34.140000
472,Exit short,2025-01-06 13:30,3645.410000,1,11.330000,0.3100,28.630000,0.590000,23.090000
472,Entry short,2025-01-06 12:30,3656.740000,1,11.330000,0.3100,28.630000,0.590000,23.090000
471,Exit long,2025-01-06 01:30,3622.100000,1,1.530000,0.0400,0.000000,22.586667,11.760000
471,Entry long,2025-01-06 01:00,3620.570000,1,1.530000,0.0400,0.000000,22.586667,11.760000
470,Exit long,2025-01-06 01:30,3622.100000,1,-11.060000,-0.3000,0.000000,22.586667,10.230000
470,Entry long,2025-01-06 00:45,3633.160000,1,-11.060000,-0.3000,0.000000,22.586667,10.230000
469,Exit long,2025-01-06 01:30,3622.100000,1,-18.930000,-0.5200,4.740000,22.586667,21.290000
469,Entry long,2025-01-06 00:30,3641.030000,1,-18.930000,-0.5200,4.740000,22.586667,21.290000
468,Exit short,2025-01-05 13:30,3621.620000,1,-8.470000,-0.2300,2.336667,8.003333,40.220000
468,Entry short,2025-01-05 13:00,3613.150000,1,-8.470000,-0.2300,2.336667,8.003333,40.220000
467,Exit short,2025-01-05 13:30,3621.620000,1,-5.120000,-0.1400,2.520000,8.003333,48.690000
467,Entry short,2025-01-05 12:45,3616.500000,1,-5.120000,-0.1400,2.520000,8.003333,48.690000
466,Exit short,2025-01-05 13:30,3621.620000,1,-7.900000,-0.2200,3.600000,8.003333,53.810000
466,Entry short,2025-01-05 12:30,3613.720000,1,-7.900000,-0.2200,3.600000,8.003333,53.810000
465,Exit long,2025-01-05 01:30,3642.450000,1,-6.310000,-0.1700,0.000000,14.353333,61.710000
465,Entry long,2025-01-05 01:00,3648.760000,1,-6.310000,-0.1700,0.000000,14.353333,61.710000
464,Exit long,2025-01-05 01:30,3642.450000,1,-11.720000,-0.3200,0.000000,14.353333,68.020000
464,Entry long,2025-01-05 00:45,3654.170000,1,-11.720000,-0.3200,0.000000,14.353333,68.020000
463,Exit long,2025-01-05 01:30,3642.450000,1,-17.710000,-0.4800,5.840000,14.353333,79.740000
463,Entry long,2025-01-05 00:30,3660.160000,1,-17.710000,-0.4800,5.840000,14.353333,79.740000
462,Exit short,2025-01-04 13:30,3637.030000,1,-2.570000,-0.0700,5.996667,16.763333,97.450000
462,Entry short,2025-01-04 13:00,3634.460000,1,-2.570000,-0.0700,5.996667,16.763333,97.450000
461,Exit short,2025-01-04 13:30,3637.030000,1,-10.050000,-0.2800,9.830000,16.763333,100.020000
461,Entry short,2025-01-04 12:45,3626.980000,1,-10.050000,-0.2800,9.830000,16.763333,100.020000
460,Exit short,2025-01-04 13:30,3637.030000,1,-1.790000,-0.0500,9.830000,16.763333,110.070000
460,Entry short,2025-01-04 12:30,3635.240000,1,-1.790000,-0.0500,9.830000,16.763333,110.070000
459,Exit long,2025-01-04 01:30,3593.200000,1,-8.780000,-0.2400,0.000000,26.653333,111.860000
459,Entry long,2025-01-04 01:00,3601.980000,1,-8.780000,-0.2400,0.000000,26.653333,111.860000
458,Exit long,2025-01-04 01:30,3593.200000,1,-13.320000,-0.3700,0.000000,26.653333,120.640000
458,Entry long,2025-01-04 00:45,3606.520000,1,-13.320000,-0.3700,0.000000,26.653333,120.640000
457,Exit long,2025-01-04 01:30,3593.200000,1,-22.580000,-0.6200,0.010000,26.653333,133.960000
457,Entry long,2025-01-04 00:30,3615.780000,1,-22.580000,-0.6200,0.010000,26.653333,133.960000
456,Exit short,2025-01-03 13:30,3485.000000,1,-22.550000,-0.6500,4.343333,30.376667,156.540000
456,Entry short,2025-01-03 13:00,3462.450000,1,-22.550000,-0.6500,4.343333,30.376667,156.540000
455,Exit short,2025-01-03 13:30,3485.000000,1,-20.380000,-0.5900,7.050000,30.376667,179.090000
455,Entry short,2025-01-03 12:45,3464.620000,1,-20.380000,-0.5900,7.050000,30.376667,179.090000
454,Exit short,2025-01-03 13:30,3485.000000,1,-12.980000,-0.3700,8.080000,30.376667,199.470000
454,Entry short,2025-01-03 12:30,3472.020000,1,-12.980000,-0.3700,8.080000,30.376667,199.470000
453,Exit long,2025-01-03 01:30,3458.250000,1,9.460000,0.2700,3.633333,12.516667,212.450000
453,Entry long,2025-01-03 01:00,3448.790000,1,9.460000,0.2700,3.633333,12.516667,212.450000
452,Exit long,2025-01-03 01:30,3458.250000,1,5.120000,0.1500,3.633333,12.516667,202.990000
452,Entry long,2025-01-03 00:45,3453.130000,1,5.120000,0.1500,3.633333,12.516667,202.990000
451,Exit long,2025-01-03 01:30,3458.250000,1,-3.680000,-0.1100,4.310000,12.516667,197.870000
451,Entry long,2025-01-03 00:30,3461.930000,1,-3.680000,-0.1100,4.310000,12.516667,197.870000
450,Exit short,2025-01-02 13:30,3467.660000,1,12.320000,0.3500,15.696667,9.933333,201.550000
450,Entry short,2025-01-02 13:00,3479.980000,1,12.320000,0.3500,15.696667,9.933333,201.550000
449,Exit short,2025-01-02 13:30,3467.660000,1,5.020000,0.1400,15.696667,9.933333,189.230000
449,Entry short,2025-01-02 12:45,3472.680000,1,5.020000,0.1400,15.696667,9.933333,189.230000
448,Exit short,2025-01-02 13:30,3467.660000,1,3.500000,0.1000,15.696667,9.933333,184.210000
448,Entry short,2025-01-02 12:30,3471.160000,1,3.500000,0.1000,15.696667,9.933333,184.210000
447,Exit long,2025-01-02 01:30,3391.630000,1,2.520000,0.0700,17.270000,-0.000000,180.710000
447,Entry long,2025-01-02 01:00,3389.110000,1,2.520000,0.0700,17.270000,-0.000000,180.710000
446,Exit long,2025-01-02 01:30,3391.630000,1,1.470000,0.0400,17.270000,3.000000,178.190000
446,Entry long,2025-01-02 00:45,3390.160000,1,1.470000,0.0400,17.270000,3.000000,178.190000
445,Exit long,2025-01-02 01:30,3391.630000,1,7.710000,0.2300,17.270000,9.430000,176.720000
445,Entry long,2025-01-02 00:30,3383.920000,1,7.710000,0.2300,17.270000,9.430000,176.720000
444,Exit short,2025-01-01 13:30,3335.030000,1,10.970000,0.3300,16.356667,5.443333,169.010000
444,Entry short,2025-01-01 13:00,3346.000000,1,10.970000,0.3300,16.356667,5.443333,169.010000
443,Exit short,2025-01-01 13:30,3335.030000,1,11.560000,0.3500,16.356667,5.443333,158.040000
443,Entry short,2025-01-01 12:45,3346.590000,1,11.560000,0.3500,16.356667,5.443333,158.040000
442,Exit short,2025-01-01 13:30,3335.030000,1,14.390000,0.4300,16.356667,5.443333,146.480000
442,Entry short,2025-01-01 12:30,3349.420000,1,14.390000,0.4300,16.356667,5.443333,146.480000
441,Exit long,2025-01-01 01:30,3351.790000,1,-11.100000,-0.3300,9.693333,5.576667,132.090000
441,Entry long,2025-01-01 01:00,3362.890000,1,-11.100000,-0.3300,9.693333,5.576667,132.090000
440,Exit long,2025-01-01 01:30,3351.790000,1,-3.570000,-0.1100,12.505000,5.576667,143.190000
440,Entry long,2025-01-01 00:45,3355.360000,1,-3.570000,-0.1100,12.505000,5.576667,143.190000
439,Exit long,2025-01-01 01:30,3351.790000,1,3.160000,0.0900,12.505000,5.576667,146.760000
439,Entry long,2025-01-01 00:30,3348.630000,1,3.160000,0.0900,12.505000,5.576667,146.760000
438,Exit short,2024-12-31 13:30,3428.160000,1,-35.760000,-1.0500,7.726667,33.793333,143.600000
438,Entry short,2024-12-31 13:00,3392.400000,1,-35.760000,-1.0500,7.726667,33.793333,143.600000
437,Exit short,2024-12-31 13:30,3428.160000,1,-27.880000,-0.8200,11.745000,33.793333,179.360000
437,Entry short,2024-12-31 12:45,3400.280000,1,-27.880000,-0.8200,11.745000,33.793333,179.360000
436,Exit short,2024-12-31 13:30,3428.160000,1,-21.030000,-0.6200,11.745000,33.793333,207.240000
436,Entry short,2024-12-31 12:30,3407.130000,1,-21.030000,-0.6200,11.745000,33.793333,207.240000
435,Exit long,2024-12-31 01:30,3326.670000,1,-0.630000,-0.0200,0.000000,30.380000,228.270000
435,Entry long,2024-12-31 01:00,3327.300000,1,-0.630000,-0.0200,0.000000,30.380000,228.270000
434,Exit long,2024-12-31 01:30,3326.670000,1,-25.110000,-0.7500,5.460000,30.380000,228.900000
434,Entry long,2024-12-31 00:45,3351.780000,1,-25.110000,-0.7500,5.460000,30.380000,228.900000
433,Exit long,2024-12-31 01:30,3326.670000,1,-27.270000,-0.8100,5.460000,30.380000,254.010000
433,Entry long,2024-12-31 00:30,3353.940000,1,-27.270000,-0.8100,5.460000,30.380000,254.010000
432,Exit short,2024-12-30 13:30,3365.310000,1,42.680000,1.2500,49.870000,-0.000000,281.280000
432,Entry short,2024-12-30 13:00,3407.990000,1,42.680000,1.2500,49.870000,-0.000000,281.280000
431,Exit short,2024-12-30 13:30,3365.310000,1,45.260000,1.3300,49.870000,-0.000000,238.600000
431,Entry short,2024-12-30 12:45,3410.570000,1,45.260000,1.3300,49.870000,-0.000000,238.600000
430,Exit short,2024-12-30 13:30,3365.310000,1,57.530000,1.6800,49.870000,3.200000,193.340000
430,Entry short,2024-12-30 12:30,3422.840000,1,57.530000,1.6800,49.870000,3.200000,193.340000
429,Exit long,2024-12-30 01:30,3428.980000,1,44.100000,1.3000,50.750000,-0.000000,135.810000
429,Entry long,2024-12-30 01:00,3384.880000,1,44.100000,1.3000,50.750000,-0.000000,135.810000
428,Exit long,2024-12-30 01:30,3428.980000,1,56.470000,1.6700,50.750000,3.835000,91.710000
428,Entry long,2024-12-30 00:45,3372.510000,1,56.470000,1.6700,50.750000,3.835000,91.710000
427,Exit long,2024-12-30 01:30,3428.980000,1,48.800000,1.4400,50.750000,12.260000,35.240000
427,Entry long,2024-12-30 00:30,3380.180000,1,48.800000,1.4400,50.750000,12.260000,35.240000
426,Exit short,2024-12-29 13:30,3392.070000,1,-1.420000,-0.0400,7.450000,5.740000,-13.560000
426,Entry short,2024-12-29 13:00,3390.650000,1,-1.420000,-0.0400,7.450000,5.740000,-13.560000
425,Exit short,2024-12-29 13:30,3392.070000,1,0.050000,0.0000,7.450000,5.740000,-12.140000
425,Entry short,2024-12-29 12:45,3392.120000,1,0.050000,0.0000,7.450000,5.740000,-12.140000
424,Exit short,2024-12-29 13:30,3392.070000,1,4.340000,0.1300,7.610000,5.740000,-12.190000
424,Entry short,2024-12-29 12:30,3396.410000,1,4.340000,0.1300,7.610000,5.740000,-12.190000
423,Exit long,2024-12-29 01:30,3383.930000,1,-8.510000,-0.2500,3.533333,14.986667,-16.530000
423,Entry long,2024-12-29 01:00,3392.440000,1,-8.510000,-0.2500,3.533333,14.986667,-16.530000
422,Exit long,2024-12-29 01:30,3383.930000,1,-7.570000,-0.2200,3.533333,14.986667,-8.020000
422,Entry long,2024-12-29 00:45,3391.500000,1,-7.570000,-0.2200,3.533333,14.986667,-8.020000
421,Exit long,2024-12-29 01:30,3383.930000,1,-8.060000,-0.2400,3.533333,14.986667,-0.450000
421,Entry long,2024-12-29 00:30,3391.990000,1,-8.060000,-0.2400,3.533333,14.986667,-0.450000
420,Exit short,2024-12-28 13:30,3361.990000,1,-10.200000,-0.3000,4.060000,14.200000,7.610000
420,Entry short,2024-12-28 13:00,3351.790000,1,-10.200000,-0.3000,4.060000,14.200000,7.610000
419,Exit short,2024-12-28 13:30,3361.990000,1,-5.490000,-0.1600,4.405000,14.200000,17.810000
419,Entry short,2024-12-28 12:45,3356.500000,1,-5.490000,-0.1600,4.405000,14.200000,17.810000
418,Exit short,2024-12-28 13:30,3361.990000,1,-9.780000,-0.2900,4.405000,14.200000,23.300000
418,Entry short,2024-12-28 12:30,3352.210000,1,-9.780000,-0.2900,4.405000,14.200000,23.300000
417,Exit long,2024-12-28 01:30,3328.790000,1,-13.980000,-0.4200,5.920000,17.560000,33.080000
417,Entry long,2024-12-28 01:00,3342.770000,1,-13.980000,-0.4200,5.920000,17.560000,33.080000
416,Exit long,2024-12-28 01:30,3328.790000,1,-8.480000,-0.2500,8.255000,17.560000,47.060000
416,Entry long,2024-12-28 00:45,3337.270000,1,-8.480000,-0.2500,8.255000,17.560000,47.060000
415,Exit long,2024-12-28 01:30,3328.790000,1,-11.410000,-0.3400,8.255000,17.560000,55.540000
415,Entry long,2024-12-28 00:30,3340.200000,1,-11.410000,-0.3400,8.255000,17.560000,55.540000
414,Exit short,2024-12-27 13:30,3397.640000,1,15.120000,0.4400,22.286667,1.163333,66.950000
414,Entry short,2024-12-27 13:00,3412.760000,1,15.120000,0.4400,22.286667,1.163333,66.950000
413,Exit short,2024-12-27 13:30,3397.640000,1,16.470000,0.4800,22.286667,1.600000,51.830000
413,Entry short,2024-12-27 12:45,3414.110000,1,16.470000,0.4800,22.286667,1.600000,51.830000
412,Exit short,2024-12-27 13:30,3397.640000,1,15.050000,0.4400,22.286667,7.710000,35.360000
412,Entry short,2024-12-27 12:30,3412.690000,1,15.050000,0.4400,22.286667,7.710000,35.360000
411,Exit long,2024-12-27 01:30,3348.830000,1,2.880000,0.0900,17.770000,-0.000000,20.310000
411,Entry long,2024-12-27 01:00,3345.950000,1,2.880000,0.0900,17.770000,-0.000000,20.310000
410,Exit long,2024-12-27 01:30,3348.830000,1,12.330000,0.3700,17.770000,2.305000,17.430000
410,Entry long,2024-12-27 00:45,3336.500000,1,12.330000,0.3700,17.770000,2.305000,17.430000
409,Exit long,2024-12-27 01:30,3348.830000,1,13.620000,0.4100,17.770000,13.940000,5.100000
409,Entry long,2024-12-27 00:30,3335.210000,1,13.620000,0.4100,17.770000,13.940000,5.100000
408,Exit short,2024-12-26 13:30,3349.490000,1,6.830000,0.2000,20.490000,1.720000,-8.520000
408,Entry short,2024-12-26 13:00,3356.320000,1,6.830000,0.2000,20.490000,1.720000,-8.520000
407,Exit short,2024-12-26 13:30,3349.490000,1,10.870000,0.3200,20.490000,4.150000,-15.350000
407,Entry short,2024-12-26 12:45,3360.360000,1,10.870000,0.3200,20.490000,4.150000,-15.350000
406,Exit short,2024-12-26 13:30,3349.490000,1,16.830000,0.5000,20.490000,4.150000,-26.220000
406,Entry short,2024-12-26 12:30,3366.320000,1,16.830000,0.5000,20.490000,4.150000,-26.220000
405,Exit long,2024-12-26 01:30,3471.600000,1,-9.580000,-0.2800,3.436667,20.383333,-43.050000
405,Entry long,2024-12-26 01:00,3481.180000,1,-9.580000,-0.2800,3.436667,20.383333,-43.050000
404,Exit long,2024-12-26 01:30,3471.600000,1,-15.000000,-0.4300,5.925000,20.383333,-33.470000
404,Entry long,2024-12-26 00:45,3486.600000,1,-15.000000,-0.4300,5.925000,20.383333,-33.470000
403,Exit long,2024-12-26 01:30,3471.600000,1,-16.770000,-0.4800,5.925000,20.383333,-18.470000
403,Entry long,2024-12-26 00:30,3488.370000,1,-16.770000,-0.4800,5.925000,20.383333,-18.470000
402,Exit short,2024-12-25 13:30,3484.250000,1,-7.840000,-0.2300,6.870000,8.810000,-1.700000
402,Entry short,2024-12-25 13:00,3476.410000,1,-7.840000,-0.2300,6.870000,8.810000,-1.700000
401,Exit short,2024-12-25 13:30,3484.250000,1,2.770000,0.0800,13.295000,8.810000,6.140000
401,Entry short,2024-12-25 12:45,3487.020000,1,2.770000,0.0800,13.295000,8.810000,6.140000
400,Exit short,2024-12-25 13:30,3484.250000,1,-5.220000,-0.1500,13.295000,9.440000,3.370000
400,Entry short,2024-12-25 12:30,3479.030000,1,-5.220000,-0.1500,13.295000,9.440000,3.370000
399,Exit long,2024-12-25 01:30,3475.300000,1,-6.250000,-0.1800,5.900000,10.730000,8.590000
399,Entry long,2024-12-25 01:00,3481.550000,1,-6.250000,-0.1800,5.900000,10.730000,8.590000
398,Exit long,2024-12-25 01:30,3475.300000,1,-14.900000,-0.4300,9.340000,10.730000,14.840000
398,Entry long,2024-12-25 00:45,3490.200000,1,-14.900000,-0.4300,9.340000,10.730000,14.840000
397,Exit long,2024-12-25 01:30,3475.300000,1,-5.820000,-0.1700,10.540000,10.730000,29.740000
397,Entry long,2024-12-25 00:30,3481.120000,1,-5.820000,-0.1700,10.540000,10.730000,29.740000
396,Exit short,2024-12-24 13:30,3424.340000,1,-19.240000,-0.5700,0.220000,30.970000,35.560000
396,Entry short,2024-12-24 13:00,3405.100000,1,-19.240000,-0.5700,0.220000,30.970000,35.560000
395,Exit short,2024-12-24 13:30,3424.340000,1,-28.650000,-0.8400,2.480000,30.970000,54.800000
395,Entry short,2024-12-24 12:45,3395.690000,1,-28.650000,-0.8400,2.480000,30.970000,54.800000
394,Exit short,2024-12-24 13:30,3424.340000,1,-23.690000,-0.7000,7.550000,30.970000,83.450000
394,Entry short,2024-12-24 12:30,3400.650000,1,-23.690000,-0.7000,7.550000,30.970000,83.450000
393,Exit long,2024-12-24 01:30,3407.300000,1,-10.240000,-0.3000,10.586667,7.293333,107.140000
393,Entry long,2024-12-24 01:00,3417.540000,1,-10.240000,-0.3000,10.586667,7.293333,107.140000
392,Exit long,2024-12-24 01:30,3407.300000,1,-5.950000,-0.1700,18.595000,7.293333,117.380000
392,Entry long,2024-12-24 00:45,3413.250000,1,-5.950000,-0.1700,18.595000,7.293333,117.380000
391,Exit long,2024-12-24 01:30,3407.300000,1,6.400000,0.1900,18.595000,7.293333,123.330000
391,Entry long,2024-12-24 00:30,3400.900000,1,6.400000,0.1900,18.595000,7.293333,123.330000
390,Exit short,2024-12-23 13:30,3339.420000,1,7.680000,0.2300,15.626667,3.753333,116.930000
390,Entry short,2024-12-23 13:00,3347.100000,1,7.680000,0.2300,15.626667,3.753333,116.930000
389,Exit short,2024-12-23 13:30,3339.420000,1,8.580000,0.2600,15.626667,11.835000,109.250000
389,Entry short,2024-12-23 12:45,3348.000000,1,8.580000,0.2600,15.626667,11.835000,109.250000
388,Exit short,2024-12-23 13:30,3339.420000,1,8.870000,0.2600,15.626667,11.835000,100.670000
388,Entry short,2024-12-23 12:30,3348.290000,1,8.870000,0.2600,15.626667,11.835000,100.670000
387,Exit long,2024-12-23 01:30,3251.260000,1,-2.740000,-0.0800,3.686667,44.063333,91.800000
387,Entry long,2024-12-23 01:00,3254.000000,1,-2.740000,-0.0800,3.686667,44.063333,91.800000
386,Exit long,2024-12-23 01:30,3251.260000,1,-8.280000,-0.2500,6.450000,44.063333,94.540000
386,Entry long,2024-12-23 00:45,3259.540000,1,-8.280000,-0.2500,6.450000,44.063333,94.540000
385,Exit long,2024-12-23 01:30,3251.260000,1,-11.820000,-0.3600,6.450000,44.063333,102.820000
385,Entry long,2024-12-23 00:30,3263.080000,1,-11.820000,-0.3600,6.450000,44.063333,102.820000
384,Exit short,2024-12-22 13:30,3382.360000,1,-8.670000,-0.2600,23.286667,3.033333,114.640000
384,Entry short,2024-12-22 13:00,3373.690000,1,-8.670000,-0.2600,23.286667,3.033333,114.640000
383,Exit short,2024-12-22 13:30,3382.360000,1,6.560000,0.1900,23.286667,3.575000,123.310000
383,Entry short,2024-12-22 12:45,3388.920000,1,6.560000,0.1900,23.286667,3.575000,123.310000
382,Exit short,2024-12-22 13:30,3382.360000,1,3.930000,0.1200,23.286667,10.290000,116.750000
382,Entry short,2024-12-22 12:30,3386.290000,1,3.930000,0.1200,23.286667,10.290000,116.750000
381,Exit long,2024-12-22 01:30,3364.000000,1,3.070000,0.0900,15.416667,4.403333,112.820000
381,Entry long,2024-12-22 01:00,3360.930000,1,3.070000,0.0900,15.416667,4.403333,112.820000
380,Exit long,2024-12-22 01:30,3364.000000,1,0.630000,0.0200,15.416667,4.403333,109.750000
380,Entry long,2024-12-22 00:45,3363.370000,1,0.630000,0.0200,15.416667,4.403333,109.750000
379,Exit long,2024-12-22 01:30,3364.000000,1,14.140000,0.4200,17.140000,6.180000,109.120000
379,Entry long,2024-12-22 00:30,3349.860000,1,14.140000,0.4200,17.140000,6.180000,109.120000
378,Exit short,2024-12-21 13:30,3361.790000,1,40.250000,1.1800,50.723333,15.756667,94.980000
378,Entry short,2024-12-21 13:00,3402.040000,1,40.250000,1.1800,50.723333,15.756667,94.980000
377,Exit short,2024-12-21 13:30,3361.790000,1,42.050000,1.2400,50.723333,15.756667,54.730000
377,Entry short,2024-12-21 12:45,3403.840000,1,42.050000,1.2400,50.723333,15.756667,54.730000
376,Exit short,2024-12-21 13:30,3361.790000,1,49.500000,1.4500,50.723333,15.756667,12.680000
376,Entry short,2024-12-21 12:30,3411.290000,1,49.500000,1.4500,50.723333,15.756667,12.680000
375,Exit long,2024-12-21 01:30,3471.240000,1,15.080000,0.4400,27.716667,1.183333,-36.820000
375,Entry long,2024-12-21 01:00,3456.160000,1,15.080000,0.4400,27.716667,1.183333,-36.820000
374,Exit long,2024-12-21 01:30,3471.240000,1,14.630000,0.4200,27.716667,1.875000,-51.900000
374,Entry long,2024-12-21 00:45,3456.610000,1,14.630000,0.4200,27.716667,1.875000,-51.900000
373,Exit long,2024-12-21 01:30,3471.240000,1,19.300000,0.5600,27.716667,4.410000,-66.530000
373,Entry long,2024-12-21 00:30,3451.940000,1,19.300000,0.5600,27.716667,4.410000,-66.530000
372,Exit short,2024-12-20 13:30,3216.410000,1,18.670000,0.5800,24.760000,25.150000,-85.830000
372,Entry short,2024-12-20 13:00,3235.080000,1,18.670000,0.5800,24.760000,25.150000,-85.830000
371,Exit short,2024-12-20 13:30,3216.410000,1,20.750000,0.6400,24.760000,26.350000,-104.500000
371,Entry short,2024-12-20 12:45,3237.160000,1,20.750000,0.6400,24.760000,26.350000,-104.500000
370,Exit short,2024-12-20 13:30,3216.410000,1,2.370000,0.0700,24.760000,27.220000,-125.250000
370,Entry short,2024-12-20 12:30,3218.780000,1,2.370000,0.0700,24.760000,27.220000,-125.250000
369,Exit long,2024-12-20 01:30,3411.800000,1,0.900000,0.0300,14.193333,26.856667,-127.620000
369,Entry long,2024-12-20 01:00,3410.900000,1,0.900000,0.0300,14.193333,26.856667,-127.620000
368,Exit long,2024-12-20 01:30,3411.800000,1,-23.190000,-0.6800,17.815000,26.856667,-128.520000
368,Entry long,2024-12-20 00:45,3434.990000,1,-23.190000,-0.6800,17.815000,26.856667,-128.520000
367,Exit long,2024-12-20 01:30,3411.800000,1,7.000000,0.2100,31.890000,26.856667,-105.330000
367,Entry long,2024-12-20 00:30,3404.800000,1,7.000000,0.2100,31.890000,26.856667,-105.330000
366,Exit short,2024-12-19 13:30,3696.380000,1,-17.940000,-0.4900,9.896667,12.493333,-112.330000
366,Entry short,2024-12-19 13:00,3678.440000,1,-17.940000,-0.4900,9.896667,12.493333,-112.330000
365,Exit short,2024-12-19 13:30,3696.380000,1,-12.970000,-0.3500,15.925000,12.493333,-94.390000
365,Entry short,2024-12-19 12:45,3683.410000,1,-12.970000,-0.3500,15.925000,12.493333,-94.390000
364,Exit short,2024-12-19 13:30,3696.380000,1,-2.580000,-0.0700,15.925000,12.493333,-81.420000
364,Entry short,2024-12-19 12:30,3693.800000,1,-2.580000,-0.0700,15.925000,12.493333,-81.420000
363,Exit long,2024-12-19 01:30,3634.110000,1,-19.890000,-0.5400,8.180000,21.870000,-78.840000
363,Entry long,2024-12-19 01:00,3654.000000,1,-19.890000,-0.5400,8.180000,21.870000,-78.840000
362,Exit long,2024-12-19 01:30,3634.110000,1,0.990000,0.0300,9.070000,21.870000,-58.950000
362,Entry long,2024-12-19 00:45,3633.120000,1,0.990000,0.0300,9.070000,21.870000,-58.950000
361,Exit long,2024-12-19 01:30,3634.110000,1,-24.030000,-0.6600,9.070000,27.080000,-59.940000
361,Entry long,2024-12-19 00:30,3658.140000,1,-24.030000,-0.6600,9.070000,27.080000,-59.940000
360,Exit short,2024-12-18 13:30,3872.660000,1,-13.180000,-0.3400,11.723333,9.956667,-35.910000
360,Entry short,2024-12-18 13:00,3859.480000,1,-13.180000,-0.3400,11.723333,9.956667,-35.910000
359,Exit short,2024-12-18 13:30,3872.660000,1,-9.360000,-0.2400,15.750000,9.956667,-22.730000
359,Entry short,2024-12-18 12:45,3863.300000,1,-9.360000,-0.2400,15.750000,9.956667,-22.730000
358,Exit short,2024-12-18 13:30,3872.660000,1,-4.240000,-0.1100,15.750000,9.956667,-13.370000
358,Entry short,2024-12-18 12:30,3868.420000,1,-4.240000,-0.1100,15.750000,9.956667,-13.370000
357,Exit long,2024-12-18 01:30,3883.110000,1,0.890000,0.0200,18.873333,-0.000000,-9.130000
357,Entry long,2024-12-18 01:00,3882.220000,1,0.890000,0.0200,18.873333,-0.000000,-9.130000
356,Exit long,2024-12-18 01:30,3883.110000,1,9.350000,0.2400,18.873333,8.555000,-10.020000
356,Entry long,2024-12-18 00:45,3873.760000,1,9.350000,0.2400,18.873333,8.555000,-10.020000
355,Exit long,2024-12-18 01:30,3883.110000,1,5.760000,0.1500,18.873333,22.350000,-19.370000
355,Entry long,2024-12-18 00:30,3877.350000,1,5.760000,0.1500,18.873333,22.350000,-19.370000
354,Exit short,2024-12-17 13:30,4008.370000,1,-7.390000,-0.1800,11.490000,7.820000,-25.130000
354,Entry short,2024-12-17 13:00,4000.980000,1,-7.390000,-0.1800,11.490000,7.820000,-25.130000
353,Exit short,2024-12-17 13:30,4008.370000,1,-0.360000,-0.0100,11.490000,7.820000,-17.740000
353,Entry short,2024-12-17 12:45,4008.010000,1,-0.360000,-0.0100,11.490000,7.820000,-17.740000
352,Exit short,2024-12-17 13:30,4008.370000,1,-4.580000,-0.1100,11.490000,8.480000,-17.380000
352,Entry short,2024-12-17 12:30,4003.790000,1,-4.580000,-0.1100,11.490000,8.480000,-17.380000
351,Exit long,2024-12-17 01:30,3982.750000,1,25.560000,0.6500,20.276667,20.723333,-12.800000
351,Entry long,2024-12-17 01:00,3957.190000,1,25.560000,0.6500,20.276667,20.723333,-12.800000
350,Exit long,2024-12-17 01:30,3982.750000,1,20.210000,0.5100,20.276667,20.723333,-38.360000
350,Entry long,2024-12-17 00:45,3962.540000,1,20.210000,0.5100,20.276667,20.723333,-38.360000
349,Exit long,2024-12-17 01:30,3982.750000,1,14.310000,0.3600,20.276667,20.723333,-58.570000
349,Entry long,2024-12-17 00:30,3968.440000,1,14.310000,0.3600,20.276667,20.723333,-58.570000
348,Exit short,2024-12-16 13:30,3908.690000,1,-14.920000,-0.3800,23.210000,8.020000,-72.880000
348,Entry short,2024-12-16 13:00,3893.770000,1,-14.920000,-0.3800,23.210000,8.020000,-72.880000
347,Exit short,2024-12-16 13:30,3908.690000,1,-4.780000,-0.1200,26.330000,8.020000,-57.960000
347,Entry short,2024-12-16 12:45,3903.910000,1,-4.780000,-0.1200,26.330000,8.020000,-57.960000
346,Exit short,2024-12-16 13:30,3908.690000,1,9.920000,0.2500,26.330000,8.020000,-53.180000
346,Entry short,2024-12-16 12:30,3918.610000,1,9.920000,0.2500,26.330000,8.020000,-53.180000
345,Exit long,2024-12-16 01:30,4004.610000,1,5.130000,0.1300,37.406667,-0.000000,-63.100000
345,Entry long,2024-12-16 01:00,3999.480000,1,5.130000,0.1300,37.406667,-0.000000,-63.100000
344,Exit long,2024-12-16 01:30,4004.610000,1,14.960000,0.3700,37.406667,-0.000000,-68.230000
344,Entry long,2024-12-16 00:45,3989.650000,1,14.960000,0.3700,37.406667,-0.000000,-68.230000
343,Exit long,2024-12-16 01:30,4004.610000,1,31.380000,0.7900,37.406667,0.010000,-83.190000
343,Entry long,2024-12-16 00:30,3973.230000,1,31.380000,0.7900,37.406667,0.010000,-83.190000
342,Exit short,2024-12-15 13:30,3886.570000,1,-3.580000,-0.0900,9.820000,8.590000,-114.570000
342,Entry short,2024-12-15 13:00,3882.990000,1,-3.580000,-0.0900,9.820000,8.590000,-114.570000
341,Exit short,2024-12-15 13:30,3886.570000,1,2.720000,0.0700,9.820000,12.055000,-110.990000
341,Entry short,2024-12-15 12:45,3889.290000,1,2.720000,0.0700,9.820000,12.055000,-110.990000
340,Exit short,2024-12-15 13:30,3886.570000,1,-16.390000,-0.4200,9.820000,19.740000,-113.710000
340,Entry short,2024-12-15 12:30,3870.180000,1,-16.390000,-0.4200,9.820000,19.740000,-113.710000
339,Exit long,2024-12-15 01:30,3875.580000,1,12.590000,0.3300,18.533333,1.896667,-97.320000
339,Entry long,2024-12-15 01:00,3862.990000,1,12.590000,0.3300,18.533333,1.896667,-97.320000
338,Exit long,2024-12-15 01:30,3875.580000,1,16.140000,0.4200,18.533333,9.785000,-109.910000
338,Entry long,2024-12-15 00:45,3859.440000,1,16.140000,0.4200,18.533333,9.785000,-109.910000
337,Exit long,2024-12-15 01:30,3875.580000,1,5.450000,0.1400,18.533333,15.330000,-126.050000
337,Entry long,2024-12-15 00:30,3870.130000,1,5.450000,0.1400,18.533333,15.330000,-126.050000
336,Exit short,2024-12-14 13:30,3859.400000,1,8.410000,0.2200,30.913333,-0.000000,-131.500000
336,Entry short,2024-12-14 13:00,3867.810000,1,8.410000,0.2200,30.913333,-0.000000,-131.500000
335,Exit short,2024-12-14 13:30,3859.400000,1,17.510000,0.4500,30.913333,0.385000,-139.910000
335,Entry short,2024-12-14 12:45,3876.910000,1,17.510000,0.4500,30.913333,0.385000,-139.910000
334,Exit short,2024-12-14 13:30,3859.400000,1,24.160000,0.6200,30.913333,0.440000,-157.420000
334,Entry short,2024-12-14 12:30,3883.560000,1,24.160000,0.6200,30.913333,0.440000,-157.420000
333,Exit long,2024-12-14 01:30,3937.010000,1,32.500000,0.8300,32.076667,8.593333,-181.580000
333,Entry long,2024-12-14 01:00,3904.510000,1,32.500000,0.8300,32.076667,8.593333,-181.580000
332,Exit long,2024-12-14 01:30,3937.010000,1,25.000000,0.6400,32.076667,23.055000,-214.080000
332,Entry long,2024-12-14 00:45,3912.010000,1,25.000000,0.6400,32.076667,23.055000,-214.080000
331,Exit long,2024-12-14 01:30,3937.010000,1,14.790000,0.3800,32.076667,23.055000,-239.080000
331,Entry long,2024-12-14 00:30,3922.220000,1,14.790000,0.3800,32.076667,23.055000,-239.080000
330,Exit short,2024-12-13 13:30,3918.230000,1,11.210000,0.2900,10.803333,7.666667,-253.870000
330,Entry short,2024-12-13 13:00,3929.440000,1,11.210000,0.2900,10.803333,7.666667,-253.870000
329,Exit short,2024-12-13 13:30,3918.230000,1,6.290000,0.1600,10.803333,9.595000,-265.080000
329,Entry short,2024-12-13 12:45,3924.520000,1,6.290000,0.1600,10.803333,9.595000,-265.080000
328,Exit short,2024-12-13 13:30,3918.230000,1,-0.780000,-0.0200,10.803333,9.595000,-271.370000
328,Entry short,2024-12-13 12:30,3917.450000,1,-0.780000,-0.0200,10.803333,9.595000,-271.370000
327,Exit long,2024-12-13 01:30,3859.990000,1,-27.780000,-0.7100,0.000000,40.166667,-270.590000
327,Entry long,2024-12-13 01:00,3887.770000,1,-27.780000,-0.7100,0.000000,40.166667,-270.590000
326,Exit long,2024-12-13 01:30,3859.990000,1,-39.210000,-1.0100,10.775000,40.166667,-242.810000
326,Entry long,2024-12-13 00:45,3899.200000,1,-39.210000,-1.0100,10.775000,40.166667,-242.810000
325,Exit long,2024-12-13 01:30,3859.990000,1,-28.940000,-0.7400,12.910000,40.166667,-203.600000
325,Entry long,2024-12-13 00:30,3888.930000,1,-28.940000,-0.7400,12.910000,40.166667,-203.600000
324,Exit short,2024-12-12 13:30,3964.000000,1,-9.170000,-0.2300,0.000000,44.403333,-174.660000
324,Entry short,2024-12-12 13:00,3954.830000,1,-9.170000,-0.2300,0.000000,44.403333,-174.660000
323,Exit short,2024-12-12 13:30,3964.000000,1,-31.410000,-0.8000,0.000000,44.403333,-165.490000
323,Entry short,2024-12-12 12:45,3932.590000,1,-31.410000,-0.8000,0.000000,44.403333,-165.490000
322,Exit short,2024-12-12 13:30,3964.000000,1,-47.390000,-1.2100,1.850000,44.403333,-134.080000
322,Entry short,2024-12-12 12:30,3916.610000,1,-47.390000,-1.2100,1.850000,44.403333,-134.080000
321,Exit long,2024-12-12 01:30,3819.130000,1,2.130000,0.0600,4.443333,6.076667,-86.690000
321,Entry long,2024-12-12 01:00,3817.000000,1,2.130000,0.0600,4.443333,6.076667,-86.690000
320,Exit long,2024-12-12 01:30,3819.130000,1,-0.160000,-0.0000,4.443333,12.235000,-88.820000
320,Entry long,2024-12-12 00:45,3819.290000,1,-0.160000,-0.0000,4.443333,12.235000,-88.820000
319,Exit long,2024-12-12 01:30,3819.130000,1,2.750000,0.0700,12.320000,12.235000,-88.660000
319,Entry long,2024-12-12 00:30,3816.380000,1,2.750000,0.0700,12.320000,12.235000,-88.660000
318,Exit short,2024-12-11 13:30,3724.010000,1,-2.300000,-0.0600,18.490000,5.670000,-91.410000
318,Entry short,2024-12-11 13:00,3721.710000,1,-2.300000,-0.0600,18.490000,5.670000,-91.410000
317,Exit short,2024-12-11 13:30,3724.010000,1,3.390000,0.0900,18.490000,5.670000,-89.110000
317,Entry short,2024-12-11 12:45,3727.400000,1,3.390000,0.0900,18.490000,5.670000,-89.110000
316,Exit short,2024-12-11 13:30,3724.010000,1,2.510000,0.0700,18.490000,10.350000,-92.500000
316,Entry short,2024-12-11 12:30,3726.520000,1,2.510000,0.0700,18.490000,10.350000,-92.500000
315,Exit long,2024-12-11 01:30,3569.630000,1,-42.010000,-1.1600,9.730000,38.740000,-95.010000
315,Entry long,2024-12-11 01:00,3611.640000,1,-42.010000,-1.1600,9.730000,38.740000,-95.010000
314,Exit long,2024-12-11 01:30,3569.630000,1,-16.800000,-0.4700,17.305000,38.740000,-53.000000
314,Entry long,2024-12-11 00:45,3586.430000,1,-16.800000,-0.4700,17.305000,38.740000,-53.000000
313,Exit long,2024-12-11 01:30,3569.630000,1,-46.730000,-1.2900,17.305000,38.740000,-36.200000
313,Entry long,2024-12-11 00:30,3616.360000,1,-46.730000,-1.2900,17.305000,38.740000,-36.200000
312,Exit short,2024-12-10 13:30,3686.600000,1,-9.620000,-0.2600,21.300000,18.130000,10.530000
312,Entry short,2024-12-10 13:00,3676.980000,1,-9.620000,-0.2600,21.300000,18.130000,10.530000
311,Exit short,2024-12-10 13:30,3686.600000,1,7.310000,0.2000,39.205000,18.130000,20.150000
311,Entry short,2024-12-10 12:45,3693.910000,1,7.310000,0.2000,39.205000,18.130000,20.150000
310,Exit short,2024-12-10 13:30,3686.600000,1,27.120000,0.7300,39.205000,18.130000,12.840000
310,Entry short,2024-12-10 12:30,3713.720000,1,27.120000,0.7300,39.205000,18.130000,12.840000
309,Exit long,2024-12-10 01:30,3757.060000,1,-11.220000,-0.3000,14.296667,23.583333,-14.280000
309,Entry long,2024-12-10 01:00,3768.280000,1,-11.220000,-0.3000,14.296667,23.583333,-14.280000
308,Exit long,2024-12-10 01:30,3757.060000,1,-11.120000,-0.3000,23.790000,23.583333,-3.060000
308,Entry long,2024-12-10 00:45,3768.180000,1,-11.120000,-0.3000,23.790000,23.583333,-3.060000
307,Exit long,2024-12-10 01:30,3757.060000,1,10.240000,0.2700,32.080000,23.583333,8.060000
307,Entry long,2024-12-10 00:30,3746.820000,1,10.240000,0.2700,32.080000,23.583333,8.060000
306,Exit short,2024-12-09 13:30,3889.660000,1,-23.260000,-0.6000,9.660000,30.210000,-2.180000
306,Entry short,2024-12-09 13:00,3866.400000,1,-23.260000,-0.6000,9.660000,30.210000,-2.180000
305,Exit short,2024-12-09 13:30,3889.660000,1,-32.040000,-0.8300,13.635000,30.210000,21.080000
305,Entry short,2024-12-09 12:45,3857.620000,1,-32.040000,-0.8300,13.635000,30.210000,21.080000
304,Exit short,2024-12-09 13:30,3889.660000,1,-23.810000,-0.6200,14.110000,30.210000,53.120000
304,Entry short,2024-12-09 12:30,3865.850000,1,-23.810000,-0.6200,14.110000,30.210000,53.120000
303,Exit long,2024-12-09 01:30,3971.780000,1,-3.420000,-0.0900,8.650000,19.440000,76.930000
303,Entry long,2024-12-09 01:00,3975.200000,1,-3.420000,-0.0900,8.650000,19.440000,76.930000
302,Exit long,2024-12-09 01:30,3971.780000,1,4.390000,0.1100,8.650000,19.440000,80.350000
302,Entry long,2024-12-09 00:45,3967.390000,1,4.390000,0.1100,8.650000,19.440000,80.350000
301,Exit long,2024-12-09 01:30,3971.780000,1,-9.310000,-0.2300,8.650000,25.540000,75.960000
301,Entry long,2024-12-09 00:30,3981.090000,1,-9.310000,-0.2300,8.650000,25.540000,75.960000
300,Exit short,2024-12-08 13:30,3998.000000,1,-9.210000,-0.2300,0.000000,18.193333,85.270000
300,Entry short,2024-12-08 13:00,3988.790000,1,-9.210000,-0.2300,0.000000,18.193333,85.270000
299,Exit short,2024-12-08 13:30,3998.000000,1,-18.420000,-0.4600,0.000000,18.193333,94.480000
299,Entry short,2024-12-08 12:45,3979.580000,1,-18.420000,-0.4600,0.000000,18.193333,94.480000
298,Exit short,2024-12-08 13:30,3998.000000,1,-21.010000,-0.5300,3.990000,18.193333,112.900000
298,Entry short,2024-12-08 12:30,3976.990000,1,-21.010000,-0.5300,3.990000,18.193333,112.900000
297,Exit long,2024-12-08 01:30,4003.000000,1,-3.730000,-0.0900,6.326667,3.993333,133.910000
297,Entry long,2024-12-08 01:00,4006.730000,1,-3.730000,-0.0900,6.326667,3.993333,133.910000
296,Exit long,2024-12-08 01:30,4003.000000,1,-2.130000,-0.0500,6.326667,4.525000,137.640000
296,Entry long,2024-12-08 00:45,4005.130000,1,-2.130000,-0.0500,6.326667,4.525000,137.640000
295,Exit long,2024-12-08 01:30,4003.000000,1,-3.300000,-0.0800,6.326667,5.160000,139.770000
295,Entry long,2024-12-08 00:30,4006.300000,1,-3.300000,-0.0800,6.326667,5.160000,139.770000
294,Exit short,2024-12-07 13:30,4002.640000,1,-0.660000,-0.0200,0.000000,10.143333,143.070000
294,Entry short,2024-12-07 13:00,4001.980000,1,-0.660000,-0.0200,0.000000,10.143333,143.070000
293,Exit short,2024-12-07 13:30,4002.640000,1,0.360000,0.0100,4.980000,10.143333,143.730000
293,Entry short,2024-12-07 12:45,4003.000000,1,0.360000,0.0100,4.980000,10.143333,143.730000
292,Exit short,2024-12-07 13:30,4002.640000,1,-3.640000,-0.0900,4.980000,10.143333,143.370000
292,Entry short,2024-12-07 12:30,3999.000000,1,-3.640000,-0.0900,4.980000,10.143333,143.370000
291,Exit long,2024-12-07 01:30,3987.000000,1,-29.050000,-0.7200,3.653333,32.466667,147.010000
291,Entry long,2024-12-07 01:00,4016.050000,1,-29.050000,-0.7200,3.653333,32.466667,147.010000
290,Exit long,2024-12-07 01:30,3987.000000,1,-28.360000,-0.7100,4.015000,32.466667,176.060000
290,Entry long,2024-12-07 00:45,4015.360000,1,-28.360000,-0.7100,4.015000,32.466667,176.060000
289,Exit long,2024-12-07 01:30,3987.000000,1,-29.310000,-0.7300,11.510000,32.466667,204.420000
289,Entry long,2024-12-07 00:30,4016.310000,1,-29.310000,-0.7300,11.510000,32.466667,204.420000
288,Exit short,2024-12-06 13:30,3852.780000,1,-12.980000,-0.3400,20.930000,-0.000000,233.730000
288,Entry short,2024-12-06 13:00,3839.800000,1,-12.980000,-0.3400,20.930000,-0.000000,233.730000
287,Exit short,2024-12-06 13:30,3852.780000,1,15.100000,0.3900,34.515000,-0.000000,246.710000
287,Entry short,2024-12-06 12:45,3867.880000,1,15.100000,0.3900,34.515000,-0.000000,246.710000
286,Exit short,2024-12-06 13:30,3852.780000,1,19.090000,0.4900,34.515000,9.460000,231.610000
286,Entry short,2024-12-06 12:30,3871.870000,1,19.090000,0.4900,34.515000,9.460000,231.610000
285,Exit long,2024-12-06 01:30,3870.580000,1,4.970000,0.1300,21.090000,9.430000,212.520000
285,Entry long,2024-12-06 01:00,3865.610000,1,4.970000,0.1300,21.090000,9.430000,212.520000
284,Exit long,2024-12-06 01:30,3870.580000,1,10.980000,0.2800,31.630000,9.430000,207.550000
284,Entry long,2024-12-06 00:45,3859.600000,1,10.980000,0.2800,31.630000,9.430000,207.550000
283,Exit long,2024-12-06 01:30,3870.580000,1,43.840000,1.1500,60.260000,9.430000,196.570000
283,Entry long,2024-12-06 00:30,3826.740000,1,43.840000,1.1500,60.260000,9.430000,196.570000
282,Exit short,2024-12-05 13:30,3930.810000,1,-3.100000,-0.0800,11.976667,4.673333,152.730000
282,Entry short,2024-12-05 13:00,3927.710000,1,-3.100000,-0.0800,11.976667,4.673333,152.730000
281,Exit short,2024-12-05 13:30,3930.810000,1,1.250000,0.0300,11.976667,14.715000,155.830000
281,Entry short,2024-12-05 12:45,3932.060000,1,1.250000,0.0300,11.976667,14.715000,155.830000
280,Exit short,2024-12-05 13:30,3930.810000,1,-5.600000,-0.1400,11.976667,15.810000,154.580000
280,Entry short,2024-12-05 12:30,3925.210000,1,-5.600000,-0.1400,11.976667,15.810000,154.580000
279,Exit long,2024-12-05 01:30,3793.240000,1,-6.260000,-0.1600,0.000000,37.613333,160.180000
279,Entry long,2024-12-05 01:00,3799.500000,1,-6.260000,-0.1600,0.000000,37.613333,160.180000
278,Exit long,2024-12-05 01:30,3793.240000,1,-10.270000,-0.2700,5.405000,37.613333,166.440000
278,Entry long,2024-12-05 00:45,3803.510000,1,-10.270000,-0.2700,5.405000,37.613333,166.440000
277,Exit long,2024-12-05 01:30,3793.240000,1,-25.840000,-0.6800,5.830000,37.613333,176.710000
277,Entry long,2024-12-05 00:30,3819.080000,1,-25.840000,-0.6800,5.830000,37.613333,176.710000
276,Exit short,2024-12-04 13:30,3702.350000,1,18.050000,0.4900,14.150000,24.520000,202.550000
276,Entry short,2024-12-04 13:00,3720.400000,1,18.050000,0.4900,14.150000,24.520000,202.550000
275,Exit short,2024-12-04 13:30,3702.350000,1,10.430000,0.2800,14.150000,24.520000,184.500000
275,Entry short,2024-12-04 12:45,3712.780000,1,10.430000,0.2800,14.150000,24.520000,184.500000
274,Exit short,2024-12-04 13:30,3702.350000,1,7.430000,0.2000,14.150000,24.520000,174.070000
274,Entry short,2024-12-04 12:30,3709.780000,1,7.430000,0.2000,14.150000,24.520000,174.070000
273,Exit long,2024-12-04 01:30,3692.840000,1,-5.720000,-0.1500,57.920000,-0.000000,166.640000
273,Entry long,2024-12-04 01:00,3698.560000,1,-5.720000,-0.1500,57.920000,-0.000000,166.640000
272,Exit long,2024-12-04 01:30,3692.840000,1,64.680000,1.7800,69.650000,7.750000,172.360000
272,Entry long,2024-12-04 00:45,3628.160000,1,64.680000,1.7800,69.650000,7.750000,172.360000
271,Exit long,2024-12-04 01:30,3692.840000,1,57.920000,1.5900,69.650000,12.660000,107.680000
271,Entry long,2024-12-04 00:30,3634.920000,1,57.920000,1.5900,69.650000,12.660000,107.680000
270,Exit short,2024-12-03 13:30,3596.480000,1,11.180000,0.3100,16.123333,7.126667,49.760000
270,Entry short,2024-12-03 13:00,3607.660000,1,11.180000,0.3100,16.123333,7.126667,49.760000
269,Exit short,2024-12-03 13:30,3596.480000,1,5.980000,0.1700,16.123333,10.805000,38.580000
269,Entry short,2024-12-03 12:45,3602.460000,1,5.980000,0.1700,16.123333,10.805000,38.580000
268,Exit short,2024-12-03 13:30,3596.480000,1,7.150000,0.2000,16.123333,10.805000,32.600000
268,Entry short,2024-12-03 12:30,3603.630000,1,7.150000,0.2000,16.123333,10.805000,32.600000
267,Exit long,2024-12-03 01:30,3635.010000,1,-4.620000,-0.1300,19.706667,6.663333,25.450000
267,Entry long,2024-12-03 01:00,3639.630000,1,-4.620000,-0.1300,19.706667,6.663333,25.450000
266,Exit long,2024-12-03 01:30,3635.010000,1,-3.940000,-0.1100,19.706667,6.663333,30.070000
266,Entry long,2024-12-03 00:45,3638.950000,1,-3.940000,-0.1100,19.706667,6.663333,30.070000
265,Exit long,2024-12-03 01:30,3635.010000,1,2.280000,0.0600,19.706667,8.720000,34.010000
265,Entry long,2024-12-03 00:30,3632.730000,1,2.280000,0.0600,19.706667,8.720000,34.010000
264,Exit short,2024-12-02 13:30,3616.990000,1,-18.580000,-0.5200,11.916667,14.373333,31.730000
264,Entry short,2024-12-02 13:00,3598.410000,1,-18.580000,-0.5200,11.916667,14.373333,31.730000
263,Exit short,2024-12-02 13:30,3616.990000,1,-12.540000,-0.3500,18.230000,14.373333,50.310000
263,Entry short,2024-12-02 12:45,3604.450000,1,-12.540000,-0.3500,18.230000,14.373333,50.310000
262,Exit short,2024-12-02 13:30,3616.990000,1,-4.980000,-0.1400,18.230000,14.373333,62.850000
262,Entry short,2024-12-02 12:30,3612.010000,1,-4.980000,-0.1400,18.230000,14.373333,62.850000
261,Exit long,2024-12-02 01:30,3739.540000,1,34.450000,0.9300,30.520000,10.180000,67.830000
261,Entry long,2024-12-02 01:00,3705.090000,1,34.450000,0.9300,30.520000,10.180000,67.830000
260,Exit long,2024-12-02 01:30,3739.540000,1,24.510000,0.6600,30.520000,18.315000,33.380000
260,Entry long,2024-12-02 00:45,3715.030000,1,24.510000,0.6600,30.520000,18.315000,33.380000
259,Exit long,2024-12-02 01:30,3739.540000,1,26.720000,0.7200,30.520000,18.315000,8.870000
259,Entry long,2024-12-02 00:30,3712.820000,1,26.720000,0.7200,30.520000,18.315000,8.870000
258,Exit short,2024-12-01 13:30,3704.430000,1,-20.150000,-0.5500,8.360000,20.130000,-17.850000
258,Entry short,2024-12-01 13:00,3684.280000,1,-20.150000,-0.5500,8.360000,20.130000,-17.850000
257,Exit short,2024-12-01 13:30,3704.430000,1,-11.810000,-0.3200,9.150000,20.130000,2.300000
257,Entry short,2024-12-01 12:45,3692.620000,1,-11.810000,-0.3200,9.150000,20.130000,2.300000
256,Exit short,2024-12-01 13:30,3704.430000,1,-14.750000,-0.4000,9.150000,20.130000,14.110000
256,Entry short,2024-12-01 12:30,3689.680000,1,-14.750000,-0.4000,9.150000,20.130000,14.110000
255,Exit long,2024-12-01 01:30,3693.560000,1,2.420000,0.0700,0.000000,27.640000,28.860000
255,Entry long,2024-12-01 01:00,3691.140000,1,2.420000,0.0700,0.000000,27.640000,28.860000
254,Exit long,2024-12-01 01:30,3693.560000,1,-4.440000,-0.1200,0.000000,27.640000,26.440000
254,Entry long,2024-12-01 00:45,3698.000000,1,-4.440000,-0.1200,0.000000,27.640000,26.440000
253,Exit long,2024-12-01 01:30,3693.560000,1,-31.010000,-0.8300,2.450000,27.950000,30.880000
253,Entry long,2024-12-01 00:30,3724.570000,1,-31.010000,-0.8300,2.450000,27.950000,30.880000
252,Exit short,2024-11-30 13:30,3677.840000,1,5.800000,0.1600,4.316667,11.653333,61.890000
252,Entry short,2024-11-30 13:00,3683.640000,1,5.800000,0.1600,4.316667,11.653333,61.890000
251,Exit short,2024-11-30 13:30,3677.840000,1,-7.670000,-0.2100,4.316667,17.840000,56.090000
251,Entry short,2024-11-30 12:45,3670.170000,1,-7.670000,-0.2100,4.316667,17.840000,56.090000
250,Exit short,2024-11-30 13:30,3677.840000,1,-15.690000,-0.4300,4.316667,17.840000,63.760000
250,Entry short,2024-11-30 12:30,3662.150000,1,-15.690000,-0.4300,4.316667,17.840000,63.760000
249,Exit long,2024-11-30 01:30,3592.690000,1,-0.070000,-0.0000,1.816667,24.533333,79.450000
249,Entry long,2024-11-30 01:00,3592.760000,1,-0.070000,-0.0000,1.816667,24.533333,79.450000
248,Exit long,2024-11-30 01:30,3592.690000,1,8.890000,0.2500,2.500000,24.533333,79.520000
248,Entry long,2024-11-30 00:45,3583.800000,1,8.890000,0.2500,2.500000,24.533333,79.520000
247,Exit long,2024-11-30 01:30,3592.690000,1,-14.950000,-0.4100,2.500000,28.370000,70.630000
247,Entry long,2024-11-30 00:30,3607.640000,1,-14.950000,-0.4100,2.500000,28.370000,70.630000
246,Exit short,2024-11-29 13:30,3605.390000,1,-16.660000,-0.4600,0.790000,31.010000,85.580000
246,Entry short,2024-11-29 13:00,3588.730000,1,-16.660000,-0.4600,0.790000,31.010000,85.580000
245,Exit short,2024-11-29 13:30,3605.390000,1,-23.100000,-0.6400,11.100000,31.010000,102.240000
245,Entry short,2024-11-29 12:45,3582.290000,1,-23.100000,-0.6400,11.100000,31.010000,102.240000
244,Exit short,2024-11-29 13:30,3605.390000,1,-15.440000,-0.4300,11.100000,31.010000,125.340000
244,Entry short,2024-11-29 12:30,3589.950000,1,-15.440000,-0.4300,11.100000,31.010000,125.340000
243,Exit long,2024-11-29 01:30,3568.870000,1,8.500000,0.2400,3.733333,17.636667,140.780000
243,Entry long,2024-11-29 01:00,3560.370000,1,8.500000,0.2400,3.733333,17.636667,140.780000
242,Exit long,2024-11-29 01:30,3568.870000,1,-7.400000,-0.2100,3.795000,19.715000,132.280000
242,Entry long,2024-11-29 00:45,3576.270000,1,-7.400000,-0.2100,3.795000,19.715000,132.280000
241,Exit long,2024-11-29 01:30,3568.870000,1,-2.290000,-0.0600,8.250000,19.715000,139.680000
241,Entry long,2024-11-29 00:30,3571.160000,1,-2.290000,-0.0600,8.250000,19.715000,139.680000
240,Exit short,2024-11-28 13:30,3607.450000,1,17.080000,0.4700,29.796667,-0.000000,141.970000
240,Entry short,2024-11-28 13:00,3624.530000,1,17.080000,0.4700,29.796667,-0.000000,141.970000
239,Exit short,2024-11-28 13:30,3607.450000,1,11.150000,0.3100,29.796667,2.375000,124.890000
239,Entry short,2024-11-28 12:45,3618.600000,1,11.150000,0.3100,29.796667,2.375000,124.890000
238,Exit short,2024-11-28 13:30,3607.450000,1,29.180000,0.8000,29.796667,7.170000,113.740000
238,Entry short,2024-11-28 12:30,3636.630000,1,29.180000,0.8000,29.796667,7.170000,113.740000
237,Exit long,2024-11-28 01:30,3632.400000,1,-12.370000,-0.3400,0.000000,24.970000,84.560000
237,Entry long,2024-11-28 01:00,3644.770000,1,-12.370000,-0.3400,0.000000,24.970000,84.560000
236,Exit long,2024-11-28 01:30,3632.400000,1,-27.520000,-0.7500,11.560000,24.970000,96.930000
236,Entry long,2024-11-28 00:45,3659.920000,1,-27.520000,-0.7500,11.560000,24.970000,96.930000
235,Exit long,2024-11-28 01:30,3632.400000,1,-13.180000,-0.3600,15.250000,24.970000,124.450000
235,Entry long,2024-11-28 00:30,3645.580000,1,-13.180000,-0.3600,15.250000,24.970000,124.450000
234,Exit short,2024-11-27 13:30,3487.700000,1,-7.730000,-0.2200,0.000000,39.853333,137.630000
234,Entry short,2024-11-27 13:00,3479.970000,1,-7.730000,-0.2200,0.000000,39.853333,137.630000
233,Exit short,2024-11-27 13:30,3487.700000,1,-27.200000,-0.7900,0.000000,39.853333,145.360000
233,Entry short,2024-11-27 12:45,3460.500000,1,-27.200000,-0.7900,0.000000,39.853333,145.360000
232,Exit short,2024-11-27 13:30,3487.700000,1,-43.260000,-1.2600,0.930000,39.853333,172.560000
232,Entry short,2024-11-27 12:30,3444.440000,1,-43.260000,-1.2600,0.930000,39.853333,172.560000
231,Exit long,2024-11-27 01:30,3329.990000,1,18.140000,0.5500,18.160000,15.130000,215.820000
231,Entry long,2024-11-27 01:00,3311.850000,1,18.140000,0.5500,18.160000,15.130000,215.820000
230,Exit long,2024-11-27 01:30,3329.990000,1,14.930000,0.4500,18.160000,16.270000,197.680000
230,Entry long,2024-11-27 00:45,3315.060000,1,14.930000,0.4500,18.160000,16.270000,197.680000
229,Exit long,2024-11-27 01:30,3329.990000,1,-3.490000,-0.1000,18.160000,22.480000,182.750000
229,Entry long,2024-11-27 00:30,3333.480000,1,-3.490000,-0.1000,18.160000,22.480000,182.750000
228,Exit short,2024-11-26 13:30,3322.060000,1,-7.920000,-0.2400,15.000000,18.570000,186.240000
228,Entry short,2024-11-26 13:00,3314.140000,1,-7.920000,-0.2400,15.000000,18.570000,186.240000
227,Exit short,2024-11-26 13:30,3322.060000,1,-4.530000,-0.1400,20.080000,18.570000,194.160000
227,Entry short,2024-11-26 12:45,3317.530000,1,-4.530000,-0.1400,20.080000,18.570000,194.160000
226,Exit short,2024-11-26 13:30,3322.060000,1,3.810000,0.1100,20.080000,18.570000,198.690000
226,Entry short,2024-11-26 12:30,3325.870000,1,3.810000,0.1100,20.080000,18.570000,198.690000
225,Exit long,2024-11-26 01:30,3453.560000,1,24.720000,0.7200,11.020000,18.470000,194.880000
225,Entry long,2024-11-26 01:00,3428.840000,1,24.720000,0.7200,11.020000,18.470000,194.880000
224,Exit long,2024-11-26 01:30,3453.560000,1,1.110000,0.0300,11.020000,23.440000,170.160000
224,Entry long,2024-11-26 00:45,3452.450000,1,1.110000,0.0300,11.020000,23.440000,170.160000
223,Exit long,2024-11-26 01:30,3453.560000,1,2.910000,0.0800,11.020000,23.440000,169.050000
223,Entry long,2024-11-26 00:30,3450.650000,1,2.910000,0.0800,11.020000,23.440000,169.050000
222,Exit short,2024-11-25 13:30,3472.610000,1,12.560000,0.3600,38.743333,9.036667,166.140000
222,Entry short,2024-11-25 13:00,3485.170000,1,12.560000,0.3600,38.743333,9.036667,166.140000
221,Exit short,2024-11-25 13:30,3472.610000,1,13.650000,0.3900,38.743333,11.695000,153.580000
221,Entry short,2024-11-25 12:45,3486.260000,1,13.650000,0.3900,38.743333,11.695000,153.580000
220,Exit short,2024-11-25 13:30,3472.610000,1,23.600000,0.6800,38.743333,11.695000,139.930000
220,Entry short,2024-11-25 12:30,3496.210000,1,23.600000,0.6800,38.743333,11.695000,139.930000
219,Exit long,2024-11-25 01:30,3318.660000,1,-32.380000,-0.9700,4.083333,50.216667,116.330000
219,Entry long,2024-11-25 01:00,3351.040000,1,-32.380000,-0.9700,4.083333,50.216667,116.330000
218,Exit long,2024-11-25 01:30,3318.660000,1,-28.830000,-0.8600,9.975000,50.216667,148.710000
218,Entry long,2024-11-25 00:45,3347.490000,1,-28.830000,-0.8600,9.975000,50.216667,148.710000
217,Exit long,2024-11-25 01:30,3318.660000,1,-39.340000,-1.1700,9.975000,50.216667,177.540000
217,Entry long,2024-11-25 00:30,3358.000000,1,-39.340000,-1.1700,9.975000,50.216667,177.540000
216,Exit short,2024-11-24 13:30,3339.900000,1,-22.060000,-0.6600,11.870000,22.760000,216.880000
216,Entry short,2024-11-24 13:00,3317.840000,1,-22.060000,-0.6600,11.870000,22.760000,216.880000
215,Exit short,2024-11-24 13:30,3339.900000,1,-42.300000,-1.2800,30.190000,22.760000,238.940000
215,Entry short,2024-11-24 12:45,3297.600000,1,-42.300000,-1.2800,30.190000,22.760000,238.940000
214,Exit short,2024-11-24 13:30,3339.900000,1,3.580000,0.1100,61.000000,22.760000,281.240000
214,Entry short,2024-11-24 12:30,3343.480000,1,3.580000,0.1100,61.000000,22.760000,281.240000
213,Exit long,2024-11-24 01:30,3421.190000,1,0.960000,0.0300,17.843333,3.406667,277.660000
213,Entry long,2024-11-24 01:00,3420.230000,1,0.960000,0.0300,17.843333,3.406667,277.660000
212,Exit long,2024-11-24 01:30,3421.190000,1,5.850000,0.1700,17.843333,8.865000,276.700000
212,Entry long,2024-11-24 00:45,3415.340000,1,5.850000,0.1700,17.843333,8.865000,276.700000
211,Exit long,2024-11-24 01:30,3421.190000,1,-6.200000,-0.1800,17.843333,16.840000,270.850000
211,Entry long,2024-11-24 00:30,3427.390000,1,-6.200000,-0.1800,17.843333,16.840000,270.850000
210,Exit short,2024-11-23 13:30,3412.010000,1,-9.010000,-0.2600,0.000000,31.440000,277.050000
210,Entry short,2024-11-23 13:00,3403.000000,1,-9.010000,-0.2600,0.000000,31.440000,277.050000
209,Exit short,2024-11-23 13:30,3412.010000,1,-2.680000,-0.0800,0.000000,43.120000,286.060000
209,Entry short,2024-11-23 12:45,3409.330000,1,-2.680000,-0.0800,0.000000,43.120000,286.060000
208,Exit short,2024-11-23 13:30,3412.010000,1,-41.620000,-1.2300,0.010000,46.110000,288.740000
208,Entry short,2024-11-23 12:30,3370.390000,1,-41.620000,-1.2300,0.010000,46.110000,288.740000
207,Exit long,2024-11-23 01:30,3336.590000,1,-7.180000,-0.2100,8.796667,26.013333,330.360000
207,Entry long,2024-11-23 01:00,3343.770000,1,-7.180000,-0.2100,8.796667,26.013333,330.360000
206,Exit long,2024-11-23 01:30,3336.590000,1,-17.210000,-0.5100,10.070000,26.013333,337.540000
206,Entry long,2024-11-23 00:45,3353.800000,1,-17.210000,-0.5100,10.070000,26.013333,337.540000
205,Exit long,2024-11-23 01:30,3336.590000,1,-19.450000,-0.5800,12.440000,26.013333,354.750000
205,Entry long,2024-11-23 00:30,3356.040000,1,-19.450000,-0.5800,12.440000,26.013333,354.750000
204,Exit short,2024-11-22 13:30,3268.690000,1,81.900000,2.4400,91.490000,-0.000000,374.200000
204,Entry short,2024-11-22 13:00,3350.590000,1,81.900000,2.4400,91.490000,-0.000000,374.200000
203,Exit short,2024-11-22 13:30,3268.690000,1,79.850000,2.3800,91.490000,5.340000,292.300000
203,Entry short,2024-11-22 12:45,3348.540000,1,79.850000,2.3800,91.490000,5.340000,292.300000
202,Exit short,2024-11-22 13:30,3268.690000,1,87.910000,2.6200,91.490000,5.340000,212.450000
202,Entry short,2024-11-22 12:30,3356.600000,1,87.910000,2.6200,91.490000,5.340000,212.450000
201,Exit long,2024-11-22 01:30,3323.960000,1,4.550000,0.1400,0.000000,28.650000,124.540000
201,Entry long,2024-11-22 01:00,3319.410000,1,4.550000,0.1400,0.000000,28.650000,124.540000
200,Exit long,2024-11-22 01:30,3323.960000,1,-9.650000,-0.2900,0.000000,30.795000,119.990000
200,Entry long,2024-11-22 00:45,3333.610000,1,-9.650000,-0.2900,0.000000,30.795000,119.990000
199,Exit long,2024-11-22 01:30,3323.960000,1,-30.060000,-0.9000,0.000000,30.795000,129.640000
199,Entry long,2024-11-22 00:30,3354.020000,1,-30.060000,-0.9000,0.000000,30.795000,129.640000
198,Exit short,2024-11-21 13:30,3350.730000,1,-62.680000,-1.9100,11.630000,70.920000,159.700000
198,Entry short,2024-11-21 13:00,3288.050000,1,-62.680000,-1.9100,11.630000,70.920000,159.700000
197,Exit short,2024-11-21 13:30,3350.730000,1,-31.560000,-0.9500,18.875000,70.920000,222.380000
197,Entry short,2024-11-21 12:45,3319.170000,1,-31.560000,-0.9500,18.875000,70.920000,222.380000
196,Exit short,2024-11-21 13:30,3350.730000,1,-60.710000,-1.8500,18.980000,70.920000,253.940000
196,Entry short,2024-11-21 12:30,3290.020000,1,-60.710000,-1.8500,18.980000,70.920000,253.940000
195,Exit long,2024-11-21 01:30,3095.800000,1,14.810000,0.4800,14.010000,7.920000,314.650000
195,Entry long,2024-11-21 01:00,3080.990000,1,14.810000,0.4800,14.010000,7.920000,314.650000
194,Exit long,2024-11-21 01:30,3095.800000,1,8.530000,0.2800,14.010000,7.920000,299.840000
194,Entry long,2024-11-21 00:45,3087.270000,1,8.530000,0.2800,14.010000,7.920000,299.840000
193,Exit long,2024-11-21 01:30,3095.800000,1,7.590000,0.2500,14.010000,7.920000,291.310000
193,Entry long,2024-11-21 00:30,3088.210000,1,7.590000,0.2500,14.010000,7.920000,291.310000
192,Exit short,2024-11-20 13:30,3111.250000,1,-19.660000,-0.6400,5.930000,23.220000,283.720000
192,Entry short,2024-11-20 13:00,3091.590000,1,-19.660000,-0.6400,5.930000,23.220000,283.720000
191,Exit short,2024-11-20 13:30,3111.250000,1,-17.620000,-0.5700,10.870000,23.220000,303.380000
191,Entry short,2024-11-20 12:45,3093.630000,1,-17.620000,-0.5700,10.870000,23.220000,303.380000
190,Exit short,2024-11-20 13:30,3111.250000,1,-16.660000,-0.5400,10.870000,23.220000,321.000000
190,Entry short,2024-11-20 12:30,3094.590000,1,-16.660000,-0.5400,10.870000,23.220000,321.000000
189,Exit long,2024-11-20 01:30,3107.380000,1,-1.970000,-0.0600,29.226667,5.553333,337.660000
189,Entry long,2024-11-20 01:00,3109.350000,1,-1.970000,-0.0600,29.226667,5.553333,337.660000
188,Exit long,2024-11-20 01:30,3107.380000,1,-3.990000,-0.1300,29.226667,5.553333,339.630000
188,Entry long,2024-11-20 00:45,3111.370000,1,-3.990000,-0.1300,29.226667,5.553333,339.630000
187,Exit long,2024-11-20 01:30,3107.380000,1,11.110000,0.3600,29.226667,5.553333,343.620000
187,Entry long,2024-11-20 00:30,3096.270000,1,11.110000,0.3600,29.226667,5.553333,343.620000
186,Exit short,2024-11-19 13:30,3121.250000,1,13.060000,0.4200,32.610000,-0.000000,332.510000
186,Entry short,2024-11-19 13:00,3134.310000,1,13.060000,0.4200,32.610000,-0.000000,332.510000
185,Exit short,2024-11-19 13:30,3121.250000,1,20.540000,0.6500,32.610000,-0.000000,319.450000
185,Entry short,2024-11-19 12:45,3141.790000,1,20.540000,0.6500,32.610000,-0.000000,319.450000
184,Exit short,2024-11-19 13:30,3121.250000,1,26.280000,0.8300,32.610000,5.000000,298.910000
184,Entry short,2024-11-19 12:30,3147.530000,1,26.280000,0.8300,32.610000,5.000000,298.910000
183,Exit long,2024-11-19 01:30,3159.700000,1,1.490000,0.0500,0.000000,23.790000,272.630000
183,Entry long,2024-11-19 01:00,3158.210000,1,1.490000,0.0500,0.000000,23.790000,272.630000
182,Exit long,2024-11-19 01:30,3159.700000,1,-9.460000,-0.3000,0.000000,23.790000,271.140000
182,Entry long,2024-11-19 00:45,3169.160000,1,-9.460000,-0.3000,0.000000,23.790000,271.140000
181,Exit long,2024-11-19 01:30,3159.700000,1,-26.860000,-0.8400,2.410000,23.790000,280.600000
181,Entry long,2024-11-19 00:30,3186.560000,1,-26.860000,-0.8400,2.410000,23.790000,280.600000
180,Exit short,2024-11-18 13:30,3071.620000,1,16.840000,0.5500,31.033333,6.246667,307.460000
180,Entry short,2024-11-18 13:00,3088.460000,1,16.840000,0.5500,31.033333,6.246667,307.460000
179,Exit short,2024-11-18 13:30,3071.620000,1,15.530000,0.5000,31.033333,9.625000,290.620000
179,Entry short,2024-11-18 12:45,3087.150000,1,15.530000,0.5000,31.033333,9.625000,290.620000
178,Exit short,2024-11-18 13:30,3071.620000,1,5.920000,0.1900,31.033333,12.460000,275.090000
178,Entry short,2024-11-18 12:30,3077.540000,1,5.920000,0.1900,31.033333,12.460000,275.090000
177,Exit long,2024-11-18 01:30,3114.770000,1,14.690000,0.4700,16.223333,8.116667,269.170000
177,Entry long,2024-11-18 01:00,3100.080000,1,14.690000,0.4700,16.223333,8.116667,269.170000
176,Exit long,2024-11-18 01:30,3114.770000,1,0.720000,0.0200,19.085000,8.116667,254.480000
176,Entry long,2024-11-18 00:45,3114.050000,1,0.720000,0.0200,19.085000,8.116667,254.480000
175,Exit long,2024-11-18 01:30,3114.770000,1,20.630000,0.6700,32.480000,8.116667,253.760000
175,Entry long,2024-11-18 00:30,3094.140000,1,20.630000,0.6700,32.480000,8.116667,253.760000
174,Exit short,2024-11-17 13:30,3117.400000,1,6.420000,0.2100,14.013333,2.196667,233.130000
174,Entry short,2024-11-17 13:00,3123.820000,1,6.420000,0.2100,14.013333,2.196667,233.130000
173,Exit short,2024-11-17 13:30,3117.400000,1,8.180000,0.2600,14.013333,7.595000,226.710000
173,Entry short,2024-11-17 12:45,3125.580000,1,8.180000,0.2600,14.013333,7.595000,226.710000
172,Exit short,2024-11-17 13:30,3117.400000,1,0.290000,0.0100,14.013333,10.310000,218.530000
172,Entry short,2024-11-17 12:30,3117.690000,1,0.290000,0.0100,14.013333,10.310000,218.530000
171,Exit long,2024-11-17 01:30,3138.960000,1,-11.970000,-0.3800,1.286667,11.423333,218.240000
171,Entry long,2024-11-17 01:00,3150.930000,1,-11.970000,-0.3800,1.286667,11.423333,218.240000
170,Exit long,2024-11-17 01:30,3138.960000,1,-5.700000,-0.1800,5.635000,11.423333,230.210000
170,Entry long,2024-11-17 00:45,3144.660000,1,-5.700000,-0.1800,5.635000,11.423333,230.210000
169,Exit long,2024-11-17 01:30,3138.960000,1,-14.410000,-0.4600,5.635000,11.423333,235.910000
169,Entry long,2024-11-17 00:30,3153.370000,1,-14.410000,-0.4600,5.635000,11.423333,235.910000
168,Exit short,2024-11-16 13:30,3181.260000,1,-3.400000,-0.1100,9.260000,12.410000,250.320000
168,Entry short,2024-11-16 13:00,3177.860000,1,-3.400000,-0.1100,9.260000,12.410000,250.320000
167,Exit short,2024-11-16 13:30,3181.260000,1,-6.020000,-0.1900,9.260000,12.410000,253.720000
167,Entry short,2024-11-16 12:45,3175.240000,1,-6.020000,-0.1900,9.260000,12.410000,253.720000
166,Exit short,2024-11-16 13:30,3181.260000,1,3.540000,0.1100,17.000000,12.410000,259.740000
166,Entry short,2024-11-16 12:30,3184.800000,1,3.540000,0.1100,17.000000,12.410000,259.740000
165,Exit long,2024-11-16 01:30,3106.590000,1,19.930000,0.6500,33.426667,-0.000000,256.200000
165,Entry long,2024-11-16 01:00,3086.660000,1,19.930000,0.6500,33.426667,-0.000000,256.200000
164,Exit long,2024-11-16 01:30,3106.590000,1,27.720000,0.9000,33.426667,2.810000,236.270000
164,Entry long,2024-11-16 00:45,3078.870000,1,27.720000,0.9000,33.426667,2.810000,236.270000
163,Exit long,2024-11-16 01:30,3106.590000,1,31.600000,1.0300,33.426667,2.810000,208.550000
163,Entry long,2024-11-16 00:30,3074.990000,1,31.600000,1.0300,33.426667,2.810000,208.550000
162,Exit short,2024-11-15 13:30,3098.200000,1,7.530000,0.2400,7.786667,13.293333,176.950000
162,Entry short,2024-11-15 13:00,3105.730000,1,7.530000,0.2400,7.786667,13.293333,176.950000
161,Exit short,2024-11-15 13:30,3098.200000,1,-2.210000,-0.0700,7.786667,13.293333,169.420000
161,Entry short,2024-11-15 12:45,3095.990000,1,-2.210000,-0.0700,7.786667,13.293333,169.420000
160,Exit short,2024-11-15 13:30,3098.200000,1,9.160000,0.2900,19.310000,13.293333,171.630000
160,Entry short,2024-11-15 12:30,3107.360000,1,9.160000,0.2900,19.310000,13.293333,171.630000
159,Exit long,2024-11-15 01:30,3049.390000,1,-13.860000,-0.4500,6.456667,38.793333,162.470000
159,Entry long,2024-11-15 01:00,3063.250000,1,-13.860000,-0.4500,6.456667,38.793333,162.470000
158,Exit long,2024-11-15 01:30,3049.390000,1,-26.120000,-0.8500,6.456667,38.793333,176.330000
158,Entry long,2024-11-15 00:45,3075.510000,1,-26.120000,-0.8500,6.456667,38.793333,176.330000
157,Exit long,2024-11-15 01:30,3049.390000,1,-35.450000,-1.1500,9.690000,38.793333,202.450000
157,Entry long,2024-11-15 00:30,3084.840000,1,-35.450000,-1.1500,9.690000,38.793333,202.450000
156,Exit short,2024-11-14 13:30,3183.140000,1,1.180000,0.0400,4.320000,13.620000,237.900000
156,Entry short,2024-11-14 13:00,3184.320000,1,1.180000,0.0400,4.320000,13.620000,237.900000
155,Exit short,2024-11-14 13:30,3183.140000,1,3.550000,0.1100,8.410000,13.620000,236.720000
155,Entry short,2024-11-14 12:45,3186.690000,1,3.550000,0.1100,8.410000,13.620000,236.720000
154,Exit short,2024-11-14 13:30,3183.140000,1,7.630000,0.2400,10.080000,13.620000,233.170000
154,Entry short,2024-11-14 12:30,3190.770000,1,7.630000,0.2400,10.080000,13.620000,233.170000
153,Exit long,2024-11-14 01:30,3170.850000,1,-11.140000,-0.3500,11.850000,20.760000,225.540000
153,Entry long,2024-11-14 01:00,3181.990000,1,-11.140000,-0.3500,11.850000,20.760000,225.540000
152,Exit long,2024-11-14 01:30,3170.850000,1,-15.200000,-0.4800,11.850000,20.760000,236.680000
152,Entry long,2024-11-14 00:45,3186.050000,1,-15.200000,-0.4800,11.850000,20.760000,236.680000
151,Exit long,2024-11-14 01:30,3170.850000,1,-23.940000,-0.7500,13.040000,20.760000,251.880000
151,Entry long,2024-11-14 00:30,3194.790000,1,-23.940000,-0.7500,13.040000,20.760000,251.880000
150,Exit short,2024-11-13 13:30,3182.580000,1,-16.580000,-0.5200,12.996667,20.743333,275.820000
150,Entry short,2024-11-13 13:00,3166.000000,1,-16.580000,-0.5200,12.996667,20.743333,275.820000
149,Exit short,2024-11-13 13:30,3182.580000,1,-4.680000,-0.1500,12.996667,20.743333,292.400000
149,Entry short,2024-11-13 12:45,3177.900000,1,-4.680000,-0.1500,12.996667,20.743333,292.400000
148,Exit short,2024-11-13 13:30,3182.580000,1,-16.490000,-0.5200,12.996667,20.743333,297.080000
148,Entry short,2024-11-13 12:30,3166.090000,1,-16.490000,-0.5200,12.996667,20.743333,297.080000
147,Exit long,2024-11-13 01:30,3276.200000,1,24.740000,0.7600,22.723333,14.286667,313.570000
147,Entry long,2024-11-13 01:00,3251.460000,1,24.740000,0.7600,22.723333,14.286667,313.570000
146,Exit long,2024-11-13 01:30,3276.200000,1,13.120000,0.4000,22.723333,14.286667,288.830000
146,Entry long,2024-11-13 00:45,3263.080000,1,13.120000,0.4000,22.723333,14.286667,288.830000
145,Exit long,2024-11-13 01:30,3276.200000,1,22.450000,0.6900,22.723333,14.286667,275.710000
145,Entry long,2024-11-13 00:30,3253.750000,1,22.450000,0.6900,22.723333,14.286667,275.710000
144,Exit short,2024-11-12 13:30,3264.000000,1,-9.970000,-0.3100,23.120000,24.870000,253.260000
144,Entry short,2024-11-12 13:00,3254.030000,1,-9.970000,-0.3100,23.120000,24.870000,253.260000
143,Exit short,2024-11-12 13:30,3264.000000,1,-19.230000,-0.5900,25.665000,24.870000,263.230000
143,Entry short,2024-11-12 12:45,3244.770000,1,-19.230000,-0.5900,25.665000,24.870000,263.230000
142,Exit short,2024-11-12 13:30,3264.000000,1,-3.440000,-0.1100,25.665000,24.870000,282.460000
142,Entry short,2024-11-12 12:30,3260.560000,1,-3.440000,-0.1100,25.665000,24.870000,282.460000
141,Exit long,2024-11-12 01:30,3309.510000,1,-36.540000,-1.0900,25.890000,19.190000,285.900000
141,Entry long,2024-11-12 01:00,3346.050000,1,-36.540000,-1.0900,25.890000,19.190000,285.900000
140,Exit long,2024-11-12 01:30,3309.510000,1,6.880000,0.2100,42.045000,19.190000,322.440000
140,Entry long,2024-11-12 00:45,3302.630000,1,6.880000,0.2100,42.045000,19.190000,322.440000
139,Exit long,2024-11-12 01:30,3309.510000,1,-3.130000,-0.0900,42.045000,31.260000,315.560000
139,Entry long,2024-11-12 00:30,3312.640000,1,-3.130000,-0.0900,42.045000,31.260000,315.560000
138,Exit short,2024-11-11 13:30,3164.000000,1,10.250000,0.3200,38.103333,-0.000000,318.690000
138,Entry short,2024-11-11 13:00,3174.250000,1,10.250000,0.3200,38.103333,-0.000000,318.690000
137,Exit short,2024-11-11 13:30,3164.000000,1,21.130000,0.6600,38.103333,7.900000,308.440000
137,Entry short,2024-11-11 12:45,3185.130000,1,21.130000,0.6600,38.103333,7.900000,308.440000
136,Exit short,2024-11-11 13:30,3164.000000,1,12.670000,0.4000,38.103333,12.370000,287.310000
136,Entry short,2024-11-11 12:30,3176.670000,1,12.670000,0.4000,38.103333,12.370000,287.310000
135,Exit long,2024-11-11 01:30,3200.990000,1,4.850000,0.1500,4.330000,13.300000,274.640000
135,Entry long,2024-11-11 01:00,3196.140000,1,4.850000,0.1500,4.330000,13.300000,274.640000
134,Exit long,2024-11-11 01:30,3200.990000,1,-0.720000,-0.0200,8.335000,13.300000,269.790000
134,Entry long,2024-11-11 00:45,3201.710000,1,-0.720000,-0.0200,8.335000,13.300000,269.790000
133,Exit long,2024-11-11 01:30,3200.990000,1,3.370000,0.1100,8.335000,13.300000,270.510000
133,Entry long,2024-11-11 00:30,3197.620000,1,3.370000,0.1100,8.335000,13.300000,270.510000
132,Exit short,2024-11-10 13:30,3209.410000,1,-11.210000,-0.3500,1.160000,14.990000,267.140000
132,Entry short,2024-11-10 13:00,3198.200000,1,-11.210000,-0.3500,1.160000,14.990000,267.140000
131,Exit short,2024-11-10 13:30,3209.410000,1,-15.550000,-0.4900,11.565000,14.990000,278.350000
131,Entry short,2024-11-10 12:45,3193.860000,1,-15.550000,-0.4900,11.565000,14.990000,278.350000
130,Exit short,2024-11-10 13:30,3209.410000,1,-16.800000,-0.5300,11.565000,14.990000,293.900000
130,Entry short,2024-11-10 12:30,3192.610000,1,-16.800000,-0.5300,11.565000,14.990000,293.900000
129,Exit long,2024-11-10 01:30,3114.860000,1,-7.130000,-0.2300,0.000000,20.533333,310.700000
129,Entry long,2024-11-10 01:00,3121.990000,1,-7.130000,-0.2300,0.000000,20.533333,310.700000
128,Exit long,2024-11-10 01:30,3114.860000,1,-11.360000,-0.3600,4.665000,20.533333,317.830000
128,Entry long,2024-11-10 00:45,3126.220000,1,-11.360000,-0.3600,4.665000,20.533333,317.830000
127,Exit long,2024-11-10 01:30,3114.860000,1,-10.770000,-0.3400,4.665000,20.533333,329.190000
127,Entry long,2024-11-10 00:30,3125.630000,1,-10.770000,-0.3400,4.665000,20.533333,329.190000
126,Exit short,2024-11-09 13:30,3041.840000,1,-10.010000,-0.3300,5.353333,4.826667,339.960000
126,Entry short,2024-11-09 13:00,3031.830000,1,-10.010000,-0.3300,5.353333,4.826667,339.960000
125,Exit short,2024-11-09 13:30,3041.840000,1,-3.830000,-0.1300,9.860000,4.826667,349.970000
125,Entry short,2024-11-09 12:45,3038.010000,1,-3.830000,-0.1300,9.860000,4.826667,349.970000
124,Exit short,2024-11-09 13:30,3041.840000,1,-0.130000,-0.0000,9.860000,4.826667,353.800000
124,Entry short,2024-11-09 12:30,3041.710000,1,-0.130000,-0.0000,9.860000,4.826667,353.800000
123,Exit long,2024-11-09 01:30,2980.180000,1,-2.260000,-0.0800,14.183333,1.616667,353.930000
123,Entry long,2024-11-09 01:00,2982.440000,1,-2.260000,-0.0800,14.183333,1.616667,353.930000
122,Exit long,2024-11-09 01:30,2980.180000,1,-7.090000,-0.2400,16.595000,1.616667,356.190000
122,Entry long,2024-11-09 00:45,2987.270000,1,-7.090000,-0.2400,16.595000,1.616667,356.190000
121,Exit long,2024-11-09 01:30,2980.180000,1,11.040000,0.3700,18.840000,5.740000,363.280000
121,Entry long,2024-11-09 00:30,2969.140000,1,11.040000,0.3700,18.840000,5.740000,363.280000
120,Exit short,2024-11-08 13:30,2930.320000,1,6.720000,0.2300,0.000000,15.450000,352.240000
120,Entry short,2024-11-08 13:00,2937.040000,1,6.720000,0.2300,0.000000,15.450000,352.240000
119,Exit short,2024-11-08 13:30,2930.320000,1,1.880000,0.0600,0.000000,18.625000,345.520000
119,Entry short,2024-11-08 12:45,2932.200000,1,1.880000,0.0600,0.000000,18.625000,345.520000
118,Exit short,2024-11-08 13:30,2930.320000,1,-15.770000,-0.5400,0.000000,24.450000,343.640000
118,Entry short,2024-11-08 12:30,2914.550000,1,-15.770000,-0.5400,0.000000,24.450000,343.640000
117,Exit long,2024-11-08 01:30,2924.580000,1,16.950000,0.5800,4.533333,19.006667,359.410000
117,Entry long,2024-11-08 01:00,2907.630000,1,16.950000,0.5800,4.533333,19.006667,359.410000
116,Exit long,2024-11-08 01:30,2924.580000,1,1.800000,0.0600,4.533333,27.025000,342.460000
116,Entry long,2024-11-08 00:45,2922.780000,1,1.800000,0.0600,4.533333,27.025000,342.460000
115,Exit long,2024-11-08 01:30,2924.580000,1,-17.330000,-0.5900,4.533333,27.025000,340.660000
115,Entry long,2024-11-08 00:30,2941.910000,1,-17.330000,-0.5900,4.533333,27.025000,340.660000
114,Exit short,2024-11-07 13:30,2816.840000,1,2.530000,0.0900,3.916667,7.723333,357.990000
114,Entry short,2024-11-07 13:00,2819.370000,1,2.530000,0.0900,3.916667,7.723333,357.990000
113,Exit short,2024-11-07 13:30,2816.840000,1,-0.840000,-0.0300,3.916667,7.723333,355.460000
113,Entry short,2024-11-07 12:45,2816.000000,1,-0.840000,-0.0300,3.916667,7.723333,355.460000
112,Exit short,2024-11-07 13:30,2816.840000,1,-3.980000,-0.1400,8.380000,7.723333,356.300000
112,Entry short,2024-11-07 12:30,2812.860000,1,-3.980000,-0.1400,8.380000,7.723333,356.300000
111,Exit long,2024-11-07 01:30,2821.150000,1,94.580000,3.4700,120.856670,-0.000000,360.280000
111,Entry long,2024-11-07 01:00,2726.570000,1,94.580000,3.4700,120.856670,-0.000000,360.280000
110,Exit long,2024-11-07 01:30,2821.150000,1,112.120000,4.1400,120.856670,4.770000,265.700000
110,Entry long,2024-11-07 00:45,2709.030000,1,112.120000,4.1400,120.856670,4.770000,265.700000
109,Exit long,2024-11-07 01:30,2821.150000,1,114.320000,4.2200,120.856670,6.520000,153.580000
109,Entry long,2024-11-07 00:30,2706.830000,1,114.320000,4.2200,120.856670,6.520000,153.580000
108,Exit short,2024-11-06 13:30,2620.430000,1,13.160000,0.5000,30.300000,-0.000000,39.260000
108,Entry short,2024-11-06 13:00,2633.590000,1,13.160000,0.5000,30.300000,-0.000000,39.260000
107,Exit short,2024-11-06 13:30,2620.430000,1,21.650000,0.8200,30.300000,8.045000,26.100000
107,Entry short,2024-11-06 12:45,2642.080000,1,21.650000,0.8200,30.300000,8.045000,26.100000
106,Exit short,2024-11-06 13:30,2620.430000,1,15.800000,0.6000,30.300000,10.330000,4.450000
106,Entry short,2024-11-06 12:30,2636.230000,1,15.800000,0.6000,30.300000,10.330000,4.450000
105,Exit long,2024-11-06 01:30,2480.270000,1,-3.730000,-0.1500,39.400000,-0.000000,-11.350000
105,Entry long,2024-11-06 01:00,2484.000000,1,-3.730000,-0.1500,39.400000,-0.000000,-11.350000
104,Exit long,2024-11-06 01:30,2480.270000,1,4.930000,0.2000,39.400000,-0.000000,-7.620000
104,Entry long,2024-11-06 00:45,2475.340000,1,4.930000,0.2000,39.400000,-0.000000,-7.620000
103,Exit long,2024-11-06 01:30,2480.270000,1,28.440000,1.1600,39.400000,0.130000,-12.550000
103,Entry long,2024-11-06 00:30,2451.830000,1,28.440000,1.1600,39.400000,0.130000,-12.550000
102,Exit short,2024-11-05 13:30,2439.740000,1,3.420000,0.1400,5.443333,3.136667,-40.990000
102,Entry short,2024-11-05 13:00,2443.160000,1,3.420000,0.1400,5.443333,3.136667,-40.990000
101,Exit short,2024-11-05 13:30,2439.740000,1,4.730000,0.1900,5.443333,6.975000,-44.410000
101,Entry short,2024-11-05 12:45,2444.470000,1,4.730000,0.1900,5.443333,6.975000,-44.410000
100,Exit short,2024-11-05 13:30,2439.740000,1,-3.040000,-0.1200,5.443333,9.900000,-49.140000
100,Entry short,2024-11-05 12:30,2436.700000,1,-3.040000,-0.1200,5.443333,9.900000,-49.140000
99,Exit long,2024-11-05 01:30,2383.710000,1,-16.240000,-0.6800,0.890000,21.290000,-46.100000
99,Entry long,2024-11-05 01:00,2399.950000,1,-16.240000,-0.6800,0.890000,21.290000,-46.100000
98,Exit long,2024-11-05 01:30,2383.710000,1,-18.760000,-0.7800,5.050000,21.290000,-29.860000
98,Entry long,2024-11-05 00:45,2402.470000,1,-18.760000,-0.7800,5.050000,21.290000,-29.860000
97,Exit long,2024-11-05 01:30,2383.710000,1,-21.580000,-0.9000,5.050000,21.290000,-11.100000
97,Entry long,2024-11-05 00:30,2405.290000,1,-21.580000,-0.9000,5.050000,21.290000,-11.100000
96,Exit short,2024-11-04 13:30,2474.460000,1,1.620000,0.0700,1.846667,11.703333,10.480000
96,Entry short,2024-11-04 13:00,2476.080000,1,1.620000,0.0700,1.846667,11.703333,10.480000
95,Exit short,2024-11-04 13:30,2474.460000,1,-3.560000,-0.1400,3.730000,11.703333,8.860000
95,Entry short,2024-11-04 12:45,2470.900000,1,-3.560000,-0.1400,3.730000,11.703333,8.860000
94,Exit short,2024-11-04 13:30,2474.460000,1,0.100000,0.0000,5.560000,11.703333,12.420000
94,Entry short,2024-11-04 12:30,2474.560000,1,0.100000,0.0000,5.560000,11.703333,12.420000
93,Exit long,2024-11-04 01:30,2463.100000,1,13.060000,0.5300,28.580000,0.770000,12.320000
93,Entry long,2024-11-04 01:00,2450.040000,1,13.060000,0.5300,28.580000,0.770000,12.320000
92,Exit long,2024-11-04 01:30,2463.100000,1,23.910000,0.9800,28.580000,7.470000,-0.740000
92,Entry long,2024-11-04 00:45,2439.190000,1,23.910000,0.9800,28.580000,7.470000,-0.740000
91,Exit long,2024-11-04 01:30,2463.100000,1,14.750000,0.6000,28.580000,14.220000,-24.650000
91,Entry long,2024-11-04 00:30,2448.350000,1,14.750000,0.6000,28.580000,14.220000,-24.650000
90,Exit short,2024-11-03 13:30,2451.420000,1,2.970000,0.1200,11.833333,-0.000000,-39.400000
90,Entry short,2024-11-03 13:00,2454.390000,1,2.970000,0.1200,11.833333,-0.000000,-39.400000
89,Exit short,2024-11-03 13:30,2451.420000,1,8.370000,0.3400,11.833333,0.785000,-42.370000
89,Entry short,2024-11-03 12:45,2459.790000,1,8.370000,0.3400,11.833333,0.785000,-42.370000
88,Exit short,2024-11-03 13:30,2451.420000,1,7.600000,0.3100,11.833333,0.980000,-50.740000
88,Entry short,2024-11-03 12:30,2459.020000,1,7.600000,0.3100,11.833333,0.980000,-50.740000
87,Exit long,2024-11-03 01:30,2483.430000,1,0.930000,0.0400,0.000000,9.363333,-58.340000
87,Entry long,2024-11-03 01:00,2482.500000,1,0.930000,0.0400,0.000000,9.363333,-58.340000
86,Exit long,2024-11-03 01:30,2483.430000,1,-5.370000,-0.2200,0.000000,9.363333,-59.270000
86,Entry long,2024-11-03 00:45,2488.800000,1,-5.370000,-0.2200,0.000000,9.363333,-59.270000
85,Exit long,2024-11-03 01:30,2483.430000,1,-10.720000,-0.4300,2.060000,9.363333,-53.900000
85,Entry long,2024-11-03 00:30,2494.150000,1,-10.720000,-0.4300,2.060000,9.363333,-53.900000
84,Exit short,2024-11-02 13:30,2498.340000,1,-10.340000,-0.4200,12.063333,6.216667,-43.180000
84,Entry short,2024-11-02 13:00,2488.000000,1,-10.340000,-0.4200,12.063333,6.216667,-43.180000
83,Exit short,2024-11-02 13:30,2498.340000,1,-4.270000,-0.1700,12.063333,6.216667,-32.840000
83,Entry short,2024-11-02 12:45,2494.070000,1,-4.270000,-0.1700,12.063333,6.216667,-32.840000
82,Exit short,2024-11-02 13:30,2498.340000,1,-3.440000,-0.1400,12.063333,6.216667,-28.570000
82,Entry short,2024-11-02 12:30,2494.900000,1,-3.440000,-0.1400,12.063333,6.216667,-28.570000
81,Exit long,2024-11-02 01:30,2515.270000,1,-1.080000,-0.0400,3.430000,5.370000,-25.130000
81,Entry long,2024-11-02 01:00,2516.350000,1,-1.080000,-0.0400,3.430000,5.370000,-25.130000
80,Exit long,2024-11-02 01:30,2515.270000,1,-0.690000,-0.0300,3.430000,5.370000,-24.050000
80,Entry long,2024-11-02 00:45,2515.960000,1,-0.690000,-0.0300,3.430000,5.370000,-24.050000
79,Exit long,2024-11-02 01:30,2515.270000,1,-2.130000,-0.0800,3.430000,5.370000,-23.360000
79,Entry long,2024-11-02 00:30,2517.400000,1,-2.130000,-0.0800,3.430000,5.370000,-23.360000
78,Exit short,2024-11-01 13:30,2536.440000,1,0.380000,0.0100,0.673333,8.806667,-21.230000
78,Entry short,2024-11-01 13:00,2536.820000,1,0.380000,0.0100,0.673333,8.806667,-21.230000
77,Exit short,2024-11-01 13:30,2536.440000,1,-0.650000,-0.0300,0.673333,14.970000,-21.610000
77,Entry short,2024-11-01 12:45,2535.790000,1,-0.650000,-0.0300,0.673333,14.970000,-21.610000
76,Exit short,2024-11-01 13:30,2536.440000,1,-16.970000,-0.6700,3.280000,24.260000,-20.960000
76,Entry short,2024-11-01 12:30,2519.470000,1,-16.970000,-0.6700,3.280000,24.260000,-20.960000
75,Exit long,2024-11-01 01:30,2519.780000,1,-4.610000,-0.1800,3.933333,8.656667,-3.990000
75,Entry long,2024-11-01 01:00,2524.390000,1,-4.610000,-0.1800,3.933333,8.656667,-3.990000
74,Exit long,2024-11-01 01:30,2519.780000,1,-7.220000,-0.2900,4.685000,8.656667,0.620000
74,Entry long,2024-11-01 00:45,2527.000000,1,-7.220000,-0.2900,4.685000,8.656667,0.620000
73,Exit long,2024-11-01 01:30,2519.780000,1,-9.850000,-0.3900,4.685000,8.656667,7.840000
73,Entry long,2024-11-01 00:30,2529.630000,1,-9.850000,-0.3900,4.685000,8.656667,7.840000
72,Exit short,2024-10-31 13:30,2623.660000,1,15.300000,0.5800,17.183333,2.616667,17.690000
72,Entry short,2024-10-31 13:00,2638.960000,1,15.300000,0.5800,17.183333,2.616667,17.690000
71,Exit short,2024-10-31 13:30,2623.660000,1,13.560000,0.5100,17.183333,5.135000,2.390000
71,Entry short,2024-10-31 12:45,2637.220000,1,13.560000,0.5100,17.183333,5.135000,2.390000
70,Exit short,2024-10-31 13:30,2623.660000,1,11.710000,0.4400,17.183333,5.135000,-11.170000
70,Entry short,2024-10-31 12:30,2635.370000,1,11.710000,0.4400,17.183333,5.135000,-11.170000
69,Exit long,2024-10-31 01:30,2662.740000,1,3.590000,0.1400,6.223333,2.436667,-22.880000
69,Entry long,2024-10-31 01:00,2659.150000,1,3.590000,0.1400,6.223333,2.436667,-22.880000
68,Exit long,2024-10-31 01:30,2662.740000,1,6.540000,0.2500,6.223333,4.660000,-26.470000
68,Entry long,2024-10-31 00:45,2656.200000,1,6.540000,0.2500,6.223333,4.660000,-26.470000
67,Exit long,2024-10-31 01:30,2662.740000,1,-1.540000,-0.0600,6.223333,8.910000,-33.010000
67,Entry long,2024-10-31 00:30,2664.280000,1,-1.540000,-0.0600,6.223333,8.910000,-33.010000
66,Exit short,2024-10-30 13:30,2687.910000,1,-0.720000,-0.0300,0.000000,19.033333,-31.470000
66,Entry short,2024-10-30 13:00,2687.190000,1,-0.720000,-0.0300,0.000000,19.033333,-31.470000
65,Exit short,2024-10-30 13:30,2687.910000,1,-17.730000,-0.6600,4.045000,23.775000,-30.750000
65,Entry short,2024-10-30 12:45,2670.180000,1,-17.730000,-0.6600,4.045000,23.775000,-30.750000
64,Exit short,2024-10-30 13:30,2687.910000,1,-18.400000,-0.6900,5.510000,23.775000,-13.020000
64,Entry short,2024-10-30 12:30,2669.510000,1,-18.400000,-0.6900,5.510000,23.775000,-13.020000
63,Exit long,2024-10-30 01:30,2613.990000,1,-7.600000,-0.2900,0.000000,26.706667,5.380000
63,Entry long,2024-10-30 01:00,2621.590000,1,-7.600000,-0.2900,0.000000,26.706667,5.380000
62,Exit long,2024-10-30 01:30,2613.990000,1,-13.510000,-0.5100,0.000000,26.706667,12.980000
62,Entry long,2024-10-30 00:45,2627.500000,1,-13.510000,-0.5100,0.000000,26.706667,12.980000
61,Exit long,2024-10-30 01:30,2613.990000,1,-16.740000,-0.6400,0.000000,26.706667,26.490000
61,Entry long,2024-10-30 00:30,2630.730000,1,-16.740000,-0.6400,0.000000,26.706667,26.490000
60,Exit short,2024-10-29 13:30,2621.060000,1,-3.490000,-0.1300,6.920000,-0.000000,43.230000
60,Entry short,2024-10-29 13:00,2617.570000,1,-3.490000,-0.1300,6.920000,-0.000000,43.230000
59,Exit short,2024-10-29 13:30,2621.060000,1,4.010000,0.1500,10.380000,-0.000000,46.720000
59,Entry short,2024-10-29 12:45,2625.070000,1,4.010000,0.1500,10.380000,-0.000000,46.720000
58,Exit short,2024-10-29 13:30,2621.060000,1,6.230000,0.2400,10.380000,0.270000,42.710000
58,Entry short,2024-10-29 12:30,2627.290000,1,6.230000,0.2400,10.380000,0.270000,42.710000
57,Exit long,2024-10-29 01:30,2584.250000,1,1.450000,0.0600,21.180000,-0.000000,36.480000
57,Entry long,2024-10-29 01:00,2582.800000,1,1.450000,0.0600,21.180000,-0.000000,36.480000
56,Exit long,2024-10-29 01:30,2584.250000,1,11.160000,0.4300,21.180000,-0.000000,35.030000
56,Entry long,2024-10-29 00:45,2573.090000,1,11.160000,0.4300,21.180000,-0.000000,35.030000
55,Exit long,2024-10-29 01:30,2584.250000,1,14.720000,0.5700,21.180000,3.430000,23.870000
55,Entry long,2024-10-29 00:30,2569.530000,1,14.720000,0.5700,21.180000,3.430000,23.870000
54,Exit short,2024-10-28 13:30,2527.870000,1,-1.840000,-0.0700,6.040000,4.520000,9.150000
54,Entry short,2024-10-28 13:00,2526.030000,1,-1.840000,-0.0700,6.040000,4.520000,9.150000
53,Exit short,2024-10-28 13:30,2527.870000,1,-1.480000,-0.0600,6.040000,4.520000,10.990000
53,Entry short,2024-10-28 12:45,2526.390000,1,-1.480000,-0.0600,6.040000,4.520000,10.990000
52,Exit short,2024-10-28 13:30,2527.870000,1,1.550000,0.0600,8.250000,6.460000,12.470000
52,Entry short,2024-10-28 12:30,2529.420000,1,1.550000,0.0600,8.250000,6.460000,12.470000
51,Exit long,2024-10-28 01:30,2497.150000,1,-1.920000,-0.0800,1.773333,6.556667,10.920000
51,Entry long,2024-10-28 01:00,2499.070000,1,-1.920000,-0.0800,1.773333,6.556667,10.920000
50,Exit long,2024-10-28 01:30,2497.150000,1,-3.500000,-0.1400,2.770000,6.556667,12.840000
50,Entry long,2024-10-28 00:45,2500.650000,1,-3.500000,-0.1400,2.770000,6.556667,12.840000
49,Exit long,2024-10-28 01:30,2497.150000,1,-8.220000,-0.3300,2.770000,6.556667,16.340000
49,Entry long,2024-10-28 00:30,2505.370000,1,-8.220000,-0.3300,2.770000,6.556667,16.340000
48,Exit short,2024-10-27 13:30,2496.600000,1,-21.320000,-0.8600,1.743333,26.206667,24.560000
48,Entry short,2024-10-27 13:00,2475.280000,1,-21.320000,-0.8600,1.743333,26.206667,24.560000
47,Exit short,2024-10-27 13:30,2496.600000,1,-19.940000,-0.8100,2.810000,26.206667,45.880000
47,Entry short,2024-10-27 12:45,2476.660000,1,-19.940000,-0.8100,2.810000,26.206667,45.880000
46,Exit short,2024-10-27 13:30,2496.600000,1,-18.160000,-0.7300,3.400000,26.206667,65.820000
46,Entry short,2024-10-27 12:30,2478.440000,1,-18.160000,-0.7300,3.400000,26.206667,65.820000
45,Exit long,2024-10-27 01:30,2472.910000,1,-2.870000,-0.1200,0.000000,8.446667,83.980000
45,Entry long,2024-10-27 01:00,2475.780000,1,-2.870000,-0.1200,0.000000,8.446667,83.980000
44,Exit long,2024-10-27 01:30,2472.910000,1,-6.080000,-0.2500,0.000000,8.446667,86.850000
44,Entry long,2024-10-27 00:45,2478.990000,1,-6.080000,-0.2500,0.000000,8.446667,86.850000
43,Exit long,2024-10-27 01:30,2472.910000,1,-8.260000,-0.3300,0.420000,8.446667,92.930000
43,Entry long,2024-10-27 00:30,2481.170000,1,-8.260000,-0.3300,0.420000,8.446667,92.930000
42,Exit short,2024-10-26 13:30,2472.460000,1,-1.740000,-0.0700,5.963333,1.616667,101.190000
42,Entry short,2024-10-26 13:00,2470.720000,1,-1.740000,-0.0700,5.963333,1.616667,101.190000
41,Exit short,2024-10-26 13:30,2472.460000,1,0.070000,0.0000,5.963333,1.616667,102.930000
41,Entry short,2024-10-26 12:45,2472.530000,1,0.070000,0.0000,5.963333,1.616667,102.930000
40,Exit short,2024-10-26 13:30,2472.460000,1,0.450000,0.0200,5.963333,1.616667,102.860000
40,Entry short,2024-10-26 12:30,2472.910000,1,0.450000,0.0200,5.963333,1.616667,102.860000
39,Exit long,2024-10-26 01:30,2446.000000,1,2.920000,0.1200,5.123333,8.616667,102.410000
39,Entry long,2024-10-26 01:00,2443.080000,1,2.920000,0.1200,5.123333,8.616667,102.410000
38,Exit long,2024-10-26 01:30,2446.000000,1,0.620000,0.0300,7.525000,8.616667,99.490000
38,Entry long,2024-10-26 00:45,2445.380000,1,0.620000,0.0300,7.525000,8.616667,99.490000
37,Exit long,2024-10-26 01:30,2446.000000,1,5.470000,0.2200,7.525000,8.616667,98.870000
37,Entry long,2024-10-26 00:30,2440.530000,1,5.470000,0.2200,7.525000,8.616667,98.870000
36,Exit short,2024-10-25 13:30,2536.970000,1,1.070000,0.0400,9.290000,2.950000,93.400000
36,Entry short,2024-10-25 13:00,2538.040000,1,1.070000,0.0400,9.290000,2.950000,93.400000
35,Exit short,2024-10-25 13:30,2536.970000,1,5.570000,0.2200,9.290000,2.950000,92.330000
35,Entry short,2024-10-25 12:45,2542.540000,1,5.570000,0.2200,9.290000,2.950000,92.330000
34,Exit short,2024-10-25 13:30,2536.970000,1,7.400000,0.2900,9.290000,2.950000,86.760000
34,Entry short,2024-10-25 12:30,2544.370000,1,7.400000,0.2900,9.290000,2.950000,86.760000
33,Exit long,2024-10-25 01:30,2526.650000,1,2.110000,0.0800,0.000000,9.666667,79.360000
33,Entry long,2024-10-25 01:00,2524.540000,1,2.110000,0.0800,0.000000,9.666667,79.360000
32,Exit long,2024-10-25 01:30,2526.650000,1,1.320000,0.0500,0.000000,9.666667,77.250000
32,Entry long,2024-10-25 00:45,2525.330000,1,1.320000,0.0500,0.000000,9.666667,77.250000
31,Exit long,2024-10-25 01:30,2526.650000,1,-7.170000,-0.2800,0.450000,10.350000,75.930000
31,Entry long,2024-10-25 00:30,2533.820000,1,-7.170000,-0.2800,0.450000,10.350000,75.930000
30,Exit short,2024-10-24 13:30,2528.600000,1,1.570000,0.0600,4.193333,7.026667,83.100000
30,Entry short,2024-10-24 13:00,2530.170000,1,1.570000,0.0600,4.193333,7.026667,83.100000
29,Exit short,2024-10-24 13:30,2528.600000,1,0.260000,0.0100,4.193333,7.335000,81.530000
29,Entry short,2024-10-24 12:45,2528.860000,1,0.260000,0.0100,4.193333,7.335000,81.530000
28,Exit short,2024-10-24 13:30,2528.600000,1,1.990000,0.0800,4.800000,7.335000,81.270000
28,Entry short,2024-10-24 12:30,2530.590000,1,1.990000,0.0800,4.800000,7.335000,81.270000
27,Exit long,2024-10-24 01:30,2544.580000,1,-4.680000,-0.1800,33.553333,-0.000000,79.280000
27,Entry long,2024-10-24 01:00,2549.260000,1,-4.680000,-0.1800,33.553333,-0.000000,79.280000
26,Exit long,2024-10-24 01:30,2544.580000,1,22.320000,0.8800,33.553333,-0.000000,83.960000
26,Entry long,2024-10-24 00:45,2522.260000,1,22.320000,0.8800,33.553333,-0.000000,83.960000
25,Exit long,2024-10-24 01:30,2544.580000,1,33.640000,1.3400,33.553333,0.010000,61.640000
25,Entry long,2024-10-24 00:30,2510.940000,1,33.640000,1.3400,33.553333,0.010000,61.640000
24,Exit short,2024-10-23 13:30,2576.850000,1,-6.160000,-0.2400,2.466667,7.503333,28.000000
24,Entry short,2024-10-23 13:00,2570.690000,1,-6.160000,-0.2400,2.466667,7.503333,28.000000
23,Exit short,2024-10-23 13:30,2576.850000,1,-5.180000,-0.2000,2.505000,7.503333,34.160000
23,Entry short,2024-10-23 12:45,2571.670000,1,-5.180000,-0.2000,2.505000,7.503333,34.160000
22,Exit short,2024-10-23 13:30,2576.850000,1,-9.190000,-0.3600,12.660000,7.503333,39.340000
22,Entry short,2024-10-23 12:30,2567.660000,1,-9.190000,-0.3600,12.660000,7.503333,39.340000
21,Exit long,2024-10-23 01:30,2621.680000,1,8.360000,0.3200,9.403333,2.356667,48.530000
21,Entry long,2024-10-23 01:00,2613.320000,1,8.360000,0.3200,9.403333,2.356667,48.530000
20,Exit long,2024-10-23 01:30,2621.680000,1,6.280000,0.2400,9.403333,5.620000,40.170000
20,Entry long,2024-10-23 00:45,2615.400000,1,6.280000,0.2400,9.403333,5.620000,40.170000
19,Exit long,2024-10-23 01:30,2621.680000,1,3.820000,0.1500,9.403333,5.620000,33.890000
19,Entry long,2024-10-23 00:30,2617.860000,1,3.820000,0.1500,9.403333,5.620000,33.890000
18,Exit short,2024-10-22 13:30,2629.650000,1,-7.440000,-0.2800,8.590000,8.750000,30.070000
18,Entry short,2024-10-22 13:00,2622.210000,1,-7.440000,-0.2800,8.590000,8.750000,30.070000
17,Exit short,2024-10-22 13:30,2629.650000,1,-8.880000,-0.3400,9.205000,8.750000,37.510000
17,Entry short,2024-10-22 12:45,2620.770000,1,-8.880000,-0.3400,9.205000,8.750000,37.510000
16,Exit short,2024-10-22 13:30,2629.650000,1,3.270000,0.1200,12.910000,8.750000,46.390000
16,Entry short,2024-10-22 12:30,2632.920000,1,3.270000,0.1200,12.910000,8.750000,46.390000
15,Exit long,2024-10-22 01:30,2645.000000,1,7.150000,0.2700,8.883333,12.956667,43.120000
15,Entry long,2024-10-22 01:00,2637.850000,1,7.150000,0.2700,8.883333,12.956667,43.120000
14,Exit long,2024-10-22 01:30,2645.000000,1,12.290000,0.4700,8.883333,12.956667,35.970000
14,Entry long,2024-10-22 00:45,2632.710000,1,12.290000,0.4700,8.883333,12.956667,35.970000
13,Exit long,2024-10-22 01:30,2645.000000,1,-2.720000,-0.1000,8.883333,33.950000,23.680000
13,Entry long,2024-10-22 00:30,2647.720000,1,-2.720000,-0.1000,8.883333,33.950000,23.680000
12,Exit short,2024-10-21 13:30,2691.640000,1,6.480000,0.2400,27.556667,1.863333,26.400000
12,Entry short,2024-10-21 13:00,2698.120000,1,6.480000,0.2400,27.556667,1.863333,26.400000
11,Exit short,2024-10-21 13:30,2691.640000,1,-1.420000,-0.0500,27.556667,1.863333,19.920000
11,Entry short,2024-10-21 12:45,2690.220000,1,-1.420000,-0.0500,27.556667,1.863333,19.920000
10,Exit short,2024-10-21 13:30,2691.640000,1,17.370000,0.6400,27.556667,1.863333,21.340000
10,Entry short,2024-10-21 12:30,2709.010000,1,17.370000,0.6400,27.556667,1.863333,21.340000
9,Exit long,2024-10-21 01:30,2752.850000,1,6.420000,0.2300,9.136667,10.023333,3.970000
9,Entry long,2024-10-21 01:00,2746.430000,1,6.420000,0.2300,9.136667,10.023333,3.970000
8,Exit long,2024-10-21 01:30,2752.850000,1,2.100000,0.0800,9.136667,13.820000,-2.450000
8,Entry long,2024-10-21 00:45,2750.750000,1,2.100000,0.0800,9.136667,13.820000,-2.450000
7,Exit long,2024-10-21 01:30,2752.850000,1,-8.140000,-0.2900,9.136667,13.820000,-4.550000
7,Entry long,2024-10-21 00:30,2760.990000,1,-8.140000,-0.2900,9.136667,13.820000,-4.550000
6,Exit short,2024-10-20 13:30,2646.480000,1,-2.760000,-0.1000,8.243333,-0.000000,3.590000
6,Entry short,2024-10-20 13:00,2643.720000,1,-2.760000,-0.1000,8.243333,-0.000000,3.590000
5,Exit short,2024-10-20 13:30,2646.480000,1,5.430000,0.2000,8.370000,0.810000,6.350000
5,Entry short,2024-10-20 12:45,2651.910000,1,5.430000,0.2000,8.370000,0.810000,6.350000
4,Exit short,2024-10-20 13:30,2646.480000,1,4.630000,0.1700,8.370000,1.910000,0.920000
4,Entry short,2024-10-20 12:30,2651.110000,1,4.630000,0.1700,8.370000,1.910000,0.920000
3,Exit long,2024-10-20 01:30,2642.450000,1,0.640000,0.0200,0.000000,6.516667,-3.710000
3,Entry long,2024-10-20 01:00,2641.810000,1,0.640000,0.0200,0.000000,6.516667,-3.710000
2,Exit long,2024-10-20 01:30,2642.450000,1,-0.480000,-0.0200,0.000000,6.516667,-4.350000
2,Entry long,2024-10-20 00:45,2642.930000,1,-0.480000,-0.0200,0.000000,6.516667,-4.350000
1,Exit long,2024-10-20 01:30,2642.450000,1,-3.870000,-0.1500,0.240000,6.516667,-3.870000
1,Entry long,2024-10-20 00:30,2646.320000,1,-3.870000,-0.1500,0.240000,6.516667,-3.870000
