Trade #,Type,Date and time,Price,Qty,Net PnL,Net PnL %,MFE,MAE,Cumulative PnL
539,Exit long,2026-05-04 06:30,2361.100000,1,-1.890000,-0.0800,35.890000,9.990000,1336.550000
539,Entry long,2026-05-04 02:15,2362.990000,1,-1.890000,-0.0800,35.890000,9.990000,1336.550000
538,Exit long,2026-05-03 06:30,2299.720000,1,-1.900000,-0.0800,2.570000,5.610000,1338.440000
538,Entry long,2026-05-03 02:45,2301.620000,1,-1.900000,-0.0800,2.570000,5.610000,1338.440000
537,Exit long,2026-05-02 06:30,2296.360000,1,-0.600000,-0.0300,11.130000,2.920000,1340.340000
537,Entry long,2026-05-02 02:30,2296.960000,1,-0.600000,-0.0300,11.130000,2.920000,1340.340000
536,Exit long,2026-05-01 06:30,2283.200000,1,16.420000,0.7200,28.210000,1.990000,1340.940000
536,Entry long,2026-05-01 03:00,2266.780000,1,16.420000,0.7200,28.210000,1.990000,1340.940000
535,Exit long,2026-04-30 06:30,2245.760000,1,-0.670000,-0.0300,9.310000,16.330000,1324.520000
535,Entry long,2026-04-30 03:00,2246.430000,1,-0.670000,-0.0300,9.310000,16.330000,1324.520000
534,Exit long,2026-04-29 06:30,2328.010000,1,39.790000,1.7400,53.930000,1.540000,1325.190000
534,Entry long,2026-04-29 03:00,2288.220000,1,39.790000,1.7400,53.930000,1.540000,1325.190000
533,Exit long,2026-04-28 06:30,2284.600000,1,-3.820000,-0.1700,7.350000,6.740000,1285.400000
533,Entry long,2026-04-28 03:45,2288.420000,1,-3.820000,-0.1700,7.350000,6.740000,1285.400000
532,Exit long,2026-04-27 06:30,2324.210000,1,-69.000000,-2.8800,6.660000,77.210000,1289.220000
532,Entry long,2026-04-27 02:30,2393.210000,1,-69.000000,-2.8800,6.660000,77.210000,1289.220000
531,Exit long,2026-04-26 06:30,2328.360000,1,11.380000,0.4900,19.650000,11.910000,1358.220000
531,Entry long,2026-04-26 02:15,2316.980000,1,11.380000,0.4900,19.650000,11.910000,1358.220000
530,Exit long,2026-04-25 06:30,2313.950000,1,-3.700000,-0.1600,1.810000,5.600000,1346.840000
530,Entry long,2026-04-25 02:30,2317.650000,1,-3.700000,-0.1600,1.810000,5.600000,1346.840000
529,Exit long,2026-04-24 06:30,2312.080000,1,-16.530000,-0.7100,0.950000,30.170000,1350.540000
529,Entry long,2026-04-24 02:30,2328.610000,1,-16.530000,-0.7100,0.950000,30.170000,1350.540000
528,Exit long,2026-04-23 06:30,2355.240000,1,1.290000,0.0500,3.770000,6.430000,1367.070000
528,Entry long,2026-04-23 06:00,2353.950000,1,1.290000,0.0500,3.770000,6.430000,1367.070000
527,Exit long,2026-04-22 06:30,2391.340000,1,50.330000,2.1500,73.340000,7.060000,1365.780000
527,Entry long,2026-04-22 02:15,2341.010000,1,50.330000,2.1500,73.340000,7.060000,1365.780000
526,Exit long,2026-04-21 06:30,2308.720000,1,-2.200000,-0.1000,8.780000,13.410000,1315.450000
526,Entry long,2026-04-21 02:30,2310.920000,1,-2.200000,-0.1000,8.780000,13.410000,1315.450000
525,Exit long,2026-04-20 06:30,2273.530000,1,-4.420000,-0.1900,9.710000,15.890000,1317.650000
525,Entry long,2026-04-20 02:30,2277.950000,1,-4.420000,-0.1900,9.710000,15.890000,1317.650000
524,Exit long,2026-04-19 06:30,2326.580000,1,-20.180000,-0.8600,1.160000,27.260000,1322.070000
524,Entry long,2026-04-19 02:15,2346.760000,1,-20.180000,-0.8600,1.160000,27.260000,1322.070000
523,Exit long,2026-04-18 06:30,2407.390000,1,-13.090000,-0.5400,3.250000,23.480000,1342.250000
523,Entry long,2026-04-18 02:15,2420.480000,1,-13.090000,-0.5400,3.250000,23.480000,1342.250000
522,Exit long,2026-04-17 06:30,2324.770000,1,-7.240000,-0.3100,1.110000,17.930000,1355.340000
522,Entry long,2026-04-17 02:30,2332.010000,1,-7.240000,-0.3100,1.110000,17.930000,1355.340000
521,Exit long,2026-04-16 06:30,2354.270000,1,-1.420000,-0.0600,12.760000,9.100000,1362.580000
521,Entry long,2026-04-16 02:15,2355.690000,1,-1.420000,-0.0600,12.760000,9.100000,1362.580000
520,Exit long,2026-04-15 06:30,2316.470000,1,-7.940000,-0.3400,12.780000,11.620000,1364.000000
520,Entry long,2026-04-15 03:15,2324.410000,1,-7.940000,-0.3400,12.780000,11.620000,1364.000000
519,Exit long,2026-04-14 06:30,2365.330000,1,-9.520000,-0.4000,3.150000,20.980000,1371.940000
519,Entry long,2026-04-14 02:15,2374.850000,1,-9.520000,-0.4000,3.150000,20.980000,1371.940000
518,Exit long,2026-04-13 06:30,2195.570000,1,0.710000,0.0300,3.830000,13.840000,1381.460000
518,Entry long,2026-04-13 03:15,2194.860000,1,0.710000,0.0300,3.830000,13.840000,1381.460000
517,Exit long,2026-04-12 06:30,2218.360000,1,-10.650000,-0.4800,3.890000,22.010000,1380.750000
517,Entry long,2026-04-12 02:15,2229.010000,1,-10.650000,-0.4800,3.890000,22.010000,1380.750000
516,Exit long,2026-04-11 06:30,2230.670000,1,-15.850000,-0.7100,4.810000,19.490000,1391.400000
516,Entry long,2026-04-11 02:15,2246.520000,1,-15.850000,-0.7100,4.810000,19.490000,1391.400000
515,Exit long,2026-04-10 06:30,2189.790000,1,-6.490000,-0.3000,6.390000,14.860000,1407.250000
515,Entry long,2026-04-10 02:30,2196.280000,1,-6.490000,-0.3000,6.390000,14.860000,1407.250000
514,Exit long,2026-04-09 06:30,2176.380000,1,-5.050000,-0.2300,7.140000,8.710000,1413.740000
514,Entry long,2026-04-09 02:15,2181.430000,1,-5.050000,-0.2300,7.140000,8.710000,1413.740000
513,Exit long,2026-04-08 06:30,2249.660000,1,13.330000,0.6000,16.820000,6.110000,1418.790000
513,Entry long,2026-04-08 02:45,2236.330000,1,13.330000,0.6000,16.820000,6.110000,1418.790000
512,Exit long,2026-04-07 06:30,2100.160000,1,-1.240000,-0.0600,16.850000,6.050000,1405.460000
512,Entry long,2026-04-07 02:15,2101.400000,1,-1.240000,-0.0600,16.850000,6.050000,1405.460000
511,Exit long,2026-04-06 06:30,2120.420000,1,-19.520000,-0.9100,0.990000,20.710000,1406.700000
511,Entry long,2026-04-06 02:30,2139.940000,1,-19.520000,-0.9100,0.990000,20.710000,1406.700000
510,Exit long,2026-04-05 06:30,2034.230000,1,-22.170000,-1.0800,3.590000,30.080000,1426.220000
510,Entry long,2026-04-05 02:15,2056.400000,1,-22.170000,-1.0800,3.590000,30.080000,1426.220000
509,Exit long,2026-04-04 06:30,2053.250000,1,3.880000,0.1900,5.920000,2.190000,1448.390000
509,Entry long,2026-04-04 02:30,2049.370000,1,3.880000,0.1900,5.920000,2.190000,1448.390000
508,Exit long,2026-04-03 06:30,2058.880000,1,8.920000,0.4400,14.030000,11.610000,1444.510000
508,Entry long,2026-04-03 02:15,2049.960000,1,8.920000,0.4400,14.030000,11.610000,1444.510000
507,Exit long,2026-04-02 06:30,2049.000000,1,-37.530000,-1.8000,1.470000,49.300000,1435.590000
507,Entry long,2026-04-02 02:30,2086.530000,1,-37.530000,-1.8000,1.470000,49.300000,1435.590000
506,Exit long,2026-04-01 06:30,2142.990000,1,52.780000,2.5300,54.060000,4.990000,1473.120000
506,Entry long,2026-04-01 02:45,2090.210000,1,52.780000,2.5300,54.060000,4.990000,1473.120000
505,Exit long,2026-03-31 06:30,2056.470000,1,-20.240000,-0.9700,5.790000,22.970000,1420.340000
505,Entry long,2026-03-31 02:15,2076.710000,1,-20.240000,-0.9700,5.790000,22.970000,1420.340000
504,Exit long,2026-03-30 06:30,2044.440000,1,25.330000,1.2500,39.160000,12.610000,1440.580000
504,Entry long,2026-03-30 02:15,2019.110000,1,25.330000,1.2500,39.160000,12.610000,1440.580000
503,Exit long,2026-03-29 06:30,2000.830000,1,-4.580000,-0.2300,13.590000,9.150000,1415.250000
503,Entry long,2026-03-29 02:15,2005.410000,1,-4.580000,-0.2300,13.590000,9.150000,1415.250000
502,Exit long,2026-03-28 06:30,2002.500000,1,16.810000,0.8500,20.400000,1.960000,1419.830000
502,Entry long,2026-03-28 02:45,1985.690000,1,16.810000,0.8500,20.400000,1.960000,1419.830000
501,Exit long,2026-03-27 06:30,2063.660000,1,-8.610000,-0.4200,2.500000,30.950000,1403.020000
501,Entry long,2026-03-27 02:30,2072.270000,1,-8.610000,-0.4200,2.500000,30.950000,1403.020000
500,Exit long,2026-03-26 06:30,2121.680000,1,-28.330000,-1.3200,4.890000,39.290000,1411.630000
500,Entry long,2026-03-26 03:00,2150.010000,1,-28.330000,-1.3200,4.890000,39.290000,1411.630000
499,Exit long,2026-03-25 06:30,2171.090000,1,14.340000,0.6600,22.970000,11.630000,1439.960000
499,Entry long,2026-03-25 02:15,2156.750000,1,14.340000,0.6600,22.970000,11.630000,1439.960000
498,Exit long,2026-03-24 06:30,2136.530000,1,-5.280000,-0.2500,10.680000,13.990000,1425.620000
498,Entry long,2026-03-24 02:30,2141.810000,1,-5.280000,-0.2500,10.680000,13.990000,1425.620000
497,Exit long,2026-03-23 06:30,2058.100000,1,0.530000,0.0300,14.350000,11.020000,1430.900000
497,Entry long,2026-03-23 02:15,2057.570000,1,0.530000,0.0300,14.350000,11.020000,1430.900000
496,Exit long,2026-03-22 06:30,2111.350000,1,19.540000,0.9300,34.570000,4.010000,1430.370000
496,Entry long,2026-03-22 02:15,2091.810000,1,19.540000,0.9300,34.570000,4.010000,1430.370000
495,Exit long,2026-03-21 06:30,2153.740000,1,4.290000,0.2000,7.960000,2.160000,1410.830000
495,Entry long,2026-03-21 02:15,2149.450000,1,4.290000,0.2000,7.960000,2.160000,1410.830000
494,Exit long,2026-03-20 06:30,2137.230000,1,-5.690000,-0.2700,15.610000,10.620000,1406.540000
494,Entry long,2026-03-20 02:45,2142.920000,1,-5.690000,-0.2700,15.610000,10.620000,1406.540000
493,Exit long,2026-03-19 06:30,2186.100000,1,-14.310000,-0.6500,32.230000,19.240000,1412.230000
493,Entry long,2026-03-19 02:15,2200.410000,1,-14.310000,-0.6500,32.230000,19.240000,1412.230000
492,Exit long,2026-03-18 06:30,2327.990000,1,-5.690000,-0.2400,16.310000,20.800000,1426.540000
492,Entry long,2026-03-18 02:30,2333.680000,1,-5.690000,-0.2400,16.310000,20.800000,1426.540000
491,Exit long,2026-03-17 06:30,2320.250000,1,-28.870000,-1.2300,11.350000,56.550000,1432.230000
491,Entry long,2026-03-17 02:30,2349.120000,1,-28.870000,-1.2300,11.350000,56.550000,1432.230000
490,Exit long,2026-03-16 06:30,2264.920000,1,88.200000,4.0500,111.280000,3.940000,1461.100000
490,Entry long,2026-03-16 02:45,2176.720000,1,88.200000,4.0500,111.280000,3.940000,1461.100000
489,Exit long,2026-03-15 06:30,2105.620000,1,9.930000,0.4700,20.660000,7.020000,1372.900000
489,Entry long,2026-03-15 02:30,2095.690000,1,9.930000,0.4700,20.660000,7.020000,1372.900000
488,Exit long,2026-03-14 06:30,2084.000000,1,-8.410000,-0.4000,13.340000,12.110000,1362.970000
488,Entry long,2026-03-14 02:45,2092.410000,1,-8.410000,-0.4000,13.340000,12.110000,1362.970000
487,Exit long,2026-03-13 06:30,2095.270000,1,-17.450000,-0.8300,10.730000,22.670000,1371.380000
487,Entry long,2026-03-13 03:45,2112.720000,1,-17.450000,-0.8300,10.730000,22.670000,1371.380000
486,Exit long,2026-03-12 06:30,2029.590000,1,-2.680000,-0.1300,1.630000,16.100000,1388.830000
486,Entry long,2026-03-12 03:30,2032.270000,1,-2.680000,-0.1300,1.630000,16.100000,1388.830000
485,Exit long,2026-03-11 06:30,2019.000000,1,-7.450000,-0.3700,14.550000,16.450000,1391.510000
485,Entry long,2026-03-11 03:00,2026.450000,1,-7.450000,-0.3700,14.550000,16.450000,1391.510000
484,Exit long,2026-03-10 06:30,2046.700000,1,25.960000,1.2800,33.190000,5.990000,1398.960000
484,Entry long,2026-03-10 02:15,2020.740000,1,25.960000,1.2800,33.190000,5.990000,1398.960000
483,Exit long,2026-03-09 06:30,1997.930000,1,52.680000,2.7100,68.080000,5.170000,1373.000000
483,Entry long,2026-03-09 02:30,1945.250000,1,52.680000,2.7100,68.080000,5.170000,1373.000000
482,Exit long,2026-03-08 06:30,1942.700000,1,-26.100000,-1.3300,0.470000,41.220000,1320.320000
482,Entry long,2026-03-08 02:15,1968.800000,1,-26.100000,-1.3300,0.470000,41.220000,1320.320000
481,Exit long,2026-03-07 06:30,1973.470000,1,-2.930000,-0.1500,19.340000,14.740000,1346.420000
481,Entry long,2026-03-07 02:45,1976.400000,1,-2.930000,-0.1500,19.340000,14.740000,1346.420000
480,Exit long,2026-03-06 06:30,2067.580000,1,-20.120000,-0.9600,0.790000,29.700000,1349.350000
480,Entry long,2026-03-06 02:45,2087.700000,1,-20.120000,-0.9600,0.790000,29.700000,1349.350000
479,Exit long,2026-03-05 06:30,2119.990000,1,-12.350000,-0.5800,12.030000,25.940000,1369.470000
479,Entry long,2026-03-05 02:15,2132.340000,1,-12.350000,-0.5800,12.030000,25.940000,1369.470000
478,Exit long,2026-03-04 06:30,1966.220000,1,-8.880000,-0.4500,6.660000,31.700000,1381.820000
478,Entry long,2026-03-04 02:45,1975.100000,1,-8.880000,-0.4500,6.660000,31.700000,1381.820000
477,Exit long,2026-03-03 06:30,1993.040000,1,-20.260000,-1.0100,8.480000,27.170000,1390.700000
477,Entry long,2026-03-03 02:30,2013.300000,1,-20.260000,-1.0100,8.480000,27.170000,1390.700000
476,Exit long,2026-03-02 06:30,1949.230000,1,0.110000,0.0100,35.330000,8.830000,1410.960000
476,Entry long,2026-03-02 02:30,1949.120000,1,0.110000,0.0100,35.330000,8.830000,1410.960000
475,Exit long,2026-03-01 06:30,1999.660000,1,-52.990000,-2.5800,2.020000,60.560000,1410.850000
475,Entry long,2026-03-01 02:15,2052.650000,1,-52.990000,-2.5800,2.020000,60.560000,1410.850000
474,Exit long,2026-02-28 06:30,1879.290000,1,-48.350000,-2.5100,3.870000,52.980000,1463.840000
474,Entry long,2026-02-28 02:15,1927.640000,1,-48.350000,-2.5100,3.870000,52.980000,1463.840000
473,Exit long,2026-02-27 06:30,2031.660000,1,5.650000,0.2800,37.700000,7.850000,1512.190000
473,Entry long,2026-02-27 02:15,2026.010000,1,5.650000,0.2800,37.700000,7.850000,1512.190000
472,Exit long,2026-02-26 06:30,2063.280000,1,135.680000,7.0400,222.350000,7.030000,1506.540000
472,Entry long,2026-02-25 11:45,1927.600000,1,135.680000,7.0400,222.350000,7.030000,1506.540000
471,Exit long,2026-02-24 06:30,1827.830000,1,-19.460000,-1.0500,6.550000,34.770000,1370.860000
471,Entry long,2026-02-24 02:15,1847.290000,1,-19.460000,-1.0500,6.550000,34.770000,1370.860000
470,Exit long,2026-02-23 06:30,1871.370000,1,8.170000,0.4400,14.800000,11.200000,1390.320000
470,Entry long,2026-02-23 02:30,1863.200000,1,8.170000,0.4400,14.800000,11.200000,1390.320000
469,Exit long,2026-02-22 06:30,1976.260000,1,1.870000,0.0900,3.090000,8.170000,1382.150000
469,Entry long,2026-02-22 03:00,1974.390000,1,1.870000,0.0900,3.090000,8.170000,1382.150000
468,Exit long,2026-02-21 06:30,1962.510000,1,-6.110000,-0.3100,1.370000,13.550000,1380.280000
468,Entry long,2026-02-21 02:15,1968.620000,1,-6.110000,-0.3100,1.370000,13.550000,1380.280000
467,Exit long,2026-02-20 06:30,1953.030000,1,0.550000,0.0300,12.360000,23.960000,1386.390000
467,Entry long,2026-02-20 02:30,1952.480000,1,0.550000,0.0300,12.360000,23.960000,1386.390000
466,Exit long,2026-02-19 06:30,1980.200000,1,9.700000,0.4900,12.270000,8.990000,1385.840000
466,Entry long,2026-02-19 02:15,1970.500000,1,9.700000,0.4900,12.270000,8.990000,1385.840000
465,Exit long,2026-02-18 06:30,2004.320000,1,-0.110000,-0.0100,10.480000,51.820000,1376.140000
465,Entry long,2026-02-17 16:30,2004.430000,1,-0.110000,-0.0100,10.480000,51.820000,1376.140000
464,Exit long,2026-02-16 06:30,1959.030000,1,-1.750000,-0.0900,12.620000,13.540000,1376.250000
464,Entry long,2026-02-16 02:45,1960.780000,1,-1.750000,-0.0900,12.620000,13.540000,1376.250000
463,Exit long,2026-02-15 06:30,2089.110000,1,26.900000,1.3000,33.730000,27.860000,1378.000000
463,Entry long,2026-02-15 02:45,2062.210000,1,26.900000,1.3000,33.730000,27.860000,1378.000000
462,Exit long,2026-02-14 06:30,2050.840000,1,0.450000,0.0200,7.010000,3.190000,1351.100000
462,Entry long,2026-02-14 03:00,2050.390000,1,0.450000,0.0200,7.010000,3.190000,1351.100000
461,Exit long,2026-02-13 06:30,1930.110000,1,-17.280000,-0.8900,10.550000,20.510000,1350.650000
461,Entry long,2026-02-13 02:45,1947.390000,1,-17.280000,-0.8900,10.550000,20.510000,1350.650000
460,Exit long,2026-02-12 06:30,1978.420000,1,15.640000,0.8000,19.580000,10.540000,1367.930000
460,Entry long,2026-02-12 02:30,1962.780000,1,15.640000,0.8000,19.580000,10.540000,1367.930000
459,Exit long,2026-02-11 06:30,1957.940000,1,-71.860000,-3.5400,1.200000,92.800000,1352.290000
459,Entry long,2026-02-11 02:15,2029.800000,1,-71.860000,-3.5400,1.200000,92.800000,1352.290000
458,Exit long,2026-02-10 06:30,2039.930000,1,-78.470000,-3.7000,2.590000,80.400000,1424.150000
458,Entry long,2026-02-10 02:15,2118.400000,1,-78.470000,-3.7000,2.590000,80.400000,1424.150000
457,Exit long,2026-02-09 06:30,2073.300000,1,-1.620000,-0.0800,27.500000,3.890000,1502.620000
457,Entry long,2026-02-09 02:30,2074.920000,1,-1.620000,-0.0800,27.500000,3.890000,1502.620000
456,Exit long,2026-02-08 06:30,2085.970000,1,-14.960000,-0.7100,5.070000,35.650000,1504.240000
456,Entry long,2026-02-08 02:15,2100.930000,1,-14.960000,-0.7100,5.070000,35.650000,1504.240000
455,Exit long,2026-02-07 06:30,2077.930000,1,14.670000,0.7100,55.610000,15.940000,1519.200000
455,Entry long,2026-02-07 02:15,2063.260000,1,14.670000,0.7100,55.610000,15.940000,1519.200000
454,Exit long,2026-02-06 06:30,1939.530000,1,19.540000,1.0200,54.840000,41.390000,1504.530000
454,Entry long,2026-02-06 02:30,1919.990000,1,19.540000,1.0200,54.840000,41.390000,1504.530000
453,Exit long,2026-02-05 06:30,2079.110000,1,-59.900000,-2.8000,24.090000,63.010000,1484.990000
453,Entry long,2026-02-05 02:30,2139.010000,1,-59.900000,-2.8000,24.090000,63.010000,1484.990000
452,Exit long,2026-02-04 06:30,2269.040000,1,-5.770000,-0.2500,20.190000,33.610000,1544.890000
452,Entry long,2026-02-04 02:15,2274.810000,1,-5.770000,-0.2500,20.190000,33.610000,1544.890000
451,Exit long,2026-02-03 06:30,2323.110000,1,5.560000,0.2400,36.850000,21.100000,1550.660000
451,Entry long,2026-02-03 03:30,2317.550000,1,5.560000,0.2400,36.850000,21.100000,1550.660000
450,Exit long,2026-02-02 06:30,2197.190000,1,-96.470000,-4.2100,5.350000,130.450000,1545.100000
450,Entry long,2026-02-02 02:15,2293.660000,1,-96.470000,-4.2100,5.350000,130.450000,1545.100000
449,Exit long,2026-02-01 06:30,2432.670000,1,-21.370000,-0.8700,6.650000,31.250000,1641.570000
449,Entry long,2026-02-01 02:45,2454.040000,1,-21.370000,-0.8700,6.650000,31.250000,1641.570000
448,Exit long,2026-01-31 06:30,2686.000000,1,-9.610000,-0.3600,11.950000,12.970000,1662.940000
448,Entry long,2026-01-31 02:30,2695.610000,1,-9.610000,-0.3600,11.950000,12.970000,1662.940000
447,Exit long,2026-01-30 06:30,2720.900000,1,-14.090000,-0.5200,38.690000,32.150000,1672.550000
447,Entry long,2026-01-30 02:30,2734.990000,1,-14.090000,-0.5200,38.690000,32.150000,1672.550000
446,Exit long,2026-01-29 06:30,2955.780000,1,-41.840000,-1.4000,0.380000,61.230000,1686.640000
446,Entry long,2026-01-29 02:15,2997.620000,1,-41.840000,-1.4000,0.380000,61.230000,1686.640000
445,Exit long,2026-01-28 06:30,3009.160000,1,-6.570000,-0.2200,0.320000,24.200000,1728.480000
445,Entry long,2026-01-28 02:30,3015.730000,1,-6.570000,-0.2200,0.320000,24.200000,1728.480000
444,Exit long,2026-01-27 06:30,2932.650000,1,-6.540000,-0.2200,18.810000,7.890000,1735.050000
444,Entry long,2026-01-27 02:30,2939.190000,1,-6.540000,-0.2200,18.810000,7.890000,1735.050000
443,Exit long,2026-01-26 06:30,2880.420000,1,-2.020000,-0.0700,1.880000,42.980000,1741.590000
443,Entry long,2026-01-26 02:30,2882.440000,1,-2.020000,-0.0700,1.880000,42.980000,1741.590000
442,Exit long,2026-01-24 06:30,2959.000000,1,1.260000,0.0400,11.010000,2.340000,1743.610000
442,Entry long,2026-01-24 02:15,2957.740000,1,1.260000,0.0400,11.010000,2.340000,1743.610000
441,Exit long,2026-01-23 06:30,2944.800000,1,-15.210000,-0.5100,23.610000,23.300000,1742.350000
441,Entry long,2026-01-23 03:15,2960.010000,1,-15.210000,-0.5100,23.610000,23.300000,1742.350000
440,Exit long,2026-01-22 06:30,3008.630000,1,-23.000000,-0.7600,5.860000,33.330000,1757.560000
440,Entry long,2026-01-22 02:15,3031.630000,1,-23.000000,-0.7600,5.860000,33.330000,1757.560000
439,Exit long,2026-01-21 06:30,2989.210000,1,23.200000,0.7800,35.000000,6.220000,1780.560000
439,Entry long,2026-01-21 03:00,2966.010000,1,23.200000,0.7800,35.000000,6.220000,1780.560000
438,Exit long,2026-01-20 06:30,3140.340000,1,-48.550000,-1.5200,10.840000,63.890000,1757.360000
438,Entry long,2026-01-20 02:30,3188.890000,1,-48.550000,-1.5200,10.840000,63.890000,1757.360000
437,Exit long,2026-01-19 06:30,3194.470000,1,-11.790000,-0.3700,9.650000,22.110000,1805.910000
437,Entry long,2026-01-19 02:15,3206.260000,1,-11.790000,-0.3700,9.650000,22.110000,1805.910000
436,Exit long,2026-01-18 06:30,3311.550000,1,7.770000,0.2400,15.990000,8.540000,1817.700000
436,Entry long,2026-01-18 02:15,3303.780000,1,7.770000,0.2400,15.990000,8.540000,1817.700000
435,Exit long,2026-01-17 06:30,3287.200000,1,0.190000,0.0100,5.980000,4.620000,1809.930000
435,Entry long,2026-01-17 02:30,3287.010000,1,0.190000,0.0100,5.980000,4.620000,1809.930000
434,Exit long,2026-01-16 06:30,3307.000000,1,3.770000,0.1100,11.770000,29.180000,1809.740000
434,Entry long,2026-01-16 03:00,3303.230000,1,3.770000,0.1100,11.770000,29.180000,1809.740000
433,Exit long,2026-01-15 06:30,3318.350000,1,2.280000,0.0700,6.140000,40.710000,1805.970000
433,Entry long,2026-01-15 03:00,3316.070000,1,2.280000,0.0700,6.140000,40.710000,1805.970000
432,Exit long,2026-01-14 06:30,3321.660000,1,-14.350000,-0.4300,29.650000,14.890000,1803.690000
432,Entry long,2026-01-14 03:30,3336.010000,1,-14.350000,-0.4300,29.650000,14.890000,1803.690000
431,Exit long,2026-01-13 06:30,3128.670000,1,24.770000,0.8000,41.810000,4.080000,1818.040000
431,Entry long,2026-01-13 03:00,3103.900000,1,24.770000,0.8000,41.810000,4.080000,1818.040000
430,Exit long,2026-01-12 06:30,3156.080000,1,14.070000,0.4500,28.870000,5.510000,1793.270000
430,Entry long,2026-01-12 02:15,3142.010000,1,14.070000,0.4500,28.870000,5.510000,1793.270000
429,Exit long,2026-01-11 06:30,3092.660000,1,-3.220000,-0.1000,5.120000,7.570000,1779.200000
429,Entry long,2026-01-11 02:15,3095.880000,1,-3.220000,-0.1000,5.120000,7.570000,1779.200000
428,Exit long,2026-01-10 06:30,3085.990000,1,-4.830000,-0.1600,2.710000,13.600000,1782.420000
428,Entry long,2026-01-10 02:15,3090.820000,1,-4.830000,-0.1600,2.710000,13.600000,1782.420000
427,Exit long,2026-01-09 06:30,3116.460000,1,-0.380000,-0.0100,5.950000,15.810000,1787.250000
427,Entry long,2026-01-09 03:15,3116.840000,1,-0.380000,-0.0100,5.950000,15.810000,1787.250000
426,Exit long,2026-01-08 06:30,3116.640000,1,-42.370000,-1.3400,6.910000,47.010000,1787.630000
426,Entry long,2026-01-08 03:00,3159.010000,1,-42.370000,-1.3400,6.910000,47.010000,1787.630000
425,Exit long,2026-01-07 06:30,3255.400000,1,2.860000,0.0900,29.110000,7.540000,1830.000000
425,Entry long,2026-01-07 02:15,3252.540000,1,2.860000,0.0900,29.110000,7.540000,1830.000000
424,Exit long,2026-01-06 06:30,3223.170000,1,5.220000,0.1600,14.620000,5.300000,1827.140000
424,Entry long,2026-01-06 03:00,3217.950000,1,5.220000,0.1600,14.620000,5.300000,1827.140000
423,Exit long,2026-01-05 06:30,3143.200000,1,-48.300000,-1.5100,4.810000,49.000000,1821.920000
423,Entry long,2026-01-05 02:45,3191.500000,1,-48.300000,-1.5100,4.810000,49.000000,1821.920000
422,Exit long,2026-01-04 06:30,3147.960000,1,2.450000,0.0800,15.900000,10.000000,1870.220000
422,Entry long,2026-01-04 02:30,3145.510000,1,2.450000,0.0800,15.900000,10.000000,1870.220000
421,Exit long,2026-01-03 06:30,3107.040000,1,-18.770000,-0.6000,1.990000,22.800000,1867.770000
421,Entry long,2026-01-03 02:30,3125.810000,1,-18.770000,-0.6000,1.990000,22.800000,1867.770000
420,Exit long,2026-01-02 06:30,3022.110000,1,25.580000,0.8500,37.830000,1.210000,1886.540000
420,Entry long,2026-01-02 02:45,2996.530000,1,25.580000,0.8500,37.830000,1.210000,1886.540000
419,Exit long,2026-01-01 06:30,2978.110000,1,-7.810000,-0.2600,0.500000,13.820000,1860.960000
419,Entry long,2026-01-01 02:15,2985.920000,1,-7.810000,-0.2600,0.500000,13.820000,1860.960000
418,Exit long,2025-12-31 06:30,2975.800000,1,-4.980000,-0.1700,1.760000,16.260000,1868.770000
418,Entry long,2025-12-31 02:15,2980.780000,1,-4.980000,-0.1700,1.760000,16.260000,1868.770000
417,Exit long,2025-12-30 06:30,2944.620000,1,8.490000,0.2900,21.370000,18.650000,1873.750000
417,Entry long,2025-12-30 02:15,2936.130000,1,8.490000,0.2900,21.370000,18.650000,1873.750000
416,Exit long,2025-12-29 06:30,3036.290000,1,29.620000,0.9900,49.330000,4.980000,1865.260000
416,Entry long,2025-12-29 03:00,3006.670000,1,29.620000,0.9900,49.330000,4.980000,1865.260000
415,Exit long,2025-12-28 06:30,2937.440000,1,-6.720000,-0.2300,4.840000,16.400000,1835.640000
415,Entry long,2025-12-28 02:15,2944.160000,1,-6.720000,-0.2300,4.840000,16.400000,1835.640000
414,Exit long,2025-12-27 06:30,2927.180000,1,1.170000,0.0400,6.460000,1.980000,1842.360000
414,Entry long,2025-12-27 02:30,2926.010000,1,1.170000,0.0400,6.460000,1.980000,1842.360000
413,Exit long,2025-12-26 06:30,2975.120000,1,20.640000,0.7000,39.520000,3.690000,1841.190000
413,Entry long,2025-12-26 02:15,2954.480000,1,20.640000,0.7000,39.520000,3.690000,1841.190000
412,Exit long,2025-12-25 06:30,2937.970000,1,-10.040000,-0.3400,7.910000,11.460000,1820.550000
412,Entry long,2025-12-25 02:15,2948.010000,1,-10.040000,-0.3400,7.910000,11.460000,1820.550000
411,Exit long,2025-12-24 06:30,2932.820000,1,-5.100000,-0.1700,20.020000,21.810000,1830.590000
411,Entry long,2025-12-24 03:15,2937.920000,1,-5.100000,-0.1700,20.020000,21.810000,1830.590000
410,Exit long,2025-12-23 06:30,2952.040000,1,-70.350000,-2.3300,2.160000,77.390000,1835.690000
410,Entry long,2025-12-23 02:15,3022.390000,1,-70.350000,-2.3300,2.160000,77.390000,1835.690000
409,Exit long,2025-12-22 06:30,3023.930000,1,18.200000,0.6100,35.780000,9.190000,1906.040000
409,Entry long,2025-12-22 02:30,3005.730000,1,18.200000,0.6100,35.780000,9.190000,1906.040000
408,Exit long,2025-12-21 06:30,2974.870000,1,8.680000,0.2900,11.310000,2.180000,1887.840000
408,Entry long,2025-12-21 03:00,2966.190000,1,8.680000,0.2900,11.310000,2.180000,1887.840000
407,Exit long,2025-12-20 06:30,2982.200000,1,6.050000,0.2000,16.660000,0.970000,1879.160000
407,Entry long,2025-12-20 02:15,2976.150000,1,6.050000,0.2000,16.660000,0.970000,1879.160000
406,Exit long,2025-12-19 06:30,2921.290000,1,98.480000,3.4900,112.120000,7.870000,1873.110000
406,Entry long,2025-12-19 02:15,2822.810000,1,98.480000,3.4900,112.120000,7.870000,1873.110000
405,Exit long,2025-12-18 06:30,2825.980000,1,-11.400000,-0.4000,9.430000,16.380000,1774.630000
405,Entry long,2025-12-18 02:15,2837.380000,1,-11.400000,-0.4000,9.430000,16.380000,1774.630000
404,Exit long,2025-12-17 06:30,2939.010000,1,-8.880000,-0.3000,15.890000,35.530000,1786.030000
404,Entry long,2025-12-17 02:30,2947.890000,1,-8.880000,-0.3000,15.890000,35.530000,1786.030000
403,Exit long,2025-12-16 06:30,2940.990000,1,-7.790000,-0.2600,16.560000,78.780000,1794.910000
403,Entry long,2025-12-16 02:15,2948.780000,1,-7.790000,-0.2600,16.560000,78.780000,1794.910000
402,Exit long,2025-12-15 06:30,3119.020000,1,-10.990000,-0.3500,19.990000,27.930000,1802.700000
402,Entry long,2025-12-15 02:15,3130.010000,1,-10.990000,-0.3500,19.990000,27.930000,1802.700000
401,Exit long,2025-12-14 06:30,3106.690000,1,-15.890000,-0.5100,2.150000,19.570000,1813.690000
401,Entry long,2025-12-14 02:15,3122.580000,1,-15.890000,-0.5100,2.150000,19.570000,1813.690000
400,Exit long,2025-12-13 06:30,3084.600000,1,-3.490000,-0.1100,3.760000,5.910000,1829.580000
400,Entry long,2025-12-13 02:15,3088.090000,1,-3.490000,-0.1100,3.760000,5.910000,1829.580000
399,Exit long,2025-12-12 06:30,3255.860000,1,33.490000,1.0400,50.060000,39.040000,1833.070000
399,Entry long,2025-12-11 18:30,3222.370000,1,33.490000,1.0400,50.060000,39.040000,1833.070000
398,Exit long,2025-12-10 06:30,3319.690000,1,18.180000,0.5500,33.410000,4.670000,1799.580000
398,Entry long,2025-12-10 02:15,3301.510000,1,18.180000,0.5500,33.410000,4.670000,1799.580000
397,Exit long,2025-12-09 06:30,3100.840000,1,-11.170000,-0.3600,17.990000,23.000000,1781.400000
397,Entry long,2025-12-09 02:45,3112.010000,1,-11.170000,-0.3600,17.990000,23.000000,1781.400000
396,Exit long,2025-12-08 06:30,3122.960000,1,19.950000,0.6400,37.140000,6.300000,1792.570000
396,Entry long,2025-12-08 02:45,3103.010000,1,19.950000,0.6400,37.140000,6.300000,1792.570000
395,Exit long,2025-12-07 06:30,3044.980000,1,-1.090000,-0.0400,10.710000,5.000000,1772.620000
395,Entry long,2025-12-07 02:15,3046.070000,1,-1.090000,-0.0400,10.710000,5.000000,1772.620000
394,Exit long,2025-12-06 06:30,3038.500000,1,12.950000,0.4300,19.250000,6.250000,1773.710000
394,Entry long,2025-12-06 02:15,3025.550000,1,12.950000,0.4300,19.250000,6.250000,1773.710000
393,Exit long,2025-12-05 06:30,3164.740000,1,-2.160000,-0.0700,25.820000,16.470000,1760.760000
393,Entry long,2025-12-05 02:15,3166.900000,1,-2.160000,-0.0700,25.820000,16.470000,1760.760000
392,Exit long,2025-12-04 06:30,3202.370000,1,-10.920000,-0.3400,14.430000,43.230000,1762.920000
392,Entry long,2025-12-04 02:15,3213.290000,1,-10.920000,-0.3400,14.430000,43.230000,1762.920000
391,Exit long,2025-12-03 06:30,3082.140000,1,35.210000,1.1600,37.410000,28.820000,1773.840000
391,Entry long,2025-12-03 02:15,3046.930000,1,35.210000,1.1600,37.410000,28.820000,1773.840000
390,Exit long,2025-12-02 06:30,2801.490000,1,-49.860000,-1.7500,3.210000,133.280000,1738.630000
390,Entry long,2025-12-01 09:00,2851.350000,1,-49.860000,-1.7500,3.210000,133.280000,1738.630000
389,Exit long,2025-11-30 06:30,2996.290000,1,-1.420000,-0.0500,6.970000,13.510000,1788.490000
389,Entry long,2025-11-30 03:30,2997.710000,1,-1.420000,-0.0500,6.970000,13.510000,1788.490000
388,Exit long,2025-11-29 06:30,3013.500000,1,-25.450000,-0.8400,5.290000,27.950000,1789.910000
388,Entry long,2025-11-29 02:15,3038.950000,1,-25.450000,-0.8400,5.290000,27.950000,1789.910000
387,Exit long,2025-11-28 06:30,3010.000000,1,7.410000,0.2500,25.410000,7.330000,1815.360000
387,Entry long,2025-11-28 02:15,3002.590000,1,7.410000,0.2500,25.410000,7.330000,1815.360000
386,Exit long,2025-11-27 06:30,3031.830000,1,-21.010000,-0.6900,17.160000,37.580000,1807.950000
386,Entry long,2025-11-27 02:15,3052.840000,1,-21.010000,-0.6900,17.160000,37.580000,1807.950000
385,Exit long,2025-11-26 06:30,2937.760000,1,-34.710000,-1.1700,2.920000,53.910000,1828.960000
385,Entry long,2025-11-26 02:15,2972.470000,1,-34.710000,-1.1700,2.920000,53.910000,1828.960000
384,Exit long,2025-11-25 06:30,2914.380000,1,-7.620000,-0.2600,19.390000,19.500000,1863.670000
384,Entry long,2025-11-25 02:30,2922.000000,1,-7.620000,-0.2600,19.390000,19.500000,1863.670000
383,Exit long,2025-11-24 06:30,2839.830000,1,-20.120000,-0.7000,24.850000,58.960000,1871.290000
383,Entry long,2025-11-24 02:15,2859.950000,1,-20.120000,-0.7000,24.850000,58.960000,1871.290000
382,Exit long,2025-11-23 06:30,2819.420000,1,1.820000,0.0600,33.340000,11.550000,1891.410000
382,Entry long,2025-11-23 02:15,2817.600000,1,1.820000,0.0600,33.340000,11.550000,1891.410000
381,Exit long,2025-11-22 06:30,2750.000000,1,-3.800000,-0.1400,2.920000,28.560000,1889.590000
381,Entry long,2025-11-22 03:00,2753.800000,1,-3.800000,-0.1400,2.920000,28.560000,1889.590000
380,Exit long,2025-11-20 06:30,3027.380000,1,-14.680000,-0.4800,20.940000,26.460000,1893.390000
380,Entry long,2025-11-20 02:45,3042.060000,1,-14.680000,-0.4800,20.940000,26.460000,1893.390000
379,Exit long,2025-11-19 06:30,3030.150000,1,-88.720000,-2.8400,6.180000,128.720000,1908.070000
379,Entry long,2025-11-19 02:15,3118.870000,1,-88.720000,-2.8400,6.180000,128.720000,1908.070000
378,Exit long,2025-11-18 06:30,3003.590000,1,-15.780000,-0.5200,25.490000,76.060000,1996.790000
378,Entry long,2025-11-18 02:15,3019.370000,1,-15.780000,-0.5200,25.490000,76.060000,1996.790000
377,Exit long,2025-11-17 06:30,3189.000000,1,32.990000,1.0500,36.990000,17.630000,2012.570000
377,Entry long,2025-11-17 02:15,3156.010000,1,32.990000,1.0500,36.990000,17.630000,2012.570000
376,Exit long,2025-11-16 06:30,3208.300000,1,42.910000,1.3600,50.010000,9.860000,1979.580000
376,Entry long,2025-11-16 02:15,3165.390000,1,42.910000,1.3600,50.010000,9.860000,1979.580000
375,Exit long,2025-11-15 06:30,3177.170000,1,4.710000,0.1500,20.340000,15.340000,1936.670000
375,Entry long,2025-11-15 02:15,3172.460000,1,4.710000,0.1500,20.340000,15.340000,1936.670000
374,Exit long,2025-11-14 06:30,3166.990000,1,-71.600000,-2.2100,11.410000,134.590000,1931.960000
374,Entry long,2025-11-14 02:15,3238.590000,1,-71.600000,-2.2100,11.410000,134.590000,1931.960000
373,Exit long,2025-11-13 06:30,3536.320000,1,101.560000,2.9600,112.990000,59.670000,2003.560000
373,Entry long,2025-11-13 02:15,3434.760000,1,101.560000,2.9600,112.990000,59.670000,2003.560000
372,Exit long,2025-11-12 06:30,3450.900000,1,-3.600000,-0.1000,1.290000,38.920000,1902.000000
372,Entry long,2025-11-12 02:15,3454.500000,1,-3.600000,-0.1000,1.290000,38.920000,1902.000000
371,Exit long,2025-11-11 06:30,3547.890000,1,-42.410000,-1.1800,45.110000,61.500000,1905.600000
371,Entry long,2025-11-11 02:15,3590.300000,1,-42.410000,-1.1800,45.110000,61.500000,1905.600000
370,Exit long,2025-11-10 06:30,3599.550000,1,-30.020000,-0.8300,17.430000,42.010000,1948.010000
370,Entry long,2025-11-10 03:00,3629.570000,1,-30.020000,-0.8300,17.430000,42.010000,1948.010000
369,Exit long,2025-11-09 06:30,3406.830000,1,21.040000,0.6200,23.900000,17.170000,1978.030000
369,Entry long,2025-11-09 04:15,3385.790000,1,21.040000,0.6200,23.900000,17.170000,1978.030000
368,Exit long,2025-11-08 06:30,3443.420000,1,-13.590000,-0.3900,32.990000,42.520000,1956.990000
368,Entry long,2025-11-08 02:15,3457.010000,1,-13.590000,-0.3900,32.990000,42.520000,1956.990000
367,Exit long,2025-11-07 06:30,3359.340000,1,35.460000,1.0700,46.120000,20.080000,1970.580000
367,Entry long,2025-11-07 02:30,3323.880000,1,35.460000,1.0700,46.120000,20.080000,1970.580000
366,Exit long,2025-11-06 06:30,3396.070000,1,-9.230000,-0.2700,49.700000,28.290000,1935.120000
366,Entry long,2025-11-06 02:30,3405.300000,1,-9.230000,-0.2700,49.700000,28.290000,1935.120000
365,Exit long,2025-11-05 06:30,3323.670000,1,42.770000,1.3000,72.900000,22.890000,1944.350000
365,Entry long,2025-11-05 02:30,3280.900000,1,42.770000,1.3000,72.900000,22.890000,1944.350000
364,Exit long,2025-11-04 06:30,3532.630000,1,-113.580000,-3.1200,3.790000,170.210000,1901.580000
364,Entry long,2025-11-04 02:15,3646.210000,1,-113.580000,-3.1200,3.790000,170.210000,1901.580000
363,Exit long,2025-11-02 06:30,3895.340000,1,19.860000,0.5100,40.500000,5.480000,2015.160000
363,Entry long,2025-11-02 02:15,3875.480000,1,19.860000,0.5100,40.500000,5.480000,2015.160000
362,Exit long,2025-11-01 06:30,3854.120000,1,9.950000,0.2600,23.490000,7.170000,1995.300000
362,Entry long,2025-11-01 02:15,3844.170000,1,9.950000,0.2600,23.490000,7.170000,1995.300000
361,Exit long,2025-10-31 06:30,3832.300000,1,4.790000,0.1300,44.490000,17.510000,1985.350000
361,Entry long,2025-10-31 03:00,3827.510000,1,4.790000,0.1300,44.490000,17.510000,1985.350000
360,Exit long,2025-10-30 06:30,3905.320000,1,-26.290000,-0.6700,15.390000,94.790000,1980.560000
360,Entry long,2025-10-30 02:15,3931.610000,1,-26.290000,-0.6700,15.390000,94.790000,1980.560000
359,Exit long,2025-10-29 06:30,4025.300000,1,-88.110000,-2.1400,60.670000,188.400000,2006.850000
359,Entry long,2025-10-28 06:45,4113.410000,1,-88.110000,-2.1400,60.670000,188.400000,2006.850000
358,Exit long,2025-10-27 06:30,4242.210000,1,37.200000,0.8800,47.990000,23.180000,2094.960000
358,Entry long,2025-10-27 02:15,4205.010000,1,37.200000,0.8800,47.990000,23.180000,2094.960000
357,Exit long,2025-10-26 06:30,3944.010000,1,12.060000,0.3100,13.270000,10.270000,2057.760000
357,Entry long,2025-10-26 02:15,3931.950000,1,12.060000,0.3100,13.270000,10.270000,2057.760000
356,Exit long,2025-10-25 06:30,3929.450000,1,-1.450000,-0.0400,5.360000,13.680000,2045.700000
356,Entry long,2025-10-25 02:45,3930.900000,1,-1.450000,-0.0400,5.360000,13.680000,2045.700000
355,Exit long,2025-10-24 06:30,3983.190000,1,102.180000,2.6300,106.990000,7.090000,2047.150000
355,Entry long,2025-10-24 02:30,3881.010000,1,102.180000,2.6300,106.990000,7.090000,2047.150000
354,Exit long,2025-10-23 06:30,3874.550000,1,53.980000,1.4100,68.310000,3.590000,1944.970000
354,Entry long,2025-10-23 02:15,3820.570000,1,53.980000,1.4100,68.310000,3.590000,1944.970000
353,Exit long,2025-10-22 06:30,3858.490000,1,-6.820000,-0.1800,17.620000,29.620000,1890.990000
353,Entry long,2025-10-22 04:00,3865.310000,1,-6.820000,-0.1800,17.620000,29.620000,1890.990000
352,Exit long,2025-10-21 06:30,3878.960000,1,-59.230000,-1.5000,7.890000,99.980000,1897.810000
352,Entry long,2025-10-21 02:30,3938.190000,1,-59.230000,-1.5000,7.890000,99.980000,1897.810000
351,Exit long,2025-10-20 06:30,4071.940000,1,135.790000,3.4500,148.850000,12.470000,1957.040000
351,Entry long,2025-10-20 02:15,3936.150000,1,135.790000,3.4500,148.850000,12.470000,1957.040000
350,Exit long,2025-10-19 06:30,3886.450000,1,15.110000,0.3900,48.140000,6.560000,1821.250000
350,Entry long,2025-10-19 02:45,3871.340000,1,15.110000,0.3900,48.140000,6.560000,1821.250000
349,Exit long,2025-10-18 06:30,3867.300000,1,0.430000,0.0100,10.680000,28.060000,1806.140000
349,Entry long,2025-10-18 02:30,3866.870000,1,0.430000,0.0100,10.680000,28.060000,1806.140000
348,Exit long,2025-10-17 06:30,3864.680000,1,-48.960000,-1.2500,21.090000,52.130000,1805.710000
348,Entry long,2025-10-17 02:30,3913.640000,1,-48.960000,-1.2500,21.090000,52.130000,1805.710000
347,Exit long,2025-10-16 06:30,4016.260000,1,-8.710000,-0.2200,9.680000,48.010000,1854.670000
347,Entry long,2025-10-16 02:45,4024.970000,1,-8.710000,-0.2200,9.680000,48.010000,1854.670000
346,Exit long,2025-10-15 06:30,4079.730000,1,-43.730000,-1.0600,21.030000,64.460000,1863.380000
346,Entry long,2025-10-15 02:15,4123.460000,1,-43.730000,-1.0600,21.030000,64.460000,1863.380000
345,Exit long,2025-10-13 06:30,4158.090000,1,-8.780000,-0.2100,1.530000,53.420000,1907.110000
345,Entry long,2025-10-13 03:00,4166.870000,1,-8.780000,-0.2100,1.530000,53.420000,1907.110000
344,Exit long,2025-10-12 06:30,3828.930000,1,107.120000,2.8800,116.070000,16.780000,1915.890000
344,Entry long,2025-10-12 02:15,3721.810000,1,107.120000,2.8800,116.070000,16.780000,1915.890000
343,Exit long,2025-10-11 06:30,3801.160000,1,23.100000,0.6100,82.330000,24.680000,1808.770000
343,Entry long,2025-10-11 02:15,3778.060000,1,23.100000,0.6100,82.330000,24.680000,1808.770000
342,Exit long,2025-10-10 06:30,4349.790000,1,-23.080000,-0.5300,18.990000,47.690000,1785.670000
342,Entry long,2025-10-10 02:15,4372.870000,1,-23.080000,-0.5300,18.990000,47.690000,1785.670000
341,Exit long,2025-10-09 06:30,4431.950000,1,1.030000,0.0200,27.910000,20.920000,1808.750000
341,Entry long,2025-10-09 03:00,4430.920000,1,1.030000,0.0200,27.910000,20.920000,1808.750000
340,Exit long,2025-10-08 06:30,4441.350000,1,-43.570000,-0.9700,12.130000,76.230000,1807.720000
340,Entry long,2025-10-08 02:15,4484.920000,1,-43.570000,-0.9700,12.130000,76.230000,1807.720000
339,Exit long,2025-10-07 06:30,4675.020000,1,-5.130000,-0.1100,50.500000,13.240000,1851.290000
339,Entry long,2025-10-07 02:15,4680.150000,1,-5.130000,-0.1100,50.500000,13.240000,1851.290000
338,Exit long,2025-10-06 06:30,4560.190000,1,38.960000,0.8600,41.770000,13.600000,1856.420000
338,Entry long,2025-10-06 02:45,4521.230000,1,38.960000,0.8600,41.770000,13.600000,1856.420000
337,Exit long,2025-10-05 06:30,4565.400000,1,79.190000,1.7700,101.780000,8.500000,1817.460000
337,Entry long,2025-10-05 02:15,4486.210000,1,79.190000,1.7700,101.780000,8.500000,1817.460000
336,Exit long,2025-10-04 06:30,4508.510000,1,30.220000,0.6700,37.510000,10.300000,1738.270000
336,Entry long,2025-10-04 02:30,4478.290000,1,30.220000,0.6700,37.510000,10.300000,1738.270000
335,Exit long,2025-10-03 06:30,4479.560000,1,-13.280000,-0.3000,66.160000,28.560000,1708.050000
335,Entry long,2025-10-03 02:15,4492.840000,1,-13.280000,-0.3000,66.160000,28.560000,1708.050000
334,Exit long,2025-10-02 06:30,4400.030000,1,241.420000,5.8100,257.640000,13.740000,1721.330000
334,Entry long,2025-10-01 08:15,4158.610000,1,241.420000,5.8100,257.640000,13.740000,1721.330000
333,Exit long,2025-09-30 06:30,4194.410000,1,-10.600000,-0.2500,3.840000,37.790000,1479.910000
333,Entry long,2025-09-30 02:45,4205.010000,1,-10.600000,-0.2500,3.840000,37.790000,1479.910000
332,Exit long,2025-09-29 06:30,4100.940000,1,-19.450000,-0.4700,6.110000,27.000000,1490.510000
332,Entry long,2025-09-29 02:15,4120.390000,1,-19.450000,-0.4700,6.110000,27.000000,1490.510000
331,Exit long,2025-09-28 06:30,3998.630000,1,-5.780000,-0.1400,14.090000,10.610000,1509.960000
331,Entry long,2025-09-28 02:15,4004.410000,1,-5.780000,-0.1400,14.090000,10.610000,1509.960000
330,Exit long,2025-09-27 06:30,4012.320000,1,-7.690000,-0.1900,7.830000,12.160000,1515.740000
330,Entry long,2025-09-27 02:15,4020.010000,1,-7.690000,-0.1900,7.830000,12.160000,1515.740000
329,Exit long,2025-09-26 06:30,3938.590000,1,-19.300000,-0.4900,18.100000,51.600000,1523.430000
329,Entry long,2025-09-26 02:45,3957.890000,1,-19.300000,-0.4900,18.100000,51.600000,1523.430000
328,Exit long,2025-09-25 06:30,4002.970000,1,-86.870000,-2.1200,47.160000,128.840000,1542.730000
328,Entry long,2025-09-25 02:30,4089.840000,1,-86.870000,-2.1200,47.160000,128.840000,1542.730000
327,Exit long,2025-09-24 06:30,4171.220000,1,-1.050000,-0.0300,6.490000,102.270000,1629.600000
327,Entry long,2025-09-24 02:30,4172.270000,1,-1.050000,-0.0300,6.490000,102.270000,1629.600000
326,Exit long,2025-09-23 06:30,4199.800000,1,40.410000,0.9700,43.610000,24.580000,1630.650000
326,Entry long,2025-09-23 03:15,4159.390000,1,40.410000,0.9700,43.610000,24.580000,1630.650000
325,Exit long,2025-09-22 06:30,4178.600000,1,-119.100000,-2.7700,11.070000,296.820000,1590.240000
325,Entry long,2025-09-22 03:00,4297.700000,1,-119.100000,-2.7700,11.070000,296.820000,1590.240000
324,Exit long,2025-09-21 06:30,4480.620000,1,-4.390000,-0.1000,1.280000,30.720000,1709.340000
324,Entry long,2025-09-21 02:15,4485.010000,1,-4.390000,-0.1000,1.280000,30.720000,1709.340000
323,Exit long,2025-09-20 06:30,4473.080000,1,9.540000,0.2100,21.050000,8.540000,1713.730000
323,Entry long,2025-09-20 02:30,4463.540000,1,9.540000,0.2100,21.050000,8.540000,1713.730000
322,Exit long,2025-09-19 06:30,4531.820000,1,-63.010000,-1.3700,5.170000,69.570000,1704.190000
322,Entry long,2025-09-19 03:00,4594.830000,1,-63.010000,-1.3700,5.170000,69.570000,1704.190000
321,Exit long,2025-09-18 06:30,4557.000000,1,-54.680000,-1.1900,30.920000,56.680000,1767.200000
321,Entry long,2025-09-18 02:45,4611.680000,1,-54.680000,-1.1900,30.920000,56.680000,1767.200000
320,Exit long,2025-09-17 06:30,4517.010000,1,4.300000,0.1000,38.780000,51.330000,1821.880000
320,Entry long,2025-09-17 02:15,4512.710000,1,4.300000,0.1000,38.780000,51.330000,1821.880000
319,Exit long,2025-09-16 06:30,4514.390000,1,-14.060000,-0.3100,6.420000,43.430000,1817.580000
319,Entry long,2025-09-16 02:15,4528.450000,1,-14.060000,-0.3100,6.420000,43.430000,1817.580000
318,Exit long,2025-09-15 06:30,4649.300000,1,29.790000,0.6400,48.490000,6.260000,1831.640000
318,Entry long,2025-09-15 02:45,4619.510000,1,29.790000,0.6400,48.490000,6.260000,1831.640000
317,Exit long,2025-09-14 06:30,4669.340000,1,-18.660000,-0.4000,3.300000,57.180000,1801.850000
317,Entry long,2025-09-14 02:15,4688.000000,1,-18.660000,-0.4000,3.300000,57.180000,1801.850000
316,Exit long,2025-09-13 06:30,4713.120000,1,7.780000,0.1700,62.660000,5.290000,1820.510000
316,Entry long,2025-09-13 03:00,4705.340000,1,7.780000,0.1700,62.660000,5.290000,1820.510000
315,Exit long,2025-09-12 06:30,4544.030000,1,32.020000,0.7100,49.990000,25.960000,1812.730000
315,Entry long,2025-09-12 02:15,4512.010000,1,32.020000,0.7100,49.990000,25.960000,1812.730000
314,Exit long,2025-09-11 06:30,4425.690000,1,52.230000,1.1900,60.760000,8.020000,1780.710000
314,Entry long,2025-09-11 02:30,4373.460000,1,52.230000,1.1900,60.760000,8.020000,1780.710000
313,Exit long,2025-09-10 06:30,4308.010000,1,-6.500000,-0.1500,11.020000,21.850000,1728.480000
313,Entry long,2025-09-10 02:15,4314.510000,1,-6.500000,-0.1500,11.020000,21.850000,1728.480000
312,Exit long,2025-09-09 06:30,4344.120000,1,57.450000,1.3400,64.440000,11.670000,1734.980000
312,Entry long,2025-09-09 02:15,4286.670000,1,57.450000,1.3400,64.440000,11.670000,1734.980000
311,Exit long,2025-09-08 06:30,4299.960000,1,6.950000,0.1600,36.490000,16.800000,1677.530000
311,Entry long,2025-09-08 02:15,4293.010000,1,6.950000,0.1600,36.490000,16.800000,1677.530000
310,Exit long,2025-09-07 06:30,4288.820000,1,-4.820000,-0.1100,8.870000,6.740000,1670.580000
310,Entry long,2025-09-07 02:15,4293.640000,1,-4.820000,-0.1100,8.870000,6.740000,1670.580000
309,Exit long,2025-09-06 06:30,4300.220000,1,-9.790000,-0.2300,13.300000,21.610000,1675.400000
309,Entry long,2025-09-06 02:30,4310.010000,1,-9.790000,-0.2300,13.300000,21.610000,1675.400000
308,Exit long,2025-09-05 06:30,4324.440000,1,-105.290000,-2.3800,2.270000,166.730000,1685.190000
308,Entry long,2025-09-04 10:45,4429.730000,1,-105.290000,-2.3800,2.270000,166.730000,1685.190000
307,Exit long,2025-09-03 06:30,4315.000000,1,-20.010000,-0.4600,18.990000,46.450000,1790.480000
307,Entry long,2025-09-03 02:15,4335.010000,1,-20.010000,-0.4600,18.990000,46.450000,1790.480000
306,Exit long,2025-09-02 06:30,4390.740000,1,55.730000,1.2900,64.980000,21.570000,1810.490000
306,Entry long,2025-09-02 02:15,4335.010000,1,55.730000,1.2900,64.980000,21.570000,1810.490000
305,Exit long,2025-09-01 06:30,4394.450000,1,6.960000,0.1600,22.260000,30.700000,1754.760000
305,Entry long,2025-09-01 03:00,4387.490000,1,6.960000,0.1600,22.260000,30.700000,1754.760000
304,Exit long,2025-08-31 06:30,4441.250000,1,-9.940000,-0.2200,38.660000,10.950000,1747.800000
304,Entry long,2025-08-31 03:00,4451.190000,1,-9.940000,-0.2200,38.660000,10.950000,1747.800000
303,Exit long,2025-08-30 06:30,4388.460000,1,86.140000,2.0000,98.940000,5.820000,1757.740000
303,Entry long,2025-08-30 02:15,4302.320000,1,86.140000,2.0000,98.940000,5.820000,1757.740000
302,Exit long,2025-08-29 06:30,4451.320000,1,-26.190000,-0.5800,25.430000,27.310000,1671.600000
302,Entry long,2025-08-29 02:45,4477.510000,1,-26.190000,-0.5800,25.430000,27.310000,1671.600000
301,Exit long,2025-08-28 06:30,4569.720000,1,47.830000,1.0600,64.100000,17.640000,1697.790000
301,Entry long,2025-08-28 02:30,4521.890000,1,47.830000,1.0600,64.100000,17.640000,1697.790000
300,Exit long,2025-08-27 06:30,4598.570000,1,33.560000,0.7400,78.920000,20.770000,1649.960000
300,Entry long,2025-08-27 02:15,4565.010000,1,33.560000,0.7400,78.920000,20.770000,1649.960000
299,Exit long,2025-08-26 06:30,4418.940000,1,2.390000,0.0500,29.920000,16.030000,1616.400000
299,Entry long,2025-08-26 04:00,4416.550000,1,2.390000,0.0500,29.920000,16.030000,1616.400000
298,Exit long,2025-08-25 06:30,4675.000000,1,-79.890000,-1.6800,19.110000,103.580000,1614.010000
298,Entry long,2025-08-25 02:15,4754.890000,1,-79.890000,-1.6800,19.110000,103.580000,1614.010000
297,Exit long,2025-08-24 06:30,4776.010000,1,-8.850000,-0.1800,14.670000,32.730000,1693.900000
297,Entry long,2025-08-24 02:15,4784.860000,1,-8.850000,-0.1800,14.670000,32.730000,1693.900000
296,Exit long,2025-08-23 06:30,4749.730000,1,26.720000,0.5700,42.040000,48.610000,1702.750000
296,Entry long,2025-08-23 02:45,4723.010000,1,26.720000,0.5700,42.040000,48.610000,1702.750000
295,Exit long,2025-08-22 06:30,4309.120000,1,30.410000,0.7100,39.730000,15.710000,1676.030000
295,Entry long,2025-08-22 02:15,4278.710000,1,30.410000,0.7100,39.730000,15.710000,1676.030000
294,Exit long,2025-08-21 06:30,4291.030000,1,-1.150000,-0.0300,39.560000,15.740000,1645.620000
294,Entry long,2025-08-21 02:45,4292.180000,1,-1.150000,-0.0300,39.560000,15.740000,1645.620000
293,Exit long,2025-08-20 06:30,4173.070000,1,40.230000,0.9700,53.160000,11.790000,1646.770000
293,Entry long,2025-08-20 02:15,4132.840000,1,40.230000,0.9700,53.160000,11.790000,1646.770000
292,Exit long,2025-08-19 06:30,4243.390000,1,-127.890000,-2.9300,14.930000,179.270000,1606.540000
292,Entry long,2025-08-18 17:30,4371.280000,1,-127.890000,-2.9300,14.930000,179.270000,1606.540000
291,Exit long,2025-08-17 06:30,4473.370000,1,62.400000,1.4100,77.850000,14.900000,1734.430000
291,Entry long,2025-08-17 02:15,4410.970000,1,62.400000,1.4100,77.850000,14.900000,1734.430000
290,Exit long,2025-08-15 06:30,4641.900000,1,20.800000,0.4500,26.890000,17.650000,1672.030000
290,Entry long,2025-08-15 02:15,4621.100000,1,20.800000,0.4500,26.890000,17.650000,1672.030000
289,Exit long,2025-08-14 06:30,4740.600000,1,7.780000,0.1600,55.960000,15.820000,1651.230000
289,Entry long,2025-08-14 02:15,4732.820000,1,7.780000,0.1600,55.960000,15.820000,1651.230000
288,Exit long,2025-08-13 06:30,4616.190000,1,32.570000,0.7100,98.380000,9.630000,1643.450000
288,Entry long,2025-08-13 02:15,4583.620000,1,32.570000,0.7100,98.380000,9.630000,1643.450000
287,Exit long,2025-08-12 06:30,4297.800000,1,16.240000,0.3800,39.070000,15.560000,1610.880000
287,Entry long,2025-08-12 02:15,4281.560000,1,16.240000,0.3800,39.070000,15.560000,1610.880000
286,Exit long,2025-08-11 06:30,4302.130000,1,-16.220000,-0.3800,31.320000,29.580000,1594.640000
286,Entry long,2025-08-11 04:00,4318.350000,1,-16.220000,-0.3800,31.320000,29.580000,1594.640000
285,Exit long,2025-08-10 06:30,4213.710000,1,-42.190000,-0.9900,7.450000,53.900000,1610.860000
285,Entry long,2025-08-10 03:00,4255.900000,1,-42.190000,-0.9900,7.450000,53.900000,1610.860000
284,Exit long,2025-08-09 06:30,4174.890000,1,142.310000,3.5300,187.420000,9.280000,1653.050000
284,Entry long,2025-08-09 02:15,4032.580000,1,142.310000,3.5300,187.420000,9.280000,1653.050000
283,Exit long,2025-08-08 06:30,3915.150000,1,22.560000,0.5800,76.220000,9.590000,1510.740000
283,Entry long,2025-08-08 02:30,3892.590000,1,22.560000,0.5800,76.220000,9.590000,1510.740000
282,Exit long,2025-08-07 06:30,3686.240000,1,13.240000,0.3600,31.070000,27.220000,1488.180000
282,Entry long,2025-08-07 02:15,3673.000000,1,13.240000,0.3600,31.070000,27.220000,1488.180000
281,Exit long,2025-08-06 06:30,3619.890000,1,31.980000,0.8900,73.490000,19.910000,1474.940000
281,Entry long,2025-08-06 02:30,3587.910000,1,31.980000,0.8900,73.490000,19.910000,1474.940000
280,Exit long,2025-08-05 06:30,3675.200000,1,-1.810000,-0.0500,5.600000,34.690000,1442.960000
280,Entry long,2025-08-05 02:45,3677.010000,1,-1.810000,-0.0500,5.600000,34.690000,1442.960000
279,Exit long,2025-08-04 06:30,3529.220000,1,-10.130000,-0.2900,35.650000,17.340000,1444.770000
279,Entry long,2025-08-04 02:15,3539.350000,1,-10.130000,-0.2900,35.650000,17.340000,1444.770000
278,Exit long,2025-08-03 06:30,3441.100000,1,3.380000,0.1000,16.890000,10.670000,1454.900000
278,Entry long,2025-08-03 02:30,3437.720000,1,3.380000,0.1000,16.890000,10.670000,1454.900000
277,Exit long,2025-08-02 06:30,3465.020000,1,-55.040000,-1.5600,16.420000,56.620000,1451.520000
277,Entry long,2025-08-02 02:15,3520.060000,1,-55.040000,-1.5600,16.420000,56.620000,1451.520000
276,Exit long,2025-08-01 06:30,3656.100000,1,-53.910000,-1.4500,12.890000,58.590000,1506.560000
276,Entry long,2025-08-01 02:15,3710.010000,1,-53.910000,-1.4500,12.890000,58.590000,1506.560000
275,Exit long,2025-07-31 06:30,3860.730000,1,16.740000,0.4400,26.010000,1.910000,1560.470000
275,Entry long,2025-07-31 02:30,3843.990000,1,16.740000,0.4400,26.010000,1.910000,1560.470000
274,Exit long,2025-07-30 06:30,3820.300000,1,6.290000,0.1600,13.980000,28.910000,1543.730000
274,Entry long,2025-07-30 02:15,3814.010000,1,6.290000,0.1600,13.980000,28.910000,1543.730000
273,Exit long,2025-07-29 06:30,3815.460000,1,55.450000,1.4700,61.650000,2.560000,1537.440000
273,Entry long,2025-07-29 03:00,3760.010000,1,55.450000,1.4700,61.650000,2.560000,1537.440000
272,Exit long,2025-07-28 06:30,3921.010000,1,62.400000,1.6200,82.200000,3.400000,1481.990000
272,Entry long,2025-07-28 02:15,3858.610000,1,62.400000,1.6200,82.200000,3.400000,1481.990000
271,Exit long,2025-07-27 06:30,3774.230000,1,8.970000,0.2400,45.020000,6.150000,1419.590000
271,Entry long,2025-07-27 02:15,3765.260000,1,8.970000,0.2400,45.020000,6.150000,1419.590000
270,Exit long,2025-07-26 06:30,3737.340000,1,86.260000,2.3600,115.750000,53.480000,1410.620000
270,Entry long,2025-07-25 07:15,3651.080000,1,86.260000,2.3600,115.750000,53.480000,1410.620000
269,Exit long,2025-07-24 06:30,3573.800000,1,-72.200000,-1.9800,18.870000,92.890000,1324.360000
269,Entry long,2025-07-24 02:30,3646.000000,1,-72.200000,-1.9800,18.870000,92.890000,1324.360000
268,Exit long,2025-07-23 06:30,3699.370000,1,-50.430000,-1.3400,14.280000,60.330000,1396.560000
268,Entry long,2025-07-23 02:30,3749.800000,1,-50.430000,-1.3400,14.280000,60.330000,1396.560000
267,Exit long,2025-07-21 06:30,3803.010000,1,65.040000,1.7400,74.030000,16.540000,1446.990000
267,Entry long,2025-07-21 02:15,3737.970000,1,65.040000,1.7400,74.030000,16.540000,1446.990000
266,Exit long,2025-07-20 06:30,3652.000000,1,40.360000,1.1200,83.360000,9.370000,1381.950000
266,Entry long,2025-07-20 02:30,3611.640000,1,40.360000,1.1200,83.360000,9.370000,1381.950000
265,Exit long,2025-07-19 06:30,3566.940000,1,19.610000,0.5500,60.670000,13.300000,1341.590000
265,Entry long,2025-07-19 02:15,3547.330000,1,19.610000,0.5500,60.670000,13.300000,1341.590000
264,Exit long,2025-07-18 06:30,3644.980000,1,28.070000,0.7800,57.520000,40.910000,1321.980000
264,Entry long,2025-07-18 02:30,3616.910000,1,28.070000,0.7800,57.520000,40.910000,1321.980000
263,Exit long,2025-07-17 06:30,3424.610000,1,70.710000,2.1100,79.100000,40.890000,1293.910000
263,Entry long,2025-07-17 02:15,3353.900000,1,70.710000,2.1100,79.100000,40.890000,1293.910000
262,Exit long,2025-07-16 06:30,3151.470000,1,31.110000,1.0000,37.640000,20.760000,1223.200000
262,Entry long,2025-07-16 03:00,3120.360000,1,31.110000,1.0000,37.640000,20.760000,1223.200000
261,Exit long,2025-07-15 06:30,2977.200000,1,1.990000,0.0700,16.880000,44.220000,1192.090000
261,Entry long,2025-07-15 02:45,2975.210000,1,1.990000,0.0700,16.880000,44.220000,1192.090000
260,Exit long,2025-07-14 06:30,3034.230000,1,50.990000,1.7100,82.760000,4.220000,1190.100000
260,Entry long,2025-07-14 02:15,2983.240000,1,50.990000,1.7100,82.760000,4.220000,1190.100000
259,Exit long,2025-07-13 06:30,2953.580000,1,8.570000,0.2900,17.990000,7.980000,1139.110000
259,Entry long,2025-07-13 02:30,2945.010000,1,8.570000,0.2900,17.990000,7.980000,1139.110000
258,Exit long,2025-07-12 06:30,2954.040000,1,-10.200000,-0.3400,5.720000,24.240000,1130.540000
258,Entry long,2025-07-12 02:15,2964.240000,1,-10.200000,-0.3400,5.720000,24.240000,1130.540000
257,Exit long,2025-07-11 06:30,3016.020000,1,51.780000,1.7500,64.240000,18.920000,1140.740000
257,Entry long,2025-07-11 02:30,2964.240000,1,51.780000,1.7500,64.240000,18.920000,1140.740000
256,Exit long,2025-07-10 06:30,2788.160000,1,-0.360000,-0.0100,9.480000,24.090000,1088.960000
256,Entry long,2025-07-10 02:15,2788.520000,1,-0.360000,-0.0100,9.480000,24.090000,1088.960000
255,Exit long,2025-07-09 06:30,2625.500000,1,19.140000,0.7300,42.640000,5.820000,1089.320000
255,Entry long,2025-07-09 05:00,2606.360000,1,19.140000,0.7300,42.640000,5.820000,1089.320000
254,Exit long,2025-07-08 06:30,2550.600000,1,21.920000,0.8700,26.860000,5.650000,1070.180000
254,Entry long,2025-07-08 02:15,2528.680000,1,21.920000,0.8700,26.860000,5.650000,1070.180000
253,Exit long,2025-07-07 06:30,2573.660000,1,-4.010000,-0.1600,12.210000,15.660000,1048.260000
253,Entry long,2025-07-07 02:15,2577.670000,1,-4.010000,-0.1600,12.210000,15.660000,1048.260000
252,Exit long,2025-07-06 06:30,2519.490000,1,0.480000,0.0200,7.080000,11.560000,1052.270000
252,Entry long,2025-07-06 02:15,2519.010000,1,0.480000,0.0200,7.080000,11.560000,1052.270000
251,Exit long,2025-07-05 06:30,2524.110000,1,10.780000,0.4300,13.580000,16.540000,1051.790000
251,Entry long,2025-07-05 02:15,2513.330000,1,10.780000,0.4300,13.580000,16.540000,1051.790000
250,Exit long,2025-07-04 06:30,2553.290000,1,-23.840000,-0.9300,7.110000,29.640000,1041.010000
250,Entry long,2025-07-04 03:00,2577.130000,1,-23.840000,-0.9300,7.110000,29.640000,1041.010000
249,Exit long,2025-07-03 06:30,2597.440000,1,33.870000,1.3200,37.080000,8.320000,1064.850000
249,Entry long,2025-07-03 02:45,2563.570000,1,33.870000,1.3200,37.080000,8.320000,1064.850000
248,Exit long,2025-07-02 06:30,2439.480000,1,25.560000,1.0600,34.200000,3.720000,1030.980000
248,Entry long,2025-07-02 02:30,2413.920000,1,25.560000,1.0600,34.200000,3.720000,1030.980000
247,Exit long,2025-07-01 06:30,2456.430000,1,-35.840000,-1.4400,2.420000,42.270000,1005.420000
247,Entry long,2025-07-01 02:15,2492.270000,1,-35.840000,-1.4400,2.420000,42.270000,1005.420000
246,Exit long,2025-06-30 06:30,2497.290000,1,-13.010000,-0.5200,0.190000,19.650000,1041.260000
246,Entry long,2025-06-30 02:15,2510.300000,1,-13.010000,-0.5200,0.190000,19.650000,1041.260000
245,Exit long,2025-06-29 06:30,2432.340000,1,3.210000,0.1300,5.280000,3.560000,1054.270000
245,Entry long,2025-06-29 02:30,2429.130000,1,3.210000,0.1300,5.280000,3.560000,1054.270000
244,Exit long,2025-06-28 06:30,2424.830000,1,6.940000,0.2900,9.940000,3.660000,1051.060000
244,Entry long,2025-06-28 02:15,2417.890000,1,6.940000,0.2900,9.940000,3.660000,1051.060000
243,Exit long,2025-06-27 06:30,2439.970000,1,9.710000,0.4000,22.060000,1.460000,1044.120000
243,Entry long,2025-06-27 02:15,2430.260000,1,9.710000,0.4000,22.060000,1.460000,1044.120000
242,Exit long,2025-06-26 06:30,2479.060000,1,10.050000,0.4100,50.990000,11.010000,1034.410000
242,Entry long,2025-06-26 02:45,2469.010000,1,10.050000,0.4100,50.990000,11.010000,1034.410000
241,Exit long,2025-06-25 06:30,2440.010000,1,-16.840000,-0.6900,2.770000,34.080000,1024.360000
241,Entry long,2025-06-25 02:45,2456.850000,1,-16.840000,-0.6900,2.770000,34.080000,1024.360000
240,Exit long,2025-06-24 06:30,2420.310000,1,24.300000,1.0100,27.320000,5.540000,1041.200000
240,Entry long,2025-06-24 03:00,2396.010000,1,24.300000,1.0100,27.320000,5.540000,1041.200000
239,Exit long,2025-06-23 06:30,2239.610000,1,-2.840000,-0.1300,11.540000,15.690000,1016.900000
239,Entry long,2025-06-23 02:30,2242.450000,1,-2.840000,-0.1300,11.540000,15.690000,1016.900000
238,Exit long,2025-06-22 06:30,2289.460000,1,24.170000,1.0700,32.110000,15.290000,1019.740000
238,Entry long,2025-06-22 02:45,2265.290000,1,24.170000,1.0700,32.110000,15.290000,1019.740000
237,Exit long,2025-06-21 06:30,2423.950000,1,1.960000,0.0800,7.990000,4.400000,995.570000
237,Entry long,2025-06-21 02:45,2421.990000,1,1.960000,0.0800,7.990000,4.400000,995.570000
236,Exit long,2025-06-20 06:30,2520.860000,1,2.270000,0.0900,5.160000,16.150000,993.610000
236,Entry long,2025-06-20 03:15,2518.590000,1,2.270000,0.0900,5.160000,16.150000,993.610000
235,Exit long,2025-06-19 06:30,2515.610000,1,-0.020000,-0.0000,14.540000,3.830000,991.340000
235,Entry long,2025-06-19 02:30,2515.630000,1,-0.020000,-0.0000,14.540000,3.830000,991.340000
234,Exit long,2025-06-18 06:30,2532.000000,1,8.090000,0.3200,21.190000,12.560000,991.360000
234,Entry long,2025-06-18 02:15,2523.910000,1,8.090000,0.3200,21.190000,12.560000,991.360000
233,Exit long,2025-06-17 06:30,2581.760000,1,8.030000,0.3100,44.010000,7.690000,983.270000
233,Entry long,2025-06-17 02:45,2573.730000,1,8.030000,0.3100,44.010000,7.690000,983.270000
232,Exit long,2025-06-16 06:30,2610.120000,1,33.110000,1.2800,43.730000,14.340000,975.240000
232,Entry long,2025-06-16 02:15,2577.010000,1,33.110000,1.2800,43.730000,14.340000,975.240000
231,Exit long,2025-06-15 06:30,2535.330000,1,2.590000,0.1000,19.490000,4.190000,942.130000
231,Entry long,2025-06-15 03:30,2532.740000,1,2.590000,0.1000,19.490000,4.190000,942.130000
230,Exit long,2025-06-14 06:30,2544.000000,1,-16.950000,-0.6600,5.380000,19.930000,939.540000
230,Entry long,2025-06-14 02:15,2560.950000,1,-16.950000,-0.6600,5.380000,19.930000,939.540000
229,Exit long,2025-06-13 06:30,2491.000000,1,14.580000,0.5900,47.780000,3.390000,956.490000
229,Entry long,2025-06-13 03:00,2476.420000,1,14.580000,0.5900,47.780000,3.390000,956.490000
228,Exit long,2025-06-12 06:30,2762.500000,1,-8.390000,-0.3000,5.440000,22.310000,941.910000
228,Entry long,2025-06-12 03:45,2770.890000,1,-8.390000,-0.3000,5.440000,22.310000,941.910000
227,Exit long,2025-06-11 06:30,2785.090000,1,3.360000,0.1200,21.880000,2.310000,950.300000
227,Entry long,2025-06-11 03:00,2781.730000,1,3.360000,0.1200,21.880000,2.310000,950.300000
226,Exit long,2025-06-10 06:30,2667.790000,1,-23.120000,-0.8600,8.090000,35.910000,946.940000
226,Entry long,2025-06-10 02:30,2690.910000,1,-23.120000,-0.8600,8.090000,35.910000,946.940000
225,Exit long,2025-06-09 06:30,2485.320000,1,-15.000000,-0.6000,3.120000,24.490000,970.060000
225,Entry long,2025-06-09 02:15,2500.320000,1,-15.000000,-0.6000,3.120000,24.490000,970.060000
224,Exit long,2025-06-08 06:30,2513.120000,1,-1.890000,-0.0800,4.020000,7.320000,985.060000
224,Entry long,2025-06-08 04:30,2515.010000,1,-1.890000,-0.0800,4.020000,7.320000,985.060000
223,Exit long,2025-06-07 06:30,2483.540000,1,12.230000,0.4900,24.190000,2.010000,986.950000
223,Entry long,2025-06-07 02:15,2471.310000,1,12.230000,0.4900,24.190000,2.010000,986.950000
222,Exit long,2025-06-06 06:30,2456.140000,1,37.630000,1.5600,49.920000,5.220000,974.720000
222,Entry long,2025-06-06 02:45,2418.510000,1,37.630000,1.5600,49.920000,5.220000,974.720000
221,Exit long,2025-06-05 06:30,2616.110000,1,-2.700000,-0.1000,14.950000,13.670000,937.090000
221,Entry long,2025-06-05 02:15,2618.810000,1,-2.700000,-0.1000,14.950000,13.670000,937.090000
220,Exit long,2025-06-04 06:30,2624.690000,1,9.690000,0.3700,29.170000,6.330000,939.790000
220,Entry long,2025-06-04 02:45,2615.000000,1,9.690000,0.3700,29.170000,6.330000,939.790000
219,Exit long,2025-06-03 06:30,2605.180000,1,84.590000,3.3600,128.410000,12.090000,930.100000
219,Entry long,2025-06-02 14:15,2520.590000,1,84.590000,3.3600,128.410000,12.090000,930.100000
218,Exit long,2025-06-01 06:30,2512.170000,1,5.530000,0.2200,19.820000,15.610000,845.510000
218,Entry long,2025-06-01 02:15,2506.640000,1,5.530000,0.2200,19.820000,15.610000,845.510000
217,Exit long,2025-05-31 06:30,2518.660000,1,7.490000,0.3000,14.830000,27.360000,839.980000
217,Entry long,2025-05-31 02:15,2511.170000,1,7.490000,0.3000,14.830000,27.360000,839.980000
216,Exit long,2025-05-30 06:30,2626.670000,1,9.920000,0.3800,31.670000,5.640000,832.490000
216,Entry long,2025-05-30 02:15,2616.750000,1,9.920000,0.3800,31.670000,5.640000,832.490000
215,Exit long,2025-05-29 06:30,2729.500000,1,15.560000,0.5700,74.940000,13.930000,822.570000
215,Entry long,2025-05-29 02:15,2713.940000,1,15.560000,0.5700,74.940000,13.930000,822.570000
214,Exit long,2025-05-28 06:30,2632.830000,1,0.600000,0.0200,19.640000,13.070000,807.010000
214,Entry long,2025-05-28 02:30,2632.230000,1,0.600000,0.0200,19.640000,13.070000,807.010000
213,Exit long,2025-05-27 06:30,2595.780000,1,60.180000,2.3700,74.300000,5.930000,806.410000
213,Entry long,2025-05-27 02:15,2535.600000,1,60.180000,2.3700,74.300000,5.930000,806.410000
212,Exit long,2025-05-26 06:30,2570.720000,1,10.670000,0.4200,14.700000,14.050000,746.230000
212,Entry long,2025-05-26 02:15,2560.050000,1,10.670000,0.4200,14.700000,14.050000,746.230000
211,Exit long,2025-05-25 06:30,2504.060000,1,4.220000,0.1700,19.840000,15.640000,735.560000
211,Entry long,2025-05-25 02:15,2499.840000,1,4.220000,0.1700,19.840000,15.640000,735.560000
210,Exit long,2025-05-24 06:30,2549.290000,1,17.470000,0.6900,30.510000,2.520000,731.340000
210,Entry long,2025-05-24 02:15,2531.820000,1,17.470000,0.6900,30.510000,2.520000,731.340000
209,Exit long,2025-05-23 06:30,2663.910000,1,-39.810000,-1.4700,30.580000,47.540000,713.870000
209,Entry long,2025-05-23 02:15,2703.720000,1,-39.810000,-1.4700,30.580000,47.540000,713.870000
208,Exit long,2025-05-22 06:30,2609.660000,1,20.910000,0.8100,58.500000,10.530000,753.680000
208,Entry long,2025-05-22 02:15,2588.750000,1,20.910000,0.8100,58.500000,10.530000,753.680000
207,Exit long,2025-05-21 06:30,2600.250000,1,76.640000,3.0400,82.660000,3.180000,732.770000
207,Entry long,2025-05-21 02:30,2523.610000,1,76.640000,3.0400,82.660000,3.180000,732.770000
206,Exit long,2025-05-20 06:30,2538.210000,1,-22.750000,-0.8900,27.040000,27.630000,656.130000
206,Entry long,2025-05-20 02:15,2560.960000,1,-22.750000,-0.8900,27.040000,27.630000,656.130000
205,Exit long,2025-05-19 06:30,2386.360000,1,-23.640000,-0.9800,6.940000,59.000000,678.880000
205,Entry long,2025-05-19 02:30,2410.000000,1,-23.640000,-0.9800,6.940000,59.000000,678.880000
204,Exit long,2025-05-18 06:30,2503.620000,1,19.710000,0.7900,30.860000,17.170000,702.520000
204,Entry long,2025-05-18 02:30,2483.910000,1,19.710000,0.7900,30.860000,17.170000,702.520000
203,Exit long,2025-05-17 06:30,2484.590000,1,7.800000,0.3100,35.540000,26.170000,682.810000
203,Entry long,2025-05-17 02:15,2476.790000,1,7.800000,0.3100,35.540000,26.170000,682.810000
202,Exit long,2025-05-16 06:30,2593.360000,1,17.850000,0.6900,23.730000,12.590000,675.010000
202,Entry long,2025-05-16 03:00,2575.510000,1,17.850000,0.6900,23.730000,12.590000,675.010000
201,Exit long,2025-05-15 06:30,2578.390000,1,-9.620000,-0.3700,9.260000,25.730000,657.160000
201,Entry long,2025-05-15 02:15,2588.010000,1,-9.620000,-0.3700,9.260000,25.730000,657.160000
200,Exit long,2025-05-14 06:30,2665.810000,1,12.740000,0.4800,33.540000,6.760000,666.780000
200,Entry long,2025-05-14 04:30,2653.070000,1,12.740000,0.4800,33.540000,6.760000,666.780000
199,Exit long,2025-05-13 06:30,2449.670000,1,3.670000,0.1500,16.650000,29.540000,654.040000
199,Entry long,2025-05-13 02:30,2446.000000,1,3.670000,0.1500,16.650000,29.540000,654.040000
198,Exit long,2025-05-12 06:30,2506.890000,1,-7.600000,-0.3000,20.600000,30.470000,650.370000
198,Entry long,2025-05-12 02:15,2514.490000,1,-7.600000,-0.3000,20.600000,30.470000,650.370000
197,Exit long,2025-05-11 06:30,2541.900000,1,-5.490000,-0.2200,17.610000,25.790000,657.970000
197,Entry long,2025-05-11 02:15,2547.390000,1,-5.490000,-0.2200,17.610000,25.790000,657.970000
196,Exit long,2025-05-10 06:30,2372.050000,1,29.810000,1.2700,35.200000,16.930000,663.460000
196,Entry long,2025-05-10 02:15,2342.240000,1,29.810000,1.2700,35.200000,16.930000,663.460000
195,Exit long,2025-05-09 06:30,2250.500000,1,44.490000,2.0200,48.960000,9.940000,633.650000
195,Entry long,2025-05-09 02:45,2206.010000,1,44.490000,2.0200,48.960000,9.940000,633.650000
194,Exit long,2025-05-08 06:30,1903.390000,1,74.830000,4.0900,88.440000,0.570000,589.160000
194,Entry long,2025-05-08 02:15,1828.560000,1,74.830000,4.0900,88.440000,0.570000,589.160000
193,Exit long,2025-05-07 06:30,1828.100000,1,0.690000,0.0400,6.160000,5.290000,514.330000
193,Entry long,2025-05-07 03:30,1827.410000,1,0.690000,0.0400,6.160000,5.290000,514.330000
192,Exit long,2025-05-06 06:30,1802.550000,1,3.330000,0.1900,8.820000,2.730000,513.640000
192,Entry long,2025-05-06 02:45,1799.220000,1,3.330000,0.1900,8.820000,2.730000,513.640000
191,Exit long,2025-05-05 06:30,1814.760000,1,22.750000,1.2700,28.960000,2.010000,510.310000
191,Entry long,2025-05-05 02:15,1792.010000,1,22.750000,1.2700,28.960000,2.010000,510.310000
190,Exit long,2025-05-04 06:30,1840.860000,1,6.540000,0.3600,15.210000,5.890000,487.560000
190,Entry long,2025-05-04 03:30,1834.320000,1,6.540000,0.3600,15.210000,5.890000,487.560000
189,Exit long,2025-05-03 06:30,1824.900000,1,-7.140000,-0.3900,6.510000,8.650000,481.020000
189,Entry long,2025-05-03 02:15,1832.040000,1,-7.140000,-0.3900,6.510000,8.650000,481.020000
188,Exit long,2025-05-02 06:30,1834.990000,1,-7.510000,-0.4100,8.360000,15.780000,488.160000
188,Entry long,2025-05-02 02:15,1842.500000,1,-7.510000,-0.4100,8.360000,15.780000,488.160000
187,Exit long,2025-05-01 06:30,1808.470000,1,-6.540000,-0.3600,3.170000,11.900000,495.670000
187,Entry long,2025-05-01 02:30,1815.010000,1,-6.540000,-0.3600,3.170000,11.900000,495.670000
186,Exit long,2025-04-30 06:30,1806.880000,1,9.540000,0.5300,14.880000,2.060000,502.210000
186,Entry long,2025-04-30 02:15,1797.340000,1,9.540000,0.5300,14.880000,2.060000,502.210000
185,Exit long,2025-04-29 06:30,1812.450000,1,14.930000,0.8300,21.480000,10.840000,492.670000
185,Entry long,2025-04-29 02:30,1797.520000,1,14.930000,0.8300,21.480000,10.840000,492.670000
184,Exit long,2025-04-28 06:30,1797.110000,1,26.240000,1.4800,31.530000,6.160000,477.740000
184,Entry long,2025-04-28 02:15,1770.870000,1,26.240000,1.4800,31.530000,6.160000,477.740000
183,Exit long,2025-04-27 06:30,1802.500000,1,-12.910000,-0.7100,1.640000,26.530000,451.500000
183,Entry long,2025-04-27 02:15,1815.410000,1,-12.910000,-0.7100,1.640000,26.530000,451.500000
182,Exit long,2025-04-26 06:30,1795.440000,1,-10.630000,-0.5900,8.510000,18.060000,464.410000
182,Entry long,2025-04-26 02:30,1806.070000,1,-10.630000,-0.5900,8.510000,18.060000,464.410000
181,Exit long,2025-04-25 06:30,1773.960000,1,19.780000,1.1300,20.450000,6.360000,475.040000
181,Entry long,2025-04-25 03:30,1754.180000,1,19.780000,1.1300,20.450000,6.360000,475.040000
180,Exit long,2025-04-24 06:30,1774.250000,1,-12.800000,-0.7200,3.400000,29.990000,455.260000
180,Entry long,2025-04-24 03:00,1787.050000,1,-12.800000,-0.7200,3.400000,29.990000,455.260000
179,Exit long,2025-04-23 06:30,1797.800000,1,24.990000,1.4100,45.170000,3.510000,468.060000
179,Entry long,2025-04-23 02:15,1772.810000,1,24.990000,1.4100,45.170000,3.510000,468.060000
178,Exit long,2025-04-22 06:30,1576.380000,1,-1.220000,-0.0800,8.470000,7.300000,443.070000
178,Entry long,2025-04-22 03:00,1577.600000,1,-1.220000,-0.0800,8.470000,7.300000,443.070000
177,Exit long,2025-04-21 06:30,1650.300000,1,9.450000,0.5800,17.150000,16.390000,444.290000
177,Entry long,2025-04-21 02:30,1640.850000,1,9.450000,0.5800,17.150000,16.390000,444.290000
176,Exit long,2025-04-20 06:30,1607.450000,1,-7.140000,-0.4400,3.590000,8.280000,434.840000
176,Entry long,2025-04-20 02:30,1614.590000,1,-7.140000,-0.4400,3.590000,8.280000,434.840000
175,Exit long,2025-04-19 06:30,1599.160000,1,6.660000,0.4200,20.500000,1.010000,441.980000
175,Entry long,2025-04-19 03:00,1592.500000,1,6.660000,0.4200,20.500000,1.010000,441.980000
174,Exit long,2025-04-18 06:30,1578.370000,1,-5.310000,-0.3400,3.100000,11.030000,435.320000
174,Entry long,2025-04-18 02:15,1583.680000,1,-5.310000,-0.3400,3.100000,11.030000,435.320000
173,Exit long,2025-04-17 06:30,1606.190000,1,17.710000,1.1100,20.370000,11.970000,440.630000
173,Entry long,2025-04-17 02:30,1588.480000,1,17.710000,1.1100,20.370000,11.970000,440.630000
172,Exit long,2025-04-16 06:30,1571.640000,1,-30.710000,-1.9200,1.460000,52.350000,422.920000
172,Entry long,2025-04-16 02:15,1602.350000,1,-30.710000,-1.9200,1.460000,52.350000,422.920000
171,Exit long,2025-04-15 06:30,1637.990000,1,1.100000,0.0700,11.110000,20.760000,453.630000
171,Entry long,2025-04-15 02:15,1636.890000,1,1.100000,0.0700,11.110000,20.760000,453.630000
170,Exit long,2025-04-14 06:30,1620.050000,1,-3.520000,-0.2200,36.240000,9.930000,452.530000
170,Entry long,2025-04-14 02:15,1623.570000,1,-3.520000,-0.2200,36.240000,9.930000,452.530000
169,Exit long,2025-04-13 06:30,1614.190000,1,-5.470000,-0.3400,9.000000,23.450000,456.050000
169,Entry long,2025-04-13 02:30,1619.660000,1,-5.470000,-0.3400,9.000000,23.450000,456.050000
168,Exit long,2025-04-12 06:30,1573.060000,1,18.650000,1.2000,23.730000,8.630000,461.520000
168,Entry long,2025-04-12 02:30,1554.410000,1,18.650000,1.2000,23.730000,8.630000,461.520000
167,Exit long,2025-04-11 06:30,1551.500000,1,8.310000,0.5400,18.760000,10.860000,442.870000
167,Entry long,2025-04-11 02:15,1543.190000,1,8.310000,0.5400,18.760000,10.860000,442.870000
166,Exit long,2025-04-10 06:30,1611.730000,1,-32.440000,-1.9700,1.430000,43.170000,434.560000
166,Entry long,2025-04-10 02:15,1644.170000,1,-32.440000,-1.9700,1.430000,43.170000,434.560000
165,Exit long,2025-04-09 06:30,1464.410000,1,35.350000,2.4700,47.130000,15.060000,467.000000
165,Entry long,2025-04-09 04:00,1429.060000,1,35.350000,2.4700,47.130000,15.060000,467.000000
164,Exit long,2025-04-08 06:30,1578.000000,1,-8.750000,-0.5500,51.720000,61.540000,431.650000
164,Entry long,2025-04-07 14:00,1586.750000,1,-8.750000,-0.5500,51.720000,61.540000,431.650000
163,Exit long,2025-04-06 06:30,1808.710000,1,1.720000,0.1000,5.610000,2.590000,440.400000
163,Entry long,2025-04-06 03:45,1806.990000,1,1.720000,0.1000,5.610000,2.590000,440.400000
162,Exit long,2025-04-05 06:30,1810.840000,1,-6.730000,-0.3700,2.050000,11.550000,438.680000
162,Entry long,2025-04-05 02:30,1817.570000,1,-6.730000,-0.3700,2.050000,11.550000,438.680000
161,Exit long,2025-04-04 06:30,1806.620000,1,7.010000,0.3900,7.950000,18.010000,445.410000
161,Entry long,2025-04-04 02:15,1799.610000,1,7.010000,0.3900,7.950000,18.010000,445.410000
160,Exit long,2025-04-03 06:30,1825.680000,1,-1.830000,-0.1000,17.460000,9.150000,438.400000
160,Entry long,2025-04-03 02:30,1827.510000,1,-1.830000,-0.1000,17.460000,9.150000,438.400000
159,Exit long,2025-04-02 06:30,1855.790000,1,-25.500000,-1.3600,5.160000,30.600000,440.230000
159,Entry long,2025-04-02 02:30,1881.290000,1,-25.500000,-1.3600,5.160000,30.600000,440.230000
158,Exit long,2025-04-01 06:30,1847.080000,1,16.720000,0.9100,19.540000,1.680000,465.730000
158,Entry long,2025-04-01 02:15,1830.360000,1,16.720000,0.9100,19.540000,1.680000,465.730000
157,Exit long,2025-03-31 06:30,1801.300000,1,-12.700000,-0.7000,9.010000,22.000000,449.010000
157,Entry long,2025-03-31 02:15,1814.000000,1,-12.700000,-0.7000,9.010000,22.000000,449.010000
156,Exit long,2025-03-30 06:30,1832.850000,1,-7.540000,-0.4100,5.850000,9.190000,461.710000
156,Entry long,2025-03-30 02:15,1840.390000,1,-7.540000,-0.4100,5.850000,9.190000,461.710000
155,Exit long,2025-03-29 06:30,1880.710000,1,-22.760000,-1.2000,1.870000,27.880000,469.250000
155,Entry long,2025-03-29 03:30,1903.470000,1,-22.760000,-1.2000,1.870000,27.880000,469.250000
154,Exit long,2025-03-28 06:30,1924.500000,1,-86.210000,-4.2900,4.380000,114.010000,492.010000
154,Entry long,2025-03-28 02:15,2010.710000,1,-86.210000,-4.2900,4.380000,114.010000,492.010000
153,Exit long,2025-03-27 06:30,2028.000000,1,3.390000,0.1700,12.270000,5.880000,578.220000
153,Entry long,2025-03-27 02:15,2024.610000,1,3.390000,0.1700,12.270000,5.880000,578.220000
152,Exit long,2025-03-26 06:30,2058.170000,1,-2.740000,-0.1300,8.230000,20.010000,574.830000
152,Entry long,2025-03-26 02:30,2060.910000,1,-2.740000,-0.1300,8.230000,20.010000,574.830000
151,Exit long,2025-03-25 06:30,2055.120000,1,-11.270000,-0.5500,2.960000,30.390000,577.570000
151,Entry long,2025-03-25 02:15,2066.390000,1,-11.270000,-0.5500,2.960000,30.390000,577.570000
150,Exit long,2025-03-24 06:30,2066.380000,1,80.570000,4.0600,90.740000,4.510000,588.840000
150,Entry long,2025-03-24 02:15,1985.810000,1,80.570000,4.0600,90.740000,4.510000,588.840000
149,Exit long,2025-03-23 06:30,1999.680000,1,3.050000,0.1500,12.290000,5.690000,508.270000
149,Entry long,2025-03-23 02:30,1996.630000,1,3.050000,0.1500,12.290000,5.690000,508.270000
148,Exit long,2025-03-22 06:30,1986.260000,1,6.090000,0.3100,12.130000,4.520000,505.220000
148,Entry long,2025-03-22 02:15,1980.170000,1,6.090000,0.3100,12.130000,4.520000,505.220000
147,Exit long,2025-03-20 06:30,2014.790000,1,-13.110000,-0.6500,5.960000,16.770000,499.130000
147,Entry long,2025-03-20 02:30,2027.900000,1,-13.110000,-0.6500,5.960000,16.770000,499.130000
146,Exit long,2025-03-19 06:30,1934.780000,1,0.460000,0.0200,8.140000,7.170000,512.240000
146,Entry long,2025-03-19 02:15,1934.320000,1,0.460000,0.0200,8.140000,7.170000,512.240000
145,Exit long,2025-03-18 06:30,1898.080000,1,-13.760000,-0.7200,5.150000,18.940000,511.780000
145,Entry long,2025-03-18 02:15,1911.840000,1,-13.760000,-0.7200,5.150000,18.940000,511.780000
144,Exit long,2025-03-17 06:30,1885.300000,1,-21.780000,-1.1400,7.800000,23.000000,525.540000
144,Entry long,2025-03-17 02:15,1907.080000,1,-21.780000,-1.1400,7.800000,23.000000,525.540000
143,Exit long,2025-03-16 06:30,1929.520000,1,6.570000,0.3400,9.750000,3.820000,547.320000
143,Entry long,2025-03-16 02:30,1922.950000,1,6.570000,0.3400,9.750000,3.820000,547.320000
142,Exit long,2025-03-15 06:30,1928.560000,1,20.550000,1.0800,26.760000,1.690000,540.750000
142,Entry long,2025-03-15 02:45,1908.010000,1,20.550000,1.0800,26.760000,1.690000,540.750000
141,Exit long,2025-03-14 06:30,1888.990000,1,-11.610000,-0.6100,21.400000,80.400000,520.200000
141,Entry long,2025-03-13 10:45,1900.600000,1,-11.610000,-0.6100,21.400000,80.400000,520.200000
140,Exit long,2025-03-12 06:30,1869.770000,1,-26.940000,-1.4200,0.890000,45.380000,531.810000
140,Entry long,2025-03-12 03:00,1896.710000,1,-26.940000,-1.4200,0.890000,45.380000,531.810000
139,Exit long,2025-03-11 06:30,1895.780000,1,26.780000,1.4300,44.490000,24.110000,558.750000
139,Entry long,2025-03-11 02:15,1869.000000,1,26.780000,1.4300,44.490000,24.110000,558.750000
138,Exit long,2025-03-10 06:30,2060.270000,1,9.760000,0.4800,25.670000,7.440000,531.970000
138,Entry long,2025-03-10 02:15,2050.510000,1,9.760000,0.4800,25.670000,7.440000,531.970000
137,Exit long,2025-03-09 06:30,2178.680000,1,-8.560000,-0.3900,9.040000,16.410000,522.210000
137,Entry long,2025-03-09 03:45,2187.240000,1,-8.560000,-0.3900,9.040000,16.410000,522.210000
136,Exit long,2025-03-08 06:30,2142.730000,1,4.080000,0.1900,13.380000,15.130000,530.770000
136,Entry long,2025-03-08 02:15,2138.650000,1,4.080000,0.1900,13.380000,15.130000,530.770000
135,Exit long,2025-03-07 06:30,2169.560000,1,-9.710000,-0.4500,3.910000,35.860000,526.690000
135,Entry long,2025-03-07 02:30,2179.270000,1,-9.710000,-0.4500,3.910000,35.860000,526.690000
134,Exit long,2025-03-06 06:30,2302.440000,1,23.350000,1.0200,39.900000,18.930000,536.400000
134,Entry long,2025-03-06 02:15,2279.090000,1,23.350000,1.0200,39.900000,18.930000,536.400000
133,Exit long,2025-03-05 06:30,2175.920000,1,-7.520000,-0.3400,6.350000,26.510000,513.050000
133,Entry long,2025-03-05 02:45,2183.440000,1,-7.520000,-0.3400,6.350000,26.510000,513.050000
132,Exit long,2025-03-04 06:30,2105.800000,1,46.250000,2.2500,61.770000,6.500000,520.570000
132,Entry long,2025-03-04 02:30,2059.550000,1,46.250000,2.2500,61.770000,6.500000,520.570000
131,Exit long,2025-03-03 06:30,2425.080000,1,-18.130000,-0.7400,13.870000,21.940000,474.320000
131,Entry long,2025-03-03 02:45,2443.210000,1,-18.130000,-0.7400,13.870000,21.940000,474.320000
130,Exit long,2025-03-02 06:30,2229.840000,1,18.650000,0.8400,23.580000,2.370000,492.450000
130,Entry long,2025-03-02 03:00,2211.190000,1,18.650000,0.8400,23.580000,2.370000,492.450000
129,Exit long,2025-03-01 06:30,2237.350000,1,-18.770000,-0.8300,23.630000,19.700000,473.800000
129,Entry long,2025-03-01 02:15,2256.120000,1,-18.770000,-0.8300,23.630000,19.700000,473.800000
128,Exit long,2025-02-28 06:30,2114.920000,1,-56.760000,-2.6100,22.090000,80.850000,492.570000
128,Entry long,2025-02-28 03:00,2171.680000,1,-56.760000,-2.6100,22.090000,80.850000,492.570000
127,Exit long,2025-02-27 06:30,2346.890000,1,-1.820000,-0.0800,21.650000,46.700000,549.330000
127,Entry long,2025-02-27 02:15,2348.710000,1,-1.820000,-0.0800,21.650000,46.700000,549.330000
126,Exit long,2025-02-26 06:30,2491.640000,1,4.260000,0.1700,19.070000,13.390000,551.150000
126,Entry long,2025-02-26 02:15,2487.380000,1,4.260000,0.1700,19.070000,13.390000,551.150000
125,Exit long,2025-02-25 06:30,2492.000000,1,-3.010000,-0.1200,28.440000,18.010000,546.890000
125,Entry long,2025-02-25 02:30,2495.010000,1,-3.010000,-0.1200,28.440000,18.010000,546.890000
124,Exit long,2025-02-24 06:30,2723.070000,1,-61.240000,-2.2000,5.570000,93.240000,549.900000
124,Entry long,2025-02-24 02:45,2784.310000,1,-61.240000,-2.2000,5.570000,93.240000,549.900000
123,Exit long,2025-02-23 06:30,2792.580000,1,34.570000,1.2500,37.930000,12.900000,611.140000
123,Entry long,2025-02-23 03:15,2758.010000,1,34.570000,1.2500,37.930000,12.900000,611.140000
122,Exit long,2025-02-22 06:30,2686.780000,1,7.960000,0.3000,15.680000,14.460000,576.570000
122,Entry long,2025-02-22 02:30,2678.820000,1,7.960000,0.3000,15.680000,14.460000,576.570000
121,Exit long,2025-02-21 06:30,2753.700000,1,10.450000,0.3800,16.550000,11.030000,568.610000
121,Entry long,2025-02-21 02:15,2743.250000,1,10.450000,0.3800,16.550000,11.030000,568.610000
120,Exit long,2025-02-20 06:30,2728.420000,1,-0.390000,-0.0100,29.720000,7.210000,558.160000
120,Entry long,2025-02-20 02:15,2728.810000,1,-0.390000,-0.0100,29.720000,7.210000,558.160000
119,Exit long,2025-02-19 06:30,2688.430000,1,4.030000,0.1500,14.720000,21.400000,558.550000
119,Entry long,2025-02-19 02:30,2684.400000,1,4.030000,0.1500,14.720000,21.400000,558.550000
118,Exit long,2025-02-18 06:30,2661.570000,1,-56.370000,-2.0700,5.210000,66.160000,554.520000
118,Entry long,2025-02-18 03:00,2717.940000,1,-56.370000,-2.0700,5.210000,66.160000,554.520000
117,Exit long,2025-02-17 06:30,2678.610000,1,4.120000,0.1500,8.180000,7.370000,610.890000
117,Entry long,2025-02-17 06:00,2674.490000,1,4.120000,0.1500,8.180000,7.370000,610.890000
116,Exit long,2025-02-16 06:30,2715.980000,1,18.370000,0.6800,28.660000,11.610000,606.770000
116,Entry long,2025-02-16 02:30,2697.610000,1,18.370000,0.6800,28.660000,11.610000,606.770000
115,Exit long,2025-02-15 06:30,2718.500000,1,-8.050000,-0.3000,11.450000,12.320000,588.400000
115,Entry long,2025-02-15 02:45,2726.550000,1,-8.050000,-0.3000,11.450000,12.320000,588.400000
114,Exit long,2025-02-14 06:30,2697.990000,1,0.280000,0.0100,22.990000,10.010000,596.450000
114,Entry long,2025-02-14 02:30,2697.710000,1,0.280000,0.0100,22.990000,10.010000,596.450000
113,Exit long,2025-02-13 06:30,2712.680000,1,-26.730000,-0.9800,7.010000,36.410000,596.170000
113,Entry long,2025-02-13 02:45,2739.410000,1,-26.730000,-0.9800,7.010000,36.410000,596.170000
112,Exit long,2025-02-12 06:30,2605.010000,1,-8.340000,-0.3200,1.510000,46.450000,622.900000
112,Entry long,2025-02-12 02:30,2613.350000,1,-8.340000,-0.3200,1.510000,46.450000,622.900000
111,Exit long,2025-02-11 06:30,2708.030000,1,31.320000,1.1700,44.410000,10.030000,631.240000
111,Entry long,2025-02-11 02:45,2676.710000,1,31.320000,1.1700,44.410000,10.030000,631.240000
110,Exit long,2025-02-10 06:30,2629.190000,1,45.820000,1.7700,76.550000,15.850000,599.920000
110,Entry long,2025-02-10 02:15,2583.370000,1,45.820000,1.7700,76.550000,15.850000,599.920000
109,Exit long,2025-02-09 06:30,2655.000000,1,12.570000,0.4800,55.570000,10.150000,554.100000
109,Entry long,2025-02-09 02:45,2642.430000,1,12.570000,0.4800,55.570000,10.150000,554.100000
108,Exit long,2025-02-08 06:30,2627.900000,1,-6.110000,-0.2300,21.530000,20.360000,541.530000
108,Entry long,2025-02-08 02:15,2634.010000,1,-6.110000,-0.2300,21.530000,20.360000,541.530000
107,Exit long,2025-02-07 06:30,2681.250000,1,-45.180000,-1.6600,8.860000,48.880000,547.640000
107,Entry long,2025-02-07 02:15,2726.430000,1,-45.180000,-1.6600,8.860000,48.880000,547.640000
106,Exit long,2025-02-06 06:30,2831.870000,1,27.260000,0.9700,43.910000,15.720000,592.820000
106,Entry long,2025-02-06 02:15,2804.610000,1,27.260000,0.9700,43.910000,15.720000,592.820000
105,Exit long,2025-02-05 06:30,2758.950000,1,37.100000,1.3600,65.380000,14.710000,565.560000
105,Entry long,2025-02-05 02:30,2721.850000,1,37.100000,1.3600,65.380000,14.710000,565.560000
104,Exit long,2025-02-04 06:30,2695.660000,1,-149.810000,-5.2600,0.130000,184.250000,528.460000
104,Entry long,2025-02-04 02:30,2845.470000,1,-149.810000,-5.2600,0.130000,184.250000,528.460000
103,Exit long,2025-02-03 06:30,2520.050000,1,9.720000,0.3900,54.670000,75.500000,678.270000
103,Entry long,2025-02-03 02:30,2510.330000,1,9.720000,0.3900,54.670000,75.500000,678.270000
102,Exit long,2025-02-02 06:30,3133.400000,1,7.880000,0.2500,12.680000,58.690000,668.550000
102,Entry long,2025-02-02 03:00,3125.520000,1,7.880000,0.2500,12.680000,58.690000,668.550000
101,Exit long,2025-02-01 06:30,3289.350000,1,32.250000,0.9900,179.290000,25.050000,660.670000
101,Entry long,2025-01-31 06:30,3257.100000,1,32.250000,0.9900,179.290000,25.050000,660.670000
100,Exit long,2025-01-30 06:30,3193.350000,1,48.700000,1.5500,70.200000,7.470000,628.420000
100,Entry long,2025-01-30 02:15,3144.650000,1,48.700000,1.5500,70.200000,7.470000,628.420000
99,Exit long,2025-01-29 06:30,3139.600000,1,24.610000,0.7900,29.960000,8.340000,579.720000
99,Entry long,2025-01-29 03:00,3114.990000,1,24.610000,0.7900,29.960000,8.340000,579.720000
98,Exit long,2025-01-28 06:30,3206.370000,1,26.540000,0.8300,42.150000,5.930000,555.110000
98,Entry long,2025-01-28 02:15,3179.830000,1,26.540000,0.8300,42.150000,5.930000,555.110000
97,Exit long,2025-01-27 06:30,3116.010000,1,-77.700000,-2.4300,4.660000,92.600000,528.570000
97,Entry long,2025-01-27 02:15,3193.710000,1,-77.700000,-2.4300,4.660000,92.600000,528.570000
96,Exit long,2025-01-26 06:30,3343.670000,1,17.560000,0.5300,36.890000,7.200000,606.270000
96,Entry long,2025-01-26 02:45,3326.110000,1,17.560000,0.5300,36.890000,7.200000,606.270000
95,Exit long,2025-01-25 06:30,3290.510000,1,-10.640000,-0.3200,23.030000,18.640000,588.710000
95,Entry long,2025-01-25 02:15,3301.150000,1,-10.640000,-0.3200,23.030000,18.640000,588.710000
94,Exit long,2025-01-24 06:30,3396.150000,1,89.510000,2.7100,114.100000,32.700000,599.350000
94,Entry long,2025-01-24 02:15,3306.640000,1,89.510000,2.7100,114.100000,32.700000,599.350000
93,Exit long,2025-01-23 06:30,3223.270000,1,-2.070000,-0.0600,17.010000,48.340000,509.840000
93,Entry long,2025-01-23 02:30,3225.340000,1,-2.070000,-0.0600,17.010000,48.340000,509.840000
92,Exit long,2025-01-22 06:30,3305.800000,1,-26.050000,-0.7800,16.010000,30.730000,511.910000
92,Entry long,2025-01-22 02:15,3331.850000,1,-26.050000,-0.7800,16.010000,30.730000,511.910000
91,Exit long,2025-01-21 06:30,3238.690000,1,-17.760000,-0.5500,13.530000,46.360000,537.960000
91,Entry long,2025-01-21 02:45,3256.450000,1,-17.760000,-0.5500,13.530000,46.360000,537.960000
90,Exit long,2025-01-20 06:30,3303.130000,1,70.350000,2.1800,86.130000,9.430000,555.720000
90,Entry long,2025-01-20 02:15,3232.780000,1,70.350000,2.1800,86.130000,9.430000,555.720000
89,Exit long,2025-01-19 06:30,3296.440000,1,-62.450000,-1.8600,18.810000,100.720000,485.370000
89,Entry long,2025-01-19 02:15,3358.890000,1,-62.450000,-1.8600,18.810000,100.720000,485.370000
88,Exit long,2025-01-18 06:30,3321.590000,1,-147.920000,-4.2600,4.100000,179.510000,547.820000
88,Entry long,2025-01-18 02:15,3469.510000,1,-147.920000,-4.2600,4.100000,179.510000,547.820000
87,Exit long,2025-01-17 06:30,3370.550000,1,-19.720000,-0.5800,6.380000,43.830000,695.740000
87,Entry long,2025-01-17 01:45,3390.270000,1,-19.720000,-0.5800,6.380000,43.830000,695.740000
86,Exit long,2025-01-15 06:30,3217.410000,1,0.400000,0.0100,34.680000,9.900000,715.460000
86,Entry long,2025-01-15 02:45,3217.010000,1,0.400000,0.0100,34.680000,9.900000,715.460000
85,Exit long,2025-01-14 06:30,3175.820000,1,29.890000,0.9500,35.400000,0.900000,715.060000
85,Entry long,2025-01-14 02:15,3145.930000,1,29.890000,0.9500,35.400000,0.900000,715.060000
84,Exit long,2025-01-13 06:30,3220.200000,1,-45.000000,-1.3800,4.800000,54.200000,685.170000
84,Entry long,2025-01-13 02:15,3265.200000,1,-45.000000,-1.3800,4.800000,54.200000,685.170000
83,Exit long,2025-01-12 06:30,3272.460000,1,-12.060000,-0.3700,5.830000,14.390000,730.170000
83,Entry long,2025-01-12 02:30,3284.520000,1,-12.060000,-0.3700,5.830000,14.390000,730.170000
82,Exit long,2025-01-11 06:30,3247.730000,1,2.780000,0.0900,6.020000,16.950000,742.230000
82,Entry long,2025-01-11 02:30,3244.950000,1,2.780000,0.0900,6.020000,16.950000,742.230000
81,Exit long,2025-01-10 06:30,3265.060000,1,16.050000,0.4900,31.930000,19.970000,739.450000
81,Entry long,2025-01-10 02:15,3249.010000,1,16.050000,0.4900,31.930000,19.970000,739.450000
80,Exit long,2025-01-09 06:30,3325.300000,1,-18.130000,-0.5400,1.490000,32.430000,723.400000
80,Entry long,2025-01-09 02:30,3343.430000,1,-18.130000,-0.5400,1.490000,32.430000,723.400000
79,Exit long,2025-01-07 06:30,3670.590000,1,-26.310000,-0.7100,3.410000,39.500000,741.530000
79,Entry long,2025-01-07 02:15,3696.900000,1,-26.310000,-0.7100,3.410000,39.500000,741.530000
78,Exit long,2025-01-06 06:30,3667.990000,1,-11.520000,-0.3100,18.490000,26.810000,767.840000
78,Entry long,2025-01-06 02:30,3679.510000,1,-11.520000,-0.3100,18.490000,26.810000,767.840000
77,Exit long,2025-01-05 06:30,3633.320000,1,-8.690000,-0.2400,6.080000,15.180000,779.360000
77,Entry long,2025-01-05 02:15,3642.010000,1,-8.690000,-0.2400,6.080000,15.180000,779.360000
76,Exit long,2025-01-04 06:30,3600.380000,1,8.270000,0.2300,14.490000,10.110000,788.050000
76,Entry long,2025-01-04 02:30,3592.110000,1,8.270000,0.2300,14.490000,10.110000,788.050000
75,Exit long,2025-01-03 06:30,3448.410000,1,-21.410000,-0.6200,6.660000,26.100000,779.780000
75,Entry long,2025-01-03 02:15,3469.820000,1,-21.410000,-0.6200,6.660000,26.100000,779.780000
74,Exit long,2025-01-02 06:30,3403.010000,1,11.490000,0.3400,36.180000,14.520000,801.190000
74,Entry long,2025-01-02 02:15,3391.520000,1,11.490000,0.3400,36.180000,14.520000,801.190000
73,Exit long,2025-01-01 06:30,3342.970000,1,-11.220000,-0.3300,13.830000,16.590000,789.700000
73,Entry long,2025-01-01 02:30,3354.190000,1,-11.220000,-0.3300,13.830000,16.590000,789.700000
72,Exit long,2024-12-31 06:30,3355.010000,1,11.650000,0.3500,19.110000,16.400000,800.920000
72,Entry long,2024-12-31 02:15,3343.360000,1,11.650000,0.3500,19.110000,16.400000,800.920000
71,Exit long,2024-12-30 06:30,3426.020000,1,11.070000,0.3200,14.620000,27.560000,789.270000
71,Entry long,2024-12-30 02:30,3414.950000,1,11.070000,0.3200,14.620000,27.560000,789.270000
70,Exit long,2024-12-29 06:30,3387.480000,1,5.620000,0.1700,9.710000,6.130000,778.200000
70,Entry long,2024-12-29 02:15,3381.860000,1,5.620000,0.1700,9.710000,6.130000,778.200000
69,Exit long,2024-12-28 06:30,3340.150000,1,4.320000,0.1300,26.170000,10.460000,772.580000
69,Entry long,2024-12-28 03:00,3335.830000,1,4.320000,0.1300,26.170000,10.460000,772.580000
68,Exit long,2024-12-27 06:30,3381.460000,1,14.750000,0.4400,24.280000,8.320000,768.260000
68,Entry long,2024-12-27 03:00,3366.710000,1,14.750000,0.4400,24.280000,8.320000,768.260000
67,Exit long,2024-12-26 06:30,3442.000000,1,-33.010000,-0.9500,4.960000,51.030000,753.510000
67,Entry long,2024-12-26 02:15,3475.010000,1,-33.010000,-0.9500,4.960000,51.030000,753.510000
66,Exit long,2024-12-25 06:30,3489.680000,1,15.590000,0.4500,34.990000,9.490000,786.520000
66,Entry long,2024-12-25 02:30,3474.090000,1,15.590000,0.4500,34.990000,9.490000,786.520000
65,Exit long,2024-12-24 06:30,3418.350000,1,38.420000,1.1400,54.060000,17.950000,770.930000
65,Entry long,2024-12-24 02:30,3379.930000,1,38.420000,1.1400,54.060000,17.950000,770.930000
64,Exit long,2024-12-23 06:30,3295.600000,1,47.940000,1.4800,115.020000,9.650000,732.510000
64,Entry long,2024-12-23 02:30,3247.660000,1,47.940000,1.4800,115.020000,9.650000,732.510000
63,Exit long,2024-12-22 06:30,3342.330000,1,-19.860000,-0.5900,4.310000,68.670000,684.570000
63,Entry long,2024-12-22 02:15,3362.190000,1,-19.860000,-0.5900,4.310000,68.670000,684.570000
62,Exit long,2024-12-21 06:30,3511.870000,1,38.620000,1.1100,59.400000,19.660000,704.430000
62,Entry long,2024-12-21 02:15,3473.250000,1,38.620000,1.1100,59.400000,19.660000,704.430000
61,Exit long,2024-12-20 06:30,3362.980000,1,-41.450000,-1.2200,60.550000,53.430000,665.810000
61,Entry long,2024-12-20 02:15,3404.430000,1,-41.450000,-1.2200,60.550000,53.430000,665.810000
60,Exit long,2024-12-19 06:30,3667.730000,1,59.670000,1.6500,70.630000,18.030000,707.260000
60,Entry long,2024-12-19 02:45,3608.060000,1,59.670000,1.6500,70.630000,18.030000,707.260000
59,Exit long,2024-12-18 06:30,3838.130000,1,-37.100000,-0.9600,4.100000,62.360000,647.590000
59,Entry long,2024-12-18 02:30,3875.230000,1,-37.100000,-0.9600,4.100000,62.360000,647.590000
58,Exit long,2024-12-17 06:30,3999.400000,1,-6.700000,-0.1700,33.890000,13.480000,684.690000
58,Entry long,2024-12-17 02:15,4006.100000,1,-6.700000,-0.1700,33.890000,13.480000,684.690000
57,Exit long,2024-12-16 06:30,3960.590000,1,-15.260000,-0.3800,1.150000,48.700000,691.390000
57,Entry long,2024-12-16 03:00,3975.850000,1,-15.260000,-0.3800,1.150000,48.700000,691.390000
56,Exit long,2024-12-15 06:30,3889.620000,1,0.300000,0.0100,23.550000,18.320000,706.650000
56,Entry long,2024-12-15 02:30,3889.320000,1,0.300000,0.0100,23.550000,18.320000,706.650000
55,Exit long,2024-12-14 06:30,3928.000000,1,12.640000,0.3200,18.180000,12.360000,706.350000
55,Entry long,2024-12-14 02:30,3915.360000,1,12.640000,0.3200,18.180000,12.360000,706.350000
54,Exit long,2024-12-13 06:30,3916.990000,1,25.090000,0.6400,48.100000,10.560000,693.710000
54,Entry long,2024-12-13 02:15,3891.900000,1,25.090000,0.6400,48.100000,10.560000,693.710000
53,Exit long,2024-12-12 06:30,3925.760000,1,114.540000,3.0100,136.400000,4.830000,668.620000
53,Entry long,2024-12-12 02:15,3811.220000,1,114.540000,3.0100,136.400000,4.830000,668.620000
52,Exit long,2024-12-11 06:30,3669.820000,1,76.460000,2.1300,87.850000,14.330000,554.080000
52,Entry long,2024-12-11 02:15,3593.360000,1,76.460000,2.1300,87.850000,14.330000,554.080000
51,Exit long,2024-12-10 06:30,3731.330000,1,-2.260000,-0.0600,6.240000,117.590000,477.620000
51,Entry long,2024-12-10 02:45,3733.590000,1,-2.260000,-0.0600,6.240000,117.590000,477.620000
50,Exit long,2024-12-09 06:30,3914.630000,1,-35.760000,-0.9100,7.840000,45.240000,479.880000
50,Entry long,2024-12-09 03:00,3950.390000,1,-35.760000,-0.9100,7.840000,45.240000,479.880000
49,Exit long,2024-12-08 06:30,3978.000000,1,-19.770000,-0.4900,8.230000,36.840000,515.640000
49,Entry long,2024-12-08 02:15,3997.770000,1,-19.770000,-0.4900,8.230000,36.840000,515.640000
48,Exit long,2024-12-07 06:30,3989.350000,1,-9.880000,-0.2500,7.180000,26.990000,535.410000
48,Entry long,2024-12-07 02:15,3999.230000,1,-9.880000,-0.2500,7.180000,26.990000,535.410000
47,Exit long,2024-12-06 06:30,3926.390000,1,55.160000,1.4200,57.770000,20.050000,545.290000
47,Entry long,2024-12-06 02:30,3871.230000,1,55.160000,1.4200,57.770000,20.050000,545.290000
46,Exit long,2024-12-05 06:30,3850.870000,1,33.000000,0.8600,94.130000,3.510000,490.130000
46,Entry long,2024-12-05 02:15,3817.870000,1,33.000000,0.8600,94.130000,3.510000,490.130000
45,Exit long,2024-12-04 06:30,3678.200000,1,27.610000,0.7600,38.780000,15.340000,457.130000
45,Entry long,2024-12-04 02:30,3650.590000,1,27.610000,0.7600,38.780000,15.340000,457.130000
44,Exit long,2024-12-03 06:30,3660.000000,1,33.130000,0.9100,41.120000,5.420000,429.520000
44,Entry long,2024-12-03 02:15,3626.870000,1,33.130000,0.9100,41.120000,5.420000,429.520000
43,Exit long,2024-12-02 06:30,3672.760000,1,-49.210000,-1.3200,44.030000,71.940000,396.390000
43,Entry long,2024-12-02 02:45,3721.970000,1,-49.210000,-1.3200,44.030000,71.940000,396.390000
42,Exit long,2024-12-01 06:30,3702.700000,1,24.020000,0.6500,36.770000,12.970000,445.600000
42,Entry long,2024-12-01 03:00,3678.680000,1,24.020000,0.6500,36.770000,12.970000,445.600000
41,Exit long,2024-11-30 06:30,3719.090000,1,104.080000,2.8800,114.990000,13.710000,421.580000
41,Entry long,2024-11-30 02:15,3615.010000,1,104.080000,2.8800,114.990000,13.710000,421.580000
40,Exit long,2024-11-29 06:30,3574.760000,1,-18.210000,-0.5100,12.030000,31.230000,317.500000
40,Entry long,2024-11-29 02:45,3592.970000,1,-18.210000,-0.5100,12.030000,31.230000,317.500000
39,Exit long,2024-11-28 06:30,3589.990000,1,-52.810000,-1.4500,4.190000,79.470000,335.710000
39,Entry long,2024-11-28 02:15,3642.800000,1,-52.810000,-1.4500,4.190000,79.470000,335.710000
38,Exit long,2024-11-27 06:30,3419.400000,1,71.590000,2.1400,89.980000,26.810000,388.520000
38,Entry long,2024-11-27 02:15,3347.810000,1,71.590000,2.1400,89.980000,26.810000,388.520000
37,Exit long,2024-11-26 06:30,3440.760000,1,-13.330000,-0.3900,4.910000,42.830000,316.930000
37,Entry long,2024-11-26 02:30,3454.090000,1,-13.330000,-0.3900,4.910000,42.830000,316.930000
36,Exit long,2024-11-25 06:30,3383.770000,1,38.260000,1.1400,48.990000,9.510000,330.260000
36,Entry long,2024-11-25 02:15,3345.510000,1,38.260000,1.1400,48.990000,9.510000,330.260000
35,Exit long,2024-11-23 06:30,3345.920000,1,10.080000,0.3000,29.160000,20.560000,292.000000
35,Entry long,2024-11-23 02:45,3335.840000,1,10.080000,0.3000,29.160000,20.560000,292.000000
34,Exit long,2024-11-22 06:30,3369.550000,1,33.540000,1.0100,93.980000,13.670000,281.920000
34,Entry long,2024-11-22 02:15,3336.010000,1,33.540000,1.0100,93.980000,13.670000,281.920000
33,Exit long,2024-11-21 06:30,3121.010000,1,74.000000,2.4300,98.910000,9.000000,248.380000
33,Entry long,2024-11-21 02:45,3047.010000,1,74.000000,2.4300,98.910000,9.000000,248.380000
32,Exit long,2024-11-20 06:30,3112.100000,1,7.670000,0.2500,13.300000,30.870000,174.380000
32,Entry long,2024-11-20 02:15,3104.430000,1,7.670000,0.2500,13.300000,30.870000,174.380000
31,Exit long,2024-11-19 06:30,3129.340000,1,-26.650000,-0.8400,7.200000,40.400000,166.710000
31,Entry long,2024-11-19 02:15,3155.990000,1,-26.650000,-0.8400,7.200000,40.400000,166.710000
30,Exit long,2024-11-18 06:30,3136.120000,1,15.040000,0.4800,18.840000,24.480000,193.360000
30,Entry long,2024-11-18 02:45,3121.080000,1,15.040000,0.4800,18.840000,24.480000,193.360000
29,Exit long,2024-11-17 06:30,3115.500000,1,53.800000,1.7600,76.900000,18.510000,178.320000
29,Entry long,2024-11-17 02:30,3061.700000,1,53.800000,1.7600,76.900000,18.510000,178.320000
28,Exit long,2024-11-16 06:30,3127.380000,1,22.370000,0.7200,62.190000,2.590000,124.520000
28,Entry long,2024-11-16 02:15,3105.010000,1,22.370000,0.7200,62.190000,2.590000,124.520000
27,Exit long,2024-11-15 06:30,3062.040000,1,-10.660000,-0.3500,19.690000,56.590000,102.150000
27,Entry long,2024-11-15 02:15,3072.700000,1,-10.660000,-0.3500,19.690000,56.590000,102.150000
26,Exit long,2024-11-14 06:30,3228.000000,1,21.410000,0.6700,35.720000,24.590000,112.810000
26,Entry long,2024-11-14 02:45,3206.590000,1,21.410000,0.6700,35.720000,24.590000,112.810000
25,Exit long,2024-11-13 06:30,3135.140000,1,-102.170000,-3.1600,24.110000,103.540000,91.400000
25,Entry long,2024-11-13 02:45,3237.310000,1,-102.170000,-3.1600,24.110000,103.540000,91.400000
24,Exit long,2024-11-12 06:30,3330.020000,1,-1.960000,-0.0600,24.020000,46.970000,193.570000
24,Entry long,2024-11-12 02:30,3331.980000,1,-1.960000,-0.0600,24.020000,46.970000,193.570000
23,Exit long,2024-11-11 06:30,3145.950000,1,-69.060000,-2.1500,1.300000,107.860000,195.530000
23,Entry long,2024-11-11 02:30,3215.010000,1,-69.060000,-2.1500,1.300000,107.860000,195.530000
22,Exit long,2024-11-10 06:30,3171.220000,1,27.210000,0.8700,75.990000,26.010000,264.590000
22,Entry long,2024-11-10 02:15,3144.010000,1,27.210000,0.8700,75.990000,26.010000,264.590000
21,Exit long,2024-11-09 06:30,3055.230000,1,80.330000,2.7000,85.010000,20.800000,237.380000
21,Entry long,2024-11-09 02:30,2974.900000,1,80.330000,2.7000,85.010000,20.800000,237.380000
20,Exit long,2024-11-08 06:30,2916.490000,1,18.850000,0.6500,27.110000,10.630000,157.050000
20,Entry long,2024-11-08 03:00,2897.640000,1,18.850000,0.6500,27.110000,10.630000,157.050000
19,Exit long,2024-11-07 06:30,2818.280000,1,-14.390000,-0.5100,49.890000,20.670000,138.200000
19,Entry long,2024-11-07 02:15,2832.670000,1,-14.390000,-0.5100,49.890000,20.670000,138.200000
18,Exit long,2024-11-06 06:30,2602.820000,1,106.830000,4.2800,141.330000,8.280000,152.590000
18,Entry long,2024-11-06 02:15,2495.990000,1,106.830000,4.2800,141.330000,8.280000,152.590000
17,Exit long,2024-11-05 06:30,2425.320000,1,10.560000,0.4400,19.760000,15.140000,45.760000
17,Entry long,2024-11-05 02:15,2414.760000,1,10.560000,0.4400,19.760000,15.140000,45.760000
16,Exit long,2024-11-04 06:30,2475.000000,1,3.990000,0.1600,19.990000,11.720000,35.200000
16,Entry long,2024-11-04 02:15,2471.010000,1,3.990000,0.1600,19.990000,11.720000,35.200000
15,Exit long,2024-11-03 06:30,2449.110000,1,-0.910000,-0.0400,13.600000,9.540000,31.210000
15,Entry long,2024-11-03 03:45,2450.020000,1,-0.910000,-0.0400,13.600000,9.540000,31.210000
14,Exit long,2024-11-02 06:30,2507.930000,1,-10.370000,-0.4100,5.500000,19.440000,32.120000
14,Entry long,2024-11-02 02:15,2518.300000,1,-10.370000,-0.4100,5.500000,19.440000,32.120000
13,Exit long,2024-11-01 06:30,2506.840000,1,1.250000,0.0500,14.400000,23.010000,42.490000
13,Entry long,2024-11-01 02:15,2505.590000,1,1.250000,0.0500,14.400000,23.010000,42.490000
12,Exit long,2024-10-31 06:30,2645.170000,1,-15.180000,-0.5700,8.390000,17.350000,41.240000
12,Entry long,2024-10-31 02:30,2660.350000,1,-15.180000,-0.5700,8.390000,17.350000,41.240000
11,Exit long,2024-10-30 06:30,2666.500000,1,29.640000,1.1200,49.410000,9.020000,56.420000
11,Entry long,2024-10-30 02:15,2636.860000,1,29.640000,1.1200,49.410000,9.020000,56.420000
10,Exit long,2024-10-29 06:30,2617.810000,1,4.800000,0.1800,18.770000,11.010000,26.780000
10,Entry long,2024-10-29 02:15,2613.010000,1,4.800000,0.1800,18.770000,11.010000,26.780000
9,Exit long,2024-10-28 06:30,2483.720000,1,-10.920000,-0.4400,0.540000,24.230000,21.980000
9,Entry long,2024-10-28 02:15,2494.640000,1,-10.920000,-0.4400,0.540000,24.230000,21.980000
8,Exit long,2024-10-27 06:30,2479.350000,1,4.800000,0.1900,11.610000,2.550000,32.900000
8,Entry long,2024-10-27 03:15,2474.550000,1,4.800000,0.1900,11.610000,2.550000,32.900000
7,Exit long,2024-10-26 06:30,2467.310000,1,23.840000,0.9800,31.010000,8.220000,28.100000
7,Entry long,2024-10-26 02:15,2443.470000,1,23.840000,0.9800,31.010000,8.220000,28.100000
6,Exit long,2024-10-25 06:30,2495.550000,1,-22.880000,-0.9100,13.060000,33.150000,4.260000
6,Entry long,2024-10-25 02:30,2518.430000,1,-22.880000,-0.9100,13.060000,33.150000,4.260000
5,Exit long,2024-10-24 06:30,2556.300000,1,8.620000,0.3400,14.150000,8.640000,27.140000
5,Entry long,2024-10-24 02:15,2547.680000,1,8.620000,0.3400,14.150000,8.640000,27.140000
4,Exit long,2024-10-23 06:30,2622.430000,1,5.670000,0.2200,7.680000,16.660000,18.520000
4,Entry long,2024-10-23 03:00,2616.760000,1,5.670000,0.2200,7.680000,16.660000,18.520000
3,Exit long,2024-10-22 06:30,2654.710000,1,11.180000,0.4200,14.470000,8.810000,12.850000
3,Entry long,2024-10-22 03:00,2643.530000,1,11.180000,0.4200,14.470000,8.810000,12.850000
2,Exit long,2024-10-21 06:30,2738.540000,1,-2.170000,-0.0800,5.410000,7.180000,1.670000
2,Entry long,2024-10-21 04:45,2740.710000,1,-2.170000,-0.0800,5.410000,7.180000,1.670000
1,Exit long,2024-10-20 06:30,2643.370000,1,3.840000,0.1500,6.650000,3.850000,3.840000
1,Entry long,2024-10-20 03:30,2639.530000,1,3.840000,0.1500,6.650000,3.850000,3.840000
