Trade #,Type,Date and time,Price,Qty,Net PnL,Net PnL %,MFE,MAE,Cumulative PnL
2068,Exit long,2026-05-04 15:00,2365.090000,1,2.320000,0.1000,2.320000,0.000000,2.320000
2068,Entry long,2026-05-04 06:45,2362.770000,1,0.000000,0.0000,0.000000,0.000000,0.000000
2067,Exit short,2026-05-04 06:45,2362.770000,1,11.040000,0.4700,20.810000,25.070000,-3967.090000
2067,Entry short,2026-05-04 03:00,2373.810000,1,11.040000,0.4700,20.810000,25.070000,-3967.090000
2066,Exit long,2026-05-04 03:00,2373.810000,1,55.790000,2.4100,68.980000,6.470000,-3978.130000
2066,Entry long,2026-05-04 01:00,2318.020000,1,55.790000,2.4100,68.980000,6.470000,-3978.130000
2065,Exit short,2026-05-04 01:00,2318.020000,1,-15.130000,-0.6600,4.550000,53.860000,-4033.920000
2065,Entry short,2026-05-03 06:00,2302.890000,1,-15.130000,-0.6600,4.550000,53.860000,-4033.920000
2064,Exit long,2026-05-03 06:00,2302.890000,1,-9.870000,-0.4300,0.820000,16.750000,-4018.790000
2064,Entry long,2026-05-03 00:45,2312.760000,1,-9.870000,-0.4300,0.820000,16.750000,-4018.790000
2063,Exit short,2026-05-03 00:45,2312.760000,1,-2.610000,-0.1100,2.690000,31.850000,-4008.920000
2063,Entry short,2026-05-02 20:00,2310.150000,1,-2.610000,-0.1100,2.690000,31.850000,-4008.920000
2062,Exit long,2026-05-02 20:00,2310.150000,1,1.980000,0.0900,3.470000,0.740000,-4006.310000
2062,Entry long,2026-05-02 18:30,2308.170000,1,1.980000,0.0900,3.470000,0.740000,-4006.310000
2061,Exit short,2026-05-02 18:30,2308.170000,1,-11.920000,-0.5200,2.210000,16.690000,-4008.290000
2061,Entry short,2026-05-02 01:30,2296.250000,1,-11.920000,-0.5200,2.210000,16.690000,-4008.290000
2060,Exit long,2026-05-02 01:30,2296.250000,1,-4.560000,-0.2000,11.970000,22.810000,-3996.370000
2060,Entry long,2026-05-01 17:00,2300.810000,1,-4.560000,-0.2000,11.970000,22.810000,-3996.370000
2059,Exit short,2026-05-01 17:00,2300.810000,1,-0.750000,-0.0300,3.060000,24.580000,-3991.810000
2059,Entry short,2026-05-01 13:00,2300.060000,1,-0.750000,-0.0300,3.060000,24.580000,-3991.810000
2058,Exit long,2026-05-01 13:00,2300.060000,1,25.550000,1.1200,36.990000,-0.000000,-3991.060000
2058,Entry long,2026-05-01 07:45,2274.510000,1,25.550000,1.1200,36.990000,-0.000000,-3991.060000
2057,Exit short,2026-05-01 07:45,2274.510000,1,-13.800000,-0.6100,9.730000,34.280000,-4016.610000
2057,Entry short,2026-04-30 20:00,2260.710000,1,-13.800000,-0.6100,9.730000,34.280000,-4016.610000
2056,Exit long,2026-04-30 20:00,2260.710000,1,-0.120000,-0.0100,13.970000,10.780000,-4002.810000
2056,Entry long,2026-04-30 15:00,2260.830000,1,-0.120000,-0.0100,13.970000,10.780000,-4002.810000
2055,Exit short,2026-04-30 15:00,2260.830000,1,-1.830000,-0.0800,14.040000,14.000000,-4002.690000
2055,Entry short,2026-04-30 08:00,2259.000000,1,-1.830000,-0.0800,14.040000,14.000000,-4002.690000
2054,Exit long,2026-04-30 08:00,2259.000000,1,9.890000,0.4400,12.300000,19.010000,-4000.860000
2054,Entry long,2026-04-30 03:30,2249.110000,1,9.890000,0.4400,12.300000,19.010000,-4000.860000
2053,Exit short,2026-04-30 03:30,2249.110000,1,5.400000,0.2400,20.350000,23.410000,-4010.750000
2053,Entry short,2026-04-29 22:15,2254.510000,1,5.400000,0.2400,20.350000,23.410000,-4010.750000
2052,Exit long,2026-04-29 22:15,2254.510000,1,-71.630000,-3.0800,20.340000,107.310000,-4016.150000
2052,Entry long,2026-04-29 07:45,2326.140000,1,-71.630000,-3.0800,20.340000,107.310000,-4016.150000
2051,Exit short,2026-04-29 07:45,2326.140000,1,-17.530000,-0.7600,0.000000,33.540000,-3944.520000
2051,Entry short,2026-04-29 04:15,2308.610000,1,-17.530000,-0.7600,0.000000,33.540000,-3944.520000
2050,Exit long,2026-04-29 04:15,2308.610000,1,19.390000,0.8500,26.500000,11.200000,-3926.990000
2050,Entry long,2026-04-28 22:00,2289.220000,1,19.390000,0.8500,26.500000,11.200000,-3926.990000
2049,Exit short,2026-04-28 22:00,2289.220000,1,-12.990000,-0.5700,3.230000,28.700000,-3946.380000
2049,Entry short,2026-04-28 16:30,2276.230000,1,-12.990000,-0.5700,3.230000,28.700000,-3946.380000
2048,Exit long,2026-04-28 16:30,2276.230000,1,-0.460000,-0.0200,8.280000,20.660000,-3933.390000
2048,Entry long,2026-04-28 12:15,2276.690000,1,-0.460000,-0.0200,8.280000,20.660000,-3933.390000
2047,Exit short,2026-04-28 12:15,2276.690000,1,9.220000,0.4000,16.610000,1.600000,-3932.930000
2047,Entry short,2026-04-28 09:00,2285.910000,1,9.220000,0.4000,16.610000,1.600000,-3932.930000
2046,Exit long,2026-04-28 09:00,2285.910000,1,-1.690000,-0.0700,8.170000,21.060000,-3942.150000
2046,Entry long,2026-04-28 03:00,2287.600000,1,-1.690000,-0.0700,8.170000,21.060000,-3942.150000
2045,Exit short,2026-04-28 03:00,2287.600000,1,-8.800000,-0.3900,5.570000,30.930000,-3940.460000
2045,Entry short,2026-04-27 19:30,2278.800000,1,-8.800000,-0.3900,5.570000,30.930000,-3940.460000
2044,Exit long,2026-04-27 19:30,2278.800000,1,-35.160000,-1.5200,14.760000,50.080000,-3931.660000
2044,Entry long,2026-04-27 13:30,2313.960000,1,-35.160000,-1.5200,14.760000,50.080000,-3931.660000
2043,Exit short,2026-04-27 13:30,2313.960000,1,6.640000,0.2900,9.440000,1.900000,-3896.500000
2043,Entry short,2026-04-27 10:00,2320.600000,1,6.640000,0.2900,9.440000,1.900000,-3896.500000
2042,Exit long,2026-04-27 10:00,2320.600000,1,-1.350000,-0.0600,5.630000,14.530000,-3903.140000
2042,Entry long,2026-04-27 06:15,2321.950000,1,-1.350000,-0.0600,5.630000,14.530000,-3903.140000
2041,Exit short,2026-04-27 06:15,2321.950000,1,42.100000,1.7800,48.050000,39.940000,-3901.790000
2041,Entry short,2026-04-26 20:15,2364.050000,1,42.100000,1.7800,48.050000,39.940000,-3901.790000
2040,Exit long,2026-04-26 20:15,2364.050000,1,34.050000,1.4600,46.510000,2.260000,-3943.890000
2040,Entry long,2026-04-26 13:15,2330.000000,1,34.050000,1.4600,46.510000,2.260000,-3943.890000
2039,Exit short,2026-04-26 13:15,2330.000000,1,-3.220000,-0.1400,4.810000,10.210000,-3977.940000
2039,Entry short,2026-04-26 06:00,2326.780000,1,-3.220000,-0.1400,4.810000,10.210000,-3977.940000
2038,Exit long,2026-04-26 06:00,2326.780000,1,12.140000,0.5200,21.990000,9.570000,-3974.720000
2038,Entry long,2026-04-26 01:45,2314.640000,1,12.140000,0.5200,21.990000,9.570000,-3974.720000
2037,Exit short,2026-04-26 01:45,2314.640000,1,-1.340000,-0.0600,3.300000,6.290000,-3986.860000
2037,Entry short,2026-04-25 21:45,2313.300000,1,-1.340000,-0.0600,3.300000,6.290000,-3986.860000
2036,Exit long,2026-04-25 21:45,2313.300000,1,-1.170000,-0.0500,3.470000,15.490000,-3985.520000
2036,Entry long,2026-04-25 12:15,2314.470000,1,-1.170000,-0.0500,3.470000,15.490000,-3985.520000
2035,Exit short,2026-04-25 12:15,2314.470000,1,3.850000,0.1700,8.810000,3.900000,-3984.350000
2035,Entry short,2026-04-25 09:15,2318.320000,1,3.850000,0.1700,8.810000,3.900000,-3984.350000
2034,Exit long,2026-04-25 09:15,2318.320000,1,4.040000,0.1700,5.550000,1.280000,-3988.200000
2034,Entry long,2026-04-25 05:45,2314.280000,1,4.040000,0.1700,5.550000,1.280000,-3988.200000
2033,Exit short,2026-04-25 05:45,2314.280000,1,2.510000,0.1100,4.740000,2.670000,-3992.240000
2033,Entry short,2026-04-25 02:00,2316.790000,1,2.510000,0.1100,4.740000,2.670000,-3992.240000
2032,Exit long,2026-04-25 02:00,2316.790000,1,6.050000,0.2600,9.260000,0.740000,-3994.750000
2032,Entry long,2026-04-24 23:00,2310.740000,1,6.050000,0.2600,9.260000,0.740000,-3994.750000
2031,Exit short,2026-04-24 23:00,2310.740000,1,8.260000,0.3600,13.800000,8.110000,-4000.800000
2031,Entry short,2026-04-24 20:15,2319.000000,1,8.260000,0.3600,13.800000,8.110000,-4000.800000
2030,Exit long,2026-04-24 20:15,2319.000000,1,4.210000,0.1800,14.000000,14.790000,-4009.060000
2030,Entry long,2026-04-24 14:45,2314.790000,1,4.210000,0.1800,14.000000,14.790000,-4009.060000
2029,Exit short,2026-04-24 14:45,2314.790000,1,-6.390000,-0.2800,6.740000,22.600000,-4013.270000
2029,Entry short,2026-04-24 06:45,2308.400000,1,-6.390000,-0.2800,6.740000,22.600000,-4013.270000
2028,Exit long,2026-04-24 06:45,2308.400000,1,1.250000,0.0500,9.040000,8.710000,-4006.880000
2028,Entry long,2026-04-24 04:00,2307.150000,1,1.250000,0.0500,9.040000,8.710000,-4006.880000
2027,Exit short,2026-04-24 04:00,2307.150000,1,12.640000,0.5400,21.250000,17.970000,-4008.130000
2027,Entry short,2026-04-23 21:15,2319.790000,1,12.640000,0.5400,21.250000,17.970000,-4008.130000
2026,Exit long,2026-04-23 21:15,2319.790000,1,10.920000,0.4700,19.830000,9.870000,-4020.770000
2026,Entry long,2026-04-23 18:00,2308.870000,1,10.920000,0.4700,19.830000,9.870000,-4020.770000
2025,Exit short,2026-04-23 18:00,2308.870000,1,20.410000,0.8800,45.970000,14.080000,-4031.690000
2025,Entry short,2026-04-23 12:30,2329.280000,1,20.410000,0.8800,45.970000,14.080000,-4031.690000
2024,Exit long,2026-04-23 12:30,2329.280000,1,-9.270000,-0.4000,0.000000,34.650000,-4052.100000
2024,Entry long,2026-04-23 09:00,2338.550000,1,-9.270000,-0.4000,0.000000,34.650000,-4052.100000
2023,Exit short,2026-04-23 09:00,2338.550000,1,4.990000,0.2100,10.210000,14.180000,-4042.830000
2023,Entry short,2026-04-23 05:45,2343.540000,1,4.990000,0.2100,10.210000,14.180000,-4042.830000
2022,Exit long,2026-04-23 05:45,2343.540000,1,-67.320000,-2.7900,2.020000,80.860000,-4047.820000
2022,Entry long,2026-04-22 15:45,2410.860000,1,-67.320000,-2.7900,2.020000,80.860000,-4047.820000
2021,Exit short,2026-04-22 15:45,2410.860000,1,10.980000,0.4500,33.080000,0.410000,-3980.500000
2021,Entry short,2026-04-22 14:15,2421.840000,1,10.980000,0.4500,33.080000,0.410000,-3980.500000
2020,Exit long,2026-04-22 14:15,2421.840000,1,34.620000,1.4500,35.780000,3.710000,-3991.480000
2020,Entry long,2026-04-22 09:00,2387.220000,1,34.620000,1.4500,35.780000,3.710000,-3991.480000
2019,Exit short,2026-04-22 09:00,2387.220000,1,-63.790000,-2.7500,12.020000,90.920000,-4026.100000
2019,Entry short,2026-04-22 00:30,2323.430000,1,-63.790000,-2.7500,12.020000,90.920000,-4026.100000
2018,Exit long,2026-04-22 00:30,2323.430000,1,16.420000,0.7100,22.990000,26.190000,-3962.310000
2018,Entry long,2026-04-21 13:00,2307.010000,1,16.420000,0.7100,22.990000,26.190000,-3962.310000
2017,Exit short,2026-04-21 13:00,2307.010000,1,5.880000,0.2500,20.350000,25.100000,-3978.730000
2017,Entry short,2026-04-21 06:00,2312.890000,1,5.880000,0.2500,20.350000,25.100000,-3978.730000
2016,Exit long,2026-04-21 06:00,2312.890000,1,-9.110000,-0.3900,3.420000,24.490000,-3984.610000
2016,Entry long,2026-04-20 22:15,2322.000000,1,-9.110000,-0.3900,3.420000,24.490000,-3984.610000
2015,Exit short,2026-04-20 22:15,2322.000000,1,10.900000,0.4700,20.830000,13.940000,-3975.500000
2015,Entry short,2026-04-20 19:00,2332.900000,1,10.900000,0.4700,20.830000,13.940000,-3975.500000
2014,Exit long,2026-04-20 19:00,2332.900000,1,23.330000,1.0100,33.700000,32.860000,-3986.400000
2014,Entry long,2026-04-20 14:30,2309.570000,1,23.330000,1.0100,33.700000,32.860000,-3986.400000
2013,Exit short,2026-04-20 14:30,2309.570000,1,-13.330000,-0.5800,11.020000,29.760000,-4009.730000
2013,Entry short,2026-04-20 07:45,2296.240000,1,-13.330000,-0.5800,11.020000,29.760000,-4009.730000
2012,Exit long,2026-04-20 07:45,2296.240000,1,27.230000,1.2000,62.870000,1.410000,-3996.400000
2012,Entry long,2026-04-20 06:00,2269.010000,1,27.230000,1.2000,62.870000,1.410000,-3996.400000
2011,Exit short,2026-04-20 06:00,2269.010000,1,14.460000,0.6300,21.410000,9.440000,-4023.630000
2011,Entry short,2026-04-20 01:15,2283.470000,1,14.460000,0.6300,21.410000,9.440000,-4023.630000
2010,Exit long,2026-04-20 01:15,2283.470000,1,-27.430000,-1.1900,3.680000,59.990000,-4038.090000
2010,Entry long,2026-04-19 17:30,2310.900000,1,-27.430000,-1.1900,3.680000,59.990000,-4038.090000
2009,Exit short,2026-04-19 17:30,2310.900000,1,41.570000,1.7700,61.180000,21.680000,-4010.660000
2009,Entry short,2026-04-18 13:30,2352.470000,1,41.570000,1.7700,61.180000,21.680000,-4010.660000
2008,Exit long,2026-04-18 13:30,2352.470000,1,-86.550000,-3.5500,2.630000,97.500000,-4052.230000
2008,Entry long,2026-04-17 18:00,2439.020000,1,-86.550000,-3.5500,2.630000,97.500000,-4052.230000
2007,Exit short,2026-04-17 18:00,2439.020000,1,-3.170000,-0.1300,17.080000,28.010000,-3965.680000
2007,Entry short,2026-04-17 14:00,2435.850000,1,-3.170000,-0.1300,17.080000,28.010000,-3965.680000
2006,Exit long,2026-04-17 14:00,2435.850000,1,90.500000,3.8600,94.640000,0.010000,-3962.510000
2006,Entry long,2026-04-17 11:15,2345.350000,1,90.500000,3.8600,94.640000,0.010000,-3962.510000
2005,Exit short,2026-04-17 11:15,2345.350000,1,-9.120000,-0.3900,7.390000,40.730000,-4053.010000
2005,Entry short,2026-04-17 07:30,2336.230000,1,-9.120000,-0.3900,7.390000,40.730000,-4053.010000
2004,Exit long,2026-04-17 07:30,2336.230000,1,-6.070000,-0.2600,11.730000,28.220000,-4043.890000
2004,Entry long,2026-04-16 22:30,2342.300000,1,-6.070000,-0.2600,11.730000,28.220000,-4043.890000
2003,Exit short,2026-04-16 22:30,2342.300000,1,7.700000,0.3300,16.550000,5.290000,-4037.820000
2003,Entry short,2026-04-16 20:30,2350.000000,1,7.700000,0.3300,16.550000,5.290000,-4037.820000
2002,Exit long,2026-04-16 20:30,2350.000000,1,46.150000,2.0000,59.820000,1.610000,-4045.520000
2002,Entry long,2026-04-16 14:45,2303.850000,1,46.150000,2.0000,59.820000,1.610000,-4045.520000
2001,Exit short,2026-04-16 14:45,2303.850000,1,31.850000,1.3600,53.000000,0.190000,-4091.670000
2001,Entry short,2026-04-16 13:45,2335.700000,1,31.850000,1.3600,53.000000,0.190000,-4091.670000
2000,Exit long,2026-04-16 13:45,2335.700000,1,-24.390000,-1.0300,19.810000,32.980000,-4123.520000
2000,Entry long,2026-04-15 22:00,2360.090000,1,-24.390000,-1.0300,19.810000,32.980000,-4123.520000
1999,Exit short,2026-04-15 22:00,2360.090000,1,-37.160000,-1.6000,12.000000,61.740000,-4099.130000
1999,Entry short,2026-04-15 09:15,2322.930000,1,-37.160000,-1.6000,12.000000,61.740000,-4099.130000
1998,Exit long,2026-04-15 09:15,2322.930000,1,6.460000,0.2800,16.290000,9.670000,-4061.970000
1998,Entry long,2026-04-15 06:30,2316.470000,1,6.460000,0.2800,16.290000,9.670000,-4061.970000
1997,Exit short,2026-04-15 06:30,2316.470000,1,10.530000,0.4500,16.800000,15.070000,-4068.430000
1997,Entry short,2026-04-14 22:15,2327.000000,1,10.530000,0.4500,16.800000,15.070000,-4068.430000
1996,Exit long,2026-04-14 22:15,2327.000000,1,-46.850000,-1.9700,42.550000,72.250000,-4078.960000
1996,Entry long,2026-04-14 02:15,2373.850000,1,-46.850000,-1.9700,42.550000,72.250000,-4078.960000
1995,Exit short,2026-04-14 02:15,2373.850000,1,-154.590000,-6.9700,21.210000,176.590000,-4032.110000
1995,Entry short,2026-04-13 15:15,2219.260000,1,-154.590000,-6.9700,21.210000,176.590000,-4032.110000
1994,Exit long,2026-04-13 15:15,2219.260000,1,34.380000,1.5700,50.530000,10.400000,-3877.520000
1994,Entry long,2026-04-13 08:30,2184.880000,1,34.380000,1.5700,50.530000,10.400000,-3877.520000
1993,Exit short,2026-04-13 08:30,2184.880000,1,7.030000,0.3200,11.220000,-0.000000,-3911.900000
1993,Entry short,2026-04-13 07:15,2191.910000,1,7.030000,0.3200,11.220000,-0.000000,-3911.900000
1992,Exit long,2026-04-13 07:15,2191.910000,1,-1.360000,-0.0600,8.200000,12.250000,-3918.930000
1992,Entry long,2026-04-13 04:00,2193.270000,1,-1.360000,-0.0600,8.200000,12.250000,-3918.930000
1991,Exit short,2026-04-13 04:00,2193.270000,1,20.980000,0.9500,41.250000,5.190000,-3917.570000
1991,Entry short,2026-04-12 06:45,2214.250000,1,20.980000,0.9500,41.250000,5.190000,-3917.570000
1990,Exit long,2026-04-12 06:45,2214.250000,1,-88.480000,-3.8400,4.540000,97.210000,-3938.550000
1990,Entry long,2026-04-11 22:15,2302.730000,1,-88.480000,-3.8400,4.540000,97.210000,-3938.550000
1989,Exit short,2026-04-11 22:15,2302.730000,1,-60.230000,-2.6900,10.300000,87.490000,-3850.070000
1989,Entry short,2026-04-11 10:00,2242.500000,1,-60.230000,-2.6900,10.300000,87.490000,-3850.070000
1988,Exit long,2026-04-11 10:00,2242.500000,1,3.330000,0.1500,9.110000,12.140000,-3789.840000
1988,Entry long,2026-04-11 04:45,2239.170000,1,3.330000,0.1500,9.110000,12.140000,-3789.840000
1987,Exit short,2026-04-11 04:45,2239.170000,1,6.390000,0.2800,11.910000,3.910000,-3793.170000
1987,Entry short,2026-04-11 02:45,2245.560000,1,6.390000,0.2800,11.910000,3.910000,-3793.170000
1986,Exit long,2026-04-11 02:45,2245.560000,1,3.480000,0.1600,9.250000,8.750000,-3799.560000
1986,Entry long,2026-04-10 23:30,2242.080000,1,3.480000,0.1600,9.250000,8.750000,-3799.560000
1985,Exit short,2026-04-10 23:30,2242.080000,1,-49.550000,-2.2600,3.230000,65.020000,-3803.040000
1985,Entry short,2026-04-10 10:15,2192.530000,1,-49.550000,-2.2600,3.230000,65.020000,-3803.040000
1984,Exit long,2026-04-10 10:15,2192.530000,1,10.010000,0.4600,14.480000,7.270000,-3753.490000
1984,Entry long,2026-04-10 07:45,2182.520000,1,10.010000,0.4600,14.480000,7.270000,-3753.490000
1983,Exit short,2026-04-10 07:45,2182.520000,1,14.680000,0.6700,15.780000,2.470000,-3763.500000
1983,Entry short,2026-04-10 05:45,2197.200000,1,14.680000,0.6700,15.780000,2.470000,-3763.500000
1982,Exit long,2026-04-10 05:45,2197.200000,1,-17.100000,-0.7700,31.850000,40.490000,-3778.180000
1982,Entry long,2026-04-09 19:15,2214.300000,1,-17.100000,-0.7700,31.850000,40.490000,-3778.180000
1981,Exit short,2026-04-09 19:15,2214.300000,1,0.170000,0.0100,22.470000,10.410000,-3761.080000
1981,Entry short,2026-04-09 16:15,2214.470000,1,0.170000,0.0100,22.470000,10.410000,-3761.080000
1980,Exit long,2026-04-09 16:15,2214.470000,1,30.640000,1.4000,46.170000,27.830000,-3761.250000
1980,Entry long,2026-04-09 12:30,2183.830000,1,30.640000,1.4000,46.170000,27.830000,-3761.250000
1979,Exit short,2026-04-09 12:30,2183.830000,1,-6.410000,-0.2900,5.000000,19.110000,-3791.890000
1979,Entry short,2026-04-09 03:30,2177.420000,1,-6.410000,-0.2900,5.000000,19.110000,-3791.890000
1978,Exit long,2026-04-09 03:30,2177.420000,1,-27.860000,-1.2600,16.360000,45.280000,-3785.480000
1978,Entry long,2026-04-08 19:45,2205.280000,1,-27.860000,-1.2600,16.360000,45.280000,-3785.480000
1977,Exit short,2026-04-08 19:45,2205.280000,1,25.420000,1.1400,34.440000,0.960000,-3757.620000
1977,Entry short,2026-04-08 18:00,2230.700000,1,25.420000,1.1400,34.440000,0.960000,-3757.620000
1976,Exit long,2026-04-08 18:00,2230.700000,1,-13.850000,-0.6200,25.100000,58.520000,-3783.040000
1976,Entry long,2026-04-08 02:15,2244.550000,1,-13.850000,-0.6200,25.100000,58.520000,-3783.040000
1975,Exit short,2026-04-08 02:15,2244.550000,1,-161.930000,-7.7800,4.020000,190.380000,-3769.190000
1975,Entry short,2026-04-07 17:00,2082.620000,1,-161.930000,-7.7800,4.020000,190.380000,-3769.190000
1974,Exit long,2026-04-07 17:00,2082.620000,1,-8.300000,-0.4000,1.690000,32.910000,-3607.260000
1974,Entry long,2026-04-07 11:30,2090.920000,1,-8.300000,-0.4000,1.690000,32.910000,-3607.260000
1973,Exit short,2026-04-07 11:30,2090.920000,1,13.900000,0.6600,24.250000,28.140000,-3598.960000
1973,Entry short,2026-04-07 04:15,2104.820000,1,13.900000,0.6600,24.250000,28.140000,-3598.960000
1972,Exit long,2026-04-07 04:15,2104.820000,1,2.630000,0.1300,17.590000,10.260000,-3612.860000
1972,Entry long,2026-04-06 23:45,2102.190000,1,2.630000,0.1300,17.590000,10.260000,-3612.860000
1971,Exit short,2026-04-06 23:45,2102.190000,1,45.390000,2.1100,61.290000,-0.000000,-3615.490000
1971,Entry short,2026-04-06 21:00,2147.580000,1,45.390000,2.1100,61.290000,-0.000000,-3615.490000
1970,Exit long,2026-04-06 21:00,2147.580000,1,13.580000,0.6400,20.420000,3.450000,-3660.880000
1970,Entry long,2026-04-06 18:00,2134.000000,1,13.580000,0.6400,20.420000,3.450000,-3660.880000
1969,Exit short,2026-04-06 18:00,2134.000000,1,29.430000,1.3600,41.430000,4.090000,-3674.460000
1969,Entry short,2026-04-06 16:00,2163.430000,1,29.430000,1.3600,41.430000,4.090000,-3674.460000
1968,Exit long,2026-04-06 16:00,2163.430000,1,31.610000,1.4800,42.590000,12.780000,-3703.890000
1968,Entry long,2026-04-06 04:45,2131.820000,1,31.610000,1.4800,42.590000,12.780000,-3703.890000
1967,Exit short,2026-04-06 04:45,2131.820000,1,-22.460000,-1.0600,0.000000,38.370000,-3735.500000
1967,Entry short,2026-04-06 00:00,2109.360000,1,-22.460000,-1.0600,0.000000,38.370000,-3735.500000
1966,Exit long,2026-04-06 00:00,2109.360000,1,55.500000,2.7000,69.370000,5.200000,-3713.040000
1966,Entry long,2026-04-05 22:15,2053.860000,1,55.500000,2.7000,69.370000,5.200000,-3713.040000
1965,Exit short,2026-04-05 22:15,2053.860000,1,-14.240000,-0.7000,0.530000,34.960000,-3768.540000
1965,Entry short,2026-04-05 15:15,2039.620000,1,-14.240000,-0.7000,0.530000,34.960000,-3768.540000
1964,Exit long,2026-04-05 15:15,2039.620000,1,14.240000,0.7000,16.920000,1.080000,-3754.300000
1964,Entry long,2026-04-05 13:15,2025.380000,1,14.240000,0.7000,16.920000,1.080000,-3754.300000
1963,Exit short,2026-04-05 13:15,2025.380000,1,17.850000,0.8700,22.620000,8.600000,-3768.540000
1963,Entry short,2026-04-05 10:00,2043.230000,1,17.850000,0.8700,22.620000,8.600000,-3768.540000
1962,Exit long,2026-04-05 10:00,2043.230000,1,-4.460000,-0.2200,35.670000,21.370000,-3786.390000
1962,Entry long,2026-04-04 10:30,2047.690000,1,-4.460000,-0.2200,35.670000,21.370000,-3786.390000
1961,Exit short,2026-04-04 10:30,2047.690000,1,5.560000,0.2700,6.800000,4.250000,-3781.930000
1961,Entry short,2026-04-04 06:30,2053.250000,1,5.560000,0.2700,6.800000,4.250000,-3781.930000
1960,Exit long,2026-04-04 06:30,2053.250000,1,0.320000,0.0200,2.360000,6.060000,-3787.490000
1960,Entry long,2026-04-04 00:00,2052.930000,1,0.320000,0.0200,2.360000,6.060000,-3787.490000
1959,Exit short,2026-04-04 00:00,2052.930000,1,-1.220000,-0.0600,3.340000,9.280000,-3787.810000
1959,Entry short,2026-04-03 21:00,2051.710000,1,-1.220000,-0.0600,3.340000,9.280000,-3787.810000
1958,Exit long,2026-04-03 21:00,2051.710000,1,-9.520000,-0.4600,22.790000,20.970000,-3786.590000
1958,Entry long,2026-04-03 09:45,2061.230000,1,-9.520000,-0.4600,22.790000,20.970000,-3786.590000
1957,Exit short,2026-04-03 09:45,2061.230000,1,-5.070000,-0.2500,2.380000,18.440000,-3777.070000
1957,Entry short,2026-04-03 06:00,2056.160000,1,-5.070000,-0.2500,2.380000,18.440000,-3777.070000
1956,Exit long,2026-04-03 06:00,2056.160000,1,-0.680000,-0.0300,7.150000,18.490000,-3772.000000
1956,Entry long,2026-04-02 23:15,2056.840000,1,-0.680000,-0.0300,7.150000,18.490000,-3772.000000
1955,Exit short,2026-04-02 23:15,2056.840000,1,10.450000,0.5100,15.030000,2.570000,-3771.320000
1955,Entry short,2026-04-02 21:00,2067.290000,1,10.450000,0.5100,15.030000,2.570000,-3771.320000
1954,Exit long,2026-04-02 21:00,2067.290000,1,18.630000,0.9100,24.750000,0.470000,-3781.770000
1954,Entry long,2026-04-02 18:45,2048.660000,1,18.630000,0.9100,24.750000,0.470000,-3781.770000
1953,Exit short,2026-04-02 18:45,2048.660000,1,-4.590000,-0.2200,28.520000,31.930000,-3800.400000
1953,Entry short,2026-04-02 07:15,2044.070000,1,-4.590000,-0.2200,28.520000,31.930000,-3800.400000
1952,Exit long,2026-04-02 07:15,2044.070000,1,-96.960000,-4.5300,17.390000,103.800000,-3795.810000
1952,Entry long,2026-04-01 23:45,2141.030000,1,-96.960000,-4.5300,17.390000,103.800000,-3795.810000
1951,Exit short,2026-04-01 23:45,2141.030000,1,14.530000,0.6700,21.640000,2.010000,-3698.850000
1951,Entry short,2026-04-01 22:00,2155.560000,1,14.530000,0.6700,21.640000,2.010000,-3698.850000
1950,Exit long,2026-04-01 22:00,2155.560000,1,25.740000,1.2100,34.650000,2.990000,-3713.380000
1950,Entry long,2026-04-01 19:15,2129.820000,1,25.740000,1.2100,34.650000,2.990000,-3713.380000
1949,Exit short,2026-04-01 19:15,2129.820000,1,10.950000,0.5100,18.540000,3.680000,-3739.120000
1949,Entry short,2026-04-01 17:30,2140.770000,1,10.950000,0.5100,18.540000,3.680000,-3739.120000
1948,Exit long,2026-04-01 17:30,2140.770000,1,1.590000,0.0700,28.020000,31.650000,-3750.070000
1948,Entry long,2026-04-01 08:45,2139.180000,1,1.590000,0.0700,28.020000,31.650000,-3750.070000
1947,Exit short,2026-04-01 08:45,2139.180000,1,-14.590000,-0.6900,3.110000,33.400000,-3751.660000
1947,Entry short,2026-04-01 05:45,2124.590000,1,-14.590000,-0.6900,3.110000,33.400000,-3751.660000
1946,Exit long,2026-04-01 05:45,2124.590000,1,25.060000,1.1900,36.070000,18.340000,-3737.070000
1946,Entry long,2026-03-31 23:30,2099.530000,1,25.060000,1.1900,36.070000,18.340000,-3737.070000
1945,Exit short,2026-03-31 23:30,2099.530000,1,-62.980000,-3.0900,2.660000,87.960000,-3762.130000
1945,Entry short,2026-03-31 12:15,2036.550000,1,-62.980000,-3.0900,2.660000,87.960000,-3762.130000
1944,Exit long,2026-03-31 12:15,2036.550000,1,-27.190000,-1.3200,4.640000,52.490000,-3699.150000
1944,Entry long,2026-03-31 05:30,2063.740000,1,-27.190000,-1.3200,4.640000,52.490000,-3699.150000
1943,Exit short,2026-03-31 05:30,2063.740000,1,-28.920000,-1.4200,22.230000,58.180000,-3671.960000
1943,Entry short,2026-03-30 22:00,2034.820000,1,-28.920000,-1.4200,22.230000,58.180000,-3671.960000
1942,Exit long,2026-03-30 22:00,2034.820000,1,-35.710000,-1.7200,8.250000,58.390000,-3643.040000
1942,Entry long,2026-03-30 15:00,2070.530000,1,-35.710000,-1.7200,8.250000,58.390000,-3643.040000
1941,Exit short,2026-03-30 15:00,2070.530000,1,1.770000,0.0900,29.420000,12.520000,-3607.330000
1941,Entry short,2026-03-30 13:15,2072.300000,1,1.770000,0.0900,29.420000,12.520000,-3607.330000
1940,Exit long,2026-03-30 13:15,2072.300000,1,26.060000,1.2700,40.750000,5.740000,-3609.100000
1940,Entry long,2026-03-30 07:15,2046.240000,1,26.060000,1.2700,40.750000,5.740000,-3609.100000
1939,Exit short,2026-03-30 07:15,2046.240000,1,-45.000000,-2.2500,64.700000,57.030000,-3635.160000
1939,Entry short,2026-03-29 12:15,2001.240000,1,-45.000000,-2.2500,64.700000,57.030000,-3635.160000
1938,Exit long,2026-03-29 12:15,2001.240000,1,6.320000,0.3200,12.370000,1.060000,-3590.160000
1938,Entry long,2026-03-29 10:45,1994.920000,1,6.320000,0.3200,12.370000,1.060000,-3590.160000
1937,Exit short,2026-03-29 10:45,1994.920000,1,8.800000,0.4400,13.320000,1.530000,-3596.480000
1937,Entry short,2026-03-29 08:30,2003.720000,1,8.800000,0.4400,13.320000,1.530000,-3596.480000
1936,Exit long,2026-03-29 08:30,2003.720000,1,-0.410000,-0.0200,5.350000,5.370000,-3605.280000
1936,Entry long,2026-03-29 06:00,2004.130000,1,-0.410000,-0.0200,5.350000,5.370000,-3605.280000
1935,Exit short,2026-03-29 06:00,2004.130000,1,0.770000,0.0400,8.640000,14.100000,-3604.870000
1935,Entry short,2026-03-29 02:15,2004.900000,1,0.770000,0.0400,8.640000,14.100000,-3604.870000
1934,Exit long,2026-03-29 02:15,2004.900000,1,-18.530000,-0.9200,1.990000,35.270000,-3605.640000
1934,Entry long,2026-03-28 18:15,2023.430000,1,-18.530000,-0.9200,1.990000,35.270000,-3605.640000
1933,Exit short,2026-03-28 18:15,2023.430000,1,-1.280000,-0.0600,7.580000,16.660000,-3587.110000
1933,Entry short,2026-03-28 14:15,2022.150000,1,-1.280000,-0.0600,7.580000,16.660000,-3587.110000
1932,Exit long,2026-03-28 14:15,2022.150000,1,25.950000,1.3000,53.160000,5.000000,-3585.830000
1932,Entry long,2026-03-28 09:45,1996.200000,1,25.950000,1.3000,53.160000,5.000000,-3585.830000
1931,Exit short,2026-03-28 09:45,1996.200000,1,-6.090000,-0.3100,16.740000,17.520000,-3611.780000
1931,Entry short,2026-03-27 16:00,1990.110000,1,-6.090000,-0.3100,16.740000,17.520000,-3611.780000
1930,Exit long,2026-03-27 16:00,1990.110000,1,-5.520000,-0.2800,13.830000,29.430000,-3605.690000
1930,Entry long,2026-03-27 11:30,1995.630000,1,-5.520000,-0.2800,13.830000,29.430000,-3605.690000
1929,Exit short,2026-03-27 11:30,1995.630000,1,65.770000,3.1900,81.120000,10.190000,-3600.170000
1929,Entry short,2026-03-27 07:00,2061.400000,1,65.770000,3.1900,81.120000,10.190000,-3600.170000
1928,Exit long,2026-03-27 07:00,2061.400000,1,10.870000,0.5300,16.580000,1.850000,-3665.940000
1928,Entry long,2026-03-27 04:30,2050.530000,1,10.870000,0.5300,16.580000,1.850000,-3665.940000
1927,Exit short,2026-03-27 04:30,2050.530000,1,29.550000,1.4200,46.860000,4.770000,-3676.810000
1927,Entry short,2026-03-26 14:00,2080.080000,1,29.550000,1.4200,46.860000,4.770000,-3676.810000
1926,Exit long,2026-03-26 14:00,2080.080000,1,-81.220000,-3.7600,26.330000,100.300000,-3706.360000
1926,Entry long,2026-03-25 15:45,2161.300000,1,-81.220000,-3.7600,26.330000,100.300000,-3706.360000
1925,Exit short,2026-03-25 15:45,2161.300000,1,10.800000,0.5000,26.510000,28.010000,-3625.140000
1925,Entry short,2026-03-25 05:45,2172.100000,1,10.800000,0.5000,26.510000,28.010000,-3625.140000
1924,Exit long,2026-03-25 05:45,2172.100000,1,13.050000,0.6000,20.670000,13.930000,-3635.940000
1924,Entry long,2026-03-25 02:45,2159.050000,1,13.050000,0.6000,20.670000,13.930000,-3635.940000
1923,Exit short,2026-03-25 02:45,2159.050000,1,-39.790000,-1.8800,6.030000,48.740000,-3648.990000
1923,Entry short,2026-03-24 19:45,2119.260000,1,-39.790000,-1.8800,6.030000,48.740000,-3648.990000
1922,Exit long,2026-03-24 19:45,2119.260000,1,-10.160000,-0.4800,17.130000,27.420000,-3609.200000
1922,Entry long,2026-03-24 14:15,2129.420000,1,-10.160000,-0.4800,17.130000,27.420000,-3609.200000
1921,Exit short,2026-03-24 14:15,2129.420000,1,9.970000,0.4700,14.800000,35.320000,-3599.040000
1921,Entry short,2026-03-24 04:30,2139.390000,1,9.970000,0.4700,14.800000,35.320000,-3599.040000
1920,Exit long,2026-03-24 04:30,2139.390000,1,-12.210000,-0.5700,3.760000,28.820000,-3609.010000
1920,Entry long,2026-03-23 23:00,2151.600000,1,-12.210000,-0.5700,3.760000,28.820000,-3609.010000
1919,Exit short,2026-03-23 23:00,2151.600000,1,8.410000,0.3900,17.500000,5.860000,-3596.800000
1919,Entry short,2026-03-23 19:45,2160.010000,1,8.410000,0.3900,17.500000,5.860000,-3596.800000
1918,Exit long,2026-03-23 19:45,2160.010000,1,40.580000,1.9100,59.570000,3.420000,-3605.210000
1918,Entry long,2026-03-23 16:30,2119.430000,1,40.580000,1.9100,59.570000,3.420000,-3605.210000
1917,Exit short,2026-03-23 16:30,2119.430000,1,-44.170000,-2.1300,53.680000,123.740000,-3645.790000
1917,Entry short,2026-03-22 13:45,2075.260000,1,-44.170000,-2.1300,53.680000,123.740000,-3645.790000
1916,Exit long,2026-03-22 13:45,2075.260000,1,-22.570000,-1.0800,5.660000,32.620000,-3601.620000
1916,Entry long,2026-03-22 07:45,2097.830000,1,-22.570000,-1.0800,5.660000,32.620000,-3601.620000
1915,Exit short,2026-03-22 07:45,2097.830000,1,15.000000,0.7100,16.800000,9.330000,-3579.050000
1915,Entry short,2026-03-22 04:00,2112.830000,1,15.000000,0.7100,16.800000,9.330000,-3579.050000
1914,Exit long,2026-03-22 04:00,2112.830000,1,-32.910000,-1.5300,0.000000,100.170000,-3594.050000
1914,Entry long,2026-03-21 23:45,2145.740000,1,-32.910000,-1.5300,0.000000,100.170000,-3594.050000
1913,Exit short,2026-03-21 23:45,2145.740000,1,5.390000,0.2500,8.130000,4.990000,-3561.140000
1913,Entry short,2026-03-21 19:15,2151.130000,1,5.390000,0.2500,8.130000,4.990000,-3561.140000
1912,Exit long,2026-03-21 19:15,2151.130000,1,-3.120000,-0.1400,0.410000,14.100000,-3566.530000
1912,Entry long,2026-03-21 16:00,2154.250000,1,-3.120000,-0.1400,0.410000,14.100000,-3566.530000
1911,Exit short,2026-03-21 16:00,2154.250000,1,2.710000,0.1300,11.960000,11.040000,-3563.410000
1911,Entry short,2026-03-21 13:00,2156.960000,1,2.710000,0.1300,11.960000,11.040000,-3563.410000
1910,Exit long,2026-03-21 13:00,2156.960000,1,5.920000,0.2800,9.670000,2.590000,-3566.120000
1910,Entry long,2026-03-21 02:30,2151.040000,1,5.920000,0.2800,9.670000,2.590000,-3566.120000
1909,Exit short,2026-03-21 02:30,2151.040000,1,11.960000,0.5500,48.800000,4.530000,-3572.040000
1909,Entry short,2026-03-20 08:45,2163.000000,1,11.960000,0.5500,48.800000,4.530000,-3572.040000
1908,Exit long,2026-03-20 08:45,2163.000000,1,25.670000,1.2000,38.310000,1.940000,-3584.000000
1908,Entry long,2026-03-20 07:30,2137.330000,1,25.670000,1.2000,38.310000,1.940000,-3584.000000
1907,Exit short,2026-03-20 07:30,2137.330000,1,-23.370000,-1.1100,10.530000,45.710000,-3609.670000
1907,Entry short,2026-03-19 17:00,2113.960000,1,-23.370000,-1.1100,10.530000,45.710000,-3609.670000
1906,Exit long,2026-03-19 17:00,2113.960000,1,-14.830000,-0.7000,17.710000,30.770000,-3586.300000
1906,Entry long,2026-03-19 13:30,2128.790000,1,-14.830000,-0.7000,17.710000,30.770000,-3586.300000
1905,Exit short,2026-03-19 13:30,2128.790000,1,52.300000,2.4000,74.190000,0.650000,-3571.470000
1905,Entry short,2026-03-19 10:30,2181.090000,1,52.300000,2.4000,74.190000,0.650000,-3571.470000
1904,Exit long,2026-03-19 10:30,2181.090000,1,-9.010000,-0.4100,4.700000,48.310000,-3623.770000
1904,Entry long,2026-03-19 06:15,2190.100000,1,-9.010000,-0.4100,4.700000,48.310000,-3623.770000
1903,Exit short,2026-03-19 06:15,2190.100000,1,13.070000,0.5900,52.470000,29.470000,-3614.760000
1903,Entry short,2026-03-18 17:45,2203.170000,1,13.070000,0.5900,52.470000,29.470000,-3614.760000
1902,Exit long,2026-03-18 17:45,2203.170000,1,-59.360000,-2.6200,0.010000,99.500000,-3627.830000
1902,Entry long,2026-03-18 12:30,2262.530000,1,-59.360000,-2.6200,0.010000,99.500000,-3627.830000
1901,Exit short,2026-03-18 12:30,2262.530000,1,65.590000,2.8200,75.120000,2.760000,-3568.470000
1901,Entry short,2026-03-18 10:00,2328.120000,1,65.590000,2.8200,75.120000,2.760000,-3568.470000
1900,Exit long,2026-03-18 10:00,2328.120000,1,4.890000,0.2100,9.750000,13.160000,-3634.060000
1900,Entry long,2026-03-18 06:15,2323.230000,1,4.890000,0.2100,9.750000,13.160000,-3634.060000
1899,Exit short,2026-03-18 06:15,2323.230000,1,6.690000,0.2900,17.040000,20.070000,-3638.950000
1899,Entry short,2026-03-18 02:30,2329.920000,1,6.690000,0.2900,17.040000,20.070000,-3638.950000
1898,Exit long,2026-03-18 02:30,2329.920000,1,16.260000,0.7000,20.490000,0.020000,-3645.640000
1898,Entry long,2026-03-18 00:45,2313.660000,1,16.260000,0.7000,20.490000,0.020000,-3645.640000
1897,Exit short,2026-03-18 00:45,2313.660000,1,18.470000,0.7900,26.530000,1.330000,-3661.900000
1897,Entry short,2026-03-17 22:15,2332.130000,1,18.470000,0.7900,26.530000,1.330000,-3661.900000
1896,Exit long,2026-03-17 22:15,2332.130000,1,4.130000,0.1800,17.000000,5.320000,-3680.370000
1896,Entry long,2026-03-17 20:30,2328.000000,1,4.130000,0.1800,17.000000,5.320000,-3680.370000
1895,Exit short,2026-03-17 20:30,2328.000000,1,-1.260000,-0.0500,25.700000,29.920000,-3684.500000
1895,Entry short,2026-03-17 08:00,2326.740000,1,-1.260000,-0.0500,25.700000,29.920000,-3684.500000
1894,Exit long,2026-03-17 08:00,2326.740000,1,-29.800000,-1.2600,20.460000,63.970000,-3683.240000
1894,Entry long,2026-03-16 23:45,2356.540000,1,-29.800000,-1.2600,20.460000,63.970000,-3683.240000
1893,Exit short,2026-03-16 23:45,2356.540000,1,-17.840000,-0.7600,21.550000,47.080000,-3653.440000
1893,Entry short,2026-03-16 18:45,2338.700000,1,-17.840000,-0.7600,21.550000,47.080000,-3653.440000
1892,Exit long,2026-03-16 18:45,2338.700000,1,102.270000,4.5700,108.570000,3.430000,-3635.600000
1892,Entry long,2026-03-16 08:45,2236.430000,1,102.270000,4.5700,108.570000,3.430000,-3635.600000
1891,Exit short,2026-03-16 08:45,2236.430000,1,11.850000,0.5300,12.280000,39.720000,-3737.870000
1891,Entry short,2026-03-16 04:30,2248.280000,1,11.850000,0.5300,12.280000,39.720000,-3737.870000
1890,Exit long,2026-03-16 04:30,2248.280000,1,69.300000,3.1800,87.860000,9.980000,-3749.720000
1890,Entry long,2026-03-16 01:30,2178.980000,1,69.300000,3.1800,87.860000,9.980000,-3749.720000
1889,Exit short,2026-03-16 01:30,2178.980000,1,-71.610000,-3.4000,14.720000,95.500000,-3819.020000
1889,Entry short,2026-03-15 18:30,2107.370000,1,-71.610000,-3.4000,14.720000,95.500000,-3819.020000
1888,Exit long,2026-03-15 18:30,2107.370000,1,20.170000,0.9700,36.050000,2.100000,-3747.410000
1888,Entry long,2026-03-15 02:00,2087.200000,1,20.170000,0.9700,36.050000,2.100000,-3747.410000
1887,Exit short,2026-03-15 02:00,2087.200000,1,-12.380000,-0.6000,7.240000,23.760000,-3767.580000
1887,Entry short,2026-03-14 12:15,2074.820000,1,-12.380000,-0.6000,7.240000,23.760000,-3767.580000
1886,Exit long,2026-03-14 12:15,2074.820000,1,-16.480000,-0.7900,0.000000,31.210000,-3755.200000
1886,Entry long,2026-03-14 06:00,2091.300000,1,-16.480000,-0.7900,0.000000,31.210000,-3755.200000
1885,Exit short,2026-03-14 06:00,2091.300000,1,-1.550000,-0.0700,5.410000,16.000000,-3738.720000
1885,Entry short,2026-03-14 02:30,2089.750000,1,-1.550000,-0.0700,5.410000,16.000000,-3738.720000
1884,Exit long,2026-03-14 02:30,2089.750000,1,1.740000,0.0800,6.980000,7.950000,-3737.170000
1884,Entry long,2026-03-13 23:00,2088.010000,1,1.740000,0.0800,6.980000,7.950000,-3737.170000
1883,Exit short,2026-03-13 23:00,2088.010000,1,16.810000,0.8000,27.790000,3.490000,-3738.910000
1883,Entry short,2026-03-13 21:30,2104.820000,1,16.810000,0.8000,27.790000,3.490000,-3738.910000
1882,Exit long,2026-03-13 21:30,2104.820000,1,-27.480000,-1.2900,10.530000,43.860000,-3755.720000
1882,Entry long,2026-03-13 16:45,2132.300000,1,-27.480000,-1.2900,10.530000,43.860000,-3755.720000
1881,Exit short,2026-03-13 16:45,2132.300000,1,-6.420000,-0.3000,15.380000,83.610000,-3728.240000
1881,Entry short,2026-03-13 11:00,2125.880000,1,-6.420000,-0.3000,15.380000,83.610000,-3728.240000
1880,Exit long,2026-03-13 11:00,2125.880000,1,17.650000,0.8400,24.770000,19.710000,-3721.820000
1880,Entry long,2026-03-13 03:45,2108.230000,1,17.650000,0.8400,24.770000,19.710000,-3721.820000
1879,Exit short,2026-03-13 03:45,2108.230000,1,-42.630000,-2.0600,11.200000,82.400000,-3739.470000
1879,Entry short,2026-03-12 20:30,2065.600000,1,-42.630000,-2.0600,11.200000,82.400000,-3739.470000
1878,Exit long,2026-03-12 20:30,2065.600000,1,-1.800000,-0.0900,27.170000,31.220000,-3696.840000
1878,Entry long,2026-03-12 13:45,2067.400000,1,-1.800000,-0.0900,27.170000,31.220000,-3696.840000
1877,Exit short,2026-03-12 13:45,2067.400000,1,-38.930000,-1.9200,3.910000,52.230000,-3695.040000
1877,Entry short,2026-03-12 06:45,2028.470000,1,-38.930000,-1.9200,3.910000,52.230000,-3695.040000
1876,Exit long,2026-03-12 06:45,2028.470000,1,-37.530000,-1.8200,17.850000,49.830000,-3656.110000
1876,Entry long,2026-03-11 21:45,2066.000000,1,-37.530000,-1.8200,17.850000,49.830000,-3656.110000
1875,Exit short,2026-03-11 21:45,2066.000000,1,-34.380000,-1.6900,25.720000,53.360000,-3618.580000
1875,Entry short,2026-03-11 05:30,2031.620000,1,-34.380000,-1.6900,25.720000,53.360000,-3618.580000
1874,Exit long,2026-03-11 05:30,2031.620000,1,8.780000,0.4300,18.160000,0.460000,-3584.200000
1874,Entry long,2026-03-11 04:15,2022.840000,1,8.780000,0.4300,18.160000,0.460000,-3584.200000
1873,Exit short,2026-03-11 04:15,2022.840000,1,5.970000,0.2900,11.770000,12.190000,-3592.980000
1873,Entry short,2026-03-11 00:45,2028.810000,1,5.970000,0.2900,11.770000,12.190000,-3592.980000
1872,Exit long,2026-03-11 00:45,2028.810000,1,-8.030000,-0.3900,11.160000,21.060000,-3598.950000
1872,Entry long,2026-03-10 19:45,2036.840000,1,-8.030000,-0.3900,11.160000,21.060000,-3598.950000
1871,Exit short,2026-03-10 19:45,2036.840000,1,39.030000,1.8800,50.320000,5.090000,-3590.920000
1871,Entry short,2026-03-10 17:15,2075.870000,1,39.030000,1.8800,50.320000,5.090000,-3590.920000
1870,Exit long,2026-03-10 17:15,2075.870000,1,18.870000,0.9200,31.000000,49.230000,-3629.950000
1870,Entry long,2026-03-10 11:15,2057.000000,1,18.870000,0.9200,31.000000,49.230000,-3629.950000
1869,Exit short,2026-03-10 11:15,2057.000000,1,-45.030000,-2.2400,6.340000,62.030000,-3648.820000
1869,Entry short,2026-03-10 01:30,2011.970000,1,-45.030000,-2.2400,6.340000,62.030000,-3648.820000
1868,Exit long,2026-03-10 01:30,2011.970000,1,18.320000,0.9200,28.240000,0.010000,-3603.790000
1868,Entry long,2026-03-10 00:15,1993.650000,1,18.320000,0.9200,28.240000,0.010000,-3603.790000
1867,Exit short,2026-03-10 00:15,1993.650000,1,23.590000,1.1700,29.060000,35.590000,-3622.110000
1867,Entry short,2026-03-09 14:00,2017.240000,1,23.590000,1.1700,29.060000,35.590000,-3622.110000
1866,Exit long,2026-03-09 14:00,2017.240000,1,36.090000,1.8200,48.840000,3.460000,-3645.700000
1866,Entry long,2026-03-09 07:45,1981.150000,1,36.090000,1.8200,48.840000,3.460000,-3645.700000
1865,Exit short,2026-03-09 07:45,1981.150000,1,-30.510000,-1.5600,13.620000,62.690000,-3681.790000
1865,Entry short,2026-03-09 01:30,1950.640000,1,-30.510000,-1.5600,13.620000,62.690000,-3681.790000
1864,Exit long,2026-03-09 01:30,1950.640000,1,8.780000,0.4500,24.370000,13.660000,-3651.280000
1864,Entry long,2026-03-08 23:00,1941.860000,1,8.780000,0.4500,24.370000,13.660000,-3651.280000
1863,Exit short,2026-03-08 23:00,1941.860000,1,11.440000,0.5900,46.670000,16.860000,-3660.060000
1863,Entry short,2026-03-08 20:15,1953.300000,1,11.440000,0.5900,46.670000,16.860000,-3660.060000
1862,Exit long,2026-03-08 20:15,1953.300000,1,5.270000,0.2700,21.160000,25.170000,-3671.500000
1862,Entry long,2026-03-08 12:30,1948.030000,1,5.270000,0.2700,21.160000,25.170000,-3671.500000
1861,Exit short,2026-03-08 12:30,1948.030000,1,18.400000,0.9400,43.060000,12.600000,-3676.770000
1861,Entry short,2026-03-07 22:15,1966.430000,1,18.400000,0.9400,43.060000,12.600000,-3676.770000
1860,Exit long,2026-03-07 22:15,1966.430000,1,-14.370000,-0.7300,8.580000,33.930000,-3695.170000
1860,Entry long,2026-03-07 14:00,1980.800000,1,-14.370000,-0.7300,8.580000,33.930000,-3695.170000
1859,Exit short,2026-03-07 14:00,1980.800000,1,-7.360000,-0.3700,11.780000,22.300000,-3680.800000
1859,Entry short,2026-03-06 19:00,1973.440000,1,-7.360000,-0.3700,11.780000,22.300000,-3680.800000
1858,Exit long,2026-03-06 19:00,1973.440000,1,-89.160000,-4.3200,5.720000,108.350000,-3673.440000
1858,Entry long,2026-03-06 10:15,2062.600000,1,-89.160000,-4.3200,5.720000,108.350000,-3673.440000
1857,Exit short,2026-03-06 10:15,2062.600000,1,16.180000,0.7800,34.660000,2.830000,-3584.280000
1857,Entry short,2026-03-06 08:15,2078.780000,1,16.180000,0.7800,34.660000,2.830000,-3584.280000
1856,Exit long,2026-03-06 08:15,2078.780000,1,11.160000,0.5400,18.950000,5.610000,-3600.460000
1856,Entry long,2026-03-06 06:00,2067.620000,1,11.160000,0.5400,18.950000,5.610000,-3600.460000
1855,Exit short,2026-03-06 06:00,2067.620000,1,19.960000,0.9600,29.580000,0.910000,-3611.620000
1855,Entry short,2026-03-06 02:45,2087.580000,1,19.960000,0.9600,29.580000,0.910000,-3611.620000
1854,Exit long,2026-03-06 02:45,2087.580000,1,8.030000,0.3900,12.840000,18.950000,-3631.580000
1854,Entry long,2026-03-06 00:15,2079.550000,1,8.030000,0.3900,12.840000,18.950000,-3631.580000
1853,Exit short,2026-03-06 00:15,2079.550000,1,-2.310000,-0.1100,10.470000,22.060000,-3639.610000
1853,Entry short,2026-03-05 19:30,2077.240000,1,-2.310000,-0.1100,10.470000,22.060000,-3639.610000
1852,Exit long,2026-03-05 19:30,2077.240000,1,-48.840000,-2.3000,5.330000,72.780000,-3637.300000
1852,Entry long,2026-03-05 13:15,2126.080000,1,-48.840000,-2.3000,5.330000,72.780000,-3637.300000
1851,Exit short,2026-03-05 13:15,2126.080000,1,9.740000,0.4600,43.390000,27.180000,-3588.460000
1851,Entry short,2026-03-05 05:15,2135.820000,1,9.740000,0.4600,43.390000,27.180000,-3588.460000
1850,Exit long,2026-03-05 05:15,2135.820000,1,-12.190000,-0.5700,14.890000,41.690000,-3598.200000
1850,Entry long,2026-03-04 21:45,2148.010000,1,-12.190000,-0.5700,14.890000,41.690000,-3598.200000
1849,Exit short,2026-03-04 21:45,2148.010000,1,1.280000,0.0600,21.460000,50.180000,-3586.010000
1849,Entry short,2026-03-04 16:00,2149.290000,1,1.280000,0.0600,21.460000,50.180000,-3586.010000
1848,Exit long,2026-03-04 16:00,2149.290000,1,99.980000,4.8800,116.190000,2.980000,-3587.290000
1848,Entry long,2026-03-04 12:45,2049.310000,1,99.980000,4.8800,116.190000,2.980000,-3587.290000
1847,Exit short,2026-03-04 12:45,2049.310000,1,-62.000000,-3.1200,43.910000,105.690000,-3687.270000
1847,Entry short,2026-03-03 23:30,1987.310000,1,-62.000000,-3.1200,43.910000,105.690000,-3687.270000
1846,Exit long,2026-03-03 23:30,1987.310000,1,19.940000,1.0100,33.610000,0.270000,-3625.270000
1846,Entry long,2026-03-03 22:00,1967.370000,1,19.940000,1.0100,33.610000,0.270000,-3625.270000
1845,Exit short,2026-03-03 22:00,1967.370000,1,6.250000,0.3200,47.300000,39.710000,-3645.210000
1845,Entry short,2026-03-03 12:30,1973.620000,1,6.250000,0.3200,47.300000,39.710000,-3645.210000
1844,Exit long,2026-03-03 12:30,1973.620000,1,-58.760000,-2.8900,26.200000,94.370000,-3651.460000
1844,Entry long,2026-03-02 19:30,2032.380000,1,-58.760000,-2.8900,26.200000,94.370000,-3651.460000
1843,Exit short,2026-03-02 19:30,2032.380000,1,28.930000,1.4000,46.850000,27.690000,-3592.700000
1843,Entry short,2026-03-02 15:45,2061.310000,1,28.930000,1.4000,46.850000,27.690000,-3592.700000
1842,Exit long,2026-03-02 15:45,2061.310000,1,130.600000,6.7600,131.890000,10.940000,-3621.630000
1842,Entry long,2026-03-02 14:15,1930.710000,1,130.600000,6.7600,131.890000,10.940000,-3621.630000
1841,Exit short,2026-03-02 14:15,1930.710000,1,15.930000,0.8200,26.390000,9.470000,-3752.230000
1841,Entry short,2026-03-02 10:00,1946.640000,1,15.930000,0.8200,26.390000,9.470000,-3752.230000
1840,Exit long,2026-03-02 10:00,1946.640000,1,11.550000,0.6000,31.840000,19.090000,-3768.160000
1840,Entry long,2026-03-02 07:30,1935.090000,1,11.550000,0.6000,31.840000,19.090000,-3768.160000
1839,Exit short,2026-03-02 07:30,1935.090000,1,24.680000,1.2600,35.630000,28.750000,-3779.710000
1839,Entry short,2026-03-02 01:00,1959.770000,1,24.680000,1.2600,35.630000,28.750000,-3779.710000
1838,Exit long,2026-03-02 01:00,1959.770000,1,-37.820000,-1.8900,30.180000,91.680000,-3804.390000
1838,Entry long,2026-03-01 07:00,1997.590000,1,-37.820000,-1.8900,30.180000,91.680000,-3804.390000
1837,Exit short,2026-03-01 07:00,1997.590000,1,44.760000,2.1900,54.140000,5.570000,-3766.570000
1837,Entry short,2026-03-01 02:45,2042.350000,1,44.760000,2.1900,54.140000,5.570000,-3766.570000
1836,Exit long,2026-03-01 02:45,2042.350000,1,81.010000,4.1300,93.330000,18.920000,-3811.330000
1836,Entry long,2026-03-01 00:15,1961.340000,1,81.010000,4.1300,93.330000,18.920000,-3811.330000
1835,Exit short,2026-03-01 00:15,1961.340000,1,-109.930000,-5.9400,1.200000,132.810000,-3892.340000
1835,Entry short,2026-02-28 10:15,1851.410000,1,-109.930000,-5.9400,1.200000,132.810000,-3892.340000
1834,Exit long,2026-02-28 10:15,1851.410000,1,-10.200000,-0.5500,23.170000,18.420000,-3782.410000
1834,Entry long,2026-02-28 07:15,1861.610000,1,-10.200000,-0.5500,23.170000,18.420000,-3782.410000
1833,Exit short,2026-02-28 07:15,1861.610000,1,62.560000,3.2500,90.110000,13.200000,-3772.210000
1833,Entry short,2026-02-27 18:45,1924.170000,1,62.560000,3.2500,90.110000,13.200000,-3772.210000
1832,Exit long,2026-02-27 18:45,1924.170000,1,-112.180000,-5.5100,9.240000,130.350000,-3834.770000
1832,Entry long,2026-02-27 07:15,2036.350000,1,-112.180000,-5.5100,9.240000,130.350000,-3834.770000
1831,Exit short,2026-02-27 07:15,2036.350000,1,-15.550000,-0.7700,2.490000,42.910000,-3722.590000
1831,Entry short,2026-02-27 03:15,2020.800000,1,-15.550000,-0.7700,2.490000,42.910000,-3722.590000
1830,Exit long,2026-02-27 03:15,2020.800000,1,6.970000,0.3500,20.080000,14.630000,-3707.040000
1830,Entry long,2026-02-27 01:00,2013.830000,1,6.970000,0.3500,20.080000,14.630000,-3707.040000
1829,Exit short,2026-02-27 01:00,2013.830000,1,18.240000,0.9000,24.710000,5.160000,-3714.010000
1829,Entry short,2026-02-26 20:15,2032.070000,1,18.240000,0.9000,24.710000,5.160000,-3714.010000
1828,Exit long,2026-02-26 20:15,2032.070000,1,4.080000,0.2000,14.610000,54.500000,-3732.250000
1828,Entry long,2026-02-26 15:45,2027.990000,1,4.080000,0.2000,14.610000,54.500000,-3732.250000
1827,Exit short,2026-02-26 15:45,2027.990000,1,37.700000,1.8300,55.310000,11.710000,-3736.330000
1827,Entry short,2026-02-26 10:30,2065.690000,1,37.700000,1.8300,55.310000,11.710000,-3736.330000
1826,Exit long,2026-02-26 10:30,2065.690000,1,17.160000,0.8400,34.120000,1.520000,-3774.030000
1826,Entry long,2026-02-26 08:45,2048.530000,1,17.160000,0.8400,34.120000,1.520000,-3774.030000
1825,Exit short,2026-02-26 08:45,2048.530000,1,13.070000,0.6300,18.130000,14.360000,-3791.190000
1825,Entry short,2026-02-26 05:15,2061.600000,1,13.070000,0.6300,18.130000,14.360000,-3791.190000
1824,Exit long,2026-02-26 05:15,2061.600000,1,-8.740000,-0.4200,79.610000,37.160000,-3804.260000
1824,Entry long,2026-02-25 20:00,2070.340000,1,-8.740000,-0.4200,79.610000,37.160000,-3804.260000
1823,Exit short,2026-02-25 20:00,2070.340000,1,-159.940000,-8.3700,3.890000,174.530000,-3795.520000
1823,Entry short,2026-02-25 09:45,1910.400000,1,-159.940000,-8.3700,3.890000,174.530000,-3795.520000
1822,Exit long,2026-02-25 09:45,1910.400000,1,23.310000,1.2400,29.880000,5.800000,-3635.580000
1822,Entry long,2026-02-25 06:00,1887.090000,1,23.310000,1.2400,29.880000,5.800000,-3635.580000
1821,Exit short,2026-02-25 06:00,1887.090000,1,46.820000,2.4200,56.850000,2.090000,-3658.890000
1821,Entry short,2026-02-25 02:15,1933.910000,1,46.820000,2.4200,56.850000,2.090000,-3658.890000
1820,Exit long,2026-02-25 02:15,1933.910000,1,82.350000,4.4500,94.140000,7.730000,-3705.710000
1820,Entry long,2026-02-24 20:00,1851.560000,1,82.350000,4.4500,94.140000,7.730000,-3705.710000
1819,Exit short,2026-02-24 20:00,1851.560000,1,-24.800000,-1.3600,30.760000,37.820000,-3788.060000
1819,Entry short,2026-02-24 09:15,1826.760000,1,-24.800000,-1.3600,30.760000,37.820000,-3788.060000
1818,Exit long,2026-02-24 09:15,1826.760000,1,-19.750000,-1.0700,7.330000,33.990000,-3763.260000
1818,Entry long,2026-02-24 02:30,1846.510000,1,-19.750000,-1.0700,7.330000,33.990000,-3763.260000
1817,Exit short,2026-02-24 02:30,1846.510000,1,15.190000,0.8200,51.240000,7.340000,-3743.510000
1817,Entry short,2026-02-23 21:45,1861.700000,1,15.190000,0.8200,51.240000,7.340000,-3743.510000
1816,Exit long,2026-02-23 21:45,1861.700000,1,-41.870000,-2.2000,5.210000,67.510000,-3758.700000
1816,Entry long,2026-02-23 15:30,1903.570000,1,-41.870000,-2.2000,5.210000,67.510000,-3758.700000
1815,Exit short,2026-02-23 15:30,1903.570000,1,-39.310000,-2.1100,1.930000,71.010000,-3716.830000
1815,Entry short,2026-02-23 06:00,1864.260000,1,-39.310000,-2.1100,1.930000,71.010000,-3716.830000
1814,Exit long,2026-02-23 06:00,1864.260000,1,3.150000,0.1700,9.950000,9.110000,-3677.520000
1814,Entry long,2026-02-23 02:15,1861.110000,1,3.150000,0.1700,9.950000,9.110000,-3677.520000
1813,Exit short,2026-02-23 02:15,1861.110000,1,78.910000,4.0700,95.560000,19.980000,-3680.670000
1813,Entry short,2026-02-22 21:00,1940.020000,1,78.910000,4.0700,95.560000,19.980000,-3680.670000
1812,Exit long,2026-02-22 21:00,1940.020000,1,-26.090000,-1.3300,1.870000,33.110000,-3759.580000
1812,Entry long,2026-02-22 13:15,1966.110000,1,-26.090000,-1.3300,1.870000,33.110000,-3759.580000
1811,Exit short,2026-02-22 13:15,1966.110000,1,13.300000,0.6700,19.410000,3.260000,-3733.490000
1811,Entry short,2026-02-22 11:30,1979.410000,1,13.300000,0.6700,19.410000,3.260000,-3733.490000
1810,Exit long,2026-02-22 11:30,1979.410000,1,6.910000,0.3500,9.750000,1.790000,-3746.790000
1810,Entry long,2026-02-22 09:30,1972.500000,1,6.910000,0.3500,9.750000,1.790000,-3746.790000
1809,Exit short,2026-02-22 09:30,1972.500000,1,1.660000,0.0800,7.940000,4.430000,-3753.700000
1809,Entry short,2026-02-22 02:30,1974.160000,1,1.660000,0.0800,7.940000,4.430000,-3753.700000
1808,Exit long,2026-02-22 02:30,1974.160000,1,-0.950000,-0.0500,21.530000,9.010000,-3755.360000
1808,Entry long,2026-02-21 13:00,1975.110000,1,-0.950000,-0.0500,21.530000,9.010000,-3755.360000
1807,Exit short,2026-02-21 13:00,1975.110000,1,-0.180000,-0.0100,6.620000,13.270000,-3754.410000
1807,Entry short,2026-02-21 09:30,1974.930000,1,-0.180000,-0.0100,6.620000,13.270000,-3754.410000
1806,Exit long,2026-02-21 09:30,1974.930000,1,8.120000,0.4100,10.190000,11.740000,-3754.230000
1806,Entry long,2026-02-21 00:15,1966.810000,1,8.120000,0.4100,10.190000,11.740000,-3754.230000
1805,Exit short,2026-02-21 00:15,1966.810000,1,-17.410000,-0.8900,11.800000,31.330000,-3762.350000
1805,Entry short,2026-02-20 15:45,1949.400000,1,-17.410000,-0.8900,11.800000,31.330000,-3762.350000
1804,Exit long,2026-02-20 15:45,1949.400000,1,2.810000,0.1400,33.680000,25.060000,-3744.940000
1804,Entry long,2026-02-20 12:15,1946.590000,1,2.810000,0.1400,33.680000,25.060000,-3744.940000
1803,Exit short,2026-02-20 12:15,1946.590000,1,6.440000,0.3300,13.790000,19.960000,-3747.750000
1803,Entry short,2026-02-20 06:30,1953.030000,1,6.440000,0.3300,13.790000,19.960000,-3747.750000
1802,Exit long,2026-02-20 06:30,1953.030000,1,4.400000,0.2300,16.210000,20.110000,-3754.190000
1802,Entry long,2026-02-20 03:00,1948.630000,1,4.400000,0.2300,16.210000,20.110000,-3754.190000
1801,Exit short,2026-02-20 03:00,1948.630000,1,-31.390000,-1.6400,7.810000,46.320000,-3758.590000
1801,Entry short,2026-02-19 16:30,1917.240000,1,-31.390000,-1.6400,7.810000,46.320000,-3758.590000
1800,Exit long,2026-02-19 16:30,1917.240000,1,-55.480000,-2.8100,6.900000,67.220000,-3727.200000
1800,Entry long,2026-02-19 09:15,1972.720000,1,-55.480000,-2.8100,6.900000,67.220000,-3727.200000
1799,Exit short,2026-02-19 09:15,1972.720000,1,8.840000,0.4500,16.320000,0.610000,-3671.720000
1799,Entry short,2026-02-19 07:45,1981.560000,1,8.840000,0.4500,16.320000,0.610000,-3671.720000
1798,Exit long,2026-02-19 07:45,1981.560000,1,12.180000,0.6200,17.530000,0.380000,-3680.560000
1798,Entry long,2026-02-19 06:00,1969.380000,1,12.180000,0.6200,17.530000,0.380000,-3680.560000
1797,Exit short,2026-02-19 06:00,1969.380000,1,-16.460000,-0.8400,3.820000,26.490000,-3692.740000
1797,Entry short,2026-02-18 23:45,1952.920000,1,-16.460000,-0.8400,3.820000,26.490000,-3692.740000
1796,Exit long,2026-02-18 23:45,1952.920000,1,-1.150000,-0.0600,2.760000,32.430000,-3676.280000
1796,Entry long,2026-02-18 19:15,1954.070000,1,-1.150000,-0.0600,2.760000,32.430000,-3676.280000
1795,Exit short,2026-02-18 19:15,1954.070000,1,30.490000,1.5400,37.660000,2.430000,-3675.130000
1795,Entry short,2026-02-18 16:00,1984.560000,1,30.490000,1.5400,37.660000,2.430000,-3675.130000
1794,Exit long,2026-02-18 16:00,1984.560000,1,0.700000,0.0400,25.940000,30.660000,-3705.620000
1794,Entry long,2026-02-18 11:45,1983.860000,1,0.700000,0.0400,25.940000,30.660000,-3705.620000
1793,Exit short,2026-02-18 11:45,1983.860000,1,12.580000,0.6300,21.240000,41.830000,-3706.320000
1793,Entry short,2026-02-18 04:15,1996.440000,1,12.580000,0.6300,21.240000,41.830000,-3706.320000
1792,Exit long,2026-02-18 04:15,1996.440000,1,2.460000,0.1200,7.710000,26.710000,-3718.900000
1792,Entry long,2026-02-17 23:45,1993.980000,1,2.460000,0.1200,7.710000,26.710000,-3718.900000
1791,Exit short,2026-02-17 23:45,1993.980000,1,6.800000,0.3400,15.190000,7.420000,-3721.360000
1791,Entry short,2026-02-17 19:30,2000.780000,1,6.800000,0.3400,15.190000,7.420000,-3721.360000
1790,Exit long,2026-02-17 19:30,2000.780000,1,47.600000,2.4400,61.730000,0.800000,-3728.160000
1790,Entry long,2026-02-17 15:45,1953.180000,1,47.600000,2.4400,61.730000,0.800000,-3728.160000
1789,Exit short,2026-02-17 15:45,1953.180000,1,15.620000,0.7900,28.790000,34.630000,-3775.760000
1789,Entry short,2026-02-17 13:00,1968.800000,1,15.620000,0.7900,28.790000,34.630000,-3775.760000
1788,Exit long,2026-02-17 13:00,1968.800000,1,-16.920000,-0.8500,12.270000,25.530000,-3791.380000
1788,Entry long,2026-02-17 04:15,1985.720000,1,-16.920000,-0.8500,12.270000,25.530000,-3791.380000
1787,Exit short,2026-02-17 04:15,1985.720000,1,-7.710000,-0.3900,12.870000,30.630000,-3774.460000
1787,Entry short,2026-02-16 18:00,1978.010000,1,-7.710000,-0.3900,12.870000,30.630000,-3774.460000
1786,Exit long,2026-02-16 18:00,1978.010000,1,11.000000,0.5600,56.290000,31.620000,-3766.750000
1786,Entry long,2026-02-16 11:45,1967.010000,1,11.000000,0.5600,56.290000,31.620000,-3766.750000
1785,Exit short,2026-02-16 11:45,1967.010000,1,-0.050000,-0.0000,10.910000,25.270000,-3777.750000
1785,Entry short,2026-02-16 07:45,1966.960000,1,-0.050000,-0.0000,10.910000,25.270000,-3777.750000
1784,Exit long,2026-02-16 07:45,1966.960000,1,12.730000,0.6500,23.430000,2.640000,-3777.700000
1784,Entry long,2026-02-16 03:45,1954.230000,1,12.730000,0.6500,23.430000,2.640000,-3777.700000
1783,Exit short,2026-02-16 03:45,1954.230000,1,15.170000,0.7700,26.660000,11.240000,-3790.430000
1783,Entry short,2026-02-15 23:00,1969.400000,1,15.170000,0.7700,26.660000,11.240000,-3790.430000
1782,Exit long,2026-02-15 23:00,1969.400000,1,3.760000,0.1900,7.860000,38.810000,-3805.600000
1782,Entry long,2026-02-15 18:45,1965.640000,1,3.760000,0.1900,7.860000,38.810000,-3805.600000
1781,Exit short,2026-02-15 18:45,1965.640000,1,38.700000,1.9300,59.080000,-0.000000,-3809.360000
1781,Entry short,2026-02-15 17:15,2004.340000,1,38.700000,1.9300,59.080000,-0.000000,-3809.360000
1780,Exit long,2026-02-15 17:15,2004.340000,1,-56.230000,-2.7300,7.230000,68.570000,-3848.060000
1780,Entry long,2026-02-15 11:00,2060.570000,1,-56.230000,-2.7300,7.230000,68.570000,-3848.060000
1779,Exit short,2026-02-15 11:00,2060.570000,1,15.140000,0.7300,23.190000,27.020000,-3791.830000
1779,Entry short,2026-02-15 05:00,2075.710000,1,15.140000,0.7300,23.190000,27.020000,-3791.830000
1778,Exit long,2026-02-15 05:00,2075.710000,1,5.110000,0.2500,28.340000,36.250000,-3806.970000
1778,Entry long,2026-02-14 13:45,2070.600000,1,5.110000,0.2500,28.340000,36.250000,-3806.970000
1777,Exit short,2026-02-14 13:45,2070.600000,1,4.610000,0.2200,12.050000,31.810000,-3812.080000
1777,Entry short,2026-02-14 08:45,2075.210000,1,4.610000,0.2200,12.050000,31.810000,-3812.080000
1776,Exit long,2026-02-14 08:45,2075.210000,1,18.390000,0.8900,35.000000,20.060000,-3816.690000
1776,Entry long,2026-02-13 20:00,2056.820000,1,18.390000,0.8900,35.000000,20.060000,-3816.690000
1775,Exit short,2026-02-13 20:00,2056.820000,1,-96.820000,-4.9400,16.210000,113.000000,-3835.080000
1775,Entry short,2026-02-13 09:30,1960.000000,1,-96.820000,-4.9400,16.210000,113.000000,-3835.080000
1774,Exit long,2026-02-13 09:30,1960.000000,1,17.740000,0.9100,22.240000,18.970000,-3738.260000
1774,Entry long,2026-02-13 05:45,1942.260000,1,17.740000,0.9100,22.240000,18.970000,-3738.260000
1773,Exit short,2026-02-13 05:45,1942.260000,1,-17.900000,-0.9300,16.070000,33.580000,-3756.000000
1773,Entry short,2026-02-12 20:00,1924.360000,1,-17.900000,-0.9300,16.070000,33.580000,-3756.000000
1772,Exit long,2026-02-12 20:00,1924.360000,1,-55.640000,-2.8100,15.530000,86.230000,-3738.100000
1772,Entry long,2026-02-12 13:30,1980.000000,1,-55.640000,-2.8100,15.530000,86.230000,-3738.100000
1771,Exit short,2026-02-12 13:30,1980.000000,1,-15.330000,-0.7800,12.430000,36.230000,-3682.460000
1771,Entry short,2026-02-12 02:00,1964.670000,1,-15.330000,-0.7800,12.430000,36.230000,-3682.460000
1770,Exit long,2026-02-12 02:00,1964.670000,1,21.520000,1.1100,33.850000,5.380000,-3667.130000
1770,Entry long,2026-02-11 23:45,1943.150000,1,21.520000,1.1100,33.850000,5.380000,-3667.130000
1769,Exit short,2026-02-11 23:45,1943.150000,1,0.060000,0.0000,13.590000,44.260000,-3688.650000
1769,Entry short,2026-02-11 19:30,1943.210000,1,0.060000,0.0000,13.590000,44.260000,-3688.650000
1768,Exit long,2026-02-11 19:30,1943.210000,1,7.040000,0.3600,22.680000,28.640000,-3688.710000
1768,Entry long,2026-02-11 15:45,1936.170000,1,7.040000,0.3600,22.680000,28.640000,-3688.710000
1767,Exit short,2026-02-11 15:45,1936.170000,1,9.700000,0.5000,44.650000,69.560000,-3695.750000
1767,Entry short,2026-02-11 09:45,1945.870000,1,9.700000,0.5000,44.650000,69.560000,-3695.750000
1766,Exit long,2026-02-11 09:45,1945.870000,1,-69.890000,-3.4700,1.740000,81.650000,-3705.450000
1766,Entry long,2026-02-11 03:45,2015.760000,1,-69.890000,-3.4700,1.740000,81.650000,-3705.450000
1765,Exit short,2026-02-11 03:45,2015.760000,1,-2.860000,-0.1400,16.900000,18.100000,-3635.560000
1765,Entry short,2026-02-10 23:30,2012.900000,1,-2.860000,-0.1400,16.900000,18.100000,-3635.560000
1764,Exit long,2026-02-10 23:30,2012.900000,1,3.610000,0.1800,15.650000,13.720000,-3632.700000
1764,Entry long,2026-02-10 19:30,2009.290000,1,3.610000,0.1800,15.650000,13.720000,-3632.700000
1763,Exit short,2026-02-10 19:30,2009.290000,1,6.460000,0.3200,31.980000,30.350000,-3636.310000
1763,Entry short,2026-02-10 10:00,2015.750000,1,6.460000,0.3200,31.980000,30.350000,-3636.310000
1762,Exit long,2026-02-10 10:00,2015.750000,1,-105.480000,-4.9700,4.010000,127.880000,-3642.770000
1762,Entry long,2026-02-09 22:00,2121.230000,1,-105.480000,-4.9700,4.010000,127.880000,-3642.770000
1761,Exit short,2026-02-09 22:00,2121.230000,1,-82.240000,-4.0300,30.990000,109.010000,-3537.290000
1761,Entry short,2026-02-09 13:45,2038.990000,1,-82.240000,-4.0300,30.990000,109.010000,-3537.290000
1760,Exit long,2026-02-09 13:45,2038.990000,1,-2.350000,-0.1200,8.590000,29.340000,-3455.050000
1760,Entry long,2026-02-09 10:00,2041.340000,1,-2.350000,-0.1200,8.590000,29.340000,-3455.050000
1759,Exit short,2026-02-09 10:00,2041.340000,1,48.420000,2.3200,56.590000,7.570000,-3452.700000
1759,Entry short,2026-02-09 04:15,2089.760000,1,48.420000,2.3200,56.590000,7.570000,-3452.700000
1758,Exit long,2026-02-09 04:15,2089.760000,1,-9.720000,-0.4600,52.520000,46.560000,-3501.120000
1758,Entry long,2026-02-08 22:30,2099.480000,1,-9.720000,-0.4600,52.520000,46.560000,-3501.120000
1757,Exit short,2026-02-08 22:30,2099.480000,1,16.820000,0.7900,27.920000,4.990000,-3491.400000
1757,Entry short,2026-02-08 20:15,2116.300000,1,16.820000,0.7900,27.920000,4.990000,-3491.400000
1756,Exit long,2026-02-08 20:15,2116.300000,1,-11.430000,-0.5400,2.220000,56.820000,-3508.220000
1756,Entry long,2026-02-08 15:00,2127.730000,1,-11.430000,-0.5400,2.220000,56.820000,-3508.220000
1755,Exit short,2026-02-08 15:00,2127.730000,1,-47.300000,-2.2700,13.270000,63.920000,-3496.790000
1755,Entry short,2026-02-08 06:45,2080.430000,1,-47.300000,-2.2700,13.270000,63.920000,-3496.790000
1754,Exit long,2026-02-08 06:45,2080.430000,1,-6.690000,-0.3200,18.880000,21.840000,-3449.490000
1754,Entry long,2026-02-07 23:45,2087.120000,1,-6.690000,-0.3200,18.880000,21.840000,-3449.490000
1753,Exit short,2026-02-07 23:45,2087.120000,1,-46.510000,-2.2800,32.430000,84.390000,-3442.800000
1753,Entry short,2026-02-07 13:00,2040.610000,1,-46.510000,-2.2800,32.430000,84.390000,-3442.800000
1752,Exit long,2026-02-07 13:00,2040.610000,1,18.070000,0.8900,53.070000,24.020000,-3396.290000
1752,Entry long,2026-02-07 07:30,2022.540000,1,18.070000,0.8900,53.070000,24.020000,-3396.290000
1751,Exit short,2026-02-07 07:30,2022.540000,1,81.170000,3.8600,110.370000,15.160000,-3414.360000
1751,Entry short,2026-02-07 04:15,2103.710000,1,81.170000,3.8600,110.370000,15.160000,-3414.360000
1750,Exit long,2026-02-07 04:15,2103.710000,1,50.300000,2.4500,54.390000,21.650000,-3495.530000
1750,Entry long,2026-02-06 19:45,2053.410000,1,50.300000,2.4500,54.390000,21.650000,-3495.530000
1749,Exit short,2026-02-06 19:45,2053.410000,1,-126.630000,-6.5700,12.780000,163.220000,-3545.830000
1749,Entry short,2026-02-06 11:30,1926.780000,1,-126.630000,-6.5700,12.780000,163.220000,-3545.830000
1748,Exit long,2026-02-06 11:30,1926.780000,1,22.240000,1.1700,32.920000,39.300000,-3419.200000
1748,Entry long,2026-02-06 07:45,1904.540000,1,22.240000,1.1700,32.920000,39.300000,-3419.200000
1747,Exit short,2026-02-06 07:45,1904.540000,1,-24.090000,-1.2800,144.430000,94.380000,-3441.440000
1747,Entry short,2026-02-05 23:30,1880.450000,1,-24.090000,-1.2800,144.430000,94.380000,-3441.440000
1746,Exit long,2026-02-05 23:30,1880.450000,1,-207.190000,-9.9200,19.700000,274.200000,-3417.350000
1746,Entry long,2026-02-05 11:45,2087.640000,1,-207.190000,-9.9200,19.700000,274.200000,-3417.350000
1745,Exit short,2026-02-05 11:45,2087.640000,1,49.370000,2.3100,77.010000,5.240000,-3210.160000
1745,Entry short,2026-02-05 09:30,2137.010000,1,49.370000,2.3100,77.010000,5.240000,-3210.160000
1744,Exit long,2026-02-05 09:30,2137.010000,1,40.270000,1.9200,52.640000,35.520000,-3259.530000
1744,Entry long,2026-02-05 04:30,2096.740000,1,40.270000,1.9200,52.640000,35.520000,-3259.530000
1743,Exit short,2026-02-05 04:30,2096.740000,1,38.250000,1.7900,57.210000,60.010000,-3299.800000
1743,Entry short,2026-02-04 19:30,2134.990000,1,38.250000,1.7900,57.210000,60.010000,-3299.800000
1742,Exit long,2026-02-04 19:30,2134.990000,1,-118.620000,-5.2600,14.180000,179.930000,-3338.050000
1742,Entry long,2026-02-04 10:15,2253.610000,1,-118.620000,-5.2600,14.180000,179.930000,-3338.050000
1741,Exit short,2026-02-04 10:15,2253.610000,1,14.350000,0.6300,26.760000,27.040000,-3219.430000
1741,Entry short,2026-02-04 02:15,2267.960000,1,14.350000,0.6300,26.760000,27.040000,-3219.430000
1740,Exit long,2026-02-04 02:15,2267.960000,1,21.940000,0.9800,34.480000,8.780000,-3233.780000
1740,Entry long,2026-02-04 00:30,2246.020000,1,21.940000,0.9800,34.480000,8.780000,-3233.780000
1739,Exit short,2026-02-04 00:30,2246.020000,1,49.490000,2.1600,84.510000,43.560000,-3255.720000
1739,Entry short,2026-02-03 20:45,2295.510000,1,49.490000,2.1600,84.510000,43.560000,-3255.720000
1738,Exit long,2026-02-03 20:45,2295.510000,1,117.480000,5.3900,175.940000,13.080000,-3305.210000
1738,Entry long,2026-02-03 19:15,2178.030000,1,117.480000,5.3900,175.940000,13.080000,-3305.210000
1737,Exit short,2026-02-03 19:15,2178.030000,1,166.870000,7.1200,241.500000,0.340000,-3422.690000
1737,Entry short,2026-02-03 05:00,2344.900000,1,166.870000,7.1200,241.500000,0.340000,-3422.690000
1736,Exit long,2026-02-03 05:00,2344.900000,1,41.840000,1.8200,51.340000,11.970000,-3589.560000
1736,Entry long,2026-02-03 03:15,2303.060000,1,41.840000,1.8200,51.340000,11.970000,-3589.560000
1735,Exit short,2026-02-03 03:15,2303.060000,1,47.410000,2.0200,68.460000,8.130000,-3631.400000
1735,Entry short,2026-02-02 22:45,2350.470000,1,47.410000,2.0200,68.460000,8.130000,-3631.400000
1734,Exit long,2026-02-02 22:45,2350.470000,1,6.010000,0.2600,8.980000,32.990000,-3678.810000
1734,Entry long,2026-02-02 18:45,2344.460000,1,6.010000,0.2600,8.980000,32.990000,-3678.810000
1733,Exit short,2026-02-02 18:45,2344.460000,1,5.490000,0.2300,193.950000,45.450000,-3684.820000
1733,Entry short,2026-02-01 19:00,2349.950000,1,5.490000,0.2300,193.950000,45.450000,-3684.820000
1732,Exit long,2026-02-01 19:00,2349.950000,1,-21.740000,-0.9200,6.400000,89.630000,-3690.310000
1732,Entry long,2026-02-01 15:00,2371.690000,1,-21.740000,-0.9200,6.400000,89.630000,-3690.310000
1731,Exit short,2026-02-01 15:00,2371.690000,1,57.190000,2.3500,103.790000,1.040000,-3668.570000
1731,Entry short,2026-02-01 10:30,2428.880000,1,57.190000,2.3500,103.790000,1.040000,-3668.570000
1730,Exit long,2026-02-01 10:30,2428.880000,1,22.560000,0.9400,33.670000,11.130000,-3725.760000
1730,Entry long,2026-02-01 07:30,2406.320000,1,22.560000,0.9400,33.670000,11.130000,-3725.760000
1729,Exit short,2026-02-01 07:30,2406.320000,1,-24.750000,-1.0400,29.210000,93.410000,-3748.320000
1729,Entry short,2026-01-31 20:00,2381.570000,1,-24.750000,-1.0400,29.210000,93.410000,-3748.320000
1728,Exit long,2026-01-31 20:00,2381.570000,1,-155.250000,-6.1200,17.750000,334.420000,-3723.570000
1728,Entry long,2026-01-31 15:00,2536.820000,1,-155.250000,-6.1200,17.750000,334.420000,-3723.570000
1727,Exit short,2026-01-31 15:00,2536.820000,1,109.970000,4.1500,139.320000,1.690000,-3568.320000
1727,Entry short,2026-01-31 11:30,2646.790000,1,109.970000,4.1500,139.320000,1.690000,-3568.320000
1726,Exit long,2026-01-31 11:30,2646.790000,1,4.310000,0.1600,15.520000,10.480000,-3678.290000
1726,Entry long,2026-01-31 09:00,2642.480000,1,4.310000,0.1600,15.520000,10.480000,-3678.290000
1725,Exit short,2026-01-31 09:00,2642.480000,1,105.640000,3.8400,142.710000,19.680000,-3682.600000
1725,Entry short,2026-01-30 05:15,2748.120000,1,105.640000,3.8400,142.710000,19.680000,-3682.600000
1724,Exit long,2026-01-30 05:15,2748.120000,1,19.530000,0.7200,45.090000,31.980000,-3788.240000
1724,Entry long,2026-01-30 02:15,2728.590000,1,19.530000,0.7200,45.090000,31.980000,-3788.240000
1723,Exit short,2026-01-30 02:15,2728.590000,1,97.530000,3.4500,152.790000,1.390000,-3807.770000
1723,Entry short,2026-01-29 18:15,2826.120000,1,97.530000,3.4500,152.790000,1.390000,-3807.770000
1722,Exit long,2026-01-29 18:15,2826.120000,1,-8.340000,-0.2900,24.420000,39.430000,-3905.300000
1722,Entry long,2026-01-29 15:30,2834.460000,1,-8.340000,-0.2900,24.420000,39.430000,-3905.300000
1721,Exit short,2026-01-29 15:30,2834.460000,1,100.130000,3.4100,131.070000,0.870000,-3896.960000
1721,Entry short,2026-01-29 14:00,2934.590000,1,100.130000,3.4100,131.070000,0.870000,-3896.960000
1720,Exit long,2026-01-29 14:00,2934.590000,1,6.500000,0.2200,9.910000,4.160000,-3997.090000
1720,Entry long,2026-01-29 12:00,2928.090000,1,6.500000,0.2200,9.910000,4.160000,-3997.090000
1719,Exit short,2026-01-29 12:00,2928.090000,1,27.140000,0.9200,33.020000,13.770000,-4003.590000
1719,Entry short,2026-01-29 07:30,2955.230000,1,27.140000,0.9200,33.020000,13.770000,-4003.590000
1718,Exit long,2026-01-29 07:30,2955.230000,1,-49.440000,-1.6500,5.770000,68.280000,-4030.730000
1718,Entry long,2026-01-29 00:30,3004.670000,1,-49.440000,-1.6500,5.770000,68.280000,-4030.730000
1717,Exit short,2026-01-29 00:30,3004.670000,1,4.510000,0.1500,14.170000,28.920000,-3981.290000
1717,Entry short,2026-01-28 18:45,3009.180000,1,4.510000,0.1500,14.170000,28.920000,-3981.290000
1716,Exit long,2026-01-28 18:45,3009.180000,1,10.970000,0.3700,32.570000,10.320000,-3985.800000
1716,Entry long,2026-01-28 15:30,2998.210000,1,10.970000,0.3700,32.570000,10.320000,-3985.800000
1715,Exit short,2026-01-28 15:30,2998.210000,1,26.910000,0.8900,43.420000,19.880000,-3996.770000
1715,Entry short,2026-01-28 10:45,3025.120000,1,26.910000,0.8900,43.420000,19.880000,-3996.770000
1714,Exit long,2026-01-28 10:45,3025.120000,1,31.710000,1.0600,45.450000,0.140000,-4023.680000
1714,Entry long,2026-01-28 09:30,2993.410000,1,31.710000,1.0600,45.450000,0.140000,-4023.680000
1713,Exit short,2026-01-28 09:30,2993.410000,1,11.540000,0.3800,19.620000,13.140000,-4055.390000
1713,Entry short,2026-01-28 06:45,3004.950000,1,11.540000,0.3800,19.620000,13.140000,-4055.390000
1712,Exit long,2026-01-28 06:45,3004.950000,1,-11.780000,-0.3900,0.410000,25.200000,-4066.930000
1712,Entry long,2026-01-28 02:00,3016.730000,1,-11.780000,-0.3900,0.410000,25.200000,-4066.930000
1711,Exit short,2026-01-28 02:00,3016.730000,1,-98.080000,-3.3600,14.500000,116.340000,-4055.150000
1711,Entry short,2026-01-27 12:45,2918.650000,1,-98.080000,-3.3600,14.500000,116.340000,-4055.150000
1710,Exit long,2026-01-27 12:45,2918.650000,1,-19.620000,-0.6700,3.210000,39.380000,-3957.070000
1710,Entry long,2026-01-27 05:45,2938.270000,1,-19.620000,-0.6700,3.210000,39.380000,-3957.070000
1709,Exit short,2026-01-27 05:45,2938.270000,1,-2.180000,-0.0700,3.790000,21.910000,-3937.450000
1709,Entry short,2026-01-27 03:15,2936.090000,1,-2.180000,-0.0700,3.790000,21.910000,-3937.450000
1708,Exit long,2026-01-27 03:15,2936.090000,1,25.820000,0.8900,37.730000,1.250000,-3935.270000
1708,Entry long,2026-01-26 21:30,2910.270000,1,25.820000,0.8900,37.730000,1.250000,-3935.270000
1707,Exit short,2026-01-26 21:30,2910.270000,1,20.570000,0.7000,36.940000,2.760000,-3961.090000
1707,Entry short,2026-01-26 19:45,2930.840000,1,20.570000,0.7000,36.940000,2.760000,-3961.090000
1706,Exit long,2026-01-26 19:45,2930.840000,1,38.080000,1.3200,57.240000,19.980000,-3981.660000
1706,Entry long,2026-01-26 10:15,2892.760000,1,38.080000,1.3200,57.240000,19.980000,-3981.660000
1705,Exit short,2026-01-26 10:15,2892.760000,1,-79.380000,-2.8200,28.380000,121.620000,-4019.740000
1705,Entry short,2026-01-25 22:15,2813.380000,1,-79.380000,-2.8200,28.380000,121.620000,-4019.740000
1704,Exit long,2026-01-25 22:15,2813.380000,1,-82.070000,-2.8300,1.780000,111.300000,-3940.360000
1704,Entry long,2026-01-25 17:00,2895.450000,1,-82.070000,-2.8300,1.780000,111.300000,-3940.360000
1703,Exit short,2026-01-25 17:00,2895.450000,1,44.770000,1.5200,66.120000,5.010000,-3858.290000
1703,Entry short,2026-01-25 11:15,2940.220000,1,44.770000,1.5200,66.120000,5.010000,-3858.290000
1702,Exit long,2026-01-25 11:15,2940.220000,1,-1.320000,-0.0400,6.610000,22.990000,-3903.060000
1702,Entry long,2026-01-25 04:15,2941.540000,1,-1.320000,-0.0400,6.610000,22.990000,-3903.060000
1701,Exit short,2026-01-25 04:15,2941.540000,1,20.060000,0.6800,26.100000,1.420000,-3901.740000
1701,Entry short,2026-01-24 23:00,2961.600000,1,20.060000,0.6800,26.100000,1.420000,-3901.740000
1700,Exit long,2026-01-24 23:00,2961.600000,1,5.540000,0.1900,6.940000,9.060000,-3921.800000
1700,Entry long,2026-01-24 20:15,2956.060000,1,5.540000,0.1900,6.940000,9.060000,-3921.800000
1699,Exit short,2026-01-24 20:15,2956.060000,1,2.060000,0.0700,7.870000,9.180000,-3927.340000
1699,Entry short,2026-01-24 15:45,2958.120000,1,2.060000,0.0700,7.870000,9.180000,-3927.340000
1698,Exit long,2026-01-24 15:45,2958.120000,1,0.980000,0.0300,9.790000,15.140000,-3929.400000
1698,Entry long,2026-01-24 08:15,2957.140000,1,0.980000,0.0300,9.790000,15.140000,-3929.400000
1697,Exit short,2026-01-24 08:15,2957.140000,1,11.250000,0.3800,15.360000,-0.000000,-3930.380000
1697,Entry short,2026-01-24 03:30,2968.390000,1,11.250000,0.3800,15.360000,-0.000000,-3930.380000
1696,Exit long,2026-01-24 03:30,2968.390000,1,19.400000,0.6600,19.760000,19.990000,-3941.630000
1696,Entry long,2026-01-23 20:30,2948.990000,1,19.400000,0.6600,19.760000,19.990000,-3941.630000
1695,Exit short,2026-01-23 20:30,2948.990000,1,-9.460000,-0.3200,49.330000,80.920000,-3961.030000
1695,Entry short,2026-01-23 12:00,2939.530000,1,-9.460000,-0.3200,49.330000,80.920000,-3961.030000
1694,Exit long,2026-01-23 12:00,2939.530000,1,-7.150000,-0.2400,3.130000,33.190000,-3951.570000
1694,Entry long,2026-01-23 07:45,2946.680000,1,-7.150000,-0.2400,3.130000,33.190000,-3951.570000
1693,Exit short,2026-01-23 07:45,2946.680000,1,5.720000,0.1900,25.520000,31.220000,-3944.420000
1693,Entry short,2026-01-22 18:45,2952.400000,1,5.720000,0.1900,25.520000,31.220000,-3944.420000
1692,Exit long,2026-01-22 18:45,2952.400000,1,-64.940000,-2.1500,9.660000,113.230000,-3950.140000
1692,Entry long,2026-01-22 04:30,3017.340000,1,-64.940000,-2.1500,9.660000,113.230000,-3950.140000
1691,Exit short,2026-01-22 04:30,3017.340000,1,8.500000,0.2800,27.540000,3.850000,-3885.200000
1691,Entry short,2026-01-22 02:45,3025.840000,1,8.500000,0.2800,27.540000,3.850000,-3885.200000
1690,Exit long,2026-01-22 02:45,3025.840000,1,42.980000,1.4400,54.630000,12.210000,-3893.700000
1690,Entry long,2026-01-21 23:45,2982.860000,1,42.980000,1.4400,54.630000,12.210000,-3893.700000
1689,Exit short,2026-01-21 23:45,2982.860000,1,25.940000,0.8600,26.200000,35.200000,-3936.680000
1689,Entry short,2026-01-21 20:30,3008.800000,1,25.940000,0.8600,26.200000,35.200000,-3936.680000
1688,Exit long,2026-01-21 20:30,3008.800000,1,118.690000,4.1100,179.230000,16.750000,-3962.620000
1688,Entry long,2026-01-21 17:30,2890.110000,1,118.690000,4.1100,179.230000,16.750000,-3962.620000
1687,Exit short,2026-01-21 17:30,2890.110000,1,105.290000,3.5200,131.110000,30.660000,-4081.310000
1687,Entry short,2026-01-21 15:15,2995.400000,1,105.290000,3.5200,131.110000,30.660000,-4081.310000
1686,Exit long,2026-01-21 15:15,2995.400000,1,25.900000,0.8700,27.050000,69.190000,-4186.600000
1686,Entry long,2026-01-21 07:45,2969.500000,1,25.900000,0.8700,27.050000,69.190000,-4186.600000
1685,Exit short,2026-01-21 07:45,2969.500000,1,-5.840000,-0.2000,7.440000,37.350000,-4212.500000
1685,Entry short,2026-01-21 02:00,2963.660000,1,-5.840000,-0.2000,7.440000,37.350000,-4212.500000
1684,Exit long,2026-01-21 02:00,2963.660000,1,20.770000,0.7100,30.170000,22.810000,-4206.660000
1684,Entry long,2026-01-20 23:45,2942.890000,1,20.770000,0.7100,30.170000,22.810000,-4206.660000
1683,Exit short,2026-01-20 23:45,2942.890000,1,53.160000,1.7700,86.050000,1.530000,-4227.430000
1683,Entry short,2026-01-20 21:30,2996.050000,1,53.160000,1.7700,86.050000,1.530000,-4227.430000
1682,Exit long,2026-01-20 21:30,2996.050000,1,-73.220000,-2.3900,17.630000,91.350000,-4280.590000
1682,Entry long,2026-01-20 14:30,3069.270000,1,-73.220000,-2.3900,17.630000,91.350000,-4280.590000
1681,Exit short,2026-01-20 14:30,3069.270000,1,31.990000,1.0300,47.250000,12.260000,-4207.370000
1681,Entry short,2026-01-20 11:00,3101.260000,1,31.990000,1.0300,47.250000,12.260000,-4207.370000
1680,Exit long,2026-01-20 11:00,3101.260000,1,-64.620000,-2.0400,8.120000,82.390000,-4239.360000
1680,Entry long,2026-01-20 05:30,3165.880000,1,-64.620000,-2.0400,8.120000,82.390000,-4239.360000
1679,Exit short,2026-01-20 05:30,3165.880000,1,52.170000,1.6200,68.050000,5.950000,-4174.740000
1679,Entry short,2026-01-19 17:45,3218.050000,1,52.170000,1.6200,68.050000,5.950000,-4174.740000
1678,Exit long,2026-01-19 17:45,3218.050000,1,6.310000,0.2000,14.450000,3.510000,-4226.910000
1678,Entry long,2026-01-19 15:00,3211.740000,1,6.310000,0.2000,14.450000,3.510000,-4226.910000
1677,Exit short,2026-01-19 15:00,3211.740000,1,-5.210000,-0.1600,22.380000,28.180000,-4233.220000
1677,Entry short,2026-01-19 04:15,3206.530000,1,-5.210000,-0.1600,22.380000,28.180000,-4233.220000
1676,Exit long,2026-01-19 04:15,3206.530000,1,-134.320000,-4.0200,15.290000,165.850000,-4228.010000
1676,Entry long,2026-01-18 20:45,3340.850000,1,-134.320000,-4.0200,15.290000,165.850000,-4228.010000
1675,Exit short,2026-01-18 20:45,3340.850000,1,-21.550000,-0.6500,6.590000,48.680000,-4093.690000
1675,Entry short,2026-01-18 10:15,3319.300000,1,-21.550000,-0.6500,6.590000,48.680000,-4093.690000
1674,Exit long,2026-01-18 10:15,3319.300000,1,10.870000,0.3300,15.560000,0.720000,-4072.140000
1674,Entry long,2026-01-18 08:30,3308.430000,1,10.870000,0.3300,15.560000,0.720000,-4072.140000
1673,Exit short,2026-01-18 08:30,3308.430000,1,-2.880000,-0.0900,11.030000,14.220000,-4083.010000
1673,Entry short,2026-01-18 00:45,3305.550000,1,-2.880000,-0.0900,11.030000,14.220000,-4083.010000
1672,Exit long,2026-01-18 00:45,3305.550000,1,-11.950000,-0.3600,2.200000,22.080000,-4080.130000
1672,Entry long,2026-01-17 18:45,3317.500000,1,-11.950000,-0.3600,2.200000,22.080000,-4080.130000
1671,Exit short,2026-01-17 18:45,3317.500000,1,-27.280000,-0.8300,4.400000,38.140000,-4068.180000
1671,Entry short,2026-01-17 06:00,3290.220000,1,-27.280000,-0.8300,4.400000,38.140000,-4068.180000
1670,Exit long,2026-01-17 06:00,3290.220000,1,4.140000,0.1300,6.910000,1.410000,-4040.900000
1670,Entry long,2026-01-17 02:45,3286.080000,1,4.140000,0.1300,6.910000,1.410000,-4040.900000
1669,Exit short,2026-01-17 02:45,3286.080000,1,-12.270000,-0.3700,10.750000,25.050000,-4045.040000
1669,Entry short,2026-01-16 19:15,3273.810000,1,-12.270000,-0.3700,10.750000,25.050000,-4045.040000
1668,Exit long,2026-01-16 19:15,3273.810000,1,-3.740000,-0.1100,11.330000,12.040000,-4032.770000
1668,Entry long,2026-01-16 16:30,3277.550000,1,-3.740000,-0.1100,11.330000,12.040000,-4032.770000
1667,Exit short,2026-01-16 16:30,3277.550000,1,30.660000,0.9300,56.790000,8.960000,-4029.030000
1667,Entry short,2026-01-16 13:15,3308.210000,1,30.660000,0.9300,56.790000,8.960000,-4029.030000
1666,Exit long,2026-01-16 13:15,3308.210000,1,11.620000,0.3500,16.410000,5.030000,-4059.690000
1666,Entry long,2026-01-16 11:15,3296.590000,1,11.620000,0.3500,16.410000,5.030000,-4059.690000
1665,Exit short,2026-01-16 11:15,3296.590000,1,9.870000,0.3000,13.420000,12.970000,-4071.310000
1665,Entry short,2026-01-16 07:30,3306.460000,1,9.870000,0.3000,13.420000,12.970000,-4071.310000
1664,Exit long,2026-01-16 07:30,3306.460000,1,4.160000,0.1300,13.520000,28.250000,-4081.180000
1664,Entry long,2026-01-16 03:00,3302.300000,1,4.160000,0.1300,13.520000,28.250000,-4081.180000
1663,Exit short,2026-01-16 03:00,3302.300000,1,-3.690000,-0.1100,8.400000,26.730000,-4085.340000
1663,Entry short,2026-01-15 22:15,3298.610000,1,-3.690000,-0.1100,8.400000,26.730000,-4085.340000
1662,Exit long,2026-01-15 22:15,3298.610000,1,-58.380000,-1.7400,26.080000,90.990000,-4081.650000
1662,Entry long,2026-01-15 12:45,3356.990000,1,-58.380000,-1.7400,26.080000,90.990000,-4081.650000
1661,Exit short,2026-01-15 12:45,3356.990000,1,-47.970000,-1.4500,1.020000,68.760000,-4023.270000
1661,Entry short,2026-01-15 06:00,3309.020000,1,-47.970000,-1.4500,1.020000,68.760000,-4023.270000
1660,Exit long,2026-01-15 06:00,3309.020000,1,-10.360000,-0.3100,82.770000,44.020000,-3975.300000
1660,Entry long,2026-01-14 18:45,3319.380000,1,-10.360000,-0.3100,82.770000,44.020000,-3975.300000
1659,Exit short,2026-01-14 18:45,3319.380000,1,39.160000,1.1700,42.590000,45.230000,-3964.940000
1659,Entry short,2026-01-14 15:15,3358.540000,1,39.160000,1.1700,42.590000,45.230000,-3964.940000
1658,Exit long,2026-01-14 15:15,3358.540000,1,22.320000,0.6700,29.440000,56.220000,-4004.100000
1658,Entry long,2026-01-14 02:30,3336.220000,1,22.320000,0.6700,29.440000,56.220000,-4004.100000
1657,Exit short,2026-01-14 02:30,3336.220000,1,-0.520000,-0.0200,22.350000,24.300000,-4026.420000
1657,Entry short,2026-01-13 23:15,3335.700000,1,-0.520000,-0.0200,22.350000,24.300000,-4026.420000
1656,Exit long,2026-01-13 23:15,3335.700000,1,209.990000,6.7200,257.920000,0.620000,-4025.900000
1656,Entry long,2026-01-13 08:15,3125.710000,1,209.990000,6.7200,257.920000,0.620000,-4025.900000
1655,Exit short,2026-01-13 08:15,3125.710000,1,-16.490000,-0.5300,19.040000,36.490000,-4235.890000
1655,Entry short,2026-01-13 01:15,3109.220000,1,-16.490000,-0.5300,19.040000,36.490000,-4235.890000
1654,Exit long,2026-01-13 01:15,3109.220000,1,5.870000,0.1900,9.850000,16.340000,-4219.400000
1654,Entry long,2026-01-12 22:15,3103.350000,1,5.870000,0.1900,9.850000,16.340000,-4219.400000
1653,Exit short,2026-01-12 22:15,3103.350000,1,11.910000,0.3800,53.910000,30.670000,-4225.270000
1653,Entry short,2026-01-12 12:45,3115.260000,1,11.910000,0.3800,53.910000,30.670000,-4225.270000
1652,Exit long,2026-01-12 12:45,3115.260000,1,-41.660000,-1.3200,3.090000,56.920000,-4237.180000
1652,Entry long,2026-01-12 06:45,3156.920000,1,-41.660000,-1.3200,3.090000,56.920000,-4237.180000
1651,Exit short,2026-01-12 06:45,3156.920000,1,-42.600000,-1.3700,19.040000,56.560000,-4195.520000
1651,Entry short,2026-01-12 00:15,3114.320000,1,-42.600000,-1.3700,19.040000,56.560000,-4195.520000
1650,Exit long,2026-01-12 00:15,3114.320000,1,-14.170000,-0.4500,3.510000,37.790000,-4152.920000
1650,Entry long,2026-01-11 19:00,3128.490000,1,-14.170000,-0.4500,3.510000,37.790000,-4152.920000
1649,Exit short,2026-01-11 19:00,3128.490000,1,-27.130000,-0.8700,0.320000,45.640000,-4138.750000
1649,Entry short,2026-01-11 09:45,3101.360000,1,-27.130000,-0.8700,0.320000,45.640000,-4138.750000
1648,Exit long,2026-01-11 09:45,3101.360000,1,7.490000,0.2400,14.580000,0.010000,-4111.620000
1648,Entry long,2026-01-11 08:15,3093.870000,1,7.490000,0.2400,14.580000,0.010000,-4111.620000
1647,Exit short,2026-01-11 08:15,3093.870000,1,-3.730000,-0.1200,3.260000,10.860000,-4119.110000
1647,Entry short,2026-01-11 00:30,3090.140000,1,-3.730000,-0.1200,3.260000,10.860000,-4119.110000
1646,Exit long,2026-01-11 00:30,3090.140000,1,-1.360000,-0.0400,0.460000,14.420000,-4115.380000
1646,Entry long,2026-01-10 20:15,3091.500000,1,-1.360000,-0.0400,0.460000,14.420000,-4115.380000
1645,Exit short,2026-01-10 20:15,3091.500000,1,3.800000,0.1200,6.800000,0.340000,-4114.020000
1645,Entry short,2026-01-10 17:45,3095.300000,1,3.800000,0.1200,6.800000,0.340000,-4114.020000
1644,Exit long,2026-01-10 17:45,3095.300000,1,4.780000,0.1500,7.040000,0.210000,-4117.820000
1644,Entry long,2026-01-10 15:00,3090.520000,1,4.780000,0.1500,7.040000,0.210000,-4117.820000
1643,Exit short,2026-01-10 15:00,3090.520000,1,-3.360000,-0.1100,9.940000,15.590000,-4122.600000
1643,Entry short,2026-01-10 00:00,3087.160000,1,-3.360000,-0.1100,9.940000,15.590000,-4122.600000
1642,Exit long,2026-01-10 00:00,3087.160000,1,8.160000,0.2700,13.170000,15.000000,-4119.240000
1642,Entry long,2026-01-09 20:00,3079.000000,1,8.160000,0.2700,13.170000,15.000000,-4119.240000
1641,Exit short,2026-01-09 20:00,3079.000000,1,10.000000,0.3200,32.210000,55.990000,-4127.400000
1641,Entry short,2026-01-09 12:00,3089.000000,1,10.000000,0.3200,32.210000,55.990000,-4127.400000
1640,Exit long,2026-01-09 12:00,3089.000000,1,-10.590000,-0.3400,48.410000,33.590000,-4137.400000
1640,Entry long,2026-01-08 20:45,3099.590000,1,-10.590000,-0.3400,48.410000,33.590000,-4137.400000
1639,Exit short,2026-01-08 20:45,3099.590000,1,11.850000,0.3800,24.090000,27.000000,-4126.810000
1639,Entry short,2026-01-08 17:30,3111.440000,1,11.850000,0.3800,24.090000,27.000000,-4126.810000
1638,Exit long,2026-01-08 17:30,3111.440000,1,13.800000,0.4500,30.730000,45.210000,-4138.660000
1638,Entry long,2026-01-08 13:45,3097.640000,1,13.800000,0.4500,30.730000,45.210000,-4138.660000
1637,Exit short,2026-01-08 13:45,3097.640000,1,23.190000,0.7400,40.830000,0.470000,-4152.460000
1637,Entry short,2026-01-08 11:30,3120.830000,1,23.190000,0.7400,40.830000,0.470000,-4152.460000
1636,Exit long,2026-01-08 11:30,3120.830000,1,-30.670000,-0.9700,8.790000,65.240000,-4175.650000
1636,Entry long,2026-01-08 03:30,3151.500000,1,-30.670000,-0.9700,8.790000,65.240000,-4175.650000
1635,Exit short,2026-01-08 03:30,3151.500000,1,-8.730000,-0.2800,0.770000,40.910000,-4144.980000
1635,Entry short,2026-01-07 22:15,3142.770000,1,-8.730000,-0.2800,0.770000,40.910000,-4144.980000
1634,Exit long,2026-01-07 22:15,3142.770000,1,-112.110000,-3.4400,26.770000,131.870000,-4136.250000
1634,Entry long,2026-01-07 01:30,3254.880000,1,-112.110000,-3.4400,26.770000,131.870000,-4136.250000
1633,Exit short,2026-01-07 01:30,3254.880000,1,-1.440000,-0.0400,7.840000,48.200000,-4024.140000
1633,Entry short,2026-01-06 21:15,3253.440000,1,-1.440000,-0.0400,7.840000,48.200000,-4024.140000
1632,Exit long,2026-01-06 21:15,3253.440000,1,7.390000,0.2300,12.710000,65.340000,-4022.700000
1632,Entry long,2026-01-06 17:15,3246.050000,1,7.390000,0.2300,12.710000,65.340000,-4022.700000
1631,Exit short,2026-01-06 17:15,3246.050000,1,-9.690000,-0.3000,8.170000,71.640000,-4030.090000
1631,Entry short,2026-01-06 12:00,3236.360000,1,-9.690000,-0.3000,8.170000,71.640000,-4030.090000
1630,Exit long,2026-01-06 12:00,3236.360000,1,0.400000,0.0100,18.980000,34.050000,-4020.400000
1630,Entry long,2026-01-05 22:15,3235.960000,1,0.400000,0.0100,18.980000,34.050000,-4020.400000
1629,Exit short,2026-01-05 22:15,3235.960000,1,-56.660000,-1.7800,22.290000,86.700000,-4020.800000
1629,Entry short,2026-01-05 16:30,3179.300000,1,-56.660000,-1.7800,22.290000,86.700000,-4020.800000
1628,Exit long,2026-01-05 16:30,3179.300000,1,28.730000,0.9100,54.430000,17.990000,-3964.140000
1628,Entry long,2026-01-05 14:15,3150.570000,1,28.730000,0.9100,54.430000,17.990000,-3964.140000
1627,Exit short,2026-01-05 14:15,3150.570000,1,9.330000,0.3000,18.150000,23.460000,-3992.870000
1627,Entry short,2026-01-05 08:45,3159.900000,1,9.330000,0.3000,18.150000,23.460000,-3992.870000
1626,Exit long,2026-01-05 08:45,3159.900000,1,-5.600000,-0.1800,5.740000,34.030000,-4002.200000
1626,Entry long,2026-01-05 05:00,3165.500000,1,-5.600000,-0.1800,5.740000,34.030000,-4002.200000
1625,Exit short,2026-01-05 05:00,3165.500000,1,-20.040000,-0.6400,30.460000,75.540000,-3996.600000
1625,Entry short,2026-01-04 10:45,3145.460000,1,-20.040000,-0.6400,30.460000,75.540000,-3996.600000
1624,Exit long,2026-01-04 10:45,3145.460000,1,-1.440000,-0.0500,14.510000,24.320000,-3976.560000
1624,Entry long,2026-01-04 03:15,3146.900000,1,-1.440000,-0.0500,14.510000,24.320000,-3976.560000
1623,Exit short,2026-01-04 03:15,3146.900000,1,-52.440000,-1.6900,3.900000,71.530000,-3975.120000
1623,Entry short,2026-01-03 09:15,3094.460000,1,-52.440000,-1.6900,3.900000,71.530000,-3975.120000
1622,Exit long,2026-01-03 09:15,3094.460000,1,-25.000000,-0.8000,24.540000,44.940000,-3922.680000
1622,Entry long,2026-01-02 19:30,3119.460000,1,-25.000000,-0.8000,24.540000,44.940000,-3922.680000
1621,Exit short,2026-01-02 19:30,3119.460000,1,-25.800000,-0.8300,15.760000,55.340000,-3897.680000
1621,Entry short,2026-01-02 15:45,3093.660000,1,-25.800000,-0.8300,15.760000,55.340000,-3897.680000
1620,Exit long,2026-01-02 15:45,3093.660000,1,39.990000,1.3100,58.480000,36.030000,-3871.880000
1620,Entry long,2026-01-02 12:45,3053.670000,1,39.990000,1.3100,58.480000,36.030000,-3871.880000
1619,Exit short,2026-01-02 12:45,3053.670000,1,-35.660000,-1.1800,11.010000,50.960000,-3911.870000
1619,Entry short,2026-01-02 04:15,3018.010000,1,-35.660000,-1.1800,11.010000,50.960000,-3911.870000
1618,Exit long,2026-01-02 04:15,3018.010000,1,17.230000,0.5700,33.580000,2.420000,-3876.210000
1618,Entry long,2026-01-02 03:00,3000.780000,1,17.230000,0.5700,33.580000,2.420000,-3876.210000
1617,Exit short,2026-01-02 03:00,3000.780000,1,1.720000,0.0600,11.830000,4.610000,-3893.440000
1617,Entry short,2026-01-02 00:00,3002.500000,1,1.720000,0.0600,11.830000,4.610000,-3893.440000
1616,Exit long,2026-01-02 00:00,3002.500000,1,22.900000,0.7700,28.960000,0.280000,-3895.160000
1616,Entry long,2026-01-01 14:45,2979.600000,1,22.900000,0.7700,28.960000,0.280000,-3895.160000
1615,Exit short,2026-01-01 14:45,2979.600000,1,3.000000,0.1000,6.600000,9.340000,-3918.060000
1615,Entry short,2026-01-01 10:00,2982.600000,1,3.000000,0.1000,6.600000,9.340000,-3918.060000
1614,Exit long,2026-01-01 10:00,2982.600000,1,8.080000,0.2700,12.090000,-0.000000,-3921.060000
1614,Entry long,2026-01-01 05:00,2974.520000,1,8.080000,0.2700,12.090000,-0.000000,-3921.060000
1613,Exit short,2026-01-01 05:00,2974.520000,1,5.480000,0.1800,10.990000,8.480000,-3929.140000
1613,Entry short,2025-12-31 22:15,2980.000000,1,5.480000,0.1800,10.990000,8.480000,-3929.140000
1612,Exit long,2025-12-31 22:15,2980.000000,1,0.330000,0.0100,16.760000,22.080000,-3934.620000
1612,Entry long,2025-12-31 15:45,2979.670000,1,0.330000,0.0100,16.760000,22.080000,-3934.620000
1611,Exit short,2025-12-31 15:45,2979.670000,1,20.810000,0.6900,34.480000,27.250000,-3934.950000
1611,Entry short,2025-12-31 12:00,3000.480000,1,20.810000,0.6900,34.480000,27.250000,-3934.950000
1610,Exit long,2025-12-31 12:00,3000.480000,1,30.220000,1.0200,31.750000,8.050000,-3955.760000
1610,Entry long,2025-12-31 04:30,2970.260000,1,30.220000,1.0200,31.750000,8.050000,-3955.760000
1609,Exit short,2025-12-31 04:30,2970.260000,1,-5.270000,-0.1800,4.090000,18.980000,-3985.980000
1609,Entry short,2025-12-30 22:45,2964.990000,1,-5.270000,-0.1800,4.090000,18.980000,-3985.980000
1608,Exit long,2025-12-30 22:45,2964.990000,1,-12.860000,-0.4300,30.820000,36.580000,-3980.710000
1608,Entry long,2025-12-30 12:00,2977.850000,1,-12.860000,-0.4300,30.820000,36.580000,-3980.710000
1607,Exit short,2025-12-30 12:00,2977.850000,1,-33.050000,-1.1200,33.700000,58.200000,-3967.850000
1607,Entry short,2025-12-29 15:15,2944.800000,1,-33.050000,-1.1200,33.700000,58.200000,-3967.850000
1606,Exit long,2025-12-29 15:15,2944.800000,1,-70.290000,-2.3300,9.910000,106.510000,-3934.800000
1606,Entry long,2025-12-29 07:45,3015.090000,1,-70.290000,-2.3300,9.910000,106.510000,-3934.800000
1605,Exit short,2025-12-29 07:45,3015.090000,1,-72.010000,-2.4500,3.980000,112.920000,-3864.510000
1605,Entry short,2025-12-28 22:45,2943.080000,1,-72.010000,-2.4500,3.980000,112.920000,-3864.510000
1604,Exit long,2025-12-28 22:45,2943.080000,1,7.410000,0.2500,24.320000,12.830000,-3792.500000
1604,Entry long,2025-12-28 05:45,2935.670000,1,7.410000,0.2500,24.320000,12.830000,-3792.500000
1603,Exit short,2025-12-28 05:45,2935.670000,1,-11.280000,-0.3900,0.570000,35.450000,-3799.910000
1603,Entry short,2025-12-27 18:45,2924.390000,1,-11.280000,-0.3900,0.570000,35.450000,-3799.910000
1602,Exit long,2025-12-27 18:45,2924.390000,1,-0.890000,-0.0300,7.440000,9.540000,-3788.630000
1602,Entry long,2025-12-27 11:15,2925.280000,1,-0.890000,-0.0300,7.440000,9.540000,-3788.630000
1601,Exit short,2025-12-27 11:15,2925.280000,1,-4.410000,-0.1500,6.240000,18.950000,-3787.740000
1601,Entry short,2025-12-26 19:15,2920.870000,1,-4.410000,-0.1500,6.240000,18.950000,-3787.740000
1600,Exit long,2025-12-26 19:15,2920.870000,1,5.880000,0.2000,19.290000,9.490000,-3783.330000
1600,Entry long,2025-12-26 15:45,2914.990000,1,5.880000,0.2000,19.290000,9.490000,-3783.330000
1599,Exit short,2025-12-26 15:45,2914.990000,1,65.640000,2.2000,87.630000,2.180000,-3789.210000
1599,Entry short,2025-12-26 14:15,2980.630000,1,65.640000,2.2000,87.630000,2.180000,-3789.210000
1598,Exit long,2025-12-26 14:15,2980.630000,1,22.570000,0.7600,26.870000,1.210000,-3854.850000
1598,Entry long,2025-12-26 08:45,2958.060000,1,22.570000,0.7600,26.870000,1.210000,-3854.850000
1597,Exit short,2025-12-26 08:45,2958.060000,1,21.930000,0.7400,29.200000,13.880000,-3877.420000
1597,Entry short,2025-12-26 02:30,2979.990000,1,21.930000,0.7400,29.200000,13.880000,-3877.420000
1596,Exit long,2025-12-26 02:30,2979.990000,1,24.840000,0.8400,38.850000,66.270000,-3899.350000
1596,Entry long,2025-12-25 20:00,2955.150000,1,24.840000,0.8400,38.850000,66.270000,-3899.350000
1595,Exit short,2025-12-25 20:00,2955.150000,1,-32.450000,-1.1100,4.180000,47.290000,-3924.190000
1595,Entry short,2025-12-25 12:15,2922.700000,1,-32.450000,-1.1100,4.180000,47.290000,-3924.190000
1594,Exit long,2025-12-25 12:15,2922.700000,1,-20.470000,-0.7000,12.750000,33.030000,-3891.740000
1594,Entry long,2025-12-25 01:15,2943.170000,1,-20.470000,-0.7000,12.750000,33.030000,-3891.740000
1593,Exit short,2025-12-25 01:15,2943.170000,1,-13.360000,-0.4600,43.060000,32.880000,-3871.270000
1593,Entry short,2025-12-24 13:15,2929.810000,1,-13.360000,-0.4600,43.060000,32.880000,-3871.270000
1592,Exit long,2025-12-24 13:15,2929.810000,1,-4.150000,-0.1400,23.980000,21.780000,-3857.910000
1592,Entry long,2025-12-24 03:00,2933.960000,1,-4.150000,-0.1400,23.980000,21.780000,-3857.910000
1591,Exit short,2025-12-24 03:00,2933.960000,1,13.220000,0.4500,39.900000,40.560000,-3853.760000
1591,Entry short,2025-12-23 17:15,2947.180000,1,13.220000,0.4500,39.900000,40.560000,-3853.760000
1590,Exit long,2025-12-23 17:15,2947.180000,1,3.310000,0.1100,21.940000,44.570000,-3866.980000
1590,Entry long,2025-12-23 14:30,2943.870000,1,3.310000,0.1100,21.940000,44.570000,-3866.980000
1589,Exit short,2025-12-23 14:30,2943.870000,1,17.120000,0.5800,31.990000,13.470000,-3870.290000
1589,Entry short,2025-12-23 09:00,2960.990000,1,17.120000,0.5800,31.990000,13.470000,-3870.290000
1588,Exit long,2025-12-23 09:00,2960.990000,1,-32.560000,-1.0900,5.450000,48.550000,-3887.410000
1588,Entry long,2025-12-23 03:30,2993.550000,1,-32.560000,-1.0900,5.450000,48.550000,-3887.410000
1587,Exit short,2025-12-23 03:30,2993.550000,1,15.350000,0.5100,38.820000,26.100000,-3854.850000
1587,Entry short,2025-12-22 23:30,3008.900000,1,15.350000,0.5100,38.820000,26.100000,-3854.850000
1586,Exit long,2025-12-22 23:30,3008.900000,1,-42.320000,-1.3900,7.390000,90.220000,-3870.200000
1586,Entry long,2025-12-22 16:00,3051.220000,1,-42.320000,-1.3900,7.390000,90.220000,-3870.200000
1585,Exit short,2025-12-22 16:00,3051.220000,1,5.640000,0.1800,36.460000,16.140000,-3827.880000
1585,Entry short,2025-12-22 13:00,3056.860000,1,5.640000,0.1800,36.460000,16.140000,-3827.880000
1584,Exit long,2025-12-22 13:00,3056.860000,1,48.370000,1.6100,69.500000,8.290000,-3833.520000
1584,Entry long,2025-12-22 03:00,3008.490000,1,48.370000,1.6100,69.500000,8.290000,-3833.520000
1583,Exit short,2025-12-22 03:00,3008.490000,1,-25.710000,-0.8600,16.850000,77.610000,-3881.890000
1583,Entry short,2025-12-21 17:15,2982.780000,1,-25.710000,-0.8600,16.850000,77.610000,-3881.890000
1582,Exit long,2025-12-21 17:15,2982.780000,1,-15.590000,-0.5200,1.730000,55.370000,-3856.180000
1582,Entry long,2025-12-21 12:30,2998.370000,1,-15.590000,-0.5200,1.730000,55.370000,-3856.180000
1581,Exit short,2025-12-21 12:30,2998.370000,1,-24.570000,-0.8300,2.200000,38.190000,-3840.590000
1581,Entry short,2025-12-21 05:00,2973.800000,1,-24.570000,-0.8300,2.200000,38.190000,-3840.590000
1580,Exit long,2025-12-21 05:00,2973.800000,1,4.690000,0.1600,8.180000,8.980000,-3816.020000
1580,Entry long,2025-12-21 02:15,2969.110000,1,4.690000,0.1600,8.180000,8.980000,-3816.020000
1579,Exit short,2025-12-21 02:15,2969.110000,1,17.760000,0.5900,26.670000,4.000000,-3820.710000
1579,Entry short,2025-12-20 12:45,2986.870000,1,17.760000,0.5900,26.670000,4.000000,-3820.710000
1578,Exit long,2025-12-20 12:45,2986.870000,1,12.560000,0.4200,18.660000,5.010000,-3838.470000
1578,Entry long,2025-12-20 00:45,2974.310000,1,12.560000,0.4200,18.660000,5.010000,-3838.470000
1577,Exit short,2025-12-20 00:45,2974.310000,1,13.280000,0.4400,18.360000,14.410000,-3851.030000
1577,Entry short,2025-12-19 20:30,2987.590000,1,13.280000,0.4400,18.360000,14.410000,-3851.030000
1576,Exit long,2025-12-19 20:30,2987.590000,1,37.880000,1.2800,68.280000,16.710000,-3864.310000
1576,Entry long,2025-12-19 09:00,2949.710000,1,37.880000,1.2800,68.280000,16.710000,-3864.310000
1575,Exit short,2025-12-19 09:00,2949.710000,1,-128.200000,-4.5400,15.360000,162.490000,-3902.190000
1575,Entry short,2025-12-18 22:15,2821.510000,1,-128.200000,-4.5400,15.360000,162.490000,-3902.190000
1574,Exit long,2025-12-18 22:15,2821.510000,1,-121.060000,-4.1100,0.790000,169.600000,-3773.990000
1574,Entry long,2025-12-18 17:00,2942.570000,1,-121.060000,-4.1100,0.790000,169.600000,-3773.990000
1573,Exit short,2025-12-18 17:00,2942.570000,1,-123.570000,-4.3800,8.850000,178.050000,-3652.930000
1573,Entry short,2025-12-17 21:30,2819.000000,1,-123.570000,-4.3800,8.850000,178.050000,-3652.930000
1572,Exit long,2025-12-17 21:30,2819.000000,1,-43.670000,-1.5300,15.060000,73.150000,-3529.360000
1572,Entry long,2025-12-17 17:00,2862.670000,1,-43.670000,-1.5300,15.060000,73.150000,-3529.360000
1571,Exit short,2025-12-17 17:00,2862.670000,1,77.830000,2.6500,107.830000,89.500000,-3485.690000
1571,Entry short,2025-12-17 14:30,2940.500000,1,77.830000,2.6500,107.830000,89.500000,-3485.690000
1570,Exit long,2025-12-17 14:30,2940.500000,1,13.780000,0.4700,27.040000,21.430000,-3563.520000
1570,Entry long,2025-12-17 09:45,2926.720000,1,13.780000,0.4700,27.040000,21.430000,-3563.520000
1569,Exit short,2025-12-17 09:45,2926.720000,1,15.040000,0.5100,25.100000,0.970000,-3577.300000
1569,Entry short,2025-12-17 08:15,2941.760000,1,15.040000,0.5100,25.100000,0.970000,-3577.300000
1568,Exit long,2025-12-17 08:15,2941.760000,1,9.650000,0.3300,21.010000,19.750000,-3592.340000
1568,Entry long,2025-12-17 05:15,2932.110000,1,9.650000,0.3300,21.010000,19.750000,-3592.340000
1567,Exit short,2025-12-17 05:15,2932.110000,1,14.050000,0.4800,30.150000,27.360000,-3601.990000
1567,Entry short,2025-12-16 21:00,2946.160000,1,14.050000,0.4800,30.150000,27.360000,-3601.990000
1566,Exit long,2025-12-16 21:00,2946.160000,1,18.030000,0.6200,38.850000,9.280000,-3616.040000
1566,Entry long,2025-12-16 18:30,2928.130000,1,18.030000,0.6200,38.850000,9.280000,-3616.040000
1565,Exit short,2025-12-16 18:30,2928.130000,1,6.530000,0.2200,49.200000,47.440000,-3634.070000
1565,Entry short,2025-12-16 07:15,2934.660000,1,6.530000,0.2200,49.200000,47.440000,-3634.070000
1564,Exit long,2025-12-16 07:15,2934.660000,1,17.880000,0.6100,33.490000,5.370000,-3640.600000
1564,Entry long,2025-12-16 05:00,2916.780000,1,17.880000,0.6100,33.490000,5.370000,-3640.600000
1563,Exit short,2025-12-16 05:00,2916.780000,1,21.900000,0.7500,68.680000,38.260000,-3658.480000
1563,Entry short,2025-12-15 20:00,2938.680000,1,21.900000,0.7500,68.680000,38.260000,-3658.480000
1562,Exit long,2025-12-15 20:00,2938.680000,1,-215.430000,-6.8300,1.290000,263.600000,-3680.380000
1562,Entry long,2025-12-15 13:00,3154.110000,1,-215.430000,-6.8300,1.290000,263.600000,-3680.380000
1561,Exit short,2025-12-15 13:00,3154.110000,1,-46.700000,-1.5000,5.330000,69.590000,-3464.950000
1561,Entry short,2025-12-15 02:00,3107.410000,1,-46.700000,-1.5000,5.330000,69.590000,-3464.950000
1560,Exit long,2025-12-15 02:00,3107.410000,1,34.740000,1.1300,47.330000,50.160000,-3418.250000
1560,Entry long,2025-12-14 23:00,3072.670000,1,34.740000,1.1300,47.330000,50.160000,-3418.250000
1559,Exit short,2025-12-14 23:00,3072.670000,1,17.050000,0.5500,37.680000,17.540000,-3452.990000
1559,Entry short,2025-12-14 13:15,3089.720000,1,17.050000,0.5500,37.680000,17.540000,-3452.990000
1558,Exit long,2025-12-14 13:15,3089.720000,1,-21.920000,-0.7000,7.080000,63.320000,-3470.040000
1558,Entry long,2025-12-14 05:45,3111.640000,1,-21.920000,-0.7000,7.080000,63.320000,-3470.040000
1557,Exit short,2025-12-14 05:45,3111.640000,1,1.360000,0.0400,11.730000,15.650000,-3448.120000
1557,Entry short,2025-12-14 00:00,3113.000000,1,1.360000,0.0400,11.730000,15.650000,-3448.120000
1556,Exit long,2025-12-14 00:00,3113.000000,1,-1.000000,-0.0300,8.830000,39.000000,-3449.480000
1556,Entry long,2025-12-13 12:30,3114.000000,1,-1.000000,-0.0300,8.830000,39.000000,-3449.480000
1555,Exit short,2025-12-13 12:30,3114.000000,1,-45.930000,-1.5000,7.280000,66.930000,-3448.480000
1555,Entry short,2025-12-12 19:15,3068.070000,1,-45.930000,-1.5000,7.280000,66.930000,-3448.480000
1554,Exit long,2025-12-12 19:15,3068.070000,1,-174.830000,-5.3900,20.600000,201.800000,-3402.550000
1554,Entry long,2025-12-12 05:45,3242.900000,1,-174.830000,-5.3900,20.600000,201.800000,-3402.550000
1553,Exit short,2025-12-12 05:45,3242.900000,1,9.230000,0.2800,21.600000,0.870000,-3227.720000
1553,Entry short,2025-12-12 03:15,3252.130000,1,9.230000,0.2800,21.600000,0.870000,-3227.720000
1552,Exit long,2025-12-12 03:15,3252.130000,1,39.050000,1.2200,51.700000,0.280000,-3236.950000
1552,Entry long,2025-12-12 01:15,3213.080000,1,39.050000,1.2200,51.700000,0.280000,-3236.950000
1551,Exit short,2025-12-12 01:15,3213.080000,1,-15.090000,-0.4700,55.070000,74.440000,-3276.000000
1551,Entry short,2025-12-11 06:30,3197.990000,1,-15.090000,-0.4700,55.070000,74.440000,-3276.000000
1550,Exit long,2025-12-11 06:30,3197.990000,1,-140.550000,-4.2100,15.750000,173.540000,-3260.910000
1550,Entry long,2025-12-10 22:00,3338.540000,1,-140.550000,-4.2100,15.750000,173.540000,-3260.910000
1549,Exit short,2025-12-10 22:00,3338.540000,1,18.120000,0.5400,28.660000,89.460000,-3120.360000
1549,Entry short,2025-12-10 17:15,3356.660000,1,18.120000,0.5400,28.660000,89.460000,-3120.360000
1548,Exit long,2025-12-10 17:15,3356.660000,1,40.340000,1.2200,52.460000,20.760000,-3138.480000
1548,Entry long,2025-12-10 11:30,3316.320000,1,40.340000,1.2200,52.460000,20.760000,-3138.480000
1547,Exit short,2025-12-10 11:30,3316.320000,1,0.570000,0.0200,7.880000,58.040000,-3178.820000
1547,Entry short,2025-12-10 05:30,3316.890000,1,0.570000,0.0200,7.880000,58.040000,-3178.820000
1546,Exit long,2025-12-10 05:30,3316.890000,1,-9.320000,-0.2800,15.570000,42.700000,-3179.390000
1546,Entry long,2025-12-09 21:00,3326.210000,1,-9.320000,-0.2800,15.570000,42.700000,-3179.390000
1545,Exit short,2025-12-09 21:00,3326.210000,1,-194.300000,-6.2000,34.910000,265.590000,-3170.070000
1545,Entry short,2025-12-09 13:15,3131.910000,1,-194.300000,-6.2000,34.910000,265.590000,-3170.070000
1544,Exit long,2025-12-09 13:15,3131.910000,1,22.370000,0.7200,30.450000,19.540000,-2975.770000
1544,Entry long,2025-12-09 10:30,3109.540000,1,22.370000,0.7200,30.450000,19.540000,-2975.770000
1543,Exit short,2025-12-09 10:30,3109.540000,1,8.940000,0.2900,20.410000,7.240000,-2998.140000
1543,Entry short,2025-12-09 08:30,3118.480000,1,8.940000,0.2900,20.410000,7.240000,-2998.140000
1542,Exit long,2025-12-09 08:30,3118.480000,1,-11.220000,-0.3600,12.600000,40.690000,-3007.080000
1542,Entry long,2025-12-09 00:15,3129.700000,1,-11.220000,-0.3600,12.600000,40.690000,-3007.080000
1541,Exit short,2025-12-09 00:15,3129.700000,1,-2.390000,-0.0800,15.660000,24.690000,-2995.860000
1541,Entry short,2025-12-08 20:45,3127.310000,1,-2.390000,-0.0800,15.660000,24.690000,-2995.860000
1540,Exit long,2025-12-08 20:45,3127.310000,1,2.830000,0.0900,53.520000,58.310000,-2993.470000
1540,Entry long,2025-12-08 12:45,3124.480000,1,2.830000,0.0900,53.520000,58.310000,-2993.470000
1539,Exit short,2025-12-08 12:45,3124.480000,1,-27.360000,-0.8800,7.160000,82.870000,-2996.300000
1539,Entry short,2025-12-08 02:00,3097.120000,1,-27.360000,-0.8800,7.160000,82.870000,-2996.300000
1538,Exit long,2025-12-08 02:00,3097.120000,1,53.120000,1.7500,89.690000,34.000000,-2968.940000
1538,Entry long,2025-12-07 22:30,3044.000000,1,53.120000,1.7500,89.690000,34.000000,-2968.940000
1537,Exit short,2025-12-07 22:30,3044.000000,1,98.530000,3.1400,121.990000,6.160000,-3022.060000
1537,Entry short,2025-12-07 18:30,3142.530000,1,98.530000,3.1400,121.990000,6.160000,-3022.060000
1536,Exit long,2025-12-07 18:30,3142.530000,1,195.760000,6.6400,203.230000,8.270000,-3120.590000
1536,Entry long,2025-12-07 14:45,2946.770000,1,195.760000,6.6400,203.230000,8.270000,-3120.590000
1535,Exit short,2025-12-07 14:45,2946.770000,1,88.240000,2.9100,131.260000,17.790000,-3316.350000
1535,Entry short,2025-12-07 11:30,3035.010000,1,88.240000,2.9100,131.260000,17.790000,-3316.350000
1534,Exit long,2025-12-07 11:30,3035.010000,1,-10.480000,-0.3400,4.250000,22.240000,-3404.590000
1534,Entry long,2025-12-07 05:45,3045.490000,1,-10.480000,-0.3400,4.250000,22.240000,-3404.590000
1533,Exit short,2025-12-07 05:45,3045.490000,1,-2.340000,-0.0800,18.800000,13.630000,-3394.110000
1533,Entry short,2025-12-06 22:45,3043.150000,1,-2.340000,-0.0800,18.800000,13.630000,-3394.110000
1532,Exit long,2025-12-06 22:45,3043.150000,1,9.470000,0.3100,20.310000,0.590000,-3391.770000
1532,Entry long,2025-12-06 20:15,3033.680000,1,9.470000,0.3100,20.310000,0.590000,-3391.770000
1531,Exit short,2025-12-06 20:15,3033.680000,1,0.710000,0.0200,11.390000,34.190000,-3401.240000
1531,Entry short,2025-12-06 12:15,3034.390000,1,0.710000,0.0200,11.390000,34.190000,-3401.240000
1530,Exit long,2025-12-06 12:15,3034.390000,1,16.390000,0.5400,22.700000,6.000000,-3401.950000
1530,Entry long,2025-12-06 08:45,3018.000000,1,16.390000,0.5400,22.700000,6.000000,-3401.950000
1529,Exit short,2025-12-06 08:45,3018.000000,1,4.220000,0.1400,17.100000,22.580000,-3418.340000
1529,Entry short,2025-12-05 20:45,3022.220000,1,4.220000,0.1400,17.100000,22.580000,-3418.340000
1528,Exit long,2025-12-05 20:45,3022.220000,1,-133.630000,-4.2300,25.790000,177.850000,-3422.560000
1528,Entry long,2025-12-05 05:30,3155.850000,1,-133.630000,-4.2300,25.790000,177.850000,-3422.560000
1527,Exit short,2025-12-05 05:30,3155.850000,1,-22.380000,-0.7100,16.360000,59.250000,-3288.930000
1527,Entry short,2025-12-04 21:45,3133.470000,1,-22.380000,-0.7100,16.360000,59.250000,-3288.930000
1526,Exit long,2025-12-04 21:45,3133.470000,1,19.950000,0.6400,36.950000,9.470000,-3266.550000
1526,Entry long,2025-12-04 19:45,3113.520000,1,19.950000,0.6400,36.950000,9.470000,-3266.550000
1525,Exit short,2025-12-04 19:45,3113.520000,1,80.660000,2.5300,129.370000,30.820000,-3286.500000
1525,Entry short,2025-12-04 16:15,3194.180000,1,80.660000,2.5300,129.370000,30.820000,-3286.500000
1524,Exit long,2025-12-04 16:15,3194.180000,1,-26.420000,-0.8200,7.120000,82.450000,-3367.160000
1524,Entry long,2025-12-04 02:45,3220.600000,1,-26.420000,-0.8200,7.120000,82.450000,-3367.160000
1523,Exit short,2025-12-04 02:45,3220.600000,1,-128.690000,-4.1600,61.910000,147.360000,-3340.740000
1523,Entry short,2025-12-03 13:45,3091.910000,1,-128.690000,-4.1600,61.910000,147.360000,-3340.740000
1522,Exit long,2025-12-03 13:45,3091.910000,1,42.050000,1.3800,45.130000,5.650000,-3212.050000
1522,Entry long,2025-12-03 09:00,3049.860000,1,42.050000,1.3800,45.130000,5.650000,-3212.050000
1521,Exit short,2025-12-03 09:00,3049.860000,1,-21.020000,-0.6900,10.730000,55.500000,-3254.100000
1521,Entry short,2025-12-03 02:45,3028.840000,1,-21.020000,-0.6900,10.730000,55.500000,-3254.100000
1520,Exit long,2025-12-03 02:45,3028.840000,1,10.610000,0.3500,29.770000,48.190000,-3233.080000
1520,Entry long,2025-12-02 19:15,3018.230000,1,10.610000,0.3500,29.770000,48.190000,-3233.080000
1519,Exit short,2025-12-02 19:15,3018.230000,1,-204.250000,-7.2600,95.910000,220.960000,-3243.690000
1519,Entry short,2025-12-01 05:45,2813.980000,1,-204.250000,-7.2600,95.910000,220.960000,-3243.690000
1518,Exit long,2025-12-01 05:45,2813.980000,1,-221.920000,-7.3100,4.100000,230.350000,-3039.440000
1518,Entry long,2025-11-30 19:00,3035.900000,1,-221.920000,-7.3100,4.100000,230.350000,-3039.440000
1517,Exit short,2025-11-30 19:00,3035.900000,1,7.120000,0.2300,19.930000,6.970000,-2817.520000
1517,Entry short,2025-11-30 13:45,3043.020000,1,7.120000,0.2300,19.930000,6.970000,-2817.520000
1516,Exit long,2025-11-30 13:45,3043.020000,1,36.790000,1.2200,45.980000,0.690000,-2824.640000
1516,Entry long,2025-11-30 12:15,3006.230000,1,36.790000,1.2200,45.980000,0.690000,-2824.640000
1515,Exit short,2025-11-30 12:15,3006.230000,1,-11.630000,-0.3900,34.590000,24.690000,-2861.430000
1515,Entry short,2025-11-29 14:15,2994.600000,1,-11.630000,-0.3900,34.590000,24.690000,-2861.430000
1514,Exit long,2025-11-29 14:15,2994.600000,1,-12.250000,-0.4100,3.000000,24.550000,-2849.800000
1514,Entry long,2025-11-29 07:30,3006.850000,1,-12.250000,-0.4100,3.000000,24.550000,-2849.800000
1513,Exit short,2025-11-29 07:30,3006.850000,1,28.340000,0.9300,46.070000,2.260000,-2837.550000
1513,Entry short,2025-11-29 05:45,3035.190000,1,28.340000,0.9300,46.070000,2.260000,-2837.550000
1512,Exit long,2025-11-29 05:45,3035.190000,1,-0.330000,-0.0100,15.940000,19.500000,-2865.890000
1512,Entry long,2025-11-28 22:45,3035.520000,1,-0.330000,-0.0100,15.940000,19.500000,-2865.890000
1511,Exit short,2025-11-28 22:45,3035.520000,1,6.570000,0.2200,23.890000,16.300000,-2865.560000
1511,Entry short,2025-11-28 20:15,3042.090000,1,6.570000,0.2200,23.890000,16.300000,-2865.560000
1510,Exit long,2025-11-28 20:15,3042.090000,1,4.840000,0.1600,61.750000,27.890000,-2872.130000
1510,Entry long,2025-11-28 12:15,3037.250000,1,4.840000,0.1600,61.750000,27.890000,-2872.130000
1509,Exit short,2025-11-28 12:15,3037.250000,1,-31.440000,-1.0500,7.410000,74.190000,-2876.970000
1509,Entry short,2025-11-28 03:45,3005.810000,1,-31.440000,-1.0500,7.410000,74.190000,-2876.970000
1508,Exit long,2025-11-28 03:45,3005.810000,1,-12.640000,-0.4200,4.710000,26.350000,-2845.530000
1508,Entry long,2025-11-27 23:15,3018.450000,1,-12.640000,-0.4200,4.710000,26.350000,-2845.530000
1507,Exit short,2025-11-27 23:15,3018.450000,1,-3.150000,-0.1000,13.300000,28.200000,-2832.890000
1507,Entry short,2025-11-27 16:30,3015.300000,1,-3.150000,-0.1000,13.300000,28.200000,-2832.890000
1506,Exit long,2025-11-27 16:30,3015.300000,1,-22.170000,-0.7300,7.410000,53.660000,-2829.740000
1506,Entry long,2025-11-27 04:30,3037.470000,1,-22.170000,-0.7300,7.410000,53.660000,-2829.740000
1505,Exit short,2025-11-27 04:30,3037.470000,1,13.110000,0.4300,22.580000,19.420000,-2807.570000
1505,Entry short,2025-11-27 02:00,3050.580000,1,13.110000,0.4300,22.580000,19.420000,-2807.570000
1504,Exit long,2025-11-27 02:00,3050.580000,1,20.820000,0.6900,27.440000,27.760000,-2820.680000
1504,Entry long,2025-11-26 21:30,3029.760000,1,20.820000,0.6900,27.440000,27.760000,-2820.680000
1503,Exit short,2025-11-26 21:30,3029.760000,1,-96.560000,-3.2900,30.200000,111.260000,-2841.500000
1503,Entry short,2025-11-26 14:30,2933.200000,1,-96.560000,-3.2900,30.200000,111.260000,-2841.500000
1502,Exit long,2025-11-26 14:30,2933.200000,1,0.310000,0.0100,20.920000,45.800000,-2744.940000
1502,Entry long,2025-11-26 04:30,2932.890000,1,0.310000,0.0100,20.920000,45.800000,-2744.940000
1501,Exit short,2025-11-26 04:30,2932.890000,1,-40.230000,-1.3900,37.660000,91.140000,-2745.250000
1501,Entry short,2025-11-25 11:30,2892.660000,1,-40.230000,-1.3900,37.660000,91.140000,-2745.250000
1500,Exit long,2025-11-25 11:30,2892.660000,1,-65.310000,-2.2100,21.450000,94.580000,-2705.020000
1500,Entry long,2025-11-24 22:00,2957.970000,1,-65.310000,-2.2100,21.450000,94.580000,-2705.020000
1499,Exit short,2025-11-24 22:00,2957.970000,1,-144.070000,-5.1200,31.700000,173.080000,-2639.710000
1499,Entry short,2025-11-24 14:00,2813.900000,1,-144.070000,-5.1200,31.700000,173.080000,-2639.710000
1498,Exit long,2025-11-24 14:00,2813.900000,1,-27.610000,-0.9700,1.840000,55.500000,-2495.640000
1498,Entry long,2025-11-24 07:45,2841.510000,1,-27.610000,-0.9700,1.840000,55.500000,-2495.640000
1497,Exit short,2025-11-24 07:45,2841.510000,1,-2.280000,-0.0800,38.240000,45.570000,-2468.030000
1497,Entry short,2025-11-24 03:00,2839.230000,1,-2.280000,-0.0800,38.240000,45.570000,-2468.030000
1496,Exit long,2025-11-24 03:00,2839.230000,1,55.590000,2.0000,81.660000,10.120000,-2465.750000
1496,Entry long,2025-11-24 00:30,2783.640000,1,55.590000,2.0000,81.660000,10.120000,-2465.750000
1495,Exit short,2025-11-24 00:30,2783.640000,1,43.450000,1.5400,65.710000,16.900000,-2521.340000
1495,Entry short,2025-11-23 21:00,2827.090000,1,43.450000,1.5400,65.710000,16.900000,-2521.340000
1494,Exit long,2025-11-23 21:00,2827.090000,1,3.400000,0.1200,33.310000,48.690000,-2564.790000
1494,Entry long,2025-11-23 06:15,2823.690000,1,3.400000,0.1200,33.310000,48.690000,-2564.790000
1493,Exit short,2025-11-23 06:15,2823.690000,1,-41.550000,-1.4900,16.030000,68.800000,-2568.190000
1493,Entry short,2025-11-22 23:15,2782.140000,1,-41.550000,-1.4900,16.030000,68.800000,-2568.190000
1492,Exit long,2025-11-22 23:15,2782.140000,1,37.150000,1.3500,53.010000,4.490000,-2526.640000
1492,Entry long,2025-11-22 21:30,2744.990000,1,37.150000,1.3500,53.010000,4.490000,-2526.640000
1491,Exit short,2025-11-22 21:30,2744.990000,1,-5.460000,-0.2000,15.410000,18.470000,-2563.790000
1491,Entry short,2025-11-22 15:15,2739.530000,1,-5.460000,-0.2000,15.410000,18.470000,-2563.790000
1490,Exit long,2025-11-22 15:15,2739.530000,1,3.890000,0.1400,18.770000,32.770000,-2558.330000
1490,Entry long,2025-11-22 09:15,2735.640000,1,3.890000,0.1400,18.770000,32.770000,-2558.330000
1489,Exit short,2025-11-22 09:15,2735.640000,1,22.790000,0.8300,41.110000,9.080000,-2562.220000
1489,Entry short,2025-11-22 07:15,2758.430000,1,22.790000,0.8300,41.110000,9.080000,-2562.220000
1488,Exit long,2025-11-22 07:15,2758.430000,1,12.030000,0.4400,23.600000,20.400000,-2585.010000
1488,Entry long,2025-11-22 05:00,2746.400000,1,12.030000,0.4400,23.600000,20.400000,-2585.010000
1487,Exit short,2025-11-22 05:00,2746.400000,1,10.900000,0.4000,32.060000,26.040000,-2597.040000
1487,Entry short,2025-11-22 00:30,2757.300000,1,10.900000,0.4000,32.060000,26.040000,-2597.040000
1486,Exit long,2025-11-22 00:30,2757.300000,1,20.850000,0.7600,43.340000,24.920000,-2607.940000
1486,Entry long,2025-11-21 21:00,2736.450000,1,20.850000,0.7600,43.340000,24.920000,-2607.940000
1485,Exit short,2025-11-21 21:00,2736.450000,1,42.940000,1.5400,72.390000,14.040000,-2628.790000
1485,Entry short,2025-11-21 18:00,2779.390000,1,42.940000,1.5400,72.390000,14.040000,-2628.790000
1484,Exit long,2025-11-21 18:00,2779.390000,1,65.970000,2.4300,92.520000,11.830000,-2671.730000
1484,Entry long,2025-11-21 16:45,2713.420000,1,65.970000,2.4300,92.520000,11.830000,-2671.730000
1483,Exit short,2025-11-21 16:45,2713.420000,1,-20.530000,-0.7600,72.890000,86.670000,-2737.700000
1483,Entry short,2025-11-21 11:45,2692.890000,1,-20.530000,-0.7600,72.890000,86.670000,-2737.700000
1482,Exit long,2025-11-21 11:45,2692.890000,1,-116.680000,-4.1500,22.280000,166.920000,-2717.170000
1482,Entry long,2025-11-21 03:15,2809.570000,1,-116.680000,-4.1500,22.280000,166.920000,-2717.170000
1481,Exit short,2025-11-21 03:15,2809.570000,1,40.600000,1.4200,81.310000,54.660000,-2600.490000
1481,Entry short,2025-11-20 20:30,2850.170000,1,40.600000,1.4200,81.310000,54.660000,-2600.490000
1480,Exit long,2025-11-20 20:30,2850.170000,1,24.960000,0.8800,33.770000,37.200000,-2641.090000
1480,Entry long,2025-11-20 17:30,2825.210000,1,24.960000,0.8800,33.770000,37.200000,-2641.090000
1479,Exit short,2025-11-20 17:30,2825.210000,1,196.490000,6.5000,216.150000,26.300000,-2666.050000
1479,Entry short,2025-11-20 13:30,3021.700000,1,196.490000,6.5000,216.150000,26.300000,-2666.050000
1478,Exit long,2025-11-20 13:30,3021.700000,1,-3.950000,-0.1300,37.350000,35.180000,-2862.540000
1478,Entry long,2025-11-20 04:45,3025.650000,1,-3.950000,-0.1300,37.350000,35.180000,-2862.540000
1477,Exit short,2025-11-20 04:45,3025.650000,1,-78.490000,-2.6600,0.800000,109.840000,-2858.590000
1477,Entry short,2025-11-19 21:15,2947.160000,1,-78.490000,-2.6600,0.800000,109.840000,-2858.590000
1476,Exit long,2025-11-19 21:15,2947.160000,1,-112.550000,-3.6800,45.250000,186.710000,-2780.100000
1476,Entry long,2025-11-19 14:45,3059.710000,1,-112.550000,-3.6800,45.250000,186.710000,-2780.100000
1475,Exit short,2025-11-19 14:45,3059.710000,1,23.980000,0.7800,61.930000,29.270000,-2667.550000
1475,Entry short,2025-11-19 08:00,3083.690000,1,23.980000,0.7800,61.930000,29.270000,-2667.550000
1474,Exit long,2025-11-19 08:00,3083.690000,1,24.890000,0.8100,27.880000,68.650000,-2691.530000
1474,Entry long,2025-11-19 04:45,3058.800000,1,24.890000,0.8100,27.880000,68.650000,-2691.530000
1473,Exit short,2025-11-19 04:45,3058.800000,1,54.110000,1.7400,56.110000,4.240000,-2716.420000
1473,Entry short,2025-11-19 03:00,3112.910000,1,54.110000,1.7400,56.110000,4.240000,-2716.420000
1472,Exit long,2025-11-19 03:00,3112.910000,1,-33.530000,-1.0700,1.780000,71.220000,-2770.530000
1472,Entry long,2025-11-18 20:30,3146.440000,1,-33.530000,-1.0700,1.780000,71.220000,-2770.530000
1471,Exit short,2025-11-18 20:30,3146.440000,1,-27.260000,-0.8700,3.880000,50.100000,-2737.000000
1471,Entry short,2025-11-18 16:15,3119.180000,1,-27.260000,-0.8700,3.880000,50.100000,-2737.000000
1470,Exit long,2025-11-18 16:15,3119.180000,1,72.190000,2.3700,81.010000,16.490000,-2709.740000
1470,Entry long,2025-11-18 14:00,3046.990000,1,72.190000,2.3700,81.010000,16.490000,-2709.740000
1469,Exit short,2025-11-18 14:00,3046.990000,1,-50.600000,-1.6900,53.080000,77.320000,-2781.930000
1469,Entry short,2025-11-17 21:45,2996.390000,1,-50.600000,-1.6900,53.080000,77.320000,-2781.930000
1468,Exit long,2025-11-17 21:45,2996.390000,1,-124.100000,-3.9800,89.730000,162.490000,-2731.330000
1468,Entry long,2025-11-17 14:00,3120.490000,1,-124.100000,-3.9800,89.730000,162.490000,-2731.330000
1467,Exit short,2025-11-17 14:00,3120.490000,1,-15.320000,-0.4900,104.160000,118.050000,-2607.230000
1467,Entry short,2025-11-16 20:15,3105.170000,1,-15.320000,-0.4900,104.160000,118.050000,-2607.230000
1466,Exit long,2025-11-16 20:15,3105.170000,1,45.550000,1.4900,67.590000,34.620000,-2591.910000
1466,Entry long,2025-11-16 17:15,3059.620000,1,45.550000,1.4900,67.590000,34.620000,-2591.910000
1465,Exit short,2025-11-16 17:15,3059.620000,1,110.290000,3.4800,114.910000,2.070000,-2637.460000
1465,Entry short,2025-11-16 15:45,3169.910000,1,110.290000,3.4800,114.910000,2.070000,-2637.460000
1464,Exit long,2025-11-16 15:45,3169.910000,1,1.480000,0.0500,12.890000,31.420000,-2747.750000
1464,Entry long,2025-11-16 12:15,3168.430000,1,1.480000,0.0500,12.890000,31.420000,-2747.750000
1463,Exit short,2025-11-16 12:15,3168.430000,1,25.420000,0.8000,35.500000,54.650000,-2749.230000
1463,Entry short,2025-11-16 03:15,3193.850000,1,25.420000,0.8000,35.500000,54.650000,-2749.230000
1462,Exit long,2025-11-16 03:15,3193.850000,1,12.600000,0.4000,23.220000,51.240000,-2774.650000
1462,Entry long,2025-11-15 21:15,3181.250000,1,12.600000,0.4000,23.220000,51.240000,-2774.650000
1461,Exit short,2025-11-15 21:15,3181.250000,1,8.230000,0.2600,28.770000,41.080000,-2787.250000
1461,Entry short,2025-11-15 14:15,3189.480000,1,8.230000,0.2600,28.770000,41.080000,-2787.250000
1460,Exit long,2025-11-15 14:15,3189.480000,1,20.280000,0.6400,28.300000,36.540000,-2795.480000
1460,Entry long,2025-11-15 05:30,3169.200000,1,20.280000,0.6400,28.300000,36.540000,-2795.480000
1459,Exit short,2025-11-15 05:30,3169.200000,1,17.850000,0.5600,29.930000,5.750000,-2815.760000
1459,Entry short,2025-11-15 02:45,3187.050000,1,17.850000,0.5600,29.930000,5.750000,-2815.760000
1458,Exit long,2025-11-15 02:45,3187.050000,1,28.790000,0.9100,31.100000,70.260000,-2833.610000
1458,Entry long,2025-11-14 21:15,3158.260000,1,28.790000,0.9100,31.100000,70.260000,-2833.610000
1457,Exit short,2025-11-14 21:15,3158.260000,1,78.990000,2.4400,169.250000,33.330000,-2862.400000
1457,Entry short,2025-11-13 23:15,3237.250000,1,78.990000,2.4400,169.250000,33.330000,-2862.400000
1456,Exit long,2025-11-13 23:15,3237.250000,1,-257.660000,-7.3700,22.120000,342.420000,-2941.390000
1456,Entry long,2025-11-13 10:15,3494.910000,1,-257.660000,-7.3700,22.120000,342.420000,-2941.390000
1455,Exit short,2025-11-13 10:15,3494.910000,1,-79.670000,-2.3300,40.150000,149.760000,-2683.730000
1455,Entry short,2025-11-12 21:00,3415.240000,1,-79.670000,-2.3300,40.150000,149.760000,-2683.730000
1454,Exit long,2025-11-12 21:00,3415.240000,1,20.860000,0.6100,60.620000,23.580000,-2604.060000
1454,Entry long,2025-11-12 16:30,3394.380000,1,20.860000,0.6100,60.620000,23.580000,-2604.060000
1453,Exit short,2025-11-12 16:30,3394.380000,1,28.540000,0.8300,52.920000,164.320000,-2624.920000
1453,Entry short,2025-11-11 23:15,3422.920000,1,28.540000,0.8300,52.920000,164.320000,-2624.920000
1452,Exit long,2025-11-11 23:15,3422.920000,1,-105.340000,-2.9900,0.000000,125.240000,-2653.460000
1452,Entry long,2025-11-11 15:00,3528.260000,1,-105.340000,-2.9900,0.000000,125.240000,-2653.460000
1451,Exit short,2025-11-11 15:00,3528.260000,1,36.180000,1.0200,80.730000,28.560000,-2548.120000
1451,Entry short,2025-11-11 09:45,3564.440000,1,36.180000,1.0200,80.730000,28.560000,-2548.120000
1450,Exit long,2025-11-11 09:45,3564.440000,1,1.720000,0.0500,22.570000,33.920000,-2584.300000
1450,Entry long,2025-11-11 05:30,3562.720000,1,1.720000,0.0500,22.570000,33.920000,-2584.300000
1449,Exit short,2025-11-11 05:30,3562.720000,1,-31.970000,-0.9100,3.710000,116.790000,-2586.020000
1449,Entry short,2025-11-10 19:00,3530.750000,1,-31.970000,-0.9100,3.710000,116.790000,-2586.020000
1448,Exit long,2025-11-10 19:00,3530.750000,1,-71.900000,-2.0000,18.060000,97.100000,-2554.050000
1448,Entry long,2025-11-10 13:15,3602.650000,1,-71.900000,-2.0000,18.060000,97.100000,-2554.050000
1447,Exit short,2025-11-10 13:15,3602.650000,1,9.650000,0.2700,30.620000,7.690000,-2482.150000
1447,Entry short,2025-11-10 10:30,3612.300000,1,9.650000,0.2700,30.620000,7.690000,-2482.150000
1446,Exit long,2025-11-10 10:30,3612.300000,1,-3.680000,-0.1000,14.320000,30.560000,-2491.800000
1446,Entry long,2025-11-10 05:00,3615.980000,1,-3.680000,-0.1000,14.320000,30.560000,-2491.800000
1445,Exit short,2025-11-10 05:00,3615.980000,1,12.830000,0.3500,26.810000,18.190000,-2488.120000
1445,Entry short,2025-11-10 01:45,3628.810000,1,12.830000,0.3500,26.810000,18.190000,-2488.120000
1444,Exit long,2025-11-10 01:45,3628.810000,1,42.710000,1.1900,71.900000,37.220000,-2500.950000
1444,Entry long,2025-11-09 23:00,3586.100000,1,42.710000,1.1900,71.900000,37.220000,-2500.950000
1443,Exit short,2025-11-09 23:00,3586.100000,1,-22.040000,-0.6200,3.990000,31.320000,-2543.660000
1443,Entry short,2025-11-09 20:15,3564.060000,1,-22.040000,-0.6200,3.990000,31.320000,-2543.660000
1442,Exit long,2025-11-09 20:15,3564.060000,1,46.090000,1.3100,79.460000,16.970000,-2521.620000
1442,Entry long,2025-11-09 16:45,3517.970000,1,46.090000,1.3100,79.460000,16.970000,-2521.620000
1441,Exit short,2025-11-09 16:45,3517.970000,1,-60.910000,-1.7600,11.440000,106.130000,-2567.710000
1441,Entry short,2025-11-09 13:15,3457.060000,1,-60.910000,-1.7600,11.440000,106.130000,-2567.710000
1440,Exit long,2025-11-09 13:15,3457.060000,1,63.230000,1.8600,70.710000,0.650000,-2506.800000
1440,Entry long,2025-11-09 10:45,3393.830000,1,63.230000,1.8600,70.710000,0.650000,-2506.800000
1439,Exit short,2025-11-09 10:45,3393.830000,1,12.130000,0.3600,25.250000,28.040000,-2570.030000
1439,Entry short,2025-11-09 06:15,3405.960000,1,12.130000,0.3600,25.250000,28.040000,-2570.030000
1438,Exit long,2025-11-09 06:15,3405.960000,1,15.310000,0.4500,16.550000,33.910000,-2582.160000
1438,Entry long,2025-11-09 00:45,3390.650000,1,15.310000,0.4500,16.550000,33.910000,-2582.160000
1437,Exit short,2025-11-09 00:45,3390.650000,1,-2.350000,-0.0700,26.810000,26.030000,-2597.470000
1437,Entry short,2025-11-08 18:30,3388.300000,1,-2.350000,-0.0700,26.810000,26.030000,-2597.470000
1436,Exit long,2025-11-08 18:30,3388.300000,1,-43.050000,-1.2500,58.650000,78.040000,-2595.120000
1436,Entry long,2025-11-08 00:45,3431.350000,1,-43.050000,-1.2500,58.650000,78.040000,-2595.120000
1435,Exit short,2025-11-08 00:45,3431.350000,1,-201.880000,-6.2500,36.550000,242.760000,-2552.070000
1435,Entry short,2025-11-07 14:30,3229.470000,1,-201.880000,-6.2500,36.550000,242.760000,-2552.070000
1434,Exit long,2025-11-07 14:30,3229.470000,1,-70.370000,-2.1300,9.160000,104.260000,-2350.190000
1434,Entry long,2025-11-07 10:00,3299.840000,1,-70.370000,-2.1300,9.160000,104.260000,-2350.190000
1433,Exit short,2025-11-07 10:00,3299.840000,1,9.480000,0.2900,36.280000,60.680000,-2279.820000
1433,Entry short,2025-11-06 18:30,3309.320000,1,9.480000,0.2900,36.280000,60.680000,-2279.820000
1432,Exit long,2025-11-06 18:30,3309.320000,1,-56.260000,-1.6700,36.450000,120.580000,-2289.300000
1432,Entry long,2025-11-06 13:15,3365.580000,1,-56.260000,-1.6700,36.450000,120.580000,-2289.300000
1431,Exit short,2025-11-06 13:15,3365.580000,1,19.920000,0.5900,44.970000,21.310000,-2233.040000
1431,Entry short,2025-11-06 11:15,3385.500000,1,19.920000,0.5900,44.970000,21.310000,-2233.040000
1430,Exit long,2025-11-06 11:15,3385.500000,1,-10.570000,-0.3100,18.230000,38.130000,-2252.960000
1430,Entry long,2025-11-06 06:30,3396.070000,1,-10.570000,-0.3100,18.230000,38.130000,-2252.960000
1429,Exit short,2025-11-06 06:30,3396.070000,1,35.270000,1.0300,54.330000,23.660000,-2242.390000
1429,Entry short,2025-11-06 04:00,3431.340000,1,35.270000,1.0300,54.330000,23.660000,-2242.390000
1428,Exit long,2025-11-06 04:00,3431.340000,1,-5.540000,-0.1600,13.100000,63.180000,-2277.660000
1428,Entry long,2025-11-05 21:45,3436.880000,1,-5.540000,-0.1600,13.100000,63.180000,-2277.660000
1427,Exit short,2025-11-05 21:45,3436.880000,1,-87.500000,-2.6100,31.900000,129.620000,-2272.120000
1427,Entry short,2025-11-05 12:45,3349.380000,1,-87.500000,-2.6100,31.900000,129.620000,-2272.120000
1426,Exit long,2025-11-05 12:45,3349.380000,1,24.490000,0.7400,34.130000,52.650000,-2184.620000
1426,Entry long,2025-11-05 06:45,3324.890000,1,24.490000,0.7400,34.130000,52.650000,-2184.620000
1425,Exit short,2025-11-05 06:45,3324.890000,1,-78.460000,-2.4200,81.020000,107.370000,-2209.110000
1425,Entry short,2025-11-04 23:00,3246.430000,1,-78.460000,-2.4200,81.020000,107.370000,-2209.110000
1424,Exit long,2025-11-04 23:00,3246.430000,1,-137.560000,-4.0700,35.260000,328.990000,-2130.650000
1424,Entry long,2025-11-04 17:30,3383.990000,1,-137.560000,-4.0700,35.260000,328.990000,-2130.650000
1423,Exit short,2025-11-04 17:30,3383.990000,1,105.250000,3.0200,127.790000,96.880000,-1993.090000
1423,Entry short,2025-11-04 09:30,3489.240000,1,105.250000,3.0200,127.790000,96.880000,-1993.090000
1422,Exit long,2025-11-04 09:30,3489.240000,1,-30.760000,-0.8700,40.980000,60.000000,-2098.340000
1422,Entry long,2025-11-04 06:15,3520.000000,1,-30.760000,-0.8700,40.980000,60.000000,-2098.340000
1421,Exit short,2025-11-04 06:15,3520.000000,1,113.430000,3.1200,157.430000,16.570000,-2067.580000
1421,Entry short,2025-11-04 02:30,3633.430000,1,113.430000,3.1200,157.430000,16.570000,-2067.580000
1420,Exit long,2025-11-04 02:30,3633.430000,1,27.540000,0.7600,75.340000,49.890000,-2181.010000
1420,Entry long,2025-11-03 16:15,3605.890000,1,27.540000,0.7600,75.340000,49.890000,-2181.010000
1419,Exit short,2025-11-03 16:15,3605.890000,1,105.680000,2.8500,149.300000,35.790000,-2208.550000
1419,Entry short,2025-11-03 12:45,3711.570000,1,105.680000,2.8500,149.300000,35.790000,-2208.550000
1418,Exit long,2025-11-03 12:45,3711.570000,1,-85.830000,-2.2600,7.600000,147.270000,-2314.230000
1418,Entry long,2025-11-03 03:00,3797.400000,1,-85.830000,-2.2600,7.600000,147.270000,-2314.230000
1417,Exit short,2025-11-03 03:00,3797.400000,1,60.280000,1.5600,77.680000,57.320000,-2228.400000
1417,Entry short,2025-11-02 17:30,3857.680000,1,60.280000,1.5600,77.680000,57.320000,-2228.400000
1416,Exit long,2025-11-02 17:30,3857.680000,1,6.280000,0.1600,18.510000,13.170000,-2288.680000
1416,Entry long,2025-11-02 15:00,3851.400000,1,6.280000,0.1600,18.510000,13.170000,-2288.680000
1415,Exit short,2025-11-02 15:00,3851.400000,1,29.920000,0.7700,44.280000,3.930000,-2294.960000
1415,Entry short,2025-11-02 12:30,3881.320000,1,29.920000,0.7700,44.280000,3.930000,-2294.960000
1414,Exit long,2025-11-02 12:30,3881.320000,1,-16.460000,-0.4200,4.080000,46.540000,-2324.880000
1414,Entry long,2025-11-02 09:15,3897.780000,1,-16.460000,-0.4200,4.080000,46.540000,-2324.880000
1413,Exit short,2025-11-02 09:15,3897.780000,1,-20.250000,-0.5200,3.450000,39.470000,-2308.420000
1413,Entry short,2025-11-02 03:30,3877.530000,1,-20.250000,-0.5200,3.450000,39.470000,-2308.420000
1412,Exit long,2025-11-02 03:30,3877.530000,1,9.070000,0.2300,21.540000,8.450000,-2288.170000
1412,Entry long,2025-11-01 18:30,3868.460000,1,9.070000,0.2300,21.540000,8.450000,-2288.170000
1411,Exit short,2025-11-01 18:30,3868.460000,1,24.560000,0.6300,32.580000,14.590000,-2297.240000
1411,Entry short,2025-11-01 16:00,3893.020000,1,24.560000,0.6300,32.580000,14.590000,-2297.240000
1410,Exit long,2025-11-01 16:00,3893.020000,1,24.400000,0.6300,32.740000,12.090000,-2321.800000
1410,Entry long,2025-11-01 14:00,3868.620000,1,24.400000,0.6300,32.740000,12.090000,-2321.800000
1409,Exit short,2025-11-01 14:00,3868.620000,1,6.860000,0.1800,19.820000,4.960000,-2346.200000
1409,Entry short,2025-11-01 09:30,3875.480000,1,6.860000,0.1800,19.820000,4.960000,-2346.200000
1408,Exit long,2025-11-01 09:30,3875.480000,1,18.440000,0.4800,24.960000,2.040000,-2353.060000
1408,Entry long,2025-11-01 07:00,3857.040000,1,18.440000,0.4800,24.960000,2.040000,-2353.060000
1407,Exit short,2025-11-01 07:00,3857.040000,1,3.970000,0.1000,9.710000,6.640000,-2371.500000
1407,Entry short,2025-11-01 04:30,3861.010000,1,3.970000,0.1000,9.710000,6.640000,-2371.500000
1406,Exit long,2025-11-01 04:30,3861.010000,1,15.440000,0.4000,22.090000,11.100000,-2375.470000
1406,Entry long,2025-11-01 01:00,3845.570000,1,15.440000,0.4000,22.090000,11.100000,-2375.470000
1405,Exit short,2025-11-01 01:00,3845.570000,1,41.290000,1.0600,58.060000,2.140000,-2390.910000
1405,Entry short,2025-10-31 20:15,3886.860000,1,41.290000,1.0600,58.060000,2.140000,-2390.910000
1404,Exit long,2025-10-31 20:15,3886.860000,1,60.950000,1.5900,78.990000,23.270000,-2432.200000
1404,Entry long,2025-10-31 03:30,3825.910000,1,60.950000,1.5900,78.990000,23.270000,-2432.200000
1403,Exit short,2025-10-31 03:30,3825.910000,1,-66.900000,-1.7800,1.010000,100.990000,-2493.150000
1403,Entry short,2025-10-30 21:45,3759.010000,1,-66.900000,-1.7800,1.010000,100.990000,-2493.150000
1402,Exit long,2025-10-30 21:45,3759.010000,1,51.740000,1.4000,56.210000,8.740000,-2426.250000
1402,Entry long,2025-10-30 20:15,3707.270000,1,51.740000,1.4000,56.210000,8.740000,-2426.250000
1401,Exit short,2025-10-30 20:15,3707.270000,1,72.110000,1.9100,101.680000,-0.000000,-2477.990000
1401,Entry short,2025-10-30 17:00,3779.380000,1,72.110000,1.9100,101.680000,-0.000000,-2477.990000
1400,Exit long,2025-10-30 17:00,3779.380000,1,-108.990000,-2.8000,17.730000,132.560000,-2550.100000
1400,Entry long,2025-10-30 10:15,3888.370000,1,-108.990000,-2.8000,17.730000,132.560000,-2550.100000
1399,Exit short,2025-10-30 10:15,3888.370000,1,55.430000,1.4100,106.980000,3.200000,-2441.110000
1399,Entry short,2025-10-30 02:45,3943.800000,1,55.430000,1.4100,106.980000,3.200000,-2441.110000
1398,Exit long,2025-10-30 02:45,3943.800000,1,40.620000,1.0400,42.470000,2.930000,-2496.540000
1398,Entry long,2025-10-30 00:15,3903.180000,1,40.620000,1.0400,42.470000,2.930000,-2496.540000
1397,Exit short,2025-10-30 00:15,3903.180000,1,77.820000,1.9500,145.000000,23.780000,-2537.160000
1397,Entry short,2025-10-29 18:15,3981.000000,1,77.820000,1.9500,145.000000,23.780000,-2537.160000
1396,Exit long,2025-10-29 18:15,3981.000000,1,19.690000,0.5000,55.800000,3.540000,-2614.980000
1396,Entry long,2025-10-29 16:30,3961.310000,1,19.690000,0.5000,55.800000,3.540000,-2614.980000
1395,Exit short,2025-10-29 16:30,3961.310000,1,41.380000,1.0300,79.130000,25.320000,-2634.670000
1395,Entry short,2025-10-29 12:30,4002.690000,1,41.380000,1.0300,79.130000,25.320000,-2634.670000
1394,Exit long,2025-10-29 12:30,4002.690000,1,3.560000,0.0900,16.180000,17.130000,-2676.050000
1394,Entry long,2025-10-29 09:45,3999.130000,1,3.560000,0.0900,16.180000,17.130000,-2676.050000
1393,Exit short,2025-10-29 09:45,3999.130000,1,-20.980000,-0.5300,15.870000,56.840000,-2679.610000
1393,Entry short,2025-10-28 23:30,3978.150000,1,-20.980000,-0.5300,15.870000,56.840000,-2679.610000
1392,Exit long,2025-10-28 23:30,3978.150000,1,-134.850000,-3.2800,36.870000,187.990000,-2658.630000
1392,Entry long,2025-10-28 16:30,4113.000000,1,-134.850000,-3.2800,36.870000,187.990000,-2658.630000
1391,Exit short,2025-10-28 16:30,4113.000000,1,8.590000,0.2100,55.590000,52.490000,-2523.780000
1391,Entry short,2025-10-28 07:45,4121.590000,1,8.590000,0.2100,55.590000,52.490000,-2523.780000
1390,Exit long,2025-10-28 07:45,4121.590000,1,27.220000,0.6600,31.580000,30.080000,-2532.370000
1390,Entry long,2025-10-28 03:30,4094.370000,1,27.220000,0.6600,31.580000,30.080000,-2532.370000
1389,Exit short,2025-10-28 03:30,4094.370000,1,23.870000,0.5800,51.360000,22.020000,-2559.590000
1389,Entry short,2025-10-28 00:45,4118.240000,1,23.870000,0.5800,51.360000,22.020000,-2559.590000
1388,Exit long,2025-10-28 00:45,4118.240000,1,-31.530000,-0.7600,2.810000,59.160000,-2583.460000
1388,Entry long,2025-10-27 20:30,4149.770000,1,-31.530000,-0.7600,2.810000,59.160000,-2583.460000
1387,Exit short,2025-10-27 20:30,4149.770000,1,62.230000,1.4800,71.160000,19.640000,-2551.930000
1387,Entry short,2025-10-27 17:00,4212.000000,1,62.230000,1.4800,71.160000,19.640000,-2551.930000
1386,Exit long,2025-10-27 17:00,4212.000000,1,2.010000,0.0500,43.010000,87.970000,-2614.160000
1386,Entry long,2025-10-27 04:45,4209.990000,1,2.010000,0.0500,43.010000,87.970000,-2614.160000
1385,Exit short,2025-10-27 04:45,4209.990000,1,-50.250000,-1.2100,14.470000,65.400000,-2616.170000
1385,Entry short,2025-10-26 23:15,4159.740000,1,-50.250000,-1.2100,14.470000,65.400000,-2616.170000
1384,Exit long,2025-10-26 23:15,4159.740000,1,86.290000,2.1200,105.820000,30.020000,-2565.920000
1384,Entry long,2025-10-26 16:00,4073.450000,1,86.290000,2.1200,105.820000,30.020000,-2565.920000
1383,Exit short,2025-10-26 16:00,4073.450000,1,-132.460000,-3.3600,4.230000,157.010000,-2652.210000
1383,Entry short,2025-10-26 06:00,3940.990000,1,-132.460000,-3.3600,4.230000,157.010000,-2652.210000
1382,Exit long,2025-10-26 06:00,3940.990000,1,6.130000,0.1600,10.360000,13.180000,-2519.750000
1382,Entry long,2025-10-26 02:30,3934.860000,1,6.130000,0.1600,10.360000,13.180000,-2519.750000
1381,Exit short,2025-10-26 02:30,3934.860000,1,16.760000,0.4200,37.320000,11.850000,-2525.880000
1381,Entry short,2025-10-25 19:15,3951.620000,1,16.760000,0.4200,37.320000,11.850000,-2525.880000
1380,Exit long,2025-10-25 19:15,3951.620000,1,20.260000,0.5200,37.570000,8.530000,-2542.640000
1380,Entry long,2025-10-25 15:30,3931.360000,1,20.260000,0.5200,37.570000,8.530000,-2542.640000
1379,Exit short,2025-10-25 15:30,3931.360000,1,-1.290000,-0.0300,7.320000,33.190000,-2562.900000
1379,Entry short,2025-10-25 06:45,3930.070000,1,-1.290000,-0.0300,7.320000,33.190000,-2562.900000
1378,Exit long,2025-10-25 03:30,3929.510000,1,8.260000,0.2100,16.780000,4.130000,-2561.610000
1378,Entry long,2025-10-25 01:15,3921.250000,1,8.260000,0.2100,16.780000,4.130000,-2561.610000
1377,Exit short,2025-10-25 01:15,3921.250000,1,0.850000,0.0200,12.100000,21.710000,-2569.870000
1377,Entry short,2025-10-24 19:15,3922.100000,1,0.850000,0.0200,12.100000,21.710000,-2569.870000
1376,Exit long,2025-10-24 19:15,3922.100000,1,-30.680000,-0.7800,73.700000,88.500000,-2570.720000
1376,Entry long,2025-10-24 08:45,3952.780000,1,-30.680000,-0.7800,73.700000,88.500000,-2570.720000
1375,Exit short,2025-10-24 08:45,3952.780000,1,-97.560000,-2.5300,11.200000,132.780000,-2540.040000
1375,Entry short,2025-10-24 00:00,3855.220000,1,-97.560000,-2.5300,11.200000,132.780000,-2540.040000
1374,Exit long,2025-10-24 00:00,3855.220000,1,-11.020000,-0.2900,2.330000,49.360000,-2442.480000
1374,Entry long,2025-10-23 19:30,3866.240000,1,-11.020000,-0.2900,2.330000,49.360000,-2442.480000
1373,Exit short,2025-10-23 19:30,3866.240000,1,8.630000,0.2200,32.060000,58.530000,-2431.460000
1373,Entry short,2025-10-23 16:00,3874.870000,1,8.630000,0.2200,32.060000,58.530000,-2431.460000
1372,Exit long,2025-10-23 16:00,3874.870000,1,10.420000,0.2700,21.430000,57.440000,-2440.090000
1372,Entry long,2025-10-23 11:45,3864.450000,1,10.420000,0.2700,21.430000,57.440000,-2440.090000
1371,Exit short,2025-10-23 11:45,3864.450000,1,-15.600000,-0.4100,142.540000,56.620000,-2450.510000
1371,Entry short,2025-10-22 13:30,3848.850000,1,-15.600000,-0.4100,142.540000,56.620000,-2450.510000
1370,Exit long,2025-10-22 13:30,3848.850000,1,27.150000,0.7100,43.210000,8.550000,-2434.910000
1370,Entry long,2025-10-22 11:30,3821.700000,1,27.150000,0.7100,43.210000,8.550000,-2434.910000
1369,Exit short,2025-10-22 11:30,3821.700000,1,42.000000,1.0900,98.700000,19.230000,-2462.060000
1369,Entry short,2025-10-22 02:45,3863.700000,1,42.000000,1.0900,98.700000,19.230000,-2462.060000
1368,Exit long,2025-10-22 02:45,3863.700000,1,-148.150000,-3.6900,9.140000,196.480000,-2504.060000
1368,Entry long,2025-10-21 19:00,4011.850000,1,-148.150000,-3.6900,9.140000,196.480000,-2504.060000
1367,Exit short,2025-10-21 19:00,4011.850000,1,-121.400000,-3.1200,40.430000,217.960000,-2355.910000
1367,Entry short,2025-10-21 07:30,3890.450000,1,-121.400000,-3.1200,40.430000,217.960000,-2355.910000
1366,Exit long,2025-10-21 07:30,3890.450000,1,-39.260000,-1.0000,12.150000,91.500000,-2234.510000
1366,Entry long,2025-10-21 03:00,3929.710000,1,-39.260000,-1.0000,12.150000,91.500000,-2234.510000
1365,Exit short,2025-10-21 03:00,3929.710000,1,55.030000,1.3800,61.740000,17.220000,-2195.250000
1365,Entry short,2025-10-20 20:30,3984.740000,1,55.030000,1.3800,61.740000,17.220000,-2195.250000
1364,Exit long,2025-10-20 20:30,3984.740000,1,-64.670000,-1.6000,9.210000,129.110000,-2250.280000
1364,Entry long,2025-10-20 08:45,4049.410000,1,-64.670000,-1.6000,9.210000,129.110000,-2250.280000
1363,Exit short,2025-10-20 08:45,4049.410000,1,-20.090000,-0.5000,0.010000,55.680000,-2185.610000
1363,Entry short,2025-10-20 04:30,4029.320000,1,-20.090000,-0.5000,0.010000,55.680000,-2185.610000
1362,Exit long,2025-10-20 04:30,4029.320000,1,37.520000,0.9400,55.290000,84.910000,-2165.520000
1362,Entry long,2025-10-19 18:30,3991.800000,1,37.520000,0.9400,55.290000,84.910000,-2165.520000
1361,Exit short,2025-10-19 18:30,3991.800000,1,-68.870000,-1.7600,16.170000,103.380000,-2203.040000
1361,Entry short,2025-10-19 10:45,3922.930000,1,-68.870000,-1.7600,16.170000,103.380000,-2203.040000
1360,Exit long,2025-10-19 10:45,3922.930000,1,40.970000,1.0600,78.040000,71.960000,-2134.170000
1360,Entry long,2025-10-19 07:30,3881.960000,1,40.970000,1.0600,78.040000,71.960000,-2134.170000
1359,Exit short,2025-10-19 07:30,3881.960000,1,11.520000,0.3000,21.980000,26.000000,-2175.140000
1359,Entry short,2025-10-19 04:15,3893.480000,1,11.520000,0.3000,21.980000,26.000000,-2175.140000
1358,Exit long,2025-10-19 04:15,3893.480000,1,23.510000,0.6100,37.090000,7.090000,-2186.660000
1358,Entry long,2025-10-19 01:30,3869.970000,1,23.510000,0.6100,37.090000,7.090000,-2186.660000
1357,Exit short,2025-10-19 01:30,3869.970000,1,14.980000,0.3900,31.420000,22.970000,-2210.170000
1357,Entry short,2025-10-18 18:15,3884.950000,1,14.980000,0.3900,31.420000,22.970000,-2210.170000
1356,Exit long,2025-10-18 18:15,3884.950000,1,46.630000,1.2100,87.680000,9.420000,-2225.150000
1356,Entry long,2025-10-18 00:30,3838.320000,1,46.630000,1.2100,87.680000,9.420000,-2225.150000
1355,Exit short,2025-10-18 00:30,3838.320000,1,-62.030000,-1.6400,63.780000,105.710000,-2271.780000
1355,Entry short,2025-10-17 12:00,3776.290000,1,-62.030000,-1.6400,63.780000,105.710000,-2271.780000
1354,Exit long,2025-10-17 12:00,3776.290000,1,-122.160000,-3.1300,6.830000,227.450000,-2209.750000
1354,Entry long,2025-10-17 05:45,3898.450000,1,-122.160000,-3.1300,6.830000,227.450000,-2209.750000
1353,Exit short,2025-10-17 05:45,3898.450000,1,-26.460000,-0.6800,13.110000,76.070000,-2087.590000
1353,Entry short,2025-10-16 22:30,3871.990000,1,-26.460000,-0.6800,13.110000,76.070000,-2087.590000
1352,Exit long,2025-10-16 22:30,3871.990000,1,-20.540000,-0.5300,73.760000,70.030000,-2061.130000
1352,Entry long,2025-10-16 16:45,3892.530000,1,-20.540000,-0.5300,73.760000,70.030000,-2061.130000
1351,Exit short,2025-10-16 16:45,3892.530000,1,154.670000,3.8200,192.200000,42.140000,-2040.590000
1351,Entry short,2025-10-16 11:00,4047.200000,1,154.670000,3.8200,192.200000,42.140000,-2040.590000
1350,Exit long,2025-10-16 11:00,4047.200000,1,48.410000,1.2100,78.750000,61.490000,-2195.260000
1350,Entry long,2025-10-16 09:15,3998.790000,1,48.410000,1.2100,78.750000,61.490000,-2195.260000
1349,Exit short,2025-10-16 06:00,3994.720000,1,-6.050000,-0.1500,63.670000,46.330000,-2243.670000
1349,Entry short,2025-10-15 19:15,3988.670000,1,-6.050000,-0.1500,63.670000,46.330000,-2243.670000
1348,Exit long,2025-10-15 19:15,3988.670000,1,-124.860000,-3.0400,0.370000,186.720000,-2237.620000
1348,Entry long,2025-10-15 11:45,4113.530000,1,-124.860000,-3.0400,0.370000,186.720000,-2237.620000
1347,Exit short,2025-10-15 11:45,4113.530000,1,-0.920000,-0.0200,27.610000,103.510000,-2112.760000
1347,Entry short,2025-10-15 07:45,4112.610000,1,-0.920000,-0.0200,27.610000,103.510000,-2112.760000
1346,Exit long,2025-10-15 07:45,4112.610000,1,-5.130000,-0.1200,26.750000,58.740000,-2111.840000
1346,Entry long,2025-10-15 01:00,4117.740000,1,-5.130000,-0.1200,26.750000,58.740000,-2111.840000
1345,Exit short,2025-10-15 01:00,4117.740000,1,-133.930000,-3.3600,98.720000,179.440000,-2106.710000
1345,Entry short,2025-10-14 10:00,3983.810000,1,-133.930000,-3.3600,98.720000,179.440000,-2106.710000
1344,Exit long,2025-10-14 10:00,3983.810000,1,-267.510000,-6.2900,23.580000,301.310000,-1972.780000
1344,Entry long,2025-10-13 22:30,4251.320000,1,-267.510000,-6.2900,23.580000,301.310000,-1972.780000
1343,Exit short,2025-10-13 22:30,4251.320000,1,-143.930000,-3.5000,28.580000,185.640000,-1705.270000
1343,Entry short,2025-10-13 14:30,4107.390000,1,-143.930000,-3.5000,28.580000,185.640000,-1705.270000
1342,Exit long,2025-10-13 14:30,4107.390000,1,-54.910000,-1.3200,17.590000,128.180000,-1561.340000
1342,Entry long,2025-10-13 10:00,4162.300000,1,-54.910000,-1.3200,17.590000,128.180000,-1561.340000
1341,Exit short,2025-10-13 10:00,4162.300000,1,13.980000,0.3300,36.210000,17.610000,-1506.430000
1341,Entry short,2025-10-13 08:00,4176.280000,1,13.980000,0.3300,36.210000,17.610000,-1506.430000
1340,Exit long,2025-10-13 08:00,4176.280000,1,48.730000,1.1800,91.880000,49.960000,-1520.410000
1340,Entry long,2025-10-12 19:15,4127.550000,1,48.730000,1.1800,91.880000,49.960000,-1520.410000
1339,Exit short,2025-10-12 19:15,4127.550000,1,-120.360000,-3.0000,0.010000,168.710000,-1569.140000
1339,Entry short,2025-10-12 15:45,4007.190000,1,-120.360000,-3.0000,0.010000,168.710000,-1569.140000
1338,Exit long,2025-10-12 15:45,4007.190000,1,180.030000,4.7000,250.800000,35.370000,-1448.780000
1338,Entry long,2025-10-12 11:15,3827.160000,1,180.030000,4.7000,250.800000,35.370000,-1448.780000
1337,Exit short,2025-10-12 11:15,3827.160000,1,-81.620000,-2.1800,52.580000,120.520000,-1628.810000
1337,Entry short,2025-10-11 23:30,3745.540000,1,-81.620000,-2.1800,52.580000,120.520000,-1628.810000
1336,Exit long,2025-10-11 23:30,3745.540000,1,-12.460000,-0.3300,6.920000,118.000000,-1547.190000
1336,Entry long,2025-10-11 20:00,3758.000000,1,-12.460000,-0.3300,6.920000,118.000000,-1547.190000
1335,Exit short,2025-10-11 20:00,3758.000000,1,68.000000,1.7800,97.680000,30.000000,-1534.730000
1335,Entry short,2025-10-11 09:30,3826.000000,1,68.000000,1.7800,97.680000,30.000000,-1534.730000
1334,Exit long,2025-10-11 09:30,3826.000000,1,56.630000,1.5000,76.610000,0.150000,-1602.730000
1334,Entry long,2025-10-11 08:15,3769.370000,1,56.630000,1.5000,76.610000,0.150000,-1602.730000
1333,Exit short,2025-10-11 08:15,3769.370000,1,18.630000,0.4900,56.800000,43.020000,-1659.360000
1333,Entry short,2025-10-11 03:15,3788.000000,1,18.630000,0.4900,56.800000,43.020000,-1659.360000
1332,Exit long,2025-10-11 03:15,3788.000000,1,14.500000,0.3800,86.890000,1.900000,-1677.990000
1332,Entry long,2025-10-11 02:15,3773.500000,1,14.500000,0.3800,86.890000,1.900000,-1677.990000
1331,Exit short,2025-10-11 02:15,3773.500000,1,91.260000,2.3600,464.760000,115.920000,-1692.490000
1331,Entry short,2025-10-10 21:00,3864.760000,1,91.260000,2.3600,464.760000,115.920000,-1692.490000
1330,Exit long,2025-10-10 21:00,3864.760000,1,-245.530000,-5.9700,25.790000,278.740000,-1783.750000
1330,Entry long,2025-10-10 16:15,4110.290000,1,-245.530000,-5.9700,25.790000,278.740000,-1783.750000
1329,Exit short,2025-10-10 16:15,4110.290000,1,226.490000,5.2200,269.340000,51.650000,-1538.220000
1329,Entry short,2025-10-10 12:45,4336.780000,1,226.490000,5.2200,269.340000,51.650000,-1538.220000
1328,Exit long,2025-10-10 12:45,4336.780000,1,-30.080000,-0.6900,25.000000,55.860000,-1764.710000
1328,Entry long,2025-10-10 02:45,4366.860000,1,-30.080000,-0.6900,25.000000,55.860000,-1764.710000
1327,Exit short,2025-10-10 02:45,4366.860000,1,-57.500000,-1.3300,11.190000,82.640000,-1734.630000
1327,Entry short,2025-10-09 18:45,4309.360000,1,-57.500000,-1.3300,11.190000,82.640000,-1734.630000
1326,Exit long,2025-10-09 18:45,4309.360000,1,-6.160000,-0.1400,23.600000,52.970000,-1677.130000
1326,Entry long,2025-10-09 16:15,4315.520000,1,-6.160000,-0.1400,23.600000,52.970000,-1677.130000
1325,Exit short,2025-10-09 16:15,4315.520000,1,55.470000,1.2700,80.990000,40.470000,-1670.970000
1325,Entry short,2025-10-09 12:00,4370.990000,1,55.470000,1.2700,80.990000,40.470000,-1670.970000
1324,Exit long,2025-10-09 12:00,4370.990000,1,-53.430000,-1.2100,0.750000,107.830000,-1726.440000
1324,Entry long,2025-10-09 08:00,4424.420000,1,-53.430000,-1.2100,0.750000,107.830000,-1726.440000
1323,Exit short,2025-10-09 08:00,4424.420000,1,21.140000,0.4800,37.560000,8.040000,-1673.010000
1323,Entry short,2025-10-09 05:30,4445.560000,1,21.140000,0.4800,37.560000,8.040000,-1673.010000
1322,Exit long,2025-10-09 05:30,4445.560000,1,-31.680000,-0.7100,2.540000,77.240000,-1694.150000
1322,Entry long,2025-10-09 02:00,4477.240000,1,-31.680000,-0.7100,2.540000,77.240000,-1694.150000
1321,Exit short,2025-10-09 02:00,4477.240000,1,59.750000,1.3200,76.760000,5.810000,-1662.470000
1321,Entry short,2025-10-08 18:00,4536.990000,1,59.750000,1.3200,76.760000,5.810000,-1662.470000
1320,Exit long,2025-10-08 18:00,4536.990000,1,54.200000,1.2100,73.960000,48.200000,-1722.220000
1320,Entry long,2025-10-08 13:15,4482.790000,1,54.200000,1.2100,73.960000,48.200000,-1722.220000
1319,Exit short,2025-10-08 13:15,4482.790000,1,-32.470000,-0.7300,10.280000,54.680000,-1776.420000
1319,Entry short,2025-10-08 07:30,4450.320000,1,-32.470000,-0.7300,10.280000,54.680000,-1776.420000
1318,Exit long,2025-10-08 07:30,4450.320000,1,5.140000,0.1200,18.990000,26.600000,-1743.950000
1318,Entry long,2025-10-08 04:30,4445.180000,1,5.140000,0.1200,18.990000,26.600000,-1743.950000
1317,Exit short,2025-10-08 04:30,4445.180000,1,32.090000,0.7200,68.580000,8.480000,-1749.090000
1317,Entry short,2025-10-08 02:45,4477.270000,1,32.090000,0.7200,68.580000,8.480000,-1749.090000
1316,Exit long,2025-10-08 02:45,4477.270000,1,23.220000,0.5200,43.000000,22.900000,-1781.180000
1316,Entry long,2025-10-08 00:30,4454.050000,1,23.220000,0.5200,43.000000,22.900000,-1781.180000
1315,Exit short,2025-10-08 00:30,4454.050000,1,49.400000,1.1000,81.010000,9.550000,-1804.400000
1315,Entry short,2025-10-07 20:45,4503.450000,1,49.400000,1.1000,81.010000,9.550000,-1804.400000
1314,Exit long,2025-10-07 20:45,4503.450000,1,-6.850000,-0.1500,12.030000,69.850000,-1853.800000
1314,Entry long,2025-10-07 16:00,4510.300000,1,-6.850000,-0.1500,12.030000,69.850000,-1853.800000
1313,Exit short,2025-10-07 16:00,4510.300000,1,175.440000,3.7400,212.800000,68.260000,-1846.950000
1313,Entry short,2025-10-07 10:30,4685.740000,1,175.440000,3.7400,212.800000,68.260000,-1846.950000
1312,Exit long,2025-10-07 10:30,4685.740000,1,6.140000,0.1300,16.120000,43.600000,-2022.390000
1312,Entry long,2025-10-07 07:30,4679.600000,1,6.140000,0.1300,16.120000,43.600000,-2022.390000
1311,Exit short,2025-10-07 07:30,4679.600000,1,42.400000,0.9000,59.990000,2.040000,-2028.530000
1311,Entry short,2025-10-07 05:45,4722.000000,1,42.400000,0.9000,59.990000,2.040000,-2028.530000
1310,Exit long,2025-10-07 05:45,4722.000000,1,12.000000,0.2500,24.990000,49.970000,-2070.930000
1310,Entry long,2025-10-06 19:00,4710.000000,1,12.000000,0.2500,24.990000,49.970000,-2070.930000
1309,Exit short,2025-10-06 19:00,4710.000000,1,-138.010000,-3.0200,45.530000,146.010000,-2082.930000
1309,Entry short,2025-10-06 07:15,4571.990000,1,-138.010000,-3.0200,45.530000,146.010000,-2082.930000
1308,Exit long,2025-10-06 07:15,4571.990000,1,53.520000,1.1800,57.430000,0.010000,-1944.920000
1308,Entry long,2025-10-06 05:45,4518.470000,1,53.520000,1.1800,57.430000,0.010000,-1944.920000
1307,Exit short,2025-10-06 05:45,4518.470000,1,-23.730000,-0.5300,8.690000,57.000000,-1998.440000
1307,Entry short,2025-10-05 21:15,4494.740000,1,-23.730000,-0.5300,8.690000,57.000000,-1998.440000
1306,Exit long,2025-10-05 21:15,4494.740000,1,-46.100000,-1.0200,14.150000,70.100000,-1974.710000
1306,Entry long,2025-10-05 11:00,4540.840000,1,-46.100000,-1.0200,14.150000,70.100000,-1974.710000
1305,Exit short,2025-10-05 11:00,4540.840000,1,-59.600000,-1.3300,16.230000,137.200000,-1928.610000
1305,Entry short,2025-10-04 20:45,4481.240000,1,-59.600000,-1.3300,16.230000,137.200000,-1928.610000
1304,Exit long,2025-10-04 20:45,4481.240000,1,28.100000,0.6300,30.680000,15.140000,-1869.010000
1304,Entry long,2025-10-04 16:00,4453.140000,1,28.100000,0.6300,30.680000,15.140000,-1869.010000
1303,Exit short,2025-10-04 16:00,4453.140000,1,46.720000,1.0400,61.060000,3.140000,-1897.110000
1303,Entry short,2025-10-04 14:30,4499.860000,1,46.720000,1.0400,61.060000,3.140000,-1897.110000
1302,Exit long,2025-10-04 14:30,4499.860000,1,5.660000,0.1300,15.690000,20.290000,-1943.830000
1302,Entry long,2025-10-04 09:15,4494.200000,1,5.660000,0.1300,15.690000,20.290000,-1943.830000
1301,Exit short,2025-10-04 09:15,4494.200000,1,-15.680000,-0.3500,1.450000,37.280000,-1949.490000
1301,Entry short,2025-10-04 04:30,4478.520000,1,-15.680000,-0.3500,1.450000,37.280000,-1949.490000
1300,Exit long,2025-10-04 04:30,4478.520000,1,-19.940000,-0.4400,45.550000,38.460000,-1933.810000
1300,Entry long,2025-10-03 18:45,4498.460000,1,-19.940000,-0.4400,45.550000,38.460000,-1933.810000
1299,Exit short,2025-10-03 18:45,4498.460000,1,-27.340000,-0.6100,37.480000,119.710000,-1913.870000
1299,Entry short,2025-10-03 10:15,4471.120000,1,-27.340000,-0.6100,37.480000,119.710000,-1913.870000
1298,Exit long,2025-10-03 10:15,4471.120000,1,-7.900000,-0.1800,5.090000,53.020000,-1886.530000
1298,Entry long,2025-10-03 06:15,4479.020000,1,-7.900000,-0.1800,5.090000,53.020000,-1886.530000
1297,Exit short,2025-10-03 06:15,4479.020000,1,39.380000,0.8700,54.120000,9.120000,-1878.630000
1297,Entry short,2025-10-03 03:45,4518.400000,1,39.380000,0.8700,54.120000,9.120000,-1878.630000
1296,Exit long,2025-10-03 03:45,4518.400000,1,29.400000,0.6500,70.000000,35.540000,-1918.010000
1296,Entry long,2025-10-02 21:00,4489.000000,1,29.400000,0.6500,70.000000,35.540000,-1918.010000
1295,Exit short,2025-10-02 21:00,4489.000000,1,-94.010000,-2.1400,62.760000,121.660000,-1947.410000
1295,Entry short,2025-10-02 13:15,4394.990000,1,-94.010000,-2.1400,62.760000,121.660000,-1947.410000
1294,Exit long,2025-10-02 13:15,4394.990000,1,9.290000,0.2100,31.260000,15.060000,-1853.400000
1294,Entry long,2025-10-02 08:30,4385.700000,1,9.290000,0.2100,31.260000,15.060000,-1853.400000
1293,Exit short,2025-10-02 08:30,4385.700000,1,-31.210000,-0.7200,24.380000,67.810000,-1862.690000
1293,Entry short,2025-10-02 00:30,4354.490000,1,-31.210000,-0.7200,24.380000,67.810000,-1862.690000
1292,Exit long,2025-10-02 00:30,4354.490000,1,60.820000,1.4200,84.330000,13.200000,-1831.480000
1292,Entry long,2025-10-01 13:30,4293.670000,1,60.820000,1.4200,84.330000,13.200000,-1831.480000
1291,Exit short,2025-10-01 13:30,4293.670000,1,-129.230000,-3.1000,43.110000,164.560000,-1892.300000
1291,Entry short,2025-10-01 02:30,4164.440000,1,-129.230000,-3.1000,43.110000,164.560000,-1892.300000
1290,Exit long,2025-10-01 02:30,4164.440000,1,28.990000,0.7000,37.020000,14.840000,-1763.070000
1290,Entry long,2025-09-30 23:30,4135.450000,1,28.990000,0.7000,37.020000,14.840000,-1763.070000
1289,Exit short,2025-09-30 23:30,4135.450000,1,23.030000,0.5500,45.440000,41.410000,-1792.060000
1289,Entry short,2025-09-30 20:00,4158.480000,1,23.030000,0.5500,45.440000,41.410000,-1792.060000
1288,Exit long,2025-09-30 20:00,4158.480000,1,59.400000,1.4500,70.920000,7.470000,-1815.090000
1288,Entry long,2025-09-30 17:30,4099.080000,1,59.400000,1.4500,70.920000,7.470000,-1815.090000
1287,Exit short,2025-09-30 17:30,4099.080000,1,60.030000,1.4400,68.110000,14.890000,-1874.490000
1287,Entry short,2025-09-30 12:15,4159.110000,1,60.030000,1.4400,68.110000,14.890000,-1874.490000
1286,Exit long,2025-09-30 12:15,4159.110000,1,-9.660000,-0.2300,6.770000,37.100000,-1934.520000
1286,Entry long,2025-09-30 09:30,4168.770000,1,-9.660000,-0.2300,6.770000,37.100000,-1934.520000
1285,Exit short,2025-09-30 09:30,4168.770000,1,25.310000,0.6000,42.960000,0.780000,-1924.860000
1285,Entry short,2025-09-30 07:15,4194.080000,1,25.310000,0.6000,42.960000,0.780000,-1924.860000
1284,Exit long,2025-09-30 07:15,4194.080000,1,-22.720000,-0.5400,30.070000,49.580000,-1950.170000
1284,Entry long,2025-09-30 00:45,4216.800000,1,-22.720000,-0.5400,30.070000,49.580000,-1950.170000
1283,Exit short,2025-09-30 00:45,4216.800000,1,-27.750000,-0.6600,4.280000,45.220000,-1927.450000
1283,Entry short,2025-09-29 20:30,4189.050000,1,-27.750000,-0.6600,4.280000,45.220000,-1927.450000
1282,Exit long,2025-09-29 20:30,4189.050000,1,45.100000,1.0900,52.060000,3.950000,-1899.700000
1282,Entry long,2025-09-29 17:45,4143.950000,1,45.100000,1.0900,52.060000,3.950000,-1899.700000
1281,Exit short,2025-09-29 17:45,4143.950000,1,45.940000,1.1000,64.680000,12.800000,-1944.800000
1281,Entry short,2025-09-29 14:45,4189.890000,1,45.940000,1.1000,64.680000,12.800000,-1944.800000
1280,Exit long,2025-09-29 14:45,4189.890000,1,85.690000,2.0900,88.800000,24.200000,-1990.740000
1280,Entry long,2025-09-29 11:45,4104.200000,1,85.690000,2.0900,88.800000,24.200000,-1990.740000
1279,Exit short,2025-09-29 11:45,4104.200000,1,16.840000,0.4100,29.240000,16.960000,-2076.430000
1279,Entry short,2025-09-29 09:15,4121.040000,1,16.840000,0.4100,29.240000,16.960000,-2076.430000
1278,Exit long,2025-09-29 09:15,4121.040000,1,-0.680000,-0.0200,13.280000,35.490000,-2093.270000
1278,Entry long,2025-09-29 02:30,4121.720000,1,-0.680000,-0.0200,13.280000,35.490000,-2093.270000
1277,Exit short,2025-09-29 02:30,4121.720000,1,5.170000,0.1300,17.980000,17.100000,-2092.590000
1277,Entry short,2025-09-28 23:15,4126.890000,1,5.170000,0.1300,17.980000,17.100000,-2092.590000
1276,Exit short,2025-09-28 20:15,4035.810000,1,-25.480000,-0.6400,47.230000,44.330000,-2097.760000
1276,Entry short,2025-09-28 05:45,4010.330000,1,-25.480000,-0.6400,47.230000,44.330000,-2097.760000
1275,Exit long,2025-09-28 05:45,4010.330000,1,7.440000,0.1900,15.610000,8.340000,-2072.280000
1275,Entry long,2025-09-28 02:30,4002.890000,1,7.440000,0.1900,15.610000,8.340000,-2072.280000
1274,Exit short,2025-09-28 02:30,4002.890000,1,2.300000,0.0600,13.100000,26.800000,-2079.720000
1274,Entry short,2025-09-27 21:00,4005.190000,1,2.300000,0.0600,13.100000,26.800000,-2079.720000
1273,Exit long,2025-09-27 21:00,4005.190000,1,10.880000,0.2700,14.590000,9.420000,-2082.020000
1273,Entry long,2025-09-27 17:45,3994.310000,1,10.880000,0.2700,14.590000,9.420000,-2082.020000
1272,Exit short,2025-09-27 17:45,3994.310000,1,8.730000,0.2200,23.440000,35.580000,-2092.900000
1272,Entry short,2025-09-27 11:45,4003.040000,1,8.730000,0.2200,23.440000,35.580000,-2092.900000
1271,Exit long,2025-09-27 11:45,4003.040000,1,-12.960000,-0.3200,22.000000,44.550000,-2101.630000
1271,Entry long,2025-09-26 20:30,4016.000000,1,-12.960000,-0.3200,22.000000,44.550000,-2101.630000
1270,Exit short,2025-09-26 20:30,4016.000000,1,-76.770000,-1.9500,19.270000,127.160000,-2088.670000
1270,Entry short,2025-09-26 14:30,3939.230000,1,-76.770000,-1.9500,19.270000,127.160000,-2088.670000
1269,Exit long,2025-09-26 14:30,3939.230000,1,0.640000,0.0200,46.410000,67.590000,-2011.900000
1269,Entry long,2025-09-26 06:30,3938.590000,1,0.640000,0.0200,46.410000,67.590000,-2011.900000
1268,Exit short,2025-09-26 06:30,3938.590000,1,-28.230000,-0.7200,62.360000,65.630000,-2012.540000
1268,Entry short,2025-09-25 20:00,3910.360000,1,-28.230000,-0.7200,62.360000,65.630000,-2012.540000
1267,Exit long,2025-09-25 20:00,3910.360000,1,45.170000,1.1700,81.690000,43.190000,-1984.310000
1267,Entry long,2025-09-25 17:45,3865.190000,1,45.170000,1.1700,81.690000,43.190000,-1984.310000
1266,Exit short,2025-09-25 17:45,3865.190000,1,137.420000,3.4300,146.600000,3.690000,-2029.480000
1266,Entry short,2025-09-25 15:15,4002.610000,1,137.420000,3.4300,146.600000,3.690000,-2029.480000
1265,Exit long,2025-09-25 15:15,4002.610000,1,-6.660000,-0.1700,12.480000,97.880000,-2166.900000
1265,Entry long,2025-09-25 12:15,4009.270000,1,-6.660000,-0.1700,12.480000,97.880000,-2166.900000
1264,Exit short,2025-09-25 12:15,4009.270000,1,21.290000,0.5300,42.210000,21.490000,-2160.240000
1264,Entry short,2025-09-25 08:30,4030.560000,1,21.290000,0.5300,42.210000,21.490000,-2160.240000
1263,Exit long,2025-09-25 08:30,4030.560000,1,-126.380000,-3.0400,12.660000,195.940000,-2181.530000
1263,Entry long,2025-09-24 20:15,4156.940000,1,-126.380000,-3.0400,12.660000,195.940000,-2181.530000
1262,Exit short,2025-09-24 20:15,4156.940000,1,32.360000,0.7700,37.080000,2.700000,-2055.150000
1262,Entry short,2025-09-24 15:45,4189.300000,1,32.360000,0.7700,37.080000,2.700000,-2055.150000
1261,Exit long,2025-09-24 15:45,4189.300000,1,23.300000,0.5600,38.990000,4.300000,-2087.510000
1261,Entry long,2025-09-24 14:15,4166.000000,1,23.300000,0.5600,38.990000,4.300000,-2087.510000
1260,Exit short,2025-09-24 14:15,4166.000000,1,5.220000,0.1300,26.220000,25.840000,-2110.810000
1260,Entry short,2025-09-24 06:30,4171.220000,1,5.220000,0.1300,26.220000,25.840000,-2110.810000
1259,Exit long,2025-09-24 06:30,4171.220000,1,29.220000,0.7100,36.760000,72.000000,-2116.030000
1259,Entry long,2025-09-24 03:45,4142.000000,1,29.220000,0.7100,36.760000,72.000000,-2116.030000
1258,Exit short,2025-09-24 03:45,4142.000000,1,43.970000,1.0500,60.850000,7.030000,-2145.250000
1258,Entry short,2025-09-23 21:45,4185.970000,1,43.970000,1.0500,60.850000,7.030000,-2145.250000
1257,Exit long,2025-09-23 21:45,4185.970000,1,-2.940000,-0.0700,20.820000,53.590000,-2189.220000
1257,Entry long,2025-09-23 10:30,4188.910000,1,-2.940000,-0.0700,20.820000,53.590000,-2189.220000
1256,Exit short,2025-09-23 10:30,4188.910000,1,3.760000,0.0900,10.200000,37.390000,-2186.280000
1256,Entry short,2025-09-23 06:15,4192.670000,1,3.760000,0.0900,10.200000,37.390000,-2186.280000
1255,Exit long,2025-09-23 06:15,4192.670000,1,-3.300000,-0.0800,1.030000,83.540000,-2190.040000
1255,Entry long,2025-09-23 01:30,4195.970000,1,-3.300000,-0.0800,1.030000,83.540000,-2190.040000
1254,Exit short,2025-09-23 01:30,4195.970000,1,-2.490000,-0.0600,20.400000,16.510000,-2186.740000
1254,Entry short,2025-09-22 21:45,4193.480000,1,-2.490000,-0.0600,20.400000,16.510000,-2186.740000
1253,Exit long,2025-09-22 21:45,4193.480000,1,19.940000,0.4800,21.170000,54.380000,-2184.250000
1253,Entry long,2025-09-22 16:30,4173.540000,1,19.940000,0.4800,21.170000,54.380000,-2184.250000
1252,Exit short,2025-09-22 16:30,4173.540000,1,114.460000,2.6700,287.120000,8.590000,-2204.190000
1252,Entry short,2025-09-22 05:00,4288.000000,1,114.460000,2.6700,287.120000,8.590000,-2204.190000
1251,Exit long,2025-09-22 05:00,4288.000000,1,-186.170000,-4.1600,1.730000,219.880000,-2318.650000
1251,Entry long,2025-09-21 21:45,4474.170000,1,-186.170000,-4.1600,1.730000,219.880000,-2318.650000
1250,Exit short,2025-09-21 21:45,4474.170000,1,-9.010000,-0.2000,3.100000,31.850000,-2132.480000
1250,Entry short,2025-09-21 13:00,4465.160000,1,-9.010000,-0.2000,3.100000,31.850000,-2132.480000
1249,Exit long,2025-09-21 13:00,4465.160000,1,1.070000,0.0200,7.840000,10.540000,-2123.470000
1249,Entry long,2025-09-21 10:00,4464.090000,1,1.070000,0.0200,7.840000,10.540000,-2123.470000
1248,Exit short,2025-09-21 10:00,4464.090000,1,18.810000,0.4200,42.830000,1.030000,-2124.540000
1248,Entry short,2025-09-21 07:00,4482.900000,1,18.810000,0.4200,42.830000,1.030000,-2124.540000
1247,Exit long,2025-09-21 07:00,4482.900000,1,2.250000,0.0500,10.740000,26.360000,-2143.350000
1247,Entry long,2025-09-21 00:15,4480.650000,1,2.250000,0.0500,10.740000,26.360000,-2143.350000
1246,Exit short,2025-09-21 00:15,4480.650000,1,7.330000,0.1600,10.980000,4.840000,-2145.600000
1246,Entry short,2025-09-20 22:00,4487.980000,1,7.330000,0.1600,10.980000,4.840000,-2145.600000
1245,Exit long,2025-09-20 22:00,4487.980000,1,8.840000,0.2000,20.590000,10.190000,-2152.930000
1245,Entry long,2025-09-20 18:15,4479.140000,1,8.840000,0.2000,20.590000,10.190000,-2152.930000
1244,Exit short,2025-09-20 18:15,4479.140000,1,18.230000,0.4100,30.100000,9.380000,-2161.770000
1244,Entry short,2025-09-20 15:45,4497.370000,1,18.230000,0.4100,30.100000,9.380000,-2161.770000
1243,Exit long,2025-09-20 15:45,4497.370000,1,26.820000,0.6000,34.900000,9.230000,-2180.000000
1243,Entry long,2025-09-20 10:15,4470.550000,1,26.820000,0.6000,34.900000,9.230000,-2180.000000
1242,Exit short,2025-09-20 10:15,4470.550000,1,-10.550000,-0.2400,16.730000,24.590000,-2206.820000
1242,Entry short,2025-09-19 21:30,4460.000000,1,-10.550000,-0.2400,16.730000,24.590000,-2206.820000
1241,Exit long,2025-09-19 21:30,4460.000000,1,-12.290000,-0.2700,14.490000,39.290000,-2196.270000
1241,Entry long,2025-09-19 16:00,4472.290000,1,-12.290000,-0.2700,14.490000,39.290000,-2196.270000
1240,Exit short,2025-09-19 16:00,4472.290000,1,66.110000,1.4600,96.100000,3.600000,-2183.980000
1240,Entry short,2025-09-19 08:30,4538.400000,1,66.110000,1.4600,96.100000,3.600000,-2183.980000
1239,Exit long,2025-09-19 08:30,4538.400000,1,-7.860000,-0.1700,10.800000,30.610000,-2250.090000
1239,Entry long,2025-09-19 04:30,4546.260000,1,-7.860000,-0.1700,10.800000,30.610000,-2250.090000
1238,Exit short,2025-09-19 04:30,4546.260000,1,54.900000,1.1900,71.160000,18.340000,-2242.230000
1238,Entry short,2025-09-19 01:15,4601.160000,1,54.900000,1.1900,71.160000,18.340000,-2242.230000
1237,Exit long,2025-09-19 01:15,4601.160000,1,7.260000,0.1600,17.100000,25.500000,-2297.130000
1237,Entry long,2025-09-18 20:15,4593.900000,1,7.260000,0.1600,17.100000,25.500000,-2297.130000
1236,Exit short,2025-09-18 20:15,4593.900000,1,5.620000,0.1200,44.350000,35.320000,-2304.390000
1236,Entry short,2025-09-18 09:30,4599.520000,1,5.620000,0.1200,44.350000,35.320000,-2304.390000
1235,Exit long,2025-09-18 09:30,4599.520000,1,-9.960000,-0.2200,0.010000,57.730000,-2310.010000
1235,Entry long,2025-09-18 05:00,4609.480000,1,-9.960000,-0.2200,0.010000,57.730000,-2310.010000
1234,Exit short,2025-09-18 05:00,4609.480000,1,-102.130000,-2.2700,23.430000,135.250000,-2300.050000
1234,Entry short,2025-09-17 20:45,4507.350000,1,-102.130000,-2.2700,23.430000,135.250000,-2300.050000
1233,Exit long,2025-09-17 20:45,4507.350000,1,21.460000,0.4800,53.710000,81.810000,-2197.920000
1233,Entry long,2025-09-17 10:45,4485.890000,1,21.460000,0.4800,53.710000,81.810000,-2197.920000
1232,Exit short,2025-09-17 10:45,4485.890000,1,54.120000,1.1900,61.820000,4.320000,-2219.380000
1232,Entry short,2025-09-17 07:30,4540.010000,1,54.120000,1.1900,61.820000,4.320000,-2219.380000
1231,Exit long,2025-09-17 07:30,4540.010000,1,30.300000,0.6700,44.380000,48.330000,-2273.500000
1231,Entry long,2025-09-17 00:30,4509.710000,1,30.300000,0.6700,44.380000,48.330000,-2273.500000
1230,Exit short,2025-09-17 00:30,4509.710000,1,-25.440000,-0.5700,20.430000,38.920000,-2303.800000
1230,Entry short,2025-09-16 18:00,4484.270000,1,-25.440000,-0.5700,20.430000,38.920000,-2303.800000
1229,Exit long,2025-09-16 18:00,4484.270000,1,-27.630000,-0.6100,24.410000,90.890000,-2278.360000
1229,Entry long,2025-09-16 01:00,4511.900000,1,-27.630000,-0.6100,24.410000,90.890000,-2278.360000
1228,Exit short,2025-09-16 01:00,4511.900000,1,0.750000,0.0200,49.650000,27.490000,-2250.730000
1228,Entry short,2025-09-15 12:30,4512.650000,1,0.750000,0.0200,49.650000,27.490000,-2250.730000
1227,Exit long,2025-09-15 12:30,4512.650000,1,-110.830000,-2.4000,0.010000,127.760000,-2251.480000
1227,Entry long,2025-09-15 07:30,4623.480000,1,-110.830000,-2.4000,0.010000,127.760000,-2251.480000
1226,Exit short,2025-09-15 07:30,4623.480000,1,-4.980000,-0.1100,3.500000,49.500000,-2140.650000
1226,Entry short,2025-09-15 03:00,4618.500000,1,-4.980000,-0.1100,3.500000,49.500000,-2140.650000
1225,Exit long,2025-09-15 03:00,4618.500000,1,5.290000,0.1100,15.470000,35.200000,-2135.670000
1225,Entry long,2025-09-15 00:30,4613.210000,1,5.290000,0.1100,15.470000,35.200000,-2135.670000
1224,Exit short,2025-09-15 00:30,4613.210000,1,2.490000,0.0500,30.130000,19.300000,-2140.960000
1224,Entry short,2025-09-14 18:15,4615.700000,1,2.490000,0.0500,30.130000,19.300000,-2140.960000
1223,Exit long,2025-09-14 18:15,4615.700000,1,29.050000,0.6300,41.350000,1.120000,-2143.450000
1223,Entry long,2025-09-14 16:15,4586.650000,1,29.050000,0.6300,41.350000,1.120000,-2143.450000
1222,Exit short,2025-09-14 16:15,4586.650000,1,73.640000,1.5800,85.290000,6.790000,-2172.500000
1222,Entry short,2025-09-14 10:15,4660.290000,1,73.640000,1.5800,85.290000,6.790000,-2172.500000
1221,Exit long,2025-09-14 10:15,4660.290000,1,-4.000000,-0.0900,15.700000,24.490000,-2246.140000
1221,Entry long,2025-09-14 04:45,4664.290000,1,-4.000000,-0.0900,15.700000,24.490000,-2246.140000
1220,Exit short,2025-09-14 04:45,4664.290000,1,-27.290000,-0.5900,6.180000,54.300000,-2242.140000
1220,Entry short,2025-09-13 19:15,4637.000000,1,-27.290000,-0.5900,6.180000,54.300000,-2242.140000
1219,Exit long,2025-09-13 19:15,4637.000000,1,-82.320000,-1.7400,48.680000,116.320000,-2214.850000
1219,Entry long,2025-09-13 01:15,4719.320000,1,-82.320000,-1.7400,48.680000,116.320000,-2214.850000
1218,Exit short,2025-09-13 01:15,4719.320000,1,-109.700000,-2.3800,4.590000,140.380000,-2132.530000
1218,Entry short,2025-09-12 18:15,4609.620000,1,-109.700000,-2.3800,4.590000,140.380000,-2132.530000
1217,Exit long,2025-09-12 18:15,4609.620000,1,106.010000,2.3500,123.390000,5.530000,-2022.830000
1217,Entry long,2025-09-12 04:00,4503.610000,1,106.010000,2.3500,123.390000,5.530000,-2022.830000
1216,Exit short,2025-09-12 04:00,4503.610000,1,-44.170000,-0.9900,11.090000,79.160000,-2128.840000
1216,Entry short,2025-09-11 23:30,4459.440000,1,-44.170000,-0.9900,11.090000,79.160000,-2128.840000
1215,Exit long,2025-09-11 23:30,4459.440000,1,44.420000,1.0100,68.420000,86.140000,-2084.670000
1215,Entry long,2025-09-11 10:00,4415.020000,1,44.420000,1.0100,68.420000,86.140000,-2084.670000
1214,Exit short,2025-09-11 10:00,4415.020000,1,-70.510000,-1.6200,9.420000,105.760000,-2129.090000
1214,Entry short,2025-09-10 22:30,4344.510000,1,-70.510000,-1.6200,9.420000,105.760000,-2129.090000
1213,Exit long,2025-09-10 22:30,4344.510000,1,-39.480000,-0.9000,11.660000,86.980000,-2058.580000
1213,Entry long,2025-09-10 17:00,4383.990000,1,-39.480000,-0.9000,11.660000,86.980000,-2058.580000
1212,Exit short,2025-09-10 17:00,4383.990000,1,-66.990000,-1.5500,24.340000,136.560000,-2019.100000
1212,Entry short,2025-09-10 03:15,4317.000000,1,-66.990000,-1.5500,24.340000,136.560000,-2019.100000
1211,Exit long,2025-09-10 03:15,4317.000000,1,27.120000,0.6300,35.650000,1.770000,-1952.110000
1211,Entry long,2025-09-10 01:15,4289.880000,1,27.120000,0.6300,35.650000,1.770000,-1952.110000
1210,Exit short,2025-09-10 01:15,4289.880000,1,-8.930000,-0.2100,1.950000,37.760000,-1979.230000
1210,Entry short,2025-09-09 18:45,4280.950000,1,-8.930000,-0.2100,1.950000,37.760000,-1979.230000
1209,Exit long,2025-09-09 18:45,4280.950000,1,-76.120000,-1.7500,9.360000,82.070000,-1970.300000
1209,Entry long,2025-09-09 10:45,4357.070000,1,-76.120000,-1.7500,9.360000,82.070000,-1970.300000
1208,Exit short,2025-09-09 10:45,4357.070000,1,-55.310000,-1.2900,1.730000,79.010000,-1894.180000
1208,Entry short,2025-09-09 04:15,4301.760000,1,-55.310000,-1.2900,1.730000,79.010000,-1894.180000
1207,Exit long,2025-09-09 04:15,4301.760000,1,9.040000,0.2100,14.400000,17.720000,-1838.870000
1207,Entry long,2025-09-09 01:45,4292.720000,1,9.040000,0.2100,14.400000,17.720000,-1838.870000
1206,Exit short,2025-09-09 01:45,4292.720000,1,21.020000,0.4900,33.740000,4.780000,-1847.910000
1206,Entry short,2025-09-08 22:45,4313.740000,1,21.020000,0.4900,33.740000,4.780000,-1847.910000
1205,Exit long,2025-09-08 22:45,4313.740000,1,-9.620000,-0.2200,10.630000,43.140000,-1868.930000
1205,Entry long,2025-09-08 17:45,4323.360000,1,-9.620000,-0.2200,10.630000,43.140000,-1868.930000
1204,Exit short,2025-09-08 17:45,4323.360000,1,-12.670000,-0.2900,13.330000,72.060000,-1859.310000
1204,Entry short,2025-09-08 09:45,4310.690000,1,-12.670000,-0.2900,13.330000,72.060000,-1859.310000
1203,Exit long,2025-09-08 09:45,4310.690000,1,20.370000,0.4700,44.160000,14.110000,-1846.640000
1203,Entry long,2025-09-08 02:00,4290.320000,1,20.370000,0.4700,44.160000,14.110000,-1846.640000
1202,Exit short,2025-09-08 02:00,4290.320000,1,-10.680000,-0.2500,0.340000,56.410000,-1867.010000
1202,Entry short,2025-09-07 20:15,4279.640000,1,-10.680000,-0.2500,0.340000,56.410000,-1867.010000
1201,Exit long,2025-09-07 20:15,4279.640000,1,-14.820000,-0.3500,15.430000,27.020000,-1856.330000
1201,Entry long,2025-09-07 13:15,4294.460000,1,-14.820000,-0.3500,15.430000,27.020000,-1856.330000
1200,Exit short,2025-09-07 13:15,4294.460000,1,4.880000,0.1100,9.340000,10.140000,-1841.510000
1200,Entry short,2025-09-07 09:00,4299.340000,1,4.880000,0.1100,9.340000,10.140000,-1841.510000
1199,Exit long,2025-09-07 09:00,4299.340000,1,15.490000,0.3600,30.140000,2.550000,-1846.390000
1199,Entry long,2025-09-07 07:15,4283.850000,1,15.490000,0.3600,30.140000,2.550000,-1846.390000
1198,Exit short,2025-09-07 07:15,4283.850000,1,21.500000,0.5000,85.350000,6.260000,-1861.880000
1198,Entry short,2025-09-06 08:30,4305.350000,1,21.500000,0.5000,85.350000,6.260000,-1861.880000
1197,Exit long,2025-09-06 08:30,4305.350000,1,6.070000,0.1400,14.080000,5.910000,-1883.380000
1197,Entry long,2025-09-06 06:15,4299.280000,1,6.070000,0.1400,14.080000,5.910000,-1883.380000
1196,Exit short,2025-09-06 06:15,4299.280000,1,26.830000,0.6200,41.110000,14.770000,-1889.450000
1196,Entry short,2025-09-05 19:30,4326.110000,1,26.830000,0.6200,41.110000,14.770000,-1889.450000
1195,Exit long,2025-09-05 19:30,4326.110000,1,42.010000,0.9800,45.280000,14.100000,-1916.280000
1195,Entry long,2025-09-05 15:15,4284.100000,1,42.010000,0.9800,45.280000,14.100000,-1916.280000
1194,Exit short,2025-09-05 15:15,4284.100000,1,49.900000,1.1500,81.530000,160.450000,-1958.290000
1194,Entry short,2025-09-05 06:15,4334.000000,1,49.900000,1.1500,81.530000,160.450000,-1958.290000
1193,Exit long,2025-09-05 06:15,4334.000000,1,29.360000,0.6800,36.070000,13.450000,-2008.190000
1193,Entry long,2025-09-05 00:45,4304.640000,1,29.360000,0.6800,36.070000,13.450000,-2008.190000
1192,Exit short,2025-09-05 00:45,4304.640000,1,-3.330000,-0.0800,14.150000,49.920000,-2037.550000
1192,Entry short,2025-09-04 21:15,4301.310000,1,-3.330000,-0.0800,14.150000,49.920000,-2037.550000
1191,Exit long,2025-09-04 21:15,4301.310000,1,-48.680000,-1.1200,13.100000,86.990000,-2034.220000
1191,Entry long,2025-09-04 14:30,4349.990000,1,-48.680000,-1.1200,13.100000,86.990000,-2034.220000
1190,Exit short,2025-09-04 14:30,4349.990000,1,18.810000,0.4300,42.800000,63.200000,-1985.540000
1190,Entry short,2025-09-04 08:00,4368.800000,1,18.810000,0.4300,42.800000,63.200000,-1985.540000
1189,Exit long,2025-09-04 08:00,4368.800000,1,-98.120000,-2.2000,14.070000,113.560000,-2004.350000
1189,Entry long,2025-09-03 19:00,4466.920000,1,-98.120000,-2.2000,14.070000,113.560000,-2004.350000
1188,Exit short,2025-09-03 19:00,4466.920000,1,-104.540000,-2.4000,22.820000,125.980000,-1906.230000
1188,Entry short,2025-09-03 10:45,4362.380000,1,-104.540000,-2.4000,22.820000,125.980000,-1906.230000
1187,Exit long,2025-09-03 10:45,4362.380000,1,73.880000,1.7200,87.380000,7.500000,-1801.690000
1187,Entry long,2025-09-03 01:45,4288.500000,1,73.880000,1.7200,87.380000,7.500000,-1801.690000
1186,Exit short,2025-09-03 01:45,4288.500000,1,66.120000,1.5200,100.290000,7.380000,-1875.570000
1186,Entry short,2025-09-02 14:45,4354.620000,1,66.120000,1.5200,100.290000,7.380000,-1875.570000
1185,Exit long,2025-09-02 14:45,4354.620000,1,-39.420000,-0.9000,13.020000,125.170000,-1941.690000
1185,Entry long,2025-09-02 08:30,4394.040000,1,-39.420000,-0.9000,13.020000,125.170000,-1941.690000
1184,Exit short,2025-09-02 08:30,4394.040000,1,-30.110000,-0.6900,158.440000,50.800000,-1902.270000
1184,Entry short,2025-09-01 19:45,4363.930000,1,-30.110000,-0.6900,158.440000,50.800000,-1902.270000
1183,Exit long,2025-09-01 19:45,4363.930000,1,-26.950000,-0.6100,31.290000,83.630000,-1872.160000
1183,Entry long,2025-09-01 12:00,4390.880000,1,-26.950000,-0.6100,31.290000,83.630000,-1872.160000
1182,Exit short,2025-09-01 12:00,4390.880000,1,-4.080000,-0.0900,30.010000,103.200000,-1845.210000
1182,Entry short,2025-09-01 04:30,4386.800000,1,-4.080000,-0.0900,30.010000,103.200000,-1845.210000
1181,Exit long,2025-09-01 04:30,4386.800000,1,-71.460000,-1.6000,17.650000,101.650000,-1841.130000
1181,Entry long,2025-08-31 20:15,4458.260000,1,-71.460000,-1.6000,17.650000,101.650000,-1841.130000
1180,Exit short,2025-08-31 20:15,4458.260000,1,11.260000,0.2500,31.520000,28.480000,-1769.670000
1180,Entry short,2025-08-31 09:30,4469.520000,1,11.260000,0.2500,31.520000,28.480000,-1769.670000
1179,Exit long,2025-08-31 09:30,4469.520000,1,16.470000,0.3700,25.880000,21.970000,-1780.930000
1179,Entry long,2025-08-31 05:45,4453.050000,1,16.470000,0.3700,25.880000,21.970000,-1780.930000
1178,Exit short,2025-08-31 05:45,4453.050000,1,-81.140000,-1.8600,5.430000,117.940000,-1797.400000
1178,Entry short,2025-08-30 23:30,4371.910000,1,-81.140000,-1.8600,5.430000,117.940000,-1797.400000
1177,Exit long,2025-08-30 23:30,4371.910000,1,25.930000,0.6000,30.620000,13.980000,-1716.260000
1177,Entry long,2025-08-30 19:30,4345.980000,1,25.930000,0.6000,30.620000,13.980000,-1716.260000
1176,Exit short,2025-08-30 19:30,4345.980000,1,14.620000,0.3400,27.600000,10.900000,-1742.190000
1176,Entry short,2025-08-30 16:15,4360.600000,1,14.620000,0.3400,27.600000,10.900000,-1742.190000
1175,Exit long,2025-08-30 16:15,4360.600000,1,-29.150000,-0.6600,16.280000,60.300000,-1756.810000
1175,Entry long,2025-08-30 10:00,4389.750000,1,-29.150000,-0.6600,16.280000,60.300000,-1756.810000
1174,Exit short,2025-08-30 10:00,4389.750000,1,-34.510000,-0.7900,10.170000,59.210000,-1727.660000
1174,Entry short,2025-08-30 04:45,4355.240000,1,-34.510000,-0.7900,10.170000,59.210000,-1727.660000
1173,Exit long,2025-08-30 04:45,4355.240000,1,12.520000,0.2900,39.250000,87.750000,-1693.150000
1173,Entry long,2025-08-30 01:15,4342.720000,1,12.520000,0.2900,39.250000,87.750000,-1693.150000
1172,Exit short,2025-08-30 01:15,4342.720000,1,-15.730000,-0.3600,24.090000,51.510000,-1705.670000
1172,Entry short,2025-08-29 18:15,4326.990000,1,-15.730000,-0.3600,24.090000,51.510000,-1705.670000
1171,Exit long,2025-08-29 18:15,4326.990000,1,17.480000,0.4100,47.140000,37.780000,-1689.940000
1171,Entry long,2025-08-29 14:45,4309.510000,1,17.480000,0.4100,47.140000,37.780000,-1689.940000
1170,Exit short,2025-08-29 14:45,4309.510000,1,30.420000,0.7000,75.640000,116.310000,-1707.420000
1170,Entry short,2025-08-29 11:30,4339.930000,1,30.420000,0.7000,75.640000,116.310000,-1707.420000
1169,Exit long,2025-08-29 11:30,4339.930000,1,-131.840000,-2.9500,0.230000,155.570000,-1737.840000
1169,Entry long,2025-08-29 06:45,4471.770000,1,-131.840000,-2.9500,0.230000,155.570000,-1737.840000
1168,Exit short,2025-08-29 06:45,4471.770000,1,13.820000,0.3100,50.590000,0.120000,-1606.000000
1168,Entry short,2025-08-29 04:45,4485.590000,1,13.820000,0.3100,50.590000,0.120000,-1606.000000
1167,Exit long,2025-08-29 04:45,4485.590000,1,21.100000,0.4700,38.450000,16.330000,-1619.820000
1167,Entry long,2025-08-29 01:45,4464.490000,1,21.100000,0.4700,38.450000,16.330000,-1619.820000
1166,Exit short,2025-08-29 01:45,4464.490000,1,33.520000,0.7500,65.920000,16.650000,-1640.920000
1166,Entry short,2025-08-28 22:15,4498.010000,1,33.520000,0.7500,65.920000,16.650000,-1640.920000
1165,Exit long,2025-08-28 22:15,4498.010000,1,-66.590000,-1.4600,16.830000,139.600000,-1674.440000
1165,Entry long,2025-08-28 14:45,4564.600000,1,-66.590000,-1.4600,16.830000,139.600000,-1674.440000
1164,Exit short,2025-08-28 14:45,4564.600000,1,-51.950000,-1.1500,8.400000,120.470000,-1607.850000
1164,Entry short,2025-08-28 02:45,4512.650000,1,-51.950000,-1.1500,8.400000,120.470000,-1607.850000
1163,Exit long,2025-08-28 02:45,4512.650000,1,-42.340000,-0.9300,57.860000,89.990000,-1555.900000
1163,Entry long,2025-08-27 19:30,4554.990000,1,-42.340000,-0.9300,57.860000,89.990000,-1555.900000
1162,Exit short,2025-08-27 19:30,4554.990000,1,81.510000,1.7600,106.490000,15.970000,-1513.560000
1162,Entry short,2025-08-27 16:15,4636.500000,1,81.510000,1.7600,106.490000,15.970000,-1513.560000
1161,Exit long,2025-08-27 16:15,4636.500000,1,57.910000,1.2600,83.910000,25.590000,-1595.070000
1161,Entry long,2025-08-27 08:00,4578.590000,1,57.910000,1.2600,83.910000,25.590000,-1595.070000
1160,Exit short,2025-08-27 08:00,4578.590000,1,45.440000,0.9800,66.970000,19.900000,-1652.980000
1160,Entry short,2025-08-27 04:45,4624.030000,1,45.440000,0.9800,66.970000,19.900000,-1652.980000
1159,Exit long,2025-08-27 04:45,4624.030000,1,63.210000,1.3900,80.950000,16.580000,-1698.420000
1159,Entry long,2025-08-27 02:00,4560.820000,1,63.210000,1.3900,80.950000,16.580000,-1698.420000
1158,Exit short,2025-08-27 02:00,4560.820000,1,-25.820000,-0.5700,40.810000,97.920000,-1761.630000
1158,Entry short,2025-08-26 15:30,4535.000000,1,-25.820000,-0.5700,40.810000,97.920000,-1761.630000
1157,Exit long,2025-08-26 15:30,4535.000000,1,109.640000,2.4800,150.950000,22.360000,-1735.810000
1157,Entry long,2025-08-26 07:45,4425.360000,1,109.640000,2.4800,150.950000,22.360000,-1735.810000
1156,Exit short,2025-08-26 07:45,4425.360000,1,-78.710000,-1.8100,36.650000,107.130000,-1845.450000
1156,Entry short,2025-08-26 00:45,4346.650000,1,-78.710000,-1.8100,36.650000,107.130000,-1845.450000
1155,Exit long,2025-08-26 00:45,4346.650000,1,-270.680000,-5.8600,14.580000,286.180000,-1766.740000
1155,Entry long,2025-08-25 16:30,4617.330000,1,-270.680000,-5.8600,14.580000,286.180000,-1766.740000
1154,Exit short,2025-08-25 16:30,4617.330000,1,15.340000,0.3300,42.650000,50.590000,-1496.060000
1154,Entry short,2025-08-25 12:45,4632.670000,1,15.340000,0.3300,42.650000,50.590000,-1496.060000
1153,Exit long,2025-08-25 12:45,4632.670000,1,-7.550000,-0.1600,5.680000,122.220000,-1511.400000
1153,Entry long,2025-08-25 07:15,4640.220000,1,-7.550000,-0.1600,5.680000,122.220000,-1511.400000
1152,Exit short,2025-08-25 07:15,4640.220000,1,138.110000,2.8900,163.230000,18.470000,-1503.850000
1152,Entry short,2025-08-25 00:00,4778.330000,1,138.110000,2.8900,163.230000,18.470000,-1503.850000
1151,Exit long,2025-08-25 00:00,4778.330000,1,-14.550000,-0.3000,30.120000,71.880000,-1641.960000
1151,Entry long,2025-08-24 20:30,4792.880000,1,-14.550000,-0.3000,30.120000,71.880000,-1641.960000
1150,Exit short,2025-08-24 20:30,4792.880000,1,-25.780000,-0.5400,64.630000,190.570000,-1627.410000
1150,Entry short,2025-08-24 14:00,4767.100000,1,-25.780000,-0.5400,64.630000,190.570000,-1627.410000
1149,Exit long,2025-08-24 14:00,4767.100000,1,29.820000,0.6300,41.720000,5.970000,-1601.630000
1149,Entry long,2025-08-24 11:30,4737.280000,1,29.820000,0.6300,41.720000,5.970000,-1601.630000
1148,Exit short,2025-08-24 11:30,4737.280000,1,49.350000,1.0300,68.950000,1.210000,-1631.450000
1148,Entry short,2025-08-24 05:45,4786.630000,1,49.350000,1.0300,68.950000,1.210000,-1631.450000
1147,Exit long,2025-08-24 05:45,4786.630000,1,11.400000,0.2400,24.300000,23.100000,-1680.800000
1147,Entry long,2025-08-24 02:15,4775.230000,1,11.400000,0.2400,24.300000,23.100000,-1680.800000
1146,Exit short,2025-08-24 02:15,4775.230000,1,-19.040000,-0.4000,67.240000,60.360000,-1692.200000
1146,Entry short,2025-08-23 05:45,4756.190000,1,-19.040000,-0.4000,67.240000,60.360000,-1692.200000
1145,Exit long,2025-08-23 05:45,4756.190000,1,-38.010000,-0.7900,94.290000,131.950000,-1673.160000
1145,Entry long,2025-08-22 18:45,4794.200000,1,-38.010000,-0.7900,94.290000,131.950000,-1673.160000
1144,Exit short,2025-08-22 18:45,4794.200000,1,-180.270000,-3.9100,0.000000,234.620000,-1635.150000
1144,Entry short,2025-08-22 16:00,4613.930000,1,-180.270000,-3.9100,0.000000,234.620000,-1635.150000
1143,Exit long,2025-08-22 16:00,4613.930000,1,287.250000,6.6400,339.320000,120.680000,-1454.880000
1143,Entry long,2025-08-22 10:00,4326.680000,1,287.250000,6.6400,339.320000,120.680000,-1454.880000
1142,Exit short,2025-08-22 10:00,4326.680000,1,15.430000,0.3600,39.150000,10.860000,-1742.130000
1142,Entry short,2025-08-22 08:15,4342.110000,1,15.430000,0.3600,39.150000,10.860000,-1742.130000
1141,Exit long,2025-08-22 08:15,4342.110000,1,53.050000,1.2400,59.670000,10.950000,-1757.560000
1141,Entry long,2025-08-22 06:00,4289.060000,1,53.050000,1.2400,59.670000,10.950000,-1757.560000
1140,Exit short,2025-08-22 06:00,4289.060000,1,-52.820000,-1.2500,34.240000,77.270000,-1810.610000
1140,Entry short,2025-08-21 19:30,4236.240000,1,-52.820000,-1.2500,34.240000,77.270000,-1810.610000
1139,Exit long,2025-08-21 19:30,4236.240000,1,-0.670000,-0.0200,36.260000,5.780000,-1757.790000
1139,Entry long,2025-08-21 17:45,4236.910000,1,-0.670000,-0.0200,36.260000,5.780000,-1757.790000
1138,Exit short,2025-08-21 17:45,4236.910000,1,46.750000,1.0900,77.660000,43.800000,-1757.120000
1138,Entry short,2025-08-21 11:45,4283.660000,1,46.750000,1.0900,77.660000,43.800000,-1757.120000
1137,Exit long,2025-08-21 11:45,4283.660000,1,-36.610000,-0.8500,18.670000,65.920000,-1803.870000
1137,Entry long,2025-08-21 00:45,4320.270000,1,-36.610000,-0.8500,18.670000,65.920000,-1803.870000
1136,Exit short,2025-08-21 00:45,4320.270000,1,-33.260000,-0.7800,40.360000,89.120000,-1767.260000
1136,Entry short,2025-08-20 15:45,4287.010000,1,-33.260000,-0.7800,40.360000,89.120000,-1767.260000
1135,Exit long,2025-08-20 15:45,4287.010000,1,93.530000,2.2300,113.070000,89.150000,-1734.000000
1135,Entry long,2025-08-20 12:00,4193.480000,1,93.530000,2.2300,113.070000,89.150000,-1734.000000
1134,Exit short,2025-08-20 12:00,4193.480000,1,-58.480000,-1.4100,8.680000,105.000000,-1827.530000
1134,Entry short,2025-08-20 03:00,4135.000000,1,-58.480000,-1.4100,8.680000,105.000000,-1827.530000
1133,Exit long,2025-08-20 03:00,4135.000000,1,41.320000,1.0100,47.050000,33.680000,-1769.050000
1133,Entry long,2025-08-20 00:15,4093.680000,1,41.320000,1.0100,47.050000,33.680000,-1769.050000
1132,Exit short,2025-08-20 00:15,4093.680000,1,56.670000,1.3700,85.390000,2.910000,-1810.370000
1132,Entry short,2025-08-19 21:30,4150.350000,1,56.670000,1.3700,85.390000,2.910000,-1810.370000
1131,Exit long,2025-08-19 21:30,4150.350000,1,-73.950000,-1.7500,6.560000,111.940000,-1867.040000
1131,Entry long,2025-08-19 15:30,4224.300000,1,-73.950000,-1.7500,6.560000,111.940000,-1867.040000
1130,Exit short,2025-08-19 15:30,4224.300000,1,19.090000,0.4500,76.390000,96.610000,-1793.090000
1130,Entry short,2025-08-19 06:30,4243.390000,1,19.090000,0.4500,76.390000,96.610000,-1793.090000
1129,Exit long,2025-08-19 06:30,4243.390000,1,-73.830000,-1.7100,37.000000,125.210000,-1812.180000
1129,Entry long,2025-08-19 00:15,4317.220000,1,-73.830000,-1.7100,37.000000,125.210000,-1812.180000
1128,Exit short,2025-08-19 00:15,4317.220000,1,-59.820000,-1.4100,33.300000,128.810000,-1738.350000
1128,Entry short,2025-08-18 09:00,4257.400000,1,-59.820000,-1.4100,33.300000,128.810000,-1738.350000
1127,Exit long,2025-08-18 09:00,4257.400000,1,-195.210000,-4.3800,10.500000,224.610000,-1678.530000
1127,Entry long,2025-08-18 01:15,4452.610000,1,-195.210000,-4.3800,10.500000,224.610000,-1678.530000
1126,Exit short,2025-08-18 01:15,4452.610000,1,67.460000,1.4900,85.070000,1.260000,-1483.320000
1126,Entry short,2025-08-17 23:00,4520.070000,1,67.460000,1.4900,85.070000,1.260000,-1483.320000
1125,Exit long,2025-08-17 23:00,4520.070000,1,-8.830000,-0.1900,35.690000,111.730000,-1550.780000
1125,Entry long,2025-08-17 13:30,4528.900000,1,-8.830000,-0.1900,35.690000,111.730000,-1550.780000
1124,Exit short,2025-08-17 13:30,4528.900000,1,3.260000,0.0700,16.160000,42.790000,-1541.950000
1124,Entry short,2025-08-17 09:45,4532.160000,1,3.260000,0.0700,16.160000,42.790000,-1541.950000
1123,Exit long,2025-08-17 09:45,4532.160000,1,64.930000,1.4500,90.430000,10.600000,-1545.210000
1123,Entry long,2025-08-17 07:45,4467.230000,1,64.930000,1.4500,90.430000,10.600000,-1545.210000
1122,Exit short,2025-08-17 07:45,4467.230000,1,-39.220000,-0.8900,1.910000,60.810000,-1610.140000
1122,Entry short,2025-08-17 03:30,4428.010000,1,-39.220000,-0.8900,1.910000,60.810000,-1610.140000
1121,Exit long,2025-08-17 03:30,4428.010000,1,23.820000,0.5400,39.810000,8.120000,-1570.920000
1121,Entry long,2025-08-17 02:00,4404.190000,1,23.820000,0.5400,39.810000,8.120000,-1570.920000
1120,Exit short,2025-08-17 02:00,4404.190000,1,12.110000,0.2700,23.850000,19.940000,-1594.740000
1120,Entry short,2025-08-16 20:00,4416.300000,1,12.110000,0.2700,23.850000,19.940000,-1594.740000
1119,Exit long,2025-08-16 20:00,4416.300000,1,14.270000,0.3200,37.970000,29.030000,-1606.850000
1119,Entry long,2025-08-16 11:00,4402.030000,1,14.270000,0.3200,37.970000,29.030000,-1606.850000
1118,Exit short,2025-08-16 11:00,4402.030000,1,39.840000,0.9000,71.870000,15.130000,-1621.120000
1118,Entry short,2025-08-16 08:15,4441.870000,1,39.840000,0.9000,71.870000,15.130000,-1621.120000
1117,Exit long,2025-08-16 08:15,4441.870000,1,-4.360000,-0.1000,16.010000,39.230000,-1660.960000
1117,Entry long,2025-08-16 04:30,4446.230000,1,-4.360000,-0.1000,16.010000,39.230000,-1660.960000
1116,Exit short,2025-08-16 04:30,4446.230000,1,-31.760000,-0.7200,50.470000,74.830000,-1656.600000
1116,Entry short,2025-08-15 18:30,4414.470000,1,-31.760000,-0.7200,50.470000,74.830000,-1656.600000
1115,Exit long,2025-08-15 18:30,4414.470000,1,-202.630000,-4.3900,53.130000,246.100000,-1624.840000
1115,Entry long,2025-08-15 06:00,4617.100000,1,-202.630000,-4.3900,53.130000,246.100000,-1624.840000
1114,Exit short,2025-08-15 06:00,4617.100000,1,-71.840000,-1.5800,9.990000,102.730000,-1422.210000
1114,Entry short,2025-08-15 00:00,4545.260000,1,-71.840000,-1.5800,9.990000,102.730000,-1422.210000
1113,Exit long,2025-08-15 00:00,4545.260000,1,58.070000,1.2900,83.600000,0.580000,-1350.370000
1113,Entry long,2025-08-14 22:15,4487.190000,1,58.070000,1.2900,83.600000,0.580000,-1350.370000
1112,Exit short,2025-08-14 22:15,4487.190000,1,125.530000,2.7200,161.720000,22.090000,-1408.440000
1112,Entry short,2025-08-14 15:30,4612.720000,1,125.530000,2.7200,161.720000,22.090000,-1408.440000
1111,Exit long,2025-08-14 15:30,4612.720000,1,-117.990000,-2.4900,63.290000,275.710000,-1533.970000
1111,Entry long,2025-08-14 06:15,4730.710000,1,-117.990000,-2.4900,63.290000,275.710000,-1533.970000
1110,Exit short,2025-08-14 06:15,4730.710000,1,44.840000,0.9400,58.550000,-0.000000,-1415.980000
1110,Entry short,2025-08-14 04:30,4775.550000,1,44.840000,0.9400,58.550000,-0.000000,-1415.980000
1109,Exit long,2025-08-14 04:30,4775.550000,1,43.160000,0.9100,56.390000,15.890000,-1460.820000
1109,Entry long,2025-08-14 01:30,4732.390000,1,43.160000,0.9100,56.390000,15.890000,-1460.820000
1108,Exit short,2025-08-14 01:30,4732.390000,1,-23.290000,-0.4900,21.280000,74.520000,-1503.980000
1108,Entry short,2025-08-13 18:30,4709.100000,1,-23.290000,-0.4900,21.280000,74.520000,-1503.980000
1107,Exit long,2025-08-13 18:30,4709.100000,1,11.180000,0.2400,54.620000,84.810000,-1480.690000
1107,Entry long,2025-08-13 14:45,4697.920000,1,11.180000,0.2400,54.620000,84.810000,-1480.690000
1106,Exit short,2025-08-13 14:45,4697.920000,1,-3.080000,-0.0700,61.990000,41.920000,-1491.870000
1106,Entry short,2025-08-13 10:30,4694.840000,1,-3.080000,-0.0700,61.990000,41.920000,-1491.870000
1105,Exit long,2025-08-13 10:30,4694.840000,1,82.600000,1.7900,103.760000,5.240000,-1488.790000
1105,Entry long,2025-08-13 07:15,4612.240000,1,82.600000,1.7900,103.760000,5.240000,-1488.790000
1104,Exit short,2025-08-13 07:15,4612.240000,1,50.750000,1.0900,57.090000,1.280000,-1571.390000
1104,Entry short,2025-08-13 05:15,4662.990000,1,50.750000,1.0900,57.090000,1.280000,-1571.390000
1103,Exit long,2025-08-13 05:15,4662.990000,1,70.150000,1.5300,89.160000,30.250000,-1622.140000
1103,Entry long,2025-08-12 23:15,4592.840000,1,70.150000,1.5300,89.160000,30.250000,-1622.140000
1102,Exit short,2025-08-12 23:15,4592.840000,1,27.410000,0.5900,59.170000,-0.000000,-1692.290000
1102,Entry short,2025-08-12 21:00,4620.250000,1,27.410000,0.5900,59.170000,-0.000000,-1692.290000
1101,Exit long,2025-08-12 21:00,4620.250000,1,119.590000,2.6600,139.340000,8.560000,-1719.700000
1101,Entry long,2025-08-12 19:30,4500.660000,1,119.590000,2.6600,139.340000,8.560000,-1719.700000
1100,Exit short,2025-08-12 19:30,4500.660000,1,-81.860000,-1.8500,68.290000,100.200000,-1839.290000
1100,Entry short,2025-08-12 13:30,4418.800000,1,-81.860000,-1.8500,68.290000,100.200000,-1839.290000
1099,Exit long,2025-08-12 13:30,4418.800000,1,139.930000,3.2700,149.520000,23.310000,-1757.430000
1099,Entry long,2025-08-12 06:15,4278.870000,1,139.930000,3.2700,149.520000,23.310000,-1757.430000
1098,Exit short,2025-08-12 06:15,4278.870000,1,-9.250000,-0.2200,9.190000,51.010000,-1897.360000
1098,Entry short,2025-08-12 01:15,4269.620000,1,-9.250000,-0.2200,9.190000,51.010000,-1897.360000
1097,Exit long,2025-08-12 01:15,4269.620000,1,-27.830000,-0.6500,10.050000,111.850000,-1888.110000
1097,Entry long,2025-08-11 18:15,4297.450000,1,-27.830000,-0.6500,10.050000,111.850000,-1888.110000
1096,Exit short,2025-08-11 18:15,4297.450000,1,-15.160000,-0.3500,25.680000,87.710000,-1860.280000
1096,Entry short,2025-08-11 14:45,4282.290000,1,-15.160000,-0.3500,25.680000,87.710000,-1860.280000
1095,Exit long,2025-08-11 14:45,4282.290000,1,-19.840000,-0.4600,17.870000,137.900000,-1845.120000
1095,Entry long,2025-08-11 06:30,4302.130000,1,-19.840000,-0.4600,17.870000,137.900000,-1845.120000
1094,Exit short,2025-08-11 06:30,4302.130000,1,-35.760000,-0.8400,8.700000,83.300000,-1825.280000
1094,Entry short,2025-08-11 00:45,4266.370000,1,-35.760000,-0.8400,8.700000,83.300000,-1825.280000
1093,Exit long,2025-08-11 00:45,4266.370000,1,40.670000,0.9600,59.000000,41.650000,-1789.520000
1093,Entry long,2025-08-10 18:45,4225.700000,1,40.670000,0.9600,59.000000,41.650000,-1789.520000
1092,Exit short,2025-08-10 18:45,4225.700000,1,-8.700000,-0.2100,57.000000,30.320000,-1830.190000
1092,Entry short,2025-08-10 10:15,4217.000000,1,-8.700000,-0.2100,57.000000,30.320000,-1830.190000
1091,Exit long,2025-08-10 10:15,4217.000000,1,-44.540000,-1.0500,70.450000,100.520000,-1821.490000
1091,Entry long,2025-08-09 23:45,4261.540000,1,-44.540000,-1.0500,70.450000,100.520000,-1821.490000
1090,Exit short,2025-08-09 23:45,4261.540000,1,-55.530000,-1.3200,7.510000,119.230000,-1776.950000
1090,Entry short,2025-08-09 17:00,4206.010000,1,-55.530000,-1.3200,7.510000,119.230000,-1776.950000
1089,Exit long,2025-08-09 17:00,4206.010000,1,18.730000,0.4500,61.590000,34.710000,-1721.420000
1089,Entry long,2025-08-09 08:30,4187.280000,1,18.730000,0.4500,61.590000,34.710000,-1721.420000
1088,Exit short,2025-08-09 08:30,4187.280000,1,-156.110000,-3.8700,7.870000,188.830000,-1740.150000
1088,Entry short,2025-08-09 02:30,4031.170000,1,-156.110000,-3.8700,7.870000,188.830000,-1740.150000
1087,Exit long,2025-08-09 02:30,4031.170000,1,5.170000,0.1300,9.790000,20.980000,-1584.040000
1087,Entry long,2025-08-08 23:15,4026.000000,1,5.170000,0.1300,9.790000,20.980000,-1584.040000
1086,Exit short,2025-08-08 23:15,4026.000000,1,19.000000,0.4700,28.500000,25.000000,-1589.210000
1086,Entry short,2025-08-08 18:45,4045.000000,1,19.000000,0.4700,28.500000,25.000000,-1589.210000
1085,Exit long,2025-08-08 18:45,4045.000000,1,158.210000,4.0700,170.780000,3.790000,-1608.210000
1085,Entry long,2025-08-08 02:30,3886.790000,1,158.210000,4.0700,170.780000,3.790000,-1608.210000
1084,Exit short,2025-08-08 02:30,3886.790000,1,-32.630000,-0.8500,1.830000,81.720000,-1766.420000
1084,Entry short,2025-08-07 20:15,3854.160000,1,-32.630000,-0.8500,1.830000,81.720000,-1766.420000
1083,Exit long,2025-08-07 20:15,3854.160000,1,34.280000,0.9000,55.120000,42.740000,-1733.790000
1083,Entry long,2025-08-07 15:15,3819.880000,1,34.280000,0.9000,55.120000,42.740000,-1733.790000
1082,Exit short,2025-08-07 15:15,3819.880000,1,-133.640000,-3.6300,1.010000,178.300000,-1768.070000
1082,Entry short,2025-08-07 06:30,3686.240000,1,-133.640000,-3.6300,1.010000,178.300000,-1768.070000
1081,Exit long,2025-08-07 06:30,3686.240000,1,11.080000,0.3000,41.220000,29.380000,-1634.430000
1081,Entry long,2025-08-06 21:30,3675.160000,1,11.080000,0.3000,41.220000,29.380000,-1634.430000
1080,Exit short,2025-08-06 21:30,3675.160000,1,-31.200000,-0.8600,7.180000,53.430000,-1645.510000
1080,Entry short,2025-08-06 15:45,3643.960000,1,-31.200000,-0.8600,7.180000,53.430000,-1645.510000
1079,Exit long,2025-08-06 15:45,3643.960000,1,65.740000,1.8400,83.180000,10.220000,-1614.310000
1079,Entry long,2025-08-06 01:45,3578.220000,1,65.740000,1.8400,83.180000,10.220000,-1614.310000
1078,Exit short,2025-08-06 01:45,3578.220000,1,18.510000,0.5100,54.150000,27.250000,-1680.050000
1078,Entry short,2025-08-05 18:15,3596.730000,1,18.510000,0.5100,54.150000,27.250000,-1680.050000
1077,Exit long,2025-08-05 18:15,3596.730000,1,-37.890000,-1.0400,24.030000,79.620000,-1698.560000
1077,Entry long,2025-08-05 13:30,3634.620000,1,-37.890000,-1.0400,24.030000,79.620000,-1698.560000
1076,Exit short,2025-08-05 13:30,3634.620000,1,51.770000,1.4000,78.390000,0.010000,-1660.670000
1076,Entry short,2025-08-05 10:45,3686.390000,1,51.770000,1.4000,78.390000,0.010000,-1660.670000
1075,Exit long,2025-08-05 10:45,3686.390000,1,58.710000,1.6200,64.620000,7.680000,-1712.440000
1075,Entry long,2025-08-05 08:30,3627.680000,1,58.710000,1.6200,64.620000,7.680000,-1712.440000
1074,Exit short,2025-08-05 08:30,3627.680000,1,32.620000,0.8900,61.560000,-0.000000,-1771.150000
1074,Entry short,2025-08-05 06:45,3660.300000,1,32.620000,0.8900,61.560000,-0.000000,-1771.150000
1073,Exit long,2025-08-05 06:45,3660.300000,1,-18.510000,-0.5000,7.780000,36.490000,-1803.770000
1073,Entry long,2025-08-05 02:00,3678.810000,1,-18.510000,-0.5000,7.780000,36.490000,-1803.770000
1072,Exit short,2025-08-05 02:00,3678.810000,1,29.760000,0.8000,31.570000,26.430000,-1785.260000
1072,Entry short,2025-08-04 22:00,3708.570000,1,29.760000,0.8000,31.570000,26.430000,-1785.260000
1071,Exit long,2025-08-04 22:00,3708.570000,1,21.650000,0.5900,43.080000,28.020000,-1815.020000
1071,Entry long,2025-08-04 18:30,3686.920000,1,21.650000,0.5900,43.080000,28.020000,-1815.020000
1070,Exit short,2025-08-04 18:30,3686.920000,1,-137.240000,-3.8700,6.230000,167.250000,-1836.670000
1070,Entry short,2025-08-04 08:45,3549.680000,1,-137.240000,-3.8700,6.230000,167.250000,-1836.670000
1069,Exit long,2025-08-04 08:45,3549.680000,1,17.880000,0.5100,31.190000,13.440000,-1699.430000
1069,Entry long,2025-08-04 06:00,3531.800000,1,17.880000,0.5100,31.190000,13.440000,-1699.430000
1068,Exit short,2025-08-04 06:00,3531.800000,1,-33.040000,-0.9400,17.180000,76.240000,-1717.310000
1068,Entry short,2025-08-03 19:45,3498.760000,1,-33.040000,-0.9400,17.180000,76.240000,-1717.310000
1067,Exit long,2025-08-03 19:45,3498.760000,1,6.590000,0.1900,21.470000,39.380000,-1684.270000
1067,Entry long,2025-08-03 12:45,3492.170000,1,6.590000,0.1900,21.470000,39.380000,-1684.270000
1066,Exit short,2025-08-03 12:45,3492.170000,1,-77.570000,-2.2700,61.090000,99.400000,-1690.860000
1066,Entry short,2025-08-02 21:45,3414.600000,1,-77.570000,-2.2700,61.090000,99.400000,-1690.860000
1065,Exit long,2025-08-02 21:45,3414.600000,1,-54.620000,-1.5700,53.780000,98.090000,-1613.290000
1065,Entry long,2025-08-02 06:45,3469.220000,1,-54.620000,-1.5700,53.780000,98.090000,-1613.290000
1064,Exit short,2025-08-02 06:45,3469.220000,1,65.960000,1.8700,106.320000,7.940000,-1558.670000
1064,Entry short,2025-08-01 22:00,3535.180000,1,65.960000,1.8700,106.320000,7.940000,-1558.670000
1063,Exit long,2025-08-01 22:00,3535.180000,1,-31.950000,-0.9000,17.410000,77.130000,-1624.630000
1063,Entry long,2025-08-01 18:30,3567.130000,1,-31.950000,-0.9000,17.410000,77.130000,-1624.630000
1062,Exit short,2025-08-01 18:30,3567.130000,1,49.760000,1.3800,81.890000,57.950000,-1592.680000
1062,Entry short,2025-08-01 10:00,3616.890000,1,49.760000,1.3800,81.890000,57.950000,-1592.680000
1061,Exit long,2025-08-01 10:00,3616.890000,1,-44.010000,-1.2000,6.760000,77.460000,-1642.440000
1061,Entry long,2025-08-01 07:00,3660.900000,1,-44.010000,-1.2000,6.760000,77.460000,-1642.440000
1060,Exit short,2025-08-01 07:00,3660.900000,1,45.580000,1.2300,67.640000,16.420000,-1598.430000
1060,Entry short,2025-08-01 02:30,3706.480000,1,45.580000,1.2300,67.640000,16.420000,-1598.430000
1059,Exit long,2025-08-01 02:30,3706.480000,1,-30.890000,-0.8300,19.780000,123.700000,-1644.010000
1059,Entry long,2025-07-31 20:30,3737.370000,1,-30.890000,-0.8300,19.780000,123.700000,-1644.010000
1058,Exit short,2025-07-31 20:30,3737.370000,1,64.560000,1.7000,86.930000,0.970000,-1613.120000
1058,Entry short,2025-07-31 17:00,3801.930000,1,64.560000,1.7000,86.930000,0.970000,-1613.120000
1057,Exit long,2025-07-31 17:00,3801.930000,1,-58.800000,-1.5200,17.270000,100.570000,-1677.680000
1057,Entry long,2025-07-31 06:30,3860.730000,1,-58.800000,-1.5200,17.270000,100.570000,-1677.680000
1056,Exit short,2025-07-31 06:30,3860.730000,1,-53.390000,-1.4000,4.240000,62.660000,-1618.880000
1056,Entry short,2025-07-31 00:15,3807.340000,1,-53.390000,-1.4000,4.240000,62.660000,-1618.880000
1055,Exit long,2025-07-31 00:15,3807.340000,1,64.070000,1.7100,67.860000,5.530000,-1565.490000
1055,Entry long,2025-07-30 19:45,3743.270000,1,64.070000,1.7100,67.860000,5.530000,-1565.490000
1054,Exit short,2025-07-30 19:45,3743.270000,1,45.850000,1.2100,119.120000,32.240000,-1629.560000
1054,Entry short,2025-07-30 15:15,3789.120000,1,45.850000,1.2100,119.120000,32.240000,-1629.560000
1053,Exit long,2025-07-30 15:15,3789.120000,1,-7.850000,-0.2100,33.970000,54.970000,-1675.410000
1053,Entry long,2025-07-30 10:15,3796.970000,1,-7.850000,-0.2100,33.970000,54.970000,-1675.410000
1052,Exit short,2025-07-30 10:15,3796.970000,1,-36.150000,-0.9600,20.820000,71.790000,-1667.560000
1052,Entry short,2025-07-29 19:30,3760.820000,1,-36.150000,-0.9600,20.820000,71.790000,-1667.560000
1051,Exit long,2025-07-29 19:30,3760.820000,1,-68.140000,-1.7800,46.010000,116.720000,-1631.410000
1051,Entry long,2025-07-29 11:15,3828.960000,1,-68.140000,-1.7800,46.010000,116.720000,-1631.410000
1050,Exit short,2025-07-29 11:15,3828.960000,1,-37.060000,-0.9800,64.690000,93.530000,-1563.270000
1050,Entry short,2025-07-28 17:15,3791.900000,1,-37.060000,-0.9800,64.690000,93.530000,-1563.270000
1049,Exit long,2025-07-28 17:15,3791.900000,1,-100.100000,-2.5700,11.200000,121.990000,-1526.210000
1049,Entry long,2025-07-28 08:00,3892.000000,1,-100.100000,-2.5700,11.200000,121.990000,-1526.210000
1048,Exit short,2025-07-28 08:00,3892.000000,1,42.220000,1.0700,59.270000,6.590000,-1426.110000
1048,Entry short,2025-07-28 05:45,3934.220000,1,42.220000,1.0700,59.270000,6.590000,-1426.110000
1047,Exit long,2025-07-28 05:45,3934.220000,1,129.260000,3.4000,135.040000,14.350000,-1468.330000
1047,Entry long,2025-07-27 14:45,3804.960000,1,129.260000,3.4000,135.040000,14.350000,-1468.330000
1046,Exit short,2025-07-27 14:45,3804.960000,1,19.240000,0.5000,20.600000,11.800000,-1597.590000
1046,Entry short,2025-07-27 11:15,3824.200000,1,19.240000,0.5000,20.600000,11.800000,-1597.590000
1045,Exit long,2025-07-27 11:15,3824.200000,1,49.190000,1.3000,64.990000,27.690000,-1616.830000
1045,Entry long,2025-07-27 07:15,3775.010000,1,49.190000,1.3000,64.990000,27.690000,-1616.830000
1044,Exit short,2025-07-27 07:15,3775.010000,1,0.290000,0.0100,13.040000,34.980000,-1666.020000
1044,Entry short,2025-07-27 03:30,3775.300000,1,0.290000,0.0100,13.040000,34.980000,-1666.020000
1043,Exit long,2025-07-27 03:30,3775.300000,1,35.150000,0.9400,47.070000,2.110000,-1666.310000
1043,Entry long,2025-07-27 00:30,3740.150000,1,35.150000,0.9400,47.070000,2.110000,-1666.310000
1042,Exit short,2025-07-27 00:30,3740.150000,1,2.110000,0.0600,13.900000,52.940000,-1701.460000
1042,Entry short,2025-07-26 19:30,3742.260000,1,2.110000,0.0600,13.900000,52.940000,-1701.460000
1041,Exit long,2025-07-26 19:30,3742.260000,1,27.460000,0.7400,68.820000,8.880000,-1703.570000
1041,Entry long,2025-07-26 02:15,3714.800000,1,27.460000,0.7400,68.820000,8.880000,-1703.570000
1040,Exit short,2025-07-26 02:15,3714.800000,1,-66.540000,-1.8200,10.840000,81.270000,-1731.030000
1040,Entry short,2025-07-25 19:00,3648.260000,1,-66.540000,-1.8200,10.840000,81.270000,-1731.030000
1039,Exit long,2025-07-25 19:00,3648.260000,1,-56.870000,-1.5300,2.470000,105.130000,-1664.490000
1039,Entry long,2025-07-25 14:00,3705.130000,1,-56.870000,-1.5300,2.470000,105.130000,-1664.490000
1038,Exit short,2025-07-25 14:00,3705.130000,1,-82.130000,-2.2700,25.400000,123.420000,-1607.620000
1038,Entry short,2025-07-25 06:30,3623.000000,1,-82.130000,-2.2700,25.400000,123.420000,-1607.620000
1037,Exit long,2025-07-25 06:30,3623.000000,1,-101.700000,-2.7300,10.310000,154.570000,-1525.490000
1037,Entry long,2025-07-24 22:00,3724.700000,1,-101.700000,-2.7300,10.310000,154.570000,-1525.490000
1036,Exit short,2025-07-24 22:00,3724.700000,1,-96.700000,-2.6700,37.850000,144.630000,-1423.790000
1036,Entry short,2025-07-24 08:45,3628.000000,1,-96.700000,-2.6700,37.850000,144.630000,-1423.790000
1035,Exit long,2025-07-24 08:45,3628.000000,1,36.990000,1.0300,46.730000,86.010000,-1327.090000
1035,Entry long,2025-07-24 05:45,3591.010000,1,36.990000,1.0300,46.730000,86.010000,-1327.090000
1034,Exit short,2025-07-24 05:45,3591.010000,1,18.770000,0.5200,35.100000,55.090000,-1364.080000
1034,Entry short,2025-07-23 23:00,3609.780000,1,18.770000,0.5200,35.100000,55.090000,-1364.080000
1033,Exit long,2025-07-23 23:00,3609.780000,1,-9.230000,-0.2600,26.970000,92.510000,-1382.850000
1033,Entry long,2025-07-23 14:30,3619.010000,1,-9.230000,-0.2600,26.970000,92.510000,-1382.850000
1032,Exit short,2025-07-23 14:30,3619.010000,1,54.530000,1.4800,93.540000,3.460000,-1373.620000
1032,Entry short,2025-07-23 12:30,3673.540000,1,54.530000,1.4800,93.540000,3.460000,-1373.620000
1031,Exit long,2025-07-23 12:30,3673.540000,1,-58.660000,-1.5700,5.000000,93.430000,-1428.150000
1031,Entry long,2025-07-23 04:45,3732.200000,1,-58.660000,-1.5700,5.000000,93.430000,-1428.150000
1030,Exit short,2025-07-23 04:45,3732.200000,1,-41.050000,-1.1100,74.620000,72.930000,-1369.490000
1030,Entry short,2025-07-22 07:00,3691.150000,1,-41.050000,-1.1100,74.620000,72.930000,-1369.490000
1029,Exit long,2025-07-22 07:00,3691.150000,1,-50.710000,-1.3600,56.720000,90.860000,-1328.440000
1029,Entry long,2025-07-22 01:30,3741.860000,1,-50.710000,-1.3600,56.720000,90.860000,-1328.440000
1028,Exit short,2025-07-22 01:30,3741.860000,1,18.580000,0.4900,67.220000,14.370000,-1277.730000
1028,Entry short,2025-07-21 23:00,3760.440000,1,18.580000,0.4900,67.220000,14.370000,-1277.730000
1027,Exit long,2025-07-21 23:00,3760.440000,1,-20.940000,-0.5500,17.600000,65.030000,-1296.310000
1027,Entry long,2025-07-21 17:15,3781.380000,1,-20.940000,-0.5500,17.600000,65.030000,-1296.310000
1026,Exit short,2025-07-21 17:15,3781.380000,1,31.100000,0.8200,65.480000,45.340000,-1275.370000
1026,Entry short,2025-07-21 11:45,3812.480000,1,31.100000,0.8200,65.480000,45.340000,-1275.370000
1025,Exit long,2025-07-21 11:45,3812.480000,1,40.720000,1.0800,66.240000,4.000000,-1306.470000
1025,Entry long,2025-07-21 10:00,3771.760000,1,40.720000,1.0800,66.240000,4.000000,-1306.470000
1024,Exit short,2025-07-21 10:00,3771.760000,1,-14.900000,-0.4000,10.900000,55.140000,-1347.190000
1024,Entry short,2025-07-21 04:00,3756.860000,1,-14.900000,-0.4000,10.900000,55.140000,-1347.190000
1023,Exit long,2025-07-21 04:00,3756.860000,1,11.210000,0.3000,80.350000,65.650000,-1332.290000
1023,Entry long,2025-07-20 14:30,3745.650000,1,11.210000,0.3000,80.350000,65.650000,-1332.290000
1022,Exit short,2025-07-20 14:30,3745.650000,1,-47.570000,-1.2900,3.080000,71.920000,-1343.500000
1022,Entry short,2025-07-20 09:30,3698.080000,1,-47.570000,-1.2900,3.080000,71.920000,-1343.500000
1021,Exit long,2025-07-20 09:30,3698.080000,1,51.620000,1.4200,80.710000,8.460000,-1295.930000
1021,Entry long,2025-07-20 06:00,3646.460000,1,51.620000,1.4200,80.710000,8.460000,-1295.930000
1020,Exit short,2025-07-20 06:00,3646.460000,1,-70.220000,-1.9600,40.160000,118.760000,-1347.550000
1020,Entry short,2025-07-19 20:45,3576.240000,1,-70.220000,-1.9600,40.160000,118.760000,-1347.550000
1019,Exit long,2025-07-19 20:45,3576.240000,1,6.040000,0.1700,23.250000,44.480000,-1277.330000
1019,Entry long,2025-07-19 07:00,3570.200000,1,6.040000,0.1700,23.250000,44.480000,-1277.330000
1018,Exit short,2025-07-19 07:00,3570.200000,1,-32.020000,-0.9000,33.280000,69.820000,-1283.370000
1018,Entry short,2025-07-18 23:00,3538.180000,1,-32.020000,-0.9000,33.280000,69.820000,-1283.370000
1017,Exit long,2025-07-18 23:00,3538.180000,1,-26.520000,-0.7400,60.010000,88.600000,-1251.350000
1017,Entry long,2025-07-18 16:00,3564.700000,1,-26.520000,-0.7400,60.010000,88.600000,-1251.350000
1016,Exit long,2025-07-18 14:00,3640.350000,1,14.230000,0.3900,33.870000,42.120000,-1224.830000
1016,Entry long,2025-07-18 08:30,3626.120000,1,14.230000,0.3900,33.870000,42.120000,-1224.830000
1015,Exit short,2025-07-18 08:30,3626.120000,1,-199.720000,-5.8300,55.740000,248.030000,-1239.060000
1015,Entry short,2025-07-17 19:00,3426.400000,1,-199.720000,-5.8300,55.740000,248.030000,-1239.060000
1014,Exit long,2025-07-17 19:00,3426.400000,1,-11.090000,-0.3200,5.110000,75.490000,-1039.340000
1014,Entry long,2025-07-17 12:45,3437.490000,1,-11.090000,-0.3200,5.110000,75.490000,-1039.340000
1013,Exit short,2025-07-17 12:45,3437.490000,1,-12.880000,-0.3800,16.610000,58.010000,-1028.250000
1013,Entry short,2025-07-17 06:30,3424.610000,1,-12.880000,-0.3800,16.610000,58.010000,-1028.250000
1012,Exit long,2025-07-17 06:30,3424.610000,1,51.300000,1.5200,59.690000,62.310000,-1015.370000
1012,Entry long,2025-07-16 22:00,3373.310000,1,51.300000,1.5200,59.690000,62.310000,-1015.370000
1011,Exit short,2025-07-16 22:00,3373.310000,1,-127.430000,-3.9300,39.930000,177.590000,-1066.670000
1011,Entry short,2025-07-16 15:30,3245.880000,1,-127.430000,-3.9300,39.930000,177.590000,-1066.670000
1010,Exit long,2025-07-16 13:45,3172.960000,1,24.580000,0.7800,40.310000,4.380000,-939.240000
1010,Entry long,2025-07-16 11:15,3148.380000,1,24.580000,0.7800,40.310000,4.380000,-939.240000
1009,Exit short,2025-07-16 11:15,3148.380000,1,-16.720000,-0.5300,0.000000,42.340000,-963.820000
1009,Entry short,2025-07-16 06:15,3131.660000,1,-16.720000,-0.5300,0.000000,42.340000,-963.820000
1008,Exit long,2025-07-16 06:15,3131.660000,1,26.130000,0.8400,46.390000,5.930000,-947.100000
1008,Entry long,2025-07-16 03:15,3105.530000,1,26.130000,0.8400,46.390000,5.930000,-947.100000
1007,Exit short,2025-07-16 03:15,3105.530000,1,29.080000,0.9300,32.030000,19.230000,-973.230000
1007,Entry short,2025-07-15 23:45,3134.610000,1,29.080000,0.9300,32.030000,19.230000,-973.230000
1006,Exit long,2025-07-15 23:45,3134.610000,1,87.950000,2.8900,94.230000,7.660000,-1002.310000
1006,Entry long,2025-07-15 20:30,3046.660000,1,87.950000,2.8900,94.230000,7.660000,-1002.310000
1005,Exit short,2025-07-15 20:30,3046.660000,1,-81.660000,-2.7500,7.000000,133.000000,-1090.260000
1005,Entry short,2025-07-15 05:45,2965.000000,1,-81.660000,-2.7500,7.000000,133.000000,-1090.260000
1004,Exit long,2025-07-15 05:45,2965.000000,1,-29.330000,-0.9800,5.200000,63.340000,-1008.600000
1004,Entry long,2025-07-15 01:45,2994.330000,1,-29.330000,-0.9800,5.200000,63.340000,-1008.600000
1003,Exit short,2025-07-15 01:45,2994.330000,1,10.830000,0.3600,43.520000,17.340000,-979.270000
1003,Entry short,2025-07-14 21:30,3005.160000,1,10.830000,0.3600,43.520000,17.340000,-979.270000
1002,Exit long,2025-07-14 21:30,3005.160000,1,-25.190000,-0.8300,52.650000,50.350000,-990.100000
1002,Entry long,2025-07-14 07:15,3030.350000,1,-25.190000,-0.8300,52.650000,50.350000,-990.100000
1001,Exit short,2025-07-14 07:15,3030.350000,1,-56.410000,-1.9000,12.500000,92.060000,-964.910000
1001,Entry short,2025-07-14 01:00,2973.940000,1,-56.410000,-1.9000,12.500000,92.060000,-964.910000
1000,Exit long,2025-07-14 01:00,2973.940000,1,-15.250000,-0.5100,20.590000,59.190000,-908.500000
1000,Entry long,2025-07-13 16:45,2989.190000,1,-15.250000,-0.5100,20.590000,59.190000,-908.500000
999,Exit short,2025-07-13 16:45,2989.190000,1,-28.710000,-0.9700,2.480000,59.040000,-893.250000
999,Entry short,2025-07-13 12:15,2960.480000,1,-28.710000,-0.9700,2.480000,59.040000,-893.250000
998,Exit long,2025-07-13 12:15,2960.480000,1,12.000000,0.4100,17.510000,4.360000,-864.540000
998,Entry long,2025-07-13 10:00,2948.480000,1,12.000000,0.4100,17.510000,4.360000,-864.540000
997,Exit short,2025-07-13 10:00,2948.480000,1,-13.010000,-0.4400,6.550000,32.420000,-876.540000
997,Entry short,2025-07-12 22:30,2935.470000,1,-13.010000,-0.4400,6.550000,32.420000,-876.540000
996,Exit long,2025-07-12 22:30,2935.470000,1,12.570000,0.4300,17.100000,0.530000,-863.530000
996,Entry long,2025-07-12 21:15,2922.900000,1,12.570000,0.4300,17.100000,0.530000,-863.530000
995,Exit short,2025-07-12 21:15,2922.900000,1,16.760000,0.5700,26.120000,5.200000,-876.100000
995,Entry short,2025-07-12 18:15,2939.660000,1,16.760000,0.5700,26.120000,5.200000,-876.100000
994,Exit long,2025-07-12 18:15,2939.660000,1,-2.370000,-0.0800,6.850000,39.230000,-892.860000
994,Entry long,2025-07-12 13:00,2942.030000,1,-2.370000,-0.0800,6.850000,39.230000,-892.860000
993,Exit short,2025-07-12 13:00,2942.030000,1,15.560000,0.5300,44.590000,21.410000,-890.490000
993,Entry short,2025-07-12 02:00,2957.590000,1,15.560000,0.5300,44.590000,21.410000,-890.490000
992,Exit long,2025-07-12 02:00,2957.590000,1,16.590000,0.5600,25.230000,11.870000,-906.050000
992,Entry long,2025-07-11 22:45,2941.000000,1,16.590000,0.5600,25.230000,11.870000,-906.050000
991,Exit short,2025-07-11 22:45,2941.000000,1,43.710000,1.4600,62.730000,24.840000,-922.640000
991,Entry short,2025-07-11 18:30,2984.710000,1,43.710000,1.4600,62.730000,24.840000,-922.640000
990,Exit long,2025-07-11 18:30,2984.710000,1,-6.590000,-0.2200,17.600000,56.250000,-966.350000
990,Entry long,2025-07-11 12:15,2991.300000,1,-6.590000,-0.2200,17.600000,56.250000,-966.350000
989,Exit short,2025-07-11 12:15,2991.300000,1,-25.400000,-0.8600,20.580000,75.050000,-959.760000
989,Entry short,2025-07-11 03:45,2965.900000,1,-25.400000,-0.8600,20.580000,75.050000,-959.760000
988,Exit long,2025-07-11 03:45,2965.900000,1,24.890000,0.8500,33.050000,2.660000,-934.360000
988,Entry long,2025-07-11 01:15,2941.010000,1,24.890000,0.8500,33.050000,2.660000,-934.360000
987,Exit short,2025-07-11 01:15,2941.010000,1,-157.780000,-5.6700,26.510000,227.210000,-959.250000
987,Entry short,2025-07-10 14:00,2783.230000,1,-157.780000,-5.6700,26.510000,227.210000,-959.250000
986,Exit long,2025-07-10 14:00,2783.230000,1,-8.130000,-0.2900,2.640000,25.020000,-801.470000
986,Entry long,2025-07-10 08:45,2791.360000,1,-8.130000,-0.2900,2.640000,25.020000,-801.470000
985,Exit short,2025-07-10 08:45,2791.360000,1,16.850000,0.6000,26.140000,6.260000,-793.340000
985,Entry short,2025-07-10 07:30,2808.210000,1,16.850000,0.6000,26.140000,6.260000,-793.340000
984,Exit long,2025-07-10 07:30,2808.210000,1,42.730000,1.5500,56.750000,2.090000,-810.190000
984,Entry long,2025-07-10 01:15,2765.480000,1,42.730000,1.5500,56.750000,2.090000,-810.190000
983,Exit short,2025-07-10 01:15,2765.480000,1,-48.590000,-1.7900,1.580000,78.840000,-852.920000
983,Entry short,2025-07-09 19:00,2716.890000,1,-48.590000,-1.7900,1.580000,78.840000,-852.920000
982,Exit long,2025-07-09 19:00,2716.890000,1,67.080000,2.5300,73.950000,5.070000,-804.330000
982,Entry long,2025-07-09 15:30,2649.810000,1,67.080000,2.5300,73.950000,5.070000,-804.330000
981,Exit short,2025-07-09 15:30,2649.810000,1,9.190000,0.3500,31.000000,15.500000,-871.410000
981,Entry short,2025-07-09 13:00,2659.000000,1,9.190000,0.3500,31.000000,15.500000,-871.410000
980,Exit long,2025-07-09 13:00,2659.000000,1,49.100000,1.8800,55.720000,4.900000,-880.600000
980,Entry long,2025-07-09 09:30,2609.900000,1,49.100000,1.8800,55.720000,4.900000,-880.600000
979,Exit short,2025-07-09 09:30,2609.900000,1,16.870000,0.6400,24.230000,6.770000,-929.700000
979,Entry short,2025-07-09 06:00,2626.770000,1,16.870000,0.6400,24.230000,6.770000,-929.700000
978,Exit long,2025-07-09 06:00,2626.770000,1,20.170000,0.7700,42.400000,18.110000,-946.570000
978,Entry long,2025-07-08 21:30,2606.600000,1,20.170000,0.7700,42.400000,18.110000,-946.570000
977,Exit short,2025-07-08 21:30,2606.600000,1,12.280000,0.4700,23.570000,6.030000,-966.740000
977,Entry short,2025-07-08 18:45,2618.880000,1,12.280000,0.4700,23.570000,6.030000,-966.740000
976,Exit long,2025-07-08 18:45,2618.880000,1,54.000000,2.1100,62.950000,7.580000,-979.020000
976,Entry long,2025-07-08 15:15,2564.880000,1,54.000000,2.1100,62.950000,7.580000,-979.020000
975,Exit short,2025-07-08 15:15,2564.880000,1,9.610000,0.3700,18.130000,25.510000,-1033.020000
975,Entry short,2025-07-08 11:30,2574.490000,1,9.610000,0.3700,18.130000,25.510000,-1033.020000
974,Exit long,2025-07-08 11:30,2574.490000,1,25.820000,1.0100,36.320000,0.510000,-1042.630000
974,Entry long,2025-07-08 09:30,2548.670000,1,25.820000,1.0100,36.320000,0.510000,-1042.630000
973,Exit short,2025-07-08 09:30,2548.670000,1,-0.170000,-0.0100,6.500000,14.500000,-1068.450000
973,Entry short,2025-07-08 05:45,2548.500000,1,-0.170000,-0.0100,6.500000,14.500000,-1068.450000
972,Exit long,2025-07-08 05:45,2548.500000,1,21.380000,0.8500,21.400000,4.090000,-1068.280000
972,Entry long,2025-07-08 02:15,2527.120000,1,21.380000,0.8500,21.400000,4.090000,-1068.280000
971,Exit short,2025-07-08 02:15,2527.120000,1,15.730000,0.6200,20.810000,10.970000,-1089.660000
971,Entry short,2025-07-07 20:00,2542.850000,1,15.730000,0.6200,20.810000,10.970000,-1089.660000
970,Exit long,2025-07-07 20:00,2542.850000,1,-29.580000,-1.1500,17.450000,67.060000,-1105.390000
970,Entry long,2025-07-07 00:15,2572.430000,1,-29.580000,-1.1500,17.450000,67.060000,-1105.390000
969,Exit short,2025-07-07 00:15,2572.430000,1,14.420000,0.5600,25.650000,17.900000,-1075.810000
969,Entry short,2025-07-06 22:00,2586.850000,1,14.420000,0.5600,25.650000,17.900000,-1075.810000
968,Exit long,2025-07-06 22:00,2586.850000,1,36.190000,1.4200,56.420000,27.970000,-1090.230000
968,Entry long,2025-07-06 17:30,2550.660000,1,36.190000,1.4200,56.420000,27.970000,-1090.230000
967,Exit short,2025-07-06 17:30,2550.660000,1,-39.230000,-1.5600,0.010000,57.970000,-1126.420000
967,Entry short,2025-07-06 12:30,2511.430000,1,-39.230000,-1.5600,0.010000,57.970000,-1126.420000
966,Exit long,2025-07-06 12:30,2511.430000,1,-0.460000,-0.0200,4.720000,9.640000,-1087.190000
966,Entry long,2025-07-06 09:00,2511.890000,1,-0.460000,-0.0200,4.720000,9.640000,-1087.190000
965,Exit short,2025-07-06 09:00,2511.890000,1,8.750000,0.3500,13.200000,0.360000,-1086.730000
965,Entry short,2025-07-06 07:30,2520.640000,1,8.750000,0.3500,13.200000,0.360000,-1086.730000
964,Exit long,2025-07-06 07:30,2520.640000,1,9.560000,0.3800,15.010000,3.630000,-1095.480000
964,Entry long,2025-07-06 03:45,2511.080000,1,9.560000,0.3800,15.010000,3.630000,-1095.480000
963,Exit short,2025-07-06 03:45,2511.080000,1,-13.560000,-0.5400,0.200000,24.220000,-1105.040000
963,Entry short,2025-07-05 20:30,2497.520000,1,-13.560000,-0.5400,0.200000,24.220000,-1105.040000
962,Exit long,2025-07-05 20:30,2497.520000,1,-13.480000,-0.5400,13.730000,24.690000,-1091.480000
962,Entry long,2025-07-05 09:30,2511.000000,1,-13.480000,-0.5400,13.730000,24.690000,-1091.480000
961,Exit short,2025-07-05 09:30,2511.000000,1,-37.090000,-1.5000,0.000000,54.950000,-1078.000000
961,Entry short,2025-07-04 19:30,2473.910000,1,-37.090000,-1.5000,0.000000,54.950000,-1078.000000
960,Exit long,2025-07-04 19:30,2473.910000,1,-42.250000,-1.6800,5.700000,43.090000,-1040.910000
960,Entry long,2025-07-04 14:30,2516.160000,1,-42.250000,-1.6800,5.700000,43.090000,-1040.910000
959,Exit short,2025-07-04 14:30,2516.160000,1,34.800000,1.3600,56.540000,4.780000,-998.660000
959,Entry short,2025-07-04 10:15,2550.960000,1,34.800000,1.3600,56.540000,4.780000,-998.660000
958,Exit long,2025-07-04 10:15,2550.960000,1,-26.050000,-1.0100,7.230000,51.240000,-1033.460000
958,Entry long,2025-07-04 03:15,2577.010000,1,-26.050000,-1.0100,7.230000,51.240000,-1033.460000
957,Exit short,2025-07-04 03:15,2577.010000,1,10.120000,0.3900,17.060000,15.630000,-1007.410000
957,Entry short,2025-07-03 19:30,2587.130000,1,10.120000,0.3900,17.060000,15.630000,-1007.410000
956,Exit long,2025-07-03 19:30,2587.130000,1,-4.370000,-0.1700,43.500000,27.750000,-1017.530000
956,Entry long,2025-07-03 11:15,2591.500000,1,-4.370000,-0.1700,43.500000,27.750000,-1017.530000
955,Exit short,2025-07-03 11:15,2591.500000,1,-1.030000,-0.0400,8.260000,25.530000,-1013.160000
955,Entry short,2025-07-03 06:15,2590.470000,1,-1.030000,-0.0400,8.260000,25.530000,-1013.160000
954,Exit long,2025-07-03 06:15,2590.470000,1,2.180000,0.0800,29.910000,33.040000,-1012.130000
954,Entry long,2025-07-02 21:45,2588.290000,1,2.180000,0.0800,29.910000,33.040000,-1012.130000
953,Exit short,2025-07-02 20:15,2594.840000,1,-97.110000,-3.8900,3.690000,109.630000,-1014.310000
953,Entry short,2025-07-02 16:00,2497.730000,1,-97.110000,-3.8900,3.690000,109.630000,-1014.310000
952,Exit long,2025-07-02 16:00,2497.730000,1,60.380000,2.4800,65.620000,2.060000,-917.200000
952,Entry long,2025-07-02 13:00,2437.350000,1,60.380000,2.4800,65.620000,2.060000,-917.200000
951,Exit short,2025-07-02 13:00,2437.350000,1,21.530000,0.8800,91.350000,1.720000,-977.580000
951,Entry short,2025-07-01 08:30,2458.880000,1,21.530000,0.8800,91.350000,1.720000,-977.580000
950,Exit long,2025-07-01 08:30,2458.880000,1,-30.630000,-1.2300,10.090000,45.630000,-999.110000
950,Entry long,2025-06-30 22:30,2489.510000,1,-30.630000,-1.2300,10.090000,45.630000,-999.110000
949,Exit short,2025-06-30 22:30,2489.510000,1,-28.910000,-1.1700,28.730000,60.990000,-968.480000
949,Entry short,2025-06-30 12:15,2460.600000,1,-28.910000,-1.1700,28.730000,60.990000,-968.480000
948,Exit long,2025-06-30 12:15,2460.600000,1,-34.400000,-1.3800,9.810000,49.800000,-939.570000
948,Entry long,2025-06-30 03:30,2495.000000,1,-34.400000,-1.3800,9.810000,49.800000,-939.570000
947,Exit short,2025-06-30 03:30,2495.000000,1,10.880000,0.4300,12.010000,17.550000,-905.170000
947,Entry short,2025-06-29 23:15,2505.880000,1,10.880000,0.4300,12.010000,17.550000,-905.170000
946,Exit long,2025-06-29 23:15,2505.880000,1,53.430000,2.1800,71.960000,46.000000,-916.050000
946,Entry long,2025-06-29 13:15,2452.450000,1,53.430000,2.1800,71.960000,46.000000,-916.050000
945,Exit short,2025-06-29 13:15,2452.450000,1,-20.110000,-0.8300,0.730000,31.620000,-969.480000
945,Entry short,2025-06-29 06:30,2432.340000,1,-20.110000,-0.8300,0.730000,31.620000,-969.480000
944,Exit long,2025-06-29 06:30,2432.340000,1,4.470000,0.1800,6.540000,2.300000,-949.370000
944,Entry long,2025-06-29 02:30,2427.870000,1,4.470000,0.1800,6.540000,2.300000,-949.370000
943,Exit short,2025-06-29 02:30,2427.870000,1,9.110000,0.3700,13.860000,4.700000,-953.840000
943,Entry short,2025-06-28 23:30,2436.980000,1,9.110000,0.3700,13.860000,4.700000,-953.840000
942,Exit long,2025-06-28 23:30,2436.980000,1,5.270000,0.2200,9.660000,4.520000,-962.950000
942,Entry long,2025-06-28 20:45,2431.710000,1,5.270000,0.2200,9.660000,4.520000,-962.950000
941,Exit short,2025-06-28 20:45,2431.710000,1,0.800000,0.0300,6.710000,14.910000,-968.220000
941,Entry short,2025-06-28 16:45,2432.510000,1,0.800000,0.0300,6.710000,14.910000,-968.220000
940,Exit long,2025-06-28 16:45,2432.510000,1,9.720000,0.4000,21.200000,4.040000,-969.020000
940,Entry long,2025-06-28 09:30,2422.790000,1,9.720000,0.4000,21.200000,4.040000,-969.020000
939,Exit short,2025-06-28 09:30,2422.790000,1,-2.000000,-0.0800,16.040000,12.210000,-978.740000
939,Entry short,2025-06-27 21:15,2420.790000,1,-2.000000,-0.0800,16.040000,12.210000,-978.740000
938,Exit long,2025-06-27 21:15,2420.790000,1,27.080000,1.1300,34.020000,2.770000,-976.740000
938,Entry long,2025-06-27 19:00,2393.710000,1,27.080000,1.1300,34.020000,2.770000,-976.740000
937,Exit short,2025-06-27 19:00,2393.710000,1,42.170000,1.7300,48.870000,0.720000,-1003.820000
937,Entry short,2025-06-27 16:45,2435.880000,1,42.170000,1.7300,48.870000,0.720000,-1003.820000
936,Exit long,2025-06-27 16:45,2435.880000,1,8.710000,0.3600,21.520000,14.670000,-1045.990000
936,Entry long,2025-06-27 13:45,2427.170000,1,8.710000,0.3600,21.520000,14.670000,-1045.990000
935,Exit short,2025-06-27 13:45,2427.170000,1,1.780000,0.0700,8.260000,34.430000,-1054.700000
935,Entry short,2025-06-27 02:15,2428.950000,1,1.780000,0.0700,8.260000,34.430000,-1054.700000
934,Exit long,2025-06-27 02:15,2428.950000,1,10.420000,0.4300,12.860000,41.530000,-1056.480000
934,Entry long,2025-06-26 22:30,2418.530000,1,10.420000,0.4300,12.860000,41.530000,-1056.480000
933,Exit short,2025-06-26 22:30,2418.530000,1,24.060000,0.9900,50.470000,13.990000,-1066.900000
933,Entry short,2025-06-26 20:30,2442.590000,1,24.060000,0.9900,50.470000,13.990000,-1066.900000
932,Exit long,2025-06-26 20:30,2442.590000,1,-9.070000,-0.3700,7.270000,43.650000,-1090.960000
932,Entry long,2025-06-26 11:15,2451.660000,1,-9.070000,-0.3700,7.270000,43.650000,-1090.960000
931,Exit short,2025-06-26 11:15,2451.660000,1,45.840000,1.8400,52.500000,2.150000,-1081.890000
931,Entry short,2025-06-26 08:15,2497.500000,1,45.840000,1.8400,52.500000,2.150000,-1081.890000
930,Exit long,2025-06-26 08:15,2497.500000,1,15.360000,0.6200,17.710000,5.080000,-1127.730000
930,Entry long,2025-06-26 06:15,2482.140000,1,15.360000,0.6200,17.710000,5.080000,-1127.730000
929,Exit short,2025-06-26 06:15,2482.140000,1,-14.820000,-0.6000,9.320000,52.680000,-1143.090000
929,Entry short,2025-06-26 02:30,2467.320000,1,-14.820000,-0.6000,9.320000,52.680000,-1143.090000
928,Exit long,2025-06-26 02:30,2467.320000,1,53.750000,2.2300,60.880000,2.820000,-1128.270000
928,Entry long,2025-06-25 23:15,2413.570000,1,53.750000,2.2300,60.880000,2.820000,-1128.270000
927,Exit short,2025-06-25 23:15,2413.570000,1,29.870000,1.2200,55.210000,11.830000,-1182.020000
927,Entry short,2025-06-25 08:00,2443.440000,1,29.870000,1.2200,55.210000,11.830000,-1182.020000
926,Exit long,2025-06-25 08:00,2443.440000,1,10.940000,0.4500,17.430000,9.730000,-1211.890000
926,Entry long,2025-06-25 04:45,2432.500000,1,10.940000,0.4500,17.430000,9.730000,-1211.890000
925,Exit short,2025-06-25 04:45,2432.500000,1,21.500000,0.8800,23.540000,5.620000,-1222.830000
925,Entry short,2025-06-25 02:30,2454.000000,1,21.500000,0.8800,23.540000,5.620000,-1222.830000
924,Exit long,2025-06-25 02:30,2454.000000,1,23.670000,0.9700,37.510000,14.330000,-1244.330000
924,Entry long,2025-06-24 19:45,2430.330000,1,23.670000,0.9700,37.510000,14.330000,-1244.330000
923,Exit short,2025-06-24 19:45,2430.330000,1,3.820000,0.1600,10.870000,47.130000,-1268.000000
923,Entry short,2025-06-24 14:45,2434.150000,1,3.820000,0.1600,10.870000,47.130000,-1268.000000
922,Exit long,2025-06-24 14:45,2434.150000,1,33.360000,1.3900,49.210000,5.560000,-1271.820000
922,Entry long,2025-06-24 08:30,2400.790000,1,33.360000,1.3900,49.210000,5.560000,-1271.820000
921,Exit short,2025-06-24 08:30,2400.790000,1,13.920000,0.5800,39.810000,19.390000,-1305.180000
921,Entry short,2025-06-24 06:15,2414.710000,1,13.920000,0.5800,39.810000,19.390000,-1305.180000
920,Exit long,2025-06-24 06:15,2414.710000,1,8.360000,0.3500,16.980000,18.300000,-1319.100000
920,Entry long,2025-06-24 01:15,2406.350000,1,8.360000,0.3500,16.980000,18.300000,-1319.100000
919,Exit short,2025-06-24 01:15,2406.350000,1,-106.910000,-4.6500,4.730000,140.560000,-1327.460000
919,Entry short,2025-06-23 19:30,2299.440000,1,-106.910000,-4.6500,4.730000,140.560000,-1327.460000
918,Exit long,2025-06-23 19:30,2299.440000,1,79.740000,3.5900,92.170000,10.700000,-1220.550000
918,Entry long,2025-06-23 16:45,2219.700000,1,79.740000,3.5900,92.170000,10.700000,-1220.550000
917,Exit short,2025-06-23 16:45,2219.700000,1,59.630000,2.6200,92.320000,9.170000,-1300.290000
917,Entry short,2025-06-23 14:30,2279.330000,1,59.630000,2.6200,92.320000,9.170000,-1300.290000
916,Exit long,2025-06-23 14:30,2279.330000,1,31.550000,1.4000,69.220000,16.760000,-1359.920000
916,Entry long,2025-06-23 10:15,2247.780000,1,31.550000,1.4000,69.220000,16.760000,-1359.920000
915,Exit short,2025-06-23 10:15,2247.780000,1,10.750000,0.4800,15.940000,3.470000,-1391.470000
915,Entry short,2025-06-23 08:45,2258.530000,1,10.750000,0.4800,15.940000,3.470000,-1391.470000
914,Exit long,2025-06-23 08:45,2258.530000,1,20.770000,0.9300,40.010000,7.380000,-1402.220000
914,Entry long,2025-06-23 04:30,2237.760000,1,20.770000,0.9300,40.010000,7.380000,-1402.220000
913,Exit short,2025-06-23 04:30,2237.760000,1,-42.370000,-1.9300,84.390000,63.980000,-1422.990000
913,Entry short,2025-06-22 17:45,2195.390000,1,-42.370000,-1.9300,84.390000,63.980000,-1422.990000
912,Exit long,2025-06-22 17:45,2195.390000,1,5.530000,0.2500,29.250000,34.760000,-1380.620000
912,Entry long,2025-06-22 14:15,2189.860000,1,5.530000,0.2500,29.250000,34.760000,-1380.620000
911,Exit short,2025-06-22 14:15,2189.860000,1,82.140000,3.6200,112.720000,14.640000,-1386.150000
911,Entry short,2025-06-22 12:00,2272.000000,1,82.140000,3.6200,112.720000,14.640000,-1386.150000
910,Exit long,2025-06-22 12:00,2272.000000,1,-1.100000,-0.0500,5.980000,39.760000,-1468.290000
910,Entry long,2025-06-22 08:30,2273.100000,1,-1.100000,-0.0500,5.980000,39.760000,-1468.290000
909,Exit short,2025-06-22 08:30,2273.100000,1,12.620000,0.5500,42.530000,11.680000,-1467.190000
909,Entry short,2025-06-22 01:30,2285.720000,1,12.620000,0.5500,42.530000,11.680000,-1467.190000
908,Exit long,2025-06-22 01:30,2285.720000,1,-138.380000,-5.7100,3.290000,211.030000,-1479.810000
908,Entry long,2025-06-21 14:45,2424.100000,1,-138.380000,-5.7100,3.290000,211.030000,-1479.810000
907,Exit short,2025-06-21 14:45,2424.100000,1,1.580000,0.0700,45.680000,22.280000,-1341.430000
907,Entry short,2025-06-20 21:00,2425.680000,1,1.580000,0.0700,45.680000,22.280000,-1341.430000
906,Exit long,2025-06-20 21:00,2425.680000,1,-124.620000,-4.8900,8.330000,186.420000,-1343.010000
906,Entry long,2025-06-20 11:45,2550.300000,1,-124.620000,-4.8900,8.330000,186.420000,-1343.010000
905,Exit short,2025-06-20 11:45,2550.300000,1,-25.350000,-1.0000,0.010000,43.610000,-1218.390000
905,Entry short,2025-06-20 07:15,2524.950000,1,-25.350000,-1.0000,0.010000,43.610000,-1218.390000
904,Exit long,2025-06-20 07:15,2524.950000,1,4.140000,0.1600,4.940000,18.370000,-1193.040000
904,Entry long,2025-06-20 03:30,2520.810000,1,4.140000,0.1600,4.940000,18.370000,-1193.040000
903,Exit short,2025-06-20 03:30,2520.810000,1,-11.810000,-0.4700,12.340000,22.850000,-1197.180000
903,Entry short,2025-06-19 18:30,2509.000000,1,-11.810000,-0.4700,12.340000,22.850000,-1197.180000
902,Exit long,2025-06-19 18:30,2509.000000,1,-26.290000,-1.0400,0.230000,51.710000,-1185.370000
902,Entry long,2025-06-19 12:15,2535.290000,1,-26.290000,-1.0400,0.230000,51.710000,-1185.370000
901,Exit short,2025-06-19 12:15,2535.290000,1,7.110000,0.2800,18.400000,1.600000,-1159.080000
901,Entry short,2025-06-19 10:30,2542.400000,1,7.110000,0.2800,18.400000,1.600000,-1159.080000
900,Exit long,2025-06-19 10:30,2542.400000,1,24.210000,0.9600,25.810000,1.740000,-1166.190000
900,Entry long,2025-06-19 07:00,2518.190000,1,24.210000,0.9600,25.810000,1.740000,-1166.190000
899,Exit short,2025-06-19 07:00,2518.190000,1,-14.210000,-0.5700,38.980000,42.310000,-1190.400000
899,Entry short,2025-06-18 15:00,2503.980000,1,-14.210000,-0.5700,38.980000,42.310000,-1190.400000
898,Exit long,2025-06-18 15:00,2503.980000,1,-20.230000,-0.8000,23.140000,59.210000,-1176.190000
898,Entry long,2025-06-18 07:30,2524.210000,1,-20.230000,-0.8000,23.140000,59.210000,-1176.190000
897,Exit short,2025-06-18 07:30,2524.210000,1,5.330000,0.2100,38.540000,15.560000,-1155.960000
897,Entry short,2025-06-17 19:45,2529.540000,1,5.330000,0.2100,38.540000,15.560000,-1155.960000
896,Exit long,2025-06-17 19:45,2529.540000,1,31.780000,1.2700,42.240000,45.790000,-1161.290000
896,Entry long,2025-06-17 16:00,2497.760000,1,31.780000,1.2700,42.240000,45.790000,-1161.290000
895,Exit short,2025-06-17 16:00,2497.760000,1,53.320000,2.0900,71.080000,5.390000,-1193.070000
895,Entry short,2025-06-17 14:45,2551.080000,1,53.320000,2.0900,71.080000,5.390000,-1193.070000
894,Exit long,2025-06-17 13:15,2549.570000,1,-30.680000,-1.1900,5.390000,39.600000,-1246.390000
894,Entry long,2025-06-17 06:45,2580.250000,1,-30.680000,-1.1900,5.390000,39.600000,-1246.390000
893,Exit short,2025-06-17 06:45,2580.250000,1,-7.830000,-0.3000,6.380000,45.320000,-1215.710000
893,Entry short,2025-06-17 02:45,2572.420000,1,-7.830000,-0.3000,6.380000,45.320000,-1215.710000
892,Exit long,2025-06-17 02:45,2572.420000,1,-64.610000,-2.4500,42.970000,113.030000,-1207.880000
892,Entry long,2025-06-16 18:15,2637.030000,1,-64.610000,-2.4500,42.970000,113.030000,-1207.880000
891,Exit short,2025-06-16 18:15,2637.030000,1,1.380000,0.0500,12.150000,7.580000,-1143.270000
891,Entry short,2025-06-16 15:00,2638.410000,1,1.380000,0.0500,12.150000,7.580000,-1143.270000
890,Exit long,2025-06-16 15:00,2638.410000,1,10.420000,0.4000,28.520000,36.370000,-1144.650000
890,Entry long,2025-06-16 10:15,2627.990000,1,10.420000,0.4000,28.520000,36.370000,-1144.650000
889,Exit short,2025-06-16 10:15,2627.990000,1,-80.200000,-3.1500,34.410000,89.910000,-1155.070000
889,Entry short,2025-06-15 23:45,2547.790000,1,-80.200000,-3.1500,34.410000,89.910000,-1155.070000
888,Exit long,2025-06-15 23:45,2547.790000,1,0.150000,0.0100,4.800000,57.260000,-1074.870000
888,Entry long,2025-06-15 19:00,2547.640000,1,0.150000,0.0100,4.800000,57.260000,-1074.870000
887,Exit short,2025-06-15 19:00,2547.640000,1,-33.650000,-1.3400,3.720000,45.770000,-1075.020000
887,Entry short,2025-06-15 11:30,2513.990000,1,-33.650000,-1.3400,3.720000,45.770000,-1075.020000
886,Exit long,2025-06-15 11:30,2513.990000,1,-13.330000,-0.5300,1.640000,19.940000,-1041.370000
886,Entry long,2025-06-15 08:00,2527.320000,1,-13.330000,-0.5300,1.640000,19.940000,-1041.370000
885,Exit short,2025-06-15 08:00,2527.320000,1,-20.960000,-0.8400,10.960000,45.870000,-1028.040000
885,Entry short,2025-06-14 20:00,2506.360000,1,-20.960000,-0.8400,10.960000,45.870000,-1028.040000
884,Exit long,2025-06-14 20:00,2506.360000,1,-11.850000,-0.4700,6.860000,31.530000,-1007.080000
884,Entry long,2025-06-14 16:00,2518.210000,1,-11.850000,-0.4700,6.860000,31.530000,-1007.080000
883,Exit short,2025-06-14 16:00,2518.210000,1,12.110000,0.4800,27.020000,15.080000,-995.230000
883,Entry short,2025-06-14 11:45,2530.320000,1,12.110000,0.4800,27.020000,15.080000,-995.230000
882,Exit long,2025-06-14 11:45,2530.320000,1,-27.960000,-1.0900,8.050000,40.950000,-1007.340000
882,Entry long,2025-06-14 01:30,2558.280000,1,-27.960000,-1.0900,8.050000,40.950000,-1007.340000
881,Exit short,2025-06-14 01:30,2558.280000,1,-13.230000,-0.5200,3.850000,37.110000,-979.380000
881,Entry short,2025-06-13 21:15,2545.050000,1,-13.230000,-0.5200,3.850000,37.110000,-979.380000
880,Exit long,2025-06-13 21:15,2545.050000,1,16.420000,0.6500,23.260000,8.610000,-966.150000
880,Entry long,2025-06-13 19:00,2528.630000,1,16.420000,0.6500,23.260000,8.610000,-966.150000
879,Exit short,2025-06-13 19:00,2528.630000,1,-30.660000,-1.2300,7.190000,87.030000,-982.570000
879,Entry short,2025-06-13 04:15,2497.970000,1,-30.660000,-1.2300,7.190000,87.030000,-982.570000
878,Exit long,2025-06-13 04:15,2497.970000,1,5.980000,0.2400,32.210000,58.190000,-951.910000
878,Entry long,2025-06-13 01:30,2491.990000,1,5.980000,0.2400,32.210000,58.190000,-951.910000
877,Exit short,2025-06-13 01:30,2491.990000,1,149.390000,5.6600,191.130000,2.940000,-957.890000
877,Entry short,2025-06-13 00:00,2641.380000,1,149.390000,5.6600,191.130000,2.940000,-957.890000
876,Exit long,2025-06-13 00:00,2641.380000,1,-8.620000,-0.3300,8.800000,35.760000,-1107.280000
876,Entry long,2025-06-12 20:45,2650.000000,1,-8.620000,-0.3300,8.800000,35.760000,-1107.280000
875,Exit short,2025-06-12 20:45,2650.000000,1,109.470000,3.9700,120.180000,16.280000,-1098.660000
875,Entry short,2025-06-12 06:15,2759.470000,1,109.470000,3.9700,120.180000,16.280000,-1098.660000
874,Exit long,2025-06-12 06:15,2759.470000,1,-67.850000,-2.4000,5.130000,84.750000,-1208.130000
874,Entry long,2025-06-11 18:45,2827.320000,1,-67.850000,-2.4000,5.130000,84.750000,-1208.130000
873,Exit short,2025-06-11 18:45,2827.320000,1,-23.000000,-0.8200,20.840000,74.680000,-1140.280000
873,Entry short,2025-06-11 13:00,2804.320000,1,-23.000000,-0.8200,20.840000,74.680000,-1140.280000
872,Exit long,2025-06-11 13:00,2804.320000,1,14.720000,0.5300,32.800000,36.590000,-1117.280000
872,Entry long,2025-06-11 02:15,2789.600000,1,14.720000,0.5300,32.800000,36.590000,-1117.280000
871,Exit short,2025-06-11 02:15,2789.600000,1,-16.730000,-0.6000,41.850000,61.360000,-1132.000000
871,Entry short,2025-06-10 20:00,2772.870000,1,-16.730000,-0.6000,41.850000,61.360000,-1132.000000
870,Exit long,2025-06-10 20:00,2772.870000,1,31.880000,1.1600,66.010000,52.460000,-1115.270000
870,Entry long,2025-06-10 14:30,2740.990000,1,31.880000,1.1600,66.010000,52.460000,-1115.270000
869,Exit short,2025-06-10 14:30,2740.990000,1,-51.330000,-1.9100,9.330000,109.060000,-1147.150000
869,Entry short,2025-06-10 10:30,2689.660000,1,-51.330000,-1.9100,9.330000,109.060000,-1147.150000
868,Exit long,2025-06-10 10:30,2689.660000,1,-19.010000,-0.7000,1.230000,53.670000,-1095.820000
868,Entry long,2025-06-10 01:45,2708.670000,1,-19.010000,-0.7000,1.230000,53.670000,-1095.820000
867,Exit short,2025-06-10 01:45,2708.670000,1,-66.090000,-2.5000,1.950000,84.250000,-1076.810000
867,Entry short,2025-06-09 22:00,2642.580000,1,-66.090000,-2.5000,1.950000,84.250000,-1076.810000
866,Exit long,2025-06-09 22:00,2642.580000,1,59.620000,2.3100,66.370000,3.430000,-1010.720000
866,Entry long,2025-06-09 20:45,2582.960000,1,59.620000,2.3100,66.370000,3.430000,-1010.720000
865,Exit short,2025-06-09 20:45,2582.960000,1,-14.060000,-0.5500,8.900000,20.430000,-1070.340000
865,Entry short,2025-06-09 17:15,2568.900000,1,-14.060000,-0.5500,8.900000,20.430000,-1070.340000
864,Exit long,2025-06-09 17:15,2568.900000,1,41.870000,1.6600,44.970000,3.200000,-1056.280000
864,Entry long,2025-06-09 14:15,2527.030000,1,41.870000,1.6600,44.970000,3.200000,-1056.280000
863,Exit short,2025-06-09 14:15,2527.030000,1,-38.360000,-1.5400,0.900000,59.300000,-1098.150000
863,Entry short,2025-06-09 08:45,2488.670000,1,-38.360000,-1.5400,0.900000,59.300000,-1098.150000
862,Exit long,2025-06-09 08:45,2488.670000,1,-19.540000,-0.7800,4.290000,32.380000,-1059.790000
862,Entry long,2025-06-08 23:15,2508.210000,1,-19.540000,-0.7800,4.290000,32.380000,-1059.790000
861,Exit short,2025-06-08 23:15,2508.210000,1,-0.910000,-0.0400,9.890000,40.720000,-1040.250000
861,Entry short,2025-06-08 12:30,2507.300000,1,-0.910000,-0.0400,9.890000,40.720000,-1040.250000
860,Exit long,2025-06-08 12:30,2507.300000,1,-3.800000,-0.1500,33.900000,27.820000,-1039.340000
860,Entry long,2025-06-07 17:30,2511.100000,1,-3.800000,-0.1500,33.900000,27.820000,-1039.340000
859,Exit short,2025-06-07 17:30,2511.100000,1,-16.870000,-0.6800,2.950000,30.670000,-1035.540000
859,Entry short,2025-06-07 12:00,2494.230000,1,-16.870000,-0.6800,2.950000,30.670000,-1035.540000
858,Exit long,2025-06-07 12:00,2494.230000,1,7.570000,0.3000,14.220000,3.450000,-1018.670000
858,Entry long,2025-06-07 09:15,2486.660000,1,7.570000,0.3000,14.220000,3.450000,-1018.670000
857,Exit short,2025-06-07 09:15,2486.660000,1,1.330000,0.0500,9.240000,13.160000,-1026.240000
857,Entry short,2025-06-07 04:00,2487.990000,1,1.330000,0.0500,9.240000,13.160000,-1026.240000
856,Exit long,2025-06-07 04:00,2487.990000,1,-10.420000,-0.4200,8.030000,42.560000,-1027.570000
856,Entry long,2025-06-06 18:00,2498.410000,1,-10.420000,-0.4200,8.030000,42.560000,-1027.570000
855,Exit short,2025-06-06 18:00,2498.410000,1,-78.170000,-3.2300,40.620000,109.430000,-1017.150000
855,Entry short,2025-06-05 23:45,2420.240000,1,-78.170000,-3.2300,40.620000,109.430000,-1017.150000
854,Exit long,2025-06-05 23:45,2420.240000,1,-166.420000,-6.4300,14.950000,196.660000,-938.980000
854,Entry long,2025-06-05 15:00,2586.660000,1,-166.420000,-6.4300,14.950000,196.660000,-938.980000
853,Exit short,2025-06-05 15:00,2586.660000,1,38.650000,1.4700,65.300000,5.750000,-772.560000
853,Entry short,2025-06-05 13:15,2625.310000,1,38.650000,1.4700,65.300000,5.750000,-772.560000
852,Exit long,2025-06-05 13:15,2625.310000,1,9.200000,0.3500,23.890000,36.970000,-811.210000
852,Entry long,2025-06-05 06:30,2616.110000,1,9.200000,0.3500,23.890000,36.970000,-811.210000
851,Exit short,2025-06-05 06:30,2616.110000,1,-7.960000,-0.3100,5.040000,25.610000,-820.410000
851,Entry short,2025-06-05 01:30,2608.150000,1,-7.960000,-0.3100,5.040000,25.610000,-820.410000
850,Exit long,2025-06-05 01:30,2608.150000,1,-19.860000,-0.7600,4.130000,31.060000,-812.450000
850,Entry long,2025-06-04 19:00,2628.010000,1,-19.860000,-0.7600,4.130000,31.060000,-812.450000
849,Exit short,2025-06-04 19:00,2628.010000,1,38.910000,1.4600,42.880000,1.370000,-792.590000
849,Entry short,2025-06-04 16:00,2666.920000,1,38.910000,1.4600,42.880000,1.370000,-792.590000
848,Exit long,2025-06-04 16:00,2666.920000,1,32.740000,1.2400,45.460000,40.980000,-831.500000
848,Entry long,2025-06-04 12:15,2634.180000,1,32.740000,1.2400,45.460000,40.980000,-831.500000
847,Exit short,2025-06-04 12:15,2634.180000,1,0.880000,0.0300,13.060000,14.320000,-864.240000
847,Entry short,2025-06-04 09:15,2635.060000,1,0.880000,0.0300,13.060000,14.320000,-864.240000
846,Exit long,2025-06-04 09:15,2635.060000,1,10.370000,0.4000,20.310000,3.560000,-865.120000
846,Entry long,2025-06-04 06:30,2624.690000,1,10.370000,0.4000,20.310000,3.560000,-865.120000
845,Exit short,2025-06-04 06:30,2624.690000,1,-13.410000,-0.5100,2.610000,32.890000,-875.490000
845,Entry short,2025-06-04 02:00,2611.280000,1,-13.410000,-0.5100,2.610000,32.890000,-875.490000
844,Exit long,2025-06-04 02:00,2611.280000,1,7.060000,0.2700,23.550000,41.220000,-862.080000
844,Entry long,2025-06-03 17:00,2604.220000,1,7.060000,0.2700,23.550000,41.220000,-862.080000
843,Exit short,2025-06-03 17:00,2604.220000,1,11.380000,0.4400,13.260000,39.380000,-869.140000
843,Entry short,2025-06-03 14:15,2615.600000,1,11.380000,0.4400,13.260000,39.380000,-869.140000
842,Exit long,2025-06-03 14:15,2615.600000,1,15.610000,0.6000,33.010000,11.110000,-880.520000
842,Entry long,2025-06-03 03:45,2599.990000,1,15.610000,0.6000,33.010000,11.110000,-880.520000
841,Exit short,2025-06-03 03:45,2599.990000,1,-16.590000,-0.6400,1.900000,65.600000,-896.130000
841,Entry short,2025-06-02 23:00,2583.400000,1,-16.590000,-0.6400,1.900000,65.600000,-896.130000
840,Exit long,2025-06-02 23:00,2583.400000,1,55.400000,2.1900,55.830000,3.350000,-879.540000
840,Entry long,2025-06-02 19:45,2528.000000,1,55.400000,2.1900,55.830000,3.350000,-879.540000
839,Exit short,2025-06-02 19:45,2528.000000,1,-36.010000,-1.4500,5.380000,73.410000,-934.940000
839,Entry short,2025-06-02 13:15,2491.990000,1,-36.010000,-1.4500,5.380000,73.410000,-934.940000
838,Exit long,2025-06-02 13:15,2491.990000,1,3.890000,0.1600,10.260000,13.880000,-898.930000
838,Entry long,2025-06-02 10:15,2488.100000,1,3.890000,0.1600,10.260000,13.880000,-898.930000
837,Exit short,2025-06-02 10:15,2488.100000,1,16.470000,0.6600,31.830000,10.430000,-902.820000
837,Entry short,2025-06-02 07:15,2504.570000,1,16.470000,0.6600,31.830000,10.430000,-902.820000
836,Exit long,2025-06-02 07:15,2504.570000,1,-28.640000,-1.1300,7.680000,51.210000,-919.290000
836,Entry long,2025-06-02 01:00,2533.210000,1,-28.640000,-1.1300,7.680000,51.210000,-919.290000
835,Exit short,2025-06-02 01:00,2533.210000,1,2.290000,0.0900,10.330000,8.500000,-890.650000
835,Entry short,2025-06-01 22:30,2535.500000,1,2.290000,0.0900,10.330000,8.500000,-890.650000
834,Exit long,2025-06-01 22:30,2535.500000,1,21.680000,0.8600,32.530000,1.090000,-892.940000
834,Entry long,2025-06-01 19:15,2513.820000,1,21.680000,0.8600,32.530000,1.090000,-892.940000
833,Exit short,2025-06-01 19:15,2513.820000,1,-16.330000,-0.6500,32.490000,49.510000,-914.620000
833,Entry short,2025-06-01 12:15,2497.490000,1,-16.330000,-0.6500,32.490000,49.510000,-914.620000
832,Exit long,2025-06-01 12:15,2497.490000,1,-9.090000,-0.3600,3.120000,30.570000,-898.290000
832,Entry long,2025-06-01 08:45,2506.580000,1,-9.090000,-0.3600,3.120000,30.570000,-898.290000
831,Exit short,2025-06-01 08:45,2506.580000,1,14.570000,0.5800,23.610000,5.310000,-889.200000
831,Entry short,2025-06-01 05:00,2521.150000,1,14.570000,0.5800,23.610000,5.310000,-889.200000
830,Exit long,2025-06-01 05:00,2521.150000,1,0.090000,0.0000,8.610000,32.540000,-903.770000
830,Entry long,2025-06-01 00:45,2521.060000,1,0.090000,0.0000,8.610000,32.540000,-903.770000
829,Exit short,2025-06-01 00:45,2521.060000,1,21.250000,0.8400,28.030000,6.320000,-903.860000
829,Entry short,2025-05-31 22:00,2542.310000,1,21.250000,0.8400,28.030000,6.320000,-903.860000
828,Exit long,2025-05-31 22:00,2542.310000,1,8.710000,0.3400,16.400000,3.160000,-925.110000
828,Entry long,2025-05-31 18:15,2533.600000,1,8.710000,0.3400,16.400000,3.160000,-925.110000
827,Exit short,2025-05-31 18:15,2533.600000,1,-3.450000,-0.1400,9.100000,19.850000,-933.820000
827,Entry short,2025-05-31 13:45,2530.150000,1,-3.450000,-0.1400,9.100000,19.850000,-933.820000
826,Exit long,2025-05-31 13:45,2530.150000,1,13.960000,0.5500,30.650000,4.430000,-930.370000
826,Entry long,2025-05-31 11:30,2516.190000,1,13.960000,0.5500,30.650000,4.430000,-930.370000
825,Exit short,2025-05-31 11:30,2516.190000,1,2.270000,0.0900,12.190000,19.510000,-944.330000
825,Entry short,2025-05-31 04:30,2518.460000,1,2.270000,0.0900,12.190000,19.510000,-944.330000
824,Exit long,2025-05-31 04:30,2518.460000,1,-7.060000,-0.2800,12.870000,51.520000,-946.600000
824,Entry long,2025-05-30 23:00,2525.520000,1,-7.060000,-0.2800,12.870000,51.520000,-946.600000
823,Exit short,2025-05-30 23:00,2525.520000,1,47.780000,1.8600,53.150000,16.150000,-939.540000
823,Entry short,2025-05-30 20:00,2573.300000,1,47.780000,1.8600,53.150000,16.150000,-939.540000
822,Exit long,2025-05-30 20:00,2573.300000,1,27.000000,1.0600,38.200000,8.680000,-987.320000
822,Entry long,2025-05-30 17:30,2546.300000,1,27.000000,1.0600,38.200000,8.680000,-987.320000
821,Exit short,2025-05-30 17:30,2546.300000,1,68.550000,2.6200,84.850000,10.430000,-1014.320000
821,Entry short,2025-05-30 11:45,2614.850000,1,68.550000,2.6200,84.850000,10.430000,-1014.320000
820,Exit long,2025-05-30 11:45,2614.850000,1,-4.380000,-0.1700,7.860000,32.680000,-1082.870000
820,Entry long,2025-05-30 08:45,2619.230000,1,-4.380000,-0.1700,7.860000,32.680000,-1082.870000
819,Exit short,2025-05-30 08:45,2619.230000,1,18.360000,0.7000,31.760000,10.830000,-1078.490000
819,Entry short,2025-05-30 03:30,2637.590000,1,18.360000,0.7000,31.760000,10.830000,-1078.490000
818,Exit long,2025-05-30 03:30,2637.590000,1,-3.090000,-0.1200,3.440000,84.680000,-1096.850000
818,Entry long,2025-05-30 00:15,2640.680000,1,-3.090000,-0.1200,3.440000,84.680000,-1096.850000
817,Exit short,2025-05-30 00:15,2640.680000,1,14.310000,0.5400,37.880000,12.980000,-1093.760000
817,Entry short,2025-05-29 18:30,2654.990000,1,14.310000,0.5400,37.880000,12.980000,-1093.760000
816,Exit long,2025-05-29 18:30,2654.990000,1,-75.210000,-2.7500,13.800000,109.940000,-1108.070000
816,Entry long,2025-05-29 05:45,2730.200000,1,-75.210000,-2.7500,13.800000,109.940000,-1108.070000
815,Exit short,2025-05-29 05:45,2730.200000,1,-91.240000,-3.4600,1.940000,149.920000,-1032.860000
815,Entry short,2025-05-28 22:30,2638.960000,1,-91.240000,-3.4600,1.940000,149.920000,-1032.860000
814,Exit long,2025-05-28 22:30,2638.960000,1,10.100000,0.3800,29.990000,6.860000,-941.620000
814,Entry long,2025-05-28 20:30,2628.860000,1,10.100000,0.3800,29.990000,6.860000,-941.620000
813,Exit short,2025-05-28 20:30,2628.860000,1,25.140000,0.9500,43.990000,3.240000,-951.720000
813,Entry short,2025-05-28 18:15,2654.000000,1,25.140000,0.9500,43.990000,3.240000,-951.720000
812,Exit long,2025-05-28 18:15,2654.000000,1,23.580000,0.9000,33.580000,6.110000,-976.860000
812,Entry long,2025-05-28 15:30,2630.420000,1,23.580000,0.9000,33.580000,6.110000,-976.860000
811,Exit short,2025-05-28 15:30,2630.420000,1,5.630000,0.2100,30.050000,53.080000,-1000.440000
811,Entry short,2025-05-28 04:30,2636.050000,1,5.630000,0.2100,30.050000,53.080000,-1000.440000
810,Exit long,2025-05-28 04:30,2636.050000,1,-8.190000,-0.3100,67.560000,27.240000,-1006.070000
810,Entry long,2025-05-27 11:45,2644.240000,1,-8.190000,-0.3100,67.560000,27.240000,-1006.070000
809,Exit short,2025-05-27 11:45,2644.240000,1,-86.830000,-3.4000,8.410000,92.580000,-997.880000
809,Entry short,2025-05-27 05:15,2557.410000,1,-86.830000,-3.4000,8.410000,92.580000,-997.880000
808,Exit long,2025-05-27 05:15,2557.410000,1,28.750000,1.1400,39.340000,1.800000,-911.050000
808,Entry long,2025-05-27 02:00,2528.660000,1,28.750000,1.1400,39.340000,1.800000,-911.050000
807,Exit short,2025-05-27 02:00,2528.660000,1,36.400000,1.4200,57.060000,19.680000,-939.800000
807,Entry short,2025-05-26 21:00,2565.060000,1,36.400000,1.4200,57.060000,19.680000,-939.800000
806,Exit long,2025-05-26 21:00,2565.060000,1,6.160000,0.2400,39.700000,37.610000,-976.200000
806,Entry long,2025-05-26 03:30,2558.900000,1,6.160000,0.2400,39.700000,37.610000,-976.200000
805,Exit short,2025-05-26 03:30,2558.900000,1,-44.010000,-1.7500,8.810000,61.110000,-982.360000
805,Entry short,2025-05-25 19:00,2514.890000,1,-44.010000,-1.7500,8.810000,61.110000,-982.360000
804,Exit long,2025-05-25 19:00,2514.890000,1,11.530000,0.4600,19.350000,8.360000,-938.350000
804,Entry long,2025-05-25 15:45,2503.360000,1,11.530000,0.4600,19.350000,8.360000,-938.350000
803,Exit short,2025-05-25 15:45,2503.360000,1,-11.850000,-0.4800,13.510000,33.480000,-949.880000
803,Entry short,2025-05-25 11:00,2491.510000,1,-11.850000,-0.4800,13.510000,33.480000,-949.880000
802,Exit long,2025-05-25 11:00,2491.510000,1,-4.430000,-0.1800,5.800000,38.340000,-938.030000
802,Entry long,2025-05-25 07:15,2495.940000,1,-4.430000,-0.1800,5.800000,38.340000,-938.030000
801,Exit short,2025-05-25 07:15,2495.940000,1,15.840000,0.6300,17.220000,5.880000,-933.600000
801,Entry short,2025-05-25 04:00,2511.780000,1,15.840000,0.6300,17.220000,5.880000,-933.600000
800,Exit long,2025-05-25 04:00,2511.780000,1,-46.300000,-1.8100,8.320000,84.720000,-949.440000
800,Entry long,2025-05-24 13:00,2558.080000,1,-46.300000,-1.8100,8.320000,84.720000,-949.440000
799,Exit short,2025-05-24 13:00,2558.080000,1,-6.330000,-0.2500,17.650000,22.750000,-903.140000
799,Entry short,2025-05-24 03:30,2551.750000,1,-6.330000,-0.2500,17.650000,22.750000,-903.140000
798,Exit long,2025-05-24 03:30,2551.750000,1,7.710000,0.3000,14.140000,41.940000,-896.810000
798,Entry long,2025-05-23 21:30,2544.040000,1,7.710000,0.3000,14.140000,41.940000,-896.810000
797,Exit short,2025-05-23 21:30,2544.040000,1,23.330000,0.9100,42.530000,18.570000,-904.520000
797,Entry short,2025-05-23 16:00,2567.370000,1,23.330000,0.9100,42.530000,18.570000,-904.520000
796,Exit long,2025-05-23 16:00,2567.370000,1,-119.410000,-4.4400,9.920000,189.780000,-927.850000
796,Entry long,2025-05-23 05:30,2686.780000,1,-119.410000,-4.4400,9.920000,189.780000,-927.850000
795,Exit short,2025-05-23 05:30,2686.780000,1,-25.040000,-0.9400,17.980000,72.560000,-808.440000
795,Entry short,2025-05-23 00:15,2661.740000,1,-25.040000,-0.9400,17.980000,72.560000,-808.440000
794,Exit long,2025-05-22 23:15,2645.590000,1,0.150000,0.0100,6.070000,18.260000,-783.400000
794,Entry long,2025-05-22 20:15,2645.440000,1,0.150000,0.0100,6.070000,18.260000,-783.400000
793,Exit short,2025-05-22 20:15,2645.440000,1,23.180000,0.8700,43.340000,10.680000,-783.550000
793,Entry short,2025-05-22 15:30,2668.620000,1,23.180000,0.8700,43.340000,10.680000,-783.550000
792,Exit long,2025-05-22 15:30,2668.620000,1,17.160000,0.6500,23.970000,32.870000,-806.730000
792,Entry long,2025-05-22 11:45,2651.460000,1,17.160000,0.6500,23.970000,32.870000,-806.730000
791,Exit short,2025-05-22 11:45,2651.460000,1,14.190000,0.5300,30.650000,12.450000,-823.890000
791,Entry short,2025-05-22 09:45,2665.650000,1,14.190000,0.5300,30.650000,12.450000,-823.890000
790,Exit long,2025-05-22 09:45,2665.650000,1,48.040000,1.8400,75.000000,14.490000,-838.080000
790,Entry long,2025-05-22 06:45,2617.610000,1,48.040000,1.8400,75.000000,14.490000,-838.080000
789,Exit short,2025-05-22 06:45,2617.610000,1,-110.250000,-4.4000,8.360000,139.890000,-886.120000
789,Entry short,2025-05-21 21:45,2507.360000,1,-110.250000,-4.4000,8.360000,139.890000,-886.120000
788,Exit long,2025-05-21 21:45,2507.360000,1,27.050000,1.0900,39.410000,18.880000,-775.870000
788,Entry long,2025-05-21 18:15,2480.310000,1,27.050000,1.0900,39.410000,18.880000,-775.870000
787,Exit short,2025-05-21 18:15,2480.310000,1,55.360000,2.1800,84.950000,79.320000,-802.920000
787,Entry short,2025-05-21 12:00,2535.670000,1,55.360000,2.1800,84.950000,79.320000,-802.920000
786,Exit long,2025-05-21 12:00,2535.670000,1,-23.520000,-0.9200,0.100000,45.980000,-858.280000
786,Entry long,2025-05-21 08:15,2559.190000,1,-23.520000,-0.9200,0.100000,45.980000,-858.280000
785,Exit short,2025-05-21 08:15,2559.190000,1,-85.050000,-3.4400,35.750000,141.320000,-834.760000
785,Entry short,2025-05-20 16:15,2474.140000,1,-85.050000,-3.4400,35.750000,141.320000,-834.760000
784,Exit long,2025-05-20 16:15,2474.140000,1,-68.610000,-2.7000,3.250000,79.750000,-749.710000
784,Entry long,2025-05-20 07:00,2542.750000,1,-68.610000,-2.7000,3.250000,79.750000,-749.710000
783,Exit short,2025-05-20 07:00,2542.750000,1,23.270000,0.9100,32.690000,13.750000,-681.100000
783,Entry short,2025-05-20 03:00,2566.020000,1,23.270000,0.9100,32.690000,13.750000,-681.100000
782,Exit long,2025-05-20 03:00,2566.020000,1,68.660000,2.7500,90.640000,5.970000,-704.370000
782,Entry long,2025-05-19 19:30,2497.360000,1,68.660000,2.7500,90.640000,5.970000,-704.370000
781,Exit short,2025-05-19 19:30,2497.360000,1,-49.210000,-2.0100,1.020000,98.820000,-773.030000
781,Entry short,2025-05-19 15:30,2448.150000,1,-49.210000,-2.0100,1.020000,98.820000,-773.030000
780,Exit long,2025-05-19 15:30,2448.150000,1,45.660000,1.9000,56.990000,7.350000,-723.820000
780,Entry long,2025-05-19 13:30,2402.490000,1,45.660000,1.9000,56.990000,7.350000,-723.820000
779,Exit short,2025-05-19 13:30,2402.490000,1,5.760000,0.2400,25.250000,13.860000,-769.480000
779,Entry short,2025-05-19 08:15,2408.250000,1,5.760000,0.2400,25.250000,13.860000,-769.480000
778,Exit long,2025-05-19 08:15,2408.250000,1,0.260000,0.0100,4.280000,61.000000,-775.240000
778,Entry long,2025-05-19 02:45,2407.990000,1,0.260000,0.0100,4.280000,61.000000,-775.240000
777,Exit short,2025-05-19 02:45,2407.990000,1,-19.280000,-0.8100,14.160000,124.670000,-775.500000
777,Entry short,2025-05-18 22:15,2388.710000,1,-19.280000,-0.8100,14.160000,124.670000,-775.500000
776,Exit long,2025-05-18 22:15,2388.710000,1,-87.600000,-3.5400,0.000000,163.690000,-756.220000
776,Entry long,2025-05-18 18:30,2476.310000,1,-87.600000,-3.5400,0.000000,163.690000,-756.220000
775,Exit short,2025-05-18 18:30,2476.310000,1,52.580000,2.0800,80.120000,58.630000,-668.620000
775,Entry short,2025-05-18 14:15,2528.890000,1,52.580000,2.0800,80.120000,58.630000,-668.620000
774,Exit long,2025-05-18 14:15,2528.890000,1,23.550000,0.9400,44.170000,18.690000,-721.200000
774,Entry long,2025-05-18 11:15,2505.340000,1,23.550000,0.9400,44.170000,18.690000,-721.200000
773,Exit short,2025-05-18 11:15,2505.340000,1,-20.090000,-0.8100,42.600000,42.600000,-744.750000
773,Entry short,2025-05-17 03:30,2485.250000,1,-20.090000,-0.8100,42.600000,42.600000,-744.750000
772,Exit long,2025-05-17 03:30,2485.250000,1,-67.330000,-2.6400,4.400000,101.960000,-724.660000
772,Entry long,2025-05-16 23:15,2552.580000,1,-67.330000,-2.6400,4.400000,101.960000,-724.660000
771,Exit short,2025-05-16 23:15,2552.580000,1,33.630000,1.3000,59.070000,-0.000000,-657.330000
771,Entry short,2025-05-16 20:15,2586.210000,1,33.630000,1.3000,59.070000,-0.000000,-657.330000
770,Exit long,2025-05-16 20:15,2586.210000,1,-12.170000,-0.4700,16.480000,30.110000,-690.960000
770,Entry long,2025-05-16 13:30,2598.380000,1,-12.170000,-0.4700,16.480000,30.110000,-690.960000
769,Exit short,2025-05-16 13:30,2598.380000,1,-58.210000,-2.2900,25.170000,108.510000,-678.790000
769,Entry short,2025-05-15 23:00,2540.170000,1,-58.210000,-2.2900,25.170000,108.510000,-678.790000
768,Exit long,2025-05-15 23:00,2540.170000,1,16.260000,0.6400,39.700000,13.420000,-620.580000
768,Entry long,2025-05-15 19:30,2523.910000,1,16.260000,0.6400,39.700000,13.420000,-620.580000
767,Exit short,2025-05-15 19:30,2523.910000,1,60.010000,2.3200,73.330000,19.600000,-636.840000
767,Entry short,2025-05-15 17:15,2583.920000,1,60.010000,2.3200,73.330000,19.600000,-636.840000
766,Exit long,2025-05-15 17:15,2583.920000,1,84.890000,3.4000,100.170000,2.470000,-696.850000
766,Entry long,2025-05-15 15:00,2499.030000,1,84.890000,3.4000,100.170000,2.470000,-696.850000
765,Exit short,2025-05-15 15:00,2499.030000,1,47.100000,1.8500,70.520000,32.860000,-781.740000
765,Entry short,2025-05-15 12:15,2546.130000,1,47.100000,1.8500,70.520000,32.860000,-781.740000
764,Exit long,2025-05-15 12:15,2546.130000,1,-43.840000,-1.6900,7.300000,76.170000,-828.840000
764,Entry long,2025-05-15 02:30,2589.970000,1,-43.840000,-1.6900,7.300000,76.170000,-828.840000
763,Exit short,2025-05-15 02:30,2589.970000,1,35.930000,1.3700,80.900000,20.200000,-785.000000
763,Entry short,2025-05-14 12:15,2625.900000,1,35.930000,1.3700,80.900000,20.200000,-785.000000
762,Exit long,2025-05-14 12:15,2625.900000,1,-8.160000,-0.3100,0.580000,59.060000,-820.930000
762,Entry long,2025-05-14 08:45,2634.060000,1,-8.160000,-0.3100,0.580000,59.060000,-820.930000
761,Exit short,2025-05-14 08:45,2634.060000,1,31.750000,1.1900,57.810000,10.930000,-812.770000
761,Entry short,2025-05-14 06:30,2665.810000,1,31.750000,1.1900,57.810000,10.930000,-812.770000
760,Exit long,2025-05-14 06:30,2665.810000,1,-22.860000,-0.8500,36.290000,67.870000,-844.520000
760,Entry long,2025-05-13 21:00,2688.670000,1,-22.860000,-0.8500,36.290000,67.870000,-844.520000
759,Exit short,2025-05-13 21:00,2688.670000,1,-235.800000,-9.6100,14.860000,285.750000,-821.660000
759,Entry short,2025-05-13 05:30,2452.870000,1,-235.800000,-9.6100,14.860000,285.750000,-821.660000
758,Exit long,2025-05-13 05:30,2452.870000,1,-11.810000,-0.4800,8.160000,50.320000,-585.860000
758,Entry long,2025-05-13 01:15,2464.680000,1,-11.810000,-0.4800,8.160000,50.320000,-585.860000
757,Exit short,2025-05-13 01:15,2464.680000,1,12.230000,0.4900,21.910000,22.430000,-574.050000
757,Entry short,2025-05-12 21:15,2476.910000,1,12.230000,0.4900,21.910000,22.430000,-574.050000
756,Exit long,2025-05-12 21:15,2476.910000,1,-82.380000,-3.2200,16.310000,152.740000,-586.280000
756,Entry long,2025-05-12 11:00,2559.290000,1,-82.380000,-3.2200,16.310000,152.740000,-586.280000
755,Exit short,2025-05-12 11:00,2559.290000,1,11.940000,0.4600,44.440000,13.820000,-503.900000
755,Entry short,2025-05-12 07:45,2571.230000,1,11.940000,0.4600,44.440000,13.820000,-503.900000
754,Exit long,2025-05-12 07:45,2571.230000,1,64.340000,2.5700,117.950000,3.310000,-515.840000
754,Entry long,2025-05-12 06:30,2506.890000,1,64.340000,2.5700,117.950000,3.310000,-515.840000
753,Exit short,2025-05-12 06:30,2506.890000,1,-28.330000,-1.1400,7.270000,69.440000,-580.180000
753,Entry short,2025-05-11 18:30,2478.560000,1,-28.330000,-1.1400,7.270000,69.440000,-580.180000
752,Exit long,2025-05-11 18:30,2478.560000,1,-3.190000,-0.1300,22.240000,46.860000,-551.850000
752,Entry long,2025-05-11 14:30,2481.750000,1,-3.190000,-0.1300,22.240000,46.860000,-551.850000
751,Exit short,2025-05-11 14:30,2481.750000,1,25.500000,1.0200,43.050000,27.550000,-548.660000
751,Entry short,2025-05-11 10:30,2507.250000,1,25.500000,1.0200,43.050000,27.550000,-548.660000
750,Exit long,2025-05-11 10:30,2507.250000,1,34.640000,1.4000,48.800000,1.110000,-574.160000
750,Entry long,2025-05-11 08:00,2472.610000,1,34.640000,1.4000,48.800000,1.110000,-574.160000
749,Exit short,2025-05-11 08:00,2472.610000,1,97.340000,3.7900,117.340000,38.050000,-608.800000
749,Entry short,2025-05-10 23:15,2569.950000,1,97.340000,3.7900,117.340000,38.050000,-608.800000
748,Exit long,2025-05-10 23:15,2569.950000,1,167.380000,6.9700,185.430000,5.090000,-706.140000
748,Entry long,2025-05-10 12:15,2402.570000,1,167.380000,6.9700,185.430000,5.090000,-706.140000
747,Exit short,2025-05-10 12:15,2402.570000,1,-68.430000,-2.9300,26.830000,100.860000,-873.520000
747,Entry short,2025-05-09 18:30,2334.140000,1,-68.430000,-2.9300,26.830000,100.860000,-873.520000
746,Exit long,2025-05-09 18:30,2334.140000,1,-17.460000,-0.7400,36.520000,81.600000,-805.090000
746,Entry long,2025-05-09 10:15,2351.600000,1,-17.460000,-0.7400,36.520000,81.600000,-805.090000
745,Exit short,2025-05-09 10:15,2351.600000,1,12.110000,0.5100,72.250000,127.040000,-787.630000
745,Entry short,2025-05-09 08:00,2363.710000,1,12.110000,0.5100,72.250000,127.040000,-787.630000
744,Exit long,2025-05-09 08:00,2363.710000,1,172.060000,7.8500,202.020000,8.060000,-799.740000
744,Entry long,2025-05-08 23:45,2191.650000,1,172.060000,7.8500,202.020000,8.060000,-799.740000
743,Exit short,2025-05-08 23:45,2191.650000,1,-141.090000,-6.8800,14.770000,176.440000,-971.800000
743,Entry short,2025-05-08 16:00,2050.560000,1,-141.090000,-6.8800,14.770000,176.440000,-971.800000
742,Exit long,2025-05-08 16:00,2050.560000,1,83.780000,4.2600,108.320000,4.960000,-830.710000
742,Entry long,2025-05-08 13:30,1966.780000,1,83.780000,4.2600,108.320000,4.960000,-830.710000
741,Exit short,2025-05-08 13:30,1966.780000,1,-164.990000,-9.1600,2.140000,174.770000,-914.490000
741,Entry short,2025-05-07 22:00,1801.790000,1,-164.990000,-9.1600,2.140000,174.770000,-914.490000
740,Exit long,2025-05-07 22:00,1801.790000,1,-33.490000,-1.8200,0.980000,49.280000,-749.500000
740,Entry long,2025-05-07 11:45,1835.280000,1,-33.490000,-1.8200,0.980000,49.280000,-749.500000
739,Exit short,2025-05-07 11:45,1835.280000,1,-0.830000,-0.0500,4.980000,12.050000,-716.010000
739,Entry short,2025-05-07 08:15,1834.450000,1,-0.830000,-0.0500,4.980000,12.050000,-716.010000
738,Exit long,2025-05-07 08:15,1834.450000,1,11.150000,0.6100,17.970000,1.180000,-715.180000
738,Entry long,2025-05-07 03:30,1823.300000,1,11.150000,0.6100,17.970000,1.180000,-715.180000
737,Exit short,2025-05-07 03:30,1823.300000,1,-18.470000,-1.0200,0.330000,45.170000,-726.330000
737,Entry short,2025-05-06 23:15,1804.830000,1,-18.470000,-1.0200,0.330000,45.170000,-726.330000
736,Exit long,2025-05-06 23:15,1804.830000,1,33.450000,1.8900,41.620000,1.160000,-707.860000
736,Entry long,2025-05-06 21:45,1771.380000,1,33.450000,1.8900,41.620000,1.160000,-707.860000
735,Exit short,2025-05-06 21:45,1771.380000,1,-2.870000,-0.1600,7.510000,29.900000,-741.310000
735,Entry short,2025-05-06 15:15,1768.510000,1,-2.870000,-0.1600,7.510000,29.900000,-741.310000
734,Exit long,2025-05-06 15:15,1768.510000,1,-3.700000,-0.2100,6.870000,22.210000,-738.440000
734,Entry long,2025-05-06 12:15,1772.210000,1,-3.700000,-0.2100,6.870000,22.210000,-738.440000
733,Exit short,2025-05-06 12:15,1772.210000,1,28.790000,1.6000,45.290000,7.550000,-734.740000
733,Entry short,2025-05-06 05:30,1801.000000,1,28.790000,1.6000,45.290000,7.550000,-734.740000
732,Exit long,2025-05-06 05:30,1801.000000,1,-7.190000,-0.4000,24.790000,16.620000,-763.530000
732,Entry long,2025-05-05 21:00,1808.190000,1,-7.190000,-0.4000,24.790000,16.620000,-763.530000
731,Exit short,2025-05-05 21:00,1808.190000,1,-2.580000,-0.1400,7.820000,22.390000,-756.340000
731,Entry short,2025-05-05 17:15,1805.610000,1,-2.580000,-0.1400,7.820000,22.390000,-756.340000
730,Exit long,2025-05-05 17:15,1805.610000,1,-2.880000,-0.1600,6.370000,15.200000,-753.760000
730,Entry long,2025-05-05 11:15,1808.490000,1,-2.880000,-0.1600,6.370000,15.200000,-753.760000
729,Exit short,2025-05-05 11:15,1808.490000,1,-4.390000,-0.2400,7.100000,26.620000,-750.880000
729,Entry short,2025-05-05 05:30,1804.100000,1,-4.390000,-0.2400,7.100000,26.620000,-750.880000
728,Exit long,2025-05-05 05:30,1804.100000,1,-3.770000,-0.2100,9.730000,27.850000,-746.490000
728,Entry long,2025-05-05 00:00,1807.870000,1,-3.770000,-0.2100,9.730000,27.850000,-746.490000
727,Exit short,2025-05-05 00:00,1807.870000,1,21.380000,1.1700,27.540000,12.510000,-742.720000
727,Entry short,2025-05-04 13:15,1829.250000,1,21.380000,1.1700,27.540000,12.510000,-742.720000
726,Exit long,2025-05-04 12:15,1831.070000,1,4.070000,0.2200,8.360000,6.250000,-764.100000
726,Entry long,2025-05-04 10:00,1827.000000,1,4.070000,0.2200,8.360000,6.250000,-764.100000
725,Exit short,2025-05-04 10:00,1827.000000,1,7.610000,0.4100,12.470000,14.920000,-768.170000
725,Entry short,2025-05-03 20:15,1834.610000,1,7.610000,0.4100,12.470000,14.920000,-768.170000
724,Exit long,2025-05-03 20:15,1834.610000,1,14.950000,0.8200,19.040000,6.120000,-775.780000
724,Entry long,2025-05-03 17:30,1819.660000,1,14.950000,0.8200,19.040000,6.120000,-775.780000
723,Exit short,2025-05-03 17:30,1819.660000,1,15.080000,0.8200,26.990000,4.530000,-790.730000
723,Entry short,2025-05-03 05:15,1834.740000,1,15.080000,0.8200,26.990000,4.530000,-790.730000
722,Exit long,2025-05-03 05:15,1834.740000,1,-8.030000,-0.4400,4.460000,17.250000,-805.810000
722,Entry long,2025-05-02 20:15,1842.770000,1,-8.030000,-0.4400,4.460000,17.250000,-805.810000
721,Exit short,2025-05-02 20:15,1842.770000,1,-21.400000,-1.1700,1.950000,49.690000,-797.780000
721,Entry short,2025-05-02 09:45,1821.370000,1,-21.400000,-1.1700,1.950000,49.690000,-797.780000
720,Exit long,2025-05-02 09:45,1821.370000,1,-13.620000,-0.7400,1.600000,22.990000,-776.380000
720,Entry long,2025-05-02 06:30,1834.990000,1,-13.620000,-0.7400,1.600000,22.990000,-776.380000
719,Exit short,2025-05-02 06:30,1834.990000,1,9.650000,0.5200,17.920000,6.220000,-762.760000
719,Entry short,2025-05-02 03:30,1844.640000,1,9.650000,0.5200,17.920000,6.220000,-762.760000
718,Exit long,2025-05-02 03:30,1844.640000,1,5.540000,0.3000,33.610000,7.300000,-772.410000
718,Entry long,2025-05-01 14:30,1839.100000,1,5.540000,0.3000,33.610000,7.300000,-772.410000
717,Exit short,2025-05-01 14:30,1839.100000,1,-22.490000,-1.2400,0.000000,42.120000,-777.950000
717,Entry short,2025-05-01 10:00,1816.610000,1,-22.490000,-1.2400,0.000000,42.120000,-777.950000
716,Exit long,2025-05-01 10:00,1816.610000,1,8.310000,0.4600,15.640000,7.060000,-755.460000
716,Entry long,2025-05-01 05:00,1808.300000,1,8.310000,0.4600,15.640000,7.060000,-755.460000
715,Exit short,2025-05-01 05:00,1808.300000,1,4.970000,0.2700,10.160000,0.610000,-763.770000
715,Entry short,2025-05-01 02:45,1813.270000,1,4.970000,0.2700,10.160000,0.610000,-763.770000
714,Exit long,2025-05-01 02:45,1813.270000,1,19.690000,1.1000,24.600000,1.380000,-768.740000
714,Entry long,2025-05-01 00:30,1793.580000,1,19.690000,1.1000,24.600000,1.380000,-768.740000
713,Exit short,2025-05-01 00:30,1793.580000,1,-32.440000,-1.8400,3.620000,48.050000,-788.430000
713,Entry short,2025-04-30 16:30,1761.140000,1,-32.440000,-1.8400,3.620000,48.050000,-788.430000
712,Exit long,2025-04-30 16:30,1761.140000,1,-10.350000,-0.5800,1.180000,40.890000,-755.990000
712,Entry long,2025-04-30 13:30,1771.490000,1,-10.350000,-0.5800,1.180000,40.890000,-755.990000
711,Exit short,2025-04-30 13:30,1771.490000,1,36.020000,1.9900,50.460000,8.490000,-745.640000
711,Entry short,2025-04-30 10:45,1807.510000,1,36.020000,1.9900,50.460000,8.490000,-745.640000
710,Exit long,2025-04-30 10:45,1807.510000,1,12.060000,0.6700,13.110000,1.490000,-781.660000
710,Entry long,2025-04-30 08:30,1795.450000,1,12.060000,0.6700,13.110000,1.490000,-781.660000
709,Exit short,2025-04-30 08:30,1795.450000,1,9.030000,0.5000,16.760000,7.740000,-793.720000
709,Entry short,2025-04-30 01:00,1804.480000,1,9.030000,0.5000,16.760000,7.740000,-793.720000
708,Exit long,2025-04-30 01:00,1804.480000,1,-10.120000,-0.5600,16.890000,35.240000,-802.750000
708,Entry long,2025-04-29 13:45,1814.600000,1,-10.120000,-0.5600,16.890000,35.240000,-802.750000
707,Exit short,2025-04-29 13:45,1814.600000,1,4.010000,0.2200,17.610000,24.210000,-792.630000
707,Entry short,2025-04-29 07:15,1818.610000,1,4.010000,0.2200,17.610000,24.210000,-792.630000
706,Exit long,2025-04-29 07:15,1818.610000,1,24.690000,1.3800,29.580000,6.550000,-796.640000
706,Entry long,2025-04-29 03:00,1793.920000,1,24.690000,1.3800,29.580000,6.550000,-796.640000
705,Exit short,2025-04-29 03:00,1793.920000,1,-24.830000,-1.4000,0.250000,41.830000,-821.330000
705,Entry short,2025-04-28 18:45,1769.090000,1,-24.830000,-1.4000,0.250000,41.830000,-821.330000
704,Exit long,2025-04-28 18:45,1769.090000,1,-21.760000,-1.2200,7.360000,48.700000,-796.500000
704,Entry long,2025-04-28 14:15,1790.850000,1,-21.760000,-1.2200,7.360000,48.700000,-796.500000
703,Exit short,2025-04-28 14:15,1790.850000,1,1.960000,0.1100,14.330000,33.900000,-774.740000
703,Entry short,2025-04-28 04:30,1792.810000,1,1.960000,0.1100,14.330000,33.900000,-774.740000
702,Exit long,2025-04-28 04:30,1792.810000,1,-0.790000,-0.0400,1.850000,42.610000,-776.700000
702,Entry long,2025-04-27 23:00,1793.600000,1,-0.790000,-0.0400,1.850000,42.610000,-776.700000
701,Exit short,2025-04-27 23:00,1793.600000,1,3.760000,0.2100,14.260000,10.410000,-775.910000
701,Entry short,2025-04-27 17:45,1797.360000,1,3.760000,0.2100,14.260000,10.410000,-775.910000
700,Exit long,2025-04-27 17:45,1797.360000,1,-4.670000,-0.2600,5.930000,21.780000,-779.670000
700,Entry long,2025-04-27 12:45,1802.030000,1,-4.670000,-0.2600,5.930000,21.780000,-779.670000
699,Exit short,2025-04-27 12:45,1802.030000,1,5.660000,0.3100,12.450000,5.100000,-775.000000
699,Entry short,2025-04-27 08:30,1807.690000,1,5.660000,0.3100,12.450000,5.100000,-775.000000
698,Exit long,2025-04-27 08:30,1807.690000,1,-7.250000,-0.4000,1.560000,26.060000,-780.660000
698,Entry long,2025-04-27 02:30,1814.940000,1,-7.250000,-0.4000,1.560000,26.060000,-780.660000
697,Exit short,2025-04-27 02:30,1814.940000,1,-15.560000,-0.8600,4.380000,57.620000,-773.410000
697,Entry short,2025-04-26 16:00,1799.380000,1,-15.560000,-0.8600,4.380000,57.620000,-773.410000
696,Exit long,2025-04-26 16:00,1799.380000,1,-6.120000,-0.3400,4.360000,28.190000,-757.850000
696,Entry long,2025-04-26 10:30,1805.500000,1,-6.120000,-0.3400,4.360000,28.190000,-757.850000
695,Exit short,2025-04-26 10:30,1805.500000,1,-2.520000,-0.1400,11.050000,38.510000,-751.730000
695,Entry short,2025-04-26 07:45,1802.980000,1,-2.520000,-0.1400,11.050000,38.510000,-751.730000
694,Exit long,2025-04-26 07:45,1802.980000,1,9.200000,0.5100,16.160000,5.770000,-749.210000
694,Entry long,2025-04-26 04:30,1793.780000,1,9.200000,0.5100,16.160000,5.770000,-749.210000
693,Exit short,2025-04-26 04:30,1793.780000,1,12.620000,0.7000,14.660000,8.180000,-758.410000
693,Entry short,2025-04-26 02:00,1806.400000,1,12.620000,0.7000,14.660000,8.180000,-758.410000
692,Exit long,2025-04-26 02:00,1806.400000,1,11.180000,0.6200,19.830000,12.220000,-771.030000
692,Entry long,2025-04-25 18:30,1795.220000,1,11.180000,0.6200,19.830000,12.220000,-771.030000
691,Exit short,2025-04-25 18:30,1795.220000,1,10.470000,0.5800,24.370000,4.120000,-782.210000
691,Entry short,2025-04-25 16:00,1805.690000,1,10.470000,0.5800,24.370000,4.120000,-782.210000
690,Exit long,2025-04-25 16:00,1805.690000,1,37.590000,2.1300,58.810000,1.070000,-792.680000
690,Entry long,2025-04-25 14:00,1768.100000,1,37.590000,2.1300,58.810000,1.070000,-792.680000
689,Exit short,2025-04-25 14:00,1768.100000,1,-3.320000,-0.1900,8.970000,37.220000,-830.270000
689,Entry short,2025-04-25 05:45,1764.780000,1,-3.320000,-0.1900,8.970000,37.220000,-830.270000
688,Exit long,2025-04-25 05:45,1764.780000,1,17.990000,1.0300,24.620000,2.630000,-826.950000
688,Entry long,2025-04-25 03:15,1746.790000,1,17.990000,1.0300,24.620000,2.630000,-826.950000
687,Exit short,2025-04-25 03:15,1746.790000,1,-1.590000,-0.0900,7.800000,44.680000,-844.940000
687,Entry short,2025-04-24 11:30,1745.200000,1,-1.590000,-0.0900,7.800000,44.680000,-844.940000
686,Exit long,2025-04-24 11:30,1745.200000,1,-43.910000,-2.4500,13.160000,67.890000,-843.350000
686,Entry long,2025-04-24 01:00,1789.110000,1,-43.910000,-2.4500,13.160000,67.890000,-843.350000
685,Exit short,2025-04-24 01:00,1789.110000,1,10.880000,0.6000,26.560000,9.610000,-799.440000
685,Entry short,2025-04-23 18:00,1799.990000,1,10.880000,0.6000,26.560000,9.610000,-799.440000
684,Exit long,2025-04-23 18:00,1799.990000,1,2.690000,0.1500,6.390000,36.300000,-810.320000
684,Entry long,2025-04-23 14:30,1797.300000,1,2.690000,0.1500,6.390000,36.300000,-810.320000
683,Exit short,2025-04-23 14:30,1797.300000,1,-0.840000,-0.0500,16.060000,41.540000,-813.010000
683,Entry short,2025-04-23 11:45,1796.460000,1,-0.840000,-0.0500,16.060000,41.540000,-813.010000
682,Exit long,2025-04-23 11:45,1796.460000,1,15.160000,0.8500,30.740000,3.010000,-812.170000
682,Entry long,2025-04-23 07:30,1781.300000,1,15.160000,0.8500,30.740000,3.010000,-812.170000
681,Exit short,2025-04-23 07:30,1781.300000,1,-32.000000,-1.8300,11.680000,68.680000,-827.330000
681,Entry short,2025-04-22 22:30,1749.300000,1,-32.000000,-1.8300,11.680000,68.680000,-827.330000
680,Exit long,2025-04-22 22:30,1749.300000,1,49.680000,2.9200,79.400000,16.620000,-795.330000
680,Entry long,2025-04-22 18:00,1699.620000,1,49.680000,2.9200,79.400000,16.620000,-795.330000
679,Exit short,2025-04-22 18:00,1699.620000,1,-124.810000,-7.9300,39.810000,151.120000,-845.010000
679,Entry short,2025-04-21 21:30,1574.810000,1,-124.810000,-7.9300,39.810000,151.120000,-845.010000
678,Exit long,2025-04-21 21:30,1574.810000,1,-62.970000,-3.8400,20.220000,77.160000,-720.200000
678,Entry long,2025-04-21 05:15,1637.780000,1,-62.970000,-3.8400,20.220000,77.160000,-720.200000
677,Exit short,2025-04-21 05:15,1637.780000,1,-26.970000,-1.6700,2.240000,34.530000,-657.230000
677,Entry short,2025-04-21 01:15,1610.810000,1,-26.970000,-1.6700,2.240000,34.530000,-657.230000
676,Exit long,2025-04-21 01:15,1610.810000,1,29.510000,1.8700,38.700000,-0.000000,-630.260000
676,Entry long,2025-04-20 23:00,1581.300000,1,29.510000,1.8700,38.700000,-0.000000,-630.260000
675,Exit short,2025-04-20 23:00,1581.300000,1,-8.950000,-0.5700,2.160000,27.650000,-659.770000
675,Entry short,2025-04-20 13:15,1572.350000,1,-8.950000,-0.5700,2.160000,27.650000,-659.770000
674,Exit long,2025-04-20 13:15,1572.350000,1,-41.030000,-2.5400,5.080000,48.690000,-650.820000
674,Entry long,2025-04-20 00:15,1613.380000,1,-41.030000,-2.5400,5.080000,48.690000,-650.820000
673,Exit short,2025-04-20 00:15,1613.380000,1,-8.630000,-0.5400,6.990000,27.540000,-609.790000
673,Entry short,2025-04-19 14:15,1604.750000,1,-8.630000,-0.5400,6.990000,27.540000,-609.790000
672,Exit long,2025-04-19 14:15,1604.750000,1,7.340000,0.4600,10.360000,4.180000,-601.160000
672,Entry long,2025-04-19 07:15,1597.410000,1,7.340000,0.4600,10.360000,4.180000,-601.160000
671,Exit short,2025-04-19 07:15,1597.410000,1,8.840000,0.5500,11.930000,0.750000,-608.500000
671,Entry short,2025-04-19 04:45,1606.250000,1,8.840000,0.5500,11.930000,0.750000,-608.500000
670,Exit long,2025-04-19 04:45,1606.250000,1,15.720000,0.9900,22.470000,6.520000,-617.340000
670,Entry long,2025-04-18 23:45,1590.530000,1,15.720000,0.9900,22.470000,6.520000,-617.340000
669,Exit short,2025-04-18 23:45,1590.530000,1,3.240000,0.2000,7.500000,6.230000,-633.060000
669,Entry short,2025-04-18 18:45,1593.770000,1,3.240000,0.2000,7.500000,6.230000,-633.060000
668,Exit long,2025-04-18 18:45,1593.770000,1,11.490000,0.7300,11.960000,1.330000,-636.300000
668,Entry long,2025-04-18 16:00,1582.280000,1,11.490000,0.7300,11.960000,1.330000,-636.300000
667,Exit short,2025-04-18 16:00,1582.280000,1,6.040000,0.3800,10.760000,8.310000,-647.790000
667,Entry short,2025-04-18 08:30,1588.320000,1,6.040000,0.3800,10.760000,8.310000,-647.790000
666,Exit long,2025-04-18 08:30,1588.320000,1,1.500000,0.0900,4.180000,14.170000,-653.830000
666,Entry long,2025-04-17 20:15,1586.820000,1,1.500000,0.0900,4.180000,14.170000,-653.830000
665,Exit short,2025-04-17 20:15,1586.820000,1,21.670000,1.3500,33.130000,4.390000,-655.330000
665,Entry short,2025-04-17 18:30,1608.490000,1,21.670000,1.3500,33.130000,4.390000,-655.330000
664,Exit long,2025-04-17 18:30,1608.490000,1,12.690000,0.8000,21.010000,33.540000,-677.000000
664,Entry long,2025-04-17 09:45,1595.800000,1,12.690000,0.8000,21.010000,33.540000,-677.000000
663,Exit short,2025-04-17 09:45,1595.800000,1,2.480000,0.1600,7.630000,11.620000,-689.690000
663,Entry short,2025-04-17 06:00,1598.280000,1,2.480000,0.1600,7.630000,11.620000,-689.690000
662,Exit long,2025-04-17 06:00,1598.280000,1,20.240000,1.2800,24.930000,2.370000,-692.170000
662,Entry long,2025-04-17 00:15,1578.040000,1,20.240000,1.2800,24.930000,2.370000,-692.170000
661,Exit short,2025-04-17 00:15,1578.040000,1,22.890000,1.4300,63.370000,14.020000,-712.410000
661,Entry short,2025-04-16 02:15,1600.930000,1,22.890000,1.4300,63.370000,14.020000,-712.410000
660,Exit long,2025-04-16 02:15,1600.930000,1,-27.210000,-1.6700,32.540000,53.100000,-735.300000
660,Entry long,2025-04-15 11:15,1628.140000,1,-27.210000,-1.6700,32.540000,53.100000,-735.300000
659,Exit short,2025-04-15 11:15,1628.140000,1,-8.510000,-0.5300,3.500000,32.160000,-708.090000
659,Entry short,2025-04-15 01:15,1619.630000,1,-8.510000,-0.5300,3.500000,32.160000,-708.090000
658,Exit long,2025-04-15 01:15,1619.630000,1,-47.720000,-2.8600,21.920000,64.350000,-699.580000
658,Entry long,2025-04-14 14:30,1667.350000,1,-47.720000,-2.8600,21.920000,64.350000,-699.580000
657,Exit short,2025-04-14 14:30,1667.350000,1,-34.240000,-2.1000,2.510000,58.460000,-651.860000
657,Entry short,2025-04-14 09:30,1633.110000,1,-34.240000,-2.1000,2.510000,58.460000,-651.860000
656,Exit long,2025-04-14 09:30,1633.110000,1,6.940000,0.4300,18.610000,14.660000,-617.620000
656,Entry long,2025-04-14 06:45,1626.170000,1,6.940000,0.4300,18.610000,14.660000,-617.620000
655,Exit short,2025-04-14 06:45,1626.170000,1,-31.160000,-1.9500,35.610000,64.800000,-624.560000
655,Entry short,2025-04-13 17:00,1595.010000,1,-31.160000,-1.9500,35.610000,64.800000,-624.560000
654,Exit long,2025-04-13 17:00,1595.010000,1,-10.220000,-0.6400,3.270000,40.120000,-593.400000
654,Entry long,2025-04-13 12:15,1605.230000,1,-10.220000,-0.6400,3.270000,40.120000,-593.400000
653,Exit short,2025-04-13 12:15,1605.230000,1,10.420000,0.6400,24.940000,11.800000,-583.180000
653,Entry short,2025-04-13 07:30,1615.650000,1,10.420000,0.6400,24.940000,11.800000,-583.180000
652,Exit long,2025-04-13 07:30,1615.650000,1,-21.180000,-1.2900,22.850000,40.620000,-593.600000
652,Entry long,2025-04-12 17:30,1636.830000,1,-21.180000,-1.2900,22.850000,40.620000,-593.600000
651,Exit short,2025-04-12 17:30,1636.830000,1,1.090000,0.0700,10.500000,31.930000,-572.420000
651,Entry short,2025-04-12 14:00,1637.920000,1,1.090000,0.0700,10.500000,31.930000,-572.420000
650,Exit long,2025-04-12 14:00,1637.920000,1,41.440000,2.6000,49.980000,6.690000,-573.510000
650,Entry long,2025-04-12 11:15,1596.480000,1,41.440000,2.6000,49.980000,6.690000,-573.510000
649,Exit short,2025-04-12 11:15,1596.480000,1,-28.730000,-1.8300,1.390000,37.960000,-614.950000
649,Entry short,2025-04-12 05:30,1567.750000,1,-28.730000,-1.8300,1.390000,37.960000,-614.950000
648,Exit long,2025-04-12 05:30,1567.750000,1,0.410000,0.0300,18.970000,22.280000,-586.220000
648,Entry long,2025-04-11 19:30,1567.340000,1,0.410000,0.0300,18.970000,22.280000,-586.220000
647,Exit short,2025-04-11 13:00,1557.400000,1,-40.890000,-2.7000,12.880000,68.670000,-586.630000
647,Entry short,2025-04-10 19:15,1516.510000,1,-40.890000,-2.7000,12.880000,68.670000,-586.630000
646,Exit long,2025-04-10 19:15,1516.510000,1,-52.940000,-3.3700,14.600000,98.610000,-545.740000
646,Entry long,2025-04-10 14:30,1569.450000,1,-52.940000,-3.3700,14.600000,98.610000,-545.740000
645,Exit short,2025-04-10 14:30,1569.450000,1,28.790000,1.8000,43.240000,0.390000,-492.800000
645,Entry short,2025-04-10 12:45,1598.240000,1,28.790000,1.8000,43.240000,0.390000,-492.800000
644,Exit long,2025-04-10 12:45,1598.240000,1,-66.390000,-3.9900,6.030000,84.130000,-521.590000
644,Entry long,2025-04-09 23:45,1664.630000,1,-66.390000,-3.9900,6.030000,84.130000,-521.590000
643,Exit short,2025-04-09 22:45,1671.760000,1,-39.860000,-2.4400,19.730000,56.100000,-455.200000
643,Entry short,2025-04-09 18:00,1631.900000,1,-39.860000,-2.4400,19.730000,56.100000,-455.200000
642,Exit long,2025-04-09 18:00,1631.900000,1,176.080000,12.0900,183.210000,16.790000,-415.340000
642,Entry long,2025-04-09 12:15,1455.820000,1,176.080000,12.0900,183.210000,16.790000,-415.340000
641,Exit short,2025-04-09 12:15,1455.820000,1,25.600000,1.7300,97.420000,14.580000,-591.420000
641,Entry short,2025-04-08 21:00,1481.420000,1,25.600000,1.7300,97.420000,14.580000,-591.420000
640,Exit long,2025-04-08 21:00,1481.420000,1,-45.330000,-2.9700,11.170000,73.290000,-617.020000
640,Entry long,2025-04-08 15:30,1526.750000,1,-45.330000,-2.9700,11.170000,73.290000,-617.020000
639,Exit short,2025-04-08 15:30,1526.750000,1,57.520000,3.6300,67.150000,1.620000,-571.690000
639,Entry short,2025-04-08 12:15,1584.270000,1,57.520000,3.6300,67.150000,1.620000,-571.690000
638,Exit long,2025-04-08 12:15,1584.270000,1,14.300000,0.9100,22.820000,16.490000,-629.210000
638,Entry long,2025-04-08 08:00,1569.970000,1,14.300000,0.9100,22.820000,16.490000,-629.210000
637,Exit short,2025-04-08 08:00,1569.970000,1,21.890000,1.3800,31.000000,10.430000,-643.510000
637,Entry short,2025-04-08 02:45,1591.860000,1,21.890000,1.3800,31.000000,10.430000,-643.510000
636,Exit long,2025-04-08 02:45,1591.860000,1,38.290000,2.4600,64.430000,13.380000,-665.400000
636,Entry long,2025-04-08 00:30,1553.570000,1,38.290000,2.4600,64.430000,13.380000,-665.400000
635,Exit short,2025-04-08 00:30,1553.570000,1,45.230000,2.8300,188.800000,39.670000,-703.690000
635,Entry short,2025-04-06 22:15,1598.800000,1,45.230000,2.8300,188.800000,39.670000,-703.690000
634,Exit long,2025-04-06 22:15,1598.800000,1,-21.790000,-1.3400,11.570000,68.090000,-748.920000
634,Entry long,2025-04-06 19:15,1620.590000,1,-21.790000,-1.3400,11.570000,68.090000,-748.920000
633,Exit short,2025-04-06 19:15,1620.590000,1,143.600000,8.1400,163.190000,0.730000,-727.130000
633,Entry short,2025-04-06 15:45,1764.190000,1,143.600000,8.1400,163.190000,0.730000,-727.130000
632,Exit long,2025-04-06 15:45,1764.190000,1,-41.010000,-2.2700,7.400000,70.190000,-870.730000
632,Entry long,2025-04-06 03:15,1805.200000,1,-41.010000,-2.2700,7.400000,70.190000,-870.730000
631,Exit short,2025-04-06 03:15,1805.200000,1,-21.680000,-1.2200,22.340000,32.860000,-829.720000
631,Entry short,2025-04-05 17:15,1783.520000,1,-21.680000,-1.2200,22.340000,32.860000,-829.720000
630,Exit long,2025-04-05 17:15,1783.520000,1,-13.520000,-0.7500,0.880000,20.700000,-808.040000
630,Entry long,2025-04-05 13:00,1797.040000,1,-13.520000,-0.7500,0.880000,20.700000,-808.040000
629,Exit short,2025-04-05 13:00,1797.040000,1,22.000000,1.2100,27.300000,2.220000,-794.520000
629,Entry short,2025-04-05 09:45,1819.040000,1,22.000000,1.2100,27.300000,2.220000,-794.520000
628,Exit long,2025-04-05 09:45,1819.040000,1,35.890000,2.0100,45.560000,14.580000,-816.520000
628,Entry long,2025-04-04 12:00,1783.150000,1,35.890000,2.0100,45.560000,14.580000,-816.520000
627,Exit short,2025-04-04 12:00,1783.150000,1,21.620000,1.2000,47.250000,29.930000,-852.410000
627,Entry short,2025-04-04 06:15,1804.770000,1,21.620000,1.2000,47.250000,29.930000,-852.410000
626,Exit long,2025-04-04 06:15,1804.770000,1,6.440000,0.3600,9.230000,16.730000,-874.030000
626,Entry long,2025-04-04 02:15,1798.330000,1,6.440000,0.3600,9.230000,16.730000,-874.030000
625,Exit short,2025-04-04 02:15,1798.330000,1,-20.320000,-1.1400,28.000000,44.680000,-880.470000
625,Entry short,2025-04-03 14:30,1778.010000,1,-20.320000,-1.1400,28.000000,44.680000,-880.470000
624,Exit long,2025-04-03 14:30,1778.010000,1,-33.140000,-1.8300,12.340000,63.680000,-860.150000
624,Entry long,2025-04-03 07:45,1811.150000,1,-33.140000,-1.8300,12.340000,63.680000,-860.150000
623,Exit short,2025-04-03 07:45,1811.150000,1,12.320000,0.6800,17.910000,21.500000,-827.010000
623,Entry short,2025-04-03 02:30,1823.470000,1,12.320000,0.6800,17.910000,21.500000,-827.010000
622,Exit long,2025-04-03 02:30,1823.470000,1,-77.330000,-4.0700,57.170000,120.280000,-839.330000
622,Entry long,2025-04-02 18:45,1900.800000,1,-77.330000,-4.0700,57.170000,120.280000,-839.330000
621,Exit short,2025-04-02 18:45,1900.800000,1,-0.700000,-0.0400,19.010000,13.750000,-762.000000
621,Entry short,2025-04-02 16:00,1900.100000,1,-0.700000,-0.0400,19.010000,13.750000,-762.000000
620,Exit long,2025-04-02 16:00,1900.100000,1,33.250000,1.7800,51.150000,13.730000,-761.300000
620,Entry long,2025-04-02 12:45,1866.850000,1,33.250000,1.7800,51.150000,13.730000,-761.300000
619,Exit short,2025-04-02 12:45,1866.850000,1,0.050000,0.0000,9.840000,20.330000,-794.550000
619,Entry short,2025-04-02 09:00,1866.900000,1,0.050000,0.0000,9.840000,20.330000,-794.550000
618,Exit long,2025-04-02 09:00,1866.900000,1,-18.090000,-0.9600,10.850000,34.300000,-794.600000
618,Entry long,2025-04-02 01:30,1884.990000,1,-18.090000,-0.9600,10.850000,34.300000,-794.600000
617,Exit short,2025-04-02 01:30,1884.990000,1,30.560000,1.6000,33.530000,3.750000,-776.510000
617,Entry short,2025-04-01 22:15,1915.550000,1,30.560000,1.6000,33.530000,3.750000,-776.510000
616,Exit long,2025-04-01 22:15,1915.550000,1,9.560000,0.5000,15.990000,10.090000,-807.070000
616,Entry long,2025-04-01 19:45,1905.990000,1,9.560000,0.5000,15.990000,10.090000,-807.070000
615,Exit short,2025-04-01 19:45,1905.990000,1,11.900000,0.6200,17.360000,5.740000,-816.630000
615,Entry short,2025-04-01 16:00,1917.890000,1,11.900000,0.6200,17.360000,5.740000,-816.630000
614,Exit long,2025-04-01 16:00,1917.890000,1,58.060000,3.1200,67.960000,18.630000,-828.530000
614,Entry long,2025-04-01 11:45,1859.830000,1,58.060000,3.1200,67.960000,18.630000,-828.530000
613,Exit short,2025-04-01 11:45,1859.830000,1,-26.070000,-1.4200,2.530000,57.660000,-886.590000
613,Entry short,2025-04-01 03:30,1833.760000,1,-26.070000,-1.4200,2.530000,57.660000,-886.590000
612,Exit long,2025-04-01 03:30,1833.760000,1,-0.390000,-0.0200,12.250000,18.930000,-860.520000
612,Entry long,2025-03-31 18:15,1834.150000,1,-0.390000,-0.0200,12.250000,18.930000,-860.520000
611,Exit short,2025-03-31 18:15,1834.150000,1,-27.780000,-1.5400,13.770000,46.970000,-860.130000
611,Entry short,2025-03-31 11:45,1806.370000,1,-27.780000,-1.5400,13.770000,46.970000,-860.130000
610,Exit long,2025-03-31 11:45,1806.370000,1,8.470000,0.4700,12.080000,21.340000,-832.350000
610,Entry long,2025-03-31 08:00,1797.900000,1,8.470000,0.4700,12.080000,21.340000,-832.350000
609,Exit short,2025-03-31 08:00,1797.900000,1,11.100000,0.6100,20.870000,14.010000,-840.820000
609,Entry short,2025-03-31 02:15,1809.000000,1,11.100000,0.6100,20.870000,14.010000,-840.820000
608,Exit long,2025-03-31 02:15,1809.000000,1,18.200000,1.0200,29.020000,14.880000,-851.920000
608,Entry long,2025-03-30 22:30,1790.800000,1,18.200000,1.0200,29.020000,14.880000,-851.920000
607,Exit short,2025-03-30 22:30,1790.800000,1,31.540000,1.7300,56.300000,0.790000,-870.120000
607,Entry short,2025-03-30 19:15,1822.340000,1,31.540000,1.7300,56.300000,0.790000,-870.120000
606,Exit long,2025-03-30 19:15,1822.340000,1,-17.020000,-0.9300,8.720000,57.360000,-901.660000
606,Entry long,2025-03-30 06:45,1839.360000,1,-17.020000,-0.9300,8.720000,57.360000,-901.660000
605,Exit short,2025-03-30 06:45,1839.360000,1,-17.760000,-0.9700,10.250000,24.640000,-884.640000
605,Entry short,2025-03-30 00:30,1821.600000,1,-17.760000,-0.9700,10.250000,24.640000,-884.640000
604,Exit long,2025-03-30 00:30,1821.600000,1,4.660000,0.2600,13.210000,9.440000,-866.880000
604,Entry long,2025-03-29 18:00,1816.940000,1,4.660000,0.2600,13.210000,9.440000,-866.880000
603,Exit short,2025-03-29 18:00,1816.940000,1,36.940000,1.9900,57.750000,1.110000,-871.540000
603,Entry short,2025-03-29 14:15,1853.880000,1,36.940000,1.9900,57.750000,1.110000,-871.540000
602,Exit long,2025-03-29 14:15,1853.880000,1,-42.160000,-2.2200,9.300000,63.750000,-908.480000
602,Entry long,2025-03-29 03:30,1896.040000,1,-42.160000,-2.2200,9.300000,63.750000,-908.480000
601,Exit short,2025-03-29 03:30,1896.040000,1,10.220000,0.5400,52.060000,17.740000,-866.320000
601,Entry short,2025-03-28 09:00,1906.260000,1,10.220000,0.5400,52.060000,17.740000,-866.320000
600,Exit long,2025-03-28 09:00,1906.260000,1,-119.730000,-5.9100,9.010000,129.290000,-876.540000
600,Entry long,2025-03-27 06:15,2025.990000,1,-119.730000,-5.9100,9.010000,129.290000,-876.540000
599,Exit short,2025-03-27 06:15,2025.990000,1,-14.290000,-0.7100,21.690000,25.180000,-756.810000
599,Entry short,2025-03-26 20:45,2011.700000,1,-14.290000,-0.7100,21.690000,25.180000,-756.810000
598,Exit long,2025-03-26 20:45,2011.700000,1,-17.520000,-0.8600,2.630000,48.810000,-742.520000
598,Entry long,2025-03-26 14:15,2029.220000,1,-17.520000,-0.8600,2.630000,48.810000,-742.520000
597,Exit short,2025-03-26 14:15,2029.220000,1,38.830000,1.8800,43.650000,6.800000,-725.000000
597,Entry short,2025-03-26 07:45,2068.050000,1,38.830000,1.8800,43.650000,6.800000,-725.000000
596,Exit long,2025-03-26 07:45,2068.050000,1,14.440000,0.7000,17.270000,12.710000,-763.830000
596,Entry long,2025-03-26 03:30,2053.610000,1,14.440000,0.7000,17.270000,12.710000,-763.830000
595,Exit short,2025-03-26 03:30,2053.610000,1,20.280000,0.9800,28.570000,9.320000,-778.270000
595,Entry short,2025-03-25 15:30,2073.890000,1,20.280000,0.9800,28.570000,9.320000,-778.270000
594,Exit long,2025-03-25 15:30,2073.890000,1,9.090000,0.4400,14.360000,14.100000,-798.550000
594,Entry long,2025-03-25 13:15,2064.800000,1,9.090000,0.4400,14.360000,14.100000,-798.550000
593,Exit short,2025-03-25 13:15,2064.800000,1,-9.820000,-0.4800,5.780000,19.550000,-807.640000
593,Entry short,2025-03-25 07:00,2054.980000,1,-9.820000,-0.4800,5.780000,19.550000,-807.640000
592,Exit long,2025-03-25 07:00,2054.980000,1,-13.730000,-0.6600,0.010000,32.710000,-797.820000
592,Entry long,2025-03-25 02:30,2068.710000,1,-13.730000,-0.6600,0.010000,32.710000,-797.820000
591,Exit short,2025-03-25 02:30,2068.710000,1,11.740000,0.5600,25.440000,1.550000,-784.090000
591,Entry short,2025-03-25 01:15,2080.450000,1,11.740000,0.5600,25.440000,1.550000,-784.090000
590,Exit long,2025-03-25 01:15,2080.450000,1,-8.840000,-0.4200,7.920000,22.420000,-795.830000
590,Entry long,2025-03-24 21:30,2089.290000,1,-8.840000,-0.4200,7.920000,22.420000,-795.830000
589,Exit short,2025-03-24 21:30,2089.290000,1,2.700000,0.1300,12.580000,2.450000,-786.990000
589,Entry short,2025-03-24 19:30,2091.990000,1,2.700000,0.1300,12.580000,2.450000,-786.990000
588,Exit long,2025-03-24 19:30,2091.990000,1,-0.300000,-0.0100,11.950000,25.910000,-789.690000
588,Entry long,2025-03-24 10:30,2092.290000,1,-0.300000,-0.0100,11.950000,25.910000,-789.690000
587,Exit short,2025-03-24 10:30,2092.290000,1,-52.720000,-2.5800,1.320000,58.430000,-789.390000
587,Entry short,2025-03-24 05:00,2039.570000,1,-52.720000,-2.5800,1.320000,58.430000,-789.390000
586,Exit long,2025-03-24 05:00,2039.570000,1,54.110000,2.7300,57.600000,2.190000,-736.670000
586,Entry long,2025-03-24 02:30,1985.460000,1,54.110000,2.7300,57.600000,2.190000,-736.670000
585,Exit short,2025-03-24 02:30,1985.460000,1,10.770000,0.5400,19.770000,24.730000,-790.780000
585,Entry short,2025-03-23 20:45,1996.230000,1,10.770000,0.5400,19.770000,24.730000,-790.780000
584,Exit long,2025-03-23 20:45,1996.230000,1,-12.690000,-0.6300,10.690000,23.210000,-801.550000
584,Entry long,2025-03-23 12:45,2008.920000,1,-12.690000,-0.6300,10.690000,23.210000,-801.550000
583,Exit short,2025-03-23 12:45,2008.920000,1,-0.870000,-0.0400,6.590000,11.820000,-788.860000
583,Entry short,2025-03-23 08:45,2008.050000,1,-0.870000,-0.0400,6.590000,11.820000,-788.860000
582,Exit long,2025-03-23 08:45,2008.050000,1,9.170000,0.4600,21.120000,2.460000,-787.990000
582,Entry long,2025-03-23 06:00,1998.880000,1,9.170000,0.4600,21.120000,2.460000,-787.990000
581,Exit short,2025-03-23 06:00,1998.880000,1,-1.710000,-0.0900,6.230000,11.750000,-797.160000
581,Entry short,2025-03-23 02:00,1997.170000,1,-1.710000,-0.0900,6.230000,11.750000,-797.160000
580,Exit long,2025-03-23 02:00,1997.170000,1,9.420000,0.4700,10.250000,14.620000,-795.450000
580,Entry long,2025-03-22 22:15,1987.750000,1,9.420000,0.4700,10.250000,14.620000,-795.450000
579,Exit short,2025-03-22 22:15,1987.750000,1,6.040000,0.3000,10.850000,9.520000,-804.870000
579,Entry short,2025-03-22 18:15,1993.790000,1,6.040000,0.3000,10.850000,9.520000,-804.870000
578,Exit long,2025-03-22 18:15,1993.790000,1,5.610000,0.2800,17.820000,7.880000,-810.910000
578,Entry long,2025-03-22 07:45,1988.180000,1,5.610000,0.2800,17.820000,7.880000,-810.910000
577,Exit short,2025-03-22 07:45,1988.180000,1,-0.150000,-0.0100,5.230000,4.270000,-816.520000
577,Entry short,2025-03-22 05:00,1988.030000,1,-0.150000,-0.0100,5.230000,4.270000,-816.520000
576,Exit long,2025-03-22 05:00,1988.030000,1,22.650000,1.1500,24.610000,2.080000,-816.370000
576,Entry long,2025-03-21 23:00,1965.380000,1,22.650000,1.1500,24.610000,2.080000,-816.370000
575,Exit short,2025-03-21 23:00,1965.380000,1,-2.280000,-0.1200,3.020000,19.320000,-839.020000
575,Entry short,2025-03-21 17:15,1963.100000,1,-2.280000,-0.1200,3.020000,19.320000,-839.020000
574,Exit long,2025-03-21 17:15,1963.100000,1,-14.160000,-0.7200,11.760000,45.260000,-836.740000
574,Entry long,2025-03-21 04:00,1977.260000,1,-14.160000,-0.7200,11.760000,45.260000,-836.740000
573,Exit short,2025-03-21 04:00,1977.260000,1,-6.620000,-0.3400,0.000000,25.160000,-822.580000
573,Entry short,2025-03-20 20:15,1970.640000,1,-6.620000,-0.3400,0.000000,25.160000,-822.580000
572,Exit long,2025-03-20 20:15,1970.640000,1,12.730000,0.6500,21.090000,0.910000,-815.960000
572,Entry long,2025-03-20 17:00,1957.910000,1,12.730000,0.6500,21.090000,0.910000,-815.960000
571,Exit short,2025-03-20 17:00,1957.910000,1,27.310000,1.3800,34.070000,24.520000,-828.690000
571,Entry short,2025-03-20 13:30,1985.220000,1,27.310000,1.3800,34.070000,24.520000,-828.690000
570,Exit long,2025-03-20 13:30,1985.220000,1,-42.280000,-2.0900,42.190000,57.190000,-856.000000
570,Entry long,2025-03-19 18:15,2027.500000,1,-42.280000,-2.0900,42.190000,57.190000,-856.000000
569,Exit short,2025-03-19 18:15,2027.500000,1,-54.610000,-2.7700,0.190000,93.010000,-813.720000
569,Entry short,2025-03-19 11:00,1972.890000,1,-54.610000,-2.7700,0.190000,93.010000,-813.720000
568,Exit long,2025-03-19 11:00,1972.890000,1,40.020000,2.0700,57.130000,3.480000,-759.110000
568,Entry long,2025-03-19 03:00,1932.870000,1,40.020000,2.0700,57.130000,3.480000,-759.110000
567,Exit short,2025-03-19 03:00,1932.870000,1,-28.270000,-1.4800,33.460000,43.900000,-799.130000
567,Entry short,2025-03-18 09:30,1904.600000,1,-28.270000,-1.4800,33.460000,43.900000,-799.130000
566,Exit long,2025-03-18 09:30,1904.600000,1,-33.170000,-1.7100,6.600000,44.870000,-770.860000
566,Entry long,2025-03-17 21:30,1937.770000,1,-33.170000,-1.7100,6.600000,44.870000,-770.860000
565,Exit short,2025-03-17 21:30,1937.770000,1,-21.900000,-1.1400,9.430000,35.890000,-737.690000
565,Entry short,2025-03-17 16:30,1915.870000,1,-21.900000,-1.1400,9.430000,35.890000,-737.690000
564,Exit long,2025-03-17 16:30,1915.870000,1,8.370000,0.4400,17.000000,21.210000,-715.790000
564,Entry long,2025-03-17 13:00,1907.500000,1,8.370000,0.4400,17.000000,21.210000,-715.790000
563,Exit short,2025-03-17 13:00,1907.500000,1,-3.160000,-0.1700,2.700000,42.660000,-724.160000
563,Entry short,2025-03-17 09:45,1904.340000,1,-3.160000,-0.1700,2.700000,42.660000,-724.160000
562,Exit long,2025-03-17 09:45,1904.340000,1,2.280000,0.1200,6.440000,23.400000,-721.000000
562,Entry long,2025-03-17 05:30,1902.060000,1,2.280000,0.1200,6.440000,23.400000,-721.000000
561,Exit short,2025-03-17 05:30,1902.060000,1,-5.100000,-0.2700,0.930000,17.920000,-723.280000
561,Entry short,2025-03-17 01:30,1896.960000,1,-5.100000,-0.2700,0.930000,17.920000,-723.280000
560,Exit long,2025-03-17 01:30,1896.960000,1,15.180000,0.8100,28.210000,12.670000,-718.180000
560,Entry long,2025-03-16 20:00,1881.780000,1,15.180000,0.8100,28.210000,12.670000,-718.180000
559,Exit short,2025-03-16 20:00,1881.780000,1,-3.130000,-0.1700,21.570000,45.250000,-733.360000
559,Entry short,2025-03-16 14:00,1878.650000,1,-3.130000,-0.1700,21.570000,45.250000,-733.360000
558,Exit long,2025-03-16 14:00,1878.650000,1,-40.780000,-2.1200,1.760000,53.940000,-730.230000
558,Entry long,2025-03-16 09:15,1919.430000,1,-40.780000,-2.1200,1.760000,53.940000,-730.230000
557,Exit short,2025-03-16 09:15,1919.430000,1,8.580000,0.4500,10.810000,5.210000,-689.450000
557,Entry short,2025-03-16 05:45,1928.010000,1,8.580000,0.4500,10.810000,5.210000,-689.450000
556,Exit long,2025-03-16 05:45,1928.010000,1,-9.520000,-0.4900,2.470000,22.310000,-698.030000
556,Entry long,2025-03-16 00:15,1937.530000,1,-9.520000,-0.4900,2.470000,22.310000,-698.030000
555,Exit short,2025-03-16 00:15,1937.530000,1,7.470000,0.3800,12.360000,0.590000,-688.510000
555,Entry short,2025-03-15 22:30,1945.000000,1,7.470000,0.3800,12.360000,0.590000,-688.510000
554,Exit long,2025-03-15 22:30,1945.000000,1,13.070000,0.6800,25.750000,4.000000,-695.980000
554,Entry long,2025-03-15 19:30,1931.930000,1,13.070000,0.6800,25.750000,4.000000,-695.980000
553,Exit short,2025-03-15 19:30,1931.930000,1,-3.930000,-0.2000,6.400000,20.000000,-709.050000
553,Entry short,2025-03-15 12:00,1928.000000,1,-3.930000,-0.2000,6.400000,20.000000,-709.050000
552,Exit long,2025-03-15 12:00,1928.000000,1,9.250000,0.4800,12.110000,5.620000,-705.120000
552,Entry long,2025-03-15 08:45,1918.750000,1,9.250000,0.4800,12.110000,5.620000,-705.120000
551,Exit short,2025-03-15 08:45,1918.750000,1,1.040000,0.0500,8.390000,14.980000,-714.370000
551,Entry short,2025-03-15 04:00,1919.790000,1,1.040000,0.0500,8.390000,14.980000,-714.370000
550,Exit long,2025-03-15 04:00,1919.790000,1,-18.150000,-0.9400,6.550000,35.470000,-715.410000
550,Entry long,2025-03-14 18:45,1937.940000,1,-18.150000,-0.9400,6.550000,35.470000,-715.410000
549,Exit short,2025-03-14 18:45,1937.940000,1,-34.220000,-1.8000,30.720000,41.900000,-697.260000
549,Entry short,2025-03-14 12:15,1903.720000,1,-34.220000,-1.8000,30.720000,41.900000,-697.260000
548,Exit long,2025-03-14 12:15,1903.720000,1,6.740000,0.3600,11.220000,8.530000,-663.040000
548,Entry long,2025-03-14 09:30,1896.980000,1,6.740000,0.3600,11.220000,8.530000,-663.040000
547,Exit short,2025-03-14 09:30,1896.980000,1,-55.430000,-3.0100,4.130000,63.390000,-669.780000
547,Entry short,2025-03-13 19:45,1841.550000,1,-55.430000,-3.0100,4.130000,63.390000,-669.780000
546,Exit long,2025-03-13 19:45,1841.550000,1,-47.290000,-2.5000,8.120000,68.640000,-614.350000
546,Entry long,2025-03-13 14:15,1888.840000,1,-47.290000,-2.5000,8.120000,68.640000,-614.350000
545,Exit short,2025-03-13 14:15,1888.840000,1,-17.640000,-0.9400,19.020000,50.800000,-567.060000
545,Entry short,2025-03-13 08:00,1871.200000,1,-17.640000,-0.9400,19.020000,50.800000,-567.060000
544,Exit long,2025-03-13 08:00,1871.200000,1,-35.000000,-1.8400,9.400000,49.270000,-549.420000
544,Entry long,2025-03-13 02:00,1906.200000,1,-35.000000,-1.8400,9.400000,49.270000,-549.420000
543,Exit short,2025-03-13 02:00,1906.200000,1,-39.070000,-2.0900,3.190000,49.410000,-514.420000
543,Entry short,2025-03-12 18:00,1867.130000,1,-39.070000,-2.0900,3.190000,49.410000,-514.420000
542,Exit long,2025-03-12 18:00,1867.130000,1,16.640000,0.9000,43.010000,1.020000,-475.350000
542,Entry long,2025-03-12 15:30,1850.490000,1,16.640000,0.9000,43.010000,1.020000,-475.350000
541,Exit short,2025-03-12 15:30,1850.490000,1,19.280000,1.0300,40.900000,86.130000,-491.990000
541,Entry short,2025-03-12 06:30,1869.770000,1,19.280000,1.0300,40.900000,86.130000,-491.990000
540,Exit long,2025-03-12 06:30,1869.770000,1,-46.990000,-2.4500,15.240000,65.430000,-511.270000
540,Entry long,2025-03-12 00:15,1916.760000,1,-46.990000,-2.4500,15.240000,65.430000,-511.270000
539,Exit short,2025-03-12 00:15,1916.760000,1,-7.450000,-0.3900,23.940000,53.140000,-464.280000
539,Entry short,2025-03-11 17:15,1909.310000,1,-7.450000,-0.3900,23.940000,53.140000,-464.280000
538,Exit long,2025-03-11 17:15,1909.310000,1,15.110000,0.8000,75.570000,54.790000,-456.830000
538,Entry long,2025-03-11 13:00,1894.200000,1,15.110000,0.8000,75.570000,54.790000,-456.830000
537,Exit short,2025-03-11 13:00,1894.200000,1,-36.810000,-1.9800,12.500000,71.450000,-471.940000
537,Entry short,2025-03-11 02:45,1857.390000,1,-36.810000,-1.9800,12.500000,71.450000,-471.940000
536,Exit long,2025-03-11 02:45,1857.390000,1,48.720000,2.6900,68.210000,0.650000,-435.130000
536,Entry long,2025-03-11 01:30,1808.670000,1,48.720000,2.6900,68.210000,0.650000,-435.130000
535,Exit short,2025-03-11 01:30,1808.670000,1,77.700000,4.1200,133.870000,8.200000,-483.850000
535,Entry short,2025-03-10 22:00,1886.370000,1,77.700000,4.1200,133.870000,8.200000,-483.850000
534,Exit long,2025-03-10 22:00,1886.370000,1,-179.630000,-8.6900,86.990000,258.250000,-561.550000
534,Entry long,2025-03-10 07:00,2066.000000,1,-179.630000,-8.6900,86.990000,258.250000,-561.550000
533,Exit short,2025-03-10 07:00,2066.000000,1,-23.540000,-1.1500,55.660000,33.720000,-381.920000
533,Entry short,2025-03-09 20:30,2042.460000,1,-23.540000,-1.1500,55.660000,33.720000,-381.920000
532,Exit long,2025-03-09 20:30,2042.460000,1,19.630000,0.9700,32.810000,27.000000,-358.380000
532,Entry long,2025-03-09 18:00,2022.830000,1,19.630000,0.9700,32.810000,27.000000,-358.380000
531,Exit short,2025-03-09 18:00,2022.830000,1,83.260000,3.9500,93.590000,2.210000,-378.010000
531,Entry short,2025-03-09 15:45,2106.090000,1,83.260000,3.9500,93.590000,2.210000,-378.010000
530,Exit long,2025-03-09 15:45,2106.090000,1,-33.330000,-1.5600,8.220000,44.730000,-461.270000
530,Entry long,2025-03-09 11:15,2139.420000,1,-33.330000,-1.5600,8.220000,44.730000,-461.270000
529,Exit short,2025-03-09 11:15,2139.420000,1,47.590000,2.1800,59.990000,1.560000,-427.940000
529,Entry short,2025-03-09 05:45,2187.010000,1,47.590000,2.1800,59.990000,1.560000,-427.940000
528,Exit long,2025-03-09 05:45,2187.010000,1,-19.650000,-0.8900,4.610000,31.650000,-475.530000
528,Entry long,2025-03-08 23:00,2206.660000,1,-19.650000,-0.8900,4.610000,31.650000,-475.530000
527,Exit short,2025-03-08 23:00,2206.660000,1,15.350000,0.6900,25.140000,2.010000,-455.880000
527,Entry short,2025-03-08 20:15,2222.010000,1,15.350000,0.6900,25.140000,2.010000,-455.880000
526,Exit long,2025-03-08 20:15,2222.010000,1,41.890000,1.9200,54.280000,4.000000,-471.230000
526,Entry long,2025-03-08 16:45,2180.120000,1,41.890000,1.9200,54.280000,4.000000,-471.230000
525,Exit short,2025-03-08 16:45,2180.120000,1,-47.980000,-2.2500,5.970000,65.860000,-513.120000
525,Entry short,2025-03-08 11:15,2132.140000,1,-47.980000,-2.2500,5.970000,65.860000,-513.120000
524,Exit long,2025-03-08 11:15,2132.140000,1,2.440000,0.1100,12.800000,4.300000,-465.140000
524,Entry long,2025-03-08 08:45,2129.700000,1,2.440000,0.1100,12.800000,4.300000,-465.140000
523,Exit short,2025-03-08 08:45,2129.700000,1,14.310000,0.6700,40.940000,11.360000,-467.580000
523,Entry short,2025-03-08 00:45,2144.010000,1,14.310000,0.6700,40.940000,11.360000,-467.580000
522,Exit long,2025-03-08 00:45,2144.010000,1,-13.740000,-0.6400,44.100000,44.650000,-481.890000
522,Entry long,2025-03-07 17:30,2157.750000,1,-13.740000,-0.6400,44.100000,44.650000,-481.890000
521,Exit short,2025-03-07 17:30,2157.750000,1,4.750000,0.2200,22.670000,96.840000,-468.150000
521,Entry short,2025-03-07 02:30,2162.500000,1,4.750000,0.2200,22.670000,96.840000,-468.150000
520,Exit long,2025-03-07 02:30,2162.500000,1,16.950000,0.7900,47.470000,8.740000,-472.900000
520,Entry long,2025-03-07 01:15,2145.550000,1,16.950000,0.7900,47.470000,8.740000,-472.900000
519,Exit short,2025-03-07 01:15,2145.550000,1,47.770000,2.1800,92.570000,35.970000,-489.850000
519,Entry short,2025-03-06 20:45,2193.320000,1,47.770000,2.1800,92.570000,35.970000,-489.850000
518,Exit long,2025-03-06 20:45,2193.320000,1,-2.670000,-0.1200,21.830000,15.910000,-537.620000
518,Entry long,2025-03-06 18:45,2195.990000,1,-2.670000,-0.1200,21.830000,15.910000,-537.620000
517,Exit short,2025-03-06 18:45,2195.990000,1,47.210000,2.1000,67.700000,7.780000,-534.950000
517,Entry short,2025-03-06 16:30,2243.200000,1,47.210000,2.1000,67.700000,7.780000,-534.950000
516,Exit long,2025-03-06 16:30,2243.200000,1,-52.800000,-2.3000,8.930000,89.680000,-582.160000
516,Entry long,2025-03-06 07:30,2296.000000,1,-52.800000,-2.3000,8.930000,89.680000,-582.160000
515,Exit short,2025-03-06 07:30,2296.000000,1,-102.270000,-4.6600,20.100000,125.260000,-529.360000
515,Entry short,2025-03-05 17:45,2193.730000,1,-102.270000,-4.6600,20.100000,125.260000,-529.360000
514,Exit long,2025-03-05 17:45,2193.730000,1,-22.870000,-1.0300,15.400000,56.130000,-427.090000
514,Entry long,2025-03-05 12:00,2216.600000,1,-22.870000,-1.0300,15.400000,56.130000,-427.090000
513,Exit short,2025-03-05 12:00,2216.600000,1,-9.560000,-0.4300,5.330000,65.900000,-404.220000
513,Entry short,2025-03-05 07:45,2207.040000,1,-9.560000,-0.4300,5.330000,65.900000,-404.220000
512,Exit long,2025-03-05 07:45,2207.040000,1,36.170000,1.6700,36.700000,17.170000,-394.660000
512,Entry long,2025-03-05 00:15,2170.870000,1,36.170000,1.6700,36.700000,17.170000,-394.660000
511,Exit short,2025-03-05 00:15,2170.870000,1,-68.790000,-3.2700,122.090000,119.690000,-430.830000
511,Entry short,2025-03-04 09:45,2102.080000,1,-68.790000,-3.2700,122.090000,119.690000,-430.830000
510,Exit long,2025-03-04 09:45,2102.080000,1,19.790000,0.9500,28.550000,1.600000,-362.040000
510,Entry long,2025-03-04 08:15,2082.290000,1,19.790000,0.9500,28.550000,1.600000,-362.040000
509,Exit short,2025-03-04 08:15,2082.290000,1,-1.310000,-0.0600,13.700000,40.340000,-381.830000
509,Entry short,2025-03-04 05:00,2080.980000,1,-1.310000,-0.0600,13.700000,40.340000,-381.830000
508,Exit long,2025-03-04 05:00,2080.980000,1,26.570000,1.2900,38.300000,1.360000,-380.520000
508,Entry long,2025-03-04 02:30,2054.410000,1,26.570000,1.2900,38.300000,1.360000,-380.520000
507,Exit short,2025-03-04 02:30,2054.410000,1,97.540000,4.5300,150.860000,14.260000,-407.090000
507,Entry short,2025-03-03 23:15,2151.950000,1,97.540000,4.5300,150.860000,14.260000,-407.090000
506,Exit long,2025-03-03 23:15,2151.950000,1,-32.900000,-1.5100,1.640000,90.090000,-504.630000
506,Entry long,2025-03-03 19:45,2184.850000,1,-32.900000,-1.5100,1.640000,90.090000,-504.630000
505,Exit short,2025-03-03 19:45,2184.850000,1,168.680000,7.1700,206.710000,34.910000,-471.730000
505,Entry short,2025-03-03 11:15,2353.530000,1,168.680000,7.1700,206.710000,34.910000,-471.730000
504,Exit long,2025-03-03 11:15,2353.530000,1,-21.770000,-0.9200,15.250000,54.300000,-640.410000
504,Entry long,2025-03-03 07:30,2375.300000,1,-21.770000,-0.9200,15.250000,54.300000,-640.410000
503,Exit short,2025-03-03 07:30,2375.300000,1,65.500000,2.6800,89.130000,9.200000,-618.640000
503,Entry short,2025-03-03 05:30,2440.800000,1,65.500000,2.6800,89.130000,9.200000,-618.640000
502,Exit long,2025-03-03 05:30,2440.800000,1,-46.540000,-1.8700,5.170000,69.740000,-684.140000
502,Entry long,2025-03-03 00:30,2487.340000,1,-46.540000,-1.8700,5.170000,69.740000,-684.140000
501,Exit short,2025-03-03 00:30,2487.340000,1,-250.040000,-11.1800,5.840000,312.700000,-637.600000
501,Entry short,2025-03-02 16:15,2237.300000,1,-250.040000,-11.1800,5.840000,312.700000,-637.600000
500,Exit long,2025-03-02 16:15,2237.300000,1,26.380000,1.1900,79.710000,40.830000,-387.560000
500,Entry long,2025-03-02 08:45,2210.920000,1,26.380000,1.1900,79.710000,40.830000,-387.560000
499,Exit short,2025-03-02 08:45,2210.920000,1,15.350000,0.6900,19.620000,7.390000,-413.940000
499,Entry short,2025-03-02 05:00,2226.270000,1,15.350000,0.6900,19.620000,7.390000,-413.940000
498,Exit long,2025-03-02 05:00,2226.270000,1,20.580000,0.9300,29.080000,5.580000,-429.290000
498,Entry long,2025-03-01 23:30,2205.690000,1,20.580000,0.9300,29.080000,5.580000,-429.290000
497,Exit short,2025-03-01 23:30,2205.690000,1,-34.310000,-1.5800,3.210000,63.610000,-449.870000
497,Entry short,2025-03-01 15:45,2171.380000,1,-34.310000,-1.5800,3.210000,63.610000,-449.870000
496,Exit long,2025-03-01 15:45,2171.380000,1,-54.780000,-2.4600,12.610000,84.990000,-415.560000
496,Entry long,2025-03-01 07:45,2226.160000,1,-54.780000,-2.4600,12.610000,84.990000,-415.560000
495,Exit short,2025-03-01 07:45,2226.160000,1,6.340000,0.2800,20.710000,47.250000,-360.780000
495,Entry short,2025-03-01 00:30,2232.500000,1,6.340000,0.2800,20.710000,47.250000,-360.780000
494,Exit long,2025-03-01 00:30,2232.500000,1,6.500000,0.2900,29.400000,28.650000,-367.120000
494,Entry long,2025-02-28 18:45,2226.000000,1,6.500000,0.2900,29.400000,28.650000,-367.120000
493,Exit short,2025-02-28 18:45,2226.000000,1,-111.080000,-5.2500,44.920000,130.080000,-373.620000
493,Entry short,2025-02-28 06:30,2114.920000,1,-111.080000,-5.2500,44.920000,130.080000,-373.620000
492,Exit long,2025-02-28 06:30,2114.920000,1,-89.520000,-4.0600,1.560000,113.610000,-262.540000
492,Entry long,2025-02-28 02:30,2204.440000,1,-89.520000,-4.0600,1.560000,113.610000,-262.540000
491,Exit short,2025-02-28 02:30,2204.440000,1,98.000000,4.2600,129.710000,8.840000,-173.020000
491,Entry short,2025-02-28 00:15,2302.440000,1,98.000000,4.2600,129.710000,8.840000,-173.020000
490,Exit long,2025-02-28 00:15,2302.440000,1,43.200000,1.9100,54.000000,2.640000,-271.020000
490,Entry long,2025-02-27 21:30,2259.240000,1,43.200000,1.9100,54.000000,2.640000,-271.020000
489,Exit short,2025-02-27 21:30,2259.240000,1,63.530000,2.7400,93.770000,9.390000,-314.220000
489,Entry short,2025-02-27 18:45,2322.770000,1,63.530000,2.7400,93.770000,9.390000,-314.220000
488,Exit long,2025-02-27 18:45,2322.770000,1,-28.250000,-1.2000,10.510000,61.350000,-377.750000
488,Entry long,2025-02-27 12:30,2351.020000,1,-28.250000,-1.2000,10.510000,61.350000,-377.750000
487,Exit short,2025-02-27 12:30,2351.020000,1,-3.240000,-0.1400,8.460000,33.660000,-349.500000
487,Entry short,2025-02-27 07:00,2347.780000,1,-3.240000,-0.1400,8.460000,33.660000,-349.500000
486,Exit long,2025-02-27 07:00,2347.780000,1,31.080000,1.3400,48.950000,14.690000,-346.260000
486,Entry long,2025-02-27 04:15,2316.700000,1,31.080000,1.3400,48.950000,14.690000,-346.260000
485,Exit short,2025-02-27 04:15,2316.700000,1,12.190000,0.5200,28.390000,53.880000,-377.340000
485,Entry short,2025-02-26 21:30,2328.890000,1,12.190000,0.5200,28.390000,53.880000,-377.340000
484,Exit long,2025-02-26 21:30,2328.890000,1,37.250000,1.6300,62.760000,38.860000,-389.530000
484,Entry long,2025-02-26 19:00,2291.640000,1,37.250000,1.6300,62.760000,38.860000,-389.530000
483,Exit short,2025-02-26 19:00,2291.640000,1,142.660000,5.8600,170.300000,8.720000,-426.780000
483,Entry short,2025-02-26 15:45,2434.300000,1,142.660000,5.8600,170.300000,8.720000,-426.780000
482,Exit long,2025-02-26 15:45,2434.300000,1,0.000000,0.0000,26.800000,66.010000,-569.440000
482,Entry long,2025-02-26 13:30,2434.300000,1,0.000000,0.0000,26.800000,66.010000,-569.440000
481,Exit short,2025-02-26 13:30,2434.300000,1,46.370000,1.8700,58.450000,1.140000,-569.440000
481,Entry short,2025-02-26 11:30,2480.670000,1,46.370000,1.8700,58.450000,1.140000,-569.440000
480,Exit long,2025-02-26 11:30,2480.670000,1,0.630000,0.0300,25.720000,23.380000,-615.810000
480,Entry long,2025-02-26 06:15,2480.040000,1,0.630000,0.0300,25.720000,23.380000,-615.810000
479,Exit short,2025-02-26 06:15,2480.040000,1,12.570000,0.5000,18.620000,7.840000,-616.440000
479,Entry short,2025-02-26 03:45,2492.610000,1,12.570000,0.5000,18.620000,7.840000,-616.440000
478,Exit long,2025-02-26 03:45,2492.610000,1,18.380000,0.7400,32.220000,0.230000,-629.010000
478,Entry long,2025-02-26 01:00,2474.230000,1,18.380000,0.7400,32.220000,0.230000,-629.010000
477,Exit short,2025-02-26 01:00,2474.230000,1,-52.760000,-2.1800,18.960000,111.420000,-647.390000
477,Entry short,2025-02-25 17:45,2421.470000,1,-52.760000,-2.1800,18.960000,111.420000,-647.390000
476,Exit long,2025-02-25 17:45,2421.470000,1,23.720000,0.9900,44.540000,15.360000,-594.630000
476,Entry long,2025-02-25 15:45,2397.750000,1,23.720000,0.9900,44.540000,15.360000,-594.630000
475,Exit short,2025-02-25 15:45,2397.750000,1,-17.120000,-0.7200,19.980000,67.370000,-618.350000
475,Entry short,2025-02-25 11:15,2380.630000,1,-17.120000,-0.7200,19.980000,67.370000,-618.350000
474,Exit long,2025-02-25 11:15,2380.630000,1,13.800000,0.5800,49.360000,11.470000,-601.230000
474,Entry long,2025-02-25 08:00,2366.830000,1,13.800000,0.5800,49.360000,11.470000,-601.230000
473,Exit short,2025-02-25 08:00,2366.830000,1,118.320000,4.7600,198.020000,38.300000,-615.030000
473,Entry short,2025-02-25 02:15,2485.150000,1,118.320000,4.7600,198.020000,38.300000,-615.030000
472,Exit long,2025-02-25 02:15,2485.150000,1,-49.890000,-1.9700,11.290000,78.290000,-733.350000
472,Entry long,2025-02-24 23:15,2535.040000,1,-49.890000,-1.9700,11.290000,78.290000,-733.350000
471,Exit short,2025-02-24 23:15,2535.040000,1,185.180000,6.8100,253.880000,6.360000,-683.460000
471,Entry short,2025-02-24 07:30,2720.220000,1,185.180000,6.8100,253.880000,6.360000,-683.460000
470,Exit long,2025-02-24 07:30,2720.220000,1,-78.250000,-2.8000,62.430000,107.400000,-868.640000
470,Entry long,2025-02-23 20:45,2798.470000,1,-78.250000,-2.8000,62.430000,107.400000,-868.640000
469,Exit short,2025-02-23 20:45,2798.470000,1,11.050000,0.3900,17.490000,5.200000,-790.390000
469,Entry short,2025-02-23 18:45,2809.520000,1,11.050000,0.3900,17.490000,5.200000,-790.390000
468,Exit long,2025-02-23 18:45,2809.520000,1,2.950000,0.1100,19.540000,34.720000,-801.440000
468,Entry long,2025-02-23 10:00,2806.570000,1,2.950000,0.1100,19.540000,34.720000,-801.440000
467,Exit short,2025-02-23 10:00,2806.570000,1,-26.060000,-0.9400,5.100000,50.490000,-804.390000
467,Entry short,2025-02-23 06:00,2780.510000,1,-26.060000,-0.9400,5.100000,50.490000,-804.390000
466,Exit long,2025-02-23 06:00,2780.510000,1,15.620000,0.5600,22.990000,21.270000,-778.330000
466,Entry long,2025-02-22 19:30,2764.890000,1,15.620000,0.5600,22.990000,21.270000,-778.330000
465,Exit short,2025-02-22 19:30,2764.890000,1,10.770000,0.3900,20.110000,21.540000,-793.950000
465,Entry short,2025-02-22 16:30,2775.660000,1,10.770000,0.3900,20.110000,21.540000,-793.950000
464,Exit long,2025-02-22 16:30,2775.660000,1,41.410000,1.5100,62.960000,13.490000,-804.720000
464,Entry long,2025-02-22 13:15,2734.250000,1,41.410000,1.5100,62.960000,13.490000,-804.720000
463,Exit short,2025-02-22 13:15,2734.250000,1,-92.100000,-3.4900,9.410000,110.910000,-846.130000
463,Entry short,2025-02-21 23:00,2642.150000,1,-92.100000,-3.4900,9.410000,110.910000,-846.130000
462,Exit long,2025-02-21 23:00,2642.150000,1,-116.190000,-4.2100,86.660000,143.580000,-754.030000
462,Entry long,2025-02-21 09:15,2758.340000,1,-116.190000,-4.2100,86.660000,143.580000,-754.030000
461,Exit short,2025-02-21 09:15,2758.340000,1,-10.910000,-0.4000,4.210000,21.500000,-637.840000
461,Entry short,2025-02-21 04:15,2747.430000,1,-10.910000,-0.4000,4.210000,21.500000,-637.840000
460,Exit long,2025-02-21 04:15,2747.430000,1,36.190000,1.3300,56.330000,5.600000,-626.930000
460,Entry long,2025-02-20 16:00,2711.240000,1,36.190000,1.3300,56.330000,5.600000,-626.930000
459,Exit short,2025-02-20 16:00,2711.240000,1,26.770000,0.9800,32.010000,32.490000,-663.120000
459,Entry short,2025-02-20 11:15,2738.010000,1,26.770000,0.9800,32.010000,32.490000,-663.120000
458,Exit long,2025-02-20 11:15,2738.010000,1,9.590000,0.3500,17.580000,7.420000,-689.890000
458,Entry long,2025-02-20 06:30,2728.420000,1,9.590000,0.3500,17.580000,7.420000,-689.890000
457,Exit short,2025-02-20 06:30,2728.420000,1,-20.450000,-0.7600,14.780000,50.560000,-699.480000
457,Entry short,2025-02-19 17:15,2707.970000,1,-20.450000,-0.7600,14.780000,50.560000,-699.480000
456,Exit long,2025-02-19 17:15,2707.970000,1,-1.980000,-0.0700,20.670000,34.160000,-679.030000
456,Entry long,2025-02-19 13:15,2709.950000,1,-1.980000,-0.0700,20.670000,34.160000,-679.030000
455,Exit short,2025-02-19 13:15,2709.950000,1,-89.040000,-3.4000,2.910000,115.210000,-677.050000
455,Entry short,2025-02-18 20:45,2620.910000,1,-89.040000,-3.4000,2.910000,115.210000,-677.050000
454,Exit long,2025-02-18 20:45,2620.910000,1,-51.470000,-1.9300,11.440000,68.200000,-588.010000
454,Entry long,2025-02-18 16:00,2672.380000,1,-51.470000,-1.9300,11.440000,68.200000,-588.010000
453,Exit short,2025-02-18 16:00,2672.380000,1,-6.390000,-0.2400,9.150000,65.750000,-536.540000
453,Entry short,2025-02-18 09:00,2665.990000,1,-6.390000,-0.2400,9.150000,65.750000,-536.540000
452,Exit long,2025-02-18 09:00,2665.990000,1,-57.620000,-2.1200,16.010000,73.300000,-530.150000
452,Entry long,2025-02-18 01:15,2723.610000,1,-57.620000,-2.1200,16.010000,73.300000,-530.150000
451,Exit short,2025-02-18 01:15,2723.610000,1,7.700000,0.2800,17.530000,45.890000,-472.530000
451,Entry short,2025-02-17 21:00,2731.310000,1,7.700000,0.2800,17.530000,45.890000,-472.530000
450,Exit long,2025-02-17 21:00,2731.310000,1,-4.100000,-0.1500,14.260000,49.930000,-480.230000
450,Entry long,2025-02-17 16:45,2735.410000,1,-4.100000,-0.1500,14.260000,49.930000,-480.230000
449,Exit short,2025-02-17 16:45,2735.410000,1,-42.300000,-1.5700,60.300000,155.650000,-476.130000
449,Entry short,2025-02-16 17:45,2693.110000,1,-42.300000,-1.5700,60.300000,155.650000,-476.130000
448,Exit long,2025-02-16 17:45,2693.110000,1,1.810000,0.0700,11.400000,6.150000,-433.830000
448,Entry long,2025-02-16 14:45,2691.300000,1,1.810000,0.0700,11.400000,6.150000,-433.830000
447,Exit short,2025-02-16 14:45,2691.300000,1,15.860000,0.5900,32.550000,1.320000,-435.640000
447,Entry short,2025-02-16 12:30,2707.160000,1,15.860000,0.5900,32.550000,1.320000,-435.640000
446,Exit long,2025-02-16 12:30,2707.160000,1,10.570000,0.3900,15.280000,8.590000,-451.500000
446,Entry long,2025-02-16 08:15,2696.590000,1,10.570000,0.3900,15.280000,8.590000,-451.500000
445,Exit short,2025-02-16 08:15,2696.590000,1,1.400000,0.0500,8.870000,28.280000,-462.070000
445,Entry short,2025-02-16 05:15,2697.990000,1,1.400000,0.0500,8.870000,28.280000,-462.070000
444,Exit long,2025-02-16 05:15,2697.990000,1,5.080000,0.1900,10.090000,-0.000000,-463.470000
444,Entry long,2025-02-16 03:45,2692.910000,1,5.080000,0.1900,10.090000,-0.000000,-463.470000
443,Exit short,2025-02-16 03:45,2692.910000,1,7.370000,0.2700,22.800000,4.720000,-468.550000
443,Entry short,2025-02-15 19:15,2700.280000,1,7.370000,0.2700,22.800000,4.720000,-468.550000
442,Exit long,2025-02-15 19:15,2700.280000,1,12.770000,0.4800,19.980000,10.160000,-475.920000
442,Entry long,2025-02-15 15:00,2687.510000,1,12.770000,0.4800,19.980000,10.160000,-475.920000
441,Exit short,2025-02-15 15:00,2687.510000,1,15.470000,0.5700,47.670000,10.010000,-488.690000
441,Entry short,2025-02-15 11:30,2702.980000,1,15.470000,0.5700,47.670000,10.010000,-488.690000
440,Exit long,2025-02-15 11:30,2702.980000,1,-1.780000,-0.0700,9.060000,10.640000,-504.160000
440,Entry long,2025-02-15 07:30,2704.760000,1,-1.780000,-0.0700,9.060000,10.640000,-504.160000
439,Exit short,2025-02-15 07:30,2704.760000,1,21.710000,0.8000,34.270000,6.260000,-502.380000
439,Entry short,2025-02-15 03:45,2726.470000,1,21.710000,0.8000,34.270000,6.260000,-502.380000
438,Exit long,2025-02-15 03:45,2726.470000,1,-17.390000,-0.6300,6.140000,41.410000,-524.090000
438,Entry long,2025-02-14 20:15,2743.860000,1,-17.390000,-0.6300,6.140000,41.410000,-524.090000
437,Exit short,2025-02-14 20:15,2743.860000,1,-41.630000,-1.5400,15.230000,88.770000,-506.700000
437,Entry short,2025-02-14 15:15,2702.230000,1,-41.630000,-1.5400,15.230000,88.770000,-506.700000
436,Exit long,2025-02-14 15:15,2702.230000,1,4.640000,0.1700,39.210000,21.260000,-465.070000
436,Entry long,2025-02-14 06:00,2697.590000,1,4.640000,0.1700,39.210000,21.260000,-465.070000
435,Exit short,2025-02-14 06:00,2697.590000,1,-21.470000,-0.8000,65.400000,44.580000,-469.710000
435,Entry short,2025-02-13 11:00,2676.120000,1,-21.470000,-0.8000,65.400000,44.580000,-469.710000
434,Exit long,2025-02-13 11:00,2676.120000,1,-57.020000,-2.0900,23.370000,78.140000,-448.240000
434,Entry long,2025-02-13 01:15,2733.140000,1,-57.020000,-2.0900,23.370000,78.140000,-448.240000
433,Exit short,2025-02-13 01:15,2733.140000,1,-61.050000,-2.2800,27.060000,122.900000,-391.220000
433,Entry short,2025-02-12 18:00,2672.090000,1,-61.050000,-2.2800,27.060000,122.900000,-391.220000
432,Exit long,2025-02-12 18:00,2672.090000,1,80.360000,3.1000,91.140000,23.730000,-330.170000
432,Entry long,2025-02-12 14:45,2591.730000,1,80.360000,3.1000,91.140000,23.730000,-330.170000
431,Exit short,2025-02-12 14:45,2591.730000,1,31.090000,1.1900,80.610000,41.860000,-410.530000
431,Entry short,2025-02-11 22:15,2622.820000,1,31.090000,1.1900,80.610000,41.860000,-410.530000
430,Exit long,2025-02-11 22:15,2622.820000,1,-73.320000,-2.7200,12.910000,115.310000,-441.620000
430,Entry long,2025-02-11 10:45,2696.140000,1,-73.320000,-2.7200,12.910000,115.310000,-441.620000
429,Exit short,2025-02-11 09:15,2709.860000,1,-5.540000,-0.2000,3.320000,19.670000,-368.300000
429,Entry short,2025-02-11 06:15,2704.320000,1,-5.540000,-0.2000,3.320000,19.670000,-368.300000
428,Exit long,2025-02-11 06:15,2704.320000,1,27.570000,1.0300,44.370000,1.750000,-362.760000
428,Entry long,2025-02-11 04:15,2676.750000,1,27.570000,1.0300,44.370000,1.750000,-362.760000
427,Exit short,2025-02-11 04:15,2676.750000,1,19.120000,0.7100,30.870000,8.510000,-390.330000
427,Entry short,2025-02-11 01:15,2695.870000,1,19.120000,0.7100,30.870000,8.510000,-390.330000
426,Exit long,2025-02-11 01:15,2695.870000,1,28.120000,1.0500,56.740000,17.650000,-409.450000
426,Entry long,2025-02-10 22:30,2667.750000,1,28.120000,1.0500,56.740000,17.650000,-409.450000
425,Exit short,2025-02-10 22:30,2667.750000,1,8.400000,0.3100,21.040000,16.840000,-437.570000
425,Entry short,2025-02-10 18:45,2676.150000,1,8.400000,0.3100,21.040000,16.840000,-437.570000
424,Exit long,2025-02-10 18:45,2676.150000,1,27.400000,1.0300,39.600000,11.170000,-445.970000
424,Entry long,2025-02-10 13:15,2648.750000,1,27.400000,1.0300,39.600000,11.170000,-445.970000
423,Exit short,2025-02-10 13:15,2648.750000,1,-22.520000,-0.8600,6.230000,35.490000,-473.370000
423,Entry short,2025-02-10 04:45,2626.230000,1,-22.520000,-0.8600,6.230000,35.490000,-473.370000
422,Exit long,2025-02-10 04:45,2626.230000,1,37.430000,1.4500,59.470000,10.830000,-450.850000
422,Entry long,2025-02-10 02:45,2588.800000,1,37.430000,1.4500,59.470000,10.830000,-450.850000
421,Exit short,2025-02-10 02:45,2588.800000,1,39.930000,1.5200,71.820000,1.780000,-488.280000
421,Entry short,2025-02-10 01:15,2628.730000,1,39.930000,1.5200,71.820000,1.780000,-488.280000
420,Exit long,2025-02-10 01:15,2628.730000,1,-0.710000,-0.0300,28.290000,111.320000,-528.210000
420,Entry long,2025-02-09 20:15,2629.440000,1,-0.710000,-0.0300,28.290000,111.320000,-528.210000
419,Exit short,2025-02-09 20:15,2629.440000,1,24.880000,0.9400,38.910000,9.950000,-527.500000
419,Entry short,2025-02-09 16:30,2654.320000,1,24.880000,0.9400,38.910000,9.950000,-527.500000
418,Exit long,2025-02-09 16:30,2654.320000,1,-7.510000,-0.2800,10.580000,51.830000,-552.380000
418,Entry long,2025-02-09 07:00,2661.830000,1,-7.510000,-0.2800,10.580000,51.830000,-552.380000
417,Exit short,2025-02-09 07:00,2661.830000,1,-17.850000,-0.6800,11.700000,54.020000,-544.870000
417,Entry short,2025-02-09 02:15,2643.980000,1,-17.850000,-0.6800,11.700000,54.020000,-544.870000
416,Exit long,2025-02-09 02:15,2643.980000,1,4.100000,0.1600,16.190000,17.900000,-527.020000
416,Entry long,2025-02-08 21:45,2639.880000,1,4.100000,0.1600,16.190000,17.900000,-527.020000
415,Exit short,2025-02-08 21:45,2639.880000,1,-22.990000,-0.8800,29.840000,31.940000,-531.120000
415,Entry short,2025-02-08 11:00,2616.890000,1,-22.990000,-0.8800,29.840000,31.940000,-531.120000
414,Exit long,2025-02-08 11:00,2616.890000,1,-2.370000,-0.0900,18.040000,26.540000,-508.130000
414,Entry long,2025-02-08 06:00,2619.260000,1,-2.370000,-0.0900,18.040000,26.540000,-508.130000
413,Exit short,2025-02-08 06:00,2619.260000,1,34.780000,1.3100,40.390000,1.500000,-505.760000
413,Entry short,2025-02-08 00:45,2654.040000,1,34.780000,1.3100,40.390000,1.500000,-505.760000
412,Exit long,2025-02-08 00:45,2654.040000,1,-54.240000,-2.0000,20.550000,147.600000,-540.540000
412,Entry long,2025-02-07 16:15,2708.280000,1,-54.240000,-2.0000,20.550000,147.600000,-540.540000
411,Exit short,2025-02-07 16:15,2708.280000,1,20.090000,0.7400,33.810000,67.750000,-486.300000
411,Entry short,2025-02-07 09:00,2728.370000,1,20.090000,0.7400,33.810000,67.750000,-486.300000
410,Exit long,2025-02-07 09:00,2728.370000,1,33.190000,1.2300,49.630000,0.920000,-506.390000
410,Entry long,2025-02-07 07:00,2695.180000,1,33.190000,1.2300,49.630000,0.920000,-506.390000
409,Exit short,2025-02-07 07:00,2695.180000,1,2.050000,0.0800,47.230000,41.760000,-539.580000
409,Entry short,2025-02-06 19:45,2697.230000,1,2.050000,0.0800,47.230000,41.760000,-539.580000
408,Exit long,2025-02-06 19:45,2697.230000,1,-140.380000,-4.9500,19.820000,169.580000,-541.630000
408,Entry long,2025-02-06 08:30,2837.610000,1,-140.380000,-4.9500,19.820000,169.580000,-541.630000
407,Exit short,2025-02-06 08:30,2837.610000,1,-65.850000,-2.3800,35.470000,83.190000,-401.250000
407,Entry short,2025-02-05 20:30,2771.760000,1,-65.850000,-2.3800,35.470000,83.190000,-401.250000
406,Exit long,2025-02-05 20:30,2771.760000,1,-0.050000,-0.0000,15.530000,58.760000,-335.400000
406,Entry long,2025-02-05 15:45,2771.810000,1,-0.050000,-0.0000,15.530000,58.760000,-335.400000
405,Exit short,2025-02-05 15:45,2771.810000,1,-46.020000,-1.6900,27.840000,102.190000,-335.350000
405,Entry short,2025-02-05 00:45,2725.790000,1,-46.020000,-1.6900,27.840000,102.190000,-335.350000
404,Exit long,2025-02-05 00:45,2725.790000,1,-74.730000,-2.6700,67.780000,170.020000,-289.330000
404,Entry long,2025-02-04 16:15,2800.520000,1,-74.730000,-2.6700,67.780000,170.020000,-289.330000
403,Exit short,2025-02-04 16:15,2800.520000,1,-107.200000,-3.9800,1.150000,151.360000,-214.600000
403,Entry short,2025-02-04 10:00,2693.320000,1,-107.200000,-3.9800,1.150000,151.360000,-214.600000
402,Exit long,2025-02-04 10:00,2693.320000,1,-25.560000,-0.9400,200.460000,57.660000,-107.400000
402,Entry long,2025-02-03 21:30,2718.880000,1,-25.560000,-0.9400,200.460000,57.660000,-107.400000
401,Exit short,2025-02-03 21:30,2718.880000,1,-24.280000,-0.9000,29.540000,74.270000,-81.840000
401,Entry short,2025-02-03 16:15,2694.600000,1,-24.280000,-0.9000,29.540000,74.270000,-81.840000
400,Exit long,2025-02-03 16:15,2694.600000,1,119.170000,4.6300,150.370000,48.750000,-57.560000
400,Entry long,2025-02-03 13:45,2575.430000,1,119.170000,4.6300,150.370000,48.750000,-57.560000
399,Exit short,2025-02-03 13:45,2575.430000,1,-66.400000,-2.6500,3.130000,125.490000,-176.730000
399,Entry short,2025-02-03 06:45,2509.030000,1,-66.400000,-2.6500,3.130000,125.490000,-176.730000
398,Exit long,2025-02-03 06:45,2509.030000,1,12.310000,0.4900,68.280000,51.410000,-110.330000
398,Entry long,2025-02-03 02:45,2496.720000,1,12.310000,0.4900,68.280000,51.410000,-110.330000
397,Exit short,2025-02-03 02:45,2496.720000,1,461.940000,15.6100,878.470000,-0.000000,-122.640000
397,Entry short,2025-02-02 20:45,2958.660000,1,461.940000,15.6100,878.470000,-0.000000,-122.640000
396,Exit long,2025-02-02 20:45,2958.660000,1,-49.910000,-1.6600,15.430000,118.600000,-584.580000
396,Entry long,2025-02-02 17:30,3008.570000,1,-49.910000,-1.6600,15.430000,118.600000,-584.580000
395,Exit short,2025-02-02 17:30,3008.570000,1,111.820000,3.5800,129.890000,2.600000,-534.670000
395,Entry short,2025-02-02 06:45,3120.390000,1,111.820000,3.5800,129.890000,2.600000,-534.670000
394,Exit long,2025-02-02 06:45,3120.390000,1,43.910000,1.4300,61.720000,3.640000,-646.490000
394,Entry long,2025-02-02 04:00,3076.480000,1,43.910000,1.4300,61.720000,3.640000,-646.490000
393,Exit short,2025-02-02 04:00,3076.480000,1,77.060000,2.4400,86.710000,8.320000,-690.400000
393,Entry short,2025-02-02 01:15,3153.540000,1,77.060000,2.4400,86.710000,8.320000,-690.400000
392,Exit long,2025-02-02 01:15,3153.540000,1,-41.640000,-1.3000,0.880000,94.510000,-767.460000
392,Entry long,2025-02-01 20:00,3195.180000,1,-41.640000,-1.3000,0.880000,94.510000,-767.460000
391,Exit short,2025-02-01 20:00,3195.180000,1,61.450000,1.8900,79.560000,9.370000,-725.820000
391,Entry short,2025-02-01 13:45,3256.630000,1,61.450000,1.8900,79.560000,9.370000,-725.820000
390,Exit long,2025-02-01 13:45,3256.630000,1,-30.640000,-0.9300,18.600000,64.960000,-787.270000
390,Entry long,2025-02-01 04:15,3287.270000,1,-30.640000,-0.9300,18.600000,64.960000,-787.270000
389,Exit short,2025-02-01 04:15,3287.270000,1,7.760000,0.2400,17.820000,35.790000,-756.630000
389,Entry short,2025-01-31 23:00,3295.030000,1,7.760000,0.2400,17.820000,35.790000,-756.630000
388,Exit long,2025-01-31 23:00,3295.030000,1,-100.970000,-2.9700,2.000000,118.990000,-764.390000
388,Entry long,2025-01-31 17:30,3396.000000,1,-100.970000,-2.9700,2.000000,118.990000,-764.390000
387,Exit short,2025-01-31 17:30,3396.000000,1,-49.600000,-1.4800,14.010000,89.990000,-663.420000
387,Entry short,2025-01-31 12:45,3346.400000,1,-49.600000,-1.4800,14.010000,89.990000,-663.420000
386,Exit long,2025-01-31 12:45,3346.400000,1,97.120000,2.9900,109.540000,0.970000,-613.820000
386,Entry long,2025-01-31 09:30,3249.280000,1,97.120000,2.9900,109.540000,0.970000,-613.820000
385,Exit short,2025-01-31 09:30,3249.280000,1,12.390000,0.3800,29.620000,14.980000,-710.940000
385,Entry short,2025-01-31 07:00,3261.670000,1,12.390000,0.3800,29.620000,14.980000,-710.940000
384,Exit long,2025-01-31 07:00,3261.670000,1,-0.120000,-0.0000,20.810000,49.480000,-723.330000
384,Entry long,2025-01-30 16:45,3261.790000,1,-0.120000,-0.0000,20.810000,49.480000,-723.330000
383,Exit short,2025-01-30 16:45,3261.790000,1,-50.120000,-1.5600,5.520000,68.320000,-723.210000
383,Entry short,2025-01-30 10:15,3211.670000,1,-50.120000,-1.5600,5.520000,68.320000,-723.210000
382,Exit long,2025-01-30 10:15,3211.670000,1,26.070000,0.8200,43.390000,8.600000,-673.090000
382,Entry long,2025-01-30 07:30,3185.600000,1,26.070000,0.8200,43.390000,8.600000,-673.090000
381,Exit short,2025-01-30 07:30,3185.600000,1,-42.260000,-1.3400,6.160000,71.510000,-699.160000
381,Entry short,2025-01-30 02:15,3143.340000,1,-42.260000,-1.3400,6.160000,71.510000,-699.160000
380,Exit long,2025-01-30 02:15,3143.340000,1,32.930000,1.0600,44.020000,0.930000,-656.900000
380,Entry long,2025-01-30 00:45,3110.410000,1,32.930000,1.0600,44.020000,0.930000,-656.900000
379,Exit short,2025-01-30 00:45,3110.410000,1,22.060000,0.7000,43.470000,29.870000,-689.830000
379,Entry short,2025-01-29 20:45,3132.470000,1,22.060000,0.7000,43.470000,29.870000,-689.830000
378,Exit long,2025-01-29 20:45,3132.470000,1,3.190000,0.1000,51.650000,76.400000,-711.890000
378,Entry long,2025-01-29 10:00,3129.280000,1,3.190000,0.1000,51.650000,76.400000,-711.890000
377,Exit short,2025-01-29 10:00,3129.280000,1,50.870000,1.6000,142.150000,1.660000,-715.080000
377,Entry short,2025-01-28 16:00,3180.150000,1,50.870000,1.6000,142.150000,1.660000,-715.080000
376,Exit long,2025-01-28 16:00,3180.150000,1,23.430000,0.7400,65.260000,2.480000,-765.950000
376,Entry long,2025-01-28 01:45,3156.720000,1,23.430000,0.7400,65.260000,2.480000,-765.950000
375,Exit short,2025-01-28 01:45,3156.720000,1,22.890000,0.7200,34.610000,23.540000,-789.380000
375,Entry short,2025-01-27 21:30,3179.610000,1,22.890000,0.7200,34.610000,23.540000,-789.380000
374,Exit long,2025-01-27 21:30,3179.610000,1,91.340000,2.9600,149.730000,44.740000,-812.270000
374,Entry long,2025-01-27 17:45,3088.270000,1,91.340000,2.9600,149.730000,44.740000,-812.270000
373,Exit short,2025-01-27 17:45,3088.270000,1,-47.540000,-1.5600,8.330000,110.080000,-903.610000
373,Entry short,2025-01-27 08:45,3040.730000,1,-47.540000,-1.5600,8.330000,110.080000,-903.610000
372,Exit long,2025-01-27 08:45,3040.730000,1,-263.520000,-7.9800,4.300000,284.080000,-856.070000
372,Entry long,2025-01-26 21:45,3304.250000,1,-263.520000,-7.9800,4.300000,284.080000,-856.070000
371,Exit short,2025-01-26 21:45,3304.250000,1,-4.010000,-0.1200,4.760000,44.020000,-592.550000
371,Entry short,2025-01-26 13:30,3300.240000,1,-4.010000,-0.1200,4.760000,44.020000,-592.550000
370,Exit long,2025-01-26 13:30,3300.240000,1,-37.280000,-1.1200,4.890000,46.840000,-588.540000
370,Entry long,2025-01-26 08:00,3337.520000,1,-37.280000,-1.1200,4.890000,46.840000,-588.540000
369,Exit short,2025-01-26 08:00,3337.520000,1,-0.060000,-0.0000,9.050000,25.540000,-551.260000
369,Entry short,2025-01-26 04:00,3337.460000,1,-0.060000,-0.0000,9.050000,25.540000,-551.260000
368,Exit long,2025-01-26 04:00,3337.460000,1,-3.340000,-0.1000,9.000000,28.430000,-551.200000
368,Entry long,2025-01-25 19:00,3340.800000,1,-3.340000,-0.1000,9.000000,28.430000,-551.200000
367,Exit short,2025-01-25 19:00,3340.800000,1,-40.120000,-1.2200,8.320000,48.160000,-547.860000
367,Entry short,2025-01-25 12:15,3300.680000,1,-40.120000,-1.2200,8.320000,48.160000,-547.860000
366,Exit long,2025-01-25 12:15,3300.680000,1,10.800000,0.3300,20.720000,19.880000,-507.740000
366,Entry long,2025-01-25 07:30,3289.880000,1,10.800000,0.3300,20.720000,19.880000,-507.740000
365,Exit short,2025-01-25 07:30,3289.880000,1,7.120000,0.2200,15.300000,27.180000,-518.540000
365,Entry short,2025-01-25 02:30,3297.000000,1,7.120000,0.2200,15.300000,27.180000,-518.540000
364,Exit long,2025-01-25 02:30,3297.000000,1,-96.860000,-2.8500,36.130000,127.330000,-525.660000
364,Entry long,2025-01-24 12:45,3393.860000,1,-96.860000,-2.8500,36.130000,127.330000,-525.660000
363,Exit short,2025-01-24 12:45,3393.860000,1,-58.430000,-1.7500,61.490000,85.310000,-428.800000
363,Entry short,2025-01-23 23:30,3335.430000,1,-58.430000,-1.7500,61.490000,85.310000,-428.800000
362,Exit long,2025-01-23 23:30,3335.430000,1,70.540000,2.1600,79.840000,72.260000,-370.370000
362,Entry long,2025-01-23 18:00,3264.890000,1,70.540000,2.1600,79.840000,72.260000,-370.370000
361,Exit short,2025-01-23 18:00,3264.890000,1,-43.430000,-1.3500,34.260000,75.530000,-440.910000
361,Entry short,2025-01-23 08:30,3221.460000,1,-43.430000,-1.3500,34.260000,75.530000,-440.910000
360,Exit long,2025-01-23 08:30,3221.460000,1,-1.070000,-0.0300,19.820000,45.530000,-397.480000
360,Entry long,2025-01-23 03:00,3222.530000,1,-1.070000,-0.0300,19.820000,45.530000,-397.480000
359,Exit short,2025-01-23 03:00,3222.530000,1,26.350000,0.8100,46.260000,7.710000,-396.410000
359,Entry short,2025-01-23 01:15,3248.880000,1,26.350000,0.8100,46.260000,7.710000,-396.410000
358,Exit long,2025-01-23 01:15,3248.880000,1,-56.800000,-1.7200,5.320000,84.860000,-422.760000
358,Entry long,2025-01-22 14:30,3305.680000,1,-56.800000,-1.7200,5.320000,84.860000,-422.760000
357,Exit short,2025-01-22 14:30,3305.680000,1,-6.180000,-0.1900,25.480000,32.220000,-365.960000
357,Entry short,2025-01-22 10:30,3299.500000,1,-6.180000,-0.1900,25.480000,32.220000,-365.960000
356,Exit long,2025-01-22 10:30,3299.500000,1,-9.130000,-0.2800,59.320000,45.080000,-359.780000
356,Entry long,2025-01-21 14:00,3308.630000,1,-9.130000,-0.2800,59.320000,45.080000,-359.780000
355,Exit short,2025-01-21 14:00,3308.630000,1,-62.640000,-1.9300,35.900000,80.570000,-350.650000
355,Entry short,2025-01-21 04:15,3245.990000,1,-62.640000,-1.9300,35.900000,80.570000,-350.650000
354,Exit long,2025-01-21 04:15,3245.990000,1,-58.370000,-1.7700,20.060000,100.860000,-288.010000
354,Entry long,2025-01-20 22:30,3304.360000,1,-58.370000,-1.7700,20.060000,100.860000,-288.010000
353,Exit short,2025-01-20 22:30,3304.360000,1,53.170000,1.5800,157.530000,33.860000,-229.640000
353,Entry short,2025-01-20 15:45,3357.530000,1,53.170000,1.5800,157.530000,33.860000,-229.640000
352,Exit long,2025-01-20 15:45,3357.530000,1,-31.840000,-0.9400,2.390000,134.370000,-282.810000
352,Entry long,2025-01-20 10:30,3389.370000,1,-31.840000,-0.9400,2.390000,134.370000,-282.810000
351,Exit short,2025-01-20 10:30,3389.370000,1,-151.830000,-4.6900,11.370000,218.220000,-250.970000
351,Entry short,2025-01-20 02:45,3237.540000,1,-151.830000,-4.6900,11.370000,218.220000,-250.970000
350,Exit long,2025-01-20 02:45,3237.540000,1,-186.460000,-5.4500,9.530000,282.750000,-99.140000
350,Entry long,2025-01-19 19:15,3424.000000,1,-186.460000,-5.4500,9.530000,282.750000,-99.140000
349,Exit short,2025-01-19 19:15,3424.000000,1,-214.170000,-6.6700,17.680000,239.940000,87.320000
349,Entry short,2025-01-19 13:45,3209.830000,1,-214.170000,-6.6700,17.680000,239.940000,87.320000
348,Exit long,2025-01-19 13:45,3209.830000,1,-89.700000,-2.7200,5.980000,169.900000,301.490000
348,Entry long,2025-01-19 04:45,3299.530000,1,-89.700000,-2.7200,5.980000,169.900000,301.490000
347,Exit short,2025-01-19 04:45,3299.530000,1,-18.810000,-0.5700,24.080000,96.980000,391.190000
347,Entry short,2025-01-18 20:15,3280.720000,1,-18.810000,-0.5700,24.080000,96.980000,391.190000
346,Exit long,2025-01-18 20:15,3280.720000,1,3.710000,0.1100,15.530000,30.290000,410.000000
346,Entry long,2025-01-18 17:15,3277.010000,1,3.710000,0.1100,15.530000,30.290000,410.000000
345,Exit short,2025-01-18 17:15,3277.010000,1,3.420000,0.1000,54.780000,66.560000,406.290000
345,Entry short,2025-01-18 09:30,3280.430000,1,3.420000,0.1000,54.780000,66.560000,406.290000
344,Exit long,2025-01-18 09:30,3280.430000,1,-196.570000,-5.6500,15.950000,226.700000,402.870000
344,Entry long,2025-01-17 23:45,3477.000000,1,-196.570000,-5.6500,15.950000,226.700000,402.870000
343,Exit short,2025-01-17 23:45,3477.000000,1,32.270000,0.9200,48.270000,4.060000,599.440000
343,Entry short,2025-01-17 21:15,3509.270000,1,32.270000,0.9200,48.270000,4.060000,599.440000
342,Exit long,2025-01-17 21:15,3509.270000,1,94.730000,2.7700,110.310000,24.540000,567.170000
342,Entry long,2025-01-17 13:15,3414.540000,1,94.730000,2.7700,110.310000,24.540000,567.170000
341,Exit short,2025-01-17 13:15,3414.540000,1,-30.640000,-0.9100,37.460000,54.330000,472.440000
341,Entry short,2025-01-17 02:15,3383.900000,1,-30.640000,-0.9100,37.460000,54.330000,472.440000
340,Exit long,2025-01-17 02:15,3383.900000,1,87.280000,2.6500,95.400000,8.090000,503.080000
340,Entry long,2025-01-16 23:00,3296.620000,1,87.280000,2.6500,95.400000,8.090000,503.080000
339,Exit short,2025-01-16 23:00,3296.620000,1,49.200000,1.4700,82.760000,19.180000,415.800000
339,Entry short,2025-01-16 12:30,3345.820000,1,49.200000,1.4700,82.760000,19.180000,415.800000
338,Exit long,2025-01-16 12:30,3345.820000,1,40.330000,1.2200,57.830000,7.790000,366.600000
338,Entry long,2025-01-16 09:30,3305.490000,1,40.330000,1.2200,57.830000,7.790000,366.600000
337,Exit short,2025-01-16 09:30,3305.490000,1,79.640000,2.3500,85.940000,4.760000,326.270000
337,Entry short,2025-01-16 07:15,3385.130000,1,79.640000,2.3500,85.940000,4.760000,326.270000
336,Exit long,2025-01-16 07:15,3385.130000,1,-44.260000,-1.2900,29.600000,85.630000,246.630000
336,Entry long,2025-01-15 23:00,3429.390000,1,-44.260000,-1.2900,29.600000,85.630000,246.630000
335,Exit short,2025-01-15 23:00,3429.390000,1,21.810000,0.6300,34.450000,7.200000,290.890000
335,Entry short,2025-01-15 20:30,3451.200000,1,21.810000,0.6300,34.450000,7.200000,290.890000
334,Exit long,2025-01-15 20:30,3451.200000,1,104.710000,3.1300,126.440000,0.150000,269.080000
334,Entry long,2025-01-15 18:30,3346.490000,1,104.710000,3.1300,126.440000,0.150000,269.080000
333,Exit short,2025-01-15 18:30,3346.490000,1,-57.390000,-1.7400,14.800000,76.620000,164.370000
333,Entry short,2025-01-15 14:15,3289.100000,1,-57.390000,-1.7400,14.800000,76.620000,164.370000
332,Exit long,2025-01-15 14:15,3289.100000,1,71.700000,2.2300,95.210000,32.310000,221.760000
332,Entry long,2025-01-15 03:15,3217.400000,1,71.700000,2.2300,95.210000,32.310000,221.760000
331,Exit short,2025-01-15 03:15,3217.400000,1,4.860000,0.1500,29.240000,21.890000,150.060000
331,Entry short,2025-01-14 19:15,3222.260000,1,4.860000,0.1500,29.240000,21.890000,150.060000
330,Exit long,2025-01-14 19:15,3222.260000,1,32.610000,1.0200,43.340000,18.630000,145.200000
330,Entry long,2025-01-14 12:45,3189.650000,1,32.610000,1.0200,43.340000,18.630000,145.200000
329,Exit short,2025-01-14 12:45,3189.650000,1,-139.210000,-4.5600,150.440000,205.400000,112.590000
329,Entry short,2025-01-13 14:15,3050.440000,1,-139.210000,-4.5600,150.440000,205.400000,112.590000
328,Exit long,2025-01-13 14:15,3050.440000,1,-203.980000,-6.2700,6.580000,222.420000,251.800000
328,Entry long,2025-01-13 03:30,3254.420000,1,-203.980000,-6.2700,6.580000,222.420000,251.800000
327,Exit short,2025-01-13 03:30,3254.420000,1,53.020000,1.6000,71.440000,4.930000,455.780000
327,Entry short,2025-01-13 01:00,3307.440000,1,53.020000,1.6000,71.440000,4.930000,455.780000
326,Exit long,2025-01-13 01:00,3307.440000,1,28.330000,0.8600,59.210000,46.530000,402.760000
326,Entry long,2025-01-12 20:00,3279.110000,1,28.330000,0.8600,59.210000,46.530000,402.760000
325,Exit short,2025-01-12 20:00,3279.110000,1,-27.330000,-0.8400,5.270000,47.220000,374.430000
325,Entry short,2025-01-12 12:00,3251.780000,1,-27.330000,-0.8400,5.270000,47.220000,374.430000
324,Exit long,2025-01-12 12:00,3251.780000,1,-34.610000,-1.0500,3.960000,63.990000,401.760000
324,Entry long,2025-01-11 23:45,3286.390000,1,-34.610000,-1.0500,3.960000,63.990000,401.760000
323,Exit short,2025-01-11 23:45,3286.390000,1,20.610000,0.6200,24.210000,6.850000,436.370000
323,Entry short,2025-01-11 21:45,3307.000000,1,20.610000,0.6200,24.210000,6.850000,436.370000
322,Exit long,2025-01-11 21:45,3307.000000,1,35.170000,1.0700,47.470000,14.290000,415.760000
322,Entry long,2025-01-11 14:45,3271.830000,1,35.170000,1.0700,47.470000,14.290000,415.760000
321,Exit short,2025-01-11 14:45,3271.830000,1,-26.430000,-0.8100,28.040000,34.600000,380.590000
321,Entry short,2025-01-11 06:45,3245.400000,1,-26.430000,-0.8100,28.040000,34.600000,380.590000
320,Exit long,2025-01-11 06:45,3245.400000,1,-26.150000,-0.8000,9.400000,43.550000,407.020000
320,Entry long,2025-01-10 21:30,3271.550000,1,-26.150000,-0.8000,9.400000,43.550000,407.020000
319,Exit short,2025-01-10 21:30,3271.550000,1,27.980000,0.8500,44.340000,3.940000,433.170000
319,Entry short,2025-01-10 18:15,3299.530000,1,27.980000,0.8500,44.340000,3.940000,433.170000
318,Exit long,2025-01-10 18:15,3299.530000,1,-0.460000,-0.0100,23.010000,106.560000,405.190000
318,Entry long,2025-01-10 12:15,3299.990000,1,-0.460000,-0.0100,23.010000,106.560000,405.190000
317,Exit short,2025-01-10 12:15,3299.990000,1,-87.810000,-2.7300,2.880000,107.820000,405.650000
317,Entry short,2025-01-09 23:30,3212.180000,1,-87.810000,-2.7300,2.880000,107.820000,405.650000
316,Exit long,2025-01-09 23:30,3212.180000,1,-47.000000,-1.4400,8.730000,103.180000,493.460000
316,Entry long,2025-01-09 19:00,3259.180000,1,-47.000000,-1.4400,8.730000,103.180000,493.460000
315,Exit short,2025-01-09 19:00,3259.180000,1,37.900000,1.1500,63.000000,14.050000,540.460000
315,Entry short,2025-01-09 16:30,3297.080000,1,37.900000,1.1500,63.000000,14.050000,540.460000
314,Exit long,2025-01-09 16:30,3297.080000,1,57.250000,1.7700,97.810000,13.870000,502.560000
314,Entry long,2025-01-09 14:15,3239.830000,1,57.250000,1.7700,97.810000,13.870000,502.560000
313,Exit short,2025-01-09 14:15,3239.830000,1,61.240000,1.8600,92.730000,24.460000,445.310000
313,Entry short,2025-01-09 10:30,3301.070000,1,61.240000,1.8600,92.730000,24.460000,445.310000
312,Exit long,2025-01-09 10:30,3301.070000,1,-12.130000,-0.3700,29.200000,48.430000,384.070000
312,Entry long,2025-01-09 04:15,3313.200000,1,-12.130000,-0.3700,29.200000,48.430000,384.070000
311,Exit short,2025-01-09 04:15,3313.200000,1,6.900000,0.2100,14.580000,35.750000,396.200000
311,Entry short,2025-01-08 23:15,3320.100000,1,6.900000,0.2100,14.580000,35.750000,396.200000
310,Exit long,2025-01-08 23:15,3320.100000,1,87.990000,2.7200,100.890000,25.570000,389.300000
310,Entry long,2025-01-08 17:30,3232.110000,1,87.990000,2.7200,100.890000,25.570000,389.300000
309,Exit short,2025-01-08 17:30,3232.110000,1,132.450000,3.9400,139.500000,20.340000,301.310000
309,Entry short,2025-01-08 09:00,3364.560000,1,132.450000,3.9400,139.500000,20.340000,301.310000
308,Exit long,2025-01-08 09:00,3364.560000,1,-1.120000,-0.0300,10.860000,59.670000,168.860000
308,Entry long,2025-01-08 04:15,3365.680000,1,-1.120000,-0.0300,10.860000,59.670000,168.860000
307,Exit short,2025-01-08 04:15,3365.680000,1,10.130000,0.3000,35.800000,37.740000,169.980000
307,Entry short,2025-01-07 23:15,3375.810000,1,10.130000,0.3000,35.800000,37.740000,169.980000
306,Exit long,2025-01-07 23:15,3375.810000,1,-285.720000,-7.8000,17.470000,307.940000,159.850000
306,Entry long,2025-01-07 05:45,3661.530000,1,-285.720000,-7.8000,17.470000,307.940000,159.850000
305,Exit short,2025-01-07 05:45,3661.530000,1,24.710000,0.6700,28.840000,5.900000,445.570000
305,Entry short,2025-01-07 02:30,3686.240000,1,24.710000,0.6700,28.840000,5.900000,445.570000
304,Exit long,2025-01-07 02:30,3686.240000,1,1.240000,0.0300,17.990000,23.030000,420.860000
304,Entry long,2025-01-06 18:30,3685.000000,1,1.240000,0.0300,17.990000,23.030000,420.860000
303,Exit short,2025-01-06 18:30,3685.000000,1,-32.840000,-0.9000,31.420000,92.120000,419.620000
303,Entry short,2025-01-06 12:15,3652.160000,1,-32.840000,-0.9000,31.420000,92.120000,419.620000
302,Exit long,2025-01-06 12:15,3652.160000,1,-5.740000,-0.1600,5.180000,26.560000,452.460000
302,Entry long,2025-01-06 07:15,3657.900000,1,-5.740000,-0.1600,5.180000,26.560000,452.460000
301,Exit short,2025-01-06 07:15,3657.900000,1,-0.310000,-0.0100,4.890000,40.410000,458.200000
301,Entry short,2025-01-06 03:00,3657.590000,1,-0.310000,-0.0100,4.890000,40.410000,458.200000
300,Exit long,2025-01-06 03:00,3657.590000,1,18.970000,0.5200,45.630000,29.620000,458.510000
300,Entry long,2025-01-06 00:15,3638.620000,1,18.970000,0.5200,45.630000,29.620000,458.510000
299,Exit short,2025-01-06 00:15,3638.620000,1,-10.170000,-0.2800,17.200000,27.840000,439.540000
299,Entry short,2025-01-05 16:00,3628.450000,1,-10.170000,-0.2800,17.200000,27.840000,439.540000
298,Exit long,2025-01-05 16:00,3628.450000,1,-8.890000,-0.2400,10.750000,45.200000,449.710000
298,Entry long,2025-01-05 01:45,3637.340000,1,-8.890000,-0.2400,10.750000,45.200000,449.710000
297,Exit short,2025-01-05 01:45,3637.340000,1,20.560000,0.5600,26.800000,16.810000,458.600000
297,Entry short,2025-01-04 21:15,3657.900000,1,20.560000,0.5600,26.800000,16.810000,458.600000
296,Exit long,2025-01-04 21:15,3657.900000,1,45.670000,1.2600,55.940000,3.740000,438.040000
296,Entry long,2025-01-04 16:15,3612.230000,1,45.670000,1.2600,55.940000,3.740000,438.040000
295,Exit short,2025-01-04 16:15,3612.230000,1,14.750000,0.4100,37.440000,37.020000,392.370000
295,Entry short,2025-01-04 12:45,3626.980000,1,14.750000,0.4100,37.440000,37.020000,392.370000
294,Exit long,2025-01-04 12:45,3626.980000,1,33.990000,0.9500,51.490000,22.330000,377.620000
294,Entry long,2025-01-04 09:30,3592.990000,1,33.990000,0.9500,51.490000,22.330000,377.620000
293,Exit short,2025-01-04 09:30,3592.990000,1,7.390000,0.2100,17.890000,9.450000,343.630000
293,Entry short,2025-01-04 06:30,3600.380000,1,7.390000,0.2100,17.890000,9.450000,343.630000
292,Exit long,2025-01-04 06:30,3600.380000,1,1.490000,0.0400,31.110000,17.450000,336.240000
292,Entry long,2025-01-03 18:30,3598.890000,1,1.490000,0.0400,31.110000,17.450000,336.240000
291,Exit short,2025-01-03 18:30,3598.890000,1,-160.500000,-4.6700,0.110000,161.500000,334.750000
291,Entry short,2025-01-03 10:15,3438.390000,1,-160.500000,-4.6700,0.110000,161.500000,334.750000
290,Exit long,2025-01-03 10:15,3438.390000,1,-11.990000,-0.3500,10.530000,28.820000,495.250000
290,Entry long,2025-01-03 05:45,3450.380000,1,-11.990000,-0.3500,10.530000,28.820000,495.250000
289,Exit short,2025-01-03 05:45,3450.380000,1,2.750000,0.0800,11.030000,23.350000,507.240000
289,Entry short,2025-01-03 00:45,3453.130000,1,2.750000,0.0800,11.030000,23.350000,507.240000
288,Exit long,2025-01-03 00:45,3453.130000,1,-14.530000,-0.4200,43.480000,47.660000,504.490000
288,Entry long,2025-01-02 13:30,3467.660000,1,-14.530000,-0.4200,43.480000,47.660000,504.490000
287,Exit short,2025-01-02 13:30,3467.660000,1,-9.010000,-0.2600,2.210000,25.890000,519.020000
287,Entry short,2025-01-02 10:15,3458.650000,1,-9.010000,-0.2600,2.210000,25.890000,519.020000
286,Exit long,2025-01-02 10:15,3458.650000,1,48.450000,1.4200,63.260000,1.600000,528.030000
286,Entry long,2025-01-02 07:00,3410.200000,1,48.450000,1.4200,63.260000,1.600000,528.030000
285,Exit short,2025-01-02 07:00,3410.200000,1,-18.570000,-0.5500,15.790000,36.070000,479.580000
285,Entry short,2025-01-02 01:30,3391.630000,1,-18.570000,-0.5500,15.790000,36.070000,479.580000
284,Exit long,2025-01-02 01:30,3391.630000,1,32.280000,0.9600,45.650000,5.850000,498.150000
284,Entry long,2025-01-02 00:00,3359.350000,1,32.280000,0.9600,45.650000,5.850000,498.150000
283,Exit short,2025-01-02 00:00,3359.350000,1,-5.660000,-0.1700,2.690000,20.450000,465.870000
283,Entry short,2025-01-01 20:30,3353.690000,1,-5.660000,-0.1700,2.690000,20.450000,465.870000
282,Exit long,2025-01-01 20:30,3353.690000,1,16.590000,0.5000,27.200000,4.730000,471.530000
282,Entry long,2025-01-01 17:45,3337.100000,1,16.590000,0.5000,27.200000,4.730000,471.530000
281,Exit short,2025-01-01 17:45,3337.100000,1,9.490000,0.2800,25.480000,12.500000,454.940000
281,Entry short,2025-01-01 12:45,3346.590000,1,9.490000,0.2800,25.480000,12.500000,454.940000
280,Exit long,2025-01-01 12:45,3346.590000,1,0.750000,0.0200,5.730000,33.220000,445.450000
280,Entry long,2025-01-01 05:15,3345.840000,1,0.750000,0.0200,5.730000,33.220000,445.450000
279,Exit short,2025-01-01 05:15,3345.840000,1,13.780000,0.4100,21.360000,8.400000,444.700000
279,Entry short,2025-01-01 01:15,3359.620000,1,13.780000,0.4100,21.360000,8.400000,444.700000
278,Exit long,2025-01-01 01:15,3359.620000,1,-49.520000,-1.4500,3.110000,82.070000,430.920000
278,Entry long,2024-12-31 16:45,3409.140000,1,-49.520000,-1.4500,3.110000,82.070000,430.920000
277,Exit short,2024-12-31 16:45,3409.140000,1,-72.680000,-2.1800,9.500000,115.540000,480.440000
277,Entry short,2024-12-31 04:45,3336.460000,1,-72.680000,-2.1800,9.500000,115.540000,480.440000
276,Exit long,2024-12-31 04:45,3336.460000,1,18.540000,0.5600,49.160000,3.960000,553.120000
276,Entry long,2024-12-30 22:00,3317.920000,1,18.540000,0.5600,49.160000,3.960000,553.120000
275,Exit short,2024-12-30 22:00,3317.920000,1,33.650000,1.0000,44.130000,67.770000,534.580000
275,Entry short,2024-12-30 17:30,3351.570000,1,33.650000,1.0000,44.130000,67.770000,534.580000
274,Exit long,2024-12-30 17:30,3351.570000,1,-69.230000,-2.0200,9.100000,118.600000,500.930000
274,Entry long,2024-12-30 10:00,3420.800000,1,-69.230000,-2.0200,9.100000,118.600000,500.930000
273,Exit short,2024-12-30 10:00,3420.800000,1,2.740000,0.0800,15.370000,10.340000,570.160000
273,Entry short,2024-12-30 07:15,3423.540000,1,2.740000,0.0800,15.370000,10.340000,570.160000
272,Exit long,2024-12-30 07:15,3423.540000,1,20.240000,0.5900,28.700000,15.910000,567.420000
272,Entry long,2024-12-30 04:45,3403.300000,1,20.240000,0.5900,28.700000,15.910000,567.420000
271,Exit short,2024-12-30 04:45,3403.300000,1,-42.460000,-1.2600,36.210000,76.020000,547.180000
271,Entry short,2024-12-29 19:00,3360.840000,1,-42.460000,-1.2600,36.210000,76.020000,547.180000
270,Exit long,2024-12-29 19:00,3360.840000,1,-31.230000,-0.9200,17.900000,47.870000,589.640000
270,Entry long,2024-12-29 13:30,3392.070000,1,-31.230000,-0.9200,17.900000,47.870000,589.640000
269,Exit short,2024-12-29 13:30,3392.070000,1,-6.730000,-0.2000,7.000000,27.660000,620.870000
269,Entry short,2024-12-29 05:15,3385.340000,1,-6.730000,-0.2000,7.000000,27.660000,620.870000
268,Exit long,2024-12-29 05:15,3385.340000,1,1.480000,0.0400,7.710000,9.870000,627.600000
268,Entry long,2024-12-29 01:15,3383.860000,1,1.480000,0.0400,7.710000,9.870000,627.600000
267,Exit short,2024-12-29 01:15,3383.860000,1,-41.090000,-1.2300,21.850000,84.730000,626.120000
267,Entry short,2024-12-28 01:00,3342.770000,1,-41.090000,-1.2300,21.850000,84.730000,626.120000
266,Exit long,2024-12-28 01:00,3342.770000,1,18.320000,0.5500,22.540000,10.040000,667.210000
266,Entry long,2024-12-27 22:15,3324.450000,1,18.320000,0.5500,22.540000,10.040000,667.210000
265,Exit short,2024-12-27 22:15,3324.450000,1,36.300000,1.0800,52.670000,0.850000,648.890000
265,Entry short,2024-12-27 19:00,3360.750000,1,36.300000,1.0800,52.670000,0.850000,648.890000
264,Exit long,2024-12-27 19:00,3360.750000,1,-16.820000,-0.5000,14.790000,71.570000,612.590000
264,Entry long,2024-12-27 14:15,3377.570000,1,-16.820000,-0.5000,14.790000,71.570000,612.590000
263,Exit short,2024-12-27 14:15,3377.570000,1,34.830000,1.0200,42.630000,9.600000,629.410000
263,Entry short,2024-12-27 10:15,3412.400000,1,34.830000,1.0200,42.630000,9.600000,629.410000
262,Exit long,2024-12-27 10:15,3412.400000,1,61.460000,1.8300,93.060000,2.240000,594.580000
262,Entry long,2024-12-27 08:15,3350.940000,1,61.460000,1.8300,93.060000,2.240000,594.580000
261,Exit short,2024-12-27 08:15,3350.940000,1,11.010000,0.3300,59.220000,35.970000,533.120000
261,Entry short,2024-12-26 12:15,3361.950000,1,11.010000,0.3300,59.220000,35.970000,533.120000
260,Exit long,2024-12-26 12:15,3361.950000,1,-3.370000,-0.1000,17.510000,8.690000,522.110000
260,Entry long,2024-12-26 09:00,3365.320000,1,-3.370000,-0.1000,17.510000,8.690000,522.110000
259,Exit short,2024-12-26 09:00,3365.320000,1,73.430000,2.1400,93.750000,6.610000,525.480000
259,Entry short,2024-12-26 07:00,3438.750000,1,73.430000,2.1400,93.750000,6.610000,525.480000
258,Exit long,2024-12-26 07:00,3438.750000,1,-36.240000,-1.0400,4.980000,51.010000,452.050000
258,Entry long,2024-12-26 02:00,3474.990000,1,-36.240000,-1.0400,4.980000,51.010000,452.050000
257,Exit short,2024-12-26 02:00,3474.990000,1,13.380000,0.3800,25.370000,5.040000,488.290000
257,Entry short,2024-12-26 00:30,3488.370000,1,13.380000,0.3800,25.370000,5.040000,488.290000
256,Exit long,2024-12-26 00:30,3488.370000,1,22.030000,0.6400,47.980000,7.020000,474.910000
256,Entry long,2024-12-25 22:00,3466.340000,1,22.030000,0.6400,47.980000,7.020000,474.910000
255,Exit short,2024-12-25 22:00,3466.340000,1,3.930000,0.1100,21.950000,17.460000,452.880000
255,Entry short,2024-12-25 19:15,3470.270000,1,3.930000,0.1100,21.950000,17.460000,452.880000
254,Exit long,2024-12-25 19:15,3470.270000,1,-16.750000,-0.4800,12.730000,48.020000,448.950000
254,Entry long,2024-12-25 12:45,3487.020000,1,-16.750000,-0.4800,12.730000,48.020000,448.950000
253,Exit short,2024-12-25 12:45,3487.020000,1,1.430000,0.0400,33.370000,58.560000,465.700000
253,Entry short,2024-12-25 05:30,3488.450000,1,1.430000,0.0400,33.370000,58.560000,465.700000
252,Exit long,2024-12-25 05:30,3488.450000,1,16.610000,0.4800,23.160000,15.630000,464.270000
252,Entry long,2024-12-25 02:00,3471.840000,1,16.610000,0.4800,23.160000,15.630000,464.270000
251,Exit short,2024-12-25 02:00,3471.840000,1,12.460000,0.3600,19.290000,19.920000,447.660000
251,Entry short,2024-12-24 22:45,3484.300000,1,12.460000,0.3600,19.290000,19.920000,447.660000
250,Exit long,2024-12-24 22:45,3484.300000,1,-0.140000,-0.0000,14.530000,54.440000,435.200000
250,Entry long,2024-12-24 19:30,3484.440000,1,-0.140000,-0.0000,14.530000,54.440000,435.200000
249,Exit short,2024-12-24 19:30,3484.440000,1,-64.990000,-1.9000,35.960000,119.950000,435.340000
249,Entry short,2024-12-24 05:45,3419.450000,1,-64.990000,-1.9000,35.960000,119.950000,435.340000
248,Exit long,2024-12-24 05:45,3419.450000,1,6.200000,0.1800,20.740000,57.240000,500.330000
248,Entry long,2024-12-24 00:45,3413.250000,1,6.200000,0.1800,20.740000,57.240000,500.330000
247,Exit short,2024-12-24 00:45,3413.250000,1,28.970000,0.8400,54.220000,23.530000,494.130000
247,Entry short,2024-12-23 21:45,3442.220000,1,28.970000,0.8400,54.220000,23.530000,494.130000
246,Exit long,2024-12-23 21:45,3442.220000,1,137.510000,4.1600,153.750000,12.490000,465.160000
246,Entry long,2024-12-23 16:30,3304.710000,1,137.510000,4.1600,153.750000,12.490000,465.160000
245,Exit short,2024-12-23 16:30,3304.710000,1,38.400000,1.1500,76.070000,16.870000,327.650000
245,Entry short,2024-12-23 10:30,3343.110000,1,38.400000,1.1500,76.070000,16.870000,327.650000
244,Exit long,2024-12-23 10:30,3343.110000,1,54.270000,1.6500,63.470000,17.950000,289.250000
244,Entry long,2024-12-23 07:15,3288.840000,1,54.270000,1.6500,63.470000,17.950000,289.250000
243,Exit short,2024-12-23 07:15,3288.840000,1,52.250000,1.5600,83.090000,5.470000,234.980000
243,Entry short,2024-12-23 04:30,3341.090000,1,52.250000,1.5600,83.090000,5.470000,234.980000
242,Exit long,2024-12-23 04:30,3341.090000,1,89.830000,2.7600,111.420000,23.700000,182.730000
242,Entry long,2024-12-23 01:30,3251.260000,1,89.830000,2.7600,111.420000,23.700000,182.730000
241,Exit short,2024-12-23 01:30,3251.260000,1,31.180000,0.9500,67.630000,22.210000,92.900000
241,Entry short,2024-12-22 22:00,3282.440000,1,31.180000,0.9500,67.630000,22.210000,92.900000
240,Exit long,2024-12-22 22:00,3282.440000,1,29.500000,0.9100,56.620000,1.600000,61.720000
240,Entry long,2024-12-22 20:30,3252.940000,1,29.500000,0.9100,56.620000,1.600000,61.720000
239,Exit short,2024-12-22 20:30,3252.940000,1,61.250000,1.8500,94.600000,23.510000,32.220000
239,Entry short,2024-12-22 18:00,3314.190000,1,61.250000,1.8500,94.600000,23.510000,32.220000
238,Exit long,2024-12-22 18:00,3314.190000,1,37.700000,1.1500,59.210000,0.780000,-29.030000
238,Entry long,2024-12-22 15:00,3276.490000,1,37.700000,1.1500,59.210000,0.780000,-29.030000
237,Exit short,2024-12-22 15:00,3276.490000,1,87.510000,2.6000,91.000000,38.080000,-66.730000
237,Entry short,2024-12-22 01:30,3364.000000,1,87.510000,2.6000,91.000000,38.080000,-66.730000
236,Exit long,2024-12-22 01:30,3364.000000,1,33.870000,1.0200,43.340000,27.840000,-154.240000
236,Entry long,2024-12-21 22:30,3330.130000,1,33.870000,1.0200,43.340000,27.840000,-154.240000
235,Exit short,2024-12-21 22:30,3330.130000,1,58.070000,1.7100,97.170000,12.960000,-188.110000
235,Entry short,2024-12-21 16:15,3388.200000,1,58.070000,1.7100,97.170000,12.960000,-188.110000
234,Exit long,2024-12-21 16:15,3388.200000,1,-78.190000,-2.2600,30.050000,122.200000,-246.180000
234,Entry long,2024-12-21 09:15,3466.390000,1,-78.190000,-2.2600,30.050000,122.200000,-246.180000
233,Exit short,2024-12-21 09:15,3466.390000,1,45.480000,1.3000,50.870000,41.890000,-167.990000
233,Entry short,2024-12-21 06:30,3511.870000,1,45.480000,1.3000,50.870000,41.890000,-167.990000
232,Exit long,2024-12-21 05:45,3493.990000,1,80.630000,2.3600,80.640000,2.790000,-213.470000
232,Entry long,2024-12-20 21:30,3413.360000,1,80.630000,2.3600,80.640000,2.790000,-213.470000
231,Exit short,2024-12-20 21:30,3413.360000,1,-178.020000,-5.5000,29.760000,261.200000,-294.100000
231,Entry short,2024-12-20 13:15,3235.340000,1,-178.020000,-5.5000,29.760000,261.200000,-294.100000
230,Exit long,2024-12-20 13:15,3235.340000,1,-136.440000,-4.0500,46.750000,271.780000,-116.080000
230,Entry long,2024-12-20 06:15,3371.780000,1,-136.440000,-4.0500,46.750000,271.780000,-116.080000
229,Exit short,2024-12-20 06:15,3371.780000,1,59.360000,1.7300,80.140000,12.740000,20.360000
229,Entry short,2024-12-20 03:15,3431.140000,1,59.360000,1.7300,80.140000,12.740000,20.360000
228,Exit long,2024-12-20 03:15,3431.140000,1,29.190000,0.8600,63.030000,4.670000,-39.000000
228,Entry long,2024-12-20 02:15,3401.950000,1,29.190000,0.8600,63.030000,4.670000,-39.000000
227,Exit short,2024-12-20 02:15,3401.950000,1,11.960000,0.3500,44.500000,50.860000,-68.190000
227,Entry short,2024-12-19 22:15,3413.910000,1,11.960000,0.3500,44.500000,50.860000,-68.190000
226,Exit long,2024-12-19 22:15,3413.910000,1,-259.560000,-7.0700,45.000000,351.270000,-80.150000
226,Entry long,2024-12-19 09:30,3673.470000,1,-259.560000,-7.0700,45.000000,351.270000,-80.150000
225,Exit short,2024-12-19 09:30,3673.470000,1,-39.890000,-1.1000,93.580000,61.420000,179.410000
225,Entry short,2024-12-19 01:15,3633.580000,1,-39.890000,-1.1000,93.580000,61.420000,179.410000
224,Exit long,2024-12-19 01:15,3633.580000,1,-60.440000,-1.6400,18.770000,79.010000,219.300000
224,Entry long,2024-12-18 21:00,3694.020000,1,-60.440000,-1.6400,18.770000,79.010000,219.300000
223,Exit short,2024-12-18 21:00,3694.020000,1,167.180000,4.3300,226.230000,46.800000,279.740000
223,Entry short,2024-12-18 17:30,3861.200000,1,167.180000,4.3300,226.230000,46.800000,279.740000
222,Exit long,2024-12-18 17:30,3861.200000,1,-1.980000,-0.0500,15.490000,40.170000,112.560000
222,Entry long,2024-12-18 14:30,3863.180000,1,-1.980000,-0.0500,15.490000,40.170000,112.560000
221,Exit short,2024-12-18 14:30,3863.180000,1,-8.480000,-0.2200,14.340000,35.120000,114.540000
221,Entry short,2024-12-18 08:15,3854.700000,1,-8.480000,-0.2200,14.340000,35.120000,114.540000
220,Exit long,2024-12-18 08:15,3854.700000,1,-149.090000,-3.7200,20.910000,201.440000,123.020000
220,Entry long,2024-12-17 12:30,4003.790000,1,-149.090000,-3.7200,20.910000,201.440000,123.020000
219,Exit short,2024-12-17 12:30,4003.790000,1,14.760000,0.3700,37.240000,21.440000,272.110000
219,Entry short,2024-12-17 03:15,4018.550000,1,14.760000,0.3700,37.240000,21.440000,272.110000
218,Exit long,2024-12-17 03:15,4018.550000,1,-19.460000,-0.4800,14.430000,96.010000,257.350000
218,Entry long,2024-12-16 21:45,4038.010000,1,-19.460000,-0.4800,14.430000,96.010000,257.350000
217,Exit short,2024-12-16 21:45,4038.010000,1,-106.250000,-2.7000,13.540000,178.230000,276.810000
217,Entry short,2024-12-16 15:30,3931.760000,1,-106.250000,-2.7000,13.540000,178.230000,276.810000
216,Exit long,2024-12-16 15:30,3931.760000,1,-19.750000,-0.5000,31.290000,69.290000,383.060000
216,Entry long,2024-12-16 04:15,3951.510000,1,-19.750000,-0.5000,31.290000,69.290000,383.060000
215,Exit short,2024-12-16 04:15,3951.510000,1,4.790000,0.1200,29.150000,68.560000,402.810000
215,Entry short,2024-12-16 00:15,3956.300000,1,4.790000,0.1200,29.150000,68.560000,402.810000
214,Exit long,2024-12-16 00:15,3956.300000,1,55.370000,1.4200,72.740000,58.730000,398.020000
214,Entry long,2024-12-15 19:15,3900.930000,1,55.370000,1.4200,72.740000,58.730000,398.020000
213,Exit short,2024-12-15 19:15,3900.930000,1,-42.040000,-1.0900,1.490000,59.740000,342.650000
213,Entry short,2024-12-15 11:00,3858.890000,1,-42.040000,-1.0900,1.490000,59.740000,342.650000
212,Exit long,2024-12-15 11:00,3858.890000,1,27.280000,0.7100,41.700000,1.610000,384.690000
212,Entry long,2024-12-15 07:45,3831.610000,1,27.280000,0.7100,41.700000,1.610000,384.690000
211,Exit short,2024-12-15 07:45,3831.610000,1,34.000000,0.8800,36.610000,47.260000,357.410000
211,Entry short,2024-12-14 23:45,3865.610000,1,34.000000,0.8800,36.610000,47.260000,357.410000
210,Exit long,2024-12-14 23:45,3865.610000,1,26.340000,0.6900,37.730000,16.900000,323.410000
210,Entry long,2024-12-14 18:30,3839.270000,1,26.340000,0.6900,37.730000,16.900000,323.410000
209,Exit short,2024-12-14 18:30,3839.270000,1,41.490000,1.0700,42.750000,16.120000,297.070000
209,Entry short,2024-12-14 15:30,3880.760000,1,41.490000,1.0700,42.750000,16.120000,297.070000
208,Exit long,2024-12-14 15:30,3880.760000,1,-15.770000,-0.4000,8.180000,51.350000,255.580000
208,Entry long,2024-12-14 10:45,3896.530000,1,-15.770000,-0.4000,8.180000,51.350000,255.580000
207,Exit short,2024-12-14 10:45,3896.530000,1,29.410000,0.7500,40.940000,6.860000,271.350000
207,Entry short,2024-12-14 06:45,3925.940000,1,29.410000,0.7500,40.940000,6.860000,271.350000
206,Exit long,2024-12-14 06:45,3925.940000,1,25.530000,0.6500,44.580000,8.990000,241.940000
206,Entry long,2024-12-13 22:00,3900.410000,1,25.530000,0.6500,44.580000,8.990000,241.940000
205,Exit short,2024-12-13 22:00,3900.410000,1,5.600000,0.1400,28.670000,61.950000,216.410000
205,Entry short,2024-12-13 11:45,3906.010000,1,5.600000,0.1400,28.670000,61.950000,216.410000
204,Exit long,2024-12-13 11:45,3906.010000,1,-10.980000,-0.2800,9.010000,46.990000,210.810000
204,Entry long,2024-12-13 06:30,3916.990000,1,-10.980000,-0.2800,9.010000,46.990000,210.810000
203,Exit short,2024-12-13 06:30,3916.990000,1,-48.780000,-1.2600,16.410000,71.790000,221.790000
203,Entry short,2024-12-12 23:30,3868.210000,1,-48.780000,-1.2600,16.410000,71.790000,221.790000
202,Exit long,2024-12-12 23:30,3868.210000,1,-75.730000,-1.9200,21.860000,108.940000,270.570000
202,Entry long,2024-12-12 17:15,3943.940000,1,-75.730000,-1.9200,21.860000,108.940000,270.570000
201,Exit short,2024-12-12 17:15,3943.940000,1,-1.930000,-0.0500,21.080000,44.930000,346.300000
201,Entry short,2024-12-12 13:45,3942.010000,1,-1.930000,-0.0500,21.080000,44.930000,346.300000
200,Exit long,2024-12-12 13:45,3942.010000,1,5.720000,0.1500,42.790000,46.040000,348.230000
200,Entry long,2024-12-12 07:00,3936.290000,1,5.720000,0.1500,42.790000,46.040000,348.230000
199,Exit short,2024-12-12 07:00,3936.290000,1,-15.600000,-0.4000,27.690000,24.310000,342.510000
199,Entry short,2024-12-12 04:15,3920.690000,1,-15.600000,-0.4000,27.690000,24.310000,342.510000
198,Exit long,2024-12-12 04:15,3920.690000,1,103.690000,2.7200,130.620000,21.750000,358.110000
198,Entry long,2024-12-12 01:00,3817.000000,1,103.690000,2.7200,130.620000,21.750000,358.110000
197,Exit short,2024-12-12 01:00,3817.000000,1,-0.870000,-0.0200,10.530000,30.820000,254.420000
197,Entry short,2024-12-11 21:15,3816.130000,1,-0.870000,-0.0200,10.530000,30.820000,254.420000
196,Exit long,2024-12-11 21:15,3816.130000,1,33.130000,0.8800,57.560000,2.850000,255.290000
196,Entry long,2024-12-11 18:30,3783.000000,1,33.130000,0.8800,57.560000,2.850000,255.290000
195,Exit short,2024-12-11 18:30,3783.000000,1,-119.470000,-3.2600,16.920000,156.470000,222.160000
195,Entry short,2024-12-11 03:45,3663.530000,1,-119.470000,-3.2600,16.920000,156.470000,222.160000
194,Exit long,2024-12-11 03:45,3663.530000,1,42.920000,1.1900,48.990000,57.960000,341.630000
194,Entry long,2024-12-10 23:45,3620.610000,1,42.920000,1.1900,48.990000,57.960000,341.630000
193,Exit short,2024-12-10 23:45,3620.610000,1,21.070000,0.5800,23.930000,31.580000,298.710000
193,Entry short,2024-12-10 20:45,3641.680000,1,21.070000,0.5800,23.930000,31.580000,298.710000
192,Exit long,2024-12-10 20:45,3641.680000,1,-61.940000,-1.6700,28.850000,190.910000,277.640000
192,Entry long,2024-12-10 13:15,3703.620000,1,-61.940000,-1.6700,28.850000,190.910000,277.640000
191,Exit short,2024-12-10 13:15,3703.620000,1,36.310000,0.9700,75.320000,34.070000,339.580000
191,Entry short,2024-12-10 07:00,3739.930000,1,36.310000,0.9700,75.320000,34.070000,339.580000
190,Exit long,2024-12-10 07:00,3739.930000,1,56.670000,1.5400,60.740000,45.650000,303.270000
190,Entry long,2024-12-10 03:45,3683.260000,1,56.670000,1.5400,60.740000,45.650000,303.270000
189,Exit short,2024-12-10 03:45,3683.260000,1,29.290000,0.7900,96.550000,68.740000,246.600000
189,Entry short,2024-12-10 00:00,3712.550000,1,29.290000,0.7900,96.550000,68.740000,246.600000
188,Exit long,2024-12-10 00:00,3712.550000,1,-134.670000,-3.5000,22.140000,372.220000,217.310000
188,Entry long,2024-12-09 16:30,3847.220000,1,-134.670000,-3.5000,22.140000,372.220000,217.310000
187,Exit short,2024-12-09 16:30,3847.220000,1,98.720000,2.5000,140.920000,1.800000,351.980000
187,Entry short,2024-12-09 06:00,3945.940000,1,98.720000,2.5000,140.920000,1.800000,351.980000
186,Exit long,2024-12-09 06:00,3945.940000,1,-25.840000,-0.6500,5.180000,66.630000,253.260000
186,Entry long,2024-12-09 01:30,3971.780000,1,-25.840000,-0.6500,5.180000,66.630000,253.260000
185,Exit short,2024-12-09 01:30,3971.780000,1,2.610000,0.0700,19.270000,45.180000,279.100000
185,Entry short,2024-12-08 12:00,3974.390000,1,2.610000,0.0700,19.270000,45.180000,279.100000
184,Exit long,2024-12-08 12:00,3974.390000,1,17.460000,0.4400,26.510000,30.930000,276.490000
184,Entry long,2024-12-08 09:15,3956.930000,1,17.460000,0.4400,26.510000,30.930000,276.490000
183,Exit short,2024-12-08 09:15,3956.930000,1,26.250000,0.6600,43.170000,1.430000,259.030000
183,Entry short,2024-12-08 08:00,3983.180000,1,26.250000,0.6600,43.170000,1.430000,259.030000
182,Exit long,2024-12-08 08:00,3983.180000,1,-18.290000,-0.4600,14.180000,40.540000,232.780000
182,Entry long,2024-12-07 22:45,4001.470000,1,-18.290000,-0.4600,14.180000,40.540000,232.780000
181,Exit short,2024-12-07 22:45,4001.470000,1,-0.200000,-0.0000,22.260000,27.420000,251.070000
181,Entry short,2024-12-07 12:00,4001.270000,1,-0.200000,-0.0000,22.260000,27.420000,251.070000
180,Exit long,2024-12-07 12:00,4001.270000,1,-41.930000,-1.0400,0.420000,73.200000,251.270000
180,Entry long,2024-12-06 21:45,4043.200000,1,-41.930000,-1.0400,0.420000,73.200000,251.270000
179,Exit short,2024-12-06 21:45,4043.200000,1,-21.560000,-0.5400,38.260000,71.190000,293.200000
179,Entry short,2024-12-06 15:45,4021.640000,1,-21.560000,-0.5400,38.260000,71.190000,293.200000
178,Exit long,2024-12-06 15:45,4021.640000,1,118.640000,3.0400,143.000000,67.640000,314.760000
178,Entry long,2024-12-06 08:15,3903.000000,1,118.640000,3.0400,143.000000,67.640000,314.760000
177,Exit short,2024-12-06 08:15,3903.000000,1,-54.230000,-1.4100,7.550000,84.190000,196.120000
177,Entry short,2024-12-06 01:15,3848.770000,1,-54.230000,-1.4100,7.550000,84.190000,196.120000
176,Exit long,2024-12-06 01:15,3848.770000,1,-72.480000,-1.8500,38.750000,306.250000,250.350000
176,Entry long,2024-12-05 13:15,3921.250000,1,-72.480000,-1.8500,38.750000,306.250000,250.350000
175,Exit short,2024-12-05 13:15,3921.250000,1,1.230000,0.0300,14.480000,25.520000,322.830000
175,Entry short,2024-12-05 09:45,3922.480000,1,1.230000,0.0300,14.480000,25.520000,322.830000
174,Exit long,2024-12-05 09:45,3922.480000,1,71.610000,1.8600,76.740000,7.680000,321.600000
174,Entry long,2024-12-05 06:30,3850.870000,1,71.610000,1.8600,76.740000,7.680000,321.600000
173,Exit short,2024-12-05 06:30,3850.870000,1,4.840000,0.1300,34.870000,28.940000,249.990000
173,Entry short,2024-12-05 03:30,3855.710000,1,4.840000,0.1300,34.870000,28.940000,249.990000
172,Exit long,2024-12-05 03:30,3855.710000,1,-8.160000,-0.2100,48.130000,94.120000,245.150000
172,Entry long,2024-12-04 22:30,3863.870000,1,-8.160000,-0.2100,48.130000,94.120000,245.150000
171,Exit short,2024-12-04 22:30,3863.870000,1,-39.490000,-1.0300,88.370000,66.620000,253.310000
171,Entry short,2024-12-04 16:00,3824.380000,1,-39.490000,-1.0300,88.370000,66.620000,253.310000
170,Exit long,2024-12-04 16:00,3824.380000,1,103.980000,2.7900,137.790000,29.940000,292.800000
170,Entry long,2024-12-04 13:00,3720.400000,1,103.980000,2.7900,137.790000,29.940000,292.800000
169,Exit short,2024-12-04 13:00,3720.400000,1,-11.770000,-0.3200,9.630000,45.420000,188.820000
169,Entry short,2024-12-04 08:15,3708.630000,1,-11.770000,-0.3200,9.630000,45.420000,188.820000
168,Exit long,2024-12-04 08:15,3708.630000,1,42.620000,1.1600,58.760000,4.550000,200.590000
168,Entry long,2024-12-04 03:15,3666.010000,1,42.620000,1.1600,58.760000,4.550000,200.590000
167,Exit short,2024-12-04 03:15,3666.010000,1,-91.820000,-2.5700,33.520000,137.610000,157.970000
167,Entry short,2024-12-03 16:00,3574.190000,1,-91.820000,-2.5700,33.520000,137.610000,157.970000
166,Exit long,2024-12-03 16:00,3574.190000,1,-62.350000,-1.7100,37.360000,134.530000,249.790000
166,Entry long,2024-12-03 02:30,3636.540000,1,-62.350000,-1.7100,37.360000,134.530000,249.790000
165,Exit short,2024-12-03 02:30,3636.540000,1,-18.510000,-0.5100,17.390000,38.780000,312.140000
165,Entry short,2024-12-02 21:00,3618.030000,1,-18.510000,-0.5100,17.390000,38.780000,312.140000
164,Exit long,2024-12-02 21:00,3618.030000,1,14.240000,0.4000,31.960000,17.290000,330.650000
164,Entry long,2024-12-02 18:15,3603.790000,1,14.240000,0.4000,31.960000,17.290000,330.650000
163,Exit short,2024-12-02 18:15,3603.790000,1,-5.380000,-0.1500,40.800000,86.200000,316.410000
163,Entry short,2024-12-02 13:00,3598.410000,1,-5.380000,-0.1500,40.800000,86.200000,316.410000
162,Exit long,2024-12-02 13:00,3598.410000,1,-93.080000,-2.5200,20.340000,119.140000,321.790000
162,Entry long,2024-12-02 04:45,3691.490000,1,-93.080000,-2.5200,20.340000,119.140000,321.790000
161,Exit short,2024-12-02 04:45,3691.490000,1,33.720000,0.9100,75.180000,40.790000,414.870000
161,Entry short,2024-12-01 23:00,3725.210000,1,33.720000,0.9100,75.180000,40.790000,414.870000
160,Exit long,2024-12-01 23:00,3725.210000,1,-0.900000,-0.0200,13.880000,45.000000,381.150000
160,Entry long,2024-12-01 18:00,3726.110000,1,-0.900000,-0.0200,13.880000,45.000000,381.150000
159,Exit short,2024-12-01 18:00,3726.110000,1,-16.110000,-0.4300,12.340000,40.670000,382.050000
159,Entry short,2024-12-01 14:15,3710.000000,1,-16.110000,-0.4300,12.340000,40.670000,382.050000
158,Exit long,2024-12-01 14:15,3710.000000,1,22.880000,0.6200,28.060000,6.620000,398.160000
158,Entry long,2024-12-01 11:15,3687.120000,1,22.880000,0.6200,28.060000,6.620000,398.160000
157,Exit short,2024-12-01 11:15,3687.120000,1,23.360000,0.6300,33.100000,2.910000,375.280000
157,Entry short,2024-12-01 09:00,3710.480000,1,23.360000,0.6300,33.100000,2.910000,375.280000
156,Exit long,2024-12-01 05:00,3704.340000,1,-2.480000,-0.0700,27.300000,45.470000,351.920000
156,Entry long,2024-12-01 01:45,3706.820000,1,-2.480000,-0.0700,27.300000,45.470000,351.920000
155,Exit short,2024-12-01 01:45,3706.820000,1,-9.570000,-0.2600,20.320000,44.930000,354.400000
155,Entry short,2024-11-30 20:30,3697.250000,1,-9.570000,-0.2600,20.320000,44.930000,354.400000
154,Exit long,2024-11-30 20:30,3697.250000,1,8.540000,0.2300,11.290000,58.750000,363.970000
154,Entry long,2024-11-30 09:45,3688.710000,1,8.540000,0.2300,11.290000,58.750000,363.970000
153,Exit short,2024-11-30 09:45,3688.710000,1,-93.740000,-2.6100,24.770000,135.030000,355.430000
153,Entry short,2024-11-29 21:00,3594.970000,1,-93.740000,-2.6100,24.770000,135.030000,355.430000
152,Exit long,2024-11-29 21:00,3594.970000,1,11.160000,0.3100,22.360000,22.540000,449.170000
152,Entry long,2024-11-29 17:15,3583.810000,1,11.160000,0.3100,22.360000,22.540000,449.170000
151,Exit short,2024-11-29 17:15,3583.810000,1,-13.730000,-0.3800,6.330000,79.200000,438.010000
151,Entry short,2024-11-29 10:00,3570.080000,1,-13.730000,-0.3800,6.330000,79.200000,438.010000
150,Exit long,2024-11-29 10:00,3570.080000,1,6.520000,0.1800,18.160000,28.040000,451.740000
150,Entry long,2024-11-29 07:00,3563.560000,1,6.520000,0.1800,18.160000,28.040000,451.740000
149,Exit short,2024-11-29 07:00,3563.560000,1,28.650000,0.8000,32.190000,6.270000,445.220000
149,Entry short,2024-11-29 03:15,3592.210000,1,28.650000,0.8000,32.190000,6.270000,445.220000
148,Exit long,2024-11-29 03:15,3592.210000,1,23.340000,0.6500,36.130000,12.760000,416.570000
148,Entry long,2024-11-29 01:30,3568.870000,1,23.340000,0.6500,36.130000,12.760000,416.570000
147,Exit short,2024-11-29 01:30,3568.870000,1,11.320000,0.3200,28.560000,22.060000,393.230000
147,Entry short,2024-11-28 18:15,3580.190000,1,11.320000,0.3200,28.560000,22.060000,393.230000
146,Exit long,2024-11-28 18:15,3580.190000,1,17.650000,0.5000,20.030000,31.540000,381.910000
146,Entry long,2024-11-28 14:45,3562.540000,1,17.650000,0.5000,20.030000,31.540000,381.910000
145,Exit short,2024-11-28 14:45,3562.540000,1,29.670000,0.8300,41.210000,52.090000,364.260000
145,Entry short,2024-11-28 07:45,3592.210000,1,29.670000,0.8300,41.210000,52.090000,364.260000
144,Exit long,2024-11-28 07:45,3592.210000,1,-67.710000,-1.8500,4.390000,96.590000,334.590000
144,Entry long,2024-11-28 00:45,3659.920000,1,-67.710000,-1.8500,4.390000,96.590000,334.590000
143,Exit short,2024-11-28 00:45,3659.920000,1,-104.850000,-2.9500,19.620000,132.930000,402.300000
143,Entry short,2024-11-27 16:00,3555.070000,1,-104.850000,-2.9500,19.620000,132.930000,402.300000
142,Exit long,2024-11-27 16:00,3555.070000,1,140.250000,4.1100,160.790000,1.410000,507.150000
142,Entry long,2024-11-27 10:00,3414.820000,1,140.250000,4.1100,160.790000,1.410000,507.150000
141,Exit short,2024-11-27 10:00,3414.820000,1,-101.060000,-3.0500,59.570000,134.670000,366.900000
141,Entry short,2024-11-26 14:00,3313.760000,1,-101.060000,-3.0500,59.570000,134.670000,366.900000
140,Exit long,2024-11-26 14:00,3313.760000,1,-182.450000,-5.2200,53.700000,214.210000,467.960000
140,Entry long,2024-11-25 12:30,3496.210000,1,-182.450000,-5.2200,53.700000,214.210000,467.960000
139,Exit short,2024-11-25 12:30,3496.210000,1,-116.200000,-3.4400,13.330000,151.920000,650.410000
139,Entry short,2024-11-25 04:30,3380.010000,1,-116.200000,-3.4400,13.330000,151.920000,650.410000
138,Exit long,2024-11-25 04:30,3380.010000,1,52.320000,1.5700,63.020000,6.340000,766.610000
138,Entry long,2024-11-25 01:45,3327.690000,1,52.320000,1.5700,63.020000,6.340000,766.610000
137,Exit short,2024-11-25 01:45,3327.690000,1,-16.230000,-0.4900,21.460000,62.540000,714.290000
137,Entry short,2024-11-24 15:30,3311.460000,1,-16.230000,-0.4900,21.460000,62.540000,714.290000
136,Exit long,2024-11-24 15:30,3311.460000,1,-113.220000,-3.3100,7.720000,142.200000,730.520000
136,Entry long,2024-11-24 04:30,3424.680000,1,-113.220000,-3.3100,7.720000,142.200000,730.520000
135,Exit short,2024-11-24 04:30,3424.680000,1,-11.170000,-0.3300,30.350000,39.490000,843.740000
135,Entry short,2024-11-23 22:15,3413.510000,1,-11.170000,-0.3300,30.350000,39.490000,843.740000
134,Exit long,2024-11-23 22:15,3413.510000,1,-2.850000,-0.0800,22.240000,34.850000,854.910000
134,Entry long,2024-11-23 17:00,3416.360000,1,-2.850000,-0.0800,22.240000,34.850000,854.910000
133,Exit short,2024-11-23 17:00,3416.360000,1,-4.350000,-0.1300,31.010000,86.930000,857.760000
133,Entry short,2024-11-23 13:30,3412.010000,1,-4.350000,-0.1300,31.010000,86.930000,857.760000
132,Exit long,2024-11-23 13:30,3412.010000,1,79.170000,2.3800,100.140000,3.800000,862.110000
132,Entry long,2024-11-23 03:15,3332.840000,1,79.170000,2.3800,100.140000,3.800000,862.110000
131,Exit short,2024-11-23 03:15,3332.840000,1,-27.360000,-0.8300,38.870000,63.000000,782.940000
131,Entry short,2024-11-22 16:30,3305.480000,1,-27.360000,-0.8300,38.870000,63.000000,782.940000
130,Exit long,2024-11-22 16:30,3305.480000,1,-69.580000,-2.0600,14.560000,114.640000,810.300000
130,Entry long,2024-11-22 07:15,3375.060000,1,-69.580000,-2.0600,14.560000,114.640000,810.300000
129,Exit short,2024-11-22 07:15,3375.060000,1,47.990000,1.4000,66.040000,6.940000,879.880000
129,Entry short,2024-11-22 04:30,3423.050000,1,47.990000,1.4000,66.040000,6.940000,879.880000
128,Exit long,2024-11-22 04:30,3423.050000,1,120.850000,3.6600,121.960000,3.740000,831.890000
128,Entry long,2024-11-21 16:15,3302.200000,1,120.850000,3.6600,121.960000,3.740000,831.890000
127,Exit short,2024-11-21 16:15,3302.200000,1,-14.150000,-0.4300,48.870000,86.870000,711.040000
127,Entry short,2024-11-21 13:00,3288.050000,1,-14.150000,-0.4300,48.870000,86.870000,711.040000
126,Exit long,2024-11-21 13:00,3288.050000,1,152.560000,4.8700,185.510000,15.350000,725.190000
126,Entry long,2024-11-21 10:15,3135.490000,1,152.560000,4.8700,185.510000,15.350000,725.190000
125,Exit short,2024-11-21 10:15,3135.490000,1,-9.780000,-0.3100,32.550000,25.800000,572.630000
125,Entry short,2024-11-21 05:30,3125.710000,1,-9.780000,-0.3100,32.550000,25.800000,572.630000
124,Exit long,2024-11-21 05:30,3125.710000,1,67.960000,2.2200,88.170000,3.390000,582.410000
124,Entry long,2024-11-21 03:00,3057.750000,1,67.960000,2.2200,88.170000,3.390000,582.410000
123,Exit short,2024-11-21 03:00,3057.750000,1,16.400000,0.5300,40.830000,25.350000,514.450000
123,Entry short,2024-11-20 21:15,3074.150000,1,16.400000,0.5300,40.830000,25.350000,514.450000
122,Exit long,2024-11-20 21:15,3074.150000,1,-24.910000,-0.8000,63.190000,68.560000,498.050000
122,Entry long,2024-11-20 11:30,3099.060000,1,-24.910000,-0.8000,63.190000,68.560000,498.050000
121,Exit short,2024-11-20 11:30,3099.060000,1,8.140000,0.2600,22.080000,30.380000,522.960000
121,Entry short,2024-11-20 05:45,3107.200000,1,8.140000,0.2600,22.080000,30.380000,522.960000
120,Exit long,2024-11-20 05:45,3107.200000,1,13.430000,0.4300,23.960000,3.860000,514.820000
120,Entry long,2024-11-20 03:45,3093.770000,1,13.430000,0.4300,23.960000,3.860000,514.820000
119,Exit short,2024-11-20 03:45,3093.770000,1,13.610000,0.4400,33.820000,8.300000,501.390000
119,Entry short,2024-11-20 01:30,3107.380000,1,13.610000,0.4400,33.820000,8.300000,501.390000
118,Exit long,2024-11-20 01:30,3107.380000,1,14.690000,0.4700,42.200000,26.290000,487.780000
118,Entry long,2024-11-19 21:30,3092.690000,1,14.690000,0.4700,42.200000,26.290000,487.780000
117,Exit short,2024-11-19 21:30,3092.690000,1,27.410000,0.8800,51.330000,27.900000,473.090000
117,Entry short,2024-11-19 18:00,3120.100000,1,27.410000,0.8800,51.330000,27.900000,473.090000
116,Exit long,2024-11-19 18:00,3120.100000,1,22.470000,0.7300,34.700000,10.310000,445.680000
116,Entry long,2024-11-19 14:30,3097.630000,1,22.470000,0.7300,34.700000,10.310000,445.680000
115,Exit short,2024-11-19 14:30,3097.630000,1,18.050000,0.5800,38.730000,36.850000,423.210000
115,Entry short,2024-11-19 11:30,3115.680000,1,18.050000,0.5800,38.730000,36.850000,423.210000
114,Exit long,2024-11-19 11:30,3115.680000,1,-13.620000,-0.4400,98.700000,36.290000,405.160000
114,Entry long,2024-11-18 20:00,3129.300000,1,-13.620000,-0.4400,98.700000,36.290000,405.160000
113,Exit short,2024-11-18 20:00,3129.300000,1,-30.340000,-0.9800,12.440000,106.040000,418.780000
113,Entry short,2024-11-18 15:15,3098.960000,1,-30.340000,-0.9800,12.440000,106.040000,418.780000
112,Exit long,2024-11-18 15:15,3098.960000,1,-10.600000,-0.3400,17.970000,58.060000,449.120000
112,Entry long,2024-11-18 09:45,3109.560000,1,-10.600000,-0.3400,17.970000,58.060000,449.120000
111,Exit short,2024-11-18 09:45,3109.560000,1,-9.860000,-0.3200,56.320000,53.450000,459.720000
111,Entry short,2024-11-17 18:15,3099.700000,1,-9.860000,-0.3200,56.320000,53.450000,459.720000
110,Exit long,2024-11-17 18:15,3099.700000,1,-18.000000,-0.5800,11.530000,49.630000,469.580000
110,Entry long,2024-11-17 11:45,3117.700000,1,-18.000000,-0.5800,11.530000,49.630000,469.580000
109,Exit short,2024-11-17 11:45,3117.700000,1,1.780000,0.0600,24.390000,45.320000,487.580000
109,Entry short,2024-11-17 05:15,3119.480000,1,1.780000,0.0600,24.390000,45.320000,487.580000
108,Exit long,2024-11-17 05:15,3119.480000,1,-32.320000,-1.0300,15.020000,116.800000,485.800000
108,Entry long,2024-11-16 21:00,3151.800000,1,-32.320000,-1.0300,15.020000,116.800000,485.800000
107,Exit short,2024-11-16 21:00,3151.800000,1,30.410000,0.9600,36.210000,1.770000,518.120000
107,Entry short,2024-11-16 19:15,3182.210000,1,30.410000,0.9600,36.210000,1.770000,518.120000
106,Exit long,2024-11-16 19:15,3182.210000,1,35.470000,1.1300,40.070000,25.630000,487.710000
106,Entry long,2024-11-16 15:45,3146.740000,1,35.470000,1.1300,40.070000,25.630000,487.710000
105,Exit short,2024-11-16 15:45,3146.740000,1,39.260000,1.2300,49.130000,19.000000,452.240000
105,Entry short,2024-11-16 12:15,3186.000000,1,39.260000,1.2300,49.130000,19.000000,452.240000
104,Exit long,2024-11-16 12:15,3186.000000,1,58.620000,1.8700,95.310000,24.380000,412.980000
104,Entry long,2024-11-16 06:30,3127.380000,1,58.620000,1.8700,95.310000,24.380000,412.980000
103,Exit short,2024-11-16 06:30,3127.380000,1,16.830000,0.5400,26.670000,4.150000,354.360000
103,Entry short,2024-11-16 04:15,3144.210000,1,16.830000,0.5400,26.670000,4.150000,354.360000
102,Exit long,2024-11-16 04:15,3144.210000,1,57.550000,1.8600,80.540000,2.870000,337.530000
102,Entry long,2024-11-16 01:00,3086.660000,1,57.550000,1.8600,80.540000,2.870000,337.530000
101,Exit short,2024-11-16 01:00,3086.660000,1,2.630000,0.0900,15.820000,33.700000,279.980000
101,Entry short,2024-11-15 21:30,3089.290000,1,2.630000,0.0900,15.820000,33.700000,279.980000
100,Exit long,2024-11-15 21:30,3089.290000,1,-8.910000,-0.2900,12.200000,81.700000,277.350000
100,Entry long,2024-11-15 13:30,3098.200000,1,-8.910000,-0.2900,12.200000,81.700000,277.350000
99,Exit short,2024-11-15 13:30,3098.200000,1,33.110000,1.0600,115.200000,20.100000,286.260000
99,Entry short,2024-11-14 17:30,3131.310000,1,33.110000,1.0600,115.200000,20.100000,286.260000
98,Exit long,2024-11-14 17:30,3131.310000,1,-73.290000,-2.2900,28.370000,147.460000,253.150000
98,Entry long,2024-11-14 07:45,3204.600000,1,-73.290000,-2.2900,28.370000,147.460000,253.150000
97,Exit short,2024-11-14 07:45,3204.600000,1,-14.990000,-0.4700,24.740000,52.700000,326.440000
97,Entry short,2024-11-13 23:30,3189.610000,1,-14.990000,-0.4700,24.740000,52.700000,326.440000
96,Exit long,2024-11-13 23:30,3189.610000,1,-88.380000,-2.7000,10.910000,157.990000,341.430000
96,Entry long,2024-11-13 18:15,3277.990000,1,-88.380000,-2.7000,10.910000,157.990000,341.430000
95,Exit short,2024-11-13 18:15,3277.990000,1,-110.510000,-3.4900,23.310000,167.520000,429.810000
95,Entry short,2024-11-13 08:45,3167.480000,1,-110.510000,-3.4900,23.310000,167.520000,429.810000
94,Exit long,2024-11-13 08:45,3167.480000,1,-86.270000,-2.6500,34.980000,133.750000,540.320000
94,Entry long,2024-11-13 00:30,3253.750000,1,-86.270000,-2.6500,34.980000,133.750000,540.320000
93,Exit short,2024-11-13 00:30,3253.750000,1,10.010000,0.3100,52.610000,43.470000,626.590000
93,Entry short,2024-11-12 15:30,3263.760000,1,10.010000,0.3100,52.610000,43.470000,626.590000
92,Exit long,2024-11-12 15:30,3263.760000,1,-33.830000,-1.0300,21.080000,86.050000,616.580000
92,Entry long,2024-11-12 11:30,3297.590000,1,-33.830000,-1.0300,21.080000,86.050000,616.580000
91,Exit short,2024-11-12 11:30,3297.590000,1,69.770000,2.0700,153.360000,81.640000,650.410000
91,Entry short,2024-11-12 07:30,3367.360000,1,69.770000,2.0700,153.360000,81.640000,650.410000
90,Exit long,2024-11-12 07:30,3367.360000,1,43.430000,1.3100,75.390000,73.920000,580.640000
90,Entry long,2024-11-11 20:15,3323.930000,1,43.430000,1.3100,75.390000,73.920000,580.640000
89,Exit short,2024-11-11 20:15,3323.930000,1,-39.680000,-1.2100,11.720000,65.330000,537.210000
89,Entry short,2024-11-11 16:45,3284.250000,1,-39.680000,-1.2100,11.720000,65.330000,537.210000
88,Exit long,2024-11-11 16:45,3284.250000,1,130.150000,4.1300,167.630000,8.020000,576.890000
88,Entry long,2024-11-11 14:00,3154.100000,1,130.150000,4.1300,167.630000,8.020000,576.890000
87,Exit short,2024-11-11 14:00,3154.100000,1,7.670000,0.2400,21.190000,52.920000,446.740000
87,Entry short,2024-11-11 09:45,3161.770000,1,7.670000,0.2400,21.190000,52.920000,446.740000
86,Exit long,2024-11-11 09:45,3161.770000,1,-8.210000,-0.2600,3.120000,62.830000,439.070000
86,Entry long,2024-11-11 05:15,3169.980000,1,-8.210000,-0.2600,3.120000,62.830000,439.070000
85,Exit short,2024-11-11 05:15,3169.980000,1,15.210000,0.4800,20.320000,39.720000,447.280000
85,Entry short,2024-11-11 00:00,3185.190000,1,15.210000,0.4800,20.320000,39.720000,447.280000
84,Exit long,2024-11-11 00:00,3185.190000,1,22.130000,0.7000,65.930000,89.200000,432.070000
84,Entry long,2024-11-10 20:30,3163.060000,1,22.130000,0.7000,65.930000,89.200000,432.070000
83,Exit short,2024-11-10 20:30,3163.060000,1,50.360000,1.5700,71.290000,38.860000,409.940000
83,Entry short,2024-11-10 17:30,3213.420000,1,50.360000,1.5700,71.290000,38.860000,409.940000
82,Exit long,2024-11-10 17:30,3213.420000,1,22.170000,0.6900,49.750000,23.250000,359.580000
82,Entry long,2024-11-10 07:15,3191.250000,1,22.170000,0.6900,49.750000,23.250000,359.580000
81,Exit short,2024-11-10 07:15,3191.250000,1,24.040000,0.7500,49.990000,4.710000,337.410000
81,Entry short,2024-11-10 05:45,3215.290000,1,24.040000,0.7500,49.990000,4.710000,337.410000
80,Exit long,2024-11-10 05:45,3215.290000,1,95.790000,3.0700,100.500000,1.500000,313.370000
80,Entry long,2024-11-10 02:00,3119.500000,1,95.790000,3.0700,100.500000,1.500000,313.370000
79,Exit short,2024-11-10 02:00,3119.500000,1,-54.190000,-1.7700,0.420000,93.350000,217.580000
79,Entry short,2024-11-09 19:45,3065.310000,1,-54.190000,-1.7700,0.420000,93.350000,217.580000
78,Exit long,2024-11-09 19:45,3065.310000,1,29.320000,0.9700,63.590000,45.980000,271.770000
78,Entry long,2024-11-09 13:15,3035.990000,1,29.320000,0.9700,63.590000,45.980000,271.770000
77,Exit short,2024-11-09 13:15,3035.990000,1,3.520000,0.1200,18.790000,17.080000,242.450000
77,Entry short,2024-11-09 06:45,3039.510000,1,3.520000,0.1200,18.790000,17.080000,242.450000
76,Exit long,2024-11-09 06:45,3039.510000,1,76.310000,2.5800,96.710000,9.100000,238.930000
76,Entry long,2024-11-09 04:15,2963.200000,1,76.310000,2.5800,96.710000,9.100000,238.930000
75,Exit short,2024-11-09 04:15,2963.200000,1,19.240000,0.6500,20.630000,13.560000,162.620000
75,Entry short,2024-11-09 01:00,2982.440000,1,19.240000,0.6500,20.630000,13.560000,162.620000
74,Exit long,2024-11-09 01:00,2982.440000,1,43.080000,1.4700,55.440000,6.260000,143.380000
74,Entry long,2024-11-08 21:45,2939.360000,1,43.080000,1.4700,55.440000,6.260000,143.380000
73,Exit short,2024-11-08 21:45,2939.360000,1,10.640000,0.3600,34.870000,8.830000,100.300000
73,Entry short,2024-11-08 20:00,2950.000000,1,10.640000,0.3600,34.870000,8.830000,100.300000
72,Exit long,2024-11-08 20:00,2950.000000,1,14.420000,0.4900,47.170000,45.540000,89.660000
72,Entry long,2024-11-08 15:30,2935.580000,1,14.420000,0.4900,47.170000,45.540000,89.660000
71,Exit short,2024-11-08 15:30,2935.580000,1,-15.020000,-0.5100,17.310000,37.440000,75.240000
71,Entry short,2024-11-08 11:30,2920.560000,1,-15.020000,-0.5100,17.310000,37.440000,75.240000
70,Exit long,2024-11-08 11:30,2920.560000,1,38.550000,1.3400,74.980000,14.010000,90.260000
70,Entry long,2024-11-07 23:00,2882.010000,1,38.550000,1.3400,74.980000,14.010000,90.260000
69,Exit short,2024-11-07 23:00,2882.010000,1,-46.110000,-1.6300,11.350000,80.660000,51.710000
69,Entry short,2024-11-07 16:15,2835.900000,1,-46.110000,-1.6300,11.350000,80.660000,51.710000
68,Exit long,2024-11-07 16:15,2835.900000,1,-7.890000,-0.2800,9.560000,71.410000,97.820000
68,Entry long,2024-11-07 05:15,2843.790000,1,-7.890000,-0.2800,9.560000,71.410000,97.820000
67,Exit short,2024-11-07 05:15,2843.790000,1,-17.290000,-0.6100,3.500000,56.060000,105.710000
67,Entry short,2024-11-07 02:15,2826.500000,1,-17.290000,-0.6100,3.500000,56.060000,105.710000
66,Exit long,2024-11-07 02:15,2826.500000,1,206.160000,7.8700,219.660000,12.210000,123.000000
66,Entry long,2024-11-06 14:15,2620.340000,1,206.160000,7.8700,219.660000,12.210000,123.000000
65,Exit short,2024-11-06 14:15,2620.340000,1,9.490000,0.3600,22.830000,20.170000,-83.160000
65,Entry short,2024-11-06 12:00,2629.830000,1,9.490000,0.3600,22.830000,20.170000,-83.160000
64,Exit long,2024-11-06 12:00,2629.830000,1,33.580000,1.2900,42.330000,5.090000,-92.650000
64,Entry long,2024-11-06 08:45,2596.250000,1,33.580000,1.2900,42.330000,5.090000,-92.650000
63,Exit short,2024-11-06 08:45,2596.250000,1,-168.290000,-6.9300,8.860000,216.810000,-126.230000
63,Entry short,2024-11-05 23:45,2427.960000,1,-168.290000,-6.9300,8.860000,216.810000,-126.230000
62,Exit long,2024-11-05 23:45,2427.960000,1,-17.280000,-0.7100,29.730000,45.010000,42.060000
62,Entry long,2024-11-05 16:15,2445.240000,1,-17.280000,-0.7100,29.730000,45.010000,42.060000
61,Exit short,2024-11-05 16:15,2445.240000,1,12.640000,0.5100,31.880000,1.120000,59.340000
61,Entry short,2024-11-05 15:15,2457.880000,1,12.640000,0.5100,31.880000,1.120000,59.340000
60,Exit long,2024-11-05 15:15,2457.880000,1,21.300000,0.8700,43.020000,8.530000,46.700000
60,Entry long,2024-11-05 10:45,2436.580000,1,21.300000,0.8700,43.020000,8.530000,46.700000
59,Exit short,2024-11-05 10:45,2436.580000,1,-39.150000,-1.6300,17.950000,49.880000,25.400000
59,Entry short,2024-11-04 23:45,2397.430000,1,-39.150000,-1.6300,17.950000,49.880000,25.400000
58,Exit long,2024-11-04 23:45,2397.430000,1,4.190000,0.1800,20.560000,11.130000,64.550000
58,Entry long,2024-11-04 22:15,2393.240000,1,4.190000,0.1800,20.560000,11.130000,64.550000
57,Exit short,2024-11-04 22:15,2393.240000,1,42.020000,1.7300,79.260000,0.310000,60.360000
57,Entry short,2024-11-04 19:15,2435.260000,1,42.020000,1.7300,79.260000,0.310000,60.360000
56,Exit long,2024-11-04 19:15,2435.260000,1,-25.970000,-1.0600,0.770000,56.130000,18.340000
56,Entry long,2024-11-04 14:30,2461.230000,1,-25.970000,-1.0600,0.770000,56.130000,18.340000
55,Exit short,2024-11-04 14:30,2461.230000,1,7.780000,0.3200,15.820000,16.540000,44.310000
55,Entry short,2024-11-04 11:30,2469.010000,1,7.780000,0.3200,15.820000,16.540000,44.310000
54,Exit long,2024-11-04 11:30,2469.010000,1,-0.990000,-0.0400,10.330000,23.650000,36.530000
54,Entry long,2024-11-04 06:15,2470.000000,1,-0.990000,-0.0400,10.330000,23.650000,36.530000
53,Exit short,2024-11-04 06:15,2470.000000,1,8.350000,0.3400,19.060000,3.670000,37.520000
53,Entry short,2024-11-04 03:15,2478.350000,1,8.350000,0.3400,19.060000,3.670000,37.520000
52,Exit long,2024-11-04 03:15,2478.350000,1,21.050000,0.8600,33.700000,23.170000,29.170000
52,Entry long,2024-11-04 00:00,2457.300000,1,21.050000,0.8600,33.700000,23.170000,29.170000
51,Exit short,2024-11-04 00:00,2457.300000,1,11.080000,0.4500,21.670000,6.070000,8.120000
51,Entry short,2024-11-03 21:45,2468.380000,1,11.080000,0.4500,21.670000,6.070000,8.120000
50,Exit long,2024-11-03 21:45,2468.380000,1,31.980000,1.3100,38.600000,26.050000,-2.960000
50,Entry long,2024-11-03 14:15,2436.400000,1,31.980000,1.3100,38.600000,26.050000,-2.960000
49,Exit short,2024-11-03 14:15,2436.400000,1,18.590000,0.7600,29.940000,7.920000,-34.940000
49,Entry short,2024-11-03 05:15,2454.990000,1,18.590000,0.7600,29.940000,7.920000,-34.940000
48,Exit long,2024-11-03 05:15,2454.990000,1,11.370000,0.4700,20.000000,22.990000,-53.530000
48,Entry long,2024-11-03 02:45,2443.620000,1,11.370000,0.4700,20.000000,22.990000,-53.530000
47,Exit short,2024-11-03 02:45,2443.620000,1,44.100000,1.7700,55.720000,9.770000,-64.900000
47,Entry short,2024-11-02 17:30,2487.720000,1,44.100000,1.7700,55.720000,9.770000,-64.900000
46,Exit long,2024-11-02 17:30,2487.720000,1,8.770000,0.3500,18.300000,2.450000,-109.000000
46,Entry long,2024-11-02 14:45,2478.950000,1,8.770000,0.3500,18.300000,2.450000,-109.000000
45,Exit short,2024-11-02 14:45,2478.950000,1,22.860000,0.9100,34.710000,2.360000,-117.770000
45,Entry short,2024-11-02 12:00,2501.810000,1,22.860000,0.9100,34.710000,2.360000,-117.770000
44,Exit long,2024-11-02 12:00,2501.810000,1,-9.250000,-0.3700,2.730000,20.060000,-140.630000
44,Entry long,2024-11-02 03:45,2511.060000,1,-9.250000,-0.3700,2.730000,20.060000,-140.630000
43,Exit short,2024-11-02 03:45,2511.060000,1,10.090000,0.4000,35.150000,2.650000,-131.380000
43,Entry short,2024-11-01 21:00,2521.150000,1,10.090000,0.4000,35.150000,2.650000,-131.380000
42,Exit long,2024-11-01 21:00,2521.150000,1,-1.460000,-0.0600,16.380000,27.510000,-141.470000
42,Entry long,2024-11-01 16:15,2522.610000,1,-1.460000,-0.0600,16.380000,27.510000,-141.470000
41,Exit short,2024-11-01 16:15,2522.610000,1,-7.260000,-0.2900,48.050000,72.510000,-140.010000
41,Entry short,2024-10-31 22:15,2515.350000,1,-7.260000,-0.2900,48.050000,72.510000,-140.010000
40,Exit long,2024-10-31 22:15,2515.350000,1,-169.540000,-6.3100,12.010000,182.390000,-132.750000
40,Entry long,2024-10-30 16:30,2684.890000,1,-169.540000,-6.3100,12.010000,182.390000,-132.750000
39,Exit short,2024-10-30 16:30,2684.890000,1,25.020000,0.9200,38.610000,3.510000,36.790000
39,Entry short,2024-10-30 15:00,2709.910000,1,25.020000,0.9200,38.610000,3.510000,36.790000
38,Exit long,2024-10-30 15:00,2709.910000,1,46.520000,1.7500,61.260000,5.410000,11.770000
38,Entry long,2024-10-30 12:15,2663.390000,1,46.520000,1.7500,61.260000,5.410000,11.770000
37,Exit short,2024-10-30 12:15,2663.390000,1,-29.880000,-1.1300,33.610000,64.490000,-34.750000
37,Entry short,2024-10-29 23:30,2633.510000,1,-29.880000,-1.1300,33.610000,64.490000,-34.750000
36,Exit long,2024-10-29 23:30,2633.510000,1,20.510000,0.7800,35.810000,5.290000,-4.870000
36,Entry long,2024-10-29 20:30,2613.000000,1,20.510000,0.7800,35.810000,5.290000,-4.870000
35,Exit short,2024-10-29 20:30,2613.000000,1,37.340000,1.4100,44.110000,31.490000,-25.380000
35,Entry short,2024-10-29 16:45,2650.340000,1,37.340000,1.4100,44.110000,31.490000,-25.380000
34,Exit long,2024-10-29 16:45,2650.340000,1,31.990000,1.2200,37.650000,9.990000,-62.720000
34,Entry long,2024-10-29 04:30,2618.350000,1,31.990000,1.2200,37.650000,9.990000,-62.720000
33,Exit short,2024-10-29 04:30,2618.350000,1,-52.590000,-2.0500,5.460000,66.020000,-94.710000
33,Entry short,2024-10-28 22:30,2565.760000,1,-52.590000,-2.0500,5.460000,66.020000,-94.710000
32,Exit long,2024-10-28 22:30,2565.760000,1,55.000000,2.1900,80.020000,25.760000,-42.120000
32,Entry long,2024-10-28 16:15,2510.760000,1,55.000000,2.1900,80.020000,25.760000,-42.120000
31,Exit short,2024-10-28 16:15,2510.760000,1,-23.900000,-0.9600,0.410000,58.140000,-97.120000
31,Entry short,2024-10-28 06:45,2486.860000,1,-23.900000,-0.9600,0.410000,58.140000,-97.120000
30,Exit long,2024-10-28 06:45,2486.860000,1,-10.290000,-0.4100,1.390000,26.740000,-73.220000
30,Entry long,2024-10-28 01:30,2497.150000,1,-10.290000,-0.4100,1.390000,26.740000,-73.220000
29,Exit short,2024-10-28 01:30,2497.150000,1,26.760000,1.0600,28.770000,0.880000,-62.930000
29,Entry short,2024-10-27 22:30,2523.910000,1,26.760000,1.0600,28.770000,0.880000,-62.930000
28,Exit long,2024-10-27 22:30,2523.910000,1,37.510000,1.5100,40.850000,1.380000,-89.690000
28,Entry long,2024-10-27 19:15,2486.400000,1,37.510000,1.5100,40.850000,1.380000,-89.690000
27,Exit short,2024-10-27 19:15,2486.400000,1,-11.120000,-0.4500,0.230000,35.720000,-127.200000
27,Entry short,2024-10-27 13:00,2475.280000,1,-11.120000,-0.4500,0.230000,35.720000,-127.200000
26,Exit long,2024-10-27 13:00,2475.280000,1,7.290000,0.3000,14.640000,5.130000,-116.080000
26,Entry long,2024-10-27 09:30,2467.990000,1,7.290000,0.3000,14.640000,5.130000,-116.080000
25,Exit short,2024-10-27 09:30,2467.990000,1,9.910000,0.4000,12.200000,6.650000,-123.370000
25,Entry short,2024-10-27 04:45,2477.900000,1,9.910000,0.4000,12.200000,6.650000,-123.370000
24,Exit long,2024-10-27 04:45,2477.900000,1,-10.060000,-0.4000,2.600000,19.800000,-133.280000
24,Entry long,2024-10-26 22:00,2487.960000,1,-10.060000,-0.4000,2.600000,19.800000,-133.280000
23,Exit short,2024-10-26 22:00,2487.960000,1,-7.000000,-0.2800,1.950000,26.140000,-123.220000
23,Entry short,2024-10-26 18:30,2480.960000,1,-7.000000,-0.2800,1.950000,26.140000,-123.220000
22,Exit long,2024-10-26 18:30,2480.960000,1,31.510000,1.2900,37.540000,2.270000,-116.220000
22,Entry long,2024-10-26 15:15,2449.450000,1,31.510000,1.2900,37.540000,2.270000,-116.220000
21,Exit short,2024-10-26 15:15,2449.450000,1,42.640000,1.7100,111.460000,0.780000,-147.730000
21,Entry short,2024-10-25 22:15,2492.090000,1,42.640000,1.7100,111.460000,0.780000,-147.730000
20,Exit long,2024-10-25 22:15,2492.090000,1,-36.150000,-1.4300,7.760000,74.720000,-190.370000
20,Entry long,2024-10-25 16:30,2528.240000,1,-36.150000,-1.4300,7.760000,74.720000,-190.370000
19,Exit short,2024-10-25 16:30,2528.240000,1,-1.110000,-0.0400,19.620000,38.810000,-154.220000
19,Entry short,2024-10-25 09:45,2527.130000,1,-1.110000,-0.0400,19.620000,38.810000,-154.220000
18,Exit long,2024-10-25 09:45,2527.130000,1,-6.580000,-0.2600,4.480000,72.730000,-153.110000
18,Entry long,2024-10-24 23:45,2533.710000,1,-6.580000,-0.2600,4.480000,72.730000,-153.110000
17,Exit short,2024-10-24 23:45,2533.710000,1,-4.850000,-0.1900,22.590000,31.140000,-146.530000
17,Entry short,2024-10-24 12:45,2528.860000,1,-4.850000,-0.1900,22.590000,31.140000,-146.530000
16,Exit long,2024-10-24 12:45,2528.860000,1,-19.850000,-0.7800,2.270000,41.030000,-141.680000
16,Entry long,2024-10-24 07:45,2548.710000,1,-19.850000,-0.7800,2.270000,41.030000,-141.680000
15,Exit short,2024-10-24 07:45,2548.710000,1,-40.630000,-1.6200,7.120000,53.750000,-121.830000
15,Entry short,2024-10-23 20:15,2508.080000,1,-40.630000,-1.6200,7.120000,53.750000,-121.830000
14,Exit long,2024-10-23 20:15,2508.080000,1,-31.450000,-1.2400,2.270000,96.520000,-81.200000
14,Entry long,2024-10-23 16:00,2539.530000,1,-31.450000,-1.2400,2.270000,96.520000,-81.200000
13,Exit short,2024-10-23 16:00,2539.530000,1,41.300000,1.6000,51.830000,5.910000,-49.750000
13,Entry short,2024-10-23 12:00,2580.830000,1,41.300000,1.6000,51.830000,5.910000,-49.750000
12,Exit long,2024-10-23 12:00,2580.830000,1,-5.310000,-0.2100,2.570000,23.600000,-91.050000
12,Entry long,2024-10-23 08:45,2586.140000,1,-5.310000,-0.2100,2.570000,23.600000,-91.050000
11,Exit short,2024-10-23 08:45,2586.140000,1,27.550000,1.0500,32.190000,10.750000,-85.740000
11,Entry short,2024-10-23 05:30,2613.690000,1,27.550000,1.0500,32.190000,10.750000,-85.740000
10,Exit long,2024-10-23 05:30,2613.690000,1,-4.170000,-0.1600,7.140000,17.760000,-113.290000
10,Entry long,2024-10-23 00:30,2617.860000,1,-4.170000,-0.1600,7.140000,17.760000,-113.290000
9,Exit short,2024-10-23 00:30,2617.860000,1,14.890000,0.5700,26.750000,13.440000,-109.120000
9,Entry short,2024-10-22 12:00,2632.750000,1,14.890000,0.5700,26.750000,13.440000,-109.120000
8,Exit long,2024-10-22 12:00,2632.750000,1,10.450000,0.4000,18.000000,2.400000,-124.010000
8,Entry long,2024-10-22 10:00,2622.300000,1,10.450000,0.4000,18.000000,2.400000,-124.010000
7,Exit short,2024-10-22 10:00,2622.300000,1,18.090000,0.6900,27.390000,19.200000,-134.460000
7,Entry short,2024-10-22 04:15,2640.390000,1,18.090000,0.6900,27.390000,19.200000,-134.460000
6,Exit long,2024-10-22 04:15,2640.390000,1,-29.520000,-1.1100,0.940000,56.140000,-152.550000
6,Entry long,2024-10-22 00:15,2669.910000,1,-29.520000,-1.1100,0.940000,56.140000,-152.550000
5,Exit short,2024-10-22 00:15,2669.910000,1,2.710000,0.1000,14.620000,11.980000,-123.030000
5,Entry short,2024-10-21 18:00,2672.620000,1,2.710000,0.1000,14.620000,11.980000,-123.030000
4,Exit long,2024-10-21 18:00,2672.620000,1,-64.810000,-2.3700,8.690000,81.910000,-125.740000
4,Entry long,2024-10-21 03:30,2737.430000,1,-64.810000,-2.3700,8.690000,81.910000,-125.740000
3,Exit short,2024-10-21 03:30,2737.430000,1,-28.290000,-1.0400,4.990000,60.860000,-60.930000
3,Entry short,2024-10-20 21:30,2709.140000,1,-28.290000,-1.0400,4.990000,60.860000,-60.930000
2,Exit long,2024-10-20 21:30,2709.140000,1,15.170000,0.5600,24.030000,2.380000,-32.640000
2,Entry long,2024-10-20 18:00,2693.970000,1,15.170000,0.5600,24.030000,2.380000,-32.640000
1,Exit short,2024-10-20 18:00,2693.970000,1,-47.810000,-1.8100,5.490000,73.840000,-47.810000
1,Entry short,2024-10-20 07:30,2646.160000,1,-47.810000,-1.8100,5.490000,73.840000,-47.810000
