id,direction,entry_time,entry_price,exit_time,exit_price,pnl,qty
0,short,2024-10-20T07:30:00Z,2646.16,2024-10-20T18:00:00Z,2693.97,-47.809999999999945,1.0
1,long,2024-10-20T18:00:00Z,2693.97,2024-10-20T21:30:00Z,2709.14,15.170000000000073,1.0
2,short,2024-10-20T21:30:00Z,2709.14,2024-10-21T03:30:00Z,2737.43,-28.289999999999964,1.0
3,long,2024-10-21T03:30:00Z,2737.43,2024-10-21T18:00:00Z,2672.62,-64.80999999999995,1.0
4,short,2024-10-21T18:00:00Z,2672.62,2024-10-22T00:15:00Z,2669.91,2.7100000000000364,1.0
5,long,2024-10-22T00:15:00Z,2669.91,2024-10-22T04:15:00Z,2640.39,-29.519999999999982,1.0
6,short,2024-10-22T04:15:00Z,2640.39,2024-10-22T10:00:00Z,2622.3,18.08999999999969,1.0
7,long,2024-10-22T10:00:00Z,2622.3,2024-10-22T12:00:00Z,2632.75,10.449999999999818,1.0
8,short,2024-10-22T12:00:00Z,2632.75,2024-10-23T00:30:00Z,2617.86,14.889999999999873,1.0
9,long,2024-10-23T00:30:00Z,2617.86,2024-10-23T05:30:00Z,2613.69,-4.170000000000073,1.0
10,short,2024-10-23T05:30:00Z,2613.69,2024-10-23T09:30:00Z,2571.93,41.76000000000022,1.0
11,long,2024-10-23T09:30:00Z,2571.93,2024-10-23T12:00:00Z,2580.83,8.900000000000091,1.0
12,short,2024-10-23T12:00:00Z,2580.83,2024-10-23T16:00:00Z,2539.53,41.29999999999973,1.0
13,long,2024-10-23T16:00:00Z,2539.53,2024-10-23T20:15:00Z,2508.08,-31.450000000000273,1.0
14,short,2024-10-23T20:15:00Z,2508.08,2024-10-24T07:45:00Z,2548.71,-40.63000000000011,1.0
15,long,2024-10-24T07:45:00Z,2548.71,2024-10-24T12:45:00Z,2528.86,-19.84999999999991,1.0
16,short,2024-10-24T12:45:00Z,2528.86,2024-10-24T23:45:00Z,2533.71,-4.849999999999909,1.0
17,long,2024-10-24T23:45:00Z,2533.71,2024-10-25T09:45:00Z,2527.13,-6.579999999999927,1.0
18,short,2024-10-25T09:45:00Z,2527.13,2024-10-25T16:30:00Z,2528.24,-1.1099999999996726,1.0
19,long,2024-10-25T16:30:00Z,2528.24,2024-10-25T22:15:00Z,2492.09,-36.149999999999636,1.0
20,short,2024-10-25T22:15:00Z,2492.09,2024-10-26T15:15:00Z,2449.45,42.64000000000033,1.0
21,long,2024-10-26T15:15:00Z,2449.45,2024-10-26T18:30:00Z,2480.96,31.51000000000022,1.0
22,short,2024-10-26T18:30:00Z,2480.96,2024-10-26T22:00:00Z,2487.96,-7.0,1.0
23,long,2024-10-26T22:00:00Z,2487.96,2024-10-27T04:45:00Z,2477.9,-10.059999999999945,1.0
24,short,2024-10-27T04:45:00Z,2477.9,2024-10-27T09:30:00Z,2467.99,9.91000000000031,1.0
25,long,2024-10-27T09:30:00Z,2467.99,2024-10-27T13:00:00Z,2475.28,7.290000000000418,1.0
26,short,2024-10-27T13:00:00Z,2475.28,2024-10-27T19:30:00Z,2492.67,-17.389999999999873,1.0
27,long,2024-10-27T19:30:00Z,2492.67,2024-10-27T22:30:00Z,2523.91,31.23999999999978,1.0
28,short,2024-10-27T22:30:00Z,2523.91,2024-10-28T01:30:00Z,2497.15,26.759999999999764,1.0
29,long,2024-10-28T01:30:00Z,2497.15,2024-10-28T06:45:00Z,2486.86,-10.289999999999964,1.0
30,short,2024-10-28T06:45:00Z,2486.86,2024-10-28T16:15:00Z,2510.76,-23.90000000000009,1.0
31,long,2024-10-28T16:15:00Z,2510.76,2024-10-28T22:30:00Z,2565.76,55.0,1.0
32,short,2024-10-28T22:30:00Z,2565.76,2024-10-29T04:30:00Z,2618.35,-52.58999999999969,1.0
33,long,2024-10-29T04:30:00Z,2618.35,2024-10-29T16:45:00Z,2650.34,31.990000000000236,1.0
34,short,2024-10-29T16:45:00Z,2650.34,2024-10-29T20:45:00Z,2617.07,33.26999999999998,1.0
35,long,2024-10-29T20:45:00Z,2617.07,2024-10-29T23:30:00Z,2633.51,16.440000000000055,1.0
36,short,2024-10-29T23:30:00Z,2633.51,2024-10-30T12:15:00Z,2663.39,-29.879999999999654,1.0
37,long,2024-10-30T12:15:00Z,2663.39,2024-10-30T15:00:00Z,2709.91,46.51999999999998,1.0
38,short,2024-10-30T15:00:00Z,2709.91,2024-10-30T16:30:00Z,2684.89,25.019999999999982,1.0
39,long,2024-10-30T16:30:00Z,2684.89,2024-10-31T22:15:00Z,2515.35,-169.53999999999996,1.0
40,short,2024-10-31T22:15:00Z,2515.35,2024-11-01T16:15:00Z,2522.61,-7.260000000000218,1.0
41,long,2024-11-01T16:15:00Z,2522.61,2024-11-01T21:00:00Z,2521.15,-1.4600000000000364,1.0
42,short,2024-11-01T21:00:00Z,2521.15,2024-11-02T03:45:00Z,2511.06,10.090000000000146,1.0
43,long,2024-11-02T03:45:00Z,2511.06,2024-11-02T12:00:00Z,2501.81,-9.25,1.0
44,short,2024-11-02T12:00:00Z,2501.81,2024-11-02T14:45:00Z,2478.95,22.860000000000127,1.0
45,long,2024-11-02T14:45:00Z,2478.95,2024-11-02T17:30:00Z,2487.72,8.769999999999982,1.0
46,short,2024-11-02T17:30:00Z,2487.72,2024-11-03T03:15:00Z,2440.52,47.19999999999982,1.0
47,long,2024-11-03T03:15:00Z,2440.52,2024-11-03T05:15:00Z,2454.99,14.4699999999998,1.0
48,short,2024-11-03T05:15:00Z,2454.99,2024-11-03T14:15:00Z,2436.4,18.58999999999969,1.0
49,long,2024-11-03T14:15:00Z,2436.4,2024-11-03T21:45:00Z,2468.38,31.980000000000018,1.0
50,short,2024-11-03T21:45:00Z,2468.38,2024-11-04T00:00:00Z,2457.3,11.079999999999927,1.0
51,long,2024-11-04T00:00:00Z,2457.3,2024-11-04T03:15:00Z,2478.35,21.049999999999727,1.0
52,short,2024-11-04T03:15:00Z,2478.35,2024-11-04T06:15:00Z,2470.0,8.349999999999909,1.0
53,long,2024-11-04T06:15:00Z,2470.0,2024-11-04T11:30:00Z,2469.01,-0.9899999999997817,1.0
54,short,2024-11-04T11:30:00Z,2469.01,2024-11-04T14:30:00Z,2461.23,7.7800000000002,1.0
55,long,2024-11-04T14:30:00Z,2461.23,2024-11-04T19:15:00Z,2435.26,-25.9699999999998,1.0
56,short,2024-11-04T19:15:00Z,2435.26,2024-11-04T22:15:00Z,2393.24,42.02000000000044,1.0
57,long,2024-11-04T22:15:00Z,2393.24,2024-11-04T23:45:00Z,2397.43,4.190000000000055,1.0
58,short,2024-11-04T23:45:00Z,2397.43,2024-11-05T10:45:00Z,2436.58,-39.15000000000009,1.0
59,long,2024-11-05T10:45:00Z,2436.58,2024-11-05T15:15:00Z,2457.88,21.300000000000182,1.0
60,short,2024-11-05T15:15:00Z,2457.88,2024-11-05T16:15:00Z,2445.24,12.640000000000327,1.0
61,long,2024-11-05T16:15:00Z,2445.24,2024-11-05T23:45:00Z,2427.96,-17.279999999999745,1.0
62,short,2024-11-05T23:45:00Z,2427.96,2024-11-06T08:45:00Z,2596.25,-168.28999999999996,1.0
63,long,2024-11-06T08:45:00Z,2596.25,2024-11-06T12:00:00Z,2629.83,33.57999999999993,1.0
64,short,2024-11-06T12:00:00Z,2629.83,2024-11-06T14:15:00Z,2620.34,9.489999999999782,1.0
65,long,2024-11-06T14:15:00Z,2620.34,2024-11-07T02:15:00Z,2826.5,206.15999999999985,1.0
66,short,2024-11-07T02:15:00Z,2826.5,2024-11-07T05:15:00Z,2843.79,-17.289999999999964,1.0
67,long,2024-11-07T05:15:00Z,2843.79,2024-11-07T16:15:00Z,2835.9,-7.889999999999873,1.0
68,short,2024-11-07T16:15:00Z,2835.9,2024-11-07T23:00:00Z,2882.01,-46.11000000000013,1.0
69,long,2024-11-07T23:00:00Z,2882.01,2024-11-08T11:30:00Z,2920.56,38.54999999999973,1.0
70,short,2024-11-08T11:30:00Z,2920.56,2024-11-08T15:30:00Z,2935.58,-15.019999999999982,1.0
71,long,2024-11-08T15:30:00Z,2935.58,2024-11-08T20:00:00Z,2950.0,14.420000000000073,1.0
72,short,2024-11-08T20:00:00Z,2950.0,2024-11-08T21:45:00Z,2939.36,10.639999999999873,1.0
73,long,2024-11-08T21:45:00Z,2939.36,2024-11-09T01:00:00Z,2982.44,43.07999999999993,1.0
74,short,2024-11-09T01:00:00Z,2982.44,2024-11-09T04:30:00Z,2966.33,16.110000000000127,1.0
75,long,2024-11-09T04:30:00Z,2966.33,2024-11-09T06:30:00Z,3055.23,88.90000000000009,1.0
76,short,2024-11-09T06:30:00Z,3055.23,2024-11-09T13:15:00Z,3035.99,19.240000000000236,1.0
77,long,2024-11-09T13:15:00Z,3035.99,2024-11-09T19:45:00Z,3065.31,29.320000000000164,1.0
78,short,2024-11-09T19:45:00Z,3065.31,2024-11-10T02:00:00Z,3119.5,-54.190000000000055,1.0
79,long,2024-11-10T02:00:00Z,3119.5,2024-11-10T05:45:00Z,3215.29,95.78999999999996,1.0
80,short,2024-11-10T05:45:00Z,3215.29,2024-11-10T07:15:00Z,3191.25,24.039999999999964,1.0
81,long,2024-11-10T07:15:00Z,3191.25,2024-11-10T17:30:00Z,3213.42,22.170000000000073,1.0
82,short,2024-11-10T17:30:00Z,3213.42,2024-11-10T20:30:00Z,3163.06,50.36000000000013,1.0
83,long,2024-11-10T20:30:00Z,3163.06,2024-11-11T00:00:00Z,3185.19,22.13000000000011,1.0
84,short,2024-11-11T00:00:00Z,3185.19,2024-11-11T05:15:00Z,3169.98,15.210000000000036,1.0
85,long,2024-11-11T05:15:00Z,3169.98,2024-11-11T09:45:00Z,3161.77,-8.210000000000036,1.0
86,short,2024-11-11T09:45:00Z,3161.77,2024-11-11T14:00:00Z,3154.1,7.670000000000073,1.0
87,long,2024-11-11T14:00:00Z,3154.1,2024-11-11T16:45:00Z,3284.25,130.1500000000001,1.0
88,short,2024-11-11T16:45:00Z,3284.25,2024-11-11T20:15:00Z,3323.93,-39.679999999999836,1.0
89,long,2024-11-11T20:15:00Z,3323.93,2024-11-12T07:30:00Z,3367.36,43.43000000000029,1.0
90,short,2024-11-12T07:30:00Z,3367.36,2024-11-12T11:30:00Z,3297.59,69.76999999999998,1.0
91,long,2024-11-12T11:30:00Z,3297.59,2024-11-12T15:30:00Z,3263.76,-33.82999999999993,1.0
92,short,2024-11-12T15:30:00Z,3263.76,2024-11-13T00:30:00Z,3253.75,10.010000000000218,1.0
93,long,2024-11-13T00:30:00Z,3253.75,2024-11-13T08:45:00Z,3167.48,-86.26999999999998,1.0
94,short,2024-11-13T08:45:00Z,3167.48,2024-11-13T18:15:00Z,3277.99,-110.50999999999976,1.0
95,long,2024-11-13T18:15:00Z,3277.99,2024-11-13T23:30:00Z,3189.61,-88.37999999999965,1.0
96,short,2024-11-13T23:30:00Z,3189.61,2024-11-14T07:45:00Z,3204.6,-14.989999999999782,1.0
97,long,2024-11-14T07:45:00Z,3204.6,2024-11-14T17:30:00Z,3131.31,-73.28999999999996,1.0
98,short,2024-11-14T17:30:00Z,3131.31,2024-11-15T13:30:00Z,3098.2,33.11000000000013,1.0
99,long,2024-11-15T13:30:00Z,3098.2,2024-11-15T21:30:00Z,3089.29,-8.909999999999854,1.0
100,short,2024-11-15T21:30:00Z,3089.29,2024-11-16T01:00:00Z,3086.66,2.630000000000109,1.0
101,long,2024-11-16T01:00:00Z,3086.66,2024-11-16T04:15:00Z,3144.21,57.55000000000018,1.0
102,short,2024-11-16T04:15:00Z,3144.21,2024-11-16T06:30:00Z,3127.38,16.829999999999927,1.0
103,long,2024-11-16T06:30:00Z,3127.38,2024-11-16T12:15:00Z,3186.0,58.61999999999989,1.0
104,short,2024-11-16T12:15:00Z,3186.0,2024-11-16T15:45:00Z,3146.74,39.26000000000022,1.0
105,long,2024-11-16T15:45:00Z,3146.74,2024-11-16T19:15:00Z,3182.21,35.470000000000255,1.0
106,short,2024-11-16T19:15:00Z,3182.21,2024-11-16T21:00:00Z,3151.8,30.409999999999854,1.0
107,long,2024-11-16T21:00:00Z,3151.8,2024-11-17T05:15:00Z,3119.48,-32.320000000000164,1.0
108,short,2024-11-17T05:15:00Z,3119.48,2024-11-17T11:45:00Z,3117.7,1.7800000000002,1.0
109,long,2024-11-17T11:45:00Z,3117.7,2024-11-17T18:15:00Z,3099.7,-18.0,1.0
110,short,2024-11-17T18:15:00Z,3099.7,2024-11-18T10:00:00Z,3110.0,-10.300000000000182,1.0
111,long,2024-11-18T10:00:00Z,3110.0,2024-11-18T15:15:00Z,3098.96,-11.039999999999964,1.0
112,short,2024-11-18T15:15:00Z,3098.96,2024-11-18T20:00:00Z,3129.3,-30.340000000000146,1.0
113,long,2024-11-18T20:00:00Z,3129.3,2024-11-19T11:30:00Z,3115.68,-13.620000000000346,1.0
114,short,2024-11-19T11:30:00Z,3115.68,2024-11-19T14:30:00Z,3097.63,18.049999999999727,1.0
115,long,2024-11-19T14:30:00Z,3097.63,2024-11-19T18:00:00Z,3120.1,22.4699999999998,1.0
116,short,2024-11-19T18:00:00Z,3120.1,2024-11-19T21:30:00Z,3092.69,27.409999999999854,1.0
117,long,2024-11-19T21:30:00Z,3092.69,2024-11-20T01:30:00Z,3107.38,14.690000000000055,1.0
118,short,2024-11-20T01:30:00Z,3107.38,2024-11-20T03:45:00Z,3093.77,13.610000000000127,1.0
119,long,2024-11-20T03:45:00Z,3093.77,2024-11-20T05:45:00Z,3107.2,13.429999999999836,1.0
120,short,2024-11-20T05:45:00Z,3107.2,2024-11-20T11:30:00Z,3099.06,8.139999999999873,1.0
121,long,2024-11-20T11:30:00Z,3099.06,2024-11-20T21:15:00Z,3074.15,-24.909999999999854,1.0
122,short,2024-11-20T21:15:00Z,3074.15,2024-11-21T03:00:00Z,3057.75,16.40000000000009,1.0
123,long,2024-11-21T03:00:00Z,3057.75,2024-11-21T05:30:00Z,3125.71,67.96000000000004,1.0
124,short,2024-11-21T05:30:00Z,3125.71,2024-11-21T10:15:00Z,3135.49,-9.779999999999745,1.0
125,long,2024-11-21T10:15:00Z,3135.49,2024-11-21T13:00:00Z,3288.05,152.5600000000004,1.0
126,short,2024-11-21T13:00:00Z,3288.05,2024-11-21T16:15:00Z,3302.2,-14.149999999999636,1.0
127,long,2024-11-21T16:15:00Z,3302.2,2024-11-22T04:30:00Z,3423.05,120.85000000000036,1.0
128,short,2024-11-22T04:30:00Z,3423.05,2024-11-22T07:15:00Z,3375.06,47.99000000000024,1.0
129,long,2024-11-22T07:15:00Z,3375.06,2024-11-22T16:30:00Z,3305.48,-69.57999999999993,1.0
130,short,2024-11-22T16:30:00Z,3305.48,2024-11-23T03:15:00Z,3332.84,-27.360000000000127,1.0
131,long,2024-11-23T03:15:00Z,3332.84,2024-11-23T13:30:00Z,3412.01,79.17000000000007,1.0
132,short,2024-11-23T13:30:00Z,3412.01,2024-11-23T17:00:00Z,3416.36,-4.349999999999909,1.0
133,long,2024-11-23T17:00:00Z,3416.36,2024-11-23T22:15:00Z,3413.51,-2.849999999999909,1.0
134,short,2024-11-23T22:15:00Z,3413.51,2024-11-24T04:30:00Z,3424.68,-11.169999999999618,1.0
135,long,2024-11-24T04:30:00Z,3424.68,2024-11-24T15:30:00Z,3311.46,-113.2199999999998,1.0
136,short,2024-11-24T15:30:00Z,3311.46,2024-11-25T01:45:00Z,3327.69,-16.230000000000018,1.0
137,long,2024-11-25T01:45:00Z,3327.69,2024-11-25T04:30:00Z,3380.01,52.320000000000164,1.0
138,short,2024-11-25T04:30:00Z,3380.01,2024-11-25T12:30:00Z,3496.21,-116.19999999999982,1.0
139,long,2024-11-25T12:30:00Z,3496.21,2024-11-26T14:00:00Z,3313.76,-182.44999999999982,1.0
140,short,2024-11-26T14:00:00Z,3313.76,2024-11-27T10:00:00Z,3414.82,-101.05999999999995,1.0
141,long,2024-11-27T10:00:00Z,3414.82,2024-11-27T16:00:00Z,3555.07,140.25,1.0
142,short,2024-11-27T16:00:00Z,3555.07,2024-11-28T00:45:00Z,3659.92,-104.84999999999991,1.0
143,long,2024-11-28T00:45:00Z,3659.92,2024-11-28T07:45:00Z,3592.21,-67.71000000000004,1.0
144,short,2024-11-28T07:45:00Z,3592.21,2024-11-28T14:45:00Z,3562.54,29.670000000000073,1.0
145,long,2024-11-28T14:45:00Z,3562.54,2024-11-28T18:15:00Z,3580.19,17.65000000000009,1.0
146,short,2024-11-28T18:15:00Z,3580.19,2024-11-29T01:30:00Z,3568.87,11.320000000000164,1.0
147,long,2024-11-29T01:30:00Z,3568.87,2024-11-29T03:15:00Z,3592.21,23.340000000000146,1.0
148,short,2024-11-29T03:15:00Z,3592.21,2024-11-29T07:00:00Z,3563.56,28.65000000000009,1.0
149,long,2024-11-29T07:00:00Z,3563.56,2024-11-29T10:00:00Z,3570.08,6.519999999999982,1.0
150,short,2024-11-29T10:00:00Z,3570.08,2024-11-29T17:15:00Z,3583.81,-13.730000000000018,1.0
151,long,2024-11-29T17:15:00Z,3583.81,2024-11-29T21:00:00Z,3594.97,11.159999999999854,1.0
152,short,2024-11-29T21:00:00Z,3594.97,2024-11-30T09:45:00Z,3688.71,-93.74000000000024,1.0
153,long,2024-11-30T09:45:00Z,3688.71,2024-11-30T20:30:00Z,3697.25,8.539999999999964,1.0
154,short,2024-11-30T20:30:00Z,3697.25,2024-12-01T01:45:00Z,3706.82,-9.570000000000164,1.0
155,long,2024-12-01T01:45:00Z,3706.82,2024-12-01T09:00:00Z,3710.48,3.6599999999998545,1.0
156,short,2024-12-01T09:00:00Z,3710.48,2024-12-01T11:15:00Z,3687.12,23.360000000000127,1.0
157,long,2024-12-01T11:15:00Z,3687.12,2024-12-01T14:15:00Z,3710.0,22.88000000000011,1.0
158,short,2024-12-01T14:15:00Z,3710.0,2024-12-01T18:00:00Z,3726.11,-16.110000000000127,1.0
159,long,2024-12-01T18:00:00Z,3726.11,2024-12-01T23:00:00Z,3725.21,-0.900000000000091,1.0
160,short,2024-12-01T23:00:00Z,3725.21,2024-12-02T04:45:00Z,3691.49,33.720000000000255,1.0
161,long,2024-12-02T04:45:00Z,3691.49,2024-12-02T13:00:00Z,3598.41,-93.07999999999993,1.0
162,short,2024-12-02T13:00:00Z,3598.41,2024-12-02T18:15:00Z,3603.79,-5.380000000000109,1.0
163,long,2024-12-02T18:15:00Z,3603.79,2024-12-02T21:00:00Z,3618.03,14.240000000000236,1.0
164,short,2024-12-02T21:00:00Z,3618.03,2024-12-03T02:30:00Z,3636.54,-18.509999999999764,1.0
165,long,2024-12-03T02:30:00Z,3636.54,2024-12-03T16:00:00Z,3574.19,-62.34999999999991,1.0
166,short,2024-12-03T16:00:00Z,3574.19,2024-12-04T03:15:00Z,3666.01,-91.82000000000016,1.0
167,long,2024-12-04T03:15:00Z,3666.01,2024-12-04T08:15:00Z,3708.63,42.61999999999989,1.0
168,short,2024-12-04T08:15:00Z,3708.63,2024-12-04T13:00:00Z,3720.4,-11.769999999999982,1.0
169,long,2024-12-04T13:00:00Z,3720.4,2024-12-04T16:00:00Z,3824.38,103.98000000000002,1.0
170,short,2024-12-04T16:00:00Z,3824.38,2024-12-04T22:30:00Z,3863.87,-39.48999999999978,1.0
171,long,2024-12-04T22:30:00Z,3863.87,2024-12-05T03:30:00Z,3855.71,-8.159999999999854,1.0
172,short,2024-12-05T03:30:00Z,3855.71,2024-12-05T06:30:00Z,3850.87,4.8400000000001455,1.0
173,long,2024-12-05T06:30:00Z,3850.87,2024-12-05T09:45:00Z,3922.48,71.61000000000013,1.0
174,short,2024-12-05T09:45:00Z,3922.48,2024-12-05T13:15:00Z,3921.25,1.2300000000000182,1.0
175,long,2024-12-05T13:15:00Z,3921.25,2024-12-06T01:15:00Z,3848.77,-72.48000000000002,1.0
176,short,2024-12-06T01:15:00Z,3848.77,2024-12-06T08:15:00Z,3903.0,-54.23000000000002,1.0
177,long,2024-12-06T08:15:00Z,3903.0,2024-12-06T15:45:00Z,4021.64,118.63999999999987,1.0
178,short,2024-12-06T15:45:00Z,4021.64,2024-12-06T21:45:00Z,4043.2,-21.559999999999945,1.0
179,long,2024-12-06T21:45:00Z,4043.2,2024-12-07T12:00:00Z,4001.27,-41.929999999999836,1.0
180,short,2024-12-07T12:00:00Z,4001.27,2024-12-07T22:45:00Z,4001.47,-0.1999999999998181,1.0
181,long,2024-12-07T22:45:00Z,4001.47,2024-12-08T08:00:00Z,3983.18,-18.289999999999964,1.0
182,short,2024-12-08T08:00:00Z,3983.18,2024-12-08T09:15:00Z,3956.93,26.25,1.0
183,long,2024-12-08T09:15:00Z,3956.93,2024-12-08T12:00:00Z,3974.39,17.460000000000036,1.0
184,short,2024-12-08T12:00:00Z,3974.39,2024-12-09T01:30:00Z,3971.78,2.6099999999996726,1.0
185,long,2024-12-09T01:30:00Z,3971.78,2024-12-09T06:00:00Z,3945.94,-25.840000000000146,1.0
186,short,2024-12-09T06:00:00Z,3945.94,2024-12-09T16:30:00Z,3847.22,98.72000000000025,1.0
187,long,2024-12-09T16:30:00Z,3847.22,2024-12-10T00:00:00Z,3712.55,-134.66999999999962,1.0
188,short,2024-12-10T00:00:00Z,3712.55,2024-12-10T03:45:00Z,3683.26,29.289999999999964,1.0
189,long,2024-12-10T03:45:00Z,3683.26,2024-12-10T07:00:00Z,3739.93,56.66999999999962,1.0
190,short,2024-12-10T07:00:00Z,3739.93,2024-12-10T13:15:00Z,3703.62,36.309999999999945,1.0
191,long,2024-12-10T13:15:00Z,3703.62,2024-12-10T20:15:00Z,3631.77,-71.84999999999991,1.0
192,short,2024-12-10T20:15:00Z,3631.77,2024-12-10T23:45:00Z,3620.61,11.159999999999854,1.0
193,long,2024-12-10T23:45:00Z,3620.61,2024-12-11T03:45:00Z,3663.53,42.92000000000007,1.0
194,short,2024-12-11T03:45:00Z,3663.53,2024-12-11T18:30:00Z,3783.0,-119.4699999999998,1.0
195,long,2024-12-11T18:30:00Z,3783.0,2024-12-11T21:15:00Z,3816.13,33.13000000000011,1.0
196,short,2024-12-11T21:15:00Z,3816.13,2024-12-12T01:00:00Z,3817.0,-0.8699999999998909,1.0
197,long,2024-12-12T01:00:00Z,3817.0,2024-12-12T04:15:00Z,3920.69,103.69000000000005,1.0
198,short,2024-12-12T04:15:00Z,3920.69,2024-12-12T07:00:00Z,3936.29,-15.599999999999909,1.0
199,long,2024-12-12T07:00:00Z,3936.29,2024-12-12T13:45:00Z,3942.01,5.720000000000255,1.0
200,short,2024-12-12T13:45:00Z,3942.01,2024-12-12T17:15:00Z,3943.94,-1.9299999999998363,1.0
201,long,2024-12-12T17:15:00Z,3943.94,2024-12-12T23:30:00Z,3868.21,-75.73000000000002,1.0
202,short,2024-12-12T23:30:00Z,3868.21,2024-12-13T06:30:00Z,3916.99,-48.779999999999745,1.0
203,long,2024-12-13T06:30:00Z,3916.99,2024-12-13T11:45:00Z,3906.01,-10.979999999999563,1.0
204,short,2024-12-13T11:45:00Z,3906.01,2024-12-13T22:00:00Z,3900.41,5.600000000000364,1.0
205,long,2024-12-13T22:00:00Z,3900.41,2024-12-14T06:45:00Z,3925.94,25.5300000000002,1.0
206,short,2024-12-14T06:45:00Z,3925.94,2024-12-14T10:45:00Z,3896.53,29.409999999999854,1.0
207,long,2024-12-14T10:45:00Z,3896.53,2024-12-14T15:30:00Z,3880.76,-15.769999999999982,1.0
208,short,2024-12-14T15:30:00Z,3880.76,2024-12-14T19:15:00Z,3835.43,45.33000000000038,1.0
209,long,2024-12-14T19:15:00Z,3835.43,2024-12-14T23:45:00Z,3865.61,30.18000000000029,1.0
210,short,2024-12-14T23:45:00Z,3865.61,2024-12-15T08:00:00Z,3843.45,22.16000000000031,1.0
211,long,2024-12-15T08:00:00Z,3843.45,2024-12-15T11:00:00Z,3858.89,15.440000000000055,1.0
212,short,2024-12-15T11:00:00Z,3858.89,2024-12-15T19:15:00Z,3900.93,-42.039999999999964,1.0
213,long,2024-12-15T19:15:00Z,3900.93,2024-12-16T00:15:00Z,3956.3,55.370000000000346,1.0
214,short,2024-12-16T00:15:00Z,3956.3,2024-12-16T04:15:00Z,3951.51,4.789999999999964,1.0
215,long,2024-12-16T04:15:00Z,3951.51,2024-12-16T15:30:00Z,3931.76,-19.75,1.0
216,short,2024-12-16T15:30:00Z,3931.76,2024-12-16T21:45:00Z,4038.01,-106.25,1.0
217,long,2024-12-16T21:45:00Z,4038.01,2024-12-17T03:15:00Z,4018.55,-19.460000000000036,1.0
218,short,2024-12-17T03:15:00Z,4018.55,2024-12-17T12:30:00Z,4003.79,14.760000000000218,1.0
219,long,2024-12-17T12:30:00Z,4003.79,2024-12-18T08:15:00Z,3854.7,-149.09000000000015,1.0
220,short,2024-12-18T08:15:00Z,3854.7,2024-12-18T14:30:00Z,3863.18,-8.480000000000018,1.0
221,long,2024-12-18T14:30:00Z,3863.18,2024-12-18T17:30:00Z,3861.2,-1.9800000000000182,1.0
222,short,2024-12-18T17:30:00Z,3861.2,2024-12-18T21:00:00Z,3694.02,167.17999999999984,1.0
223,long,2024-12-18T21:00:00Z,3694.02,2024-12-19T01:15:00Z,3633.58,-60.440000000000055,1.0
224,short,2024-12-19T01:15:00Z,3633.58,2024-12-19T09:30:00Z,3673.47,-39.88999999999987,1.0
225,long,2024-12-19T09:30:00Z,3673.47,2024-12-19T22:15:00Z,3413.91,-259.55999999999995,1.0
226,short,2024-12-19T22:15:00Z,3413.91,2024-12-20T02:15:00Z,3401.95,11.960000000000036,1.0
227,long,2024-12-20T02:15:00Z,3401.95,2024-12-20T03:15:00Z,3431.14,29.190000000000055,1.0
228,short,2024-12-20T03:15:00Z,3431.14,2024-12-20T06:15:00Z,3371.78,59.35999999999967,1.0
229,long,2024-12-20T06:15:00Z,3371.78,2024-12-20T13:15:00Z,3235.34,-136.44000000000005,1.0
230,short,2024-12-20T13:15:00Z,3235.34,2024-12-20T21:30:00Z,3413.36,-178.01999999999998,1.0
231,long,2024-12-20T21:30:00Z,3413.36,2024-12-21T06:30:00Z,3511.87,98.50999999999976,1.0
232,short,2024-12-21T06:30:00Z,3511.87,2024-12-21T09:15:00Z,3466.39,45.48000000000002,1.0
233,long,2024-12-21T09:15:00Z,3466.39,2024-12-21T16:15:00Z,3388.2,-78.19000000000005,1.0
234,short,2024-12-21T16:15:00Z,3388.2,2024-12-21T22:30:00Z,3330.13,58.06999999999971,1.0
235,long,2024-12-21T22:30:00Z,3330.13,2024-12-22T01:30:00Z,3364.0,33.86999999999989,1.0
236,short,2024-12-22T01:30:00Z,3364.0,2024-12-22T15:15:00Z,3296.31,67.69000000000005,1.0
237,long,2024-12-22T15:15:00Z,3296.31,2024-12-22T18:00:00Z,3314.19,17.88000000000011,1.0
238,short,2024-12-22T18:00:00Z,3314.19,2024-12-22T20:30:00Z,3252.94,61.25,1.0
239,long,2024-12-22T20:30:00Z,3252.94,2024-12-22T22:00:00Z,3282.44,29.5,1.0
240,short,2024-12-22T22:00:00Z,3282.44,2024-12-23T01:30:00Z,3251.26,31.179999999999836,1.0
241,long,2024-12-23T01:30:00Z,3251.26,2024-12-23T04:30:00Z,3341.09,89.82999999999993,1.0
242,short,2024-12-23T04:30:00Z,3341.09,2024-12-23T07:15:00Z,3288.84,52.25,1.0
243,long,2024-12-23T07:15:00Z,3288.84,2024-12-23T10:30:00Z,3343.11,54.26999999999998,1.0
244,short,2024-12-23T10:30:00Z,3343.11,2024-12-23T16:30:00Z,3304.71,38.40000000000009,1.0
245,long,2024-12-23T16:30:00Z,3304.71,2024-12-23T21:45:00Z,3442.22,137.50999999999976,1.0
246,short,2024-12-23T21:45:00Z,3442.22,2024-12-24T00:45:00Z,3413.25,28.9699999999998,1.0
247,long,2024-12-24T00:45:00Z,3413.25,2024-12-24T05:45:00Z,3419.45,6.199999999999818,1.0
248,short,2024-12-24T05:45:00Z,3419.45,2024-12-24T19:30:00Z,3484.44,-64.99000000000024,1.0
249,long,2024-12-24T19:30:00Z,3484.44,2024-12-24T22:45:00Z,3484.3,-0.13999999999987267,1.0
250,short,2024-12-24T22:45:00Z,3484.3,2024-12-25T02:00:00Z,3471.84,12.460000000000036,1.0
251,long,2024-12-25T02:00:00Z,3471.84,2024-12-25T05:30:00Z,3488.45,16.609999999999673,1.0
252,short,2024-12-25T05:30:00Z,3488.45,2024-12-25T12:45:00Z,3487.02,1.4299999999998363,1.0
253,long,2024-12-25T12:45:00Z,3487.02,2024-12-25T19:15:00Z,3470.27,-16.75,1.0
254,short,2024-12-25T19:15:00Z,3470.27,2024-12-25T22:00:00Z,3466.34,3.9299999999998363,1.0
255,long,2024-12-25T22:00:00Z,3466.34,2024-12-26T00:30:00Z,3488.37,22.029999999999745,1.0
256,short,2024-12-26T00:30:00Z,3488.37,2024-12-26T02:00:00Z,3474.99,13.38000000000011,1.0
257,long,2024-12-26T02:00:00Z,3474.99,2024-12-26T07:00:00Z,3438.75,-36.23999999999978,1.0
258,short,2024-12-26T07:00:00Z,3438.75,2024-12-26T09:00:00Z,3365.32,73.42999999999984,1.0
259,long,2024-12-26T09:00:00Z,3365.32,2024-12-26T12:15:00Z,3361.95,-3.3700000000003456,1.0
260,short,2024-12-26T12:15:00Z,3361.95,2024-12-27T08:15:00Z,3350.94,11.009999999999764,1.0
261,long,2024-12-27T08:15:00Z,3350.94,2024-12-27T10:15:00Z,3412.4,61.460000000000036,1.0
262,short,2024-12-27T10:15:00Z,3412.4,2024-12-27T14:15:00Z,3377.57,34.82999999999993,1.0
263,long,2024-12-27T14:15:00Z,3377.57,2024-12-27T19:00:00Z,3360.75,-16.820000000000164,1.0
264,short,2024-12-27T19:00:00Z,3360.75,2024-12-27T22:15:00Z,3324.45,36.30000000000018,1.0
265,long,2024-12-27T22:15:00Z,3324.45,2024-12-28T01:00:00Z,3342.77,18.320000000000164,1.0
266,short,2024-12-28T01:00:00Z,3342.77,2024-12-29T01:15:00Z,3383.86,-41.090000000000146,1.0
267,long,2024-12-29T01:15:00Z,3383.86,2024-12-29T05:15:00Z,3385.34,1.4800000000000182,1.0
268,short,2024-12-29T05:15:00Z,3385.34,2024-12-29T13:30:00Z,3392.07,-6.730000000000018,1.0
269,long,2024-12-29T13:30:00Z,3392.07,2024-12-29T19:00:00Z,3360.84,-31.230000000000018,1.0
270,short,2024-12-29T19:00:00Z,3360.84,2024-12-30T04:45:00Z,3403.3,-42.460000000000036,1.0
271,long,2024-12-30T04:45:00Z,3403.3,2024-12-30T07:15:00Z,3423.54,20.23999999999978,1.0
272,short,2024-12-30T07:15:00Z,3423.54,2024-12-30T10:00:00Z,3420.8,2.7399999999997817,1.0
273,long,2024-12-30T10:00:00Z,3420.8,2024-12-30T17:30:00Z,3351.57,-69.23000000000002,1.0
274,short,2024-12-30T17:30:00Z,3351.57,2024-12-30T22:15:00Z,3342.55,9.019999999999982,1.0
275,long,2024-12-30T22:15:00Z,3342.55,2024-12-31T04:45:00Z,3336.46,-6.0900000000001455,1.0
276,short,2024-12-31T04:45:00Z,3336.46,2024-12-31T16:45:00Z,3409.14,-72.67999999999984,1.0
277,long,2024-12-31T16:45:00Z,3409.14,2025-01-01T01:15:00Z,3359.62,-49.51999999999998,1.0
278,short,2025-01-01T01:15:00Z,3359.62,2025-01-01T05:15:00Z,3345.84,13.779999999999745,1.0
279,long,2025-01-01T05:15:00Z,3345.84,2025-01-01T12:45:00Z,3346.59,0.75,1.0
280,short,2025-01-01T12:45:00Z,3346.59,2025-01-01T17:45:00Z,3337.1,9.490000000000236,1.0
281,long,2025-01-01T17:45:00Z,3337.1,2025-01-01T20:30:00Z,3353.69,16.590000000000146,1.0
282,short,2025-01-01T20:30:00Z,3353.69,2025-01-02T00:00:00Z,3359.35,-5.6599999999998545,1.0
283,long,2025-01-02T00:00:00Z,3359.35,2025-01-02T01:30:00Z,3391.63,32.2800000000002,1.0
284,short,2025-01-02T01:30:00Z,3391.63,2025-01-02T07:00:00Z,3410.2,-18.56999999999971,1.0
285,long,2025-01-02T07:00:00Z,3410.2,2025-01-02T10:15:00Z,3458.65,48.45000000000027,1.0
286,short,2025-01-02T10:15:00Z,3458.65,2025-01-02T13:30:00Z,3467.66,-9.009999999999764,1.0
287,long,2025-01-02T13:30:00Z,3467.66,2025-01-03T00:45:00Z,3453.13,-14.529999999999745,1.0
288,short,2025-01-03T00:45:00Z,3453.13,2025-01-03T05:45:00Z,3450.38,2.75,1.0
289,long,2025-01-03T05:45:00Z,3450.38,2025-01-03T10:15:00Z,3438.39,-11.990000000000236,1.0
290,short,2025-01-03T10:15:00Z,3438.39,2025-01-03T18:30:00Z,3598.89,-160.5,1.0
291,long,2025-01-03T18:30:00Z,3598.89,2025-01-04T06:30:00Z,3600.38,1.4900000000002365,1.0
292,short,2025-01-04T06:30:00Z,3600.38,2025-01-04T09:30:00Z,3592.99,7.390000000000327,1.0
293,long,2025-01-04T09:30:00Z,3592.99,2025-01-04T12:45:00Z,3626.98,33.99000000000024,1.0
294,short,2025-01-04T12:45:00Z,3626.98,2025-01-04T16:15:00Z,3612.23,14.75,1.0
295,long,2025-01-04T16:15:00Z,3612.23,2025-01-04T21:15:00Z,3657.9,45.67000000000007,1.0
296,short,2025-01-04T21:15:00Z,3657.9,2025-01-05T02:15:00Z,3641.8,16.09999999999991,1.0
297,long,2025-01-05T02:15:00Z,3641.8,2025-01-05T16:00:00Z,3628.45,-13.350000000000364,1.0
298,short,2025-01-05T16:00:00Z,3628.45,2025-01-06T00:15:00Z,3638.62,-10.170000000000073,1.0
299,long,2025-01-06T00:15:00Z,3638.62,2025-01-06T03:00:00Z,3657.59,18.970000000000255,1.0
300,short,2025-01-06T03:00:00Z,3657.59,2025-01-06T08:00:00Z,3649.39,8.200000000000273,1.0
301,long,2025-01-06T08:00:00Z,3649.39,2025-01-06T12:15:00Z,3652.16,2.769999999999982,1.0
302,short,2025-01-06T12:15:00Z,3652.16,2025-01-06T18:30:00Z,3685.0,-32.840000000000146,1.0
303,long,2025-01-06T18:30:00Z,3685.0,2025-01-07T02:30:00Z,3686.24,1.2399999999997817,1.0
304,short,2025-01-07T02:30:00Z,3686.24,2025-01-07T06:00:00Z,3668.64,17.59999999999991,1.0
305,long,2025-01-07T06:00:00Z,3668.64,2025-01-07T23:15:00Z,3375.81,-292.8299999999999,1.0
306,short,2025-01-07T23:15:00Z,3375.81,2025-01-08T04:15:00Z,3365.68,10.13000000000011,1.0
307,long,2025-01-08T04:15:00Z,3365.68,2025-01-08T09:00:00Z,3364.56,-1.1199999999998909,1.0
308,short,2025-01-08T09:00:00Z,3364.56,2025-01-08T17:45:00Z,3240.21,124.34999999999991,1.0
309,long,2025-01-08T17:45:00Z,3240.21,2025-01-08T23:15:00Z,3320.1,79.88999999999987,1.0
310,short,2025-01-08T23:15:00Z,3320.1,2025-01-09T04:15:00Z,3313.2,6.900000000000091,1.0
311,long,2025-01-09T04:15:00Z,3313.2,2025-01-09T10:30:00Z,3301.07,-12.129999999999654,1.0
312,short,2025-01-09T10:30:00Z,3301.07,2025-01-09T14:15:00Z,3239.83,61.24000000000024,1.0
313,long,2025-01-09T14:15:00Z,3239.83,2025-01-09T16:30:00Z,3297.08,57.25,1.0
314,short,2025-01-09T16:30:00Z,3297.08,2025-01-09T19:00:00Z,3259.18,37.90000000000009,1.0
315,long,2025-01-09T19:00:00Z,3259.18,2025-01-09T23:30:00Z,3212.18,-47.0,1.0
316,short,2025-01-09T23:30:00Z,3212.18,2025-01-10T12:15:00Z,3299.99,-87.80999999999995,1.0
317,long,2025-01-10T12:15:00Z,3299.99,2025-01-10T18:15:00Z,3299.53,-0.45999999999958163,1.0
318,short,2025-01-10T18:15:00Z,3299.53,2025-01-10T21:30:00Z,3271.55,27.980000000000018,1.0
319,long,2025-01-10T21:30:00Z,3271.55,2025-01-11T06:45:00Z,3245.4,-26.15000000000009,1.0
320,short,2025-01-11T06:45:00Z,3245.4,2025-01-11T14:45:00Z,3271.83,-26.429999999999836,1.0
321,long,2025-01-11T14:45:00Z,3271.83,2025-01-11T21:30:00Z,3309.38,37.55000000000018,1.0
322,short,2025-01-11T21:30:00Z,3309.38,2025-01-11T23:45:00Z,3286.39,22.990000000000236,1.0
323,long,2025-01-11T23:45:00Z,3286.39,2025-01-12T12:00:00Z,3251.78,-34.60999999999967,1.0
324,short,2025-01-12T12:00:00Z,3251.78,2025-01-12T20:00:00Z,3279.11,-27.329999999999927,1.0
325,long,2025-01-12T20:00:00Z,3279.11,2025-01-13T01:00:00Z,3307.44,28.329999999999927,1.0
326,short,2025-01-13T01:00:00Z,3307.44,2025-01-13T03:30:00Z,3254.42,53.01999999999998,1.0
327,long,2025-01-13T03:30:00Z,3254.42,2025-01-13T14:15:00Z,3050.44,-203.98000000000002,1.0
328,short,2025-01-13T14:15:00Z,3050.44,2025-01-14T12:45:00Z,3189.65,-139.21000000000004,1.0
329,long,2025-01-14T12:45:00Z,3189.65,2025-01-14T19:15:00Z,3222.26,32.61000000000013,1.0
330,short,2025-01-14T19:15:00Z,3222.26,2025-01-15T03:15:00Z,3217.4,4.860000000000127,1.0
331,long,2025-01-15T03:15:00Z,3217.4,2025-01-15T14:15:00Z,3289.1,71.69999999999982,1.0
332,short,2025-01-15T14:15:00Z,3289.1,2025-01-15T18:30:00Z,3346.49,-57.38999999999987,1.0
333,long,2025-01-15T18:30:00Z,3346.49,2025-01-15T20:30:00Z,3451.2,104.71000000000004,1.0
334,short,2025-01-15T20:30:00Z,3451.2,2025-01-15T23:00:00Z,3429.39,21.809999999999945,1.0
335,long,2025-01-15T23:00:00Z,3429.39,2025-01-16T07:15:00Z,3385.13,-44.25999999999976,1.0
336,short,2025-01-16T07:15:00Z,3385.13,2025-01-16T09:45:00Z,3320.63,64.5,1.0
337,long,2025-01-16T09:45:00Z,3320.63,2025-01-16T12:30:00Z,3345.82,25.190000000000055,1.0
338,short,2025-01-16T12:30:00Z,3345.82,2025-01-16T23:00:00Z,3296.62,49.20000000000027,1.0
339,long,2025-01-16T23:00:00Z,3296.62,2025-01-17T02:15:00Z,3383.9,87.2800000000002,1.0
340,short,2025-01-17T02:15:00Z,3383.9,2025-01-17T13:15:00Z,3414.54,-30.639999999999873,1.0
341,long,2025-01-17T13:15:00Z,3414.54,2025-01-17T21:15:00Z,3509.27,94.73000000000002,1.0
342,short,2025-01-17T21:15:00Z,3509.27,2025-01-17T23:45:00Z,3477.0,32.26999999999998,1.0
343,long,2025-01-17T23:45:00Z,3477.0,2025-01-18T09:30:00Z,3280.43,-196.57000000000016,1.0
344,short,2025-01-18T09:30:00Z,3280.43,2025-01-18T17:15:00Z,3277.01,3.419999999999618,1.0
345,long,2025-01-18T17:15:00Z,3277.01,2025-01-18T20:15:00Z,3280.72,3.7099999999995816,1.0
346,short,2025-01-18T20:15:00Z,3280.72,2025-01-19T05:30:00Z,3277.49,3.230000000000018,1.0
347,long,2025-01-19T05:30:00Z,3277.49,2025-01-19T13:45:00Z,3209.83,-67.65999999999985,1.0
348,short,2025-01-19T13:45:00Z,3209.83,2025-01-19T19:15:00Z,3424.0,-214.17000000000007,1.0
349,long,2025-01-19T19:15:00Z,3424.0,2025-01-20T02:45:00Z,3237.54,-186.46000000000004,1.0
350,short,2025-01-20T02:45:00Z,3237.54,2025-01-20T10:30:00Z,3389.37,-151.82999999999993,1.0
351,long,2025-01-20T10:30:00Z,3389.37,2025-01-20T15:45:00Z,3357.53,-31.83999999999969,1.0
352,short,2025-01-20T15:45:00Z,3357.53,2025-01-20T22:30:00Z,3304.36,53.17000000000007,1.0
353,long,2025-01-20T22:30:00Z,3304.36,2025-01-21T04:15:00Z,3245.99,-58.370000000000346,1.0
354,short,2025-01-21T04:15:00Z,3245.99,2025-01-21T14:00:00Z,3308.63,-62.64000000000033,1.0
355,long,2025-01-21T14:00:00Z,3308.63,2025-01-22T10:30:00Z,3299.5,-9.13000000000011,1.0
356,short,2025-01-22T10:30:00Z,3299.5,2025-01-22T14:30:00Z,3305.68,-6.179999999999836,1.0
357,long,2025-01-22T14:30:00Z,3305.68,2025-01-23T01:15:00Z,3248.88,-56.79999999999973,1.0
358,short,2025-01-23T01:15:00Z,3248.88,2025-01-23T03:00:00Z,3222.53,26.34999999999991,1.0
359,long,2025-01-23T03:00:00Z,3222.53,2025-01-23T08:30:00Z,3221.46,-1.0700000000001637,1.0
360,short,2025-01-23T08:30:00Z,3221.46,2025-01-23T18:00:00Z,3264.89,-43.429999999999836,1.0
361,long,2025-01-23T18:00:00Z,3264.89,2025-01-23T23:30:00Z,3335.43,70.53999999999996,1.0
362,short,2025-01-23T23:30:00Z,3335.43,2025-01-24T12:45:00Z,3393.86,-58.43000000000029,1.0
363,long,2025-01-24T12:45:00Z,3393.86,2025-01-25T02:30:00Z,3297.0,-96.86000000000013,1.0
364,short,2025-01-25T02:30:00Z,3297.0,2025-01-25T07:30:00Z,3289.88,7.119999999999891,1.0
365,long,2025-01-25T07:30:00Z,3289.88,2025-01-25T12:15:00Z,3300.68,10.799999999999727,1.0
366,short,2025-01-25T12:15:00Z,3300.68,2025-01-25T19:00:00Z,3340.8,-40.120000000000346,1.0
367,long,2025-01-25T19:00:00Z,3340.8,2025-01-26T04:00:00Z,3337.46,-3.3400000000001455,1.0
368,short,2025-01-26T04:00:00Z,3337.46,2025-01-26T08:00:00Z,3337.52,-0.05999999999994543,1.0
369,long,2025-01-26T08:00:00Z,3337.52,2025-01-26T13:30:00Z,3300.24,-37.2800000000002,1.0
370,short,2025-01-26T13:30:00Z,3300.24,2025-01-26T21:45:00Z,3304.25,-4.010000000000218,1.0
371,long,2025-01-26T21:45:00Z,3304.25,2025-01-27T08:45:00Z,3040.73,-263.52,1.0
372,short,2025-01-27T08:45:00Z,3040.73,2025-01-27T17:45:00Z,3088.27,-47.539999999999964,1.0
373,long,2025-01-27T17:45:00Z,3088.27,2025-01-27T21:30:00Z,3179.61,91.34000000000015,1.0
374,short,2025-01-27T21:30:00Z,3179.61,2025-01-28T01:45:00Z,3156.72,22.890000000000327,1.0
375,long,2025-01-28T01:45:00Z,3156.72,2025-01-28T16:00:00Z,3180.15,23.43000000000029,1.0
376,short,2025-01-28T16:00:00Z,3180.15,2025-01-29T10:00:00Z,3129.28,50.86999999999989,1.0
377,long,2025-01-29T10:00:00Z,3129.28,2025-01-29T20:45:00Z,3132.47,3.1899999999996,1.0
378,short,2025-01-29T20:45:00Z,3132.47,2025-01-30T00:45:00Z,3110.41,22.059999999999945,1.0
379,long,2025-01-30T00:45:00Z,3110.41,2025-01-30T02:15:00Z,3143.34,32.93000000000029,1.0
380,short,2025-01-30T02:15:00Z,3143.34,2025-01-30T07:30:00Z,3185.6,-42.25999999999976,1.0
381,long,2025-01-30T07:30:00Z,3185.6,2025-01-30T10:15:00Z,3211.67,26.070000000000164,1.0
382,short,2025-01-30T10:15:00Z,3211.67,2025-01-30T16:45:00Z,3261.79,-50.11999999999989,1.0
383,long,2025-01-30T16:45:00Z,3261.79,2025-01-31T07:00:00Z,3261.67,-0.11999999999989086,1.0
384,short,2025-01-31T07:00:00Z,3261.67,2025-01-31T09:30:00Z,3249.28,12.389999999999873,1.0
385,long,2025-01-31T09:30:00Z,3249.28,2025-01-31T12:45:00Z,3346.4,97.11999999999989,1.0
386,short,2025-01-31T12:45:00Z,3346.4,2025-01-31T17:30:00Z,3396.0,-49.59999999999991,1.0
387,long,2025-01-31T17:30:00Z,3396.0,2025-01-31T23:00:00Z,3295.03,-100.9699999999998,1.0
388,short,2025-01-31T23:00:00Z,3295.03,2025-02-01T04:15:00Z,3287.27,7.760000000000218,1.0
389,long,2025-02-01T04:15:00Z,3287.27,2025-02-01T13:45:00Z,3256.63,-30.639999999999873,1.0
390,short,2025-02-01T13:45:00Z,3256.63,2025-02-01T20:00:00Z,3195.18,61.45000000000027,1.0
391,long,2025-02-01T20:00:00Z,3195.18,2025-02-02T01:15:00Z,3153.54,-41.63999999999987,1.0
392,short,2025-02-02T01:15:00Z,3153.54,2025-02-02T04:00:00Z,3076.48,77.05999999999995,1.0
393,long,2025-02-02T04:00:00Z,3076.48,2025-02-02T06:45:00Z,3120.39,43.909999999999854,1.0
394,short,2025-02-02T06:45:00Z,3120.39,2025-02-02T17:30:00Z,3008.57,111.81999999999971,1.0
395,long,2025-02-02T17:30:00Z,3008.57,2025-02-02T20:45:00Z,2958.66,-49.91000000000031,1.0
396,short,2025-02-02T20:45:00Z,2958.66,2025-02-03T02:45:00Z,2496.72,461.94000000000005,1.0
397,long,2025-02-03T02:45:00Z,2496.72,2025-02-03T06:45:00Z,2509.03,12.3100000000004,1.0
398,short,2025-02-03T06:45:00Z,2509.03,2025-02-03T13:45:00Z,2575.43,-66.39999999999964,1.0
399,long,2025-02-03T13:45:00Z,2575.43,2025-02-03T16:15:00Z,2694.6,119.17000000000007,1.0
400,short,2025-02-03T16:15:00Z,2694.6,2025-02-03T21:30:00Z,2718.88,-24.2800000000002,1.0
401,long,2025-02-03T21:30:00Z,2718.88,2025-02-04T10:00:00Z,2693.32,-25.559999999999945,1.0
402,short,2025-02-04T10:00:00Z,2693.32,2025-02-04T16:15:00Z,2800.52,-107.19999999999982,1.0
403,long,2025-02-04T16:15:00Z,2800.52,2025-02-05T00:45:00Z,2725.79,-74.73000000000002,1.0
404,short,2025-02-05T00:45:00Z,2725.79,2025-02-05T15:45:00Z,2771.81,-46.01999999999998,1.0
405,long,2025-02-05T15:45:00Z,2771.81,2025-02-05T20:30:00Z,2771.76,-0.04999999999972715,1.0
406,short,2025-02-05T20:30:00Z,2771.76,2025-02-06T08:30:00Z,2837.61,-65.84999999999991,1.0
407,long,2025-02-06T08:30:00Z,2837.61,2025-02-06T19:45:00Z,2697.23,-140.3800000000001,1.0
408,short,2025-02-06T19:45:00Z,2697.23,2025-02-07T07:00:00Z,2695.18,2.050000000000182,1.0
409,long,2025-02-07T07:00:00Z,2695.18,2025-02-07T09:00:00Z,2728.37,33.190000000000055,1.0
410,short,2025-02-07T09:00:00Z,2728.37,2025-02-07T16:30:00Z,2712.46,15.909999999999854,1.0
411,long,2025-02-07T16:30:00Z,2712.46,2025-02-08T00:15:00Z,2629.39,-83.07000000000016,1.0
412,short,2025-02-08T00:15:00Z,2629.39,2025-02-08T06:15:00Z,2624.75,4.639999999999873,1.0
413,long,2025-02-08T06:15:00Z,2624.75,2025-02-08T11:00:00Z,2616.89,-7.860000000000127,1.0
414,short,2025-02-08T11:00:00Z,2616.89,2025-02-08T21:45:00Z,2639.88,-22.990000000000236,1.0
415,long,2025-02-08T21:45:00Z,2639.88,2025-02-09T02:15:00Z,2643.98,4.099999999999909,1.0
416,short,2025-02-09T02:15:00Z,2643.98,2025-02-09T07:00:00Z,2661.83,-17.84999999999991,1.0
417,long,2025-02-09T07:00:00Z,2661.83,2025-02-09T16:30:00Z,2654.32,-7.5099999999997635,1.0
418,short,2025-02-09T16:30:00Z,2654.32,2025-02-09T20:15:00Z,2629.44,24.88000000000011,1.0
419,long,2025-02-09T20:15:00Z,2629.44,2025-02-10T01:15:00Z,2628.73,-0.7100000000000364,1.0
420,short,2025-02-10T01:15:00Z,2628.73,2025-02-10T02:45:00Z,2588.8,39.929999999999836,1.0
421,long,2025-02-10T02:45:00Z,2588.8,2025-02-10T04:45:00Z,2626.23,37.429999999999836,1.0
422,short,2025-02-10T04:45:00Z,2626.23,2025-02-10T13:15:00Z,2648.75,-22.519999999999982,1.0
423,long,2025-02-10T13:15:00Z,2648.75,2025-02-10T18:45:00Z,2676.15,27.40000000000009,1.0
424,short,2025-02-10T18:45:00Z,2676.15,2025-02-10T22:30:00Z,2667.75,8.400000000000091,1.0
425,long,2025-02-10T22:30:00Z,2667.75,2025-02-11T01:15:00Z,2695.87,28.11999999999989,1.0
426,short,2025-02-11T01:15:00Z,2695.87,2025-02-11T04:15:00Z,2676.75,19.11999999999989,1.0
427,long,2025-02-11T04:15:00Z,2676.75,2025-02-11T06:15:00Z,2704.32,27.570000000000164,1.0
428,short,2025-02-11T06:15:00Z,2704.32,2025-02-11T10:45:00Z,2696.14,8.180000000000291,1.0
429,long,2025-02-11T10:45:00Z,2696.14,2025-02-11T22:15:00Z,2622.82,-73.31999999999971,1.0
430,short,2025-02-11T22:15:00Z,2622.82,2025-02-12T14:45:00Z,2591.73,31.090000000000146,1.0
431,long,2025-02-12T14:45:00Z,2591.73,2025-02-12T18:00:00Z,2672.09,80.36000000000013,1.0
432,short,2025-02-12T18:00:00Z,2672.09,2025-02-13T01:15:00Z,2733.14,-61.04999999999973,1.0
433,long,2025-02-13T01:15:00Z,2733.14,2025-02-13T11:00:00Z,2676.12,-57.01999999999998,1.0
434,short,2025-02-13T11:00:00Z,2676.12,2025-02-14T06:00:00Z,2697.59,-21.470000000000255,1.0
435,long,2025-02-14T06:00:00Z,2697.59,2025-02-14T15:15:00Z,2702.23,4.639999999999873,1.0
436,short,2025-02-14T15:15:00Z,2702.23,2025-02-14T20:15:00Z,2743.86,-41.63000000000011,1.0
437,long,2025-02-14T20:15:00Z,2743.86,2025-02-15T03:45:00Z,2726.47,-17.390000000000327,1.0
438,short,2025-02-15T03:45:00Z,2726.47,2025-02-15T07:30:00Z,2704.76,21.70999999999958,1.0
439,long,2025-02-15T07:30:00Z,2704.76,2025-02-15T11:30:00Z,2702.98,-1.7800000000002,1.0
440,short,2025-02-15T11:30:00Z,2702.98,2025-02-15T15:00:00Z,2687.51,15.4699999999998,1.0
441,long,2025-02-15T15:00:00Z,2687.51,2025-02-15T19:15:00Z,2700.28,12.769999999999982,1.0
442,short,2025-02-15T19:15:00Z,2700.28,2025-02-16T03:45:00Z,2692.91,7.370000000000346,1.0
443,long,2025-02-16T03:45:00Z,2692.91,2025-02-16T05:15:00Z,2697.99,5.079999999999927,1.0
444,short,2025-02-16T05:15:00Z,2697.99,2025-02-16T08:15:00Z,2696.59,1.3999999999996362,1.0
445,long,2025-02-16T08:15:00Z,2696.59,2025-02-16T12:30:00Z,2707.16,10.569999999999709,1.0
446,short,2025-02-16T12:30:00Z,2707.16,2025-02-16T14:45:00Z,2691.3,15.859999999999673,1.0
447,long,2025-02-16T14:45:00Z,2691.3,2025-02-16T17:45:00Z,2693.11,1.8099999999999454,1.0
448,short,2025-02-16T17:45:00Z,2693.11,2025-02-17T16:45:00Z,2735.41,-42.29999999999973,1.0
449,long,2025-02-17T16:45:00Z,2735.41,2025-02-17T21:00:00Z,2731.31,-4.099999999999909,1.0
450,short,2025-02-17T21:00:00Z,2731.31,2025-02-18T01:15:00Z,2723.61,7.699999999999818,1.0
451,long,2025-02-18T01:15:00Z,2723.61,2025-02-18T09:00:00Z,2665.99,-57.620000000000346,1.0
452,short,2025-02-18T09:00:00Z,2665.99,2025-02-18T16:00:00Z,2672.38,-6.390000000000327,1.0
453,long,2025-02-18T16:00:00Z,2672.38,2025-02-18T20:45:00Z,2620.91,-51.470000000000255,1.0
454,short,2025-02-18T20:45:00Z,2620.91,2025-02-19T13:15:00Z,2709.95,-89.03999999999996,1.0
455,long,2025-02-19T13:15:00Z,2709.95,2025-02-19T17:15:00Z,2707.97,-1.9800000000000182,1.0
456,short,2025-02-19T17:15:00Z,2707.97,2025-02-20T06:30:00Z,2728.42,-20.450000000000273,1.0
457,long,2025-02-20T06:30:00Z,2728.42,2025-02-20T11:15:00Z,2738.01,9.590000000000146,1.0
458,short,2025-02-20T11:15:00Z,2738.01,2025-02-20T16:00:00Z,2711.24,26.770000000000437,1.0
459,long,2025-02-20T16:00:00Z,2711.24,2025-02-21T04:15:00Z,2747.43,36.190000000000055,1.0
460,short,2025-02-21T04:15:00Z,2747.43,2025-02-21T09:15:00Z,2758.34,-10.91000000000031,1.0
461,long,2025-02-21T09:15:00Z,2758.34,2025-02-21T23:00:00Z,2642.15,-116.19000000000005,1.0
462,short,2025-02-21T23:00:00Z,2642.15,2025-02-22T13:15:00Z,2734.25,-92.09999999999991,1.0
463,long,2025-02-22T13:15:00Z,2734.25,2025-02-22T16:30:00Z,2775.66,41.409999999999854,1.0
464,short,2025-02-22T16:30:00Z,2775.66,2025-02-22T19:30:00Z,2764.89,10.769999999999982,1.0
465,long,2025-02-22T19:30:00Z,2764.89,2025-02-23T06:00:00Z,2780.51,15.620000000000346,1.0
466,short,2025-02-23T06:00:00Z,2780.51,2025-02-23T10:00:00Z,2806.57,-26.059999999999945,1.0
467,long,2025-02-23T10:00:00Z,2806.57,2025-02-23T18:45:00Z,2809.52,2.949999999999818,1.0
468,short,2025-02-23T18:45:00Z,2809.52,2025-02-23T20:45:00Z,2798.47,11.050000000000182,1.0
469,long,2025-02-23T20:45:00Z,2798.47,2025-02-24T07:30:00Z,2720.22,-78.25,1.0
470,short,2025-02-24T07:30:00Z,2720.22,2025-02-24T23:15:00Z,2535.04,185.17999999999984,1.0
471,long,2025-02-24T23:15:00Z,2535.04,2025-02-25T02:15:00Z,2485.15,-49.88999999999987,1.0
472,short,2025-02-25T02:15:00Z,2485.15,2025-02-25T08:00:00Z,2366.83,118.32000000000016,1.0
473,long,2025-02-25T08:00:00Z,2366.83,2025-02-25T11:15:00Z,2380.63,13.800000000000182,1.0
474,short,2025-02-25T11:15:00Z,2380.63,2025-02-25T15:45:00Z,2397.75,-17.11999999999989,1.0
475,long,2025-02-25T15:45:00Z,2397.75,2025-02-25T17:45:00Z,2421.47,23.7199999999998,1.0
476,short,2025-02-25T17:45:00Z,2421.47,2025-02-26T01:00:00Z,2474.23,-52.76000000000022,1.0
477,long,2025-02-26T01:00:00Z,2474.23,2025-02-26T03:45:00Z,2492.61,18.38000000000011,1.0
478,short,2025-02-26T03:45:00Z,2492.61,2025-02-26T06:15:00Z,2480.04,12.570000000000164,1.0
479,long,2025-02-26T06:15:00Z,2480.04,2025-02-26T11:30:00Z,2480.67,0.6300000000001091,1.0
480,short,2025-02-26T11:30:00Z,2480.67,2025-02-26T13:30:00Z,2434.3,46.36999999999989,1.0
481,long,2025-02-26T13:30:00Z,2434.3,2025-02-26T15:45:00Z,2434.3,0.0,1.0
482,short,2025-02-26T15:45:00Z,2434.3,2025-02-26T19:00:00Z,2291.64,142.6600000000003,1.0
483,long,2025-02-26T19:00:00Z,2291.64,2025-02-26T21:30:00Z,2328.89,37.25,1.0
484,short,2025-02-26T21:30:00Z,2328.89,2025-02-27T04:15:00Z,2316.7,12.190000000000055,1.0
485,long,2025-02-27T04:15:00Z,2316.7,2025-02-27T07:00:00Z,2347.78,31.080000000000382,1.0
486,short,2025-02-27T07:00:00Z,2347.78,2025-02-27T12:30:00Z,2351.02,-3.2399999999997817,1.0
487,long,2025-02-27T12:30:00Z,2351.02,2025-02-27T18:45:00Z,2322.77,-28.25,1.0
488,short,2025-02-27T18:45:00Z,2322.77,2025-02-27T21:30:00Z,2259.24,63.5300000000002,1.0
489,long,2025-02-27T21:30:00Z,2259.24,2025-02-28T00:15:00Z,2302.44,43.20000000000027,1.0
490,short,2025-02-28T00:15:00Z,2302.44,2025-02-28T02:30:00Z,2204.44,98.0,1.0
491,long,2025-02-28T02:30:00Z,2204.44,2025-02-28T06:30:00Z,2114.92,-89.51999999999998,1.0
492,short,2025-02-28T06:30:00Z,2114.92,2025-02-28T18:45:00Z,2226.0,-111.07999999999993,1.0
493,long,2025-02-28T18:45:00Z,2226.0,2025-03-01T00:30:00Z,2232.5,6.5,1.0
494,short,2025-03-01T00:30:00Z,2232.5,2025-03-01T07:45:00Z,2226.16,6.3400000000001455,1.0
495,long,2025-03-01T07:45:00Z,2226.16,2025-03-01T15:45:00Z,2171.38,-54.779999999999745,1.0
496,short,2025-03-01T15:45:00Z,2171.38,2025-03-01T23:30:00Z,2205.69,-34.309999999999945,1.0
497,long,2025-03-01T23:30:00Z,2205.69,2025-03-02T05:00:00Z,2226.27,20.579999999999927,1.0
498,short,2025-03-02T05:00:00Z,2226.27,2025-03-02T08:45:00Z,2210.92,15.349999999999909,1.0
499,long,2025-03-02T08:45:00Z,2210.92,2025-03-02T16:15:00Z,2237.3,26.38000000000011,1.0
500,short,2025-03-02T16:15:00Z,2237.3,2025-03-03T00:30:00Z,2487.34,-250.03999999999996,1.0
501,long,2025-03-03T00:30:00Z,2487.34,2025-03-03T05:30:00Z,2440.8,-46.539999999999964,1.0
502,short,2025-03-03T05:30:00Z,2440.8,2025-03-03T07:30:00Z,2375.3,65.5,1.0
503,long,2025-03-03T07:30:00Z,2375.3,2025-03-03T11:15:00Z,2353.53,-21.769999999999982,1.0
504,short,2025-03-03T11:15:00Z,2353.53,2025-03-03T19:45:00Z,2184.85,168.6800000000003,1.0
505,long,2025-03-03T19:45:00Z,2184.85,2025-03-03T23:15:00Z,2151.95,-32.90000000000009,1.0
506,short,2025-03-03T23:15:00Z,2151.95,2025-03-04T02:30:00Z,2054.41,97.53999999999996,1.0
507,long,2025-03-04T02:30:00Z,2054.41,2025-03-04T05:00:00Z,2080.98,26.570000000000164,1.0
508,short,2025-03-04T05:00:00Z,2080.98,2025-03-04T08:15:00Z,2082.29,-1.3099999999999454,1.0
509,long,2025-03-04T08:15:00Z,2082.29,2025-03-04T09:45:00Z,2102.08,19.789999999999964,1.0
510,short,2025-03-04T09:45:00Z,2102.08,2025-03-05T00:15:00Z,2170.87,-68.78999999999996,1.0
511,long,2025-03-05T00:15:00Z,2170.87,2025-03-05T08:00:00Z,2206.02,35.15000000000009,1.0
512,short,2025-03-05T08:00:00Z,2206.02,2025-03-05T12:00:00Z,2216.6,-10.579999999999927,1.0
513,long,2025-03-05T12:00:00Z,2216.6,2025-03-05T17:45:00Z,2193.73,-22.86999999999989,1.0
514,short,2025-03-05T17:45:00Z,2193.73,2025-03-06T07:30:00Z,2296.0,-102.26999999999998,1.0
515,long,2025-03-06T07:30:00Z,2296.0,2025-03-06T16:30:00Z,2243.2,-52.80000000000018,1.0
516,short,2025-03-06T16:30:00Z,2243.2,2025-03-06T18:45:00Z,2195.99,47.210000000000036,1.0
517,long,2025-03-06T18:45:00Z,2195.99,2025-03-06T20:45:00Z,2193.32,-2.669999999999618,1.0
518,short,2025-03-06T20:45:00Z,2193.32,2025-03-07T01:15:00Z,2145.55,47.76999999999998,1.0
519,long,2025-03-07T01:15:00Z,2145.55,2025-03-07T02:30:00Z,2162.5,16.949999999999818,1.0
520,short,2025-03-07T02:30:00Z,2162.5,2025-03-07T17:30:00Z,2157.75,4.75,1.0
521,long,2025-03-07T17:30:00Z,2157.75,2025-03-08T00:45:00Z,2144.01,-13.739999999999782,1.0
522,short,2025-03-08T00:45:00Z,2144.01,2025-03-08T08:45:00Z,2129.7,14.3100000000004,1.0
523,long,2025-03-08T08:45:00Z,2129.7,2025-03-08T11:15:00Z,2132.14,2.4400000000000546,1.0
524,short,2025-03-08T11:15:00Z,2132.14,2025-03-08T16:45:00Z,2180.12,-47.98000000000002,1.0
525,long,2025-03-08T16:45:00Z,2180.12,2025-03-08T20:15:00Z,2222.01,41.89000000000033,1.0
526,short,2025-03-08T20:15:00Z,2222.01,2025-03-08T23:00:00Z,2206.66,15.350000000000364,1.0
527,long,2025-03-08T23:00:00Z,2206.66,2025-03-09T05:45:00Z,2187.01,-19.649999999999636,1.0
528,short,2025-03-09T05:45:00Z,2187.01,2025-03-09T11:15:00Z,2139.42,47.590000000000146,1.0
529,long,2025-03-09T11:15:00Z,2139.42,2025-03-09T15:45:00Z,2106.09,-33.32999999999993,1.0
530,short,2025-03-09T15:45:00Z,2106.09,2025-03-09T18:00:00Z,2022.83,83.26000000000022,1.0
531,long,2025-03-09T18:00:00Z,2022.83,2025-03-09T20:30:00Z,2042.46,19.63000000000011,1.0
532,short,2025-03-09T20:30:00Z,2042.46,2025-03-10T07:00:00Z,2066.0,-23.539999999999964,1.0
533,long,2025-03-10T07:00:00Z,2066.0,2025-03-10T22:00:00Z,1886.37,-179.6300000000001,1.0
534,short,2025-03-10T22:00:00Z,1886.37,2025-03-11T01:30:00Z,1808.67,77.69999999999982,1.0
535,long,2025-03-11T01:30:00Z,1808.67,2025-03-11T02:45:00Z,1857.39,48.72000000000003,1.0
536,short,2025-03-11T02:45:00Z,1857.39,2025-03-11T13:00:00Z,1894.2,-36.809999999999945,1.0
537,long,2025-03-11T13:00:00Z,1894.2,2025-03-11T17:15:00Z,1909.31,15.1099999999999,1.0
538,short,2025-03-11T17:15:00Z,1909.31,2025-03-12T00:15:00Z,1916.76,-7.4500000000000455,1.0
539,long,2025-03-12T00:15:00Z,1916.76,2025-03-12T06:30:00Z,1869.77,-46.99000000000001,1.0
540,short,2025-03-12T06:30:00Z,1869.77,2025-03-12T15:30:00Z,1850.49,19.279999999999973,1.0
541,long,2025-03-12T15:30:00Z,1850.49,2025-03-12T18:00:00Z,1867.13,16.6400000000001,1.0
542,short,2025-03-12T18:00:00Z,1867.13,2025-03-13T02:00:00Z,1906.2,-39.069999999999936,1.0
543,long,2025-03-13T02:00:00Z,1906.2,2025-03-13T08:00:00Z,1871.2,-35.0,1.0
544,short,2025-03-13T08:00:00Z,1871.2,2025-03-13T14:15:00Z,1888.84,-17.639999999999873,1.0
545,long,2025-03-13T14:15:00Z,1888.84,2025-03-13T19:45:00Z,1841.55,-47.289999999999964,1.0
546,short,2025-03-13T19:45:00Z,1841.55,2025-03-14T09:30:00Z,1896.98,-55.430000000000064,1.0
547,long,2025-03-14T09:30:00Z,1896.98,2025-03-14T12:15:00Z,1903.72,6.740000000000009,1.0
548,short,2025-03-14T12:15:00Z,1903.72,2025-03-14T18:45:00Z,1937.94,-34.22000000000003,1.0
549,long,2025-03-14T18:45:00Z,1937.94,2025-03-15T04:00:00Z,1919.79,-18.15000000000009,1.0
550,short,2025-03-15T04:00:00Z,1919.79,2025-03-15T08:45:00Z,1918.75,1.0399999999999636,1.0
551,long,2025-03-15T08:45:00Z,1918.75,2025-03-15T12:00:00Z,1928.0,9.25,1.0
552,short,2025-03-15T12:00:00Z,1928.0,2025-03-15T19:30:00Z,1931.93,-3.9300000000000637,1.0
553,long,2025-03-15T19:30:00Z,1931.93,2025-03-15T22:30:00Z,1945.0,13.069999999999936,1.0
554,short,2025-03-15T22:30:00Z,1945.0,2025-03-16T00:15:00Z,1937.53,7.470000000000027,1.0
555,long,2025-03-16T00:15:00Z,1937.53,2025-03-16T05:45:00Z,1928.01,-9.519999999999982,1.0
556,short,2025-03-16T05:45:00Z,1928.01,2025-03-16T09:15:00Z,1919.43,8.579999999999927,1.0
557,long,2025-03-16T09:15:00Z,1919.43,2025-03-16T14:00:00Z,1878.65,-40.77999999999997,1.0
558,short,2025-03-16T14:00:00Z,1878.65,2025-03-16T20:00:00Z,1881.78,-3.1299999999998818,1.0
559,long,2025-03-16T20:00:00Z,1881.78,2025-03-17T01:30:00Z,1896.96,15.180000000000064,1.0
560,short,2025-03-17T01:30:00Z,1896.96,2025-03-17T05:30:00Z,1902.06,-5.099999999999909,1.0
561,long,2025-03-17T05:30:00Z,1902.06,2025-03-17T09:45:00Z,1904.34,2.2799999999999727,1.0
562,short,2025-03-17T09:45:00Z,1904.34,2025-03-17T13:00:00Z,1907.5,-3.160000000000082,1.0
563,long,2025-03-17T13:00:00Z,1907.5,2025-03-17T16:30:00Z,1915.87,8.36999999999989,1.0
564,short,2025-03-17T16:30:00Z,1915.87,2025-03-17T21:30:00Z,1937.77,-21.90000000000009,1.0
565,long,2025-03-17T21:30:00Z,1937.77,2025-03-18T09:30:00Z,1904.6,-33.17000000000007,1.0
566,short,2025-03-18T09:30:00Z,1904.6,2025-03-19T03:00:00Z,1932.87,-28.269999999999982,1.0
567,long,2025-03-19T03:00:00Z,1932.87,2025-03-19T12:00:00Z,2026.98,94.11000000000013,1.0
568,short,2025-03-19T12:00:00Z,2026.98,2025-03-19T18:15:00Z,2027.5,-0.5199999999999818,1.0
569,long,2025-03-19T18:15:00Z,2027.5,2025-03-20T13:30:00Z,1985.22,-42.27999999999997,1.0
570,short,2025-03-20T13:30:00Z,1985.22,2025-03-20T17:00:00Z,1957.91,27.309999999999945,1.0
571,long,2025-03-20T17:00:00Z,1957.91,2025-03-20T20:15:00Z,1970.64,12.730000000000018,1.0
572,short,2025-03-20T20:15:00Z,1970.64,2025-03-21T04:00:00Z,1977.26,-6.619999999999891,1.0
573,long,2025-03-21T04:00:00Z,1977.26,2025-03-21T17:15:00Z,1963.1,-14.160000000000082,1.0
574,short,2025-03-21T17:15:00Z,1963.1,2025-03-21T23:00:00Z,1965.38,-2.2800000000002,1.0
575,long,2025-03-21T23:00:00Z,1965.38,2025-03-22T05:00:00Z,1988.03,22.649999999999864,1.0
576,short,2025-03-22T05:00:00Z,1988.03,2025-03-22T07:45:00Z,1988.18,-0.15000000000009095,1.0
577,long,2025-03-22T07:45:00Z,1988.18,2025-03-22T18:30:00Z,1992.72,4.539999999999964,1.0
578,short,2025-03-22T18:30:00Z,1992.72,2025-03-22T22:15:00Z,1987.75,4.970000000000027,1.0
579,long,2025-03-22T22:15:00Z,1987.75,2025-03-23T02:15:00Z,1992.11,4.3599999999999,1.0
580,short,2025-03-23T02:15:00Z,1992.11,2025-03-23T06:00:00Z,1998.88,-6.770000000000209,1.0
581,long,2025-03-23T06:00:00Z,1998.88,2025-03-23T08:45:00Z,2008.05,9.169999999999845,1.0
582,short,2025-03-23T08:45:00Z,2008.05,2025-03-23T12:45:00Z,2008.92,-0.8700000000001182,1.0
583,long,2025-03-23T12:45:00Z,2008.92,2025-03-23T20:45:00Z,1996.23,-12.690000000000055,1.0
584,short,2025-03-23T20:45:00Z,1996.23,2025-03-24T02:30:00Z,1985.46,10.769999999999982,1.0
585,long,2025-03-24T02:30:00Z,1985.46,2025-03-24T06:00:00Z,2047.96,62.5,1.0
586,short,2025-03-24T06:00:00Z,2047.96,2025-03-24T10:30:00Z,2092.29,-44.32999999999993,1.0
587,long,2025-03-24T10:30:00Z,2092.29,2025-03-24T19:30:00Z,2091.99,-0.3000000000001819,1.0
588,short,2025-03-24T19:30:00Z,2091.99,2025-03-24T21:30:00Z,2089.29,2.699999999999818,1.0
589,long,2025-03-24T21:30:00Z,2089.29,2025-03-25T01:15:00Z,2080.45,-8.840000000000146,1.0
590,short,2025-03-25T01:15:00Z,2080.45,2025-03-25T02:30:00Z,2068.71,11.739999999999782,1.0
591,long,2025-03-25T02:30:00Z,2068.71,2025-03-25T07:00:00Z,2054.98,-13.730000000000018,1.0
592,short,2025-03-25T07:00:00Z,2054.98,2025-03-25T13:15:00Z,2064.8,-9.820000000000164,1.0
593,long,2025-03-25T13:15:00Z,2064.8,2025-03-25T15:30:00Z,2073.89,9.08999999999969,1.0
594,short,2025-03-25T15:30:00Z,2073.89,2025-03-26T03:30:00Z,2053.61,20.279999999999745,1.0
595,long,2025-03-26T03:30:00Z,2053.61,2025-03-26T07:45:00Z,2068.05,14.440000000000055,1.0
596,short,2025-03-26T07:45:00Z,2068.05,2025-03-26T14:15:00Z,2029.22,38.830000000000155,1.0
597,long,2025-03-26T14:15:00Z,2029.22,2025-03-26T21:00:00Z,2009.75,-19.470000000000027,1.0
598,short,2025-03-26T21:00:00Z,2009.75,2025-03-27T06:15:00Z,2025.99,-16.24000000000001,1.0
599,long,2025-03-27T06:15:00Z,2025.99,2025-03-28T09:00:00Z,1906.26,-119.73000000000002,1.0
600,short,2025-03-28T09:00:00Z,1906.26,2025-03-29T03:30:00Z,1896.04,10.220000000000027,1.0
601,long,2025-03-29T03:30:00Z,1896.04,2025-03-29T14:15:00Z,1853.88,-42.159999999999854,1.0
602,short,2025-03-29T14:15:00Z,1853.88,2025-03-29T18:00:00Z,1816.94,36.940000000000055,1.0
603,long,2025-03-29T18:00:00Z,1816.94,2025-03-30T00:30:00Z,1821.6,4.6599999999998545,1.0
604,short,2025-03-30T00:30:00Z,1821.6,2025-03-30T06:45:00Z,1839.36,-17.75999999999999,1.0
605,long,2025-03-30T06:45:00Z,1839.36,2025-03-30T19:15:00Z,1822.34,-17.019999999999982,1.0
606,short,2025-03-30T19:15:00Z,1822.34,2025-03-30T22:30:00Z,1790.8,31.539999999999964,1.0
607,long,2025-03-30T22:30:00Z,1790.8,2025-03-31T02:15:00Z,1809.0,18.200000000000045,1.0
608,short,2025-03-31T02:15:00Z,1809.0,2025-03-31T08:00:00Z,1797.9,11.099999999999909,1.0
609,long,2025-03-31T08:00:00Z,1797.9,2025-03-31T11:45:00Z,1806.37,8.4699999999998,1.0
610,short,2025-03-31T11:45:00Z,1806.37,2025-03-31T18:15:00Z,1834.15,-27.7800000000002,1.0
611,long,2025-03-31T18:15:00Z,1834.15,2025-04-01T03:30:00Z,1833.76,-0.39000000000010004,1.0
612,short,2025-04-01T03:30:00Z,1833.76,2025-04-01T11:45:00Z,1859.83,-26.069999999999936,1.0
613,long,2025-04-01T11:45:00Z,1859.83,2025-04-01T16:00:00Z,1917.89,58.06000000000017,1.0
614,short,2025-04-01T16:00:00Z,1917.89,2025-04-01T19:45:00Z,1905.99,11.900000000000091,1.0
615,long,2025-04-01T19:45:00Z,1905.99,2025-04-01T22:15:00Z,1915.55,9.559999999999945,1.0
616,short,2025-04-01T22:15:00Z,1915.55,2025-04-02T01:30:00Z,1884.99,30.559999999999945,1.0
617,long,2025-04-02T01:30:00Z,1884.99,2025-04-02T09:00:00Z,1866.9,-18.089999999999918,1.0
618,short,2025-04-02T09:00:00Z,1866.9,2025-04-02T12:45:00Z,1866.85,0.0500000000001819,1.0
619,long,2025-04-02T12:45:00Z,1866.85,2025-04-02T16:00:00Z,1900.1,33.25,1.0
620,short,2025-04-02T16:00:00Z,1900.1,2025-04-02T18:45:00Z,1900.8,-0.7000000000000455,1.0
621,long,2025-04-02T18:45:00Z,1900.8,2025-04-03T02:30:00Z,1823.47,-77.32999999999993,1.0
622,short,2025-04-03T02:30:00Z,1823.47,2025-04-03T07:45:00Z,1811.15,12.319999999999936,1.0
623,long,2025-04-03T07:45:00Z,1811.15,2025-04-03T14:30:00Z,1778.01,-33.1400000000001,1.0
624,short,2025-04-03T14:30:00Z,1778.01,2025-04-04T02:15:00Z,1798.33,-20.319999999999936,1.0
625,long,2025-04-04T02:15:00Z,1798.33,2025-04-04T06:15:00Z,1804.77,6.440000000000055,1.0
626,short,2025-04-04T06:15:00Z,1804.77,2025-04-04T12:00:00Z,1783.15,21.61999999999989,1.0
627,long,2025-04-04T12:00:00Z,1783.15,2025-04-05T10:15:00Z,1819.4,36.25,1.0
628,short,2025-04-05T10:15:00Z,1819.4,2025-04-05T13:00:00Z,1797.04,22.360000000000127,1.0
629,long,2025-04-05T13:00:00Z,1797.04,2025-04-05T17:15:00Z,1783.52,-13.519999999999982,1.0
630,short,2025-04-05T17:15:00Z,1783.52,2025-04-06T03:15:00Z,1805.2,-21.680000000000064,1.0
631,long,2025-04-06T03:15:00Z,1805.2,2025-04-06T15:45:00Z,1764.19,-41.00999999999999,1.0
632,short,2025-04-06T15:45:00Z,1764.19,2025-04-06T19:15:00Z,1620.59,143.60000000000014,1.0
633,long,2025-04-06T19:15:00Z,1620.59,2025-04-06T22:15:00Z,1598.8,-21.789999999999964,1.0
634,short,2025-04-06T22:15:00Z,1598.8,2025-04-08T00:30:00Z,1553.57,45.23000000000002,1.0
635,long,2025-04-08T00:30:00Z,1553.57,2025-04-08T02:45:00Z,1591.86,38.289999999999964,1.0
636,short,2025-04-08T02:45:00Z,1591.86,2025-04-08T08:00:00Z,1569.97,21.889999999999873,1.0
637,long,2025-04-08T08:00:00Z,1569.97,2025-04-08T12:15:00Z,1584.27,14.299999999999955,1.0
638,short,2025-04-08T12:15:00Z,1584.27,2025-04-08T15:30:00Z,1526.75,57.51999999999998,1.0
639,long,2025-04-08T15:30:00Z,1526.75,2025-04-08T21:15:00Z,1474.72,-52.02999999999997,1.0
640,short,2025-04-08T21:15:00Z,1474.72,2025-04-09T12:15:00Z,1455.82,18.90000000000009,1.0
641,long,2025-04-09T12:15:00Z,1455.82,2025-04-09T18:30:00Z,1656.19,200.37000000000012,1.0
642,short,2025-04-09T18:30:00Z,1656.19,2025-04-09T23:45:00Z,1664.63,-8.440000000000055,1.0
643,long,2025-04-09T23:45:00Z,1664.63,2025-04-10T12:45:00Z,1598.24,-66.3900000000001,1.0
644,short,2025-04-10T12:45:00Z,1598.24,2025-04-10T14:30:00Z,1569.45,28.789999999999964,1.0
645,long,2025-04-10T14:30:00Z,1569.45,2025-04-10T19:15:00Z,1516.51,-52.940000000000055,1.0
646,short,2025-04-10T19:15:00Z,1516.51,2025-04-11T19:30:00Z,1567.34,-50.82999999999993,1.0
647,long,2025-04-11T19:30:00Z,1567.34,2025-04-12T05:30:00Z,1567.75,0.41000000000008185,1.0
648,short,2025-04-12T05:30:00Z,1567.75,2025-04-12T11:15:00Z,1596.48,-28.730000000000018,1.0
649,long,2025-04-12T11:15:00Z,1596.48,2025-04-12T14:45:00Z,1653.98,57.5,1.0
650,short,2025-04-12T14:45:00Z,1653.98,2025-04-12T17:30:00Z,1636.83,17.15000000000009,1.0
651,long,2025-04-12T17:30:00Z,1636.83,2025-04-13T07:30:00Z,1615.65,-21.179999999999836,1.0
652,short,2025-04-13T07:30:00Z,1615.65,2025-04-13T12:15:00Z,1605.23,10.420000000000073,1.0
653,long,2025-04-13T12:15:00Z,1605.23,2025-04-13T17:00:00Z,1595.01,-10.220000000000027,1.0
654,short,2025-04-13T17:00:00Z,1595.01,2025-04-14T06:45:00Z,1626.17,-31.160000000000082,1.0
655,long,2025-04-14T06:45:00Z,1626.17,2025-04-14T09:30:00Z,1633.11,6.939999999999827,1.0
656,short,2025-04-14T09:30:00Z,1633.11,2025-04-14T14:30:00Z,1667.35,-34.24000000000001,1.0
657,long,2025-04-14T14:30:00Z,1667.35,2025-04-15T01:15:00Z,1619.63,-47.7199999999998,1.0
658,short,2025-04-15T01:15:00Z,1619.63,2025-04-15T11:15:00Z,1628.14,-8.509999999999991,1.0
659,long,2025-04-15T11:15:00Z,1628.14,2025-04-16T02:45:00Z,1592.32,-35.820000000000164,1.0
660,short,2025-04-16T02:45:00Z,1592.32,2025-04-17T00:15:00Z,1578.04,14.279999999999973,1.0
661,long,2025-04-17T00:15:00Z,1578.04,2025-04-17T06:00:00Z,1598.28,20.24000000000001,1.0
662,short,2025-04-17T06:00:00Z,1598.28,2025-04-17T09:45:00Z,1595.8,2.480000000000018,1.0
663,long,2025-04-17T09:45:00Z,1595.8,2025-04-17T18:30:00Z,1608.49,12.690000000000055,1.0
664,short,2025-04-17T18:30:00Z,1608.49,2025-04-17T20:15:00Z,1586.82,21.670000000000073,1.0
665,long,2025-04-17T20:15:00Z,1586.82,2025-04-18T09:00:00Z,1586.17,-0.6499999999998636,1.0
666,short,2025-04-18T09:00:00Z,1586.17,2025-04-18T16:00:00Z,1582.28,3.8900000000001,1.0
667,long,2025-04-18T16:00:00Z,1582.28,2025-04-18T19:00:00Z,1592.72,10.440000000000055,1.0
668,short,2025-04-18T19:00:00Z,1592.72,2025-04-18T23:45:00Z,1590.53,2.1900000000000546,1.0
669,long,2025-04-18T23:45:00Z,1590.53,2025-04-19T04:45:00Z,1606.25,15.720000000000027,1.0
670,short,2025-04-19T04:45:00Z,1606.25,2025-04-19T07:15:00Z,1597.41,8.839999999999918,1.0
671,long,2025-04-19T07:15:00Z,1597.41,2025-04-19T14:45:00Z,1604.28,6.869999999999891,1.0
672,short,2025-04-19T14:45:00Z,1604.28,2025-04-20T00:15:00Z,1613.38,-9.100000000000136,1.0
673,long,2025-04-20T00:15:00Z,1613.38,2025-04-20T13:15:00Z,1572.35,-41.0300000000002,1.0
674,short,2025-04-20T13:15:00Z,1572.35,2025-04-20T23:00:00Z,1581.3,-8.950000000000045,1.0
675,long,2025-04-20T23:00:00Z,1581.3,2025-04-21T01:15:00Z,1610.81,29.50999999999999,1.0
676,short,2025-04-21T01:15:00Z,1610.81,2025-04-21T05:15:00Z,1637.78,-26.970000000000027,1.0
677,long,2025-04-21T05:15:00Z,1637.78,2025-04-21T21:30:00Z,1574.81,-62.97000000000003,1.0
678,short,2025-04-21T21:30:00Z,1574.81,2025-04-22T18:00:00Z,1699.62,-124.80999999999995,1.0
679,long,2025-04-22T18:00:00Z,1699.62,2025-04-22T22:30:00Z,1749.3,49.680000000000064,1.0
680,short,2025-04-22T22:30:00Z,1749.3,2025-04-23T07:30:00Z,1781.3,-32.0,1.0
681,long,2025-04-23T07:30:00Z,1781.3,2025-04-23T11:45:00Z,1796.46,15.160000000000082,1.0
682,short,2025-04-23T11:45:00Z,1796.46,2025-04-23T14:30:00Z,1797.3,-0.8399999999999181,1.0
683,long,2025-04-23T14:30:00Z,1797.3,2025-04-23T18:00:00Z,1799.99,2.6900000000000546,1.0
684,short,2025-04-23T18:00:00Z,1799.99,2025-04-24T01:00:00Z,1789.11,10.88000000000011,1.0
685,long,2025-04-24T01:00:00Z,1789.11,2025-04-24T11:30:00Z,1745.2,-43.909999999999854,1.0
686,short,2025-04-24T11:30:00Z,1745.2,2025-04-25T03:15:00Z,1746.79,-1.5899999999999181,1.0
687,long,2025-04-25T03:15:00Z,1746.79,2025-04-25T05:45:00Z,1764.78,17.99000000000001,1.0
688,short,2025-04-25T05:45:00Z,1764.78,2025-04-25T14:00:00Z,1768.1,-3.3199999999999363,1.0
689,long,2025-04-25T14:00:00Z,1768.1,2025-04-25T16:00:00Z,1805.69,37.590000000000146,1.0
690,short,2025-04-25T16:00:00Z,1805.69,2025-04-25T18:30:00Z,1795.22,10.470000000000027,1.0
691,long,2025-04-25T18:30:00Z,1795.22,2025-04-26T02:00:00Z,1806.4,11.180000000000064,1.0
692,short,2025-04-26T02:00:00Z,1806.4,2025-04-26T04:30:00Z,1793.78,12.620000000000118,1.0
693,long,2025-04-26T04:30:00Z,1793.78,2025-04-26T07:45:00Z,1802.98,9.200000000000045,1.0
694,short,2025-04-26T07:45:00Z,1802.98,2025-04-26T10:30:00Z,1805.5,-2.519999999999982,1.0
695,long,2025-04-26T10:30:00Z,1805.5,2025-04-26T16:00:00Z,1799.38,-6.119999999999891,1.0
696,short,2025-04-26T16:00:00Z,1799.38,2025-04-27T02:30:00Z,1814.94,-15.559999999999945,1.0
697,long,2025-04-27T02:30:00Z,1814.94,2025-04-27T09:00:00Z,1809.06,-5.880000000000109,1.0
698,short,2025-04-27T09:00:00Z,1809.06,2025-04-27T12:45:00Z,1802.03,7.029999999999973,1.0
699,long,2025-04-27T12:45:00Z,1802.03,2025-04-27T17:45:00Z,1797.36,-4.670000000000073,1.0
700,short,2025-04-27T17:45:00Z,1797.36,2025-04-27T23:00:00Z,1793.6,3.759999999999991,1.0
701,long,2025-04-27T23:00:00Z,1793.6,2025-04-28T04:45:00Z,1787.89,-5.709999999999809,1.0
702,short,2025-04-28T04:45:00Z,1787.89,2025-04-28T14:15:00Z,1790.85,-2.959999999999809,1.0
703,long,2025-04-28T14:15:00Z,1790.85,2025-04-28T18:45:00Z,1769.09,-21.75999999999999,1.0
704,short,2025-04-28T18:45:00Z,1769.09,2025-04-29T03:00:00Z,1793.92,-24.830000000000155,1.0
705,long,2025-04-29T03:00:00Z,1793.92,2025-04-29T07:15:00Z,1818.61,24.689999999999827,1.0
706,short,2025-04-29T07:15:00Z,1818.61,2025-04-29T13:45:00Z,1814.6,4.009999999999991,1.0
707,long,2025-04-29T13:45:00Z,1814.6,2025-04-30T01:00:00Z,1804.48,-10.11999999999989,1.0
708,short,2025-04-30T01:00:00Z,1804.48,2025-04-30T08:30:00Z,1795.45,9.029999999999973,1.0
709,long,2025-04-30T08:30:00Z,1795.45,2025-04-30T10:45:00Z,1807.51,12.059999999999945,1.0
710,short,2025-04-30T10:45:00Z,1807.51,2025-04-30T13:30:00Z,1771.49,36.01999999999998,1.0
711,long,2025-04-30T13:30:00Z,1771.49,2025-04-30T16:30:00Z,1761.14,-10.349999999999909,1.0
712,short,2025-04-30T16:30:00Z,1761.14,2025-05-01T00:30:00Z,1793.58,-32.43999999999983,1.0
713,long,2025-05-01T00:30:00Z,1793.58,2025-05-01T02:45:00Z,1813.27,19.690000000000055,1.0
714,short,2025-05-01T02:45:00Z,1813.27,2025-05-01T05:00:00Z,1808.3,4.970000000000027,1.0
715,long,2025-05-01T05:00:00Z,1808.3,2025-05-01T10:00:00Z,1816.61,8.309999999999945,1.0
716,short,2025-05-01T10:00:00Z,1816.61,2025-05-01T14:30:00Z,1839.1,-22.49000000000001,1.0
717,long,2025-05-01T14:30:00Z,1839.1,2025-05-02T03:30:00Z,1844.64,5.540000000000191,1.0
718,short,2025-05-02T03:30:00Z,1844.64,2025-05-02T06:30:00Z,1834.99,9.650000000000091,1.0
719,long,2025-05-02T06:30:00Z,1834.99,2025-05-02T09:45:00Z,1821.37,-13.620000000000118,1.0
720,short,2025-05-02T09:45:00Z,1821.37,2025-05-02T20:15:00Z,1842.77,-21.40000000000009,1.0
721,long,2025-05-02T20:15:00Z,1842.77,2025-05-03T05:15:00Z,1834.74,-8.029999999999973,1.0
722,short,2025-05-03T05:15:00Z,1834.74,2025-05-03T17:30:00Z,1819.66,15.079999999999927,1.0
723,long,2025-05-03T17:30:00Z,1819.66,2025-05-03T20:15:00Z,1834.61,14.949999999999818,1.0
724,short,2025-05-03T20:15:00Z,1834.61,2025-05-04T10:00:00Z,1827.0,7.6099999999999,1.0
725,long,2025-05-04T10:00:00Z,1827.0,2025-05-04T13:15:00Z,1829.25,2.25,1.0
726,short,2025-05-04T13:15:00Z,1829.25,2025-05-05T00:00:00Z,1807.87,21.38000000000011,1.0
727,long,2025-05-05T00:00:00Z,1807.87,2025-05-05T05:30:00Z,1804.1,-3.769999999999982,1.0
728,short,2025-05-05T05:30:00Z,1804.1,2025-05-05T11:15:00Z,1808.49,-4.3900000000001,1.0
729,long,2025-05-05T11:15:00Z,1808.49,2025-05-05T17:15:00Z,1805.61,-2.880000000000109,1.0
730,short,2025-05-05T17:15:00Z,1805.61,2025-05-05T21:00:00Z,1808.19,-2.5800000000001546,1.0
731,long,2025-05-05T21:00:00Z,1808.19,2025-05-06T05:30:00Z,1801.0,-7.190000000000055,1.0
732,short,2025-05-06T05:30:00Z,1801.0,2025-05-06T12:15:00Z,1772.21,28.789999999999964,1.0
733,long,2025-05-06T12:15:00Z,1772.21,2025-05-06T15:15:00Z,1768.51,-3.7000000000000455,1.0
734,short,2025-05-06T15:15:00Z,1768.51,2025-05-06T21:45:00Z,1771.38,-2.8700000000001182,1.0
735,long,2025-05-06T21:45:00Z,1771.38,2025-05-06T23:15:00Z,1804.83,33.44999999999982,1.0
736,short,2025-05-06T23:15:00Z,1804.83,2025-05-07T03:30:00Z,1823.3,-18.470000000000027,1.0
737,long,2025-05-07T03:30:00Z,1823.3,2025-05-07T08:15:00Z,1834.45,11.150000000000091,1.0
738,short,2025-05-07T08:15:00Z,1834.45,2025-05-07T11:45:00Z,1835.28,-0.8299999999999272,1.0
739,long,2025-05-07T11:45:00Z,1835.28,2025-05-07T22:00:00Z,1801.79,-33.49000000000001,1.0
740,short,2025-05-07T22:00:00Z,1801.79,2025-05-08T13:30:00Z,1966.78,-164.99,1.0
741,long,2025-05-08T13:30:00Z,1966.78,2025-05-08T16:00:00Z,2050.56,83.77999999999997,1.0
742,short,2025-05-08T16:00:00Z,2050.56,2025-05-08T23:45:00Z,2191.65,-141.09000000000015,1.0
743,long,2025-05-08T23:45:00Z,2191.65,2025-05-09T08:15:00Z,2369.41,177.75999999999976,1.0
744,short,2025-05-09T08:15:00Z,2369.41,2025-05-09T10:15:00Z,2351.6,17.809999999999945,1.0
745,long,2025-05-09T10:15:00Z,2351.6,2025-05-09T18:30:00Z,2334.14,-17.460000000000036,1.0
746,short,2025-05-09T18:30:00Z,2334.14,2025-05-10T12:15:00Z,2402.57,-68.43000000000029,1.0
747,long,2025-05-10T12:15:00Z,2402.57,2025-05-10T23:15:00Z,2569.95,167.37999999999965,1.0
748,short,2025-05-10T23:15:00Z,2569.95,2025-05-11T08:00:00Z,2472.61,97.33999999999969,1.0
749,long,2025-05-11T08:00:00Z,2472.61,2025-05-11T10:30:00Z,2507.25,34.63999999999987,1.0
750,short,2025-05-11T10:30:00Z,2507.25,2025-05-11T14:30:00Z,2481.75,25.5,1.0
751,long,2025-05-11T14:30:00Z,2481.75,2025-05-11T18:30:00Z,2478.56,-3.1900000000000546,1.0
752,short,2025-05-11T18:30:00Z,2478.56,2025-05-12T06:30:00Z,2506.89,-28.329999999999927,1.0
753,long,2025-05-12T06:30:00Z,2506.89,2025-05-12T07:45:00Z,2571.23,64.34000000000015,1.0
754,short,2025-05-12T07:45:00Z,2571.23,2025-05-12T11:00:00Z,2559.29,11.940000000000055,1.0
755,long,2025-05-12T11:00:00Z,2559.29,2025-05-12T21:15:00Z,2476.91,-82.38000000000011,1.0
756,short,2025-05-12T21:15:00Z,2476.91,2025-05-13T01:15:00Z,2464.68,12.230000000000018,1.0
757,long,2025-05-13T01:15:00Z,2464.68,2025-05-13T05:30:00Z,2452.87,-11.809999999999945,1.0
758,short,2025-05-13T05:30:00Z,2452.87,2025-05-13T21:00:00Z,2688.67,-235.80000000000018,1.0
759,long,2025-05-13T21:00:00Z,2688.67,2025-05-14T06:30:00Z,2665.81,-22.860000000000127,1.0
760,short,2025-05-14T06:30:00Z,2665.81,2025-05-14T08:45:00Z,2634.06,31.75,1.0
761,long,2025-05-14T08:45:00Z,2634.06,2025-05-14T12:15:00Z,2625.9,-8.159999999999854,1.0
762,short,2025-05-14T12:15:00Z,2625.9,2025-05-15T02:30:00Z,2589.97,35.93000000000029,1.0
763,long,2025-05-15T02:30:00Z,2589.97,2025-05-15T12:15:00Z,2546.13,-43.83999999999969,1.0
764,short,2025-05-15T12:15:00Z,2546.13,2025-05-15T15:00:00Z,2499.03,47.09999999999991,1.0
765,long,2025-05-15T15:00:00Z,2499.03,2025-05-15T17:15:00Z,2583.92,84.88999999999987,1.0
766,short,2025-05-15T17:15:00Z,2583.92,2025-05-15T19:30:00Z,2523.91,60.01000000000022,1.0
767,long,2025-05-15T19:30:00Z,2523.91,2025-05-15T23:00:00Z,2540.17,16.26000000000022,1.0
768,short,2025-05-15T23:00:00Z,2540.17,2025-05-16T13:30:00Z,2598.38,-58.210000000000036,1.0
769,long,2025-05-16T13:30:00Z,2598.38,2025-05-16T20:15:00Z,2586.21,-12.170000000000073,1.0
770,short,2025-05-16T20:15:00Z,2586.21,2025-05-16T23:15:00Z,2552.58,33.63000000000011,1.0
771,long,2025-05-16T23:15:00Z,2552.58,2025-05-17T03:30:00Z,2485.25,-67.32999999999993,1.0
772,short,2025-05-17T03:30:00Z,2485.25,2025-05-18T11:15:00Z,2505.34,-20.090000000000146,1.0
773,long,2025-05-18T11:15:00Z,2505.34,2025-05-18T14:15:00Z,2528.89,23.549999999999727,1.0
774,short,2025-05-18T14:15:00Z,2528.89,2025-05-18T18:30:00Z,2476.31,52.57999999999993,1.0
775,long,2025-05-18T18:30:00Z,2476.31,2025-05-18T22:15:00Z,2388.71,-87.59999999999991,1.0
776,short,2025-05-18T22:15:00Z,2388.71,2025-05-19T02:45:00Z,2407.99,-19.279999999999745,1.0
777,long,2025-05-19T02:45:00Z,2407.99,2025-05-19T08:15:00Z,2408.25,0.2600000000002183,1.0
778,short,2025-05-19T08:15:00Z,2408.25,2025-05-19T13:30:00Z,2402.49,5.760000000000218,1.0
779,long,2025-05-19T13:30:00Z,2402.49,2025-05-19T15:30:00Z,2448.15,45.66000000000031,1.0
780,short,2025-05-19T15:30:00Z,2448.15,2025-05-19T19:30:00Z,2497.36,-49.210000000000036,1.0
781,long,2025-05-19T19:30:00Z,2497.36,2025-05-20T03:00:00Z,2566.02,68.65999999999985,1.0
782,short,2025-05-20T03:00:00Z,2566.02,2025-05-20T07:00:00Z,2542.75,23.269999999999982,1.0
783,long,2025-05-20T07:00:00Z,2542.75,2025-05-20T16:15:00Z,2474.14,-68.61000000000013,1.0
784,short,2025-05-20T16:15:00Z,2474.14,2025-05-21T08:15:00Z,2559.19,-85.05000000000018,1.0
785,long,2025-05-21T08:15:00Z,2559.19,2025-05-21T12:00:00Z,2535.67,-23.519999999999982,1.0
786,short,2025-05-21T12:00:00Z,2535.67,2025-05-21T18:15:00Z,2480.31,55.36000000000013,1.0
787,long,2025-05-21T18:15:00Z,2480.31,2025-05-21T21:45:00Z,2507.36,27.050000000000182,1.0
788,short,2025-05-21T21:45:00Z,2507.36,2025-05-22T06:45:00Z,2617.61,-110.25,1.0
789,long,2025-05-22T06:45:00Z,2617.61,2025-05-22T09:45:00Z,2665.65,48.039999999999964,1.0
790,short,2025-05-22T09:45:00Z,2665.65,2025-05-22T11:45:00Z,2651.46,14.190000000000055,1.0
791,long,2025-05-22T11:45:00Z,2651.46,2025-05-22T15:30:00Z,2668.62,17.159999999999854,1.0
792,short,2025-05-22T15:30:00Z,2668.62,2025-05-22T20:15:00Z,2645.44,23.179999999999836,1.0
793,long,2025-05-22T20:15:00Z,2645.44,2025-05-23T00:15:00Z,2661.74,16.299999999999727,1.0
794,short,2025-05-23T00:15:00Z,2661.74,2025-05-23T05:30:00Z,2686.78,-25.04000000000042,1.0
795,long,2025-05-23T05:30:00Z,2686.78,2025-05-23T16:00:00Z,2567.37,-119.41000000000031,1.0
796,short,2025-05-23T16:00:00Z,2567.37,2025-05-23T21:30:00Z,2544.04,23.329999999999927,1.0
797,long,2025-05-23T21:30:00Z,2544.04,2025-05-24T03:45:00Z,2547.34,3.300000000000182,1.0
798,short,2025-05-24T03:45:00Z,2547.34,2025-05-24T13:00:00Z,2558.08,-10.739999999999782,1.0
799,long,2025-05-24T13:00:00Z,2558.08,2025-05-25T04:00:00Z,2511.78,-46.29999999999973,1.0
800,short,2025-05-25T04:00:00Z,2511.78,2025-05-25T07:15:00Z,2495.94,15.840000000000146,1.0
801,long,2025-05-25T07:15:00Z,2495.94,2025-05-25T11:00:00Z,2491.51,-4.429999999999836,1.0
802,short,2025-05-25T11:00:00Z,2491.51,2025-05-25T15:45:00Z,2503.36,-11.849999999999909,1.0
803,long,2025-05-25T15:45:00Z,2503.36,2025-05-25T19:00:00Z,2514.89,11.529999999999745,1.0
804,short,2025-05-25T19:00:00Z,2514.89,2025-05-26T03:30:00Z,2558.9,-44.01000000000022,1.0
805,long,2025-05-26T03:30:00Z,2558.9,2025-05-26T21:15:00Z,2559.56,0.6599999999998545,1.0
806,short,2025-05-26T21:15:00Z,2559.56,2025-05-27T02:00:00Z,2528.66,30.90000000000009,1.0
807,long,2025-05-27T02:00:00Z,2528.66,2025-05-27T05:15:00Z,2557.41,28.75,1.0
808,short,2025-05-27T05:15:00Z,2557.41,2025-05-27T11:45:00Z,2644.24,-86.82999999999993,1.0
809,long,2025-05-27T11:45:00Z,2644.24,2025-05-28T04:30:00Z,2636.05,-8.1899999999996,1.0
810,short,2025-05-28T04:30:00Z,2636.05,2025-05-28T15:30:00Z,2630.42,5.630000000000109,1.0
811,long,2025-05-28T15:30:00Z,2630.42,2025-05-28T18:15:00Z,2654.0,23.579999999999927,1.0
812,short,2025-05-28T18:15:00Z,2654.0,2025-05-28T20:30:00Z,2628.86,25.139999999999873,1.0
813,long,2025-05-28T20:30:00Z,2628.86,2025-05-28T22:30:00Z,2638.96,10.099999999999909,1.0
814,short,2025-05-28T22:30:00Z,2638.96,2025-05-29T05:45:00Z,2730.2,-91.23999999999978,1.0
815,long,2025-05-29T05:45:00Z,2730.2,2025-05-29T18:30:00Z,2654.99,-75.21000000000004,1.0
816,short,2025-05-29T18:30:00Z,2654.99,2025-05-30T00:15:00Z,2640.68,14.309999999999945,1.0
817,long,2025-05-30T00:15:00Z,2640.68,2025-05-30T03:45:00Z,2633.89,-6.789999999999964,1.0
818,short,2025-05-30T03:45:00Z,2633.89,2025-05-30T08:45:00Z,2619.23,14.659999999999854,1.0
819,long,2025-05-30T08:45:00Z,2619.23,2025-05-30T11:45:00Z,2614.85,-4.380000000000109,1.0
820,short,2025-05-30T11:45:00Z,2614.85,2025-05-30T17:30:00Z,2546.3,68.54999999999973,1.0
821,long,2025-05-30T17:30:00Z,2546.3,2025-05-30T20:00:00Z,2573.3,27.0,1.0
822,short,2025-05-30T20:00:00Z,2573.3,2025-05-30T23:00:00Z,2525.52,47.7800000000002,1.0
823,long,2025-05-30T23:00:00Z,2525.52,2025-05-31T04:30:00Z,2518.46,-7.059999999999945,1.0
824,short,2025-05-31T04:30:00Z,2518.46,2025-05-31T11:30:00Z,2516.19,2.269999999999982,1.0
825,long,2025-05-31T11:30:00Z,2516.19,2025-05-31T13:45:00Z,2530.15,13.960000000000036,1.0
826,short,2025-05-31T13:45:00Z,2530.15,2025-05-31T18:15:00Z,2533.6,-3.449999999999818,1.0
827,long,2025-05-31T18:15:00Z,2533.6,2025-05-31T22:00:00Z,2542.31,8.710000000000036,1.0
828,short,2025-05-31T22:00:00Z,2542.31,2025-06-01T00:45:00Z,2521.06,21.25,1.0
829,long,2025-06-01T00:45:00Z,2521.06,2025-06-01T05:00:00Z,2521.15,0.09000000000014552,1.0
830,short,2025-06-01T05:00:00Z,2521.15,2025-06-01T08:45:00Z,2506.58,14.570000000000164,1.0
831,long,2025-06-01T08:45:00Z,2506.58,2025-06-01T12:15:00Z,2497.49,-9.090000000000146,1.0
832,short,2025-06-01T12:15:00Z,2497.49,2025-06-01T19:15:00Z,2513.82,-16.330000000000382,1.0
833,long,2025-06-01T19:15:00Z,2513.82,2025-06-01T22:30:00Z,2535.5,21.679999999999836,1.0
834,short,2025-06-01T22:30:00Z,2535.5,2025-06-02T01:00:00Z,2533.21,2.2899999999999636,1.0
835,long,2025-06-02T01:00:00Z,2533.21,2025-06-02T07:15:00Z,2504.57,-28.639999999999873,1.0
836,short,2025-06-02T07:15:00Z,2504.57,2025-06-02T10:15:00Z,2488.1,16.470000000000255,1.0
837,long,2025-06-02T10:15:00Z,2488.1,2025-06-02T13:15:00Z,2491.99,3.8899999999998727,1.0
838,short,2025-06-02T13:15:00Z,2491.99,2025-06-02T19:45:00Z,2528.0,-36.01000000000022,1.0
839,long,2025-06-02T19:45:00Z,2528.0,2025-06-02T23:00:00Z,2583.4,55.40000000000009,1.0
840,short,2025-06-02T23:00:00Z,2583.4,2025-06-03T03:45:00Z,2599.99,-16.58999999999969,1.0
841,long,2025-06-03T03:45:00Z,2599.99,2025-06-03T14:15:00Z,2615.6,15.610000000000127,1.0
842,short,2025-06-03T14:15:00Z,2615.6,2025-06-03T17:00:00Z,2604.22,11.38000000000011,1.0
843,long,2025-06-03T17:00:00Z,2604.22,2025-06-04T02:00:00Z,2611.28,7.0600000000004,1.0
844,short,2025-06-04T02:00:00Z,2611.28,2025-06-04T06:30:00Z,2624.69,-13.409999999999854,1.0
845,long,2025-06-04T06:30:00Z,2624.69,2025-06-04T09:15:00Z,2635.06,10.36999999999989,1.0
846,short,2025-06-04T09:15:00Z,2635.06,2025-06-04T12:15:00Z,2634.18,0.8800000000001091,1.0
847,long,2025-06-04T12:15:00Z,2634.18,2025-06-04T16:00:00Z,2666.92,32.74000000000024,1.0
848,short,2025-06-04T16:00:00Z,2666.92,2025-06-04T19:00:00Z,2628.01,38.909999999999854,1.0
849,long,2025-06-04T19:00:00Z,2628.01,2025-06-05T01:30:00Z,2608.15,-19.860000000000127,1.0
850,short,2025-06-05T01:30:00Z,2608.15,2025-06-05T06:30:00Z,2616.11,-7.960000000000036,1.0
851,long,2025-06-05T06:30:00Z,2616.11,2025-06-05T13:15:00Z,2625.31,9.199999999999818,1.0
852,short,2025-06-05T13:15:00Z,2625.31,2025-06-05T15:00:00Z,2586.66,38.65000000000009,1.0
853,long,2025-06-05T15:00:00Z,2586.66,2025-06-05T23:45:00Z,2420.24,-166.42000000000007,1.0
854,short,2025-06-05T23:45:00Z,2420.24,2025-06-06T18:00:00Z,2498.41,-78.17000000000007,1.0
855,long,2025-06-06T18:00:00Z,2498.41,2025-06-07T04:00:00Z,2487.99,-10.420000000000073,1.0
856,short,2025-06-07T04:00:00Z,2487.99,2025-06-07T09:15:00Z,2486.66,1.3299999999999272,1.0
857,long,2025-06-07T09:15:00Z,2486.66,2025-06-07T12:00:00Z,2494.23,7.570000000000164,1.0
858,short,2025-06-07T12:00:00Z,2494.23,2025-06-07T17:30:00Z,2511.1,-16.86999999999989,1.0
859,long,2025-06-07T17:30:00Z,2511.1,2025-06-08T12:30:00Z,2507.3,-3.799999999999727,1.0
860,short,2025-06-08T12:30:00Z,2507.3,2025-06-08T23:15:00Z,2508.21,-0.9099999999998545,1.0
861,long,2025-06-08T23:15:00Z,2508.21,2025-06-09T08:45:00Z,2488.67,-19.539999999999964,1.0
862,short,2025-06-09T08:45:00Z,2488.67,2025-06-09T14:15:00Z,2527.03,-38.36000000000013,1.0
863,long,2025-06-09T14:15:00Z,2527.03,2025-06-09T17:15:00Z,2568.9,41.86999999999989,1.0
864,short,2025-06-09T17:15:00Z,2568.9,2025-06-09T20:45:00Z,2582.96,-14.059999999999945,1.0
865,long,2025-06-09T20:45:00Z,2582.96,2025-06-09T22:00:00Z,2642.58,59.61999999999989,1.0
866,short,2025-06-09T22:00:00Z,2642.58,2025-06-10T01:45:00Z,2708.67,-66.09000000000015,1.0
867,long,2025-06-10T01:45:00Z,2708.67,2025-06-10T10:30:00Z,2689.66,-19.01000000000022,1.0
868,short,2025-06-10T10:30:00Z,2689.66,2025-06-10T14:30:00Z,2740.99,-51.32999999999993,1.0
869,long,2025-06-10T14:30:00Z,2740.99,2025-06-10T20:00:00Z,2772.87,31.88000000000011,1.0
870,short,2025-06-10T20:00:00Z,2772.87,2025-06-11T02:15:00Z,2789.6,-16.730000000000018,1.0
871,long,2025-06-11T02:15:00Z,2789.6,2025-06-11T13:00:00Z,2804.32,14.720000000000255,1.0
872,short,2025-06-11T13:00:00Z,2804.32,2025-06-11T18:45:00Z,2827.32,-23.0,1.0
873,long,2025-06-11T18:45:00Z,2827.32,2025-06-12T06:15:00Z,2759.47,-67.85000000000036,1.0
874,short,2025-06-12T06:15:00Z,2759.47,2025-06-12T20:45:00Z,2650.0,109.4699999999998,1.0
875,long,2025-06-12T20:45:00Z,2650.0,2025-06-13T00:00:00Z,2641.38,-8.61999999999989,1.0
876,short,2025-06-13T00:00:00Z,2641.38,2025-06-13T01:30:00Z,2491.99,149.39000000000033,1.0
877,long,2025-06-13T01:30:00Z,2491.99,2025-06-13T04:15:00Z,2497.97,5.980000000000018,1.0
878,short,2025-06-13T04:15:00Z,2497.97,2025-06-13T19:00:00Z,2528.63,-30.66000000000031,1.0
879,long,2025-06-13T19:00:00Z,2528.63,2025-06-13T21:15:00Z,2545.05,16.420000000000073,1.0
880,short,2025-06-13T21:15:00Z,2545.05,2025-06-14T01:30:00Z,2558.28,-13.230000000000018,1.0
881,long,2025-06-14T01:30:00Z,2558.28,2025-06-14T11:45:00Z,2530.32,-27.960000000000036,1.0
882,short,2025-06-14T11:45:00Z,2530.32,2025-06-14T16:00:00Z,2518.21,12.110000000000127,1.0
883,long,2025-06-14T16:00:00Z,2518.21,2025-06-14T20:00:00Z,2506.36,-11.849999999999909,1.0
884,short,2025-06-14T20:00:00Z,2506.36,2025-06-15T08:00:00Z,2527.32,-20.960000000000036,1.0
885,long,2025-06-15T08:00:00Z,2527.32,2025-06-15T11:30:00Z,2513.99,-13.330000000000382,1.0
886,short,2025-06-15T11:30:00Z,2513.99,2025-06-15T19:00:00Z,2547.64,-33.65000000000009,1.0
887,long,2025-06-15T19:00:00Z,2547.64,2025-06-15T23:45:00Z,2547.79,0.15000000000009095,1.0
888,short,2025-06-15T23:45:00Z,2547.79,2025-06-16T10:15:00Z,2627.99,-80.19999999999982,1.0
889,long,2025-06-16T10:15:00Z,2627.99,2025-06-16T15:00:00Z,2638.41,10.420000000000073,1.0
890,short,2025-06-16T15:00:00Z,2638.41,2025-06-16T18:15:00Z,2637.03,1.3799999999996544,1.0
891,long,2025-06-16T18:15:00Z,2637.03,2025-06-17T02:45:00Z,2572.42,-64.61000000000013,1.0
892,short,2025-06-17T02:45:00Z,2572.42,2025-06-17T06:45:00Z,2580.25,-7.829999999999927,1.0
893,long,2025-06-17T06:45:00Z,2580.25,2025-06-17T14:45:00Z,2551.08,-29.170000000000073,1.0
894,short,2025-06-17T14:45:00Z,2551.08,2025-06-17T16:00:00Z,2497.76,53.31999999999971,1.0
895,long,2025-06-17T16:00:00Z,2497.76,2025-06-17T19:45:00Z,2529.54,31.779999999999745,1.0
896,short,2025-06-17T19:45:00Z,2529.54,2025-06-18T07:30:00Z,2524.21,5.329999999999927,1.0
897,long,2025-06-18T07:30:00Z,2524.21,2025-06-18T15:00:00Z,2503.98,-20.230000000000018,1.0
898,short,2025-06-18T15:00:00Z,2503.98,2025-06-19T07:00:00Z,2518.19,-14.210000000000036,1.0
899,long,2025-06-19T07:00:00Z,2518.19,2025-06-19T10:30:00Z,2542.4,24.210000000000036,1.0
900,short,2025-06-19T10:30:00Z,2542.4,2025-06-19T12:15:00Z,2535.29,7.110000000000127,1.0
901,long,2025-06-19T12:15:00Z,2535.29,2025-06-19T18:30:00Z,2509.0,-26.289999999999964,1.0
902,short,2025-06-19T18:30:00Z,2509.0,2025-06-20T03:30:00Z,2520.81,-11.809999999999945,1.0
903,long,2025-06-20T03:30:00Z,2520.81,2025-06-20T07:15:00Z,2524.95,4.139999999999873,1.0
904,short,2025-06-20T07:15:00Z,2524.95,2025-06-20T11:45:00Z,2550.3,-25.350000000000364,1.0
905,long,2025-06-20T11:45:00Z,2550.3,2025-06-20T21:00:00Z,2425.68,-124.62000000000035,1.0
906,short,2025-06-20T21:00:00Z,2425.68,2025-06-21T14:45:00Z,2424.1,1.5799999999999272,1.0
907,long,2025-06-21T14:45:00Z,2424.1,2025-06-22T01:30:00Z,2285.72,-138.3800000000001,1.0
908,short,2025-06-22T01:30:00Z,2285.72,2025-06-22T08:30:00Z,2273.1,12.61999999999989,1.0
909,long,2025-06-22T08:30:00Z,2273.1,2025-06-22T12:00:00Z,2272.0,-1.099999999999909,1.0
910,short,2025-06-22T12:00:00Z,2272.0,2025-06-22T14:15:00Z,2189.86,82.13999999999987,1.0
911,long,2025-06-22T14:15:00Z,2189.86,2025-06-22T17:45:00Z,2195.39,5.529999999999745,1.0
912,short,2025-06-22T17:45:00Z,2195.39,2025-06-23T04:30:00Z,2237.76,-42.370000000000346,1.0
913,long,2025-06-23T04:30:00Z,2237.76,2025-06-23T08:45:00Z,2258.53,20.769999999999982,1.0
914,short,2025-06-23T08:45:00Z,2258.53,2025-06-23T10:15:00Z,2247.78,10.75,1.0
915,long,2025-06-23T10:15:00Z,2247.78,2025-06-23T14:30:00Z,2279.33,31.549999999999727,1.0
916,short,2025-06-23T14:30:00Z,2279.33,2025-06-23T16:45:00Z,2219.7,59.63000000000011,1.0
917,long,2025-06-23T16:45:00Z,2219.7,2025-06-23T19:30:00Z,2299.44,79.74000000000024,1.0
918,short,2025-06-23T19:30:00Z,2299.44,2025-06-24T01:15:00Z,2406.35,-106.90999999999985,1.0
919,long,2025-06-24T01:15:00Z,2406.35,2025-06-24T06:15:00Z,2414.71,8.360000000000127,1.0
920,short,2025-06-24T06:15:00Z,2414.71,2025-06-24T08:30:00Z,2400.79,13.920000000000073,1.0
921,long,2025-06-24T08:30:00Z,2400.79,2025-06-24T15:00:00Z,2429.98,29.190000000000055,1.0
922,short,2025-06-24T15:00:00Z,2429.98,2025-06-24T19:45:00Z,2430.33,-0.34999999999990905,1.0
923,long,2025-06-24T19:45:00Z,2430.33,2025-06-25T02:30:00Z,2454.0,23.670000000000073,1.0
924,short,2025-06-25T02:30:00Z,2454.0,2025-06-25T04:45:00Z,2432.5,21.5,1.0
925,long,2025-06-25T04:45:00Z,2432.5,2025-06-25T08:00:00Z,2443.44,10.940000000000055,1.0
926,short,2025-06-25T08:00:00Z,2443.44,2025-06-25T23:15:00Z,2413.57,29.86999999999989,1.0
927,long,2025-06-25T23:15:00Z,2413.57,2025-06-26T02:45:00Z,2461.75,48.179999999999836,1.0
928,short,2025-06-26T02:45:00Z,2461.75,2025-06-26T06:15:00Z,2482.14,-20.389999999999873,1.0
929,long,2025-06-26T06:15:00Z,2482.14,2025-06-26T08:15:00Z,2497.5,15.360000000000127,1.0
930,short,2025-06-26T08:15:00Z,2497.5,2025-06-26T11:15:00Z,2451.66,45.840000000000146,1.0
931,long,2025-06-26T11:15:00Z,2451.66,2025-06-26T21:00:00Z,2444.41,-7.25,1.0
932,short,2025-06-26T21:00:00Z,2444.41,2025-06-26T22:30:00Z,2418.53,25.879999999999654,1.0
933,long,2025-06-26T22:30:00Z,2418.53,2025-06-27T02:15:00Z,2428.95,10.419999999999618,1.0
934,short,2025-06-27T02:15:00Z,2428.95,2025-06-27T13:45:00Z,2427.17,1.7799999999997453,1.0
935,long,2025-06-27T13:45:00Z,2427.17,2025-06-27T16:45:00Z,2435.88,8.710000000000036,1.0
936,short,2025-06-27T16:45:00Z,2435.88,2025-06-27T19:00:00Z,2393.71,42.17000000000007,1.0
937,long,2025-06-27T19:00:00Z,2393.71,2025-06-27T21:15:00Z,2420.79,27.079999999999927,1.0
938,short,2025-06-27T21:15:00Z,2420.79,2025-06-28T09:30:00Z,2422.79,-2.0,1.0
939,long,2025-06-28T09:30:00Z,2422.79,2025-06-28T16:45:00Z,2432.51,9.720000000000255,1.0
940,short,2025-06-28T16:45:00Z,2432.51,2025-06-28T20:45:00Z,2431.71,0.8000000000001819,1.0
941,long,2025-06-28T20:45:00Z,2431.71,2025-06-28T23:30:00Z,2436.98,5.269999999999982,1.0
942,short,2025-06-28T23:30:00Z,2436.98,2025-06-29T02:30:00Z,2427.87,9.110000000000127,1.0
943,long,2025-06-29T02:30:00Z,2427.87,2025-06-29T06:30:00Z,2432.34,4.470000000000255,1.0
944,short,2025-06-29T06:30:00Z,2432.34,2025-06-29T13:15:00Z,2452.45,-20.109999999999673,1.0
945,long,2025-06-29T13:15:00Z,2452.45,2025-06-29T23:30:00Z,2504.76,52.3100000000004,1.0
946,short,2025-06-29T23:30:00Z,2504.76,2025-06-30T03:30:00Z,2495.0,9.760000000000218,1.0
947,long,2025-06-30T03:30:00Z,2495.0,2025-06-30T12:15:00Z,2460.6,-34.40000000000009,1.0
948,short,2025-06-30T12:15:00Z,2460.6,2025-06-30T22:30:00Z,2489.51,-28.91000000000031,1.0
949,long,2025-06-30T22:30:00Z,2489.51,2025-07-01T08:30:00Z,2458.88,-30.63000000000011,1.0
950,short,2025-07-01T08:30:00Z,2458.88,2025-07-02T13:00:00Z,2437.35,21.5300000000002,1.0
951,long,2025-07-02T13:00:00Z,2437.35,2025-07-02T16:00:00Z,2497.73,60.38000000000011,1.0
952,short,2025-07-02T16:00:00Z,2497.73,2025-07-02T21:45:00Z,2588.29,-90.55999999999995,1.0
953,long,2025-07-02T21:45:00Z,2588.29,2025-07-03T06:15:00Z,2590.47,2.1799999999998363,1.0
954,short,2025-07-03T06:15:00Z,2590.47,2025-07-03T11:15:00Z,2591.5,-1.0300000000002,1.0
955,long,2025-07-03T11:15:00Z,2591.5,2025-07-03T19:30:00Z,2587.13,-4.369999999999891,1.0
956,short,2025-07-03T19:30:00Z,2587.13,2025-07-04T03:15:00Z,2577.01,10.11999999999989,1.0
957,long,2025-07-04T03:15:00Z,2577.01,2025-07-04T10:15:00Z,2550.96,-26.050000000000182,1.0
958,short,2025-07-04T10:15:00Z,2550.96,2025-07-04T14:30:00Z,2516.16,34.80000000000018,1.0
959,long,2025-07-04T14:30:00Z,2516.16,2025-07-04T19:30:00Z,2473.91,-42.25,1.0
960,short,2025-07-04T19:30:00Z,2473.91,2025-07-05T09:30:00Z,2511.0,-37.090000000000146,1.0
961,long,2025-07-05T09:30:00Z,2511.0,2025-07-05T20:30:00Z,2497.52,-13.480000000000018,1.0
962,short,2025-07-05T20:30:00Z,2497.52,2025-07-06T03:45:00Z,2511.08,-13.559999999999945,1.0
963,long,2025-07-06T03:45:00Z,2511.08,2025-07-06T07:30:00Z,2520.64,9.559999999999945,1.0
964,short,2025-07-06T07:30:00Z,2520.64,2025-07-06T09:00:00Z,2511.89,8.75,1.0
965,long,2025-07-06T09:00:00Z,2511.89,2025-07-06T12:30:00Z,2511.43,-0.4600000000000364,1.0
966,short,2025-07-06T12:30:00Z,2511.43,2025-07-06T17:30:00Z,2550.66,-39.23000000000002,1.0
967,long,2025-07-06T17:30:00Z,2550.66,2025-07-06T22:00:00Z,2586.85,36.190000000000055,1.0
968,short,2025-07-06T22:00:00Z,2586.85,2025-07-07T00:15:00Z,2572.43,14.420000000000073,1.0
969,long,2025-07-07T00:15:00Z,2572.43,2025-07-07T20:00:00Z,2542.85,-29.579999999999927,1.0
970,short,2025-07-07T20:00:00Z,2542.85,2025-07-08T02:15:00Z,2527.12,15.730000000000018,1.0
971,long,2025-07-08T02:15:00Z,2527.12,2025-07-08T06:30:00Z,2550.6,23.480000000000018,1.0
972,short,2025-07-08T06:30:00Z,2550.6,2025-07-08T09:30:00Z,2548.67,1.9299999999998363,1.0
973,long,2025-07-08T09:30:00Z,2548.67,2025-07-08T11:30:00Z,2574.49,25.81999999999971,1.0
974,short,2025-07-08T11:30:00Z,2574.49,2025-07-08T15:15:00Z,2564.88,9.609999999999673,1.0
975,long,2025-07-08T15:15:00Z,2564.88,2025-07-08T18:45:00Z,2618.88,54.0,1.0
976,short,2025-07-08T18:45:00Z,2618.88,2025-07-08T21:30:00Z,2606.6,12.2800000000002,1.0
977,long,2025-07-08T21:30:00Z,2606.6,2025-07-09T06:00:00Z,2626.77,20.170000000000073,1.0
978,short,2025-07-09T06:00:00Z,2626.77,2025-07-09T09:30:00Z,2609.9,16.86999999999989,1.0
979,long,2025-07-09T09:30:00Z,2609.9,2025-07-09T13:00:00Z,2659.0,49.09999999999991,1.0
980,short,2025-07-09T13:00:00Z,2659.0,2025-07-09T15:30:00Z,2649.81,9.190000000000055,1.0
981,long,2025-07-09T15:30:00Z,2649.81,2025-07-09T19:00:00Z,2716.89,67.07999999999993,1.0
982,short,2025-07-09T19:00:00Z,2716.89,2025-07-10T01:15:00Z,2765.48,-48.590000000000146,1.0
983,long,2025-07-10T01:15:00Z,2765.48,2025-07-10T07:30:00Z,2808.21,42.73000000000002,1.0
984,short,2025-07-10T07:30:00Z,2808.21,2025-07-10T08:45:00Z,2791.36,16.84999999999991,1.0
985,long,2025-07-10T08:45:00Z,2791.36,2025-07-10T14:00:00Z,2783.23,-8.13000000000011,1.0
986,short,2025-07-10T14:00:00Z,2783.23,2025-07-11T01:15:00Z,2941.01,-157.7800000000002,1.0
987,long,2025-07-11T01:15:00Z,2941.01,2025-07-11T03:45:00Z,2965.9,24.889999999999873,1.0
988,short,2025-07-11T03:45:00Z,2965.9,2025-07-11T12:15:00Z,2991.3,-25.40000000000009,1.0
989,long,2025-07-11T12:15:00Z,2991.3,2025-07-11T18:30:00Z,2984.71,-6.5900000000001455,1.0
990,short,2025-07-11T18:30:00Z,2984.71,2025-07-11T22:45:00Z,2941.0,43.710000000000036,1.0
991,long,2025-07-11T22:45:00Z,2941.0,2025-07-12T02:00:00Z,2957.59,16.590000000000146,1.0
992,short,2025-07-12T02:00:00Z,2957.59,2025-07-12T13:00:00Z,2942.03,15.559999999999945,1.0
993,long,2025-07-12T13:00:00Z,2942.03,2025-07-12T18:15:00Z,2939.66,-2.3700000000003456,1.0
994,short,2025-07-12T18:15:00Z,2939.66,2025-07-12T21:15:00Z,2922.9,16.759999999999764,1.0
995,long,2025-07-12T21:15:00Z,2922.9,2025-07-12T22:30:00Z,2935.47,12.569999999999709,1.0
996,short,2025-07-12T22:30:00Z,2935.47,2025-07-13T10:00:00Z,2948.48,-13.010000000000218,1.0
997,long,2025-07-13T10:00:00Z,2948.48,2025-07-13T12:15:00Z,2960.48,12.0,1.0
998,short,2025-07-13T12:15:00Z,2960.48,2025-07-13T16:45:00Z,2989.19,-28.710000000000036,1.0
999,long,2025-07-13T16:45:00Z,2989.19,2025-07-14T01:00:00Z,2973.94,-15.25,1.0
1000,short,2025-07-14T01:00:00Z,2973.94,2025-07-14T07:15:00Z,3030.35,-56.409999999999854,1.0
1001,long,2025-07-14T07:15:00Z,3030.35,2025-07-14T21:30:00Z,3005.16,-25.190000000000055,1.0
1002,short,2025-07-14T21:30:00Z,3005.16,2025-07-15T01:45:00Z,2994.33,10.829999999999927,1.0
1003,long,2025-07-15T01:45:00Z,2994.33,2025-07-15T05:45:00Z,2965.0,-29.329999999999927,1.0
1004,short,2025-07-15T05:45:00Z,2965.0,2025-07-15T20:30:00Z,3046.66,-81.65999999999985,1.0
1005,long,2025-07-15T20:30:00Z,3046.66,2025-07-15T23:45:00Z,3134.61,87.95000000000027,1.0
1006,short,2025-07-15T23:45:00Z,3134.61,2025-07-16T03:15:00Z,3105.53,29.079999999999927,1.0
1007,long,2025-07-16T03:15:00Z,3105.53,2025-07-16T06:15:00Z,3131.66,26.129999999999654,1.0
1008,short,2025-07-16T06:15:00Z,3131.66,2025-07-16T11:15:00Z,3148.38,-16.720000000000255,1.0
1009,long,2025-07-16T11:15:00Z,3148.38,2025-07-16T15:30:00Z,3245.88,97.5,1.0
1010,short,2025-07-16T15:30:00Z,3245.88,2025-07-16T22:00:00Z,3373.31,-127.42999999999984,1.0
1011,long,2025-07-16T22:00:00Z,3373.31,2025-07-17T06:30:00Z,3424.61,51.30000000000018,1.0
1012,short,2025-07-17T06:30:00Z,3424.61,2025-07-17T12:45:00Z,3437.49,-12.879999999999654,1.0
1013,long,2025-07-17T12:45:00Z,3437.49,2025-07-17T19:00:00Z,3426.4,-11.08999999999969,1.0
1014,short,2025-07-17T19:00:00Z,3426.4,2025-07-18T08:30:00Z,3626.12,-199.7199999999998,1.0
1015,long,2025-07-18T08:30:00Z,3626.12,2025-07-18T23:00:00Z,3538.18,-87.94000000000005,1.0
1016,short,2025-07-18T23:00:00Z,3538.18,2025-07-19T07:00:00Z,3570.2,-32.01999999999998,1.0
1017,long,2025-07-19T07:00:00Z,3570.2,2025-07-19T20:45:00Z,3576.24,6.039999999999964,1.0
1018,short,2025-07-19T20:45:00Z,3576.24,2025-07-20T06:00:00Z,3646.46,-70.22000000000025,1.0
1019,long,2025-07-20T06:00:00Z,3646.46,2025-07-20T09:30:00Z,3698.08,51.61999999999989,1.0
1020,short,2025-07-20T09:30:00Z,3698.08,2025-07-20T14:30:00Z,3745.65,-47.570000000000164,1.0
1021,long,2025-07-20T14:30:00Z,3745.65,2025-07-21T04:00:00Z,3756.86,11.210000000000036,1.0
1022,short,2025-07-21T04:00:00Z,3756.86,2025-07-21T10:00:00Z,3771.76,-14.900000000000091,1.0
1023,long,2025-07-21T10:00:00Z,3771.76,2025-07-21T11:45:00Z,3812.48,40.7199999999998,1.0
1024,short,2025-07-21T11:45:00Z,3812.48,2025-07-21T17:15:00Z,3781.38,31.09999999999991,1.0
1025,long,2025-07-21T17:15:00Z,3781.38,2025-07-21T23:00:00Z,3760.44,-20.940000000000055,1.0
1026,short,2025-07-21T23:00:00Z,3760.44,2025-07-22T01:30:00Z,3741.86,18.579999999999927,1.0
1027,long,2025-07-22T01:30:00Z,3741.86,2025-07-22T07:00:00Z,3691.15,-50.710000000000036,1.0
1028,short,2025-07-22T07:00:00Z,3691.15,2025-07-23T04:45:00Z,3732.2,-41.04999999999973,1.0
1029,long,2025-07-23T04:45:00Z,3732.2,2025-07-23T12:30:00Z,3673.54,-58.659999999999854,1.0
1030,short,2025-07-23T12:30:00Z,3673.54,2025-07-23T14:30:00Z,3619.01,54.529999999999745,1.0
1031,long,2025-07-23T14:30:00Z,3619.01,2025-07-23T23:00:00Z,3609.78,-9.230000000000018,1.0
1032,short,2025-07-23T23:00:00Z,3609.78,2025-07-24T05:45:00Z,3591.01,18.769999999999982,1.0
1033,long,2025-07-24T05:45:00Z,3591.01,2025-07-24T08:45:00Z,3628.0,36.98999999999978,1.0
1034,short,2025-07-24T08:45:00Z,3628.0,2025-07-24T22:00:00Z,3724.7,-96.69999999999982,1.0
1035,long,2025-07-24T22:00:00Z,3724.7,2025-07-25T06:30:00Z,3623.0,-101.69999999999982,1.0
1036,short,2025-07-25T06:30:00Z,3623.0,2025-07-25T14:00:00Z,3705.13,-82.13000000000011,1.0
1037,long,2025-07-25T14:00:00Z,3705.13,2025-07-25T19:00:00Z,3648.26,-56.86999999999989,1.0
1038,short,2025-07-25T19:00:00Z,3648.26,2025-07-26T02:15:00Z,3714.8,-66.53999999999996,1.0
1039,long,2025-07-26T02:15:00Z,3714.8,2025-07-26T19:30:00Z,3742.26,27.460000000000036,1.0
1040,short,2025-07-26T19:30:00Z,3742.26,2025-07-27T00:30:00Z,3740.15,2.1100000000001273,1.0
1041,long,2025-07-27T00:30:00Z,3740.15,2025-07-27T03:30:00Z,3775.3,35.15000000000009,1.0
1042,short,2025-07-27T03:30:00Z,3775.3,2025-07-27T07:15:00Z,3775.01,0.2899999999999636,1.0
1043,long,2025-07-27T07:15:00Z,3775.01,2025-07-27T11:15:00Z,3824.2,49.1899999999996,1.0
1044,short,2025-07-27T11:15:00Z,3824.2,2025-07-27T14:45:00Z,3804.96,19.23999999999978,1.0
1045,long,2025-07-27T14:45:00Z,3804.96,2025-07-28T05:45:00Z,3934.22,129.25999999999976,1.0
1046,short,2025-07-28T05:45:00Z,3934.22,2025-07-28T08:00:00Z,3892.0,42.2199999999998,1.0
1047,long,2025-07-28T08:00:00Z,3892.0,2025-07-28T17:15:00Z,3791.9,-100.09999999999991,1.0
1048,short,2025-07-28T17:15:00Z,3791.9,2025-07-29T11:15:00Z,3828.96,-37.059999999999945,1.0
1049,long,2025-07-29T11:15:00Z,3828.96,2025-07-29T19:30:00Z,3760.82,-68.13999999999987,1.0
1050,short,2025-07-29T19:30:00Z,3760.82,2025-07-30T10:15:00Z,3796.97,-36.149999999999636,1.0
1051,long,2025-07-30T10:15:00Z,3796.97,2025-07-30T15:15:00Z,3789.12,-7.849999999999909,1.0
1052,short,2025-07-30T15:15:00Z,3789.12,2025-07-30T19:45:00Z,3743.27,45.84999999999991,1.0
1053,long,2025-07-30T19:45:00Z,3743.27,2025-07-31T00:15:00Z,3807.34,64.07000000000016,1.0
1054,short,2025-07-31T00:15:00Z,3807.34,2025-07-31T06:30:00Z,3860.73,-53.38999999999987,1.0
1055,long,2025-07-31T06:30:00Z,3860.73,2025-07-31T17:00:00Z,3801.93,-58.80000000000018,1.0
1056,short,2025-07-31T17:00:00Z,3801.93,2025-07-31T20:30:00Z,3737.37,64.55999999999995,1.0
1057,long,2025-07-31T20:30:00Z,3737.37,2025-08-01T03:15:00Z,3706.22,-31.15000000000009,1.0
1058,short,2025-08-01T03:15:00Z,3706.22,2025-08-01T07:00:00Z,3660.9,45.31999999999971,1.0
1059,long,2025-08-01T07:00:00Z,3660.9,2025-08-01T10:00:00Z,3616.89,-44.01000000000022,1.0
1060,short,2025-08-01T10:00:00Z,3616.89,2025-08-01T18:30:00Z,3567.13,49.75999999999976,1.0
1061,long,2025-08-01T18:30:00Z,3567.13,2025-08-01T22:00:00Z,3535.18,-31.950000000000273,1.0
1062,short,2025-08-01T22:00:00Z,3535.18,2025-08-02T06:45:00Z,3469.22,65.96000000000004,1.0
1063,long,2025-08-02T06:45:00Z,3469.22,2025-08-02T21:45:00Z,3414.6,-54.61999999999989,1.0
1064,short,2025-08-02T21:45:00Z,3414.6,2025-08-03T12:45:00Z,3492.17,-77.57000000000016,1.0
1065,long,2025-08-03T12:45:00Z,3492.17,2025-08-03T19:45:00Z,3498.76,6.5900000000001455,1.0
1066,short,2025-08-03T19:45:00Z,3498.76,2025-08-04T06:00:00Z,3531.8,-33.039999999999964,1.0
1067,long,2025-08-04T06:00:00Z,3531.8,2025-08-04T08:45:00Z,3549.68,17.879999999999654,1.0
1068,short,2025-08-04T08:45:00Z,3549.68,2025-08-04T18:30:00Z,3686.92,-137.24000000000024,1.0
1069,long,2025-08-04T18:30:00Z,3686.92,2025-08-04T22:00:00Z,3708.57,21.65000000000009,1.0
1070,short,2025-08-04T22:00:00Z,3708.57,2025-08-05T02:00:00Z,3678.81,29.76000000000022,1.0
1071,long,2025-08-05T02:00:00Z,3678.81,2025-08-05T06:45:00Z,3660.3,-18.509999999999764,1.0
1072,short,2025-08-05T06:45:00Z,3660.3,2025-08-05T08:30:00Z,3627.68,32.620000000000346,1.0
1073,long,2025-08-05T08:30:00Z,3627.68,2025-08-05T11:00:00Z,3680.93,53.25,1.0
1074,short,2025-08-05T11:00:00Z,3680.93,2025-08-05T13:30:00Z,3634.62,46.309999999999945,1.0
1075,long,2025-08-05T13:30:00Z,3634.62,2025-08-05T18:15:00Z,3596.73,-37.88999999999987,1.0
1076,short,2025-08-05T18:15:00Z,3596.73,2025-08-06T01:45:00Z,3578.22,18.51000000000022,1.0
1077,long,2025-08-06T01:45:00Z,3578.22,2025-08-06T15:45:00Z,3643.96,65.74000000000024,1.0
1078,short,2025-08-06T15:45:00Z,3643.96,2025-08-06T21:30:00Z,3675.16,-31.199999999999818,1.0
1079,long,2025-08-06T21:30:00Z,3675.16,2025-08-07T06:30:00Z,3686.24,11.079999999999927,1.0
1080,short,2025-08-07T06:30:00Z,3686.24,2025-08-07T15:15:00Z,3819.88,-133.64000000000033,1.0
1081,long,2025-08-07T15:15:00Z,3819.88,2025-08-07T20:15:00Z,3854.16,34.279999999999745,1.0
1082,short,2025-08-07T20:15:00Z,3854.16,2025-08-08T02:30:00Z,3886.79,-32.63000000000011,1.0
1083,long,2025-08-08T02:30:00Z,3886.79,2025-08-08T18:45:00Z,4045.0,158.21000000000004,1.0
1084,short,2025-08-08T18:45:00Z,4045.0,2025-08-08T23:15:00Z,4026.0,19.0,1.0
1085,long,2025-08-08T23:15:00Z,4026.0,2025-08-09T02:30:00Z,4031.17,5.170000000000073,1.0
1086,short,2025-08-09T02:30:00Z,4031.17,2025-08-09T08:30:00Z,4187.28,-156.10999999999967,1.0
1087,long,2025-08-09T08:30:00Z,4187.28,2025-08-09T17:00:00Z,4206.01,18.730000000000473,1.0
1088,short,2025-08-09T17:00:00Z,4206.01,2025-08-09T23:45:00Z,4261.54,-55.529999999999745,1.0
1089,long,2025-08-09T23:45:00Z,4261.54,2025-08-10T10:15:00Z,4217.0,-44.539999999999964,1.0
1090,short,2025-08-10T10:15:00Z,4217.0,2025-08-10T18:45:00Z,4225.7,-8.699999999999818,1.0
1091,long,2025-08-10T18:45:00Z,4225.7,2025-08-11T00:45:00Z,4266.37,40.67000000000007,1.0
1092,short,2025-08-11T00:45:00Z,4266.37,2025-08-11T06:30:00Z,4302.13,-35.76000000000022,1.0
1093,long,2025-08-11T06:30:00Z,4302.13,2025-08-11T14:45:00Z,4282.29,-19.840000000000146,1.0
1094,short,2025-08-11T14:45:00Z,4282.29,2025-08-11T18:15:00Z,4297.45,-15.159999999999854,1.0
1095,long,2025-08-11T18:15:00Z,4297.45,2025-08-12T01:15:00Z,4269.62,-27.829999999999927,1.0
1096,short,2025-08-12T01:15:00Z,4269.62,2025-08-12T06:15:00Z,4278.87,-9.25,1.0
1097,long,2025-08-12T06:15:00Z,4278.87,2025-08-12T13:30:00Z,4418.8,139.9300000000003,1.0
1098,short,2025-08-12T13:30:00Z,4418.8,2025-08-12T19:30:00Z,4500.66,-81.85999999999967,1.0
1099,long,2025-08-12T19:30:00Z,4500.66,2025-08-12T21:00:00Z,4620.25,119.59000000000015,1.0
1100,short,2025-08-12T21:00:00Z,4620.25,2025-08-12T23:15:00Z,4592.84,27.409999999999854,1.0
1101,long,2025-08-12T23:15:00Z,4592.84,2025-08-13T05:15:00Z,4662.99,70.14999999999964,1.0
1102,short,2025-08-13T05:15:00Z,4662.99,2025-08-13T07:15:00Z,4612.24,50.75,1.0
1103,long,2025-08-13T07:15:00Z,4612.24,2025-08-13T10:30:00Z,4694.84,82.60000000000036,1.0
1104,short,2025-08-13T10:30:00Z,4694.84,2025-08-13T14:45:00Z,4697.92,-3.0799999999999272,1.0
1105,long,2025-08-13T14:45:00Z,4697.92,2025-08-13T18:30:00Z,4709.1,11.180000000000291,1.0
1106,short,2025-08-13T18:30:00Z,4709.1,2025-08-14T01:30:00Z,4732.39,-23.289999999999964,1.0
1107,long,2025-08-14T01:30:00Z,4732.39,2025-08-14T04:30:00Z,4775.55,43.159999999999854,1.0
1108,short,2025-08-14T04:30:00Z,4775.55,2025-08-14T06:15:00Z,4730.71,44.840000000000146,1.0
1109,long,2025-08-14T06:15:00Z,4730.71,2025-08-14T15:30:00Z,4612.72,-117.98999999999978,1.0
1110,short,2025-08-14T15:30:00Z,4612.72,2025-08-14T22:15:00Z,4487.19,125.53000000000065,1.0
1111,long,2025-08-14T22:15:00Z,4487.19,2025-08-15T00:00:00Z,4545.26,58.07000000000062,1.0
1112,short,2025-08-15T00:00:00Z,4545.26,2025-08-15T06:00:00Z,4617.1,-71.84000000000015,1.0
1113,long,2025-08-15T06:00:00Z,4617.1,2025-08-15T18:30:00Z,4414.47,-202.6300000000001,1.0
1114,short,2025-08-15T18:30:00Z,4414.47,2025-08-16T04:30:00Z,4446.23,-31.75999999999931,1.0
1115,long,2025-08-16T04:30:00Z,4446.23,2025-08-16T08:15:00Z,4441.87,-4.359999999999673,1.0
1116,short,2025-08-16T08:15:00Z,4441.87,2025-08-16T11:00:00Z,4402.03,39.840000000000146,1.0
1117,long,2025-08-16T11:00:00Z,4402.03,2025-08-16T20:00:00Z,4416.3,14.270000000000437,1.0
1118,short,2025-08-16T20:00:00Z,4416.3,2025-08-17T02:00:00Z,4404.19,12.110000000000582,1.0
1119,long,2025-08-17T02:00:00Z,4404.19,2025-08-17T03:30:00Z,4428.01,23.82000000000062,1.0
1120,short,2025-08-17T03:30:00Z,4428.01,2025-08-17T07:45:00Z,4467.23,-39.219999999999345,1.0
1121,long,2025-08-17T07:45:00Z,4467.23,2025-08-17T09:45:00Z,4532.16,64.93000000000029,1.0
1122,short,2025-08-17T09:45:00Z,4532.16,2025-08-17T13:30:00Z,4528.9,3.2600000000002183,1.0
1123,long,2025-08-17T13:30:00Z,4528.9,2025-08-17T23:00:00Z,4520.07,-8.829999999999927,1.0
1124,short,2025-08-17T23:00:00Z,4520.07,2025-08-18T01:15:00Z,4452.61,67.46000000000004,1.0
1125,long,2025-08-18T01:15:00Z,4452.61,2025-08-18T09:00:00Z,4257.4,-195.21000000000004,1.0
1126,short,2025-08-18T09:00:00Z,4257.4,2025-08-19T00:15:00Z,4317.22,-59.82000000000062,1.0
1127,long,2025-08-19T00:15:00Z,4317.22,2025-08-19T06:30:00Z,4243.39,-73.82999999999993,1.0
1128,short,2025-08-19T06:30:00Z,4243.39,2025-08-19T15:30:00Z,4224.3,19.090000000000146,1.0
1129,long,2025-08-19T15:30:00Z,4224.3,2025-08-19T21:30:00Z,4150.35,-73.94999999999982,1.0
1130,short,2025-08-19T21:30:00Z,4150.35,2025-08-20T00:15:00Z,4093.68,56.67000000000053,1.0
1131,long,2025-08-20T00:15:00Z,4093.68,2025-08-20T03:00:00Z,4135.0,41.320000000000164,1.0
1132,short,2025-08-20T03:00:00Z,4135.0,2025-08-20T12:00:00Z,4193.48,-58.47999999999956,1.0
1133,long,2025-08-20T12:00:00Z,4193.48,2025-08-20T15:45:00Z,4287.01,93.53000000000065,1.0
1134,short,2025-08-20T15:45:00Z,4287.01,2025-08-21T00:45:00Z,4320.27,-33.26000000000022,1.0
1135,long,2025-08-21T00:45:00Z,4320.27,2025-08-21T11:45:00Z,4283.66,-36.61000000000058,1.0
1136,short,2025-08-21T11:45:00Z,4283.66,2025-08-21T17:45:00Z,4236.91,46.75,1.0
1137,long,2025-08-21T17:45:00Z,4236.91,2025-08-21T19:30:00Z,4236.24,-0.6700000000000728,1.0
1138,short,2025-08-21T19:30:00Z,4236.24,2025-08-22T06:00:00Z,4289.06,-52.82000000000062,1.0
1139,long,2025-08-22T06:00:00Z,4289.06,2025-08-22T08:15:00Z,4342.11,53.04999999999927,1.0
1140,short,2025-08-22T08:15:00Z,4342.11,2025-08-22T10:00:00Z,4326.68,15.429999999999382,1.0
1141,long,2025-08-22T10:00:00Z,4326.68,2025-08-22T16:00:00Z,4613.93,287.25,1.0
1142,short,2025-08-22T16:00:00Z,4613.93,2025-08-22T18:45:00Z,4794.2,-180.26999999999953,1.0
1143,long,2025-08-22T18:45:00Z,4794.2,2025-08-23T05:45:00Z,4756.19,-38.01000000000022,1.0
1144,short,2025-08-23T05:45:00Z,4756.19,2025-08-24T02:15:00Z,4775.23,-19.039999999999964,1.0
1145,long,2025-08-24T02:15:00Z,4775.23,2025-08-24T05:45:00Z,4786.63,11.400000000000546,1.0
1146,short,2025-08-24T05:45:00Z,4786.63,2025-08-24T11:30:00Z,4737.28,49.350000000000364,1.0
1147,long,2025-08-24T11:30:00Z,4737.28,2025-08-24T14:00:00Z,4767.1,29.82000000000062,1.0
1148,short,2025-08-24T14:00:00Z,4767.1,2025-08-24T20:30:00Z,4792.88,-25.779999999999745,1.0
1149,long,2025-08-24T20:30:00Z,4792.88,2025-08-25T00:00:00Z,4778.33,-14.550000000000182,1.0
1150,short,2025-08-25T00:00:00Z,4778.33,2025-08-25T07:15:00Z,4640.22,138.10999999999967,1.0
1151,long,2025-08-25T07:15:00Z,4640.22,2025-08-25T13:15:00Z,4635.31,-4.9099999999998545,1.0
1152,short,2025-08-25T13:15:00Z,4635.31,2025-08-25T16:30:00Z,4617.33,17.980000000000473,1.0
1153,long,2025-08-25T16:30:00Z,4617.33,2025-08-26T00:45:00Z,4346.65,-270.6800000000003,1.0
1154,short,2025-08-26T00:45:00Z,4346.65,2025-08-26T07:45:00Z,4425.36,-78.71000000000004,1.0
1155,long,2025-08-26T07:45:00Z,4425.36,2025-08-26T15:30:00Z,4535.0,109.64000000000033,1.0
1156,short,2025-08-26T15:30:00Z,4535.0,2025-08-27T02:00:00Z,4560.82,-25.81999999999971,1.0
1157,long,2025-08-27T02:00:00Z,4560.82,2025-08-27T04:45:00Z,4624.03,63.210000000000036,1.0
1158,short,2025-08-27T04:45:00Z,4624.03,2025-08-27T08:00:00Z,4578.59,45.4399999999996,1.0
1159,long,2025-08-27T08:00:00Z,4578.59,2025-08-27T16:15:00Z,4636.5,57.909999999999854,1.0
1160,short,2025-08-27T16:15:00Z,4636.5,2025-08-27T19:30:00Z,4554.99,81.51000000000022,1.0
1161,long,2025-08-27T19:30:00Z,4554.99,2025-08-28T02:45:00Z,4512.65,-42.340000000000146,1.0
1162,short,2025-08-28T02:45:00Z,4512.65,2025-08-28T14:45:00Z,4564.6,-51.95000000000073,1.0
1163,long,2025-08-28T14:45:00Z,4564.6,2025-08-28T22:45:00Z,4502.49,-62.11000000000058,1.0
1164,short,2025-08-28T22:45:00Z,4502.49,2025-08-29T01:45:00Z,4464.49,38.0,1.0
1165,long,2025-08-29T01:45:00Z,4464.49,2025-08-29T04:45:00Z,4485.59,21.100000000000364,1.0
1166,short,2025-08-29T04:45:00Z,4485.59,2025-08-29T06:45:00Z,4471.77,13.819999999999709,1.0
1167,long,2025-08-29T06:45:00Z,4471.77,2025-08-29T11:30:00Z,4339.93,-131.84000000000015,1.0
1168,short,2025-08-29T11:30:00Z,4339.93,2025-08-29T14:45:00Z,4309.51,30.420000000000073,1.0
1169,long,2025-08-29T14:45:00Z,4309.51,2025-08-29T18:15:00Z,4326.99,17.479999999999563,1.0
1170,short,2025-08-29T18:15:00Z,4326.99,2025-08-30T01:15:00Z,4342.72,-15.730000000000473,1.0
1171,long,2025-08-30T01:15:00Z,4342.72,2025-08-30T04:45:00Z,4355.24,12.519999999999527,1.0
1172,short,2025-08-30T04:45:00Z,4355.24,2025-08-30T10:00:00Z,4389.75,-34.51000000000022,1.0
1173,long,2025-08-30T10:00:00Z,4389.75,2025-08-30T16:15:00Z,4360.6,-29.149999999999636,1.0
1174,short,2025-08-30T16:15:00Z,4360.6,2025-08-30T19:30:00Z,4345.98,14.6200000000008,1.0
1175,long,2025-08-30T19:30:00Z,4345.98,2025-08-30T23:30:00Z,4371.91,25.93000000000029,1.0
1176,short,2025-08-30T23:30:00Z,4371.91,2025-08-31T05:45:00Z,4453.05,-81.14000000000033,1.0
1177,long,2025-08-31T05:45:00Z,4453.05,2025-08-31T09:30:00Z,4469.52,16.470000000000255,1.0
1178,short,2025-08-31T09:30:00Z,4469.52,2025-08-31T20:15:00Z,4458.26,11.260000000000218,1.0
1179,long,2025-08-31T20:15:00Z,4458.26,2025-09-01T04:30:00Z,4386.8,-71.46000000000004,1.0
1180,short,2025-09-01T04:30:00Z,4386.8,2025-09-01T12:00:00Z,4390.88,-4.079999999999927,1.0
1181,long,2025-09-01T12:00:00Z,4390.88,2025-09-01T19:45:00Z,4363.93,-26.949999999999818,1.0
1182,short,2025-09-01T19:45:00Z,4363.93,2025-09-02T08:30:00Z,4394.04,-30.109999999999673,1.0
1183,long,2025-09-02T08:30:00Z,4394.04,2025-09-02T14:45:00Z,4354.62,-39.42000000000007,1.0
1184,short,2025-09-02T14:45:00Z,4354.62,2025-09-03T01:45:00Z,4288.5,66.11999999999989,1.0
1185,long,2025-09-03T01:45:00Z,4288.5,2025-09-03T10:45:00Z,4362.38,73.88000000000011,1.0
1186,short,2025-09-03T10:45:00Z,4362.38,2025-09-03T19:00:00Z,4466.92,-104.53999999999996,1.0
1187,long,2025-09-03T19:00:00Z,4466.92,2025-09-04T08:00:00Z,4368.8,-98.11999999999989,1.0
1188,short,2025-09-04T08:00:00Z,4368.8,2025-09-04T14:30:00Z,4349.99,18.8100000000004,1.0
1189,long,2025-09-04T14:30:00Z,4349.99,2025-09-04T21:15:00Z,4301.31,-48.67999999999938,1.0
1190,short,2025-09-04T21:15:00Z,4301.31,2025-09-05T00:45:00Z,4304.64,-3.3299999999999272,1.0
1191,long,2025-09-05T00:45:00Z,4304.64,2025-09-05T06:15:00Z,4334.0,29.359999999999673,1.0
1192,short,2025-09-05T06:15:00Z,4334.0,2025-09-05T15:15:00Z,4284.1,49.899999999999636,1.0
1193,long,2025-09-05T15:15:00Z,4284.1,2025-09-05T19:45:00Z,4317.33,33.22999999999956,1.0
1194,short,2025-09-05T19:45:00Z,4317.33,2025-09-06T06:15:00Z,4299.28,18.050000000000182,1.0
1195,long,2025-09-06T06:15:00Z,4299.28,2025-09-06T08:30:00Z,4305.35,6.0700000000006185,1.0
1196,short,2025-09-06T08:30:00Z,4305.35,2025-09-07T07:15:00Z,4283.85,21.5,1.0
1197,long,2025-09-07T07:15:00Z,4283.85,2025-09-07T09:00:00Z,4299.34,15.489999999999782,1.0
1198,short,2025-09-07T09:00:00Z,4299.34,2025-09-07T13:15:00Z,4294.46,4.880000000000109,1.0
1199,long,2025-09-07T13:15:00Z,4294.46,2025-09-07T20:15:00Z,4279.64,-14.819999999999709,1.0
1200,short,2025-09-07T20:15:00Z,4279.64,2025-09-08T02:00:00Z,4290.32,-10.679999999999382,1.0
1201,long,2025-09-08T02:00:00Z,4290.32,2025-09-08T09:45:00Z,4310.69,20.36999999999989,1.0
1202,short,2025-09-08T09:45:00Z,4310.69,2025-09-08T17:45:00Z,4323.36,-12.670000000000073,1.0
1203,long,2025-09-08T17:45:00Z,4323.36,2025-09-08T22:45:00Z,4313.74,-9.61999999999989,1.0
1204,short,2025-09-08T22:45:00Z,4313.74,2025-09-09T01:45:00Z,4292.72,21.019999999999527,1.0
1205,long,2025-09-09T01:45:00Z,4292.72,2025-09-09T04:15:00Z,4301.76,9.039999999999964,1.0
1206,short,2025-09-09T04:15:00Z,4301.76,2025-09-09T10:45:00Z,4357.07,-55.30999999999949,1.0
1207,long,2025-09-09T10:45:00Z,4357.07,2025-09-09T18:45:00Z,4280.95,-76.11999999999989,1.0
1208,short,2025-09-09T18:45:00Z,4280.95,2025-09-10T01:15:00Z,4289.88,-8.930000000000291,1.0
1209,long,2025-09-10T01:15:00Z,4289.88,2025-09-10T03:15:00Z,4317.0,27.11999999999989,1.0
1210,short,2025-09-10T03:15:00Z,4317.0,2025-09-10T17:00:00Z,4383.99,-66.98999999999978,1.0
1211,long,2025-09-10T17:00:00Z,4383.99,2025-09-10T22:30:00Z,4344.51,-39.47999999999956,1.0
1212,short,2025-09-10T22:30:00Z,4344.51,2025-09-11T10:00:00Z,4415.02,-70.51000000000022,1.0
1213,long,2025-09-11T10:00:00Z,4415.02,2025-09-11T23:30:00Z,4459.44,44.41999999999916,1.0
1214,short,2025-09-11T23:30:00Z,4459.44,2025-09-12T04:00:00Z,4503.61,-44.17000000000007,1.0
1215,long,2025-09-12T04:00:00Z,4503.61,2025-09-12T18:15:00Z,4609.62,106.01000000000022,1.0
1216,short,2025-09-12T18:15:00Z,4609.62,2025-09-13T01:15:00Z,4719.32,-109.69999999999982,1.0
1217,long,2025-09-13T01:15:00Z,4719.32,2025-09-13T19:15:00Z,4637.0,-82.31999999999971,1.0
1218,short,2025-09-13T19:15:00Z,4637.0,2025-09-14T04:45:00Z,4664.29,-27.289999999999964,1.0
1219,long,2025-09-14T04:45:00Z,4664.29,2025-09-14T10:15:00Z,4660.29,-4.0,1.0
1220,short,2025-09-14T10:15:00Z,4660.29,2025-09-14T16:15:00Z,4586.65,73.64000000000033,1.0
1221,long,2025-09-14T16:15:00Z,4586.65,2025-09-14T18:15:00Z,4615.7,29.050000000000182,1.0
1222,short,2025-09-14T18:15:00Z,4615.7,2025-09-15T00:30:00Z,4613.21,2.4899999999997817,1.0
1223,long,2025-09-15T00:30:00Z,4613.21,2025-09-15T03:00:00Z,4618.5,5.289999999999964,1.0
1224,short,2025-09-15T03:00:00Z,4618.5,2025-09-15T07:30:00Z,4623.48,-4.979999999999563,1.0
1225,long,2025-09-15T07:30:00Z,4623.48,2025-09-15T12:30:00Z,4512.65,-110.82999999999993,1.0
1226,short,2025-09-15T12:30:00Z,4512.65,2025-09-16T01:00:00Z,4511.9,0.75,1.0
1227,long,2025-09-16T01:00:00Z,4511.9,2025-09-16T18:00:00Z,4484.27,-27.6299999999992,1.0
1228,short,2025-09-16T18:00:00Z,4484.27,2025-09-17T00:30:00Z,4509.71,-25.4399999999996,1.0
1229,long,2025-09-17T00:30:00Z,4509.71,2025-09-17T07:30:00Z,4540.01,30.300000000000182,1.0
1230,short,2025-09-17T07:30:00Z,4540.01,2025-09-17T10:45:00Z,4485.89,54.11999999999989,1.0
1231,long,2025-09-17T10:45:00Z,4485.89,2025-09-17T20:45:00Z,4507.35,21.460000000000036,1.0
1232,short,2025-09-17T20:45:00Z,4507.35,2025-09-18T05:00:00Z,4609.48,-102.1299999999992,1.0
1233,long,2025-09-18T05:00:00Z,4609.48,2025-09-18T09:30:00Z,4599.52,-9.959999999999127,1.0
1234,short,2025-09-18T09:30:00Z,4599.52,2025-09-18T20:15:00Z,4593.9,5.6200000000008,1.0
1235,long,2025-09-18T20:15:00Z,4593.9,2025-09-19T01:15:00Z,4601.16,7.260000000000218,1.0
1236,short,2025-09-19T01:15:00Z,4601.16,2025-09-19T04:30:00Z,4546.26,54.899999999999636,1.0
1237,long,2025-09-19T04:30:00Z,4546.26,2025-09-19T08:30:00Z,4538.4,-7.860000000000582,1.0
1238,short,2025-09-19T08:30:00Z,4538.4,2025-09-19T16:00:00Z,4472.29,66.10999999999967,1.0
1239,long,2025-09-19T16:00:00Z,4472.29,2025-09-19T21:30:00Z,4460.0,-12.289999999999964,1.0
1240,short,2025-09-19T21:30:00Z,4460.0,2025-09-20T10:15:00Z,4470.55,-10.550000000000182,1.0
1241,long,2025-09-20T10:15:00Z,4470.55,2025-09-20T15:45:00Z,4497.37,26.81999999999971,1.0
1242,short,2025-09-20T15:45:00Z,4497.37,2025-09-20T18:15:00Z,4479.14,18.229999999999563,1.0
1243,long,2025-09-20T18:15:00Z,4479.14,2025-09-20T22:00:00Z,4487.98,8.839999999999236,1.0
1244,short,2025-09-20T22:00:00Z,4487.98,2025-09-21T00:15:00Z,4480.65,7.329999999999927,1.0
1245,long,2025-09-21T00:15:00Z,4480.65,2025-09-21T07:00:00Z,4482.9,2.25,1.0
1246,short,2025-09-21T07:00:00Z,4482.9,2025-09-21T10:00:00Z,4464.09,18.80999999999949,1.0
1247,long,2025-09-21T10:00:00Z,4464.09,2025-09-21T13:00:00Z,4465.16,1.069999999999709,1.0
1248,short,2025-09-21T13:00:00Z,4465.16,2025-09-21T21:45:00Z,4474.17,-9.010000000000218,1.0
1249,long,2025-09-21T21:45:00Z,4474.17,2025-09-22T05:00:00Z,4288.0,-186.17000000000007,1.0
1250,short,2025-09-22T05:00:00Z,4288.0,2025-09-22T16:30:00Z,4173.54,114.46000000000004,1.0
1251,long,2025-09-22T16:30:00Z,4173.54,2025-09-22T22:15:00Z,4189.67,16.13000000000011,1.0
1252,short,2025-09-22T22:15:00Z,4189.67,2025-09-23T01:30:00Z,4195.97,-6.300000000000182,1.0
1253,long,2025-09-23T01:30:00Z,4195.97,2025-09-23T06:15:00Z,4192.67,-3.300000000000182,1.0
1254,short,2025-09-23T06:15:00Z,4192.67,2025-09-23T10:30:00Z,4188.91,3.7600000000002183,1.0
1255,long,2025-09-23T10:30:00Z,4188.91,2025-09-23T21:45:00Z,4185.97,-2.9399999999996,1.0
1256,short,2025-09-23T21:45:00Z,4185.97,2025-09-24T03:45:00Z,4142.0,43.970000000000255,1.0
1257,long,2025-09-24T03:45:00Z,4142.0,2025-09-24T06:30:00Z,4171.22,29.220000000000255,1.0
1258,short,2025-09-24T06:30:00Z,4171.22,2025-09-24T14:15:00Z,4166.0,5.220000000000255,1.0
1259,long,2025-09-24T14:15:00Z,4166.0,2025-09-24T15:45:00Z,4189.3,23.300000000000182,1.0
1260,short,2025-09-24T15:45:00Z,4189.3,2025-09-24T20:15:00Z,4156.94,32.36000000000058,1.0
1261,long,2025-09-24T20:15:00Z,4156.94,2025-09-25T08:45:00Z,4010.36,-146.57999999999947,1.0
1262,short,2025-09-25T08:45:00Z,4010.36,2025-09-25T12:15:00Z,4009.27,1.0900000000001455,1.0
1263,long,2025-09-25T12:15:00Z,4009.27,2025-09-25T15:15:00Z,4002.61,-6.6599999999998545,1.0
1264,short,2025-09-25T15:15:00Z,4002.61,2025-09-25T17:45:00Z,3865.19,137.42000000000007,1.0
1265,long,2025-09-25T17:45:00Z,3865.19,2025-09-25T20:00:00Z,3910.36,45.17000000000007,1.0
1266,short,2025-09-25T20:00:00Z,3910.36,2025-09-26T06:30:00Z,3938.59,-28.230000000000018,1.0
1267,long,2025-09-26T06:30:00Z,3938.59,2025-09-26T14:30:00Z,3939.23,0.6399999999998727,1.0
1268,short,2025-09-26T14:30:00Z,3939.23,2025-09-26T20:30:00Z,4016.0,-76.76999999999998,1.0
1269,long,2025-09-26T20:30:00Z,4016.0,2025-09-27T11:45:00Z,4003.04,-12.960000000000036,1.0
1270,short,2025-09-27T11:45:00Z,4003.04,2025-09-27T17:45:00Z,3994.31,8.730000000000018,1.0
1271,long,2025-09-27T17:45:00Z,3994.31,2025-09-27T21:30:00Z,4009.63,15.320000000000164,1.0
1272,short,2025-09-27T21:30:00Z,4009.63,2025-09-28T02:30:00Z,4002.89,6.7400000000002365,1.0
1273,long,2025-09-28T02:30:00Z,4002.89,2025-09-28T06:15:00Z,4009.41,6.519999999999982,1.0
1274,short,2025-09-28T06:15:00Z,4009.41,2025-09-29T02:30:00Z,4121.72,-112.3100000000004,1.0
1275,long,2025-09-29T02:30:00Z,4121.72,2025-09-29T09:15:00Z,4121.04,-0.680000000000291,1.0
1276,short,2025-09-29T09:15:00Z,4121.04,2025-09-29T11:45:00Z,4104.2,16.840000000000146,1.0
1277,long,2025-09-29T11:45:00Z,4104.2,2025-09-29T14:45:00Z,4189.89,85.69000000000051,1.0
1278,short,2025-09-29T14:45:00Z,4189.89,2025-09-29T17:45:00Z,4143.95,45.94000000000051,1.0
1279,long,2025-09-29T17:45:00Z,4143.95,2025-09-29T20:30:00Z,4189.05,45.100000000000364,1.0
1280,short,2025-09-29T20:30:00Z,4189.05,2025-09-30T00:45:00Z,4216.8,-27.75,1.0
1281,long,2025-09-30T00:45:00Z,4216.8,2025-09-30T07:15:00Z,4194.08,-22.720000000000255,1.0
1282,short,2025-09-30T07:15:00Z,4194.08,2025-09-30T09:30:00Z,4168.77,25.30999999999949,1.0
1283,long,2025-09-30T09:30:00Z,4168.77,2025-09-30T12:15:00Z,4159.11,-9.660000000000764,1.0
1284,short,2025-09-30T12:15:00Z,4159.11,2025-09-30T17:30:00Z,4099.08,60.029999999999745,1.0
1285,long,2025-09-30T17:30:00Z,4099.08,2025-09-30T20:15:00Z,4151.25,52.17000000000007,1.0
1286,short,2025-09-30T20:15:00Z,4151.25,2025-09-30T23:30:00Z,4135.45,15.800000000000182,1.0
1287,long,2025-09-30T23:30:00Z,4135.45,2025-10-01T02:30:00Z,4164.44,28.98999999999978,1.0
1288,short,2025-10-01T02:30:00Z,4164.44,2025-10-01T13:30:00Z,4293.67,-129.23000000000047,1.0
1289,long,2025-10-01T13:30:00Z,4293.67,2025-10-02T00:30:00Z,4354.49,60.81999999999971,1.0
1290,short,2025-10-02T00:30:00Z,4354.49,2025-10-02T08:30:00Z,4385.7,-31.210000000000036,1.0
1291,long,2025-10-02T08:30:00Z,4385.7,2025-10-02T13:15:00Z,4394.99,9.289999999999964,1.0
1292,short,2025-10-02T13:15:00Z,4394.99,2025-10-02T21:00:00Z,4489.0,-94.01000000000022,1.0
1293,long,2025-10-02T21:00:00Z,4489.0,2025-10-03T03:45:00Z,4518.4,29.399999999999636,1.0
1294,short,2025-10-03T03:45:00Z,4518.4,2025-10-03T06:15:00Z,4479.02,39.3799999999992,1.0
1295,long,2025-10-03T06:15:00Z,4479.02,2025-10-03T10:15:00Z,4471.12,-7.900000000000546,1.0
1296,short,2025-10-03T10:15:00Z,4471.12,2025-10-03T18:45:00Z,4498.46,-27.340000000000146,1.0
1297,long,2025-10-03T18:45:00Z,4498.46,2025-10-04T04:30:00Z,4478.52,-19.9399999999996,1.0
1298,short,2025-10-04T04:30:00Z,4478.52,2025-10-04T09:15:00Z,4494.2,-15.679999999999382,1.0
1299,long,2025-10-04T09:15:00Z,4494.2,2025-10-04T14:30:00Z,4499.86,5.6599999999998545,1.0
1300,short,2025-10-04T14:30:00Z,4499.86,2025-10-04T16:00:00Z,4453.14,46.719999999999345,1.0
1301,long,2025-10-04T16:00:00Z,4453.14,2025-10-04T20:45:00Z,4481.24,28.099999999999454,1.0
1302,short,2025-10-04T20:45:00Z,4481.24,2025-10-05T11:00:00Z,4540.84,-59.600000000000364,1.0
1303,long,2025-10-05T11:00:00Z,4540.84,2025-10-05T21:15:00Z,4494.74,-46.100000000000364,1.0
1304,short,2025-10-05T21:15:00Z,4494.74,2025-10-06T05:45:00Z,4518.47,-23.730000000000473,1.0
1305,long,2025-10-06T05:45:00Z,4518.47,2025-10-06T07:15:00Z,4571.99,53.51999999999953,1.0
1306,short,2025-10-06T07:15:00Z,4571.99,2025-10-06T19:00:00Z,4710.0,-138.01000000000022,1.0
1307,long,2025-10-06T19:00:00Z,4710.0,2025-10-07T05:45:00Z,4722.0,12.0,1.0
1308,short,2025-10-07T05:45:00Z,4722.0,2025-10-07T07:30:00Z,4679.6,42.399999999999636,1.0
1309,long,2025-10-07T07:30:00Z,4679.6,2025-10-07T10:30:00Z,4685.74,6.139999999999418,1.0
1310,short,2025-10-07T10:30:00Z,4685.74,2025-10-07T16:00:00Z,4510.3,175.4399999999996,1.0
1311,long,2025-10-07T16:00:00Z,4510.3,2025-10-07T20:45:00Z,4503.45,-6.850000000000364,1.0
1312,short,2025-10-07T20:45:00Z,4503.45,2025-10-08T00:30:00Z,4454.05,49.399999999999636,1.0
1313,long,2025-10-08T00:30:00Z,4454.05,2025-10-08T02:45:00Z,4477.27,23.220000000000255,1.0
1314,short,2025-10-08T02:45:00Z,4477.27,2025-10-08T04:30:00Z,4445.18,32.090000000000146,1.0
1315,long,2025-10-08T04:30:00Z,4445.18,2025-10-08T07:30:00Z,4450.32,5.139999999999418,1.0
1316,short,2025-10-08T07:30:00Z,4450.32,2025-10-08T13:15:00Z,4482.79,-32.470000000000255,1.0
1317,long,2025-10-08T13:15:00Z,4482.79,2025-10-08T18:00:00Z,4536.99,54.19999999999982,1.0
1318,short,2025-10-08T18:00:00Z,4536.99,2025-10-09T02:00:00Z,4477.24,59.75,1.0
1319,long,2025-10-09T02:00:00Z,4477.24,2025-10-09T05:30:00Z,4445.56,-31.67999999999938,1.0
1320,short,2025-10-09T05:30:00Z,4445.56,2025-10-09T08:00:00Z,4424.42,21.140000000000327,1.0
1321,long,2025-10-09T08:00:00Z,4424.42,2025-10-09T12:00:00Z,4370.99,-53.43000000000029,1.0
1322,short,2025-10-09T12:00:00Z,4370.99,2025-10-09T16:15:00Z,4315.52,55.469999999999345,1.0
1323,long,2025-10-09T16:15:00Z,4315.52,2025-10-09T18:45:00Z,4309.36,-6.160000000000764,1.0
1324,short,2025-10-09T18:45:00Z,4309.36,2025-10-10T02:45:00Z,4366.86,-57.5,1.0
1325,long,2025-10-10T02:45:00Z,4366.86,2025-10-10T12:45:00Z,4336.78,-30.079999999999927,1.0
1326,short,2025-10-10T12:45:00Z,4336.78,2025-10-10T16:15:00Z,4110.29,226.48999999999978,1.0
1327,long,2025-10-10T16:15:00Z,4110.29,2025-10-10T21:00:00Z,3864.76,-245.52999999999975,1.0
1328,short,2025-10-10T21:00:00Z,3864.76,2025-10-11T02:15:00Z,3773.5,91.26000000000022,1.0
1329,long,2025-10-11T02:15:00Z,3773.5,2025-10-11T03:15:00Z,3788.0,14.5,1.0
1330,short,2025-10-11T03:15:00Z,3788.0,2025-10-11T08:15:00Z,3769.37,18.63000000000011,1.0
1331,long,2025-10-11T08:15:00Z,3769.37,2025-10-11T09:30:00Z,3826.0,56.63000000000011,1.0
1332,short,2025-10-11T09:30:00Z,3826.0,2025-10-11T20:00:00Z,3758.0,68.0,1.0
1333,long,2025-10-11T20:00:00Z,3758.0,2025-10-11T23:30:00Z,3745.54,-12.460000000000036,1.0
1334,short,2025-10-11T23:30:00Z,3745.54,2025-10-12T11:15:00Z,3827.16,-81.61999999999989,1.0
1335,long,2025-10-12T11:15:00Z,3827.16,2025-10-12T15:45:00Z,4007.19,180.0300000000002,1.0
1336,short,2025-10-12T15:45:00Z,4007.19,2025-10-12T19:15:00Z,4127.55,-120.36000000000013,1.0
1337,long,2025-10-12T19:15:00Z,4127.55,2025-10-13T08:00:00Z,4176.28,48.72999999999956,1.0
1338,short,2025-10-13T08:00:00Z,4176.28,2025-10-13T10:00:00Z,4162.3,13.979999999999563,1.0
1339,long,2025-10-13T10:00:00Z,4162.3,2025-10-13T14:30:00Z,4107.39,-54.909999999999854,1.0
1340,short,2025-10-13T14:30:00Z,4107.39,2025-10-13T22:30:00Z,4251.32,-143.92999999999938,1.0
1341,long,2025-10-13T22:30:00Z,4251.32,2025-10-14T10:00:00Z,3983.81,-267.50999999999976,1.0
1342,short,2025-10-14T10:00:00Z,3983.81,2025-10-15T01:00:00Z,4117.74,-133.92999999999984,1.0
1343,long,2025-10-15T01:00:00Z,4117.74,2025-10-15T07:45:00Z,4112.61,-5.130000000000109,1.0
1344,short,2025-10-15T07:45:00Z,4112.61,2025-10-15T11:45:00Z,4113.53,-0.9200000000000728,1.0
1345,long,2025-10-15T11:45:00Z,4113.53,2025-10-15T19:15:00Z,3988.67,-124.85999999999967,1.0
1346,short,2025-10-15T19:15:00Z,3988.67,2025-10-16T09:15:00Z,3998.79,-10.11999999999989,1.0
1347,long,2025-10-16T09:15:00Z,3998.79,2025-10-16T11:00:00Z,4047.2,48.409999999999854,1.0
1348,short,2025-10-16T11:00:00Z,4047.2,2025-10-16T16:45:00Z,3892.53,154.66999999999962,1.0
1349,long,2025-10-16T16:45:00Z,3892.53,2025-10-16T22:30:00Z,3871.99,-20.54000000000042,1.0
1350,short,2025-10-16T22:30:00Z,3871.99,2025-10-17T05:45:00Z,3898.45,-26.460000000000036,1.0
1351,long,2025-10-17T05:45:00Z,3898.45,2025-10-17T12:00:00Z,3776.29,-122.15999999999985,1.0
1352,short,2025-10-17T12:00:00Z,3776.29,2025-10-18T00:30:00Z,3838.32,-62.0300000000002,1.0
1353,long,2025-10-18T00:30:00Z,3838.32,2025-10-18T18:15:00Z,3884.95,46.629999999999654,1.0
1354,short,2025-10-18T18:15:00Z,3884.95,2025-10-19T01:30:00Z,3869.97,14.980000000000018,1.0
1355,long,2025-10-19T01:30:00Z,3869.97,2025-10-19T04:15:00Z,3893.48,23.51000000000022,1.0
1356,short,2025-10-19T04:15:00Z,3893.48,2025-10-19T07:30:00Z,3881.96,11.519999999999982,1.0
1357,long,2025-10-19T07:30:00Z,3881.96,2025-10-19T10:45:00Z,3922.93,40.9699999999998,1.0
1358,short,2025-10-19T10:45:00Z,3922.93,2025-10-19T18:30:00Z,3991.8,-68.87000000000035,1.0
1359,long,2025-10-19T18:30:00Z,3991.8,2025-10-20T04:30:00Z,4029.32,37.51999999999998,1.0
1360,short,2025-10-20T04:30:00Z,4029.32,2025-10-20T08:45:00Z,4049.41,-20.08999999999969,1.0
1361,long,2025-10-20T08:45:00Z,4049.41,2025-10-20T20:30:00Z,3984.74,-64.67000000000007,1.0
1362,short,2025-10-20T20:30:00Z,3984.74,2025-10-21T03:00:00Z,3929.71,55.029999999999745,1.0
1363,long,2025-10-21T03:00:00Z,3929.71,2025-10-21T07:30:00Z,3890.45,-39.26000000000022,1.0
1364,short,2025-10-21T07:30:00Z,3890.45,2025-10-21T19:00:00Z,4011.85,-121.40000000000009,1.0
1365,long,2025-10-21T19:00:00Z,4011.85,2025-10-22T02:45:00Z,3863.7,-148.1500000000001,1.0
1366,short,2025-10-22T02:45:00Z,3863.7,2025-10-22T11:30:00Z,3821.7,42.0,1.0
1367,long,2025-10-22T11:30:00Z,3821.7,2025-10-22T13:30:00Z,3848.85,27.15000000000009,1.0
1368,short,2025-10-22T13:30:00Z,3848.85,2025-10-23T11:45:00Z,3864.45,-15.599999999999909,1.0
1369,long,2025-10-23T11:45:00Z,3864.45,2025-10-23T16:00:00Z,3874.87,10.420000000000073,1.0
1370,short,2025-10-23T16:00:00Z,3874.87,2025-10-23T19:30:00Z,3866.24,8.63000000000011,1.0
1371,long,2025-10-23T19:30:00Z,3866.24,2025-10-24T00:15:00Z,3854.1,-12.139999999999873,1.0
1372,short,2025-10-24T00:15:00Z,3854.1,2025-10-24T08:45:00Z,3952.78,-98.68000000000029,1.0
1373,long,2025-10-24T08:45:00Z,3952.78,2025-10-24T19:45:00Z,3924.01,-28.769999999999982,1.0
1374,short,2025-10-24T19:45:00Z,3924.01,2025-10-25T01:15:00Z,3921.25,2.7600000000002183,1.0
1375,long,2025-10-25T01:15:00Z,3921.25,2025-10-25T06:45:00Z,3930.07,8.820000000000164,1.0
1376,short,2025-10-25T06:45:00Z,3930.07,2025-10-25T15:30:00Z,3931.36,-1.2899999999999636,1.0
1377,long,2025-10-25T15:30:00Z,3931.36,2025-10-25T19:15:00Z,3951.62,20.259999999999764,1.0
1378,short,2025-10-25T19:15:00Z,3951.62,2025-10-26T02:30:00Z,3934.86,16.759999999999764,1.0
1379,long,2025-10-26T02:30:00Z,3934.86,2025-10-26T06:00:00Z,3940.99,6.129999999999654,1.0
1380,short,2025-10-26T06:00:00Z,3940.99,2025-10-26T16:00:00Z,4073.45,-132.46000000000004,1.0
1381,long,2025-10-26T16:00:00Z,4073.45,2025-10-26T23:15:00Z,4159.74,86.28999999999996,1.0
1382,short,2025-10-26T23:15:00Z,4159.74,2025-10-27T04:45:00Z,4209.99,-50.25,1.0
1383,long,2025-10-27T04:45:00Z,4209.99,2025-10-27T17:15:00Z,4216.27,6.280000000000655,1.0
1384,short,2025-10-27T17:15:00Z,4216.27,2025-10-27T20:30:00Z,4149.77,66.5,1.0
1385,long,2025-10-27T20:30:00Z,4149.77,2025-10-28T00:45:00Z,4118.24,-31.530000000000655,1.0
1386,short,2025-10-28T00:45:00Z,4118.24,2025-10-28T03:30:00Z,4094.37,23.86999999999989,1.0
1387,long,2025-10-28T03:30:00Z,4094.37,2025-10-28T08:00:00Z,4115.36,20.98999999999978,1.0
1388,short,2025-10-28T08:00:00Z,4115.36,2025-10-28T16:30:00Z,4113.0,2.3599999999996726,1.0
1389,long,2025-10-28T16:30:00Z,4113.0,2025-10-28T23:30:00Z,3978.15,-134.8499999999999,1.0
1390,short,2025-10-28T23:30:00Z,3978.15,2025-10-29T09:45:00Z,3999.13,-20.980000000000018,1.0
1391,long,2025-10-29T09:45:00Z,3999.13,2025-10-29T12:30:00Z,4002.69,3.5599999999999454,1.0
1392,short,2025-10-29T12:30:00Z,4002.69,2025-10-29T16:30:00Z,3961.31,41.38000000000011,1.0
1393,long,2025-10-29T16:30:00Z,3961.31,2025-10-29T18:15:00Z,3981.0,19.690000000000055,1.0
1394,short,2025-10-29T18:15:00Z,3981.0,2025-10-30T00:15:00Z,3903.18,77.82000000000016,1.0
1395,long,2025-10-30T00:15:00Z,3903.18,2025-10-30T02:45:00Z,3943.8,40.620000000000346,1.0
1396,short,2025-10-30T02:45:00Z,3943.8,2025-10-30T10:15:00Z,3888.37,55.43000000000029,1.0
1397,long,2025-10-30T10:15:00Z,3888.37,2025-10-30T17:00:00Z,3779.38,-108.98999999999978,1.0
1398,short,2025-10-30T17:00:00Z,3779.38,2025-10-30T20:15:00Z,3707.27,72.11000000000013,1.0
1399,long,2025-10-30T20:15:00Z,3707.27,2025-10-30T21:45:00Z,3759.01,51.74000000000024,1.0
1400,short,2025-10-30T21:45:00Z,3759.01,2025-10-31T03:30:00Z,3825.91,-66.89999999999964,1.0
1401,long,2025-10-31T03:30:00Z,3825.91,2025-10-31T20:15:00Z,3886.86,60.95000000000027,1.0
1402,short,2025-10-31T20:15:00Z,3886.86,2025-11-01T01:00:00Z,3845.57,41.289999999999964,1.0
1403,long,2025-11-01T01:00:00Z,3845.57,2025-11-01T04:30:00Z,3861.01,15.440000000000055,1.0
1404,short,2025-11-01T04:30:00Z,3861.01,2025-11-01T07:00:00Z,3857.04,3.9700000000002547,1.0
1405,long,2025-11-01T07:00:00Z,3857.04,2025-11-01T09:30:00Z,3875.48,18.440000000000055,1.0
1406,short,2025-11-01T09:30:00Z,3875.48,2025-11-01T14:00:00Z,3868.62,6.860000000000127,1.0
1407,long,2025-11-01T14:00:00Z,3868.62,2025-11-01T16:00:00Z,3893.02,24.40000000000009,1.0
1408,short,2025-11-01T16:00:00Z,3893.02,2025-11-01T18:30:00Z,3868.46,24.559999999999945,1.0
1409,long,2025-11-01T18:30:00Z,3868.46,2025-11-02T03:30:00Z,3877.53,9.070000000000164,1.0
1410,short,2025-11-02T03:30:00Z,3877.53,2025-11-02T09:15:00Z,3897.78,-20.25,1.0
1411,long,2025-11-02T09:15:00Z,3897.78,2025-11-02T12:30:00Z,3881.32,-16.460000000000036,1.0
1412,short,2025-11-02T12:30:00Z,3881.32,2025-11-02T15:00:00Z,3851.4,29.920000000000073,1.0
1413,long,2025-11-02T15:00:00Z,3851.4,2025-11-02T17:30:00Z,3857.68,6.279999999999745,1.0
1414,short,2025-11-02T17:30:00Z,3857.68,2025-11-03T03:00:00Z,3797.4,60.279999999999745,1.0
1415,long,2025-11-03T03:00:00Z,3797.4,2025-11-03T12:45:00Z,3711.57,-85.82999999999993,1.0
1416,short,2025-11-03T12:45:00Z,3711.57,2025-11-03T16:15:00Z,3605.89,105.68000000000029,1.0
1417,long,2025-11-03T16:15:00Z,3605.89,2025-11-04T02:30:00Z,3633.43,27.539999999999964,1.0
1418,short,2025-11-04T02:30:00Z,3633.43,2025-11-04T06:15:00Z,3520.0,113.42999999999984,1.0
1419,long,2025-11-04T06:15:00Z,3520.0,2025-11-04T09:30:00Z,3489.24,-30.76000000000022,1.0
1420,short,2025-11-04T09:30:00Z,3489.24,2025-11-04T17:30:00Z,3383.99,105.25,1.0
1421,long,2025-11-04T17:30:00Z,3383.99,2025-11-04T23:00:00Z,3246.43,-137.55999999999995,1.0
1422,short,2025-11-04T23:00:00Z,3246.43,2025-11-05T06:45:00Z,3324.89,-78.46000000000004,1.0
1423,long,2025-11-05T06:45:00Z,3324.89,2025-11-05T12:45:00Z,3349.38,24.490000000000236,1.0
1424,short,2025-11-05T12:45:00Z,3349.38,2025-11-05T21:45:00Z,3436.88,-87.5,1.0
1425,long,2025-11-05T21:45:00Z,3436.88,2025-11-06T04:00:00Z,3431.34,-5.539999999999964,1.0
1426,short,2025-11-06T04:00:00Z,3431.34,2025-11-06T06:30:00Z,3396.07,35.26999999999998,1.0
1427,long,2025-11-06T06:30:00Z,3396.07,2025-11-06T11:15:00Z,3385.5,-10.570000000000164,1.0
1428,short,2025-11-06T11:15:00Z,3385.5,2025-11-06T13:15:00Z,3365.58,19.920000000000073,1.0
1429,long,2025-11-06T13:15:00Z,3365.58,2025-11-06T18:30:00Z,3309.32,-56.25999999999976,1.0
1430,short,2025-11-06T18:30:00Z,3309.32,2025-11-07T10:00:00Z,3299.84,9.480000000000018,1.0
1431,long,2025-11-07T10:00:00Z,3299.84,2025-11-07T14:30:00Z,3229.47,-70.37000000000035,1.0
1432,short,2025-11-07T14:30:00Z,3229.47,2025-11-08T00:45:00Z,3431.35,-201.8800000000001,1.0
1433,long,2025-11-08T00:45:00Z,3431.35,2025-11-08T18:30:00Z,3388.3,-43.04999999999973,1.0
1434,short,2025-11-08T18:30:00Z,3388.3,2025-11-09T00:45:00Z,3390.65,-2.349999999999909,1.0
1435,long,2025-11-09T00:45:00Z,3390.65,2025-11-09T06:15:00Z,3405.96,15.309999999999945,1.0
1436,short,2025-11-09T06:15:00Z,3405.96,2025-11-09T10:45:00Z,3393.83,12.13000000000011,1.0
1437,long,2025-11-09T10:45:00Z,3393.83,2025-11-09T13:15:00Z,3457.06,63.23000000000002,1.0
1438,short,2025-11-09T13:15:00Z,3457.06,2025-11-09T16:45:00Z,3517.97,-60.909999999999854,1.0
1439,long,2025-11-09T16:45:00Z,3517.97,2025-11-09T20:15:00Z,3564.06,46.090000000000146,1.0
1440,short,2025-11-09T20:15:00Z,3564.06,2025-11-09T23:00:00Z,3586.1,-22.039999999999964,1.0
1441,long,2025-11-09T23:00:00Z,3586.1,2025-11-10T01:45:00Z,3628.81,42.710000000000036,1.0
1442,short,2025-11-10T01:45:00Z,3628.81,2025-11-10T05:00:00Z,3615.98,12.829999999999927,1.0
1443,long,2025-11-10T05:00:00Z,3615.98,2025-11-10T10:30:00Z,3612.3,-3.6799999999998363,1.0
1444,short,2025-11-10T10:30:00Z,3612.3,2025-11-10T13:15:00Z,3602.65,9.650000000000091,1.0
1445,long,2025-11-10T13:15:00Z,3602.65,2025-11-10T19:00:00Z,3530.75,-71.90000000000009,1.0
1446,short,2025-11-10T19:00:00Z,3530.75,2025-11-11T05:30:00Z,3562.72,-31.9699999999998,1.0
1447,long,2025-11-11T05:30:00Z,3562.72,2025-11-11T09:45:00Z,3564.44,1.7200000000002547,1.0
1448,short,2025-11-11T09:45:00Z,3564.44,2025-11-11T15:00:00Z,3528.26,36.179999999999836,1.0
1449,long,2025-11-11T15:00:00Z,3528.26,2025-11-11T23:15:00Z,3422.92,-105.34000000000015,1.0
1450,short,2025-11-11T23:15:00Z,3422.92,2025-11-12T16:30:00Z,3394.38,28.539999999999964,1.0
1451,long,2025-11-12T16:30:00Z,3394.38,2025-11-12T21:00:00Z,3415.24,20.859999999999673,1.0
1452,short,2025-11-12T21:00:00Z,3415.24,2025-11-13T10:15:00Z,3494.91,-79.67000000000007,1.0
1453,long,2025-11-13T10:15:00Z,3494.91,2025-11-13T23:15:00Z,3237.25,-257.65999999999985,1.0
1454,short,2025-11-13T23:15:00Z,3237.25,2025-11-14T21:15:00Z,3158.26,78.98999999999978,1.0
1455,long,2025-11-14T21:15:00Z,3158.26,2025-11-15T03:15:00Z,3186.62,28.359999999999673,1.0
1456,short,2025-11-15T03:15:00Z,3186.62,2025-11-15T05:30:00Z,3169.2,17.420000000000073,1.0
1457,long,2025-11-15T05:30:00Z,3169.2,2025-11-15T14:15:00Z,3189.48,20.2800000000002,1.0
1458,short,2025-11-15T14:15:00Z,3189.48,2025-11-15T21:15:00Z,3181.25,8.230000000000018,1.0
1459,long,2025-11-15T21:15:00Z,3181.25,2025-11-16T03:15:00Z,3193.85,12.599999999999909,1.0
1460,short,2025-11-16T03:15:00Z,3193.85,2025-11-16T12:15:00Z,3168.43,25.420000000000073,1.0
1461,long,2025-11-16T12:15:00Z,3168.43,2025-11-16T15:45:00Z,3169.91,1.4800000000000182,1.0
1462,short,2025-11-16T15:45:00Z,3169.91,2025-11-16T17:15:00Z,3059.62,110.28999999999996,1.0
1463,long,2025-11-16T17:15:00Z,3059.62,2025-11-16T20:15:00Z,3105.17,45.55000000000018,1.0
1464,short,2025-11-16T20:15:00Z,3105.17,2025-11-17T14:00:00Z,3120.49,-15.319999999999709,1.0
1465,long,2025-11-17T14:00:00Z,3120.49,2025-11-17T21:45:00Z,2996.39,-124.09999999999991,1.0
1466,short,2025-11-17T21:45:00Z,2996.39,2025-11-18T14:00:00Z,3046.99,-50.59999999999991,1.0
1467,long,2025-11-18T14:00:00Z,3046.99,2025-11-18T16:15:00Z,3119.18,72.19000000000005,1.0
1468,short,2025-11-18T16:15:00Z,3119.18,2025-11-18T20:30:00Z,3146.44,-27.26000000000022,1.0
1469,long,2025-11-18T20:30:00Z,3146.44,2025-11-19T03:00:00Z,3112.91,-33.5300000000002,1.0
1470,short,2025-11-19T03:00:00Z,3112.91,2025-11-19T04:45:00Z,3058.8,54.10999999999967,1.0
1471,long,2025-11-19T04:45:00Z,3058.8,2025-11-19T08:45:00Z,3086.43,27.629999999999654,1.0
1472,short,2025-11-19T08:45:00Z,3086.43,2025-11-19T14:45:00Z,3059.71,26.7199999999998,1.0
1473,long,2025-11-19T14:45:00Z,3059.71,2025-11-19T22:00:00Z,2990.32,-69.38999999999987,1.0
1474,short,2025-11-19T22:00:00Z,2990.32,2025-11-20T04:45:00Z,3025.65,-35.32999999999993,1.0
1475,long,2025-11-20T04:45:00Z,3025.65,2025-11-20T13:30:00Z,3021.7,-3.950000000000273,1.0
1476,short,2025-11-20T13:30:00Z,3021.7,2025-11-20T17:30:00Z,2825.21,196.48999999999978,1.0
1477,long,2025-11-20T17:30:00Z,2825.21,2025-11-20T20:30:00Z,2850.17,24.960000000000036,1.0
1478,short,2025-11-20T20:30:00Z,2850.17,2025-11-21T03:15:00Z,2809.57,40.59999999999991,1.0
1479,long,2025-11-21T03:15:00Z,2809.57,2025-11-21T11:45:00Z,2692.89,-116.68000000000029,1.0
1480,short,2025-11-21T11:45:00Z,2692.89,2025-11-21T16:45:00Z,2713.42,-20.5300000000002,1.0
1481,long,2025-11-21T16:45:00Z,2713.42,2025-11-21T18:00:00Z,2779.39,65.9699999999998,1.0
1482,short,2025-11-21T18:00:00Z,2779.39,2025-11-21T21:00:00Z,2736.45,42.940000000000055,1.0
1483,long,2025-11-21T21:00:00Z,2736.45,2025-11-22T00:30:00Z,2757.3,20.850000000000364,1.0
1484,short,2025-11-22T00:30:00Z,2757.3,2025-11-22T05:00:00Z,2746.4,10.900000000000091,1.0
1485,long,2025-11-22T05:00:00Z,2746.4,2025-11-22T07:15:00Z,2758.43,12.029999999999745,1.0
1486,short,2025-11-22T07:15:00Z,2758.43,2025-11-22T09:15:00Z,2735.64,22.789999999999964,1.0
1487,long,2025-11-22T09:15:00Z,2735.64,2025-11-22T15:15:00Z,2739.53,3.8900000000003274,1.0
1488,short,2025-11-22T15:15:00Z,2739.53,2025-11-22T21:30:00Z,2744.99,-5.459999999999582,1.0
1489,long,2025-11-22T21:30:00Z,2744.99,2025-11-22T23:15:00Z,2782.14,37.15000000000009,1.0
1490,short,2025-11-22T23:15:00Z,2782.14,2025-11-23T06:15:00Z,2823.69,-41.55000000000018,1.0
1491,long,2025-11-23T06:15:00Z,2823.69,2025-11-23T21:00:00Z,2827.09,3.400000000000091,1.0
1492,short,2025-11-23T21:00:00Z,2827.09,2025-11-24T00:30:00Z,2783.64,43.45000000000027,1.0
1493,long,2025-11-24T00:30:00Z,2783.64,2025-11-24T03:00:00Z,2839.23,55.590000000000146,1.0
1494,short,2025-11-24T03:00:00Z,2839.23,2025-11-24T07:45:00Z,2841.51,-2.2800000000002,1.0
1495,long,2025-11-24T07:45:00Z,2841.51,2025-11-24T14:00:00Z,2813.9,-27.610000000000127,1.0
1496,short,2025-11-24T14:00:00Z,2813.9,2025-11-24T22:00:00Z,2957.97,-144.0699999999997,1.0
1497,long,2025-11-24T22:00:00Z,2957.97,2025-11-25T11:30:00Z,2892.66,-65.30999999999995,1.0
1498,short,2025-11-25T11:30:00Z,2892.66,2025-11-26T04:30:00Z,2932.89,-40.23000000000002,1.0
1499,long,2025-11-26T04:30:00Z,2932.89,2025-11-26T14:30:00Z,2933.2,0.30999999999994543,1.0
1500,short,2025-11-26T14:30:00Z,2933.2,2025-11-26T21:30:00Z,3029.76,-96.5600000000004,1.0
1501,long,2025-11-26T21:30:00Z,3029.76,2025-11-27T02:45:00Z,3065.19,35.429999999999836,1.0
1502,short,2025-11-27T02:45:00Z,3065.19,2025-11-27T04:30:00Z,3037.47,27.720000000000255,1.0
1503,long,2025-11-27T04:30:00Z,3037.47,2025-11-27T16:30:00Z,3015.3,-22.169999999999618,1.0
1504,short,2025-11-27T16:30:00Z,3015.3,2025-11-27T23:15:00Z,3018.45,-3.149999999999636,1.0
1505,long,2025-11-27T23:15:00Z,3018.45,2025-11-28T03:45:00Z,3005.81,-12.639999999999873,1.0
1506,short,2025-11-28T03:45:00Z,3005.81,2025-11-28T12:15:00Z,3037.25,-31.440000000000055,1.0
1507,long,2025-11-28T12:15:00Z,3037.25,2025-11-28T20:15:00Z,3042.09,4.8400000000001455,1.0
1508,short,2025-11-28T20:15:00Z,3042.09,2025-11-28T22:45:00Z,3035.52,6.570000000000164,1.0
1509,long,2025-11-28T22:45:00Z,3035.52,2025-11-29T05:45:00Z,3035.19,-0.32999999999992724,1.0
1510,short,2025-11-29T05:45:00Z,3035.19,2025-11-29T07:30:00Z,3006.85,28.340000000000146,1.0
1511,long,2025-11-29T07:30:00Z,3006.85,2025-11-29T14:15:00Z,2994.6,-12.25,1.0
1512,short,2025-11-29T14:15:00Z,2994.6,2025-11-30T12:15:00Z,3006.23,-11.63000000000011,1.0
1513,long,2025-11-30T12:15:00Z,3006.23,2025-11-30T13:45:00Z,3043.02,36.789999999999964,1.0
1514,short,2025-11-30T13:45:00Z,3043.02,2025-11-30T19:00:00Z,3035.9,7.119999999999891,1.0
1515,long,2025-11-30T19:00:00Z,3035.9,2025-12-01T05:45:00Z,2813.98,-221.92000000000007,1.0
1516,short,2025-12-01T05:45:00Z,2813.98,2025-12-02T19:15:00Z,3018.23,-204.25,1.0
1517,long,2025-12-02T19:15:00Z,3018.23,2025-12-03T02:45:00Z,3028.84,10.610000000000127,1.0
1518,short,2025-12-03T02:45:00Z,3028.84,2025-12-03T09:00:00Z,3049.86,-21.019999999999982,1.0
1519,long,2025-12-03T09:00:00Z,3049.86,2025-12-03T14:00:00Z,3088.79,38.929999999999836,1.0
1520,short,2025-12-03T14:00:00Z,3088.79,2025-12-04T02:45:00Z,3220.6,-131.80999999999995,1.0
1521,long,2025-12-04T02:45:00Z,3220.6,2025-12-04T16:15:00Z,3194.18,-26.420000000000073,1.0
1522,short,2025-12-04T16:15:00Z,3194.18,2025-12-04T19:45:00Z,3113.52,80.65999999999985,1.0
1523,long,2025-12-04T19:45:00Z,3113.52,2025-12-04T21:45:00Z,3133.47,19.949999999999818,1.0
1524,short,2025-12-04T21:45:00Z,3133.47,2025-12-05T05:30:00Z,3155.85,-22.38000000000011,1.0
1525,long,2025-12-05T05:30:00Z,3155.85,2025-12-05T20:45:00Z,3022.22,-133.6300000000001,1.0
1526,short,2025-12-05T20:45:00Z,3022.22,2025-12-06T08:45:00Z,3018.0,4.2199999999998,1.0
1527,long,2025-12-06T08:45:00Z,3018.0,2025-12-06T12:15:00Z,3034.39,16.389999999999873,1.0
1528,short,2025-12-06T12:15:00Z,3034.39,2025-12-06T20:15:00Z,3033.68,0.7100000000000364,1.0
1529,long,2025-12-06T20:15:00Z,3033.68,2025-12-06T22:45:00Z,3043.15,9.470000000000255,1.0
1530,short,2025-12-06T22:45:00Z,3043.15,2025-12-07T05:45:00Z,3045.49,-2.3399999999996908,1.0
1531,long,2025-12-07T05:45:00Z,3045.49,2025-12-07T11:30:00Z,3035.01,-10.479999999999563,1.0
1532,short,2025-12-07T11:30:00Z,3035.01,2025-12-07T14:45:00Z,2946.77,88.24000000000024,1.0
1533,long,2025-12-07T14:45:00Z,2946.77,2025-12-07T18:30:00Z,3142.53,195.76000000000022,1.0
1534,short,2025-12-07T18:30:00Z,3142.53,2025-12-07T22:30:00Z,3044.0,98.5300000000002,1.0
1535,long,2025-12-07T22:30:00Z,3044.0,2025-12-08T02:00:00Z,3097.12,53.11999999999989,1.0
1536,short,2025-12-08T02:00:00Z,3097.12,2025-12-08T12:45:00Z,3124.48,-27.360000000000127,1.0
1537,long,2025-12-08T12:45:00Z,3124.48,2025-12-08T20:45:00Z,3127.31,2.8299999999999272,1.0
1538,short,2025-12-08T20:45:00Z,3127.31,2025-12-09T00:15:00Z,3129.7,-2.3899999999998727,1.0
1539,long,2025-12-09T00:15:00Z,3129.7,2025-12-09T08:30:00Z,3118.48,-11.2199999999998,1.0
1540,short,2025-12-09T08:30:00Z,3118.48,2025-12-09T10:30:00Z,3109.54,8.940000000000055,1.0
1541,long,2025-12-09T10:30:00Z,3109.54,2025-12-09T13:15:00Z,3131.91,22.36999999999989,1.0
1542,short,2025-12-09T13:15:00Z,3131.91,2025-12-09T21:00:00Z,3326.21,-194.30000000000018,1.0
1543,long,2025-12-09T21:00:00Z,3326.21,2025-12-10T05:30:00Z,3316.89,-9.320000000000164,1.0
1544,short,2025-12-10T05:30:00Z,3316.89,2025-12-10T11:30:00Z,3316.32,0.569999999999709,1.0
1545,long,2025-12-10T11:30:00Z,3316.32,2025-12-10T17:15:00Z,3356.66,40.33999999999969,1.0
1546,short,2025-12-10T17:15:00Z,3356.66,2025-12-10T22:00:00Z,3338.54,18.11999999999989,1.0
1547,long,2025-12-10T22:00:00Z,3338.54,2025-12-11T06:30:00Z,3197.99,-140.55000000000018,1.0
1548,short,2025-12-11T06:30:00Z,3197.99,2025-12-12T01:15:00Z,3213.08,-15.090000000000146,1.0
1549,long,2025-12-12T01:15:00Z,3213.08,2025-12-12T03:15:00Z,3252.13,39.05000000000018,1.0
1550,short,2025-12-12T03:15:00Z,3252.13,2025-12-12T05:45:00Z,3242.9,9.230000000000018,1.0
1551,long,2025-12-12T05:45:00Z,3242.9,2025-12-12T19:15:00Z,3068.07,-174.82999999999993,1.0
1552,short,2025-12-12T19:15:00Z,3068.07,2025-12-13T12:30:00Z,3114.0,-45.929999999999836,1.0
1553,long,2025-12-13T12:30:00Z,3114.0,2025-12-14T00:00:00Z,3113.0,-1.0,1.0
1554,short,2025-12-14T00:00:00Z,3113.0,2025-12-14T05:45:00Z,3111.64,1.3600000000001273,1.0
1555,long,2025-12-14T05:45:00Z,3111.64,2025-12-14T13:15:00Z,3089.72,-21.920000000000073,1.0
1556,short,2025-12-14T13:15:00Z,3089.72,2025-12-14T23:00:00Z,3072.67,17.049999999999727,1.0
1557,long,2025-12-14T23:00:00Z,3072.67,2025-12-15T02:45:00Z,3120.16,47.48999999999978,1.0
1558,short,2025-12-15T02:45:00Z,3120.16,2025-12-15T13:00:00Z,3154.11,-33.95000000000027,1.0
1559,long,2025-12-15T13:00:00Z,3154.11,2025-12-15T20:00:00Z,2938.68,-215.4300000000003,1.0
1560,short,2025-12-15T20:00:00Z,2938.68,2025-12-16T05:00:00Z,2916.78,21.899999999999636,1.0
1561,long,2025-12-16T05:00:00Z,2916.78,2025-12-16T07:15:00Z,2934.66,17.879999999999654,1.0
1562,short,2025-12-16T07:15:00Z,2934.66,2025-12-16T18:30:00Z,2928.13,6.529999999999745,1.0
1563,long,2025-12-16T18:30:00Z,2928.13,2025-12-16T21:00:00Z,2946.16,18.029999999999745,1.0
1564,short,2025-12-16T21:00:00Z,2946.16,2025-12-17T05:15:00Z,2932.11,14.049999999999727,1.0
1565,long,2025-12-17T05:15:00Z,2932.11,2025-12-17T08:15:00Z,2941.76,9.650000000000091,1.0
1566,short,2025-12-17T08:15:00Z,2941.76,2025-12-17T09:45:00Z,2926.72,15.040000000000418,1.0
1567,long,2025-12-17T09:45:00Z,2926.72,2025-12-17T14:30:00Z,2940.5,13.7800000000002,1.0
1568,short,2025-12-17T14:30:00Z,2940.5,2025-12-17T17:00:00Z,2862.67,77.82999999999993,1.0
1569,long,2025-12-17T17:00:00Z,2862.67,2025-12-17T21:30:00Z,2819.0,-43.67000000000007,1.0
1570,short,2025-12-17T21:30:00Z,2819.0,2025-12-18T17:00:00Z,2942.57,-123.57000000000016,1.0
1571,long,2025-12-18T17:00:00Z,2942.57,2025-12-18T22:15:00Z,2821.51,-121.05999999999995,1.0
1572,short,2025-12-18T22:15:00Z,2821.51,2025-12-19T09:00:00Z,2949.71,-128.19999999999982,1.0
1573,long,2025-12-19T09:00:00Z,2949.71,2025-12-19T20:30:00Z,2987.59,37.88000000000011,1.0
1574,short,2025-12-19T20:30:00Z,2987.59,2025-12-20T00:45:00Z,2974.31,13.2800000000002,1.0
1575,long,2025-12-20T00:45:00Z,2974.31,2025-12-20T12:45:00Z,2986.87,12.559999999999945,1.0
1576,short,2025-12-20T12:45:00Z,2986.87,2025-12-21T02:15:00Z,2969.11,17.759999999999764,1.0
1577,long,2025-12-21T02:15:00Z,2969.11,2025-12-21T05:00:00Z,2973.8,4.690000000000055,1.0
1578,short,2025-12-21T05:00:00Z,2973.8,2025-12-21T12:30:00Z,2998.37,-24.56999999999971,1.0
1579,long,2025-12-21T12:30:00Z,2998.37,2025-12-21T17:15:00Z,2982.78,-15.58999999999969,1.0
1580,short,2025-12-21T17:15:00Z,2982.78,2025-12-22T03:00:00Z,3008.49,-25.70999999999958,1.0
1581,long,2025-12-22T03:00:00Z,3008.49,2025-12-22T13:15:00Z,3054.91,46.42000000000007,1.0
1582,short,2025-12-22T13:15:00Z,3054.91,2025-12-22T16:00:00Z,3051.22,3.6900000000000546,1.0
1583,long,2025-12-22T16:00:00Z,3051.22,2025-12-22T23:30:00Z,3008.9,-42.31999999999971,1.0
1584,short,2025-12-22T23:30:00Z,3008.9,2025-12-23T03:30:00Z,2993.55,15.349999999999909,1.0
1585,long,2025-12-23T03:30:00Z,2993.55,2025-12-23T09:00:00Z,2960.99,-32.5600000000004,1.0
1586,short,2025-12-23T09:00:00Z,2960.99,2025-12-23T14:30:00Z,2943.87,17.11999999999989,1.0
1587,long,2025-12-23T14:30:00Z,2943.87,2025-12-23T17:15:00Z,2947.18,3.3099999999999454,1.0
1588,short,2025-12-23T17:15:00Z,2947.18,2025-12-24T03:00:00Z,2933.96,13.2199999999998,1.0
1589,long,2025-12-24T03:00:00Z,2933.96,2025-12-24T13:15:00Z,2929.81,-4.150000000000091,1.0
1590,short,2025-12-24T13:15:00Z,2929.81,2025-12-25T01:15:00Z,2943.17,-13.360000000000127,1.0
1591,long,2025-12-25T01:15:00Z,2943.17,2025-12-25T12:15:00Z,2922.7,-20.470000000000255,1.0
1592,short,2025-12-25T12:15:00Z,2922.7,2025-12-25T20:00:00Z,2955.15,-32.45000000000027,1.0
1593,long,2025-12-25T20:00:00Z,2955.15,2025-12-26T03:00:00Z,2972.35,17.199999999999818,1.0
1594,short,2025-12-26T03:00:00Z,2972.35,2025-12-26T08:45:00Z,2958.06,14.289999999999964,1.0
1595,long,2025-12-26T08:45:00Z,2958.06,2025-12-26T14:15:00Z,2980.63,22.570000000000164,1.0
1596,short,2025-12-26T14:15:00Z,2980.63,2025-12-26T15:45:00Z,2914.99,65.64000000000033,1.0
1597,long,2025-12-26T15:45:00Z,2914.99,2025-12-26T19:15:00Z,2920.87,5.880000000000109,1.0
1598,short,2025-12-26T19:15:00Z,2920.87,2025-12-27T11:15:00Z,2925.28,-4.410000000000309,1.0
1599,long,2025-12-27T11:15:00Z,2925.28,2025-12-27T18:45:00Z,2924.39,-0.8900000000003274,1.0
1600,short,2025-12-27T18:45:00Z,2924.39,2025-12-28T05:45:00Z,2935.67,-11.2800000000002,1.0
1601,long,2025-12-28T05:45:00Z,2935.67,2025-12-28T23:15:00Z,2940.59,4.920000000000073,1.0
1602,short,2025-12-28T23:15:00Z,2940.59,2025-12-29T07:45:00Z,3015.09,-74.5,1.0
1603,long,2025-12-29T07:45:00Z,3015.09,2025-12-29T15:15:00Z,2944.8,-70.28999999999996,1.0
1604,short,2025-12-29T15:15:00Z,2944.8,2025-12-30T12:00:00Z,2977.85,-33.04999999999973,1.0
1605,long,2025-12-30T12:00:00Z,2977.85,2025-12-30T22:45:00Z,2964.99,-12.860000000000127,1.0
1606,short,2025-12-30T22:45:00Z,2964.99,2025-12-31T04:30:00Z,2970.26,-5.270000000000437,1.0
1607,long,2025-12-31T04:30:00Z,2970.26,2025-12-31T12:15:00Z,2995.32,25.059999999999945,1.0
1608,short,2025-12-31T12:15:00Z,2995.32,2025-12-31T15:45:00Z,2979.67,15.650000000000091,1.0
1609,long,2025-12-31T15:45:00Z,2979.67,2025-12-31T22:15:00Z,2980.0,0.32999999999992724,1.0
1610,short,2025-12-31T22:15:00Z,2980.0,2026-01-01T05:00:00Z,2974.52,5.480000000000018,1.0
1611,long,2026-01-01T05:00:00Z,2974.52,2026-01-01T10:00:00Z,2982.6,8.079999999999927,1.0
1612,short,2026-01-01T10:00:00Z,2982.6,2026-01-01T14:45:00Z,2979.6,3.0,1.0
1613,long,2026-01-01T14:45:00Z,2979.6,2026-01-02T00:00:00Z,3002.5,22.90000000000009,1.0
1614,short,2026-01-02T00:00:00Z,3002.5,2026-01-02T03:00:00Z,3000.78,1.7199999999998,1.0
1615,long,2026-01-02T03:00:00Z,3000.78,2026-01-02T04:15:00Z,3018.01,17.230000000000018,1.0
1616,short,2026-01-02T04:15:00Z,3018.01,2026-01-02T12:45:00Z,3053.67,-35.659999999999854,1.0
1617,long,2026-01-02T12:45:00Z,3053.67,2026-01-02T15:45:00Z,3093.66,39.98999999999978,1.0
1618,short,2026-01-02T15:45:00Z,3093.66,2026-01-02T19:30:00Z,3119.46,-25.800000000000182,1.0
1619,long,2026-01-02T19:30:00Z,3119.46,2026-01-03T09:15:00Z,3094.46,-25.0,1.0
1620,short,2026-01-03T09:15:00Z,3094.46,2026-01-04T03:15:00Z,3146.9,-52.440000000000055,1.0
1621,long,2026-01-04T03:15:00Z,3146.9,2026-01-04T10:45:00Z,3145.46,-1.4400000000000546,1.0
1622,short,2026-01-04T10:45:00Z,3145.46,2026-01-05T05:00:00Z,3165.5,-20.039999999999964,1.0
1623,long,2026-01-05T05:00:00Z,3165.5,2026-01-05T08:45:00Z,3159.9,-5.599999999999909,1.0
1624,short,2026-01-05T08:45:00Z,3159.9,2026-01-05T14:15:00Z,3150.57,9.329999999999927,1.0
1625,long,2026-01-05T14:15:00Z,3150.57,2026-01-05T16:30:00Z,3179.3,28.730000000000018,1.0
1626,short,2026-01-05T16:30:00Z,3179.3,2026-01-05T22:15:00Z,3235.96,-56.659999999999854,1.0
1627,long,2026-01-05T22:15:00Z,3235.96,2026-01-06T12:00:00Z,3236.36,0.40000000000009095,1.0
1628,short,2026-01-06T12:00:00Z,3236.36,2026-01-06T17:15:00Z,3246.05,-9.690000000000055,1.0
1629,long,2026-01-06T17:15:00Z,3246.05,2026-01-06T21:15:00Z,3253.44,7.389999999999873,1.0
1630,short,2026-01-06T21:15:00Z,3253.44,2026-01-07T01:30:00Z,3254.88,-1.4400000000000546,1.0
1631,long,2026-01-07T01:30:00Z,3254.88,2026-01-07T22:15:00Z,3142.77,-112.11000000000013,1.0
1632,short,2026-01-07T22:15:00Z,3142.77,2026-01-08T03:30:00Z,3151.5,-8.730000000000018,1.0
1633,long,2026-01-08T03:30:00Z,3151.5,2026-01-08T11:30:00Z,3120.83,-30.670000000000073,1.0
1634,short,2026-01-08T11:30:00Z,3120.83,2026-01-08T13:45:00Z,3097.64,23.190000000000055,1.0
1635,long,2026-01-08T13:45:00Z,3097.64,2026-01-08T17:30:00Z,3111.44,13.800000000000182,1.0
1636,short,2026-01-08T17:30:00Z,3111.44,2026-01-08T20:45:00Z,3099.59,11.849999999999909,1.0
1637,long,2026-01-08T20:45:00Z,3099.59,2026-01-09T12:00:00Z,3089.0,-10.590000000000146,1.0
1638,short,2026-01-09T12:00:00Z,3089.0,2026-01-09T20:00:00Z,3079.0,10.0,1.0
1639,long,2026-01-09T20:00:00Z,3079.0,2026-01-10T00:00:00Z,3087.16,8.159999999999854,1.0
1640,short,2026-01-10T00:00:00Z,3087.16,2026-01-10T15:00:00Z,3090.52,-3.3600000000001273,1.0
1641,long,2026-01-10T15:00:00Z,3090.52,2026-01-10T17:45:00Z,3095.3,4.7800000000002,1.0
1642,short,2026-01-10T17:45:00Z,3095.3,2026-01-10T20:15:00Z,3091.5,3.800000000000182,1.0
1643,long,2026-01-10T20:15:00Z,3091.5,2026-01-11T00:45:00Z,3086.88,-4.619999999999891,1.0
1644,short,2026-01-11T00:45:00Z,3086.88,2026-01-11T08:15:00Z,3093.87,-6.989999999999782,1.0
1645,long,2026-01-11T08:15:00Z,3093.87,2026-01-11T09:45:00Z,3101.36,7.4900000000002365,1.0
1646,short,2026-01-11T09:45:00Z,3101.36,2026-01-11T19:00:00Z,3128.49,-27.129999999999654,1.0
1647,long,2026-01-11T19:00:00Z,3128.49,2026-01-12T00:15:00Z,3114.32,-14.169999999999618,1.0
1648,short,2026-01-12T00:15:00Z,3114.32,2026-01-12T06:45:00Z,3156.92,-42.59999999999991,1.0
1649,long,2026-01-12T06:45:00Z,3156.92,2026-01-12T12:45:00Z,3115.26,-41.659999999999854,1.0
1650,short,2026-01-12T12:45:00Z,3115.26,2026-01-12T22:15:00Z,3103.35,11.91000000000031,1.0
1651,long,2026-01-12T22:15:00Z,3103.35,2026-01-13T01:30:00Z,3101.24,-2.1100000000001273,1.0
1652,short,2026-01-13T01:30:00Z,3101.24,2026-01-13T08:15:00Z,3125.71,-24.470000000000255,1.0
1653,long,2026-01-13T08:15:00Z,3125.71,2026-01-13T23:15:00Z,3335.7,209.98999999999978,1.0
1654,short,2026-01-13T23:15:00Z,3335.7,2026-01-14T02:30:00Z,3336.22,-0.5199999999999818,1.0
1655,long,2026-01-14T02:30:00Z,3336.22,2026-01-14T15:15:00Z,3358.54,22.320000000000164,1.0
1656,short,2026-01-14T15:15:00Z,3358.54,2026-01-14T18:45:00Z,3319.38,39.159999999999854,1.0
1657,long,2026-01-14T18:45:00Z,3319.38,2026-01-15T06:00:00Z,3309.02,-10.360000000000127,1.0
1658,short,2026-01-15T06:00:00Z,3309.02,2026-01-15T12:45:00Z,3356.99,-47.9699999999998,1.0
1659,long,2026-01-15T12:45:00Z,3356.99,2026-01-15T22:15:00Z,3298.61,-58.379999999999654,1.0
1660,short,2026-01-15T22:15:00Z,3298.61,2026-01-16T03:00:00Z,3302.3,-3.6900000000000546,1.0
1661,long,2026-01-16T03:00:00Z,3302.3,2026-01-16T07:30:00Z,3306.46,4.1599999999998545,1.0
1662,short,2026-01-16T07:30:00Z,3306.46,2026-01-16T11:15:00Z,3296.59,9.86999999999989,1.0
1663,long,2026-01-16T11:15:00Z,3296.59,2026-01-16T13:15:00Z,3308.21,11.61999999999989,1.0
1664,short,2026-01-16T13:15:00Z,3308.21,2026-01-16T16:30:00Z,3277.55,30.659999999999854,1.0
1665,long,2026-01-16T16:30:00Z,3277.55,2026-01-16T19:15:00Z,3273.81,-3.7400000000002365,1.0
1666,short,2026-01-16T19:15:00Z,3273.81,2026-01-17T02:45:00Z,3286.08,-12.269999999999982,1.0
1667,long,2026-01-17T02:45:00Z,3286.08,2026-01-17T06:00:00Z,3290.22,4.139999999999873,1.0
1668,short,2026-01-17T06:00:00Z,3290.22,2026-01-17T18:45:00Z,3317.5,-27.2800000000002,1.0
1669,long,2026-01-17T18:45:00Z,3317.5,2026-01-18T00:45:00Z,3305.55,-11.949999999999818,1.0
1670,short,2026-01-18T00:45:00Z,3305.55,2026-01-18T08:30:00Z,3308.43,-2.8799999999996544,1.0
1671,long,2026-01-18T08:30:00Z,3308.43,2026-01-18T10:15:00Z,3319.3,10.870000000000346,1.0
1672,short,2026-01-18T10:15:00Z,3319.3,2026-01-18T20:45:00Z,3340.85,-21.549999999999727,1.0
1673,long,2026-01-18T20:45:00Z,3340.85,2026-01-19T04:15:00Z,3206.53,-134.3199999999997,1.0
1674,short,2026-01-19T04:15:00Z,3206.53,2026-01-19T15:00:00Z,3211.74,-5.209999999999582,1.0
1675,long,2026-01-19T15:00:00Z,3211.74,2026-01-19T17:45:00Z,3218.05,6.3100000000004,1.0
1676,short,2026-01-19T17:45:00Z,3218.05,2026-01-20T05:30:00Z,3165.88,52.17000000000007,1.0
1677,long,2026-01-20T05:30:00Z,3165.88,2026-01-20T11:00:00Z,3101.26,-64.61999999999989,1.0
1678,short,2026-01-20T11:00:00Z,3101.26,2026-01-20T14:30:00Z,3069.27,31.990000000000236,1.0
1679,long,2026-01-20T14:30:00Z,3069.27,2026-01-20T21:30:00Z,2996.05,-73.2199999999998,1.0
1680,short,2026-01-20T21:30:00Z,2996.05,2026-01-20T23:45:00Z,2942.89,53.16000000000031,1.0
1681,long,2026-01-20T23:45:00Z,2942.89,2026-01-21T02:00:00Z,2963.66,20.769999999999982,1.0
1682,short,2026-01-21T02:00:00Z,2963.66,2026-01-21T07:45:00Z,2969.5,-5.8400000000001455,1.0
1683,long,2026-01-21T07:45:00Z,2969.5,2026-01-21T15:30:00Z,2990.59,21.090000000000146,1.0
1684,short,2026-01-21T15:30:00Z,2990.59,2026-01-21T17:30:00Z,2890.11,100.48000000000002,1.0
1685,long,2026-01-21T17:30:00Z,2890.11,2026-01-21T20:30:00Z,3008.8,118.69000000000005,1.0
1686,short,2026-01-21T20:30:00Z,3008.8,2026-01-21T23:45:00Z,2982.86,25.940000000000055,1.0
1687,long,2026-01-21T23:45:00Z,2982.86,2026-01-22T02:45:00Z,3025.84,42.98000000000002,1.0
1688,short,2026-01-22T02:45:00Z,3025.84,2026-01-22T04:30:00Z,3017.34,8.5,1.0
1689,long,2026-01-22T04:30:00Z,3017.34,2026-01-22T18:45:00Z,2952.4,-64.94000000000005,1.0
1690,short,2026-01-22T18:45:00Z,2952.4,2026-01-23T07:45:00Z,2946.68,5.720000000000255,1.0
1691,long,2026-01-23T07:45:00Z,2946.68,2026-01-23T12:00:00Z,2939.53,-7.149999999999636,1.0
1692,short,2026-01-23T12:00:00Z,2939.53,2026-01-23T20:30:00Z,2948.99,-9.459999999999582,1.0
1693,long,2026-01-23T20:30:00Z,2948.99,2026-01-24T03:45:00Z,2963.25,14.260000000000218,1.0
1694,short,2026-01-24T03:45:00Z,2963.25,2026-01-24T08:15:00Z,2957.14,6.110000000000127,1.0
1695,long,2026-01-24T08:15:00Z,2957.14,2026-01-24T15:45:00Z,2958.12,0.9800000000000182,1.0
1696,short,2026-01-24T15:45:00Z,2958.12,2026-01-24T20:15:00Z,2956.06,2.0599999999999454,1.0
1697,long,2026-01-24T20:15:00Z,2956.06,2026-01-24T23:00:00Z,2961.6,5.539999999999964,1.0
1698,short,2026-01-24T23:00:00Z,2961.6,2026-01-25T04:15:00Z,2941.54,20.059999999999945,1.0
1699,long,2026-01-25T04:15:00Z,2941.54,2026-01-25T11:15:00Z,2940.22,-1.3200000000001637,1.0
1700,short,2026-01-25T11:15:00Z,2940.22,2026-01-25T17:00:00Z,2895.45,44.76999999999998,1.0
1701,long,2026-01-25T17:00:00Z,2895.45,2026-01-25T22:15:00Z,2813.38,-82.06999999999971,1.0
1702,short,2026-01-25T22:15:00Z,2813.38,2026-01-26T10:15:00Z,2892.76,-79.38000000000011,1.0
1703,long,2026-01-26T10:15:00Z,2892.76,2026-01-26T19:45:00Z,2930.84,38.07999999999993,1.0
1704,short,2026-01-26T19:45:00Z,2930.84,2026-01-26T21:30:00Z,2910.27,20.570000000000164,1.0
1705,long,2026-01-26T21:30:00Z,2910.27,2026-01-27T03:15:00Z,2936.09,25.820000000000164,1.0
1706,short,2026-01-27T03:15:00Z,2936.09,2026-01-27T05:45:00Z,2938.27,-2.1799999999998363,1.0
1707,long,2026-01-27T05:45:00Z,2938.27,2026-01-27T12:45:00Z,2918.65,-19.61999999999989,1.0
1708,short,2026-01-27T12:45:00Z,2918.65,2026-01-28T02:00:00Z,3016.73,-98.07999999999993,1.0
1709,long,2026-01-28T02:00:00Z,3016.73,2026-01-28T06:45:00Z,3004.95,-11.7800000000002,1.0
1710,short,2026-01-28T06:45:00Z,3004.95,2026-01-28T09:30:00Z,2993.41,11.539999999999964,1.0
1711,long,2026-01-28T09:30:00Z,2993.41,2026-01-28T10:45:00Z,3025.12,31.710000000000036,1.0
1712,short,2026-01-28T10:45:00Z,3025.12,2026-01-28T15:30:00Z,2998.21,26.909999999999854,1.0
1713,long,2026-01-28T15:30:00Z,2998.21,2026-01-28T18:45:00Z,3009.18,10.9699999999998,1.0
1714,short,2026-01-28T18:45:00Z,3009.18,2026-01-29T00:30:00Z,3004.67,4.5099999999997635,1.0
1715,long,2026-01-29T00:30:00Z,3004.67,2026-01-29T07:30:00Z,2955.23,-49.440000000000055,1.0
1716,short,2026-01-29T07:30:00Z,2955.23,2026-01-29T12:00:00Z,2928.09,27.139999999999873,1.0
1717,long,2026-01-29T12:00:00Z,2928.09,2026-01-29T14:00:00Z,2934.59,6.5,1.0
1718,short,2026-01-29T14:00:00Z,2934.59,2026-01-29T15:30:00Z,2834.46,100.13000000000011,1.0
1719,long,2026-01-29T15:30:00Z,2834.46,2026-01-29T18:15:00Z,2826.12,-8.340000000000146,1.0
1720,short,2026-01-29T18:15:00Z,2826.12,2026-01-30T02:15:00Z,2728.59,97.52999999999975,1.0
1721,long,2026-01-30T02:15:00Z,2728.59,2026-01-30T05:15:00Z,2748.12,19.529999999999745,1.0
1722,short,2026-01-30T05:15:00Z,2748.12,2026-01-31T09:00:00Z,2642.48,105.63999999999987,1.0
1723,long,2026-01-31T09:00:00Z,2642.48,2026-01-31T11:30:00Z,2646.79,4.309999999999945,1.0
1724,short,2026-01-31T11:30:00Z,2646.79,2026-01-31T15:00:00Z,2536.82,109.9699999999998,1.0
1725,long,2026-01-31T15:00:00Z,2536.82,2026-01-31T20:00:00Z,2381.57,-155.25,1.0
1726,short,2026-01-31T20:00:00Z,2381.57,2026-02-01T07:30:00Z,2406.32,-24.75,1.0
1727,long,2026-02-01T07:30:00Z,2406.32,2026-02-01T10:30:00Z,2428.88,22.559999999999945,1.0
1728,short,2026-02-01T10:30:00Z,2428.88,2026-02-01T15:00:00Z,2371.69,57.190000000000055,1.0
1729,long,2026-02-01T15:00:00Z,2371.69,2026-02-01T19:00:00Z,2349.95,-21.740000000000236,1.0
1730,short,2026-02-01T19:00:00Z,2349.95,2026-02-02T18:45:00Z,2344.46,5.489999999999782,1.0
1731,long,2026-02-02T18:45:00Z,2344.46,2026-02-02T22:45:00Z,2350.47,6.0099999999997635,1.0
1732,short,2026-02-02T22:45:00Z,2350.47,2026-02-03T03:15:00Z,2303.06,47.409999999999854,1.0
1733,long,2026-02-03T03:15:00Z,2303.06,2026-02-03T05:00:00Z,2344.9,41.840000000000146,1.0
1734,short,2026-02-03T05:00:00Z,2344.9,2026-02-03T19:15:00Z,2178.03,166.8699999999999,1.0
1735,long,2026-02-03T19:15:00Z,2178.03,2026-02-03T20:45:00Z,2295.51,117.48000000000002,1.0
1736,short,2026-02-03T20:45:00Z,2295.51,2026-02-04T00:30:00Z,2246.02,49.49000000000024,1.0
1737,long,2026-02-04T00:30:00Z,2246.02,2026-02-04T02:15:00Z,2267.96,21.940000000000055,1.0
1738,short,2026-02-04T02:15:00Z,2267.96,2026-02-04T10:15:00Z,2253.61,14.349999999999909,1.0
1739,long,2026-02-04T10:15:00Z,2253.61,2026-02-04T19:30:00Z,2134.99,-118.62000000000035,1.0
1740,short,2026-02-04T19:30:00Z,2134.99,2026-02-05T04:30:00Z,2096.74,38.25,1.0
1741,long,2026-02-05T04:30:00Z,2096.74,2026-02-05T09:30:00Z,2137.01,40.27000000000044,1.0
1742,short,2026-02-05T09:30:00Z,2137.01,2026-02-05T11:45:00Z,2087.64,49.370000000000346,1.0
1743,long,2026-02-05T11:45:00Z,2087.64,2026-02-05T23:30:00Z,1880.45,-207.18999999999983,1.0
1744,short,2026-02-05T23:30:00Z,1880.45,2026-02-06T07:45:00Z,1904.54,-24.089999999999918,1.0
1745,long,2026-02-06T07:45:00Z,1904.54,2026-02-06T11:30:00Z,1926.78,22.24000000000001,1.0
1746,short,2026-02-06T11:30:00Z,1926.78,2026-02-06T19:45:00Z,2053.41,-126.62999999999988,1.0
1747,long,2026-02-06T19:45:00Z,2053.41,2026-02-07T04:30:00Z,2095.81,42.40000000000009,1.0
1748,short,2026-02-07T04:30:00Z,2095.81,2026-02-07T07:30:00Z,2022.54,73.26999999999998,1.0
1749,long,2026-02-07T07:30:00Z,2022.54,2026-02-07T13:00:00Z,2040.61,18.069999999999936,1.0
1750,short,2026-02-07T13:00:00Z,2040.61,2026-02-07T23:45:00Z,2087.12,-46.50999999999999,1.0
1751,long,2026-02-07T23:45:00Z,2087.12,2026-02-08T06:45:00Z,2080.43,-6.690000000000055,1.0
1752,short,2026-02-08T06:45:00Z,2080.43,2026-02-08T15:00:00Z,2127.73,-47.30000000000018,1.0
1753,long,2026-02-08T15:00:00Z,2127.73,2026-02-08T20:15:00Z,2116.3,-11.429999999999836,1.0
1754,short,2026-02-08T20:15:00Z,2116.3,2026-02-08T22:30:00Z,2099.48,16.820000000000164,1.0
1755,long,2026-02-08T22:30:00Z,2099.48,2026-02-09T04:15:00Z,2089.76,-9.7199999999998,1.0
1756,short,2026-02-09T04:15:00Z,2089.76,2026-02-09T10:00:00Z,2041.34,48.4200000000003,1.0
1757,long,2026-02-09T10:00:00Z,2041.34,2026-02-09T13:45:00Z,2038.99,-2.349999999999909,1.0
1758,short,2026-02-09T13:45:00Z,2038.99,2026-02-09T22:00:00Z,2121.23,-82.24000000000001,1.0
1759,long,2026-02-09T22:00:00Z,2121.23,2026-02-10T10:00:00Z,2015.75,-105.48000000000002,1.0
1760,short,2026-02-10T10:00:00Z,2015.75,2026-02-10T19:30:00Z,2009.29,6.460000000000036,1.0
1761,long,2026-02-10T19:30:00Z,2009.29,2026-02-10T23:30:00Z,2012.9,3.6100000000001273,1.0
1762,short,2026-02-10T23:30:00Z,2012.9,2026-02-11T03:45:00Z,2015.76,-2.8599999999999,1.0
1763,long,2026-02-11T03:45:00Z,2015.76,2026-02-11T09:45:00Z,1945.87,-69.8900000000001,1.0
1764,short,2026-02-11T09:45:00Z,1945.87,2026-02-11T15:45:00Z,1936.17,9.699999999999818,1.0
1765,long,2026-02-11T15:45:00Z,1936.17,2026-02-11T19:30:00Z,1943.21,7.039999999999964,1.0
1766,short,2026-02-11T19:30:00Z,1943.21,2026-02-11T23:45:00Z,1943.15,0.05999999999994543,1.0
1767,long,2026-02-11T23:45:00Z,1943.15,2026-02-12T02:00:00Z,1964.67,21.519999999999982,1.0
1768,short,2026-02-12T02:00:00Z,1964.67,2026-02-12T13:30:00Z,1980.0,-15.329999999999927,1.0
1769,long,2026-02-12T13:30:00Z,1980.0,2026-02-12T20:00:00Z,1924.36,-55.6400000000001,1.0
1770,short,2026-02-12T20:00:00Z,1924.36,2026-02-13T05:45:00Z,1942.26,-17.90000000000009,1.0
1771,long,2026-02-13T05:45:00Z,1942.26,2026-02-13T09:30:00Z,1960.0,17.74000000000001,1.0
1772,short,2026-02-13T09:30:00Z,1960.0,2026-02-13T20:00:00Z,2056.82,-96.82000000000016,1.0
1773,long,2026-02-13T20:00:00Z,2056.82,2026-02-14T08:45:00Z,2075.21,18.389999999999873,1.0
1774,short,2026-02-14T08:45:00Z,2075.21,2026-02-14T13:45:00Z,2070.6,4.610000000000127,1.0
1775,long,2026-02-14T13:45:00Z,2070.6,2026-02-15T05:00:00Z,2075.71,5.110000000000127,1.0
1776,short,2026-02-15T05:00:00Z,2075.71,2026-02-15T11:00:00Z,2060.57,15.139999999999873,1.0
1777,long,2026-02-15T11:00:00Z,2060.57,2026-02-15T17:15:00Z,2004.34,-56.230000000000246,1.0
1778,short,2026-02-15T17:15:00Z,2004.34,2026-02-15T18:45:00Z,1965.64,38.69999999999982,1.0
1779,long,2026-02-15T18:45:00Z,1965.64,2026-02-15T23:00:00Z,1969.4,3.759999999999991,1.0
1780,short,2026-02-15T23:00:00Z,1969.4,2026-02-16T03:45:00Z,1954.23,15.170000000000073,1.0
1781,long,2026-02-16T03:45:00Z,1954.23,2026-02-16T07:45:00Z,1966.96,12.730000000000018,1.0
1782,short,2026-02-16T07:45:00Z,1966.96,2026-02-16T11:45:00Z,1967.01,-0.049999999999954525,1.0
1783,long,2026-02-16T11:45:00Z,1967.01,2026-02-16T18:00:00Z,1978.01,11.0,1.0
1784,short,2026-02-16T18:00:00Z,1978.01,2026-02-17T04:15:00Z,1985.72,-7.710000000000036,1.0
1785,long,2026-02-17T04:15:00Z,1985.72,2026-02-17T13:00:00Z,1968.8,-16.920000000000073,1.0
1786,short,2026-02-17T13:00:00Z,1968.8,2026-02-17T15:45:00Z,1953.18,15.61999999999989,1.0
1787,long,2026-02-17T15:45:00Z,1953.18,2026-02-17T19:30:00Z,2000.78,47.59999999999991,1.0
1788,short,2026-02-17T19:30:00Z,2000.78,2026-02-17T23:45:00Z,1993.98,6.7999999999999545,1.0
1789,long,2026-02-17T23:45:00Z,1993.98,2026-02-18T04:15:00Z,1996.44,2.4600000000000364,1.0
1790,short,2026-02-18T04:15:00Z,1996.44,2026-02-18T11:45:00Z,1983.86,12.580000000000155,1.0
1791,long,2026-02-18T11:45:00Z,1983.86,2026-02-18T16:00:00Z,1984.56,0.7000000000000455,1.0
1792,short,2026-02-18T16:00:00Z,1984.56,2026-02-18T19:15:00Z,1954.07,30.49000000000001,1.0
1793,long,2026-02-18T19:15:00Z,1954.07,2026-02-19T00:15:00Z,1953.23,-0.8399999999999181,1.0
1794,short,2026-02-19T00:15:00Z,1953.23,2026-02-19T06:00:00Z,1969.38,-16.15000000000009,1.0
1795,long,2026-02-19T06:00:00Z,1969.38,2026-02-19T07:45:00Z,1981.56,12.179999999999836,1.0
1796,short,2026-02-19T07:45:00Z,1981.56,2026-02-19T09:15:00Z,1972.72,8.839999999999918,1.0
1797,long,2026-02-19T09:15:00Z,1972.72,2026-02-19T16:30:00Z,1917.24,-55.48000000000002,1.0
1798,short,2026-02-19T16:30:00Z,1917.24,2026-02-20T03:00:00Z,1948.63,-31.3900000000001,1.0
1799,long,2026-02-20T03:00:00Z,1948.63,2026-02-20T06:30:00Z,1953.03,4.399999999999864,1.0
1800,short,2026-02-20T06:30:00Z,1953.03,2026-02-20T12:15:00Z,1946.59,6.440000000000055,1.0
1801,long,2026-02-20T12:15:00Z,1946.59,2026-02-20T15:45:00Z,1949.4,2.810000000000173,1.0
1802,short,2026-02-20T15:45:00Z,1949.4,2026-02-21T00:15:00Z,1966.81,-17.409999999999854,1.0
1803,long,2026-02-21T00:15:00Z,1966.81,2026-02-21T09:30:00Z,1974.93,8.120000000000118,1.0
1804,short,2026-02-21T09:30:00Z,1974.93,2026-02-21T13:00:00Z,1975.11,-0.1799999999998363,1.0
1805,long,2026-02-21T13:00:00Z,1975.11,2026-02-22T02:30:00Z,1974.16,-0.9499999999998181,1.0
1806,short,2026-02-22T02:30:00Z,1974.16,2026-02-22T09:30:00Z,1972.5,1.6600000000000819,1.0
1807,long,2026-02-22T09:30:00Z,1972.5,2026-02-22T11:30:00Z,1979.41,6.910000000000082,1.0
1808,short,2026-02-22T11:30:00Z,1979.41,2026-02-22T13:15:00Z,1966.11,13.300000000000182,1.0
1809,long,2026-02-22T13:15:00Z,1966.11,2026-02-22T21:00:00Z,1940.02,-26.089999999999918,1.0
1810,short,2026-02-22T21:00:00Z,1940.02,2026-02-23T02:15:00Z,1861.11,78.91000000000008,1.0
1811,long,2026-02-23T02:15:00Z,1861.11,2026-02-23T06:00:00Z,1864.26,3.150000000000091,1.0
1812,short,2026-02-23T06:00:00Z,1864.26,2026-02-23T15:30:00Z,1903.57,-39.309999999999945,1.0
1813,long,2026-02-23T15:30:00Z,1903.57,2026-02-23T21:45:00Z,1861.7,-41.86999999999989,1.0
1814,short,2026-02-23T21:45:00Z,1861.7,2026-02-24T02:30:00Z,1846.51,15.190000000000055,1.0
1815,long,2026-02-24T02:30:00Z,1846.51,2026-02-24T09:15:00Z,1826.76,-19.75,1.0
1816,short,2026-02-24T09:15:00Z,1826.76,2026-02-24T20:00:00Z,1851.56,-24.799999999999955,1.0
1817,long,2026-02-24T20:00:00Z,1851.56,2026-02-25T02:30:00Z,1930.85,79.28999999999996,1.0
1818,short,2026-02-25T02:30:00Z,1930.85,2026-02-25T06:00:00Z,1887.09,43.75999999999999,1.0
1819,long,2026-02-25T06:00:00Z,1887.09,2026-02-25T09:45:00Z,1910.4,23.310000000000173,1.0
1820,short,2026-02-25T09:45:00Z,1910.4,2026-02-25T20:00:00Z,2070.34,-159.94000000000005,1.0
1821,long,2026-02-25T20:00:00Z,2070.34,2026-02-26T05:15:00Z,2061.6,-8.740000000000236,1.0
1822,short,2026-02-26T05:15:00Z,2061.6,2026-02-26T08:45:00Z,2048.53,13.069999999999709,1.0
1823,long,2026-02-26T08:45:00Z,2048.53,2026-02-26T10:30:00Z,2065.69,17.159999999999854,1.0
1824,short,2026-02-26T10:30:00Z,2065.69,2026-02-26T15:45:00Z,2027.99,37.700000000000045,1.0
1825,long,2026-02-26T15:45:00Z,2027.99,2026-02-26T20:30:00Z,2027.04,-0.9500000000000455,1.0
1826,short,2026-02-26T20:30:00Z,2027.04,2026-02-27T01:00:00Z,2013.83,13.210000000000036,1.0
1827,long,2026-02-27T01:00:00Z,2013.83,2026-02-27T03:15:00Z,2020.8,6.970000000000027,1.0
1828,short,2026-02-27T03:15:00Z,2020.8,2026-02-27T07:15:00Z,2036.35,-15.549999999999955,1.0
1829,long,2026-02-27T07:15:00Z,2036.35,2026-02-27T18:45:00Z,1924.17,-112.17999999999984,1.0
1830,short,2026-02-27T18:45:00Z,1924.17,2026-02-28T07:15:00Z,1861.61,62.56000000000017,1.0
1831,long,2026-02-28T07:15:00Z,1861.61,2026-02-28T10:15:00Z,1851.41,-10.199999999999818,1.0
1832,short,2026-02-28T10:15:00Z,1851.41,2026-03-01T00:15:00Z,1961.34,-109.92999999999984,1.0
1833,long,2026-03-01T00:15:00Z,1961.34,2026-03-01T02:45:00Z,2042.35,81.00999999999999,1.0
1834,short,2026-03-01T02:45:00Z,2042.35,2026-03-01T07:00:00Z,1997.59,44.75999999999999,1.0
1835,long,2026-03-01T07:00:00Z,1997.59,2026-03-02T01:00:00Z,1959.77,-37.819999999999936,1.0
1836,short,2026-03-02T01:00:00Z,1959.77,2026-03-02T07:30:00Z,1935.09,24.680000000000064,1.0
1837,long,2026-03-02T07:30:00Z,1935.09,2026-03-02T10:00:00Z,1946.64,11.550000000000182,1.0
1838,short,2026-03-02T10:00:00Z,1946.64,2026-03-02T14:15:00Z,1930.71,15.930000000000064,1.0
1839,long,2026-03-02T14:15:00Z,1930.71,2026-03-02T15:45:00Z,2061.31,130.5999999999999,1.0
1840,short,2026-03-02T15:45:00Z,2061.31,2026-03-02T19:30:00Z,2032.38,28.929999999999836,1.0
1841,long,2026-03-02T19:30:00Z,2032.38,2026-03-03T12:30:00Z,1973.62,-58.76000000000022,1.0
1842,short,2026-03-03T12:30:00Z,1973.62,2026-03-03T22:00:00Z,1967.37,6.25,1.0
1843,long,2026-03-03T22:00:00Z,1967.37,2026-03-03T23:30:00Z,1987.31,19.940000000000055,1.0
1844,short,2026-03-03T23:30:00Z,1987.31,2026-03-04T12:45:00Z,2049.31,-62.0,1.0
1845,long,2026-03-04T12:45:00Z,2049.31,2026-03-04T16:00:00Z,2149.29,99.98000000000002,1.0
1846,short,2026-03-04T16:00:00Z,2149.29,2026-03-04T21:45:00Z,2148.01,1.2799999999997453,1.0
1847,long,2026-03-04T21:45:00Z,2148.01,2026-03-05T05:15:00Z,2135.82,-12.190000000000055,1.0
1848,short,2026-03-05T05:15:00Z,2135.82,2026-03-05T13:15:00Z,2126.08,9.740000000000236,1.0
1849,long,2026-03-05T13:15:00Z,2126.08,2026-03-05T19:30:00Z,2077.24,-48.840000000000146,1.0
1850,short,2026-03-05T19:30:00Z,2077.24,2026-03-06T00:15:00Z,2079.55,-2.3100000000004,1.0
1851,long,2026-03-06T00:15:00Z,2079.55,2026-03-06T02:45:00Z,2087.58,8.029999999999745,1.0
1852,short,2026-03-06T02:45:00Z,2087.58,2026-03-06T06:00:00Z,2067.62,19.960000000000036,1.0
1853,long,2026-03-06T06:00:00Z,2067.62,2026-03-06T08:15:00Z,2078.78,11.16000000000031,1.0
1854,short,2026-03-06T08:15:00Z,2078.78,2026-03-06T10:15:00Z,2062.6,16.18000000000029,1.0
1855,long,2026-03-06T10:15:00Z,2062.6,2026-03-06T19:00:00Z,1973.44,-89.15999999999985,1.0
1856,short,2026-03-06T19:00:00Z,1973.44,2026-03-07T14:00:00Z,1980.8,-7.3599999999999,1.0
1857,long,2026-03-07T14:00:00Z,1980.8,2026-03-07T22:15:00Z,1966.43,-14.36999999999989,1.0
1858,short,2026-03-07T22:15:00Z,1966.43,2026-03-08T12:30:00Z,1948.03,18.40000000000009,1.0
1859,long,2026-03-08T12:30:00Z,1948.03,2026-03-08T20:15:00Z,1953.3,5.269999999999982,1.0
1860,short,2026-03-08T20:15:00Z,1953.3,2026-03-08T23:00:00Z,1941.86,11.440000000000055,1.0
1861,long,2026-03-08T23:00:00Z,1941.86,2026-03-09T01:30:00Z,1950.64,8.7800000000002,1.0
1862,short,2026-03-09T01:30:00Z,1950.64,2026-03-09T07:45:00Z,1981.15,-30.50999999999999,1.0
1863,long,2026-03-09T07:45:00Z,1981.15,2026-03-09T14:00:00Z,2017.24,36.08999999999992,1.0
1864,short,2026-03-09T14:00:00Z,2017.24,2026-03-10T00:15:00Z,1993.65,23.589999999999918,1.0
1865,long,2026-03-10T00:15:00Z,1993.65,2026-03-10T01:30:00Z,2011.97,18.319999999999936,1.0
1866,short,2026-03-10T01:30:00Z,2011.97,2026-03-10T11:15:00Z,2057.0,-45.02999999999997,1.0
1867,long,2026-03-10T11:15:00Z,2057.0,2026-03-10T17:15:00Z,2075.87,18.86999999999989,1.0
1868,short,2026-03-10T17:15:00Z,2075.87,2026-03-10T19:45:00Z,2036.84,39.02999999999997,1.0
1869,long,2026-03-10T19:45:00Z,2036.84,2026-03-11T00:45:00Z,2028.81,-8.029999999999973,1.0
1870,short,2026-03-11T00:45:00Z,2028.81,2026-03-11T04:15:00Z,2022.84,5.970000000000027,1.0
1871,long,2026-03-11T04:15:00Z,2022.84,2026-03-11T05:30:00Z,2031.62,8.779999999999973,1.0
1872,short,2026-03-11T05:30:00Z,2031.62,2026-03-11T21:45:00Z,2066.0,-34.38000000000011,1.0
1873,long,2026-03-11T21:45:00Z,2066.0,2026-03-12T06:45:00Z,2028.47,-37.52999999999997,1.0
1874,short,2026-03-12T06:45:00Z,2028.47,2026-03-12T13:45:00Z,2067.4,-38.930000000000064,1.0
1875,long,2026-03-12T13:45:00Z,2067.4,2026-03-12T20:30:00Z,2065.6,-1.800000000000182,1.0
1876,short,2026-03-12T20:30:00Z,2065.6,2026-03-13T03:45:00Z,2108.23,-42.63000000000011,1.0
1877,long,2026-03-13T03:45:00Z,2108.23,2026-03-13T11:00:00Z,2125.88,17.65000000000009,1.0
1878,short,2026-03-13T11:00:00Z,2125.88,2026-03-13T16:45:00Z,2132.3,-6.420000000000073,1.0
1879,long,2026-03-13T16:45:00Z,2132.3,2026-03-13T21:30:00Z,2104.82,-27.480000000000018,1.0
1880,short,2026-03-13T21:30:00Z,2104.82,2026-03-13T23:00:00Z,2088.01,16.809999999999945,1.0
1881,long,2026-03-13T23:00:00Z,2088.01,2026-03-14T02:30:00Z,2089.75,1.7399999999997817,1.0
1882,short,2026-03-14T02:30:00Z,2089.75,2026-03-14T06:00:00Z,2091.3,-1.550000000000182,1.0
1883,long,2026-03-14T06:00:00Z,2091.3,2026-03-14T12:15:00Z,2074.82,-16.480000000000018,1.0
1884,short,2026-03-14T12:15:00Z,2074.82,2026-03-15T02:00:00Z,2087.2,-12.379999999999654,1.0
1885,long,2026-03-15T02:00:00Z,2087.2,2026-03-15T18:30:00Z,2107.37,20.170000000000073,1.0
1886,short,2026-03-15T18:30:00Z,2107.37,2026-03-16T01:30:00Z,2178.98,-71.61000000000013,1.0
1887,long,2026-03-16T01:30:00Z,2178.98,2026-03-16T04:30:00Z,2248.28,69.30000000000018,1.0
1888,short,2026-03-16T04:30:00Z,2248.28,2026-03-16T08:45:00Z,2236.43,11.850000000000364,1.0
1889,long,2026-03-16T08:45:00Z,2236.43,2026-03-16T18:45:00Z,2338.7,102.26999999999998,1.0
1890,short,2026-03-16T18:45:00Z,2338.7,2026-03-16T23:45:00Z,2356.54,-17.840000000000146,1.0
1891,long,2026-03-16T23:45:00Z,2356.54,2026-03-17T08:00:00Z,2326.74,-29.800000000000182,1.0
1892,short,2026-03-17T08:00:00Z,2326.74,2026-03-17T20:30:00Z,2328.0,-1.2600000000002183,1.0
1893,long,2026-03-17T20:30:00Z,2328.0,2026-03-17T22:15:00Z,2332.13,4.130000000000109,1.0
1894,short,2026-03-17T22:15:00Z,2332.13,2026-03-18T00:45:00Z,2313.66,18.470000000000255,1.0
1895,long,2026-03-18T00:45:00Z,2313.66,2026-03-18T02:30:00Z,2329.92,16.26000000000022,1.0
1896,short,2026-03-18T02:30:00Z,2329.92,2026-03-18T06:15:00Z,2323.23,6.690000000000055,1.0
1897,long,2026-03-18T06:15:00Z,2323.23,2026-03-18T10:00:00Z,2328.12,4.889999999999873,1.0
1898,short,2026-03-18T10:00:00Z,2328.12,2026-03-18T12:30:00Z,2262.53,65.58999999999969,1.0
1899,long,2026-03-18T12:30:00Z,2262.53,2026-03-18T18:00:00Z,2202.59,-59.940000000000055,1.0
1900,short,2026-03-18T18:00:00Z,2202.59,2026-03-19T06:15:00Z,2190.1,12.490000000000236,1.0
1901,long,2026-03-19T06:15:00Z,2190.1,2026-03-19T10:30:00Z,2181.09,-9.009999999999764,1.0
1902,short,2026-03-19T10:30:00Z,2181.09,2026-03-19T13:30:00Z,2128.79,52.30000000000018,1.0
1903,long,2026-03-19T13:30:00Z,2128.79,2026-03-19T17:00:00Z,2113.96,-14.829999999999927,1.0
1904,short,2026-03-19T17:00:00Z,2113.96,2026-03-20T07:30:00Z,2137.33,-23.36999999999989,1.0
1905,long,2026-03-20T07:30:00Z,2137.33,2026-03-20T08:45:00Z,2163.0,25.670000000000073,1.0
1906,short,2026-03-20T08:45:00Z,2163.0,2026-03-21T02:30:00Z,2151.04,11.960000000000036,1.0
1907,long,2026-03-21T02:30:00Z,2151.04,2026-03-21T13:00:00Z,2156.96,5.920000000000073,1.0
1908,short,2026-03-21T13:00:00Z,2156.96,2026-03-21T16:00:00Z,2154.25,2.7100000000000364,1.0
1909,long,2026-03-21T16:00:00Z,2154.25,2026-03-21T19:15:00Z,2151.13,-3.119999999999891,1.0
1910,short,2026-03-21T19:15:00Z,2151.13,2026-03-21T23:45:00Z,2145.74,5.390000000000327,1.0
1911,long,2026-03-21T23:45:00Z,2145.74,2026-03-22T04:00:00Z,2112.83,-32.909999999999854,1.0
1912,short,2026-03-22T04:00:00Z,2112.83,2026-03-22T07:45:00Z,2097.83,15.0,1.0
1913,long,2026-03-22T07:45:00Z,2097.83,2026-03-22T13:45:00Z,2075.26,-22.56999999999971,1.0
1914,short,2026-03-22T13:45:00Z,2075.26,2026-03-23T16:30:00Z,2119.43,-44.16999999999962,1.0
1915,long,2026-03-23T16:30:00Z,2119.43,2026-03-23T19:45:00Z,2160.01,40.58000000000038,1.0
1916,short,2026-03-23T19:45:00Z,2160.01,2026-03-23T23:00:00Z,2151.6,8.41000000000031,1.0
1917,long,2026-03-23T23:00:00Z,2151.6,2026-03-24T04:30:00Z,2139.39,-12.210000000000036,1.0
1918,short,2026-03-24T04:30:00Z,2139.39,2026-03-24T14:15:00Z,2129.42,9.9699999999998,1.0
1919,long,2026-03-24T14:15:00Z,2129.42,2026-03-24T19:45:00Z,2119.26,-10.159999999999854,1.0
1920,short,2026-03-24T19:45:00Z,2119.26,2026-03-25T02:45:00Z,2159.05,-39.789999999999964,1.0
1921,long,2026-03-25T02:45:00Z,2159.05,2026-03-25T05:45:00Z,2172.1,13.049999999999727,1.0
1922,short,2026-03-25T05:45:00Z,2172.1,2026-03-25T15:45:00Z,2161.3,10.799999999999727,1.0
1923,long,2026-03-25T15:45:00Z,2161.3,2026-03-26T14:00:00Z,2080.08,-81.22000000000025,1.0
1924,short,2026-03-26T14:00:00Z,2080.08,2026-03-27T04:30:00Z,2050.53,29.549999999999727,1.0
1925,long,2026-03-27T04:30:00Z,2050.53,2026-03-27T07:00:00Z,2061.4,10.86999999999989,1.0
1926,short,2026-03-27T07:00:00Z,2061.4,2026-03-27T11:30:00Z,1995.63,65.76999999999998,1.0
1927,long,2026-03-27T11:30:00Z,1995.63,2026-03-27T16:00:00Z,1990.11,-5.520000000000209,1.0
1928,short,2026-03-27T16:00:00Z,1990.11,2026-03-28T09:45:00Z,1996.2,-6.0900000000001455,1.0
1929,long,2026-03-28T09:45:00Z,1996.2,2026-03-28T14:15:00Z,2022.15,25.950000000000045,1.0
1930,short,2026-03-28T14:15:00Z,2022.15,2026-03-28T18:15:00Z,2023.43,-1.2799999999999727,1.0
1931,long,2026-03-28T18:15:00Z,2023.43,2026-03-29T03:15:00Z,2006.69,-16.74000000000001,1.0
1932,short,2026-03-29T03:15:00Z,2006.69,2026-03-29T06:00:00Z,2004.13,2.5599999999999454,1.0
1933,long,2026-03-29T06:00:00Z,2004.13,2026-03-29T08:30:00Z,2003.72,-0.41000000000008185,1.0
1934,short,2026-03-29T08:30:00Z,2003.72,2026-03-29T10:45:00Z,1994.92,8.799999999999955,1.0
1935,long,2026-03-29T10:45:00Z,1994.92,2026-03-29T12:15:00Z,2001.24,6.319999999999936,1.0
1936,short,2026-03-29T12:15:00Z,2001.24,2026-03-30T07:15:00Z,2046.24,-45.0,1.0
1937,long,2026-03-30T07:15:00Z,2046.24,2026-03-30T13:15:00Z,2072.3,26.060000000000173,1.0
1938,short,2026-03-30T13:15:00Z,2072.3,2026-03-30T15:00:00Z,2070.53,1.7699999999999818,1.0
1939,long,2026-03-30T15:00:00Z,2070.53,2026-03-30T22:00:00Z,2034.82,-35.710000000000264,1.0
1940,short,2026-03-30T22:00:00Z,2034.82,2026-03-31T05:30:00Z,2063.74,-28.919999999999845,1.0
1941,long,2026-03-31T05:30:00Z,2063.74,2026-03-31T12:15:00Z,2036.55,-27.189999999999827,1.0
1942,short,2026-03-31T12:15:00Z,2036.55,2026-03-31T23:30:00Z,2099.53,-62.980000000000246,1.0
1943,long,2026-03-31T23:30:00Z,2099.53,2026-04-01T05:45:00Z,2124.59,25.059999999999945,1.0
1944,short,2026-04-01T05:45:00Z,2124.59,2026-04-01T08:45:00Z,2139.18,-14.58999999999969,1.0
1945,long,2026-04-01T08:45:00Z,2139.18,2026-04-01T17:30:00Z,2140.77,1.5900000000001455,1.0
1946,short,2026-04-01T17:30:00Z,2140.77,2026-04-01T19:15:00Z,2129.82,10.949999999999818,1.0
1947,long,2026-04-01T19:15:00Z,2129.82,2026-04-01T22:15:00Z,2149.58,19.759999999999764,1.0
1948,short,2026-04-01T22:15:00Z,2149.58,2026-04-01T23:45:00Z,2141.03,8.549999999999727,1.0
1949,long,2026-04-01T23:45:00Z,2141.03,2026-04-02T07:15:00Z,2044.07,-96.96000000000026,1.0
1950,short,2026-04-02T07:15:00Z,2044.07,2026-04-02T18:45:00Z,2048.66,-4.589999999999918,1.0
1951,long,2026-04-02T18:45:00Z,2048.66,2026-04-02T21:00:00Z,2067.29,18.63000000000011,1.0
1952,short,2026-04-02T21:00:00Z,2067.29,2026-04-02T23:15:00Z,2056.84,10.449999999999818,1.0
1953,long,2026-04-02T23:15:00Z,2056.84,2026-04-03T06:00:00Z,2056.16,-0.680000000000291,1.0
1954,short,2026-04-03T06:00:00Z,2056.16,2026-04-03T09:45:00Z,2061.23,-5.070000000000164,1.0
1955,long,2026-04-03T09:45:00Z,2061.23,2026-04-03T21:00:00Z,2051.71,-9.519999999999982,1.0
1956,short,2026-04-03T21:00:00Z,2051.71,2026-04-04T00:00:00Z,2052.93,-1.2199999999998,1.0
1957,long,2026-04-04T00:00:00Z,2052.93,2026-04-04T06:30:00Z,2053.25,0.3200000000001637,1.0
1958,short,2026-04-04T06:30:00Z,2053.25,2026-04-04T10:30:00Z,2047.69,5.559999999999945,1.0
1959,long,2026-04-04T10:30:00Z,2047.69,2026-04-05T10:00:00Z,2043.23,-4.460000000000036,1.0
1960,short,2026-04-05T10:00:00Z,2043.23,2026-04-05T13:15:00Z,2025.38,17.84999999999991,1.0
1961,long,2026-04-05T13:15:00Z,2025.38,2026-04-05T15:15:00Z,2039.62,14.239999999999782,1.0
1962,short,2026-04-05T15:15:00Z,2039.62,2026-04-05T22:15:00Z,2053.86,-14.240000000000236,1.0
1963,long,2026-04-05T22:15:00Z,2053.86,2026-04-06T00:00:00Z,2109.36,55.5,1.0
1964,short,2026-04-06T00:00:00Z,2109.36,2026-04-06T04:45:00Z,2131.82,-22.460000000000036,1.0
1965,long,2026-04-06T04:45:00Z,2131.82,2026-04-06T16:00:00Z,2163.43,31.609999999999673,1.0
1966,short,2026-04-06T16:00:00Z,2163.43,2026-04-06T18:00:00Z,2134.0,29.429999999999836,1.0
1967,long,2026-04-06T18:00:00Z,2134.0,2026-04-06T21:00:00Z,2147.58,13.579999999999927,1.0
1968,short,2026-04-06T21:00:00Z,2147.58,2026-04-06T23:45:00Z,2102.19,45.38999999999987,1.0
1969,long,2026-04-06T23:45:00Z,2102.19,2026-04-07T04:15:00Z,2104.82,2.630000000000109,1.0
1970,short,2026-04-07T04:15:00Z,2104.82,2026-04-07T11:30:00Z,2090.92,13.900000000000091,1.0
1971,long,2026-04-07T11:30:00Z,2090.92,2026-04-07T17:00:00Z,2082.62,-8.300000000000182,1.0
1972,short,2026-04-07T17:00:00Z,2082.62,2026-04-08T02:15:00Z,2244.55,-161.9300000000003,1.0
1973,long,2026-04-08T02:15:00Z,2244.55,2026-04-08T18:00:00Z,2230.7,-13.850000000000364,1.0
1974,short,2026-04-08T18:00:00Z,2230.7,2026-04-08T19:45:00Z,2205.28,25.419999999999618,1.0
1975,long,2026-04-08T19:45:00Z,2205.28,2026-04-09T03:30:00Z,2177.42,-27.860000000000127,1.0
1976,short,2026-04-09T03:30:00Z,2177.42,2026-04-09T12:30:00Z,2183.83,-6.4099999999998545,1.0
1977,long,2026-04-09T12:30:00Z,2183.83,2026-04-09T16:15:00Z,2214.47,30.639999999999873,1.0
1978,short,2026-04-09T16:15:00Z,2214.47,2026-04-09T19:15:00Z,2214.3,0.169999999999618,1.0
1979,long,2026-04-09T19:15:00Z,2214.3,2026-04-10T05:45:00Z,2197.2,-17.100000000000364,1.0
1980,short,2026-04-10T05:45:00Z,2197.2,2026-04-10T07:45:00Z,2182.52,14.679999999999836,1.0
1981,long,2026-04-10T07:45:00Z,2182.52,2026-04-10T10:15:00Z,2192.53,10.010000000000218,1.0
1982,short,2026-04-10T10:15:00Z,2192.53,2026-04-10T23:30:00Z,2242.08,-49.54999999999973,1.0
1983,long,2026-04-10T23:30:00Z,2242.08,2026-04-11T02:45:00Z,2245.56,3.480000000000018,1.0
1984,short,2026-04-11T02:45:00Z,2245.56,2026-04-11T04:45:00Z,2239.17,6.389999999999873,1.0
1985,long,2026-04-11T04:45:00Z,2239.17,2026-04-11T10:00:00Z,2242.5,3.3299999999999272,1.0
1986,short,2026-04-11T10:00:00Z,2242.5,2026-04-11T22:15:00Z,2302.73,-60.23000000000002,1.0
1987,long,2026-04-11T22:15:00Z,2302.73,2026-04-12T06:45:00Z,2214.25,-88.48000000000002,1.0
1988,short,2026-04-12T06:45:00Z,2214.25,2026-04-13T04:00:00Z,2193.27,20.980000000000018,1.0
1989,long,2026-04-13T04:00:00Z,2193.27,2026-04-13T07:15:00Z,2191.91,-1.3600000000001273,1.0
1990,short,2026-04-13T07:15:00Z,2191.91,2026-04-13T08:30:00Z,2184.88,7.029999999999745,1.0
1991,long,2026-04-13T08:30:00Z,2184.88,2026-04-13T15:15:00Z,2219.26,34.38000000000011,1.0
1992,short,2026-04-13T15:15:00Z,2219.26,2026-04-14T02:15:00Z,2373.85,-154.5899999999997,1.0
1993,long,2026-04-14T02:15:00Z,2373.85,2026-04-14T22:30:00Z,2313.23,-60.61999999999989,1.0
1994,short,2026-04-14T22:30:00Z,2313.23,2026-04-15T06:30:00Z,2316.47,-3.2399999999997817,1.0
1995,long,2026-04-15T06:30:00Z,2316.47,2026-04-15T09:15:00Z,2322.93,6.460000000000036,1.0
1996,short,2026-04-15T09:15:00Z,2322.93,2026-04-15T22:00:00Z,2360.09,-37.16000000000031,1.0
1997,long,2026-04-15T22:00:00Z,2360.09,2026-04-16T13:45:00Z,2335.7,-24.390000000000327,1.0
1998,short,2026-04-16T13:45:00Z,2335.7,2026-04-16T14:45:00Z,2303.85,31.84999999999991,1.0
1999,long,2026-04-16T14:45:00Z,2303.85,2026-04-16T20:30:00Z,2350.0,46.15000000000009,1.0
2000,short,2026-04-16T20:30:00Z,2350.0,2026-04-16T22:30:00Z,2342.3,7.699999999999818,1.0
2001,long,2026-04-16T22:30:00Z,2342.3,2026-04-17T07:30:00Z,2336.23,-6.070000000000164,1.0
2002,short,2026-04-17T07:30:00Z,2336.23,2026-04-17T11:15:00Z,2345.35,-9.11999999999989,1.0
2003,long,2026-04-17T11:15:00Z,2345.35,2026-04-17T14:15:00Z,2429.32,83.97000000000025,1.0
2004,short,2026-04-17T14:15:00Z,2429.32,2026-04-17T18:00:00Z,2439.02,-9.699999999999818,1.0
2005,long,2026-04-17T18:00:00Z,2439.02,2026-04-18T13:30:00Z,2352.47,-86.55000000000018,1.0
2006,short,2026-04-18T13:30:00Z,2352.47,2026-04-19T17:30:00Z,2310.9,41.56999999999971,1.0
2007,long,2026-04-19T17:30:00Z,2310.9,2026-04-20T01:30:00Z,2279.41,-31.490000000000236,1.0
2008,short,2026-04-20T01:30:00Z,2279.41,2026-04-20T06:00:00Z,2269.01,10.399999999999636,1.0
2009,long,2026-04-20T06:00:00Z,2269.01,2026-04-20T07:45:00Z,2296.24,27.229999999999563,1.0
2010,short,2026-04-20T07:45:00Z,2296.24,2026-04-20T14:30:00Z,2309.57,-13.330000000000382,1.0
2011,long,2026-04-20T14:30:00Z,2309.57,2026-04-20T19:00:00Z,2332.9,23.329999999999927,1.0
2012,short,2026-04-20T19:00:00Z,2332.9,2026-04-20T22:15:00Z,2322.0,10.900000000000091,1.0
2013,long,2026-04-20T22:15:00Z,2322.0,2026-04-21T06:00:00Z,2312.89,-9.110000000000127,1.0
2014,short,2026-04-21T06:00:00Z,2312.89,2026-04-21T13:00:00Z,2307.01,5.879999999999654,1.0
2015,long,2026-04-21T13:00:00Z,2307.01,2026-04-22T00:30:00Z,2323.43,16.419999999999618,1.0
2016,short,2026-04-22T00:30:00Z,2323.43,2026-04-22T09:00:00Z,2387.22,-63.789999999999964,1.0
2017,long,2026-04-22T09:00:00Z,2387.22,2026-04-23T05:45:00Z,2343.54,-43.679999999999836,1.0
2018,short,2026-04-23T05:45:00Z,2343.54,2026-04-23T09:00:00Z,2338.55,4.989999999999782,1.0
2019,long,2026-04-23T09:00:00Z,2338.55,2026-04-23T12:30:00Z,2329.28,-9.269999999999982,1.0
2020,short,2026-04-23T12:30:00Z,2329.28,2026-04-23T18:00:00Z,2308.87,20.41000000000031,1.0
2021,long,2026-04-23T18:00:00Z,2308.87,2026-04-23T21:15:00Z,2319.79,10.920000000000073,1.0
2022,short,2026-04-23T21:15:00Z,2319.79,2026-04-24T04:00:00Z,2307.15,12.639999999999873,1.0
2023,long,2026-04-24T04:00:00Z,2307.15,2026-04-24T06:45:00Z,2308.4,1.25,1.0
2024,short,2026-04-24T06:45:00Z,2308.4,2026-04-24T14:45:00Z,2314.79,-6.389999999999873,1.0
2025,long,2026-04-24T14:45:00Z,2314.79,2026-04-24T20:15:00Z,2319.0,4.210000000000036,1.0
2026,short,2026-04-24T20:15:00Z,2319.0,2026-04-24T23:00:00Z,2310.74,8.260000000000218,1.0
2027,long,2026-04-24T23:00:00Z,2310.74,2026-04-25T02:00:00Z,2316.79,6.050000000000182,1.0
2028,short,2026-04-25T02:00:00Z,2316.79,2026-04-25T05:45:00Z,2314.28,2.5099999999997635,1.0
2029,long,2026-04-25T05:45:00Z,2314.28,2026-04-25T09:15:00Z,2318.32,4.039999999999964,1.0
2030,short,2026-04-25T09:15:00Z,2318.32,2026-04-25T12:15:00Z,2314.47,3.850000000000364,1.0
2031,long,2026-04-25T12:15:00Z,2314.47,2026-04-25T21:45:00Z,2313.3,-1.169999999999618,1.0
2032,short,2026-04-25T21:45:00Z,2313.3,2026-04-26T01:45:00Z,2314.64,-1.3399999999996908,1.0
2033,long,2026-04-26T01:45:00Z,2314.64,2026-04-26T06:00:00Z,2326.78,12.140000000000327,1.0
2034,short,2026-04-26T06:00:00Z,2326.78,2026-04-26T13:15:00Z,2330.0,-3.2199999999998,1.0
2035,long,2026-04-26T13:15:00Z,2330.0,2026-04-26T20:15:00Z,2364.05,34.05000000000018,1.0
2036,short,2026-04-26T20:15:00Z,2364.05,2026-04-27T06:15:00Z,2321.95,42.100000000000364,1.0
2037,long,2026-04-27T06:15:00Z,2321.95,2026-04-27T10:00:00Z,2320.6,-1.349999999999909,1.0
2038,short,2026-04-27T10:00:00Z,2320.6,2026-04-27T13:30:00Z,2313.96,6.639999999999873,1.0
2039,long,2026-04-27T13:30:00Z,2313.96,2026-04-27T19:30:00Z,2278.8,-35.159999999999854,1.0
2040,short,2026-04-27T19:30:00Z,2278.8,2026-04-28T03:00:00Z,2287.6,-8.799999999999727,1.0
2041,long,2026-04-28T03:00:00Z,2287.6,2026-04-28T09:00:00Z,2285.91,-1.6900000000000546,1.0
2042,short,2026-04-28T09:00:00Z,2285.91,2026-04-28T12:15:00Z,2276.69,9.2199999999998,1.0
2043,long,2026-04-28T12:15:00Z,2276.69,2026-04-28T16:30:00Z,2276.23,-0.4600000000000364,1.0
2044,short,2026-04-28T16:30:00Z,2276.23,2026-04-28T22:00:00Z,2289.22,-12.989999999999782,1.0
2045,long,2026-04-28T22:00:00Z,2289.22,2026-04-29T04:15:00Z,2308.61,19.390000000000327,1.0
2046,short,2026-04-29T04:15:00Z,2308.61,2026-04-29T07:45:00Z,2326.14,-17.529999999999745,1.0
2047,long,2026-04-29T07:45:00Z,2326.14,2026-04-29T22:15:00Z,2254.51,-71.62999999999965,1.0
2048,short,2026-04-29T22:15:00Z,2254.51,2026-04-30T03:30:00Z,2249.11,5.400000000000091,1.0
2049,long,2026-04-30T03:30:00Z,2249.11,2026-04-30T08:00:00Z,2259.0,9.889999999999873,1.0
2050,short,2026-04-30T08:00:00Z,2259.0,2026-04-30T15:00:00Z,2260.83,-1.8299999999999272,1.0
2051,long,2026-04-30T15:00:00Z,2260.83,2026-04-30T20:00:00Z,2260.71,-0.11999999999989086,1.0
2052,short,2026-04-30T20:00:00Z,2260.71,2026-05-01T07:45:00Z,2274.51,-13.800000000000182,1.0
2053,long,2026-05-01T07:45:00Z,2274.51,2026-05-01T13:00:00Z,2300.06,25.549999999999727,1.0
2054,short,2026-05-01T13:00:00Z,2300.06,2026-05-01T17:00:00Z,2300.81,-0.75,1.0
2055,long,2026-05-01T17:00:00Z,2300.81,2026-05-02T01:30:00Z,2296.25,-4.559999999999945,1.0
2056,short,2026-05-02T01:30:00Z,2296.25,2026-05-02T18:30:00Z,2308.17,-11.920000000000073,1.0
2057,long,2026-05-02T18:30:00Z,2308.17,2026-05-02T20:00:00Z,2310.15,1.9800000000000182,1.0
2058,short,2026-05-02T20:00:00Z,2310.15,2026-05-03T00:45:00Z,2312.76,-2.6100000000001273,1.0
2059,long,2026-05-03T00:45:00Z,2312.76,2026-05-03T06:00:00Z,2302.89,-9.870000000000346,1.0
2060,short,2026-05-03T06:00:00Z,2302.89,2026-05-04T01:00:00Z,2318.02,-15.13000000000011,1.0
2061,long,2026-05-04T01:00:00Z,2318.02,2026-05-04T03:00:00Z,2373.81,55.789999999999964,1.0
2062,short,2026-05-04T03:00:00Z,2373.81,2026-05-04T06:45:00Z,2362.77,11.039999999999964,1.0
2063,long,2026-05-04T06:45:00Z,2362.77,2026-05-04T15:00:00Z,2365.09,2.3200000000001637,1.0
