id,direction,entry_time,entry_price,exit_time,exit_price,pnl,qty
0,long,2024-10-20T12:15:00Z,2653.02,2024-10-20T13:00:00Z,2643.72,-9.300000000000182,1.0
1,long,2024-10-20T13:45:00Z,2651.2,2024-10-20T19:15:00Z,2699.82,48.620000000000346,1.0
2,long,2024-10-20T20:45:00Z,2706.58,2024-10-21T03:00:00Z,2732.49,25.909999999999854,1.0
3,short,2024-10-21T07:45:00Z,2726.77,2024-10-21T17:45:00Z,2682.05,44.7199999999998,1.0
4,short,2024-10-22T00:30:00Z,2647.72,2024-10-22T02:15:00Z,2652.5,-4.7800000000002,1.0
5,short,2024-10-22T08:45:00Z,2639.04,2024-10-22T11:15:00Z,2636.51,2.5299999999997453,1.0
6,short,2024-10-22T14:00:00Z,2621.15,2024-10-22T14:15:00Z,2634.36,-13.210000000000036,1.0
7,long,2024-10-22T21:00:00Z,2633.22,2024-10-22T23:30:00Z,2627.69,-5.529999999999745,1.0
8,short,2024-10-23T00:00:00Z,2621.79,2024-10-23T04:30:00Z,2614.98,6.809999999999945,1.0
9,short,2024-10-23T08:15:00Z,2603.12,2024-10-23T13:30:00Z,2576.85,26.269999999999982,1.0
10,short,2024-10-23T15:15:00Z,2551.17,2024-10-23T20:00:00Z,2511.77,39.40000000000009,1.0
11,long,2024-10-24T01:00:00Z,2549.26,2024-10-24T07:00:00Z,2547.41,-1.8500000000003638,1.0
12,short,2024-10-24T08:45:00Z,2534.88,2024-10-24T12:30:00Z,2530.59,4.289999999999964,1.0
13,long,2024-10-24T13:45:00Z,2541.12,2024-10-24T14:15:00Z,2523.62,-17.5,1.0
14,short,2024-10-24T14:30:00Z,2516.99,2024-10-24T15:15:00Z,2531.74,-14.75,1.0
15,short,2024-10-24T16:30:00Z,2521.67,2024-10-24T18:15:00Z,2526.01,-4.3400000000001455,1.0
16,long,2024-10-24T19:30:00Z,2535.69,2024-10-24T22:45:00Z,2531.0,-4.690000000000055,1.0
17,short,2024-10-25T00:45:00Z,2525.33,2024-10-25T03:15:00Z,2526.45,-1.1199999999998909,1.0
18,short,2024-10-25T04:30:00Z,2492.8,2024-10-25T08:45:00Z,2513.36,-20.559999999999945,1.0
19,long,2024-10-25T09:15:00Z,2526.53,2024-10-25T13:45:00Z,2529.0,2.4699999999998,1.0
20,long,2024-10-25T14:00:00Z,2551.37,2024-10-25T14:45:00Z,2540.7,-10.670000000000073,1.0
21,short,2024-10-25T16:00:00Z,2524.27,2024-10-25T22:15:00Z,2492.09,32.179999999999836,1.0
22,short,2024-10-25T23:15:00Z,2409.76,2024-10-26T00:00:00Z,2440.1,-30.33999999999969,1.0
23,long,2024-10-26T05:45:00Z,2470.92,2024-10-26T10:00:00Z,2464.87,-6.050000000000182,1.0
24,short,2024-10-26T11:30:00Z,2462.76,2024-10-26T11:45:00Z,2474.3,-11.539999999999964,1.0
25,short,2024-10-26T14:30:00Z,2456.73,2024-10-26T15:45:00Z,2460.12,-3.3899999999998727,1.0
26,long,2024-10-26T17:15:00Z,2474.36,2024-10-26T22:00:00Z,2487.96,13.599999999999909,1.0
27,short,2024-10-27T00:15:00Z,2478.96,2024-10-27T03:30:00Z,2478.61,0.34999999999990905,1.0
28,long,2024-10-27T04:15:00Z,2483.5,2024-10-27T08:30:00Z,2478.89,-4.610000000000127,1.0
29,short,2024-10-27T09:00:00Z,2474.77,2024-10-27T12:30:00Z,2478.44,-3.6700000000000728,1.0
30,long,2024-10-27T13:30:00Z,2496.6,2024-10-27T18:15:00Z,2493.65,-2.949999999999818,1.0
31,short,2024-10-27T19:15:00Z,2486.4,2024-10-27T21:30:00Z,2505.0,-18.59999999999991,1.0
32,long,2024-10-27T21:45:00Z,2511.73,2024-10-28T00:30:00Z,2505.37,-6.360000000000127,1.0
33,short,2024-10-28T02:15:00Z,2492.51,2024-10-28T06:45:00Z,2486.86,5.650000000000091,1.0
34,long,2024-10-28T07:15:00Z,2515.62,2024-10-28T12:15:00Z,2520.51,4.890000000000327,1.0
35,short,2024-10-28T15:45:00Z,2508.55,2024-10-28T16:45:00Z,2514.84,-6.289999999999964,1.0
36,short,2024-10-28T17:15:00Z,2498.47,2024-10-28T17:45:00Z,2512.4,-13.930000000000291,1.0
37,long,2024-10-28T21:45:00Z,2536.57,2024-10-29T07:15:00Z,2609.72,73.14999999999964,1.0
38,long,2024-10-29T08:45:00Z,2629.34,2024-10-29T10:15:00Z,2619.45,-9.890000000000327,1.0
39,long,2024-10-29T10:45:00Z,2636.28,2024-10-29T13:00:00Z,2617.57,-18.710000000000036,1.0
40,long,2024-10-29T14:15:00Z,2630.02,2024-10-29T14:30:00Z,2624.41,-5.610000000000127,1.0
41,long,2024-10-29T16:00:00Z,2648.11,2024-10-29T19:30:00Z,2636.82,-11.289999999999964,1.0
42,short,2024-10-29T20:00:00Z,2624.43,2024-10-29T22:45:00Z,2640.61,-16.18000000000029,1.0
43,short,2024-10-30T01:15:00Z,2608.87,2024-10-30T02:00:00Z,2626.34,-17.470000000000255,1.0
44,long,2024-10-30T03:45:00Z,2651.83,2024-10-30T11:15:00Z,2668.79,16.960000000000036,1.0
45,long,2024-10-30T14:00:00Z,2697.52,2024-10-30T15:15:00Z,2688.36,-9.159999999999854,1.0
46,short,2024-10-30T17:45:00Z,2672.71,2024-10-30T21:00:00Z,2680.0,-7.289999999999964,1.0
47,short,2024-10-31T01:45:00Z,2653.56,2024-10-31T02:00:00Z,2663.26,-9.700000000000273,1.0
48,short,2024-10-31T06:45:00Z,2641.01,2024-10-31T09:15:00Z,2642.6,-1.5899999999996908,1.0
49,short,2024-10-31T13:30:00Z,2623.66,2024-10-31T23:15:00Z,2520.85,102.80999999999995,1.0
50,short,2024-11-01T01:45:00Z,2519.22,2024-11-01T02:30:00Z,2505.95,13.269999999999982,1.0
51,long,2024-11-01T10:30:00Z,2518.26,2024-11-01T15:30:00Z,2547.7,29.4399999999996,1.0
52,short,2024-11-01T15:45:00Z,2512.63,2024-11-01T20:30:00Z,2523.04,-10.409999999999854,1.0
53,short,2024-11-01T21:30:00Z,2496.84,2024-11-01T22:15:00Z,2511.83,-14.989999999999782,1.0
54,long,2024-11-02T02:30:00Z,2522.12,2024-11-02T03:00:00Z,2512.18,-9.940000000000055,1.0
55,short,2024-11-02T03:45:00Z,2511.06,2024-11-02T06:00:00Z,2513.0,-1.9400000000000546,1.0
56,short,2024-11-02T08:30:00Z,2499.57,2024-11-02T09:30:00Z,2503.45,-3.8799999999996544,1.0
57,short,2024-11-02T12:45:00Z,2494.07,2024-11-02T13:30:00Z,2498.34,-4.269999999999982,1.0
58,short,2024-11-02T13:45:00Z,2486.09,2024-11-02T15:00:00Z,2489.65,-3.5599999999999454,1.0
59,long,2024-11-02T22:15:00Z,2494.52,2024-11-02T23:15:00Z,2488.5,-6.019999999999982,1.0
60,short,2024-11-03T01:00:00Z,2482.5,2024-11-03T06:45:00Z,2456.11,26.389999999999873,1.0
61,short,2024-11-03T13:45:00Z,2442.13,2024-11-03T16:00:00Z,2442.19,-0.05999999999994543,1.0
62,short,2024-11-03T19:00:00Z,2424.57,2024-11-03T19:15:00Z,2435.19,-10.61999999999989,1.0
63,long,2024-11-03T20:45:00Z,2460.34,2024-11-04T00:30:00Z,2448.35,-11.990000000000236,1.0
64,short,2024-11-04T00:45:00Z,2439.19,2024-11-04T01:30:00Z,2463.1,-23.909999999999854,1.0
65,long,2024-11-04T02:30:00Z,2476.6,2024-11-04T05:45:00Z,2462.84,-13.759999999999764,1.0
66,short,2024-11-04T08:00:00Z,2458.9,2024-11-04T10:15:00Z,2467.27,-8.36999999999989,1.0
67,long,2024-11-04T12:45:00Z,2470.9,2024-11-04T14:00:00Z,2458.16,-12.740000000000236,1.0
68,short,2024-11-04T14:45:00Z,2452.15,2024-11-04T19:15:00Z,2435.26,16.889999999999873,1.0
69,short,2024-11-04T21:30:00Z,2411.95,2024-11-04T23:00:00Z,2405.42,6.529999999999745,1.0
70,long,2024-11-05T03:30:00Z,2417.41,2024-11-05T10:15:00Z,2433.29,15.88000000000011,1.0
71,long,2024-11-05T13:00:00Z,2443.16,2024-11-05T15:30:00Z,2436.92,-6.239999999999782,1.0
72,short,2024-11-05T20:00:00Z,2407.3,2024-11-05T23:00:00Z,2433.73,-26.429999999999836,1.0
73,long,2024-11-06T00:30:00Z,2451.83,2024-11-06T08:00:00Z,2595.4,143.57000000000016,1.0
74,long,2024-11-06T12:30:00Z,2636.23,2024-11-06T13:45:00Z,2616.43,-19.800000000000182,1.0
75,long,2024-11-06T15:30:00Z,2662.06,2024-11-06T16:00:00Z,2634.28,-27.779999999999745,1.0
76,long,2024-11-06T18:15:00Z,2665.29,2024-11-07T06:15:00Z,2813.73,148.44000000000005,1.0
77,short,2024-11-07T12:00:00Z,2793.0,2024-11-07T12:30:00Z,2812.86,-19.860000000000127,1.0
78,short,2024-11-07T15:00:00Z,2793.06,2024-11-07T15:15:00Z,2810.62,-17.559999999999945,1.0
79,long,2024-11-07T15:30:00Z,2828.05,2024-11-07T22:30:00Z,2870.49,42.4399999999996,1.0
80,long,2024-11-08T00:15:00Z,2943.6,2024-11-08T01:00:00Z,2907.63,-35.9699999999998,1.0
81,long,2024-11-08T11:00:00Z,2924.79,2024-11-08T14:45:00Z,2919.7,-5.0900000000001455,1.0
82,short,2024-11-08T15:15:00Z,2913.33,2024-11-08T15:30:00Z,2935.58,-22.25,1.0
83,short,2024-11-08T17:15:00Z,2895.03,2024-11-08T18:30:00Z,2933.7,-38.66999999999962,1.0
84,long,2024-11-08T18:45:00Z,2960.03,2024-11-08T20:30:00Z,2934.42,-25.610000000000127,1.0
85,long,2024-11-09T00:45:00Z,2987.27,2024-11-09T03:30:00Z,2968.81,-18.460000000000036,1.0
86,long,2024-11-09T05:45:00Z,3028.79,2024-11-09T12:45:00Z,3038.01,9.220000000000255,1.0
87,short,2024-11-09T17:15:00Z,3002.81,2024-11-09T18:00:00Z,3037.33,-34.51999999999998,1.0
88,long,2024-11-09T19:00:00Z,3049.91,2024-11-10T01:15:00Z,3106.42,56.51000000000022,1.0
89,long,2024-11-10T04:45:00Z,3170.2,2024-11-10T08:45:00Z,3171.6,1.400000000000091,1.0
90,long,2024-11-10T11:30:00Z,3199.24,2024-11-10T12:15:00Z,3197.19,-2.049999999999727,1.0
91,long,2024-11-10T17:45:00Z,3222.88,2024-11-10T19:45:00Z,3190.59,-32.289999999999964,1.0
92,short,2024-11-10T19:45:00Z,3190.59,2024-11-10T22:00:00Z,3171.26,19.329999999999927,1.0
93,short,2024-11-11T04:30:00Z,3168.78,2024-11-11T09:15:00Z,3156.75,12.0300000000002,1.0
94,long,2024-11-11T10:00:00Z,3175.65,2024-11-11T13:15:00Z,3155.83,-19.820000000000164,1.0
95,long,2024-11-11T15:30:00Z,3225.12,2024-11-11T22:15:00Z,3307.2,82.07999999999993,1.0
96,long,2024-11-11T23:30:00Z,3368.74,2024-11-12T00:30:00Z,3312.64,-56.09999999999991,1.0
97,long,2024-11-12T06:45:00Z,3374.48,2024-11-12T10:00:00Z,3363.15,-11.329999999999927,1.0
98,short,2024-11-12T10:30:00Z,3334.52,2024-11-12T15:45:00Z,3268.76,65.75999999999976,1.0
99,short,2024-11-12T16:30:00Z,3238.86,2024-11-12T16:45:00Z,3265.5,-26.639999999999873,1.0
100,long,2024-11-12T19:15:00Z,3303.76,2024-11-12T22:15:00Z,3266.79,-36.970000000000255,1.0
101,short,2024-11-12T23:30:00Z,3256.91,2024-11-13T01:15:00Z,3276.33,-19.420000000000073,1.0
102,short,2024-11-13T02:30:00Z,3228.0,2024-11-13T03:00:00Z,3255.15,-27.15000000000009,1.0
103,short,2024-11-13T04:00:00Z,3210.61,2024-11-13T09:45:00Z,3167.37,43.24000000000024,1.0
104,long,2024-11-13T13:45:00Z,3217.55,2024-11-13T19:15:00Z,3217.1,-0.45000000000027285,1.0
105,short,2024-11-13T19:15:00Z,3217.1,2024-11-14T00:15:00Z,3194.2,22.90000000000009,1.0
106,long,2024-11-14T02:00:00Z,3217.24,2024-11-14T03:15:00Z,3194.35,-22.889999999999873,1.0
107,long,2024-11-14T04:15:00Z,3222.56,2024-11-14T07:00:00Z,3187.64,-34.92000000000007,1.0
108,short,2024-11-14T07:15:00Z,3189.1,2024-11-14T08:00:00Z,3219.65,-30.550000000000182,1.0
109,short,2024-11-14T11:15:00Z,3174.48,2024-11-14T13:15:00Z,3194.65,-20.170000000000073,1.0
110,short,2024-11-14T14:45:00Z,3133.99,2024-11-14T16:45:00Z,3146.41,-12.420000000000073,1.0
111,short,2024-11-14T21:15:00Z,3093.12,2024-11-15T02:45:00Z,3078.27,14.849999999999909,1.0
112,short,2024-11-15T04:45:00Z,3032.82,2024-11-15T05:45:00Z,3059.25,-26.429999999999836,1.0
113,long,2024-11-15T09:15:00Z,3093.04,2024-11-15T14:15:00Z,3091.04,-2.0,1.0
114,short,2024-11-15T14:30:00Z,3070.94,2024-11-15T19:45:00Z,3055.85,15.090000000000146,1.0
115,long,2024-11-15T20:30:00Z,3069.88,2024-11-16T00:30:00Z,3074.99,5.109999999999673,1.0
116,long,2024-11-16T02:45:00Z,3121.01,2024-11-16T06:15:00Z,3121.97,0.9599999999995816,1.0
117,short,2024-11-16T07:45:00Z,3106.11,2024-11-16T09:45:00Z,3125.31,-19.199999999999818,1.0
118,long,2024-11-16T11:00:00Z,3128.8,2024-11-16T14:45:00Z,3168.29,39.48999999999978,1.0
119,long,2024-11-16T19:15:00Z,3182.21,2024-11-16T20:30:00Z,3146.79,-35.42000000000007,1.0
120,short,2024-11-16T23:00:00Z,3134.77,2024-11-17T00:30:00Z,3153.37,-18.59999999999991,1.0
121,short,2024-11-17T01:45:00Z,3096.45,2024-11-17T04:45:00Z,3133.67,-37.220000000000255,1.0
122,long,2024-11-17T07:00:00Z,3136.18,2024-11-17T11:15:00Z,3113.39,-22.789999999999964,1.0
123,short,2024-11-17T11:15:00Z,3113.39,2024-11-17T17:30:00Z,3102.99,10.400000000000091,1.0
124,short,2024-11-17T20:30:00Z,3073.48,2024-11-17T22:30:00Z,3084.46,-10.980000000000018,1.0
125,long,2024-11-18T00:45:00Z,3114.05,2024-11-18T09:00:00Z,3124.6,10.549999999999727,1.0
126,short,2024-11-18T11:15:00Z,3093.7,2024-11-18T14:15:00Z,3092.0,1.699999999999818,1.0
127,long,2024-11-18T15:45:00Z,3140.31,2024-11-18T19:15:00Z,3139.68,-0.6300000000001091,1.0
128,long,2024-11-18T23:45:00Z,3201.58,2024-11-19T00:45:00Z,3169.16,-32.42000000000007,1.0
129,short,2024-11-19T05:00:00Z,3132.12,2024-11-19T10:30:00Z,3117.15,14.9699999999998,1.0
130,long,2024-11-19T12:15:00Z,3141.35,2024-11-19T13:30:00Z,3121.25,-20.09999999999991,1.0
131,short,2024-11-19T14:00:00Z,3083.6,2024-11-19T14:45:00Z,3116.27,-32.67000000000007,1.0
132,long,2024-11-19T18:30:00Z,3142.05,2024-11-19T20:45:00Z,3112.26,-29.789999999999964,1.0
133,short,2024-11-19T21:00:00Z,3102.39,2024-11-19T23:15:00Z,3109.09,-6.700000000000273,1.0
134,long,2024-11-20T01:15:00Z,3115.95,2024-11-20T01:45:00Z,3100.6,-15.349999999999909,1.0
135,long,2024-11-20T08:30:00Z,3125.93,2024-11-20T11:00:00Z,3111.46,-14.4699999999998,1.0
136,short,2024-11-20T11:15:00Z,3086.34,2024-11-20T13:30:00Z,3111.25,-24.909999999999854,1.0
137,long,2024-11-20T14:15:00Z,3151.59,2024-11-20T14:45:00Z,3109.46,-42.13000000000011,1.0
138,short,2024-11-20T16:30:00Z,3084.44,2024-11-20T21:15:00Z,3074.15,10.289999999999964,1.0
139,long,2024-11-21T01:30:00Z,3095.8,2024-11-21T02:00:00Z,3080.44,-15.360000000000127,1.0
140,short,2024-11-21T02:15:00Z,3065.0,2024-11-21T03:15:00Z,3070.27,-5.269999999999982,1.0
141,long,2024-11-21T03:30:00Z,3101.4,2024-11-21T21:45:00Z,3345.93,244.52999999999975,1.0
142,short,2024-11-22T01:00:00Z,3319.41,2024-11-22T03:30:00Z,3355.97,-36.559999999999945,1.0
143,long,2024-11-22T03:30:00Z,3355.97,2024-11-22T06:30:00Z,3369.55,13.580000000000382,1.0
144,short,2024-11-22T10:15:00Z,3348.15,2024-11-22T12:30:00Z,3356.6,-8.449999999999818,1.0
145,short,2024-11-22T13:30:00Z,3268.69,2024-11-22T15:45:00Z,3320.09,-51.40000000000009,1.0
146,short,2024-11-22T19:00:00Z,3281.91,2024-11-22T19:30:00Z,3299.0,-17.090000000000146,1.0
147,long,2024-11-22T23:45:00Z,3326.4,2024-11-23T02:45:00Z,3333.69,7.289999999999964,1.0
148,long,2024-11-23T08:30:00Z,3405.58,2024-11-23T09:15:00Z,3367.7,-37.88000000000011,1.0
149,long,2024-11-23T12:45:00Z,3409.33,2024-11-23T16:30:00Z,3402.96,-6.369999999999891,1.0
150,long,2024-11-24T01:15:00Z,3423.81,2024-11-24T04:45:00Z,3411.48,-12.329999999999927,1.0
151,short,2024-11-24T05:45:00Z,3401.23,2024-11-24T08:00:00Z,3424.99,-23.759999999999764,1.0
152,short,2024-11-24T09:00:00Z,3396.77,2024-11-24T16:30:00Z,3325.48,71.28999999999996,1.0
153,long,2024-11-24T20:30:00Z,3342.63,2024-11-25T00:45:00Z,3347.49,4.859999999999673,1.0
154,short,2024-11-25T01:15:00Z,3335.58,2024-11-25T02:15:00Z,3338.92,-3.3400000000001455,1.0
155,long,2024-11-25T04:15:00Z,3387.72,2024-11-25T14:45:00Z,3477.27,89.55000000000018,1.0
156,short,2024-11-25T15:00:00Z,3410.61,2024-11-25T15:30:00Z,3449.24,-38.629999999999654,1.0
157,long,2024-11-25T16:00:00Z,3521.18,2024-11-25T17:15:00Z,3429.43,-91.75,1.0
158,short,2024-11-25T22:00:00Z,3441.84,2024-11-25T23:00:00Z,3454.39,-12.549999999999727,1.0
159,short,2024-11-26T05:30:00Z,3426.86,2024-11-26T06:30:00Z,3440.76,-13.900000000000091,1.0
160,short,2024-11-26T07:15:00Z,3403.01,2024-11-26T14:45:00Z,3341.1,61.91000000000031,1.0
161,short,2024-11-26T18:30:00Z,3272.8,2024-11-26T20:15:00Z,3316.77,-43.9699999999998,1.0
162,long,2024-11-26T22:15:00Z,3336.66,2024-11-27T01:00:00Z,3311.85,-24.809999999999945,1.0
163,long,2024-11-27T02:00:00Z,3344.45,2024-11-27T02:15:00Z,3324.87,-19.579999999999927,1.0
164,long,2024-11-27T02:30:00Z,3347.35,2024-11-27T09:15:00Z,3411.8,64.45000000000027,1.0
165,long,2024-11-27T10:45:00Z,3475.61,2024-11-27T12:30:00Z,3444.44,-31.170000000000073,1.0
166,long,2024-11-27T13:15:00Z,3482.98,2024-11-28T01:15:00Z,3629.67,146.69000000000005,1.0
167,short,2024-11-28T03:30:00Z,3588.56,2024-11-28T07:15:00Z,3607.29,-18.730000000000018,1.0
168,long,2024-11-28T08:30:00Z,3621.61,2024-11-28T10:00:00Z,3600.65,-20.960000000000036,1.0
169,long,2024-11-28T12:30:00Z,3636.63,2024-11-28T13:15:00Z,3601.27,-35.36000000000013,1.0
170,short,2024-11-28T14:30:00Z,3559.36,2024-11-28T18:15:00Z,3580.19,-20.829999999999927,1.0
171,long,2024-11-28T22:30:00Z,3589.24,2024-11-29T00:15:00Z,3575.33,-13.909999999999854,1.0
172,short,2024-11-29T01:15:00Z,3562.67,2024-11-29T02:15:00Z,3589.57,-26.90000000000009,1.0
173,long,2024-11-29T03:00:00Z,3602.76,2024-11-29T04:15:00Z,3573.75,-29.01000000000022,1.0
174,short,2024-11-29T07:00:00Z,3563.56,2024-11-29T08:30:00Z,3567.17,-3.6100000000001273,1.0
175,long,2024-11-29T11:30:00Z,3587.25,2024-11-29T16:15:00Z,3607.35,20.09999999999991,1.0
176,short,2024-11-29T18:45:00Z,3581.69,2024-11-29T20:45:00Z,3600.35,-18.659999999999854,1.0
177,long,2024-11-29T23:00:00Z,3598.44,2024-11-30T00:45:00Z,3583.8,-14.639999999999873,1.0
178,short,2024-11-30T01:15:00Z,3586.87,2024-11-30T01:30:00Z,3592.69,-5.820000000000164,1.0
179,long,2024-11-30T01:45:00Z,3619.38,2024-11-30T10:30:00Z,3672.0,52.61999999999989,1.0
180,short,2024-11-30T11:00:00Z,3644.34,2024-11-30T13:00:00Z,3683.64,-39.29999999999973,1.0
181,long,2024-11-30T16:00:00Z,3676.6,2024-11-30T16:30:00Z,3662.87,-13.730000000000018,1.0
182,long,2024-11-30T17:45:00Z,3681.58,2024-11-30T18:30:00Z,3670.25,-11.329999999999927,1.0
183,long,2024-11-30T19:45:00Z,3698.99,2024-12-01T00:45:00Z,3698.0,-0.9899999999997817,1.0
184,short,2024-12-01T01:15:00Z,3683.52,2024-12-01T02:00:00Z,3712.41,-28.889999999999873,1.0
185,short,2024-12-01T02:45:00Z,3670.05,2024-12-01T04:00:00Z,3709.49,-39.4399999999996,1.0
186,long,2024-12-01T07:30:00Z,3715.11,2024-12-01T09:30:00Z,3697.27,-17.840000000000146,1.0
187,short,2024-12-01T10:45:00Z,3686.65,2024-12-01T13:15:00Z,3699.1,-12.449999999999818,1.0
188,long,2024-12-01T14:15:00Z,3710.0,2024-12-01T17:15:00Z,3715.27,5.269999999999982,1.0
189,short,2024-12-01T19:45:00Z,3702.51,2024-12-01T22:00:00Z,3709.5,-6.989999999999782,1.0
190,long,2024-12-01T22:15:00Z,3721.64,2024-12-02T01:00:00Z,3705.09,-16.549999999999727,1.0
191,long,2024-12-02T01:30:00Z,3739.54,2024-12-02T02:30:00Z,3718.18,-21.360000000000127,1.0
192,long,2024-12-02T03:00:00Z,3745.74,2024-12-02T03:45:00Z,3712.9,-32.83999999999969,1.0
193,short,2024-12-02T04:00:00Z,3687.83,2024-12-02T13:30:00Z,3616.99,70.84000000000015,1.0
194,long,2024-12-02T14:45:00Z,3654.46,2024-12-02T17:00:00Z,3628.63,-25.829999999999927,1.0
195,short,2024-12-02T18:00:00Z,3569.15,2024-12-02T18:45:00Z,3630.13,-60.98000000000002,1.0
196,long,2024-12-02T23:30:00Z,3631.6,2024-12-03T02:00:00Z,3622.01,-9.58999999999969,1.0
197,long,2024-12-03T03:00:00Z,3646.9,2024-12-03T07:00:00Z,3636.7,-10.200000000000273,1.0
198,short,2024-12-03T07:30:00Z,3626.46,2024-12-03T12:00:00Z,3616.19,10.269999999999982,1.0
199,short,2024-12-03T13:45:00Z,3580.58,2024-12-03T15:00:00Z,3581.87,-1.2899999999999636,1.0
200,long,2024-12-03T20:45:00Z,3599.0,2024-12-04T02:15:00Z,3637.97,38.9699999999998,1.0
201,long,2024-12-04T07:00:00Z,3696.96,2024-12-04T12:15:00Z,3719.93,22.9699999999998,1.0
202,long,2024-12-04T14:45:00Z,3749.14,2024-12-04T16:45:00Z,3760.08,10.940000000000055,1.0
203,long,2024-12-04T20:15:00Z,3875.0,2024-12-04T23:00:00Z,3844.48,-30.519999999999982,1.0
204,short,2024-12-05T00:45:00Z,3803.51,2024-12-05T02:30:00Z,3829.81,-26.299999999999727,1.0
205,long,2024-12-05T02:45:00Z,3877.61,2024-12-05T04:00:00Z,3836.78,-40.82999999999993,1.0
206,long,2024-12-05T08:15:00Z,3887.97,2024-12-05T14:00:00Z,3921.06,33.090000000000146,1.0
207,long,2024-12-05T15:00:00Z,3930.0,2024-12-05T15:15:00Z,3926.27,-3.730000000000018,1.0
208,short,2024-12-05T15:30:00Z,3882.6,2024-12-05T17:15:00Z,3916.33,-33.73000000000002,1.0
209,short,2024-12-05T19:15:00Z,3870.0,2024-12-05T22:45:00Z,3794.81,75.19000000000005,1.0
210,long,2024-12-06T00:45:00Z,3859.6,2024-12-06T08:45:00Z,3903.5,43.90000000000009,1.0
211,short,2024-12-06T09:15:00Z,3872.85,2024-12-06T12:15:00Z,3882.82,-9.970000000000255,1.0
212,short,2024-12-06T13:00:00Z,3839.8,2024-12-06T13:45:00Z,3886.1,-46.29999999999973,1.0
213,long,2024-12-06T14:00:00Z,3891.27,2024-12-06T21:15:00Z,4038.0,146.73000000000002,1.0
214,short,2024-12-07T01:30:00Z,3987.0,2024-12-07T05:15:00Z,4003.87,-16.86999999999989,1.0
215,short,2024-12-07T07:15:00Z,3982.14,2024-12-07T07:45:00Z,3988.53,-6.390000000000327,1.0
216,long,2024-12-07T11:30:00Z,4007.61,2024-12-07T14:15:00Z,3984.67,-22.940000000000055,1.0
217,long,2024-12-07T19:00:00Z,4014.4,2024-12-07T21:45:00Z,4006.61,-7.789999999999964,1.0
218,short,2024-12-08T01:45:00Z,3998.96,2024-12-08T02:30:00Z,4005.8,-6.8400000000001455,1.0
219,short,2024-12-08T04:45:00Z,3988.37,2024-12-08T06:45:00Z,3983.61,4.7599999999997635,1.0
220,short,2024-12-08T08:30:00Z,3962.71,2024-12-08T10:15:00Z,3958.79,3.9200000000000728,1.0
221,long,2024-12-08T13:00:00Z,3988.79,2024-12-08T15:15:00Z,3971.22,-17.570000000000164,1.0
222,long,2024-12-08T21:45:00Z,3992.46,2024-12-09T00:30:00Z,3981.09,-11.36999999999989,1.0
223,short,2024-12-09T00:45:00Z,3967.39,2024-12-09T05:45:00Z,3946.37,21.019999999999982,1.0
224,short,2024-12-09T07:15:00Z,3895.14,2024-12-09T13:30:00Z,3889.66,5.480000000000018,1.0
225,long,2024-12-09T14:45:00Z,3920.8,2024-12-09T15:30:00Z,3857.64,-63.16000000000031,1.0
226,short,2024-12-09T15:45:00Z,3826.55,2024-12-09T21:15:00Z,3686.8,139.75,1.0
227,short,2024-12-10T03:30:00Z,3646.25,2024-12-10T04:45:00Z,3702.37,-56.11999999999989,1.0
228,long,2024-12-10T09:00:00Z,3743.58,2024-12-10T12:15:00Z,3734.24,-9.340000000000146,1.0
229,short,2024-12-10T12:30:00Z,3713.72,2024-12-10T14:30:00Z,3720.18,-6.460000000000036,1.0
230,short,2024-12-10T15:00:00Z,3671.34,2024-12-10T19:45:00Z,3620.33,51.01000000000022,1.0
231,long,2024-12-10T20:30:00Z,3652.43,2024-12-10T23:45:00Z,3620.61,-31.81999999999971,1.0
232,short,2024-12-11T00:45:00Z,3586.43,2024-12-11T02:45:00Z,3647.25,-60.820000000000164,1.0
233,long,2024-12-11T03:00:00Z,3651.46,2024-12-11T08:00:00Z,3652.16,0.6999999999998181,1.0
234,long,2024-12-11T08:30:00Z,3677.55,2024-12-11T18:00:00Z,3761.76,84.21000000000004,1.0
235,long,2024-12-11T20:30:00Z,3822.57,2024-12-12T00:30:00Z,3816.38,-6.190000000000055,1.0
236,long,2024-12-12T03:00:00Z,3879.35,2024-12-12T08:15:00Z,3905.21,25.860000000000127,1.0
237,long,2024-12-12T13:00:00Z,3954.83,2024-12-12T17:00:00Z,3933.01,-21.81999999999971,1.0
238,short,2024-12-12T18:45:00Z,3927.76,2024-12-13T00:15:00Z,3877.12,50.64000000000033,1.0
239,long,2024-12-13T00:45:00Z,3899.2,2024-12-13T01:30:00Z,3859.99,-39.210000000000036,1.0
240,long,2024-12-13T02:45:00Z,3916.85,2024-12-13T07:00:00Z,3885.29,-31.559999999999945,1.0
241,short,2024-12-13T07:15:00Z,3881.82,2024-12-13T11:00:00Z,3903.0,-21.179999999999836,1.0
242,long,2024-12-13T12:45:00Z,3924.52,2024-12-13T15:45:00Z,3927.54,3.019999999999982,1.0
243,short,2024-12-13T16:00:00Z,3884.71,2024-12-13T17:45:00Z,3928.47,-43.75999999999976,1.0
244,short,2024-12-13T21:30:00Z,3899.99,2024-12-14T00:15:00Z,3913.08,-13.090000000000146,1.0
245,long,2024-12-14T01:30:00Z,3937.01,2024-12-14T02:15:00Z,3909.08,-27.93000000000029,1.0
246,long,2024-12-14T06:45:00Z,3925.94,2024-12-14T08:15:00Z,3917.6,-8.340000000000146,1.0
247,short,2024-12-14T10:15:00Z,3896.92,2024-12-14T14:45:00Z,3886.88,10.039999999999964,1.0
248,short,2024-12-14T18:00:00Z,3857.74,2024-12-14T22:30:00Z,3861.56,-3.8200000000001637,1.0
249,long,2024-12-14T23:15:00Z,3869.52,2024-12-15T04:00:00Z,3873.07,3.550000000000182,1.0
250,long,2024-12-15T04:30:00Z,3898.82,2024-12-15T06:15:00Z,3887.23,-11.590000000000146,1.0
251,short,2024-12-15T07:15:00Z,3868.0,2024-12-15T10:30:00Z,3867.0,1.0,1.0
252,long,2024-12-15T12:15:00Z,3872.55,2024-12-15T18:30:00Z,3897.66,25.109999999999673,1.0
253,short,2024-12-15T21:15:00Z,3872.43,2024-12-15T22:45:00Z,3883.0,-10.570000000000164,1.0
254,long,2024-12-15T23:15:00Z,3900.07,2024-12-16T03:45:00Z,3944.1,44.029999999999745,1.0
255,long,2024-12-16T07:30:00Z,3978.92,2024-12-16T09:00:00Z,3951.52,-27.40000000000009,1.0
256,short,2024-12-16T09:15:00Z,3940.03,2024-12-16T14:45:00Z,3937.67,2.3600000000001273,1.0
257,long,2024-12-16T16:15:00Z,3961.09,2024-12-16T21:15:00Z,4020.09,59.0,1.0
258,short,2024-12-16T23:30:00Z,3993.83,2024-12-17T02:15:00Z,4003.01,-9.180000000000291,1.0
259,long,2024-12-17T04:00:00Z,4033.25,2024-12-17T06:30:00Z,3999.4,-33.84999999999991,1.0
260,short,2024-12-17T08:00:00Z,3993.05,2024-12-17T08:30:00Z,4012.1,-19.049999999999727,1.0
261,long,2024-12-17T10:00:00Z,4025.6,2024-12-17T10:45:00Z,4003.0,-22.59999999999991,1.0
262,short,2024-12-17T15:15:00Z,3968.93,2024-12-17T17:45:00Z,3974.82,-5.890000000000327,1.0
263,short,2024-12-17T22:30:00Z,3908.6,2024-12-18T07:15:00Z,3842.19,66.40999999999985,1.0
264,long,2024-12-18T09:45:00Z,3872.18,2024-12-18T12:45:00Z,3863.3,-8.879999999999654,1.0
265,short,2024-12-18T14:45:00Z,3861.47,2024-12-18T15:30:00Z,3857.44,4.029999999999745,1.0
266,long,2024-12-18T17:45:00Z,3881.11,2024-12-18T19:15:00Z,3860.76,-20.34999999999991,1.0
267,short,2024-12-18T20:00:00Z,3768.77,2024-12-19T03:00:00Z,3647.71,121.05999999999995,1.0
268,long,2024-12-19T07:45:00Z,3692.53,2024-12-19T08:45:00Z,3671.24,-21.29000000000042,1.0
269,long,2024-12-19T10:30:00Z,3686.95,2024-12-19T12:45:00Z,3683.41,-3.5399999999999636,1.0
270,short,2024-12-19T14:45:00Z,3665.46,2024-12-19T22:45:00Z,3429.68,235.7800000000002,1.0
271,short,2024-12-20T02:15:00Z,3401.95,2024-12-20T02:30:00Z,3430.59,-28.640000000000327,1.0
272,short,2024-12-20T06:00:00Z,3356.53,2024-12-20T07:15:00Z,3398.76,-42.23000000000002,1.0
273,short,2024-12-20T08:30:00Z,3326.0,2024-12-20T13:15:00Z,3235.34,90.65999999999985,1.0
274,long,2024-12-20T14:30:00Z,3328.91,2024-12-20T21:15:00Z,3397.79,68.88000000000011,1.0
275,long,2024-12-21T02:45:00Z,3485.44,2024-12-21T03:15:00Z,3463.0,-22.440000000000055,1.0
276,long,2024-12-21T05:15:00Z,3491.54,2024-12-21T08:30:00Z,3492.6,1.0599999999999454,1.0
277,short,2024-12-21T09:15:00Z,3466.39,2024-12-21T20:15:00Z,3379.14,87.25,1.0
278,short,2024-12-21T21:45:00Z,3334.23,2024-12-22T00:30:00Z,3349.86,-15.63000000000011,1.0
279,short,2024-12-22T05:00:00Z,3310.55,2024-12-22T06:15:00Z,3334.84,-24.289999999999964,1.0
280,long,2024-12-22T08:30:00Z,3358.8,2024-12-22T14:00:00Z,3369.57,10.769999999999982,1.0
281,short,2024-12-22T14:15:00Z,3356.78,2024-12-22T21:00:00Z,3289.4,67.38000000000011,1.0
282,short,2024-12-23T01:30:00Z,3251.26,2024-12-23T01:45:00Z,3279.89,-28.629999999999654,1.0
283,long,2024-12-23T03:15:00Z,3314.16,2024-12-23T06:15:00Z,3284.22,-29.940000000000055,1.0
284,long,2024-12-23T10:15:00Z,3344.13,2024-12-23T13:45:00Z,3310.17,-33.960000000000036,1.0
285,short,2024-12-23T14:45:00Z,3301.99,2024-12-23T16:45:00Z,3319.6,-17.610000000000127,1.0
286,long,2024-12-23T17:00:00Z,3373.38,2024-12-23T18:45:00Z,3314.75,-58.63000000000011,1.0
287,long,2024-12-23T20:45:00Z,3372.99,2024-12-24T01:30:00Z,3407.3,34.3100000000004,1.0
288,short,2024-12-24T02:15:00Z,3373.47,2024-12-24T04:30:00Z,3411.07,-37.600000000000364,1.0
289,long,2024-12-24T05:45:00Z,3419.45,2024-12-24T07:00:00Z,3391.87,-27.579999999999927,1.0
290,long,2024-12-24T13:30:00Z,3424.34,2024-12-24T19:30:00Z,3484.44,60.09999999999991,1.0
291,short,2024-12-24T20:15:00Z,3443.63,2024-12-24T22:00:00Z,3487.57,-43.940000000000055,1.0
292,long,2024-12-24T23:30:00Z,3500.08,2024-12-25T02:00:00Z,3471.84,-28.23999999999978,1.0
293,short,2024-12-25T02:15:00Z,3463.83,2024-12-25T03:00:00Z,3484.18,-20.34999999999991,1.0
294,long,2024-12-25T05:45:00Z,3490.6,2024-12-25T07:45:00Z,3485.95,-4.650000000000091,1.0
295,long,2024-12-25T10:15:00Z,3515.55,2024-12-25T11:45:00Z,3493.99,-21.5600000000004,1.0
296,short,2024-12-25T12:00:00Z,3469.63,2024-12-25T18:00:00Z,3469.87,-0.23999999999978172,1.0
297,long,2024-12-25T23:15:00Z,3492.0,2024-12-26T01:00:00Z,3481.18,-10.820000000000164,1.0
298,short,2024-12-26T03:15:00Z,3454.38,2024-12-26T14:15:00Z,3371.12,83.26000000000022,1.0
299,short,2024-12-26T15:00:00Z,3338.72,2024-12-26T15:30:00Z,3355.08,-16.360000000000127,1.0
300,short,2024-12-26T17:30:00Z,3328.4,2024-12-26T20:00:00Z,3338.54,-10.139999999999873,1.0
301,short,2024-12-26T20:30:00Z,3317.0,2024-12-26T21:45:00Z,3333.89,-16.889999999999873,1.0
302,long,2024-12-27T01:15:00Z,3350.54,2024-12-27T07:30:00Z,3365.51,14.970000000000255,1.0
303,short,2024-12-27T07:45:00Z,3328.1,2024-12-27T08:30:00Z,3357.09,-28.990000000000236,1.0
304,long,2024-12-27T09:15:00Z,3432.39,2024-12-27T13:30:00Z,3397.64,-34.75,1.0
305,short,2024-12-27T14:15:00Z,3377.57,2024-12-27T18:30:00Z,3356.3,21.269999999999982,1.0
306,long,2024-12-28T03:45:00Z,3345.95,2024-12-28T06:30:00Z,3340.15,-5.799999999999727,1.0
307,long,2024-12-28T12:00:00Z,3358.06,2024-12-28T16:00:00Z,3366.71,8.650000000000091,1.0
308,long,2024-12-28T17:30:00Z,3401.99,2024-12-28T21:30:00Z,3391.2,-10.789999999999964,1.0
309,long,2024-12-28T22:30:00Z,3406.08,2024-12-28T23:30:00Z,3401.34,-4.739999999999782,1.0
310,short,2024-12-29T01:15:00Z,3383.86,2024-12-29T05:30:00Z,3389.11,-5.25,1.0
311,long,2024-12-29T06:45:00Z,3389.04,2024-12-29T09:15:00Z,3390.24,1.199999999999818,1.0
312,long,2024-12-29T10:15:00Z,3409.15,2024-12-29T12:00:00Z,3396.99,-12.16000000000031,1.0
313,short,2024-12-29T13:15:00Z,3393.33,2024-12-29T14:15:00Z,3400.01,-6.680000000000291,1.0
314,short,2024-12-29T14:30:00Z,3380.85,2024-12-29T19:30:00Z,3364.91,15.940000000000055,1.0
315,short,2024-12-29T20:30:00Z,3340.9,2024-12-29T21:00:00Z,3357.58,-16.679999999999836,1.0
316,short,2024-12-29T22:30:00Z,3343.44,2024-12-29T22:45:00Z,3357.9,-14.460000000000036,1.0
317,short,2024-12-29T23:15:00Z,3327.63,2024-12-29T23:45:00Z,3358.62,-30.98999999999978,1.0
318,long,2024-12-30T00:15:00Z,3368.6,2024-12-30T05:00:00Z,3390.47,21.86999999999989,1.0
319,long,2024-12-30T07:00:00Z,3430.23,2024-12-30T10:45:00Z,3416.16,-14.070000000000164,1.0
320,short,2024-12-30T11:15:00Z,3402.51,2024-12-30T11:30:00Z,3420.2,-17.6899999999996,1.0
321,short,2024-12-30T13:15:00Z,3392.11,2024-12-30T17:45:00Z,3396.59,-4.480000000000018,1.0
322,long,2024-12-30T20:15:00Z,3404.42,2024-12-30T21:45:00Z,3327.27,-77.15000000000009,1.0
323,short,2024-12-30T21:45:00Z,3327.27,2024-12-31T02:45:00Z,3342.61,-15.340000000000146,1.0
324,long,2024-12-31T06:30:00Z,3355.01,2024-12-31T15:45:00Z,3417.0,61.98999999999978,1.0
325,short,2024-12-31T17:30:00Z,3388.65,2025-01-01T00:15:00Z,3347.41,41.24000000000024,1.0
326,long,2025-01-01T03:00:00Z,3361.81,2025-01-01T04:15:00Z,3348.16,-13.650000000000091,1.0
327,short,2025-01-01T06:15:00Z,3340.46,2025-01-01T10:00:00Z,3333.63,6.829999999999927,1.0
328,long,2025-01-01T12:30:00Z,3349.42,2025-01-01T14:30:00Z,3336.15,-13.269999999999982,1.0
329,short,2025-01-01T17:30:00Z,3333.3,2025-01-01T18:00:00Z,3342.91,-9.609999999999673,1.0
330,long,2025-01-01T20:00:00Z,3356.21,2025-01-01T23:30:00Z,3355.34,-0.8699999999998909,1.0
331,long,2025-01-02T00:30:00Z,3383.92,2025-01-02T14:15:00Z,3458.35,74.42999999999984,1.0
332,long,2025-01-02T14:45:00Z,3478.98,2025-01-02T15:30:00Z,3468.4,-10.579999999999927,1.0
333,short,2025-01-02T18:00:00Z,3449.67,2025-01-02T19:30:00Z,3469.56,-19.889999999999873,1.0
334,short,2025-01-02T22:30:00Z,3434.46,2025-01-02T23:30:00Z,3450.14,-15.679999999999836,1.0
335,long,2025-01-03T02:15:00Z,3469.31,2025-01-03T04:45:00Z,3458.14,-11.170000000000073,1.0
336,short,2025-01-03T07:00:00Z,3441.88,2025-01-03T09:30:00Z,3443.26,-1.3800000000001091,1.0
337,long,2025-01-03T11:30:00Z,3455.83,2025-01-03T23:30:00Z,3606.53,150.70000000000027,1.0
338,long,2025-01-04T06:15:00Z,3602.28,2025-01-04T08:00:00Z,3593.05,-9.230000000000018,1.0
339,short,2025-01-04T09:15:00Z,3584.47,2025-01-04T11:15:00Z,3590.87,-6.400000000000091,1.0
340,long,2025-01-04T12:30:00Z,3635.24,2025-01-04T15:45:00Z,3602.08,-33.159999999999854,1.0
341,long,2025-01-04T20:30:00Z,3644.58,2025-01-05T01:00:00Z,3648.76,4.180000000000291,1.0
342,short,2025-01-05T01:45:00Z,3637.34,2025-01-05T06:45:00Z,3638.02,-0.6799999999998363,1.0
343,short,2025-01-05T08:15:00Z,3616.92,2025-01-05T13:15:00Z,3615.0,1.9200000000000728,1.0
344,short,2025-01-05T14:30:00Z,3604.09,2025-01-05T14:45:00Z,3617.63,-13.539999999999964,1.0
345,long,2025-01-05T15:15:00Z,3624.94,2025-01-05T18:15:00Z,3617.58,-7.360000000000127,1.0
346,long,2025-01-05T20:30:00Z,3644.97,2025-01-05T23:30:00Z,3636.98,-7.989999999999782,1.0
347,short,2025-01-06T01:00:00Z,3620.57,2025-01-06T02:00:00Z,3647.7,-27.129999999999654,1.0
348,long,2025-01-06T02:00:00Z,3647.7,2025-01-06T07:00:00Z,3664.88,17.18000000000029,1.0
349,short,2025-01-06T07:30:00Z,3648.95,2025-01-06T12:00:00Z,3653.71,-4.760000000000218,1.0
350,short,2025-01-06T13:15:00Z,3632.02,2025-01-06T13:30:00Z,3645.41,-13.389999999999873,1.0
351,short,2025-01-06T14:30:00Z,3633.34,2025-01-06T15:00:00Z,3684.5,-51.159999999999854,1.0
352,long,2025-01-06T15:00:00Z,3684.5,2025-01-06T17:45:00Z,3661.89,-22.610000000000127,1.0
353,short,2025-01-07T01:15:00Z,3675.03,2025-01-07T01:45:00Z,3689.01,-13.980000000000018,1.0
354,long,2025-01-07T02:00:00Z,3693.67,2025-01-07T03:00:00Z,3676.87,-16.800000000000182,1.0
355,short,2025-01-07T05:45:00Z,3661.53,2025-01-07T08:45:00Z,3672.58,-11.049999999999727,1.0
356,short,2025-01-07T09:45:00Z,3657.56,2025-01-08T00:15:00Z,3399.0,258.55999999999995,1.0
357,short,2025-01-08T03:15:00Z,3368.19,2025-01-08T08:00:00Z,3353.19,15.0,1.0
358,short,2025-01-08T16:45:00Z,3328.93,2025-01-08T18:15:00Z,3298.11,30.81999999999971,1.0
359,long,2025-01-08T22:45:00Z,3330.58,2025-01-09T03:15:00Z,3324.52,-6.059999999999945,1.0
360,short,2025-01-09T07:30:00Z,3294.32,2025-01-09T08:45:00Z,3317.49,-23.169999999999618,1.0
361,short,2025-01-09T13:30:00Z,3286.18,2025-01-09T15:30:00Z,3289.2,-3.019999999999982,1.0
362,long,2025-01-09T16:00:00Z,3318.8,2025-01-09T17:45:00Z,3271.56,-47.24000000000024,1.0
363,short,2025-01-09T19:45:00Z,3228.16,2025-01-09T22:45:00Z,3231.45,-3.2899999999999636,1.0
364,long,2025-01-10T02:30:00Z,3252.27,2025-01-10T12:30:00Z,3294.21,41.940000000000055,1.0
365,short,2025-01-10T13:45:00Z,3245.16,2025-01-10T14:30:00Z,3268.88,-23.720000000000255,1.0
366,short,2025-01-10T15:15:00Z,3196.21,2025-01-10T15:45:00Z,3261.27,-65.05999999999995,1.0
367,long,2025-01-10T18:00:00Z,3313.36,2025-01-10T20:30:00Z,3271.9,-41.460000000000036,1.0
368,short,2025-01-11T01:30:00Z,3248.54,2025-01-11T06:15:00Z,3245.47,3.0700000000001637,1.0
369,short,2025-01-11T07:45:00Z,3228.0,2025-01-11T08:15:00Z,3237.46,-9.460000000000036,1.0
370,short,2025-01-11T09:00:00Z,3223.36,2025-01-11T09:30:00Z,3233.73,-10.36999999999989,1.0
371,long,2025-01-11T10:15:00Z,3249.41,2025-01-11T16:15:00Z,3267.6,18.190000000000055,1.0
372,long,2025-01-11T19:15:00Z,3276.42,2025-01-11T22:30:00Z,3291.2,14.779999999999745,1.0
373,short,2025-01-12T01:30:00Z,3274.99,2025-01-12T04:00:00Z,3285.27,-10.2800000000002,1.0
374,short,2025-01-12T06:30:00Z,3272.46,2025-01-12T11:30:00Z,3249.0,23.460000000000036,1.0
375,long,2025-01-12T14:00:00Z,3266.0,2025-01-12T19:15:00Z,3281.04,15.039999999999964,1.0
376,short,2025-01-12T22:15:00Z,3243.96,2025-01-12T23:45:00Z,3262.89,-18.929999999999836,1.0
377,long,2025-01-13T00:30:00Z,3302.52,2025-01-13T01:45:00Z,3275.01,-27.509999999999764,1.0
378,short,2025-01-13T04:00:00Z,3241.14,2025-01-13T15:00:00Z,3033.7,207.44000000000005,1.0
379,long,2025-01-13T21:00:00Z,3090.36,2025-01-14T08:00:00Z,3170.39,80.02999999999975,1.0
380,long,2025-01-14T08:30:00Z,3178.12,2025-01-14T12:15:00Z,3204.61,26.490000000000236,1.0
381,short,2025-01-14T16:15:00Z,3185.91,2025-01-14T17:15:00Z,3203.27,-17.360000000000127,1.0
382,long,2025-01-14T19:45:00Z,3229.49,2025-01-15T01:15:00Z,3221.55,-7.9399999999996,1.0
383,long,2025-01-15T01:45:00Z,3237.09,2025-01-15T02:15:00Z,3223.05,-14.039999999999964,1.0
384,short,2025-01-15T02:45:00Z,3209.47,2025-01-15T04:00:00Z,3239.99,-30.519999999999982,1.0
385,long,2025-01-15T04:15:00Z,3227.14,2025-01-15T04:45:00Z,3226.88,-0.25999999999976353,1.0
386,short,2025-01-15T09:45:00Z,3215.71,2025-01-15T13:30:00Z,3216.8,-1.0900000000001455,1.0
387,long,2025-01-15T13:45:00Z,3268.42,2025-01-16T00:30:00Z,3421.21,152.78999999999996,1.0
388,short,2025-01-16T03:30:00Z,3359.75,2025-01-16T06:30:00Z,3380.71,-20.960000000000036,1.0
389,short,2025-01-16T08:45:00Z,3329.9,2025-01-16T12:00:00Z,3349.75,-19.84999999999991,1.0
390,short,2025-01-16T14:45:00Z,3289.0,2025-01-16T15:30:00Z,3316.05,-27.050000000000182,1.0
391,long,2025-01-16T17:45:00Z,3347.85,2025-01-16T20:30:00Z,3331.32,-16.529999999999745,1.0
392,short,2025-01-16T22:15:00Z,3307.68,2025-01-17T00:15:00Z,3309.68,-2.0,1.0
393,long,2025-01-17T01:45:00Z,3376.13,2025-01-17T07:00:00Z,3366.38,-9.75,1.0
394,long,2025-01-17T07:45:00Z,3378.92,2025-01-17T13:45:00Z,3410.68,31.759999999999764,1.0
395,long,2025-01-17T15:15:00Z,3447.93,2025-01-17T15:30:00Z,3416.0,-31.929999999999836,1.0
396,long,2025-01-17T20:15:00Z,3444.19,2025-01-18T01:15:00Z,3474.89,30.699999999999818,1.0
397,short,2025-01-18T03:00:00Z,3450.22,2025-01-18T11:45:00Z,3316.29,133.92999999999984,1.0
398,long,2025-01-18T15:30:00Z,3324.5,2025-01-18T16:15:00Z,3289.26,-35.23999999999978,1.0
399,short,2025-01-18T16:30:00Z,3290.69,2025-01-18T21:15:00Z,3277.8,12.889999999999873,1.0
400,long,2025-01-18T23:30:00Z,3298.88,2025-01-19T04:15:00Z,3325.47,26.58999999999969,1.0
401,short,2025-01-19T04:30:00Z,3301.9,2025-01-19T10:00:00Z,3225.51,76.38999999999987,1.0
402,short,2025-01-19T11:45:00Z,3149.86,2025-01-19T13:00:00Z,3205.25,-55.38999999999987,1.0
403,long,2025-01-19T14:00:00Z,3276.29,2025-01-19T20:45:00Z,3405.57,129.2800000000002,1.0
404,short,2025-01-19T21:30:00Z,3249.99,2025-01-20T02:30:00Z,3267.13,-17.140000000000327,1.0
405,long,2025-01-20T03:45:00Z,3272.19,2025-01-20T11:00:00Z,3354.4,82.21000000000004,1.0
406,short,2025-01-20T12:15:00Z,3332.31,2025-01-20T14:00:00Z,3342.28,-9.970000000000255,1.0
407,long,2025-01-20T16:45:00Z,3367.99,2025-01-20T17:15:00Z,3319.33,-48.659999999999854,1.0
408,short,2025-01-20T17:45:00Z,3229.47,2025-01-20T18:15:00Z,3308.17,-78.70000000000027,1.0
409,short,2025-01-21T00:15:00Z,3278.82,2025-01-21T04:00:00Z,3262.24,16.580000000000382,1.0
410,long,2025-01-21T10:00:00Z,3275.74,2025-01-21T15:00:00Z,3288.57,12.830000000000382,1.0
411,short,2025-01-21T15:15:00Z,3274.09,2025-01-21T16:15:00Z,3339.69,-65.59999999999991,1.0
412,long,2025-01-21T16:15:00Z,3339.69,2025-01-21T20:45:00Z,3306.82,-32.86999999999989,1.0
413,long,2025-01-22T01:00:00Z,3361.47,2025-01-22T01:45:00Z,3322.77,-38.69999999999982,1.0
414,short,2025-01-22T04:45:00Z,3321.02,2025-01-22T10:30:00Z,3299.5,21.519999999999982,1.0
415,long,2025-01-22T11:45:00Z,3315.6,2025-01-22T13:45:00Z,3301.98,-13.61999999999989,1.0
416,short,2025-01-22T14:00:00Z,3283.33,2025-01-22T14:30:00Z,3305.68,-22.34999999999991,1.0
417,short,2025-01-22T15:00:00Z,3292.66,2025-01-22T20:30:00Z,3271.0,21.659999999999854,1.0
418,short,2025-01-22T23:00:00Z,3237.4,2025-01-23T00:30:00Z,3254.22,-16.81999999999971,1.0
419,short,2025-01-23T02:00:00Z,3234.28,2025-01-23T03:30:00Z,3240.05,-5.769999999999982,1.0
420,short,2025-01-23T04:45:00Z,3198.79,2025-01-23T05:45:00Z,3218.6,-19.809999999999945,1.0
421,short,2025-01-23T10:00:00Z,3195.93,2025-01-23T11:45:00Z,3211.68,-15.75,1.0
422,long,2025-01-23T13:45:00Z,3228.16,2025-01-23T15:30:00Z,3233.45,5.289999999999964,1.0
423,long,2025-01-23T16:15:00Z,3285.4,2025-01-23T17:15:00Z,3240.2,-45.20000000000027,1.0
424,short,2025-01-23T19:30:00Z,3212.82,2025-01-23T20:30:00Z,3282.21,-69.38999999999987,1.0
425,long,2025-01-23T22:30:00Z,3291.71,2025-01-24T03:00:00Z,3284.65,-7.059999999999945,1.0
426,long,2025-01-24T05:15:00Z,3362.43,2025-01-24T12:30:00Z,3386.39,23.960000000000036,1.0
427,long,2025-01-24T13:15:00Z,3404.73,2025-01-24T13:30:00Z,3401.37,-3.3600000000001273,1.0
428,short,2025-01-24T15:45:00Z,3361.0,2025-01-24T17:45:00Z,3391.89,-30.889999999999873,1.0
429,short,2025-01-24T20:30:00Z,3339.99,2025-01-25T03:30:00Z,3306.4,33.58999999999969,1.0
430,short,2025-01-25T06:30:00Z,3290.51,2025-01-25T10:45:00Z,3287.2,3.3100000000004,1.0
431,long,2025-01-25T12:00:00Z,3305.51,2025-01-25T21:00:00Z,3335.63,30.11999999999989,1.0
432,short,2025-01-25T23:45:00Z,3322.8,2025-01-26T01:45:00Z,3329.2,-6.399999999999636,1.0
433,long,2025-01-26T03:45:00Z,3346.08,2025-01-26T07:15:00Z,3338.62,-7.460000000000036,1.0
434,short,2025-01-26T08:45:00Z,3328.01,2025-01-26T14:45:00Z,3306.39,21.620000000000346,1.0
435,long,2025-01-26T17:15:00Z,3320.23,2025-01-26T21:15:00Z,3312.34,-7.889999999999873,1.0
436,short,2025-01-26T21:30:00Z,3313.97,2025-01-27T11:45:00Z,3062.6,251.3699999999999,1.0
437,long,2025-01-27T13:15:00Z,3131.54,2025-01-27T16:45:00Z,3089.68,-41.86000000000013,1.0
438,short,2025-01-27T18:00:00Z,3071.52,2025-01-27T20:30:00Z,3098.91,-27.389999999999873,1.0
439,long,2025-01-27T21:00:00Z,3143.98,2025-01-28T01:30:00Z,3152.78,8.800000000000182,1.0
440,long,2025-01-28T03:45:00Z,3214.51,2025-01-28T08:00:00Z,3194.63,-19.88000000000011,1.0
441,short,2025-01-28T11:45:00Z,3184.19,2025-01-28T13:30:00Z,3186.2,-2.0099999999997635,1.0
442,short,2025-01-28T14:15:00Z,3160.35,2025-01-28T15:30:00Z,3194.4,-34.05000000000018,1.0
443,long,2025-01-28T15:45:00Z,3188.8,2025-01-28T16:00:00Z,3180.15,-8.650000000000091,1.0
444,short,2025-01-28T16:30:00Z,3159.62,2025-01-28T17:15:00Z,3177.55,-17.93000000000029,1.0
445,short,2025-01-28T19:15:00Z,3126.09,2025-01-29T00:15:00Z,3102.76,23.329999999999927,1.0
446,long,2025-01-29T04:00:00Z,3129.1,2025-01-29T05:45:00Z,3118.09,-11.009999999999764,1.0
447,long,2025-01-29T06:30:00Z,3139.6,2025-01-29T09:15:00Z,3139.03,-0.569999999999709,1.0
448,short,2025-01-29T12:45:00Z,3117.17,2025-01-29T17:30:00Z,3118.56,-1.3899999999998727,1.0
449,long,2025-01-29T17:45:00Z,3119.75,2025-01-29T19:15:00Z,3088.88,-30.86999999999989,1.0
450,short,2025-01-29T19:15:00Z,3088.88,2025-01-29T19:45:00Z,3133.65,-44.76999999999998,1.0
451,long,2025-01-29T19:45:00Z,3133.65,2025-01-30T00:00:00Z,3112.54,-21.110000000000127,1.0
452,long,2025-01-30T03:15:00Z,3171.06,2025-01-30T08:15:00Z,3181.38,10.320000000000164,1.0
453,long,2025-01-30T09:15:00Z,3205.85,2025-01-30T18:30:00Z,3260.11,54.26000000000022,1.0
454,short,2025-01-30T20:45:00Z,3229.8,2025-01-30T22:45:00Z,3269.25,-39.44999999999982,1.0
455,long,2025-01-31T01:15:00Z,3261.64,2025-01-31T02:45:00Z,3250.77,-10.86999999999989,1.0
456,short,2025-01-31T03:15:00Z,3237.59,2025-01-31T06:45:00Z,3266.11,-28.519999999999982,1.0
457,long,2025-01-31T07:30:00Z,3263.56,2025-01-31T08:00:00Z,3240.0,-23.559999999999945,1.0
458,long,2025-01-31T11:15:00Z,3297.64,2025-01-31T17:45:00Z,3382.92,85.2800000000002,1.0
459,short,2025-01-31T18:45:00Z,3309.6,2025-02-01T01:00:00Z,3315.58,-5.980000000000018,1.0
460,short,2025-02-01T06:45:00Z,3281.78,2025-02-01T12:30:00Z,3258.0,23.7800000000002,1.0
461,short,2025-02-01T19:15:00Z,3225.8,2025-02-02T00:45:00Z,3153.08,72.72000000000025,1.0
462,short,2025-02-02T03:15:00Z,3094.74,2025-02-02T06:00:00Z,3118.51,-23.770000000000437,1.0
463,short,2025-02-02T11:30:00Z,3078.31,2025-02-02T14:00:00Z,3085.87,-7.559999999999945,1.0
464,short,2025-02-02T16:45:00Z,3038.23,2025-02-02T23:00:00Z,2874.41,163.82000000000016,1.0
465,short,2025-02-03T01:45:00Z,2749.59,2025-02-03T03:30:00Z,2514.69,234.9000000000001,1.0
466,short,2025-02-03T14:15:00Z,2546.2,2025-02-03T14:45:00Z,2623.76,-77.5600000000004,1.0
467,long,2025-02-03T14:45:00Z,2623.76,2025-02-03T20:45:00Z,2710.54,86.77999999999975,1.0
468,long,2025-02-03T22:00:00Z,2815.42,2025-02-04T02:45:00Z,2826.05,10.63000000000011,1.0
469,short,2025-02-04T05:15:00Z,2715.0,2025-02-04T10:15:00Z,2714.59,0.4099999999998545,1.0
470,long,2025-02-04T10:45:00Z,2749.99,2025-02-04T15:15:00Z,2777.79,27.800000000000182,1.0
471,long,2025-02-04T19:15:00Z,2858.65,2025-02-04T20:00:00Z,2769.01,-89.63999999999987,1.0
472,short,2025-02-04T20:30:00Z,2737.61,2025-02-05T01:00:00Z,2727.86,9.75,1.0
473,long,2025-02-05T06:00:00Z,2783.23,2025-02-05T15:00:00Z,2785.71,2.480000000000018,1.0
474,short,2025-02-05T16:15:00Z,2751.55,2025-02-05T19:45:00Z,2766.15,-14.599999999999909,1.0
475,long,2025-02-05T21:45:00Z,2780.53,2025-02-05T22:45:00Z,2749.84,-30.690000000000055,1.0
476,long,2025-02-06T01:30:00Z,2793.13,2025-02-06T09:00:00Z,2828.24,35.10999999999967,1.0
477,long,2025-02-06T10:00:00Z,2850.39,2025-02-06T10:45:00Z,2824.48,-25.909999999999854,1.0
478,short,2025-02-06T11:30:00Z,2806.32,2025-02-06T20:45:00Z,2707.38,98.94000000000005,1.0
479,short,2025-02-06T22:15:00Z,2660.98,2025-02-06T22:45:00Z,2689.51,-28.5300000000002,1.0
480,long,2025-02-07T02:00:00Z,2716.0,2025-02-07T05:30:00Z,2708.01,-7.989999999999782,1.0
481,short,2025-02-07T06:30:00Z,2681.25,2025-02-07T07:15:00Z,2703.21,-21.960000000000036,1.0
482,long,2025-02-07T08:45:00Z,2732.75,2025-02-07T13:30:00Z,2740.49,7.739999999999782,1.0
483,long,2025-02-07T13:45:00Z,2761.1,2025-02-07T15:15:00Z,2739.78,-21.31999999999971,1.0
484,short,2025-02-07T15:30:00Z,2739.16,2025-02-08T00:00:00Z,2620.66,118.5,1.0
485,short,2025-02-08T05:30:00Z,2624.42,2025-02-08T08:00:00Z,2628.33,-3.9099999999998545,1.0
486,short,2025-02-08T12:45:00Z,2600.31,2025-02-08T13:30:00Z,2616.24,-15.929999999999836,1.0
487,short,2025-02-08T15:45:00Z,2594.0,2025-02-08T17:15:00Z,2617.62,-23.61999999999989,1.0
488,long,2025-02-08T18:45:00Z,2627.96,2025-02-08T22:45:00Z,2625.38,-2.5799999999999272,1.0
489,long,2025-02-09T01:15:00Z,2649.18,2025-02-09T02:30:00Z,2637.41,-11.769999999999982,1.0
490,long,2025-02-09T03:45:00Z,2681.97,2025-02-09T05:30:00Z,2658.66,-23.309999999999945,1.0
491,short,2025-02-09T12:45:00Z,2650.28,2025-02-09T15:30:00Z,2641.66,8.620000000000346,1.0
492,short,2025-02-09T20:00:00Z,2622.7,2025-02-09T20:45:00Z,2643.26,-20.5600000000004,1.0
493,short,2025-02-09T21:45:00Z,2561.38,2025-02-09T22:30:00Z,2589.72,-28.33999999999969,1.0
494,long,2025-02-10T00:15:00Z,2644.1,2025-02-10T01:45:00Z,2571.16,-72.94000000000005,1.0
495,long,2025-02-10T06:00:00Z,2637.4,2025-02-10T11:15:00Z,2642.49,5.089999999999691,1.0
496,long,2025-02-10T12:30:00Z,2650.85,2025-02-10T12:45:00Z,2642.41,-8.440000000000055,1.0
497,long,2025-02-10T14:00:00Z,2676.38,2025-02-10T14:15:00Z,2656.7,-19.68000000000029,1.0
498,long,2025-02-10T18:45:00Z,2676.15,2025-02-10T21:30:00Z,2669.35,-6.800000000000182,1.0
499,short,2025-02-10T23:00:00Z,2657.2,2025-02-11T00:30:00Z,2676.45,-19.25,1.0
500,long,2025-02-11T00:45:00Z,2706.15,2025-02-11T02:30:00Z,2672.43,-33.720000000000255,1.0
501,long,2025-02-11T06:00:00Z,2716.18,2025-02-11T10:00:00Z,2703.47,-12.710000000000036,1.0
502,short,2025-02-11T10:30:00Z,2692.26,2025-02-11T12:00:00Z,2707.31,-15.049999999999727,1.0
503,short,2025-02-11T12:30:00Z,2683.73,2025-02-11T16:15:00Z,2667.74,15.990000000000236,1.0
504,short,2025-02-11T18:15:00Z,2630.22,2025-02-11T21:45:00Z,2627.62,2.599999999999909,1.0
505,short,2025-02-11T23:00:00Z,2584.89,2025-02-11T23:15:00Z,2599.73,-14.840000000000146,1.0
506,long,2025-02-12T07:30:00Z,2614.25,2025-02-12T13:45:00Z,2593.34,-20.909999999999854,1.0
507,short,2025-02-12T13:45:00Z,2593.34,2025-02-12T15:45:00Z,2606.5,-13.159999999999854,1.0
508,long,2025-02-12T17:15:00Z,2655.61,2025-02-13T00:30:00Z,2726.22,70.60999999999967,1.0
509,short,2025-02-13T06:45:00Z,2697.87,2025-02-13T15:45:00Z,2663.31,34.559999999999945,1.0
510,short,2025-02-13T18:15:00Z,2619.78,2025-02-13T19:00:00Z,2638.56,-18.779999999999745,1.0
511,long,2025-02-13T21:15:00Z,2663.01,2025-02-14T05:45:00Z,2691.4,28.389999999999873,1.0
512,long,2025-02-14T10:30:00Z,2704.92,2025-02-14T11:00:00Z,2702.06,-2.8600000000001273,1.0
513,short,2025-02-14T11:45:00Z,2685.15,2025-02-14T14:00:00Z,2699.79,-14.639999999999873,1.0
514,long,2025-02-14T15:00:00Z,2719.51,2025-02-14T15:15:00Z,2702.23,-17.2800000000002,1.0
515,long,2025-02-14T16:00:00Z,2733.35,2025-02-14T20:00:00Z,2736.69,3.3400000000001455,1.0
516,short,2025-02-14T21:15:00Z,2712.19,2025-02-15T02:00:00Z,2727.44,-15.25,1.0
517,short,2025-02-15T06:45:00Z,2710.6,2025-02-15T11:00:00Z,2709.0,1.599999999999909,1.0
518,short,2025-02-15T14:45:00Z,2679.48,2025-02-15T15:00:00Z,2687.51,-8.0300000000002,1.0
519,long,2025-02-15T19:00:00Z,2701.52,2025-02-15T20:00:00Z,2690.41,-11.110000000000127,1.0
520,long,2025-02-16T00:45:00Z,2701.35,2025-02-16T02:15:00Z,2691.83,-9.519999999999982,1.0
521,short,2025-02-16T03:00:00Z,2689.02,2025-02-16T04:00:00Z,2697.9,-8.88000000000011,1.0
522,long,2025-02-16T05:45:00Z,2706.05,2025-02-16T07:15:00Z,2703.12,-2.930000000000291,1.0
523,short,2025-02-16T09:30:00Z,2696.88,2025-02-16T11:30:00Z,2707.64,-10.759999999999764,1.0
524,long,2025-02-16T12:00:00Z,2709.75,2025-02-16T13:45:00Z,2696.24,-13.510000000000218,1.0
525,short,2025-02-16T14:00:00Z,2690.74,2025-02-16T15:30:00Z,2699.02,-8.2800000000002,1.0
526,short,2025-02-16T18:30:00Z,2668.44,2025-02-16T19:45:00Z,2682.0,-13.559999999999945,1.0
527,short,2025-02-16T23:15:00Z,2660.16,2025-02-17T00:30:00Z,2667.63,-7.470000000000255,1.0
528,short,2025-02-17T05:15:00Z,2664.25,2025-02-17T05:45:00Z,2658.47,5.7800000000002,1.0
529,long,2025-02-17T06:45:00Z,2683.14,2025-02-17T15:45:00Z,2775.65,92.51000000000022,1.0
530,short,2025-02-17T16:30:00Z,2726.2,2025-02-17T21:00:00Z,2731.31,-5.110000000000127,1.0
531,long,2025-02-17T21:30:00Z,2760.42,2025-02-18T00:30:00Z,2718.66,-41.76000000000022,1.0
532,short,2025-02-18T01:15:00Z,2723.61,2025-02-18T09:30:00Z,2691.4,32.210000000000036,1.0
533,long,2025-02-18T10:45:00Z,2701.59,2025-02-18T12:00:00Z,2678.13,-23.460000000000036,1.0
534,long,2025-02-18T12:45:00Z,2704.1,2025-02-18T14:45:00Z,2692.94,-11.159999999999854,1.0
535,short,2025-02-18T15:00:00Z,2687.01,2025-02-18T21:15:00Z,2648.2,38.8100000000004,1.0
536,long,2025-02-18T22:30:00Z,2662.89,2025-02-19T04:45:00Z,2671.71,8.820000000000164,1.0
537,long,2025-02-19T07:00:00Z,2697.79,2025-02-19T12:45:00Z,2715.54,17.75,1.0
538,short,2025-02-19T14:45:00Z,2697.61,2025-02-19T16:15:00Z,2706.29,-8.679999999999836,1.0
539,long,2025-02-19T21:00:00Z,2719.72,2025-02-19T22:00:00Z,2708.4,-11.319999999999709,1.0
540,long,2025-02-19T23:00:00Z,2720.26,2025-02-20T00:00:00Z,2714.06,-6.200000000000273,1.0
541,long,2025-02-20T03:00:00Z,2740.35,2025-02-20T06:00:00Z,2730.87,-9.480000000000018,1.0
542,short,2025-02-20T07:15:00Z,2724.1,2025-02-20T10:30:00Z,2736.89,-12.789999999999964,1.0
543,long,2025-02-20T10:45:00Z,2741.87,2025-02-20T13:45:00Z,2738.39,-3.480000000000018,1.0
544,long,2025-02-20T14:15:00Z,2758.46,2025-02-20T15:00:00Z,2727.91,-30.550000000000182,1.0
545,short,2025-02-20T15:15:00Z,2724.3,2025-02-20T18:15:00Z,2748.22,-23.919999999999618,1.0
546,long,2025-02-21T03:30:00Z,2746.78,2025-02-21T08:30:00Z,2752.4,5.619999999999891,1.0
547,long,2025-02-21T09:30:00Z,2792.65,2025-02-21T09:45:00Z,2771.51,-21.139999999999873,1.0
548,long,2025-02-21T13:15:00Z,2837.1,2025-02-21T14:45:00Z,2794.14,-42.960000000000036,1.0
549,short,2025-02-21T15:45:00Z,2723.34,2025-02-21T23:30:00Z,2654.44,68.90000000000009,1.0
550,long,2025-02-22T05:45:00Z,2690.62,2025-02-22T08:15:00Z,2676.1,-14.519999999999982,1.0
551,long,2025-02-22T09:15:00Z,2704.61,2025-02-22T19:30:00Z,2764.89,60.279999999999745,1.0
552,short,2025-02-23T00:15:00Z,2754.92,2025-02-23T01:00:00Z,2770.01,-15.090000000000146,1.0
553,short,2025-02-23T02:45:00Z,2757.47,2025-02-23T05:00:00Z,2761.43,-3.9600000000000364,1.0
554,long,2025-02-23T05:30:00Z,2774.25,2025-02-23T11:15:00Z,2806.13,31.88000000000011,1.0
555,long,2025-02-23T13:30:00Z,2802.96,2025-02-23T14:45:00Z,2790.0,-12.960000000000036,1.0
556,short,2025-02-23T16:00:00Z,2781.76,2025-02-23T16:30:00Z,2807.24,-25.479999999999563,1.0
557,short,2025-02-23T22:30:00Z,2791.04,2025-02-23T23:15:00Z,2838.51,-47.470000000000255,1.0
558,long,2025-02-23T23:15:00Z,2838.51,2025-02-23T23:30:00Z,2816.11,-22.40000000000009,1.0
559,short,2025-02-24T02:00:00Z,2789.66,2025-02-24T09:30:00Z,2708.49,81.17000000000007,1.0
560,short,2025-02-24T10:30:00Z,2674.89,2025-02-24T13:30:00Z,2687.68,-12.789999999999964,1.0
561,short,2025-02-24T14:45:00Z,2665.2,2025-02-24T15:15:00Z,2672.85,-7.650000000000091,1.0
562,short,2025-02-24T16:00:00Z,2657.59,2025-02-24T16:15:00Z,2665.09,-7.5,1.0
563,short,2025-02-24T19:45:00Z,2623.85,2025-02-24T20:15:00Z,2653.08,-29.230000000000018,1.0
564,short,2025-02-24T22:15:00Z,2564.38,2025-02-25T04:30:00Z,2499.84,64.53999999999996,1.0
565,short,2025-02-25T07:15:00Z,2423.64,2025-02-25T08:30:00Z,2401.95,21.690000000000055,1.0
566,long,2025-02-25T19:45:00Z,2443.35,2025-02-26T00:45:00Z,2471.49,28.139999999999873,1.0
567,short,2025-02-26T06:00:00Z,2474.62,2025-02-26T06:30:00Z,2491.64,-17.019999999999982,1.0
568,short,2025-02-26T08:15:00Z,2466.52,2025-02-26T09:45:00Z,2489.3,-22.7800000000002,1.0
569,short,2025-02-26T12:15:00Z,2461.2,2025-02-26T15:00:00Z,2434.73,26.4699999999998,1.0
570,short,2025-02-26T18:00:00Z,2365.54,2025-02-26T22:00:00Z,2342.17,23.36999999999989,1.0
571,short,2025-02-27T04:30:00Z,2318.73,2025-02-27T06:00:00Z,2340.77,-22.039999999999964,1.0
572,long,2025-02-27T07:45:00Z,2363.34,2025-02-27T11:45:00Z,2351.31,-12.0300000000002,1.0
573,short,2025-02-27T12:15:00Z,2342.2,2025-02-27T18:15:00Z,2328.4,13.799999999999727,1.0
574,short,2025-02-27T19:45:00Z,2289.76,2025-02-27T22:00:00Z,2281.61,8.150000000000091,1.0
575,short,2025-02-28T01:45:00Z,2219.33,2025-02-28T09:00:00Z,2119.28,100.04999999999973,1.0
576,long,2025-02-28T13:45:00Z,2154.55,2025-02-28T20:30:00Z,2205.84,51.289999999999964,1.0
577,long,2025-03-01T00:00:00Z,2236.59,2025-03-01T01:00:00Z,2214.91,-21.68000000000029,1.0
578,long,2025-03-01T02:00:00Z,2252.1,2025-03-01T06:30:00Z,2237.35,-14.75,1.0
579,short,2025-03-01T07:15:00Z,2226.54,2025-03-01T16:15:00Z,2178.24,48.30000000000018,1.0
580,long,2025-03-01T17:00:00Z,2209.01,2025-03-01T23:15:00Z,2199.13,-9.88000000000011,1.0
581,short,2025-03-01T23:15:00Z,2199.13,2025-03-02T00:00:00Z,2216.59,-17.460000000000036,1.0
582,long,2025-03-02T04:00:00Z,2219.39,2025-03-02T08:00:00Z,2220.23,0.8400000000001455,1.0
583,short,2025-03-02T08:15:00Z,2210.78,2025-03-02T09:30:00Z,2223.71,-12.929999999999836,1.0
584,long,2025-03-02T09:45:00Z,2251.2,2025-03-02T12:15:00Z,2225.09,-26.109999999999673,1.0
585,short,2025-03-02T13:45:00Z,2213.12,2025-03-02T15:30:00Z,2238.6,-25.480000000000018,1.0
586,long,2025-03-02T15:45:00Z,2249.33,2025-03-02T16:00:00Z,2229.02,-20.309999999999945,1.0
587,long,2025-03-02T16:45:00Z,2486.45,2025-03-03T00:15:00Z,2481.27,-5.179999999999836,1.0
588,short,2025-03-03T02:30:00Z,2419.93,2025-03-03T06:00:00Z,2448.9,-28.970000000000255,1.0
589,short,2025-03-03T06:45:00Z,2387.65,2025-03-03T12:15:00Z,2363.05,24.59999999999991,1.0
590,short,2025-03-03T14:45:00Z,2326.41,2025-03-03T23:45:00Z,2159.53,166.87999999999965,1.0
591,short,2025-03-04T01:45:00Z,2050.36,2025-03-04T04:30:00Z,2084.5,-34.13999999999987,1.0
592,short,2025-03-04T13:15:00Z,2082.83,2025-03-04T14:45:00Z,2115.75,-32.92000000000007,1.0
593,long,2025-03-04T14:45:00Z,2115.75,2025-03-04T15:00:00Z,2077.08,-38.67000000000007,1.0
594,short,2025-03-04T15:30:00Z,2052.7,2025-03-04T17:15:00Z,2078.28,-25.580000000000382,1.0
595,long,2025-03-04T19:15:00Z,2163.38,2025-03-04T23:30:00Z,2166.49,3.1099999999996726,1.0
596,long,2025-03-05T07:00:00Z,2189.6,2025-03-05T11:30:00Z,2220.25,30.65000000000009,1.0
597,short,2025-03-05T13:45:00Z,2192.87,2025-03-05T17:15:00Z,2198.57,-5.700000000000273,1.0
598,long,2025-03-05T19:30:00Z,2212.07,2025-03-06T07:45:00Z,2291.28,79.21000000000004,1.0
599,short,2025-03-06T12:45:00Z,2271.2,2025-03-06T15:30:00Z,2257.69,13.509999999999764,1.0
600,short,2025-03-06T17:15:00Z,2212.55,2025-03-06T22:00:00Z,2211.95,0.6000000000003638,1.0
601,short,2025-03-07T00:30:00Z,2126.55,2025-03-07T01:45:00Z,2185.21,-58.659999999999854,1.0
602,long,2025-03-07T07:15:00Z,2187.5,2025-03-07T12:30:00Z,2188.99,1.4899999999997817,1.0
603,short,2025-03-07T12:45:00Z,2167.21,2025-03-07T13:30:00Z,2190.81,-23.59999999999991,1.0
604,long,2025-03-07T13:45:00Z,2211.89,2025-03-07T14:00:00Z,2187.56,-24.329999999999927,1.0
605,long,2025-03-07T15:00:00Z,2220.8,2025-03-07T15:30:00Z,2209.72,-11.080000000000382,1.0
606,short,2025-03-07T16:30:00Z,2163.06,2025-03-08T01:00:00Z,2151.26,11.799999999999727,1.0
607,short,2025-03-08T01:45:00Z,2123.18,2025-03-08T02:15:00Z,2138.24,-15.059999999999945,1.0
608,short,2025-03-08T08:30:00Z,2133.1,2025-03-08T09:30:00Z,2139.99,-6.889999999999873,1.0
609,short,2025-03-08T10:00:00Z,2128.64,2025-03-08T10:30:00Z,2136.91,-8.269999999999982,1.0
610,long,2025-03-08T12:15:00Z,2146.41,2025-03-08T22:15:00Z,2205.28,58.870000000000346,1.0
611,short,2025-03-09T02:00:00Z,2190.11,2025-03-09T07:30:00Z,2186.61,3.5,1.0
612,short,2025-03-09T10:00:00Z,2164.82,2025-03-10T00:15:00Z,2022.08,142.74000000000024,1.0
613,long,2025-03-10T02:45:00Z,2060.24,2025-03-10T08:45:00Z,2056.55,-3.6899999999996,1.0
614,short,2025-03-10T08:45:00Z,2056.55,2025-03-10T09:15:00Z,2084.72,-28.169999999999618,1.0
615,long,2025-03-10T09:15:00Z,2084.72,2025-03-10T10:15:00Z,2092.39,7.670000000000073,1.0
616,short,2025-03-10T14:15:00Z,2043.0,2025-03-10T23:00:00Z,1878.91,164.08999999999992,1.0
617,short,2025-03-11T00:30:00Z,1831.17,2025-03-11T01:45:00Z,1842.54,-11.36999999999989,1.0
618,long,2025-03-11T05:15:00Z,1899.64,2025-03-11T12:15:00Z,1891.57,-8.070000000000164,1.0
619,short,2025-03-11T12:15:00Z,1891.57,2025-03-11T13:30:00Z,1919.87,-28.299999999999955,1.0
620,long,2025-03-11T13:30:00Z,1919.87,2025-03-11T13:45:00Z,1910.7,-9.169999999999845,1.0
621,short,2025-03-11T14:45:00Z,1852.5,2025-03-11T15:45:00Z,1909.5,-57.0,1.0
622,long,2025-03-11T18:30:00Z,1942.3,2025-03-11T23:15:00Z,1932.45,-9.849999999999909,1.0
623,short,2025-03-11T23:30:00Z,1925.1,2025-03-12T07:15:00Z,1895.1,30.0,1.0
624,long,2025-03-12T07:30:00Z,1907.02,2025-03-12T09:30:00Z,1878.73,-28.289999999999964,1.0
625,short,2025-03-12T14:30:00Z,1876.66,2025-03-12T18:30:00Z,1878.6,-1.9399999999998272,1.0
626,long,2025-03-12T21:15:00Z,1900.97,2025-03-13T01:45:00Z,1896.4,-4.569999999999936,1.0
627,short,2025-03-13T03:00:00Z,1889.06,2025-03-13T09:00:00Z,1874.55,14.509999999999991,1.0
628,long,2025-03-13T09:15:00Z,1882.26,2025-03-13T13:45:00Z,1880.55,-1.7100000000000364,1.0
629,short,2025-03-13T16:30:00Z,1857.19,2025-03-13T20:15:00Z,1852.51,4.680000000000064,1.0
630,long,2025-03-13T22:15:00Z,1868.84,2025-03-14T07:15:00Z,1889.97,21.13000000000011,1.0
631,long,2025-03-14T07:45:00Z,1901.52,2025-03-14T08:00:00Z,1892.34,-9.180000000000064,1.0
632,long,2025-03-14T10:45:00Z,1902.57,2025-03-14T11:00:00Z,1897.19,-5.379999999999882,1.0
633,long,2025-03-14T13:45:00Z,1895.01,2025-03-14T20:15:00Z,1924.83,29.819999999999936,1.0
634,short,2025-03-14T23:45:00Z,1911.54,2025-03-15T03:30:00Z,1920.72,-9.180000000000064,1.0
635,long,2025-03-15T04:45:00Z,1927.85,2025-03-15T07:30:00Z,1918.88,-8.9699999999998,1.0
636,short,2025-03-15T08:30:00Z,1915.72,2025-03-15T10:00:00Z,1925.04,-9.319999999999936,1.0
637,long,2025-03-15T11:45:00Z,1928.25,2025-03-15T15:00:00Z,1925.62,-2.630000000000109,1.0
638,long,2025-03-15T15:15:00Z,1930.25,2025-03-15T18:45:00Z,1931.61,1.3599999999999,1.0
639,long,2025-03-15T20:15:00Z,1945.21,2025-03-15T22:45:00Z,1939.88,-5.329999999999927,1.0
640,short,2025-03-16T01:00:00Z,1931.07,2025-03-16T05:15:00Z,1927.77,3.2999999999999545,1.0
641,long,2025-03-16T06:45:00Z,1931.79,2025-03-16T07:15:00Z,1922.12,-9.670000000000073,1.0
642,short,2025-03-16T08:15:00Z,1922.11,2025-03-16T15:00:00Z,1895.93,26.179999999999836,1.0
643,long,2025-03-16T16:15:00Z,1909.76,2025-03-16T18:45:00Z,1897.73,-12.029999999999973,1.0
644,short,2025-03-16T19:30:00Z,1877.41,2025-03-16T20:45:00Z,1890.52,-13.1099999999999,1.0
645,long,2025-03-17T00:45:00Z,1898.0,2025-03-17T05:15:00Z,1898.89,0.8900000000001,1.0
646,short,2025-03-17T06:00:00Z,1893.11,2025-03-17T07:15:00Z,1897.69,-4.580000000000155,1.0
647,long,2025-03-17T09:30:00Z,1905.35,2025-03-17T12:45:00Z,1911.44,6.0900000000001455,1.0
648,short,2025-03-17T13:30:00Z,1897.2,2025-03-17T16:00:00Z,1918.5,-21.299999999999955,1.0
649,long,2025-03-17T17:45:00Z,1931.5,2025-03-17T22:45:00Z,1934.31,2.8099999999999454,1.0
650,short,2025-03-17T23:30:00Z,1923.26,2025-03-18T07:30:00Z,1907.11,16.15000000000009,1.0
651,short,2025-03-18T10:30:00Z,1890.8,2025-03-18T13:30:00Z,1899.45,-8.650000000000091,1.0
652,short,2025-03-18T13:45:00Z,1876.76,2025-03-18T15:00:00Z,1894.0,-17.24000000000001,1.0
653,long,2025-03-18T19:45:00Z,1897.28,2025-03-19T04:15:00Z,1934.51,37.23000000000002,1.0
654,long,2025-03-19T09:00:00Z,1939.65,2025-03-19T17:45:00Z,2019.0,79.34999999999991,1.0
655,long,2025-03-19T18:15:00Z,2027.5,2025-03-19T18:30:00Z,2016.6,-10.900000000000091,1.0
656,long,2025-03-19T23:45:00Z,2062.99,2025-03-20T00:45:00Z,2035.61,-27.37999999999988,1.0
657,short,2025-03-20T01:45:00Z,2022.95,2025-03-20T09:00:00Z,2018.19,4.759999999999991,1.0
658,short,2025-03-20T10:00:00Z,2004.64,2025-03-20T13:00:00Z,1995.52,9.120000000000118,1.0
659,short,2025-03-20T15:45:00Z,1973.89,2025-03-20T20:30:00Z,1978.52,-4.629999999999882,1.0
660,long,2025-03-21T00:15:00Z,1989.81,2025-03-21T03:15:00Z,1976.2,-13.6099999999999,1.0
661,short,2025-03-21T03:30:00Z,1980.34,2025-03-21T04:30:00Z,1986.03,-5.690000000000055,1.0
662,short,2025-03-21T05:45:00Z,1971.22,2025-03-21T12:15:00Z,1969.35,1.8700000000001182,1.0
663,short,2025-03-21T12:45:00Z,1950.71,2025-03-21T15:00:00Z,1953.26,-2.5499999999999545,1.0
664,long,2025-03-21T17:45:00Z,1968.7,2025-03-21T22:15:00Z,1967.96,-0.7400000000000091,1.0
665,short,2025-03-21T22:45:00Z,1962.04,2025-03-22T00:30:00Z,1974.26,-12.220000000000027,1.0
666,long,2025-03-22T01:00:00Z,1979.71,2025-03-22T02:00:00Z,1973.9,-5.809999999999945,1.0
667,long,2025-03-22T04:15:00Z,1987.44,2025-03-22T08:00:00Z,1983.15,-4.289999999999964,1.0
668,long,2025-03-22T09:15:00Z,1992.67,2025-03-22T10:00:00Z,1993.0,0.32999999999992724,1.0
669,short,2025-03-22T14:45:00Z,1986.17,2025-03-22T17:15:00Z,1990.06,-3.8899999999998727,1.0
670,long,2025-03-22T18:15:00Z,1993.79,2025-03-22T21:15:00Z,1992.24,-1.5499999999999545,1.0
671,short,2025-03-22T22:00:00Z,1985.2,2025-03-23T01:30:00Z,1990.37,-5.169999999999845,1.0
672,long,2025-03-23T02:00:00Z,1997.17,2025-03-23T05:15:00Z,1993.22,-3.9500000000000455,1.0
673,long,2025-03-23T08:00:00Z,2007.2,2025-03-23T11:45:00Z,2008.1,0.8999999999998636,1.0
674,short,2025-03-23T15:00:00Z,2003.42,2025-03-23T20:30:00Z,1998.71,4.710000000000036,1.0
675,short,2025-03-23T21:30:00Z,1989.8,2025-03-23T22:00:00Z,1993.99,-4.190000000000055,1.0
676,short,2025-03-23T22:45:00Z,1985.25,2025-03-23T23:30:00Z,1996.62,-11.36999999999989,1.0
677,long,2025-03-24T00:00:00Z,2005.0,2025-03-24T01:00:00Z,1997.67,-7.329999999999927,1.0
678,short,2025-03-24T02:00:00Z,1979.59,2025-03-24T03:15:00Z,2006.23,-26.6400000000001,1.0
679,long,2025-03-24T04:45:00Z,2028.78,2025-03-24T12:30:00Z,2077.98,49.200000000000045,1.0
680,short,2025-03-24T22:15:00Z,2077.08,2025-03-25T00:15:00Z,2084.09,-7.010000000000218,1.0
681,long,2025-03-25T00:30:00Z,2086.23,2025-03-25T01:15:00Z,2080.45,-5.7800000000002,1.0
682,short,2025-03-25T01:45:00Z,2065.07,2025-03-25T06:30:00Z,2055.12,9.950000000000273,1.0
683,long,2025-03-25T09:45:00Z,2065.87,2025-03-25T12:45:00Z,2060.71,-5.1599999999998545,1.0
684,short,2025-03-25T14:00:00Z,2060.57,2025-03-25T14:30:00Z,2067.26,-6.690000000000055,1.0
685,long,2025-03-25T14:45:00Z,2077.0,2025-03-25T16:45:00Z,2063.55,-13.449999999999818,1.0
686,long,2025-03-25T18:00:00Z,2075.4,2025-03-25T18:30:00Z,2065.69,-9.710000000000036,1.0
687,short,2025-03-25T22:45:00Z,2061.96,2025-03-26T00:30:00Z,2070.0,-8.039999999999964,1.0
688,long,2025-03-26T01:45:00Z,2075.27,2025-03-26T02:15:00Z,2057.6,-17.670000000000073,1.0
689,short,2025-03-26T03:00:00Z,2047.65,2025-03-26T05:45:00Z,2062.72,-15.069999999999709,1.0
690,long,2025-03-26T07:45:00Z,2068.05,2025-03-26T09:30:00Z,2058.6,-9.450000000000273,1.0
691,long,2025-03-26T11:00:00Z,2072.21,2025-03-26T12:15:00Z,2065.69,-6.519999999999982,1.0
692,short,2025-03-26T13:15:00Z,2055.99,2025-03-26T20:15:00Z,2005.38,50.60999999999967,1.0
693,long,2025-03-27T01:15:00Z,2021.47,2025-03-27T06:00:00Z,2021.94,0.4700000000000273,1.0
694,short,2025-03-27T08:15:00Z,2020.6,2025-03-27T08:45:00Z,2024.7,-4.100000000000136,1.0
695,long,2025-03-27T10:00:00Z,2027.86,2025-03-27T10:45:00Z,2025.77,-2.089999999999918,1.0
696,short,2025-03-27T11:30:00Z,2016.35,2025-03-27T14:45:00Z,2020.17,-3.8200000000001637,1.0
697,long,2025-03-27T21:45:00Z,2017.27,2025-03-27T22:45:00Z,2007.2,-10.069999999999936,1.0
698,short,2025-03-27T23:15:00Z,1999.87,2025-03-28T01:45:00Z,2014.37,-14.5,1.0
699,short,2025-03-28T04:45:00Z,1936.41,2025-03-28T11:30:00Z,1897.54,38.87000000000012,1.0
700,short,2025-03-28T16:30:00Z,1871.68,2025-03-28T18:00:00Z,1883.19,-11.509999999999991,1.0
701,long,2025-03-28T23:00:00Z,1900.41,2025-03-29T03:00:00Z,1894.58,-5.830000000000155,1.0
702,short,2025-03-29T03:15:00Z,1890.6,2025-03-29T03:45:00Z,1903.07,-12.470000000000027,1.0
703,short,2025-03-29T05:45:00Z,1887.6,2025-03-29T10:00:00Z,1876.3,11.299999999999955,1.0
704,short,2025-03-29T11:30:00Z,1850.56,2025-03-29T20:00:00Z,1826.76,23.799999999999955,1.0
705,long,2025-03-30T01:15:00Z,1837.3,2025-03-30T06:15:00Z,1837.19,-0.10999999999989996,1.0
706,long,2025-03-30T09:00:00Z,1846.03,2025-03-30T10:30:00Z,1835.03,-11.0,1.0
707,short,2025-03-30T10:45:00Z,1827.79,2025-03-30T12:30:00Z,1837.23,-9.440000000000055,1.0
708,short,2025-03-30T13:45:00Z,1814.5,2025-03-30T15:15:00Z,1817.17,-2.6700000000000728,1.0
709,long,2025-03-30T19:15:00Z,1822.34,2025-03-30T21:45:00Z,1809.26,-13.079999999999927,1.0
710,short,2025-03-30T22:15:00Z,1784.37,2025-03-30T22:45:00Z,1807.83,-23.460000000000036,1.0
711,long,2025-03-31T03:00:00Z,1811.16,2025-03-31T04:00:00Z,1797.73,-13.430000000000064,1.0
712,short,2025-03-31T07:45:00Z,1793.13,2025-03-31T08:15:00Z,1802.94,-9.809999999999945,1.0
713,short,2025-03-31T09:15:00Z,1786.72,2025-03-31T10:45:00Z,1796.22,-9.5,1.0
714,long,2025-03-31T12:00:00Z,1812.51,2025-03-31T13:45:00Z,1803.9,-8.6099999999999,1.0
715,long,2025-03-31T15:00:00Z,1839.0,2025-03-31T17:45:00Z,1821.96,-17.039999999999964,1.0
716,short,2025-03-31T22:30:00Z,1820.32,2025-04-01T00:30:00Z,1826.37,-6.0499999999999545,1.0
717,long,2025-04-01T01:00:00Z,1831.19,2025-04-01T01:15:00Z,1825.13,-6.059999999999945,1.0
718,long,2025-04-01T05:30:00Z,1846.82,2025-04-01T11:30:00Z,1867.9,21.080000000000155,1.0
719,short,2025-04-01T14:15:00Z,1849.28,2025-04-01T14:45:00Z,1870.23,-20.950000000000045,1.0
720,long,2025-04-01T15:00:00Z,1881.48,2025-04-01T20:15:00Z,1908.35,26.86999999999989,1.0
721,short,2025-04-02T00:45:00Z,1893.74,2025-04-02T08:30:00Z,1867.93,25.809999999999945,1.0
722,long,2025-04-02T09:15:00Z,1883.98,2025-04-02T12:00:00Z,1868.08,-15.900000000000091,1.0
723,short,2025-04-02T13:30:00Z,1858.15,2025-04-02T13:45:00Z,1872.27,-14.11999999999989,1.0
724,long,2025-04-02T15:15:00Z,1881.0,2025-04-02T20:30:00Z,1897.82,16.819999999999936,1.0
725,short,2025-04-02T20:45:00Z,1870.0,2025-04-03T03:00:00Z,1829.41,40.58999999999992,1.0
726,short,2025-04-03T07:00:00Z,1816.62,2025-04-03T15:45:00Z,1778.69,37.929999999999836,1.0
727,long,2025-04-03T21:00:00Z,1798.16,2025-04-04T02:00:00Z,1781.76,-16.40000000000009,1.0
728,short,2025-04-04T02:00:00Z,1781.76,2025-04-04T02:15:00Z,1798.33,-16.569999999999936,1.0
729,long,2025-04-04T07:15:00Z,1814.78,2025-04-04T10:15:00Z,1812.69,-2.089999999999918,1.0
730,short,2025-04-04T10:30:00Z,1792.93,2025-04-04T14:00:00Z,1801.34,-8.409999999999854,1.0
731,long,2025-04-04T15:15:00Z,1812.33,2025-04-04T16:45:00Z,1789.23,-23.09999999999991,1.0
732,long,2025-04-04T18:00:00Z,1820.37,2025-04-04T23:15:00Z,1812.59,-7.779999999999973,1.0
733,short,2025-04-05T03:30:00Z,1809.01,2025-04-05T08:00:00Z,1812.39,-3.380000000000109,1.0
734,long,2025-04-05T09:15:00Z,1817.19,2025-04-05T11:15:00Z,1808.91,-8.279999999999973,1.0
735,short,2025-04-05T12:15:00Z,1803.64,2025-04-05T17:45:00Z,1788.3,15.340000000000146,1.0
736,short,2025-04-05T20:45:00Z,1791.5,2025-04-05T21:00:00Z,1789.63,1.8699999999998909,1.0
737,long,2025-04-06T00:00:00Z,1805.14,2025-04-06T03:30:00Z,1802.78,-2.3600000000001273,1.0
738,short,2025-04-06T07:00:00Z,1797.69,2025-04-06T15:00:00Z,1769.03,28.660000000000082,1.0
739,short,2025-04-06T17:00:00Z,1730.24,2025-04-07T01:15:00Z,1586.27,143.97000000000003,1.0
740,short,2025-04-07T03:45:00Z,1527.2,2025-04-07T08:45:00Z,1504.84,22.360000000000127,1.0
741,long,2025-04-07T14:00:00Z,1549.51,2025-04-07T15:15:00Z,1548.06,-1.4500000000000455,1.0
742,long,2025-04-07T20:45:00Z,1576.8,2025-04-07T23:45:00Z,1556.3,-20.5,1.0
743,short,2025-04-08T01:00:00Z,1543.77,2025-04-08T01:30:00Z,1566.34,-22.569999999999936,1.0
744,long,2025-04-08T01:45:00Z,1583.0,2025-04-08T06:15:00Z,1578.97,-4.029999999999973,1.0
745,short,2025-04-08T07:15:00Z,1571.87,2025-04-08T11:30:00Z,1571.24,0.6299999999998818,1.0
746,long,2025-04-08T11:45:00Z,1581.33,2025-04-08T12:45:00Z,1568.62,-12.710000000000036,1.0
747,short,2025-04-08T13:45:00Z,1566.28,2025-04-08T14:15:00Z,1574.0,-7.720000000000027,1.0
748,short,2025-04-08T14:45:00Z,1546.34,2025-04-08T23:45:00Z,1470.58,75.75999999999999,1.0
749,short,2025-04-09T01:15:00Z,1424.31,2025-04-09T02:15:00Z,1447.38,-23.070000000000164,1.0
750,long,2025-04-09T06:15:00Z,1474.13,2025-04-09T11:15:00Z,1460.32,-13.810000000000173,1.0
751,short,2025-04-09T11:15:00Z,1460.32,2025-04-09T13:45:00Z,1476.16,-15.840000000000146,1.0
752,long,2025-04-09T14:00:00Z,1486.69,2025-04-10T00:15:00Z,1657.7,171.01,1.0
753,short,2025-04-10T03:30:00Z,1607.64,2025-04-10T12:30:00Z,1612.7,-5.059999999999945,1.0
754,long,2025-04-10T12:30:00Z,1612.7,2025-04-10T12:45:00Z,1598.24,-14.460000000000036,1.0
755,short,2025-04-10T13:45:00Z,1564.21,2025-04-10T20:15:00Z,1522.6,41.61000000000013,1.0
756,short,2025-04-11T01:00:00Z,1507.4,2025-04-11T01:15:00Z,1520.76,-13.3599999999999,1.0
757,long,2025-04-11T02:30:00Z,1545.13,2025-04-11T07:30:00Z,1546.72,1.5899999999999181,1.0
758,long,2025-04-11T08:15:00Z,1557.13,2025-04-11T08:30:00Z,1552.91,-4.220000000000027,1.0
759,long,2025-04-11T10:45:00Z,1570.0,2025-04-11T11:30:00Z,1558.96,-11.039999999999964,1.0
760,short,2025-04-11T14:30:00Z,1545.02,2025-04-11T15:45:00Z,1566.66,-21.6400000000001,1.0
761,long,2025-04-11T17:45:00Z,1586.94,2025-04-11T19:00:00Z,1561.42,-25.519999999999982,1.0
762,short,2025-04-11T23:30:00Z,1560.5,2025-04-12T04:30:00Z,1558.05,2.4500000000000455,1.0
763,long,2025-04-12T05:30:00Z,1567.75,2025-04-12T17:15:00Z,1628.9,61.15000000000009,1.0
764,short,2025-04-13T02:00:00Z,1616.24,2025-04-13T07:00:00Z,1616.17,0.06999999999993634,1.0
765,long,2025-04-13T09:30:00Z,1624.01,2025-04-13T10:30:00Z,1613.0,-11.009999999999991,1.0
766,short,2025-04-13T11:30:00Z,1602.59,2025-04-13T16:15:00Z,1591.75,10.839999999999918,1.0
767,long,2025-04-13T17:30:00Z,1615.16,2025-04-13T19:45:00Z,1580.11,-35.05000000000018,1.0
768,short,2025-04-13T19:45:00Z,1580.11,2025-04-13T20:15:00Z,1607.15,-27.04000000000019,1.0
769,long,2025-04-14T00:30:00Z,1622.24,2025-04-14T05:45:00Z,1621.82,-0.42000000000007276,1.0
770,long,2025-04-14T09:15:00Z,1642.68,2025-04-14T13:45:00Z,1657.08,14.399999999999864,1.0
771,short,2025-04-14T15:45:00Z,1636.16,2025-04-14T21:00:00Z,1634.6,1.5600000000001728,1.0
772,short,2025-04-14T21:45:00Z,1618.02,2025-04-14T23:15:00Z,1626.0,-7.980000000000018,1.0
773,long,2025-04-15T02:00:00Z,1633.57,2025-04-15T02:45:00Z,1623.03,-10.539999999999964,1.0
774,long,2025-04-15T03:45:00Z,1638.69,2025-04-15T09:45:00Z,1640.15,1.4600000000000364,1.0
775,short,2025-04-15T10:30:00Z,1634.6,2025-04-15T13:00:00Z,1641.09,-6.490000000000009,1.0
776,short,2025-04-15T14:00:00Z,1628.26,2025-04-16T01:30:00Z,1594.74,33.51999999999998,1.0
777,short,2025-04-16T05:30:00Z,1565.66,2025-04-16T08:45:00Z,1579.39,-13.730000000000018,1.0
778,long,2025-04-16T12:30:00Z,1585.38,2025-04-16T13:30:00Z,1572.39,-12.990000000000009,1.0
779,short,2025-04-16T14:00:00Z,1566.62,2025-04-16T14:30:00Z,1583.69,-17.070000000000164,1.0
780,long,2025-04-16T14:45:00Z,1594.22,2025-04-16T16:00:00Z,1589.91,-4.309999999999945,1.0
781,short,2025-04-16T18:00:00Z,1545.03,2025-04-16T18:30:00Z,1576.62,-31.589999999999918,1.0
782,long,2025-04-17T03:15:00Z,1589.14,2025-04-17T03:30:00Z,1578.3,-10.840000000000146,1.0
783,long,2025-04-17T05:15:00Z,1593.15,2025-04-17T09:00:00Z,1594.76,1.6099999999999,1.0
784,short,2025-04-17T10:15:00Z,1588.98,2025-04-17T12:30:00Z,1600.06,-11.079999999999927,1.0
785,short,2025-04-17T14:15:00Z,1584.79,2025-04-17T15:15:00Z,1583.82,0.9700000000000273,1.0
786,long,2025-04-17T16:30:00Z,1604.36,2025-04-17T19:30:00Z,1581.47,-22.889999999999873,1.0
787,short,2025-04-18T00:30:00Z,1582.17,2025-04-18T01:15:00Z,1585.79,-3.619999999999891,1.0
788,short,2025-04-18T05:30:00Z,1573.98,2025-04-18T06:00:00Z,1580.76,-6.779999999999973,1.0
789,long,2025-04-18T08:15:00Z,1586.4,2025-04-18T11:00:00Z,1583.37,-3.0300000000002,1.0
790,long,2025-04-18T12:45:00Z,1594.29,2025-04-18T13:15:00Z,1588.33,-5.960000000000036,1.0
791,short,2025-04-18T15:15:00Z,1582.27,2025-04-18T17:45:00Z,1589.81,-7.539999999999964,1.0
792,long,2025-04-18T19:30:00Z,1593.18,2025-04-18T23:00:00Z,1592.0,-1.1800000000000637,1.0
793,short,2025-04-18T23:15:00Z,1589.13,2025-04-19T02:30:00Z,1594.01,-4.879999999999882,1.0
794,long,2025-04-19T03:15:00Z,1594.01,2025-04-19T06:15:00Z,1598.66,4.650000000000091,1.0
795,short,2025-04-19T10:45:00Z,1595.91,2025-04-19T13:30:00Z,1600.1,-4.189999999999827,1.0
796,long,2025-04-19T14:00:00Z,1603.72,2025-04-19T17:00:00Z,1599.11,-4.610000000000127,1.0
797,long,2025-04-19T17:45:00Z,1618.55,2025-04-19T19:00:00Z,1614.39,-4.1599999999998545,1.0
798,short,2025-04-20T06:00:00Z,1609.17,2025-04-20T14:15:00Z,1579.71,29.460000000000036,1.0
799,long,2025-04-20T20:00:00Z,1585.34,2025-04-20T21:15:00Z,1585.64,0.3000000000001819,1.0
800,short,2025-04-20T22:30:00Z,1576.49,2025-04-21T00:15:00Z,1592.52,-16.029999999999973,1.0
801,long,2025-04-21T00:30:00Z,1608.96,2025-04-21T09:30:00Z,1642.87,33.909999999999854,1.0
802,short,2025-04-21T11:30:00Z,1623.83,2025-04-21T14:30:00Z,1636.66,-12.830000000000155,1.0
803,short,2025-04-21T17:00:00Z,1588.88,2025-04-21T22:00:00Z,1577.51,11.370000000000118,1.0
804,short,2025-04-22T00:45:00Z,1560.33,2025-04-22T01:00:00Z,1567.95,-7.620000000000118,1.0
805,long,2025-04-22T07:30:00Z,1590.0,2025-04-22T19:45:00Z,1687.65,97.65000000000009,1.0
806,long,2025-04-22T21:30:00Z,1713.38,2025-04-23T07:00:00Z,1788.26,74.87999999999988,1.0
807,long,2025-04-23T11:00:00Z,1802.97,2025-04-23T13:45:00Z,1796.74,-6.230000000000018,1.0
808,short,2025-04-23T15:15:00Z,1779.32,2025-04-23T18:00:00Z,1799.99,-20.670000000000073,1.0
809,short,2025-04-24T01:30:00Z,1785.31,2025-04-24T02:15:00Z,1798.07,-12.759999999999991,1.0
810,short,2025-04-24T03:00:00Z,1778.41,2025-04-24T10:45:00Z,1748.51,29.90000000000009,1.0
811,long,2025-04-24T15:00:00Z,1764.54,2025-04-24T17:15:00Z,1753.51,-11.029999999999973,1.0
812,long,2025-04-24T23:45:00Z,1768.0,2025-04-25T01:30:00Z,1767.71,-0.2899999999999636,1.0
813,short,2025-04-25T02:30:00Z,1755.83,2025-04-25T04:15:00Z,1765.71,-9.88000000000011,1.0
814,long,2025-04-25T06:30:00Z,1773.96,2025-04-25T10:45:00Z,1773.13,-0.8299999999999272,1.0
815,long,2025-04-25T12:15:00Z,1795.64,2025-04-25T13:00:00Z,1772.0,-23.6400000000001,1.0
816,short,2025-04-25T13:30:00Z,1765.32,2025-04-25T14:15:00Z,1788.01,-22.690000000000055,1.0
817,long,2025-04-25T15:00:00Z,1807.59,2025-04-25T17:45:00Z,1790.3,-17.289999999999964,1.0
818,short,2025-04-26T00:00:00Z,1783.76,2025-04-26T01:30:00Z,1802.0,-18.24000000000001,1.0
819,long,2025-04-26T01:45:00Z,1808.5,2025-04-26T03:30:00Z,1793.9,-14.599999999999909,1.0
820,long,2025-04-26T08:30:00Z,1827.67,2025-04-26T08:45:00Z,1812.07,-15.600000000000136,1.0
821,short,2025-04-26T11:30:00Z,1792.2,2025-04-26T15:15:00Z,1795.4,-3.2000000000000455,1.0
822,long,2025-04-26T16:45:00Z,1797.0,2025-04-26T21:00:00Z,1805.03,8.029999999999973,1.0
823,long,2025-04-26T22:15:00Z,1824.07,2025-04-26T23:15:00Z,1814.37,-9.700000000000045,1.0
824,long,2025-04-27T00:15:00Z,1832.28,2025-04-27T01:30:00Z,1828.2,-4.079999999999927,1.0
825,short,2025-04-27T02:00:00Z,1803.62,2025-04-27T07:45:00Z,1804.46,-0.8400000000001455,1.0
826,long,2025-04-27T08:30:00Z,1807.69,2025-04-27T11:15:00Z,1804.66,-3.0299999999999727,1.0
827,short,2025-04-27T12:30:00Z,1799.95,2025-04-27T14:00:00Z,1796.93,3.019999999999982,1.0
828,short,2025-04-27T22:15:00Z,1789.39,2025-04-28T03:30:00Z,1777.49,11.900000000000091,1.0
829,long,2025-04-28T04:45:00Z,1787.89,2025-04-28T10:30:00Z,1794.99,7.099999999999909,1.0
830,short,2025-04-28T10:30:00Z,1794.99,2025-04-28T10:45:00Z,1819.38,-24.3900000000001,1.0
831,long,2025-04-28T10:45:00Z,1819.38,2025-04-28T13:00:00Z,1805.7,-13.680000000000064,1.0
832,short,2025-04-28T13:45:00Z,1794.15,2025-04-28T19:00:00Z,1777.36,16.79000000000019,1.0
833,long,2025-04-28T19:15:00Z,1789.02,2025-04-29T02:15:00Z,1794.75,5.730000000000018,1.0
834,long,2025-04-29T06:30:00Z,1812.45,2025-04-29T11:45:00Z,1827.27,14.819999999999936,1.0
835,short,2025-04-29T13:30:00Z,1812.82,2025-04-29T15:00:00Z,1822.43,-9.610000000000127,1.0
836,short,2025-04-29T21:15:00Z,1799.93,2025-04-30T00:45:00Z,1805.55,-5.619999999999891,1.0
837,short,2025-04-30T07:45:00Z,1796.84,2025-04-30T09:45:00Z,1805.89,-9.050000000000182,1.0
838,long,2025-04-30T10:30:00Z,1805.22,2025-04-30T12:30:00Z,1795.71,-9.509999999999991,1.0
839,short,2025-04-30T12:45:00Z,1776.52,2025-04-30T17:30:00Z,1770.19,6.329999999999927,1.0
840,long,2025-04-30T18:15:00Z,1784.81,2025-05-01T06:30:00Z,1808.47,23.660000000000082,1.0
841,long,2025-05-01T08:45:00Z,1813.25,2025-05-01T13:45:00Z,1833.15,19.90000000000009,1.0
842,long,2025-05-01T15:15:00Z,1869.91,2025-05-01T17:45:00Z,1847.69,-22.220000000000027,1.0
843,short,2025-05-01T21:00:00Z,1838.6,2025-05-02T00:30:00Z,1846.1,-7.5,1.0
844,long,2025-05-02T01:30:00Z,1844.2,2025-05-02T01:45:00Z,1840.35,-3.8500000000001364,1.0
845,long,2025-05-02T04:15:00Z,1845.5,2025-05-02T04:45:00Z,1839.94,-5.559999999999945,1.0
846,short,2025-05-02T05:30:00Z,1836.84,2025-05-02T10:45:00Z,1829.52,7.319999999999936,1.0
847,long,2025-05-02T12:45:00Z,1832.99,2025-05-02T13:15:00Z,1832.27,-0.7200000000000273,1.0
848,long,2025-05-02T14:45:00Z,1841.64,2025-05-02T15:30:00Z,1835.08,-6.560000000000173,1.0
849,long,2025-05-02T16:15:00Z,1860.91,2025-05-02T17:15:00Z,1844.63,-16.279999999999973,1.0
850,short,2025-05-02T20:00:00Z,1838.78,2025-05-03T00:00:00Z,1841.22,-2.4400000000000546,1.0
851,short,2025-05-03T01:45:00Z,1827.78,2025-05-03T03:45:00Z,1835.51,-7.730000000000018,1.0
852,short,2025-05-03T06:30:00Z,1824.9,2025-05-03T11:30:00Z,1823.26,1.6400000000001,1.0
853,long,2025-05-03T12:30:00Z,1829.45,2025-05-03T16:45:00Z,1826.91,-2.5399999999999636,1.0
854,short,2025-05-03T17:00:00Z,1826.23,2025-05-03T18:15:00Z,1825.53,0.7000000000000455,1.0
855,long,2025-05-03T20:15:00Z,1834.61,2025-05-03T23:30:00Z,1830.42,-4.189999999999827,1.0
856,long,2025-05-04T02:15:00Z,1843.92,2025-05-04T02:45:00Z,1831.83,-12.090000000000146,1.0
857,short,2025-05-04T03:15:00Z,1828.62,2025-05-04T05:15:00Z,1837.49,-8.870000000000118,1.0
858,long,2025-05-04T06:00:00Z,1844.99,2025-05-04T08:15:00Z,1838.26,-6.730000000000018,1.0
859,short,2025-05-04T09:15:00Z,1829.1,2025-05-04T12:45:00Z,1831.13,-2.0300000000002,1.0
860,short,2025-05-04T13:45:00Z,1820.58,2025-05-04T14:30:00Z,1828.0,-7.420000000000073,1.0
861,long,2025-05-04T20:30:00Z,1839.99,2025-05-04T22:15:00Z,1822.0,-17.99000000000001,1.0
862,short,2025-05-04T22:15:00Z,1822.0,2025-05-05T04:45:00Z,1802.25,19.75,1.0
863,long,2025-05-05T06:00:00Z,1815.72,2025-05-05T10:30:00Z,1812.77,-2.9500000000000455,1.0
864,short,2025-05-05T10:45:00Z,1805.16,2025-05-05T16:30:00Z,1807.73,-2.5699999999999363,1.0
865,long,2025-05-05T17:45:00Z,1813.18,2025-05-05T20:45:00Z,1804.71,-8.470000000000027,1.0
866,long,2025-05-05T22:45:00Z,1829.49,2025-05-06T00:45:00Z,1811.19,-18.299999999999955,1.0
867,short,2025-05-06T02:00:00Z,1803.47,2025-05-06T05:00:00Z,1806.18,-2.7100000000000364,1.0
868,short,2025-05-06T08:30:00Z,1793.55,2025-05-06T08:45:00Z,1798.25,-4.7000000000000455,1.0
869,short,2025-05-06T11:00:00Z,1784.21,2025-05-06T15:30:00Z,1773.75,10.460000000000036,1.0
870,long,2025-05-06T19:00:00Z,1789.04,2025-05-06T20:30:00Z,1778.78,-10.259999999999991,1.0
871,long,2025-05-06T22:15:00Z,1788.45,2025-05-07T03:30:00Z,1823.3,34.84999999999991,1.0
872,long,2025-05-07T07:30:00Z,1834.16,2025-05-07T10:30:00Z,1834.37,0.209999999999809,1.0
873,short,2025-05-07T13:15:00Z,1823.94,2025-05-07T21:30:00Z,1805.46,18.480000000000018,1.0
874,long,2025-05-07T22:45:00Z,1817.55,2025-05-09T02:15:00Z,2198.76,381.21000000000026,1.0
875,long,2025-05-09T06:30:00Z,2250.5,2025-05-09T09:30:00Z,2310.77,60.26999999999998,1.0
876,long,2025-05-10T00:15:00Z,2348.0,2025-05-10T00:45:00Z,2343.08,-4.920000000000073,1.0
877,short,2025-05-10T01:00:00Z,2325.77,2025-05-10T05:30:00Z,2342.31,-16.539999999999964,1.0
878,long,2025-05-10T06:00:00Z,2352.24,2025-05-10T09:15:00Z,2372.72,20.480000000000018,1.0
879,long,2025-05-10T14:00:00Z,2436.99,2025-05-11T00:30:00Z,2511.86,74.87000000000035,1.0
880,short,2025-05-11T07:00:00Z,2520.1,2025-05-11T09:30:00Z,2514.31,5.789999999999964,1.0
881,long,2025-05-11T11:45:00Z,2528.4,2025-05-11T13:30:00Z,2500.27,-28.13000000000011,1.0
882,short,2025-05-11T13:45:00Z,2487.9,2025-05-11T15:15:00Z,2499.53,-11.63000000000011,1.0
883,short,2025-05-11T16:00:00Z,2461.22,2025-05-11T17:45:00Z,2487.34,-26.120000000000346,1.0
884,long,2025-05-11T18:45:00Z,2500.25,2025-05-11T22:45:00Z,2483.48,-16.769999999999982,1.0
885,long,2025-05-12T00:30:00Z,2530.66,2025-05-12T01:45:00Z,2508.3,-22.359999999999673,1.0
886,short,2025-05-12T06:15:00Z,2496.62,2025-05-12T07:00:00Z,2516.66,-20.039999999999964,1.0
887,long,2025-05-12T07:15:00Z,2572.79,2025-05-12T08:00:00Z,2553.45,-19.340000000000146,1.0
888,short,2025-05-12T14:30:00Z,2509.23,2025-05-12T20:30:00Z,2468.59,40.63999999999987,1.0
889,long,2025-05-12T23:30:00Z,2495.18,2025-05-13T00:30:00Z,2471.35,-23.829999999999927,1.0
890,short,2025-05-13T01:15:00Z,2464.68,2025-05-13T05:00:00Z,2454.69,9.989999999999782,1.0
891,long,2025-05-13T07:15:00Z,2462.58,2025-05-13T23:30:00Z,2667.35,204.76999999999998,1.0
892,long,2025-05-14T01:15:00Z,2705.0,2025-05-14T02:00:00Z,2670.5,-34.5,1.0
893,short,2025-05-14T08:15:00Z,2622.81,2025-05-14T11:45:00Z,2628.01,-5.200000000000273,1.0
894,short,2025-05-14T14:30:00Z,2567.82,2025-05-14T16:00:00Z,2596.28,-28.460000000000036,1.0
895,short,2025-05-14T17:30:00Z,2566.0,2025-05-14T18:00:00Z,2589.02,-23.019999999999982,1.0
896,long,2025-05-14T19:00:00Z,2612.48,2025-05-14T22:45:00Z,2595.28,-17.199999999999818,1.0
897,long,2025-05-15T00:15:00Z,2617.71,2025-05-15T01:45:00Z,2592.24,-25.470000000000255,1.0
898,short,2025-05-15T02:00:00Z,2576.8,2025-05-15T09:00:00Z,2563.41,13.390000000000327,1.0
899,long,2025-05-15T12:45:00Z,2565.27,2025-05-15T13:45:00Z,2544.39,-20.88000000000011,1.0
900,short,2025-05-15T14:00:00Z,2530.48,2025-05-15T15:30:00Z,2532.49,-2.0099999999997635,1.0
901,long,2025-05-15T17:00:00Z,2598.27,2025-05-15T19:00:00Z,2524.0,-74.26999999999998,1.0
902,short,2025-05-15T21:30:00Z,2525.67,2025-05-15T22:45:00Z,2560.52,-34.84999999999991,1.0
903,long,2025-05-16T00:45:00Z,2561.26,2025-05-16T08:30:00Z,2567.64,6.379999999999654,1.0
904,short,2025-05-16T08:30:00Z,2567.64,2025-05-16T09:15:00Z,2597.95,-30.309999999999945,1.0
905,long,2025-05-16T10:15:00Z,2616.42,2025-05-16T12:30:00Z,2598.17,-18.25,1.0
906,short,2025-05-16T14:15:00Z,2588.04,2025-05-16T20:00:00Z,2591.0,-2.9600000000000364,1.0
907,short,2025-05-16T20:45:00Z,2564.25,2025-05-16T21:15:00Z,2581.6,-17.34999999999991,1.0
908,short,2025-05-16T21:45:00Z,2574.91,2025-05-17T04:30:00Z,2504.74,70.17000000000007,1.0
909,short,2025-05-17T09:15:00Z,2477.51,2025-05-17T10:30:00Z,2487.8,-10.289999999999964,1.0
910,short,2025-05-17T13:15:00Z,2476.79,2025-05-17T14:15:00Z,2468.99,7.800000000000182,1.0
911,long,2025-05-17T21:00:00Z,2488.05,2025-05-17T22:15:00Z,2468.19,-19.860000000000127,1.0
912,short,2025-05-17T22:30:00Z,2457.83,2025-05-17T23:30:00Z,2474.21,-16.38000000000011,1.0
913,long,2025-05-18T04:45:00Z,2486.96,2025-05-18T09:45:00Z,2504.23,17.269999999999982,1.0
914,short,2025-05-18T12:15:00Z,2493.45,2025-05-18T13:30:00Z,2510.7,-17.25,1.0
915,long,2025-05-18T14:00:00Z,2541.19,2025-05-18T17:30:00Z,2539.85,-1.3400000000001455,1.0
916,short,2025-05-18T18:00:00Z,2488.59,2025-05-18T22:45:00Z,2428.5,60.090000000000146,1.0
917,long,2025-05-19T00:00:00Z,2496.98,2025-05-19T01:15:00Z,2429.89,-67.09000000000015,1.0
918,short,2025-05-19T03:30:00Z,2391.3,2025-05-19T07:15:00Z,2392.13,-0.8299999999999272,1.0
919,short,2025-05-19T12:45:00Z,2399.52,2025-05-19T13:30:00Z,2402.49,-2.9699999999998,1.0
920,long,2025-05-19T13:45:00Z,2432.17,2025-05-19T21:30:00Z,2503.49,71.31999999999971,1.0
921,long,2025-05-20T00:15:00Z,2542.35,2025-05-20T00:45:00Z,2525.68,-16.670000000000073,1.0
922,long,2025-05-20T02:30:00Z,2565.27,2025-05-20T04:30:00Z,2547.0,-18.269999999999982,1.0
923,short,2025-05-20T10:15:00Z,2520.98,2025-05-20T17:15:00Z,2494.11,26.86999999999989,1.0
924,short,2025-05-20T19:00:00Z,2451.71,2025-05-20T19:30:00Z,2479.49,-27.779999999999745,1.0
925,long,2025-05-20T20:00:00Z,2500.25,2025-05-21T07:30:00Z,2556.71,56.460000000000036,1.0
926,short,2025-05-21T09:15:00Z,2532.75,2025-05-21T12:30:00Z,2546.57,-13.820000000000164,1.0
927,long,2025-05-21T14:00:00Z,2545.42,2025-05-21T17:15:00Z,2565.68,20.259999999999764,1.0
928,short,2025-05-21T17:30:00Z,2476.71,2025-05-21T22:30:00Z,2518.71,-42.0,1.0
929,long,2025-05-21T23:00:00Z,2534.59,2025-05-22T07:00:00Z,2608.76,74.17000000000007,1.0
930,long,2025-05-22T08:30:00Z,2664.41,2025-05-22T11:30:00Z,2638.92,-25.48999999999978,1.0
931,long,2025-05-22T15:45:00Z,2675.24,2025-05-22T17:00:00Z,2645.0,-30.23999999999978,1.0
932,short,2025-05-22T20:00:00Z,2634.03,2025-05-22T23:30:00Z,2649.05,-15.019999999999982,1.0
933,long,2025-05-23T00:00:00Z,2663.72,2025-05-23T04:45:00Z,2683.69,19.970000000000255,1.0
934,short,2025-05-23T06:30:00Z,2663.91,2025-05-23T09:45:00Z,2679.06,-15.150000000000091,1.0
935,short,2025-05-23T11:30:00Z,2648.38,2025-05-23T17:00:00Z,2565.87,82.51000000000022,1.0
936,short,2025-05-23T20:45:00Z,2541.81,2025-05-23T22:15:00Z,2556.6,-14.789999999999964,1.0
937,short,2025-05-23T23:15:00Z,2531.21,2025-05-24T01:45:00Z,2531.69,-0.4800000000000182,1.0
938,long,2025-05-24T04:45:00Z,2556.2,2025-05-24T08:00:00Z,2545.78,-10.419999999999618,1.0
939,long,2025-05-24T10:45:00Z,2569.04,2025-05-24T12:15:00Z,2556.44,-12.599999999999909,1.0
940,short,2025-05-24T14:00:00Z,2545.44,2025-05-24T15:15:00Z,2559.8,-14.360000000000127,1.0
941,short,2025-05-24T16:30:00Z,2549.15,2025-05-24T17:00:00Z,2556.41,-7.2599999999997635,1.0
942,long,2025-05-24T18:30:00Z,2560.26,2025-05-24T19:00:00Z,2548.22,-12.040000000000418,1.0
943,short,2025-05-24T21:30:00Z,2535.18,2025-05-24T22:00:00Z,2539.19,-4.010000000000218,1.0
944,short,2025-05-25T00:45:00Z,2494.79,2025-05-25T03:00:00Z,2506.88,-12.090000000000146,1.0
945,short,2025-05-25T07:30:00Z,2491.17,2025-05-25T10:00:00Z,2494.2,-3.0299999999997453,1.0
946,long,2025-05-25T12:30:00Z,2513.35,2025-05-25T14:45:00Z,2501.86,-11.489999999999782,1.0
947,short,2025-05-25T15:30:00Z,2487.96,2025-05-25T15:45:00Z,2503.36,-15.400000000000091,1.0
948,long,2025-05-25T19:45:00Z,2520.62,2025-05-25T21:45:00Z,2515.91,-4.710000000000036,1.0
949,long,2025-05-25T22:15:00Z,2532.9,2025-05-26T03:15:00Z,2549.85,16.949999999999818,1.0
950,long,2025-05-26T07:00:00Z,2581.77,2025-05-26T08:30:00Z,2573.67,-8.099999999999909,1.0
951,short,2025-05-26T14:00:00Z,2550.15,2025-05-26T15:45:00Z,2560.74,-10.58999999999969,1.0
952,short,2025-05-26T16:30:00Z,2542.92,2025-05-26T20:45:00Z,2555.33,-12.409999999999854,1.0
953,long,2025-05-26T22:15:00Z,2574.95,2025-05-26T23:15:00Z,2557.79,-17.159999999999854,1.0
954,short,2025-05-27T01:15:00Z,2535.2,2025-05-27T03:15:00Z,2557.06,-21.860000000000127,1.0
955,long,2025-05-27T06:00:00Z,2568.6,2025-05-27T14:30:00Z,2650.58,81.98000000000002,1.0
956,long,2025-05-27T17:00:00Z,2669.6,2025-05-27T19:45:00Z,2680.51,10.91000000000031,1.0
957,short,2025-05-28T00:15:00Z,2649.4,2025-05-28T03:45:00Z,2643.41,5.9900000000002365,1.0
958,short,2025-05-28T09:45:00Z,2627.45,2025-05-28T10:30:00Z,2633.32,-5.870000000000346,1.0
959,long,2025-05-28T11:15:00Z,2643.39,2025-05-28T14:15:00Z,2632.9,-10.489999999999782,1.0
960,short,2025-05-28T15:15:00Z,2615.61,2025-05-28T17:15:00Z,2652.52,-36.909999999999854,1.0
961,short,2025-05-28T20:15:00Z,2619.03,2025-05-28T21:15:00Z,2638.77,-19.73999999999978,1.0
962,long,2025-05-28T23:15:00Z,2672.46,2025-05-29T04:45:00Z,2724.27,51.809999999999945,1.0
963,long,2025-05-29T10:00:00Z,2735.08,2025-05-29T10:30:00Z,2723.93,-11.150000000000091,1.0
964,short,2025-05-29T12:00:00Z,2714.84,2025-05-29T18:15:00Z,2669.26,45.57999999999993,1.0
965,short,2025-05-29T23:30:00Z,2633.76,2025-05-30T02:15:00Z,2613.66,20.100000000000364,1.0
966,long,2025-05-30T05:45:00Z,2644.69,2025-05-30T06:45:00Z,2616.01,-28.679999999999836,1.0
967,short,2025-05-30T09:45:00Z,2601.15,2025-05-30T11:00:00Z,2621.3,-20.15000000000009,1.0
968,short,2025-05-30T12:30:00Z,2593.18,2025-05-30T12:45:00Z,2614.98,-21.800000000000182,1.0
969,short,2025-05-30T14:00:00Z,2575.54,2025-05-30T15:15:00Z,2605.63,-30.090000000000146,1.0
970,short,2025-05-30T16:30:00Z,2571.5,2025-05-30T19:00:00Z,2576.73,-5.230000000000018,1.0
971,short,2025-05-30T22:45:00Z,2523.57,2025-05-31T03:45:00Z,2511.22,12.350000000000364,1.0
972,long,2025-05-31T10:15:00Z,2531.81,2025-05-31T10:30:00Z,2521.21,-10.599999999999909,1.0
973,short,2025-05-31T11:00:00Z,2518.98,2025-05-31T12:15:00Z,2529.39,-10.409999999999854,1.0
974,long,2025-05-31T13:15:00Z,2536.7,2025-05-31T17:30:00Z,2534.11,-2.5899999999996908,1.0
975,short,2025-05-31T18:00:00Z,2526.22,2025-05-31T18:30:00Z,2536.54,-10.320000000000164,1.0
976,long,2025-05-31T21:15:00Z,2539.84,2025-05-31T22:30:00Z,2535.52,-4.320000000000164,1.0
977,short,2025-06-01T00:15:00Z,2519.72,2025-06-01T04:30:00Z,2514.86,4.859999999999673,1.0
978,short,2025-06-01T08:30:00Z,2501.24,2025-06-01T11:30:00Z,2498.5,2.7399999999997817,1.0
979,short,2025-06-01T12:45:00Z,2480.57,2025-06-01T13:15:00Z,2489.67,-9.099999999999909,1.0
980,long,2025-06-01T14:30:00Z,2510.84,2025-06-01T18:30:00Z,2514.94,4.099999999999909,1.0
981,short,2025-06-01T18:45:00Z,2500.05,2025-06-01T20:00:00Z,2525.1,-25.049999999999727,1.0
982,long,2025-06-01T22:15:00Z,2545.14,2025-06-02T00:30:00Z,2529.38,-15.759999999999764,1.0
983,short,2025-06-02T02:15:00Z,2516.72,2025-06-02T07:15:00Z,2504.57,12.149999999999636,1.0
984,long,2025-06-02T08:30:00Z,2511.99,2025-06-02T09:00:00Z,2493.3,-18.6899999999996,1.0
985,short,2025-06-02T09:15:00Z,2481.42,2025-06-02T13:00:00Z,2496.96,-15.539999999999964,1.0
986,long,2025-06-02T13:45:00Z,2511.0,2025-06-02T19:15:00Z,2533.32,22.320000000000164,1.0
987,long,2025-06-02T22:15:00Z,2570.84,2025-06-03T03:15:00Z,2596.67,25.829999999999927,1.0
988,long,2025-06-03T10:45:00Z,2612.51,2025-06-03T11:45:00Z,2604.08,-8.430000000000291,1.0
989,long,2025-06-03T13:30:00Z,2620.33,2025-06-03T16:00:00Z,2622.55,2.2200000000002547,1.0
990,short,2025-06-03T22:00:00Z,2588.06,2025-06-03T22:30:00Z,2599.55,-11.490000000000236,1.0
991,long,2025-06-04T01:30:00Z,2614.51,2025-06-04T07:15:00Z,2624.44,9.929999999999836,1.0
992,long,2025-06-04T08:30:00Z,2638.06,2025-06-04T11:30:00Z,2631.72,-6.3400000000001455,1.0
993,short,2025-06-04T12:30:00Z,2618.95,2025-06-04T15:00:00Z,2639.31,-20.360000000000127,1.0
994,long,2025-06-04T15:30:00Z,2648.7,2025-06-04T17:45:00Z,2634.84,-13.859999999999673,1.0
995,short,2025-06-04T20:15:00Z,2616.35,2025-06-05T01:00:00Z,2610.76,5.589999999999691,1.0
996,long,2025-06-05T02:45:00Z,2623.75,2025-06-05T05:45:00Z,2610.5,-13.25,1.0
997,short,2025-06-05T06:45:00Z,2603.39,2025-06-05T11:30:00Z,2602.73,0.6599999999998545,1.0
998,long,2025-06-05T12:15:00Z,2618.37,2025-06-05T14:00:00Z,2588.65,-29.7199999999998,1.0
999,short,2025-06-05T14:00:00Z,2588.65,2025-06-06T01:45:00Z,2418.63,170.01999999999998,1.0
1000,long,2025-06-06T09:30:00Z,2472.51,2025-06-06T12:45:00Z,2472.33,-0.18000000000029104,1.0
1001,long,2025-06-06T13:45:00Z,2498.53,2025-06-06T17:00:00Z,2496.46,-2.0700000000001637,1.0
1002,short,2025-06-06T22:45:00Z,2479.0,2025-06-07T03:00:00Z,2479.01,-0.010000000000218279,1.0
1003,long,2025-06-07T03:30:00Z,2489.22,2025-06-07T08:15:00Z,2486.21,-3.0099999999997635,1.0
1004,long,2025-06-07T12:45:00Z,2505.03,2025-06-07T18:00:00Z,2506.99,1.9599999999995816,1.0
1005,long,2025-06-07T22:45:00Z,2534.51,2025-06-07T23:30:00Z,2525.21,-9.300000000000182,1.0
1006,short,2025-06-08T01:15:00Z,2514.8,2025-06-08T04:45:00Z,2517.18,-2.3799999999996544,1.0
1007,long,2025-06-08T08:15:00Z,2516.76,2025-06-08T09:15:00Z,2511.35,-5.410000000000309,1.0
1008,short,2025-06-08T09:30:00Z,2498.59,2025-06-08T11:00:00Z,2502.1,-3.5099999999997635,1.0
1009,long,2025-06-08T13:45:00Z,2517.29,2025-06-08T14:30:00Z,2508.63,-8.659999999999854,1.0
1010,long,2025-06-08T17:00:00Z,2526.79,2025-06-08T22:15:00Z,2519.13,-7.6599999999998545,1.0
1011,short,2025-06-08T22:15:00Z,2519.13,2025-06-09T07:00:00Z,2492.15,26.980000000000018,1.0
1012,long,2025-06-09T09:30:00Z,2497.36,2025-06-09T14:00:00Z,2515.91,18.549999999999727,1.0
1013,long,2025-06-09T16:30:00Z,2566.34,2025-06-10T03:15:00Z,2680.64,114.29999999999973,1.0
1014,long,2025-06-10T10:30:00Z,2689.66,2025-06-10T13:45:00Z,2720.0,30.340000000000146,1.0
1015,long,2025-06-10T19:00:00Z,2753.61,2025-06-10T21:15:00Z,2756.56,2.949999999999818,1.0
1016,long,2025-06-10T22:15:00Z,2803.2,2025-06-11T02:30:00Z,2782.1,-21.09999999999991,1.0
1017,short,2025-06-11T08:30:00Z,2778.3,2025-06-11T12:15:00Z,2779.97,-1.669999999999618,1.0
1018,long,2025-06-11T12:45:00Z,2813.22,2025-06-11T18:00:00Z,2828.63,15.41000000000031,1.0
1019,short,2025-06-11T20:15:00Z,2806.49,2025-06-12T03:45:00Z,2770.27,36.2199999999998,1.0
1020,short,2025-06-12T07:45:00Z,2744.2,2025-06-12T08:30:00Z,2753.1,-8.900000000000091,1.0
1021,short,2025-06-12T11:30:00Z,2726.74,2025-06-12T12:45:00Z,2742.7,-15.960000000000036,1.0
1022,long,2025-06-12T14:15:00Z,2760.32,2025-06-12T16:00:00Z,2718.24,-42.08000000000038,1.0
1023,short,2025-06-12T20:00:00Z,2693.12,2025-06-13T05:15:00Z,2508.03,185.0899999999997,1.0
1024,long,2025-06-13T12:15:00Z,2550.43,2025-06-13T14:15:00Z,2528.55,-21.879999999999654,1.0
1025,short,2025-06-13T14:30:00Z,2507.7,2025-06-13T15:00:00Z,2537.0,-29.300000000000182,1.0
1026,long,2025-06-13T16:15:00Z,2576.65,2025-06-13T17:30:00Z,2534.12,-42.5300000000002,1.0
1027,long,2025-06-13T22:15:00Z,2559.93,2025-06-14T01:15:00Z,2552.32,-7.609999999999673,1.0
1028,short,2025-06-14T04:00:00Z,2547.73,2025-06-14T11:30:00Z,2534.27,13.460000000000036,1.0
1029,long,2025-06-14T13:15:00Z,2539.18,2025-06-14T13:45:00Z,2529.64,-9.539999999999964,1.0
1030,short,2025-06-14T15:30:00Z,2521.82,2025-06-14T18:15:00Z,2516.59,5.230000000000018,1.0
1031,long,2025-06-14T22:00:00Z,2526.7,2025-06-15T04:00:00Z,2529.04,2.3400000000001455,1.0
1032,long,2025-06-15T05:00:00Z,2542.61,2025-06-15T06:30:00Z,2535.33,-7.2800000000002,1.0
1033,short,2025-06-15T07:15:00Z,2530.48,2025-06-15T12:15:00Z,2520.41,10.070000000000164,1.0
1034,long,2025-06-15T13:15:00Z,2530.26,2025-06-15T18:45:00Z,2545.24,14.979999999999563,1.0
1035,short,2025-06-15T19:45:00Z,2532.76,2025-06-15T22:15:00Z,2540.2,-7.4399999999996,1.0
1036,long,2025-06-16T00:30:00Z,2541.45,2025-06-16T10:45:00Z,2619.67,78.22000000000025,1.0
1037,long,2025-06-16T14:00:00Z,2638.33,2025-06-16T21:45:00Z,2648.21,9.88000000000011,1.0
1038,short,2025-06-16T22:45:00Z,2553.52,2025-06-17T03:00:00Z,2607.84,-54.320000000000164,1.0
1039,short,2025-06-17T08:45:00Z,2570.1,2025-06-17T14:15:00Z,2564.37,5.730000000000018,1.0
1040,short,2025-06-17T15:00:00Z,2531.86,2025-06-17T19:15:00Z,2513.54,18.320000000000164,1.0
1041,long,2025-06-17T20:00:00Z,2527.09,2025-06-17T23:00:00Z,2493.45,-33.64000000000033,1.0
1042,long,2025-06-18T01:15:00Z,2527.92,2025-06-18T06:45:00Z,2526.54,-1.3800000000001091,1.0
1043,long,2025-06-18T08:15:00Z,2541.87,2025-06-18T08:45:00Z,2527.27,-14.599999999999909,1.0
1044,short,2025-06-18T10:30:00Z,2514.27,2025-06-18T14:15:00Z,2528.92,-14.650000000000091,1.0
1045,long,2025-06-18T14:30:00Z,2531.73,2025-06-18T15:15:00Z,2499.47,-32.26000000000022,1.0
1046,long,2025-06-18T20:45:00Z,2522.43,2025-06-19T01:15:00Z,2513.23,-9.199999999999818,1.0
1047,long,2025-06-19T09:45:00Z,2528.32,2025-06-19T11:45:00Z,2527.95,-0.3700000000003456,1.0
1048,short,2025-06-19T13:30:00Z,2523.01,2025-06-19T17:45:00Z,2515.47,7.540000000000418,1.0
1049,long,2025-06-19T22:45:00Z,2526.67,2025-06-20T01:30:00Z,2516.33,-10.340000000000146,1.0
1050,short,2025-06-20T03:15:00Z,2515.22,2025-06-20T06:15:00Z,2519.56,-4.3400000000001455,1.0
1051,long,2025-06-20T07:15:00Z,2524.95,2025-06-20T12:30:00Z,2550.28,25.330000000000382,1.0
1052,short,2025-06-20T14:00:00Z,2535.04,2025-06-20T22:30:00Z,2402.4,132.63999999999987,1.0
1053,short,2025-06-20T22:45:00Z,2396.28,2025-06-21T00:30:00Z,2412.09,-15.809999999999945,1.0
1054,long,2025-06-21T09:00:00Z,2440.39,2025-06-21T13:00:00Z,2434.85,-5.539999999999964,1.0
1055,short,2025-06-21T14:00:00Z,2419.32,2025-06-22T03:15:00Z,2267.0,152.32000000000016,1.0
1056,short,2025-06-22T09:30:00Z,2255.53,2025-06-22T11:15:00Z,2266.1,-10.569999999999709,1.0
1057,short,2025-06-22T13:30:00Z,2194.8,2025-06-22T18:30:00Z,2187.17,7.630000000000109,1.0
1058,short,2025-06-22T20:15:00Z,2137.09,2025-06-22T20:45:00Z,2168.94,-31.84999999999991,1.0
1059,long,2025-06-22T22:15:00Z,2215.01,2025-06-23T03:45:00Z,2233.57,18.559999999999945,1.0
1060,long,2025-06-23T06:00:00Z,2245.32,2025-06-23T06:45:00Z,2236.81,-8.510000000000218,1.0
1061,long,2025-06-23T07:15:00Z,2260.6,2025-06-23T09:30:00Z,2244.58,-16.019999999999982,1.0
1062,long,2025-06-23T13:45:00Z,2287.87,2025-06-23T15:00:00Z,2273.21,-14.659999999999854,1.0
1063,short,2025-06-23T16:15:00Z,2228.51,2025-06-23T17:30:00Z,2273.94,-45.429999999999836,1.0
1064,long,2025-06-23T19:45:00Z,2302.68,2025-06-24T03:15:00Z,2398.87,96.19000000000005,1.0
1065,long,2025-06-24T05:45:00Z,2417.79,2025-06-24T07:45:00Z,2402.37,-15.420000000000073,1.0
1066,long,2025-06-24T09:30:00Z,2430.01,2025-06-24T10:45:00Z,2410.24,-19.770000000000437,1.0
1067,long,2025-06-24T14:30:00Z,2430.36,2025-06-24T18:45:00Z,2441.45,11.08999999999969,1.0
1068,long,2025-06-25T00:15:00Z,2453.62,2025-06-25T04:00:00Z,2442.85,-10.769999999999982,1.0
1069,short,2025-06-25T04:45:00Z,2432.5,2025-06-25T07:30:00Z,2447.7,-15.199999999999818,1.0
1070,short,2025-06-25T09:45:00Z,2411.75,2025-06-25T10:30:00Z,2430.06,-18.309999999999945,1.0
1071,short,2025-06-25T14:30:00Z,2403.86,2025-06-25T14:45:00Z,2420.46,-16.59999999999991,1.0
1072,long,2025-06-25T21:00:00Z,2437.34,2025-06-25T22:00:00Z,2429.23,-8.110000000000127,1.0
1073,short,2025-06-25T23:00:00Z,2414.72,2025-06-26T01:30:00Z,2440.1,-25.38000000000011,1.0
1074,long,2025-06-26T01:45:00Z,2455.56,2025-06-26T06:45:00Z,2480.23,24.670000000000073,1.0
1075,short,2025-06-26T10:00:00Z,2462.13,2025-06-26T14:45:00Z,2448.32,13.809999999999945,1.0
1076,short,2025-06-26T15:30:00Z,2416.25,2025-06-26T19:45:00Z,2437.14,-20.889999999999873,1.0
1077,long,2025-06-26T20:30:00Z,2442.59,2025-06-26T21:15:00Z,2421.98,-20.610000000000127,1.0
1078,short,2025-06-26T21:45:00Z,2409.01,2025-06-27T01:15:00Z,2417.73,-8.7199999999998,1.0
1079,long,2025-06-27T02:30:00Z,2430.3,2025-06-27T07:45:00Z,2438.03,7.730000000000018,1.0
1080,long,2025-06-27T09:00:00Z,2447.08,2025-06-27T09:15:00Z,2445.02,-2.0599999999999454,1.0
1081,short,2025-06-27T13:00:00Z,2428.8,2025-06-27T15:45:00Z,2437.63,-8.829999999999927,1.0
1082,short,2025-06-27T17:45:00Z,2403.9,2025-06-27T20:30:00Z,2421.43,-17.529999999999745,1.0
1083,short,2025-06-28T01:15:00Z,2412.64,2025-06-28T02:00:00Z,2416.96,-4.320000000000164,1.0
1084,long,2025-06-28T05:15:00Z,2427.16,2025-06-28T08:15:00Z,2421.26,-5.899999999999636,1.0
1085,long,2025-06-28T16:00:00Z,2435.09,2025-06-28T19:15:00Z,2434.24,-0.8500000000003638,1.0
1086,long,2025-06-28T23:15:00Z,2438.59,2025-06-29T00:15:00Z,2432.51,-6.079999999999927,1.0
1087,long,2025-06-29T01:00:00Z,2437.67,2025-06-29T01:30:00Z,2432.82,-4.849999999999909,1.0
1088,short,2025-06-29T02:00:00Z,2428.61,2025-06-29T06:00:00Z,2432.57,-3.9600000000000364,1.0
1089,long,2025-06-29T07:00:00Z,2435.78,2025-06-29T12:45:00Z,2448.39,12.609999999999673,1.0
1090,short,2025-06-29T14:45:00Z,2437.9,2025-06-29T18:30:00Z,2440.21,-2.3099999999999454,1.0
1091,short,2025-06-29T21:15:00Z,2422.45,2025-06-29T21:30:00Z,2431.06,-8.610000000000127,1.0
1092,long,2025-06-29T22:15:00Z,2444.69,2025-06-30T03:30:00Z,2495.0,50.309999999999945,1.0
1093,short,2025-06-30T06:45:00Z,2482.76,2025-06-30T08:00:00Z,2479.63,3.130000000000109,1.0
1094,short,2025-06-30T10:00:00Z,2450.53,2025-06-30T13:15:00Z,2462.69,-12.159999999999854,1.0
1095,short,2025-06-30T15:00:00Z,2437.72,2025-06-30T15:30:00Z,2462.01,-24.29000000000042,1.0
1096,long,2025-06-30T16:00:00Z,2473.54,2025-06-30T22:00:00Z,2486.83,13.289999999999964,1.0
1097,short,2025-07-01T04:30:00Z,2476.11,2025-07-01T10:15:00Z,2457.28,18.829999999999927,1.0
1098,short,2025-07-01T12:00:00Z,2448.13,2025-07-01T14:00:00Z,2441.89,6.2400000000002365,1.0
1099,short,2025-07-01T14:45:00Z,2415.86,2025-07-01T18:00:00Z,2431.19,-15.329999999999927,1.0
1100,short,2025-07-01T19:00:00Z,2409.13,2025-07-01T19:30:00Z,2419.42,-10.289999999999964,1.0
1101,short,2025-07-01T20:15:00Z,2398.86,2025-07-01T20:45:00Z,2413.62,-14.759999999999764,1.0
1102,short,2025-07-01T23:15:00Z,2389.01,2025-07-02T00:00:00Z,2403.66,-14.649999999999636,1.0
1103,short,2025-07-02T01:30:00Z,2404.8,2025-07-02T01:45:00Z,2409.0,-4.199999999999818,1.0
1104,long,2025-07-02T03:00:00Z,2416.86,2025-07-02T11:45:00Z,2447.01,30.15000000000009,1.0
1105,short,2025-07-02T12:45:00Z,2432.57,2025-07-02T13:15:00Z,2448.01,-15.440000000000055,1.0
1106,long,2025-07-02T14:30:00Z,2462.81,2025-07-02T23:15:00Z,2591.3,128.49000000000024,1.0
1107,long,2025-07-03T05:45:00Z,2586.58,2025-07-03T10:30:00Z,2590.62,4.039999999999964,1.0
1108,short,2025-07-03T12:45:00Z,2578.08,2025-07-03T13:30:00Z,2590.06,-11.980000000000018,1.0
1109,long,2025-07-03T13:45:00Z,2621.12,2025-07-03T14:45:00Z,2596.9,-24.2199999999998,1.0
1110,short,2025-07-03T16:15:00Z,2576.05,2025-07-03T19:30:00Z,2587.13,-11.079999999999927,1.0
1111,long,2025-07-03T20:15:00Z,2588.91,2025-07-03T23:30:00Z,2587.3,-1.6099999999996726,1.0
1112,short,2025-07-04T01:00:00Z,2587.54,2025-07-04T01:15:00Z,2593.89,-6.349999999999909,1.0
1113,short,2025-07-04T02:45:00Z,2573.05,2025-07-04T09:30:00Z,2555.52,17.5300000000002,1.0
1114,short,2025-07-04T13:30:00Z,2535.08,2025-07-04T20:30:00Z,2490.82,44.25999999999976,1.0
1115,long,2025-07-04T22:30:00Z,2510.01,2025-07-05T08:30:00Z,2518.5,8.489999999999782,1.0
1116,short,2025-07-05T09:00:00Z,2515.18,2025-07-05T10:00:00Z,2520.26,-5.080000000000382,1.0
1117,short,2025-07-05T16:00:00Z,2506.88,2025-07-05T20:00:00Z,2504.4,2.480000000000018,1.0
1118,long,2025-07-05T21:30:00Z,2512.57,2025-07-06T02:30:00Z,2514.37,1.7999999999997272,1.0
1119,short,2025-07-06T03:30:00Z,2508.85,2025-07-06T04:15:00Z,2516.21,-7.360000000000127,1.0
1120,short,2025-07-06T05:45:00Z,2509.23,2025-07-06T06:15:00Z,2514.01,-4.7800000000002,1.0
1121,long,2025-07-06T06:30:00Z,2519.49,2025-07-06T08:15:00Z,2512.47,-7.019999999999982,1.0
1122,short,2025-07-06T08:30:00Z,2508.53,2025-07-06T12:00:00Z,2514.72,-6.1899999999996,1.0
1123,long,2025-07-06T12:45:00Z,2517.54,2025-07-06T18:30:00Z,2535.38,17.840000000000146,1.0
1124,short,2025-07-06T18:45:00Z,2527.12,2025-07-06T20:15:00Z,2546.29,-19.170000000000073,1.0
1125,long,2025-07-06T21:30:00Z,2564.31,2025-07-06T23:30:00Z,2563.99,-0.3200000000001637,1.0
1126,long,2025-07-07T08:45:00Z,2583.03,2025-07-07T10:00:00Z,2571.22,-11.8100000000004,1.0
1127,short,2025-07-07T10:30:00Z,2558.79,2025-07-07T14:00:00Z,2564.56,-5.769999999999982,1.0
1128,short,2025-07-07T14:30:00Z,2541.31,2025-07-07T19:00:00Z,2543.47,-2.1599999999998545,1.0
1129,long,2025-07-07T19:30:00Z,2549.57,2025-07-07T21:15:00Z,2530.02,-19.550000000000182,1.0
1130,long,2025-07-08T00:45:00Z,2551.42,2025-07-08T01:15:00Z,2535.04,-16.38000000000011,1.0
1131,long,2025-07-08T06:00:00Z,2551.0,2025-07-08T09:00:00Z,2545.12,-5.880000000000109,1.0
1132,long,2025-07-08T10:45:00Z,2563.35,2025-07-08T14:30:00Z,2569.33,5.980000000000018,1.0
1133,long,2025-07-08T17:15:00Z,2612.96,2025-07-08T22:15:00Z,2602.83,-10.13000000000011,1.0
1134,long,2025-07-09T01:15:00Z,2619.17,2025-07-09T01:30:00Z,2605.57,-13.599999999999909,1.0
1135,short,2025-07-09T03:15:00Z,2596.11,2025-07-09T05:45:00Z,2634.7,-38.58999999999969,1.0
1136,long,2025-07-09T05:45:00Z,2634.7,2025-07-09T09:00:00Z,2610.6,-24.09999999999991,1.0
1137,long,2025-07-09T12:15:00Z,2651.81,2025-07-09T14:45:00Z,2638.5,-13.309999999999945,1.0
1138,long,2025-07-09T18:15:00Z,2713.02,2025-07-10T00:45:00Z,2762.24,49.2199999999998,1.0
1139,long,2025-07-10T02:15:00Z,2785.41,2025-07-10T03:45:00Z,2772.0,-13.409999999999854,1.0
1140,long,2025-07-10T06:45:00Z,2785.96,2025-07-10T08:00:00Z,2789.54,3.5799999999999272,1.0
1141,short,2025-07-10T12:15:00Z,2767.83,2025-07-10T13:15:00Z,2782.85,-15.019999999999982,1.0
1142,long,2025-07-10T14:00:00Z,2783.23,2025-07-10T14:30:00Z,2763.19,-20.039999999999964,1.0
1143,short,2025-07-10T14:30:00Z,2763.19,2025-07-10T16:15:00Z,2776.66,-13.4699999999998,1.0
1144,long,2025-07-10T16:30:00Z,2804.77,2025-07-11T02:45:00Z,2958.85,154.07999999999993,1.0
1145,long,2025-07-11T05:15:00Z,2987.99,2025-07-11T07:15:00Z,2979.32,-8.669999999999618,1.0
1146,long,2025-07-11T09:45:00Z,3023.34,2025-07-11T10:15:00Z,2998.2,-25.140000000000327,1.0
1147,short,2025-07-11T15:15:00Z,2971.06,2025-07-11T17:15:00Z,2978.94,-7.880000000000109,1.0
1148,long,2025-07-11T19:30:00Z,2990.62,2025-07-11T21:45:00Z,2958.09,-32.529999999999745,1.0
1149,short,2025-07-11T22:15:00Z,2954.8,2025-07-12T01:15:00Z,2963.99,-9.1899999999996,1.0
1150,long,2025-07-12T07:15:00Z,2968.28,2025-07-12T11:45:00Z,2963.92,-4.360000000000127,1.0
1151,short,2025-07-12T12:15:00Z,2956.99,2025-07-12T17:30:00Z,2939.29,17.699999999999818,1.0
1152,short,2025-07-12T21:15:00Z,2922.9,2025-07-12T21:30:00Z,2931.89,-8.989999999999782,1.0
1153,long,2025-07-13T00:00:00Z,2941.88,2025-07-13T06:00:00Z,2949.26,7.380000000000109,1.0
1154,long,2025-07-13T06:45:00Z,2960.77,2025-07-13T08:30:00Z,2957.41,-3.3600000000001273,1.0
1155,short,2025-07-13T09:45:00Z,2947.21,2025-07-13T11:15:00Z,2959.58,-12.36999999999989,1.0
1156,long,2025-07-13T12:15:00Z,2960.48,2025-07-13T17:00:00Z,2973.16,12.679999999999836,1.0
1157,long,2025-07-13T19:45:00Z,2995.55,2025-07-13T20:15:00Z,2984.12,-11.430000000000291,1.0
1158,short,2025-07-13T21:45:00Z,2959.07,2025-07-14T00:00:00Z,2970.37,-11.299999999999727,1.0
1159,long,2025-07-14T02:30:00Z,3002.0,2025-07-14T07:30:00Z,3027.63,25.63000000000011,1.0
1160,long,2025-07-14T09:45:00Z,3060.93,2025-07-14T10:00:00Z,3043.69,-17.23999999999978,1.0
1161,long,2025-07-14T10:45:00Z,3069.42,2025-07-14T12:00:00Z,3051.1,-18.320000000000164,1.0
1162,short,2025-07-14T14:45:00Z,3030.74,2025-07-14T20:45:00Z,3006.81,23.929999999999836,1.0
1163,long,2025-07-15T00:30:00Z,3017.64,2025-07-15T00:45:00Z,2995.96,-21.679999999999836,1.0
1164,short,2025-07-15T01:30:00Z,2976.43,2025-07-15T01:45:00Z,2994.33,-17.90000000000009,1.0
1165,short,2025-07-15T02:30:00Z,2961.75,2025-07-15T06:00:00Z,2973.44,-11.690000000000055,1.0
1166,long,2025-07-15T13:15:00Z,3019.57,2025-07-15T15:00:00Z,2976.91,-42.66000000000031,1.0
1167,long,2025-07-15T17:30:00Z,3074.6,2025-07-15T20:30:00Z,3046.66,-27.940000000000055,1.0
1168,long,2025-07-15T23:15:00Z,3123.21,2025-07-16T02:45:00Z,3108.57,-14.639999999999873,1.0
1169,long,2025-07-16T06:00:00Z,3141.88,2025-07-16T10:30:00Z,3151.94,10.059999999999945,1.0
1170,long,2025-07-16T12:45:00Z,3171.47,2025-07-16T23:00:00Z,3362.32,190.85000000000036,1.0
1171,long,2025-07-17T06:30:00Z,3424.61,2025-07-17T11:30:00Z,3443.12,18.509999999999764,1.0
1172,short,2025-07-17T13:45:00Z,3381.61,2025-07-17T14:45:00Z,3422.98,-41.36999999999989,1.0
1173,long,2025-07-17T18:30:00Z,3430.0,2025-07-17T20:15:00Z,3391.8,-38.19999999999982,1.0
1174,long,2025-07-17T21:15:00Z,3484.56,2025-07-18T08:00:00Z,3607.11,122.55000000000018,1.0
1175,long,2025-07-18T13:00:00Z,3639.2,2025-07-18T14:30:00Z,3598.08,-41.11999999999989,1.0
1176,short,2025-07-18T14:30:00Z,3598.08,2025-07-18T17:30:00Z,3612.04,-13.960000000000036,1.0
1177,short,2025-07-18T20:15:00Z,3529.81,2025-07-18T21:30:00Z,3551.96,-22.15000000000009,1.0
1178,long,2025-07-19T03:15:00Z,3584.53,2025-07-19T06:30:00Z,3566.94,-17.590000000000146,1.0
1179,short,2025-07-19T08:15:00Z,3556.23,2025-07-19T11:30:00Z,3572.52,-16.289999999999964,1.0
1180,short,2025-07-19T15:00:00Z,3530.99,2025-07-19T15:30:00Z,3555.14,-24.15000000000009,1.0
1181,long,2025-07-19T19:45:00Z,3577.68,2025-07-19T21:15:00Z,3550.73,-26.949999999999818,1.0
1182,long,2025-07-19T23:45:00Z,3595.38,2025-07-20T06:15:00Z,3639.73,44.34999999999991,1.0
1183,long,2025-07-20T08:45:00Z,3703.47,2025-07-20T17:30:00Z,3773.01,69.54000000000042,1.0
1184,short,2025-07-20T22:15:00Z,3721.97,2025-07-20T22:45:00Z,3750.29,-28.320000000000164,1.0
1185,long,2025-07-21T04:30:00Z,3768.77,2025-07-21T09:00:00Z,3776.93,8.159999999999854,1.0
1186,long,2025-07-21T11:00:00Z,3811.02,2025-07-21T13:15:00Z,3775.35,-35.67000000000007,1.0
1187,long,2025-07-21T14:30:00Z,3835.62,2025-07-21T16:00:00Z,3808.89,-26.730000000000018,1.0
1188,short,2025-07-21T16:30:00Z,3773.49,2025-07-21T21:30:00Z,3758.57,14.919999999999618,1.0
1189,short,2025-07-22T01:15:00Z,3718.36,2025-07-22T01:30:00Z,3741.86,-23.5,1.0
1190,long,2025-07-22T02:00:00Z,3793.75,2025-07-22T03:00:00Z,3736.0,-57.75,1.0
1191,short,2025-07-22T04:45:00Z,3685.34,2025-07-22T10:15:00Z,3672.76,12.579999999999927,1.0
1192,long,2025-07-22T12:00:00Z,3704.4,2025-07-22T14:00:00Z,3648.43,-55.970000000000255,1.0
1193,long,2025-07-22T15:30:00Z,3715.88,2025-07-22T19:45:00Z,3682.77,-33.11000000000013,1.0
1194,short,2025-07-22T20:00:00Z,3668.9,2025-07-22T21:00:00Z,3707.0,-38.09999999999991,1.0
1195,long,2025-07-22T22:45:00Z,3723.45,2025-07-23T01:15:00Z,3719.69,-3.7599999999997635,1.0
1196,long,2025-07-23T02:45:00Z,3730.46,2025-07-23T04:00:00Z,3728.0,-2.4600000000000364,1.0
1197,short,2025-07-23T05:30:00Z,3713.22,2025-07-23T11:45:00Z,3675.01,38.20999999999958,1.0
1198,short,2025-07-23T13:00:00Z,3639.36,2025-07-23T16:00:00Z,3643.55,-4.190000000000055,1.0
1199,short,2025-07-23T17:00:00Z,3570.59,2025-07-23T19:00:00Z,3603.82,-33.23000000000002,1.0
1200,short,2025-07-23T20:45:00Z,3573.75,2025-07-23T21:45:00Z,3580.0,-6.25,1.0
1201,long,2025-07-23T22:45:00Z,3613.71,2025-07-24T04:30:00Z,3631.72,18.009999999999764,1.0
1202,short,2025-07-24T05:00:00Z,3608.82,2025-07-24T08:00:00Z,3589.94,18.88000000000011,1.0
1203,long,2025-07-24T10:15:00Z,3632.06,2025-07-24T14:15:00Z,3621.46,-10.599999999999909,1.0
1204,long,2025-07-24T14:45:00Z,3688.66,2025-07-24T16:30:00Z,3691.54,2.880000000000109,1.0
1205,short,2025-07-25T00:15:00Z,3684.07,2025-07-25T05:00:00Z,3647.06,37.01000000000022,1.0
1206,long,2025-07-25T08:30:00Z,3664.24,2025-07-25T13:45:00Z,3687.0,22.76000000000022,1.0
1207,short,2025-07-25T14:30:00Z,3679.62,2025-07-25T19:15:00Z,3653.08,26.539999999999964,1.0
1208,long,2025-07-25T20:30:00Z,3661.07,2025-07-26T02:00:00Z,3701.34,40.26999999999998,1.0
1209,long,2025-07-26T02:30:00Z,3745.2,2025-07-26T03:30:00Z,3727.78,-17.419999999999618,1.0
1210,long,2025-07-26T08:30:00Z,3761.0,2025-07-26T09:30:00Z,3751.0,-10.0,1.0
1211,long,2025-07-26T10:45:00Z,3778.74,2025-07-26T11:30:00Z,3748.07,-30.669999999999618,1.0
1212,short,2025-07-26T14:30:00Z,3728.94,2025-07-26T18:30:00Z,3730.21,-1.2699999999999818,1.0
1213,long,2025-07-26T18:45:00Z,3742.48,2025-07-26T22:30:00Z,3745.35,2.869999999999891,1.0
1214,short,2025-07-27T00:15:00Z,3734.78,2025-07-27T01:15:00Z,3766.39,-31.609999999999673,1.0
1215,long,2025-07-27T05:00:00Z,3789.37,2025-07-27T06:15:00Z,3776.69,-12.679999999999836,1.0
1216,short,2025-07-27T10:00:00Z,3762.31,2025-07-27T10:30:00Z,3783.96,-21.65000000000009,1.0
1217,long,2025-07-27T10:45:00Z,3819.99,2025-07-27T15:15:00Z,3797.01,-22.979999999999563,1.0
1218,long,2025-07-27T16:30:00Z,3835.47,2025-07-27T17:00:00Z,3814.8,-20.669999999999618,1.0
1219,long,2025-07-27T18:30:00Z,3860.01,2025-07-27T20:00:00Z,3827.35,-32.66000000000031,1.0
1220,long,2025-07-27T22:45:00Z,3873.23,2025-07-27T23:15:00Z,3841.79,-31.440000000000055,1.0
1221,long,2025-07-28T00:15:00Z,3880.6,2025-07-28T01:45:00Z,3848.23,-32.36999999999989,1.0
1222,long,2025-07-28T02:45:00Z,3889.17,2025-07-28T03:30:00Z,3870.27,-18.90000000000009,1.0
1223,long,2025-07-28T05:15:00Z,3920.64,2025-07-28T07:15:00Z,3882.99,-37.65000000000009,1.0
1224,short,2025-07-28T09:45:00Z,3876.83,2025-07-28T12:15:00Z,3880.41,-3.5799999999999272,1.0
1225,short,2025-07-28T13:15:00Z,3857.81,2025-07-28T19:15:00Z,3799.24,58.570000000000164,1.0
1226,long,2025-07-29T00:15:00Z,3806.69,2025-07-29T00:45:00Z,3753.17,-53.51999999999998,1.0
1227,short,2025-07-29T00:45:00Z,3753.17,2025-07-29T01:00:00Z,3778.87,-25.699999999999818,1.0
1228,short,2025-07-29T02:30:00Z,3757.25,2025-07-29T03:15:00Z,3781.15,-23.90000000000009,1.0
1229,long,2025-07-29T05:45:00Z,3797.99,2025-07-29T11:00:00Z,3828.72,30.730000000000018,1.0
1230,short,2025-07-29T11:45:00Z,3815.11,2025-07-29T12:30:00Z,3849.43,-34.31999999999971,1.0
1231,short,2025-07-29T14:15:00Z,3809.07,2025-07-29T19:15:00Z,3781.27,27.800000000000182,1.0
1232,long,2025-07-30T02:00:00Z,3790.38,2025-07-30T08:15:00Z,3800.18,9.799999999999727,1.0
1233,short,2025-07-30T09:45:00Z,3778.01,2025-07-30T14:15:00Z,3778.38,-0.36999999999989086,1.0
1234,long,2025-07-30T15:00:00Z,3817.75,2025-07-30T15:30:00Z,3783.8,-33.94999999999982,1.0
1235,short,2025-07-30T19:00:00Z,3736.39,2025-07-30T20:00:00Z,3758.69,-22.300000000000182,1.0
1236,long,2025-07-30T23:45:00Z,3803.89,2025-07-31T07:45:00Z,3861.34,57.45000000000027,1.0
1237,short,2025-07-31T11:30:00Z,3835.79,2025-07-31T16:45:00Z,3808.25,27.539999999999964,1.0
1238,short,2025-07-31T18:15:00Z,3752.94,2025-08-01T01:45:00Z,3690.36,62.57999999999993,1.0
1239,short,2025-08-01T06:30:00Z,3656.1,2025-08-01T11:45:00Z,3629.84,26.259999999999764,1.0
1240,long,2025-08-01T12:45:00Z,3667.12,2025-08-01T13:45:00Z,3624.48,-42.63999999999987,1.0
1241,short,2025-08-01T14:00:00Z,3598.23,2025-08-01T14:30:00Z,3649.91,-51.679999999999836,1.0
1242,short,2025-08-01T17:15:00Z,3571.01,2025-08-02T01:00:00Z,3513.88,57.13000000000011,1.0
1243,short,2025-08-02T06:30:00Z,3465.02,2025-08-02T07:30:00Z,3497.43,-32.409999999999854,1.0
1244,short,2025-08-02T14:45:00Z,3473.67,2025-08-02T17:15:00Z,3475.07,-1.400000000000091,1.0
1245,short,2025-08-02T18:00:00Z,3422.85,2025-08-02T23:00:00Z,3409.18,13.670000000000073,1.0
1246,short,2025-08-02T23:30:00Z,3373.77,2025-08-02T23:45:00Z,3406.56,-32.789999999999964,1.0
1247,short,2025-08-03T00:45:00Z,3393.58,2025-08-03T01:00:00Z,3408.25,-14.670000000000073,1.0
1248,long,2025-08-03T02:15:00Z,3430.02,2025-08-03T12:15:00Z,3477.56,47.539999999999964,1.0
1249,short,2025-08-03T15:15:00Z,3463.02,2025-08-03T16:45:00Z,3482.61,-19.590000000000146,1.0
1250,long,2025-08-03T19:30:00Z,3502.48,2025-08-03T22:15:00Z,3487.75,-14.730000000000018,1.0
1251,long,2025-08-03T23:30:00Z,3507.94,2025-08-03T23:45:00Z,3499.8,-8.139999999999873,1.0
1252,long,2025-08-04T00:45:00Z,3529.25,2025-08-04T05:15:00Z,3533.33,4.079999999999927,1.0
1253,long,2025-08-04T10:30:00Z,3562.52,2025-08-04T12:00:00Z,3554.01,-8.509999999999764,1.0
1254,long,2025-08-04T13:15:00Z,3566.41,2025-08-04T19:45:00Z,3668.54,102.13000000000011,1.0
1255,long,2025-08-04T21:30:00Z,3711.38,2025-08-05T00:30:00Z,3696.04,-15.340000000000146,1.0
1256,short,2025-08-05T02:30:00Z,3672.74,2025-08-05T06:30:00Z,3675.2,-2.4600000000000364,1.0
1257,short,2025-08-05T07:00:00Z,3649.15,2025-08-05T09:30:00Z,3644.99,4.160000000000309,1.0
1258,long,2025-08-05T10:45:00Z,3686.39,2025-08-05T12:45:00Z,3627.95,-58.440000000000055,1.0
1259,short,2025-08-05T14:15:00Z,3608.33,2025-08-05T20:15:00Z,3584.19,24.139999999999873,1.0
1260,short,2025-08-05T22:15:00Z,3576.26,2025-08-05T22:30:00Z,3584.19,-7.929999999999836,1.0
1261,long,2025-08-05T23:15:00Z,3607.92,2025-08-06T01:00:00Z,3575.26,-32.659999999999854,1.0
1262,long,2025-08-06T05:15:00Z,3616.8,2025-08-06T08:45:00Z,3610.86,-5.940000000000055,1.0
1263,short,2025-08-06T12:15:00Z,3592.65,2025-08-06T14:15:00Z,3607.7,-15.049999999999727,1.0
1264,long,2025-08-06T15:00:00Z,3634.99,2025-08-06T21:45:00Z,3660.51,25.520000000000437,1.0
1265,long,2025-08-07T00:00:00Z,3681.21,2025-08-07T02:00:00Z,3665.68,-15.5300000000002,1.0
1266,short,2025-08-07T02:45:00Z,3656.09,2025-08-07T06:00:00Z,3685.89,-29.799999999999727,1.0
1267,long,2025-08-07T07:00:00Z,3693.65,2025-08-07T15:15:00Z,3819.88,126.23000000000002,1.0
1268,long,2025-08-07T19:45:00Z,3849.61,2025-08-08T01:45:00Z,3886.68,37.06999999999971,1.0
1269,long,2025-08-08T03:30:00Z,3950.81,2025-08-08T04:15:00Z,3921.55,-29.259999999999764,1.0
1270,short,2025-08-08T08:45:00Z,3890.21,2025-08-08T11:15:00Z,3906.13,-15.920000000000073,1.0
1271,long,2025-08-08T13:45:00Z,3936.09,2025-08-08T15:45:00Z,3927.77,-8.320000000000164,1.0
1272,long,2025-08-08T17:45:00Z,4018.42,2025-08-08T22:30:00Z,4029.5,11.079999999999927,1.0
1273,long,2025-08-09T03:15:00Z,4040.67,2025-08-09T12:00:00Z,4189.39,148.72000000000025,1.0
1274,long,2025-08-09T17:45:00Z,4227.88,2025-08-09T22:45:00Z,4269.58,41.69999999999982,1.0
1275,long,2025-08-10T01:00:00Z,4309.44,2025-08-10T02:15:00Z,4283.25,-26.1899999999996,1.0
1276,short,2025-08-10T03:15:00Z,4244.09,2025-08-10T09:15:00Z,4215.2,28.890000000000327,1.0
1277,short,2025-08-10T14:00:00Z,4166.01,2025-08-10T14:30:00Z,4210.89,-44.88000000000011,1.0
1278,long,2025-08-10T15:15:00Z,4228.99,2025-08-10T20:15:00Z,4230.06,1.0700000000006185,1.0
1279,short,2025-08-10T20:30:00Z,4212.95,2025-08-10T22:00:00Z,4221.67,-8.720000000000255,1.0
1280,long,2025-08-11T00:30:00Z,4275.24,2025-08-11T05:45:00Z,4302.94,27.699999999999818,1.0
1281,short,2025-08-11T08:15:00Z,4273.97,2025-08-11T13:45:00Z,4254.34,19.63000000000011,1.0
1282,long,2025-08-11T14:00:00Z,4278.56,2025-08-11T18:45:00Z,4277.37,-1.1900000000005093,1.0
1283,short,2025-08-11T20:00:00Z,4257.53,2025-08-12T00:45:00Z,4235.16,22.36999999999989,1.0
1284,long,2025-08-12T01:00:00Z,4272.0,2025-08-12T05:45:00Z,4272.01,0.010000000000218279,1.0
1285,long,2025-08-12T08:45:00Z,4327.98,2025-08-12T09:45:00Z,4290.67,-37.30999999999949,1.0
1286,short,2025-08-12T11:15:00Z,4260.36,2025-08-12T12:30:00Z,4304.53,-44.17000000000007,1.0
1287,long,2025-08-12T12:45:00Z,4406.93,2025-08-13T01:15:00Z,4571.0,164.0699999999997,1.0
1288,long,2025-08-13T03:15:00Z,4610.01,2025-08-13T06:30:00Z,4616.19,6.1799999999993815,1.0
1289,long,2025-08-13T10:00:00Z,4706.8,2025-08-13T14:00:00Z,4670.01,-36.789999999999964,1.0
1290,short,2025-08-13T15:15:00Z,4641.1,2025-08-13T16:15:00Z,4687.66,-46.55999999999949,1.0
1291,long,2025-08-13T16:30:00Z,4718.0,2025-08-13T22:00:00Z,4720.4,2.399999999999636,1.0
1292,long,2025-08-13T23:00:00Z,4732.2,2025-08-14T00:15:00Z,4736.99,4.789999999999964,1.0
1293,long,2025-08-14T04:30:00Z,4775.55,2025-08-14T05:15:00Z,4737.9,-37.650000000000546,1.0
1294,long,2025-08-14T06:45:00Z,4770.37,2025-08-14T07:15:00Z,4734.11,-36.26000000000022,1.0
1295,short,2025-08-14T10:45:00Z,4705.73,2025-08-14T12:15:00Z,4729.44,-23.710000000000036,1.0
1296,short,2025-08-14T12:45:00Z,4619.23,2025-08-14T14:00:00Z,4611.26,7.969999999999345,1.0
1297,short,2025-08-14T18:30:00Z,4528.46,2025-08-14T21:15:00Z,4536.46,-8.0,1.0
1298,short,2025-08-14T21:45:00Z,4469.49,2025-08-14T22:30:00Z,4518.78,-49.289999999999964,1.0
1299,long,2025-08-15T01:45:00Z,4596.67,2025-08-15T09:30:00Z,4619.35,22.68000000000029,1.0
1300,short,2025-08-15T12:30:00Z,4612.26,2025-08-15T12:45:00Z,4627.73,-15.469999999999345,1.0
1301,long,2025-08-15T12:45:00Z,4627.73,2025-08-15T13:00:00Z,4626.58,-1.1499999999996362,1.0
1302,short,2025-08-15T13:45:00Z,4560.02,2025-08-15T20:30:00Z,4415.82,144.20000000000073,1.0
1303,long,2025-08-15T23:00:00Z,4473.01,2025-08-15T23:30:00Z,4423.6,-49.409999999999854,1.0
1304,short,2025-08-16T05:45:00Z,4425.0,2025-08-16T07:30:00Z,4442.32,-17.31999999999971,1.0
1305,long,2025-08-16T08:00:00Z,4449.48,2025-08-16T10:00:00Z,4395.93,-53.54999999999927,1.0
1306,short,2025-08-16T10:00:00Z,4395.93,2025-08-16T13:30:00Z,4418.31,-22.38000000000011,1.0
1307,long,2025-08-16T19:30:00Z,4418.87,2025-08-16T22:00:00Z,4406.41,-12.460000000000036,1.0
1308,short,2025-08-17T01:15:00Z,4405.23,2025-08-17T02:45:00Z,4415.5,-10.270000000000437,1.0
1309,long,2025-08-17T03:15:00Z,4438.15,2025-08-17T14:00:00Z,4533.86,95.71000000000004,1.0
1310,long,2025-08-17T16:15:00Z,4550.13,2025-08-17T16:30:00Z,4537.17,-12.960000000000036,1.0
1311,short,2025-08-17T17:00:00Z,4515.39,2025-08-17T21:45:00Z,4478.16,37.23000000000047,1.0
1312,long,2025-08-17T23:00:00Z,4520.07,2025-08-18T00:00:00Z,4470.66,-49.409999999999854,1.0
1313,short,2025-08-18T00:30:00Z,4446.64,2025-08-18T09:45:00Z,4295.34,151.30000000000018,1.0
1314,long,2025-08-18T12:45:00Z,4334.52,2025-08-18T14:00:00Z,4285.2,-49.32000000000062,1.0
1315,long,2025-08-18T17:45:00Z,4356.33,2025-08-18T20:45:00Z,4330.86,-25.470000000000255,1.0
1316,long,2025-08-18T22:30:00Z,4381.17,2025-08-18T23:00:00Z,4338.69,-42.48000000000047,1.0
1317,short,2025-08-18T23:45:00Z,4312.09,2025-08-19T01:00:00Z,4340.63,-28.539999999999964,1.0
1318,short,2025-08-19T03:15:00Z,4270.9,2025-08-19T08:15:00Z,4237.21,33.6899999999996,1.0
1319,long,2025-08-19T09:30:00Z,4278.18,2025-08-19T13:45:00Z,4276.75,-1.430000000000291,1.0
1320,short,2025-08-19T14:30:00Z,4209.4,2025-08-19T21:15:00Z,4163.01,46.38999999999942,1.0
1321,short,2025-08-19T23:30:00Z,4106.66,2025-08-20T02:15:00Z,4132.73,-26.06999999999971,1.0
1322,long,2025-08-20T03:30:00Z,4149.41,2025-08-20T11:30:00Z,4197.88,48.470000000000255,1.0
1323,short,2025-08-20T11:45:00Z,4161.81,2025-08-20T12:00:00Z,4193.48,-31.669999999999163,1.0
1324,short,2025-08-20T14:00:00Z,4134.06,2025-08-20T14:45:00Z,4205.12,-71.05999999999949,1.0
1325,long,2025-08-20T15:00:00Z,4211.67,2025-08-21T00:15:00Z,4316.36,104.6899999999996,1.0
1326,short,2025-08-21T02:30:00Z,4291.08,2025-08-21T05:45:00Z,4309.43,-18.350000000000364,1.0
1327,short,2025-08-21T07:30:00Z,4287.1,2025-08-21T08:00:00Z,4309.16,-22.05999999999949,1.0
1328,short,2025-08-21T09:15:00Z,4268.14,2025-08-21T09:45:00Z,4289.27,-21.13000000000011,1.0
1329,short,2025-08-21T12:30:00Z,4259.73,2025-08-21T13:45:00Z,4287.0,-27.270000000000437,1.0
1330,long,2025-08-21T14:30:00Z,4313.8,2025-08-21T14:45:00Z,4276.42,-37.38000000000011,1.0
1331,short,2025-08-21T15:15:00Z,4233.42,2025-08-21T21:00:00Z,4240.62,-7.199999999999818,1.0
1332,long,2025-08-22T02:00:00Z,4255.57,2025-08-22T10:45:00Z,4296.67,41.100000000000364,1.0
1333,short,2025-08-22T11:15:00Z,4277.54,2025-08-22T13:45:00Z,4300.38,-22.840000000000146,1.0
1334,long,2025-08-22T14:15:00Z,4593.54,2025-08-22T22:45:00Z,4812.01,218.47000000000025,1.0
1335,short,2025-08-23T02:30:00Z,4708.17,2025-08-23T05:45:00Z,4756.19,-48.01999999999953,1.0
1336,short,2025-08-23T12:00:00Z,4703.61,2025-08-23T12:15:00Z,4718.99,-15.38000000000011,1.0
1337,long,2025-08-23T14:30:00Z,4747.51,2025-08-23T17:30:00Z,4729.62,-17.890000000000327,1.0
1338,long,2025-08-23T22:30:00Z,4761.41,2025-08-24T01:15:00Z,4773.44,12.029999999999745,1.0
1339,short,2025-08-24T03:30:00Z,4761.69,2025-08-24T04:00:00Z,4787.76,-26.07000000000062,1.0
1340,short,2025-08-24T10:45:00Z,4746.81,2025-08-24T13:00:00Z,4753.4,-6.589999999999236,1.0
1341,long,2025-08-24T14:30:00Z,4778.73,2025-08-24T19:45:00Z,4849.07,70.34000000000015,1.0
1342,short,2025-08-24T20:15:00Z,4737.81,2025-08-25T02:15:00Z,4753.0,-15.1899999999996,1.0
1343,short,2025-08-25T06:15:00Z,4686.97,2025-08-25T12:00:00Z,4597.99,88.98000000000047,1.0
1344,long,2025-08-25T13:30:00Z,4651.64,2025-08-25T16:00:00Z,4610.31,-41.32999999999993,1.0
1345,short,2025-08-25T17:15:00Z,4581.01,2025-08-26T01:30:00Z,4385.42,195.59000000000015,1.0
1346,long,2025-08-26T11:15:00Z,4442.75,2025-08-26T11:30:00Z,4419.44,-23.3100000000004,1.0
1347,long,2025-08-26T12:45:00Z,4508.26,2025-08-26T14:15:00Z,4464.71,-43.55000000000018,1.0
1348,long,2025-08-26T15:00:00Z,4550.31,2025-08-27T00:30:00Z,4588.0,37.6899999999996,1.0
1349,short,2025-08-27T01:30:00Z,4547.49,2025-08-27T04:00:00Z,4601.08,-53.590000000000146,1.0
1350,long,2025-08-27T04:15:00Z,4625.67,2025-08-27T06:45:00Z,4593.2,-32.470000000000255,1.0
1351,long,2025-08-27T12:15:00Z,4609.74,2025-08-27T12:45:00Z,4582.41,-27.329999999999927,1.0
1352,long,2025-08-27T13:45:00Z,4624.1,2025-08-27T14:00:00Z,4593.0,-31.100000000000364,1.0
1353,long,2025-08-27T14:45:00Z,4626.65,2025-08-27T15:00:00Z,4611.19,-15.460000000000036,1.0
1354,short,2025-08-27T19:15:00Z,4542.74,2025-08-27T20:30:00Z,4585.0,-42.26000000000022,1.0
1355,short,2025-08-27T22:15:00Z,4497.6,2025-08-28T02:30:00Z,4519.27,-21.670000000000073,1.0
1356,long,2025-08-28T04:15:00Z,4548.47,2025-08-28T09:45:00Z,4586.98,38.50999999999931,1.0
1357,long,2025-08-28T13:30:00Z,4595.68,2025-08-28T13:45:00Z,4588.89,-6.789999999999964,1.0
1358,short,2025-08-28T14:00:00Z,4572.85,2025-08-28T21:30:00Z,4477.27,95.57999999999993,1.0
1359,short,2025-08-29T01:30:00Z,4447.99,2025-08-29T02:15:00Z,4486.52,-38.530000000000655,1.0
1360,short,2025-08-29T06:45:00Z,4471.77,2025-08-29T12:15:00Z,4365.2,106.57000000000062,1.0
1361,short,2025-08-29T14:00:00Z,4329.67,2025-08-29T17:45:00Z,4343.23,-13.55999999999949,1.0
1362,short,2025-08-29T21:15:00Z,4334.45,2025-08-29T21:30:00Z,4337.98,-3.5299999999997453,1.0
1363,long,2025-08-29T21:45:00Z,4374.22,2025-08-30T00:45:00Z,4330.2,-44.02000000000044,1.0
1364,short,2025-08-30T02:00:00Z,4262.93,2025-08-30T03:15:00Z,4322.11,-59.17999999999938,1.0
1365,long,2025-08-30T03:30:00Z,4357.19,2025-08-30T10:45:00Z,4385.21,28.020000000000437,1.0
1366,short,2025-08-30T12:30:00Z,4371.29,2025-08-30T15:30:00Z,4369.65,1.6400000000003274,1.0
1367,short,2025-08-30T19:30:00Z,4345.98,2025-08-30T21:15:00Z,4352.19,-6.210000000000036,1.0
1368,long,2025-08-30T23:15:00Z,4366.14,2025-08-31T06:00:00Z,4457.5,91.35999999999967,1.0
1369,long,2025-08-31T09:30:00Z,4469.52,2025-08-31T10:15:00Z,4450.41,-19.110000000000582,1.0
1370,long,2025-08-31T12:00:00Z,4474.54,2025-08-31T14:15:00Z,4456.27,-18.269999999999527,1.0
1371,long,2025-08-31T19:00:00Z,4487.2,2025-08-31T19:30:00Z,4466.97,-20.229999999999563,1.0
1372,short,2025-08-31T20:00:00Z,4453.24,2025-08-31T21:45:00Z,4473.9,-20.659999999999854,1.0
1373,short,2025-08-31T22:45:00Z,4439.88,2025-09-01T01:45:00Z,4422.81,17.06999999999971,1.0
1374,long,2025-09-01T07:30:00Z,4419.1,2025-09-01T10:30:00Z,4429.3,10.199999999999818,1.0
1375,short,2025-09-01T14:00:00Z,4383.72,2025-09-01T19:45:00Z,4363.93,19.789999999999964,1.0
1376,short,2025-09-01T20:45:00Z,4268.82,2025-09-01T23:15:00Z,4303.0,-34.18000000000029,1.0
1377,long,2025-09-02T01:45:00Z,4330.26,2025-09-02T08:00:00Z,4375.44,45.17999999999938,1.0
1378,short,2025-09-02T12:00:00Z,4346.05,2025-09-02T13:45:00Z,4341.14,4.9099999999998545,1.0
1379,short,2025-09-02T19:00:00Z,4294.58,2025-09-02T20:30:00Z,4303.47,-8.890000000000327,1.0
1380,long,2025-09-02T21:45:00Z,4326.64,2025-09-03T01:15:00Z,4292.18,-34.460000000000036,1.0
1381,short,2025-09-03T01:15:00Z,4292.18,2025-09-03T02:00:00Z,4323.4,-31.219999999999345,1.0
1382,long,2025-09-03T02:30:00Z,4351.49,2025-09-03T06:00:00Z,4313.0,-38.48999999999978,1.0
1383,short,2025-09-03T07:30:00Z,4299.93,2025-09-03T08:15:00Z,4321.12,-21.1899999999996,1.0
1384,long,2025-09-03T10:00:00Z,4349.92,2025-09-03T19:30:00Z,4459.29,109.36999999999989,1.0
1385,long,2025-09-04T00:45:00Z,4466.46,2025-09-04T01:15:00Z,4453.06,-13.399999999999636,1.0
1386,short,2025-09-04T02:45:00Z,4425.98,2025-09-04T08:30:00Z,4387.52,38.45999999999913,1.0
1387,long,2025-09-04T10:15:00Z,4407.43,2025-09-04T12:45:00Z,4388.02,-19.409999999999854,1.0
1388,short,2025-09-04T14:00:00Z,4375.99,2025-09-04T20:15:00Z,4294.31,81.67999999999938,1.0
1389,long,2025-09-04T23:00:00Z,4339.52,2025-09-05T00:00:00Z,4295.68,-43.840000000000146,1.0
1390,long,2025-09-05T05:15:00Z,4333.29,2025-09-05T12:45:00Z,4431.56,98.27000000000044,1.0
1391,short,2025-09-05T14:30:00Z,4320.89,2025-09-05T19:30:00Z,4326.11,-5.219999999999345,1.0
1392,long,2025-09-05T20:45:00Z,4337.02,2025-09-05T21:30:00Z,4301.15,-35.8700000000008,1.0
1393,short,2025-09-06T05:30:00Z,4296.0,2025-09-06T07:15:00Z,4306.5,-10.5,1.0
1394,short,2025-09-06T10:30:00Z,4292.1,2025-09-06T10:45:00Z,4301.17,-9.069999999999709,1.0
1395,short,2025-09-06T15:15:00Z,4270.72,2025-09-06T16:45:00Z,4271.29,-0.569999999999709,1.0
1396,long,2025-09-07T01:00:00Z,4282.1,2025-09-07T06:15:00Z,4288.76,6.6599999999998545,1.0
1397,short,2025-09-07T06:45:00Z,4284.84,2025-09-07T07:30:00Z,4291.12,-6.279999999999745,1.0
1398,long,2025-09-07T07:45:00Z,4297.26,2025-09-07T09:45:00Z,4292.55,-4.710000000000036,1.0
1399,long,2025-09-07T14:45:00Z,4309.12,2025-09-07T15:00:00Z,4298.03,-11.090000000000146,1.0
1400,short,2025-09-07T16:30:00Z,4289.16,2025-09-07T19:45:00Z,4293.95,-4.789999999999964,1.0
1401,long,2025-09-07T22:30:00Z,4302.35,2025-09-08T00:00:00Z,4303.83,1.4799999999995634,1.0
1402,short,2025-09-08T01:30:00Z,4285.43,2025-09-08T03:00:00Z,4306.97,-21.539999999999964,1.0
1403,short,2025-09-08T08:00:00Z,4289.82,2025-09-08T09:00:00Z,4300.01,-10.19000000000051,1.0
1404,long,2025-09-08T09:15:00Z,4315.76,2025-09-08T11:30:00Z,4302.46,-13.300000000000182,1.0
1405,long,2025-09-08T13:15:00Z,4357.56,2025-09-08T14:00:00Z,4318.14,-39.42000000000007,1.0
1406,long,2025-09-08T15:15:00Z,4360.97,2025-09-08T17:00:00Z,4337.53,-23.44000000000051,1.0
1407,short,2025-09-08T18:00:00Z,4309.26,2025-09-08T22:00:00Z,4320.01,-10.75,1.0
1408,short,2025-09-09T01:30:00Z,4287.97,2025-09-09T03:30:00Z,4299.85,-11.88000000000011,1.0
1409,long,2025-09-09T04:30:00Z,4309.16,2025-09-09T11:00:00Z,4346.75,37.590000000000146,1.0
1410,long,2025-09-09T12:45:00Z,4347.2,2025-09-09T13:00:00Z,4343.69,-3.5100000000002183,1.0
1411,short,2025-09-09T14:15:00Z,4334.27,2025-09-09T20:00:00Z,4292.55,41.720000000000255,1.0
1412,long,2025-09-09T21:15:00Z,4312.51,2025-09-10T00:30:00Z,4296.21,-16.300000000000182,1.0
1413,long,2025-09-10T02:30:00Z,4316.94,2025-09-10T06:15:00Z,4298.01,-18.92999999999938,1.0
1414,long,2025-09-10T07:30:00Z,4329.32,2025-09-10T16:15:00Z,4381.54,52.220000000000255,1.0
1415,short,2025-09-10T17:30:00Z,4346.66,2025-09-10T21:45:00Z,4346.89,-0.23000000000047294,1.0
1416,long,2025-09-11T01:00:00Z,4357.49,2025-09-11T09:15:00Z,4418.71,61.220000000000255,1.0
1417,long,2025-09-11T12:15:00Z,4452.58,2025-09-11T13:15:00Z,4390.86,-61.720000000000255,1.0
1418,long,2025-09-11T22:30:00Z,4441.44,2025-09-12T08:15:00Z,4523.87,82.43000000000029,1.0
1419,long,2025-09-12T14:00:00Z,4537.98,2025-09-12T14:45:00Z,4523.25,-14.729999999999563,1.0
1420,long,2025-09-12T16:30:00Z,4567.31,2025-09-12T23:15:00Z,4677.24,109.92999999999938,1.0
1421,long,2025-09-13T03:45:00Z,4745.25,2025-09-13T05:30:00Z,4719.95,-25.300000000000182,1.0
1422,long,2025-09-13T10:15:00Z,4733.33,2025-09-13T10:30:00Z,4718.32,-15.010000000000218,1.0
1423,short,2025-09-13T14:00:00Z,4684.0,2025-09-13T14:30:00Z,4699.14,-15.140000000000327,1.0
1424,short,2025-09-13T15:45:00Z,4653.35,2025-09-13T20:15:00Z,4655.23,-1.8799999999991996,1.0
1425,long,2025-09-14T00:15:00Z,4674.42,2025-09-14T01:15:00Z,4653.33,-21.090000000000146,1.0
1426,long,2025-09-14T02:15:00Z,4686.97,2025-09-14T04:00:00Z,4661.01,-25.960000000000036,1.0
1427,short,2025-09-14T04:30:00Z,4656.73,2025-09-14T04:45:00Z,4664.29,-7.5600000000004,1.0
1428,short,2025-09-14T11:30:00Z,4638.14,2025-09-14T17:30:00Z,4615.78,22.360000000000582,1.0
1429,long,2025-09-14T21:45:00Z,4633.09,2025-09-14T23:15:00Z,4610.58,-22.51000000000022,1.0
1430,short,2025-09-15T00:15:00Z,4596.56,2025-09-15T00:30:00Z,4613.21,-16.649999999999636,1.0
1431,short,2025-09-15T01:15:00Z,4583.18,2025-09-15T01:45:00Z,4615.19,-32.00999999999931,1.0
1432,long,2025-09-15T03:30:00Z,4628.21,2025-09-15T06:45:00Z,4637.18,8.970000000000255,1.0
1433,short,2025-09-15T07:45:00Z,4605.01,2025-09-15T14:30:00Z,4525.83,79.18000000000029,1.0
1434,short,2025-09-15T15:30:00Z,4489.09,2025-09-15T16:15:00Z,4503.69,-14.599999999999454,1.0
1435,long,2025-09-15T21:45:00Z,4520.83,2025-09-16T02:00:00Z,4515.74,-5.0900000000001455,1.0
1436,short,2025-09-16T04:30:00Z,4512.35,2025-09-16T04:45:00Z,4512.41,-0.05999999999949068,1.0
1437,short,2025-09-16T13:45:00Z,4452.95,2025-09-16T14:00:00Z,4471.49,-18.539999999999964,1.0
1438,short,2025-09-16T14:15:00Z,4432.5,2025-09-16T17:15:00Z,4489.28,-56.779999999999745,1.0
1439,long,2025-09-16T21:15:00Z,4490.5,2025-09-17T00:15:00Z,4495.78,5.279999999999745,1.0
1440,long,2025-09-17T02:45:00Z,4535.83,2025-09-17T03:30:00Z,4517.45,-18.38000000000011,1.0
1441,short,2025-09-17T04:30:00Z,4485.89,2025-09-17T06:00:00Z,4512.39,-26.5,1.0
1442,long,2025-09-17T07:30:00Z,4540.01,2025-09-17T08:45:00Z,4500.9,-39.11000000000058,1.0
1443,short,2025-09-17T11:00:00Z,4481.85,2025-09-17T13:15:00Z,4504.69,-22.839999999999236,1.0
1444,short,2025-09-17T14:30:00Z,4472.55,2025-09-17T15:15:00Z,4494.39,-21.840000000000146,1.0
1445,long,2025-09-17T17:45:00Z,4508.74,2025-09-17T18:00:00Z,4426.0,-82.73999999999978,1.0
1446,short,2025-09-17T18:00:00Z,4426.0,2025-09-17T18:30:00Z,4495.28,-69.27999999999975,1.0
1447,long,2025-09-17T20:15:00Z,4529.71,2025-09-18T04:30:00Z,4605.83,76.11999999999989,1.0
1448,short,2025-09-18T06:15:00Z,4561.38,2025-09-18T08:45:00Z,4591.66,-30.279999999999745,1.0
1449,short,2025-09-18T12:00:00Z,4573.99,2025-09-18T14:00:00Z,4586.06,-12.070000000000618,1.0
1450,long,2025-09-18T14:15:00Z,4605.11,2025-09-18T15:30:00Z,4588.93,-16.17999999999938,1.0
1451,long,2025-09-18T16:45:00Z,4628.0,2025-09-18T19:15:00Z,4604.5,-23.5,1.0
1452,short,2025-09-18T19:45:00Z,4592.46,2025-09-19T00:15:00Z,4587.67,4.789999999999964,1.0
1453,long,2025-09-19T00:45:00Z,4607.86,2025-09-19T02:30:00Z,4590.01,-17.849999999999454,1.0
1454,short,2025-09-19T03:45:00Z,4550.92,2025-09-19T09:15:00Z,4539.74,11.180000000000291,1.0
1455,short,2025-09-19T10:00:00Z,4520.88,2025-09-19T14:00:00Z,4525.82,-4.9399999999996,1.0
1456,short,2025-09-19T15:00:00Z,4493.16,2025-09-19T20:30:00Z,4460.7,32.460000000000036,1.0
1457,long,2025-09-20T05:00:00Z,4472.27,2025-09-20T07:30:00Z,4468.61,-3.660000000000764,1.0
1458,short,2025-09-20T09:45:00Z,4461.85,2025-09-20T10:15:00Z,4470.55,-8.699999999999818,1.0
1459,long,2025-09-20T15:00:00Z,4485.44,2025-09-20T17:15:00Z,4479.74,-5.699999999999818,1.0
1460,short,2025-09-21T00:30:00Z,4474.88,2025-09-21T02:45:00Z,4475.01,-0.13000000000010914,1.0
1461,long,2025-09-21T06:45:00Z,4489.64,2025-09-21T08:00:00Z,4475.85,-13.789999999999964,1.0
1462,short,2025-09-21T09:15:00Z,4463.35,2025-09-21T12:15:00Z,4463.0,0.3500000000003638,1.0
1463,long,2025-09-21T15:00:00Z,4470.67,2025-09-21T16:45:00Z,4468.98,-1.6900000000005093,1.0
1464,long,2025-09-21T18:00:00Z,4489.52,2025-09-21T19:15:00Z,4478.6,-10.920000000000073,1.0
1465,short,2025-09-21T22:15:00Z,4455.12,2025-09-22T06:30:00Z,4178.6,276.5199999999995,1.0
1466,short,2025-09-22T16:00:00Z,4165.83,2025-09-22T20:30:00Z,4156.91,8.920000000000073,1.0
1467,long,2025-09-22T21:45:00Z,4193.48,2025-09-23T01:15:00Z,4175.28,-18.199999999999818,1.0
1468,short,2025-09-23T01:45:00Z,4171.9,2025-09-23T03:30:00Z,4175.21,-3.3100000000004,1.0
1469,long,2025-09-23T06:30:00Z,4199.8,2025-09-23T09:45:00Z,4192.83,-6.970000000000255,1.0
1470,short,2025-09-23T11:15:00Z,4181.94,2025-09-23T14:45:00Z,4189.52,-7.580000000000837,1.0
1471,short,2025-09-23T15:15:00Z,4180.57,2025-09-23T15:30:00Z,4190.56,-9.990000000000691,1.0
1472,short,2025-09-23T17:45:00Z,4142.76,2025-09-23T21:00:00Z,4173.91,-31.149999999999636,1.0
1473,long,2025-09-24T00:30:00Z,4183.47,2025-09-24T02:15:00Z,4168.31,-15.159999999999854,1.0
1474,short,2025-09-24T03:15:00Z,4162.0,2025-09-24T04:45:00Z,4151.99,10.010000000000218,1.0
1475,long,2025-09-24T07:30:00Z,4168.01,2025-09-24T10:30:00Z,4166.0,-2.0100000000002183,1.0
1476,short,2025-09-24T10:45:00Z,4168.87,2025-09-24T11:00:00Z,4175.4,-6.529999999999745,1.0
1477,long,2025-09-24T11:15:00Z,4190.7,2025-09-24T12:15:00Z,4177.7,-13.0,1.0
1478,short,2025-09-24T13:45:00Z,4171.38,2025-09-24T14:45:00Z,4179.42,-8.039999999999964,1.0
1479,long,2025-09-24T15:00:00Z,4191.76,2025-09-24T16:00:00Z,4163.82,-27.94000000000051,1.0
1480,short,2025-09-24T20:45:00Z,4161.49,2025-09-24T21:15:00Z,4169.06,-7.5700000000006185,1.0
1481,short,2025-09-24T22:00:00Z,4142.88,2025-09-24T23:15:00Z,4157.99,-15.109999999999673,1.0
1482,short,2025-09-25T01:00:00Z,4126.73,2025-09-25T08:15:00Z,4029.6,97.12999999999965,1.0
1483,short,2025-09-25T12:30:00Z,3940.18,2025-09-25T12:45:00Z,3994.39,-54.210000000000036,1.0
1484,short,2025-09-25T17:15:00Z,3897.3,2025-09-25T19:00:00Z,3923.71,-26.409999999999854,1.0
1485,short,2025-09-25T23:45:00Z,3871.92,2025-09-26T00:30:00Z,3901.66,-29.73999999999978,1.0
1486,long,2025-09-26T01:00:00Z,3930.78,2025-09-26T06:00:00Z,3919.62,-11.16000000000031,1.0
1487,short,2025-09-26T06:00:00Z,3919.62,2025-09-26T06:45:00Z,3942.17,-22.550000000000182,1.0
1488,short,2025-09-26T07:45:00Z,3907.54,2025-09-26T12:45:00Z,3946.86,-39.320000000000164,1.0
1489,long,2025-09-26T12:45:00Z,3946.86,2025-09-26T13:30:00Z,3913.69,-33.17000000000007,1.0
1490,long,2025-09-26T14:00:00Z,3968.86,2025-09-26T21:45:00Z,4010.25,41.38999999999987,1.0
1491,short,2025-09-27T07:45:00Z,4007.0,2025-09-27T10:45:00Z,4011.09,-4.0900000000001455,1.0
1492,long,2025-09-27T13:00:00Z,4027.2,2025-09-27T15:15:00Z,4001.0,-26.199999999999818,1.0
1493,short,2025-09-27T17:15:00Z,3993.48,2025-09-27T20:00:00Z,4000.66,-7.179999999999836,1.0
1494,long,2025-09-27T21:45:00Z,4014.85,2025-09-28T01:00:00Z,4014.72,-0.13000000000010914,1.0
1495,short,2025-09-28T01:45:00Z,3995.88,2025-09-28T05:45:00Z,4010.33,-14.449999999999818,1.0
1496,short,2025-09-28T09:15:00Z,3991.18,2025-09-28T13:30:00Z,3996.45,-5.269999999999982,1.0
1497,long,2025-09-28T14:00:00Z,4011.75,2025-09-28T19:15:00Z,4032.25,20.5,1.0
1498,long,2025-09-28T20:45:00Z,4055.01,2025-09-28T21:45:00Z,4043.76,-11.25,1.0
1499,long,2025-09-28T22:15:00Z,4086.95,2025-09-29T03:15:00Z,4102.42,15.470000000000255,1.0
1500,short,2025-09-29T07:30:00Z,4092.53,2025-09-29T07:45:00Z,4104.99,-12.459999999999582,1.0
1501,long,2025-09-29T08:45:00Z,4124.93,2025-09-29T11:15:00Z,4093.27,-31.66000000000031,1.0
1502,short,2025-09-29T13:00:00Z,4095.87,2025-09-29T13:45:00Z,4146.22,-50.350000000000364,1.0
1503,long,2025-09-29T13:45:00Z,4146.22,2025-09-29T17:00:00Z,4140.0,-6.220000000000255,1.0
1504,long,2025-09-29T20:15:00Z,4192.66,2025-09-30T00:30:00Z,4196.88,4.220000000000255,1.0
1505,long,2025-09-30T01:00:00Z,4203.71,2025-09-30T01:15:00Z,4215.47,11.760000000000218,1.0
1506,short,2025-09-30T05:15:00Z,4184.05,2025-09-30T06:30:00Z,4194.41,-10.359999999999673,1.0
1507,short,2025-09-30T08:45:00Z,4168.83,2025-09-30T12:30:00Z,4165.41,3.4200000000000728,1.0
1508,short,2025-09-30T14:15:00Z,4140.14,2025-09-30T15:00:00Z,4147.05,-6.9099999999998545,1.0
1509,short,2025-09-30T15:15:00Z,4116.0,2025-09-30T19:30:00Z,4123.67,-7.670000000000073,1.0
1510,long,2025-09-30T20:00:00Z,4158.48,2025-09-30T22:45:00Z,4140.93,-17.549999999999272,1.0
1511,short,2025-10-01T07:00:00Z,4124.65,2025-10-01T07:45:00Z,4140.93,-16.280000000000655,1.0
1512,long,2025-10-01T08:30:00Z,4164.77,2025-10-01T13:45:00Z,4291.85,127.07999999999993,1.0
1513,long,2025-10-01T14:15:00Z,4303.86,2025-10-01T17:45:00Z,4303.27,-0.589999999999236,1.0
1514,long,2025-10-01T23:45:00Z,4333.49,2025-10-02T07:45:00Z,4382.16,48.67000000000007,1.0
1515,long,2025-10-02T12:45:00Z,4390.5,2025-10-02T13:30:00Z,4391.44,0.9399999999995998,1.0
1516,long,2025-10-02T14:15:00Z,4397.59,2025-10-02T14:45:00Z,4384.28,-13.3100000000004,1.0
1517,short,2025-10-02T15:00:00Z,4372.54,2025-10-02T15:15:00Z,4390.98,-18.4399999999996,1.0
1518,long,2025-10-02T16:00:00Z,4435.5,2025-10-02T22:00:00Z,4466.66,31.159999999999854,1.0
1519,long,2025-10-03T02:15:00Z,4491.4,2025-10-03T04:00:00Z,4498.97,7.5700000000006185,1.0
1520,short,2025-10-03T07:00:00Z,4470.1,2025-10-03T09:30:00Z,4473.44,-3.339999999999236,1.0
1521,long,2025-10-03T10:45:00Z,4489.6,2025-10-03T13:45:00Z,4469.45,-20.150000000000546,1.0
1522,short,2025-10-03T14:15:00Z,4449.1,2025-10-03T14:45:00Z,4470.3,-21.199999999999818,1.0
1523,long,2025-10-03T15:45:00Z,4499.57,2025-10-03T17:30:00Z,4496.56,-3.009999999999309,1.0
1524,short,2025-10-04T01:15:00Z,4490.27,2025-10-04T04:45:00Z,4492.13,-1.8599999999996726,1.0
1525,long,2025-10-04T05:30:00Z,4498.58,2025-10-04T08:30:00Z,4492.0,-6.579999999999927,1.0
1526,short,2025-10-04T12:00:00Z,4482.42,2025-10-04T13:15:00Z,4497.74,-15.319999999999709,1.0
1527,long,2025-10-04T13:15:00Z,4497.74,2025-10-04T15:00:00Z,4468.26,-29.479999999999563,1.0
1528,short,2025-10-04T15:00:00Z,4468.26,2025-10-04T20:00:00Z,4465.4,2.860000000000582,1.0
1529,long,2025-10-04T20:30:00Z,4482.67,2025-10-05T01:00:00Z,4469.59,-13.079999999999927,1.0
1530,short,2025-10-05T01:00:00Z,4469.59,2025-10-05T01:15:00Z,4479.16,-9.569999999999709,1.0
1531,long,2025-10-05T02:45:00Z,4520.75,2025-10-05T09:45:00Z,4550.47,29.720000000000255,1.0
1532,short,2025-10-05T10:15:00Z,4537.34,2025-10-05T17:00:00Z,4526.88,10.460000000000036,1.0
1533,short,2025-10-05T20:00:00Z,4485.32,2025-10-05T22:15:00Z,4501.34,-16.020000000000437,1.0
1534,long,2025-10-06T06:15:00Z,4546.14,2025-10-06T07:45:00Z,4536.37,-9.770000000000437,1.0
1535,long,2025-10-06T10:15:00Z,4562.89,2025-10-06T20:45:00Z,4687.44,124.54999999999927,1.0
1536,long,2025-10-07T04:45:00Z,4704.69,2025-10-07T06:30:00Z,4675.02,-29.669999999999163,1.0
1537,short,2025-10-07T06:45:00Z,4668.89,2025-10-07T10:15:00Z,4695.41,-26.519999999999527,1.0
1538,long,2025-10-07T11:30:00Z,4694.47,2025-10-07T13:45:00Z,4685.7,-8.770000000000437,1.0
1539,short,2025-10-07T14:15:00Z,4653.25,2025-10-07T20:30:00Z,4510.18,143.0699999999997,1.0
1540,short,2025-10-07T23:45:00Z,4459.68,2025-10-08T01:00:00Z,4469.3,-9.61999999999989,1.0
1541,short,2025-10-08T04:15:00Z,4439.02,2025-10-08T04:45:00Z,4458.09,-19.06999999999971,1.0
1542,long,2025-10-08T08:45:00Z,4491.9,2025-10-08T13:00:00Z,4476.34,-15.55999999999949,1.0
1543,short,2025-10-08T13:45:00Z,4454.52,2025-10-08T14:00:00Z,4474.03,-19.50999999999931,1.0
1544,long,2025-10-08T14:15:00Z,4492.18,2025-10-08T14:45:00Z,4463.87,-28.3100000000004,1.0
1545,short,2025-10-08T15:00:00Z,4447.99,2025-10-08T17:00:00Z,4494.54,-46.55000000000018,1.0
1546,long,2025-10-08T17:30:00Z,4538.1,2025-10-08T22:30:00Z,4523.4,-14.700000000000728,1.0
1547,short,2025-10-09T01:15:00Z,4497.42,2025-10-09T11:45:00Z,4382.37,115.05000000000018,1.0
1548,short,2025-10-09T14:45:00Z,4317.03,2025-10-09T19:15:00Z,4319.32,-2.2899999999999636,1.0
1549,long,2025-10-09T21:15:00Z,4353.51,2025-10-10T02:45:00Z,4366.86,13.349999999999454,1.0
1550,short,2025-10-10T03:00:00Z,4357.74,2025-10-10T03:30:00Z,4375.74,-18.0,1.0
1551,short,2025-10-10T04:00:00Z,4345.01,2025-10-10T06:00:00Z,4366.57,-21.55999999999949,1.0
1552,short,2025-10-10T07:00:00Z,4325.66,2025-10-10T09:00:00Z,4343.91,-18.25,1.0
1553,long,2025-10-10T13:15:00Z,4352.1,2025-10-10T14:15:00Z,4349.12,-2.980000000000473,1.0
1554,short,2025-10-10T15:00:00Z,4277.7,2025-10-10T21:45:00Z,3822.2,455.5,1.0
1555,short,2025-10-11T07:15:00Z,3770.3,2025-10-11T08:30:00Z,3799.12,-28.81999999999971,1.0
1556,long,2025-10-11T10:30:00Z,3852.5,2025-10-11T13:30:00Z,3818.8,-33.69999999999982,1.0
1557,short,2025-10-11T13:45:00Z,3802.9,2025-10-11T14:00:00Z,3830.21,-27.309999999999945,1.0
1558,short,2025-10-11T19:15:00Z,3782.54,2025-10-11T22:30:00Z,3738.96,43.57999999999993,1.0
1559,long,2025-10-12T03:15:00Z,3757.97,2025-10-12T09:15:00Z,3811.06,53.090000000000146,1.0
1560,long,2025-10-12T10:00:00Z,3841.39,2025-10-12T10:15:00Z,3828.48,-12.909999999999854,1.0
1561,long,2025-10-12T15:00:00Z,3973.35,2025-10-12T21:30:00Z,4120.03,146.67999999999984,1.0
1562,long,2025-10-13T02:00:00Z,4196.92,2025-10-13T02:45:00Z,4158.24,-38.68000000000029,1.0
1563,long,2025-10-13T07:15:00Z,4182.3,2025-10-13T09:15:00Z,4147.37,-34.93000000000029,1.0
1564,short,2025-10-13T11:15:00Z,4124.49,2025-10-13T12:45:00Z,4116.15,8.340000000000146,1.0
1565,long,2025-10-13T17:15:00Z,4161.82,2025-10-13T23:30:00Z,4249.9,88.07999999999993,1.0
1566,short,2025-10-14T02:15:00Z,4200.57,2025-10-14T11:45:00Z,3968.41,232.15999999999985,1.0
1567,long,2025-10-14T15:45:00Z,4020.55,2025-10-14T19:45:00Z,4055.24,34.6899999999996,1.0
1568,short,2025-10-15T01:30:00Z,4084.62,2025-10-15T02:00:00Z,4111.8,-27.18000000000029,1.0
1569,long,2025-10-15T02:45:00Z,4121.0,2025-10-15T03:15:00Z,4101.64,-19.359999999999673,1.0
1570,short,2025-10-15T03:45:00Z,4074.77,2025-10-15T05:00:00Z,4114.59,-39.820000000000164,1.0
1571,long,2025-10-15T08:15:00Z,4135.78,2025-10-15T10:30:00Z,4125.66,-10.11999999999989,1.0
1572,short,2025-10-15T12:30:00Z,4076.43,2025-10-15T19:45:00Z,3993.28,83.14999999999964,1.0
1573,short,2025-10-15T21:15:00Z,3955.0,2025-10-15T21:30:00Z,3971.49,-16.48999999999978,1.0
1574,long,2025-10-16T02:00:00Z,4007.79,2025-10-16T05:00:00Z,3997.15,-10.639999999999873,1.0
1575,short,2025-10-16T06:00:00Z,3994.72,2025-10-16T06:30:00Z,4016.26,-21.54000000000042,1.0
1576,long,2025-10-16T07:00:00Z,4039.99,2025-10-16T07:30:00Z,4001.2,-38.789999999999964,1.0
1577,long,2025-10-16T10:15:00Z,4057.01,2025-10-16T14:15:00Z,3985.53,-71.48000000000002,1.0
1578,short,2025-10-16T15:45:00Z,3951.36,2025-10-16T23:15:00Z,3877.83,73.5300000000002,1.0
1579,long,2025-10-17T00:45:00Z,3918.01,2025-10-17T02:30:00Z,3901.02,-16.990000000000236,1.0
1580,short,2025-10-17T05:45:00Z,3898.45,2025-10-17T11:30:00Z,3795.72,102.73000000000002,1.0
1581,long,2025-10-17T16:15:00Z,3820.0,2025-10-17T23:15:00Z,3842.17,22.170000000000073,1.0
1582,long,2025-10-18T07:15:00Z,3907.79,2025-10-18T08:45:00Z,3881.69,-26.09999999999991,1.0
1583,short,2025-10-18T13:45:00Z,3859.76,2025-10-18T15:00:00Z,3872.33,-12.569999999999709,1.0
1584,long,2025-10-18T17:30:00Z,3885.0,2025-10-18T21:15:00Z,3877.0,-8.0,1.0
1585,short,2025-10-19T00:45:00Z,3865.62,2025-10-19T03:30:00Z,3884.35,-18.730000000000018,1.0
1586,long,2025-10-19T03:45:00Z,3897.64,2025-10-19T06:15:00Z,3887.96,-9.679999999999836,1.0
1587,short,2025-10-19T08:30:00Z,3873.58,2025-10-19T09:45:00Z,3895.14,-21.559999999999945,1.0
1588,long,2025-10-19T14:00:00Z,3970.24,2025-10-19T19:15:00Z,3987.76,17.520000000000437,1.0
1589,long,2025-10-19T22:30:00Z,4013.47,2025-10-19T23:15:00Z,4000.83,-12.639999999999873,1.0
1590,short,2025-10-20T00:15:00Z,3954.85,2025-10-20T03:45:00Z,3977.72,-22.86999999999989,1.0
1591,long,2025-10-20T04:00:00Z,4025.87,2025-10-20T09:00:00Z,4043.81,17.940000000000055,1.0
1592,short,2025-10-20T11:15:00Z,4014.38,2025-10-20T14:00:00Z,4037.42,-23.039999999999964,1.0
1593,short,2025-10-20T16:00:00Z,4002.73,2025-10-20T20:15:00Z,3986.96,15.769999999999982,1.0
1594,short,2025-10-21T01:15:00Z,3955.21,2025-10-21T08:00:00Z,3890.53,64.67999999999984,1.0
1595,long,2025-10-21T12:30:00Z,3902.83,2025-10-21T13:00:00Z,3878.89,-23.940000000000055,1.0
1596,short,2025-10-21T14:00:00Z,3864.77,2025-10-21T14:15:00Z,3925.48,-60.710000000000036,1.0
1597,long,2025-10-21T14:15:00Z,3925.48,2025-10-21T19:30:00Z,3999.49,74.00999999999976,1.0
1598,short,2025-10-21T20:30:00Z,3950.55,2025-10-22T04:15:00Z,3868.62,81.93000000000029,1.0
1599,short,2025-10-22T09:30:00Z,3848.66,2025-10-22T11:15:00Z,3823.63,25.029999999999745,1.0
1600,long,2025-10-22T14:00:00Z,3871.3,2025-10-22T14:30:00Z,3810.5,-60.80000000000018,1.0
1601,short,2025-10-22T20:00:00Z,3802.53,2025-10-22T23:15:00Z,3770.74,31.79000000000042,1.0
1602,long,2025-10-23T01:00:00Z,3813.93,2025-10-23T11:15:00Z,3873.96,60.0300000000002,1.0
1603,short,2025-10-23T12:15:00Z,3844.08,2025-10-23T15:15:00Z,3863.62,-19.539999999999964,1.0
1604,long,2025-10-23T17:00:00Z,3916.36,2025-10-23T19:00:00Z,3868.64,-47.720000000000255,1.0
1605,short,2025-10-23T20:15:00Z,3840.29,2025-10-23T23:30:00Z,3852.54,-12.25,1.0
1606,long,2025-10-24T01:00:00Z,3865.61,2025-10-24T10:00:00Z,3956.87,91.25999999999976,1.0
1607,long,2025-10-24T12:45:00Z,3975.61,2025-10-24T13:00:00Z,3962.3,-13.309999999999945,1.0
1608,short,2025-10-24T14:15:00Z,3934.84,2025-10-24T18:45:00Z,3908.38,26.460000000000036,1.0
1609,long,2025-10-24T19:30:00Z,3932.68,2025-10-25T00:15:00Z,3923.25,-9.429999999999836,1.0
1610,short,2025-10-25T00:30:00Z,3918.22,2025-10-25T01:30:00Z,3930.68,-12.460000000000036,1.0
1611,long,2025-10-25T07:30:00Z,3939.66,2025-10-25T07:45:00Z,3928.4,-11.259999999999764,1.0
1612,short,2025-10-25T15:15:00Z,3928.38,2025-10-25T18:15:00Z,3936.81,-8.429999999999836,1.0
1613,long,2025-10-25T18:45:00Z,3960.36,2025-10-25T21:00:00Z,3943.7,-16.66000000000031,1.0
1614,short,2025-10-26T02:00:00Z,3931.41,2025-10-26T05:00:00Z,3937.89,-6.480000000000018,1.0
1615,long,2025-10-26T07:45:00Z,3948.81,2025-10-26T16:45:00Z,4060.69,111.88000000000011,1.0
1616,long,2025-10-26T21:45:00Z,4078.77,2025-10-27T07:45:00Z,4205.0,126.23000000000002,1.0
1617,short,2025-10-27T08:30:00Z,4159.62,2025-10-27T13:30:00Z,4161.57,-1.949999999999818,1.0
1618,short,2025-10-27T13:45:00Z,4145.58,2025-10-27T14:00:00Z,4175.65,-30.06999999999971,1.0
1619,long,2025-10-27T14:00:00Z,4175.65,2025-10-27T14:15:00Z,4147.38,-28.269999999999527,1.0
1620,short,2025-10-27T14:30:00Z,4146.29,2025-10-27T15:15:00Z,4168.5,-22.210000000000036,1.0
1621,long,2025-10-27T16:15:00Z,4184.96,2025-10-27T20:15:00Z,4148.53,-36.43000000000029,1.0
1622,short,2025-10-27T20:15:00Z,4148.53,2025-10-28T01:30:00Z,4128.37,20.159999999999854,1.0
1623,short,2025-10-28T03:00:00Z,4094.02,2025-10-28T07:00:00Z,4111.37,-17.34999999999991,1.0
1624,long,2025-10-28T08:30:00Z,4125.48,2025-10-28T12:00:00Z,4110.11,-15.36999999999989,1.0
1625,short,2025-10-28T12:30:00Z,4102.3,2025-10-28T13:00:00Z,4120.0,-17.699999999999818,1.0
1626,long,2025-10-28T13:15:00Z,4128.76,2025-10-28T14:45:00Z,4105.77,-22.98999999999978,1.0
1627,short,2025-10-28T15:00:00Z,4117.29,2025-10-28T15:15:00Z,4135.5,-18.210000000000036,1.0
1628,short,2025-10-28T19:30:00Z,4053.17,2025-10-29T01:15:00Z,3972.82,80.34999999999991,1.0
1629,long,2025-10-29T05:30:00Z,4020.25,2025-10-29T08:15:00Z,4010.16,-10.090000000000146,1.0
1630,short,2025-10-29T09:15:00Z,3992.49,2025-10-29T11:30:00Z,4007.07,-14.580000000000382,1.0
1631,long,2025-10-29T13:15:00Z,4024.83,2025-10-29T13:45:00Z,4000.93,-23.90000000000009,1.0
1632,short,2025-10-29T14:00:00Z,3993.19,2025-10-29T17:45:00Z,4002.55,-9.360000000000127,1.0
1633,short,2025-10-29T18:45:00Z,3861.09,2025-10-29T19:15:00Z,3946.47,-85.37999999999965,1.0
1634,short,2025-10-30T04:30:00Z,3854.77,2025-10-30T05:45:00Z,3912.9,-58.13000000000011,1.0
1635,short,2025-10-30T11:00:00Z,3891.31,2025-10-30T21:00:00Z,3755.01,136.29999999999973,1.0
1636,long,2025-10-31T00:00:00Z,3802.8,2025-10-31T06:15:00Z,3833.71,30.909999999999854,1.0
1637,long,2025-10-31T12:00:00Z,3872.16,2025-10-31T12:45:00Z,3844.4,-27.759999999999764,1.0
1638,short,2025-10-31T17:00:00Z,3820.87,2025-10-31T18:45:00Z,3859.78,-38.91000000000031,1.0
1639,long,2025-10-31T19:45:00Z,3891.61,2025-10-31T21:15:00Z,3841.11,-50.5,1.0
1640,short,2025-11-01T00:30:00Z,3840.26,2025-11-01T03:00:00Z,3850.58,-10.319999999999709,1.0
1641,long,2025-11-01T03:45:00Z,3857.82,2025-11-01T13:30:00Z,3873.01,15.190000000000055,1.0
1642,short,2025-11-01T13:45:00Z,3861.21,2025-11-01T14:00:00Z,3868.62,-7.4099999999998545,1.0
1643,long,2025-11-01T15:15:00Z,3891.73,2025-11-01T17:15:00Z,3879.55,-12.179999999999836,1.0
1644,short,2025-11-02T00:45:00Z,3868.43,2025-11-02T02:15:00Z,3874.47,-6.039999999999964,1.0
1645,long,2025-11-02T02:45:00Z,3877.23,2025-11-02T07:30:00Z,3892.99,15.759999999999764,1.0
1646,long,2025-11-02T08:00:00Z,3904.58,2025-11-02T09:00:00Z,3893.22,-11.360000000000127,1.0
1647,short,2025-11-02T09:45:00Z,3875.34,2025-11-02T11:45:00Z,3888.23,-12.889999999999873,1.0
1648,short,2025-11-02T14:30:00Z,3841.36,2025-11-02T18:00:00Z,3857.7,-16.33999999999969,1.0
1649,long,2025-11-02T23:15:00Z,3879.62,2025-11-03T01:00:00Z,3863.31,-16.309999999999945,1.0
1650,short,2025-11-03T01:30:00Z,3846.36,2025-11-03T09:15:00Z,3733.65,112.71000000000004,1.0
1651,short,2025-11-03T11:00:00Z,3674.55,2025-11-03T11:30:00Z,3704.99,-30.4399999999996,1.0
1652,short,2025-11-03T15:30:00Z,3634.59,2025-11-03T17:45:00Z,3660.67,-26.079999999999927,1.0
1653,short,2025-11-03T21:00:00Z,3586.83,2025-11-04T00:00:00Z,3602.15,-15.320000000000164,1.0
1654,long,2025-11-04T01:45:00Z,3641.8,2025-11-04T05:30:00Z,3560.8,-81.0,1.0
1655,short,2025-11-04T05:30:00Z,3560.8,2025-11-04T11:15:00Z,3510.55,50.25,1.0
1656,short,2025-11-04T14:45:00Z,3524.75,2025-11-04T15:00:00Z,3554.34,-29.590000000000146,1.0
1657,long,2025-11-04T15:00:00Z,3554.34,2025-11-04T16:00:00Z,3505.99,-48.350000000000364,1.0
1658,short,2025-11-04T16:30:00Z,3475.55,2025-11-04T22:15:00Z,3266.29,209.26000000000022,1.0
1659,long,2025-11-05T03:00:00Z,3323.85,2025-11-05T08:15:00Z,3314.43,-9.420000000000073,1.0
1660,short,2025-11-05T08:30:00Z,3291.25,2025-11-05T12:00:00Z,3320.98,-29.730000000000018,1.0
1661,long,2025-11-05T12:30:00Z,3352.92,2025-11-05T21:45:00Z,3436.88,83.96000000000004,1.0
1662,short,2025-11-06T00:30:00Z,3402.44,2025-11-06T02:45:00Z,3413.19,-10.75,1.0
1663,long,2025-11-06T03:15:00Z,3432.79,2025-11-06T05:30:00Z,3411.29,-21.5,1.0
1664,short,2025-11-06T07:30:00Z,3385.03,2025-11-06T10:30:00Z,3386.18,-1.1499999999996362,1.0
1665,short,2025-11-06T12:45:00Z,3347.81,2025-11-06T13:30:00Z,3391.0,-43.190000000000055,1.0
1666,short,2025-11-06T14:45:00Z,3335.83,2025-11-06T18:00:00Z,3328.32,7.5099999999997635,1.0
1667,short,2025-11-07T01:45:00Z,3290.64,2025-11-07T02:00:00Z,3323.55,-32.91000000000031,1.0
1668,long,2025-11-07T03:00:00Z,3345.69,2025-11-07T08:45:00Z,3335.75,-9.940000000000055,1.0
1669,short,2025-11-07T09:30:00Z,3305.42,2025-11-07T14:45:00Z,3276.0,29.420000000000073,1.0
1670,long,2025-11-07T15:15:00Z,3312.78,2025-11-07T23:30:00Z,3436.25,123.4699999999998,1.0
1671,long,2025-11-08T03:45:00Z,3454.41,2025-11-08T05:15:00Z,3445.31,-9.099999999999909,1.0
1672,short,2025-11-08T06:15:00Z,3419.64,2025-11-08T08:45:00Z,3462.9,-43.26000000000022,1.0
1673,short,2025-11-08T11:45:00Z,3418.32,2025-11-08T17:30:00Z,3388.77,29.550000000000182,1.0
1674,long,2025-11-08T21:45:00Z,3407.26,2025-11-09T00:15:00Z,3386.18,-21.080000000000382,1.0
1675,short,2025-11-09T03:00:00Z,3366.56,2025-11-09T05:15:00Z,3388.68,-22.11999999999989,1.0
1676,long,2025-11-09T05:30:00Z,3405.23,2025-11-09T10:00:00Z,3399.65,-5.579999999999927,1.0
1677,short,2025-11-09T10:15:00Z,3389.48,2025-11-09T11:15:00Z,3423.0,-33.51999999999998,1.0
1678,long,2025-11-09T12:30:00Z,3445.94,2025-11-09T23:45:00Z,3568.54,122.59999999999991,1.0
1679,long,2025-11-10T00:45:00Z,3628.99,2025-11-10T05:30:00Z,3609.19,-19.799999999999727,1.0
1680,short,2025-11-10T09:15:00Z,3590.55,2025-11-10T09:45:00Z,3616.57,-26.019999999999982,1.0
1681,long,2025-11-10T10:00:00Z,3623.32,2025-11-10T11:00:00Z,3605.08,-18.240000000000236,1.0
1682,short,2025-11-10T12:15:00Z,3592.17,2025-11-10T13:45:00Z,3613.48,-21.309999999999945,1.0
1683,short,2025-11-10T14:45:00Z,3580.37,2025-11-10T19:45:00Z,3562.35,18.019999999999982,1.0
1684,long,2025-11-10T20:15:00Z,3575.15,2025-11-10T21:30:00Z,3538.32,-36.82999999999993,1.0
1685,long,2025-11-11T01:00:00Z,3584.01,2025-11-11T02:00:00Z,3579.97,-4.040000000000418,1.0
1686,short,2025-11-11T05:45:00Z,3546.29,2025-11-11T09:15:00Z,3571.62,-25.329999999999927,1.0
1687,long,2025-11-11T12:15:00Z,3578.42,2025-11-11T12:30:00Z,3564.44,-13.980000000000018,1.0
1688,short,2025-11-11T13:00:00Z,3539.68,2025-11-12T01:15:00Z,3436.49,103.19000000000005,1.0
1689,long,2025-11-12T06:30:00Z,3450.9,2025-11-12T08:00:00Z,3426.51,-24.389999999999873,1.0
1690,long,2025-11-12T08:30:00Z,3458.0,2025-11-12T15:00:00Z,3500.94,42.940000000000055,1.0
1691,short,2025-11-12T15:00:00Z,3500.94,2025-11-12T20:45:00Z,3424.3,76.63999999999987,1.0
1692,long,2025-11-13T01:15:00Z,3443.28,2025-11-13T02:00:00Z,3422.77,-20.51000000000022,1.0
1693,long,2025-11-13T03:45:00Z,3453.54,2025-11-13T09:15:00Z,3502.31,48.76999999999998,1.0
1694,short,2025-11-13T13:30:00Z,3466.78,2025-11-13T22:45:00Z,3224.99,241.79000000000042,1.0
1695,short,2025-11-14T04:45:00Z,3150.53,2025-11-14T05:45:00Z,3180.86,-30.329999999999927,1.0
1696,short,2025-11-14T11:45:00Z,3136.31,2025-11-14T14:30:00Z,3133.01,3.299999999999727,1.0
1697,long,2025-11-14T14:45:00Z,3199.87,2025-11-14T18:45:00Z,3163.69,-36.179999999999836,1.0
1698,short,2025-11-14T20:45:00Z,3128.95,2025-11-14T22:45:00Z,3172.75,-43.80000000000018,1.0
1699,short,2025-11-14T23:15:00Z,3119.83,2025-11-15T01:15:00Z,3145.15,-25.320000000000164,1.0
1700,long,2025-11-15T02:45:00Z,3187.05,2025-11-15T06:45:00Z,3168.68,-18.370000000000346,1.0
1701,short,2025-11-15T08:30:00Z,3156.78,2025-11-15T09:45:00Z,3160.51,-3.730000000000018,1.0
1702,long,2025-11-15T13:30:00Z,3176.91,2025-11-15T16:30:00Z,3168.73,-8.179999999999836,1.0
1703,long,2025-11-15T17:30:00Z,3199.02,2025-11-15T20:30:00Z,3187.24,-11.7800000000002,1.0
1704,short,2025-11-15T21:45:00Z,3156.38,2025-11-16T02:30:00Z,3176.69,-20.309999999999945,1.0
1705,long,2025-11-16T02:30:00Z,3176.69,2025-11-16T11:15:00Z,3198.55,21.860000000000127,1.0
1706,short,2025-11-16T11:15:00Z,3198.55,2025-11-16T18:15:00Z,3116.17,82.38000000000011,1.0
1707,short,2025-11-16T23:15:00Z,3063.88,2025-11-16T23:30:00Z,3090.09,-26.210000000000036,1.0
1708,long,2025-11-17T00:30:00Z,3120.45,2025-11-17T12:15:00Z,3190.33,69.88000000000011,1.0
1709,short,2025-11-17T13:15:00Z,3164.08,2025-11-17T14:45:00Z,3177.25,-13.170000000000073,1.0
1710,short,2025-11-17T16:15:00Z,3077.92,2025-11-17T22:45:00Z,3029.36,48.559999999999945,1.0
1711,short,2025-11-18T02:30:00Z,3036.31,2025-11-18T02:45:00Z,3027.72,8.590000000000146,1.0
1712,short,2025-11-18T03:15:00Z,2972.94,2025-11-18T03:45:00Z,3014.0,-41.059999999999945,1.0
1713,long,2025-11-18T08:15:00Z,3031.71,2025-11-18T13:00:00Z,3048.04,16.329999999999927,1.0
1714,short,2025-11-18T13:45:00Z,3037.73,2025-11-18T14:00:00Z,3046.99,-9.259999999999764,1.0
1715,long,2025-11-18T14:45:00Z,3062.33,2025-11-18T20:45:00Z,3131.21,68.88000000000011,1.0
1716,short,2025-11-18T21:45:00Z,3102.82,2025-11-19T01:45:00Z,3106.02,-3.199999999999818,1.0
1717,short,2025-11-19T03:45:00Z,3078.0,2025-11-19T07:45:00Z,3072.1,5.900000000000091,1.0
1718,long,2025-11-19T08:30:00Z,3097.35,2025-11-19T13:45:00Z,3075.8,-21.549999999999727,1.0
1719,short,2025-11-19T14:15:00Z,3060.73,2025-11-19T15:15:00Z,3084.99,-24.259999999999764,1.0
1720,short,2025-11-19T15:45:00Z,3001.88,2025-11-19T21:00:00Z,2944.09,57.789999999999964,1.0
1721,long,2025-11-19T23:15:00Z,3016.18,2025-11-20T04:15:00Z,3029.27,13.090000000000146,1.0
1722,long,2025-11-20T05:15:00Z,3048.35,2025-11-20T05:30:00Z,3036.44,-11.909999999999854,1.0
1723,short,2025-11-20T06:45:00Z,3012.1,2025-11-20T08:00:00Z,3038.1,-26.0,1.0
1724,short,2025-11-20T10:00:00Z,3010.06,2025-11-20T11:45:00Z,3018.15,-8.090000000000146,1.0
1725,short,2025-11-20T14:15:00Z,2968.59,2025-11-20T14:30:00Z,3012.18,-43.58999999999969,1.0
1726,short,2025-11-20T15:15:00Z,2971.86,2025-11-20T21:30:00Z,2863.56,108.30000000000018,1.0
1727,short,2025-11-21T02:30:00Z,2837.18,2025-11-21T08:15:00Z,2741.67,95.50999999999976,1.0
1728,short,2025-11-21T12:30:00Z,2638.22,2025-11-21T12:45:00Z,2728.15,-89.93000000000029,1.0
1729,long,2025-11-21T14:45:00Z,2759.09,2025-11-21T16:15:00Z,2697.8,-61.289999999999964,1.0
1730,long,2025-11-21T17:15:00Z,2783.36,2025-11-21T18:15:00Z,2728.92,-54.440000000000055,1.0
1731,long,2025-11-22T01:45:00Z,2767.2,2025-11-22T02:45:00Z,2742.04,-25.159999999999854,1.0
1732,short,2025-11-22T04:30:00Z,2735.35,2025-11-22T06:45:00Z,2761.32,-25.970000000000255,1.0
1733,long,2025-11-22T07:15:00Z,2758.43,2025-11-22T08:15:00Z,2745.64,-12.789999999999964,1.0
1734,short,2025-11-22T08:45:00Z,2728.08,2025-11-22T11:45:00Z,2740.0,-11.920000000000073,1.0
1735,long,2025-11-22T14:30:00Z,2743.81,2025-11-22T15:45:00Z,2728.57,-15.239999999999782,1.0
1736,long,2025-11-22T16:45:00Z,2754.94,2025-11-22T21:00:00Z,2739.99,-14.950000000000273,1.0
1737,short,2025-11-22T21:00:00Z,2739.99,2025-11-22T21:45:00Z,2745.34,-5.350000000000364,1.0
1738,long,2025-11-22T22:30:00Z,2757.89,2025-11-23T06:45:00Z,2810.31,52.42000000000007,1.0
1739,short,2025-11-23T07:30:00Z,2780.71,2025-11-23T09:30:00Z,2808.31,-27.59999999999991,1.0
1740,long,2025-11-23T12:15:00Z,2826.72,2025-11-23T14:30:00Z,2827.84,1.1200000000003456,1.0
1741,short,2025-11-23T17:00:00Z,2798.66,2025-11-23T19:30:00Z,2819.65,-20.990000000000236,1.0
1742,long,2025-11-23T21:30:00Z,2837.61,2025-11-23T23:15:00Z,2813.67,-23.940000000000055,1.0
1743,short,2025-11-23T23:30:00Z,2804.99,2025-11-24T02:00:00Z,2804.75,0.23999999999978172,1.0
1744,long,2025-11-24T02:15:00Z,2857.98,2025-11-24T04:30:00Z,2813.64,-44.340000000000146,1.0
1745,long,2025-11-24T05:15:00Z,2878.78,2025-11-24T07:00:00Z,2837.81,-40.970000000000255,1.0
1746,short,2025-11-24T09:30:00Z,2793.19,2025-11-24T13:15:00Z,2815.54,-22.34999999999991,1.0
1747,long,2025-11-24T16:00:00Z,2845.15,2025-11-24T23:45:00Z,2961.45,116.29999999999973,1.0
1748,short,2025-11-25T02:00:00Z,2917.99,2025-11-25T05:00:00Z,2936.05,-18.0600000000004,1.0
1749,short,2025-11-25T08:00:00Z,2901.56,2025-11-25T11:00:00Z,2896.68,4.880000000000109,1.0
1750,long,2025-11-25T12:15:00Z,2920.78,2025-11-25T14:45:00Z,2878.89,-41.89000000000033,1.0
1751,short,2025-11-25T14:45:00Z,2878.89,2025-11-25T15:45:00Z,2906.55,-27.66000000000031,1.0
1752,long,2025-11-25T16:45:00Z,2924.04,2025-11-25T19:15:00Z,2902.53,-21.509999999999764,1.0
1753,long,2025-11-25T23:00:00Z,2968.74,2025-11-26T03:45:00Z,2934.99,-33.75,1.0
1754,short,2025-11-26T03:45:00Z,2934.99,2025-11-26T07:30:00Z,2944.3,-9.3100000000004,1.0
1755,short,2025-11-26T08:45:00Z,2918.18,2025-11-26T13:30:00Z,2912.07,6.109999999999673,1.0
1756,long,2025-11-26T13:45:00Z,2922.17,2025-11-26T15:00:00Z,2909.33,-12.840000000000146,1.0
1757,long,2025-11-26T16:30:00Z,2942.89,2025-11-26T22:45:00Z,3020.84,77.95000000000027,1.0
1758,long,2025-11-27T01:00:00Z,3033.75,2025-11-27T03:00:00Z,3035.76,2.0100000000002183,1.0
1759,short,2025-11-27T12:30:00Z,3012.69,2025-11-27T16:00:00Z,3009.68,3.0100000000002183,1.0
1760,long,2025-11-27T18:30:00Z,3021.45,2025-11-27T22:45:00Z,3011.05,-10.399999999999636,1.0
1761,short,2025-11-27T22:45:00Z,3011.05,2025-11-28T04:15:00Z,3014.95,-3.899999999999636,1.0
1762,long,2025-11-28T05:15:00Z,3027.22,2025-11-28T06:30:00Z,3010.0,-17.2199999999998,1.0
1763,short,2025-11-28T08:00:00Z,3000.13,2025-11-28T08:15:00Z,3015.24,-15.109999999999673,1.0
1764,long,2025-11-28T09:00:00Z,3063.61,2025-11-28T11:15:00Z,3032.75,-30.860000000000127,1.0
1765,long,2025-11-28T14:00:00Z,3072.56,2025-11-28T14:45:00Z,3053.97,-18.590000000000146,1.0
1766,short,2025-11-28T16:45:00Z,3034.53,2025-11-28T19:45:00Z,3051.14,-16.609999999999673,1.0
1767,short,2025-11-29T03:45:00Z,3020.78,2025-11-29T05:00:00Z,3039.18,-18.399999999999636,1.0
1768,short,2025-11-29T06:30:00Z,3013.5,2025-11-29T11:45:00Z,2998.19,15.309999999999945,1.0
1769,short,2025-11-29T17:45:00Z,2983.51,2025-11-29T18:45:00Z,2991.3,-7.789999999999964,1.0
1770,long,2025-11-30T00:30:00Z,2994.59,2025-11-30T02:45:00Z,2995.75,1.1599999999998545,1.0
1771,short,2025-11-30T03:30:00Z,2985.92,2025-11-30T03:45:00Z,3002.58,-16.659999999999854,1.0
1772,long,2025-11-30T07:45:00Z,3002.43,2025-11-30T11:30:00Z,3003.51,1.080000000000382,1.0
1773,long,2025-11-30T12:45:00Z,3024.9,2025-11-30T18:15:00Z,3033.53,8.63000000000011,1.0
1774,short,2025-11-30T21:15:00Z,3019.44,2025-11-30T22:15:00Z,3030.19,-10.75,1.0
1775,short,2025-11-30T23:30:00Z,3006.64,2025-12-01T07:45:00Z,2837.48,169.15999999999985,1.0
1776,short,2025-12-01T12:15:00Z,2818.87,2025-12-01T13:15:00Z,2826.8,-7.930000000000291,1.0
1777,short,2025-12-01T15:30:00Z,2769.2,2025-12-01T20:30:00Z,2747.78,21.419999999999618,1.0
1778,long,2025-12-01T21:45:00Z,2795.05,2025-12-02T03:00:00Z,2799.69,4.639999999999873,1.0
1779,long,2025-12-02T07:00:00Z,2811.73,2025-12-02T08:15:00Z,2794.23,-17.5,1.0
1780,short,2025-12-02T08:45:00Z,2793.48,2025-12-02T09:15:00Z,2801.81,-8.329999999999927,1.0
1781,long,2025-12-02T11:00:00Z,2821.72,2025-12-02T20:30:00Z,2982.83,161.11000000000013,1.0
1782,long,2025-12-03T02:00:00Z,3014.27,2025-12-03T08:30:00Z,3048.72,34.44999999999982,1.0
1783,long,2025-12-03T12:15:00Z,3072.45,2025-12-03T14:15:00Z,3047.15,-25.299999999999727,1.0
1784,short,2025-12-03T14:15:00Z,3047.15,2025-12-03T14:30:00Z,3072.51,-25.360000000000127,1.0
1785,long,2025-12-03T14:45:00Z,3130.28,2025-12-03T15:00:00Z,3074.8,-55.48000000000002,1.0
1786,long,2025-12-03T21:00:00Z,3136.83,2025-12-04T04:45:00Z,3196.81,59.98000000000002,1.0
1787,short,2025-12-04T13:00:00Z,3175.41,2025-12-04T13:30:00Z,3184.21,-8.800000000000182,1.0
1788,short,2025-12-04T15:00:00Z,3143.0,2025-12-04T15:15:00Z,3178.59,-35.590000000000146,1.0
1789,long,2025-12-04T15:45:00Z,3213.38,2025-12-04T16:45:00Z,3178.52,-34.86000000000013,1.0
1790,short,2025-12-04T17:45:00Z,3149.76,2025-12-04T21:45:00Z,3133.47,16.29000000000042,1.0
1791,long,2025-12-05T01:15:00Z,3148.67,2025-12-05T04:45:00Z,3155.63,6.960000000000036,1.0
1792,short,2025-12-05T08:45:00Z,3149.17,2025-12-05T10:45:00Z,3143.89,5.2800000000002,1.0
1793,short,2025-12-05T13:45:00Z,3095.58,2025-12-05T15:15:00Z,3140.0,-44.42000000000007,1.0
1794,long,2025-12-05T15:15:00Z,3140.0,2025-12-05T16:00:00Z,3105.39,-34.61000000000013,1.0
1795,short,2025-12-05T16:15:00Z,3059.48,2025-12-05T21:15:00Z,3031.85,27.63000000000011,1.0
1796,short,2025-12-06T07:45:00Z,3030.0,2025-12-06T09:30:00Z,3029.69,0.30999999999994543,1.0
1797,long,2025-12-06T12:00:00Z,3037.46,2025-12-06T14:30:00Z,3045.74,8.279999999999745,1.0
1798,short,2025-12-06T15:30:00Z,3033.6,2025-12-06T16:15:00Z,3048.4,-14.800000000000182,1.0
1799,short,2025-12-06T19:45:00Z,3029.14,2025-12-06T22:00:00Z,3041.43,-12.289999999999964,1.0
1800,long,2025-12-07T03:00:00Z,3052.34,2025-12-07T05:30:00Z,3043.7,-8.640000000000327,1.0
1801,short,2025-12-07T07:15:00Z,3036.65,2025-12-07T10:15:00Z,3037.55,-0.900000000000091,1.0
1802,long,2025-12-07T13:00:00Z,3047.52,2025-12-07T13:30:00Z,3028.84,-18.679999999999836,1.0
1803,short,2025-12-07T14:15:00Z,3024.0,2025-12-07T16:00:00Z,3025.83,-1.8299999999999272,1.0
1804,long,2025-12-07T17:30:00Z,3103.23,2025-12-07T22:00:00Z,3084.0,-19.230000000000018,1.0
1805,short,2025-12-07T22:15:00Z,3041.89,2025-12-08T01:30:00Z,3103.14,-61.25,1.0
1806,long,2025-12-08T04:45:00Z,3123.79,2025-12-08T11:45:00Z,3142.52,18.730000000000018,1.0
1807,short,2025-12-08T12:45:00Z,3124.48,2025-12-08T14:15:00Z,3151.23,-26.75,1.0
1808,long,2025-12-08T14:45:00Z,3167.51,2025-12-08T15:00:00Z,3126.82,-40.690000000000055,1.0
1809,short,2025-12-08T15:15:00Z,3108.16,2025-12-08T20:00:00Z,3117.56,-9.400000000000091,1.0
1810,long,2025-12-08T20:15:00Z,3127.0,2025-12-09T00:45:00Z,3120.92,-6.079999999999927,1.0
1811,short,2025-12-09T01:15:00Z,3114.5,2025-12-09T03:45:00Z,3117.44,-2.9400000000000546,1.0
1812,short,2025-12-09T10:45:00Z,3100.9,2025-12-09T12:00:00Z,3116.91,-16.009999999999764,1.0
1813,long,2025-12-09T12:30:00Z,3129.89,2025-12-09T13:45:00Z,3108.59,-21.299999999999727,1.0
1814,long,2025-12-09T15:15:00Z,3122.93,2025-12-09T21:15:00Z,3321.95,199.01999999999998,1.0
1815,long,2025-12-10T05:30:00Z,3316.89,2025-12-10T07:30:00Z,3315.66,-1.2300000000000182,1.0
1816,long,2025-12-10T10:00:00Z,3346.12,2025-12-10T10:30:00Z,3326.05,-20.06999999999971,1.0
1817,short,2025-12-10T11:00:00Z,3310.77,2025-12-10T15:15:00Z,3333.35,-22.579999999999927,1.0
1818,long,2025-12-10T16:15:00Z,3341.57,2025-12-10T19:45:00Z,3364.95,23.379999999999654,1.0
1819,long,2025-12-10T20:15:00Z,3440.71,2025-12-10T21:00:00Z,3354.17,-86.53999999999996,1.0
1820,short,2025-12-10T22:30:00Z,3332.0,2025-12-11T07:15:00Z,3201.72,130.2800000000002,1.0
1821,short,2025-12-11T08:45:00Z,3185.58,2025-12-11T09:00:00Z,3195.57,-9.990000000000236,1.0
1822,short,2025-12-11T14:30:00Z,3184.14,2025-12-11T14:45:00Z,3186.79,-2.650000000000091,1.0
1823,short,2025-12-11T15:00:00Z,3158.16,2025-12-11T15:15:00Z,3178.56,-20.40000000000009,1.0
1824,long,2025-12-11T18:45:00Z,3230.64,2025-12-11T20:00:00Z,3192.69,-37.94999999999982,1.0
1825,long,2025-12-11T21:15:00Z,3231.99,2025-12-11T23:15:00Z,3226.56,-5.429999999999836,1.0
1826,short,2025-12-12T01:00:00Z,3187.61,2025-12-12T01:30:00Z,3231.9,-44.289999999999964,1.0
1827,long,2025-12-12T03:00:00Z,3257.04,2025-12-12T08:00:00Z,3244.99,-12.050000000000182,1.0
1828,short,2025-12-12T11:30:00Z,3232.16,2025-12-12T12:00:00Z,3241.17,-9.010000000000218,1.0
1829,short,2025-12-12T14:30:00Z,3223.22,2025-12-12T21:00:00Z,3079.95,143.26999999999998,1.0
1830,long,2025-12-13T08:15:00Z,3097.1,2025-12-13T12:45:00Z,3109.09,11.990000000000236,1.0
1831,short,2025-12-13T13:30:00Z,3097.04,2025-12-13T14:15:00Z,3114.21,-17.170000000000073,1.0
1832,short,2025-12-13T21:45:00Z,3105.0,2025-12-13T22:00:00Z,3110.14,-5.139999999999873,1.0
1833,long,2025-12-13T22:00:00Z,3110.14,2025-12-14T04:45:00Z,3108.31,-1.8299999999999272,1.0
1834,short,2025-12-14T05:30:00Z,3105.23,2025-12-14T08:15:00Z,3115.41,-10.179999999999836,1.0
1835,short,2025-12-14T10:15:00Z,3097.2,2025-12-14T10:30:00Z,3106.67,-9.470000000000255,1.0
1836,short,2025-12-14T11:30:00Z,3092.5,2025-12-14T12:15:00Z,3086.79,5.710000000000036,1.0
1837,short,2025-12-14T22:45:00Z,3062.52,2025-12-15T00:00:00Z,3062.01,0.5099999999997635,1.0
1838,long,2025-12-15T01:45:00Z,3105.52,2025-12-15T11:45:00Z,3145.98,40.460000000000036,1.0
1839,short,2025-12-15T14:30:00Z,3128.48,2025-12-15T22:00:00Z,2944.75,183.73000000000002,1.0
1840,short,2025-12-16T03:15:00Z,2929.01,2025-12-16T05:45:00Z,2921.91,7.100000000000364,1.0
1841,long,2025-12-16T10:45:00Z,2954.14,2025-12-16T13:45:00Z,2931.23,-22.909999999999854,1.0
1842,short,2025-12-16T13:45:00Z,2931.23,2025-12-16T14:45:00Z,2934.08,-2.849999999999909,1.0
1843,long,2025-12-17T00:00:00Z,2960.83,2025-12-17T00:45:00Z,2944.15,-16.679999999999836,1.0
1844,long,2025-12-17T01:30:00Z,2959.86,2025-12-17T01:45:00Z,2953.96,-5.900000000000091,1.0
1845,short,2025-12-17T02:30:00Z,2946.56,2025-12-17T03:00:00Z,2958.38,-11.820000000000164,1.0
1846,short,2025-12-17T04:30:00Z,2938.6,2025-12-17T07:45:00Z,2948.46,-9.860000000000127,1.0
1847,short,2025-12-17T10:15:00Z,2924.04,2025-12-17T11:45:00Z,2929.95,-5.9099999999998545,1.0
1848,long,2025-12-17T14:00:00Z,2943.23,2025-12-17T14:45:00Z,2925.85,-17.38000000000011,1.0
1849,long,2025-12-17T15:00:00Z,2993.94,2025-12-17T15:45:00Z,2951.32,-42.61999999999989,1.0
1850,short,2025-12-17T16:15:00Z,2876.1,2025-12-17T22:30:00Z,2830.87,45.23000000000002,1.0
1851,long,2025-12-18T08:30:00Z,2842.65,2025-12-18T17:15:00Z,2856.12,13.4699999999998,1.0
1852,short,2025-12-18T17:15:00Z,2856.12,2025-12-18T22:15:00Z,2821.51,34.60999999999967,1.0
1853,long,2025-12-19T03:15:00Z,2868.11,2025-12-19T14:30:00Z,2959.04,90.92999999999984,1.0
1854,long,2025-12-19T14:45:00Z,2992.37,2025-12-19T15:30:00Z,2965.1,-27.269999999999982,1.0
1855,short,2025-12-19T18:00:00Z,2938.23,2025-12-19T19:30:00Z,2977.8,-39.570000000000164,1.0
1856,long,2025-12-20T03:45:00Z,2989.91,2025-12-20T04:15:00Z,2980.4,-9.509999999999764,1.0
1857,short,2025-12-20T07:15:00Z,2975.83,2025-12-20T08:30:00Z,2987.81,-11.980000000000018,1.0
1858,long,2025-12-20T11:30:00Z,2985.6,2025-12-20T13:15:00Z,2976.0,-9.599999999999909,1.0
1859,short,2025-12-20T13:30:00Z,2970.65,2025-12-20T18:15:00Z,2974.97,-4.319999999999709,1.0
1860,long,2025-12-20T20:45:00Z,2981.16,2025-12-20T22:00:00Z,2977.51,-3.649999999999636,1.0
1861,short,2025-12-20T23:45:00Z,2973.75,2025-12-21T00:30:00Z,2979.08,-5.329999999999927,1.0
1862,short,2025-12-21T01:45:00Z,2964.84,2025-12-21T03:30:00Z,2971.49,-6.649999999999636,1.0
1863,long,2025-12-21T07:30:00Z,2976.51,2025-12-21T12:45:00Z,2984.59,8.079999999999927,1.0
1864,short,2025-12-21T13:15:00Z,2970.7,2025-12-21T16:30:00Z,2975.99,-5.289999999999964,1.0
1865,long,2025-12-21T19:15:00Z,2988.29,2025-12-21T21:45:00Z,2977.77,-10.519999999999982,1.0
1866,long,2025-12-21T23:15:00Z,2998.01,2025-12-22T02:15:00Z,2992.54,-5.470000000000255,1.0
1867,short,2025-12-22T02:15:00Z,2992.54,2025-12-22T03:15:00Z,3013.83,-21.289999999999964,1.0
1868,long,2025-12-22T08:30:00Z,3049.69,2025-12-22T09:00:00Z,3026.41,-23.2800000000002,1.0
1869,long,2025-12-22T12:00:00Z,3047.61,2025-12-22T13:45:00Z,3047.04,-0.5700000000001637,1.0
1870,short,2025-12-22T15:45:00Z,3035.99,2025-12-22T16:00:00Z,3051.22,-15.230000000000018,1.0
1871,short,2025-12-22T19:00:00Z,3014.31,2025-12-22T23:00:00Z,3010.37,3.9400000000000546,1.0
1872,long,2025-12-23T00:30:00Z,3018.25,2025-12-23T02:45:00Z,2994.71,-23.539999999999964,1.0
1873,short,2025-12-23T03:15:00Z,2988.01,2025-12-23T10:15:00Z,2965.01,23.0,1.0
1874,short,2025-12-23T13:45:00Z,2947.1,2025-12-23T16:15:00Z,2948.22,-1.1199999999998909,1.0
1875,long,2025-12-23T20:45:00Z,2978.81,2025-12-23T23:15:00Z,2958.12,-20.690000000000055,1.0
1876,short,2025-12-24T02:15:00Z,2949.16,2025-12-24T04:15:00Z,2952.77,-3.6100000000001273,1.0
1877,short,2025-12-24T06:00:00Z,2928.3,2025-12-24T07:45:00Z,2940.46,-12.159999999999854,1.0
1878,short,2025-12-24T09:45:00Z,2919.39,2025-12-24T10:15:00Z,2927.76,-8.370000000000346,1.0
1879,short,2025-12-24T14:45:00Z,2908.73,2025-12-24T15:00:00Z,2913.54,-4.809999999999945,1.0
1880,long,2025-12-24T16:45:00Z,2943.57,2025-12-24T23:30:00Z,2946.72,3.149999999999636,1.0
1881,short,2025-12-25T01:00:00Z,2938.0,2025-12-25T02:45:00Z,2954.78,-16.7800000000002,1.0
1882,short,2025-12-25T06:15:00Z,2937.02,2025-12-25T13:15:00Z,2924.84,12.179999999999836,1.0
1883,long,2025-12-25T14:15:00Z,2932.13,2025-12-25T14:30:00Z,2922.99,-9.140000000000327,1.0
1884,long,2025-12-25T15:30:00Z,2948.79,2025-12-25T20:30:00Z,2945.59,-3.199999999999818,1.0
1885,short,2025-12-25T22:15:00Z,2938.85,2025-12-26T02:15:00Z,2952.49,-13.639999999999873,1.0
1886,long,2025-12-26T02:15:00Z,2952.49,2025-12-26T07:45:00Z,2965.36,12.870000000000346,1.0
1887,long,2025-12-26T13:15:00Z,2975.96,2025-12-26T14:45:00Z,2955.8,-20.159999999999854,1.0
1888,short,2025-12-26T14:45:00Z,2955.8,2025-12-26T19:45:00Z,2925.56,30.240000000000236,1.0
1889,short,2025-12-27T01:30:00Z,2923.74,2025-12-27T02:45:00Z,2928.2,-4.460000000000036,1.0
1890,long,2025-12-27T07:30:00Z,2933.74,2025-12-27T09:30:00Z,2931.54,-2.199999999999818,1.0
1891,short,2025-12-27T10:45:00Z,2923.16,2025-12-27T11:45:00Z,2927.99,-4.829999999999927,1.0
1892,short,2025-12-27T16:30:00Z,2920.26,2025-12-27T17:30:00Z,2925.33,-5.069999999999709,1.0
1893,long,2025-12-27T20:00:00Z,2929.6,2025-12-27T22:45:00Z,2930.67,1.0700000000001637,1.0
1894,long,2025-12-28T00:00:00Z,2947.61,2025-12-28T01:30:00Z,2942.72,-4.890000000000327,1.0
1895,short,2025-12-28T05:15:00Z,2936.98,2025-12-28T06:15:00Z,2938.86,-1.8800000000001091,1.0
1896,long,2025-12-28T08:45:00Z,2940.28,2025-12-28T09:45:00Z,2933.92,-6.360000000000127,1.0
1897,long,2025-12-28T14:30:00Z,2944.14,2025-12-28T15:00:00Z,2944.01,-0.1299999999996544,1.0
1898,long,2025-12-28T15:15:00Z,2953.92,2025-12-28T16:00:00Z,2948.0,-5.920000000000073,1.0
1899,short,2025-12-28T18:30:00Z,2935.67,2025-12-28T21:45:00Z,2936.51,-0.8400000000001455,1.0
1900,long,2025-12-28T23:00:00Z,2949.25,2025-12-29T07:15:00Z,3019.8,70.55000000000018,1.0
1901,short,2025-12-29T09:45:00Z,2969.75,2025-12-29T14:45:00Z,2957.47,12.2800000000002,1.0
1902,short,2025-12-29T19:00:00Z,2918.25,2025-12-29T20:00:00Z,2930.88,-12.63000000000011,1.0
1903,short,2025-12-30T01:45:00Z,2932.48,2025-12-30T02:00:00Z,2935.32,-2.8400000000001455,1.0
1904,short,2025-12-30T02:45:00Z,2929.83,2025-12-30T03:30:00Z,2939.27,-9.440000000000055,1.0
1905,long,2025-12-30T03:30:00Z,2939.27,2025-12-30T13:15:00Z,2981.87,42.59999999999991,1.0
1906,long,2025-12-30T13:30:00Z,2987.55,2025-12-30T14:15:00Z,2973.91,-13.640000000000327,1.0
1907,long,2025-12-30T15:00:00Z,2995.21,2025-12-30T15:15:00Z,2974.4,-20.809999999999945,1.0
1908,short,2025-12-30T19:15:00Z,2954.29,2025-12-30T22:00:00Z,2967.44,-13.150000000000091,1.0
1909,long,2025-12-31T01:30:00Z,2977.65,2025-12-31T03:45:00Z,2968.14,-9.510000000000218,1.0
1910,short,2025-12-31T08:45:00Z,2965.81,2025-12-31T09:15:00Z,2972.55,-6.7400000000002365,1.0
1911,long,2025-12-31T10:15:00Z,2977.77,2025-12-31T14:45:00Z,2997.03,19.26000000000022,1.0
1912,short,2025-12-31T15:15:00Z,2978.5,2025-12-31T21:30:00Z,2979.49,-0.9899999999997817,1.0
1913,long,2026-01-01T01:15:00Z,2984.7,2026-01-01T04:15:00Z,2975.79,-8.909999999999854,1.0
1914,long,2026-01-01T09:15:00Z,2983.38,2026-01-01T12:45:00Z,2982.9,-0.4800000000000182,1.0
1915,short,2026-01-01T14:15:00Z,2980.81,2026-01-01T15:45:00Z,2987.26,-6.450000000000273,1.0
1916,long,2026-01-01T15:45:00Z,2987.26,2026-01-01T16:15:00Z,2983.33,-3.930000000000291,1.0
1917,long,2026-01-01T17:45:00Z,2990.23,2026-01-01T18:00:00Z,2989.42,-0.8099999999999454,1.0
1918,long,2026-01-01T23:00:00Z,2997.64,2026-01-02T02:15:00Z,2996.23,-1.4099999999998545,1.0
1919,long,2026-01-02T03:15:00Z,3014.55,2026-01-02T05:00:00Z,3010.18,-4.370000000000346,1.0
1920,long,2026-01-02T06:45:00Z,3031.99,2026-01-02T08:00:00Z,3017.0,-14.989999999999782,1.0
1921,long,2026-01-02T09:15:00Z,3040.06,2026-01-02T14:15:00Z,3040.5,0.44000000000005457,1.0
1922,long,2026-01-02T15:00:00Z,3081.3,2026-01-02T21:15:00Z,3118.94,37.63999999999987,1.0
1923,short,2026-01-03T05:30:00Z,3111.07,2026-01-03T09:30:00Z,3098.15,12.920000000000073,1.0
1924,long,2026-01-03T14:30:00Z,3108.9,2026-01-03T15:15:00Z,3100.48,-8.420000000000073,1.0
1925,long,2026-01-03T18:30:00Z,3114.78,2026-01-03T20:15:00Z,3106.99,-7.790000000000418,1.0
1926,long,2026-01-03T21:30:00Z,3119.71,2026-01-03T22:15:00Z,3112.61,-7.099999999999909,1.0
1927,long,2026-01-03T23:30:00Z,3128.78,2026-01-04T03:30:00Z,3141.38,12.599999999999909,1.0
1928,long,2026-01-04T06:15:00Z,3152.92,2026-01-04T06:30:00Z,3147.96,-4.960000000000036,1.0
1929,short,2026-01-04T08:15:00Z,3132.38,2026-01-04T10:00:00Z,3142.43,-10.049999999999727,1.0
1930,short,2026-01-04T13:30:00Z,3137.4,2026-01-04T14:00:00Z,3139.21,-1.8099999999999454,1.0
1931,short,2026-01-04T15:45:00Z,3129.69,2026-01-04T16:00:00Z,3134.14,-4.449999999999818,1.0
1932,long,2026-01-04T21:15:00Z,3148.06,2026-01-04T22:45:00Z,3135.83,-12.230000000000018,1.0
1933,long,2026-01-05T00:15:00Z,3153.0,2026-01-05T04:15:00Z,3173.11,20.110000000000127,1.0
1934,short,2026-01-05T06:00:00Z,3148.0,2026-01-05T08:15:00Z,3163.4,-15.400000000000091,1.0
1935,long,2026-01-05T10:00:00Z,3167.25,2026-01-05T12:45:00Z,3166.6,-0.650000000000091,1.0
1936,short,2026-01-05T13:45:00Z,3145.01,2026-01-05T14:45:00Z,3168.0,-22.98999999999978,1.0
1937,long,2026-01-05T15:45:00Z,3191.51,2026-01-05T17:30:00Z,3164.62,-26.890000000000327,1.0
1938,long,2026-01-05T18:00:00Z,3212.22,2026-01-05T23:45:00Z,3229.69,17.470000000000255,1.0
1939,short,2026-01-06T00:45:00Z,3205.06,2026-01-06T01:30:00Z,3241.72,-36.659999999999854,1.0
1940,long,2026-01-06T06:45:00Z,3246.9,2026-01-06T07:30:00Z,3220.0,-26.90000000000009,1.0
1941,short,2026-01-06T07:45:00Z,3217.47,2026-01-06T11:15:00Z,3236.59,-19.120000000000346,1.0
1942,long,2026-01-06T12:15:00Z,3239.48,2026-01-06T16:15:00Z,3266.51,27.0300000000002,1.0
1943,short,2026-01-06T18:00:00Z,3194.48,2026-01-06T20:45:00Z,3244.51,-50.0300000000002,1.0
1944,long,2026-01-06T21:30:00Z,3281.56,2026-01-07T01:00:00Z,3256.45,-25.110000000000127,1.0
1945,short,2026-01-07T09:15:00Z,3233.47,2026-01-07T21:45:00Z,3149.31,84.15999999999985,1.0
1946,long,2026-01-08T02:15:00Z,3180.19,2026-01-08T02:45:00Z,3154.58,-25.610000000000127,1.0
1947,short,2026-01-08T03:45:00Z,3138.96,2026-01-08T07:45:00Z,3128.83,10.13000000000011,1.0
1948,short,2026-01-08T12:15:00Z,3101.81,2026-01-08T15:30:00Z,3101.99,-0.1799999999998363,1.0
1949,long,2026-01-08T17:00:00Z,3120.82,2026-01-08T20:15:00Z,3095.54,-25.2800000000002,1.0
1950,long,2026-01-09T01:30:00Z,3138.19,2026-01-09T01:45:00Z,3097.81,-40.38000000000011,1.0
1951,short,2026-01-09T01:45:00Z,3097.81,2026-01-09T02:15:00Z,3122.1,-24.289999999999964,1.0
1952,short,2026-01-09T08:45:00Z,3086.06,2026-01-09T09:30:00Z,3098.0,-11.940000000000055,1.0
1953,short,2026-01-09T14:15:00Z,3080.7,2026-01-09T15:30:00Z,3129.04,-48.340000000000146,1.0
1954,long,2026-01-09T15:30:00Z,3129.04,2026-01-09T18:30:00Z,3084.39,-44.65000000000009,1.0
1955,short,2026-01-09T21:15:00Z,3076.5,2026-01-09T23:15:00Z,3087.8,-11.300000000000182,1.0
1956,short,2026-01-10T05:00:00Z,3078.82,2026-01-10T05:45:00Z,3086.09,-7.269999999999982,1.0
1957,long,2026-01-10T10:00:00Z,3094.66,2026-01-10T14:00:00Z,3093.51,-1.1499999999996362,1.0
1958,short,2026-01-10T20:45:00Z,3087.58,2026-01-10T22:45:00Z,3086.51,1.069999999999709,1.0
1959,long,2026-01-11T01:15:00Z,3090.09,2026-01-11T06:30:00Z,3092.66,2.569999999999709,1.0
1960,long,2026-01-11T09:00:00Z,3101.99,2026-01-11T13:45:00Z,3105.93,3.9400000000000546,1.0
1961,long,2026-01-11T14:45:00Z,3113.99,2026-01-11T15:45:00Z,3115.21,1.2200000000002547,1.0
1962,long,2026-01-11T16:45:00Z,3135.23,2026-01-11T17:45:00Z,3124.35,-10.88000000000011,1.0
1963,short,2026-01-11T20:15:00Z,3111.64,2026-01-11T22:00:00Z,3119.61,-7.970000000000255,1.0
1964,short,2026-01-11T23:15:00Z,3110.67,2026-01-11T23:30:00Z,3112.76,-2.0900000000001455,1.0
1965,long,2026-01-12T01:15:00Z,3126.61,2026-01-12T07:30:00Z,3155.71,29.09999999999991,1.0
1966,short,2026-01-12T08:00:00Z,3133.96,2026-01-12T14:45:00Z,3100.64,33.320000000000164,1.0
1967,long,2026-01-12T15:45:00Z,3126.02,2026-01-12T17:45:00Z,3096.47,-29.550000000000182,1.0
1968,long,2026-01-13T03:30:00Z,3113.37,2026-01-13T08:00:00Z,3121.08,7.710000000000036,1.0
1969,long,2026-01-13T09:30:00Z,3141.87,2026-01-13T10:45:00Z,3129.99,-11.88000000000011,1.0
1970,long,2026-01-13T13:45:00Z,3142.89,2026-01-13T14:00:00Z,3141.1,-1.7899999999999636,1.0
1971,long,2026-01-13T14:45:00Z,3157.06,2026-01-13T15:00:00Z,3143.23,-13.829999999999927,1.0
1972,long,2026-01-13T15:45:00Z,3160.29,2026-01-14T03:15:00Z,3323.92,163.6300000000001,1.0
1973,long,2026-01-14T04:15:00Z,3341.46,2026-01-14T04:45:00Z,3336.92,-4.539999999999964,1.0
1974,short,2026-01-14T11:15:00Z,3297.8,2026-01-14T14:15:00Z,3309.69,-11.889999999999873,1.0
1975,long,2026-01-14T15:00:00Z,3347.52,2026-01-14T18:00:00Z,3340.95,-6.570000000000164,1.0
1976,short,2026-01-15T00:15:00Z,3346.57,2026-01-15T05:45:00Z,3310.0,36.570000000000164,1.0
1977,long,2026-01-15T07:30:00Z,3324.46,2026-01-15T12:30:00Z,3344.76,20.300000000000182,1.0
1978,long,2026-01-15T14:00:00Z,3369.59,2026-01-15T14:45:00Z,3333.23,-36.36000000000013,1.0
1979,short,2026-01-15T14:45:00Z,3333.23,2026-01-15T22:30:00Z,3307.1,26.13000000000011,1.0
1980,long,2026-01-16T00:00:00Z,3317.0,2026-01-16T02:15:00Z,3298.88,-18.11999999999989,1.0
1981,short,2026-01-16T02:30:00Z,3307.04,2026-01-16T05:45:00Z,3310.0,-2.9600000000000364,1.0
1982,long,2026-01-16T07:00:00Z,3312.61,2026-01-16T10:30:00Z,3303.12,-9.490000000000236,1.0
1983,short,2026-01-16T10:45:00Z,3298.21,2026-01-16T12:15:00Z,3305.88,-7.670000000000073,1.0
1984,long,2026-01-16T14:30:00Z,3313.33,2026-01-16T14:45:00Z,3292.87,-20.460000000000036,1.0
1985,short,2026-01-16T14:45:00Z,3292.87,2026-01-16T15:15:00Z,3306.86,-13.990000000000236,1.0
1986,short,2026-01-16T15:30:00Z,3287.58,2026-01-16T20:30:00Z,3283.88,3.699999999999818,1.0
1987,long,2026-01-16T21:00:00Z,3291.6,2026-01-17T01:45:00Z,3287.85,-3.75,1.0
1988,long,2026-01-17T08:15:00Z,3292.0,2026-01-17T10:45:00Z,3294.88,2.880000000000109,1.0
1989,long,2026-01-17T12:30:00Z,3300.32,2026-01-17T19:15:00Z,3315.74,15.419999999999618,1.0
1990,short,2026-01-17T22:45:00Z,3301.13,2026-01-17T23:45:00Z,3307.63,-6.5,1.0
1991,short,2026-01-18T02:00:00Z,3299.91,2026-01-18T03:15:00Z,3304.67,-4.760000000000218,1.0
1992,long,2026-01-18T03:45:00Z,3314.63,2026-01-18T07:15:00Z,3306.52,-8.110000000000127,1.0
1993,short,2026-01-18T08:15:00Z,3305.28,2026-01-18T08:45:00Z,3312.82,-7.539999999999964,1.0
1994,long,2026-01-18T09:15:00Z,3314.89,2026-01-18T14:45:00Z,3329.36,14.470000000000255,1.0
1995,long,2026-01-18T18:30:00Z,3361.05,2026-01-18T20:15:00Z,3342.55,-18.5,1.0
1996,short,2026-01-18T23:15:00Z,3327.56,2026-01-19T05:15:00Z,3202.83,124.73000000000002,1.0
1997,short,2026-01-19T06:30:00Z,3194.47,2026-01-19T07:45:00Z,3202.24,-7.769999999999982,1.0
1998,long,2026-01-19T12:45:00Z,3227.97,2026-01-19T13:30:00Z,3213.53,-14.4399999999996,1.0
1999,short,2026-01-19T14:15:00Z,3210.63,2026-01-19T15:15:00Z,3218.74,-8.109999999999673,1.0
2000,short,2026-01-19T22:15:00Z,3197.5,2026-01-19T22:30:00Z,3205.69,-8.190000000000055,1.0
2001,short,2026-01-19T23:00:00Z,3187.32,2026-01-20T01:30:00Z,3196.21,-8.889999999999873,1.0
2002,short,2026-01-20T05:00:00Z,3171.78,2026-01-20T12:00:00Z,3108.15,63.63000000000011,1.0
2003,short,2026-01-20T13:45:00Z,3085.79,2026-01-21T01:00:00Z,2958.31,127.48000000000002,1.0
2004,long,2026-01-21T05:45:00Z,2995.13,2026-01-21T07:15:00Z,2973.25,-21.88000000000011,1.0
2005,short,2026-01-21T08:15:00Z,2961.97,2026-01-21T13:15:00Z,2940.3,21.669999999999618,1.0
2006,long,2026-01-21T14:15:00Z,2972.48,2026-01-21T16:30:00Z,2960.44,-12.039999999999964,1.0
2007,short,2026-01-21T16:45:00Z,2887.31,2026-01-21T19:30:00Z,2983.2,-95.88999999999987,1.0
2008,long,2026-01-21T19:45:00Z,3032.4,2026-01-21T23:45:00Z,2982.86,-49.539999999999964,1.0
2009,short,2026-01-22T08:15:00Z,2994.63,2026-01-22T09:45:00Z,3014.24,-19.609999999999673,1.0
2010,short,2026-01-22T11:30:00Z,2987.3,2026-01-22T13:30:00Z,2998.59,-11.289999999999964,1.0
2011,short,2026-01-22T13:45:00Z,2967.0,2026-01-22T18:00:00Z,2960.26,6.739999999999782,1.0
2012,long,2026-01-23T01:45:00Z,2961.63,2026-01-23T03:00:00Z,2951.41,-10.220000000000255,1.0
2013,long,2026-01-23T04:15:00Z,2976.24,2026-01-23T06:30:00Z,2944.8,-31.4399999999996,1.0
2014,short,2026-01-23T06:30:00Z,2944.8,2026-01-23T11:30:00Z,2936.7,8.100000000000364,1.0
2015,short,2026-01-23T14:45:00Z,2907.15,2026-01-23T15:30:00Z,2924.31,-17.159999999999854,1.0
2016,long,2026-01-23T16:00:00Z,2951.08,2026-01-23T19:45:00Z,2956.48,5.400000000000091,1.0
2017,short,2026-01-23T20:45:00Z,2936.61,2026-01-24T00:30:00Z,2950.64,-14.029999999999745,1.0
2018,long,2026-01-24T02:30:00Z,2957.9,2026-01-24T05:45:00Z,2957.8,-0.09999999999990905,1.0
2019,short,2026-01-24T07:30:00Z,2956.38,2026-01-24T08:45:00Z,2959.78,-3.400000000000091,1.0
2020,short,2026-01-24T14:00:00Z,2947.18,2026-01-24T14:15:00Z,2954.46,-7.2800000000002,1.0
2021,long,2026-01-24T15:15:00Z,2966.62,2026-01-24T16:30:00Z,2954.28,-12.33999999999969,1.0
2022,long,2026-01-24T18:45:00Z,2961.72,2026-01-24T19:15:00Z,2956.87,-4.849999999999909,1.0
2023,short,2026-01-24T21:15:00Z,2950.61,2026-01-24T22:15:00Z,2961.62,-11.009999999999764,1.0
2024,short,2026-01-25T03:30:00Z,2943.83,2026-01-25T06:45:00Z,2945.22,-1.3899999999998727,1.0
2025,short,2026-01-25T08:45:00Z,2930.59,2026-01-25T09:30:00Z,2934.12,-3.5299999999997453,1.0
2026,short,2026-01-25T14:30:00Z,2928.13,2026-01-26T00:15:00Z,2831.88,96.25,1.0
2027,long,2026-01-26T01:15:00Z,2866.47,2026-01-26T06:15:00Z,2866.73,0.2600000000002183,1.0
2028,long,2026-01-26T07:00:00Z,2890.91,2026-01-26T09:15:00Z,2892.8,1.8900000000003274,1.0
2029,short,2026-01-26T14:15:00Z,2884.03,2026-01-26T14:45:00Z,2916.27,-32.23999999999978,1.0
2030,long,2026-01-26T14:45:00Z,2916.27,2026-01-26T15:45:00Z,2891.86,-24.409999999999854,1.0
2031,long,2026-01-26T21:45:00Z,2934.86,2026-01-27T00:45:00Z,2919.28,-15.579999999999927,1.0
2032,long,2026-01-27T02:45:00Z,2939.63,2026-01-27T06:30:00Z,2932.65,-6.980000000000018,1.0
2033,short,2026-01-27T06:45:00Z,2923.81,2026-01-27T11:45:00Z,2918.23,5.579999999999927,1.0
2034,long,2026-01-27T14:30:00Z,2927.59,2026-01-27T14:45:00Z,2909.79,-17.800000000000182,1.0
2035,long,2026-01-27T16:15:00Z,2972.99,2026-01-27T17:30:00Z,2946.6,-26.389999999999873,1.0
2036,long,2026-01-27T20:30:00Z,3014.98,2026-01-28T01:30:00Z,3012.85,-2.130000000000109,1.0
2037,long,2026-01-28T07:00:00Z,3013.25,2026-01-28T08:00:00Z,3004.07,-9.179999999999836,1.0
2038,short,2026-01-28T08:45:00Z,2993.44,2026-01-28T09:45:00Z,3009.08,-15.639999999999873,1.0
2039,long,2026-01-28T10:15:00Z,3029.88,2026-01-28T14:45:00Z,3019.59,-10.289999999999964,1.0
2040,short,2026-01-28T15:00:00Z,3011.6,2026-01-28T16:30:00Z,3014.49,-2.8899999999998727,1.0
2041,long,2026-01-28T20:30:00Z,3030.79,2026-01-28T20:45:00Z,3012.6,-18.190000000000055,1.0
2042,short,2026-01-29T01:30:00Z,2994.9,2026-01-29T07:45:00Z,2959.27,35.63000000000011,1.0
2043,short,2026-01-29T10:00:00Z,2941.19,2026-01-29T21:15:00Z,2816.66,124.5300000000002,1.0
2044,short,2026-01-30T01:45:00Z,2723.7,2026-01-30T04:15:00Z,2755.26,-31.5600000000004,1.0
2045,short,2026-01-30T07:00:00Z,2717.0,2026-01-30T07:15:00Z,2744.54,-27.539999999999964,1.0
2046,long,2026-01-30T12:00:00Z,2758.49,2026-01-30T13:15:00Z,2736.74,-21.75,1.0
2047,short,2026-01-30T15:30:00Z,2709.14,2026-01-30T15:45:00Z,2736.8,-27.66000000000031,1.0
2048,short,2026-01-30T18:30:00Z,2674.5,2026-01-30T18:45:00Z,2713.85,-39.34999999999991,1.0
2049,short,2026-01-31T02:30:00Z,2690.21,2026-01-31T02:45:00Z,2704.2,-13.989999999999782,1.0
2050,short,2026-01-31T06:30:00Z,2686.0,2026-01-31T10:45:00Z,2653.6,32.40000000000009,1.0
2051,short,2026-01-31T13:45:00Z,2625.92,2026-01-31T19:15:00Z,2413.75,212.17000000000007,1.0
2052,short,2026-02-01T05:45:00Z,2426.04,2026-02-01T07:45:00Z,2430.0,-3.9600000000000364,1.0
2053,short,2026-02-01T10:45:00Z,2384.32,2026-02-01T11:45:00Z,2419.0,-34.679999999999836,1.0
2054,short,2026-02-01T14:00:00Z,2380.02,2026-02-01T18:15:00Z,2355.73,24.289999999999964,1.0
2055,short,2026-02-01T22:00:00Z,2289.18,2026-02-01T23:45:00Z,2294.65,-5.470000000000255,1.0
2056,short,2026-02-02T03:30:00Z,2170.84,2026-02-02T04:30:00Z,2262.19,-91.34999999999991,1.0
2057,short,2026-02-02T06:45:00Z,2219.71,2026-02-02T07:30:00Z,2226.97,-7.2599999999997635,1.0
2058,long,2026-02-02T09:30:00Z,2279.46,2026-02-02T18:15:00Z,2342.64,63.179999999999836,1.0
2059,short,2026-02-02T20:45:00Z,2316.78,2026-02-02T22:45:00Z,2350.47,-33.6899999999996,1.0
2060,long,2026-02-03T01:00:00Z,2352.64,2026-02-03T02:15:00Z,2327.59,-25.049999999999727,1.0
2061,short,2026-02-03T02:45:00Z,2314.99,2026-02-03T03:45:00Z,2327.23,-12.240000000000236,1.0
2062,short,2026-02-03T09:15:00Z,2281.74,2026-02-03T13:00:00Z,2300.0,-18.26000000000022,1.0
2063,short,2026-02-03T15:00:00Z,2255.66,2026-02-03T15:30:00Z,2293.11,-37.45000000000027,1.0
2064,short,2026-02-03T16:45:00Z,2247.15,2026-02-03T20:30:00Z,2247.64,-0.4899999999997817,1.0
2065,long,2026-02-03T20:45:00Z,2295.51,2026-02-04T00:00:00Z,2232.23,-63.2800000000002,1.0
2066,long,2026-02-04T03:45:00Z,2282.33,2026-02-04T05:45:00Z,2263.19,-19.139999999999873,1.0
2067,short,2026-02-04T09:45:00Z,2254.2,2026-02-04T18:45:00Z,2167.28,86.91999999999962,1.0
2068,short,2026-02-05T03:30:00Z,2112.12,2026-02-05T07:30:00Z,2115.07,-2.950000000000273,1.0
2069,long,2026-02-05T09:15:00Z,2138.38,2026-02-05T11:00:00Z,2096.49,-41.89000000000033,1.0
2070,short,2026-02-05T11:30:00Z,2067.74,2026-02-05T23:15:00Z,1898.89,168.84999999999968,1.0
2071,short,2026-02-06T00:15:00Z,1765.45,2026-02-06T00:45:00Z,1861.33,-95.87999999999988,1.0
2072,long,2026-02-06T02:00:00Z,1930.8,2026-02-06T06:45:00Z,1918.13,-12.669999999999845,1.0
2073,short,2026-02-06T08:30:00Z,1874.13,2026-02-06T10:30:00Z,1925.76,-51.62999999999988,1.0
2074,long,2026-02-06T12:00:00Z,1931.75,2026-02-06T21:30:00Z,2056.6,124.84999999999991,1.0
2075,long,2026-02-07T04:15:00Z,2103.71,2026-02-07T06:30:00Z,2077.93,-25.7800000000002,1.0
2076,short,2026-02-07T07:00:00Z,2046.55,2026-02-07T12:15:00Z,2039.83,6.720000000000027,1.0
2077,long,2026-02-07T12:15:00Z,2039.83,2026-02-07T13:45:00Z,2032.5,-7.329999999999927,1.0
2078,long,2026-02-07T16:15:00Z,2055.42,2026-02-07T16:30:00Z,2052.38,-3.0399999999999636,1.0
2079,short,2026-02-08T04:15:00Z,2072.69,2026-02-08T05:00:00Z,2086.45,-13.759999999999764,1.0
2080,long,2026-02-08T08:30:00Z,2101.47,2026-02-08T10:30:00Z,2089.67,-11.799999999999727,1.0
2081,long,2026-02-08T11:45:00Z,2122.9,2026-02-08T15:30:00Z,2101.54,-21.360000000000127,1.0
2082,short,2026-02-08T16:45:00Z,2094.93,2026-02-08T18:45:00Z,2113.93,-19.0,1.0
2083,long,2026-02-08T23:15:00Z,2117.93,2026-02-08T23:30:00Z,2091.11,-26.81999999999971,1.0
2084,short,2026-02-08T23:30:00Z,2091.11,2026-02-09T04:15:00Z,2089.76,1.349999999999909,1.0
2085,short,2026-02-09T07:45:00Z,2066.09,2026-02-09T13:15:00Z,2045.17,20.920000000000073,1.0
2086,short,2026-02-09T14:15:00Z,2013.69,2026-02-09T14:45:00Z,2034.57,-20.87999999999988,1.0
2087,long,2026-02-09T15:15:00Z,2055.31,2026-02-09T15:30:00Z,2035.92,-19.389999999999873,1.0
2088,long,2026-02-09T16:45:00Z,2080.15,2026-02-09T21:45:00Z,2098.02,17.86999999999989,1.0
2089,short,2026-02-10T03:15:00Z,2098.25,2026-02-10T12:30:00Z,2013.1,85.15000000000009,1.0
2090,short,2026-02-10T13:15:00Z,2009.62,2026-02-10T13:30:00Z,2012.02,-2.400000000000091,1.0
2091,short,2026-02-10T14:45:00Z,2002.18,2026-02-10T15:30:00Z,2020.6,-18.419999999999845,1.0
2092,long,2026-02-10T17:45:00Z,2042.04,2026-02-10T18:30:00Z,2005.92,-36.11999999999989,1.0
2093,long,2026-02-11T00:30:00Z,2025.99,2026-02-11T03:00:00Z,2016.52,-9.470000000000027,1.0
2094,short,2026-02-11T03:30:00Z,2010.0,2026-02-11T03:45:00Z,2015.76,-5.759999999999991,1.0
2095,short,2026-02-11T04:30:00Z,1983.21,2026-02-11T11:30:00Z,1950.11,33.100000000000136,1.0
2096,long,2026-02-11T14:15:00Z,2002.84,2026-02-11T14:45:00Z,1962.37,-40.47000000000003,1.0
2097,short,2026-02-11T15:15:00Z,1916.78,2026-02-11T19:45:00Z,1954.79,-38.00999999999999,1.0
2098,long,2026-02-11T20:00:00Z,1951.26,2026-02-11T23:00:00Z,1950.29,-0.9700000000000273,1.0
2099,short,2026-02-11T23:30:00Z,1935.8,2026-02-12T00:45:00Z,1958.86,-23.059999999999945,1.0
2100,long,2026-02-12T06:30:00Z,1978.42,2026-02-12T08:00:00Z,1966.97,-11.450000000000045,1.0
2101,long,2026-02-12T10:00:00Z,1981.31,2026-02-12T14:15:00Z,1983.75,2.4400000000000546,1.0
2102,short,2026-02-12T15:15:00Z,1965.97,2026-02-12T21:15:00Z,1919.75,46.22000000000003,1.0
2103,long,2026-02-12T23:00:00Z,1941.93,2026-02-13T05:15:00Z,1936.37,-5.560000000000173,1.0
2104,short,2026-02-13T06:00:00Z,1932.99,2026-02-13T07:15:00Z,1945.99,-13.0,1.0
2105,long,2026-02-13T09:00:00Z,1958.32,2026-02-13T20:30:00Z,2045.08,86.75999999999999,1.0
2106,long,2026-02-14T05:00:00Z,2052.55,2026-02-14T06:00:00Z,2050.1,-2.450000000000273,1.0
2107,long,2026-02-14T08:00:00Z,2056.09,2026-02-14T08:30:00Z,2066.93,10.83999999999969,1.0
2108,long,2026-02-14T11:15:00Z,2092.13,2026-02-14T12:45:00Z,2077.37,-14.760000000000218,1.0
2109,long,2026-02-14T21:15:00Z,2094.02,2026-02-14T21:45:00Z,2082.76,-11.259999999999764,1.0
2110,short,2026-02-15T00:45:00Z,2075.01,2026-02-15T04:15:00Z,2080.84,-5.829999999999927,1.0
2111,long,2026-02-15T05:30:00Z,2089.59,2026-02-15T08:45:00Z,2062.51,-27.079999999999927,1.0
2112,short,2026-02-15T10:15:00Z,2056.79,2026-02-15T22:45:00Z,1965.69,91.09999999999991,1.0
2113,long,2026-02-16T07:15:00Z,1971.85,2026-02-16T11:15:00Z,1965.05,-6.7999999999999545,1.0
2114,short,2026-02-16T11:30:00Z,1971.5,2026-02-16T12:00:00Z,1975.15,-3.650000000000091,1.0
2115,long,2026-02-16T12:30:00Z,1991.3,2026-02-16T13:30:00Z,1975.74,-15.559999999999945,1.0
2116,short,2026-02-16T14:30:00Z,1959.01,2026-02-16T17:45:00Z,1985.23,-26.220000000000027,1.0
2117,long,2026-02-16T21:00:00Z,1992.3,2026-02-17T02:00:00Z,1990.7,-1.599999999999909,1.0
2118,long,2026-02-17T02:15:00Z,2002.91,2026-02-17T03:15:00Z,1991.19,-11.720000000000027,1.0
2119,short,2026-02-17T05:30:00Z,1972.95,2026-02-17T08:00:00Z,1984.84,-11.889999999999873,1.0
2120,short,2026-02-17T10:30:00Z,1965.75,2026-02-17T13:15:00Z,1979.01,-13.259999999999991,1.0
2121,long,2026-02-17T13:30:00Z,1983.18,2026-02-17T14:45:00Z,1960.76,-22.420000000000073,1.0
2122,short,2026-02-17T14:45:00Z,1960.76,2026-02-17T16:15:00Z,1986.34,-25.579999999999927,1.0
2123,long,2026-02-17T16:45:00Z,1992.0,2026-02-17T17:15:00Z,1964.47,-27.529999999999973,1.0
2124,long,2026-02-17T19:15:00Z,2011.5,2026-02-17T23:30:00Z,1991.68,-19.819999999999936,1.0
2125,short,2026-02-18T01:00:00Z,1980.39,2026-02-18T02:45:00Z,1989.79,-9.399999999999864,1.0
2126,long,2026-02-18T04:00:00Z,1995.85,2026-02-18T10:00:00Z,2015.65,19.800000000000182,1.0
2127,short,2026-02-18T11:00:00Z,1996.3,2026-02-18T15:45:00Z,2001.11,-4.809999999999945,1.0
2128,long,2026-02-18T15:45:00Z,2001.11,2026-02-18T16:15:00Z,1967.48,-33.62999999999988,1.0
2129,short,2026-02-18T18:45:00Z,1951.15,2026-02-18T23:30:00Z,1947.59,3.560000000000173,1.0
2130,long,2026-02-19T01:15:00Z,1968.86,2026-02-19T05:30:00Z,1964.7,-4.1599999999998545,1.0
2131,long,2026-02-19T06:30:00Z,1980.2,2026-02-19T08:30:00Z,1971.92,-8.279999999999973,1.0
2132,short,2026-02-19T10:00:00Z,1962.94,2026-02-19T18:15:00Z,1932.86,30.080000000000155,1.0
2133,long,2026-02-19T21:00:00Z,1949.18,2026-02-20T02:30:00Z,1947.77,-1.4100000000000819,1.0
2134,short,2026-02-20T04:15:00Z,1946.94,2026-02-20T05:45:00Z,1958.87,-11.929999999999836,1.0
2135,long,2026-02-20T05:45:00Z,1958.87,2026-02-20T11:00:00Z,1956.51,-2.3599999999999,1.0
2136,short,2026-02-20T11:45:00Z,1942.98,2026-02-20T15:30:00Z,1955.58,-12.599999999999909,1.0
2137,long,2026-02-20T18:45:00Z,1971.38,2026-02-20T22:45:00Z,1967.4,-3.980000000000018,1.0
2138,short,2026-02-21T03:15:00Z,1959.81,2026-02-21T05:30:00Z,1962.87,-3.0599999999999454,1.0
2139,long,2026-02-21T08:45:00Z,1965.29,2026-02-21T12:15:00Z,1973.59,8.299999999999955,1.0
2140,long,2026-02-21T14:30:00Z,1987.63,2026-02-21T16:15:00Z,1980.79,-6.8400000000001455,1.0
2141,short,2026-02-21T21:00:00Z,1973.15,2026-02-21T22:00:00Z,1981.23,-8.079999999999927,1.0
2142,short,2026-02-22T00:30:00Z,1969.35,2026-02-22T01:45:00Z,1977.55,-8.200000000000045,1.0
2143,long,2026-02-22T02:15:00Z,1980.2,2026-02-22T02:30:00Z,1974.16,-6.039999999999964,1.0
2144,short,2026-02-22T08:45:00Z,1971.69,2026-02-22T09:45:00Z,1973.88,-2.1900000000000546,1.0
2145,long,2026-02-22T10:30:00Z,1977.13,2026-02-22T12:15:00Z,1972.91,-4.220000000000027,1.0
2146,short,2026-02-22T12:45:00Z,1963.21,2026-02-22T21:45:00Z,1948.91,14.299999999999955,1.0
2147,long,2026-02-22T22:30:00Z,1953.67,2026-02-22T23:45:00Z,1948.37,-5.300000000000182,1.0
2148,short,2026-02-23T01:00:00Z,1928.13,2026-02-23T06:15:00Z,1872.85,55.2800000000002,1.0
2149,long,2026-02-23T09:45:00Z,1909.74,2026-02-23T14:45:00Z,1903.78,-5.960000000000036,1.0
2150,short,2026-02-23T14:45:00Z,1903.78,2026-02-23T22:00:00Z,1862.7,41.07999999999993,1.0
2151,short,2026-02-24T01:15:00Z,1844.73,2026-02-24T01:30:00Z,1848.8,-4.069999999999936,1.0
2152,short,2026-02-24T13:45:00Z,1816.81,2026-02-24T14:15:00Z,1814.12,2.6900000000000546,1.0
2153,long,2026-02-24T15:00:00Z,1833.68,2026-02-24T21:30:00Z,1846.83,13.149999999999864,1.0
2154,long,2026-02-24T22:15:00Z,1860.69,2026-02-25T00:00:00Z,1851.1,-9.590000000000146,1.0
2155,long,2026-02-25T01:15:00Z,1903.25,2026-02-25T05:30:00Z,1892.46,-10.789999999999964,1.0
2156,long,2026-02-25T09:15:00Z,1913.38,2026-02-25T22:30:00Z,2099.05,185.67000000000007,1.0
2157,long,2026-02-26T04:45:00Z,2074.63,2026-02-26T07:30:00Z,2062.39,-12.240000000000236,1.0
2158,short,2026-02-26T08:15:00Z,2051.33,2026-02-26T09:15:00Z,2068.25,-16.920000000000073,1.0
2159,long,2026-02-26T10:15:00Z,2072.79,2026-02-26T11:30:00Z,2058.58,-14.210000000000036,1.0
2160,short,2026-02-26T15:00:00Z,2050.22,2026-02-26T19:45:00Z,2021.41,28.809999999999718,1.0
2161,long,2026-02-26T20:15:00Z,2032.07,2026-02-27T00:15:00Z,2024.88,-7.189999999999827,1.0
2162,short,2026-02-27T00:45:00Z,2012.95,2026-02-27T02:00:00Z,2020.72,-7.769999999999982,1.0
2163,long,2026-02-27T04:00:00Z,2044.48,2026-02-27T06:30:00Z,2031.66,-12.819999999999936,1.0
2164,short,2026-02-27T09:45:00Z,2018.83,2026-02-27T21:15:00Z,1926.33,92.5,1.0
2165,short,2026-02-27T22:45:00Z,1920.43,2026-02-27T23:00:00Z,1920.11,0.3200000000001637,1.0
2166,short,2026-02-28T04:30:00Z,1919.85,2026-02-28T04:45:00Z,1926.01,-6.160000000000082,1.0
2167,short,2026-02-28T06:15:00Z,1909.92,2026-02-28T11:30:00Z,1877.26,32.66000000000008,1.0
2168,long,2026-02-28T14:00:00Z,1904.31,2026-02-28T15:15:00Z,1874.63,-29.679999999999836,1.0
2169,long,2026-02-28T18:45:00Z,1925.74,2026-03-01T00:45:00Z,1955.36,29.61999999999989,1.0
2170,long,2026-03-01T02:00:00Z,2011.62,2026-03-01T06:30:00Z,1999.66,-11.959999999999809,1.0
2171,short,2026-03-01T09:00:00Z,1985.24,2026-03-01T14:00:00Z,2005.86,-20.61999999999989,1.0
2172,long,2026-03-01T14:00:00Z,2005.86,2026-03-01T16:00:00Z,1992.3,-13.559999999999945,1.0
2173,short,2026-03-01T17:00:00Z,1973.35,2026-03-02T00:15:00Z,1942.76,30.589999999999918,1.0
2174,long,2026-03-02T01:15:00Z,1980.16,2026-03-02T02:15:00Z,1944.17,-35.99000000000001,1.0
2175,short,2026-03-02T07:00:00Z,1942.37,2026-03-02T09:15:00Z,1954.91,-12.540000000000191,1.0
2176,short,2026-03-02T13:45:00Z,1928.97,2026-03-02T14:45:00Z,1965.04,-36.069999999999936,1.0
2177,long,2026-03-02T14:45:00Z,1965.04,2026-03-02T20:15:00Z,2031.01,65.97000000000003,1.0
2178,short,2026-03-03T02:00:00Z,2018.88,2026-03-03T12:15:00Z,1980.34,38.54000000000019,1.0
2179,short,2026-03-03T14:45:00Z,1936.3,2026-03-03T15:45:00Z,1958.71,-22.410000000000082,1.0
2180,long,2026-03-03T16:15:00Z,1994.5,2026-03-03T16:45:00Z,1969.66,-24.839999999999918,1.0
2181,long,2026-03-03T23:15:00Z,1993.78,2026-03-04T00:45:00Z,1963.24,-30.539999999999964,1.0
2182,short,2026-03-04T03:45:00Z,1949.93,2026-03-04T05:45:00Z,1971.42,-21.49000000000001,1.0
2183,long,2026-03-04T07:00:00Z,1979.25,2026-03-04T14:00:00Z,2063.47,84.2199999999998,1.0
2184,long,2026-03-04T14:45:00Z,2065.57,2026-03-04T21:00:00Z,2148.49,82.91999999999962,1.0
2185,short,2026-03-05T01:45:00Z,2112.81,2026-03-05T04:15:00Z,2124.99,-12.179999999999836,1.0
2186,long,2026-03-05T05:00:00Z,2136.29,2026-03-05T05:30:00Z,2118.49,-17.800000000000182,1.0
2187,short,2026-03-05T08:00:00Z,2104.29,2026-03-05T09:15:00Z,2126.58,-22.289999999999964,1.0
2188,long,2026-03-05T10:30:00Z,2142.14,2026-03-05T13:15:00Z,2126.08,-16.059999999999945,1.0
2189,short,2026-03-05T13:45:00Z,2117.86,2026-03-05T20:15:00Z,2079.38,38.48000000000002,1.0
2190,short,2026-03-06T00:00:00Z,2072.17,2026-03-06T01:45:00Z,2084.73,-12.559999999999945,1.0
2191,short,2026-03-06T04:45:00Z,2067.99,2026-03-06T07:30:00Z,2083.09,-15.100000000000364,1.0
2192,short,2026-03-06T09:30:00Z,2055.88,2026-03-06T10:30:00Z,2067.28,-11.400000000000091,1.0
2193,short,2026-03-06T12:15:00Z,2042.95,2026-03-06T19:15:00Z,1985.5,57.450000000000045,1.0
2194,short,2026-03-07T02:45:00Z,1974.08,2026-03-07T03:00:00Z,1982.46,-8.38000000000011,1.0
2195,long,2026-03-07T03:15:00Z,1994.14,2026-03-07T03:30:00Z,1982.98,-11.160000000000082,1.0
2196,short,2026-03-07T04:15:00Z,1970.0,2026-03-07T08:00:00Z,1982.18,-12.180000000000064,1.0
2197,long,2026-03-07T08:30:00Z,1984.59,2026-03-07T12:45:00Z,1982.75,-1.8399999999999181,1.0
2198,short,2026-03-07T14:15:00Z,1973.61,2026-03-07T14:45:00Z,1984.01,-10.400000000000091,1.0
2199,short,2026-03-07T18:15:00Z,1970.52,2026-03-07T20:45:00Z,1965.08,5.440000000000055,1.0
2200,long,2026-03-08T00:15:00Z,1972.72,2026-03-08T02:30:00Z,1963.2,-9.519999999999982,1.0
2201,short,2026-03-08T03:00:00Z,1941.19,2026-03-08T05:45:00Z,1949.48,-8.289999999999964,1.0
2202,long,2026-03-08T09:00:00Z,1958.53,2026-03-08T11:15:00Z,1955.19,-3.339999999999918,1.0
2203,short,2026-03-08T11:45:00Z,1947.67,2026-03-08T16:45:00Z,1938.37,9.300000000000182,1.0
2204,short,2026-03-08T19:00:00Z,1929.03,2026-03-08T19:15:00Z,1945.06,-16.029999999999973,1.0
2205,long,2026-03-08T19:30:00Z,1958.06,2026-03-08T21:15:00Z,1947.0,-11.059999999999945,1.0
2206,short,2026-03-08T22:15:00Z,1927.72,2026-03-08T23:00:00Z,1941.86,-14.139999999999873,1.0
2207,long,2026-03-09T03:15:00Z,1997.1,2026-03-09T07:15:00Z,1974.1,-23.0,1.0
2208,long,2026-03-09T09:45:00Z,2014.94,2026-03-09T11:30:00Z,1983.16,-31.779999999999973,1.0
2209,long,2026-03-09T13:45:00Z,2027.09,2026-03-09T17:45:00Z,2009.74,-17.34999999999991,1.0
2210,long,2026-03-09T19:30:00Z,2049.28,2026-03-09T20:45:00Z,2022.0,-27.2800000000002,1.0
2211,short,2026-03-09T23:00:00Z,2002.0,2026-03-10T00:45:00Z,2017.49,-15.490000000000009,1.0
2212,long,2026-03-10T02:45:00Z,2046.46,2026-03-10T12:15:00Z,2056.95,10.489999999999782,1.0
2213,short,2026-03-10T13:45:00Z,2029.86,2026-03-10T14:45:00Z,2044.4,-14.540000000000191,1.0
2214,long,2026-03-10T15:00:00Z,2074.41,2026-03-10T18:30:00Z,2045.8,-28.6099999999999,1.0
2215,short,2026-03-10T19:45:00Z,2036.84,2026-03-10T23:45:00Z,2032.74,4.099999999999909,1.0
2216,short,2026-03-11T04:00:00Z,2020.28,2026-03-11T04:30:00Z,2033.62,-13.339999999999918,1.0
2217,short,2026-03-11T05:45:00Z,2016.23,2026-03-11T10:15:00Z,2021.27,-5.039999999999964,1.0
2218,long,2026-03-11T10:45:00Z,2028.28,2026-03-11T12:00:00Z,2016.97,-11.309999999999945,1.0
2219,long,2026-03-11T13:15:00Z,2033.35,2026-03-11T15:15:00Z,2045.0,11.650000000000091,1.0
2220,long,2026-03-11T17:30:00Z,2081.22,2026-03-11T21:15:00Z,2064.85,-16.36999999999989,1.0
2221,short,2026-03-11T23:45:00Z,2053.87,2026-03-12T07:30:00Z,2032.52,21.34999999999991,1.0
2222,long,2026-03-12T08:00:00Z,2039.72,2026-03-12T13:30:00Z,2055.62,15.899999999999864,1.0
2223,long,2026-03-12T13:45:00Z,2067.4,2026-03-12T14:30:00Z,2057.59,-9.809999999999945,1.0
2224,short,2026-03-12T14:45:00Z,2044.72,2026-03-12T15:30:00Z,2067.5,-22.779999999999973,1.0
2225,long,2026-03-12T23:15:00Z,2079.42,2026-03-13T05:15:00Z,2103.87,24.449999999999818,1.0
2226,short,2026-03-13T06:45:00Z,2092.0,2026-03-13T08:45:00Z,2108.28,-16.2800000000002,1.0
2227,long,2026-03-13T10:15:00Z,2124.08,2026-03-13T15:00:00Z,2150.4,26.320000000000164,1.0
2228,short,2026-03-13T16:30:00Z,2118.87,2026-03-14T03:00:00Z,2091.44,27.429999999999836,1.0
2229,long,2026-03-14T04:15:00Z,2102.84,2026-03-14T05:00:00Z,2089.3,-13.539999999999964,1.0
2230,short,2026-03-14T06:45:00Z,2074.3,2026-03-14T11:45:00Z,2074.17,0.13000000000010914,1.0
2231,short,2026-03-14T16:15:00Z,2072.3,2026-03-14T16:30:00Z,2074.2,-1.8999999999996362,1.0
2232,long,2026-03-14T19:45:00Z,2077.45,2026-03-15T01:15:00Z,2085.16,7.710000000000036,1.0
2233,long,2026-03-15T02:45:00Z,2102.73,2026-03-15T07:45:00Z,2104.0,1.2699999999999818,1.0
2234,long,2026-03-15T09:15:00Z,2118.27,2026-03-15T12:45:00Z,2108.23,-10.039999999999964,1.0
2235,short,2026-03-15T13:15:00Z,2097.42,2026-03-15T18:00:00Z,2109.65,-12.230000000000018,1.0
2236,long,2026-03-15T18:00:00Z,2109.65,2026-03-15T19:00:00Z,2098.06,-11.590000000000146,1.0
2237,long,2026-03-15T20:45:00Z,2130.1,2026-03-16T08:45:00Z,2236.43,106.32999999999993,1.0
2238,long,2026-03-16T11:15:00Z,2273.12,2026-03-16T14:45:00Z,2262.62,-10.5,1.0
2239,long,2026-03-16T17:45:00Z,2311.59,2026-03-16T23:15:00Z,2338.51,26.920000000000073,1.0
2240,short,2026-03-17T03:45:00Z,2315.53,2026-03-17T07:30:00Z,2334.25,-18.7199999999998,1.0
2241,long,2026-03-17T13:45:00Z,2331.33,2026-03-17T15:15:00Z,2327.7,-3.630000000000109,1.0
2242,short,2026-03-17T15:45:00Z,2311.6,2026-03-17T16:30:00Z,2329.85,-18.25,1.0
2243,long,2026-03-17T21:15:00Z,2338.01,2026-03-17T22:30:00Z,2327.56,-10.450000000000273,1.0
2244,short,2026-03-18T00:00:00Z,2316.45,2026-03-18T01:30:00Z,2328.82,-12.370000000000346,1.0
2245,long,2026-03-18T03:30:00Z,2338.48,2026-03-18T05:00:00Z,2326.32,-12.159999999999854,1.0
2246,short,2026-03-18T06:00:00Z,2317.53,2026-03-18T09:15:00Z,2327.27,-9.739999999999782,1.0
2247,long,2026-03-18T09:45:00Z,2330.39,2026-03-18T10:45:00Z,2313.14,-17.25,1.0
2248,short,2026-03-18T11:00:00Z,2311.68,2026-03-18T18:15:00Z,2213.89,97.78999999999996,1.0
2249,short,2026-03-18T20:15:00Z,2170.55,2026-03-18T21:00:00Z,2186.41,-15.859999999999673,1.0
2250,long,2026-03-19T03:30:00Z,2227.27,2026-03-19T03:45:00Z,2208.99,-18.2800000000002,1.0
2251,short,2026-03-19T05:45:00Z,2189.65,2026-03-19T09:30:00Z,2178.54,11.110000000000127,1.0
2252,short,2026-03-19T12:30:00Z,2154.69,2026-03-19T18:00:00Z,2126.09,28.59999999999991,1.0
2253,long,2026-03-19T19:30:00Z,2144.04,2026-03-19T23:45:00Z,2133.57,-10.4699999999998,1.0
2254,long,2026-03-20T01:45:00Z,2157.69,2026-03-20T02:15:00Z,2144.42,-13.269999999999982,1.0
2255,short,2026-03-20T06:45:00Z,2135.71,2026-03-20T07:45:00Z,2151.76,-16.050000000000182,1.0
2256,long,2026-03-20T08:15:00Z,2169.53,2026-03-20T09:30:00Z,2141.24,-28.29000000000042,1.0
2257,short,2026-03-20T13:45:00Z,2140.05,2026-03-20T16:15:00Z,2138.33,1.7200000000002547,1.0
2258,short,2026-03-20T19:45:00Z,2128.33,2026-03-20T20:00:00Z,2132.1,-3.769999999999982,1.0
2259,long,2026-03-20T21:30:00Z,2151.21,2026-03-21T02:00:00Z,2146.62,-4.5900000000001455,1.0
2260,long,2026-03-21T07:30:00Z,2159.01,2026-03-21T08:00:00Z,2154.4,-4.610000000000127,1.0
2261,long,2026-03-21T12:30:00Z,2158.49,2026-03-21T13:45:00Z,2154.15,-4.339999999999691,1.0
2262,long,2026-03-21T14:15:00Z,2163.89,2026-03-21T15:00:00Z,2151.08,-12.809999999999945,1.0
2263,short,2026-03-21T15:00:00Z,2151.08,2026-03-21T20:00:00Z,2151.19,-0.11000000000012733,1.0
2264,long,2026-03-21T20:45:00Z,2154.47,2026-03-21T22:30:00Z,2149.4,-5.069999999999709,1.0
2265,short,2026-03-21T23:15:00Z,2145.21,2026-03-22T02:30:00Z,2104.68,40.5300000000002,1.0
2266,short,2026-03-22T07:45:00Z,2097.83,2026-03-22T13:00:00Z,2081.38,16.449999999999818,1.0
2267,short,2026-03-22T18:45:00Z,2064.03,2026-03-22T19:00:00Z,2070.93,-6.899999999999636,1.0
2268,short,2026-03-22T19:45:00Z,2064.43,2026-03-22T22:30:00Z,2058.8,5.629999999999654,1.0
2269,short,2026-03-23T06:45:00Z,2032.62,2026-03-23T08:15:00Z,2055.81,-23.190000000000055,1.0
2270,long,2026-03-23T11:15:00Z,2168.9,2026-03-23T16:15:00Z,2137.81,-31.090000000000146,1.0
2271,short,2026-03-24T00:45:00Z,2139.72,2026-03-24T04:00:00Z,2140.41,-0.6900000000000546,1.0
2272,long,2026-03-24T07:15:00Z,2159.72,2026-03-24T09:15:00Z,2146.85,-12.86999999999989,1.0
2273,long,2026-03-24T11:45:00Z,2170.54,2026-03-24T13:15:00Z,2155.91,-14.63000000000011,1.0
2274,short,2026-03-24T13:45:00Z,2137.16,2026-03-24T19:15:00Z,2124.98,12.179999999999836,1.0
2275,long,2026-03-24T20:30:00Z,2140.72,2026-03-25T02:15:00Z,2153.5,12.7800000000002,1.0
2276,long,2026-03-25T05:15:00Z,2173.46,2026-03-25T12:30:00Z,2170.98,-2.480000000000018,1.0
2277,short,2026-03-25T15:15:00Z,2160.0,2026-03-25T16:30:00Z,2174.76,-14.760000000000218,1.0
2278,long,2026-03-25T22:45:00Z,2174.36,2026-03-25T23:45:00Z,2165.01,-9.349999999999909,1.0
2279,short,2026-03-26T01:30:00Z,2165.91,2026-03-26T20:15:00Z,2070.86,95.04999999999973,1.0
2280,short,2026-03-27T04:15:00Z,2045.7,2026-03-27T05:15:00Z,2061.92,-16.220000000000027,1.0
2281,short,2026-03-27T08:45:00Z,2041.75,2026-03-27T15:45:00Z,1998.61,43.1400000000001,1.0
2282,long,2026-03-28T06:00:00Z,1993.04,2026-03-28T09:15:00Z,1995.76,2.7200000000000273,1.0
2283,short,2026-03-28T10:45:00Z,1993.67,2026-03-28T12:30:00Z,2000.81,-7.139999999999873,1.0
2284,long,2026-03-28T13:45:00Z,2027.09,2026-03-28T15:00:00Z,2019.75,-7.339999999999918,1.0
2285,short,2026-03-28T22:00:00Z,2008.62,2026-03-29T02:30:00Z,2004.23,4.389999999999873,1.0
2286,long,2026-03-29T03:30:00Z,2012.68,2026-03-29T05:15:00Z,2000.69,-11.990000000000009,1.0
2287,short,2026-03-29T09:45:00Z,1997.66,2026-03-29T11:15:00Z,2001.81,-4.149999999999864,1.0
2288,short,2026-03-29T13:15:00Z,1988.52,2026-03-29T16:30:00Z,1999.82,-11.299999999999955,1.0
2289,long,2026-03-29T20:30:00Z,2005.26,2026-03-29T22:15:00Z,1991.28,-13.980000000000018,1.0
2290,short,2026-03-29T22:45:00Z,1965.75,2026-03-29T23:00:00Z,1972.83,-7.079999999999927,1.0
2291,long,2026-03-30T00:30:00Z,2006.67,2026-03-30T09:30:00Z,2055.53,48.86000000000013,1.0
2292,long,2026-03-30T11:30:00Z,2065.59,2026-03-30T14:00:00Z,2059.95,-5.640000000000327,1.0
2293,short,2026-03-30T14:45:00Z,2048.71,2026-03-30T15:00:00Z,2070.53,-21.820000000000164,1.0
2294,short,2026-03-30T17:30:00Z,2040.26,2026-03-30T21:45:00Z,2043.02,-2.759999999999991,1.0
2295,long,2026-03-31T01:30:00Z,2060.58,2026-03-31T06:15:00Z,2057.95,-2.630000000000109,1.0
2296,short,2026-03-31T07:15:00Z,2050.38,2026-03-31T11:45:00Z,2041.52,8.860000000000127,1.0
2297,long,2026-03-31T13:15:00Z,2059.03,2026-03-31T15:00:00Z,2045.2,-13.830000000000155,1.0
2298,long,2026-03-31T16:45:00Z,2093.18,2026-03-31T21:45:00Z,2100.13,6.950000000000273,1.0
2299,long,2026-04-01T01:00:00Z,2113.92,2026-04-01T01:30:00Z,2098.66,-15.260000000000218,1.0
2300,short,2026-04-01T02:30:00Z,2084.62,2026-04-01T03:15:00Z,2100.29,-15.670000000000073,1.0
2301,long,2026-04-01T05:30:00Z,2126.54,2026-04-01T08:15:00Z,2125.57,-0.9699999999997999,1.0
2302,long,2026-04-01T12:45:00Z,2141.0,2026-04-01T13:00:00Z,2129.89,-11.110000000000127,1.0
2303,short,2026-04-01T13:45:00Z,2115.38,2026-04-01T15:30:00Z,2130.47,-15.08999999999969,1.0
2304,long,2026-04-01T16:45:00Z,2149.05,2026-04-01T18:00:00Z,2135.86,-13.190000000000055,1.0
2305,short,2026-04-02T01:30:00Z,2110.81,2026-04-02T14:00:00Z,2037.69,73.11999999999989,1.0
2306,long,2026-04-02T14:45:00Z,2070.0,2026-04-02T18:30:00Z,2043.56,-26.440000000000055,1.0
2307,short,2026-04-03T00:15:00Z,2054.7,2026-04-03T03:00:00Z,2051.42,3.2799999999997453,1.0
2308,long,2026-04-03T05:45:00Z,2059.87,2026-04-03T08:45:00Z,2059.31,-0.5599999999999454,1.0
2309,short,2026-04-03T10:45:00Z,2055.76,2026-04-03T12:30:00Z,2066.38,-10.61999999999989,1.0
2310,short,2026-04-03T13:00:00Z,2049.04,2026-04-03T18:00:00Z,2049.2,-0.15999999999985448,1.0
2311,long,2026-04-03T21:15:00Z,2057.76,2026-04-03T23:00:00Z,2051.09,-6.670000000000073,1.0
2312,short,2026-04-04T02:15:00Z,2048.95,2026-04-04T04:45:00Z,2050.45,-1.5,1.0
2313,long,2026-04-04T05:45:00Z,2051.9,2026-04-04T07:30:00Z,2052.09,0.19000000000005457,1.0
2314,short,2026-04-04T09:30:00Z,2049.0,2026-04-04T11:00:00Z,2053.27,-4.269999999999982,1.0
2315,short,2026-04-04T14:45:00Z,2048.37,2026-04-04T15:00:00Z,2052.13,-3.7600000000002183,1.0
2316,long,2026-04-04T15:15:00Z,2055.68,2026-04-04T19:45:00Z,2064.0,8.320000000000164,1.0
2317,short,2026-04-05T01:15:00Z,2059.68,2026-04-05T09:30:00Z,2042.83,16.84999999999991,1.0
2318,short,2026-04-05T12:45:00Z,2023.59,2026-04-05T14:30:00Z,2038.9,-15.310000000000173,1.0
2319,long,2026-04-05T15:30:00Z,2059.97,2026-04-05T21:15:00Z,2059.66,-0.30999999999994543,1.0
2320,short,2026-04-05T22:30:00Z,2052.99,2026-04-05T22:45:00Z,2069.37,-16.38000000000011,1.0
2321,long,2026-04-05T23:00:00Z,2084.99,2026-04-06T04:30:00Z,2126.44,41.45000000000027,1.0
2322,long,2026-04-06T08:00:00Z,2134.05,2026-04-06T12:15:00Z,2147.66,13.609999999999673,1.0
2323,long,2026-04-06T14:30:00Z,2153.89,2026-04-06T14:45:00Z,2146.9,-6.989999999999782,1.0
2324,long,2026-04-06T15:15:00Z,2165.97,2026-04-06T17:00:00Z,2139.25,-26.7199999999998,1.0
2325,short,2026-04-06T17:15:00Z,2126.44,2026-04-06T20:30:00Z,2151.46,-25.019999999999982,1.0
2326,short,2026-04-06T22:30:00Z,2133.89,2026-04-07T03:45:00Z,2107.99,25.90000000000009,1.0
2327,long,2026-04-07T09:15:00Z,2125.65,2026-04-07T10:30:00Z,2105.64,-20.01000000000022,1.0
2328,short,2026-04-07T10:45:00Z,2098.0,2026-04-07T16:00:00Z,2079.26,18.73999999999978,1.0
2329,long,2026-04-07T17:45:00Z,2096.13,2026-04-07T19:00:00Z,2085.31,-10.820000000000164,1.0
2330,long,2026-04-07T20:00:00Z,2112.52,2026-04-08T04:00:00Z,2233.89,121.36999999999989,1.0
2331,long,2026-04-08T06:30:00Z,2249.66,2026-04-08T09:45:00Z,2245.56,-4.099999999999909,1.0
2332,long,2026-04-08T13:15:00Z,2260.68,2026-04-08T13:45:00Z,2234.04,-26.639999999999873,1.0
2333,short,2026-04-08T13:45:00Z,2234.04,2026-04-08T17:45:00Z,2232.86,1.1799999999998363,1.0
2334,short,2026-04-08T22:30:00Z,2192.52,2026-04-09T04:00:00Z,2181.31,11.210000000000036,1.0
2335,long,2026-04-09T10:00:00Z,2192.77,2026-04-09T11:15:00Z,2184.66,-8.110000000000127,1.0
2336,short,2026-04-09T12:30:00Z,2183.83,2026-04-09T15:00:00Z,2176.9,6.929999999999836,1.0
2337,long,2026-04-09T15:45:00Z,2211.99,2026-04-09T21:30:00Z,2208.73,-3.2599999999997635,1.0
2338,long,2026-04-09T22:30:00Z,2220.68,2026-04-09T22:45:00Z,2210.83,-9.849999999999909,1.0
2339,short,2026-04-09T23:00:00Z,2196.57,2026-04-10T04:30:00Z,2189.48,7.0900000000001455,1.0
2340,short,2026-04-10T08:00:00Z,2178.62,2026-04-10T09:30:00Z,2193.0,-14.38000000000011,1.0
2341,long,2026-04-10T11:15:00Z,2210.0,2026-04-10T16:00:00Z,2223.23,13.230000000000018,1.0
2342,long,2026-04-10T20:45:00Z,2246.35,2026-04-10T22:30:00Z,2246.38,0.03000000000020009,1.0
2343,short,2026-04-11T05:15:00Z,2229.95,2026-04-11T09:15:00Z,2234.0,-4.050000000000182,1.0
2344,long,2026-04-11T09:30:00Z,2244.59,2026-04-11T10:45:00Z,2237.72,-6.870000000000346,1.0
2345,long,2026-04-11T15:30:00Z,2247.04,2026-04-11T23:15:00Z,2283.02,35.98000000000002,1.0
2346,short,2026-04-12T01:45:00Z,2226.28,2026-04-12T07:45:00Z,2217.78,8.5,1.0
2347,short,2026-04-12T11:00:00Z,2200.47,2026-04-12T17:30:00Z,2191.81,8.659999999999854,1.0
2348,long,2026-04-12T18:15:00Z,2203.32,2026-04-12T22:15:00Z,2195.56,-7.760000000000218,1.0
2349,short,2026-04-12T22:15:00Z,2195.56,2026-04-13T01:00:00Z,2204.09,-8.5300000000002,1.0
2350,short,2026-04-13T05:15:00Z,2186.05,2026-04-13T06:15:00Z,2194.3,-8.25,1.0
2351,short,2026-04-13T08:30:00Z,2184.88,2026-04-13T13:00:00Z,2191.48,-6.599999999999909,1.0
2352,long,2026-04-13T13:00:00Z,2191.48,2026-04-13T13:45:00Z,2187.03,-4.449999999999818,1.0
2353,long,2026-04-13T14:00:00Z,2214.0,2026-04-14T03:45:00Z,2367.54,153.53999999999996,1.0
2354,long,2026-04-14T07:15:00Z,2381.24,2026-04-14T07:45:00Z,2370.4,-10.83999999999969,1.0
2355,long,2026-04-14T08:45:00Z,2387.05,2026-04-14T11:00:00Z,2374.02,-13.0300000000002,1.0
2356,long,2026-04-14T13:45:00Z,2388.52,2026-04-14T14:45:00Z,2370.06,-18.460000000000036,1.0
2357,short,2026-04-14T15:00:00Z,2352.08,2026-04-14T22:15:00Z,2327.0,25.079999999999927,1.0
2358,long,2026-04-15T00:15:00Z,2336.95,2026-04-15T02:30:00Z,2324.67,-12.279999999999745,1.0
2359,short,2026-04-15T05:45:00Z,2316.9,2026-04-15T08:30:00Z,2322.77,-5.869999999999891,1.0
2360,long,2026-04-15T12:00:00Z,2336.21,2026-04-15T13:45:00Z,2317.37,-18.840000000000146,1.0
2361,long,2026-04-15T14:30:00Z,2338.88,2026-04-15T15:45:00Z,2331.21,-7.670000000000073,1.0
2362,long,2026-04-15T16:45:00Z,2336.95,2026-04-15T21:15:00Z,2352.46,15.510000000000218,1.0
2363,short,2026-04-16T01:15:00Z,2349.3,2026-04-16T02:45:00Z,2365.16,-15.859999999999673,1.0
2364,short,2026-04-16T08:00:00Z,2340.39,2026-04-16T12:15:00Z,2343.14,-2.75,1.0
2365,long,2026-04-16T13:30:00Z,2347.83,2026-04-16T13:45:00Z,2335.7,-12.13000000000011,1.0
2366,short,2026-04-16T14:00:00Z,2307.14,2026-04-16T15:15:00Z,2323.86,-16.720000000000255,1.0
2367,long,2026-04-16T19:45:00Z,2357.24,2026-04-17T00:00:00Z,2346.93,-10.309999999999945,1.0
2368,short,2026-04-17T01:30:00Z,2332.32,2026-04-17T06:45:00Z,2328.12,4.200000000000273,1.0
2369,long,2026-04-17T07:15:00Z,2338.91,2026-04-17T10:30:00Z,2340.94,2.0300000000002,1.0
2370,long,2026-04-17T13:00:00Z,2370.73,2026-04-17T18:15:00Z,2418.47,47.73999999999978,1.0
2371,short,2026-04-18T00:45:00Z,2413.03,2026-04-18T01:15:00Z,2425.64,-12.609999999999673,1.0
2372,short,2026-04-18T04:00:00Z,2404.0,2026-04-18T15:00:00Z,2363.38,40.61999999999989,1.0
2373,short,2026-04-18T18:45:00Z,2344.25,2026-04-18T21:45:00Z,2351.49,-7.239999999999782,1.0
2374,short,2026-04-19T00:45:00Z,2344.68,2026-04-19T04:15:00Z,2342.91,1.7699999999999818,1.0
2375,short,2026-04-19T04:45:00Z,2326.99,2026-04-19T10:45:00Z,2313.3,13.6899999999996,1.0
2376,long,2026-04-19T12:15:00Z,2331.69,2026-04-19T15:45:00Z,2323.56,-8.13000000000011,1.0
2377,short,2026-04-19T17:00:00Z,2310.36,2026-04-20T01:00:00Z,2278.49,31.870000000000346,1.0
2378,short,2026-04-20T05:30:00Z,2265.0,2026-04-20T06:45:00Z,2283.66,-18.659999999999854,1.0
2379,long,2026-04-20T07:30:00Z,2313.74,2026-04-20T07:45:00Z,2296.24,-17.5,1.0
2380,long,2026-04-20T12:30:00Z,2314.18,2026-04-20T14:15:00Z,2298.93,-15.25,1.0
2381,short,2026-04-20T14:15:00Z,2298.93,2026-04-20T15:30:00Z,2316.6,-17.670000000000073,1.0
2382,long,2026-04-20T18:15:00Z,2330.19,2026-04-20T21:30:00Z,2318.64,-11.550000000000182,1.0
2383,short,2026-04-20T23:15:00Z,2310.68,2026-04-21T05:00:00Z,2313.09,-2.4100000000003092,1.0
2384,long,2026-04-21T06:45:00Z,2318.67,2026-04-21T09:30:00Z,2318.54,-0.13000000000010914,1.0
2385,short,2026-04-21T12:45:00Z,2297.14,2026-04-21T14:45:00Z,2320.81,-23.670000000000073,1.0
2386,short,2026-04-21T15:15:00Z,2304.2,2026-04-21T16:15:00Z,2314.05,-9.850000000000364,1.0
2387,short,2026-04-21T17:30:00Z,2294.41,2026-04-21T17:45:00Z,2313.46,-19.050000000000182,1.0
2388,long,2026-04-21T19:30:00Z,2323.58,2026-04-21T19:45:00Z,2287.72,-35.86000000000013,1.0
2389,long,2026-04-22T02:15:00Z,2333.95,2026-04-22T08:30:00Z,2384.8,50.850000000000364,1.0
2390,long,2026-04-22T11:45:00Z,2391.56,2026-04-22T14:45:00Z,2394.9,3.3400000000001455,1.0
2391,short,2026-04-22T17:00:00Z,2385.37,2026-04-22T19:30:00Z,2404.03,-18.66000000000031,1.0
2392,short,2026-04-22T23:30:00Z,2385.23,2026-04-23T00:45:00Z,2372.99,12.240000000000236,1.0
2393,short,2026-04-23T03:15:00Z,2340.0,2026-04-23T06:15:00Z,2350.12,-10.11999999999989,1.0
2394,short,2026-04-23T08:45:00Z,2334.53,2026-04-23T12:15:00Z,2331.12,3.4100000000003092,1.0
2395,short,2026-04-23T17:15:00Z,2317.41,2026-04-23T20:15:00Z,2319.58,-2.1700000000000728,1.0
2396,long,2026-04-23T22:15:00Z,2328.81,2026-04-24T01:15:00Z,2324.48,-4.329999999999927,1.0
2397,short,2026-04-24T01:45:00Z,2320.52,2026-04-24T02:00:00Z,2331.76,-11.240000000000236,1.0
2398,short,2026-04-24T03:00:00Z,2318.47,2026-04-24T08:00:00Z,2310.49,7.980000000000018,1.0
2399,long,2026-04-24T11:15:00Z,2327.18,2026-04-24T14:00:00Z,2315.7,-11.480000000000018,1.0
2400,short,2026-04-24T14:30:00Z,2305.34,2026-04-24T15:45:00Z,2323.92,-18.579999999999927,1.0
2401,long,2026-04-24T21:00:00Z,2325.27,2026-04-24T21:15:00Z,2314.0,-11.269999999999982,1.0
2402,short,2026-04-24T22:45:00Z,2308.7,2026-04-25T01:15:00Z,2316.9,-8.200000000000273,1.0
2403,long,2026-04-25T08:45:00Z,2318.27,2026-04-25T11:15:00Z,2315.94,-2.3299999999999272,1.0
2404,short,2026-04-25T11:30:00Z,2313.71,2026-04-25T13:45:00Z,2316.21,-2.5,1.0
2405,short,2026-04-25T16:00:00Z,2306.64,2026-04-25T16:15:00Z,2308.89,-2.25,1.0
2406,long,2026-04-25T21:15:00Z,2315.14,2026-04-26T01:15:00Z,2313.87,-1.2699999999999818,1.0
2407,short,2026-04-26T03:45:00Z,2307.84,2026-04-26T05:00:00Z,2316.23,-8.389999999999873,1.0
2408,long,2026-04-26T05:00:00Z,2316.23,2026-04-26T10:45:00Z,2331.23,15.0,1.0
2409,long,2026-04-26T14:30:00Z,2348.88,2026-04-26T21:45:00Z,2355.86,6.980000000000018,1.0
2410,long,2026-04-26T22:30:00Z,2366.4,2026-04-26T22:45:00Z,2359.23,-7.170000000000073,1.0
2411,long,2026-04-27T01:00:00Z,2389.87,2026-04-27T05:15:00Z,2361.92,-27.949999999999818,1.0
2412,short,2026-04-27T05:30:00Z,2332.77,2026-04-27T10:45:00Z,2318.11,14.659999999999854,1.0
2413,short,2026-04-27T13:45:00Z,2314.87,2026-04-27T14:15:00Z,2313.24,1.6300000000001091,1.0
2414,short,2026-04-27T15:15:00Z,2293.64,2026-04-27T20:15:00Z,2289.7,3.9400000000000546,1.0
2415,long,2026-04-27T23:45:00Z,2298.01,2026-04-28T02:30:00Z,2291.73,-6.2800000000002,1.0
2416,short,2026-04-28T02:45:00Z,2280.37,2026-04-28T07:45:00Z,2281.43,-1.0599999999999454,1.0
2417,short,2026-04-28T13:15:00Z,2266.52,2026-04-28T13:45:00Z,2275.77,-9.25,1.0
2418,long,2026-04-28T17:00:00Z,2284.81,2026-04-28T21:30:00Z,2286.89,2.0799999999999272,1.0
2419,short,2026-04-29T01:15:00Z,2283.37,2026-04-29T02:00:00Z,2291.61,-8.240000000000236,1.0
2420,long,2026-04-29T02:00:00Z,2291.61,2026-04-29T02:45:00Z,2285.66,-5.950000000000273,1.0
2421,long,2026-04-29T03:30:00Z,2299.64,2026-04-29T08:45:00Z,2324.45,24.809999999999945,1.0
2422,long,2026-04-29T10:00:00Z,2338.81,2026-04-29T10:45:00Z,2331.01,-7.799999999999727,1.0
2423,short,2026-04-29T12:30:00Z,2313.92,2026-04-29T22:15:00Z,2254.51,59.409999999999854,1.0
2424,long,2026-04-30T01:00:00Z,2271.0,2026-04-30T02:45:00Z,2240.55,-30.449999999999818,1.0
2425,short,2026-04-30T02:45:00Z,2240.55,2026-04-30T07:30:00Z,2252.26,-11.710000000000036,1.0
2426,long,2026-04-30T07:45:00Z,2257.19,2026-04-30T11:45:00Z,2257.1,-0.09000000000014552,1.0
2427,short,2026-04-30T14:30:00Z,2257.3,2026-04-30T14:45:00Z,2259.6,-2.299999999999727,1.0
2428,long,2026-04-30T15:45:00Z,2262.94,2026-04-30T16:45:00Z,2259.02,-3.9200000000000728,1.0
2429,short,2026-04-30T23:00:00Z,2253.09,2026-05-01T00:15:00Z,2261.43,-8.33999999999969,1.0
2430,long,2026-05-01T02:00:00Z,2266.54,2026-05-01T07:00:00Z,2276.14,9.599999999999909,1.0
2431,long,2026-05-01T08:30:00Z,2285.08,2026-05-01T10:15:00Z,2277.5,-7.579999999999927,1.0
2432,long,2026-05-01T11:30:00Z,2283.64,2026-05-01T16:30:00Z,2302.46,18.820000000000164,1.0
2433,short,2026-05-01T20:45:00Z,2293.26,2026-05-01T22:30:00Z,2295.75,-2.4899999999997817,1.0
2434,long,2026-05-02T01:45:00Z,2297.78,2026-05-02T05:15:00Z,2297.68,-0.1000000000003638,1.0
2435,long,2026-05-02T09:45:00Z,2304.63,2026-05-02T11:15:00Z,2300.61,-4.019999999999982,1.0
2436,long,2026-05-02T13:15:00Z,2309.3,2026-05-02T14:15:00Z,2304.74,-4.5600000000004,1.0
2437,long,2026-05-02T16:15:00Z,2310.24,2026-05-02T17:30:00Z,2305.88,-4.359999999999673,1.0
2438,long,2026-05-02T21:30:00Z,2312.02,2026-05-02T22:30:00Z,2317.79,5.769999999999982,1.0
2439,short,2026-05-03T01:15:00Z,2308.5,2026-05-03T07:00:00Z,2303.4,5.099999999999909,1.0
2440,long,2026-05-03T07:15:00Z,2306.53,2026-05-03T19:30:00Z,2327.68,21.149999999999636,1.0
2441,long,2026-05-03T19:45:00Z,2334.01,2026-05-03T21:00:00Z,2328.39,-5.620000000000346,1.0
2442,short,2026-05-03T21:45:00Z,2318.89,2026-05-03T22:15:00Z,2346.99,-28.09999999999991,1.0
2443,long,2026-05-03T22:15:00Z,2346.99,2026-05-03T23:30:00Z,2325.57,-21.419999999999618,1.0
2444,short,2026-05-04T00:30:00Z,2311.85,2026-05-04T02:00:00Z,2350.48,-38.63000000000011,1.0
2445,long,2026-05-04T02:15:00Z,2359.3,2026-05-04T07:00:00Z,2367.32,8.019999999999982,1.0
2446,short,2026-05-04T10:15:00Z,2327.76,2026-05-04T14:30:00Z,2344.37,-16.609999999999673,1.0
2447,long,2026-05-04T15:00:00Z,2370.11,2026-05-04T15:00:00Z,2365.09,-5.019999999999982,1.0
