Trade number,Type,Date and time,Signal,Price USDT,Size (qty),Size (value),Net PnL USDT,Net PnL %,Favorable excursion USDT,Favorable excursion %,Adverse excursion USDT,Adverse excursion %,Cumulative PnL USDT,Cumulative PnL %
1,Exit long,2025-03-31 14:15,Close entry(s) order L,1804.12,1,1811.96,-7.84,-0.43,0.04,0.00,-10.88,-0.60,-7.84,0.00
1,Entry long,2025-03-31 13:15,L,1811.96,1,1811.96,-7.84,-0.43,0.04,0.00,-10.88,-0.60,-7.84,0.00
2,Exit long,2025-03-31 21:45,Close entry(s) order L,1803.9,1,1796.22,7.68,0.43,49.56,2.76,-3.62,-0.20,-0.16,0.00
2,Entry long,2025-03-31 18:45,L,1796.22,1,1796.22,7.68,0.43,49.56,2.76,-3.62,-0.20,-0.16,0.00
3,Exit long,2025-04-01 01:45,Close entry(s) order L,1821.96,1,1817.7,4.26,0.23,35.64,1.96,-0.51,-0.03,4.1,0.00
3,Entry long,2025-03-31 22:00,L,1817.7,1,1817.7,4.26,0.23,35.64,1.96,-0.51,-0.03,4.1,0.00
4,Exit long,2025-04-01 03:30,Close entry(s) order L,1834.61,1,1839.77,-5.16,-0.28,6.63,0.36,-7.02,-0.38,-1.06,0.00
4,Entry long,2025-04-01 02:30,L,1839.77,1,1839.77,-5.16,-0.28,6.63,0.36,-7.02,-0.38,-1.06,0.00
5,Exit long,2025-04-01 07:30,Close entry(s) order L,1822.86,1,1825.09,-2.23,-0.12,5.91,0.32,-5.92,-0.32,-3.29,0.00
5,Entry long,2025-04-01 07:15,L,1825.09,1,1825.09,-2.23,-0.12,5.91,0.32,-5.92,-0.32,-3.29,0.00
6,Exit long,2025-04-01 09:45,Close entry(s) order L,1821.49,1,1826.37,-4.88,-0.27,16.2,0.89,-9.73,-0.53,-8.17,0.00
6,Entry long,2025-04-01 08:30,L,1826.37,1,1826.37,-4.88,-0.27,16.2,0.89,-9.73,-0.53,-8.17,0.00
7,Exit long,2025-04-01 19:00,Close entry(s) order L,1872.49,1,1825.51,46.98,2.57,65.91,3.61,-2.13,-0.12,38.81,0.00
7,Entry long,2025-04-01 10:00,L,1825.51,1,1825.51,46.98,2.57,65.91,3.61,-2.13,-0.12,38.81,0.00
8,Exit long,2025-04-01 22:15,Close entry(s) order L,1849.28,1,1872.93,-23.65,-1.26,8.01,0.43,-28.96,-1.55,15.16,0.00
8,Entry long,2025-04-01 21:30,L,1872.93,1,1872.93,-23.65,-1.26,8.01,0.43,-28.96,-1.55,15.16,0.00
9,Exit long,2025-04-02 02:15,Close entry(s) order L,1905.8,1,1870.23,35.57,1.90,57.56,3.08,-2.85,-0.15,50.73,0.01
9,Entry long,2025-04-01 22:45,L,1870.23,1,1870.23,35.57,1.90,57.56,3.08,-2.85,-0.15,50.73,0.01
10,Exit long,2025-04-02 07:00,Close entry(s) order L,1911.01,1,1912.07,-1.06,-0.06,9.91,0.52,-4.52,-0.24,49.67,0.00
10,Entry long,2025-04-02 05:00,L,1912.07,1,1912.07,-1.06,-0.06,9.91,0.52,-4.52,-0.24,49.67,0.00
11,Exit long,2025-04-02 19:00,Close entry(s) order L,1871.93,1,1864.06,7.87,0.42,23.17,1.24,-2.45,-0.13,57.54,0.01
11,Entry long,2025-04-02 16:00,L,1864.06,1,1864.06,7.87,0.42,23.17,1.24,-2.45,-0.13,57.54,0.01
12,Exit long,2025-04-02 19:30,Close entry(s) order L,1872.6,1,1874.59,-1.99,-0.11,2.94,0.16,-2.09,-0.11,55.55,0.01
12,Entry long,2025-04-02 19:15,L,1874.59,1,1874.59,-1.99,-0.11,2.94,0.16,-2.09,-0.11,55.55,0.01
13,Exit long,2025-04-02 22:15,Close entry(s) order L,1863.14,1,1872.27,-9.13,-0.49,20.43,1.09,-15.77,-0.84,46.42,0.00
13,Entry long,2025-04-02 21:45,L,1872.27,1,1872.27,-9.13,-0.49,20.43,1.09,-15.77,-0.84,46.42,0.00
14,Exit long,2025-04-03 01:45,Close entry(s) order L,1888.14,1,1870.75,17.39,0.93,47.25,2.53,-7.23,-0.39,63.81,0.01
14,Entry long,2025-04-02 22:30,L,1870.75,1,1870.75,17.39,0.93,47.25,2.53,-7.23,-0.39,63.81,0.01
15,Exit long,2025-04-03 03:00,Close entry(s) order L,1897.09,1,1900.8,-3.71,-0.20,2.84,0.15,-3.96,-0.21,60.1,0.01
15,Entry long,2025-04-03 02:45,L,1900.8,1,1900.8,-3.71,-0.20,2.84,0.15,-3.96,-0.21,60.1,0.01
16,Exit long,2025-04-03 04:30,Close entry(s) order L,1897.82,1,1898.59,-0.77,-0.04,59.38,3.13,-26.11,-1.38,59.33,0.01
16,Entry long,2025-04-03 03:15,L,1898.59,1,1898.59,-0.77,-0.04,59.38,3.13,-26.11,-1.38,59.33,0.01
17,Exit long,2025-04-03 11:45,Close entry(s) order L,1819.29,1,1819.55,-0.26,-0.01,14.57,0.80,-8.66,-0.48,59.07,0.01
17,Entry long,2025-04-03 08:45,L,1819.55,1,1819.55,-0.26,-0.01,14.57,0.80,-8.66,-0.48,59.07,0.01
18,Exit long,2025-04-03 14:00,Close entry(s) order L,1820.96,1,1823.75,-2.79,-0.15,21.22,1.16,-3.57,-0.20,56.28,0.01
18,Entry long,2025-04-03 12:00,L,1823.75,1,1823.75,-2.79,-0.15,21.22,1.16,-3.57,-0.20,56.28,0.01
19,Exit long,2025-04-03 17:15,Close entry(s) order L,1816.92,1,1821.5,-4.58,-0.25,0.99,0.05,-5.13,-0.28,51.7,0.01
19,Entry long,2025-04-03 16:45,L,1821.5,1,1821.5,-4.58,-0.25,0.99,0.05,-5.13,-0.28,51.7,0.01
20,Exit long,2025-04-03 18:00,Close entry(s) order L,1810.48,1,1819.7,-9.22,-0.51,0.01,0.00,-11.43,-0.63,42.48,0.00
20,Entry long,2025-04-03 17:45,L,1819.7,1,1819.7,-9.22,-0.51,0.01,0.00,-11.43,-0.63,42.48,0.00
21,Exit long,2025-04-04 01:00,Close entry(s) order L,1772.52,1,1778.69,-6.17,-0.35,11.31,0.64,-8.68,-0.49,36.31,0.00
21,Entry long,2025-04-03 23:45,L,1778.69,1,1778.69,-6.17,-0.35,11.31,0.64,-8.68,-0.49,36.31,0.00
22,Exit long,2025-04-04 02:15,Close entry(s) order L,1770.96,1,1779.99,-9.03,-0.51,2.35,0.13,-9.99,-0.56,27.28,0.00
22,Entry long,2025-04-04 01:45,L,1779.99,1,1779.99,-9.03,-0.51,2.35,0.13,-9.99,-0.56,27.28,0.00
23,Exit long,2025-04-04 04:30,Close entry(s) order L,1780.23,1,1785.8,-5.57,-0.31,12.77,0.72,-6.12,-0.34,21.71,0.00
23,Entry long,2025-04-04 02:45,L,1785.8,1,1785.8,-5.57,-0.31,12.77,0.72,-6.12,-0.34,21.71,0.00
24,Exit long,2025-04-04 09:00,Close entry(s) order L,1809.68,1,1789.58,20.1,1.12,33.11,1.85,0,0.00,41.81,0.00
24,Entry long,2025-04-04 04:45,L,1789.58,1,1789.58,20.1,1.12,33.11,1.85,0,0.00,41.81,0.00
25,Exit long,2025-04-04 09:45,Close entry(s) order L,1810.77,1,1813.1,-2.33,-0.13,4.71,0.26,-4.87,-0.27,39.48,0.00
25,Entry long,2025-04-04 09:15,L,1813.1,1,1813.1,-2.33,-0.13,4.71,0.26,-4.87,-0.27,39.48,0.00
26,Exit long,2025-04-04 18:15,Close entry(s) order L,1812.69,1,1791.96,20.73,1.16,42.74,2.39,-0.24,-0.01,60.21,0.01
26,Entry long,2025-04-04 13:15,L,1791.96,1,1791.96,20.73,1.16,42.74,2.39,-0.24,-0.01,60.21,0.01
27,Exit long,2025-04-05 00:30,Close entry(s) order L,1789.36,1,1801.34,-11.98,-0.67,18.84,1.05,-26.34,-1.46,48.23,0.00
27,Entry long,2025-04-04 22:00,L,1801.34,1,1801.34,-11.98,-0.67,18.84,1.05,-26.34,-1.46,48.23,0.00
28,Exit long,2025-04-05 01:15,Close entry(s) order L,1791.62,1,1796.75,-5.13,-0.29,4.88,0.27,-7.1,-0.40,43.1,0.00
28,Entry long,2025-04-05 01:00,L,1796.75,1,1796.75,-5.13,-0.29,4.88,0.27,-7.1,-0.40,43.1,0.00
29,Exit long,2025-04-05 07:15,Close entry(s) order L,1812.59,1,1799.51,13.08,0.73,29.2,1.62,-3.44,-0.19,56.18,0.01
29,Entry long,2025-04-05 01:30,L,1799.51,1,1799.51,13.08,0.73,29.2,1.62,-3.44,-0.19,56.18,0.01
30,Exit long,2025-04-05 10:15,Close entry(s) order L,1816.23,1,1821.99,-5.76,-0.32,4.64,0.25,-7.4,-0.41,50.42,0.01
30,Entry long,2025-04-05 09:00,L,1821.99,1,1821.99,-5.76,-0.32,4.64,0.25,-7.4,-0.41,50.42,0.01
31,Exit long,2025-04-05 11:00,Close entry(s) order L,1814.92,1,1819.5,-4.58,-0.25,0,0.00,-5.95,-0.33,45.84,0.00
31,Entry long,2025-04-05 10:45,L,1819.5,1,1819.5,-4.58,-0.25,0,0.00,-5.95,-0.33,45.84,0.00
32,Exit long,2025-04-05 13:45,Close entry(s) order L,1810.59,1,1813.97,-3.38,-0.19,0.73,0.04,-3.88,-0.21,42.46,0.00
32,Entry long,2025-04-05 13:30,L,1813.97,1,1813.97,-3.38,-0.19,0.73,0.04,-3.88,-0.21,42.46,0.00
33,Exit long,2025-04-05 14:30,Close entry(s) order L,1810.84,1,1811.95,-1.11,-0.06,1.05,0.06,-1.56,-0.09,41.35,0.00
33,Entry long,2025-04-05 14:15,L,1811.95,1,1811.95,-1.11,-0.06,1.05,0.06,-1.56,-0.09,41.35,0.00
34,Exit long,2025-04-05 19:15,Close entry(s) order L,1808.91,1,1810.7,-1.79,-0.10,10.56,0.58,-2.88,-0.16,39.56,0.00
34,Entry long,2025-04-05 15:30,L,1810.7,1,1810.7,-1.79,-0.10,10.56,0.58,-2.88,-0.16,39.56,0.00
35,Exit long,2025-04-06 03:45,Close entry(s) order L,1785.89,1,1787.27,-1.38,-0.08,7.59,0.42,-2.27,-0.13,38.18,0.00
35,Entry long,2025-04-06 01:30,L,1787.27,1,1787.27,-1.38,-0.08,7.59,0.42,-2.27,-0.13,38.18,0.00
36,Exit long,2025-04-06 05:15,Close entry(s) order L,1788.83,1,1791.5,-2.67,-0.15,2.32,0.13,-9.15,-0.51,35.51,0.00
36,Entry long,2025-04-06 04:45,L,1791.5,1,1791.5,-2.67,-0.15,2.32,0.13,-9.15,-0.51,35.51,0.00
37,Exit long,2025-04-06 10:30,Close entry(s) order L,1805.65,1,1794.19,11.46,0.64,22.19,1.24,-7.15,-0.40,46.97,0.00
37,Entry long,2025-04-06 05:30,L,1794.19,1,1794.19,11.46,0.64,22.19,1.24,-7.15,-0.40,46.97,0.00
38,Exit long,2025-04-06 12:15,Close entry(s) order L,1807.23,1,1809.1,-1.87,-0.10,1.4,0.08,-4.1,-0.23,45.1,0.00
38,Entry long,2025-04-06 12:00,L,1809.1,1,1809.1,-1.87,-0.10,1.4,0.08,-4.1,-0.23,45.1,0.00
39,Exit long,2025-04-06 12:45,Close entry(s) order L,1806.69,1,1807.64,-0.95,-0.05,1.71,0.09,-1.24,-0.07,44.15,0.00
39,Entry long,2025-04-06 12:30,L,1807.64,1,1807.64,-0.95,-0.05,1.71,0.09,-1.24,-0.07,44.15,0.00
40,Exit long,2025-04-06 14:45,Close entry(s) order L,1804.11,1,1808.83,-4.72,-0.26,3.77,0.21,-6.54,-0.36,39.43,0.00
40,Entry long,2025-04-06 13:00,L,1808.83,1,1808.83,-4.72,-0.26,3.77,0.21,-6.54,-0.36,39.43,0.00
41,Exit long,2025-04-07 10:45,Close entry(s) order L,1575.91,1,1586.27,-10.36,-0.65,27.24,1.72,-14.16,-0.89,29.07,0.00
41,Entry long,2025-04-07 09:15,L,1586.27,1,1586.27,-10.36,-0.65,27.24,1.72,-14.16,-0.89,29.07,0.00
42,Exit long,2025-04-07 19:45,Close entry(s) order L,1479.29,1,1504.84,-25.55,-1.70,15.91,1.06,-31.18,-2.07,3.52,0.00
42,Entry long,2025-04-07 16:45,L,1504.84,1,1504.84,-25.55,-1.70,15.91,1.06,-31.18,-2.07,3.52,0.00
43,Exit long,2025-04-07 21:45,Close entry(s) order L,1493.53,1,1516.78,-23.25,-1.53,9.7,0.64,-30.55,-2.01,-19.73,0.00
43,Entry long,2025-04-07 20:30,L,1516.78,1,1516.78,-23.25,-1.53,9.7,0.64,-30.55,-2.01,-19.73,0.00
44,Exit long,2025-04-08 00:45,Close entry(s) order L,1538.75,1,1549.51,-10.76,-0.69,88.96,5.74,-17.46,-1.13,-30.49,0.00
44,Entry long,2025-04-07 22:00,L,1549.51,1,1549.51,-10.76,-0.69,88.96,5.74,-17.46,-1.13,-30.49,0.00
45,Exit long,2025-04-08 02:30,Close entry(s) order L,1550.95,1,1558.14,-7.19,-0.46,13.97,0.90,-8.85,-0.57,-37.68,0.00
45,Entry long,2025-04-08 01:30,L,1558.14,1,1558.14,-7.19,-0.46,13.97,0.90,-8.85,-0.57,-37.68,0.00
46,Exit long,2025-04-08 03:00,Close entry(s) order L,1548.53,1,1561.19,-12.66,-0.81,2.94,0.19,-15.34,-0.98,-50.34,-0.01
46,Entry long,2025-04-08 02:45,L,1561.19,1,1561.19,-12.66,-0.81,2.94,0.19,-15.34,-0.98,-50.34,-0.01
47,Exit long,2025-04-08 07:30,Close entry(s) order L,1565.45,1,1553.93,11.52,0.74,30.65,1.97,0,0.00,-38.82,0.00
47,Entry long,2025-04-08 04:15,L,1553.93,1,1553.93,11.52,0.74,30.65,1.97,0,0.00,-38.82,0.00
48,Exit long,2025-04-08 13:15,Close entry(s) order L,1588.73,1,1566.34,22.39,1.43,51.66,3.30,-3.22,-0.21,-16.43,0.00
48,Entry long,2025-04-08 09:30,L,1566.34,1,1566.34,22.39,1.43,51.66,3.30,-3.22,-0.21,-16.43,0.00
49,Exit long,2025-04-08 14:15,Close entry(s) order L,1578.97,1,1590.96,-11.99,-0.75,0,0.00,-12.93,-0.81,-28.42,0.00
49,Entry long,2025-04-08 14:00,L,1590.96,1,1590.96,-11.99,-0.75,0,0.00,-12.93,-0.81,-28.42,0.00
50,Exit long,2025-04-08 18:00,Close entry(s) order L,1567.47,1,1572.32,-4.85,-0.31,0.96,0.06,-5.54,-0.35,-33.27,0.00
50,Entry long,2025-04-08 17:45,L,1572.32,1,1572.32,-4.85,-0.31,0.96,0.06,-5.54,-0.35,-33.27,0.00
51,Exit long,2025-04-08 19:00,Close entry(s) order L,1565.57,1,1568.96,-3.39,-0.22,4.79,0.31,-4.58,-0.29,-36.66,0.00
51,Entry long,2025-04-08 18:30,L,1568.96,1,1568.96,-3.39,-0.22,4.79,0.31,-4.58,-0.29,-36.66,0.00
52,Exit long,2025-04-08 20:45,Close entry(s) order L,1568.62,1,1567.13,1.49,0.10,25.66,1.64,-2.63,-0.17,-35.17,0.00
52,Entry long,2025-04-08 19:15,L,1567.13,1,1567.13,1.49,0.10,25.66,1.64,-2.63,-0.17,-35.17,0.00
53,Exit long,2025-04-08 21:45,Close entry(s) order L,1566.28,1,1576.62,-10.34,-0.66,9.27,0.59,-28.54,-1.81,-45.51,0.00
53,Entry long,2025-04-08 21:15,L,1576.62,1,1576.62,-10.34,-0.66,9.27,0.59,-28.54,-1.81,-45.51,0.00
54,Exit long,2025-04-09 05:30,Close entry(s) order L,1467.8,1,1480.55,-12.75,-0.86,5.05,0.34,-15.55,-1.05,-58.26,-0.01
54,Entry long,2025-04-09 04:45,L,1480.55,1,1480.55,-12.75,-0.86,5.05,0.34,-15.55,-1.05,-58.26,-0.01
55,Exit long,2025-04-09 06:15,Close entry(s) order L,1465.31,1,1474.22,-8.91,-0.60,3.64,0.25,-14.01,-0.95,-67.17,-0.01
55,Entry long,2025-04-09 05:45,L,1474.22,1,1474.22,-8.91,-0.60,3.64,0.25,-14.01,-0.95,-67.17,-0.01
56,Exit long,2025-04-09 09:00,Close entry(s) order L,1466.79,1,1470.58,-3.79,-0.26,11.11,0.76,-7.69,-0.52,-70.96,-0.01
56,Entry long,2025-04-09 07:45,L,1470.58,1,1470.58,-3.79,-0.26,11.11,0.76,-7.69,-0.52,-70.96,-0.01
57,Exit long,2025-04-09 17:30,Close entry(s) order L,1474.06,1,1431.28,42.78,2.99,60.4,4.22,-8.51,-0.59,-28.18,0.00
57,Entry long,2025-04-09 12:15,L,1431.28,1,1431.28,42.78,2.99,60.4,4.22,-8.51,-0.59,-28.18,0.00
58,Exit long,2025-04-09 18:45,Close entry(s) order L,1478.45,1,1478.84,-0.39,-0.03,8.55,0.58,-6.68,-0.45,-28.57,0.00
58,Entry long,2025-04-09 17:45,L,1478.84,1,1478.84,-0.39,-0.03,8.55,0.58,-6.68,-0.45,-28.57,0.00
59,Exit long,2025-04-09 19:15,Close entry(s) order L,1460.32,1,1485.43,-25.11,-1.69,1.05,0.07,-40.23,-2.71,-53.68,-0.01
59,Entry long,2025-04-09 19:00,L,1485.43,1,1485.43,-25.11,-1.69,1.05,0.07,-40.23,-2.71,-53.68,-0.01
60,Exit long,2025-04-10 07:15,Close entry(s) order L,1660.51,1,1476.16,184.35,12.49,211.84,14.35,-7.69,-0.52,130.67,0.01
60,Entry long,2025-04-09 21:45,L,1476.16,1,1476.16,184.35,12.49,211.84,14.35,-7.69,-0.52,130.67,0.01
61,Exit long,2025-04-10 13:45,Close entry(s) order L,1619.02,1,1623.47,-4.45,-0.27,1.44,0.09,-5.92,-0.36,126.22,0.01
61,Entry long,2025-04-10 13:30,L,1623.47,1,1623.47,-4.45,-0.27,1.44,0.09,-5.92,-0.36,126.22,0.01
62,Exit long,2025-04-10 14:30,Close entry(s) order L,1611.73,1,1619.09,-7.36,-0.45,0.9,0.06,-9.04,-0.56,118.86,0.01
62,Entry long,2025-04-10 14:15,L,1619.09,1,1619.09,-7.36,-0.45,0.9,0.06,-9.04,-0.56,118.86,0.01
63,Exit long,2025-04-10 18:30,Close entry(s) order L,1596.29,1,1603.23,-6.94,-0.43,2,0.12,-8.23,-0.51,111.92,0.01
63,Entry long,2025-04-10 18:00,L,1603.23,1,1603.23,-6.94,-0.43,2,0.12,-8.23,-0.51,111.92,0.01
64,Exit long,2025-04-10 21:00,Close entry(s) order L,1592.62,1,1593.91,-1.29,-0.08,33.7,2.11,-12.79,-0.80,110.63,0.01
64,Entry long,2025-04-10 20:00,L,1593.91,1,1593.91,-1.29,-0.08,33.7,2.11,-12.79,-0.80,110.63,0.01
65,Exit long,2025-04-11 07:15,Close entry(s) order L,1521.96,1,1517.61,4.35,0.29,15.39,1.01,-7.82,-0.52,114.98,0.01
65,Entry long,2025-04-11 02:30,L,1517.61,1,1517.61,4.35,0.29,15.39,1.01,-7.82,-0.52,114.98,0.01
66,Exit long,2025-04-11 08:30,Close entry(s) order L,1519.95,1,1526.01,-6.06,-0.40,2.43,0.16,-6.21,-0.41,108.92,0.01
66,Entry long,2025-04-11 08:15,L,1526.01,1,1526.01,-6.06,-0.40,2.43,0.16,-6.21,-0.41,108.92,0.01
67,Exit long,2025-04-11 15:15,Close entry(s) order L,1549.56,1,1526.98,22.58,1.48,34.97,2.29,-0.15,-0.01,131.5,0.01
67,Entry long,2025-04-11 09:30,L,1526.98,1,1526.98,22.58,1.48,34.97,2.29,-0.15,-0.01,131.5,0.01
68,Exit long,2025-04-11 16:45,Close entry(s) order L,1549.67,1,1555.88,-6.21,-0.40,16.44,1.06,-19.41,-1.25,125.29,0.01
68,Entry long,2025-04-11 15:45,L,1555.88,1,1555.88,-6.21,-0.40,16.44,1.06,-19.41,-1.25,125.29,0.01
69,Exit long,2025-04-11 19:30,Close entry(s) order L,1558.96,1,1559.17,-0.21,-0.01,26.01,1.67,-6.31,-0.40,125.08,0.01
69,Entry long,2025-04-11 17:30,L,1559.17,1,1559.17,-0.21,-0.01,26.01,1.67,-6.31,-0.40,125.08,0.01
70,Exit long,2025-04-11 20:00,Close entry(s) order L,1557.94,1,1562.53,-4.59,-0.29,1.47,0.09,-7.8,-0.50,120.49,0.01
70,Entry long,2025-04-11 19:45,L,1562.53,1,1562.53,-4.59,-0.29,1.47,0.09,-7.8,-0.50,120.49,0.01
71,Exit long,2025-04-11 21:00,Close entry(s) order L,1557.4,1,1563.04,-5.64,-0.36,0.77,0.05,-9.45,-0.60,114.85,0.01
71,Entry long,2025-04-11 20:45,L,1563.04,1,1563.04,-5.64,-0.36,0.77,0.05,-9.45,-0.60,114.85,0.01
72,Exit long,2025-04-11 22:30,Close entry(s) order L,1545.02,1,1570.2,-25.18,-1.60,8.04,0.51,-29.84,-1.90,89.67,0.01
72,Entry long,2025-04-11 21:45,L,1570.2,1,1570.2,-25.18,-1.60,8.04,0.51,-29.84,-1.90,89.67,0.01
73,Exit long,2025-04-12 00:15,Close entry(s) order L,1559.7,1,1560.48,-0.78,-0.05,9.48,0.61,-1.65,-0.11,88.89,0.01
73,Entry long,2025-04-11 23:30,L,1560.48,1,1560.48,-0.78,-0.05,9.48,0.61,-1.65,-0.11,88.89,0.01
74,Exit long,2025-04-12 03:00,Close entry(s) order L,1561.42,1,1560.07,1.35,0.09,30.81,1.97,-0.18,-0.01,90.24,0.01
74,Entry long,2025-04-12 00:30,L,1560.07,1,1560.07,1.35,0.09,30.81,1.97,-0.18,-0.01,90.24,0.01
75,Exit long,2025-04-12 03:30,Close entry(s) order L,1567.34,1,1570.96,-3.62,-0.23,0.96,0.06,-4.24,-0.27,86.62,0.01
75,Entry long,2025-04-12 03:15,L,1570.96,1,1570.96,-3.62,-0.23,0.96,0.06,-4.24,-0.27,86.62,0.01
76,Exit long,2025-04-12 05:00,Close entry(s) order L,1570.66,1,1571.67,-1.01,-0.06,2.33,0.15,-3.94,-0.25,85.61,0.01
76,Entry long,2025-04-12 04:30,L,1571.67,1,1571.67,-1.01,-0.06,2.33,0.15,-3.94,-0.25,85.61,0.01
77,Exit long,2025-04-12 06:15,Close entry(s) order L,1569.81,1,1578.28,-8.47,-0.54,8.03,0.51,-13.67,-0.87,77.14,0.01
77,Entry long,2025-04-12 05:15,L,1578.28,1,1578.28,-8.47,-0.54,8.03,0.51,-13.67,-0.87,77.14,0.01
78,Exit long,2025-04-12 06:45,Close entry(s) order L,1567.99,1,1572,-4.01,-0.26,0.09,0.01,-5.97,-0.38,73.13,0.01
78,Entry long,2025-04-12 06:30,L,1572,1,1572,-4.01,-0.26,0.09,0.01,-5.97,-0.38,73.13,0.01
79,Exit long,2025-04-12 12:00,Close entry(s) order L,1553.61,1,1557.1,-3.49,-0.22,1.75,0.11,-4.69,-0.30,69.64,0.01
79,Entry long,2025-04-12 11:45,L,1557.1,1,1557.1,-3.49,-0.22,1.75,0.11,-4.69,-0.30,69.64,0.01
80,Exit long,2025-04-12 18:45,Close entry(s) order L,1588.18,1,1558.05,30.13,1.93,47.66,3.06,-3.33,-0.21,99.77,0.01
80,Entry long,2025-04-12 12:30,L,1558.05,1,1558.05,30.13,1.93,47.66,3.06,-3.33,-0.21,99.77,0.01
81,Exit long,2025-04-12 20:00,Close entry(s) order L,1593.22,1,1596.48,-3.26,-0.20,1.4,0.09,-3.97,-0.25,96.51,0.01
81,Entry long,2025-04-12 19:15,L,1596.48,1,1596.48,-3.26,-0.20,1.4,0.09,-3.97,-0.25,96.51,0.01
82,Exit long,2025-04-13 00:45,Close entry(s) order L,1645.39,1,1596,49.39,3.09,73.85,4.63,-3.45,-0.22,145.9,0.01
82,Entry long,2025-04-12 20:15,L,1596,1,1596,49.39,3.09,73.85,4.63,-3.45,-0.22,145.9,0.01
83,Exit long,2025-04-13 03:30,Close entry(s) order L,1639.36,1,1646.68,-7.32,-0.44,7.76,0.47,-11.25,-0.68,138.58,0.01
83,Entry long,2025-04-13 02:45,L,1646.68,1,1646.68,-7.32,-0.44,7.76,0.47,-11.25,-0.68,138.58,0.01
84,Exit long,2025-04-13 07:15,Close entry(s) order L,1646.4,1,1641.9,4.5,0.27,17.78,1.08,-1.55,-0.09,143.08,0.01
84,Entry long,2025-04-13 04:00,L,1641.9,1,1641.9,4.5,0.27,17.78,1.08,-1.55,-0.09,143.08,0.01
85,Exit long,2025-04-13 15:45,Close entry(s) order L,1611.52,1,1617.58,-6.06,-0.37,5.42,0.34,-7.58,-0.47,137.02,0.01
85,Entry long,2025-04-13 14:45,L,1617.58,1,1617.58,-6.06,-0.37,5.42,0.34,-7.58,-0.47,137.02,0.01
86,Exit long,2025-04-13 16:15,Close entry(s) order L,1608.68,1,1612.78,-4.1,-0.25,0.97,0.06,-4.98,-0.31,132.92,0.01
86,Entry long,2025-04-13 16:00,L,1612.78,1,1612.78,-4.1,-0.25,0.97,0.06,-4.98,-0.31,132.92,0.01
87,Exit long,2025-04-13 18:30,Close entry(s) order L,1613,1,1616.3,-3.3,-0.20,11.15,0.69,-4.04,-0.25,129.62,0.01
87,Entry long,2025-04-13 16:30,L,1616.3,1,1616.3,-3.3,-0.20,11.15,0.69,-4.04,-0.25,129.62,0.01
88,Exit long,2025-04-14 03:45,Close entry(s) order L,1580.11,1,1591.75,-11.64,-0.73,56.98,3.58,-32.35,-2.03,117.98,0.01
88,Entry long,2025-04-14 00:15,L,1591.75,1,1591.75,-11.64,-0.73,56.98,3.58,-32.35,-2.03,117.98,0.01
89,Exit long,2025-04-14 07:45,Close entry(s) order L,1589.64,1,1592.03,-2.39,-0.15,4.71,0.30,-5.57,-0.35,115.59,0.01
89,Entry long,2025-04-14 07:15,L,1592.03,1,1592.03,-2.39,-0.15,4.71,0.30,-5.57,-0.35,115.59,0.01
90,Exit long,2025-04-14 13:45,Close entry(s) order L,1621.82,1,1596.93,24.89,1.56,62.88,3.94,-2.2,-0.14,140.48,0.01
90,Entry long,2025-04-14 08:00,L,1596.93,1,1596.93,24.89,1.56,62.88,3.94,-2.2,-0.14,140.48,0.01
91,Exit long,2025-04-14 21:45,Close entry(s) order L,1657.08,1,1634.92,22.16,1.36,56.65,3.47,-6.28,-0.38,162.64,0.02
91,Entry long,2025-04-14 16:00,L,1634.92,1,1634.92,22.16,1.36,56.65,3.47,-6.28,-0.38,162.64,0.02
92,Exit long,2025-04-14 23:15,Close entry(s) order L,1655.9,1,1669.76,-13.86,-0.83,19.51,1.17,-16,-0.96,148.78,0.01
92,Entry long,2025-04-14 22:45,L,1669.76,1,1669.76,-13.86,-0.83,19.51,1.17,-16,-0.96,148.78,0.01
93,Exit long,2025-04-15 04:00,Close entry(s) order L,1635.95,1,1647.27,-11.32,-0.69,3.53,0.21,-16.8,-1.02,137.46,0.01
93,Entry long,2025-04-15 02:00,L,1647.27,1,1647.27,-11.32,-0.69,3.53,0.21,-16.8,-1.02,137.46,0.01
94,Exit long,2025-04-15 09:15,Close entry(s) order L,1619.63,1,1625.85,-6.22,-0.38,7.84,0.48,-11.29,-0.69,131.24,0.01
94,Entry long,2025-04-15 08:30,L,1625.85,1,1625.85,-6.22,-0.38,7.84,0.48,-11.29,-0.69,131.24,0.01
95,Exit long,2025-04-15 10:30,Close entry(s) order L,1622.93,1,1630.28,-7.35,-0.45,7.87,0.48,-8.7,-0.53,123.89,0.01
95,Entry long,2025-04-15 09:30,L,1630.28,1,1630.28,-7.35,-0.45,7.87,0.48,-8.7,-0.53,123.89,0.01
96,Exit long,2025-04-15 15:00,Close entry(s) order L,1636,1,1631.08,4.92,0.30,16.92,1.04,-4.25,-0.26,128.81,0.01
96,Entry long,2025-04-15 11:00,L,1631.08,1,1631.08,4.92,0.30,16.92,1.04,-4.25,-0.26,128.81,0.01
97,Exit long,2025-04-15 17:00,Close entry(s) order L,1640.22,1,1640.46,-0.24,-0.01,7.54,0.46,-2.71,-0.17,128.57,0.01
97,Entry long,2025-04-15 15:15,L,1640.46,1,1640.46,-0.24,-0.01,7.54,0.46,-2.71,-0.17,128.57,0.01
98,Exit long,2025-04-15 17:45,Close entry(s) order L,1640.15,1,1646.03,-5.88,-0.36,5.76,0.35,-12.56,-0.76,122.69,0.01
98,Entry long,2025-04-15 17:15,L,1646.03,1,1646.03,-5.88,-0.36,5.76,0.35,-12.56,-0.76,122.69,0.01
99,Exit long,2025-04-15 18:30,Close entry(s) order L,1634.6,1,1647.7,-13.1,-0.80,3.1,0.19,-15.98,-0.97,109.59,0.01
99,Entry long,2025-04-15 18:00,L,1647.7,1,1647.7,-13.1,-0.80,3.1,0.19,-15.98,-0.97,109.59,0.01
100,Exit long,2025-04-15 22:00,Close entry(s) order L,1628.26,1,1641.09,-12.83,-0.78,19.59,1.19,-21.09,-1.29,96.76,0.01
100,Entry long,2025-04-15 21:00,L,1641.09,1,1641.09,-12.83,-0.78,19.59,1.19,-21.09,-1.29,96.76,0.01
101,Exit long,2025-04-16 01:30,Close entry(s) order L,1615.53,1,1625.88,-10.35,-0.64,0.4,0.02,-11.84,-0.73,86.41,0.01
101,Entry long,2025-04-16 01:15,L,1625.88,1,1625.88,-10.35,-0.64,0.4,0.02,-11.84,-0.73,86.41,0.01
102,Exit long,2025-04-16 11:45,Close entry(s) order L,1592.96,1,1594.74,-1.78,-0.11,9.07,0.57,-5.34,-0.33,84.63,0.01
102,Entry long,2025-04-16 09:30,L,1594.74,1,1594.74,-1.78,-0.11,9.07,0.57,-5.34,-0.33,84.63,0.01
103,Exit long,2025-04-16 18:00,Close entry(s) order L,1567.34,1,1579.39,-12.05,-0.76,2.2,0.14,-12.97,-0.82,72.58,0.01
103,Entry long,2025-04-16 16:45,L,1579.39,1,1579.39,-12.05,-0.76,2.2,0.14,-12.97,-0.82,72.58,0.01
104,Exit long,2025-04-16 21:00,Close entry(s) order L,1576.5,1,1572.54,3.96,0.25,15.23,0.97,-1.22,-0.08,76.54,0.01
104,Entry long,2025-04-16 18:15,L,1572.54,1,1572.54,3.96,0.25,15.23,0.97,-1.22,-0.08,76.54,0.01
105,Exit long,2025-04-17 00:30,Close entry(s) order L,1584.1,1,1583.69,0.41,0.03,31.26,1.97,-3.43,-0.22,76.95,0.01
105,Entry long,2025-04-16 22:30,L,1583.69,1,1583.69,0.41,0.03,31.26,1.97,-3.43,-0.22,76.95,0.01
106,Exit long,2025-04-17 01:45,Close entry(s) order L,1583.45,1,1591.69,-8.24,-0.52,20.67,1.30,-15.96,-1.00,68.71,0.01
106,Entry long,2025-04-17 01:00,L,1591.69,1,1591.69,-8.24,-0.52,20.67,1.30,-15.96,-1.00,68.71,0.01
107,Exit long,2025-04-17 07:15,Close entry(s) order L,1580.73,1,1588.13,-7.4,-0.47,9.88,0.62,-18.89,-1.19,61.31,0.01
107,Entry long,2025-04-17 04:00,L,1588.13,1,1588.13,-7.4,-0.47,9.88,0.62,-18.89,-1.19,61.31,0.01
108,Exit long,2025-04-17 11:30,Close entry(s) order L,1578.3,1,1584.6,-6.3,-0.40,10.3,0.65,-7.59,-0.48,55.01,0.01
108,Entry long,2025-04-17 09:00,L,1584.6,1,1584.6,-6.3,-0.40,10.3,0.65,-7.59,-0.48,55.01,0.01
109,Exit long,2025-04-17 16:30,Close entry(s) order L,1599.08,1,1590.48,8.6,0.54,19.42,1.22,-1.38,-0.09,63.61,0.01
109,Entry long,2025-04-17 13:00,L,1590.48,1,1590.48,8.6,0.54,19.42,1.22,-1.38,-0.09,63.61,0.01
110,Exit long,2025-04-17 20:00,Close entry(s) order L,1592.51,1,1594.79,-2.28,-0.14,3.23,0.20,-2.49,-0.16,61.33,0.01
110,Entry long,2025-04-17 19:45,L,1594.79,1,1594.79,-2.28,-0.14,3.23,0.20,-2.49,-0.16,61.33,0.01
111,Exit long,2025-04-17 21:15,Close entry(s) order L,1592.93,1,1594.77,-1.84,-0.12,7.99,0.50,-2.13,-0.13,59.49,0.01
111,Entry long,2025-04-17 20:15,L,1594.77,1,1594.77,-1.84,-0.12,7.99,0.50,-2.13,-0.13,59.49,0.01
112,Exit long,2025-04-17 21:45,Close entry(s) order L,1594.6,1,1595.47,-0.87,-0.05,1.6,0.10,-7.03,-0.44,58.62,0.01
112,Entry long,2025-04-17 21:30,L,1595.47,1,1595.47,-0.87,-0.05,1.6,0.10,-7.03,-0.44,58.62,0.01
113,Exit long,2025-04-18 03:00,Close entry(s) order L,1600.02,1,1588.05,11.97,0.75,28.76,1.81,-1,-0.06,70.59,0.01
113,Entry long,2025-04-18 00:15,L,1588.05,1,1588.05,11.97,0.75,28.76,1.81,-1,-0.06,70.59,0.01
114,Exit long,2025-04-18 06:45,Close entry(s) order L,1584.98,1,1590.17,-5.19,-0.33,0.7,0.04,-5.91,-0.37,65.4,0.01
114,Entry long,2025-04-18 06:15,L,1590.17,1,1590.17,-5.19,-0.33,0.7,0.04,-5.91,-0.37,65.4,0.01
115,Exit long,2025-04-18 07:45,Close entry(s) order L,1582.77,1,1587.01,-4.24,-0.27,0.56,0.04,-4.44,-0.28,61.16,0.01
115,Entry long,2025-04-18 07:30,L,1587.01,1,1587.01,-4.24,-0.27,0.56,0.04,-4.44,-0.28,61.16,0.01
116,Exit long,2025-04-18 09:45,Close entry(s) order L,1581.99,1,1585.79,-3.8,-0.24,2.9,0.18,-4.59,-0.29,57.36,0.01
116,Entry long,2025-04-18 09:15,L,1585.79,1,1585.79,-3.8,-0.24,2.9,0.18,-4.59,-0.29,57.36,0.01
117,Exit long,2025-04-18 11:15,Close entry(s) order L,1581.01,1,1584.06,-3.05,-0.19,2.72,0.17,-4.06,-0.26,54.31,0.01
117,Entry long,2025-04-18 10:30,L,1584.06,1,1584.06,-3.05,-0.19,2.72,0.17,-4.06,-0.26,54.31,0.01
118,Exit long,2025-04-18 12:15,Close entry(s) order L,1578.86,1,1582.57,-3.71,-0.23,2.23,0.14,-3.84,-0.24,50.6,0.01
118,Entry long,2025-04-18 11:45,L,1582.57,1,1582.57,-3.71,-0.23,2.23,0.14,-3.84,-0.24,50.6,0.01
119,Exit long,2025-04-18 12:45,Close entry(s) order L,1580.19,1,1582.77,-2.58,-0.16,0.51,0.03,-3.37,-0.21,48.02,0.00
119,Entry long,2025-04-18 12:30,L,1582.77,1,1582.77,-2.58,-0.16,0.51,0.03,-3.37,-0.21,48.02,0.00
120,Exit long,2025-04-18 14:30,Close entry(s) order L,1578.37,1,1580.76,-2.39,-0.15,0.54,0.03,-4.22,-0.27,45.63,0.00
120,Entry long,2025-04-18 14:00,L,1580.76,1,1580.76,-2.39,-0.15,0.54,0.03,-4.22,-0.27,45.63,0.00
121,Exit long,2025-04-18 15:15,Close entry(s) order L,1579.12,1,1580.48,-1.36,-0.09,0.27,0.02,-2.66,-0.17,44.27,0.00
121,Entry long,2025-04-18 15:00,L,1580.48,1,1580.48,-1.36,-0.09,0.27,0.02,-2.66,-0.17,44.27,0.00
122,Exit long,2025-04-18 18:45,Close entry(s) order L,1584.29,1,1581.13,3.16,0.20,11.27,0.71,-1.13,-0.07,47.43,0.00
122,Entry long,2025-04-18 15:30,L,1581.13,1,1581.13,3.16,0.20,11.27,0.71,-1.13,-0.07,47.43,0.00
123,Exit long,2025-04-18 19:30,Close entry(s) order L,1585.59,1,1587.09,-1.5,-0.09,0.85,0.05,-2.94,-0.19,45.93,0.00
123,Entry long,2025-04-18 19:15,L,1587.09,1,1587.09,-1.5,-0.09,0.85,0.05,-2.94,-0.19,45.93,0.00
124,Exit long,2025-04-18 22:15,Close entry(s) order L,1588.23,1,1588.31,-0.08,-0.01,8.32,0.52,-2.13,-0.13,45.85,0.00
124,Entry long,2025-04-18 19:45,L,1588.31,1,1588.31,-0.08,-0.01,8.32,0.52,-2.13,-0.13,45.85,0.00
125,Exit long,2025-04-18 23:00,Close entry(s) order L,1588.34,1,1590.25,-1.91,-0.12,0,0.00,-3.89,-0.24,43.94,0.00
125,Entry long,2025-04-18 22:45,L,1590.25,1,1590.25,-1.91,-0.12,0,0.00,-3.89,-0.24,43.94,0.00
126,Exit long,2025-04-19 07:00,Close entry(s) order L,1592,1,1586.71,5.29,0.33,13.29,0.84,-2.36,-0.15,49.23,0.00
126,Entry long,2025-04-19 01:00,L,1586.71,1,1586.71,5.29,0.33,13.29,0.84,-2.36,-0.15,49.23,0.00
127,Exit long,2025-04-19 14:15,Close entry(s) order L,1598.66,1,1589.42,9.24,0.58,23.58,1.48,-2.42,-0.15,58.47,0.01
127,Entry long,2025-04-19 10:00,L,1589.42,1,1589.42,9.24,0.58,23.58,1.48,-2.42,-0.15,58.47,0.01
128,Exit long,2025-04-19 16:00,Close entry(s) order L,1600.28,1,1601.35,-1.07,-0.07,2.1,0.13,-1.6,-0.10,57.4,0.01
128,Entry long,2025-04-19 15:30,L,1601.35,1,1601.35,-1.07,-0.07,2.1,0.13,-1.6,-0.10,57.4,0.01
129,Exit long,2025-04-19 17:45,Close entry(s) order L,1599.6,1,1601.79,-2.19,-0.14,4.23,0.26,-2.65,-0.17,55.21,0.01
129,Entry long,2025-04-19 16:30,L,1601.79,1,1601.79,-2.19,-0.14,4.23,0.26,-2.65,-0.17,55.21,0.01
130,Exit long,2025-04-19 20:45,Close entry(s) order L,1596.17,1,1598.1,-1.93,-0.12,0.3,0.02,-2.1,-0.13,53.28,0.01
130,Entry long,2025-04-19 20:30,L,1598.1,1,1598.1,-1.93,-0.12,0.3,0.02,-2.1,-0.13,53.28,0.01
131,Exit long,2025-04-20 00:45,Close entry(s) order L,1604.17,1,1598.53,5.64,0.35,13.47,0.84,-2.4,-0.15,58.92,0.01
131,Entry long,2025-04-19 21:15,L,1598.53,1,1598.53,5.64,0.35,13.47,0.84,-2.4,-0.15,58.92,0.01
132,Exit long,2025-04-20 04:15,Close entry(s) order L,1612,1,1605.7,6.3,0.39,26.59,1.66,-0.3,-0.02,65.22,0.01
132,Entry long,2025-04-20 01:30,L,1605.7,1,1605.7,6.3,0.39,26.59,1.66,-0.3,-0.02,65.22,0.01
133,Exit long,2025-04-20 05:00,Close entry(s) order L,1613.23,1,1615.75,-2.52,-0.16,0.08,0.00,-2.61,-0.16,62.7,0.01
133,Entry long,2025-04-20 04:45,L,1615.75,1,1615.75,-2.52,-0.16,0.08,0.00,-2.61,-0.16,62.7,0.01
134,Exit long,2025-04-20 07:15,Close entry(s) order L,1615.65,1,1618.9,-3.25,-0.20,3.21,0.20,-4.02,-0.25,59.45,0.01
134,Entry long,2025-04-20 05:15,L,1618.9,1,1618.9,-3.25,-0.20,3.21,0.20,-4.02,-0.25,59.45,0.01
135,Exit long,2025-04-20 10:30,Close entry(s) order L,1613,1,1615.13,-2.13,-0.13,3.33,0.21,-2.53,-0.16,57.32,0.01
135,Entry long,2025-04-20 09:30,L,1615.13,1,1615.13,-2.13,-0.13,3.33,0.21,-2.53,-0.16,57.32,0.01
136,Exit long,2025-04-20 11:15,Close entry(s) order L,1613.61,1,1617.3,-3.69,-0.23,0.88,0.05,-4.3,-0.27,53.63,0.01
136,Entry long,2025-04-20 10:45,L,1617.3,1,1617.3,-3.69,-0.23,0.88,0.05,-4.3,-0.27,53.63,0.01
137,Exit long,2025-04-20 11:45,Close entry(s) order L,1609.9,1,1614.16,-4.26,-0.26,0.45,0.03,-5.4,-0.33,49.37,0.00
137,Entry long,2025-04-20 11:30,L,1614.16,1,1614.16,-4.26,-0.26,0.45,0.03,-5.4,-0.33,49.37,0.00
138,Exit long,2025-04-20 13:00,Close entry(s) order L,1613.88,1,1615.16,-1.28,-0.08,1.84,0.11,-2,-0.12,48.09,0.00
138,Entry long,2025-04-20 12:30,L,1615.16,1,1615.16,-1.28,-0.08,1.84,0.11,-2,-0.12,48.09,0.00
139,Exit long,2025-04-20 13:45,Close entry(s) order L,1611.89,1,1614.19,-2.3,-0.14,1.55,0.10,-2.87,-0.18,45.79,0.00
139,Entry long,2025-04-20 13:15,L,1614.19,1,1614.19,-2.3,-0.14,1.55,0.10,-2.87,-0.18,45.79,0.00
140,Exit long,2025-04-20 23:30,Close entry(s) order L,1572.31,1,1578.24,-5.93,-0.38,5.15,0.33,-6.24,-0.40,39.86,0.00
140,Entry long,2025-04-20 21:45,L,1578.24,1,1578.24,-5.93,-0.38,5.15,0.33,-6.24,-0.40,39.86,0.00
141,Exit long,2025-04-21 01:15,Close entry(s) order L,1576.43,1,1578.22,-1.79,-0.11,2.78,0.18,-1.87,-0.12,38.07,0.00
141,Entry long,2025-04-21 00:30,L,1578.22,1,1578.22,-1.79,-0.11,2.78,0.18,-1.87,-0.12,38.07,0.00
142,Exit long,2025-04-21 06:15,Close entry(s) order L,1582.26,1,1577.05,5.21,0.33,22.95,1.46,-0.07,0.00,43.28,0.00
142,Entry long,2025-04-21 01:45,L,1577.05,1,1577.05,5.21,0.33,22.95,1.46,-0.07,0.00,43.28,0.00
143,Exit long,2025-04-21 17:15,Close entry(s) order L,1645.75,1,1586.57,59.18,3.73,71.43,4.50,-1.29,-0.08,102.46,0.01
143,Entry long,2025-04-21 08:00,L,1586.57,1,1586.57,59.18,3.73,71.43,4.50,-1.29,-0.08,102.46,0.01
144,Exit long,2025-04-21 23:15,Close entry(s) order L,1622.56,1,1636.66,-14.1,-0.86,4.73,0.29,-16.46,-1.01,88.36,0.01
144,Entry long,2025-04-21 22:30,L,1636.66,1,1636.66,-14.1,-0.86,4.73,0.29,-16.46,-1.01,88.36,0.01
145,Exit long,2025-04-21 23:45,Close entry(s) order L,1625.29,1,1628.91,-3.62,-0.22,1.98,0.12,-4.7,-0.29,84.74,0.01
145,Entry long,2025-04-21 23:30,L,1628.91,1,1628.91,-3.62,-0.22,1.98,0.12,-4.7,-0.29,84.74,0.01
146,Exit long,2025-04-22 06:30,Close entry(s) order L,1573.84,1,1576.81,-2.97,-0.19,2.74,0.17,-6.37,-0.40,81.77,0.01
146,Entry long,2025-04-22 05:00,L,1576.81,1,1576.81,-2.97,-0.19,2.74,0.17,-6.37,-0.40,81.77,0.01
147,Exit long,2025-04-22 07:15,Close entry(s) order L,1573.96,1,1575.68,-1.72,-0.11,2.32,0.15,-4.48,-0.28,80.05,0.01
147,Entry long,2025-04-22 06:45,L,1575.68,1,1575.68,-1.72,-0.11,2.32,0.15,-4.48,-0.28,80.05,0.01
148,Exit long,2025-04-22 07:45,Close entry(s) order L,1574.04,1,1576.62,-2.58,-0.16,0.52,0.03,-2.62,-0.17,77.47,0.01
148,Entry long,2025-04-22 07:30,L,1576.62,1,1576.62,-2.58,-0.16,0.52,0.03,-2.62,-0.17,77.47,0.01
149,Exit long,2025-04-22 08:15,Close entry(s) order L,1575.19,1,1578.63,-3.44,-0.22,1.35,0.09,-5.35,-0.34,74.03,0.01
149,Entry long,2025-04-22 08:00,L,1578.63,1,1578.63,-3.44,-0.22,1.35,0.09,-5.35,-0.34,74.03,0.01
150,Exit long,2025-04-22 10:30,Close entry(s) order L,1571.9,1,1577.16,-5.26,-0.33,16.07,1.02,-10.44,-0.66,68.77,0.01
150,Entry long,2025-04-22 09:30,L,1577.16,1,1577.16,-5.26,-0.33,16.07,1.02,-10.44,-0.66,68.77,0.01
151,Exit long,2025-04-22 11:15,Close entry(s) order L,1573.01,1,1576.24,-3.23,-0.20,3.76,0.24,-5.94,-0.38,65.54,0.01
151,Entry long,2025-04-22 11:00,L,1576.24,1,1576.24,-3.23,-0.20,3.76,0.24,-5.94,-0.38,65.54,0.01
152,Exit long,2025-04-22 13:00,Close entry(s) order L,1576.94,1,1576.63,0.31,0.02,9.44,0.60,-2.42,-0.15,65.85,0.01
152,Entry long,2025-04-22 11:30,L,1576.63,1,1576.63,0.31,0.02,9.44,0.60,-2.42,-0.15,65.85,0.01
153,Exit long,2025-04-22 14:30,Close entry(s) order L,1576.38,1,1580.08,-3.7,-0.23,4.79,0.30,-3.99,-0.25,62.15,0.01
153,Entry long,2025-04-22 13:45,L,1580.08,1,1580.08,-3.7,-0.23,4.79,0.30,-3.99,-0.25,62.15,0.01
154,Exit long,2025-04-22 18:30,Close entry(s) order L,1615.9,1,1582.97,32.93,2.08,51.1,3.23,-1.29,-0.08,95.08,0.01
154,Entry long,2025-04-22 15:00,L,1582.97,1,1582.97,32.93,2.08,51.1,3.23,-1.29,-0.08,95.08,0.01
155,Exit long,2025-04-22 21:30,Close entry(s) order L,1629.22,1,1627,2.22,0.14,16.06,0.99,-2.14,-0.13,97.3,0.01
155,Entry long,2025-04-22 18:45,L,1627,1,1627,2.22,0.14,16.06,0.99,-2.14,-0.13,97.3,0.01
156,Exit long,2025-04-23 03:30,Close entry(s) order L,1696.39,1,1645.31,51.08,3.10,80.62,4.90,-11.55,-0.70,148.38,0.01
156,Entry long,2025-04-22 21:45,L,1645.31,1,1645.31,51.08,3.10,80.62,4.90,-11.55,-0.70,148.38,0.01
157,Exit long,2025-04-23 04:15,Close entry(s) order L,1694.08,1,1697.53,-3.45,-0.20,3.63,0.21,-3.99,-0.24,144.93,0.01
157,Entry long,2025-04-23 04:00,L,1697.53,1,1697.53,-3.45,-0.20,3.63,0.21,-3.99,-0.24,144.93,0.01
158,Exit long,2025-04-23 05:00,Close entry(s) order L,1694.51,1,1698.55,-4.04,-0.24,1.71,0.10,-5.84,-0.34,140.89,0.01
158,Entry long,2025-04-23 04:30,L,1698.55,1,1698.55,-4.04,-0.24,1.71,0.10,-5.84,-0.34,140.89,0.01
159,Exit long,2025-04-23 08:45,Close entry(s) order L,1746.95,1,1697.97,48.98,2.88,81.05,4.77,-0.24,-0.01,189.87,0.02
159,Entry long,2025-04-23 05:15,L,1697.97,1,1697.97,48.98,2.88,81.05,4.77,-0.24,-0.01,189.87,0.02
160,Exit long,2025-04-23 14:45,Close entry(s) order L,1792.98,1,1750.73,42.25,2.41,67.25,3.84,-4.04,-0.23,232.12,0.02
160,Entry long,2025-04-23 09:00,L,1750.73,1,1750.73,42.25,2.41,67.25,3.84,-4.04,-0.23,232.12,0.02
161,Exit long,2025-04-23 16:30,Close entry(s) order L,1792.4,1,1796.98,-4.58,-0.25,3.9,0.22,-6.82,-0.38,227.54,0.02
161,Entry long,2025-04-23 16:15,L,1796.98,1,1796.98,-4.58,-0.25,3.9,0.22,-6.82,-0.38,227.54,0.02
162,Exit long,2025-04-23 17:00,Close entry(s) order L,1790.59,1,1793.85,-3.26,-0.18,2.96,0.17,-5.54,-0.31,224.28,0.02
162,Entry long,2025-04-23 16:45,L,1793.85,1,1793.85,-3.26,-0.18,2.96,0.17,-5.54,-0.31,224.28,0.02
163,Exit long,2025-04-23 18:00,Close entry(s) order L,1785.02,1,1798.79,-13.77,-0.77,0.95,0.05,-13.79,-0.77,210.51,0.02
163,Entry long,2025-04-23 17:15,L,1798.79,1,1798.79,-13.77,-0.77,0.95,0.05,-13.79,-0.77,210.51,0.02
164,Exit long,2025-04-23 21:45,Close entry(s) order L,1796.74,1,1795.25,1.49,0.08,42.75,2.38,-8.96,-0.50,212,0.02
164,Entry long,2025-04-23 18:30,L,1795.25,1,1795.25,1.49,0.08,42.75,2.38,-8.96,-0.50,212,0.02
165,Exit long,2025-04-24 03:15,Close entry(s) order L,1785.88,1,1791.12,-5.24,-0.29,18.48,1.03,-7.02,-0.39,206.76,0.02
165,Entry long,2025-04-24 00:45,L,1791.12,1,1791.12,-5.24,-0.29,18.48,1.03,-7.02,-0.39,206.76,0.02
166,Exit long,2025-04-24 05:45,Close entry(s) order L,1789,1,1794.6,-5.6,-0.31,4.87,0.27,-6.66,-0.37,201.16,0.02
166,Entry long,2025-04-24 04:30,L,1794.6,1,1794.6,-5.6,-0.31,4.87,0.27,-6.66,-0.37,201.16,0.02
167,Exit long,2025-04-24 06:15,Close entry(s) order L,1790.14,1,1790.87,-0.73,-0.04,5.01,0.28,-2.28,-0.13,200.43,0.02
167,Entry long,2025-04-24 06:00,L,1790.87,1,1790.87,-0.73,-0.04,5.01,0.28,-2.28,-0.13,200.43,0.02
168,Exit long,2025-04-24 07:45,Close entry(s) order L,1795.4,1,1794.87,0.53,0.03,11.41,0.64,-2.31,-0.13,200.96,0.02
168,Entry long,2025-04-24 06:30,L,1794.87,1,1794.87,0.53,0.03,11.41,0.64,-2.31,-0.13,200.96,0.02
169,Exit long,2025-04-24 10:45,Close entry(s) order L,1784.68,1,1798.07,-13.39,-0.74,1.83,0.10,-14.71,-0.82,187.57,0.02
169,Entry long,2025-04-24 10:15,L,1798.07,1,1798.07,-13.39,-0.74,1.83,0.10,-14.71,-0.82,187.57,0.02
170,Exit long,2025-04-24 11:45,Close entry(s) order L,1774,1,1789.2,-15.2,-0.85,0,0.00,-15.53,-0.87,172.37,0.02
170,Entry long,2025-04-24 11:30,L,1789.2,1,1789.2,-15.2,-0.85,0,0.00,-15.53,-0.87,172.37,0.02
171,Exit long,2025-04-24 14:45,Close entry(s) order L,1769.57,1,1774.25,-4.68,-0.26,0.94,0.05,-5.25,-0.30,167.69,0.02
171,Entry long,2025-04-24 14:30,L,1774.25,1,1774.25,-4.68,-0.26,0.94,0.05,-5.25,-0.30,167.69,0.02
172,Exit long,2025-04-24 15:30,Close entry(s) order L,1761.92,1,1773.6,-11.68,-0.66,0.39,0.02,-14.43,-0.81,156.01,0.02
172,Entry long,2025-04-24 15:15,L,1773.6,1,1773.6,-11.68,-0.66,0.39,0.02,-14.43,-0.81,156.01,0.02
173,Exit long,2025-04-25 01:15,Close entry(s) order L,1753.51,1,1748.51,5,0.29,28.82,1.65,-8,-0.46,161.01,0.02
173,Entry long,2025-04-24 18:45,L,1748.51,1,1748.51,5,0.29,28.82,1.65,-8,-0.46,161.01,0.02
174,Exit long,2025-04-25 02:30,Close entry(s) order L,1757.84,1,1765.66,-7.82,-0.44,3.19,0.18,-10.01,-0.57,153.19,0.02
174,Entry long,2025-04-25 02:15,L,1765.66,1,1765.66,-7.82,-0.44,3.19,0.18,-10.01,-0.57,153.19,0.02
175,Exit long,2025-04-25 05:15,Close entry(s) order L,1760.68,1,1762.38,-1.7,-0.10,7.26,0.41,-2.97,-0.17,151.49,0.02
175,Entry long,2025-04-25 03:30,L,1762.38,1,1762.38,-1.7,-0.10,7.26,0.41,-2.97,-0.17,151.49,0.02
176,Exit long,2025-04-25 06:45,Close entry(s) order L,1760.74,1,1762.13,-1.39,-0.08,2.15,0.12,-1.62,-0.09,150.1,0.02
176,Entry long,2025-04-25 06:30,L,1762.13,1,1762.13,-1.39,-0.08,2.15,0.12,-1.62,-0.09,150.1,0.02
177,Exit long,2025-04-25 10:00,Close entry(s) order L,1765,1,1764.98,0.02,0.00,24.9,1.41,-2.79,-0.16,150.12,0.02
177,Entry long,2025-04-25 07:15,L,1764.98,1,1764.98,0.02,0.00,24.9,1.41,-2.79,-0.16,150.12,0.02
178,Exit long,2025-04-25 17:15,Close entry(s) order L,1770.76,1,1765.71,5.05,0.29,15.52,0.88,-6.71,-0.38,155.17,0.02
178,Entry long,2025-04-25 12:15,L,1765.71,1,1765.71,5.05,0.29,15.52,0.88,-6.71,-0.38,155.17,0.02
179,Exit long,2025-04-25 18:45,Close entry(s) order L,1773.13,1,1773.99,-0.86,-0.05,18.73,1.06,-2.41,-0.14,154.31,0.02
179,Entry long,2025-04-25 17:45,L,1773.99,1,1773.99,-0.86,-0.05,18.73,1.06,-2.41,-0.14,154.31,0.02
180,Exit long,2025-04-25 21:00,Close entry(s) order L,1772,1,1783.34,-11.34,-0.64,18.66,1.05,-13.89,-0.78,142.97,0.01
180,Entry long,2025-04-25 19:15,L,1783.34,1,1783.34,-11.34,-0.64,18.66,1.05,-13.89,-0.78,142.97,0.01
181,Exit long,2025-04-25 22:30,Close entry(s) order L,1774.08,1,1788.01,-13.93,-0.78,1.47,0.08,-16.43,-0.92,129.04,0.01
181,Entry long,2025-04-25 22:15,L,1788.01,1,1788.01,-13.93,-0.78,1.47,0.08,-16.43,-0.92,129.04,0.01
182,Exit long,2025-04-26 01:45,Close entry(s) order L,1790.3,1,1790.98,-0.68,-0.04,35.93,2.01,-6.96,-0.39,128.36,0.01
182,Entry long,2025-04-25 22:45,L,1790.98,1,1790.98,-0.68,-0.04,35.93,2.01,-6.96,-0.39,128.36,0.01
183,Exit long,2025-04-26 03:00,Close entry(s) order L,1795.47,1,1801.71,-6.24,-0.35,0.64,0.04,-7.68,-0.43,122.12,0.01
183,Entry long,2025-04-26 02:45,L,1801.71,1,1801.71,-6.24,-0.35,0.64,0.04,-7.68,-0.43,122.12,0.01
184,Exit long,2025-04-26 03:45,Close entry(s) order L,1795.94,1,1798.33,-2.39,-0.13,0.11,0.01,-6.5,-0.36,119.73,0.01
184,Entry long,2025-04-26 03:30,L,1798.33,1,1798.33,-2.39,-0.13,0.11,0.01,-6.5,-0.36,119.73,0.01
185,Exit long,2025-04-26 04:45,Close entry(s) order L,1791.56,1,1801.45,-9.89,-0.55,4.26,0.24,-10.02,-0.56,109.84,0.01
185,Entry long,2025-04-26 04:00,L,1801.45,1,1801.45,-9.89,-0.55,4.26,0.24,-10.02,-0.56,109.84,0.01
186,Exit long,2025-04-26 05:30,Close entry(s) order L,1794.08,1,1797.41,-3.33,-0.19,11.46,0.64,-3.41,-0.19,106.51,0.01
186,Entry long,2025-04-26 05:00,L,1797.41,1,1797.41,-3.33,-0.19,11.46,0.64,-3.41,-0.19,106.51,0.01
187,Exit long,2025-04-26 06:00,Close entry(s) order L,1789.02,1,1797.35,-8.33,-0.46,0.51,0.03,-13.29,-0.74,98.18,0.01
187,Entry long,2025-04-26 05:45,L,1797.35,1,1797.35,-8.33,-0.46,0.51,0.03,-13.29,-0.74,98.18,0.01
188,Exit long,2025-04-26 07:00,Close entry(s) order L,1794.92,1,1797.99,-3.07,-0.17,0.62,0.03,-4.29,-0.24,95.11,0.01
188,Entry long,2025-04-26 06:45,L,1797.99,1,1797.99,-3.07,-0.17,0.62,0.03,-4.29,-0.24,95.11,0.01
189,Exit long,2025-04-26 11:30,Close entry(s) order L,1793.9,1,1792.57,1.33,0.07,22.48,1.25,-2.02,-0.11,96.44,0.01
189,Entry long,2025-04-26 08:45,L,1792.57,1,1792.57,1.33,0.07,22.48,1.25,-2.02,-0.11,96.44,0.01
190,Exit long,2025-04-26 17:45,Close entry(s) order L,1797.84,1,1795.44,2.4,0.13,46.05,2.56,-3.51,-0.20,98.84,0.01
190,Entry long,2025-04-26 14:30,L,1795.44,1,1795.44,2.4,0.13,46.05,2.56,-3.51,-0.20,98.84,0.01
191,Exit long,2025-04-26 19:00,Close entry(s) order L,1802.85,1,1808.57,-5.72,-0.32,0.28,0.02,-5.86,-0.32,93.12,0.01
191,Entry long,2025-04-26 18:45,L,1808.57,1,1808.57,-5.72,-0.32,0.28,0.02,-5.86,-0.32,93.12,0.01
192,Exit long,2025-04-27 05:00,Close entry(s) order L,1805.03,1,1791.66,13.37,0.75,26.31,1.47,-1.66,-0.09,106.49,0.01
192,Entry long,2025-04-26 22:30,L,1791.66,1,1791.66,13.37,0.75,26.31,1.47,-1.66,-0.09,106.49,0.01
193,Exit long,2025-04-27 09:30,Close entry(s) order L,1828.2,1,1813.32,14.88,0.82,43.68,2.41,-4.59,-0.25,121.37,0.01
193,Entry long,2025-04-27 05:15,L,1813.32,1,1813.32,14.88,0.82,43.68,2.41,-4.59,-0.25,121.37,0.01
194,Exit long,2025-04-27 18:30,Close entry(s) order L,1806.2,1,1801.98,4.22,0.23,13.01,0.72,-1.4,-0.08,125.59,0.01
194,Entry long,2025-04-27 15:30,L,1801.98,1,1801.98,4.22,0.23,13.01,0.72,-1.4,-0.08,125.59,0.01
195,Exit long,2025-04-27 19:15,Close entry(s) order L,1804.66,1,1809.41,-4.75,-0.26,1,0.06,-6.38,-0.35,120.84,0.01
195,Entry long,2025-04-27 18:45,L,1809.41,1,1809.41,-4.75,-0.26,1,0.06,-6.38,-0.35,120.84,0.01
196,Exit long,2025-04-27 23:00,Close entry(s) order L,1795.51,1,1798.66,-3.15,-0.18,1.34,0.07,-3.51,-0.20,117.69,0.01
196,Entry long,2025-04-27 22:45,L,1798.66,1,1798.66,-3.15,-0.18,1.34,0.07,-3.51,-0.20,117.69,0.01
197,Exit long,2025-04-28 04:30,Close entry(s) order L,1798.55,1,1795.9,2.65,0.15,11.87,0.66,-4.44,-0.25,120.34,0.01
197,Entry long,2025-04-28 00:45,L,1795.9,1,1795.9,2.65,0.15,11.87,0.66,-4.44,-0.25,120.34,0.01
198,Exit long,2025-04-28 05:15,Close entry(s) order L,1796.45,1,1801.6,-5.15,-0.29,0.01,0.00,-6.48,-0.36,115.19,0.01
198,Entry long,2025-04-28 05:00,L,1801.6,1,1801.6,-5.15,-0.29,0.01,0.00,-6.48,-0.36,115.19,0.01
199,Exit long,2025-04-28 06:00,Close entry(s) order L,1802.14,1,1802.98,-0.84,-0.05,3.55,0.20,-1.71,-0.09,114.35,0.01
199,Entry long,2025-04-28 05:30,L,1802.98,1,1802.98,-0.84,-0.05,3.55,0.20,-1.71,-0.09,114.35,0.01
200,Exit long,2025-04-28 18:00,Close entry(s) order L,1804.84,1,1777.49,27.35,1.54,38.29,2.15,0,0.00,141.7,0.01
200,Entry long,2025-04-28 11:30,L,1777.49,1,1777.49,27.35,1.54,38.29,2.15,0,0.00,141.7,0.01
201,Exit long,2025-04-28 20:15,Close entry(s) order L,1808.09,1,1819.38,-11.29,-0.62,7.33,0.40,-13.38,-0.74,130.41,0.01
201,Entry long,2025-04-28 18:45,L,1819.38,1,1819.38,-11.29,-0.62,7.33,0.40,-13.38,-0.74,130.41,0.01
202,Exit long,2025-04-28 21:00,Close entry(s) order L,1805.7,1,1811.37,-5.67,-0.31,2.59,0.14,-8.24,-0.45,124.74,0.01
202,Entry long,2025-04-28 20:30,L,1811.37,1,1811.37,-5.67,-0.31,2.59,0.14,-8.24,-0.45,124.74,0.01
203,Exit long,2025-04-29 05:15,Close entry(s) order L,1782.12,1,1770,12.12,0.68,35,1.98,-6.4,-0.36,136.86,0.01
203,Entry long,2025-04-29 02:00,L,1770,1,1770,12.12,0.68,35,1.98,-6.4,-0.36,136.86,0.01
204,Exit long,2025-04-29 09:15,Close entry(s) order L,1796.28,1,1784.58,11.7,0.66,22.29,1.25,-1.58,-0.09,148.56,0.01
204,Entry long,2025-04-29 05:30,L,1784.58,1,1784.58,11.7,0.66,22.29,1.25,-1.58,-0.09,148.56,0.01
205,Exit long,2025-04-29 10:00,Close entry(s) order L,1795.71,1,1799.45,-3.74,-0.21,11.47,0.64,-4.1,-0.23,144.82,0.01
205,Entry long,2025-04-29 09:30,L,1799.45,1,1799.45,-3.74,-0.21,11.47,0.64,-4.1,-0.23,144.82,0.01
206,Exit long,2025-04-29 12:45,Close entry(s) order L,1795.99,1,1798.03,-2.04,-0.11,6.58,0.37,-4.8,-0.27,142.78,0.01
206,Entry long,2025-04-29 11:30,L,1798.03,1,1798.03,-2.04,-0.11,6.58,0.37,-4.8,-0.27,142.78,0.01
207,Exit long,2025-04-29 19:00,Close entry(s) order L,1824.97,1,1801.9,23.07,1.28,40.92,2.27,-0.01,0.00,165.85,0.02
207,Entry long,2025-04-29 14:15,L,1801.9,1,1801.9,23.07,1.28,40.92,2.27,-0.01,0.00,165.85,0.02
208,Exit long,2025-04-29 19:45,Close entry(s) order L,1827.27,1,1835.5,-8.23,-0.45,2.15,0.12,-8.72,-0.48,157.62,0.02
208,Entry long,2025-04-29 19:15,L,1835.5,1,1835.5,-8.23,-0.45,2.15,0.12,-8.72,-0.48,157.62,0.02
209,Exit long,2025-04-29 20:30,Close entry(s) order L,1827.99,1,1830.2,-2.21,-0.12,2.38,0.13,-4.19,-0.23,155.41,0.02
209,Entry long,2025-04-29 20:15,L,1830.2,1,1830.2,-2.21,-0.12,2.38,0.13,-4.19,-0.23,155.41,0.02
210,Exit long,2025-04-29 23:15,Close entry(s) order L,1820.17,1,1822.43,-2.26,-0.12,2.1,0.12,-3.19,-0.18,153.15,0.02
210,Entry long,2025-04-29 23:00,L,1822.43,1,1822.43,-2.26,-0.12,2.1,0.12,-3.19,-0.18,153.15,0.02
211,Exit long,2025-04-30 00:00,Close entry(s) order L,1814.2,1,1819.5,-5.3,-0.29,1.16,0.06,-5.71,-0.31,147.85,0.01
211,Entry long,2025-04-29 23:45,L,1819.5,1,1819.5,-5.3,-0.29,1.16,0.06,-5.71,-0.31,147.85,0.01
212,Exit long,2025-04-30 01:00,Close entry(s) order L,1815.29,1,1818.13,-2.84,-0.16,13.36,0.73,-5.67,-0.31,145.01,0.01
212,Entry long,2025-04-30 00:15,L,1818.13,1,1818.13,-2.84,-0.16,13.36,0.73,-5.67,-0.31,145.01,0.01
213,Exit long,2025-04-30 03:45,Close entry(s) order L,1819.31,1,1819.54,-0.23,-0.01,9.46,0.52,-3.82,-0.21,144.78,0.01
213,Entry long,2025-04-30 01:30,L,1819.54,1,1819.54,-0.23,-0.01,9.46,0.52,-3.82,-0.21,144.78,0.01
214,Exit long,2025-04-30 09:45,Close entry(s) order L,1795.14,1,1796.57,-1.43,-0.08,15.91,0.89,-3.11,-0.17,143.35,0.01
214,Entry long,2025-04-30 08:00,L,1796.57,1,1796.57,-1.43,-0.08,15.91,0.89,-3.11,-0.17,143.35,0.01
215,Exit long,2025-04-30 10:15,Close entry(s) order L,1795.99,1,1796.74,-0.75,-0.04,0.59,0.03,-4.24,-0.24,142.6,0.01
215,Entry long,2025-04-30 10:00,L,1796.74,1,1796.74,-0.75,-0.04,0.59,0.03,-4.24,-0.24,142.6,0.01
216,Exit long,2025-04-30 11:15,Close entry(s) order L,1799.45,1,1797.93,1.52,0.08,7.53,0.42,-2.63,-0.15,144.12,0.01
216,Entry long,2025-04-30 10:30,L,1797.93,1,1797.93,1.52,0.08,7.53,0.42,-2.63,-0.15,144.12,0.01
217,Exit long,2025-04-30 13:30,Close entry(s) order L,1803.21,1,1801.35,1.86,0.10,10.87,0.60,-0.35,-0.02,145.98,0.01
217,Entry long,2025-04-30 11:45,L,1801.35,1,1801.35,1.86,0.10,10.87,0.60,-0.35,-0.02,145.98,0.01
218,Exit long,2025-04-30 14:45,Close entry(s) order L,1802.1,1,1805.26,-3.16,-0.18,2.71,0.15,-3.26,-0.18,142.82,0.01
218,Entry long,2025-04-30 14:00,L,1805.26,1,1805.26,-3.16,-0.18,2.71,0.15,-3.26,-0.18,142.82,0.01
219,Exit long,2025-04-30 15:30,Close entry(s) order L,1803.48,1,1805.99,-2.51,-0.14,0.86,0.05,-3.21,-0.18,140.31,0.01
219,Entry long,2025-04-30 15:15,L,1805.99,1,1805.99,-2.51,-0.14,0.86,0.05,-3.21,-0.18,140.31,0.01
220,Exit long,2025-04-30 20:30,Close entry(s) order L,1795.71,1,1800.13,-4.42,-0.25,15.87,0.88,-7.13,-0.40,135.89,0.01
220,Entry long,2025-04-30 17:30,L,1800.13,1,1800.13,-4.42,-0.25,15.87,0.88,-7.13,-0.40,135.89,0.01
221,Exit long,2025-05-01 00:15,Close entry(s) order L,1758.79,1,1769.56,-10.77,-0.61,0,0.00,-11.14,-0.63,125.12,0.01
221,Entry long,2025-04-30 23:45,L,1769.56,1,1769.56,-10.77,-0.61,0,0.00,-11.14,-0.63,125.12,0.01
222,Exit long,2025-05-01 06:30,Close entry(s) order L,1791.72,1,1761.14,30.58,1.74,48.05,2.73,-3.62,-0.21,155.7,0.02
222,Entry long,2025-05-01 00:30,L,1761.14,1,1761.14,30.58,1.74,48.05,2.73,-3.62,-0.21,155.7,0.02
223,Exit long,2025-05-01 07:30,Close entry(s) order L,1795.63,1,1794.58,1.05,0.06,4.32,0.24,-1.41,-0.08,156.75,0.02
223,Entry long,2025-05-01 07:00,L,1794.58,1,1794.58,1.05,0.06,4.32,0.24,-1.41,-0.08,156.75,0.02
224,Exit long,2025-05-01 08:30,Close entry(s) order L,1793.58,1,1794.7,-1.12,-0.06,1.46,0.08,-2.56,-0.14,155.63,0.02
224,Entry long,2025-05-01 08:15,L,1794.7,1,1794.7,-1.12,-0.06,1.46,0.08,-2.56,-0.14,155.63,0.02
225,Exit long,2025-05-01 12:15,Close entry(s) order L,1807.08,1,1795.01,12.07,0.67,23.17,1.29,-0.09,-0.01,167.7,0.02
225,Entry long,2025-05-01 08:45,L,1795.01,1,1795.01,12.07,0.67,23.17,1.29,-0.09,-0.01,167.7,0.02
226,Exit long,2025-05-01 13:00,Close entry(s) order L,1808.3,1,1808.78,-0.48,-0.03,0.45,0.02,-2.65,-0.15,167.22,0.02
226,Entry long,2025-05-01 12:45,L,1808.78,1,1808.78,-0.48,-0.03,0.45,0.02,-2.65,-0.15,167.22,0.02
227,Exit long,2025-05-01 14:30,Close entry(s) order L,1808.47,1,1812.9,-4.43,-0.24,3.87,0.21,-5.59,-0.31,162.79,0.02
227,Entry long,2025-05-01 13:45,L,1812.9,1,1812.9,-4.43,-0.24,3.87,0.21,-5.59,-0.31,162.79,0.02
228,Exit long,2025-05-01 21:45,Close entry(s) order L,1833.15,1,1810.95,22.2,1.23,47.78,2.64,-3.21,-0.18,184.99,0.02
228,Entry long,2025-05-01 15:45,L,1810.95,1,1810.95,22.2,1.23,47.78,2.64,-3.21,-0.18,184.99,0.02
229,Exit long,2025-05-02 01:45,Close entry(s) order L,1847.69,1,1847.62,0.07,0.00,25.09,1.36,-4.02,-0.22,185.06,0.02
229,Entry long,2025-05-01 23:00,L,1847.62,1,1847.62,0.07,0.00,25.09,1.36,-4.02,-0.22,185.06,0.02
230,Exit long,2025-05-02 06:00,Close entry(s) order L,1842.98,1,1847.06,-4.08,-0.22,1.37,0.07,-4.67,-0.25,180.98,0.02
230,Entry long,2025-05-02 05:45,L,1847.06,1,1847.06,-4.08,-0.22,1.37,0.07,-4.67,-0.25,180.98,0.02
231,Exit long,2025-05-02 09:45,Close entry(s) order L,1840.35,1,1846.1,-5.75,-0.31,4.39,0.24,-8.1,-0.44,175.23,0.02
231,Entry long,2025-05-02 08:30,L,1846.1,1,1846.1,-5.75,-0.31,4.39,0.24,-8.1,-0.44,175.23,0.02
232,Exit long,2025-05-02 12:30,Close entry(s) order L,1844.75,1,1841.69,3.06,0.17,9.17,0.50,-3.56,-0.19,178.29,0.02
232,Entry long,2025-05-02 10:00,L,1841.69,1,1841.69,3.06,0.17,9.17,0.50,-3.56,-0.19,178.29,0.02
233,Exit long,2025-05-02 17:30,Close entry(s) order L,1823.71,1,1825.55,-1.84,-0.10,0.19,0.01,-4.22,-0.23,176.45,0.02
233,Entry long,2025-05-02 17:15,L,1825.55,1,1825.55,-1.84,-0.10,0.19,0.01,-4.22,-0.23,176.45,0.02
234,Exit long,2025-05-02 23:30,Close entry(s) order L,1835.08,1,1822.78,12.3,0.67,30.8,1.69,-2.73,-0.15,188.75,0.02
234,Entry long,2025-05-02 18:15,L,1822.78,1,1822.78,12.3,0.67,30.8,1.69,-2.73,-0.15,188.75,0.02
235,Exit long,2025-05-03 01:15,Close entry(s) order L,1844.63,1,1840.22,4.41,0.24,30.84,1.68,-3.14,-0.17,193.16,0.02
235,Entry long,2025-05-02 23:45,L,1840.22,1,1840.22,4.41,0.24,30.84,1.68,-3.14,-0.17,193.16,0.02
236,Exit long,2025-05-03 01:45,Close entry(s) order L,1846.94,1,1849.4,-2.46,-0.13,1.6,0.09,-4.29,-0.23,190.7,0.02
236,Entry long,2025-05-03 01:30,L,1849.4,1,1849.4,-2.46,-0.13,1.6,0.09,-4.29,-0.23,190.7,0.02
237,Exit long,2025-05-03 03:00,Close entry(s) order L,1848.19,1,1851.57,-3.38,-0.18,3.33,0.18,-7.17,-0.39,187.32,0.02
237,Entry long,2025-05-03 02:00,L,1851.57,1,1851.57,-3.38,-0.18,3.33,0.18,-7.17,-0.39,187.32,0.02
238,Exit long,2025-05-03 08:30,Close entry(s) order L,1838.27,1,1840,-1.73,-0.09,2.44,0.13,-2.74,-0.15,185.59,0.02
238,Entry long,2025-05-03 07:45,L,1840,1,1840,-1.73,-0.09,2.44,0.13,-2.74,-0.15,185.59,0.02
239,Exit long,2025-05-03 09:15,Close entry(s) order L,1834.1,1,1838.28,-4.18,-0.23,1.47,0.08,-4.84,-0.26,181.41,0.02
239,Entry long,2025-05-03 08:45,L,1838.28,1,1838.28,-4.18,-0.23,1.47,0.08,-4.84,-0.26,181.41,0.02
240,Exit long,2025-05-03 14:00,Close entry(s) order L,1832.44,1,1835.51,-3.07,-0.17,3.04,0.17,-3.38,-0.18,178.34,0.02
240,Entry long,2025-05-03 11:45,L,1835.51,1,1835.51,-3.07,-0.17,3.04,0.17,-3.38,-0.18,178.34,0.02
241,Exit long,2025-05-03 18:45,Close entry(s) order L,1823.34,1,1826.56,-3.22,-0.18,3.43,0.19,-4.8,-0.26,175.12,0.02
241,Entry long,2025-05-03 18:00,L,1826.56,1,1826.56,-3.22,-0.18,3.43,0.19,-4.8,-0.26,175.12,0.02
242,Exit long,2025-05-04 00:15,Close entry(s) order L,1829.91,1,1823.99,5.92,0.32,15.28,0.84,0,0.00,181.04,0.02
242,Entry long,2025-05-03 20:15,L,1823.99,1,1823.99,5.92,0.32,15.28,0.84,0,0.00,181.04,0.02
243,Exit long,2025-05-04 02:45,Close entry(s) order L,1825.19,1,1827.73,-2.54,-0.14,0.18,0.01,-2.73,-0.15,178.5,0.02
243,Entry long,2025-05-04 02:30,L,1827.73,1,1827.73,-2.54,-0.14,0.18,0.01,-2.73,-0.15,178.5,0.02
244,Exit long,2025-05-04 06:15,Close entry(s) order L,1836.1,1,1827.85,8.25,0.45,20.15,1.10,0,0.00,186.75,0.02
244,Entry long,2025-05-04 03:15,L,1827.85,1,1827.85,8.25,0.45,20.15,1.10,0,0.00,186.75,0.02
245,Exit long,2025-05-04 07:30,Close entry(s) order L,1830.42,1,1838.74,-8.32,-0.45,6.16,0.34,-10.74,-0.58,178.43,0.02
245,Entry long,2025-05-04 06:30,L,1838.74,1,1838.74,-8.32,-0.45,6.16,0.34,-10.74,-0.58,178.43,0.02
246,Exit long,2025-05-04 08:30,Close entry(s) order L,1836,1,1838.7,-2.7,-0.15,2.58,0.14,-3.08,-0.17,175.73,0.02
246,Entry long,2025-05-04 08:15,L,1838.7,1,1838.7,-2.7,-0.15,2.58,0.14,-3.08,-0.17,175.73,0.02
247,Exit long,2025-05-04 09:45,Close entry(s) order L,1832.75,1,1838.25,-5.5,-0.30,2.09,0.11,-6.14,-0.33,170.23,0.02
247,Entry long,2025-05-04 09:15,L,1838.25,1,1838.25,-5.5,-0.30,2.09,0.11,-6.14,-0.33,170.23,0.02
248,Exit long,2025-05-04 10:45,Close entry(s) order L,1831.83,1,1836.68,-4.85,-0.26,12.16,0.66,-7.68,-0.42,165.38,0.02
248,Entry long,2025-05-04 10:00,L,1836.68,1,1836.68,-4.85,-0.26,12.16,0.66,-7.68,-0.42,165.38,0.02
249,Exit long,2025-05-04 15:45,Close entry(s) order L,1837.94,1,1837.49,0.45,0.02,12.04,0.66,-2.38,-0.13,165.83,0.02
249,Entry long,2025-05-04 13:15,L,1837.49,1,1837.49,0.45,0.02,12.04,0.66,-2.38,-0.13,165.83,0.02
250,Exit long,2025-05-04 20:00,Close entry(s) order L,1826.68,1,1831.81,-5.13,-0.28,3.55,0.19,-7.25,-0.40,160.7,0.02
250,Entry long,2025-05-04 19:15,L,1831.81,1,1831.81,-5.13,-0.28,3.55,0.19,-7.25,-0.40,160.7,0.02
251,Exit long,2025-05-04 21:30,Close entry(s) order L,1827.81,1,1831.07,-3.26,-0.18,2,0.11,-6.31,-0.34,157.44,0.02
251,Entry long,2025-05-04 20:15,L,1831.07,1,1831.07,-3.26,-0.18,2,0.11,-6.31,-0.34,157.44,0.02
252,Exit long,2025-05-04 23:45,Close entry(s) order L,1826.13,1,1829.69,-3.56,-0.19,3.07,0.17,-4.19,-0.23,153.88,0.02
252,Entry long,2025-05-04 22:45,L,1829.69,1,1829.69,-3.56,-0.19,3.07,0.17,-4.19,-0.23,153.88,0.02
253,Exit long,2025-05-05 00:45,Close entry(s) order L,1824.51,1,1829.64,-5.13,-0.28,2.64,0.14,-6.08,-0.33,148.75,0.01
253,Entry long,2025-05-05 00:00,L,1829.64,1,1829.64,-5.13,-0.28,2.64,0.14,-6.08,-0.33,148.75,0.01
254,Exit long,2025-05-05 01:30,Close entry(s) order L,1824.48,1,1828.73,-4.25,-0.23,0.67,0.04,-5.13,-0.28,144.5,0.01
254,Entry long,2025-05-05 01:15,L,1828.73,1,1828.73,-4.25,-0.23,0.67,0.04,-5.13,-0.28,144.5,0.01
255,Exit long,2025-05-05 02:45,Close entry(s) order L,1827.15,1,1828.33,-1.18,-0.06,1.52,0.08,-2.33,-0.13,143.32,0.01
255,Entry long,2025-05-05 02:30,L,1828.33,1,1828.33,-1.18,-0.06,1.52,0.08,-2.33,-0.13,143.32,0.01
256,Exit long,2025-05-05 06:15,Close entry(s) order L,1822,1,1827.19,-5.19,-0.28,14.57,0.80,-7.07,-0.39,138.13,0.01
256,Entry long,2025-05-05 03:30,L,1827.19,1,1827.19,-5.19,-0.28,14.57,0.80,-7.07,-0.39,138.13,0.01
257,Exit long,2025-05-05 18:00,Close entry(s) order L,1822.77,1,1798.73,24.04,1.34,31.99,1.78,-0.52,-0.03,162.17,0.02
257,Entry long,2025-05-05 12:30,L,1798.73,1,1798.73,24.04,1.34,31.99,1.78,-0.52,-0.03,162.17,0.02
258,Exit long,2025-05-05 22:15,Close entry(s) order L,1802.52,1,1807.91,-5.39,-0.30,6.95,0.38,-6.29,-0.35,156.78,0.02
258,Entry long,2025-05-05 22:00,L,1807.91,1,1807.91,-5.39,-0.30,6.95,0.38,-6.29,-0.35,156.78,0.02
259,Exit long,2025-05-05 23:30,Close entry(s) order L,1803.52,1,1805.75,-2.23,-0.12,2.85,0.16,-4.75,-0.26,154.55,0.02
259,Entry long,2025-05-05 22:45,L,1805.75,1,1805.75,-2.23,-0.12,2.85,0.16,-4.75,-0.26,154.55,0.02
260,Exit long,2025-05-06 04:15,Close entry(s) order L,1812.53,1,1807.73,4.8,0.27,20.27,1.12,-3.34,-0.18,159.35,0.02
260,Entry long,2025-05-06 00:30,L,1807.73,1,1807.73,4.8,0.27,20.27,1.12,-3.34,-0.18,159.35,0.02
261,Exit long,2025-05-06 08:15,Close entry(s) order L,1815.96,1,1815.7,0.26,0.01,17.28,0.95,-0.64,-0.04,159.61,0.02
261,Entry long,2025-05-06 06:00,L,1815.7,1,1815.7,0.26,0.01,17.28,0.95,-0.64,-0.04,159.61,0.02
262,Exit long,2025-05-06 12:15,Close entry(s) order L,1803.86,1,1805.49,-1.63,-0.09,0.8,0.04,-2.74,-0.15,157.98,0.02
262,Entry long,2025-05-06 12:00,L,1805.49,1,1805.49,-1.63,-0.09,0.8,0.04,-2.74,-0.15,157.98,0.02
263,Exit long,2025-05-06 13:30,Close entry(s) order L,1801,1,1806.6,-5.6,-0.31,1.11,0.06,-6.36,-0.35,152.38,0.02
263,Entry long,2025-05-06 12:30,L,1806.6,1,1806.6,-5.6,-0.31,1.11,0.06,-6.36,-0.35,152.38,0.02
264,Exit long,2025-05-06 15:30,Close entry(s) order L,1803.02,1,1804.93,-1.91,-0.11,3.62,0.20,-2.43,-0.13,150.47,0.02
264,Entry long,2025-05-06 14:45,L,1804.93,1,1804.93,-1.91,-0.11,3.62,0.20,-2.43,-0.13,150.47,0.02
265,Exit long,2025-05-06 16:15,Close entry(s) order L,1799.65,1,1804.59,-4.94,-0.27,1.91,0.11,-5.85,-0.32,145.53,0.01
265,Entry long,2025-05-06 15:45,L,1804.59,1,1804.59,-4.94,-0.27,1.91,0.11,-5.85,-0.32,145.53,0.01
266,Exit long,2025-05-06 23:00,Close entry(s) order L,1767.7,1,1773.42,-5.72,-0.32,3.42,0.19,-7.14,-0.40,139.81,0.01
266,Entry long,2025-05-06 22:30,L,1773.42,1,1773.42,-5.72,-0.32,3.42,0.19,-7.14,-0.40,139.81,0.01
267,Exit long,2025-05-07 00:30,Close entry(s) order L,1767.61,1,1773.75,-6.14,-0.35,4.48,0.25,-12.75,-0.72,133.67,0.01
267,Entry long,2025-05-06 23:30,L,1773.75,1,1773.75,-6.14,-0.35,4.48,0.25,-12.75,-0.72,133.67,0.01
268,Exit long,2025-05-07 01:45,Close entry(s) order L,1767.72,1,1768.94,-1.22,-0.07,6.84,0.39,-1.96,-0.11,132.45,0.01
268,Entry long,2025-05-07 01:15,L,1768.94,1,1768.94,-1.22,-0.07,6.84,0.39,-1.96,-0.11,132.45,0.01
269,Exit long,2025-05-07 04:45,Close entry(s) order L,1773.62,1,1770.33,3.29,0.19,28.08,1.59,-3.08,-0.17,135.74,0.01
269,Entry long,2025-05-07 02:15,L,1770.33,1,1770.33,3.29,0.19,28.08,1.59,-3.08,-0.17,135.74,0.01
270,Exit long,2025-05-07 10:30,Close entry(s) order L,1826.58,1,1788.45,38.13,2.13,61.55,3.44,-0.35,-0.02,173.87,0.02
270,Entry long,2025-05-07 06:15,L,1788.45,1,1788.45,38.13,2.13,61.55,3.44,-0.35,-0.02,173.87,0.02
271,Exit long,2025-05-07 12:30,Close entry(s) order L,1827.39,1,1831.87,-4.48,-0.24,0.01,0.00,-4.55,-0.25,169.39,0.02
271,Entry long,2025-05-07 12:15,L,1831.87,1,1831.87,-4.48,-0.24,0.01,0.00,-4.55,-0.25,169.39,0.02
272,Exit long,2025-05-07 13:45,Close entry(s) order L,1825.93,1,1827.87,-1.94,-0.11,2.13,0.12,-3.23,-0.18,167.45,0.02
272,Entry long,2025-05-07 13:00,L,1827.87,1,1827.87,-1.94,-0.11,2.13,0.12,-3.23,-0.18,167.45,0.02
273,Exit long,2025-05-07 14:45,Close entry(s) order L,1826.94,1,1827.6,-0.66,-0.04,5.97,0.33,-1.18,-0.06,166.79,0.02
273,Entry long,2025-05-07 14:00,L,1827.6,1,1827.6,-0.66,-0.04,5.97,0.33,-1.18,-0.06,166.79,0.02
274,Exit long,2025-05-07 18:30,Close entry(s) order L,1834.37,1,1829.81,4.56,0.25,16.69,0.91,-0.56,-0.03,171.35,0.02
274,Entry long,2025-05-07 15:00,L,1829.81,1,1829.81,4.56,0.25,16.69,0.91,-0.56,-0.03,171.35,0.02
275,Exit long,2025-05-07 19:00,Close entry(s) order L,1832.72,1,1838.79,-6.07,-0.33,0,0.00,-6.57,-0.36,165.28,0.02
275,Entry long,2025-05-07 18:45,L,1838.79,1,1838.79,-6.07,-0.33,0,0.00,-6.57,-0.36,165.28,0.02
276,Exit long,2025-05-07 22:00,Close entry(s) order L,1827.97,1,1832.3,-4.33,-0.24,0.24,0.01,-9.87,-0.54,160.95,0.02
276,Entry long,2025-05-07 21:45,L,1832.3,1,1832.3,-4.33,-0.24,0.24,0.01,-9.87,-0.54,160.95,0.02
277,Exit long,2025-05-07 22:45,Close entry(s) order L,1827.07,1,1831.18,-4.11,-0.22,0.95,0.05,-5.43,-0.30,156.84,0.02
277,Entry long,2025-05-07 22:30,L,1831.18,1,1831.18,-4.11,-0.22,0.95,0.05,-5.43,-0.30,156.84,0.02
278,Exit long,2025-05-08 04:00,Close entry(s) order L,1795.07,1,1802.58,-7.51,-0.42,1.5,0.08,-10.28,-0.57,149.33,0.01
278,Entry long,2025-05-08 03:45,L,1802.58,1,1802.58,-7.51,-0.42,1.5,0.08,-10.28,-0.57,149.33,0.01
279,Exit long,2025-05-08 08:45,Close entry(s) order L,1809.44,1,1800.7,8.74,0.49,24.03,1.33,-3.1,-0.17,158.07,0.02
279,Entry long,2025-05-08 05:15,L,1800.7,1,1800.7,8.74,0.49,24.03,1.33,-3.1,-0.17,158.07,0.02
280,Exit long,2025-05-09 12:00,Close entry(s) order L,2204.56,1,1826.19,378.37,20.72,418.71,22.93,-7.19,-0.39,536.44,0.05
280,Entry long,2025-05-08 09:00,L,1826.19,1,1826.19,378.37,20.72,418.71,22.93,-7.19,-0.39,536.44,0.05
281,Exit long,2025-05-09 13:30,Close entry(s) order L,2209.14,1,2212.59,-3.45,-0.16,9.62,0.43,-8.04,-0.36,532.99,0.05
281,Entry long,2025-05-09 12:15,L,2212.59,1,2212.59,-3.45,-0.16,9.62,0.43,-8.04,-0.36,532.99,0.05
282,Exit long,2025-05-09 17:30,Close entry(s) order L,2310.77,1,2221.88,88.89,4.00,268.87,12.10,-0.04,0.00,621.88,0.06
282,Entry long,2025-05-09 14:15,L,2221.88,1,2221.88,88.89,4.00,268.87,12.10,-0.04,0.00,621.88,0.06
283,Exit long,2025-05-09 18:30,Close entry(s) order L,2335.65,1,2339.14,-3.49,-0.15,19.84,0.85,-23.65,-1.01,618.39,0.06
283,Entry long,2025-05-09 17:45,L,2339.14,1,2339.14,-3.49,-0.15,19.84,0.85,-23.65,-1.01,618.39,0.06
284,Exit long,2025-05-09 20:15,Close entry(s) order L,2330.22,1,2350.75,-20.53,-0.87,2.06,0.09,-25.54,-1.09,597.86,0.06
284,Entry long,2025-05-09 20:00,L,2350.75,1,2350.75,-20.53,-0.87,2.06,0.09,-25.54,-1.09,597.86,0.06
285,Exit long,2025-05-09 22:30,Close entry(s) order L,2315.51,1,2348.05,-32.54,-1.39,40.07,1.71,-37.02,-1.58,565.32,0.06
285,Entry long,2025-05-09 21:15,L,2348.05,1,2348.05,-32.54,-1.39,40.07,1.71,-37.02,-1.58,565.32,0.06
286,Exit long,2025-05-10 03:30,Close entry(s) order L,2321.3,1,2314.69,6.61,0.29,40.31,1.74,-7.38,-0.32,571.93,0.06
286,Entry long,2025-05-10 01:15,L,2314.69,1,2314.69,6.61,0.29,40.31,1.74,-7.38,-0.32,571.93,0.06
287,Exit long,2025-05-10 04:45,Close entry(s) order L,2332.42,1,2330.69,1.73,0.07,20.47,0.88,-2.66,-0.11,573.66,0.06
287,Entry long,2025-05-10 04:00,L,2330.69,1,2330.69,1.73,0.07,20.47,0.88,-2.66,-0.11,573.66,0.06
288,Exit long,2025-05-10 05:15,Close entry(s) order L,2332.15,1,2339.2,-7.05,-0.30,2.21,0.09,-7.66,-0.33,566.61,0.06
288,Entry long,2025-05-10 05:00,L,2339.2,1,2339.2,-7.05,-0.30,2.21,0.09,-7.66,-0.33,566.61,0.06
289,Exit long,2025-05-10 05:45,Close entry(s) order L,2332.65,1,2334.62,-1.97,-0.08,7.96,0.34,-3.82,-0.16,564.64,0.06
289,Entry long,2025-05-10 05:30,L,2334.62,1,2334.62,-1.97,-0.08,7.96,0.34,-3.82,-0.16,564.64,0.06
290,Exit long,2025-05-10 07:00,Close entry(s) order L,2333.88,1,2337.01,-3.13,-0.13,8.5,0.36,-8.93,-0.38,561.51,0.06
290,Entry long,2025-05-10 06:00,L,2337.01,1,2337.01,-3.13,-0.13,8.5,0.36,-8.93,-0.38,561.51,0.06
291,Exit long,2025-05-10 09:00,Close entry(s) order L,2325.77,1,2340.99,-15.22,-0.65,39,1.67,-25.9,-1.11,546.29,0.05
291,Entry long,2025-05-10 07:15,L,2340.99,1,2340.99,-15.22,-0.65,39,1.67,-25.9,-1.11,546.29,0.05
292,Exit long,2025-05-10 10:00,Close entry(s) order L,2334.36,1,2347.32,-12.96,-0.55,6.4,0.27,-15.63,-0.67,533.33,0.05
292,Entry long,2025-05-10 09:30,L,2347.32,1,2347.32,-12.96,-0.55,6.4,0.27,-15.63,-0.67,533.33,0.05
293,Exit long,2025-05-10 10:30,Close entry(s) order L,2338.32,1,2342,-3.68,-0.16,0.61,0.03,-9.7,-0.41,529.65,0.05
293,Entry long,2025-05-10 10:15,L,2342,1,2342,-3.68,-0.16,0.61,0.03,-9.7,-0.41,529.65,0.05
294,Exit long,2025-05-10 11:00,Close entry(s) order L,2340.97,1,2342.34,-1.37,-0.06,3.65,0.16,-3.85,-0.16,528.28,0.05
294,Entry long,2025-05-10 10:45,L,2342.34,1,2342.34,-1.37,-0.06,3.65,0.16,-3.85,-0.16,528.28,0.05
295,Exit long,2025-05-10 12:15,Close entry(s) order L,2331.92,1,2338.81,-6.89,-0.29,0.01,0.00,-13.5,-0.58,521.39,0.05
295,Entry long,2025-05-10 12:00,L,2338.81,1,2338.81,-6.89,-0.29,0.01,0.00,-13.5,-0.58,521.39,0.05
296,Exit long,2025-05-10 17:15,Close entry(s) order L,2372.72,1,2337.99,34.73,1.49,97.01,4.15,-0.54,-0.02,556.12,0.06
296,Entry long,2025-05-10 13:15,L,2337.99,1,2337.99,34.73,1.49,97.01,4.15,-0.54,-0.02,556.12,0.06
297,Exit long,2025-05-10 19:00,Close entry(s) order L,2395.73,1,2390.94,4.79,0.20,37.81,1.58,-7.45,-0.31,560.91,0.06
297,Entry long,2025-05-10 17:30,L,2390.94,1,2390.94,4.79,0.20,37.81,1.58,-7.45,-0.31,560.91,0.06
298,Exit long,2025-05-10 19:30,Close entry(s) order L,2390.3,1,2402.05,-11.75,-0.49,1.22,0.05,-13.72,-0.57,549.16,0.05
298,Entry long,2025-05-10 19:15,L,2402.05,1,2402.05,-11.75,-0.49,1.22,0.05,-13.72,-0.57,549.16,0.05
299,Exit long,2025-05-11 08:30,Close entry(s) order L,2511.86,1,2402.57,109.29,4.55,205.43,8.55,-5.09,-0.21,658.45,0.07
299,Entry long,2025-05-10 20:15,L,2402.57,1,2402.57,109.29,4.55,205.43,8.55,-5.09,-0.21,658.45,0.07
300,Exit long,2025-05-11 10:45,Close entry(s) order L,2547.14,1,2554.66,-7.52,-0.29,9.85,0.39,-15.3,-0.60,650.93,0.07
300,Entry long,2025-05-11 10:30,L,2554.66,1,2554.66,-7.52,-0.29,9.85,0.39,-15.3,-0.60,650.93,0.07
301,Exit long,2025-05-11 12:00,Close entry(s) order L,2536.31,1,2548.44,-12.13,-0.48,5.63,0.22,-15.34,-0.60,638.8,0.06
301,Entry long,2025-05-11 11:30,L,2548.44,1,2548.44,-12.13,-0.48,5.63,0.22,-15.34,-0.60,638.8,0.06
302,Exit long,2025-05-11 14:15,Close entry(s) order L,2532.13,1,2544.12,-11.99,-0.47,17.56,0.69,-22.52,-0.89,626.81,0.06
302,Entry long,2025-05-11 13:00,L,2544.12,1,2544.12,-11.99,-0.47,17.56,0.69,-22.52,-0.89,626.81,0.06
303,Exit long,2025-05-11 21:00,Close entry(s) order L,2514.42,1,2514.31,0.11,0.00,20.49,0.81,-20.29,-0.81,626.92,0.06
303,Entry long,2025-05-11 17:30,L,2514.31,1,2514.31,0.11,0.00,20.49,0.81,-20.29,-0.81,626.92,0.06
304,Exit long,2025-05-11 21:30,Close entry(s) order L,2500.27,1,2525.49,-25.22,-1.00,0.01,0.00,-30.99,-1.23,601.7,0.06
304,Entry long,2025-05-11 21:15,L,2525.49,1,2525.49,-25.22,-1.00,0.01,0.00,-30.99,-1.23,601.7,0.06
305,Exit long,2025-05-12 05:15,Close entry(s) order L,2500.99,1,2481.64,19.35,0.78,42.74,1.72,-10.35,-0.42,621.05,0.06
305,Entry long,2025-05-12 01:15,L,2481.64,1,2481.64,19.35,0.78,42.74,1.72,-10.35,-0.42,621.05,0.06
306,Exit long,2025-05-12 06:30,Close entry(s) order L,2501.5,1,2506.62,-5.12,-0.20,21.09,0.84,-12.04,-0.48,615.93,0.06
306,Entry long,2025-05-12 05:45,L,2506.62,1,2506.62,-5.12,-0.20,21.09,0.84,-12.04,-0.48,615.93,0.06
307,Exit long,2025-05-12 09:45,Close entry(s) order L,2508.3,1,2506.42,1.88,0.08,41.58,1.66,-16.42,-0.66,617.81,0.06
307,Entry long,2025-05-12 07:15,L,2506.42,1,2506.42,1.88,0.08,41.58,1.66,-16.42,-0.66,617.81,0.06
308,Exit long,2025-05-12 11:15,Close entry(s) order L,2515.31,1,2520.81,-5.5,-0.22,6.59,0.26,-12.24,-0.49,612.31,0.06
308,Entry long,2025-05-12 10:45,L,2520.81,1,2520.81,-5.5,-0.22,6.59,0.26,-12.24,-0.49,612.31,0.06
309,Exit long,2025-05-12 12:30,Close entry(s) order L,2509.97,1,2519,-9.03,-0.36,7.61,0.30,-11.47,-0.46,603.28,0.06
309,Entry long,2025-05-12 12:00,L,2519,1,2519,-9.03,-0.36,7.61,0.30,-11.47,-0.46,603.28,0.06
310,Exit long,2025-05-12 13:15,Close entry(s) order L,2508.24,1,2517.19,-8.95,-0.36,3.1,0.12,-11.29,-0.45,594.33,0.06
310,Entry long,2025-05-12 13:00,L,2517.19,1,2517.19,-8.95,-0.36,3.1,0.12,-11.29,-0.45,594.33,0.06
311,Exit long,2025-05-12 18:00,Close entry(s) order L,2549.73,1,2516.66,33.07,1.31,108.18,4.30,-0.01,0.00,627.4,0.06
311,Entry long,2025-05-12 15:00,L,2516.66,1,2516.66,33.07,1.31,108.18,4.30,-0.01,0.00,627.4,0.06
312,Exit long,2025-05-12 19:30,Close entry(s) order L,2553.3,1,2559.29,-5.99,-0.23,6.71,0.26,-11.66,-0.46,621.41,0.06
312,Entry long,2025-05-12 19:00,L,2559.29,1,2559.29,-5.99,-0.23,6.71,0.26,-11.66,-0.46,621.41,0.06
313,Exit long,2025-05-12 21:00,Close entry(s) order L,2548.5,1,2554.48,-5.98,-0.23,5.22,0.20,-6.4,-0.25,615.43,0.06
313,Entry long,2025-05-12 20:45,L,2554.48,1,2554.48,-5.98,-0.23,5.22,0.20,-6.4,-0.25,615.43,0.06
314,Exit long,2025-05-12 22:30,Close entry(s) order L,2509.23,1,2561.41,-52.18,-2.04,14.19,0.55,-65.41,-2.55,563.25,0.06
314,Entry long,2025-05-12 21:15,L,2561.41,1,2561.41,-52.18,-2.04,14.19,0.55,-65.41,-2.55,563.25,0.06
315,Exit long,2025-05-13 08:15,Close entry(s) order L,2476.63,1,2468.59,8.04,0.33,30.75,1.25,-2.59,-0.10,571.29,0.06
315,Entry long,2025-05-13 04:30,L,2468.59,1,2468.59,8.04,0.33,30.75,1.25,-2.59,-0.10,571.29,0.06
316,Exit long,2025-05-13 16:30,Close entry(s) order L,2452.61,1,2447.94,4.67,0.19,31.51,1.29,-9.93,-0.41,575.96,0.06
316,Entry long,2025-05-13 12:45,L,2447.94,1,2447.94,4.67,0.19,31.51,1.29,-9.93,-0.41,575.96,0.06
317,Exit long,2025-05-13 17:00,Close entry(s) order L,2456.41,1,2457.1,-0.69,-0.03,3.4,0.14,-3.29,-0.13,575.27,0.06
317,Entry long,2025-05-13 16:45,L,2457.1,1,2457.1,-0.69,-0.03,3.4,0.14,-3.29,-0.13,575.27,0.06
318,Exit long,2025-05-14 07:00,Close entry(s) order L,2678.9,1,2468.55,210.35,8.52,270.07,10.94,-1.58,-0.06,785.62,0.08
318,Entry long,2025-05-13 17:15,L,2468.55,1,2468.55,210.35,8.52,270.07,10.94,-1.58,-0.06,785.62,0.08
319,Exit long,2025-05-14 10:00,Close entry(s) order L,2670.5,1,2688.1,-17.6,-0.65,36.86,1.37,-23.86,-0.89,768.02,0.08
319,Entry long,2025-05-14 08:30,L,2688.1,1,2688.1,-17.6,-0.65,36.86,1.37,-23.86,-0.89,768.02,0.08
320,Exit long,2025-05-14 15:30,Close entry(s) order L,2648.39,1,2664.1,-15.71,-0.59,22.51,0.84,-23.29,-0.87,752.31,0.08
320,Entry long,2025-05-14 12:45,L,2664.1,1,2664.1,-15.71,-0.59,22.51,0.84,-23.29,-0.87,752.31,0.08
321,Exit long,2025-05-14 21:00,Close entry(s) order L,2611.81,1,2612.49,-0.68,-0.03,22.15,0.85,-9.49,-0.36,751.63,0.08
321,Entry long,2025-05-14 19:15,L,2612.49,1,2612.49,-0.68,-0.03,22.15,0.85,-9.49,-0.36,751.63,0.08
322,Exit long,2025-05-15 00:30,Close entry(s) order L,2586.2,1,2596.28,-10.08,-0.39,2.48,0.10,-16.95,-0.65,741.55,0.07
322,Entry long,2025-05-15 00:00,L,2596.28,1,2596.28,-10.08,-0.39,2.48,0.10,-16.95,-0.65,741.55,0.07
323,Exit long,2025-05-15 01:15,Close entry(s) order L,2573.87,1,2588.9,-15.03,-0.58,2.5,0.10,-18.9,-0.73,726.52,0.07
323,Entry long,2025-05-15 01:00,L,2588.9,1,2588.9,-15.03,-0.58,2.5,0.10,-18.9,-0.73,726.52,0.07
324,Exit long,2025-05-15 02:15,Close entry(s) order L,2583.5,1,2589.02,-5.52,-0.21,9.82,0.38,-8.28,-0.32,721,0.07
324,Entry long,2025-05-15 02:00,L,2589.02,1,2589.02,-5.52,-0.21,9.82,0.38,-8.28,-0.32,721,0.07
325,Exit long,2025-05-15 05:15,Close entry(s) order L,2585.22,1,2591.28,-6.06,-0.23,25.54,0.99,-8.97,-0.35,714.94,0.07
325,Entry long,2025-05-15 02:30,L,2591.28,1,2591.28,-6.06,-0.23,25.54,0.99,-8.97,-0.35,714.94,0.07
326,Exit long,2025-05-15 06:45,Close entry(s) order L,2595.28,1,2605.38,-10.1,-0.39,1.5,0.06,-11.12,-0.43,704.84,0.07
326,Entry long,2025-05-15 06:00,L,2605.38,1,2605.38,-10.1,-0.39,1.5,0.06,-11.12,-0.43,704.84,0.07
327,Exit long,2025-05-15 07:30,Close entry(s) order L,2593.79,1,2599.15,-5.36,-0.21,0.44,0.02,-16.5,-0.63,699.48,0.07
327,Entry long,2025-05-15 07:15,L,2599.15,1,2599.15,-5.36,-0.21,0.44,0.02,-16.5,-0.63,699.48,0.07
328,Exit long,2025-05-15 09:45,Close entry(s) order L,2592.24,1,2602.64,-10.4,-0.40,43.46,1.67,-14.94,-0.57,689.08,0.07
328,Entry long,2025-05-15 07:45,L,2602.64,1,2602.64,-10.4,-0.40,43.46,1.67,-14.94,-0.57,689.08,0.07
329,Exit long,2025-05-15 13:15,Close entry(s) order L,2582.89,1,2586.99,-4.1,-0.16,8.74,0.34,-5.04,-0.19,684.98,0.07
329,Entry long,2025-05-15 12:45,L,2586.99,1,2586.99,-4.1,-0.16,8.74,0.34,-5.04,-0.19,684.98,0.07
330,Exit long,2025-05-15 17:15,Close entry(s) order L,2545.98,1,2563.41,-17.43,-0.68,2.28,0.09,-17.43,-0.68,667.55,0.07
330,Entry long,2025-05-15 17:00,L,2563.41,1,2563.41,-17.43,-0.68,2.28,0.09,-17.43,-0.68,667.55,0.07
331,Exit long,2025-05-15 21:45,Close entry(s) order L,2544.39,1,2542.36,2.03,0.08,36.63,1.44,-9.36,-0.37,669.58,0.07
331,Entry long,2025-05-15 19:00,L,2542.36,1,2542.36,2.03,0.08,36.63,1.44,-9.36,-0.37,669.58,0.07
332,Exit long,2025-05-16 02:30,Close entry(s) order L,2541.08,1,2544.6,-3.52,-0.14,58.92,2.32,-9.38,-0.37,666.06,0.07
332,Entry long,2025-05-15 23:45,L,2544.6,1,2544.6,-3.52,-0.14,58.92,2.32,-9.38,-0.37,666.06,0.07
333,Exit long,2025-05-16 07:15,Close entry(s) order L,2528,1,2532.64,-4.64,-0.18,30.97,1.22,-5.62,-0.22,661.42,0.07
333,Entry long,2025-05-16 05:45,L,2532.64,1,2532.64,-4.64,-0.18,30.97,1.22,-5.62,-0.22,661.42,0.07
334,Exit long,2025-05-16 09:00,Close entry(s) order L,2543.69,1,2544.81,-1.12,-0.04,20.07,0.79,-6.62,-0.26,660.3,0.07
334,Entry long,2025-05-16 07:45,L,2544.81,1,2544.81,-1.12,-0.04,20.07,0.79,-6.62,-0.26,660.3,0.07
335,Exit long,2025-05-16 12:45,Close entry(s) order L,2567.1,1,2553.76,13.34,0.52,34.94,1.37,-1.33,-0.05,673.64,0.07
335,Entry long,2025-05-16 09:30,L,2553.76,1,2553.76,13.34,0.52,34.94,1.37,-1.33,-0.05,673.64,0.07
336,Exit long,2025-05-16 16:30,Close entry(s) order L,2567.64,1,2573.17,-5.53,-0.21,46.22,1.80,-16.12,-0.63,668.11,0.07
336,Entry long,2025-05-16 13:00,L,2573.17,1,2573.17,-5.53,-0.21,46.22,1.80,-16.12,-0.63,668.11,0.07
337,Exit long,2025-05-16 20:30,Close entry(s) order L,2598.17,1,2597.95,0.22,0.01,50.73,1.95,-6.87,-0.26,668.33,0.07
337,Entry long,2025-05-16 17:15,L,2597.95,1,2597.95,0.22,0.01,50.73,1.95,-6.87,-0.26,668.33,0.07
338,Exit long,2025-05-17 00:15,Close entry(s) order L,2587,1,2593.93,-6.93,-0.27,7.03,0.27,-6.95,-0.27,661.4,0.07
338,Entry long,2025-05-17 00:00,L,2593.93,1,2593.93,-6.93,-0.27,7.03,0.27,-6.95,-0.27,661.4,0.07
339,Exit long,2025-05-17 01:45,Close entry(s) order L,2585.34,1,2588.58,-3.24,-0.13,2.42,0.09,-11.88,-0.46,658.16,0.07
339,Entry long,2025-05-17 01:30,L,2588.58,1,2588.58,-3.24,-0.13,2.42,0.09,-11.88,-0.46,658.16,0.07
340,Exit long,2025-05-17 03:15,Close entry(s) order L,2582.83,1,2585.41,-2.58,-0.10,7.12,0.28,-3.84,-0.15,655.58,0.07
340,Entry long,2025-05-17 03:00,L,2585.41,1,2585.41,-2.58,-0.10,7.12,0.28,-3.84,-0.15,655.58,0.07
341,Exit long,2025-05-17 04:30,Close entry(s) order L,2582.3,1,2583.25,-0.95,-0.04,9.31,0.36,-3.25,-0.13,654.63,0.07
341,Entry long,2025-05-17 03:30,L,2583.25,1,2583.25,-0.95,-0.04,9.31,0.36,-3.25,-0.13,654.63,0.07
342,Exit long,2025-05-17 05:30,Close entry(s) order L,2567.3,1,2581.6,-14.3,-0.55,0,0.00,-15.77,-0.61,640.33,0.06
342,Entry long,2025-05-17 05:15,L,2581.6,1,2581.6,-14.3,-0.55,0,0.00,-15.77,-0.61,640.33,0.06
343,Exit long,2025-05-17 13:45,Close entry(s) order L,2488.01,1,2491.7,-3.69,-0.15,20.63,0.83,-6.1,-0.24,636.64,0.06
343,Entry long,2025-05-17 11:45,L,2491.7,1,2491.7,-3.69,-0.15,20.63,0.83,-6.1,-0.24,636.64,0.06
344,Exit long,2025-05-17 14:30,Close entry(s) order L,2484.59,1,2494.57,-9.98,-0.40,0.41,0.02,-12.05,-0.48,626.66,0.06
344,Entry long,2025-05-17 14:15,L,2494.57,1,2494.57,-9.98,-0.40,0.41,0.02,-12.05,-0.48,626.66,0.06
345,Exit long,2025-05-17 15:45,Close entry(s) order L,2486.28,1,2497.4,-11.12,-0.45,7.86,0.31,-11.41,-0.46,615.54,0.06
345,Entry long,2025-05-17 15:15,L,2497.4,1,2497.4,-11.12,-0.45,7.86,0.31,-11.41,-0.46,615.54,0.06
346,Exit long,2025-05-17 18:45,Close entry(s) order L,2477.72,1,2487.8,-10.08,-0.41,0.87,0.03,-10.76,-0.43,605.46,0.06
346,Entry long,2025-05-17 18:30,L,2487.8,1,2487.8,-10.08,-0.41,0.87,0.03,-10.76,-0.43,605.46,0.06
347,Exit long,2025-05-17 19:15,Close entry(s) order L,2480.73,1,2484.8,-4.07,-0.16,3.32,0.13,-5.79,-0.23,601.39,0.06
347,Entry long,2025-05-17 19:00,L,2484.8,1,2484.8,-4.07,-0.16,3.32,0.13,-5.79,-0.23,601.39,0.06
348,Exit long,2025-05-17 20:00,Close entry(s) order L,2480.55,1,2483.01,-2.46,-0.10,2.86,0.12,-3.38,-0.14,598.93,0.06
348,Entry long,2025-05-17 19:45,L,2483.01,1,2483.01,-2.46,-0.10,2.86,0.12,-3.38,-0.14,598.93,0.06
349,Exit long,2025-05-17 20:45,Close entry(s) order L,2479.49,1,2480.89,-1.4,-0.06,1.97,0.08,-4.63,-0.19,597.53,0.06
349,Entry long,2025-05-17 20:30,L,2480.89,1,2480.89,-1.4,-0.06,1.97,0.08,-4.63,-0.19,597.53,0.06
350,Exit long,2025-05-18 00:00,Close entry(s) order L,2473.22,1,2478.99,-5.77,-0.23,5.98,0.24,-7.57,-0.31,591.76,0.06
350,Entry long,2025-05-17 22:30,L,2478.99,1,2478.99,-5.77,-0.23,5.98,0.24,-7.57,-0.31,591.76,0.06
351,Exit long,2025-05-18 00:30,Close entry(s) order L,2466.7,1,2474.24,-7.54,-0.30,2.09,0.08,-12.33,-0.50,584.22,0.06
351,Entry long,2025-05-18 00:15,L,2474.24,1,2474.24,-7.54,-0.30,2.09,0.08,-12.33,-0.50,584.22,0.06
352,Exit long,2025-05-18 02:00,Close entry(s) order L,2469.1,1,2473.72,-4.62,-0.19,5.64,0.23,-5.08,-0.21,579.6,0.06
352,Entry long,2025-05-18 01:30,L,2473.72,1,2473.72,-4.62,-0.19,5.64,0.23,-5.08,-0.21,579.6,0.06
353,Exit long,2025-05-18 03:00,Close entry(s) order L,2465.94,1,2478.22,-12.28,-0.50,9.78,0.39,-16.16,-0.65,567.32,0.06
353,Entry long,2025-05-18 02:15,L,2478.22,1,2478.22,-12.28,-0.50,9.78,0.39,-16.16,-0.65,567.32,0.06
354,Exit long,2025-05-18 04:00,Close entry(s) order L,2468.9,1,2474.08,-5.18,-0.21,5.36,0.22,-7.35,-0.30,562.14,0.06
354,Entry long,2025-05-18 03:15,L,2474.08,1,2474.08,-5.18,-0.21,5.36,0.22,-7.35,-0.30,562.14,0.06
355,Exit long,2025-05-18 06:15,Close entry(s) order L,2468.19,1,2472.94,-4.75,-0.19,22.61,0.91,-9.93,-0.40,557.39,0.06
355,Entry long,2025-05-18 04:30,L,2472.94,1,2472.94,-4.75,-0.19,22.61,0.91,-9.93,-0.40,557.39,0.06
356,Exit long,2025-05-18 07:45,Close entry(s) order L,2472.29,1,2474.21,-1.92,-0.08,3.08,0.12,-3.62,-0.15,555.47,0.06
356,Entry long,2025-05-18 07:30,L,2474.21,1,2474.21,-1.92,-0.08,3.08,0.12,-3.62,-0.15,555.47,0.06
357,Exit long,2025-05-18 08:45,Close entry(s) order L,2472.12,1,2478.99,-6.87,-0.28,2,0.08,-8,-0.32,548.6,0.05
357,Entry long,2025-05-18 08:15,L,2478.99,1,2478.99,-6.87,-0.28,2,0.08,-8,-0.32,548.6,0.05
358,Exit long,2025-05-18 10:45,Close entry(s) order L,2476.69,1,2481.76,-5.07,-0.20,5.02,0.20,-9.98,-0.40,543.53,0.05
358,Entry long,2025-05-18 09:00,L,2481.76,1,2481.76,-5.07,-0.20,5.02,0.20,-9.98,-0.40,543.53,0.05
359,Exit long,2025-05-18 11:15,Close entry(s) order L,2477.4,1,2480.09,-2.69,-0.11,5.87,0.24,-5.56,-0.22,540.84,0.05
359,Entry long,2025-05-18 11:00,L,2480.09,1,2480.09,-2.69,-0.11,5.87,0.24,-5.56,-0.22,540.84,0.05
360,Exit long,2025-05-18 12:00,Close entry(s) order L,2476.18,1,2479.08,-2.9,-0.12,1.83,0.07,-3.94,-0.16,537.94,0.05
360,Entry long,2025-05-18 11:45,L,2479.08,1,2479.08,-2.9,-0.12,1.83,0.07,-3.94,-0.16,537.94,0.05
361,Exit long,2025-05-18 17:45,Close entry(s) order L,2504.23,1,2481.33,22.9,0.92,46.52,1.87,-1.78,-0.07,560.84,0.06
361,Entry long,2025-05-18 12:15,L,2481.33,1,2481.33,22.9,0.92,46.52,1.87,-1.78,-0.07,560.84,0.06
362,Exit long,2025-05-18 18:30,Close entry(s) order L,2499.86,1,2511.06,-11.2,-0.45,1,0.04,-11.49,-0.46,549.64,0.05
362,Entry long,2025-05-18 18:15,L,2511.06,1,2511.06,-11.2,-0.45,1,0.04,-11.49,-0.46,549.64,0.05
363,Exit long,2025-05-19 01:30,Close entry(s) order L,2539.85,1,2507.19,32.66,1.30,80.33,3.20,-4.11,-0.16,582.3,0.06
363,Entry long,2025-05-18 21:00,L,2507.19,1,2507.19,32.66,1.30,80.33,3.20,-4.11,-0.16,582.3,0.06
364,Exit long,2025-05-19 09:15,Close entry(s) order L,2429.89,1,2414.65,15.24,0.63,98.73,4.09,-1.31,-0.05,597.54,0.06
364,Entry long,2025-05-19 06:30,L,2414.65,1,2414.65,15.24,0.63,98.73,4.09,-1.31,-0.05,597.54,0.06
365,Exit long,2025-05-19 14:45,Close entry(s) order L,2370.32,1,2393.27,-22.95,-0.96,0,0.00,-30.27,-1.26,574.59,0.06
365,Entry long,2025-05-19 14:15,L,2393.27,1,2393.27,-22.95,-0.96,0,0.00,-30.27,-1.26,574.59,0.06
366,Exit long,2025-05-19 18:15,Close entry(s) order L,2396.23,1,2392.13,4.1,0.17,29.98,1.25,-3.13,-0.13,578.69,0.06
366,Entry long,2025-05-19 15:15,L,2392.13,1,2392.13,4.1,0.17,29.98,1.25,-3.13,-0.13,578.69,0.06
367,Exit long,2025-05-19 20:15,Close entry(s) order L,2400.08,1,2407.58,-7.5,-0.31,13.3,0.55,-12.28,-0.51,571.19,0.06
367,Entry long,2025-05-19 18:30,L,2407.58,1,2407.58,-7.5,-0.31,13.3,0.55,-12.28,-0.51,571.19,0.06
368,Exit long,2025-05-20 03:00,Close entry(s) order L,2488.87,1,2432.17,56.7,2.33,114.8,4.72,-15.77,-0.65,627.89,0.06
368,Entry long,2025-05-19 21:45,L,2432.17,1,2432.17,56.7,2.33,114.8,4.72,-15.77,-0.65,627.89,0.06
369,Exit long,2025-05-20 05:30,Close entry(s) order L,2503.49,1,2497.36,6.13,0.25,36.73,1.47,0,0.00,634.02,0.06
369,Entry long,2025-05-20 03:30,L,2497.36,1,2497.36,6.13,0.25,36.73,1.47,0,0.00,634.02,0.06
370,Exit long,2025-05-20 06:15,Close entry(s) order L,2498.82,1,2511.2,-12.38,-0.49,13.01,0.52,-14.68,-0.58,621.64,0.06
370,Entry long,2025-05-20 05:45,L,2511.2,1,2511.2,-12.38,-0.49,13.01,0.52,-14.68,-0.58,621.64,0.06
371,Exit long,2025-05-20 09:00,Close entry(s) order L,2514.33,1,2513.07,1.26,0.05,50.26,2.00,-2.75,-0.11,622.9,0.06
371,Entry long,2025-05-20 07:15,L,2513.07,1,2513.07,1.26,0.05,50.26,2.00,-2.75,-0.11,622.9,0.06
372,Exit long,2025-05-20 12:30,Close entry(s) order L,2547,1,2517.7,29.3,1.16,70.3,2.79,-3.42,-0.14,652.2,0.07
372,Entry long,2025-05-20 09:15,L,2517.7,1,2517.7,29.3,1.16,70.3,2.79,-3.42,-0.14,652.2,0.07
373,Exit long,2025-05-20 14:00,Close entry(s) order L,2558.32,1,2570,-11.68,-0.45,5.34,0.21,-14.45,-0.56,640.52,0.06
373,Entry long,2025-05-20 13:00,L,2570,1,2570,-11.68,-0.45,5.34,0.21,-14.45,-0.56,640.52,0.06
374,Exit long,2025-05-21 00:15,Close entry(s) order L,2474.14,1,2484.98,-10.84,-0.44,7.06,0.28,-13.3,-0.54,629.68,0.06
374,Entry long,2025-05-20 23:30,L,2484.98,1,2484.98,-10.84,-0.44,7.06,0.28,-13.3,-0.54,629.68,0.06
375,Exit long,2025-05-21 01:00,Close entry(s) order L,2473.83,1,2479.55,-5.72,-0.23,2.89,0.12,-6.63,-0.27,623.96,0.06
375,Entry long,2025-05-21 00:45,L,2479.55,1,2479.55,-5.72,-0.23,2.89,0.12,-6.63,-0.27,623.96,0.06
376,Exit long,2025-05-21 02:30,Close entry(s) order L,2470.81,1,2494.11,-23.3,-0.93,13.67,0.55,-26.37,-1.06,600.66,0.06
376,Entry long,2025-05-21 01:15,L,2494.11,1,2494.11,-23.3,-0.93,13.67,0.55,-26.37,-1.06,600.66,0.06
377,Exit long,2025-05-21 10:15,Close entry(s) order L,2519.24,1,2479.49,39.75,1.60,67.95,2.74,-0.65,-0.03,640.41,0.06
377,Entry long,2025-05-21 03:30,L,2479.49,1,2479.49,39.75,1.60,67.95,2.74,-0.65,-0.03,640.41,0.06
378,Exit long,2025-05-21 15:15,Close entry(s) order L,2571.11,1,2533.31,37.8,1.49,82.15,3.24,-4.81,-0.19,678.21,0.07
378,Entry long,2025-05-21 10:45,L,2533.31,1,2533.31,37.8,1.49,82.15,3.24,-4.81,-0.19,678.21,0.07
379,Exit long,2025-05-21 20:15,Close entry(s) order L,2531.03,1,2539.05,-8.02,-0.32,15.88,0.63,-14.04,-0.55,670.19,0.07
379,Entry long,2025-05-21 19:15,L,2539.05,1,2539.05,-8.02,-0.32,15.88,0.63,-14.04,-0.55,670.19,0.07
380,Exit long,2025-05-21 21:15,Close entry(s) order L,2522.71,1,2546.57,-23.86,-0.94,0,0.00,-26.08,-1.02,646.33,0.06
380,Entry long,2025-05-21 20:30,L,2546.57,1,2546.57,-23.86,-0.94,0,0.00,-26.08,-1.02,646.33,0.06
381,Exit long,2025-05-22 01:15,Close entry(s) order L,2565.68,1,2550.2,15.48,0.61,64.79,2.54,-19.7,-0.77,661.81,0.07
381,Entry long,2025-05-21 21:45,L,2550.2,1,2550.2,15.48,0.61,64.79,2.54,-19.7,-0.77,661.81,0.07
382,Exit long,2025-05-22 14:00,Close entry(s) order L,2608.82,1,2511.1,97.72,3.89,136.15,5.42,-28.65,-1.14,759.53,0.08
382,Entry long,2025-05-22 04:00,L,2511.1,1,2511.1,97.72,3.89,136.15,5.42,-28.65,-1.14,759.53,0.08
383,Exit long,2025-05-22 19:00,Close entry(s) order L,2655.74,1,2627.57,28.17,1.07,65.04,2.48,-3.93,-0.15,787.7,0.08
383,Entry long,2025-05-22 15:45,L,2627.57,1,2627.57,28.17,1.07,65.04,2.48,-3.93,-0.15,787.7,0.08
384,Exit long,2025-05-22 21:15,Close entry(s) order L,2643.76,1,2656.72,-12.96,-0.49,1.78,0.07,-16.14,-0.61,774.74,0.08
384,Entry long,2025-05-22 21:00,L,2656.72,1,2656.72,-12.96,-0.49,1.78,0.07,-16.14,-0.61,774.74,0.08
385,Exit long,2025-05-23 00:30,Close entry(s) order L,2650.4,1,2650.3,0.1,0.00,29,1.09,-4.3,-0.16,774.84,0.08
385,Entry long,2025-05-22 22:15,L,2650.3,1,2650.3,0.1,0.00,29,1.09,-4.3,-0.16,774.84,0.08
386,Exit long,2025-05-23 01:45,Close entry(s) order L,2660.34,1,2661.87,-1.53,-0.06,3.73,0.14,-5.17,-0.19,773.31,0.08
386,Entry long,2025-05-23 01:30,L,2661.87,1,2661.87,-1.53,-0.06,3.73,0.14,-5.17,-0.19,773.31,0.08
387,Exit long,2025-05-23 02:45,Close entry(s) order L,2660.22,1,2664.18,-3.96,-0.15,5.55,0.21,-5.42,-0.20,769.35,0.08
387,Entry long,2025-05-23 02:30,L,2664.18,1,2664.18,-3.96,-0.15,5.55,0.21,-5.42,-0.20,769.35,0.08
388,Exit long,2025-05-23 07:00,Close entry(s) order L,2634.8,1,2645.1,-10.3,-0.39,6.41,0.24,-13.1,-0.50,759.05,0.08
388,Entry long,2025-05-23 06:15,L,2645.1,1,2645.1,-10.3,-0.39,6.41,0.24,-13.1,-0.50,759.05,0.08
389,Exit long,2025-05-23 12:45,Close entry(s) order L,2683.69,1,2645.59,38.1,1.44,88.71,3.35,-5.9,-0.22,797.15,0.08
389,Entry long,2025-05-23 07:15,L,2645.59,1,2645.59,38.1,1.44,88.71,3.35,-5.9,-0.22,797.15,0.08
390,Exit long,2025-05-23 18:15,Close entry(s) order L,2664.92,1,2673.19,-8.27,-0.31,14.61,0.55,-13.19,-0.49,788.88,0.08
390,Entry long,2025-05-23 17:15,L,2673.19,1,2673.19,-8.27,-0.31,14.61,0.55,-13.19,-0.49,788.88,0.08
391,Exit long,2025-05-23 19:15,Close entry(s) order L,2661.74,1,2670.55,-8.81,-0.33,0.45,0.02,-11.05,-0.41,780.07,0.08
391,Entry long,2025-05-23 19:00,L,2670.55,1,2670.55,-8.81,-0.33,0.45,0.02,-11.05,-0.41,780.07,0.08
392,Exit long,2025-05-24 00:00,Close entry(s) order L,2567.37,1,2576.59,-9.22,-0.36,10.66,0.41,-12.31,-0.48,770.85,0.08
392,Entry long,2025-05-23 22:45,L,2576.59,1,2576.59,-9.22,-0.36,10.66,0.41,-12.31,-0.48,770.85,0.08
393,Exit long,2025-05-24 01:45,Close entry(s) order L,2569.56,1,2578.42,-8.86,-0.34,7.52,0.29,-11.68,-0.45,761.99,0.08
393,Entry long,2025-05-24 01:15,L,2578.42,1,2578.42,-8.86,-0.34,7.52,0.29,-11.68,-0.45,761.99,0.08
394,Exit long,2025-05-24 02:30,Close entry(s) order L,2565.88,1,2575.77,-9.89,-0.38,4.92,0.19,-21.03,-0.82,752.1,0.08
394,Entry long,2025-05-24 02:00,L,2575.77,1,2575.77,-9.89,-0.38,4.92,0.19,-21.03,-0.82,752.1,0.08
395,Exit long,2025-05-24 03:30,Close entry(s) order L,2567.49,1,2570.6,-3.11,-0.12,1.19,0.05,-7.33,-0.29,748.99,0.07
395,Entry long,2025-05-24 03:15,L,2570.6,1,2570.6,-3.11,-0.12,1.19,0.05,-7.33,-0.29,748.99,0.07
396,Exit long,2025-05-24 06:30,Close entry(s) order L,2548.04,1,2556.6,-8.56,-0.33,1.58,0.06,-9.55,-0.37,740.43,0.07
396,Entry long,2025-05-24 06:15,L,2556.6,1,2556.6,-8.56,-0.33,1.58,0.06,-9.55,-0.37,740.43,0.07
397,Exit long,2025-05-24 08:30,Close entry(s) order L,2525.26,1,2536.9,-11.64,-0.46,6.72,0.26,-11.9,-0.47,728.79,0.07
397,Entry long,2025-05-24 08:15,L,2536.9,1,2536.9,-11.64,-0.46,6.72,0.26,-11.9,-0.47,728.79,0.07
398,Exit long,2025-05-24 10:00,Close entry(s) order L,2523.36,1,2531.69,-8.33,-0.33,2.11,0.08,-9.89,-0.39,720.46,0.07
398,Entry long,2025-05-24 09:45,L,2531.69,1,2531.69,-8.33,-0.33,2.11,0.08,-9.89,-0.39,720.46,0.07
399,Exit long,2025-05-24 13:45,Close entry(s) order L,2545.94,1,2529.3,16.64,0.66,33.03,1.31,0,0.00,737.1,0.07
399,Entry long,2025-05-24 10:15,L,2529.3,1,2529.3,16.64,0.66,33.03,1.31,0,0.00,737.1,0.07
400,Exit long,2025-05-24 14:30,Close entry(s) order L,2549.29,1,2549.97,-0.68,-0.03,4.66,0.18,-5.93,-0.23,736.42,0.07
400,Entry long,2025-05-24 14:00,L,2549.97,1,2549.97,-0.68,-0.03,4.66,0.18,-5.93,-0.23,736.42,0.07
401,Exit long,2025-05-24 15:45,Close entry(s) order L,2550.43,1,2554.77,-4.34,-0.17,4.56,0.18,-6.71,-0.26,732.08,0.07
401,Entry long,2025-05-24 15:15,L,2554.77,1,2554.77,-4.34,-0.17,4.56,0.18,-6.71,-0.26,732.08,0.07
402,Exit long,2025-05-24 16:30,Close entry(s) order L,2547.38,1,2553,-5.62,-0.22,0.34,0.01,-9.19,-0.36,726.46,0.07
402,Entry long,2025-05-24 16:15,L,2553,1,2553,-5.62,-0.22,0.34,0.01,-9.19,-0.36,726.46,0.07
403,Exit long,2025-05-24 18:00,Close entry(s) order L,2551.53,1,2552.03,-0.5,-0.02,7.47,0.29,-2.06,-0.08,725.96,0.07
403,Entry long,2025-05-24 16:45,L,2552.03,1,2552.03,-0.5,-0.02,7.47,0.29,-2.06,-0.08,725.96,0.07
404,Exit long,2025-05-24 20:15,Close entry(s) order L,2556.44,1,2558.57,-2.13,-0.08,15.93,0.62,-8.62,-0.34,723.83,0.07
404,Entry long,2025-05-24 18:30,L,2558.57,1,2558.57,-2.13,-0.08,15.93,0.62,-8.62,-0.34,723.83,0.07
405,Exit long,2025-05-24 23:45,Close entry(s) order L,2549.87,1,2557.44,-7.57,-0.30,6.44,0.25,-8.47,-0.33,716.26,0.07
405,Entry long,2025-05-24 23:00,L,2557.44,1,2557.44,-7.57,-0.30,6.44,0.25,-8.47,-0.33,716.26,0.07
406,Exit long,2025-05-25 00:15,Close entry(s) order L,2548.32,1,2554.32,-6,-0.23,0.65,0.03,-8.98,-0.35,710.26,0.07
406,Entry long,2025-05-25 00:00,L,2554.32,1,2554.32,-6,-0.23,0.65,0.03,-8.98,-0.35,710.26,0.07
407,Exit long,2025-05-25 03:00,Close entry(s) order L,2548.22,1,2553.59,-5.37,-0.21,12.81,0.50,-10.27,-0.40,704.89,0.07
407,Entry long,2025-05-25 00:45,L,2553.59,1,2553.59,-5.37,-0.21,12.81,0.50,-10.27,-0.40,704.89,0.07
408,Exit long,2025-05-25 08:45,Close entry(s) order L,2494.79,1,2533.99,-39.2,-1.55,4.01,0.16,-53.99,-2.13,665.69,0.07
408,Entry long,2025-05-25 08:30,L,2533.99,1,2533.99,-39.2,-1.55,4.01,0.16,-53.99,-2.13,665.69,0.07
409,Exit long,2025-05-25 13:45,Close entry(s) order L,2508.15,1,2506.88,1.27,0.05,12.8,0.51,-2.9,-0.12,666.96,0.07
409,Entry long,2025-05-25 11:00,L,2506.88,1,2506.88,1.27,0.05,12.8,0.51,-2.9,-0.12,666.96,0.07
410,Exit long,2025-05-25 14:15,Close entry(s) order L,2507.42,1,2511.73,-4.31,-0.17,0.64,0.03,-4.93,-0.20,662.65,0.07
410,Entry long,2025-05-25 14:00,L,2511.73,1,2511.73,-4.31,-0.17,0.64,0.03,-4.93,-0.20,662.65,0.07
411,Exit long,2025-05-25 22:45,Close entry(s) order L,2501.86,1,2494.2,7.66,0.31,30.79,1.23,-6.88,-0.28,670.31,0.07
411,Entry long,2025-05-25 18:00,L,2494.2,1,2494.2,7.66,0.31,30.79,1.23,-6.88,-0.28,670.31,0.07
412,Exit long,2025-05-26 00:15,Close entry(s) order L,2506.03,1,2510.47,-4.44,-0.18,1.9,0.08,-8.22,-0.33,665.87,0.07
412,Entry long,2025-05-26 00:00,L,2510.47,1,2510.47,-4.44,-0.18,1.9,0.08,-8.22,-0.33,665.87,0.07
413,Exit long,2025-05-26 05:45,Close entry(s) order L,2515.91,1,2507.03,8.88,0.35,29.97,1.20,-1.03,-0.04,674.75,0.07
413,Entry long,2025-05-26 00:45,L,2507.03,1,2507.03,8.88,0.35,29.97,1.20,-1.03,-0.04,674.75,0.07
414,Exit long,2025-05-26 10:45,Close entry(s) order L,2550.77,1,2532.9,17.87,0.71,43.1,1.70,-2.73,-0.11,692.62,0.07
414,Entry long,2025-05-26 06:15,L,2532.9,1,2532.9,17.87,0.71,43.1,1.70,-2.73,-0.11,692.62,0.07
415,Exit long,2025-05-26 16:30,Close entry(s) order L,2573.67,1,2558.9,14.77,0.58,39.7,1.55,-4.08,-0.16,707.39,0.07
415,Entry long,2025-05-26 11:30,L,2558.9,1,2558.9,14.77,0.58,39.7,1.55,-4.08,-0.16,707.39,0.07
416,Exit long,2025-05-26 20:15,Close entry(s) order L,2563.16,1,2566.74,-3.58,-0.14,2.54,0.10,-4.98,-0.19,703.81,0.07
416,Entry long,2025-05-26 20:00,L,2566.74,1,2566.74,-3.58,-0.14,2.54,0.10,-4.98,-0.19,703.81,0.07
417,Exit long,2025-05-26 21:15,Close entry(s) order L,2561.5,1,2565,-3.5,-0.14,8.62,0.34,-6.28,-0.24,700.31,0.07
417,Entry long,2025-05-26 20:45,L,2565,1,2565,-3.5,-0.14,8.62,0.34,-6.28,-0.24,700.31,0.07
418,Exit long,2025-05-26 22:00,Close entry(s) order L,2550.15,1,2564,-13.85,-0.54,0.38,0.01,-26.32,-1.03,686.46,0.07
418,Entry long,2025-05-26 21:45,L,2564,1,2564,-13.85,-0.54,0.38,0.01,-26.32,-1.03,686.46,0.07
419,Exit long,2025-05-27 00:30,Close entry(s) order L,2542.92,1,2560.74,-17.82,-0.70,12.06,0.47,-27.88,-1.09,668.64,0.07
419,Entry long,2025-05-26 23:45,L,2560.74,1,2560.74,-17.82,-0.70,12.06,0.47,-27.88,-1.09,668.64,0.07
420,Exit long,2025-05-27 07:30,Close entry(s) order L,2556.12,1,2539.97,16.15,0.64,44.77,1.76,-4.78,-0.19,684.79,0.07
420,Entry long,2025-05-27 04:00,L,2539.97,1,2539.97,16.15,0.64,44.77,1.76,-4.78,-0.19,684.79,0.07
421,Exit long,2025-05-27 08:30,Close entry(s) order L,2558.68,1,2559.83,-1.15,-0.04,12.67,0.49,-2.03,-0.08,683.64,0.07
421,Entry long,2025-05-27 07:45,L,2559.83,1,2559.83,-1.15,-0.04,12.67,0.49,-2.03,-0.08,683.64,0.07
422,Exit long,2025-05-28 03:30,Close entry(s) order L,2680.42,1,2557.06,123.36,4.82,154.74,6.05,-9.68,-0.38,807,0.08
422,Entry long,2025-05-27 11:15,L,2557.06,1,2557.06,123.36,4.82,154.74,6.05,-9.68,-0.38,807,0.08
423,Exit long,2025-05-28 04:30,Close entry(s) order L,2682.45,1,2686.84,-4.39,-0.16,6.79,0.25,-7.72,-0.29,802.61,0.08
423,Entry long,2025-05-28 04:00,L,2686.84,1,2686.84,-4.39,-0.16,6.79,0.25,-7.72,-0.29,802.61,0.08
424,Exit long,2025-05-28 12:30,Close entry(s) order L,2636.05,1,2643.41,-7.36,-0.28,5.67,0.21,-10.34,-0.39,795.25,0.08
424,Entry long,2025-05-28 11:45,L,2643.41,1,2643.41,-7.36,-0.28,5.67,0.21,-10.34,-0.39,795.25,0.08
425,Exit long,2025-05-28 13:45,Close entry(s) order L,2637.46,1,2646.99,-9.53,-0.36,4.88,0.18,-13.07,-0.49,785.72,0.08
425,Entry long,2025-05-28 12:45,L,2646.99,1,2646.99,-9.53,-0.36,4.88,0.18,-13.07,-0.49,785.72,0.08
426,Exit long,2025-05-28 16:00,Close entry(s) order L,2635.36,1,2639.26,-3.9,-0.15,2.74,0.10,-5.3,-0.20,781.82,0.08
426,Entry long,2025-05-28 15:45,L,2639.26,1,2639.26,-3.9,-0.15,2.74,0.10,-5.3,-0.20,781.82,0.08
427,Exit long,2025-05-28 17:30,Close entry(s) order L,2630.2,1,2638.74,-8.54,-0.32,6.25,0.24,-9.26,-0.35,773.28,0.08
427,Entry long,2025-05-28 16:30,L,2638.74,1,2638.74,-8.54,-0.32,6.25,0.24,-9.26,-0.35,773.28,0.08
428,Exit long,2025-05-28 22:00,Close entry(s) order L,2656.57,1,2635.35,21.22,0.81,53.78,2.04,-1.07,-0.04,794.5,0.08
428,Entry long,2025-05-28 18:45,L,2635.35,1,2635.35,21.22,0.81,53.78,2.04,-1.07,-0.04,794.5,0.08
429,Exit long,2025-05-29 03:00,Close entry(s) order L,2635.54,1,2639.7,-4.16,-0.16,24.3,0.92,-8.7,-0.33,790.34,0.08
429,Entry long,2025-05-29 01:00,L,2639.7,1,2639.7,-4.16,-0.16,24.3,0.92,-8.7,-0.33,790.34,0.08
430,Exit long,2025-05-29 03:30,Close entry(s) order L,2638.81,1,2648.13,-9.32,-0.35,4.42,0.17,-10.41,-0.39,781.02,0.08
430,Entry long,2025-05-29 03:15,L,2648.13,1,2648.13,-9.32,-0.35,4.42,0.17,-10.41,-0.39,781.02,0.08
431,Exit long,2025-05-29 12:45,Close entry(s) order L,2724.27,1,2638.77,85.5,3.24,150.11,5.69,-1.75,-0.07,866.52,0.09
431,Entry long,2025-05-29 05:15,L,2638.77,1,2638.77,85.5,3.24,150.11,5.69,-1.75,-0.07,866.52,0.09
432,Exit long,2025-05-29 16:15,Close entry(s) order L,2723.66,1,2732.84,-9.18,-0.34,1.04,0.04,-22.84,-0.84,857.34,0.09
432,Entry long,2025-05-29 15:30,L,2732.84,1,2732.84,-9.18,-0.34,1.04,0.04,-22.84,-0.84,857.34,0.09
433,Exit long,2025-05-29 18:30,Close entry(s) order L,2723.93,1,2725.01,-1.08,-0.04,18.99,0.70,-1.64,-0.06,856.26,0.09
433,Entry long,2025-05-29 17:45,L,2725.01,1,2725.01,-1.08,-0.04,18.99,0.70,-1.64,-0.06,856.26,0.09
434,Exit long,2025-05-29 19:30,Close entry(s) order L,2724.01,1,2728.29,-4.28,-0.16,6.49,0.24,-6.28,-0.23,851.98,0.09
434,Entry long,2025-05-29 18:45,L,2728.29,1,2728.29,-4.28,-0.16,6.49,0.24,-6.28,-0.23,851.98,0.09
435,Exit long,2025-05-30 02:45,Close entry(s) order L,2647.01,1,2650.53,-3.52,-0.13,22.32,0.84,-6.09,-0.23,848.46,0.08
435,Entry long,2025-05-30 01:45,L,2650.53,1,2650.53,-3.52,-0.13,22.32,0.84,-6.09,-0.23,848.46,0.08
436,Exit long,2025-05-30 04:45,Close entry(s) order L,2642.88,1,2649.35,-6.47,-0.24,11.65,0.44,-7.11,-0.27,841.99,0.08
436,Entry long,2025-05-30 04:00,L,2649.35,1,2649.35,-6.47,-0.24,11.65,0.44,-7.11,-0.27,841.99,0.08
437,Exit long,2025-05-30 07:00,Close entry(s) order L,2643.68,1,2648.41,-4.73,-0.18,19.56,0.74,-5.44,-0.21,837.26,0.08
437,Entry long,2025-05-30 05:30,L,2648.41,1,2648.41,-4.73,-0.18,19.56,0.74,-5.44,-0.21,837.26,0.08
438,Exit long,2025-05-30 14:30,Close entry(s) order L,2626.67,1,2618.53,8.14,0.31,29.89,1.14,-0.73,-0.03,845.4,0.08
438,Entry long,2025-05-30 10:30,L,2618.53,1,2618.53,8.14,0.31,29.89,1.14,-0.73,-0.03,845.4,0.08
439,Exit long,2025-05-30 15:45,Close entry(s) order L,2625.62,1,2631,-5.38,-0.20,0,0.00,-12,-0.46,840.02,0.08
439,Entry long,2025-05-30 15:30,L,2631,1,2631,-5.38,-0.20,0,0.00,-12,-0.46,840.02,0.08
440,Exit long,2025-05-30 20:15,Close entry(s) order L,2587.58,1,2621.3,-33.72,-1.29,5.79,0.22,-33.72,-1.29,806.3,0.08
440,Entry long,2025-05-30 19:00,L,2621.3,1,2621.3,-33.72,-1.29,5.79,0.22,-33.72,-1.29,806.3,0.08
441,Exit long,2025-05-30 21:00,Close entry(s) order L,2609.1,1,2614.98,-5.88,-0.22,6.45,0.25,-6.49,-0.25,800.42,0.08
441,Entry long,2025-05-30 20:45,L,2614.98,1,2614.98,-5.88,-0.22,6.45,0.25,-6.49,-0.25,800.42,0.08
442,Exit long,2025-05-31 00:00,Close entry(s) order L,2597.01,1,2605.63,-8.62,-0.33,10.18,0.39,-9.62,-0.37,791.8,0.08
442,Entry long,2025-05-30 23:15,L,2605.63,1,2605.63,-8.62,-0.33,10.18,0.39,-9.62,-0.37,791.8,0.08
443,Exit long,2025-05-31 05:45,Close entry(s) order L,2568.08,1,2572.67,-4.59,-0.18,16.78,0.65,-8.17,-0.32,787.21,0.08
443,Entry long,2025-05-31 02:30,L,2572.67,1,2572.67,-4.59,-0.18,16.78,0.65,-8.17,-0.32,787.21,0.08
444,Exit long,2025-05-31 15:15,Close entry(s) order L,2515.96,1,2511.22,4.74,0.19,14.78,0.59,-7.82,-0.31,791.95,0.08
444,Entry long,2025-05-31 11:45,L,2511.22,1,2511.22,4.74,0.19,14.78,0.59,-7.82,-0.31,791.95,0.08
445,Exit long,2025-05-31 16:45,Close entry(s) order L,2517.47,1,2518.52,-1.05,-0.04,6.48,0.26,-4.02,-0.16,790.9,0.08
445,Entry long,2025-05-31 15:30,L,2518.52,1,2518.52,-1.05,-0.04,6.48,0.26,-4.02,-0.16,790.9,0.08
446,Exit long,2025-05-31 17:30,Close entry(s) order L,2518.47,1,2523.51,-5.04,-0.20,4.9,0.19,-7.27,-0.29,785.86,0.08
446,Entry long,2025-05-31 17:00,L,2523.51,1,2523.51,-5.04,-0.20,4.9,0.19,-7.27,-0.29,785.86,0.08
447,Exit long,2025-05-31 18:45,Close entry(s) order L,2514.9,1,2522.3,-7.4,-0.29,15.67,0.62,-10.22,-0.41,778.46,0.08
447,Entry long,2025-05-31 18:00,L,2522.3,1,2522.3,-7.4,-0.29,15.67,0.62,-10.22,-0.41,778.46,0.08
448,Exit long,2025-06-01 00:00,Close entry(s) order L,2534.85,1,2529.39,5.46,0.22,20.61,0.81,-5.57,-0.22,783.92,0.08
448,Entry long,2025-05-31 20:15,L,2529.39,1,2529.39,5.46,0.22,20.61,0.81,-5.57,-0.22,783.92,0.08
449,Exit long,2025-06-01 01:15,Close entry(s) order L,2538,1,2542.41,-4.41,-0.17,4.08,0.16,-8.39,-0.33,779.51,0.08
449,Entry long,2025-06-01 00:30,L,2542.41,1,2542.41,-4.41,-0.17,4.08,0.16,-8.39,-0.33,779.51,0.08
450,Exit long,2025-06-01 04:15,Close entry(s) order L,2532.92,1,2538.82,-5.9,-0.23,3.18,0.13,-8.38,-0.33,773.61,0.08
450,Entry long,2025-06-01 03:00,L,2538.82,1,2538.82,-5.9,-0.23,3.18,0.13,-8.38,-0.33,773.61,0.08
451,Exit long,2025-06-01 06:30,Close entry(s) order L,2535.52,1,2538.67,-3.15,-0.12,11.33,0.45,-3.62,-0.14,770.46,0.08
451,Entry long,2025-06-01 04:30,L,2538.67,1,2538.67,-3.15,-0.12,11.33,0.45,-3.62,-0.14,770.46,0.08
452,Exit long,2025-06-01 14:30,Close entry(s) order L,2512.17,1,2512.13,0.04,0.00,14.33,0.57,-4.46,-0.18,770.5,0.08
452,Entry long,2025-06-01 12:00,L,2512.13,1,2512.13,0.04,0.00,14.33,0.57,-4.46,-0.18,770.5,0.08
453,Exit long,2025-06-01 20:30,Close entry(s) order L,2492.31,1,2498.5,-6.19,-0.25,3.4,0.14,-10.09,-0.40,764.31,0.08
453,Entry long,2025-06-01 19:30,L,2498.5,1,2498.5,-6.19,-0.25,3.4,0.14,-10.09,-0.40,764.31,0.08
454,Exit long,2025-06-02 02:15,Close entry(s) order L,2528.57,1,2495.76,32.81,1.31,51.24,2.05,-3.95,-0.16,797.12,0.08
454,Entry long,2025-06-01 21:45,L,2495.76,1,2495.76,32.81,1.31,51.24,2.05,-3.95,-0.16,797.12,0.08
455,Exit long,2025-06-02 08:15,Close entry(s) order L,2535,1,2525.78,9.22,0.37,20.57,0.81,-3.04,-0.12,806.34,0.08
455,Entry long,2025-06-02 04:30,L,2525.78,1,2525.78,9.22,0.37,20.57,0.81,-3.04,-0.12,806.34,0.08
456,Exit long,2025-06-02 09:30,Close entry(s) order L,2529.7,1,2536.53,-6.83,-0.27,4.36,0.17,-8.29,-0.33,799.51,0.08
456,Entry long,2025-06-02 09:15,L,2536.53,1,2536.53,-6.83,-0.27,4.36,0.17,-8.29,-0.33,799.51,0.08
457,Exit long,2025-06-02 15:00,Close entry(s) order L,2493.66,1,2498.12,-4.46,-0.18,0.84,0.03,-5.74,-0.23,795.05,0.08
457,Entry long,2025-06-02 14:45,L,2498.12,1,2498.12,-4.46,-0.18,0.84,0.03,-5.74,-0.23,795.05,0.08
458,Exit long,2025-06-02 17:00,Close entry(s) order L,2493.3,1,2504.57,-11.27,-0.45,10.43,0.42,-16.11,-0.64,783.78,0.08
458,Entry long,2025-06-02 15:15,L,2504.57,1,2504.57,-11.27,-0.45,10.43,0.42,-16.11,-0.64,783.78,0.08
459,Exit long,2025-06-03 03:15,Close entry(s) order L,2533.32,1,2483.8,49.52,1.99,81.6,3.29,-6.8,-0.27,833.3,0.08
459,Entry long,2025-06-02 20:15,L,2483.8,1,2483.8,49.52,1.99,81.6,3.29,-6.8,-0.27,833.3,0.08
460,Exit long,2025-06-03 04:30,Close entry(s) order L,2541.14,1,2544.88,-3.74,-0.15,2.02,0.08,-5.77,-0.23,829.56,0.08
460,Entry long,2025-06-03 04:15,L,2544.88,1,2544.88,-3.74,-0.15,2.02,0.08,-5.77,-0.23,829.56,0.08
461,Exit long,2025-06-03 11:00,Close entry(s) order L,2615.17,1,2545.1,70.07,2.75,103.9,4.08,-5.93,-0.23,899.63,0.09
461,Entry long,2025-06-03 05:15,L,2545.1,1,2545.1,70.07,2.75,103.9,4.08,-5.93,-0.23,899.63,0.09
462,Exit long,2025-06-03 16:15,Close entry(s) order L,2599.09,1,2606.69,-7.6,-0.29,12.75,0.49,-11.01,-0.42,892.03,0.09
462,Entry long,2025-06-03 13:45,L,2606.69,1,2606.69,-7.6,-0.29,12.75,0.49,-11.01,-0.42,892.03,0.09
463,Exit long,2025-06-03 19:30,Close entry(s) order L,2607.28,1,2612.84,-5.56,-0.21,6.68,0.26,-8.56,-0.33,886.47,0.09
463,Entry long,2025-06-03 17:45,L,2612.84,1,2612.84,-5.56,-0.21,6.68,0.26,-8.56,-0.33,886.47,0.09
464,Exit long,2025-06-04 00:00,Close entry(s) order L,2622.55,1,2617.29,5.26,0.20,37.69,1.44,-11.59,-0.44,891.73,0.09
464,Entry long,2025-06-03 21:15,L,2617.29,1,2617.29,5.26,0.20,37.69,1.44,-11.59,-0.44,891.73,0.09
465,Exit long,2025-06-04 04:30,Close entry(s) order L,2603.22,1,2617.19,-13.97,-0.53,10.58,0.40,-14.61,-0.56,877.76,0.09
465,Entry long,2025-06-04 03:00,L,2617.19,1,2617.19,-13.97,-0.53,10.58,0.40,-14.61,-0.56,877.76,0.09
466,Exit long,2025-06-04 13:30,Close entry(s) order L,2621.16,1,2597.92,23.24,0.89,46.25,1.78,-0.48,-0.02,901,0.09
466,Entry long,2025-06-04 09:00,L,2597.92,1,2597.92,23.24,0.89,46.25,1.78,-0.48,-0.02,901,0.09
467,Exit long,2025-06-04 15:15,Close entry(s) order L,2624.44,1,2631,-6.56,-0.25,2.26,0.09,-6.69,-0.25,894.44,0.09
467,Entry long,2025-06-04 14:45,L,2631,1,2631,-6.56,-0.25,2.26,0.09,-6.69,-0.25,894.44,0.09
468,Exit long,2025-06-04 19:30,Close entry(s) order L,2631.72,1,2634.78,-3.06,-0.12,14.6,0.55,-6.67,-0.25,891.38,0.09
468,Entry long,2025-06-04 16:15,L,2634.78,1,2634.78,-3.06,-0.12,14.6,0.55,-6.67,-0.25,891.38,0.09
469,Exit long,2025-06-05 01:30,Close entry(s) order L,2641.47,1,2639.31,2.16,0.08,40.33,1.53,-6.59,-0.25,893.54,0.09
469,Entry long,2025-06-04 23:00,L,2639.31,1,2639.31,2.16,0.08,40.33,1.53,-6.59,-0.25,893.54,0.09
470,Exit long,2025-06-05 08:00,Close entry(s) order L,2606.62,1,2610.91,-4.29,-0.16,0.64,0.02,-5.91,-0.23,889.25,0.09
470,Entry long,2025-06-05 07:45,L,2610.91,1,2610.91,-4.29,-0.16,0.64,0.02,-5.91,-0.23,889.25,0.09
471,Exit long,2025-06-05 09:30,Close entry(s) order L,2608.15,1,2610.76,-2.61,-0.10,4.24,0.16,-5.15,-0.20,886.64,0.09
471,Entry long,2025-06-05 09:00,L,2610.76,1,2610.76,-2.61,-0.10,4.24,0.16,-5.15,-0.20,886.64,0.09
472,Exit long,2025-06-05 13:30,Close entry(s) order L,2620.59,1,2617.3,3.29,0.13,16.46,0.63,-6.23,-0.24,889.93,0.09
472,Entry long,2025-06-05 10:15,L,2617.3,1,2617.3,3.29,0.13,16.46,0.63,-6.23,-0.24,889.93,0.09
473,Exit long,2025-06-05 18:30,Close entry(s) order L,2601.8,1,2606.66,-4.86,-0.19,6.02,0.23,-5.86,-0.22,885.07,0.09
473,Entry long,2025-06-05 17:45,L,2606.66,1,2606.66,-4.86,-0.19,6.02,0.23,-5.86,-0.22,885.07,0.09
474,Exit long,2025-06-05 22:00,Close entry(s) order L,2588.65,1,2604.5,-15.85,-0.61,35.5,1.36,-26.5,-1.02,869.22,0.09
474,Entry long,2025-06-05 19:45,L,2604.5,1,2604.5,-15.85,-0.61,35.5,1.36,-26.5,-1.02,869.22,0.09
475,Exit long,2025-06-06 03:15,Close entry(s) order L,2563.3,1,2576.68,-13.38,-0.52,6.32,0.25,-14.49,-0.56,855.84,0.09
475,Entry long,2025-06-06 02:30,L,2576.68,1,2576.68,-13.38,-0.52,6.32,0.25,-14.49,-0.56,855.84,0.09
476,Exit long,2025-06-06 09:45,Close entry(s) order L,2418.63,1,2422.23,-3.6,-0.15,5.67,0.23,-6.06,-0.25,852.24,0.09
476,Entry long,2025-06-06 08:45,L,2422.23,1,2422.23,-3.6,-0.15,5.67,0.23,-6.06,-0.25,852.24,0.09
477,Exit long,2025-06-06 10:15,Close entry(s) order L,2419.22,1,2420.51,-1.29,-0.05,3,0.12,-4.02,-0.17,850.95,0.09
477,Entry long,2025-06-06 10:00,L,2420.51,1,2420.51,-1.29,-0.05,3,0.12,-4.02,-0.17,850.95,0.09
478,Exit long,2025-06-06 15:45,Close entry(s) order L,2454.2,1,2434.5,19.7,0.81,33.93,1.39,-7.38,-0.30,870.65,0.09
478,Entry long,2025-06-06 11:00,L,2434.5,1,2434.5,19.7,0.81,33.93,1.39,-7.38,-0.30,870.65,0.09
479,Exit long,2025-06-06 20:45,Close entry(s) order L,2472.33,1,2460.3,12.03,0.49,39.64,1.61,-4.69,-0.19,882.68,0.09
479,Entry long,2025-06-06 16:15,L,2460.3,1,2460.3,12.03,0.49,39.64,1.61,-4.69,-0.19,882.68,0.09
480,Exit long,2025-06-07 00:45,Close entry(s) order L,2503.01,1,2484.75,18.26,0.73,44.92,1.81,-6.86,-0.28,900.94,0.09
480,Entry long,2025-06-06 21:15,L,2484.75,1,2484.75,18.26,0.73,44.92,1.81,-6.86,-0.28,900.94,0.09
481,Exit long,2025-06-07 03:30,Close entry(s) order L,2488.68,1,2498.29,-9.61,-0.38,0.66,0.03,-10.01,-0.40,891.33,0.09
481,Entry long,2025-06-07 03:15,L,2498.29,1,2498.29,-9.61,-0.38,0.66,0.03,-10.01,-0.40,891.33,0.09
482,Exit long,2025-06-07 05:15,Close entry(s) order L,2487.94,1,2492.11,-4.17,-0.17,14.33,0.58,-5.16,-0.21,887.16,0.09
482,Entry long,2025-06-07 04:15,L,2492.11,1,2492.11,-4.17,-0.17,14.33,0.58,-5.16,-0.21,887.16,0.09
483,Exit long,2025-06-07 06:00,Close entry(s) order L,2490.8,1,2497.58,-6.78,-0.27,0.42,0.02,-7.58,-0.30,880.38,0.09
483,Entry long,2025-06-07 05:45,L,2497.58,1,2497.58,-6.78,-0.27,0.42,0.02,-7.58,-0.30,880.38,0.09
484,Exit long,2025-06-07 09:30,Close entry(s) order L,2470.08,1,2479.83,-9.75,-0.39,0.53,0.02,-9.83,-0.40,870.63,0.09
484,Entry long,2025-06-07 09:00,L,2479.83,1,2479.83,-9.75,-0.39,0.53,0.02,-9.83,-0.40,870.63,0.09
485,Exit long,2025-06-07 14:15,Close entry(s) order L,2486.56,1,2479.01,7.55,0.30,16.49,0.67,-2.32,-0.09,878.18,0.09
485,Entry long,2025-06-07 11:00,L,2479.01,1,2479.01,7.55,0.30,16.49,0.67,-2.32,-0.09,878.18,0.09
486,Exit long,2025-06-07 16:15,Close entry(s) order L,2486.21,1,2488.29,-2.08,-0.08,12.86,0.52,-2.69,-0.11,876.1,0.09
486,Entry long,2025-06-07 14:45,L,2488.29,1,2488.29,-2.08,-0.08,12.86,0.52,-2.69,-0.11,876.1,0.09
487,Exit long,2025-06-08 01:00,Close entry(s) order L,2508.96,1,2488.56,20.4,0.82,36.34,1.46,-1.45,-0.06,896.5,0.09
487,Entry long,2025-06-07 18:15,L,2488.56,1,2488.56,20.4,0.82,36.34,1.46,-1.45,-0.06,896.5,0.09
488,Exit long,2025-06-08 02:45,Close entry(s) order L,2512,1,2519.73,-7.73,-0.31,2.25,0.09,-7.87,-0.31,888.77,0.09
488,Entry long,2025-06-08 02:30,L,2519.73,1,2519.73,-7.73,-0.31,2.25,0.09,-7.87,-0.31,888.77,0.09
489,Exit long,2025-06-08 06:15,Close entry(s) order L,2519.32,1,2516,3.32,0.13,8.81,0.35,-0.85,-0.03,892.09,0.09
489,Entry long,2025-06-08 03:00,L,2516,1,2516,3.32,0.13,8.81,0.35,-0.85,-0.03,892.09,0.09
490,Exit long,2025-06-08 07:45,Close entry(s) order L,2523.22,1,2522.73,0.49,0.02,22.27,0.88,-2.02,-0.08,892.58,0.09
490,Entry long,2025-06-08 06:30,L,2522.73,1,2522.73,0.49,0.02,22.27,0.88,-2.02,-0.08,892.58,0.09
491,Exit long,2025-06-08 13:15,Close entry(s) order L,2510.2,1,2517.18,-6.98,-0.28,1.85,0.07,-6.98,-0.28,885.6,0.09
491,Entry long,2025-06-08 12:45,L,2517.18,1,2517.18,-6.98,-0.28,1.85,0.07,-6.98,-0.28,885.6,0.09
492,Exit long,2025-06-08 13:45,Close entry(s) order L,2509.51,1,2514.29,-4.78,-0.19,0.63,0.03,-5.38,-0.21,880.82,0.09
492,Entry long,2025-06-08 13:30,L,2514.29,1,2514.29,-4.78,-0.19,0.63,0.03,-5.38,-0.21,880.82,0.09
493,Exit long,2025-06-08 15:00,Close entry(s) order L,2511.63,1,2511.88,-0.25,-0.01,4.52,0.18,-1.6,-0.06,880.57,0.09
493,Entry long,2025-06-08 14:15,L,2511.88,1,2511.88,-0.25,-0.01,4.52,0.18,-1.6,-0.06,880.57,0.09
494,Exit long,2025-06-08 15:45,Close entry(s) order L,2511.98,1,2512.71,-0.73,-0.03,2.65,0.11,-1.31,-0.05,879.84,0.09
494,Entry long,2025-06-08 15:15,L,2512.71,1,2512.71,-0.73,-0.03,2.65,0.11,-1.31,-0.05,879.84,0.09
495,Exit long,2025-06-08 17:15,Close entry(s) order L,2511.35,1,2513.46,-2.11,-0.08,6.73,0.27,-4.19,-0.17,877.73,0.09
495,Entry long,2025-06-08 16:00,L,2513.46,1,2513.46,-2.11,-0.08,6.73,0.27,-4.19,-0.17,877.73,0.09
496,Exit long,2025-06-08 20:45,Close entry(s) order L,2502.22,1,2510.15,-7.93,-0.32,6.13,0.24,-11.47,-0.46,869.8,0.09
496,Entry long,2025-06-08 19:30,L,2510.15,1,2510.15,-7.93,-0.32,6.13,0.24,-11.47,-0.46,869.8,0.09
497,Exit long,2025-06-08 22:00,Close entry(s) order L,2507.7,1,2506.82,0.88,0.04,20.44,0.82,-2.46,-0.10,870.68,0.09
497,Entry long,2025-06-08 21:00,L,2506.82,1,2506.82,0.88,0.04,20.44,0.82,-2.46,-0.10,870.68,0.09
498,Exit long,2025-06-08 22:30,Close entry(s) order L,2508.63,1,2509.96,-1.33,-0.05,5.52,0.22,-2.96,-0.12,869.35,0.09
498,Entry long,2025-06-08 22:15,L,2509.96,1,2509.96,-1.33,-0.05,5.52,0.22,-2.96,-0.12,869.35,0.09
499,Exit long,2025-06-09 05:00,Close entry(s) order L,2529.84,1,2513.18,16.66,0.66,26.5,1.05,-2.71,-0.11,886.01,0.09
499,Entry long,2025-06-08 23:00,L,2513.18,1,2513.18,16.66,0.66,26.5,1.05,-2.71,-0.11,886.01,0.09
500,Exit long,2025-06-09 06:15,Close entry(s) order L,2519.13,1,2534.39,-15.26,-0.60,13.63,0.54,-19.49,-0.77,870.75,0.09
500,Entry long,2025-06-09 05:15,L,2534.39,1,2534.39,-15.26,-0.60,13.63,0.54,-19.49,-0.77,870.75,0.09
501,Exit long,2025-06-09 12:15,Close entry(s) order L,2491.69,1,2495.55,-3.86,-0.15,0.19,0.01,-3.88,-0.16,866.89,0.09
501,Entry long,2025-06-09 12:00,L,2495.55,1,2495.55,-3.86,-0.15,0.19,0.01,-3.88,-0.16,866.89,0.09
502,Exit long,2025-06-09 15:30,Close entry(s) order L,2484.33,1,2487.27,-2.94,-0.12,5.38,0.22,-5.27,-0.21,863.95,0.09
502,Entry long,2025-06-09 14:45,L,2487.27,1,2487.27,-2.94,-0.12,5.38,0.22,-5.27,-0.21,863.95,0.09
503,Exit long,2025-06-09 16:30,Close entry(s) order L,2486.01,1,2487.72,-1.71,-0.07,7.28,0.29,-4.69,-0.19,862.24,0.09
503,Entry long,2025-06-09 15:45,L,2487.72,1,2487.72,-1.71,-0.07,7.28,0.29,-4.69,-0.19,862.24,0.09
504,Exit long,2025-06-09 21:30,Close entry(s) order L,2535.64,1,2488.67,46.97,1.89,59.3,2.38,-0.9,-0.04,909.21,0.09
504,Entry long,2025-06-09 16:45,L,2488.67,1,2488.67,46.97,1.89,59.3,2.38,-0.9,-0.04,909.21,0.09
505,Exit long,2025-06-10 00:00,Close entry(s) order L,2532.98,1,2538.32,-5.34,-0.21,3.68,0.14,-5.87,-0.23,903.87,0.09
505,Entry long,2025-06-09 23:15,L,2538.32,1,2538.32,-5.34,-0.21,3.68,0.14,-5.87,-0.23,903.87,0.09
506,Exit long,2025-06-10 10:15,Close entry(s) order L,2688.64,1,2541.36,147.28,5.80,185.47,7.30,-1,-0.04,1051.15,0.11
506,Entry long,2025-06-10 00:15,L,2541.36,1,2541.36,147.28,5.80,185.47,7.30,-1,-0.04,1051.15,0.11
507,Exit long,2025-06-10 13:30,Close entry(s) order L,2675.59,1,2691.14,-15.55,-0.58,7.86,0.29,-18.74,-0.70,1035.6,0.10
507,Entry long,2025-06-10 13:15,L,2691.14,1,2691.14,-15.55,-0.58,7.86,0.29,-18.74,-0.70,1035.6,0.10
508,Exit long,2025-06-10 15:45,Close entry(s) order L,2672.83,1,2682.1,-9.27,-0.35,2.73,0.10,-10.22,-0.38,1026.33,0.10
508,Entry long,2025-06-10 15:30,L,2682.1,1,2682.1,-9.27,-0.35,2.73,0.10,-10.22,-0.38,1026.33,0.10
509,Exit long,2025-06-10 16:15,Close entry(s) order L,2671.99,1,2676.67,-4.68,-0.17,6.88,0.26,-5.67,-0.21,1021.65,0.10
509,Entry long,2025-06-10 16:00,L,2676.67,1,2676.67,-4.68,-0.17,6.88,0.26,-5.67,-0.21,1021.65,0.10
510,Exit long,2025-06-10 17:00,Close entry(s) order L,2673,1,2679.33,-6.33,-0.24,1.19,0.04,-7.16,-0.27,1015.32,0.10
510,Entry long,2025-06-10 16:45,L,2679.33,1,2679.33,-6.33,-0.24,1.19,0.04,-7.16,-0.27,1015.32,0.10
511,Exit long,2025-06-10 21:45,Close entry(s) order L,2720,1,2677.54,42.46,1.59,121.18,4.53,-3.54,-0.13,1057.78,0.11
511,Entry long,2025-06-10 17:15,L,2677.54,1,2677.54,42.46,1.59,121.18,4.53,-3.54,-0.13,1057.78,0.11
512,Exit long,2025-06-11 01:00,Close entry(s) order L,2729.74,1,2744.2,-14.46,-0.53,3.73,0.14,-17.15,-0.62,1043.32,0.10
512,Entry long,2025-06-11 00:15,L,2744.2,1,2744.2,-14.46,-0.53,3.73,0.14,-17.15,-0.62,1043.32,0.10
513,Exit long,2025-06-11 05:15,Close entry(s) order L,2756.56,1,2740.54,16.02,0.58,66.46,2.43,-10.53,-0.38,1059.34,0.11
513,Entry long,2025-06-11 01:15,L,2740.54,1,2740.54,16.02,0.58,66.46,2.43,-10.53,-0.38,1059.34,0.11
514,Exit long,2025-06-11 08:45,Close entry(s) order L,2797.51,1,2764.14,33.37,1.21,70.09,2.54,-8.98,-0.32,1092.71,0.11
514,Entry long,2025-06-11 05:30,L,2764.14,1,2764.14,33.37,1.21,70.09,2.54,-8.98,-0.32,1092.71,0.11
515,Exit long,2025-06-11 12:15,Close entry(s) order L,2787.24,1,2793.74,-6.5,-0.23,1.76,0.06,-7.65,-0.27,1086.21,0.11
515,Entry long,2025-06-11 11:45,L,2793.74,1,2793.74,-6.5,-0.23,1.76,0.06,-7.65,-0.27,1086.21,0.11
516,Exit long,2025-06-11 14:15,Close entry(s) order L,2790.39,1,2791.83,-1.44,-0.05,11.78,0.42,-5.75,-0.21,1084.77,0.11
516,Entry long,2025-06-11 12:30,L,2791.83,1,2791.83,-1.44,-0.05,11.78,0.42,-5.75,-0.21,1084.77,0.11
517,Exit long,2025-06-11 16:00,Close entry(s) order L,2790.86,1,2796.2,-5.34,-0.19,5.06,0.18,-6.01,-0.21,1079.43,0.11
517,Entry long,2025-06-11 15:15,L,2796.2,1,2796.2,-5.34,-0.19,5.06,0.18,-6.01,-0.21,1079.43,0.11
518,Exit long,2025-06-12 01:45,Close entry(s) order L,2852,1,2771.82,80.18,2.89,107.18,3.87,-8.94,-0.32,1159.61,0.12
518,Entry long,2025-06-11 20:00,L,2771.82,1,2771.82,80.18,2.89,107.18,3.87,-8.94,-0.32,1159.61,0.12
519,Exit long,2025-06-12 05:45,Close entry(s) order L,2796.14,1,2829.99,-33.85,-1.20,0.01,0.00,-50.98,-1.80,1125.76,0.11
519,Entry long,2025-06-12 05:15,L,2829.99,1,2829.99,-33.85,-1.20,0.01,0.00,-50.98,-1.80,1125.76,0.11
520,Exit long,2025-06-12 09:15,Close entry(s) order L,2766.39,1,2774.49,-8.1,-0.29,3.09,0.11,-10.35,-0.37,1117.66,0.11
520,Entry long,2025-06-12 09:00,L,2774.49,1,2774.49,-8.1,-0.29,3.09,0.11,-10.35,-0.37,1117.66,0.11
521,Exit long,2025-06-12 10:45,Close entry(s) order L,2766.55,1,2774.87,-8.32,-0.30,8.61,0.31,-8.74,-0.31,1109.34,0.11
521,Entry long,2025-06-12 10:00,L,2774.87,1,2774.87,-8.32,-0.30,8.61,0.31,-8.74,-0.31,1109.34,0.11
522,Exit long,2025-06-12 12:00,Close entry(s) order L,2764,1,2770.27,-6.27,-0.23,6.06,0.22,-6.53,-0.24,1103.07,0.11
522,Entry long,2025-06-12 11:45,L,2770.27,1,2770.27,-6.27,-0.23,6.06,0.22,-6.53,-0.24,1103.07,0.11
523,Exit long,2025-06-12 13:45,Close entry(s) order L,2758.36,1,2765.43,-7.07,-0.26,4.34,0.16,-8.21,-0.30,1096,0.11
523,Entry long,2025-06-12 13:30,L,2765.43,1,2765.43,-7.07,-0.26,4.34,0.16,-8.21,-0.30,1096,0.11
524,Exit long,2025-06-12 14:15,Close entry(s) order L,2759.47,1,2764,-4.53,-0.16,1.32,0.05,-5.81,-0.21,1091.47,0.11
524,Entry long,2025-06-12 14:00,L,2764,1,2764,-4.53,-0.16,1.32,0.05,-5.81,-0.21,1091.47,0.11
525,Exit long,2025-06-12 15:30,Close entry(s) order L,2757.13,1,2762.5,-5.37,-0.19,13.25,0.48,-6.5,-0.24,1086.1,0.11
525,Entry long,2025-06-12 14:30,L,2762.5,1,2762.5,-5.37,-0.19,13.25,0.48,-6.5,-0.24,1086.1,0.11
526,Exit long,2025-06-12 19:15,Close entry(s) order L,2747.03,1,2749.21,-2.18,-0.08,3.72,0.14,-6.05,-0.22,1083.92,0.11
526,Entry long,2025-06-12 19:00,L,2749.21,1,2749.21,-2.18,-0.08,3.72,0.14,-6.05,-0.22,1083.92,0.11
527,Exit long,2025-06-12 21:00,Close entry(s) order L,2735.44,1,2742.7,-7.26,-0.26,0.6,0.02,-12.5,-0.46,1076.66,0.11
527,Entry long,2025-06-12 20:45,L,2742.7,1,2742.7,-7.26,-0.26,0.6,0.02,-12.5,-0.46,1076.66,0.11
528,Exit long,2025-06-13 00:00,Close entry(s) order L,2718.24,1,2741.39,-23.15,-0.84,31.13,1.14,-29.92,-1.09,1053.51,0.11
528,Entry long,2025-06-12 21:15,L,2741.39,1,2741.39,-23.15,-0.84,31.13,1.14,-29.92,-1.09,1053.51,0.11
529,Exit long,2025-06-13 02:30,Close entry(s) order L,2732.33,1,2748.71,-16.38,-0.60,21.26,0.77,-22.41,-0.82,1037.13,0.10
529,Entry long,2025-06-13 01:15,L,2748.71,1,2748.71,-16.38,-0.60,21.26,0.77,-22.41,-0.82,1037.13,0.10
530,Exit long,2025-06-13 08:00,Close entry(s) order L,2641.38,1,2656.28,-14.9,-0.56,0.41,0.02,-15.49,-0.58,1022.23,0.10
530,Entry long,2025-06-13 07:30,L,2656.28,1,2656.28,-14.9,-0.56,0.41,0.02,-15.49,-0.58,1022.23,0.10
531,Exit long,2025-06-13 14:15,Close entry(s) order L,2501.68,1,2502.23,-0.55,-0.02,21.97,0.88,-8.45,-0.34,1021.68,0.10
531,Entry long,2025-06-13 11:45,L,2502.23,1,2502.23,-0.55,-0.02,21.97,0.88,-8.45,-0.34,1021.68,0.10
532,Exit long,2025-06-13 17:00,Close entry(s) order L,2516.55,1,2531.89,-15.34,-0.61,9.22,0.36,-24.53,-0.97,1006.34,0.10
532,Entry long,2025-06-13 15:00,L,2531.89,1,2531.89,-15.34,-0.61,9.22,0.36,-24.53,-0.97,1006.34,0.10
533,Exit long,2025-06-13 22:15,Close entry(s) order L,2528.55,1,2526.59,1.96,0.08,35.98,1.42,-5.88,-0.23,1008.3,0.10
533,Entry long,2025-06-13 18:45,L,2526.59,1,2526.59,1.96,0.08,35.98,1.42,-5.88,-0.23,1008.3,0.10
534,Exit long,2025-06-14 01:30,Close entry(s) order L,2534.12,1,2547.8,-13.68,-0.54,37.2,1.46,-14.36,-0.56,994.62,0.10
534,Entry long,2025-06-13 23:15,L,2547.8,1,2547.8,-13.68,-0.54,37.2,1.46,-14.36,-0.56,994.62,0.10
535,Exit long,2025-06-14 09:00,Close entry(s) order L,2561.21,1,2538.48,22.73,0.90,43.68,1.72,-9.56,-0.38,1017.35,0.10
535,Entry long,2025-06-14 04:15,L,2538.48,1,2538.48,22.73,0.90,43.68,1.72,-9.56,-0.38,1017.35,0.10
536,Exit long,2025-06-14 14:00,Close entry(s) order L,2550.82,1,2552.32,-1.5,-0.06,3.1,0.12,-2.2,-0.09,1015.85,0.10
536,Entry long,2025-06-14 13:45,L,2552.32,1,2552.32,-1.5,-0.06,3.1,0.12,-2.2,-0.09,1015.85,0.10
537,Exit long,2025-06-14 20:45,Close entry(s) order L,2529.4,1,2532.53,-3.13,-0.12,6.17,0.24,-5.19,-0.20,1012.72,0.10
537,Entry long,2025-06-14 19:15,L,2532.53,1,2532.53,-3.13,-0.12,6.17,0.24,-5.19,-0.20,1012.72,0.10
538,Exit long,2025-06-14 21:45,Close entry(s) order L,2529.64,1,2535.34,-5.7,-0.22,10.06,0.40,-7.12,-0.28,1007.02,0.10
538,Entry long,2025-06-14 21:00,L,2535.34,1,2535.34,-5.7,-0.22,10.06,0.40,-7.12,-0.28,1007.02,0.10
539,Exit long,2025-06-14 22:15,Close entry(s) order L,2532.5,1,2533.67,-1.17,-0.05,0.83,0.03,-4.08,-0.16,1005.85,0.10
539,Entry long,2025-06-14 22:00,L,2533.67,1,2533.67,-1.17,-0.05,0.83,0.03,-4.08,-0.16,1005.85,0.10
540,Exit long,2025-06-15 02:30,Close entry(s) order L,2502.79,1,2516.59,-13.8,-0.55,0.99,0.04,-14.59,-0.58,992.05,0.10
540,Entry long,2025-06-15 02:15,L,2516.59,1,2516.59,-13.8,-0.55,0.99,0.04,-14.59,-0.58,992.05,0.10
541,Exit long,2025-06-15 04:00,Close entry(s) order L,2506.36,1,2514,-7.64,-0.30,6.94,0.28,-8.34,-0.33,984.41,0.10
541,Entry long,2025-06-15 03:15,L,2514,1,2514,-7.64,-0.30,6.94,0.28,-8.34,-0.33,984.41,0.10
542,Exit long,2025-06-15 09:30,Close entry(s) order L,2527.27,1,2509.13,18.14,0.72,30.77,1.23,-4.6,-0.18,1002.55,0.10
542,Entry long,2025-06-15 04:45,L,2509.13,1,2509.13,18.14,0.72,30.77,1.23,-4.6,-0.18,1002.55,0.10
543,Exit long,2025-06-15 10:00,Close entry(s) order L,2527.93,1,2531.44,-3.51,-0.14,1,0.04,-4.24,-0.17,999.04,0.10
543,Entry long,2025-06-15 09:45,L,2531.44,1,2531.44,-3.51,-0.14,1,0.04,-4.24,-0.17,999.04,0.10
544,Exit long,2025-06-15 10:45,Close entry(s) order L,2531.97,1,2534.68,-2.71,-0.11,0.87,0.03,-4.08,-0.16,996.33,0.10
544,Entry long,2025-06-15 10:15,L,2534.68,1,2534.68,-2.71,-0.11,0.87,0.03,-4.08,-0.16,996.33,0.10
545,Exit long,2025-06-15 14:30,Close entry(s) order L,2535.33,1,2532.51,2.82,0.11,19.72,0.78,-3.34,-0.13,999.15,0.10
545,Entry long,2025-06-15 12:15,L,2532.51,1,2532.51,2.82,0.11,19.72,0.78,-3.34,-0.13,999.15,0.10
546,Exit long,2025-06-15 19:15,Close entry(s) order L,2517.28,1,2518.95,-1.67,-0.07,3.39,0.13,-1.67,-0.07,997.48,0.10
546,Entry long,2025-06-15 19:00,L,2518.95,1,2518.95,-1.67,-0.07,3.39,0.13,-1.67,-0.07,997.48,0.10
547,Exit long,2025-06-16 01:15,Close entry(s) order L,2544.41,1,2520.41,24,0.95,34.59,1.37,-4.61,-0.18,1021.48,0.10
547,Entry long,2025-06-15 20:15,L,2520.41,1,2520.41,24,0.95,34.59,1.37,-4.61,-0.18,1021.48,0.10
548,Exit long,2025-06-16 02:15,Close entry(s) order L,2545.99,1,2547.71,-1.72,-0.07,12.05,0.47,-4.52,-0.18,1019.76,0.10
548,Entry long,2025-06-16 01:30,L,2547.71,1,2547.71,-1.72,-0.07,12.05,0.47,-4.52,-0.18,1019.76,0.10
549,Exit long,2025-06-16 03:30,Close entry(s) order L,2546.15,1,2547.64,-1.49,-0.06,4.8,0.19,-3.23,-0.13,1018.27,0.10
549,Entry long,2025-06-16 03:00,L,2547.64,1,2547.64,-1.49,-0.06,4.8,0.19,-3.23,-0.13,1018.27,0.10
550,Exit long,2025-06-16 09:15,Close entry(s) order L,2524.33,1,2540.2,-15.87,-0.62,11.8,0.46,-17.86,-0.70,1002.4,0.10
550,Entry long,2025-06-16 06:15,L,2540.2,1,2540.2,-15.87,-0.62,11.8,0.46,-17.86,-0.70,1002.4,0.10
551,Exit long,2025-06-16 17:45,Close entry(s) order L,2620.73,1,2553.34,67.39,2.64,84.36,3.30,-0.11,0.00,1069.79,0.11
551,Entry long,2025-06-16 10:00,L,2553.34,1,2553.34,67.39,2.64,84.36,3.30,-0.11,0.00,1069.79,0.11
552,Exit long,2025-06-16 18:30,Close entry(s) order L,2625.16,1,2627.99,-2.83,-0.11,5.16,0.20,-4.99,-0.19,1066.96,0.11
552,Entry long,2025-06-16 18:15,L,2627.99,1,2627.99,-2.83,-0.11,5.16,0.20,-4.99,-0.19,1066.96,0.11
553,Exit long,2025-06-17 00:45,Close entry(s) order L,2632.93,1,2621,11.93,0.46,35.51,1.35,-7.19,-0.27,1078.89,0.11
553,Entry long,2025-06-16 21:45,L,2621,1,2621,11.93,0.46,35.51,1.35,-7.19,-0.27,1078.89,0.11
554,Exit long,2025-06-17 01:45,Close entry(s) order L,2633.61,1,2636.61,-3,-0.11,4.69,0.18,-3.85,-0.15,1075.89,0.11
554,Entry long,2025-06-17 01:30,L,2636.61,1,2636.61,-3,-0.11,4.69,0.18,-3.85,-0.15,1075.89,0.11
555,Exit long,2025-06-17 05:45,Close entry(s) order L,2648.21,1,2637.03,11.18,0.42,42.97,1.63,-2.86,-0.11,1087.07,0.11
555,Entry long,2025-06-17 02:15,L,2637.03,1,2637.03,11.18,0.42,42.97,1.63,-2.86,-0.11,1087.07,0.11
556,Exit long,2025-06-17 10:30,Close entry(s) order L,2563.2,1,2580.23,-17.03,-0.66,6.35,0.25,-19.23,-0.75,1070.04,0.11
556,Entry long,2025-06-17 09:45,L,2580.23,1,2580.23,-17.03,-0.66,6.35,0.25,-19.23,-0.75,1070.04,0.11
557,Exit long,2025-06-17 13:00,Close entry(s) order L,2590.94,1,2572.42,18.52,0.72,45.32,1.76,-6.38,-0.25,1088.56,0.11
557,Entry long,2025-06-17 10:45,L,2572.42,1,2572.42,18.52,0.72,45.32,1.76,-6.38,-0.25,1088.56,0.11
558,Exit long,2025-06-17 16:30,Close entry(s) order L,2579.9,1,2582.65,-2.75,-0.11,0.01,0.00,-9.52,-0.37,1085.81,0.11
558,Entry long,2025-06-17 16:15,L,2582.65,1,2582.65,-2.75,-0.11,0.01,0.00,-9.52,-0.37,1085.81,0.11
559,Exit long,2025-06-17 21:00,Close entry(s) order L,2546.8,1,2555.8,-9,-0.35,0.34,0.01,-11.8,-0.46,1076.81,0.11
559,Entry long,2025-06-17 20:45,L,2555.8,1,2555.8,-9,-0.35,0.34,0.01,-11.8,-0.46,1076.81,0.11
560,Exit long,2025-06-17 21:45,Close entry(s) order L,2548.76,1,2556,-7.24,-0.28,7.58,0.30,-9.87,-0.39,1069.57,0.11
560,Entry long,2025-06-17 21:30,L,2556,1,2556,-7.24,-0.28,7.58,0.30,-9.87,-0.39,1069.57,0.11
561,Exit long,2025-06-17 22:45,Close entry(s) order L,2551.08,1,2552.1,-1.02,-0.04,15.29,0.60,-5.6,-0.22,1068.55,0.11
561,Entry long,2025-06-17 22:00,L,2552.1,1,2552.1,-1.02,-0.04,15.29,0.60,-5.6,-0.22,1068.55,0.11
562,Exit long,2025-06-18 06:15,Close entry(s) order L,2517.77,1,2495.72,22.05,0.88,46.99,1.88,-0.12,0.00,1090.6,0.11
562,Entry long,2025-06-18 03:00,L,2495.72,1,2495.72,22.05,0.88,46.99,1.88,-0.12,0.00,1090.6,0.11
563,Exit long,2025-06-18 08:00,Close entry(s) order L,2508.99,1,2516.67,-7.68,-0.31,1.83,0.07,-8.48,-0.34,1082.92,0.11
563,Entry long,2025-06-18 07:45,L,2516.67,1,2516.67,-7.68,-0.31,1.83,0.07,-8.48,-0.34,1082.92,0.11
564,Exit long,2025-06-18 08:30,Close entry(s) order L,2508.04,1,2516.75,-8.71,-0.35,3.06,0.12,-10.01,-0.40,1074.21,0.11
564,Entry long,2025-06-18 08:15,L,2516.75,1,2516.75,-8.71,-0.35,3.06,0.12,-10.01,-0.40,1074.21,0.11
565,Exit long,2025-06-18 10:45,Close entry(s) order L,2518.01,1,2521.99,-3.98,-0.16,13.32,0.53,-8.89,-0.35,1070.23,0.11
565,Entry long,2025-06-18 08:45,L,2521.99,1,2521.99,-3.98,-0.16,13.32,0.53,-8.89,-0.35,1070.23,0.11
566,Exit long,2025-06-18 14:45,Close entry(s) order L,2526.54,1,2521.37,5.17,0.21,23.73,0.94,-0.01,0.00,1075.4,0.11
566,Entry long,2025-06-18 11:30,L,2521.37,1,2521.37,5.17,0.21,23.73,0.94,-0.01,0.00,1075.4,0.11
567,Exit long,2025-06-18 16:45,Close entry(s) order L,2527.27,1,2532.33,-5.06,-0.20,15.02,0.59,-7.02,-0.28,1070.34,0.11
567,Entry long,2025-06-18 16:00,L,2532.33,1,2532.33,-5.06,-0.20,15.02,0.59,-7.02,-0.28,1070.34,0.11
568,Exit long,2025-06-18 17:45,Close entry(s) order L,2523.54,1,2532.36,-8.82,-0.35,7.34,0.29,-10.47,-0.41,1061.52,0.11
568,Entry long,2025-06-18 17:00,L,2532.36,1,2532.36,-8.82,-0.35,7.34,0.29,-10.47,-0.41,1061.52,0.11
569,Exit long,2025-06-18 23:15,Close entry(s) order L,2499.47,1,2500.73,-1.26,-0.05,37.26,1.49,-8.11,-0.32,1060.26,0.11
569,Entry long,2025-06-18 22:00,L,2500.73,1,2500.73,-1.26,-0.05,37.26,1.49,-8.11,-0.32,1060.26,0.11
570,Exit long,2025-06-19 00:30,Close entry(s) order L,2496.08,1,2509.37,-13.29,-0.53,10.38,0.41,-15.37,-0.61,1046.97,0.10
570,Entry long,2025-06-18 23:30,L,2509.37,1,2509.37,-13.29,-0.53,10.38,0.41,-15.37,-0.61,1046.97,0.10
571,Exit long,2025-06-19 03:30,Close entry(s) order L,2487.61,1,2504.56,-16.95,-0.68,3.33,0.13,-17.86,-0.71,1030.02,0.10
571,Entry long,2025-06-19 03:15,L,2504.56,1,2504.56,-16.95,-0.68,3.33,0.13,-17.86,-0.71,1030.02,0.10
572,Exit long,2025-06-19 04:00,Close entry(s) order L,2491.25,1,2500.3,-9.05,-0.36,1.98,0.08,-10.23,-0.41,1020.97,0.10
572,Entry long,2025-06-19 03:45,L,2500.3,1,2500.3,-9.05,-0.36,1.98,0.08,-10.23,-0.41,1020.97,0.10
573,Exit long,2025-06-19 07:45,Close entry(s) order L,2514.81,1,2493.26,21.55,0.86,43.49,1.74,-0.85,-0.03,1042.52,0.10
573,Entry long,2025-06-19 04:15,L,2493.26,1,2493.26,21.55,0.86,43.49,1.74,-0.85,-0.03,1042.52,0.10
574,Exit long,2025-06-19 08:15,Close entry(s) order L,2515.73,1,2523.5,-7.77,-0.31,1.7,0.07,-8.03,-0.32,1034.75,0.10
574,Entry long,2025-06-19 08:00,L,2523.5,1,2523.5,-7.77,-0.31,1.7,0.07,-8.03,-0.32,1034.75,0.10
575,Exit long,2025-06-19 09:15,Close entry(s) order L,2513.23,1,2534.31,-21.08,-0.83,11.98,0.47,-28.79,-1.14,1013.67,0.10
575,Entry long,2025-06-19 08:30,L,2534.31,1,2534.31,-21.08,-0.83,11.98,0.47,-28.79,-1.14,1013.67,0.10
576,Exit long,2025-06-19 11:00,Close entry(s) order L,2513.25,1,2524.5,-11.25,-0.45,0.69,0.03,-11.9,-0.47,1002.42,0.10
576,Entry long,2025-06-19 10:45,L,2524.5,1,2524.5,-11.25,-0.45,0.69,0.03,-11.9,-0.47,1002.42,0.10
577,Exit long,2025-06-19 12:30,Close entry(s) order L,2515.5,1,2522.36,-6.86,-0.27,2.64,0.10,-7.73,-0.31,995.56,0.10
577,Entry long,2025-06-19 11:30,L,2522.36,1,2522.36,-6.86,-0.27,2.64,0.10,-7.73,-0.31,995.56,0.10
578,Exit long,2025-06-19 14:00,Close entry(s) order L,2520.92,1,2518.24,2.68,0.11,11.93,0.47,0,0.00,998.24,0.10
578,Entry long,2025-06-19 12:45,L,2518.24,1,2518.24,2.68,0.11,11.93,0.47,0,0.00,998.24,0.10
579,Exit long,2025-06-19 15:30,Close entry(s) order L,2518.77,1,2523.32,-4.55,-0.18,1.34,0.05,-6.87,-0.27,993.69,0.10
579,Entry long,2025-06-19 15:15,L,2523.32,1,2523.32,-4.55,-0.18,1.34,0.05,-6.87,-0.27,993.69,0.10
580,Exit long,2025-06-19 16:00,Close entry(s) order L,2517.56,1,2521.47,-3.91,-0.16,0.51,0.02,-4.99,-0.20,989.78,0.10
580,Entry long,2025-06-19 15:45,L,2521.47,1,2521.47,-3.91,-0.16,0.51,0.02,-4.99,-0.20,989.78,0.10
581,Exit long,2025-06-19 19:30,Close entry(s) order L,2530.62,1,2524.57,6.05,0.24,19.43,0.77,-3.32,-0.13,995.83,0.10
581,Entry long,2025-06-19 16:15,L,2524.57,1,2524.57,6.05,0.24,19.43,0.77,-3.32,-0.13,995.83,0.10
582,Exit long,2025-06-19 20:30,Close entry(s) order L,2532.66,1,2535.29,-2.63,-0.10,0.23,0.01,-4.28,-0.17,993.2,0.10
582,Entry long,2025-06-19 20:15,L,2535.29,1,2535.29,-2.63,-0.10,0.23,0.01,-4.28,-0.17,993.2,0.10
583,Exit long,2025-06-20 03:45,Close entry(s) order L,2502.15,1,2515.47,-13.32,-0.53,4.33,0.17,-18.81,-0.75,979.88,0.10
583,Entry long,2025-06-20 01:45,L,2515.47,1,2515.47,-13.32,-0.53,4.33,0.17,-18.81,-0.75,979.88,0.10
584,Exit long,2025-06-20 04:45,Close entry(s) order L,2501.97,1,2503.77,-1.8,-0.07,12.23,0.49,-2.18,-0.09,978.08,0.10
584,Entry long,2025-06-20 04:00,L,2503.77,1,2503.77,-1.8,-0.07,12.23,0.49,-2.18,-0.09,978.08,0.10
585,Exit long,2025-06-20 09:30,Close entry(s) order L,2516.33,1,2507.26,9.07,0.36,24.59,0.98,-3.97,-0.16,987.15,0.10
585,Entry long,2025-06-20 05:30,L,2507.26,1,2507.26,9.07,0.36,24.59,0.98,-3.97,-0.16,987.15,0.10
586,Exit long,2025-06-20 10:15,Close entry(s) order L,2522.6,1,2523.7,-1.1,-0.04,6.1,0.24,-1.3,-0.05,986.05,0.10
586,Entry long,2025-06-20 09:45,L,2523.7,1,2523.7,-1.1,-0.04,6.1,0.24,-1.3,-0.05,986.05,0.10
587,Exit long,2025-06-20 19:15,Close entry(s) order L,2547,1,2514.68,32.32,1.29,53.88,2.14,-0.11,0.00,1018.37,0.10
587,Entry long,2025-06-20 14:00,L,2514.68,1,2514.68,32.32,1.29,53.88,2.14,-0.11,0.00,1018.37,0.10
588,Exit long,2025-06-20 21:45,Close entry(s) order L,2547.95,1,2552.59,-4.64,-0.18,6.04,0.24,-8.93,-0.35,1013.73,0.10
588,Entry long,2025-06-20 20:45,L,2552.59,1,2552.59,-4.64,-0.18,6.04,0.24,-8.93,-0.35,1013.73,0.10
589,Exit long,2025-06-21 05:30,Close entry(s) order L,2415.44,1,2427.41,-11.97,-0.49,9.79,0.40,-18.53,-0.76,1001.76,0.10
589,Entry long,2025-06-21 04:15,L,2427.41,1,2427.41,-11.97,-0.49,9.79,0.40,-18.53,-0.76,1001.76,0.10
590,Exit long,2025-06-21 06:00,Close entry(s) order L,2415.54,1,2422.66,-7.12,-0.29,3.34,0.14,-8.94,-0.37,994.64,0.10
590,Entry long,2025-06-21 05:45,L,2422.66,1,2422.66,-7.12,-0.29,3.34,0.14,-8.94,-0.37,994.64,0.10
591,Exit long,2025-06-21 12:15,Close entry(s) order L,2421.46,1,2412.09,9.37,0.39,19.35,0.80,-4.61,-0.19,1004.01,0.10
591,Entry long,2025-06-21 08:30,L,2412.09,1,2412.09,9.37,0.39,19.35,0.80,-4.61,-0.19,1004.01,0.10
592,Exit long,2025-06-21 13:45,Close entry(s) order L,2422,1,2425.39,-3.39,-0.14,0.72,0.03,-4.14,-0.17,1000.62,0.10
592,Entry long,2025-06-21 13:30,L,2425.39,1,2425.39,-3.39,-0.14,0.72,0.03,-4.14,-0.17,1000.62,0.10
593,Exit long,2025-06-21 15:15,Close entry(s) order L,2420.6,1,2423.95,-3.35,-0.14,3.3,0.14,-5.3,-0.22,997.27,0.10
593,Entry long,2025-06-21 14:30,L,2423.95,1,2423.95,-3.35,-0.14,3.3,0.14,-5.3,-0.22,997.27,0.10
594,Exit long,2025-06-21 20:45,Close entry(s) order L,2438.04,1,2423.94,14.1,0.58,24.02,0.99,-1.86,-0.08,1011.37,0.10
594,Entry long,2025-06-21 15:30,L,2423.94,1,2423.94,14.1,0.58,24.02,0.99,-1.86,-0.08,1011.37,0.10
595,Exit long,2025-06-21 21:45,Close entry(s) order L,2431.26,1,2441,-9.74,-0.40,0.48,0.02,-12,-0.49,1001.63,0.10
595,Entry long,2025-06-21 21:30,L,2441,1,2441,-9.74,-0.40,0.48,0.02,-12,-0.49,1001.63,0.10
596,Exit long,2025-06-22 00:45,Close entry(s) order L,2416.1,1,2426.49,-10.39,-0.43,0,0.00,-12.1,-0.50,991.24,0.10
596,Entry long,2025-06-22 00:30,L,2426.49,1,2426.49,-10.39,-0.43,0,0.00,-12.1,-0.50,991.24,0.10
597,Exit long,2025-06-22 05:15,Close entry(s) order L,2394.21,1,2399.68,-5.47,-0.23,8.42,0.35,-6.08,-0.25,985.77,0.10
597,Entry long,2025-06-22 04:45,L,2399.68,1,2399.68,-5.47,-0.23,8.42,0.35,-6.08,-0.25,985.77,0.10
598,Exit long,2025-06-22 09:45,Close entry(s) order L,2275.79,1,2296.36,-20.57,-0.90,9.51,0.41,-30.65,-1.33,965.2,0.10
598,Entry long,2025-06-22 08:45,L,2296.36,1,2296.36,-20.57,-0.90,9.51,0.41,-30.65,-1.33,965.2,0.10
599,Exit long,2025-06-22 15:15,Close entry(s) order L,2282,1,2279.95,2.05,0.09,17.45,0.77,-7.31,-0.32,967.25,0.10
599,Entry long,2025-06-22 12:15,L,2279.95,1,2279.95,2.05,0.09,17.45,0.77,-7.31,-0.32,967.25,0.10
600,Exit long,2025-06-22 21:15,Close entry(s) order L,2260.57,1,2266.1,-5.53,-0.24,20.54,0.91,-8.39,-0.37,961.72,0.10
600,Entry long,2025-06-22 19:15,L,2266.1,1,2266.1,-5.53,-0.24,20.54,0.91,-8.39,-0.37,961.72,0.10
601,Exit long,2025-06-23 02:15,Close entry(s) order L,2185.49,1,2195.88,-10.39,-0.47,23.23,1.06,-11.78,-0.54,951.33,0.10
601,Entry long,2025-06-23 01:00,L,2195.88,1,2195.88,-10.39,-0.47,23.23,1.06,-11.78,-0.54,951.33,0.10
602,Exit long,2025-06-23 03:00,Close entry(s) order L,2181.84,1,2191.86,-10.02,-0.46,0.06,0.00,-12.47,-0.57,941.31,0.09
602,Entry long,2025-06-23 02:45,L,2191.86,1,2191.86,-10.02,-0.46,0.06,0.00,-12.47,-0.57,941.31,0.09
603,Exit long,2025-06-23 09:30,Close entry(s) order L,2228.59,1,2186.77,41.82,1.91,72.6,3.32,-14.53,-0.66,983.13,0.10
603,Entry long,2025-06-23 05:00,L,2186.77,1,2186.77,41.82,1.91,72.6,3.32,-14.53,-0.66,983.13,0.10
604,Exit long,2025-06-23 11:30,Close entry(s) order L,2236.1,1,2233.91,2.19,0.10,12.9,0.58,-1.86,-0.08,985.32,0.10
604,Entry long,2025-06-23 09:45,L,2233.91,1,2233.91,2.19,0.10,12.9,0.58,-1.86,-0.08,985.32,0.10
605,Exit long,2025-06-23 12:45,Close entry(s) order L,2233.08,1,2237.76,-4.68,-0.21,0.73,0.03,-5.59,-0.25,980.64,0.10
605,Entry long,2025-06-23 12:30,L,2237.76,1,2237.76,-4.68,-0.21,0.73,0.03,-5.59,-0.25,980.64,0.10
606,Exit long,2025-06-23 14:45,Close entry(s) order L,2236.81,1,2239.49,-2.68,-0.12,14.5,0.65,-5.49,-0.25,977.96,0.10
606,Entry long,2025-06-23 13:15,L,2239.49,1,2239.49,-2.68,-0.12,14.5,0.65,-5.49,-0.25,977.96,0.10
607,Exit long,2025-06-23 17:30,Close entry(s) order L,2244.58,1,2250.01,-5.43,-0.24,27.76,1.23,-6.29,-0.28,972.53,0.10
607,Entry long,2025-06-23 15:00,L,2250.01,1,2250.01,-5.43,-0.24,27.76,1.23,-6.29,-0.28,972.53,0.10
608,Exit long,2025-06-23 20:15,Close entry(s) order L,2247.13,1,2252.17,-5.04,-0.22,1.76,0.08,-6.94,-0.31,967.49,0.10
608,Entry long,2025-06-23 20:00,L,2252.17,1,2252.17,-5.04,-0.22,1.76,0.08,-6.94,-0.31,967.49,0.10
609,Exit long,2025-06-23 21:30,Close entry(s) order L,2247.36,1,2258.89,-11.53,-0.51,7.47,0.33,-13.39,-0.59,955.96,0.10
609,Entry long,2025-06-23 20:45,L,2258.89,1,2258.89,-11.53,-0.51,7.47,0.33,-13.39,-0.59,955.96,0.10
610,Exit long,2025-06-23 23:30,Close entry(s) order L,2264.69,1,2287.87,-23.18,-1.01,29.13,1.27,-24.87,-1.09,932.78,0.09
610,Entry long,2025-06-23 21:45,L,2287.87,1,2287.87,-23.18,-1.01,29.13,1.27,-24.87,-1.09,932.78,0.09
611,Exit long,2025-06-24 09:45,Close entry(s) order L,2407.22,1,2273.94,133.28,5.86,166.06,7.30,-12.36,-0.54,1066.06,0.11
611,Entry long,2025-06-24 01:30,L,2273.94,1,2273.94,133.28,5.86,166.06,7.30,-12.36,-0.54,1066.06,0.11
612,Exit long,2025-06-24 10:15,Close entry(s) order L,2398.17,1,2412.61,-14.44,-0.60,0,0.00,-24.56,-1.02,1051.62,0.11
612,Entry long,2025-06-24 10:00,L,2412.61,1,2412.61,-14.44,-0.60,0,0.00,-24.56,-1.02,1051.62,0.11
613,Exit long,2025-06-24 11:45,Close entry(s) order L,2396.89,1,2401.98,-5.09,-0.21,2.76,0.11,-6.48,-0.27,1046.53,0.10
613,Entry long,2025-06-24 11:30,L,2401.98,1,2401.98,-5.09,-0.21,2.76,0.11,-6.48,-0.27,1046.53,0.10
614,Exit long,2025-06-24 15:45,Close entry(s) order L,2402.37,1,2402.6,-0.23,-0.01,31.5,1.31,-7.57,-0.32,1046.3,0.10
614,Entry long,2025-06-24 13:00,L,2402.6,1,2402.6,-0.23,-0.01,31.5,1.31,-7.57,-0.32,1046.3,0.10
615,Exit long,2025-06-24 19:45,Close entry(s) order L,2406.94,1,2430.01,-23.07,-0.95,3.83,0.16,-33.57,-1.38,1023.23,0.10
615,Entry long,2025-06-24 17:30,L,2430.01,1,2430.01,-23.07,-0.95,3.83,0.16,-33.57,-1.38,1023.23,0.10
616,Exit long,2025-06-24 20:30,Close entry(s) order L,2406.65,1,2413.07,-6.42,-0.27,1.25,0.05,-11.61,-0.48,1016.81,0.10
616,Entry long,2025-06-24 20:15,L,2413.07,1,2413.07,-6.42,-0.27,1.25,0.05,-11.61,-0.48,1016.81,0.10
617,Exit long,2025-06-25 02:15,Close entry(s) order L,2445,1,2414.99,30.01,1.24,66.29,2.74,-11.51,-0.48,1046.82,0.10
617,Entry long,2025-06-24 20:45,L,2414.99,1,2414.99,30.01,1.24,66.29,2.74,-11.51,-0.48,1046.82,0.10
618,Exit long,2025-06-25 05:15,Close entry(s) order L,2436.33,1,2443.59,-7.26,-0.30,5.23,0.21,-9.25,-0.38,1039.56,0.10
618,Entry long,2025-06-25 04:45,L,2443.59,1,2443.59,-7.26,-0.30,5.23,0.21,-9.25,-0.38,1039.56,0.10
619,Exit long,2025-06-25 05:45,Close entry(s) order L,2436.32,1,2439.31,-2.99,-0.12,4.42,0.18,-3.48,-0.14,1036.57,0.10
619,Entry long,2025-06-25 05:30,L,2439.31,1,2439.31,-2.99,-0.12,4.42,0.18,-3.48,-0.14,1036.57,0.10
620,Exit long,2025-06-25 07:15,Close entry(s) order L,2430.65,1,2443.71,-13.06,-0.53,0.07,0.00,-14.09,-0.58,1023.51,0.10
620,Entry long,2025-06-25 06:00,L,2443.71,1,2443.71,-13.06,-0.53,0.07,0.00,-14.09,-0.58,1023.51,0.10
621,Exit long,2025-06-25 08:45,Close entry(s) order L,2441.12,1,2446.2,-5.08,-0.21,10.32,0.42,-10.91,-0.45,1018.43,0.10
621,Entry long,2025-06-25 07:45,L,2446.2,1,2446.2,-5.08,-0.21,10.32,0.42,-10.91,-0.45,1018.43,0.10
622,Exit long,2025-06-25 11:00,Close entry(s) order L,2450.34,1,2457,-6.66,-0.27,10.84,0.44,-13.16,-0.54,1011.77,0.10
622,Entry long,2025-06-25 09:00,L,2457,1,2457,-6.66,-0.27,10.84,0.44,-13.16,-0.54,1011.77,0.10
623,Exit long,2025-06-25 11:45,Close entry(s) order L,2450.23,1,2454.01,-3.78,-0.15,5.61,0.23,-4.57,-0.19,1007.99,0.10
623,Entry long,2025-06-25 11:15,L,2454.01,1,2454.01,-3.78,-0.15,5.61,0.23,-4.57,-0.19,1007.99,0.10
624,Exit long,2025-06-25 16:30,Close entry(s) order L,2433.29,1,2440.01,-6.72,-0.28,9.92,0.41,-7.5,-0.31,1001.27,0.10
624,Entry long,2025-06-25 14:30,L,2440.01,1,2440.01,-6.72,-0.28,9.92,0.41,-7.5,-0.31,1001.27,0.10
625,Exit long,2025-06-25 17:30,Close entry(s) order L,2439.89,1,2438.69,1.2,0.05,8.92,0.37,-2.43,-0.10,1002.47,0.10
625,Entry long,2025-06-25 17:00,L,2438.69,1,2438.69,1.2,0.05,8.92,0.37,-2.43,-0.10,1002.47,0.10
626,Exit long,2025-06-25 20:15,Close entry(s) order L,2421.15,1,2427.93,-6.78,-0.28,0.57,0.02,-8.06,-0.33,995.69,0.10
626,Entry long,2025-06-25 20:00,L,2427.93,1,2427.93,-6.78,-0.28,0.57,0.02,-8.06,-0.33,995.69,0.10
627,Exit long,2025-06-25 22:30,Close entry(s) order L,2403.86,1,2422.83,-18.97,-0.78,23.04,0.95,-34.6,-1.43,976.72,0.10
627,Entry long,2025-06-25 20:45,L,2422.83,1,2422.83,-18.97,-0.78,23.04,0.95,-34.6,-1.43,976.72,0.10
628,Exit long,2025-06-25 23:15,Close entry(s) order L,2417.82,1,2431.45,-13.63,-0.56,0.55,0.02,-20.73,-0.85,963.09,0.10
628,Entry long,2025-06-25 23:00,L,2431.45,1,2431.45,-13.63,-0.56,0.55,0.02,-20.73,-0.85,963.09,0.10
629,Exit long,2025-06-26 01:45,Close entry(s) order L,2409.51,1,2416.04,-6.53,-0.27,15.11,0.63,-10.33,-0.43,956.56,0.10
629,Entry long,2025-06-26 01:15,L,2416.04,1,2416.04,-6.53,-0.27,15.11,0.63,-10.33,-0.43,956.56,0.10
630,Exit long,2025-06-26 06:15,Close entry(s) order L,2423.12,1,2421.48,1.64,0.07,33.79,1.40,-10.9,-0.45,958.2,0.10
630,Entry long,2025-06-26 02:00,L,2421.48,1,2421.48,1.64,0.07,33.79,1.40,-10.9,-0.45,958.2,0.10
631,Exit long,2025-06-26 13:30,Close entry(s) order L,2473.91,1,2423.23,50.68,2.09,96.77,3.99,-5.58,-0.23,1008.88,0.10
631,Entry long,2025-06-26 08:45,L,2423.23,1,2423.23,50.68,2.09,96.77,3.99,-5.58,-0.23,1008.88,0.10
632,Exit long,2025-06-26 14:30,Close entry(s) order L,2479.06,1,2482.14,-3.08,-0.12,0.72,0.03,-5.08,-0.20,1005.8,0.10
632,Entry long,2025-06-26 14:15,L,2482.14,1,2482.14,-3.08,-0.12,0.72,0.03,-5.08,-0.20,1005.8,0.10
633,Exit long,2025-06-26 17:15,Close entry(s) order L,2468.46,1,2480.23,-11.77,-0.47,19.62,0.79,-14.23,-0.57,994.03,0.10
633,Entry long,2025-06-26 14:45,L,2480.23,1,2480.23,-11.77,-0.47,19.62,0.79,-14.23,-0.57,994.03,0.10
634,Exit long,2025-06-26 23:15,Close entry(s) order L,2439.26,1,2448.32,-9.06,-0.37,10.61,0.43,-9.74,-0.40,984.97,0.10
634,Entry long,2025-06-26 22:45,L,2448.32,1,2448.32,-9.06,-0.37,10.61,0.43,-9.74,-0.40,984.97,0.10
635,Exit long,2025-06-27 02:30,Close entry(s) order L,2424.62,1,2430.06,-5.44,-0.22,8.48,0.35,-7.27,-0.30,979.53,0.10
635,Entry long,2025-06-27 02:15,L,2430.06,1,2430.06,-5.44,-0.22,8.48,0.35,-7.27,-0.30,979.53,0.10
636,Exit long,2025-06-27 05:15,Close entry(s) order L,2421.98,1,2426.72,-4.74,-0.20,29.86,1.23,-9.72,-0.40,974.79,0.10
636,Entry long,2025-06-27 03:15,L,2426.72,1,2426.72,-4.74,-0.20,29.86,1.23,-9.72,-0.40,974.79,0.10
637,Exit long,2025-06-27 08:45,Close entry(s) order L,2406.65,1,2418.03,-11.38,-0.47,0.8,0.03,-12.96,-0.54,963.41,0.10
637,Entry long,2025-06-27 08:30,L,2418.03,1,2418.03,-11.38,-0.47,0.8,0.03,-12.96,-0.54,963.41,0.10
638,Exit long,2025-06-27 13:30,Close entry(s) order L,2435.31,1,2417.73,17.58,0.73,34.59,1.43,-5.79,-0.24,980.99,0.10
638,Entry long,2025-06-27 09:15,L,2417.73,1,2417.73,17.58,0.73,34.59,1.43,-5.79,-0.24,980.99,0.10
639,Exit long,2025-06-27 15:45,Close entry(s) order L,2438.03,1,2444.71,-6.68,-0.27,14.17,0.58,-7.75,-0.32,974.31,0.10
639,Entry long,2025-06-27 14:45,L,2444.71,1,2444.71,-6.68,-0.27,14.17,0.58,-7.75,-0.32,974.31,0.10
640,Exit long,2025-06-27 19:00,Close entry(s) order L,2444.93,1,2448.39,-3.46,-0.14,14.99,0.61,-7.29,-0.30,970.85,0.10
640,Entry long,2025-06-27 16:45,L,2448.39,1,2448.39,-3.46,-0.14,14.99,0.61,-7.29,-0.30,970.85,0.10
641,Exit long,2025-06-27 19:30,Close entry(s) order L,2442.7,1,2448.09,-5.39,-0.22,5.82,0.24,-5.94,-0.24,965.46,0.10
641,Entry long,2025-06-27 19:15,L,2448.09,1,2448.09,-5.39,-0.22,5.82,0.24,-5.94,-0.24,965.46,0.10
642,Exit long,2025-06-27 20:45,Close entry(s) order L,2437.22,1,2448.57,-11.35,-0.46,7.76,0.32,-13.57,-0.55,954.11,0.10
642,Entry long,2025-06-27 20:15,L,2448.57,1,2448.57,-11.35,-0.46,7.76,0.32,-13.57,-0.55,954.11,0.10
643,Exit long,2025-06-28 01:15,Close entry(s) order L,2419.62,1,2437.63,-18.01,-0.74,11.06,0.45,-19.63,-0.81,936.1,0.09
643,Entry long,2025-06-27 23:45,L,2437.63,1,2437.63,-18.01,-0.74,11.06,0.45,-19.63,-0.81,936.1,0.09
644,Exit long,2025-06-28 07:15,Close entry(s) order L,2420.55,1,2411.72,8.83,0.37,17.28,0.72,-1.22,-0.05,944.93,0.09
644,Entry long,2025-06-28 04:00,L,2411.72,1,2411.72,8.83,0.37,17.28,0.72,-1.22,-0.05,944.93,0.09
645,Exit long,2025-06-28 08:15,Close entry(s) order L,2416.19,1,2422.07,-5.88,-0.24,0.99,0.04,-5.92,-0.24,939.05,0.09
645,Entry long,2025-06-28 08:00,L,2422.07,1,2422.07,-5.88,-0.24,0.99,0.04,-5.92,-0.24,939.05,0.09
646,Exit long,2025-06-28 11:15,Close entry(s) order L,2416.56,1,2420.25,-3.69,-0.15,1.53,0.06,-4.97,-0.21,935.36,0.09
646,Entry long,2025-06-28 10:30,L,2420.25,1,2420.25,-3.69,-0.15,1.53,0.06,-4.97,-0.21,935.36,0.09
647,Exit long,2025-06-28 13:45,Close entry(s) order L,2418,1,2419.84,-1.84,-0.08,7.99,0.33,-3.32,-0.14,933.52,0.09
647,Entry long,2025-06-28 11:30,L,2419.84,1,2419.84,-1.84,-0.08,7.99,0.33,-3.32,-0.14,933.52,0.09
648,Exit long,2025-06-28 16:15,Close entry(s) order L,2421.26,1,2420.99,0.27,0.01,12.01,0.50,-1.47,-0.06,933.79,0.09
648,Entry long,2025-06-28 14:00,L,2420.99,1,2420.99,0.27,0.01,12.01,0.50,-1.47,-0.06,933.79,0.09
649,Exit long,2025-06-28 18:45,Close entry(s) order L,2424.13,1,2424.68,-0.55,-0.02,4.63,0.19,-1.89,-0.08,933.24,0.09
649,Entry long,2025-06-28 17:45,L,2424.68,1,2424.68,-0.55,-0.02,4.63,0.19,-1.89,-0.08,933.24,0.09
650,Exit long,2025-06-28 20:15,Close entry(s) order L,2424.82,1,2425.13,-0.31,-0.01,2.95,0.12,-0.71,-0.03,932.93,0.09
650,Entry long,2025-06-28 19:00,L,2425.13,1,2425.13,-0.31,-0.01,2.95,0.12,-0.71,-0.03,932.93,0.09
651,Exit long,2025-06-28 21:30,Close entry(s) order L,2423.17,1,2426.04,-2.87,-0.12,0.01,0.00,-4.52,-0.19,930.06,0.09
651,Entry long,2025-06-28 21:15,L,2426.04,1,2426.04,-2.87,-0.12,0.01,0.00,-4.52,-0.19,930.06,0.09
652,Exit long,2025-06-28 23:30,Close entry(s) order L,2423.93,1,2425.16,-1.23,-0.05,1.53,0.06,-3.01,-0.12,928.83,0.09
652,Entry long,2025-06-28 22:15,L,2425.16,1,2425.16,-1.23,-0.05,1.53,0.06,-3.01,-0.12,928.83,0.09
653,Exit long,2025-06-29 02:45,Close entry(s) order L,2433.99,1,2426.13,7.86,0.32,21.29,0.88,-0.26,-0.01,936.69,0.09
653,Entry long,2025-06-28 23:45,L,2426.13,1,2426.13,7.86,0.32,21.29,0.88,-0.26,-0.01,936.69,0.09
654,Exit long,2025-06-29 03:15,Close entry(s) order L,2434.24,1,2436.32,-2.08,-0.09,0.01,0.00,-3.32,-0.14,934.61,0.09
654,Entry long,2025-06-29 03:00,L,2436.32,1,2436.32,-2.08,-0.09,0.01,0.00,-3.32,-0.14,934.61,0.09
655,Exit long,2025-06-29 08:15,Close entry(s) order L,2432.51,1,2435.48,-2.97,-0.12,5.89,0.24,-4.44,-0.18,931.64,0.09
655,Entry long,2025-06-29 06:00,L,2435.48,1,2435.48,-2.97,-0.12,5.89,0.24,-4.44,-0.18,931.64,0.09
656,Exit long,2025-06-29 09:15,Close entry(s) order L,2433.83,1,2436.46,-2.63,-0.11,5.22,0.21,-2.63,-0.11,929.01,0.09
656,Entry long,2025-06-29 08:30,L,2436.46,1,2436.46,-2.63,-0.11,5.22,0.21,-2.63,-0.11,929.01,0.09
657,Exit long,2025-06-29 13:30,Close entry(s) order L,2427.92,1,2428.81,-0.89,-0.04,1,0.04,-2.42,-0.10,928.12,0.09
657,Entry long,2025-06-29 13:00,L,2428.81,1,2428.81,-0.89,-0.04,1,0.04,-2.42,-0.10,928.12,0.09
658,Exit long,2025-06-29 20:45,Close entry(s) order L,2448.39,1,2430.18,18.21,0.75,33.78,1.39,-0.01,0.00,946.33,0.09
658,Entry long,2025-06-29 13:45,L,2430.18,1,2430.18,18.21,0.75,33.78,1.39,-0.01,0.00,946.33,0.09
659,Exit long,2025-06-29 21:15,Close entry(s) order L,2452.45,1,2453.47,-1.02,-0.04,1.91,0.08,-3.2,-0.13,945.31,0.09
659,Entry long,2025-06-29 21:00,L,2453.47,1,2453.47,-1.02,-0.04,1.91,0.08,-3.2,-0.13,945.31,0.09
660,Exit long,2025-06-30 02:15,Close entry(s) order L,2433.17,1,2437.93,-4.76,-0.20,0.07,0.00,-5.05,-0.21,940.55,0.09
660,Entry long,2025-06-30 02:00,L,2437.93,1,2437.93,-4.76,-0.20,0.07,0.00,-5.05,-0.21,940.55,0.09
661,Exit long,2025-06-30 03:15,Close entry(s) order L,2434.16,1,2440.21,-6.05,-0.25,1.5,0.06,-6.71,-0.27,934.5,0.09
661,Entry long,2025-06-30 02:30,L,2440.21,1,2440.21,-6.05,-0.25,1.5,0.06,-6.71,-0.27,934.5,0.09
662,Exit long,2025-06-30 03:45,Close entry(s) order L,2435.07,1,2437.77,-2.7,-0.11,0.51,0.02,-3.77,-0.15,931.8,0.09
662,Entry long,2025-06-30 03:30,L,2437.77,1,2437.77,-2.7,-0.11,0.51,0.02,-3.77,-0.15,931.8,0.09
663,Exit long,2025-06-30 04:15,Close entry(s) order L,2433.6,1,2436.8,-3.2,-0.13,1.12,0.05,-3.2,-0.13,928.6,0.09
663,Entry long,2025-06-30 04:00,L,2436.8,1,2436.8,-3.2,-0.13,1.12,0.05,-3.2,-0.13,928.6,0.09
664,Exit long,2025-06-30 06:00,Close entry(s) order L,2430.15,1,2435.11,-4.96,-0.20,1.29,0.05,-6.04,-0.25,923.64,0.09
664,Entry long,2025-06-30 05:45,L,2435.11,1,2435.11,-4.96,-0.20,1.29,0.05,-6.04,-0.25,923.64,0.09
665,Exit long,2025-06-30 10:30,Close entry(s) order L,2505.55,1,2444.69,60.86,2.49,79.72,3.26,-1.97,-0.08,984.5,0.10
665,Entry long,2025-06-30 06:15,L,2444.69,1,2444.69,60.86,2.49,79.72,3.26,-1.97,-0.08,984.5,0.10
666,Exit long,2025-06-30 14:30,Close entry(s) order L,2497.29,1,2500.72,-3.43,-0.14,2.22,0.09,-3.89,-0.16,981.07,0.10
666,Entry long,2025-06-30 13:45,L,2500.72,1,2500.72,-3.43,-0.14,2.22,0.09,-3.89,-0.16,981.07,0.10
667,Exit long,2025-06-30 20:00,Close entry(s) order L,2457.19,1,2462.36,-5.17,-0.21,2.98,0.12,-7.34,-0.30,975.9,0.10
667,Entry long,2025-06-30 19:30,L,2462.36,1,2462.36,-5.17,-0.21,2.98,0.12,-7.34,-0.30,975.9,0.10
668,Exit long,2025-06-30 22:30,Close entry(s) order L,2457.49,1,2460.6,-3.11,-0.13,12.88,0.52,-12.6,-0.51,972.79,0.10
668,Entry long,2025-06-30 20:15,L,2460.6,1,2460.6,-3.11,-0.13,12.88,0.52,-12.6,-0.51,972.79,0.10
669,Exit long,2025-07-01 05:30,Close entry(s) order L,2494.6,1,2462.01,32.59,1.32,59.58,2.42,-5.01,-0.20,1005.38,0.10
669,Entry long,2025-06-30 23:30,L,2462.01,1,2462.01,32.59,1.32,59.58,2.42,-5.01,-0.20,1005.38,0.10
670,Exit long,2025-07-01 10:00,Close entry(s) order L,2487.61,1,2491.77,-4.16,-0.17,7.83,0.31,-6.36,-0.26,1001.22,0.10
670,Entry long,2025-07-01 09:00,L,2491.77,1,2491.77,-4.16,-0.17,7.83,0.31,-6.36,-0.26,1001.22,0.10
671,Exit long,2025-07-01 10:45,Close entry(s) order L,2486.25,1,2489.78,-3.53,-0.14,4.91,0.20,-4.22,-0.17,997.69,0.10
671,Entry long,2025-07-01 10:15,L,2489.78,1,2489.78,-3.53,-0.14,4.91,0.20,-4.22,-0.17,997.69,0.10
672,Exit long,2025-07-01 16:15,Close entry(s) order L,2455.69,1,2461.04,-5.35,-0.22,5.41,0.22,-5.91,-0.24,992.34,0.10
672,Entry long,2025-07-01 15:45,L,2461.04,1,2461.04,-5.35,-0.22,5.41,0.22,-5.91,-0.24,992.34,0.10
673,Exit long,2025-07-01 16:45,Close entry(s) order L,2453.15,1,2458.88,-5.73,-0.23,0.94,0.04,-6.87,-0.28,986.61,0.10
673,Entry long,2025-07-01 16:30,L,2458.88,1,2458.88,-5.73,-0.23,0.94,0.04,-6.87,-0.28,986.61,0.10
674,Exit long,2025-07-01 18:30,Close entry(s) order L,2452.69,1,2457.28,-4.59,-0.19,2.22,0.09,-4.6,-0.19,982.02,0.10
674,Entry long,2025-07-01 18:15,L,2457.28,1,2457.28,-4.59,-0.19,2.22,0.09,-4.6,-0.19,982.02,0.10
675,Exit long,2025-07-01 22:30,Close entry(s) order L,2425.98,1,2449.82,-23.84,-0.97,5.48,0.22,-28.7,-1.17,958.18,0.10
675,Entry long,2025-07-01 22:15,L,2449.82,1,2449.82,-23.84,-0.97,5.48,0.22,-28.7,-1.17,958.18,0.10
676,Exit long,2025-07-02 02:30,Close entry(s) order L,2420.18,1,2425.63,-5.45,-0.22,7.61,0.31,-6.33,-0.26,952.73,0.10
676,Entry long,2025-07-02 01:30,L,2425.63,1,2425.63,-5.45,-0.22,7.61,0.31,-6.33,-0.26,952.73,0.10
677,Exit long,2025-07-02 07:00,Close entry(s) order L,2399.65,1,2409.67,-10.02,-0.42,0.45,0.02,-11.48,-0.48,942.71,0.09
677,Entry long,2025-07-02 06:45,L,2409.67,1,2409.67,-10.02,-0.42,0.45,0.02,-11.48,-0.48,942.71,0.09
678,Exit long,2025-07-02 09:00,Close entry(s) order L,2397.4,1,2406.15,-8.75,-0.36,2.68,0.11,-9.75,-0.41,933.96,0.09
678,Entry long,2025-07-02 08:15,L,2406.15,1,2406.15,-8.75,-0.36,2.68,0.11,-9.75,-0.41,933.96,0.09
679,Exit long,2025-07-02 18:15,Close entry(s) order L,2446.77,1,2404.8,41.97,1.75,50,2.08,-3.8,-0.16,975.93,0.10
679,Entry long,2025-07-02 09:30,L,2404.8,1,2404.8,41.97,1.75,50,2.08,-3.8,-0.16,975.93,0.10
680,Exit long,2025-07-02 19:45,Close entry(s) order L,2447.01,1,2447.31,-0.3,-0.01,12.69,0.52,-2.2,-0.09,975.63,0.10
680,Entry long,2025-07-02 18:30,L,2447.31,1,2447.31,-0.3,-0.01,12.69,0.52,-2.2,-0.09,975.63,0.10
681,Exit long,2025-07-02 21:30,Close entry(s) order L,2446.32,1,2448.01,-1.69,-0.07,0.13,0.01,-5.33,-0.22,973.94,0.10
681,Entry long,2025-07-02 21:15,L,2448.01,1,2448.01,-1.69,-0.07,0.13,0.01,-5.33,-0.22,973.94,0.10
682,Exit long,2025-07-03 07:15,Close entry(s) order L,2591.3,1,2450.96,140.34,5.73,167.24,6.82,-5.96,-0.24,1114.28,0.11
682,Entry long,2025-07-02 21:45,L,2450.96,1,2450.96,140.34,5.73,167.24,6.82,-5.96,-0.24,1114.28,0.11
683,Exit long,2025-07-03 17:00,Close entry(s) order L,2586.99,1,2575.86,11.13,0.43,31.53,1.22,-0.63,-0.02,1125.41,0.11
683,Entry long,2025-07-03 13:15,L,2575.86,1,2575.86,11.13,0.43,31.53,1.22,-0.63,-0.02,1125.41,0.11
684,Exit long,2025-07-03 18:00,Close entry(s) order L,2597.7,1,2596.82,0.88,0.03,19.18,0.74,-5,-0.19,1126.29,0.11
684,Entry long,2025-07-03 17:15,L,2596.82,1,2596.82,0.88,0.03,19.18,0.74,-5,-0.19,1126.29,0.11
685,Exit long,2025-07-03 18:30,Close entry(s) order L,2590.62,1,2598.36,-7.74,-0.30,0.01,0.00,-16.15,-0.62,1118.55,0.11
685,Entry long,2025-07-03 18:15,L,2598.36,1,2598.36,-7.74,-0.30,0.01,0.00,-16.15,-0.62,1118.55,0.11
686,Exit long,2025-07-03 20:45,Close entry(s) order L,2578.08,1,2596.25,-18.17,-0.70,18.54,0.71,-32.48,-1.25,1100.38,0.11
686,Entry long,2025-07-03 20:00,L,2596.25,1,2596.25,-18.17,-0.70,18.54,0.71,-32.48,-1.25,1100.38,0.11
687,Exit long,2025-07-03 22:45,Close entry(s) order L,2596.9,1,2621.12,-24.22,-0.92,13.88,0.53,-38.89,-1.48,1076.16,0.11
687,Entry long,2025-07-03 21:45,L,2621.12,1,2621.12,-24.22,-0.92,13.88,0.53,-38.89,-1.48,1076.16,0.11
688,Exit long,2025-07-04 06:30,Close entry(s) order L,2590,1,2576.88,13.12,0.51,25.88,1.00,-3.27,-0.13,1089.28,0.11
688,Entry long,2025-07-04 02:15,L,2576.88,1,2576.88,13.12,0.51,25.88,1.00,-3.27,-0.13,1089.28,0.11
689,Exit long,2025-07-04 07:15,Close entry(s) order L,2591.4,1,2593.27,-1.87,-0.07,3.61,0.14,-3.79,-0.15,1087.41,0.11
689,Entry long,2025-07-04 06:45,L,2593.27,1,2593.27,-1.87,-0.07,3.61,0.14,-3.79,-0.15,1087.41,0.11
690,Exit long,2025-07-04 09:00,Close entry(s) order L,2587.54,1,2594.74,-7.2,-0.28,2.77,0.11,-14.74,-0.57,1080.21,0.11
690,Entry long,2025-07-04 08:45,L,2594.74,1,2594.74,-7.2,-0.28,2.77,0.11,-14.74,-0.57,1080.21,0.11
691,Exit long,2025-07-04 09:45,Close entry(s) order L,2587.49,1,2593.89,-6.4,-0.25,8.07,0.31,-8.19,-0.32,1073.81,0.11
691,Entry long,2025-07-04 09:15,L,2593.89,1,2593.89,-6.4,-0.25,8.07,0.31,-8.19,-0.32,1073.81,0.11
692,Exit long,2025-07-04 20:00,Close entry(s) order L,2548.01,1,2555.52,-7.51,-0.29,0.89,0.03,-11.53,-0.45,1066.3,0.11
692,Entry long,2025-07-04 17:30,L,2555.52,1,2555.52,-7.51,-0.29,0.89,0.03,-11.53,-0.45,1066.3,0.11
693,Exit long,2025-07-04 20:45,Close entry(s) order L,2547.29,1,2551.62,-4.33,-0.17,0.08,0.00,-4.37,-0.17,1061.97,0.11
693,Entry long,2025-07-04 20:30,L,2551.62,1,2551.62,-4.33,-0.17,0.08,0.00,-4.37,-0.17,1061.97,0.11
694,Exit long,2025-07-05 09:15,Close entry(s) order L,2509.47,1,2489.17,20.3,0.82,30.43,1.22,-3.25,-0.13,1082.27,0.11
694,Entry long,2025-07-05 04:15,L,2489.17,1,2489.17,20.3,0.82,30.43,1.22,-3.25,-0.13,1082.27,0.11
695,Exit long,2025-07-05 10:15,Close entry(s) order L,2510.42,1,2512.94,-2.52,-0.10,0.38,0.02,-3.84,-0.15,1079.75,0.11
695,Entry long,2025-07-05 10:00,L,2512.94,1,2512.94,-2.52,-0.10,0.38,0.02,-3.84,-0.15,1079.75,0.11
696,Exit long,2025-07-05 13:00,Close entry(s) order L,2515.19,1,2512.54,2.65,0.11,12.19,0.49,-1.22,-0.05,1082.4,0.11
696,Entry long,2025-07-05 10:45,L,2512.54,1,2512.54,2.65,0.11,12.19,0.49,-1.22,-0.05,1082.4,0.11
697,Exit long,2025-07-05 13:45,Close entry(s) order L,2516.18,1,2519.05,-2.87,-0.11,0,0.00,-4.72,-0.19,1079.53,0.11
697,Entry long,2025-07-05 13:30,L,2519.05,1,2519.05,-2.87,-0.11,0,0.00,-4.72,-0.19,1079.53,0.11
698,Exit long,2025-07-05 14:15,Close entry(s) order L,2517.33,1,2518.57,-1.24,-0.05,0.64,0.03,-2.72,-0.11,1078.29,0.11
698,Entry long,2025-07-05 14:00,L,2518.57,1,2518.57,-1.24,-0.05,0.64,0.03,-2.72,-0.11,1078.29,0.11
699,Exit long,2025-07-05 16:30,Close entry(s) order L,2518.5,1,2524.11,-5.61,-0.22,4.75,0.19,-5.93,-0.23,1072.68,0.11
699,Entry long,2025-07-05 14:30,L,2524.11,1,2524.11,-5.61,-0.22,4.75,0.19,-5.93,-0.23,1072.68,0.11
700,Exit long,2025-07-05 19:00,Close entry(s) order L,2517.17,1,2520.26,-3.09,-0.12,1.76,0.07,-3.69,-0.15,1069.59,0.11
700,Entry long,2025-07-05 18:00,L,2520.26,1,2520.26,-3.09,-0.12,1.76,0.07,-3.69,-0.15,1069.59,0.11
701,Exit long,2025-07-05 20:00,Close entry(s) order L,2516.82,1,2520.4,-3.58,-0.14,4.33,0.17,-4.1,-0.16,1066.01,0.11
701,Entry long,2025-07-05 19:15,L,2520.4,1,2520.4,-3.58,-0.14,4.33,0.17,-4.1,-0.16,1066.01,0.11
702,Exit long,2025-07-05 21:45,Close entry(s) order L,2515.8,1,2518.81,-3.01,-0.12,0,0.00,-7.11,-0.28,1063,0.11
702,Entry long,2025-07-05 21:30,L,2518.81,1,2518.81,-3.01,-0.12,0,0.00,-7.11,-0.28,1063,0.11
703,Exit long,2025-07-05 23:30,Close entry(s) order L,2512.61,1,2517.5,-4.89,-0.19,0.31,0.01,-5.19,-0.21,1058.11,0.11
703,Entry long,2025-07-05 23:00,L,2517.5,1,2517.5,-4.89,-0.19,0.31,0.01,-5.19,-0.21,1058.11,0.11
704,Exit long,2025-07-06 04:30,Close entry(s) order L,2497.52,1,2501.68,-4.16,-0.17,6.07,0.24,-4.68,-0.19,1053.95,0.11
704,Entry long,2025-07-06 03:45,L,2501.68,1,2501.68,-4.16,-0.17,6.07,0.24,-4.68,-0.19,1053.95,0.11
705,Exit long,2025-07-06 08:15,Close entry(s) order L,2512.86,1,2502.5,10.36,0.41,19.24,0.77,-0.3,-0.01,1064.31,0.11
705,Entry long,2025-07-06 04:45,L,2502.5,1,2502.5,10.36,0.41,19.24,0.77,-0.3,-0.01,1064.31,0.11
706,Exit long,2025-07-06 09:15,Close entry(s) order L,2515.63,1,2515.58,0.05,0.00,4.22,0.17,-3.63,-0.14,1064.36,0.11
706,Entry long,2025-07-06 08:30,L,2515.58,1,2515.58,0.05,0.00,4.22,0.17,-3.63,-0.14,1064.36,0.11
707,Exit long,2025-07-06 10:30,Close entry(s) order L,2514.37,1,2516.66,-2.29,-0.09,3.16,0.13,-4.08,-0.16,1062.07,0.11
707,Entry long,2025-07-06 10:00,L,2516.66,1,2516.66,-2.29,-0.09,3.16,0.13,-4.08,-0.16,1062.07,0.11
708,Exit long,2025-07-06 12:30,Close entry(s) order L,2510.86,1,2516.21,-5.35,-0.21,0,0.00,-5.71,-0.23,1056.72,0.11
708,Entry long,2025-07-06 12:15,L,2516.21,1,2516.21,-5.35,-0.21,0,0.00,-5.71,-0.23,1056.72,0.11
709,Exit long,2025-07-06 16:15,Close entry(s) order L,2512.47,1,2514.01,-1.54,-0.06,12.08,0.48,-1.89,-0.08,1055.18,0.11
709,Entry long,2025-07-06 14:15,L,2514.01,1,2514.01,-1.54,-0.06,12.08,0.48,-1.89,-0.08,1055.18,0.11
710,Exit long,2025-07-07 00:45,Close entry(s) order L,2545.7,1,2510.83,34.87,1.39,58.57,2.33,-0.73,-0.03,1090.05,0.11
710,Entry long,2025-07-06 19:30,L,2510.83,1,2510.83,34.87,1.39,58.57,2.33,-0.73,-0.03,1090.05,0.11
711,Exit long,2025-07-07 07:30,Close entry(s) order L,2563.99,1,2546.29,17.7,0.70,60.79,2.39,-2.93,-0.12,1107.75,0.11
711,Entry long,2025-07-07 04:15,L,2546.29,1,2546.29,17.7,0.70,60.79,2.39,-2.93,-0.12,1107.75,0.11
712,Exit long,2025-07-07 12:45,Close entry(s) order L,2570.19,1,2575.59,-5.4,-0.21,14.29,0.55,-6.83,-0.27,1102.35,0.11
712,Entry long,2025-07-07 10:15,L,2575.59,1,2575.59,-5.4,-0.21,14.29,0.55,-6.83,-0.27,1102.35,0.11
713,Exit long,2025-07-07 18:00,Close entry(s) order L,2571.22,1,2573,-1.78,-0.07,14.73,0.57,-7.98,-0.31,1100.57,0.11
713,Entry long,2025-07-07 15:45,L,2573,1,2573,-1.78,-0.07,14.73,0.57,-7.98,-0.31,1100.57,0.11
714,Exit long,2025-07-07 21:45,Close entry(s) order L,2554.49,1,2556.91,-2.42,-0.09,5.9,0.23,-8.29,-0.32,1098.15,0.11
714,Entry long,2025-07-07 21:30,L,2556.91,1,2556.91,-2.42,-0.09,5.9,0.23,-8.29,-0.32,1098.15,0.11
715,Exit long,2025-07-07 22:15,Close entry(s) order L,2541.8,1,2564.56,-22.76,-0.89,2.33,0.09,-26.44,-1.03,1075.39,0.11
715,Entry long,2025-07-07 22:00,L,2564.56,1,2564.56,-22.76,-0.89,2.33,0.09,-26.44,-1.03,1075.39,0.11
716,Exit long,2025-07-08 01:45,Close entry(s) order L,2531.86,1,2534.93,-3.07,-0.12,12.14,0.48,-5.06,-0.20,1072.32,0.11
716,Entry long,2025-07-08 01:30,L,2534.93,1,2534.93,-3.07,-0.12,12.14,0.48,-5.06,-0.20,1072.32,0.11
717,Exit long,2025-07-08 02:30,Close entry(s) order L,2520.77,1,2535.78,-15.01,-0.59,0.5,0.02,-16.58,-0.65,1057.31,0.11
717,Entry long,2025-07-08 02:15,L,2535.78,1,2535.78,-15.01,-0.59,0.5,0.02,-16.58,-0.65,1057.31,0.11
718,Exit long,2025-07-08 04:45,Close entry(s) order L,2534.66,1,2543.47,-8.81,-0.35,13.53,0.53,-13.96,-0.55,1048.5,0.10
718,Entry long,2025-07-08 03:00,L,2543.47,1,2543.47,-8.81,-0.35,13.53,0.53,-13.96,-0.55,1048.5,0.10
719,Exit long,2025-07-08 06:15,Close entry(s) order L,2535.39,1,2536.37,-0.98,-0.04,5.09,0.20,-6.92,-0.27,1047.52,0.10
719,Entry long,2025-07-08 05:45,L,2536.37,1,2536.37,-0.98,-0.04,5.09,0.20,-6.92,-0.27,1047.52,0.10
720,Exit long,2025-07-08 07:00,Close entry(s) order L,2535.26,1,2536.42,-1.16,-0.05,0.01,0.00,-3.78,-0.15,1046.36,0.10
720,Entry long,2025-07-08 06:45,L,2536.42,1,2536.42,-1.16,-0.05,0.01,0.00,-3.78,-0.15,1046.36,0.10
721,Exit long,2025-07-08 09:00,Close entry(s) order L,2539.16,1,2540.79,-1.63,-0.06,13.03,0.51,-4.7,-0.18,1044.73,0.10
721,Entry long,2025-07-08 07:15,L,2540.79,1,2540.79,-1.63,-0.06,13.03,0.51,-4.7,-0.18,1044.73,0.10
722,Exit long,2025-07-08 16:30,Close entry(s) order L,2551.04,1,2535.75,15.29,0.60,27.25,1.07,-5.03,-0.20,1060.02,0.11
722,Entry long,2025-07-08 11:45,L,2535.75,1,2535.75,15.29,0.60,27.25,1.07,-5.03,-0.20,1060.02,0.11
723,Exit long,2025-07-08 18:00,Close entry(s) order L,2550.59,1,2553.76,-3.17,-0.12,0,0.00,-3.17,-0.12,1056.85,0.11
723,Entry long,2025-07-08 17:45,L,2553.76,1,2553.76,-3.17,-0.12,0,0.00,-3.17,-0.12,1056.85,0.11
724,Exit long,2025-07-08 22:15,Close entry(s) order L,2575.06,1,2554.99,20.07,0.79,45.01,1.76,-0.58,-0.02,1076.92,0.11
724,Entry long,2025-07-08 18:15,L,2554.99,1,2554.99,20.07,0.79,45.01,1.76,-0.58,-0.02,1076.92,0.11
725,Exit long,2025-07-08 23:00,Close entry(s) order L,2562.93,1,2577.91,-14.98,-0.58,0.32,0.01,-21.55,-0.84,1061.94,0.11
725,Entry long,2025-07-08 22:45,L,2577.91,1,2577.91,-14.98,-0.58,0.32,0.01,-21.55,-0.84,1061.94,0.11
726,Exit long,2025-07-09 03:45,Close entry(s) order L,2604.82,1,2575.43,29.39,1.14,52.4,2.03,-9.83,-0.38,1091.33,0.11
726,Entry long,2025-07-09 00:30,L,2575.43,1,2575.43,29.39,1.14,52.4,2.03,-9.83,-0.38,1091.33,0.11
727,Exit long,2025-07-09 04:15,Close entry(s) order L,2603.99,1,2609.22,-5.23,-0.20,0.75,0.03,-5.46,-0.21,1086.1,0.11
727,Entry long,2025-07-09 04:00,L,2609.22,1,2609.22,-5.23,-0.20,0.75,0.03,-5.46,-0.21,1086.1,0.11
728,Exit long,2025-07-09 08:30,Close entry(s) order L,2603.19,1,2608.7,-5.51,-0.21,7.99,0.31,-6.18,-0.24,1080.59,0.11
728,Entry long,2025-07-09 06:45,L,2608.7,1,2608.7,-5.51,-0.21,7.99,0.31,-6.18,-0.24,1080.59,0.11
729,Exit long,2025-07-09 09:30,Close entry(s) order L,2605.57,1,2609.04,-3.47,-0.13,16.96,0.65,-3.47,-0.13,1077.12,0.11
729,Entry long,2025-07-09 08:45,L,2609.04,1,2609.04,-3.47,-0.13,16.96,0.65,-3.47,-0.13,1077.12,0.11
730,Exit long,2025-07-09 16:30,Close entry(s) order L,2621.44,1,2601.9,19.54,0.75,47.1,1.81,-1.36,-0.05,1096.66,0.11
730,Entry long,2025-07-09 13:00,L,2601.9,1,2601.9,19.54,0.75,47.1,1.81,-1.36,-0.05,1096.66,0.11
731,Exit long,2025-07-09 22:45,Close entry(s) order L,2638.5,1,2618.69,19.81,0.76,55.81,2.13,-5.36,-0.20,1116.47,0.11
731,Entry long,2025-07-09 18:45,L,2618.69,1,2618.69,19.81,0.76,55.81,2.13,-5.36,-0.20,1116.47,0.11
732,Exit long,2025-07-10 08:45,Close entry(s) order L,2762.24,1,2655.41,106.83,4.02,140.32,5.28,-4.53,-0.17,1223.3,0.12
732,Entry long,2025-07-10 00:00,L,2655.41,1,2655.41,106.83,4.02,140.32,5.28,-4.53,-0.17,1223.3,0.12
733,Exit long,2025-07-10 11:45,Close entry(s) order L,2772,1,2769.27,2.73,0.10,28.73,1.04,-2.58,-0.09,1226.03,0.12
733,Entry long,2025-07-10 09:30,L,2769.27,1,2769.27,2.73,0.10,28.73,1.04,-2.58,-0.09,1226.03,0.12
734,Exit long,2025-07-10 12:15,Close entry(s) order L,2765.34,1,2774.51,-9.17,-0.33,0,0.00,-10.08,-0.36,1216.86,0.12
734,Entry long,2025-07-10 12:00,L,2774.51,1,2774.51,-9.17,-0.33,0,0.00,-10.08,-0.36,1216.86,0.12
735,Exit long,2025-07-10 13:15,Close entry(s) order L,2773.59,1,2776.89,-3.3,-0.12,3.97,0.14,-3.63,-0.13,1213.56,0.12
735,Entry long,2025-07-10 12:45,L,2776.89,1,2776.89,-3.3,-0.12,3.97,0.14,-3.63,-0.13,1213.56,0.12
736,Exit long,2025-07-10 13:45,Close entry(s) order L,2774.31,1,2778.18,-3.87,-0.14,0.74,0.03,-3.95,-0.14,1209.69,0.12
736,Entry long,2025-07-10 13:30,L,2778.18,1,2778.18,-3.87,-0.14,0.74,0.03,-3.95,-0.14,1209.69,0.12
737,Exit long,2025-07-10 16:15,Close entry(s) order L,2783.74,1,2780.22,3.52,0.13,42.01,1.51,-1.86,-0.07,1213.21,0.12
737,Entry long,2025-07-10 14:00,L,2780.22,1,2780.22,3.52,0.13,42.01,1.51,-1.86,-0.07,1213.21,0.12
738,Exit long,2025-07-10 17:00,Close entry(s) order L,2787.32,1,2791.36,-4.04,-0.14,0.01,0.00,-6.62,-0.24,1209.17,0.12
738,Entry long,2025-07-10 16:45,L,2791.36,1,2791.36,-4.04,-0.14,0.01,0.00,-6.62,-0.24,1209.17,0.12
739,Exit long,2025-07-10 19:15,Close entry(s) order L,2781.23,1,2783.52,-2.29,-0.08,0.27,0.01,-5.52,-0.20,1206.88,0.12
739,Entry long,2025-07-10 19:00,L,2783.52,1,2783.52,-2.29,-0.08,0.27,0.01,-5.52,-0.20,1206.88,0.12
740,Exit long,2025-07-10 22:30,Close entry(s) order L,2763.19,1,2777.24,-14.05,-0.51,16.76,0.60,-20.52,-0.74,1192.83,0.12
740,Entry long,2025-07-10 21:00,L,2777.24,1,2777.24,-14.05,-0.51,16.76,0.60,-20.52,-0.74,1192.83,0.12
741,Exit long,2025-07-11 02:45,Close entry(s) order L,2799.99,1,2776.66,23.33,0.84,62.63,2.26,-4.66,-0.17,1216.16,0.12
741,Entry long,2025-07-11 00:15,L,2776.66,1,2776.66,23.33,0.84,62.63,2.26,-4.66,-0.17,1216.16,0.12
742,Exit long,2025-07-11 08:30,Close entry(s) order L,2922.5,1,2809.82,112.68,4.01,200.62,7.14,-4.82,-0.17,1328.84,0.13
742,Entry long,2025-07-11 03:00,L,2809.82,1,2809.82,112.68,4.01,200.62,7.14,-4.82,-0.17,1328.84,0.13
743,Exit long,2025-07-11 12:45,Close entry(s) order L,2959.49,1,2948.37,11.12,0.38,25.69,0.87,-3.95,-0.13,1339.96,0.13
743,Entry long,2025-07-11 09:45,L,2948.37,1,2948.37,11.12,0.38,25.69,0.87,-3.95,-0.13,1339.96,0.13
744,Exit long,2025-07-11 15:15,Close entry(s) order L,2979.32,1,2969.29,10.03,0.34,59.19,1.99,-3.01,-0.10,1349.99,0.13
744,Entry long,2025-07-11 13:00,L,2969.29,1,2969.29,10.03,0.34,59.19,1.99,-3.01,-0.10,1349.99,0.13
745,Exit long,2025-07-11 16:00,Close entry(s) order L,2967.79,1,2998.11,-30.32,-1.01,4.19,0.14,-33.91,-1.13,1319.67,0.13
745,Entry long,2025-07-11 15:30,L,2998.11,1,2998.11,-30.32,-1.01,4.19,0.14,-33.91,-1.13,1319.67,0.13
746,Exit long,2025-07-11 19:15,Close entry(s) order L,2988.37,1,3005.7,-17.33,-0.58,35.25,1.17,-21.11,-0.70,1302.34,0.13
746,Entry long,2025-07-11 16:45,L,3005.7,1,3005.7,-17.33,-0.58,35.25,1.17,-21.11,-0.70,1302.34,0.13
747,Exit long,2025-07-11 21:45,Close entry(s) order L,2984.81,1,2993.09,-8.28,-0.28,9.87,0.33,-19.1,-0.64,1294.06,0.13
747,Entry long,2025-07-11 21:15,L,2993.09,1,2993.09,-8.28,-0.28,9.87,0.33,-19.1,-0.64,1294.06,0.13
748,Exit long,2025-07-11 23:00,Close entry(s) order L,2987.98,1,3001.8,-13.82,-0.46,3.98,0.13,-22.53,-0.75,1280.24,0.13
748,Entry long,2025-07-11 22:00,L,3001.8,1,3001.8,-13.82,-0.46,3.98,0.13,-22.53,-0.75,1280.24,0.13
749,Exit long,2025-07-12 04:45,Close entry(s) order L,2981.17,1,2978.94,2.23,0.07,30.61,1.03,-2.94,-0.10,1282.47,0.13
749,Entry long,2025-07-12 01:15,L,2978.94,1,2978.94,2.23,0.07,30.61,1.03,-2.94,-0.10,1282.47,0.13
750,Exit long,2025-07-12 05:45,Close entry(s) order L,2958.09,1,2995.3,-37.21,-1.24,0.5,0.02,-39.57,-1.32,1245.26,0.12
750,Entry long,2025-07-12 05:30,L,2995.3,1,2995.3,-37.21,-1.24,0.5,0.02,-39.57,-1.32,1245.26,0.12
751,Exit long,2025-07-12 11:00,Close entry(s) order L,2955.63,1,2951.82,3.81,0.13,18.14,0.61,-0.28,-0.01,1249.07,0.12
751,Entry long,2025-07-12 09:00,L,2951.82,1,2951.82,3.81,0.13,18.14,0.61,-0.28,-0.01,1249.07,0.12
752,Exit long,2025-07-12 12:45,Close entry(s) order L,2959.45,1,2963.51,-4.06,-0.14,4.37,0.15,-6.46,-0.22,1245.01,0.12
752,Entry long,2025-07-12 11:15,L,2963.51,1,2963.51,-4.06,-0.14,4.37,0.15,-6.46,-0.22,1245.01,0.12
753,Exit long,2025-07-12 19:45,Close entry(s) order L,2963.92,1,2961.27,2.65,0.09,17.73,0.60,-5.18,-0.17,1247.66,0.12
753,Entry long,2025-07-12 14:45,L,2961.27,1,2961.27,2.65,0.09,17.73,0.60,-5.18,-0.17,1247.66,0.12
754,Exit long,2025-07-13 01:00,Close entry(s) order L,2923.51,1,2931.2,-7.69,-0.26,3.66,0.12,-9.57,-0.33,1239.97,0.12
754,Entry long,2025-07-13 00:45,L,2931.2,1,2931.2,-7.69,-0.26,3.66,0.12,-9.57,-0.33,1239.97,0.12
755,Exit long,2025-07-13 03:30,Close entry(s) order L,2934.34,1,2929.81,4.53,0.15,15.05,0.51,-0.01,0.00,1244.5,0.12
755,Entry long,2025-07-13 01:15,L,2929.81,1,2929.81,4.53,0.15,15.05,0.51,-0.01,0.00,1244.5,0.12
756,Exit long,2025-07-13 04:15,Close entry(s) order L,2933.27,1,2940,-6.73,-0.23,2.13,0.07,-8,-0.27,1237.77,0.12
756,Entry long,2025-07-13 03:45,L,2940,1,2940,-6.73,-0.23,2.13,0.07,-8,-0.27,1237.77,0.12
757,Exit long,2025-07-13 06:15,Close entry(s) order L,2933.11,1,2937.72,-4.61,-0.16,2.28,0.08,-6.79,-0.23,1233.16,0.12
757,Entry long,2025-07-13 05:45,L,2937.72,1,2937.72,-4.61,-0.16,2.28,0.08,-6.79,-0.23,1233.16,0.12
758,Exit long,2025-07-13 07:15,Close entry(s) order L,2931.9,1,2935.47,-3.57,-0.12,3.13,0.11,-6.55,-0.22,1229.59,0.12
758,Entry long,2025-07-13 06:30,L,2935.47,1,2935.47,-3.57,-0.12,3.13,0.11,-6.55,-0.22,1229.59,0.12
759,Exit long,2025-07-13 10:30,Close entry(s) order L,2939.99,1,2936.19,3.8,0.13,15.81,0.54,-3.99,-0.14,1233.39,0.12
759,Entry long,2025-07-13 07:30,L,2936.19,1,2936.19,3.8,0.13,15.81,0.54,-3.99,-0.14,1233.39,0.12
760,Exit long,2025-07-13 14:00,Close entry(s) order L,2949.26,1,2945.53,3.73,0.13,17.47,0.59,-0.63,-0.02,1237.12,0.12
760,Entry long,2025-07-13 10:45,L,2945.53,1,2945.53,3.73,0.13,17.47,0.59,-0.63,-0.02,1237.12,0.12
761,Exit long,2025-07-13 16:45,Close entry(s) order L,2954.49,1,2953.58,0.91,0.03,14.31,0.48,-0.09,0.00,1238.03,0.12
761,Entry long,2025-07-13 14:30,L,2953.58,1,2953.58,0.91,0.03,14.31,0.48,-0.09,0.00,1238.03,0.12
762,Exit long,2025-07-14 00:15,Close entry(s) order L,2987.49,1,2959.58,27.91,0.94,59.94,2.03,-4.74,-0.16,1265.94,0.13
762,Entry long,2025-07-13 19:15,L,2959.58,1,2959.58,27.91,0.94,59.94,2.03,-4.74,-0.16,1265.94,0.13
763,Exit long,2025-07-14 00:45,Close entry(s) order L,2989.19,1,2990.33,-1.14,-0.04,1.29,0.04,-6.08,-0.20,1264.8,0.13
763,Entry long,2025-07-14 00:30,L,2990.33,1,2990.33,-1.14,-0.04,1.29,0.04,-6.08,-0.20,1264.8,0.13
764,Exit long,2025-07-14 04:00,Close entry(s) order L,2987.93,1,2991.91,-3.98,-0.13,17.87,0.60,-6.17,-0.21,1260.82,0.13
764,Entry long,2025-07-14 01:45,L,2991.91,1,2991.91,-3.98,-0.13,17.87,0.60,-6.17,-0.21,1260.82,0.13
765,Exit long,2025-07-14 09:30,Close entry(s) order L,2965,1,2970.37,-5.37,-0.18,16.74,0.56,-6.41,-0.22,1255.45,0.13
765,Entry long,2025-07-14 08:00,L,2970.37,1,2970.37,-5.37,-0.18,16.74,0.56,-6.41,-0.22,1255.45,0.13
766,Exit long,2025-07-14 14:15,Close entry(s) order L,3027.78,1,2970.79,56.99,1.92,95.21,3.20,-3.55,-0.12,1312.44,0.13
766,Entry long,2025-07-14 09:45,L,2970.79,1,2970.79,56.99,1.92,95.21,3.20,-3.55,-0.12,1312.44,0.13
767,Exit long,2025-07-14 16:15,Close entry(s) order L,3028.87,1,3040.33,-11.46,-0.38,9.54,0.31,-15.33,-0.50,1300.98,0.13
767,Entry long,2025-07-14 15:45,L,3040.33,1,3040.33,-11.46,-0.38,9.54,0.31,-15.33,-0.50,1300.98,0.13
768,Exit long,2025-07-14 18:15,Close entry(s) order L,3035.11,1,3033.01,2.1,0.07,42.74,1.41,-4.56,-0.15,1303.08,0.13
768,Entry long,2025-07-14 16:45,L,3033.01,1,3033.01,2.1,0.07,42.74,1.41,-4.56,-0.15,1303.08,0.13
769,Exit long,2025-07-14 20:00,Close entry(s) order L,3051.1,1,3059.29,-8.19,-0.27,23.71,0.78,-9.34,-0.31,1294.89,0.13
769,Entry long,2025-07-14 18:30,L,3059.29,1,3059.29,-8.19,-0.27,23.71,0.78,-9.34,-0.31,1294.89,0.13
770,Exit long,2025-07-14 22:30,Close entry(s) order L,3043.97,1,3059.74,-15.77,-0.52,2.26,0.07,-25.74,-0.84,1279.12,0.13
770,Entry long,2025-07-14 22:15,L,3059.74,1,3059.74,-15.77,-0.52,2.26,0.07,-25.74,-0.84,1279.12,0.13
771,Exit long,2025-07-15 08:15,Close entry(s) order L,3005.07,1,3006.81,-1.74,-0.06,10.94,0.36,-8.34,-0.28,1277.38,0.13
771,Entry long,2025-07-15 04:45,L,3006.81,1,3006.81,-1.74,-0.06,10.94,0.36,-8.34,-0.28,1277.38,0.13
772,Exit long,2025-07-15 08:45,Close entry(s) order L,2995.96,1,3017.64,-21.68,-0.72,0,0.00,-26.25,-0.87,1255.7,0.13
772,Entry long,2025-07-15 08:30,L,3017.64,1,3017.64,-21.68,-0.72,0,0.00,-26.25,-0.87,1255.7,0.13
773,Exit long,2025-07-15 16:15,Close entry(s) order L,2968,1,2965.56,2.44,0.08,28.78,0.97,-4.02,-0.14,1258.14,0.13
773,Entry long,2025-07-15 12:45,L,2965.56,1,2965.56,2.44,0.08,28.78,0.97,-4.02,-0.14,1258.14,0.13
774,Exit long,2025-07-15 17:00,Close entry(s) order L,2973.32,1,2979.99,-6.67,-0.22,2.72,0.09,-8.57,-0.29,1251.47,0.13
774,Entry long,2025-07-15 16:45,L,2979.99,1,2979.99,-6.67,-0.22,2.72,0.09,-8.57,-0.29,1251.47,0.13
775,Exit long,2025-07-15 17:45,Close entry(s) order L,2975.76,1,2985.14,-9.38,-0.31,3.26,0.11,-9.59,-0.32,1242.09,0.12
775,Entry long,2025-07-15 17:15,L,2985.14,1,2985.14,-9.38,-0.31,3.26,0.11,-9.59,-0.32,1242.09,0.12
776,Exit long,2025-07-15 23:00,Close entry(s) order L,2976.91,1,2980.16,-3.25,-0.11,86.44,2.90,-14.38,-0.48,1238.84,0.12
776,Entry long,2025-07-15 20:00,L,2980.16,1,2980.16,-3.25,-0.11,86.44,2.90,-14.38,-0.48,1238.84,0.12
777,Exit long,2025-07-16 03:45,Close entry(s) order L,3046.84,1,3024.57,22.27,0.74,73.43,2.43,-0.01,0.00,1261.11,0.13
777,Entry long,2025-07-15 23:45,L,3024.57,1,3024.57,22.27,0.74,73.43,2.43,-0.01,0.00,1261.11,0.13
778,Exit long,2025-07-16 10:30,Close entry(s) order L,3119.18,1,3061.75,57.43,1.88,92.09,3.01,-3.1,-0.10,1318.54,0.13
778,Entry long,2025-07-16 05:30,L,3061.75,1,3061.75,57.43,1.88,92.09,3.01,-3.1,-0.10,1318.54,0.13
779,Exit long,2025-07-16 17:45,Close entry(s) order L,3151,1,3119.98,31.02,0.99,54.02,1.73,-4.86,-0.16,1349.56,0.13
779,Entry long,2025-07-16 12:45,L,3119.98,1,3119.98,31.02,0.99,54.02,1.73,-4.86,-0.16,1349.56,0.13
780,Exit long,2025-07-16 18:15,Close entry(s) order L,3154.37,1,3161.52,-7.15,-0.23,0.48,0.02,-10.42,-0.33,1342.41,0.13
780,Entry long,2025-07-16 18:00,L,3161.52,1,3161.52,-7.15,-0.23,0.48,0.02,-10.42,-0.33,1342.41,0.13
781,Exit long,2025-07-17 05:45,Close entry(s) order L,3367.96,1,3161.69,206.27,6.52,261.78,8.28,-8.69,-0.27,1548.68,0.15
781,Entry long,2025-07-16 20:30,L,3161.69,1,3161.69,206.27,6.52,261.78,8.28,-8.69,-0.27,1548.68,0.15
782,Exit long,2025-07-17 06:30,Close entry(s) order L,3374.03,1,3383.21,-9.18,-0.27,4.11,0.12,-11.15,-0.33,1539.5,0.15
782,Entry long,2025-07-17 06:15,L,3383.21,1,3383.21,-9.18,-0.27,4.11,0.12,-11.15,-0.33,1539.5,0.15
783,Exit long,2025-07-17 09:30,Close entry(s) order L,3373.39,1,3373.4,-0.01,0.00,25.16,0.75,-8.33,-0.25,1539.49,0.15
783,Entry long,2025-07-17 08:15,L,3373.4,1,3373.4,-0.01,0.00,25.16,0.75,-8.33,-0.25,1539.49,0.15
784,Exit long,2025-07-17 19:30,Close entry(s) order L,3443.12,1,3343.02,100.1,2.99,139.6,4.18,-5.93,-0.18,1639.59,0.16
784,Entry long,2025-07-17 12:45,L,3343.02,1,3343.02,100.1,2.99,139.6,4.18,-5.93,-0.18,1639.59,0.16
785,Exit long,2025-07-17 23:15,Close entry(s) order L,3402.15,1,3422.98,-20.83,-0.61,10.81,0.32,-22.26,-0.65,1618.76,0.16
785,Entry long,2025-07-17 22:45,L,3422.98,1,3422.98,-20.83,-0.61,10.81,0.32,-22.26,-0.65,1618.76,0.16
786,Exit long,2025-07-18 00:15,Close entry(s) order L,3406.66,1,3424.32,-17.66,-0.52,6.46,0.19,-25.01,-0.73,1601.1,0.16
786,Entry long,2025-07-17 23:45,L,3424.32,1,3424.32,-17.66,-0.52,6.46,0.19,-25.01,-0.73,1601.1,0.16
787,Exit long,2025-07-18 04:00,Close entry(s) order L,3410.77,1,3423.8,-13.03,-0.38,30.2,0.88,-21.6,-0.63,1588.07,0.16
787,Entry long,2025-07-18 02:00,L,3423.8,1,3423.8,-13.03,-0.38,30.2,0.88,-21.6,-0.63,1588.07,0.16
788,Exit long,2025-07-18 08:15,Close entry(s) order L,3469.53,1,3484.56,-15.03,-0.43,39.44,1.13,-43.48,-1.25,1573.04,0.16
788,Entry long,2025-07-18 05:15,L,3484.56,1,3484.56,-15.03,-0.43,39.44,1.13,-43.48,-1.25,1573.04,0.16
789,Exit long,2025-07-18 12:15,Close entry(s) order L,3583.39,1,3516.02,67.37,1.92,112.97,3.21,-3.29,-0.09,1640.41,0.16
789,Entry long,2025-07-18 08:45,L,3516.02,1,3516.02,67.37,1.92,112.97,3.21,-3.29,-0.09,1640.41,0.16
790,Exit long,2025-07-18 15:45,Close entry(s) order L,3631.22,1,3612.48,18.74,0.52,61.95,1.71,-5.77,-0.16,1659.15,0.17
790,Entry long,2025-07-18 12:45,L,3612.48,1,3612.48,18.74,0.52,61.95,1.71,-5.77,-0.16,1659.15,0.17
791,Exit long,2025-07-18 18:15,Close entry(s) order L,3619.06,1,3622.75,-3.69,-0.10,2.6,0.07,-12.48,-0.34,1655.46,0.17
791,Entry long,2025-07-18 18:00,L,3622.75,1,3622.75,-3.69,-0.10,2.6,0.07,-12.48,-0.34,1655.46,0.17
792,Exit long,2025-07-18 19:15,Close entry(s) order L,3608.73,1,3619.5,-10.77,-0.30,7.23,0.20,-11.4,-0.31,1644.69,0.16
792,Entry long,2025-07-18 19:00,L,3619.5,1,3619.5,-10.77,-0.30,7.23,0.20,-11.4,-0.31,1644.69,0.16
793,Exit long,2025-07-18 20:15,Close entry(s) order L,3606.74,1,3616.36,-9.62,-0.27,5.02,0.14,-10.13,-0.28,1635.07,0.16
793,Entry long,2025-07-18 19:45,L,3616.36,1,3616.36,-9.62,-0.27,5.02,0.14,-10.13,-0.28,1635.07,0.16
794,Exit long,2025-07-18 22:30,Close entry(s) order L,3598.08,1,3612.7,-14.62,-0.40,61.02,1.69,-27.67,-0.77,1620.45,0.16
794,Entry long,2025-07-18 20:45,L,3612.7,1,3612.7,-14.62,-0.40,61.02,1.69,-27.67,-0.77,1620.45,0.16
795,Exit long,2025-07-19 03:00,Close entry(s) order L,3572,1,3612.04,-40.04,-1.11,12.67,0.35,-47.55,-1.32,1580.41,0.16
795,Entry long,2025-07-19 01:30,L,3612.04,1,3612.04,-40.04,-1.11,12.67,0.35,-47.55,-1.32,1580.41,0.16
796,Exit long,2025-07-19 06:15,Close entry(s) order L,3542.41,1,3551.96,-9.55,-0.27,20.04,0.56,-20.86,-0.59,1570.86,0.16
796,Entry long,2025-07-19 05:30,L,3551.96,1,3551.96,-9.55,-0.27,20.04,0.56,-20.86,-0.59,1570.86,0.16
797,Exit long,2025-07-19 07:00,Close entry(s) order L,3538.18,1,3571.01,-32.83,-0.92,3.44,0.10,-38.25,-1.07,1538.03,0.15
797,Entry long,2025-07-19 06:30,L,3571.01,1,3571.01,-32.83,-0.92,3.44,0.10,-38.25,-1.07,1538.03,0.15
798,Exit long,2025-07-19 08:45,Close entry(s) order L,3544.61,1,3546.36,-1.75,-0.05,18.48,0.52,-10.48,-0.30,1536.28,0.15
798,Entry long,2025-07-19 08:00,L,3546.36,1,3546.36,-1.75,-0.05,18.48,0.52,-10.48,-0.30,1536.28,0.15
799,Exit long,2025-07-19 14:00,Close entry(s) order L,3584.81,1,3547.61,37.2,1.05,60.39,1.70,-14.19,-0.40,1573.48,0.16
799,Entry long,2025-07-19 09:45,L,3547.61,1,3547.61,37.2,1.05,60.39,1.70,-14.19,-0.40,1573.48,0.16
800,Exit long,2025-07-19 19:00,Close entry(s) order L,3556.76,1,3565.06,-8.3,-0.23,2.13,0.06,-10.67,-0.30,1565.18,0.16
800,Entry long,2025-07-19 18:45,L,3565.06,1,3565.06,-8.3,-0.23,2.13,0.06,-10.67,-0.30,1565.18,0.16
801,Exit long,2025-07-19 20:00,Close entry(s) order L,3551.89,1,3572.52,-20.63,-0.58,0.77,0.02,-26.49,-0.74,1544.55,0.15
801,Entry long,2025-07-19 19:30,L,3572.52,1,3572.52,-20.63,-0.58,0.77,0.02,-26.49,-0.74,1544.55,0.15
802,Exit long,2025-07-19 22:00,Close entry(s) order L,3557.83,1,3561.12,-3.29,-0.09,10.88,0.31,-12.57,-0.35,1541.26,0.15
802,Entry long,2025-07-19 21:00,L,3561.12,1,3561.12,-3.29,-0.09,10.88,0.31,-12.57,-0.35,1541.26,0.15
803,Exit long,2025-07-20 00:00,Close entry(s) order L,3551.36,1,3555.14,-3.78,-0.11,7.79,0.22,-8.32,-0.23,1537.48,0.15
803,Entry long,2025-07-19 23:30,L,3555.14,1,3555.14,-3.78,-0.11,7.79,0.22,-8.32,-0.23,1537.48,0.15
804,Exit long,2025-07-20 01:15,Close entry(s) order L,3547.79,1,3563.05,-15.26,-0.43,6.85,0.19,-16.86,-0.47,1522.22,0.15
804,Entry long,2025-07-20 00:30,L,3563.05,1,3563.05,-15.26,-0.43,6.85,0.19,-16.86,-0.47,1522.22,0.15
805,Exit long,2025-07-20 03:15,Close entry(s) order L,3550.38,1,3551.37,-0.99,-0.03,10.26,0.29,-10.35,-0.29,1521.23,0.15
805,Entry long,2025-07-20 02:15,L,3551.37,1,3551.37,-0.99,-0.03,10.26,0.29,-10.35,-0.29,1521.23,0.15
806,Exit long,2025-07-20 05:15,Close entry(s) order L,3550.73,1,3562.49,-11.76,-0.33,30.96,0.87,-15.34,-0.43,1509.47,0.15
806,Entry long,2025-07-20 03:30,L,3562.49,1,3562.49,-11.76,-0.33,30.96,0.87,-15.34,-0.43,1509.47,0.15
807,Exit long,2025-07-20 14:15,Close entry(s) order L,3639.73,1,3570.53,69.2,1.94,124.47,3.49,-9.4,-0.26,1578.67,0.16
807,Entry long,2025-07-20 06:00,L,3570.53,1,3570.53,69.2,1.94,124.47,3.49,-9.4,-0.26,1578.67,0.16
808,Exit long,2025-07-21 01:45,Close entry(s) order L,3757.97,1,3652,105.97,2.90,174,4.76,-2.75,-0.08,1684.64,0.17
808,Entry long,2025-07-20 14:30,L,3652,1,3652,105.97,2.90,174,4.76,-2.75,-0.08,1684.64,0.17
809,Exit long,2025-07-21 06:15,Close entry(s) order L,3721.97,1,3758.85,-36.88,-0.98,12.9,0.34,-44.85,-1.19,1647.76,0.16
809,Entry long,2025-07-21 05:30,L,3758.85,1,3758.85,-36.88,-0.98,12.9,0.34,-44.85,-1.19,1647.76,0.16
810,Exit long,2025-07-21 07:30,Close entry(s) order L,3742.83,1,3750.29,-7.46,-0.20,9.59,0.26,-17.75,-0.47,1640.3,0.16
810,Entry long,2025-07-21 06:45,L,3750.29,1,3750.29,-7.46,-0.20,9.59,0.26,-17.75,-0.47,1640.3,0.16
811,Exit long,2025-07-21 08:15,Close entry(s) order L,3731.72,1,3757.89,-26.17,-0.70,7.48,0.20,-27.57,-0.73,1614.13,0.16
811,Entry long,2025-07-21 07:45,L,3757.89,1,3757.89,-26.17,-0.70,7.48,0.20,-27.57,-0.73,1614.13,0.16
812,Exit long,2025-07-21 09:15,Close entry(s) order L,3738.05,1,3746.13,-8.08,-0.22,7.11,0.19,-9.83,-0.26,1606.05,0.16
812,Entry long,2025-07-21 09:00,L,3746.13,1,3746.13,-8.08,-0.22,7.11,0.19,-9.83,-0.26,1606.05,0.16
813,Exit long,2025-07-21 13:30,Close entry(s) order L,3754.27,1,3740,14.27,0.38,41.01,1.10,-7.53,-0.20,1620.32,0.16
813,Entry long,2025-07-21 10:30,L,3740,1,3740,14.27,0.38,41.01,1.10,-7.53,-0.20,1620.32,0.16
814,Exit long,2025-07-21 17:00,Close entry(s) order L,3776.93,1,3769.01,7.92,0.21,42.99,1.14,-7.22,-0.19,1628.24,0.16
814,Entry long,2025-07-21 13:45,L,3769.01,1,3769.01,7.92,0.21,42.99,1.14,-7.22,-0.19,1628.24,0.16
815,Exit long,2025-07-21 21:15,Close entry(s) order L,3775.35,1,3795.25,-19.9,-0.52,42.75,1.13,-21.62,-0.57,1608.34,0.16
815,Entry long,2025-07-21 18:45,L,3795.25,1,3795.25,-19.9,-0.52,42.75,1.13,-21.62,-0.57,1608.34,0.16
816,Exit long,2025-07-21 23:45,Close entry(s) order L,3816.26,1,3806.71,9.55,0.25,51.11,1.34,-13.6,-0.36,1617.89,0.16
816,Entry long,2025-07-21 21:45,L,3806.71,1,3806.71,9.55,0.25,51.11,1.34,-13.6,-0.36,1617.89,0.16
817,Exit long,2025-07-22 05:15,Close entry(s) order L,3745.32,1,3755.05,-9.73,-0.26,6.7,0.18,-11.56,-0.31,1608.16,0.16
817,Entry long,2025-07-22 05:00,L,3755.05,1,3755.05,-9.73,-0.26,6.7,0.18,-11.56,-0.31,1608.16,0.16
818,Exit long,2025-07-22 07:15,Close entry(s) order L,3754.1,1,3758.57,-4.47,-0.12,20.24,0.54,-12.97,-0.35,1603.69,0.16
818,Entry long,2025-07-22 05:30,L,3758.57,1,3758.57,-4.47,-0.12,20.24,0.54,-12.97,-0.35,1603.69,0.16
819,Exit long,2025-07-22 08:15,Close entry(s) order L,3756.26,1,3767,-10.74,-0.29,7.44,0.20,-15.57,-0.41,1592.95,0.16
819,Entry long,2025-07-22 07:30,L,3767,1,3767,-10.74,-0.29,7.44,0.20,-15.57,-0.41,1592.95,0.16
820,Exit long,2025-07-22 08:45,Close entry(s) order L,3747,1,3773.99,-26.99,-0.72,0,0.00,-30.89,-0.82,1565.96,0.16
820,Entry long,2025-07-22 08:30,L,3773.99,1,3773.99,-26.99,-0.72,0,0.00,-30.89,-0.82,1565.96,0.16
821,Exit long,2025-07-22 11:00,Close entry(s) order L,3736,1,3762.01,-26.01,-0.69,36.57,0.97,-33.03,-0.88,1539.95,0.15
821,Entry long,2025-07-22 09:45,L,3762.01,1,3762.01,-26.01,-0.69,36.57,0.97,-33.03,-0.88,1539.95,0.15
822,Exit long,2025-07-22 14:45,Close entry(s) order L,3694.58,1,3705.78,-11.2,-0.30,8.21,0.22,-12.43,-0.34,1528.75,0.15
822,Entry long,2025-07-22 14:30,L,3705.78,1,3705.78,-11.2,-0.30,8.21,0.22,-12.43,-0.34,1528.75,0.15
823,Exit long,2025-07-22 16:00,Close entry(s) order L,3676.44,1,3703.81,-27.37,-0.74,10.09,0.27,-38.76,-1.05,1501.38,0.15
823,Entry long,2025-07-22 15:15,L,3703.81,1,3703.81,-27.37,-0.74,10.09,0.27,-38.76,-1.05,1501.38,0.15
824,Exit long,2025-07-22 21:45,Close entry(s) order L,3692.67,1,3672.76,19.91,0.54,46.62,1.27,-12.48,-0.34,1521.29,0.15
824,Entry long,2025-07-22 18:15,L,3672.76,1,3672.76,19.91,0.54,46.62,1.27,-12.48,-0.34,1521.29,0.15
825,Exit long,2025-07-23 01:15,Close entry(s) order L,3690.55,1,3706.71,-16.16,-0.44,43.29,1.17,-25.66,-0.69,1505.13,0.15
825,Entry long,2025-07-22 23:00,L,3706.71,1,3706.71,-16.16,-0.44,43.29,1.17,-25.66,-0.69,1505.13,0.15
826,Exit long,2025-07-23 03:30,Close entry(s) order L,3707.36,1,3710.47,-3.11,-0.08,9.27,0.25,-12.75,-0.34,1502.02,0.15
826,Entry long,2025-07-23 03:00,L,3710.47,1,3710.47,-3.11,-0.08,9.27,0.25,-12.75,-0.34,1502.02,0.15
827,Exit long,2025-07-23 09:00,Close entry(s) order L,3724.98,1,3702,22.98,0.62,61.55,1.66,-8.2,-0.22,1525,0.15
827,Entry long,2025-07-23 04:45,L,3702,1,3702,22.98,0.62,61.55,1.66,-8.2,-0.22,1525,0.15
828,Exit long,2025-07-23 10:45,Close entry(s) order L,3730.46,1,3733.16,-2.7,-0.07,30.92,0.83,-5.16,-0.14,1522.3,0.15
828,Entry long,2025-07-23 09:45,L,3733.16,1,3733.16,-2.7,-0.07,30.92,0.83,-5.16,-0.14,1522.3,0.15
829,Exit long,2025-07-23 12:00,Close entry(s) order L,3728,1,3744.82,-16.82,-0.45,14.03,0.37,-20.69,-0.55,1505.48,0.15
829,Entry long,2025-07-23 11:00,L,3744.82,1,3744.82,-16.82,-0.45,14.03,0.37,-20.69,-0.55,1505.48,0.15
830,Exit long,2025-07-23 17:15,Close entry(s) order L,3680.66,1,3691.06,-10.4,-0.28,7.43,0.20,-12.91,-0.35,1495.08,0.15
830,Entry long,2025-07-23 17:00,L,3691.06,1,3691.06,-10.4,-0.28,7.43,0.20,-12.91,-0.35,1495.08,0.15
831,Exit long,2025-07-23 20:45,Close entry(s) order L,3652.87,1,3670.54,-17.67,-0.48,9.49,0.26,-20.54,-0.56,1477.41,0.15
831,Entry long,2025-07-23 19:30,L,3670.54,1,3670.54,-17.67,-0.48,9.49,0.26,-20.54,-0.56,1477.41,0.15
832,Exit long,2025-07-23 21:45,Close entry(s) order L,3614.12,1,3661.3,-47.18,-1.29,2.72,0.07,-53.75,-1.47,1430.23,0.14
832,Entry long,2025-07-23 21:30,L,3661.3,1,3661.3,-47.18,-1.29,2.72,0.07,-53.75,-1.47,1430.23,0.14
833,Exit long,2025-07-24 00:15,Close entry(s) order L,3610.22,1,3643.55,-33.33,-0.91,0,0.00,-34.57,-0.95,1396.9,0.14
833,Entry long,2025-07-24 00:00,L,3643.55,1,3643.55,-33.33,-0.91,0,0.00,-34.57,-0.95,1396.9,0.14
834,Exit long,2025-07-24 04:00,Close entry(s) order L,3587.06,1,3595.67,-8.61,-0.24,17.21,0.48,-13.89,-0.39,1388.29,0.14
834,Entry long,2025-07-24 02:45,L,3595.67,1,3595.67,-8.61,-0.24,17.21,0.48,-13.89,-0.39,1388.29,0.14
835,Exit long,2025-07-24 12:00,Close entry(s) order L,3640.31,1,3591,49.31,1.37,73.87,2.06,-13.84,-0.39,1437.6,0.14
835,Entry long,2025-07-24 06:00,L,3591,1,3591,49.31,1.37,73.87,2.06,-13.84,-0.39,1437.6,0.14
836,Exit long,2025-07-24 12:30,Close entry(s) order L,3631.72,1,3655.35,-23.63,-0.65,0.01,0.00,-25.35,-0.69,1413.97,0.14
836,Entry long,2025-07-24 12:15,L,3655.35,1,3655.35,-23.63,-0.65,0.01,0.00,-25.35,-0.69,1413.97,0.14
837,Exit long,2025-07-24 18:30,Close entry(s) order L,3599.95,1,3589.94,10.01,0.28,70.06,1.95,-10.82,-0.30,1423.98,0.14
837,Entry long,2025-07-24 16:00,L,3589.94,1,3589.94,10.01,0.28,70.06,1.95,-10.82,-0.30,1423.98,0.14
838,Exit long,2025-07-24 20:45,Close entry(s) order L,3623.93,1,3620.33,3.6,0.10,39.67,1.10,-1.86,-0.05,1427.58,0.14
838,Entry long,2025-07-24 19:00,L,3620.33,1,3620.33,3.6,0.10,39.67,1.10,-1.86,-0.05,1427.58,0.14
839,Exit long,2025-07-24 22:00,Close entry(s) order L,3629.26,1,3641.69,-12.43,-0.34,13.31,0.37,-15.69,-0.43,1415.15,0.14
839,Entry long,2025-07-24 21:00,L,3641.69,1,3641.69,-12.43,-0.34,13.31,0.37,-15.69,-0.43,1415.15,0.14
840,Exit long,2025-07-25 00:45,Close entry(s) order L,3672.89,1,3645.74,27.15,0.74,126.89,3.48,-1.58,-0.04,1442.3,0.14
840,Entry long,2025-07-24 22:30,L,3645.74,1,3645.74,27.15,0.74,126.89,3.48,-1.58,-0.04,1442.3,0.14
841,Exit long,2025-07-25 05:15,Close entry(s) order L,3730,1,3710.01,19.99,0.54,43.64,1.18,-11.95,-0.32,1462.29,0.15
841,Entry long,2025-07-25 01:15,L,3710.01,1,3710.01,19.99,0.54,43.64,1.18,-11.95,-0.32,1462.29,0.15
842,Exit long,2025-07-25 07:00,Close entry(s) order L,3723.2,1,3731.08,-7.88,-0.21,0,0.00,-16.75,-0.45,1454.41,0.15
842,Entry long,2025-07-25 06:45,L,3731.08,1,3731.08,-7.88,-0.21,0,0.00,-16.75,-0.45,1454.41,0.15
843,Exit long,2025-07-25 13:15,Close entry(s) order L,3611.17,1,3647.06,-35.89,-0.98,0.94,0.03,-38.46,-1.05,1418.52,0.14
843,Entry long,2025-07-25 13:00,L,3647.06,1,3647.06,-35.89,-0.98,0.94,0.03,-38.46,-1.05,1418.52,0.14
844,Exit long,2025-07-25 15:45,Close entry(s) order L,3614.41,1,3632,-17.59,-0.48,34.81,0.96,-21.99,-0.61,1400.93,0.14
844,Entry long,2025-07-25 13:30,L,3632,1,3632,-17.59,-0.48,34.81,0.96,-21.99,-0.61,1400.93,0.14
845,Exit long,2025-07-25 20:30,Close entry(s) order L,3713.85,1,3630.68,83.17,2.29,115.74,3.19,-3.27,-0.09,1484.1,0.15
845,Entry long,2025-07-25 16:00,L,3630.68,1,3630.68,83.17,2.29,115.74,3.19,-3.27,-0.09,1484.1,0.15
846,Exit long,2025-07-25 21:00,Close entry(s) order L,3703.53,1,3728.48,-24.95,-0.67,2.09,0.06,-37.07,-0.99,1459.15,0.15
846,Entry long,2025-07-25 20:45,L,3728.48,1,3728.48,-24.95,-0.67,2.09,0.06,-37.07,-0.99,1459.15,0.15
847,Exit long,2025-07-26 04:00,Close entry(s) order L,3639.55,1,3634.64,4.91,0.14,23.86,0.66,-0.92,-0.03,1464.06,0.15
847,Entry long,2025-07-26 02:00,L,3634.64,1,3634.64,4.91,0.14,23.86,0.66,-0.92,-0.03,1464.06,0.15
848,Exit long,2025-07-26 08:15,Close entry(s) order L,3713.05,1,3661.07,51.98,1.42,68.46,1.87,-3.4,-0.09,1516.04,0.15
848,Entry long,2025-07-26 04:30,L,3661.07,1,3661.07,51.98,1.42,68.46,1.87,-3.4,-0.09,1516.04,0.15
849,Exit long,2025-07-26 09:30,Close entry(s) order L,3718.58,1,3726.68,-8.1,-0.22,0.44,0.01,-13.86,-0.37,1507.94,0.15
849,Entry long,2025-07-26 08:30,L,3726.68,1,3726.68,-8.1,-0.22,0.44,0.01,-13.86,-0.37,1507.94,0.15
850,Exit long,2025-07-26 14:30,Close entry(s) order L,3737.34,1,3745.2,-7.86,-0.21,21.63,0.58,-18.1,-0.48,1500.08,0.15
850,Entry long,2025-07-26 10:30,L,3745.2,1,3745.2,-7.86,-0.21,21.63,0.58,-18.1,-0.48,1500.08,0.15
851,Exit long,2025-07-26 15:30,Close entry(s) order L,3741.84,1,3744.81,-2.97,-0.08,2.56,0.07,-4.58,-0.12,1497.11,0.15
851,Entry long,2025-07-26 15:15,L,3744.81,1,3744.81,-2.97,-0.08,2.56,0.07,-4.58,-0.12,1497.11,0.15
852,Exit long,2025-07-26 19:30,Close entry(s) order L,3748.07,1,3761,-12.93,-0.34,22.62,0.60,-18.18,-0.48,1484.18,0.15
852,Entry long,2025-07-26 16:30,L,3761,1,3761,-12.93,-0.34,22.62,0.60,-18.18,-0.48,1484.18,0.15
853,Exit long,2025-07-26 22:00,Close entry(s) order L,3742.66,1,3751.87,-9.21,-0.25,1.13,0.03,-11.41,-0.30,1474.97,0.15
853,Entry long,2025-07-26 21:45,L,3751.87,1,3751.87,-9.21,-0.25,1.13,0.03,-11.41,-0.30,1474.97,0.15
854,Exit long,2025-07-27 01:45,Close entry(s) order L,3723.03,1,3729.41,-6.38,-0.17,0.49,0.01,-9.27,-0.25,1468.59,0.15
854,Entry long,2025-07-27 01:30,L,3729.41,1,3729.41,-6.38,-0.17,0.49,0.01,-9.27,-0.25,1468.59,0.15
855,Exit long,2025-07-27 05:15,Close entry(s) order L,3736.95,1,3730.21,6.74,0.18,26.17,0.70,0,0.00,1475.33,0.15
855,Entry long,2025-07-27 02:30,L,3730.21,1,3730.21,6.74,0.18,26.17,0.70,0,0.00,1475.33,0.15
856,Exit long,2025-07-27 07:15,Close entry(s) order L,3744.55,1,3741.88,2.67,0.07,53.32,1.42,-1.46,-0.04,1478,0.15
856,Entry long,2025-07-27 05:30,L,3741.88,1,3741.88,2.67,0.07,53.32,1.42,-1.46,-0.04,1478,0.15
857,Exit long,2025-07-27 14:15,Close entry(s) order L,3776.69,1,3754.8,21.89,0.58,55.48,1.48,-6.16,-0.16,1499.89,0.15
857,Entry long,2025-07-27 09:00,L,3754.8,1,3754.8,21.89,0.58,55.48,1.48,-6.16,-0.16,1499.89,0.15
858,Exit long,2025-07-27 21:45,Close entry(s) order L,3811.68,1,3776.35,35.33,0.94,63.65,1.69,-0.32,-0.01,1535.22,0.15
858,Entry long,2025-07-27 18:15,L,3776.35,1,3776.35,35.33,0.94,63.65,1.69,-0.32,-0.01,1535.22,0.15
859,Exit long,2025-07-28 03:45,Close entry(s) order L,3832.81,1,3814.41,18.4,0.48,54.56,1.43,-6.58,-0.17,1553.62,0.16
859,Entry long,2025-07-27 23:45,L,3814.41,1,3814.41,18.4,0.48,54.56,1.43,-6.58,-0.17,1553.62,0.16
860,Exit long,2025-07-28 09:15,Close entry(s) order L,3851.26,1,3835.37,15.89,0.41,51.23,1.34,-1.37,-0.04,1569.51,0.16
860,Entry long,2025-07-28 06:00,L,3835.37,1,3835.37,15.89,0.41,51.23,1.34,-1.37,-0.04,1569.51,0.16
861,Exit long,2025-07-28 15:15,Close entry(s) order L,3882.99,1,3873.89,9.1,0.23,66.92,1.73,-7.03,-0.18,1578.61,0.16
861,Entry long,2025-07-28 10:30,L,3873.89,1,3873.89,9.1,0.23,66.92,1.73,-7.03,-0.18,1578.61,0.16
862,Exit long,2025-07-28 18:15,Close entry(s) order L,3881.27,1,3893.32,-12.05,-0.31,3.45,0.09,-12.98,-0.33,1566.56,0.16
862,Entry long,2025-07-28 18:00,L,3893.32,1,3893.32,-12.05,-0.31,3.45,0.09,-12.98,-0.33,1566.56,0.16
863,Exit long,2025-07-28 18:45,Close entry(s) order L,3885.17,1,3888.69,-3.52,-0.09,0,0.00,-13.96,-0.36,1563.04,0.16
863,Entry long,2025-07-28 18:30,L,3888.69,1,3888.69,-3.52,-0.09,0,0.00,-13.96,-0.36,1563.04,0.16
864,Exit long,2025-07-28 21:00,Close entry(s) order L,3869.82,1,3882.37,-12.55,-0.32,6.07,0.16,-15.37,-0.40,1550.49,0.16
864,Entry long,2025-07-28 20:30,L,3882.37,1,3882.37,-12.55,-0.32,6.07,0.16,-15.37,-0.40,1550.49,0.16
865,Exit long,2025-07-29 01:00,Close entry(s) order L,3804.51,1,3815.99,-11.48,-0.30,5.01,0.13,-12.19,-0.32,1539.01,0.15
865,Entry long,2025-07-29 00:45,L,3815.99,1,3815.99,-11.48,-0.30,5.01,0.13,-12.19,-0.32,1539.01,0.15
866,Exit long,2025-07-29 03:45,Close entry(s) order L,3770.55,1,3799.24,-28.69,-0.76,5.76,0.15,-31.16,-0.82,1510.32,0.15
866,Entry long,2025-07-29 03:15,L,3799.24,1,3799.24,-28.69,-0.76,5.76,0.15,-31.16,-0.82,1510.32,0.15
867,Exit long,2025-07-29 04:15,Close entry(s) order L,3779.7,1,3796.01,-16.31,-0.43,6.91,0.18,-20.87,-0.55,1494.01,0.15
867,Entry long,2025-07-29 04:00,L,3796.01,1,3796.01,-16.31,-0.43,6.91,0.18,-20.87,-0.55,1494.01,0.15
868,Exit long,2025-07-29 05:15,Close entry(s) order L,3780.57,1,3786.19,-5.62,-0.15,8.4,0.22,-8.86,-0.23,1488.39,0.15
868,Entry long,2025-07-29 05:00,L,3786.19,1,3786.19,-5.62,-0.15,8.4,0.22,-8.86,-0.23,1488.39,0.15
869,Exit long,2025-07-29 06:45,Close entry(s) order L,3774.58,1,3782.36,-7.78,-0.21,19.63,0.52,-18.89,-0.50,1480.61,0.15
869,Entry long,2025-07-29 05:30,L,3782.36,1,3782.36,-7.78,-0.21,19.63,0.52,-18.89,-0.50,1480.61,0.15
870,Exit long,2025-07-29 07:30,Close entry(s) order L,3784,1,3785.1,-1.1,-0.03,13.53,0.36,-12.16,-0.32,1479.51,0.15
870,Entry long,2025-07-29 07:00,L,3785.1,1,3785.1,-1.1,-0.03,13.53,0.36,-12.16,-0.32,1479.51,0.15
871,Exit long,2025-07-29 08:45,Close entry(s) order L,3753.17,1,3786.37,-33.2,-0.88,33.62,0.89,-52.37,-1.38,1446.31,0.14
871,Entry long,2025-07-29 07:45,L,3786.37,1,3786.37,-33.2,-0.88,33.62,0.89,-52.37,-1.38,1446.31,0.14
872,Exit long,2025-07-29 09:45,Close entry(s) order L,3784.23,1,3793.75,-9.52,-0.25,3.42,0.09,-10.4,-0.27,1436.79,0.14
872,Entry long,2025-07-29 09:30,L,3793.75,1,3793.75,-9.52,-0.25,3.42,0.09,-10.4,-0.27,1436.79,0.14
873,Exit long,2025-07-29 18:15,Close entry(s) order L,3852.14,1,3781.15,70.99,1.88,104.28,2.76,-7.82,-0.21,1507.78,0.15
873,Entry long,2025-07-29 11:15,L,3781.15,1,3781.15,70.99,1.88,104.28,2.76,-7.82,-0.21,1507.78,0.15
874,Exit long,2025-07-29 22:00,Close entry(s) order L,3837.88,1,3849.43,-11.55,-0.30,25.54,0.66,-22.67,-0.59,1496.23,0.15
874,Entry long,2025-07-29 20:30,L,3849.43,1,3849.43,-11.55,-0.30,25.54,0.66,-22.67,-0.59,1496.23,0.15
875,Exit long,2025-07-30 01:45,Close entry(s) order L,3757.87,1,3782.65,-24.78,-0.66,10.29,0.27,-25.26,-0.67,1471.45,0.15
875,Entry long,2025-07-30 01:30,L,3782.65,1,3782.65,-24.78,-0.66,10.29,0.27,-25.26,-0.67,1471.45,0.15
876,Exit long,2025-07-30 02:15,Close entry(s) order L,3760.95,1,3768.05,-7.1,-0.19,6.95,0.18,-17.83,-0.47,1464.35,0.15
876,Entry long,2025-07-30 02:00,L,3768.05,1,3768.05,-7.1,-0.19,6.95,0.18,-17.83,-0.47,1464.35,0.15
877,Exit long,2025-07-30 03:30,Close entry(s) order L,3760.82,1,3766.47,-5.65,-0.15,28.53,0.76,-9.81,-0.26,1458.7,0.15
877,Entry long,2025-07-30 02:30,L,3766.47,1,3766.47,-5.65,-0.15,28.53,0.76,-9.81,-0.26,1458.7,0.15
878,Exit long,2025-07-30 04:00,Close entry(s) order L,3763.78,1,3767.99,-4.21,-0.11,5.93,0.16,-7.73,-0.21,1454.49,0.15
878,Entry long,2025-07-30 03:45,L,3767.99,1,3767.99,-4.21,-0.11,5.93,0.16,-7.73,-0.21,1454.49,0.15
879,Exit long,2025-07-30 05:30,Close entry(s) order L,3762.18,1,3763.81,-1.63,-0.04,7.57,0.20,-12.11,-0.32,1452.86,0.15
879,Entry long,2025-07-30 05:00,L,3763.81,1,3763.81,-1.63,-0.04,7.57,0.20,-12.11,-0.32,1452.86,0.15
880,Exit long,2025-07-30 06:15,Close entry(s) order L,3761.78,1,3779.41,-17.63,-0.47,6.71,0.18,-22.86,-0.60,1435.23,0.14
880,Entry long,2025-07-30 06:00,L,3779.41,1,3779.41,-17.63,-0.47,6.71,0.18,-22.86,-0.60,1435.23,0.14
881,Exit long,2025-07-30 08:30,Close entry(s) order L,3769.57,1,3780.16,-10.59,-0.28,19.62,0.52,-11.71,-0.31,1424.64,0.14
881,Entry long,2025-07-30 06:30,L,3780.16,1,3780.16,-10.59,-0.28,19.62,0.52,-11.71,-0.31,1424.64,0.14
882,Exit long,2025-07-30 09:30,Close entry(s) order L,3768.99,1,3780.7,-11.71,-0.31,1.62,0.04,-20.54,-0.54,1412.93,0.14
882,Entry long,2025-07-30 09:15,L,3780.7,1,3780.7,-11.71,-0.31,1.62,0.04,-20.54,-0.54,1412.93,0.14
883,Exit long,2025-07-30 13:00,Close entry(s) order L,3807.14,1,3793.59,13.55,0.36,34.4,0.91,-10.58,-0.28,1426.48,0.14
883,Entry long,2025-07-30 09:45,L,3793.59,1,3793.59,13.55,0.36,34.4,0.91,-10.58,-0.28,1426.48,0.14
884,Exit long,2025-07-30 16:00,Close entry(s) order L,3809.12,1,3815.28,-6.16,-0.16,17.33,0.45,-14.27,-0.37,1420.32,0.14
884,Entry long,2025-07-30 14:15,L,3815.28,1,3815.28,-6.16,-0.16,17.33,0.45,-14.27,-0.37,1420.32,0.14
885,Exit long,2025-07-30 17:00,Close entry(s) order L,3813.01,1,3816.74,-3.73,-0.10,7.52,0.20,-10.22,-0.27,1416.59,0.14
885,Entry long,2025-07-30 16:30,L,3816.74,1,3816.74,-3.73,-0.10,7.52,0.20,-10.22,-0.27,1416.59,0.14
886,Exit long,2025-07-31 02:45,Close entry(s) order L,3791.2,1,3778.38,12.82,0.34,52.56,1.39,-9.64,-0.26,1429.41,0.14
886,Entry long,2025-07-30 22:15,L,3778.38,1,3778.38,12.82,0.34,52.56,1.39,-9.64,-0.26,1429.41,0.14
887,Exit long,2025-07-31 04:30,Close entry(s) order L,3767.27,1,3780.75,-13.48,-0.36,5.69,0.15,-14.46,-0.38,1415.93,0.14
887,Entry long,2025-07-31 04:15,L,3780.75,1,3780.75,-13.48,-0.36,5.69,0.15,-14.46,-0.38,1415.93,0.14
888,Exit long,2025-07-31 14:00,Close entry(s) order L,3857.94,1,3761.32,96.62,2.57,108.68,2.89,-7.32,-0.19,1512.55,0.15
888,Entry long,2025-07-31 06:00,L,3761.32,1,3761.32,96.62,2.57,108.68,2.89,-7.32,-0.19,1512.55,0.15
889,Exit long,2025-07-31 15:45,Close entry(s) order L,3861.34,1,3860.73,0.61,0.02,17.27,0.45,-3.7,-0.10,1513.16,0.15
889,Entry long,2025-07-31 14:30,L,3860.73,1,3860.73,0.61,0.02,17.27,0.45,-3.7,-0.10,1513.16,0.15
890,Exit long,2025-07-31 17:00,Close entry(s) order L,3862.08,1,3866.41,-4.33,-0.11,6.57,0.17,-4.97,-0.13,1508.83,0.15
890,Entry long,2025-07-31 16:30,L,3866.41,1,3866.41,-4.33,-0.11,6.57,0.17,-4.97,-0.13,1508.83,0.15
891,Exit long,2025-08-01 01:30,Close entry(s) order L,3777.84,1,3792.52,-14.68,-0.39,24.47,0.65,-21.78,-0.57,1494.15,0.15
891,Entry long,2025-08-01 00:30,L,3792.52,1,3792.52,-14.68,-0.39,24.47,0.65,-21.78,-0.57,1494.15,0.15
892,Exit long,2025-08-01 02:00,Close entry(s) order L,3774.17,1,3786.26,-12.09,-0.32,4.74,0.13,-20.66,-0.55,1482.06,0.15
892,Entry long,2025-08-01 01:45,L,3786.26,1,3786.26,-12.09,-0.32,4.74,0.13,-20.66,-0.55,1482.06,0.15
893,Exit long,2025-08-01 12:15,Close entry(s) order L,3684.24,1,3706.39,-22.15,-0.60,16.51,0.45,-31.37,-0.85,1459.91,0.15
893,Entry long,2025-08-01 10:15,L,3706.39,1,3706.39,-22.15,-0.60,16.51,0.45,-31.37,-0.85,1459.91,0.15
894,Exit long,2025-08-01 18:00,Close entry(s) order L,3616.89,1,3635.27,-18.38,-0.51,2.73,0.08,-19.96,-0.55,1441.53,0.14
894,Entry long,2025-08-01 17:30,L,3635.27,1,3635.27,-18.38,-0.51,2.73,0.08,-19.96,-0.55,1441.53,0.14
895,Exit long,2025-08-01 21:45,Close entry(s) order L,3624.48,1,3623.57,0.91,0.03,51.27,1.41,-9.91,-0.27,1442.44,0.14
895,Entry long,2025-08-01 19:15,L,3623.57,1,3623.57,0.91,0.03,51.27,1.41,-9.91,-0.27,1442.44,0.14
896,Exit long,2025-08-01 22:45,Close entry(s) order L,3626.64,1,3649.91,-23.27,-0.64,5.06,0.14,-25.62,-0.70,1419.17,0.14
896,Entry long,2025-08-01 22:30,L,3649.91,1,3649.91,-23.27,-0.64,5.06,0.14,-25.62,-0.70,1419.17,0.14
897,Exit long,2025-08-02 00:45,Close entry(s) order L,3610.84,1,3627.75,-16.91,-0.47,3.23,0.09,-39,-1.08,1402.26,0.14
897,Entry long,2025-08-02 00:15,L,3627.75,1,3627.75,-16.91,-0.47,3.23,0.09,-39,-1.08,1402.26,0.14
898,Exit long,2025-08-02 06:00,Close entry(s) order L,3535.18,1,3546.47,-11.29,-0.32,2.13,0.06,-15.68,-0.44,1390.97,0.14
898,Entry long,2025-08-02 05:15,L,3546.47,1,3546.47,-11.29,-0.32,2.13,0.06,-15.68,-0.44,1390.97,0.14
899,Exit long,2025-08-02 13:15,Close entry(s) order L,3519.93,1,3513.88,6.05,0.17,22.6,0.64,-18.65,-0.53,1397.02,0.14
899,Entry long,2025-08-02 09:00,L,3513.88,1,3513.88,6.05,0.17,22.6,0.64,-18.65,-0.53,1397.02,0.14
900,Exit long,2025-08-02 13:45,Close entry(s) order L,3520.5,1,3527,-6.5,-0.18,0.99,0.03,-7.41,-0.21,1390.52,0.14
900,Entry long,2025-08-02 13:30,L,3527,1,3527,-6.5,-0.18,0.99,0.03,-7.41,-0.21,1390.52,0.14
901,Exit long,2025-08-02 16:45,Close entry(s) order L,3497.98,1,3506.02,-8.04,-0.23,16.98,0.48,-22.03,-0.63,1382.48,0.14
901,Entry long,2025-08-02 15:45,L,3506.02,1,3506.02,-8.04,-0.23,16.98,0.48,-22.03,-0.63,1382.48,0.14
902,Exit long,2025-08-02 17:30,Close entry(s) order L,3491.18,1,3499.33,-8.15,-0.23,3.07,0.09,-13.97,-0.40,1374.33,0.14
902,Entry long,2025-08-02 17:15,L,3499.33,1,3499.33,-8.15,-0.23,3.07,0.09,-13.97,-0.40,1374.33,0.14
903,Exit long,2025-08-02 22:15,Close entry(s) order L,3502.27,1,3512.17,-9.9,-0.28,4.63,0.13,-21.42,-0.61,1364.43,0.14
903,Entry long,2025-08-02 19:30,L,3512.17,1,3512.17,-9.9,-0.28,4.63,0.13,-21.42,-0.61,1364.43,0.14
904,Exit long,2025-08-03 01:45,Close entry(s) order L,3452.22,1,3476.61,-24.39,-0.70,0.01,0.00,-24.61,-0.71,1340.04,0.13
904,Entry long,2025-08-03 01:30,L,3476.61,1,3476.61,-24.39,-0.70,0.01,0.00,-24.61,-0.71,1340.04,0.13
905,Exit long,2025-08-03 06:30,Close entry(s) order L,3389.48,1,3422.51,-33.03,-0.97,19.98,0.58,-35.69,-1.04,1307.01,0.13
905,Entry long,2025-08-03 05:00,L,3422.51,1,3422.51,-33.03,-0.97,19.98,0.58,-35.69,-1.04,1307.01,0.13
906,Exit long,2025-08-03 07:15,Close entry(s) order L,3388.07,1,3409.71,-21.64,-0.63,9.33,0.27,-26.71,-0.78,1285.37,0.13
906,Entry long,2025-08-03 06:45,L,3409.71,1,3409.71,-21.64,-0.63,9.33,0.27,-26.71,-0.78,1285.37,0.13
907,Exit long,2025-08-03 08:00,Close entry(s) order L,3392.42,1,3406.56,-14.14,-0.42,3.86,0.11,-17.43,-0.51,1271.23,0.13
907,Entry long,2025-08-03 07:45,L,3406.56,1,3406.56,-14.14,-0.42,3.86,0.11,-17.43,-0.51,1271.23,0.13
908,Exit long,2025-08-03 14:15,Close entry(s) order L,3438.15,1,3408.25,29.9,0.88,46.36,1.36,-8.23,-0.24,1301.13,0.13
908,Entry long,2025-08-03 09:00,L,3408.25,1,3408.25,29.9,0.88,46.36,1.36,-8.23,-0.24,1301.13,0.13
909,Exit long,2025-08-03 22:15,Close entry(s) order L,3480.78,1,3447.88,32.9,0.95,66.12,1.92,-5.85,-0.17,1334.03,0.13
909,Entry long,2025-08-03 15:15,L,3447.88,1,3447.88,32.9,0.95,66.12,1.92,-5.85,-0.17,1334.03,0.13
910,Exit long,2025-08-04 04:15,Close entry(s) order L,3486.68,1,3482.61,4.07,0.12,31.03,0.89,-4.46,-0.13,1338.1,0.13
910,Entry long,2025-08-04 00:45,L,3482.61,1,3482.61,4.07,0.12,31.03,0.89,-4.46,-0.13,1338.1,0.13
911,Exit long,2025-08-04 05:00,Close entry(s) order L,3490.77,1,3493.5,-2.73,-0.08,2.49,0.07,-5.35,-0.15,1335.37,0.13
911,Entry long,2025-08-04 04:45,L,3493.5,1,3493.5,-2.73,-0.08,2.49,0.07,-5.35,-0.15,1335.37,0.13
912,Exit long,2025-08-04 06:15,Close entry(s) order L,3487.75,1,3497.05,-9.3,-0.27,18.04,0.52,-12.05,-0.34,1326.07,0.13
912,Entry long,2025-08-04 05:15,L,3497.05,1,3497.05,-9.3,-0.27,18.04,0.52,-12.05,-0.34,1326.07,0.13
913,Exit long,2025-08-04 08:00,Close entry(s) order L,3495.01,1,3495.32,-0.31,-0.01,25.65,0.73,-3.61,-0.10,1325.76,0.13
913,Entry long,2025-08-04 06:45,L,3495.32,1,3495.32,-0.31,-0.01,25.65,0.73,-3.61,-0.10,1325.76,0.13
914,Exit long,2025-08-04 12:45,Close entry(s) order L,3537.81,1,3498.14,39.67,1.13,76.86,2.20,-2.98,-0.09,1365.43,0.14
914,Entry long,2025-08-04 08:15,L,3498.14,1,3498.14,39.67,1.13,76.86,2.20,-2.98,-0.09,1365.43,0.14
915,Exit long,2025-08-04 18:00,Close entry(s) order L,3545.62,1,3542.78,2.84,0.08,20.21,0.57,-8.15,-0.23,1368.27,0.14
915,Entry long,2025-08-04 15:15,L,3542.78,1,3542.78,2.84,0.08,20.21,0.57,-8.15,-0.23,1368.27,0.14
916,Exit long,2025-08-04 20:00,Close entry(s) order L,3554.01,1,3558.83,-4.82,-0.14,14.8,0.42,-10.34,-0.29,1363.45,0.14
916,Entry long,2025-08-04 18:15,L,3558.83,1,3558.83,-4.82,-0.14,14.8,0.42,-10.34,-0.29,1363.45,0.14
917,Exit long,2025-08-05 02:45,Close entry(s) order L,3672.65,1,3557.65,115,3.23,159.28,4.48,-6.83,-0.19,1478.45,0.15
917,Entry long,2025-08-04 20:15,L,3557.65,1,3557.65,115,3.23,159.28,4.48,-6.83,-0.19,1478.45,0.15
918,Exit long,2025-08-05 03:45,Close entry(s) order L,3668.54,1,3678.55,-10.01,-0.27,8.45,0.23,-13.58,-0.37,1468.44,0.15
918,Entry long,2025-08-05 03:15,L,3678.55,1,3678.55,-10.01,-0.27,8.45,0.23,-13.58,-0.37,1468.44,0.15
919,Exit long,2025-08-05 08:15,Close entry(s) order L,3702.32,1,3684.63,17.69,0.48,50.37,1.37,0,0.00,1486.13,0.15
919,Entry long,2025-08-05 04:30,L,3684.63,1,3684.63,17.69,0.48,50.37,1.37,0,0.00,1486.13,0.15
920,Exit long,2025-08-05 15:00,Close entry(s) order L,3649.15,1,3662.76,-13.61,-0.37,15.59,0.43,-29.76,-0.81,1472.52,0.15
920,Entry long,2025-08-05 14:00,L,3662.76,1,3662.76,-13.61,-0.37,15.59,0.43,-29.76,-0.81,1472.52,0.15
921,Exit long,2025-08-05 20:30,Close entry(s) order L,3655.27,1,3644.99,10.28,0.28,47.31,1.30,-4.22,-0.12,1482.8,0.15
921,Entry long,2025-08-05 17:30,L,3644.99,1,3644.99,10.28,0.28,47.31,1.30,-4.22,-0.12,1482.8,0.15
922,Exit long,2025-08-06 02:45,Close entry(s) order L,3576.6,1,3587.07,-10.47,-0.29,23.93,0.67,-12.82,-0.36,1472.33,0.15
922,Entry long,2025-08-06 01:15,L,3587.07,1,3587.07,-10.47,-0.29,23.93,0.67,-12.82,-0.36,1472.33,0.15
923,Exit long,2025-08-06 03:15,Close entry(s) order L,3580.38,1,3585.91,-5.53,-0.15,7.26,0.20,-5.68,-0.16,1466.8,0.15
923,Entry long,2025-08-06 03:00,L,3585.91,1,3585.91,-5.53,-0.15,7.26,0.20,-5.68,-0.16,1466.8,0.15
924,Exit long,2025-08-06 04:45,Close entry(s) order L,3579.94,1,3594.99,-15.05,-0.42,0.01,0.00,-18.61,-0.52,1451.75,0.15
924,Entry long,2025-08-06 04:30,L,3594.99,1,3594.99,-15.05,-0.42,0.01,0.00,-18.61,-0.52,1451.75,0.15
925,Exit long,2025-08-06 06:00,Close entry(s) order L,3573.79,1,3584.99,-11.2,-0.31,4.47,0.12,-16.96,-0.47,1440.55,0.14
925,Entry long,2025-08-06 05:30,L,3584.99,1,3584.99,-11.2,-0.31,4.47,0.12,-16.96,-0.47,1440.55,0.14
926,Exit long,2025-08-06 08:30,Close entry(s) order L,3591.01,1,3584.19,6.82,0.19,39.79,1.11,-1.74,-0.05,1447.37,0.14
926,Entry long,2025-08-06 06:30,L,3584.19,1,3584.19,6.82,0.19,39.79,1.11,-1.74,-0.05,1447.37,0.14
927,Exit long,2025-08-06 11:15,Close entry(s) order L,3584.26,1,3590.85,-6.59,-0.18,2.66,0.07,-10.29,-0.29,1440.78,0.14
927,Entry long,2025-08-06 11:00,L,3590.85,1,3590.85,-6.59,-0.18,2.66,0.07,-10.29,-0.29,1440.78,0.14
928,Exit long,2025-08-06 16:15,Close entry(s) order L,3625.04,1,3616.8,8.24,0.23,44.6,1.23,-3.49,-0.10,1449.02,0.14
928,Entry long,2025-08-06 13:15,L,3616.8,1,3616.8,8.24,0.23,44.6,1.23,-3.49,-0.10,1449.02,0.14
929,Exit long,2025-08-06 17:30,Close entry(s) order L,3627,1,3631.46,-4.46,-0.12,12.54,0.35,-4.6,-0.13,1444.56,0.14
929,Entry long,2025-08-06 17:15,L,3631.46,1,3631.46,-4.46,-0.12,12.54,0.35,-4.6,-0.13,1444.56,0.14
930,Exit long,2025-08-06 20:00,Close entry(s) order L,3618.15,1,3624.94,-6.79,-0.19,4.54,0.13,-9.77,-0.27,1437.77,0.14
930,Entry long,2025-08-06 19:30,L,3624.94,1,3624.94,-6.79,-0.19,4.54,0.13,-9.77,-0.27,1437.77,0.14
931,Exit long,2025-08-06 22:30,Close entry(s) order L,3599.02,1,3607.7,-8.68,-0.24,4.46,0.12,-21.58,-0.60,1429.09,0.14
931,Entry long,2025-08-06 22:15,L,3607.7,1,3607.7,-8.68,-0.24,4.46,0.12,-21.58,-0.60,1429.09,0.14
932,Exit long,2025-08-07 04:45,Close entry(s) order L,3674.61,1,3608.33,66.28,1.84,89.06,2.47,-7.63,-0.21,1495.37,0.15
932,Entry long,2025-08-06 22:45,L,3608.33,1,3608.33,66.28,1.84,89.06,2.47,-7.63,-0.21,1495.37,0.15
933,Exit long,2025-08-07 08:15,Close entry(s) order L,3672.4,1,3675.08,-2.68,-0.07,9.84,0.27,-7.21,-0.20,1492.69,0.15
933,Entry long,2025-08-07 06:15,L,3675.08,1,3675.08,-2.68,-0.07,9.84,0.27,-7.21,-0.20,1492.69,0.15
934,Exit long,2025-08-07 08:45,Close entry(s) order L,3672.51,1,3676.11,-3.6,-0.10,4.89,0.13,-3.6,-0.10,1489.09,0.15
934,Entry long,2025-08-07 08:30,L,3676.11,1,3676.11,-3.6,-0.10,4.89,0.13,-3.6,-0.10,1489.09,0.15
935,Exit long,2025-08-07 10:00,Close entry(s) order L,3665.68,1,3677.3,-11.62,-0.32,39.08,1.06,-12.3,-0.33,1477.47,0.15
935,Entry long,2025-08-07 09:15,L,3677.3,1,3677.3,-11.62,-0.32,39.08,1.06,-12.3,-0.33,1477.47,0.15
936,Exit long,2025-08-07 22:15,Close entry(s) order L,3828.96,1,3663.48,165.48,4.52,201.06,5.49,-0.48,-0.01,1642.95,0.16
936,Entry long,2025-08-07 13:15,L,3663.48,1,3663.48,165.48,4.52,201.06,5.49,-0.48,-0.01,1642.95,0.16
937,Exit long,2025-08-08 00:15,Close entry(s) order L,3832.12,1,3835.15,-3.03,-0.08,7.35,0.19,-9.97,-0.26,1639.92,0.16
937,Entry long,2025-08-08 00:00,L,3835.15,1,3835.15,-3.03,-0.08,7.35,0.19,-9.97,-0.26,1639.92,0.16
938,Exit long,2025-08-08 02:15,Close entry(s) order L,3811.51,1,3827.2,-15.69,-0.41,5.8,0.15,-18.2,-0.48,1624.23,0.16
938,Entry long,2025-08-08 01:45,L,3827.2,1,3827.2,-15.69,-0.41,5.8,0.15,-18.2,-0.48,1624.23,0.16
939,Exit long,2025-08-08 09:30,Close entry(s) order L,3896.09,1,3825.68,70.41,1.84,110.2,2.88,-5.59,-0.15,1694.64,0.17
939,Entry long,2025-08-08 03:00,L,3825.68,1,3825.68,70.41,1.84,110.2,2.88,-5.59,-0.15,1694.64,0.17
940,Exit long,2025-08-08 13:15,Close entry(s) order L,3909.42,1,3901.23,8.19,0.21,67.58,1.73,-0.94,-0.02,1702.83,0.17
940,Entry long,2025-08-08 11:15,L,3901.23,1,3901.23,8.19,0.21,67.58,1.73,-0.94,-0.02,1702.83,0.17
941,Exit long,2025-08-08 16:30,Close entry(s) order L,3903.97,1,3920.01,-16.04,-0.41,6.88,0.18,-18.72,-0.48,1686.79,0.17
941,Entry long,2025-08-08 15:30,L,3920.01,1,3920.01,-16.04,-0.41,6.88,0.18,-18.72,-0.48,1686.79,0.17
942,Exit long,2025-08-08 20:45,Close entry(s) order L,3898.73,1,3906.13,-7.4,-0.19,12.87,0.33,-11.13,-0.28,1679.39,0.17
942,Entry long,2025-08-08 19:15,L,3906.13,1,3906.13,-7.4,-0.19,12.87,0.33,-11.13,-0.28,1679.39,0.17
943,Exit long,2025-08-08 23:45,Close entry(s) order L,3927.77,1,3911.78,15.99,0.41,99.31,2.54,-9.31,-0.24,1695.38,0.17
943,Entry long,2025-08-08 21:30,L,3911.78,1,3911.78,15.99,0.41,99.31,2.54,-9.31,-0.24,1695.38,0.17
944,Exit long,2025-08-09 05:30,Close entry(s) order L,4039.11,1,3953,86.11,2.18,117,2.96,-3.59,-0.09,1781.49,0.18
944,Entry long,2025-08-09 00:00,L,3953,1,3953,86.11,2.18,117,2.96,-3.59,-0.09,1781.49,0.18
945,Exit long,2025-08-09 19:15,Close entry(s) order L,4200.56,1,4028.53,172.03,4.27,220.34,5.47,-6.6,-0.16,1953.52,0.20
945,Entry long,2025-08-09 09:45,L,4028.53,1,4028.53,172.03,4.27,220.34,5.47,-6.6,-0.16,1953.52,0.20
946,Exit long,2025-08-09 19:45,Close entry(s) order L,4199.57,1,4207.38,-7.81,-0.19,0,0.00,-25.38,-0.60,1945.71,0.19
946,Entry long,2025-08-09 19:30,L,4207.38,1,4207.38,-7.81,-0.19,0,0.00,-25.38,-0.60,1945.71,0.19
947,Exit long,2025-08-09 22:45,Close entry(s) order L,4188.33,1,4192.52,-4.19,-0.10,2.48,0.06,-6.87,-0.16,1941.52,0.19
947,Entry long,2025-08-09 22:30,L,4192.52,1,4192.52,-4.19,-0.10,2.48,0.06,-6.87,-0.16,1941.52,0.19
948,Exit long,2025-08-10 06:45,Close entry(s) order L,4269.58,1,4195.48,74.1,1.77,129.76,3.09,-25.48,-0.61,2015.62,0.20
948,Entry long,2025-08-09 23:00,L,4195.48,1,4195.48,74.1,1.77,129.76,3.09,-25.48,-0.61,2015.62,0.20
949,Exit long,2025-08-10 10:30,Close entry(s) order L,4260.43,1,4285.8,-25.37,-0.59,46.19,1.08,-40.23,-0.94,1990.25,0.20
949,Entry long,2025-08-10 08:45,L,4285.8,1,4285.8,-25.37,-0.59,46.19,1.08,-40.23,-0.94,1990.25,0.20
950,Exit long,2025-08-10 19:00,Close entry(s) order L,4196.81,1,4215.2,-18.39,-0.44,16.8,0.40,-24.53,-0.58,1971.86,0.20
950,Entry long,2025-08-10 17:15,L,4215.2,1,4215.2,-18.39,-0.44,16.8,0.40,-24.53,-0.58,1971.86,0.20
951,Exit long,2025-08-11 02:00,Close entry(s) order L,4222.91,1,4191.56,31.35,0.75,55.76,1.33,-1.45,-0.03,2003.21,0.20
951,Entry long,2025-08-10 22:15,L,4191.56,1,4191.56,31.35,0.75,55.76,1.33,-1.45,-0.03,2003.21,0.20
952,Exit long,2025-08-11 02:30,Close entry(s) order L,4223.12,1,4228.02,-4.9,-0.12,1.48,0.04,-12.01,-0.28,1998.31,0.20
952,Entry long,2025-08-11 02:15,L,4228.02,1,4228.02,-4.9,-0.12,1.48,0.04,-12.01,-0.28,1998.31,0.20
953,Exit long,2025-08-11 04:15,Close entry(s) order L,4230.06,1,4225.7,4.36,0.10,32.26,0.76,-8.06,-0.19,2002.67,0.20
953,Entry long,2025-08-11 02:45,L,4225.7,1,4225.7,4.36,0.10,32.26,0.76,-8.06,-0.19,2002.67,0.20
954,Exit long,2025-08-11 11:30,Close entry(s) order L,4289.99,1,4224.01,65.98,1.56,121.99,2.89,0,0.00,2068.65,0.21
954,Entry long,2025-08-11 06:30,L,4224.01,1,4224.01,65.98,1.56,121.99,2.89,0,0.00,2068.65,0.21
955,Exit long,2025-08-11 13:30,Close entry(s) order L,4308.99,1,4307.78,1.21,0.03,41.89,0.97,-4.46,-0.10,2069.86,0.21
955,Entry long,2025-08-11 12:00,L,4307.78,1,4307.78,1.21,0.03,41.89,0.97,-4.46,-0.10,2069.86,0.21
956,Exit long,2025-08-12 01:30,Close entry(s) order L,4300.73,1,4254.34,46.39,1.09,115.66,2.72,-7.15,-0.17,2116.25,0.21
956,Entry long,2025-08-11 21:45,L,4254.34,1,4254.34,46.39,1.09,115.66,2.72,-7.15,-0.17,2116.25,0.21
957,Exit long,2025-08-12 02:00,Close entry(s) order L,4292.28,1,4306.22,-13.94,-0.32,0.79,0.02,-17.99,-0.42,2102.31,0.21
957,Entry long,2025-08-12 01:45,L,4306.22,1,4306.22,-13.94,-0.32,0.79,0.02,-17.99,-0.42,2102.31,0.21
958,Exit long,2025-08-12 07:30,Close entry(s) order L,4219.85,1,4229.6,-9.75,-0.23,3.38,0.08,-14.49,-0.34,2092.56,0.21
958,Entry long,2025-08-12 07:15,L,4229.6,1,4229.6,-9.75,-0.23,3.38,0.08,-14.49,-0.34,2092.56,0.21
959,Exit long,2025-08-12 08:00,Close entry(s) order L,4221.31,1,4228.33,-7.02,-0.17,1.67,0.04,-7.53,-0.18,2085.54,0.21
959,Entry long,2025-08-12 07:45,L,4228.33,1,4228.33,-7.02,-0.17,1.67,0.04,-7.53,-0.18,2085.54,0.21
960,Exit long,2025-08-12 13:30,Close entry(s) order L,4290.47,1,4231.3,59.17,1.40,89.33,2.11,-0.47,-0.01,2144.71,0.21
960,Entry long,2025-08-12 08:15,L,4231.3,1,4231.3,59.17,1.40,89.33,2.11,-0.47,-0.01,2144.71,0.21
961,Exit long,2025-08-12 15:00,Close entry(s) order L,4289.16,1,4297.8,-8.64,-0.20,13.71,0.32,-12.41,-0.29,2136.07,0.21
961,Entry long,2025-08-12 14:30,L,4297.8,1,4297.8,-8.64,-0.20,13.71,0.32,-12.41,-0.29,2136.07,0.21
962,Exit long,2025-08-12 17:15,Close entry(s) order L,4299.64,1,4304.49,-4.85,-0.11,28.25,0.66,-10.56,-0.25,2131.22,0.21
962,Entry long,2025-08-12 15:15,L,4304.49,1,4304.49,-4.85,-0.11,28.25,0.66,-10.56,-0.25,2131.22,0.21
963,Exit long,2025-08-12 20:15,Close entry(s) order L,4279.75,1,4289.35,-9.6,-0.22,8.15,0.19,-9.67,-0.23,2121.62,0.21
963,Entry long,2025-08-12 20:00,L,4289.35,1,4289.35,-9.6,-0.22,8.15,0.19,-9.67,-0.23,2121.62,0.21
964,Exit long,2025-08-13 07:00,Close entry(s) order L,4575.48,1,4304.53,270.95,6.29,335.47,7.79,-0.01,0.00,2392.57,0.24
964,Entry long,2025-08-12 20:30,L,4304.53,1,4304.53,270.95,6.29,335.47,7.79,-0.01,0.00,2392.57,0.24
965,Exit long,2025-08-13 08:00,Close entry(s) order L,4589.31,1,4592.84,-3.53,-0.08,22.98,0.50,-11.06,-0.24,2389.04,0.24
965,Entry long,2025-08-13 07:15,L,4592.84,1,4592.84,-3.53,-0.08,22.98,0.50,-11.06,-0.24,2389.04,0.24
966,Exit long,2025-08-13 09:15,Close entry(s) order L,4571,1,4606.4,-35.4,-0.77,32.16,0.70,-41.4,-0.90,2353.64,0.24
966,Entry long,2025-08-13 08:15,L,4606.4,1,4606.4,-35.4,-0.77,32.16,0.70,-41.4,-0.90,2353.64,0.24
967,Exit long,2025-08-13 13:45,Close entry(s) order L,4640.22,1,4600.72,39.5,0.86,81.28,1.77,-7.91,-0.17,2393.14,0.24
967,Entry long,2025-08-13 10:30,L,4600.72,1,4600.72,39.5,0.86,81.28,1.77,-7.91,-0.17,2393.14,0.24
968,Exit long,2025-08-13 16:30,Close entry(s) order L,4623.09,1,4632.98,-9.89,-0.21,1.32,0.03,-14.69,-0.32,2383.25,0.24
968,Entry long,2025-08-13 16:15,L,4632.98,1,4632.98,-9.89,-0.21,1.32,0.03,-14.69,-0.32,2383.25,0.24
969,Exit long,2025-08-13 21:00,Close entry(s) order L,4684.87,1,4623.98,60.89,1.32,98.52,2.13,-2.84,-0.06,2444.14,0.24
969,Entry long,2025-08-13 17:00,L,4623.98,1,4623.98,60.89,1.32,98.52,2.13,-2.84,-0.06,2444.14,0.24
970,Exit long,2025-08-13 21:45,Close entry(s) order L,4678.87,1,4707,-28.13,-0.60,29.76,0.63,-43.9,-0.93,2416.01,0.24
970,Entry long,2025-08-13 21:15,L,4707,1,4707,-28.13,-0.60,29.76,0.63,-43.9,-0.93,2416.01,0.24
971,Exit long,2025-08-13 23:00,Close entry(s) order L,4647.62,1,4697.92,-50.3,-1.07,0.82,0.02,-53.24,-1.13,2365.71,0.24
971,Entry long,2025-08-13 22:45,L,4697.92,1,4697.92,-50.3,-1.07,0.82,0.02,-53.24,-1.13,2365.71,0.24
972,Exit long,2025-08-14 03:45,Close entry(s) order L,4708.01,1,4687.66,20.35,0.43,64.88,1.38,-4.66,-0.10,2386.06,0.24
972,Entry long,2025-08-14 00:15,L,4687.66,1,4687.66,20.35,0.43,64.88,1.38,-4.66,-0.10,2386.06,0.24
973,Exit long,2025-08-14 04:15,Close entry(s) order L,4718.86,1,4738.73,-19.87,-0.42,3.65,0.08,-28.73,-0.61,2366.19,0.24
973,Entry long,2025-08-14 04:00,L,4738.73,1,4738.73,-19.87,-0.42,3.65,0.08,-28.73,-0.61,2366.19,0.24
974,Exit long,2025-08-14 05:00,Close entry(s) order L,4716.6,1,4729.33,-12.73,-0.27,1.07,0.02,-17.32,-0.37,2353.46,0.24
974,Entry long,2025-08-14 04:45,L,4729.33,1,4729.33,-12.73,-0.27,1.07,0.02,-17.32,-0.37,2353.46,0.24
975,Exit long,2025-08-14 06:00,Close entry(s) order L,4720.4,1,4750.71,-30.31,-0.64,28.16,0.59,-38.21,-0.80,2323.15,0.23
975,Entry long,2025-08-14 05:15,L,4750.71,1,4750.71,-30.31,-0.64,28.16,0.59,-38.21,-0.80,2323.15,0.23
976,Exit long,2025-08-14 08:15,Close entry(s) order L,4736.99,1,4737.09,-0.1,0.00,46.53,0.98,-14.97,-0.32,2323.05,0.23
976,Entry long,2025-08-14 06:15,L,4737.09,1,4737.09,-0.1,0.00,46.53,0.98,-14.97,-0.32,2323.05,0.23
977,Exit long,2025-08-14 08:45,Close entry(s) order L,4731.65,1,4746.95,-15.3,-0.32,17.79,0.37,-29.26,-0.62,2307.75,0.23
977,Entry long,2025-08-14 08:30,L,4746.95,1,4746.95,-15.3,-0.32,17.79,0.37,-29.26,-0.62,2307.75,0.23
978,Exit long,2025-08-14 13:15,Close entry(s) order L,4737.9,1,4759.59,-21.69,-0.46,29.19,0.61,-22.44,-0.47,2286.06,0.23
978,Entry long,2025-08-14 10:45,L,4759.59,1,4759.59,-21.69,-0.46,29.19,0.61,-22.44,-0.47,2286.06,0.23
979,Exit long,2025-08-14 15:15,Close entry(s) order L,4734.11,1,4770.37,-36.26,-0.76,11.87,0.25,-40.07,-0.84,2249.8,0.22
979,Entry long,2025-08-14 14:45,L,4770.37,1,4770.37,-36.26,-0.76,11.87,0.25,-40.07,-0.84,2249.8,0.22
980,Exit long,2025-08-14 16:15,Close entry(s) order L,4733.47,1,4748.99,-15.52,-0.33,1.19,0.03,-17.33,-0.36,2234.28,0.22
980,Entry long,2025-08-14 16:00,L,4748.99,1,4748.99,-15.52,-0.33,1.19,0.03,-17.33,-0.36,2234.28,0.22
981,Exit long,2025-08-14 18:45,Close entry(s) order L,4705.73,1,4742.48,-36.75,-0.77,24.52,0.52,-73.48,-1.55,2197.53,0.22
981,Entry long,2025-08-14 17:15,L,4742.48,1,4742.48,-36.75,-0.77,24.52,0.52,-73.48,-1.55,2197.53,0.22
982,Exit long,2025-08-14 20:30,Close entry(s) order L,4713.99,1,4729.44,-15.45,-0.33,3.25,0.07,-22.94,-0.49,2182.08,0.22
982,Entry long,2025-08-14 20:15,L,4729.44,1,4729.44,-15.45,-0.33,3.25,0.07,-22.94,-0.49,2182.08,0.22
983,Exit long,2025-08-14 23:30,Close entry(s) order L,4612.72,1,4655,-42.28,-0.91,48.27,1.04,-68.8,-1.48,2139.8,0.21
983,Entry long,2025-08-14 22:30,L,4655,1,4655,-42.28,-0.91,48.27,1.04,-68.8,-1.48,2139.8,0.21
984,Exit long,2025-08-15 00:15,Close entry(s) order L,4541.17,1,4617.61,-76.44,-1.66,5.61,0.12,-78.63,-1.70,2063.36,0.21
984,Entry long,2025-08-15 00:00,L,4617.61,1,4617.61,-76.44,-1.66,5.61,0.12,-78.63,-1.70,2063.36,0.21
985,Exit long,2025-08-15 04:00,Close entry(s) order L,4536.07,1,4565.97,-29.9,-0.65,0.56,0.01,-31.07,-0.68,2033.46,0.20
985,Entry long,2025-08-15 03:30,L,4565.97,1,4565.97,-29.9,-0.65,0.56,0.01,-31.07,-0.68,2033.46,0.20
986,Exit long,2025-08-15 13:15,Close entry(s) order L,4613.34,1,4530.44,82.9,1.83,117.55,2.59,-2.7,-0.06,2116.36,0.21
986,Entry long,2025-08-15 07:00,L,4530.44,1,4530.44,82.9,1.83,117.55,2.59,-2.7,-0.06,2116.36,0.21
987,Exit long,2025-08-15 17:30,Close entry(s) order L,4619.35,1,4629.2,-9.85,-0.21,36.8,0.79,-13.03,-0.28,2106.51,0.21
987,Entry long,2025-08-15 14:15,L,4629.2,1,4629.2,-9.85,-0.21,36.8,0.79,-13.03,-0.28,2106.51,0.21
988,Exit long,2025-08-15 19:00,Close entry(s) order L,4634.77,1,4639.61,-4.84,-0.10,8.13,0.18,-5.53,-0.12,2101.67,0.21
988,Entry long,2025-08-15 18:30,L,4639.61,1,4639.61,-4.84,-0.10,8.13,0.18,-5.53,-0.12,2101.67,0.21
989,Exit long,2025-08-15 19:30,Close entry(s) order L,4624,1,4639.01,-15.01,-0.32,0.45,0.01,-16.01,-0.35,2086.66,0.21
989,Entry long,2025-08-15 19:15,L,4639.01,1,4639.01,-15.01,-0.32,0.45,0.01,-16.01,-0.35,2086.66,0.21
990,Exit long,2025-08-15 20:00,Close entry(s) order L,4632.41,1,4637.8,-5.39,-0.12,5.69,0.12,-5.59,-0.12,2081.27,0.21
990,Entry long,2025-08-15 19:45,L,4637.8,1,4637.8,-5.39,-0.12,5.69,0.12,-5.59,-0.12,2081.27,0.21
991,Exit long,2025-08-15 20:30,Close entry(s) order L,4612.26,1,4637.14,-24.88,-0.54,2.96,0.06,-30.4,-0.66,2056.39,0.21
991,Entry long,2025-08-15 20:15,L,4637.14,1,4637.14,-24.88,-0.54,2.96,0.06,-30.4,-0.66,2056.39,0.21
992,Exit long,2025-08-16 02:30,Close entry(s) order L,4414.47,1,4451.72,-37.25,-0.84,11.37,0.26,-39.3,-0.88,2019.14,0.20
992,Entry long,2025-08-16 01:45,L,4451.72,1,4451.72,-37.25,-0.84,11.37,0.26,-39.3,-0.88,2019.14,0.20
993,Exit long,2025-08-16 04:45,Close entry(s) order L,4402,1,4415.82,-13.82,-0.31,15.88,0.36,-14.01,-0.32,2005.32,0.20
993,Entry long,2025-08-16 04:30,L,4415.82,1,4415.82,-13.82,-0.31,15.88,0.36,-14.01,-0.32,2005.32,0.20
994,Exit long,2025-08-16 05:15,Close entry(s) order L,4403.82,1,4423.77,-19.95,-0.45,5.2,0.12,-20.82,-0.47,1985.37,0.20
994,Entry long,2025-08-16 05:00,L,4423.77,1,4423.77,-19.95,-0.45,5.2,0.12,-20.82,-0.47,1985.37,0.20
995,Exit long,2025-08-16 07:45,Close entry(s) order L,4415.46,1,4410.56,4.9,0.11,78.74,1.79,-7.28,-0.17,1990.27,0.20
995,Entry long,2025-08-16 05:30,L,4410.56,1,4410.56,4.9,0.11,78.74,1.79,-7.28,-0.17,1990.27,0.20
996,Exit long,2025-08-16 10:45,Close entry(s) order L,4456.83,1,4437.15,19.68,0.44,51.18,1.15,-7.74,-0.17,2009.95,0.20
996,Entry long,2025-08-16 08:00,L,4437.15,1,4437.15,19.68,0.44,51.18,1.15,-7.74,-0.17,2009.95,0.20
997,Exit long,2025-08-16 18:00,Close entry(s) order L,4395.93,1,4434.11,-38.18,-0.86,28.13,0.63,-46.11,-1.04,1971.77,0.20
997,Entry long,2025-08-16 15:15,L,4434.11,1,4434.11,-38.18,-0.86,28.13,0.63,-46.11,-1.04,1971.77,0.20
998,Exit long,2025-08-16 21:45,Close entry(s) order L,4397.6,1,4408,-10.4,-0.24,18.74,0.43,-15.84,-0.36,1961.37,0.20
998,Entry long,2025-08-16 21:00,L,4408,1,4408,-10.4,-0.24,18.74,0.43,-15.84,-0.36,1961.37,0.20
999,Exit long,2025-08-16 23:45,Close entry(s) order L,4393.35,1,4407.78,-14.43,-0.33,9.49,0.22,-22.94,-0.52,1946.94,0.19
999,Entry long,2025-08-16 22:30,L,4407.78,1,4407.78,-14.43,-0.33,9.49,0.22,-22.94,-0.52,1946.94,0.19
1000,Exit long,2025-08-17 00:45,Close entry(s) order L,4402.84,1,4409.2,-6.36,-0.14,5.66,0.13,-14.85,-0.34,1940.58,0.19
1000,Entry long,2025-08-17 00:15,L,4409.2,1,4409.2,-6.36,-0.14,5.66,0.13,-14.85,-0.34,1940.58,0.19
1001,Exit long,2025-08-17 01:15,Close entry(s) order L,4395.11,1,4405.91,-10.8,-0.25,1.37,0.03,-11.48,-0.26,1929.78,0.19
1001,Entry long,2025-08-17 01:00,L,4405.91,1,4405.91,-10.8,-0.25,1.37,0.03,-11.48,-0.26,1929.78,0.19
1002,Exit long,2025-08-17 06:00,Close entry(s) order L,4406.41,1,4410.98,-4.57,-0.10,29.02,0.66,-8.54,-0.19,1925.21,0.19
1002,Entry long,2025-08-17 02:15,L,4410.98,1,4410.98,-4.57,-0.10,29.02,0.66,-8.54,-0.19,1925.21,0.19
1003,Exit long,2025-08-17 07:30,Close entry(s) order L,4409.93,1,4426.07,-16.14,-0.36,6.93,0.16,-16.44,-0.37,1909.07,0.19
1003,Entry long,2025-08-17 06:45,L,4426.07,1,4426.07,-16.14,-0.36,6.93,0.16,-16.44,-0.37,1909.07,0.19
1004,Exit long,2025-08-17 08:15,Close entry(s) order L,4417.63,1,4420.22,-2.59,-0.06,3.9,0.09,-3.81,-0.09,1906.48,0.19
1004,Entry long,2025-08-17 08:00,L,4420.22,1,4420.22,-2.59,-0.06,3.9,0.09,-3.81,-0.09,1906.48,0.19
1005,Exit long,2025-08-17 09:00,Close entry(s) order L,4410.96,1,4417.96,-7,-0.16,0.01,0.00,-8.57,-0.19,1899.48,0.19
1005,Entry long,2025-08-17 08:45,L,4417.96,1,4417.96,-7,-0.16,0.01,0.00,-8.57,-0.19,1899.48,0.19
1006,Exit long,2025-08-17 15:00,Close entry(s) order L,4455.32,1,4411.99,43.33,0.98,76.83,1.74,-6.95,-0.16,1942.81,0.19
1006,Entry long,2025-08-17 10:30,L,4411.99,1,4411.99,43.33,0.98,76.83,1.74,-6.95,-0.16,1942.81,0.19
1007,Exit long,2025-08-17 20:15,Close entry(s) order L,4542.92,1,4471.11,71.81,1.61,103.84,2.32,-0.83,-0.02,2014.62,0.20
1007,Entry long,2025-08-17 16:30,L,4471.11,1,4471.11,71.81,1.61,103.84,2.32,-0.83,-0.02,2014.62,0.20
1008,Exit long,2025-08-18 00:30,Close entry(s) order L,4537.17,1,4542.31,-5.14,-0.11,22.28,0.49,-10.81,-0.24,2009.48,0.20
1008,Entry long,2025-08-17 22:30,L,4542.31,1,4542.31,-5.14,-0.11,22.28,0.49,-10.81,-0.24,2009.48,0.20
1009,Exit long,2025-08-18 07:30,Close entry(s) order L,4483.31,1,4478.16,5.15,0.12,53.99,1.21,-8.16,-0.18,2014.63,0.20
1009,Entry long,2025-08-18 05:45,L,4478.16,1,4478.16,5.15,0.12,53.99,1.21,-8.16,-0.18,2014.63,0.20
1010,Exit long,2025-08-18 08:00,Close entry(s) order L,4470.66,1,4492.67,-22.01,-0.49,1.88,0.04,-28.69,-0.64,1992.62,0.20
1010,Entry long,2025-08-18 07:45,L,4492.67,1,4492.67,-22.01,-0.49,1.88,0.04,-28.69,-0.64,1992.62,0.20
1011,Exit long,2025-08-18 13:30,Close entry(s) order L,4319.78,1,4341.54,-21.76,-0.50,0.06,0.00,-24.48,-0.56,1970.86,0.20
1011,Entry long,2025-08-18 13:15,L,4341.54,1,4341.54,-21.76,-0.50,0.06,0.00,-24.48,-0.56,1970.86,0.20
1012,Exit long,2025-08-18 16:45,Close entry(s) order L,4265.4,1,4280.64,-15.24,-0.36,4.35,0.10,-19.2,-0.45,1955.62,0.20
1012,Entry long,2025-08-18 16:30,L,4280.64,1,4280.64,-15.24,-0.36,4.35,0.10,-19.2,-0.45,1955.62,0.20
1013,Exit long,2025-08-18 19:00,Close entry(s) order L,4262.99,1,4295.34,-32.35,-0.75,26.66,0.62,-38.59,-0.90,1923.27,0.19
1013,Entry long,2025-08-18 17:45,L,4295.34,1,4295.34,-32.35,-0.75,26.66,0.62,-38.59,-0.90,1923.27,0.19
1014,Exit long,2025-08-18 19:30,Close entry(s) order L,4267.96,1,4271.36,-3.4,-0.08,4.64,0.11,-5.04,-0.12,1919.87,0.19
1014,Entry long,2025-08-18 19:15,L,4271.36,1,4271.36,-3.4,-0.08,4.64,0.11,-5.04,-0.12,1919.87,0.19
1015,Exit long,2025-08-18 22:00,Close entry(s) order L,4285.2,1,4272.9,12.3,0.29,95.11,2.23,-3.76,-0.09,1932.17,0.19
1015,Entry long,2025-08-18 20:00,L,4272.9,1,4272.9,12.3,0.29,95.11,2.23,-3.76,-0.09,1932.17,0.19
1016,Exit long,2025-08-18 22:45,Close entry(s) order L,4294.25,1,4312.07,-17.82,-0.41,9.19,0.21,-19.44,-0.45,1914.35,0.19
1016,Entry long,2025-08-18 22:15,L,4312.07,1,4312.07,-17.82,-0.41,9.19,0.21,-19.44,-0.45,1914.35,0.19
1017,Exit long,2025-08-18 23:15,Close entry(s) order L,4312.22,1,4331.47,-19.25,-0.44,4.86,0.11,-21.88,-0.51,1895.1,0.19
1017,Entry long,2025-08-18 23:00,L,4331.47,1,4331.47,-19.25,-0.44,4.86,0.11,-21.88,-0.51,1895.1,0.19
1018,Exit long,2025-08-19 00:45,Close entry(s) order L,4307.8,1,4318.46,-10.66,-0.25,40.4,0.94,-20.87,-0.48,1884.44,0.19
1018,Entry long,2025-08-18 23:45,L,4318.46,1,4318.46,-10.66,-0.25,40.4,0.94,-20.87,-0.48,1884.44,0.19
1019,Exit long,2025-08-19 04:45,Close entry(s) order L,4330.86,1,4318.16,12.7,0.29,65.51,1.52,-7,-0.16,1897.14,0.19
1019,Entry long,2025-08-19 01:00,L,4318.16,1,4318.16,12.7,0.29,65.51,1.52,-7,-0.16,1897.14,0.19
1020,Exit long,2025-08-19 05:45,Close entry(s) order L,4327.64,1,4351.27,-23.63,-0.54,4.22,0.10,-27.79,-0.64,1873.51,0.19
1020,Entry long,2025-08-19 05:30,L,4351.27,1,4351.27,-23.63,-0.54,4.22,0.10,-27.79,-0.64,1873.51,0.19
1021,Exit long,2025-08-19 07:00,Close entry(s) order L,4338.69,1,4351.41,-12.72,-0.29,34.8,0.80,-13.81,-0.32,1860.79,0.19
1021,Entry long,2025-08-19 06:00,L,4351.41,1,4351.41,-12.72,-0.29,34.8,0.80,-13.81,-0.32,1860.79,0.19
1022,Exit long,2025-08-19 09:15,Close entry(s) order L,4329.91,1,4340.63,-10.72,-0.25,13.59,0.31,-12.36,-0.28,1850.07,0.19
1022,Entry long,2025-08-19 09:00,L,4340.63,1,4340.63,-10.72,-0.25,13.59,0.31,-12.36,-0.28,1850.07,0.19
1023,Exit long,2025-08-19 15:30,Close entry(s) order L,4217.92,1,4243.39,-25.47,-0.60,5.41,0.13,-41.1,-0.97,1824.6,0.18
1023,Entry long,2025-08-19 14:30,L,4243.39,1,4243.39,-25.47,-0.60,5.41,0.13,-41.1,-0.97,1824.6,0.18
1024,Exit long,2025-08-19 16:30,Close entry(s) order L,4230.52,1,4237.21,-6.69,-0.16,6.19,0.15,-6.7,-0.16,1817.91,0.18
1024,Entry long,2025-08-19 16:15,L,4237.21,1,4237.21,-6.69,-0.16,6.19,0.15,-6.7,-0.16,1817.91,0.18
1025,Exit long,2025-08-19 21:45,Close entry(s) order L,4276.75,1,4235.22,41.53,0.98,104.78,2.47,-1.19,-0.03,1859.44,0.19
1025,Entry long,2025-08-19 16:45,L,4235.22,1,4235.22,41.53,0.98,104.78,2.47,-1.19,-0.03,1859.44,0.19
1026,Exit long,2025-08-20 02:15,Close entry(s) order L,4180,1,4184.27,-4.27,-0.10,1.71,0.04,-11.67,-0.28,1855.17,0.19
1026,Entry long,2025-08-20 02:00,L,4184.27,1,4184.27,-4.27,-0.10,1.71,0.04,-11.67,-0.28,1855.17,0.19
1027,Exit long,2025-08-20 03:45,Close entry(s) order L,4154.35,1,4162,-7.65,-0.18,5.18,0.12,-8.52,-0.20,1847.52,0.18
1027,Entry long,2025-08-20 03:30,L,4162,1,4162,-7.65,-0.18,5.18,0.12,-8.52,-0.20,1847.52,0.18
1028,Exit long,2025-08-20 06:15,Close entry(s) order L,4133.11,1,4157.86,-24.75,-0.60,6.17,0.15,-35.35,-0.85,1822.77,0.18
1028,Entry long,2025-08-20 05:00,L,4157.86,1,4157.86,-24.75,-0.60,6.17,0.15,-35.35,-0.85,1822.77,0.18
1029,Exit long,2025-08-20 18:30,Close entry(s) order L,4210.24,1,4108.78,101.46,2.47,131.22,3.19,-5.18,-0.13,1924.23,0.19
1029,Entry long,2025-08-20 10:00,L,4108.78,1,4108.78,101.46,2.47,131.22,3.19,-5.18,-0.13,1924.23,0.19
1030,Exit long,2025-08-20 19:15,Close entry(s) order L,4212.78,1,4222.41,-9.63,-0.23,9.6,0.23,-11.92,-0.28,1914.6,0.19
1030,Entry long,2025-08-20 18:45,L,4222.41,1,4222.41,-9.63,-0.23,9.6,0.23,-11.92,-0.28,1914.6,0.19
1031,Exit long,2025-08-21 02:15,Close entry(s) order L,4288.47,1,4205.12,83.35,1.98,157.88,3.75,-7.91,-0.19,1997.95,0.20
1031,Entry long,2025-08-20 22:45,L,4205.12,1,4205.12,83.35,1.98,157.88,3.75,-7.91,-0.19,1997.95,0.20
1032,Exit long,2025-08-21 07:15,Close entry(s) order L,4345.25,1,4306.88,38.37,0.89,69.25,1.61,-2.75,-0.06,2036.32,0.20
1032,Entry long,2025-08-21 03:15,L,4306.88,1,4306.88,38.37,0.89,69.25,1.61,-2.75,-0.06,2036.32,0.20
1033,Exit long,2025-08-21 11:30,Close entry(s) order L,4307.36,1,4322.67,-15.31,-0.35,1,0.02,-21.53,-0.50,2021.01,0.20
1033,Entry long,2025-08-21 11:15,L,4322.67,1,4322.67,-15.31,-0.35,1,0.02,-21.53,-0.50,2021.01,0.20
1034,Exit long,2025-08-21 12:00,Close entry(s) order L,4293.48,1,4310.1,-16.62,-0.39,2.79,0.06,-18.68,-0.43,2004.39,0.20
1034,Entry long,2025-08-21 11:45,L,4310.1,1,4310.1,-16.62,-0.39,2.79,0.06,-18.68,-0.43,2004.39,0.20
1035,Exit long,2025-08-21 14:15,Close entry(s) order L,4291.44,1,4298.54,-7.1,-0.17,21.17,0.49,-12.18,-0.28,1997.29,0.20
1035,Entry long,2025-08-21 13:30,L,4298.54,1,4298.54,-7.1,-0.17,21.17,0.49,-12.18,-0.28,1997.29,0.20
1036,Exit long,2025-08-21 15:15,Close entry(s) order L,4290.47,1,4303.45,-12.98,-0.30,7.12,0.17,-12.99,-0.30,1984.31,0.20
1036,Entry long,2025-08-21 14:45,L,4303.45,1,4303.45,-12.98,-0.30,7.12,0.17,-12.99,-0.30,1984.31,0.20
1037,Exit long,2025-08-21 16:30,Close entry(s) order L,4297.16,1,4298.34,-1.18,-0.03,15.19,0.35,-11.96,-0.28,1983.13,0.20
1037,Entry long,2025-08-21 15:45,L,4298.34,1,4298.34,-1.18,-0.03,15.19,0.35,-11.96,-0.28,1983.13,0.20
1038,Exit long,2025-08-21 19:45,Close entry(s) order L,4283.66,1,4295.82,-12.16,-0.28,13.15,0.31,-23.09,-0.54,1970.97,0.20
1038,Entry long,2025-08-21 18:45,L,4295.82,1,4295.82,-12.16,-0.28,13.15,0.31,-23.09,-0.54,1970.97,0.20
1039,Exit long,2025-08-21 22:00,Close entry(s) order L,4260.01,1,4287,-26.99,-0.63,1.76,0.04,-35.06,-0.82,1943.98,0.19
1039,Entry long,2025-08-21 21:45,L,4287,1,4287,-26.99,-0.63,1.76,0.04,-35.06,-0.82,1943.98,0.19
1040,Exit long,2025-08-21 22:45,Close entry(s) order L,4276.42,1,4297.42,-21,-0.49,30.04,0.70,-45.85,-1.07,1922.98,0.19
1040,Entry long,2025-08-21 22:15,L,4297.42,1,4297.42,-21,-0.49,30.04,0.70,-45.85,-1.07,1922.98,0.19
1041,Exit long,2025-08-22 03:30,Close entry(s) order L,4236.24,1,4245.76,-9.52,-0.22,27.41,0.65,-14.1,-0.33,1913.46,0.19
1041,Entry long,2025-08-22 02:30,L,4245.76,1,4245.76,-9.52,-0.22,27.41,0.65,-14.1,-0.33,1913.46,0.19
1042,Exit long,2025-08-22 05:45,Close entry(s) order L,4233.94,1,4240.62,-6.68,-0.16,15.04,0.35,-30.95,-0.73,1906.78,0.19
1042,Entry long,2025-08-22 05:00,L,4240.62,1,4240.62,-6.68,-0.16,15.04,0.35,-30.95,-0.73,1906.78,0.19
1043,Exit long,2025-08-22 07:15,Close entry(s) order L,4234.43,1,4242,-7.57,-0.18,16.85,0.40,-8.63,-0.20,1899.21,0.19
1043,Entry long,2025-08-22 06:00,L,4242,1,4242,-7.57,-0.18,16.85,0.40,-8.63,-0.20,1899.21,0.19
1044,Exit long,2025-08-22 09:15,Close entry(s) order L,4224,1,4241.42,-17.42,-0.41,13.42,0.32,-21.34,-0.50,1881.79,0.19
1044,Entry long,2025-08-22 08:30,L,4241.42,1,4241.42,-17.42,-0.41,13.42,0.32,-21.34,-0.50,1881.79,0.19
1045,Exit long,2025-08-22 13:00,Close entry(s) order L,4279.41,1,4245.57,33.84,0.80,67.94,1.60,-9.57,-0.23,1915.63,0.19
1045,Entry long,2025-08-22 09:30,L,4245.57,1,4245.57,33.84,0.80,67.94,1.60,-9.57,-0.23,1915.63,0.19
1046,Exit long,2025-08-22 17:15,Close entry(s) order L,4315.74,1,4289.06,26.68,0.62,63.91,1.49,-10.95,-0.26,1942.31,0.19
1046,Entry long,2025-08-22 14:00,L,4289.06,1,4289.06,26.68,0.62,63.91,1.49,-10.95,-0.26,1942.31,0.19
1047,Exit long,2025-08-22 18:15,Close entry(s) order L,4316.35,1,4326.68,-10.33,-0.24,1.17,0.03,-11,-0.25,1931.98,0.19
1047,Entry long,2025-08-22 18:00,L,4326.68,1,4326.68,-10.33,-0.24,1.17,0.03,-11,-0.25,1931.98,0.19
1048,Exit long,2025-08-23 06:15,Close entry(s) order L,4822.27,1,4300.38,521.89,12.14,588.11,13.68,-24.24,-0.56,2453.87,0.25
1048,Entry long,2025-08-22 21:45,L,4300.38,1,4300.38,521.89,12.14,588.11,13.68,-24.24,-0.56,2453.87,0.25
1049,Exit long,2025-08-23 15:30,Close entry(s) order L,4723.53,1,4731.87,-8.34,-0.18,33.18,0.70,-11.58,-0.24,2445.53,0.24
1049,Entry long,2025-08-23 12:45,L,4731.87,1,4731.87,-8.34,-0.18,33.18,0.70,-11.58,-0.24,2445.53,0.24
1050,Exit long,2025-08-23 18:30,Close entry(s) order L,4721.59,1,4731,-9.41,-0.20,13.97,0.30,-17.84,-0.38,2436.12,0.24
1050,Entry long,2025-08-23 17:45,L,4731,1,4731,-9.41,-0.20,13.97,0.30,-17.84,-0.38,2436.12,0.24
1051,Exit long,2025-08-23 19:30,Close entry(s) order L,4713.59,1,4724.85,-11.26,-0.24,4.35,0.09,-12.65,-0.27,2424.86,0.24
1051,Entry long,2025-08-23 19:15,L,4724.85,1,4724.85,-11.26,-0.24,4.35,0.09,-12.65,-0.27,2424.86,0.24
1052,Exit long,2025-08-23 21:00,Close entry(s) order L,4713.51,1,4725.75,-12.24,-0.26,3.77,0.08,-19.65,-0.42,2412.62,0.24
1052,Entry long,2025-08-23 20:45,L,4725.75,1,4725.75,-12.24,-0.26,3.77,0.08,-19.65,-0.42,2412.62,0.24
1053,Exit long,2025-08-23 21:45,Close entry(s) order L,4714.7,1,4723.34,-8.64,-0.18,3.85,0.08,-16.04,-0.34,2403.98,0.24
1053,Entry long,2025-08-23 21:15,L,4723.34,1,4723.34,-8.64,-0.18,3.85,0.08,-16.04,-0.34,2403.98,0.24
1054,Exit long,2025-08-24 01:30,Close entry(s) order L,4729.62,1,4717.02,12.6,0.27,51.98,1.10,-2.85,-0.06,2416.58,0.24
1054,Entry long,2025-08-23 22:00,L,4717.02,1,4717.02,12.6,0.27,51.98,1.10,-2.85,-0.06,2416.58,0.24
1055,Exit long,2025-08-24 04:45,Close entry(s) order L,4745.09,1,4745.13,-0.04,0.00,14.81,0.31,-4.69,-0.10,2416.54,0.24
1055,Entry long,2025-08-24 01:45,L,4745.13,1,4745.13,-0.04,0.00,14.81,0.31,-4.69,-0.10,2416.54,0.24
1056,Exit long,2025-08-24 09:15,Close entry(s) order L,4773.44,1,4756.99,16.45,0.35,59.56,1.25,-4.03,-0.08,2432.99,0.24
1056,Entry long,2025-08-24 06:15,L,4756.99,1,4756.99,16.45,0.35,59.56,1.25,-4.03,-0.08,2432.99,0.24
1057,Exit long,2025-08-24 10:00,Close entry(s) order L,4774.98,1,4789.05,-14.07,-0.29,0.9,0.02,-20.86,-0.44,2418.92,0.24
1057,Entry long,2025-08-24 09:45,L,4789.05,1,4789.05,-14.07,-0.29,0.9,0.02,-20.86,-0.44,2418.92,0.24
1058,Exit long,2025-08-24 10:45,Close entry(s) order L,4782.92,1,4786.74,-3.82,-0.08,3.09,0.06,-10.53,-0.22,2415.1,0.24
1058,Entry long,2025-08-24 10:30,L,4786.74,1,4786.74,-3.82,-0.08,3.09,0.06,-10.53,-0.22,2415.1,0.24
1059,Exit long,2025-08-24 14:15,Close entry(s) order L,4779.51,1,4787.76,-8.25,-0.17,11.77,0.25,-11.66,-0.24,2406.85,0.24
1059,Entry long,2025-08-24 12:00,L,4787.76,1,4787.76,-8.25,-0.17,11.77,0.25,-11.66,-0.24,2406.85,0.24
1060,Exit long,2025-08-24 17:15,Close entry(s) order L,4763.24,1,4774.79,-11.55,-0.24,4.01,0.08,-14.79,-0.31,2395.3,0.24
1060,Entry long,2025-08-24 16:45,L,4774.79,1,4774.79,-11.55,-0.24,4.01,0.08,-14.79,-0.31,2395.3,0.24
1061,Exit long,2025-08-24 18:15,Close entry(s) order L,4764.21,1,4774,-9.79,-0.21,11.71,0.25,-10.54,-0.22,2385.51,0.24
1061,Entry long,2025-08-24 17:30,L,4774,1,4774,-9.79,-0.21,11.71,0.25,-10.54,-0.22,2385.51,0.24
1062,Exit long,2025-08-25 03:45,Close entry(s) order L,4849.07,1,4753.4,95.67,2.01,204.27,4.30,-12.68,-0.27,2481.18,0.25
1062,Entry long,2025-08-24 21:00,L,4753.4,1,4753.4,95.67,2.01,204.27,4.30,-12.68,-0.27,2481.18,0.25
1063,Exit long,2025-08-25 08:00,Close entry(s) order L,4778.33,1,4790.68,-12.35,-0.26,12.53,0.26,-19.38,-0.40,2468.83,0.25
1063,Entry long,2025-08-25 07:15,L,4790.68,1,4790.68,-12.35,-0.26,12.53,0.26,-19.38,-0.40,2468.83,0.25
1064,Exit long,2025-08-25 08:30,Close entry(s) order L,4760.22,1,4786.56,-26.34,-0.55,7.5,0.16,-29.13,-0.61,2442.49,0.24
1064,Entry long,2025-08-25 08:15,L,4786.56,1,4786.56,-26.34,-0.55,7.5,0.16,-29.13,-0.61,2442.49,0.24
1065,Exit long,2025-08-25 11:30,Close entry(s) order L,4739.76,1,4753,-13.24,-0.28,21,0.44,-17.7,-0.37,2429.25,0.24
1065,Entry long,2025-08-25 10:15,L,4753,1,4753,-13.24,-0.28,21,0.44,-17.7,-0.37,2429.25,0.24
1066,Exit long,2025-08-25 12:00,Close entry(s) order L,4725.46,1,4746.98,-21.52,-0.45,8.82,0.19,-28.19,-0.59,2407.73,0.24
1066,Entry long,2025-08-25 11:45,L,4746.98,1,4746.98,-21.52,-0.45,8.82,0.19,-28.19,-0.59,2407.73,0.24
1067,Exit long,2025-08-25 18:15,Close entry(s) order L,4600.41,1,4611.13,-10.72,-0.23,0.01,0.00,-21.13,-0.46,2397.01,0.24
1067,Entry long,2025-08-25 18:00,L,4611.13,1,4611.13,-10.72,-0.23,0.01,0.00,-21.13,-0.46,2397.01,0.24
1068,Exit long,2025-08-25 23:15,Close entry(s) order L,4633,1,4583.21,49.79,1.09,100.05,2.18,-0.21,0.00,2446.8,0.24
1068,Entry long,2025-08-25 19:45,L,4583.21,1,4583.21,49.79,1.09,100.05,2.18,-0.21,0.00,2446.8,0.24
1069,Exit long,2025-08-26 07:15,Close entry(s) order L,4372.46,1,4413.44,-40.98,-0.93,0,0.00,-51.32,-1.16,2405.82,0.24
1069,Entry long,2025-08-26 06:45,L,4413.44,1,4413.44,-40.98,-0.93,0,0.00,-51.32,-1.16,2405.82,0.24
1070,Exit long,2025-08-26 08:15,Close entry(s) order L,4362.68,1,4382.92,-20.24,-0.46,5.86,0.13,-40.56,-0.93,2385.58,0.24
1070,Entry long,2025-08-26 07:45,L,4382.92,1,4382.92,-20.24,-0.46,5.86,0.13,-40.56,-0.93,2385.58,0.24
1071,Exit long,2025-08-26 08:45,Close entry(s) order L,4346.65,1,4379.37,-32.72,-0.75,13.81,0.32,-33.36,-0.76,2352.86,0.24
1071,Entry long,2025-08-26 08:30,L,4379.37,1,4379.37,-32.72,-0.75,13.81,0.32,-33.36,-0.76,2352.86,0.24
1072,Exit long,2025-08-26 11:15,Close entry(s) order L,4381.67,1,4385.42,-3.75,-0.09,64.13,1.46,-14.6,-0.33,2349.11,0.23
1072,Entry long,2025-08-26 09:30,L,4385.42,1,4385.42,-3.75,-0.09,64.13,1.46,-14.6,-0.33,2349.11,0.23
1073,Exit long,2025-08-26 14:30,Close entry(s) order L,4418.94,1,4389.29,29.65,0.68,57.18,1.30,-0.88,-0.02,2378.76,0.24
1073,Entry long,2025-08-26 11:30,L,4389.29,1,4389.29,29.65,0.68,57.18,1.30,-0.88,-0.02,2378.76,0.24
1074,Exit long,2025-08-26 16:30,Close entry(s) order L,4409.92,1,4425.36,-15.44,-0.35,19.21,0.43,-19.31,-0.44,2363.32,0.24
1074,Entry long,2025-08-26 15:45,L,4425.36,1,4425.36,-15.44,-0.35,19.21,0.43,-19.31,-0.44,2363.32,0.24
1075,Exit long,2025-08-26 17:45,Close entry(s) order L,4408.6,1,4422.61,-14.01,-0.32,17.38,0.39,-16.61,-0.38,2349.31,0.23
1075,Entry long,2025-08-26 17:15,L,4422.61,1,4422.61,-14.01,-0.32,17.38,0.39,-16.61,-0.38,2349.31,0.23
1076,Exit long,2025-08-26 19:30,Close entry(s) order L,4419.44,1,4429.44,-10,-0.23,35.56,0.80,-16.22,-0.37,2339.31,0.23
1076,Entry long,2025-08-26 18:15,L,4429.44,1,4429.44,-10,-0.23,35.56,0.80,-16.22,-0.37,2339.31,0.23
1077,Exit long,2025-08-26 20:15,Close entry(s) order L,4408.73,1,4425.57,-16.84,-0.38,0.88,0.02,-22.56,-0.51,2322.47,0.23
1077,Entry long,2025-08-26 20:00,L,4425.57,1,4425.57,-16.84,-0.38,0.88,0.02,-22.56,-0.51,2322.47,0.23
1078,Exit long,2025-08-27 00:15,Close entry(s) order L,4498.14,1,4508.26,-10.12,-0.22,68.05,1.51,-74.43,-1.65,2312.35,0.23
1078,Entry long,2025-08-26 20:45,L,4508.26,1,4508.26,-10.12,-0.22,68.05,1.51,-74.43,-1.65,2312.35,0.23
1079,Exit long,2025-08-27 01:45,Close entry(s) order L,4514.52,1,4516.39,-1.87,-0.04,40.64,0.90,-8.51,-0.19,2310.48,0.23
1079,Entry long,2025-08-27 00:30,L,4516.39,1,4516.39,-1.87,-0.04,40.64,0.90,-8.51,-0.19,2310.48,0.23
1080,Exit long,2025-08-27 06:45,Close entry(s) order L,4579.47,1,4527.88,51.59,1.14,81.91,1.81,-4.15,-0.09,2362.07,0.24
1080,Entry long,2025-08-27 02:15,L,4527.88,1,4527.88,51.59,1.14,81.91,1.81,-4.15,-0.09,2362.07,0.24
1081,Exit long,2025-08-27 08:15,Close entry(s) order L,4587.1,1,4599.26,-12.16,-0.26,33.66,0.73,-16.27,-0.35,2349.91,0.23
1081,Entry long,2025-08-27 07:00,L,4599.26,1,4599.26,-12.16,-0.26,33.66,0.73,-16.27,-0.35,2349.91,0.23
1082,Exit long,2025-08-27 11:15,Close entry(s) order L,4564.14,1,4580.78,-16.64,-0.36,4.02,0.09,-19.56,-0.43,2333.27,0.23
1082,Entry long,2025-08-27 10:45,L,4580.78,1,4580.78,-16.64,-0.36,4.02,0.09,-19.56,-0.43,2333.27,0.23
1083,Exit long,2025-08-27 14:15,Close entry(s) order L,4599.52,1,4568.6,30.92,0.68,75.33,1.65,0,0.00,2364.19,0.24
1083,Entry long,2025-08-27 11:45,L,4568.6,1,4568.6,30.92,0.68,75.33,1.65,0,0.00,2364.19,0.24
1084,Exit long,2025-08-27 18:45,Close entry(s) order L,4576.86,1,4592.82,-15.96,-0.35,25.94,0.56,-25.73,-0.56,2348.23,0.23
1084,Entry long,2025-08-27 17:00,L,4592.82,1,4592.82,-15.96,-0.35,25.94,0.56,-25.73,-0.56,2348.23,0.23
1085,Exit long,2025-08-27 20:30,Close entry(s) order L,4588.21,1,4594.58,-6.37,-0.14,28.75,0.63,-7.33,-0.16,2341.86,0.23
1085,Entry long,2025-08-27 19:15,L,4594.58,1,4594.58,-6.37,-0.14,28.75,0.63,-7.33,-0.16,2341.86,0.23
1086,Exit long,2025-08-27 21:15,Close entry(s) order L,4593.7,1,4613.26,-19.56,-0.42,0.59,0.01,-26.39,-0.57,2322.3,0.23
1086,Entry long,2025-08-27 21:00,L,4613.26,1,4613.26,-19.56,-0.42,0.59,0.01,-26.39,-0.57,2322.3,0.23
1087,Exit long,2025-08-27 22:00,Close entry(s) order L,4593,1,4604.99,-11.99,-0.26,52.81,1.15,-32.09,-0.70,2310.31,0.23
1087,Entry long,2025-08-27 21:30,L,4604.99,1,4604.99,-11.99,-0.26,52.81,1.15,-32.09,-0.70,2310.31,0.23
1088,Exit long,2025-08-28 00:45,Close entry(s) order L,4619,1,4603.18,15.82,0.34,59.32,1.29,-10.82,-0.24,2326.13,0.23
1088,Entry long,2025-08-27 22:15,L,4603.18,1,4603.18,15.82,0.34,59.32,1.29,-10.82,-0.24,2326.13,0.23
1089,Exit long,2025-08-28 01:15,Close entry(s) order L,4615.46,1,4628.43,-12.97,-0.28,1.44,0.03,-15.67,-0.34,2313.16,0.23
1089,Entry long,2025-08-28 01:00,L,4628.43,1,4628.43,-12.97,-0.28,1.44,0.03,-15.67,-0.34,2313.16,0.23
1090,Exit long,2025-08-28 02:00,Close entry(s) order L,4629.58,1,4632.42,-2.84,-0.06,12.58,0.27,-3.87,-0.08,2310.32,0.23
1090,Entry long,2025-08-28 01:45,L,4632.42,1,4632.42,-2.84,-0.06,12.58,0.27,-3.87,-0.08,2310.32,0.23
1091,Exit long,2025-08-28 02:30,Close entry(s) order L,4619.37,1,4637.92,-18.55,-0.40,1.83,0.04,-21.77,-0.47,2291.77,0.23
1091,Entry long,2025-08-28 02:15,L,4637.92,1,4637.92,-18.55,-0.40,1.83,0.04,-21.77,-0.47,2291.77,0.23
1092,Exit long,2025-08-28 05:15,Close entry(s) order L,4575.55,1,4592.86,-17.31,-0.38,1.91,0.04,-22.23,-0.48,2274.46,0.23
1092,Entry long,2025-08-28 05:00,L,4592.86,1,4592.86,-17.31,-0.38,1.91,0.04,-22.23,-0.48,2274.46,0.23
1093,Exit long,2025-08-28 17:45,Close entry(s) order L,4586.98,1,4509.24,77.74,1.72,123.88,2.75,-4.99,-0.11,2352.2,0.24
1093,Entry long,2025-08-28 09:45,L,4509.24,1,4509.24,77.74,1.72,123.88,2.75,-4.99,-0.11,2352.2,0.24
1094,Exit long,2025-08-28 19:15,Close entry(s) order L,4587.12,1,4597.5,-10.38,-0.23,13.5,0.29,-12,-0.26,2341.82,0.23
1094,Entry long,2025-08-28 18:15,L,4597.5,1,4597.5,-10.38,-0.23,13.5,0.29,-12,-0.26,2341.82,0.23
1095,Exit long,2025-08-28 21:30,Close entry(s) order L,4595.68,1,4609,-13.32,-0.29,3.93,0.09,-18,-0.39,2328.5,0.23
1095,Entry long,2025-08-28 20:45,L,4609,1,4609,-13.32,-0.29,3.93,0.09,-18,-0.39,2328.5,0.23
1096,Exit long,2025-08-29 02:45,Close entry(s) order L,4490.34,1,4501.79,-11.45,-0.25,4.6,0.10,-11.45,-0.25,2317.05,0.23
1096,Entry long,2025-08-29 02:30,L,4501.79,1,4501.79,-11.45,-0.25,4.6,0.10,-11.45,-0.25,2317.05,0.23
1097,Exit long,2025-08-29 08:45,Close entry(s) order L,4483.32,1,4471.66,11.66,0.26,43,0.96,-3.74,-0.08,2328.71,0.23
1097,Entry long,2025-08-29 05:15,L,4471.66,1,4471.66,11.66,0.26,43,0.96,-3.74,-0.08,2328.71,0.23
1098,Exit long,2025-08-29 10:30,Close entry(s) order L,4476.26,1,4486.52,-10.26,-0.23,1.35,0.03,-13.46,-0.30,2318.45,0.23
1098,Entry long,2025-08-29 10:15,L,4486.52,1,4486.52,-10.26,-0.23,1.35,0.03,-13.46,-0.30,2318.45,0.23
1099,Exit long,2025-08-29 13:00,Close entry(s) order L,4475.35,1,4483.48,-8.13,-0.18,19.46,0.43,-15.89,-0.35,2310.32,0.23
1099,Entry long,2025-08-29 11:30,L,4483.48,1,4483.48,-8.13,-0.18,19.46,0.43,-15.89,-0.35,2310.32,0.23
1100,Exit long,2025-08-29 18:45,Close entry(s) order L,4350.84,1,4356.29,-5.45,-0.13,0.36,0.01,-9.08,-0.21,2304.87,0.23
1100,Entry long,2025-08-29 18:30,L,4356.29,1,4356.29,-5.45,-0.13,0.36,0.01,-9.08,-0.21,2304.87,0.23
1101,Exit long,2025-08-29 19:30,Close entry(s) order L,4339.93,1,4354.31,-14.38,-0.33,0.34,0.01,-18.18,-0.42,2290.49,0.23
1101,Entry long,2025-08-29 19:15,L,4354.31,1,4354.31,-14.38,-0.33,0.34,0.01,-18.18,-0.42,2290.49,0.23
1102,Exit long,2025-08-29 21:45,Close entry(s) order L,4345.52,1,4344.43,1.09,0.03,111.81,2.57,-10.55,-0.24,2291.58,0.23
1102,Entry long,2025-08-29 20:00,L,4344.43,1,4344.43,1.09,0.03,111.81,2.57,-10.55,-0.24,2291.58,0.23
1103,Exit long,2025-08-30 01:15,Close entry(s) order L,4316.46,1,4338.35,-21.89,-0.50,14.75,0.34,-25.3,-0.58,2269.69,0.23
1103,Entry long,2025-08-30 00:15,L,4338.35,1,4338.35,-21.89,-0.50,14.75,0.34,-25.3,-0.58,2269.69,0.23
1104,Exit long,2025-08-30 02:30,Close entry(s) order L,4312.68,1,4340.76,-28.08,-0.65,15.89,0.37,-36.62,-0.84,2241.61,0.22
1104,Entry long,2025-08-30 01:30,L,4340.76,1,4340.76,-28.08,-0.65,15.89,0.37,-36.62,-0.84,2241.61,0.22
1105,Exit long,2025-08-30 04:45,Close entry(s) order L,4327.86,1,4341.85,-13.99,-0.32,23.42,0.54,-21.38,-0.49,2227.62,0.22
1105,Entry long,2025-08-30 03:15,L,4341.85,1,4341.85,-13.99,-0.32,23.42,0.54,-21.38,-0.49,2227.62,0.22
1106,Exit long,2025-08-30 08:15,Close entry(s) order L,4346.71,1,4334.45,12.26,0.28,44.05,1.02,-11.95,-0.28,2239.88,0.22
1106,Entry long,2025-08-30 05:15,L,4334.45,1,4334.45,12.26,0.28,44.05,1.02,-11.95,-0.28,2239.88,0.22
1107,Exit long,2025-08-30 17:15,Close entry(s) order L,4385.99,1,4357.19,28.8,0.66,57.26,1.31,-12.12,-0.28,2268.68,0.23
1107,Entry long,2025-08-30 11:30,L,4357.19,1,4357.19,28.8,0.66,57.26,1.31,-12.12,-0.28,2268.68,0.23
1108,Exit long,2025-08-30 18:45,Close entry(s) order L,4385.21,1,4392.64,-7.43,-0.17,13.39,0.30,-9.64,-0.22,2261.25,0.23
1108,Entry long,2025-08-30 18:15,L,4392.64,1,4392.64,-7.43,-0.17,13.39,0.30,-9.64,-0.22,2261.25,0.23
1109,Exit long,2025-08-30 19:45,Close entry(s) order L,4385.61,1,4395.39,-9.78,-0.22,0,0.00,-14.04,-0.32,2251.47,0.23
1109,Entry long,2025-08-30 19:15,L,4395.39,1,4395.39,-9.78,-0.22,0,0.00,-14.04,-0.32,2251.47,0.23
1110,Exit long,2025-08-30 20:15,Close entry(s) order L,4382.71,1,4389.93,-7.22,-0.16,1.94,0.04,-13.04,-0.30,2244.25,0.22
1110,Entry long,2025-08-30 20:00,L,4389.93,1,4389.93,-7.22,-0.16,1.94,0.04,-13.04,-0.30,2244.25,0.22
1111,Exit long,2025-08-31 01:00,Close entry(s) order L,4360,1,4361.5,-1.5,-0.03,19.86,0.46,-7.26,-0.17,2242.75,0.22
1111,Entry long,2025-08-30 23:00,L,4361.5,1,4361.5,-1.5,-0.03,19.86,0.46,-7.26,-0.17,2242.75,0.22
1112,Exit long,2025-08-31 01:45,Close entry(s) order L,4353.44,1,4369.07,-15.63,-0.36,0.93,0.02,-18.69,-0.43,2227.12,0.22
1112,Entry long,2025-08-31 01:15,L,4369.07,1,4369.07,-15.63,-0.36,0.93,0.02,-18.69,-0.43,2227.12,0.22
1113,Exit long,2025-08-31 05:30,Close entry(s) order L,4344.51,1,4352.19,-7.68,-0.18,0.01,0.00,-12.73,-0.29,2219.44,0.22
1113,Entry long,2025-08-31 05:15,L,4352.19,1,4352.19,-7.68,-0.18,0.01,0.00,-12.73,-0.29,2219.44,0.22
1114,Exit long,2025-08-31 13:15,Close entry(s) order L,4455.13,1,4350.95,104.18,2.39,138.9,3.19,-3.53,-0.08,2323.62,0.23
1114,Entry long,2025-08-31 06:30,L,4350.95,1,4350.95,104.18,2.39,138.9,3.19,-3.53,-0.08,2323.62,0.23
1115,Exit long,2025-08-31 16:00,Close entry(s) order L,4448.77,1,4453,-4.23,-0.09,1.67,0.04,-4.89,-0.11,2319.39,0.23
1115,Entry long,2025-08-31 15:45,L,4453,1,4453,-4.23,-0.09,1.67,0.04,-4.89,-0.11,2319.39,0.23
1116,Exit long,2025-08-31 18:15,Close entry(s) order L,4450.41,1,4457.77,-7.36,-0.17,21.16,0.47,-10.25,-0.23,2312.03,0.23
1116,Entry long,2025-08-31 16:15,L,4457.77,1,4457.77,-7.36,-0.17,21.16,0.47,-10.25,-0.23,2312.03,0.23
1117,Exit long,2025-08-31 22:15,Close entry(s) order L,4456.27,1,4471.98,-15.71,-0.35,26.02,0.58,-23.98,-0.54,2296.32,0.23
1117,Entry long,2025-08-31 19:30,L,4471.98,1,4471.98,-15.71,-0.35,26.02,0.58,-23.98,-0.54,2296.32,0.23
1118,Exit long,2025-09-01 00:30,Close entry(s) order L,4466.18,1,4472.5,-6.32,-0.14,16.46,0.37,-11.5,-0.26,2290,0.23
1118,Entry long,2025-08-31 23:15,L,4472.5,1,4472.5,-6.32,-0.14,16.46,0.37,-11.5,-0.26,2290,0.23
1119,Exit long,2025-09-01 03:15,Close entry(s) order L,4472.09,1,4468.79,3.3,0.07,20.21,0.45,-2.68,-0.06,2293.3,0.23
1119,Entry long,2025-09-01 01:00,L,4468.79,1,4468.79,3.3,0.07,20.21,0.45,-2.68,-0.06,2293.3,0.23
1120,Exit long,2025-09-01 06:45,Close entry(s) order L,4439.88,1,4473.9,-34.02,-0.76,0,0.00,-36.15,-0.81,2259.28,0.23
1120,Entry long,2025-09-01 05:45,L,4473.9,1,4473.9,-34.02,-0.76,0,0.00,-36.15,-0.81,2259.28,0.23
1121,Exit long,2025-09-01 10:15,Close entry(s) order L,4394.93,1,4422.81,-27.88,-0.63,7.1,0.16,-33.58,-0.76,2231.4,0.22
1121,Entry long,2025-09-01 09:45,L,4422.81,1,4422.81,-27.88,-0.63,7.1,0.16,-33.58,-0.76,2231.4,0.22
1122,Exit long,2025-09-01 12:30,Close entry(s) order L,4386.8,1,4401.35,-14.55,-0.33,8.4,0.19,-21.16,-0.48,2216.85,0.22
1122,Entry long,2025-09-01 12:00,L,4401.35,1,4401.35,-14.55,-0.33,8.4,0.19,-21.16,-0.48,2216.85,0.22
1123,Exit long,2025-09-01 14:15,Close entry(s) order L,4386.71,1,4390.76,-4.05,-0.09,14.02,0.32,-18.52,-0.42,2212.8,0.22
1123,Entry long,2025-09-01 13:30,L,4390.76,1,4390.76,-4.05,-0.09,14.02,0.32,-18.52,-0.42,2212.8,0.22
1124,Exit long,2025-09-01 15:15,Close entry(s) order L,4378.81,1,4394.45,-15.64,-0.36,12.69,0.29,-16.26,-0.37,2197.16,0.22
1124,Entry long,2025-09-01 14:30,L,4394.45,1,4394.45,-15.64,-0.36,12.69,0.29,-16.26,-0.37,2197.16,0.22
1125,Exit long,2025-09-01 18:00,Close entry(s) order L,4439.16,1,4419.1,20.06,0.45,70.9,1.60,-7.1,-0.16,2217.22,0.22
1125,Entry long,2025-09-01 15:30,L,4419.1,1,4419.1,20.06,0.45,70.9,1.60,-7.1,-0.16,2217.22,0.22
1126,Exit long,2025-09-01 21:45,Close entry(s) order L,4384.88,1,4413.51,-28.63,-0.65,0.49,0.01,-30.47,-0.69,2188.59,0.22
1126,Entry long,2025-09-01 21:30,L,4413.51,1,4413.51,-28.63,-0.65,0.49,0.01,-30.47,-0.69,2188.59,0.22
1127,Exit long,2025-09-02 04:45,Close entry(s) order L,4268.82,1,4345.09,-76.27,-1.76,22.72,0.52,-76.72,-1.77,2112.32,0.21
1127,Entry long,2025-09-02 03:00,L,4345.09,1,4345.09,-76.27,-1.76,22.72,0.52,-76.72,-1.77,2112.32,0.21
1128,Exit long,2025-09-02 15:45,Close entry(s) order L,4384,1,4303,81,1.88,111.73,2.60,-22.35,-0.52,2193.32,0.22
1128,Entry long,2025-09-02 07:15,L,4303,1,4303,81,1.88,111.73,2.60,-22.35,-0.52,2193.32,0.22
1129,Exit long,2025-09-02 17:00,Close entry(s) order L,4389.99,1,4394.04,-4.05,-0.09,13.02,0.30,-8.43,-0.19,2189.27,0.22
1129,Entry long,2025-09-02 16:30,L,4394.04,1,4394.04,-4.05,-0.09,13.02,0.30,-8.43,-0.19,2189.27,0.22
1130,Exit long,2025-09-02 17:30,Close entry(s) order L,4390.89,1,4399.81,-8.92,-0.20,6.41,0.15,-10.97,-0.25,2180.35,0.22
1130,Entry long,2025-09-02 17:15,L,4399.81,1,4399.81,-8.92,-0.20,6.41,0.15,-10.97,-0.25,2180.35,0.22
1131,Exit long,2025-09-02 18:30,Close entry(s) order L,4382.98,1,4395.62,-12.64,-0.29,3.89,0.09,-13.97,-0.32,2167.71,0.22
1131,Entry long,2025-09-02 17:45,L,4395.62,1,4395.62,-12.64,-0.29,3.89,0.09,-13.97,-0.32,2167.71,0.22
1132,Exit long,2025-09-02 19:15,Close entry(s) order L,4375.68,1,4389.96,-14.28,-0.33,0.99,0.02,-14.8,-0.34,2153.43,0.22
1132,Entry long,2025-09-02 19:00,L,4389.96,1,4389.96,-14.28,-0.33,0.99,0.02,-14.8,-0.34,2153.43,0.22
1133,Exit long,2025-09-02 23:45,Close entry(s) order L,4307.7,1,4376.46,-68.76,-1.57,18.74,0.43,-78.35,-1.79,2084.67,0.21
1133,Entry long,2025-09-02 22:00,L,4376.46,1,4376.46,-68.76,-1.57,18.74,0.43,-78.35,-1.79,2084.67,0.21
1134,Exit long,2025-09-03 02:15,Close entry(s) order L,4293.88,1,4317.19,-23.31,-0.54,3.72,0.09,-36.19,-0.84,2061.36,0.21
1134,Entry long,2025-09-03 02:00,L,4317.19,1,4317.19,-23.31,-0.54,3.72,0.09,-36.19,-0.84,2061.36,0.21
1135,Exit long,2025-09-03 07:45,Close entry(s) order L,4316.65,1,4294.17,22.48,0.52,41.91,0.98,-2.78,-0.06,2083.84,0.21
1135,Entry long,2025-09-03 04:15,L,4294.17,1,4294.17,22.48,0.52,41.91,0.98,-2.78,-0.06,2083.84,0.21
1136,Exit long,2025-09-03 08:15,Close entry(s) order L,4317.71,1,4324.58,-6.87,-0.16,0.85,0.02,-13.94,-0.32,2076.97,0.21
1136,Entry long,2025-09-03 08:00,L,4324.58,1,4324.58,-6.87,-0.16,0.85,0.02,-13.94,-0.32,2076.97,0.21
1137,Exit long,2025-09-03 08:45,Close entry(s) order L,4315.85,1,4325.06,-9.21,-0.21,3.34,0.08,-13.54,-0.31,2067.76,0.21
1137,Entry long,2025-09-03 08:30,L,4325.06,1,4325.06,-9.21,-0.21,3.34,0.08,-13.54,-0.31,2067.76,0.21
1138,Exit long,2025-09-03 12:15,Close entry(s) order L,4318.84,1,4323.4,-4.56,-0.11,30.6,0.71,-13.19,-0.31,2063.2,0.21
1138,Entry long,2025-09-03 10:00,L,4323.4,1,4323.4,-4.56,-0.11,30.6,0.71,-13.19,-0.31,2063.2,0.21
1139,Exit long,2025-09-03 13:30,Close entry(s) order L,4322.81,1,4327.23,-4.42,-0.10,13.67,0.32,-12.48,-0.29,2058.78,0.21
1139,Entry long,2025-09-03 12:30,L,4327.23,1,4327.23,-4.42,-0.10,13.67,0.32,-12.48,-0.29,2058.78,0.21
1140,Exit long,2025-09-03 17:15,Close entry(s) order L,4302.91,1,4321.12,-18.21,-0.42,10.86,0.25,-20.81,-0.48,2040.57,0.20
1140,Entry long,2025-09-03 16:15,L,4321.12,1,4321.12,-18.21,-0.42,10.86,0.25,-20.81,-0.48,2040.57,0.20
1141,Exit long,2025-09-03 20:45,Close entry(s) order L,4350,1,4318.4,31.6,0.73,65.53,1.52,-4.48,-0.10,2072.17,0.21
1141,Entry long,2025-09-03 17:30,L,4318.4,1,4318.4,31.6,0.73,65.53,1.52,-4.48,-0.10,2072.17,0.21
1142,Exit long,2025-09-04 02:45,Close entry(s) order L,4459.44,1,4375.24,84.2,1.92,113.12,2.59,-5.99,-0.14,2156.37,0.22
1142,Entry long,2025-09-03 21:15,L,4375.24,1,4375.24,84.2,1.92,113.12,2.59,-5.99,-0.14,2156.37,0.22
1143,Exit long,2025-09-04 04:30,Close entry(s) order L,4465.91,1,4472.83,-6.92,-0.15,4.89,0.11,-8.07,-0.18,2149.45,0.21
1143,Entry long,2025-09-04 04:00,L,4472.83,1,4472.83,-6.92,-0.15,4.89,0.11,-8.07,-0.18,2149.45,0.21
1144,Exit long,2025-09-04 05:45,Close entry(s) order L,4454.45,1,4469.46,-15.01,-0.34,1.52,0.03,-16.9,-0.38,2134.44,0.21
1144,Entry long,2025-09-04 05:30,L,4469.46,1,4469.46,-15.01,-0.34,1.52,0.03,-16.9,-0.38,2134.44,0.21
1145,Exit long,2025-09-04 06:30,Close entry(s) order L,4460,1,4466.67,-6.67,-0.15,5.41,0.12,-7.08,-0.16,2127.77,0.21
1145,Entry long,2025-09-04 06:15,L,4466.67,1,4466.67,-6.67,-0.15,5.41,0.12,-7.08,-0.16,2127.77,0.21
1146,Exit long,2025-09-04 07:15,Close entry(s) order L,4458.62,1,4467.63,-9.01,-0.20,2.37,0.05,-11.63,-0.26,2118.76,0.21
1146,Entry long,2025-09-04 07:00,L,4467.63,1,4467.63,-9.01,-0.20,2.37,0.05,-11.63,-0.26,2118.76,0.21
1147,Exit long,2025-09-04 09:15,Close entry(s) order L,4453.06,1,4471.29,-18.23,-0.41,9.7,0.22,-22.08,-0.49,2100.53,0.21
1147,Entry long,2025-09-04 08:30,L,4471.29,1,4471.29,-18.23,-0.41,9.7,0.22,-22.08,-0.49,2100.53,0.21
1148,Exit long,2025-09-04 10:15,Close entry(s) order L,4458.71,1,4462.11,-3.4,-0.08,6.86,0.15,-6.01,-0.13,2097.13,0.21
1148,Entry long,2025-09-04 09:45,L,4462.11,1,4462.11,-3.4,-0.08,6.86,0.15,-6.01,-0.13,2097.13,0.21
1149,Exit long,2025-09-04 17:00,Close entry(s) order L,4366.83,1,4380.15,-13.32,-0.30,9.11,0.21,-18.02,-0.41,2083.81,0.21
1149,Entry long,2025-09-04 16:15,L,4380.15,1,4380.15,-13.32,-0.30,9.11,0.21,-18.02,-0.41,2083.81,0.21
1150,Exit long,2025-09-04 20:45,Close entry(s) order L,4388.02,1,4380.99,7.03,0.16,51.01,1.16,-4.97,-0.11,2090.84,0.21
1150,Entry long,2025-09-04 17:15,L,4380.99,1,4380.99,7.03,0.16,51.01,1.16,-4.97,-0.11,2090.84,0.21
1151,Exit long,2025-09-04 21:15,Close entry(s) order L,4396.18,1,4414.36,-18.18,-0.41,3.31,0.07,-20,-0.45,2072.66,0.21
1151,Entry long,2025-09-04 21:00,L,4414.36,1,4414.36,-18.18,-0.41,3.31,0.07,-20,-0.45,2072.66,0.21
1152,Exit long,2025-09-05 01:45,Close entry(s) order L,4301.01,1,4315.82,-14.81,-0.34,0.75,0.02,-15.82,-0.37,2057.85,0.21
1152,Entry long,2025-09-05 01:30,L,4315.82,1,4315.82,-14.81,-0.34,0.75,0.02,-15.82,-0.37,2057.85,0.21
1153,Exit long,2025-09-05 02:30,Close entry(s) order L,4278.69,1,4307.78,-29.09,-0.68,7.14,0.17,-31.46,-0.73,2028.76,0.20
1153,Entry long,2025-09-05 02:15,L,4307.78,1,4307.78,-29.09,-0.68,7.14,0.17,-31.46,-0.73,2028.76,0.20
1154,Exit long,2025-09-05 07:45,Close entry(s) order L,4315.35,1,4294.31,21.04,0.49,56.92,1.33,-4.98,-0.12,2049.8,0.20
1154,Entry long,2025-09-05 04:15,L,4294.31,1,4294.31,21.04,0.49,56.92,1.33,-4.98,-0.12,2049.8,0.20
1155,Exit long,2025-09-05 10:45,Close entry(s) order L,4307.62,1,4318.91,-11.29,-0.26,14.52,0.34,-23.26,-0.54,2038.51,0.20
1155,Entry long,2025-09-05 09:30,L,4318.91,1,4318.91,-11.29,-0.26,14.52,0.34,-23.26,-0.54,2038.51,0.20
1156,Exit long,2025-09-05 11:15,Close entry(s) order L,4303.42,1,4321.59,-18.17,-0.42,0.39,0.01,-18.59,-0.43,2020.34,0.20
1156,Entry long,2025-09-05 11:00,L,4321.59,1,4321.59,-18.17,-0.42,0.39,0.01,-18.59,-0.43,2020.34,0.20
1157,Exit long,2025-09-05 22:15,Close entry(s) order L,4400.01,1,4312.5,87.51,2.03,181.95,4.22,-1.94,-0.04,2107.85,0.21
1157,Entry long,2025-09-05 11:45,L,4312.5,1,4312.5,87.51,2.03,181.95,4.22,-1.94,-0.04,2107.85,0.21
1158,Exit long,2025-09-06 05:30,Close entry(s) order L,4301.15,1,4295.81,5.34,0.12,45.07,1.05,-10.81,-0.25,2113.19,0.21
1158,Entry long,2025-09-06 02:30,L,4295.81,1,4295.81,5.34,0.12,45.07,1.05,-10.81,-0.25,2113.19,0.21
1159,Exit long,2025-09-06 10:15,Close entry(s) order L,4308.2,1,4314.27,-6.07,-0.14,12.73,0.30,-9.27,-0.21,2107.12,0.21
1159,Entry long,2025-09-06 08:30,L,4314.27,1,4314.27,-6.07,-0.14,12.73,0.30,-9.27,-0.21,2107.12,0.21
1160,Exit long,2025-09-06 12:15,Close entry(s) order L,4308.96,1,4321.22,-12.26,-0.28,2.09,0.05,-12.56,-0.29,2094.86,0.21
1160,Entry long,2025-09-06 11:00,L,4321.22,1,4321.22,-12.26,-0.28,2.09,0.05,-12.56,-0.29,2094.86,0.21
1161,Exit long,2025-09-06 17:15,Close entry(s) order L,4295.78,1,4306.5,-10.72,-0.25,6.86,0.16,-13.18,-0.31,2084.14,0.21
1161,Entry long,2025-09-06 15:15,L,4306.5,1,4306.5,-10.72,-0.25,6.86,0.16,-13.18,-0.31,2084.14,0.21
1162,Exit long,2025-09-06 19:00,Close entry(s) order L,4299.07,1,4301.17,-2.1,-0.05,0.34,0.01,-6.17,-0.14,2082.04,0.21
1162,Entry long,2025-09-06 18:45,L,4301.17,1,4301.17,-2.1,-0.05,0.34,0.01,-6.17,-0.14,2082.04,0.21
1163,Exit long,2025-09-06 20:45,Close entry(s) order L,4295.11,1,4298.08,-2.97,-0.07,9.02,0.21,-7.75,-0.18,2079.07,0.21
1163,Entry long,2025-09-06 20:00,L,4298.08,1,4298.08,-2.97,-0.07,9.02,0.21,-7.75,-0.18,2079.07,0.21
1164,Exit long,2025-09-06 21:45,Close entry(s) order L,4291.71,1,4297.5,-5.79,-0.13,3.17,0.07,-8.38,-0.19,2073.28,0.21
1164,Entry long,2025-09-06 21:00,L,4297.5,1,4297.5,-5.79,-0.13,3.17,0.07,-8.38,-0.19,2073.28,0.21
1165,Exit long,2025-09-06 23:00,Close entry(s) order L,4294.19,1,4295.74,-1.55,-0.04,4.26,0.10,-5.24,-0.12,2071.73,0.21
1165,Entry long,2025-09-06 22:30,L,4295.74,1,4295.74,-1.55,-0.04,4.26,0.10,-5.24,-0.12,2071.73,0.21
1166,Exit long,2025-09-07 01:30,Close entry(s) order L,4275.31,1,4287.52,-12.21,-0.28,2.78,0.06,-13.89,-0.32,2059.52,0.21
1166,Entry long,2025-09-07 01:00,L,4287.52,1,4287.52,-12.21,-0.28,2.78,0.06,-13.89,-0.32,2059.52,0.21
1167,Exit long,2025-09-07 02:45,Close entry(s) order L,4269.97,1,4280.94,-10.97,-0.26,1.49,0.03,-13.9,-0.32,2048.55,0.20
1167,Entry long,2025-09-07 02:15,L,4280.94,1,4280.94,-10.97,-0.26,1.49,0.03,-13.9,-0.32,2048.55,0.20
1168,Exit long,2025-09-07 03:15,Close entry(s) order L,4271.22,1,4276.87,-5.65,-0.13,2.98,0.07,-6.35,-0.15,2042.9,0.20
1168,Entry long,2025-09-07 03:00,L,4276.87,1,4276.87,-5.65,-0.13,2.98,0.07,-6.35,-0.15,2042.9,0.20
1169,Exit long,2025-09-07 07:45,Close entry(s) order L,4273.27,1,4271.17,2.1,0.05,15.4,0.36,-4.95,-0.12,2045,0.20
1169,Entry long,2025-09-07 04:45,L,4271.17,1,4271.17,2.1,0.05,15.4,0.36,-4.95,-0.12,2045,0.20
1170,Exit long,2025-09-07 08:30,Close entry(s) order L,4272.56,1,4277.06,-4.5,-0.11,0.41,0.01,-4.5,-0.11,2040.5,0.20
1170,Entry long,2025-09-07 08:15,L,4277.06,1,4277.06,-4.5,-0.11,0.41,0.01,-4.5,-0.11,2040.5,0.20
1171,Exit long,2025-09-07 12:15,Close entry(s) order L,4290.99,1,4283.67,7.32,0.17,18.84,0.44,-3.66,-0.09,2047.82,0.20
1171,Entry long,2025-09-07 08:45,L,4283.67,1,4283.67,7.32,0.17,18.84,0.44,-3.66,-0.09,2047.82,0.20
1172,Exit long,2025-09-07 13:45,Close entry(s) order L,4292.6,1,4299.28,-6.68,-0.16,2.74,0.06,-6.68,-0.16,2041.14,0.20
1172,Entry long,2025-09-07 13:00,L,4299.28,1,4299.28,-6.68,-0.16,2.74,0.06,-6.68,-0.16,2041.14,0.20
1173,Exit long,2025-09-07 17:45,Close entry(s) order L,4292.55,1,4297.26,-4.71,-0.11,16.73,0.39,-7.53,-0.18,2036.43,0.20
1173,Entry long,2025-09-07 15:45,L,4297.26,1,4297.26,-4.71,-0.11,16.73,0.39,-7.53,-0.18,2036.43,0.20
1174,Exit long,2025-09-07 20:15,Close entry(s) order L,4298,1,4297.83,0.17,0.00,10.94,0.25,-2.83,-0.07,2036.6,0.20
1174,Entry long,2025-09-07 18:00,L,4297.83,1,4297.83,0.17,0.00,10.94,0.25,-2.83,-0.07,2036.6,0.20
1175,Exit long,2025-09-07 22:30,Close entry(s) order L,4298.99,1,4300.44,-1.45,-0.03,8.04,0.19,-5.64,-0.13,2035.15,0.20
1175,Entry long,2025-09-07 21:45,L,4300.44,1,4300.44,-1.45,-0.03,8.04,0.19,-5.64,-0.13,2035.15,0.20
1176,Exit long,2025-09-07 23:00,Close entry(s) order L,4298.03,1,4309.12,-11.09,-0.26,0.01,0.00,-13.83,-0.32,2024.06,0.20
1176,Entry long,2025-09-07 22:45,L,4309.12,1,4309.12,-11.09,-0.26,0.01,0.00,-13.83,-0.32,2024.06,0.20
1177,Exit long,2025-09-08 00:00,Close entry(s) order L,4297.17,1,4302.72,-5.55,-0.13,0.39,0.01,-7.72,-0.18,2018.51,0.20
1177,Entry long,2025-09-07 23:45,L,4302.72,1,4302.72,-5.55,-0.13,0.39,0.01,-7.72,-0.18,2018.51,0.20
1178,Exit long,2025-09-08 08:15,Close entry(s) order L,4301.74,1,4293.95,7.79,0.18,42.1,0.98,-14.93,-0.35,2026.3,0.20
1178,Entry long,2025-09-08 03:45,L,4293.95,1,4293.95,7.79,0.18,42.1,0.98,-14.93,-0.35,2026.3,0.20
1179,Exit long,2025-09-08 09:00,Close entry(s) order L,4296.76,1,4314.79,-18.03,-0.42,2.2,0.05,-21.79,-0.51,2008.27,0.20
1179,Entry long,2025-09-08 08:30,L,4314.79,1,4314.79,-18.03,-0.42,2.2,0.05,-21.79,-0.51,2008.27,0.20
1180,Exit long,2025-09-08 13:00,Close entry(s) order L,4295.61,1,4301.19,-5.58,-0.13,28.31,0.66,-8.14,-0.19,2002.69,0.20
1180,Entry long,2025-09-08 10:45,L,4301.19,1,4301.19,-5.58,-0.13,28.31,0.66,-8.14,-0.19,2002.69,0.20
1181,Exit long,2025-09-08 15:45,Close entry(s) order L,4293.25,1,4303.9,-10.65,-0.25,6.1,0.14,-14.9,-0.35,1992.04,0.20
1181,Entry long,2025-09-08 15:30,L,4303.9,1,4303.9,-10.65,-0.25,6.1,0.14,-14.9,-0.35,1992.04,0.20
1182,Exit long,2025-09-08 19:30,Close entry(s) order L,4302.46,1,4300.38,2.08,0.05,36.44,0.85,-6.88,-0.16,1994.12,0.20
1182,Entry long,2025-09-08 16:45,L,4300.38,1,4300.38,2.08,0.05,36.44,0.85,-6.88,-0.16,1994.12,0.20
1183,Exit long,2025-09-08 22:00,Close entry(s) order L,4318.14,1,4319.58,-1.44,-0.03,42.44,0.98,-6.58,-0.15,1992.68,0.20
1183,Entry long,2025-09-08 20:45,L,4319.58,1,4319.58,-1.44,-0.03,42.44,0.98,-6.58,-0.15,1992.68,0.20
1184,Exit long,2025-09-09 00:45,Close entry(s) order L,4345,1,4325.33,19.67,0.45,57.42,1.33,-8.72,-0.20,2012.35,0.20
1184,Entry long,2025-09-08 22:15,L,4325.33,1,4325.33,19.67,0.45,57.42,1.33,-8.72,-0.20,2012.35,0.20
1185,Exit long,2025-09-09 07:30,Close entry(s) order L,4301.5,1,4305.94,-4.44,-0.10,25.06,0.58,-11.43,-0.27,2007.91,0.20
1185,Entry long,2025-09-09 05:30,L,4305.94,1,4305.94,-4.44,-0.10,25.06,0.58,-11.43,-0.27,2007.91,0.20
1186,Exit long,2025-09-09 17:15,Close entry(s) order L,4355,1,4294.1,60.9,1.42,86.67,2.02,-3.03,-0.07,2068.81,0.21
1186,Entry long,2025-09-09 11:15,L,4294.1,1,4294.1,60.9,1.42,86.67,2.02,-3.03,-0.07,2068.81,0.21
1187,Exit long,2025-09-09 17:45,Close entry(s) order L,4359.71,1,4364.51,-4.8,-0.11,0.49,0.01,-6.51,-0.15,2064.01,0.21
1187,Entry long,2025-09-09 17:30,L,4364.51,1,4364.51,-4.8,-0.11,0.49,0.01,-6.51,-0.15,2064.01,0.21
1188,Exit long,2025-09-09 20:45,Close entry(s) order L,4347.2,1,4355,-7.8,-0.18,11.43,0.26,-9.43,-0.22,2056.21,0.21
1188,Entry long,2025-09-09 20:15,L,4355,1,4355,-7.8,-0.18,11.43,0.26,-9.43,-0.22,2056.21,0.21
1189,Exit long,2025-09-09 22:00,Close entry(s) order L,4344.99,1,4356.14,-11.15,-0.26,2.98,0.07,-20.49,-0.47,2045.06,0.20
1189,Entry long,2025-09-09 21:45,L,4356.14,1,4356.14,-11.15,-0.26,2.98,0.07,-20.49,-0.47,2045.06,0.20
1190,Exit long,2025-09-10 02:45,Close entry(s) order L,4280.95,1,4288.33,-7.38,-0.17,0,0.00,-7.73,-0.18,2037.68,0.20
1190,Entry long,2025-09-10 02:30,L,4288.33,1,4288.33,-7.38,-0.17,0,0.00,-7.73,-0.18,2037.68,0.20
1191,Exit long,2025-09-10 04:15,Close entry(s) order L,4285.41,1,4284.63,0.78,0.02,13.36,0.31,-2.63,-0.06,2038.46,0.20
1191,Entry long,2025-09-10 03:00,L,4284.63,1,4284.63,0.78,0.02,13.36,0.31,-2.63,-0.06,2038.46,0.20
1192,Exit long,2025-09-10 08:30,Close entry(s) order L,4296.21,1,4302.98,-6.77,-0.16,15.73,0.37,-10.57,-0.25,2031.69,0.20
1192,Entry long,2025-09-10 05:00,L,4302.98,1,4302.98,-6.77,-0.16,15.73,0.37,-10.57,-0.25,2031.69,0.20
1193,Exit long,2025-09-10 12:45,Close entry(s) order L,4308.92,1,4311.43,-2.51,-0.06,14.1,0.33,-6.6,-0.15,2029.18,0.20
1193,Entry long,2025-09-10 10:15,L,4311.43,1,4311.43,-2.51,-0.06,14.1,0.33,-6.6,-0.15,2029.18,0.20
1194,Exit long,2025-09-10 14:00,Close entry(s) order L,4306.32,1,4314.68,-8.36,-0.19,1.93,0.04,-22.02,-0.51,2020.82,0.20
1194,Entry long,2025-09-10 13:45,L,4314.68,1,4314.68,-8.36,-0.19,1.93,0.04,-22.02,-0.51,2020.82,0.20
1195,Exit long,2025-09-10 17:15,Close entry(s) order L,4316.58,1,4312.9,3.68,0.09,20.11,0.47,-7.33,-0.17,2024.5,0.20
1195,Entry long,2025-09-10 14:45,L,4312.9,1,4312.9,3.68,0.09,20.11,0.47,-7.33,-0.17,2024.5,0.20
1196,Exit long,2025-09-10 18:15,Close entry(s) order L,4321.47,1,4322.87,-1.4,-0.03,2.63,0.06,-3.87,-0.09,2023.1,0.20
1196,Entry long,2025-09-10 18:00,L,4322.87,1,4322.87,-1.4,-0.03,2.63,0.06,-3.87,-0.09,2023.1,0.20
1197,Exit long,2025-09-10 19:45,Close entry(s) order L,4322.88,1,4327.2,-4.32,-0.10,4.1,0.09,-7.07,-0.16,2018.78,0.20
1197,Entry long,2025-09-10 18:30,L,4327.2,1,4327.2,-4.32,-0.10,4.1,0.09,-7.07,-0.16,2018.78,0.20
1198,Exit long,2025-09-11 00:15,Close entry(s) order L,4381.54,1,4329.58,51.96,1.20,123.98,2.86,-1.58,-0.04,2070.74,0.21
1198,Entry long,2025-09-10 20:00,L,4329.58,1,4329.58,51.96,1.20,123.98,2.86,-1.58,-0.04,2070.74,0.21
1199,Exit long,2025-09-11 08:15,Close entry(s) order L,4336.86,1,4337.51,-0.65,-0.01,17.18,0.40,-8.48,-0.20,2070.09,0.21
1199,Entry long,2025-09-11 05:15,L,4337.51,1,4337.51,-0.65,-0.01,17.18,0.40,-8.48,-0.20,2070.09,0.21
1200,Exit long,2025-09-11 17:00,Close entry(s) order L,4429.97,1,4345.61,84.36,1.94,104.66,2.41,-7.34,-0.17,2154.45,0.22
1200,Entry long,2025-09-11 08:30,L,4345.61,1,4345.61,84.36,1.94,104.66,2.41,-7.34,-0.17,2154.45,0.22
1201,Exit long,2025-09-11 20:45,Close entry(s) order L,4413.23,1,4426.38,-13.15,-0.30,57.06,1.29,-97.5,-2.20,2141.3,0.21
1201,Entry long,2025-09-11 19:00,L,4426.38,1,4426.38,-13.15,-0.30,57.06,1.29,-97.5,-2.20,2141.3,0.21
1202,Exit long,2025-09-11 22:15,Close entry(s) order L,4409.53,1,4435.78,-26.25,-0.59,1.21,0.03,-27.59,-0.62,2115.05,0.21
1202,Entry long,2025-09-11 22:00,L,4435.78,1,4435.78,-26.25,-0.59,1.21,0.03,-27.59,-0.62,2115.05,0.21
1203,Exit long,2025-09-11 23:15,Close entry(s) order L,4418.72,1,4428.31,-9.59,-0.22,2.97,0.07,-12.6,-0.28,2105.46,0.21
1203,Entry long,2025-09-11 22:45,L,4428.31,1,4428.31,-9.59,-0.22,2.97,0.07,-12.6,-0.28,2105.46,0.21
1204,Exit long,2025-09-12 00:30,Close entry(s) order L,4409.53,1,4418.63,-9.1,-0.21,5.85,0.13,-9.14,-0.21,2096.36,0.21
1204,Entry long,2025-09-12 00:15,L,4418.63,1,4418.63,-9.1,-0.21,5.85,0.13,-9.14,-0.21,2096.36,0.21
1205,Exit long,2025-09-12 02:30,Close entry(s) order L,4414.54,1,4416.12,-1.58,-0.04,23.88,0.54,-9.46,-0.21,2094.78,0.21
1205,Entry long,2025-09-12 00:45,L,4416.12,1,4416.12,-1.58,-0.04,23.88,0.54,-9.46,-0.21,2094.78,0.21
1206,Exit long,2025-09-12 03:00,Close entry(s) order L,4417.99,1,4421.56,-3.57,-0.08,0.95,0.02,-9.88,-0.22,2091.21,0.21
1206,Entry long,2025-09-12 02:45,L,4421.56,1,4421.56,-3.57,-0.08,0.95,0.02,-9.88,-0.22,2091.21,0.21
1207,Exit long,2025-09-12 04:15,Close entry(s) order L,4413.81,1,4421.36,-7.55,-0.17,7.64,0.17,-7.84,-0.18,2083.66,0.21
1207,Entry long,2025-09-12 03:30,L,4421.36,1,4421.36,-7.55,-0.17,7.64,0.17,-7.84,-0.18,2083.66,0.21
1208,Exit long,2025-09-12 11:30,Close entry(s) order L,4500,1,4421.45,78.55,1.78,117.15,2.65,-2.55,-0.06,2162.21,0.22
1208,Entry long,2025-09-12 05:45,L,4421.45,1,4421.45,78.55,1.78,117.15,2.65,-2.55,-0.06,2162.21,0.22
1209,Exit long,2025-09-12 15:45,Close entry(s) order L,4527.73,1,4516,11.73,0.26,46,1.02,-3.77,-0.08,2173.94,0.22
1209,Entry long,2025-09-12 12:30,L,4516,1,4516,11.73,0.26,46,1.02,-3.77,-0.08,2173.94,0.22
1210,Exit long,2025-09-12 20:15,Close entry(s) order L,4510.59,1,4519.23,-8.64,-0.19,15.53,0.34,-17.57,-0.39,2165.3,0.22
1210,Entry long,2025-09-12 19:15,L,4519.23,1,4519.23,-8.64,-0.19,15.53,0.34,-17.57,-0.39,2165.3,0.22
1211,Exit long,2025-09-12 20:45,Close entry(s) order L,4517.03,1,4517.56,-0.53,-0.01,1.46,0.03,-7.56,-0.17,2164.77,0.22
1211,Entry long,2025-09-12 20:30,L,4517.56,1,4517.56,-0.53,-0.01,1.46,0.03,-7.56,-0.17,2164.77,0.22
1212,Exit long,2025-09-12 21:30,Close entry(s) order L,4517.01,1,4524.96,-7.95,-0.18,3.39,0.07,-9.71,-0.21,2156.82,0.22
1212,Entry long,2025-09-12 21:00,L,4524.96,1,4524.96,-7.95,-0.18,3.39,0.07,-9.71,-0.21,2156.82,0.22
1213,Exit long,2025-09-12 22:45,Close entry(s) order L,4523.25,1,4537.98,-14.73,-0.32,32.02,0.71,-15.98,-0.35,2142.09,0.21
1213,Entry long,2025-09-12 22:00,L,4537.98,1,4537.98,-14.73,-0.32,32.02,0.71,-15.98,-0.35,2142.09,0.21
1214,Exit long,2025-09-13 10:00,Close entry(s) order L,4698.32,1,4545.16,153.16,3.37,204.84,4.51,-18.86,-0.41,2295.25,0.23
1214,Entry long,2025-09-12 23:00,L,4545.16,1,4545.16,153.16,3.37,204.84,4.51,-18.86,-0.41,2295.25,0.23
1215,Exit long,2025-09-13 10:45,Close entry(s) order L,4702.33,1,4707.65,-5.32,-0.11,3.25,0.07,-9.61,-0.20,2289.93,0.23
1215,Entry long,2025-09-13 10:15,L,4707.65,1,4707.65,-5.32,-0.11,3.25,0.07,-9.61,-0.20,2289.93,0.23
1216,Exit long,2025-09-13 13:30,Close entry(s) order L,4719.95,1,4711.37,8.58,0.18,56.63,1.20,-2.36,-0.05,2298.51,0.23
1216,Entry long,2025-09-13 11:15,L,4711.37,1,4711.37,8.58,0.18,56.63,1.20,-2.36,-0.05,2298.51,0.23
1217,Exit long,2025-09-13 18:30,Close entry(s) order L,4718.32,1,4722.09,-3.77,-0.08,16.24,0.34,-4.09,-0.09,2294.74,0.23
1217,Entry long,2025-09-13 16:45,L,4722.09,1,4722.09,-3.77,-0.08,16.24,0.34,-4.09,-0.09,2294.74,0.23
1218,Exit long,2025-09-13 20:00,Close entry(s) order L,4717.86,1,4722.06,-4.2,-0.09,0,0.00,-5.11,-0.11,2290.54,0.23
1218,Entry long,2025-09-13 19:45,L,4722.06,1,4722.06,-4.2,-0.09,0,0.00,-5.11,-0.11,2290.54,0.23
1219,Exit long,2025-09-13 21:00,Close entry(s) order L,4718.81,1,4722,-3.19,-0.07,1.71,0.04,-3.2,-0.07,2287.35,0.23
1219,Entry long,2025-09-13 20:45,L,4722,1,4722,-3.19,-0.07,1.71,0.04,-3.2,-0.07,2287.35,0.23
1220,Exit long,2025-09-13 21:45,Close entry(s) order L,4710.01,1,4722.49,-12.48,-0.26,0.29,0.01,-12.49,-0.26,2274.87,0.23
1220,Entry long,2025-09-13 21:30,L,4722.49,1,4722.49,-12.48,-0.26,0.29,0.01,-12.49,-0.26,2274.87,0.23
1221,Exit long,2025-09-14 09:15,Close entry(s) order L,4653.33,1,4645.65,7.68,0.17,33.33,0.72,-13.2,-0.28,2282.55,0.23
1221,Entry long,2025-09-14 02:30,L,4645.65,1,4645.65,7.68,0.17,33.33,0.72,-13.2,-0.28,2282.55,0.23
1222,Exit long,2025-09-14 11:45,Close entry(s) order L,4670.79,1,4663.79,7,0.15,27.51,0.59,-3.79,-0.08,2289.55,0.23
1222,Entry long,2025-09-14 09:45,L,4663.79,1,4663.79,7,0.15,27.51,0.59,-3.79,-0.08,2289.55,0.23
1223,Exit long,2025-09-14 14:45,Close entry(s) order L,4660.51,1,4674.73,-14.22,-0.30,5.26,0.11,-15.16,-0.32,2275.33,0.23
1223,Entry long,2025-09-14 13:30,L,4674.73,1,4674.73,-14.22,-0.30,5.26,0.11,-15.16,-0.32,2275.33,0.23
1224,Exit long,2025-09-14 18:30,Close entry(s) order L,4656.38,1,4665.53,-9.15,-0.20,7.08,0.15,-10.97,-0.24,2266.18,0.23
1224,Entry long,2025-09-14 17:30,L,4665.53,1,4665.53,-9.15,-0.20,7.08,0.15,-10.97,-0.24,2266.18,0.23
1225,Exit long,2025-09-14 19:30,Close entry(s) order L,4638.14,1,4660.59,-22.45,-0.48,1.36,0.03,-25.33,-0.54,2243.73,0.22
1225,Entry long,2025-09-14 19:15,L,4660.59,1,4660.59,-22.45,-0.48,1.36,0.03,-25.33,-0.54,2243.73,0.22
1226,Exit long,2025-09-15 01:00,Close entry(s) order L,4595.14,1,4605,-9.86,-0.21,4.12,0.09,-13.22,-0.29,2233.87,0.22
1226,Entry long,2025-09-15 00:30,L,4605,1,4605,-9.86,-0.21,4.12,0.09,-13.22,-0.29,2233.87,0.22
1227,Exit long,2025-09-15 03:00,Close entry(s) order L,4602.09,1,4603.71,-1.62,-0.04,24.29,0.53,-5.18,-0.11,2232.25,0.22
1227,Entry long,2025-09-15 01:15,L,4603.71,1,4603.71,-1.62,-0.04,24.29,0.53,-5.18,-0.11,2232.25,0.22
1228,Exit long,2025-09-15 05:00,Close entry(s) order L,4614.93,1,4610,4.93,0.11,16.5,0.36,-1.91,-0.04,2237.18,0.22
1228,Entry long,2025-09-15 03:15,L,4610,1,4610,4.93,0.11,16.5,0.36,-1.91,-0.04,2237.18,0.22
1229,Exit long,2025-09-15 05:30,Close entry(s) order L,4613.53,1,4615.7,-2.17,-0.05,5.78,0.13,-2.17,-0.05,2235.01,0.22
1229,Entry long,2025-09-15 05:15,L,4615.7,1,4615.7,-2.17,-0.05,5.78,0.13,-2.17,-0.05,2235.01,0.22
1230,Exit long,2025-09-15 06:15,Close entry(s) order L,4617.53,1,4633.09,-15.56,-0.34,1.91,0.04,-24.43,-0.53,2219.45,0.22
1230,Entry long,2025-09-15 05:45,L,4633.09,1,4633.09,-15.56,-0.34,1.91,0.04,-24.43,-0.53,2219.45,0.22
1231,Exit long,2025-09-15 07:15,Close entry(s) order L,4610.58,1,4629.71,-19.13,-0.41,5.01,0.11,-23.49,-0.51,2200.32,0.22
1231,Entry long,2025-09-15 06:45,L,4629.71,1,4629.71,-19.13,-0.41,5.01,0.11,-23.49,-0.51,2200.32,0.22
1232,Exit long,2025-09-15 14:45,Close entry(s) order L,4637.18,1,4615.19,21.99,0.48,52.81,1.14,-6.58,-0.14,2222.31,0.22
1232,Entry long,2025-09-15 09:45,L,4615.19,1,4615.19,21.99,0.48,52.81,1.14,-6.58,-0.14,2222.31,0.22
1233,Exit long,2025-09-15 20:30,Close entry(s) order L,4512.65,1,4530.94,-18.29,-0.40,3.91,0.09,-20.87,-0.46,2204.02,0.22
1233,Entry long,2025-09-15 19:45,L,4530.94,1,4530.94,-18.29,-0.40,3.91,0.09,-20.87,-0.46,2204.02,0.22
1234,Exit long,2025-09-15 21:00,Close entry(s) order L,4513.33,1,4526.4,-13.07,-0.29,0.22,0.00,-18.99,-0.42,2190.95,0.22
1234,Entry long,2025-09-15 20:45,L,4526.4,1,4526.4,-13.07,-0.29,0.22,0.00,-18.99,-0.42,2190.95,0.22
1235,Exit long,2025-09-15 21:45,Close entry(s) order L,4495.91,1,4526.08,-30.17,-0.67,14.06,0.31,-37.31,-0.82,2160.78,0.22
1235,Entry long,2025-09-15 21:30,L,4526.08,1,4526.08,-30.17,-0.67,14.06,0.31,-37.31,-0.82,2160.78,0.22
1236,Exit long,2025-09-15 23:00,Close entry(s) order L,4508.82,1,4525.83,-17.01,-0.38,2.17,0.05,-17.43,-0.39,2143.77,0.21
1236,Entry long,2025-09-15 22:30,L,4525.83,1,4525.83,-17.01,-0.38,2.17,0.05,-17.43,-0.39,2143.77,0.21
1237,Exit long,2025-09-16 01:00,Close entry(s) order L,4493.14,1,4508.85,-15.71,-0.35,0,0.00,-21.85,-0.48,2128.06,0.21
1237,Entry long,2025-09-16 00:45,L,4508.85,1,4508.85,-15.71,-0.35,0,0.00,-21.85,-0.48,2128.06,0.21
1238,Exit long,2025-09-16 02:15,Close entry(s) order L,4492.04,1,4507.51,-15.47,-0.34,3.99,0.09,-17.51,-0.39,2112.59,0.21
1238,Entry long,2025-09-16 02:00,L,4507.51,1,4507.51,-15.47,-0.34,3.99,0.09,-17.51,-0.39,2112.59,0.21
1239,Exit long,2025-09-16 03:30,Close entry(s) order L,4485.14,1,4499.07,-13.93,-0.31,13.25,0.29,-17.16,-0.38,2098.66,0.21
1239,Entry long,2025-09-16 03:00,L,4499.07,1,4499.07,-13.93,-0.31,13.25,0.29,-17.16,-0.38,2098.66,0.21
1240,Exit long,2025-09-16 04:00,Close entry(s) order L,4491.79,1,4494.66,-2.87,-0.06,7.14,0.16,-8.9,-0.20,2095.79,0.21
1240,Entry long,2025-09-16 03:45,L,4494.66,1,4494.66,-2.87,-0.06,7.14,0.16,-8.9,-0.20,2095.79,0.21
1241,Exit long,2025-09-16 08:15,Close entry(s) order L,4514.55,1,4499.05,15.5,0.34,28.95,0.64,-1.8,-0.04,2111.29,0.21
1241,Entry long,2025-09-16 04:15,L,4499.05,1,4499.05,15.5,0.34,28.95,0.64,-1.8,-0.04,2111.29,0.21
1242,Exit long,2025-09-16 10:00,Close entry(s) order L,4515.74,1,4523.6,-7.86,-0.17,12.71,0.28,-10.87,-0.24,2103.43,0.21
1242,Entry long,2025-09-16 09:15,L,4523.6,1,4523.6,-7.86,-0.17,12.71,0.28,-10.87,-0.24,2103.43,0.21
1243,Exit long,2025-09-16 10:45,Close entry(s) order L,4516.7,1,4526,-9.3,-0.21,4,0.09,-10.5,-0.23,2094.13,0.21
1243,Entry long,2025-09-16 10:15,L,4526,1,4526,-9.3,-0.21,4,0.09,-10.5,-0.23,2094.13,0.21
1244,Exit long,2025-09-16 12:00,Close entry(s) order L,4518.97,1,4523.92,-4.95,-0.11,1.07,0.02,-5.35,-0.12,2089.18,0.21
1244,Entry long,2025-09-16 11:45,L,4523.92,1,4523.92,-4.95,-0.11,1.07,0.02,-5.35,-0.12,2089.18,0.21
1245,Exit long,2025-09-16 14:30,Close entry(s) order L,4514.39,1,4526.07,-11.68,-0.26,8.8,0.19,-16.07,-0.36,2077.5,0.21
1245,Entry long,2025-09-16 13:15,L,4526.07,1,4526.07,-11.68,-0.26,8.8,0.19,-16.07,-0.36,2077.5,0.21
1246,Exit long,2025-09-16 16:30,Close entry(s) order L,4511.51,1,4525.56,-14.05,-0.31,4.34,0.10,-15.56,-0.34,2063.45,0.21
1246,Entry long,2025-09-16 16:15,L,4525.56,1,4525.56,-14.05,-0.31,4.34,0.10,-15.56,-0.34,2063.45,0.21
1247,Exit long,2025-09-16 18:15,Close entry(s) order L,4508,1,4509.37,-1.37,-0.03,3.35,0.07,-5.56,-0.12,2062.08,0.21
1247,Entry long,2025-09-16 18:00,L,4509.37,1,4509.37,-1.37,-0.03,3.35,0.07,-5.56,-0.12,2062.08,0.21
1248,Exit long,2025-09-16 21:45,Close entry(s) order L,4452.95,1,4506.71,-53.76,-1.19,4.1,0.09,-55.23,-1.23,2008.32,0.20
1248,Entry long,2025-09-16 21:30,L,4506.71,1,4506.71,-53.76,-1.19,4.1,0.09,-55.23,-1.23,2008.32,0.20
1249,Exit long,2025-09-17 00:15,Close entry(s) order L,4456.97,1,4465.73,-8.76,-0.20,3.94,0.09,-11.16,-0.25,1999.56,0.20
1249,Entry long,2025-09-17 00:00,L,4465.73,1,4465.73,-8.76,-0.20,3.94,0.09,-11.16,-0.25,1999.56,0.20
1250,Exit long,2025-09-17 02:45,Close entry(s) order L,4468,1,4460.53,7.47,0.17,48.24,1.08,-8.33,-0.19,2007.03,0.20
1250,Entry long,2025-09-17 00:30,L,4460.53,1,4460.53,7.47,0.17,48.24,1.08,-8.33,-0.19,2007.03,0.20
1251,Exit long,2025-09-17 07:45,Close entry(s) order L,4497.64,1,4481.54,16.1,0.36,41.65,0.93,-10.08,-0.22,2023.13,0.20
1251,Entry long,2025-09-17 03:15,L,4481.54,1,4481.54,16.1,0.36,41.65,0.93,-10.08,-0.22,2023.13,0.20
1252,Exit long,2025-09-17 09:45,Close entry(s) order L,4504.6,1,4509.71,-5.11,-0.11,8.29,0.18,-9.7,-0.22,2018.02,0.20
1252,Entry long,2025-09-17 08:30,L,4509.71,1,4509.71,-5.11,-0.11,8.29,0.18,-9.7,-0.22,2018.02,0.20
1253,Exit long,2025-09-17 11:45,Close entry(s) order L,4502.83,1,4511.89,-9.06,-0.20,39.6,0.88,-9.76,-0.22,2008.96,0.20
1253,Entry long,2025-09-17 10:00,L,4511.89,1,4511.89,-9.06,-0.20,39.6,0.88,-9.76,-0.22,2008.96,0.20
1254,Exit long,2025-09-17 16:15,Close entry(s) order L,4515.08,1,4512.39,2.69,0.06,41.7,0.92,-10.9,-0.24,2011.65,0.20
1254,Entry long,2025-09-17 14:00,L,4512.39,1,4512.39,2.69,0.06,41.7,0.92,-10.9,-0.24,2011.65,0.20
1255,Exit long,2025-09-17 21:45,Close entry(s) order L,4487.79,1,4504.15,-16.36,-0.36,8.02,0.18,-23.05,-0.51,1995.29,0.20
1255,Entry long,2025-09-17 20:30,L,4504.15,1,4504.15,-16.36,-0.36,8.02,0.18,-23.05,-0.51,1995.29,0.20
1256,Exit long,2025-09-17 22:30,Close entry(s) order L,4472.55,1,4494.09,-21.54,-0.48,7.91,0.18,-29.09,-0.65,1973.75,0.20
1256,Entry long,2025-09-17 22:00,L,4494.09,1,4494.09,-21.54,-0.48,7.91,0.18,-29.09,-0.65,1973.75,0.20
1257,Exit long,2025-09-17 23:30,Close entry(s) order L,4480.01,1,4494.39,-14.38,-0.32,2.95,0.07,-14.39,-0.32,1959.37,0.20
1257,Entry long,2025-09-17 23:15,L,4494.39,1,4494.39,-14.38,-0.32,2.95,0.07,-14.39,-0.32,1959.37,0.20
1258,Exit long,2025-09-18 02:00,Close entry(s) order L,4426,1,4508.74,-82.74,-1.84,18.26,0.40,-82.74,-1.84,1876.63,0.19
1258,Entry long,2025-09-18 01:45,L,4508.74,1,4508.74,-82.74,-1.84,18.26,0.40,-82.74,-1.84,1876.63,0.19
1259,Exit long,2025-09-18 02:45,Close entry(s) order L,4440.19,1,4495.28,-55.09,-1.23,0.72,0.02,-60.23,-1.34,1821.54,0.18
1259,Entry long,2025-09-18 02:30,L,4495.28,1,4495.28,-55.09,-1.23,0.72,0.02,-60.23,-1.34,1821.54,0.18
1260,Exit long,2025-09-18 12:30,Close entry(s) order L,4605.83,1,4505.23,100.6,2.23,137.37,3.05,-21.31,-0.47,1922.14,0.19
1260,Entry long,2025-09-18 03:30,L,4505.23,1,4505.23,100.6,2.23,137.37,3.05,-21.31,-0.47,1922.14,0.19
1261,Exit long,2025-09-18 18:15,Close entry(s) order L,4585.8,1,4581.09,4.71,0.10,25.4,0.55,-2.49,-0.05,1926.85,0.19
1261,Entry long,2025-09-18 16:15,L,4581.09,1,4581.09,4.71,0.10,25.4,0.55,-2.49,-0.05,1926.85,0.19
1262,Exit long,2025-09-18 20:45,Close entry(s) order L,4576.54,1,4583.38,-6.84,-0.15,0,0.00,-17.13,-0.37,1920.01,0.19
1262,Entry long,2025-09-18 20:30,L,4583.38,1,4583.38,-6.84,-0.15,0,0.00,-17.13,-0.37,1920.01,0.19
1263,Exit long,2025-09-18 21:45,Close entry(s) order L,4571.95,1,4579.43,-7.48,-0.16,24.17,0.53,-10.83,-0.24,1912.53,0.19
1263,Entry long,2025-09-18 21:15,L,4579.43,1,4579.43,-7.48,-0.16,24.17,0.53,-10.83,-0.24,1912.53,0.19
1264,Exit long,2025-09-19 01:45,Close entry(s) order L,4602.86,1,4586.06,16.8,0.37,48.78,1.06,-1.46,-0.03,1929.33,0.19
1264,Entry long,2025-09-18 22:00,L,4586.06,1,4586.06,16.8,0.37,48.78,1.06,-1.46,-0.03,1929.33,0.19
1265,Exit long,2025-09-19 02:45,Close entry(s) order L,4605.78,1,4607.21,-1.43,-0.03,5.64,0.12,-6.61,-0.14,1927.9,0.19
1265,Entry long,2025-09-19 02:00,L,4607.21,1,4607.21,-1.43,-0.03,5.64,0.12,-6.61,-0.14,1927.9,0.19
1266,Exit long,2025-09-19 03:15,Close entry(s) order L,4604.5,1,4616.18,-11.68,-0.25,0.72,0.02,-11.68,-0.25,1916.22,0.19
1266,Entry long,2025-09-19 03:00,L,4616.18,1,4616.18,-11.68,-0.25,0.72,0.02,-11.68,-0.25,1916.22,0.19
1267,Exit long,2025-09-19 05:15,Close entry(s) order L,4592.23,1,4602.96,-10.73,-0.23,0.18,0.00,-10.94,-0.24,1905.49,0.19
1267,Entry long,2025-09-19 05:00,L,4602.96,1,4602.96,-10.73,-0.23,0.18,0.00,-10.94,-0.24,1905.49,0.19
1268,Exit long,2025-09-19 07:00,Close entry(s) order L,4589.06,1,4597.12,-8.06,-0.18,1.78,0.04,-10.89,-0.24,1897.43,0.19
1268,Entry long,2025-09-19 06:45,L,4597.12,1,4597.12,-8.06,-0.18,1.78,0.04,-10.89,-0.24,1897.43,0.19
1269,Exit long,2025-09-19 10:30,Close entry(s) order L,4590.01,1,4597.94,-7.93,-0.17,21.56,0.47,-10.33,-0.22,1889.5,0.19
1269,Entry long,2025-09-19 08:30,L,4597.94,1,4597.94,-7.93,-0.17,21.56,0.47,-10.33,-0.22,1889.5,0.19
1270,Exit long,2025-09-19 17:00,Close entry(s) order L,4531.97,1,4539.5,-7.53,-0.17,7.28,0.16,-10.2,-0.22,1881.97,0.19
1270,Entry long,2025-09-19 15:45,L,4539.5,1,4539.5,-7.53,-0.17,7.28,0.16,-10.2,-0.22,1881.97,0.19
1271,Exit long,2025-09-19 17:30,Close entry(s) order L,4529.53,1,4539.74,-10.21,-0.22,1.54,0.03,-14.25,-0.31,1871.76,0.19
1271,Entry long,2025-09-19 17:15,L,4539.74,1,4539.74,-10.21,-0.22,1.54,0.03,-14.25,-0.31,1871.76,0.19
1272,Exit long,2025-09-19 23:00,Close entry(s) order L,4493.16,1,4524.99,-31.83,-0.70,17.01,0.38,-42.1,-0.93,1839.93,0.18
1272,Entry long,2025-09-19 21:15,L,4524.99,1,4524.99,-31.83,-0.70,17.01,0.38,-42.1,-0.93,1839.93,0.18
1273,Exit long,2025-09-20 07:15,Close entry(s) order L,4453.82,1,4460.7,-6.88,-0.15,15.56,0.35,-12.6,-0.28,1833.05,0.18
1273,Entry long,2025-09-20 04:30,L,4460.7,1,4460.7,-6.88,-0.15,15.56,0.35,-12.6,-0.28,1833.05,0.18
1274,Exit long,2025-09-20 08:30,Close entry(s) order L,4460.66,1,4466.48,-5.82,-0.13,3.52,0.08,-8.34,-0.19,1827.23,0.18
1274,Entry long,2025-09-20 08:00,L,4466.48,1,4466.48,-5.82,-0.13,3.52,0.08,-8.34,-0.19,1827.23,0.18
1275,Exit long,2025-09-20 09:15,Close entry(s) order L,4464.25,1,4471,-6.75,-0.15,3,0.07,-6.76,-0.15,1820.48,0.18
1275,Entry long,2025-09-20 08:45,L,4471,1,4471,-6.75,-0.15,3,0.07,-6.76,-0.15,1820.48,0.18
1276,Exit long,2025-09-20 10:00,Close entry(s) order L,4464.01,1,4468.27,-4.26,-0.10,1.73,0.04,-12.78,-0.29,1816.22,0.18
1276,Entry long,2025-09-20 09:30,L,4468.27,1,4468.27,-4.26,-0.10,1.73,0.04,-12.78,-0.29,1816.22,0.18
1277,Exit long,2025-09-20 11:00,Close entry(s) order L,4463.58,1,4463.64,-0.06,0.00,4.02,0.09,-2.63,-0.06,1816.16,0.18
1277,Entry long,2025-09-20 10:45,L,4463.64,1,4463.64,-0.06,0.00,4.02,0.09,-2.63,-0.06,1816.16,0.18
1278,Exit long,2025-09-20 12:30,Close entry(s) order L,4462.83,1,4466.29,-3.46,-0.08,0.19,0.00,-4.34,-0.10,1812.7,0.18
1278,Entry long,2025-09-20 12:15,L,4466.29,1,4466.29,-3.46,-0.08,0.19,0.00,-4.34,-0.10,1812.7,0.18
1279,Exit long,2025-09-20 15:30,Close entry(s) order L,4468.61,1,4471.26,-2.65,-0.06,13.33,0.30,-7.3,-0.16,1810.05,0.18
1279,Entry long,2025-09-20 12:45,L,4471.26,1,4471.26,-2.65,-0.06,13.33,0.30,-7.3,-0.16,1810.05,0.18
1280,Exit long,2025-09-20 16:30,Close entry(s) order L,4472.83,1,4473.81,-0.98,-0.02,6.92,0.15,-1.57,-0.04,1809.07,0.18
1280,Entry long,2025-09-20 15:45,L,4473.81,1,4473.81,-0.98,-0.02,6.92,0.15,-1.57,-0.04,1809.07,0.18
1281,Exit long,2025-09-20 17:00,Close entry(s) order L,4462.99,1,4475,-12.01,-0.27,0,0.00,-12.99,-0.29,1797.06,0.18
1281,Entry long,2025-09-20 16:45,L,4475,1,4475,-12.01,-0.27,0,0.00,-12.99,-0.29,1797.06,0.18
1282,Exit long,2025-09-20 18:30,Close entry(s) order L,4468,1,4470.55,-2.55,-0.06,1.45,0.03,-3,-0.07,1794.51,0.18
1282,Entry long,2025-09-20 18:15,L,4470.55,1,4470.55,-2.55,-0.06,1.45,0.03,-3,-0.07,1794.51,0.18
1283,Exit long,2025-09-20 20:30,Close entry(s) order L,4464.35,1,4467.99,-3.64,-0.08,1.24,0.03,-3.94,-0.09,1790.87,0.18
1283,Entry long,2025-09-20 20:00,L,4467.99,1,4467.99,-3.64,-0.08,1.24,0.03,-3.94,-0.09,1790.87,0.18
1284,Exit long,2025-09-20 22:15,Close entry(s) order L,4464.39,1,4467.02,-2.63,-0.06,2.68,0.06,-5.02,-0.11,1788.24,0.18
1284,Entry long,2025-09-20 21:30,L,4467.02,1,4467.02,-2.63,-0.06,2.68,0.06,-5.02,-0.11,1788.24,0.18
1285,Exit long,2025-09-21 01:15,Close entry(s) order L,4479.74,1,4465.27,14.47,0.32,41.48,0.93,-1.1,-0.02,1802.71,0.18
1285,Entry long,2025-09-20 22:30,L,4465.27,1,4465.27,14.47,0.32,41.48,0.93,-1.1,-0.02,1802.71,0.18
1286,Exit long,2025-09-21 07:15,Close entry(s) order L,4486.31,1,4481.99,4.32,0.10,17.74,0.40,-3.42,-0.08,1807.03,0.18
1286,Entry long,2025-09-21 04:15,L,4481.99,1,4481.99,4.32,0.10,17.74,0.40,-3.42,-0.08,1807.03,0.18
1287,Exit long,2025-09-21 10:30,Close entry(s) order L,4473.55,1,4483.79,-10.24,-0.23,2.5,0.06,-29.5,-0.66,1796.79,0.18
1287,Entry long,2025-09-21 10:15,L,4483.79,1,4483.79,-10.24,-0.23,2.5,0.06,-29.5,-0.66,1796.79,0.18
1288,Exit long,2025-09-21 16:00,Close entry(s) order L,4475.85,1,4475.7,0.15,0.00,15.69,0.35,-2,-0.04,1796.94,0.18
1288,Entry long,2025-09-21 14:00,L,4475.7,1,4475.7,0.15,0.00,15.69,0.35,-2,-0.04,1796.94,0.18
1289,Exit long,2025-09-21 20:00,Close entry(s) order L,4458.25,1,4462.28,-4.03,-0.09,0.42,0.01,-5,-0.11,1792.91,0.18
1289,Entry long,2025-09-21 19:45,L,4462.28,1,4462.28,-4.03,-0.09,0.42,0.01,-5,-0.11,1792.91,0.18
1290,Exit long,2025-09-22 00:45,Close entry(s) order L,4468.98,1,4463,5.98,0.13,24.8,0.56,-3.57,-0.08,1798.89,0.18
1290,Entry long,2025-09-21 20:15,L,4463,1,4463,5.98,0.13,24.8,0.56,-3.57,-0.08,1798.89,0.18
1291,Exit long,2025-09-22 03:15,Close entry(s) order L,4478.6,1,4489.52,-10.92,-0.24,7.49,0.17,-14.92,-0.33,1787.97,0.18
1291,Entry long,2025-09-22 02:00,L,4489.52,1,4489.52,-10.92,-0.24,7.49,0.17,-14.92,-0.33,1787.97,0.18
1292,Exit long,2025-09-22 04:45,Close entry(s) order L,4477.99,1,4490.7,-12.71,-0.28,2.22,0.05,-12.89,-0.29,1775.26,0.18
1292,Entry long,2025-09-22 03:30,L,4490.7,1,4490.7,-12.71,-0.28,2.22,0.05,-12.89,-0.29,1775.26,0.18
1293,Exit long,2025-09-22 21:45,Close entry(s) order L,4179.71,1,4180,-0.29,-0.01,35.25,0.84,-13.59,-0.33,1774.97,0.18
1293,Entry long,2025-09-22 19:00,L,4180,1,4180,-0.29,-0.01,35.25,0.84,-13.59,-0.33,1774.97,0.18
1294,Exit long,2025-09-22 23:00,Close entry(s) order L,4187.99,1,4205.04,-17.05,-0.41,12.45,0.30,-24.33,-0.58,1757.92,0.18
1294,Entry long,2025-09-22 22:00,L,4205.04,1,4205.04,-17.05,-0.41,12.45,0.30,-24.33,-0.58,1757.92,0.18
1295,Exit long,2025-09-23 02:45,Close entry(s) order L,4163.59,1,4171.6,-8.01,-0.19,4.7,0.11,-8.01,-0.19,1749.91,0.17
1295,Entry long,2025-09-23 02:15,L,4171.6,1,4171.6,-8.01,-0.19,4.7,0.11,-8.01,-0.19,1749.91,0.17
1296,Exit long,2025-09-23 08:45,Close entry(s) order L,4193.52,1,4156.91,36.61,0.88,53.08,1.28,-0.42,-0.01,1786.52,0.18
1296,Entry long,2025-09-23 04:30,L,4156.91,1,4156.91,36.61,0.88,53.08,1.28,-0.42,-0.01,1786.52,0.18
1297,Exit long,2025-09-23 09:45,Close entry(s) order L,4171.9,1,4195.97,-24.07,-0.57,1.03,0.02,-30.97,-0.74,1762.45,0.18
1297,Entry long,2025-09-23 09:30,L,4195.97,1,4195.97,-24.07,-0.57,1.03,0.02,-30.97,-0.74,1762.45,0.18
1298,Exit long,2025-09-23 12:30,Close entry(s) order L,4161.92,1,4175.21,-13.29,-0.32,20.91,0.50,-13.56,-0.32,1749.16,0.17
1298,Entry long,2025-09-23 11:30,L,4175.21,1,4175.21,-13.29,-0.32,20.91,0.50,-13.56,-0.32,1749.16,0.17
1299,Exit long,2025-09-23 17:30,Close entry(s) order L,4202.53,1,4171.79,30.74,0.74,58.27,1.40,-8.97,-0.22,1779.9,0.18
1299,Entry long,2025-09-23 12:45,L,4171.79,1,4171.79,30.74,0.74,58.27,1.40,-8.97,-0.22,1779.9,0.18
1300,Exit long,2025-09-23 21:45,Close entry(s) order L,4186.77,1,4196.17,-9.4,-0.22,11.83,0.28,-18.16,-0.43,1770.5,0.18
1300,Entry long,2025-09-23 20:45,L,4196.17,1,4196.17,-9.4,-0.22,11.83,0.28,-18.16,-0.43,1770.5,0.18
1301,Exit long,2025-09-23 22:30,Close entry(s) order L,4182.61,1,4196.25,-13.64,-0.33,0.79,0.02,-17.26,-0.41,1756.86,0.18
1301,Entry long,2025-09-23 22:15,L,4196.25,1,4196.25,-13.64,-0.33,0.79,0.02,-17.26,-0.41,1756.86,0.18
1302,Exit long,2025-09-23 23:45,Close entry(s) order L,4178.59,1,4190.56,-11.97,-0.29,2.25,0.05,-13.43,-0.32,1744.89,0.17
1302,Entry long,2025-09-23 23:30,L,4190.56,1,4190.56,-11.97,-0.29,2.25,0.05,-13.43,-0.32,1744.89,0.17
1303,Exit long,2025-09-24 00:45,Close entry(s) order L,4170.17,1,4186.92,-16.75,-0.40,0.92,0.02,-25.2,-0.60,1728.14,0.17
1303,Entry long,2025-09-24 00:30,L,4186.92,1,4186.92,-16.75,-0.40,0.92,0.02,-25.2,-0.60,1728.14,0.17
1304,Exit long,2025-09-24 01:15,Close entry(s) order L,4174.29,1,4190.22,-15.93,-0.38,1.89,0.05,-18.45,-0.44,1712.21,0.17
1304,Entry long,2025-09-24 01:00,L,4190.22,1,4190.22,-15.93,-0.38,1.89,0.05,-18.45,-0.44,1712.21,0.17
1305,Exit long,2025-09-24 03:45,Close entry(s) order L,4155.56,1,4168.31,-12.75,-0.31,13.57,0.33,-13.64,-0.33,1699.46,0.17
1305,Entry long,2025-09-24 03:15,L,4168.31,1,4168.31,-12.75,-0.31,13.57,0.33,-13.64,-0.33,1699.46,0.17
1306,Exit long,2025-09-24 07:30,Close entry(s) order L,4160.71,1,4163.36,-2.65,-0.06,26.13,0.63,-8.19,-0.20,1696.81,0.17
1306,Entry long,2025-09-24 04:45,L,4163.36,1,4163.36,-2.65,-0.06,26.13,0.63,-8.19,-0.20,1696.81,0.17
1307,Exit long,2025-09-24 09:00,Close entry(s) order L,4172.13,1,4183.47,-11.34,-0.27,2.79,0.07,-12.26,-0.29,1685.47,0.17
1307,Entry long,2025-09-24 08:30,L,4183.47,1,4183.47,-11.34,-0.27,2.79,0.07,-12.26,-0.29,1685.47,0.17
1308,Exit long,2025-09-24 10:15,Close entry(s) order L,4168.31,1,4182.13,-13.82,-0.33,9.62,0.23,-16.49,-0.39,1671.65,0.17
1308,Entry long,2025-09-24 09:15,L,4182.13,1,4182.13,-13.82,-0.33,9.62,0.23,-16.49,-0.39,1671.65,0.17
1309,Exit long,2025-09-24 16:30,Close entry(s) order L,4168.14,1,4155.67,12.47,0.30,27.05,0.65,-5.17,-0.12,1684.12,0.17
1309,Entry long,2025-09-24 13:30,L,4155.67,1,4155.67,12.47,0.30,27.05,0.65,-5.17,-0.12,1684.12,0.17
1310,Exit long,2025-09-24 17:15,Close entry(s) order L,4169.83,1,4175.01,-5.18,-0.12,1.15,0.03,-6.92,-0.17,1678.94,0.17
1310,Entry long,2025-09-24 16:45,L,4175.01,1,4175.01,-5.18,-0.12,1.15,0.03,-6.92,-0.17,1678.94,0.17
1311,Exit long,2025-09-24 18:30,Close entry(s) order L,4166,1,4174.42,-8.42,-0.20,8.71,0.21,-8.42,-0.20,1670.52,0.17
1311,Entry long,2025-09-24 17:30,L,4174.42,1,4174.42,-8.42,-0.20,8.71,0.21,-8.42,-0.20,1670.52,0.17
1312,Exit long,2025-09-24 20:30,Close entry(s) order L,4175.48,1,4175.4,0.08,0.00,21.66,0.52,-6.61,-0.16,1670.6,0.17
1312,Entry long,2025-09-24 19:00,L,4175.4,1,4175.4,0.08,0.00,21.66,0.52,-6.61,-0.16,1670.6,0.17
1313,Exit long,2025-09-24 21:00,Close entry(s) order L,4178.35,1,4181.51,-3.16,-0.08,4.18,0.10,-6.23,-0.15,1667.44,0.17
1313,Entry long,2025-09-24 20:45,L,4181.51,1,4181.51,-3.16,-0.08,4.18,0.10,-6.23,-0.15,1667.44,0.17
1314,Exit long,2025-09-25 00:00,Close entry(s) order L,4163.82,1,4179.42,-15.6,-0.37,25.57,0.61,-19.18,-0.46,1651.84,0.17
1314,Entry long,2025-09-24 22:45,L,4179.42,1,4179.42,-15.6,-0.37,25.57,0.61,-19.18,-0.46,1651.84,0.17
1315,Exit long,2025-09-25 02:15,Close entry(s) order L,4169.77,1,4178.78,-9.01,-0.22,13.22,0.32,-10.9,-0.26,1642.83,0.16
1315,Entry long,2025-09-25 01:15,L,4178.78,1,4178.78,-9.01,-0.22,13.22,0.32,-10.9,-0.26,1642.83,0.16
1316,Exit long,2025-09-25 02:45,Close entry(s) order L,4172.98,1,4177.04,-4.06,-0.10,2.32,0.06,-5.18,-0.12,1638.77,0.16
1316,Entry long,2025-09-25 02:30,L,4177.04,1,4177.04,-4.06,-0.10,2.32,0.06,-5.18,-0.12,1638.77,0.16
1317,Exit long,2025-09-25 05:45,Close entry(s) order L,4163.52,1,4169.06,-5.54,-0.13,0.4,0.01,-9.13,-0.22,1633.23,0.16
1317,Entry long,2025-09-25 05:15,L,4169.06,1,4169.06,-5.54,-0.13,0.4,0.01,-9.13,-0.22,1633.23,0.16
1318,Exit long,2025-09-25 08:30,Close entry(s) order L,4137.03,1,4157.48,-20.45,-0.49,0,0.00,-23.89,-0.57,1612.78,0.16
1318,Entry long,2025-09-25 08:15,L,4157.48,1,4157.48,-20.45,-0.49,0,0.00,-23.89,-0.57,1612.78,0.16
1319,Exit long,2025-09-25 16:00,Close entry(s) order L,4006.94,1,4015.99,-9.05,-0.23,2.01,0.05,-12.23,-0.30,1603.73,0.16
1319,Entry long,2025-09-25 15:45,L,4015.99,1,4015.99,-9.05,-0.23,2.01,0.05,-12.23,-0.30,1603.73,0.16
1320,Exit long,2025-09-25 16:45,Close entry(s) order L,4010.36,1,4029.6,-19.24,-0.48,4.41,0.11,-21.44,-0.53,1584.49,0.16
1320,Entry long,2025-09-25 16:15,L,4029.6,1,4029.6,-19.24,-0.48,4.41,0.11,-21.44,-0.53,1584.49,0.16
1321,Exit long,2025-09-25 18:45,Close entry(s) order L,4019.51,1,4013.57,5.94,0.15,38.48,0.96,-2.57,-0.06,1590.43,0.16
1321,Entry long,2025-09-25 17:00,L,4013.57,1,4013.57,5.94,0.15,38.48,0.96,-2.57,-0.06,1590.43,0.16
1322,Exit long,2025-09-25 21:45,Close entry(s) order L,3957.33,1,4001.36,-44.03,-1.10,2.09,0.05,-57.75,-1.44,1546.4,0.15
1322,Entry long,2025-09-25 21:30,L,4001.36,1,4001.36,-44.03,-1.10,2.09,0.05,-57.75,-1.44,1546.4,0.15
1323,Exit long,2025-09-25 23:30,Close entry(s) order L,3988.19,1,3999.39,-11.2,-0.28,22.36,0.56,-22.38,-0.56,1535.2,0.15
1323,Entry long,2025-09-25 22:15,L,3999.39,1,3999.39,-11.2,-0.28,22.36,0.56,-22.38,-0.56,1535.2,0.15
1324,Exit long,2025-09-26 00:30,Close entry(s) order L,3965,1,3997.81,-32.81,-0.82,6.96,0.17,-36.53,-0.91,1502.39,0.15
1324,Entry long,2025-09-25 23:45,L,3997.81,1,3997.81,-32.81,-0.82,6.96,0.17,-36.53,-0.91,1502.39,0.15
1325,Exit long,2025-09-26 04:15,Close entry(s) order L,3895,1,3923.71,-28.71,-0.73,23.17,0.59,-37.98,-0.97,1473.68,0.15
1325,Entry long,2025-09-26 03:00,L,3923.71,1,3923.71,-28.71,-0.73,23.17,0.59,-37.98,-0.97,1473.68,0.15
1326,Exit long,2025-09-26 04:45,Close entry(s) order L,3891.55,1,3904.79,-13.24,-0.34,0.05,0.00,-29.29,-0.75,1460.44,0.15
1326,Entry long,2025-09-26 04:30,L,3904.79,1,3904.79,-13.24,-0.34,0.05,0.00,-29.29,-0.75,1460.44,0.15
1327,Exit long,2025-09-26 05:30,Close entry(s) order L,3894.1,1,3898.37,-4.27,-0.11,10.35,0.27,-11.34,-0.29,1456.17,0.15
1327,Entry long,2025-09-26 05:15,L,3898.37,1,3898.37,-4.27,-0.11,10.35,0.27,-11.34,-0.29,1456.17,0.15
1328,Exit long,2025-09-26 06:45,Close entry(s) order L,3899.37,1,3927.51,-28.14,-0.72,8.49,0.22,-32.83,-0.84,1428.03,0.14
1328,Entry long,2025-09-26 06:15,L,3927.51,1,3927.51,-28.14,-0.72,8.49,0.22,-32.83,-0.84,1428.03,0.14
1329,Exit long,2025-09-26 08:45,Close entry(s) order L,3872.96,1,3894.16,-21.2,-0.54,18.09,0.46,-22.35,-0.57,1406.83,0.14
1329,Entry long,2025-09-26 08:15,L,3894.16,1,3894.16,-21.2,-0.54,18.09,0.46,-22.35,-0.57,1406.83,0.14
1330,Exit long,2025-09-26 12:45,Close entry(s) order L,3942.38,1,3930.78,11.6,0.30,45.21,1.15,-11.81,-0.30,1418.43,0.14
1330,Entry long,2025-09-26 09:00,L,3930.78,1,3930.78,11.6,0.30,45.21,1.15,-11.81,-0.30,1418.43,0.14
1331,Exit long,2025-09-26 13:45,Close entry(s) order L,3942.79,1,3955.71,-12.92,-0.33,0.6,0.02,-13.69,-0.35,1405.51,0.14
1331,Entry long,2025-09-26 13:30,L,3955.71,1,3955.71,-12.92,-0.33,0.6,0.02,-13.69,-0.35,1405.51,0.14
1332,Exit long,2025-09-26 17:30,Close entry(s) order L,3925.75,1,3936.61,-10.86,-0.28,6.7,0.17,-13.61,-0.35,1394.65,0.14
1332,Entry long,2025-09-26 16:00,L,3936.61,1,3936.61,-10.86,-0.28,6.7,0.17,-13.61,-0.35,1394.65,0.14
1333,Exit long,2025-09-26 20:00,Close entry(s) order L,3903.89,1,3908,-4.11,-0.11,6.71,0.17,-5.31,-0.14,1390.54,0.14
1333,Entry long,2025-09-26 19:45,L,3908,1,3908,-4.11,-0.11,6.71,0.17,-5.31,-0.14,1390.54,0.14
1334,Exit long,2025-09-27 03:45,Close entry(s) order L,4010.6,1,3902.2,108.4,2.78,164.19,4.21,-17.53,-0.45,1498.94,0.15
1334,Entry long,2025-09-26 20:30,L,3902.2,1,3902.2,108.4,2.78,164.19,4.21,-17.53,-0.45,1498.94,0.15
1335,Exit long,2025-09-27 04:30,Close entry(s) order L,4016,1,4026.61,-10.61,-0.26,1.3,0.03,-13.55,-0.34,1488.33,0.15
1335,Entry long,2025-09-27 04:15,L,4026.61,1,4026.61,-10.61,-0.26,1.3,0.03,-13.55,-0.34,1488.33,0.15
1336,Exit long,2025-09-27 07:15,Close entry(s) order L,4017.19,1,4021.37,-4.18,-0.10,16.63,0.41,-5.71,-0.14,1484.15,0.15
1336,Entry long,2025-09-27 06:00,L,4021.37,1,4021.37,-4.18,-0.10,16.63,0.41,-5.71,-0.14,1484.15,0.15
1337,Exit long,2025-09-27 08:15,Close entry(s) order L,4020.73,1,4021.84,-1.11,-0.03,13.76,0.34,-1.75,-0.04,1483.04,0.15
1337,Entry long,2025-09-27 07:30,L,4021.84,1,4021.84,-1.11,-0.03,13.76,0.34,-1.75,-0.04,1483.04,0.15
1338,Exit long,2025-09-27 08:45,Close entry(s) order L,4020.17,1,4026.59,-6.42,-0.16,4.61,0.11,-7.09,-0.18,1476.62,0.15
1338,Entry long,2025-09-27 08:30,L,4026.59,1,4026.59,-6.42,-0.16,4.61,0.11,-7.09,-0.18,1476.62,0.15
1339,Exit long,2025-09-27 09:15,Close entry(s) order L,4020.57,1,4025.01,-4.44,-0.11,2.49,0.06,-9.56,-0.24,1472.18,0.15
1339,Entry long,2025-09-27 09:00,L,4025.01,1,4025.01,-4.44,-0.11,2.49,0.06,-9.56,-0.24,1472.18,0.15
1340,Exit long,2025-09-27 12:15,Close entry(s) order L,4013.33,1,4021.64,-8.31,-0.21,6.2,0.15,-8.84,-0.22,1463.87,0.15
1340,Entry long,2025-09-27 11:30,L,4021.64,1,4021.64,-8.31,-0.21,6.2,0.15,-8.84,-0.22,1463.87,0.15
1341,Exit long,2025-09-27 13:15,Close entry(s) order L,4012.45,1,4024.65,-12.2,-0.30,1.75,0.04,-13.98,-0.35,1451.67,0.15
1341,Entry long,2025-09-27 12:30,L,4024.65,1,4024.65,-12.2,-0.30,1.75,0.04,-13.98,-0.35,1451.67,0.15
1342,Exit long,2025-09-27 14:15,Close entry(s) order L,4013.01,1,4017.62,-4.61,-0.11,2.38,0.06,-5.46,-0.14,1447.06,0.14
1342,Entry long,2025-09-27 13:45,L,4017.62,1,4017.62,-4.61,-0.11,2.38,0.06,-5.46,-0.14,1447.06,0.14
1343,Exit long,2025-09-27 15:30,Close entry(s) order L,4011.76,1,4017.18,-5.42,-0.13,3.4,0.08,-6.18,-0.15,1441.64,0.14
1343,Entry long,2025-09-27 15:00,L,4017.18,1,4017.18,-5.42,-0.13,3.4,0.08,-6.18,-0.15,1441.64,0.14
1344,Exit long,2025-09-27 23:15,Close entry(s) order L,4001,1,4011.09,-10.09,-0.25,27.53,0.69,-18.14,-0.45,1431.55,0.14
1344,Entry long,2025-09-27 18:45,L,4011.09,1,4011.09,-10.09,-0.25,27.53,0.69,-18.14,-0.45,1431.55,0.14
1345,Exit long,2025-09-28 00:15,Close entry(s) order L,4010.04,1,4015.02,-4.98,-0.12,5.47,0.14,-5.24,-0.13,1426.57,0.14
1345,Entry long,2025-09-27 23:45,L,4015.02,1,4015.02,-4.98,-0.12,5.47,0.14,-5.24,-0.13,1426.57,0.14
1346,Exit long,2025-09-28 08:15,Close entry(s) order L,4011.15,1,4000.66,10.49,0.26,31.33,0.78,-2.04,-0.05,1437.06,0.14
1346,Entry long,2025-09-28 04:00,L,4000.66,1,4000.66,10.49,0.26,31.33,0.78,-2.04,-0.05,1437.06,0.14
1347,Exit long,2025-09-28 09:00,Close entry(s) order L,4014.72,1,4027.7,-12.98,-0.32,2.85,0.07,-14.64,-0.36,1424.08,0.14
1347,Entry long,2025-09-28 08:30,L,4027.7,1,4027.7,-12.98,-0.32,2.85,0.07,-14.64,-0.36,1424.08,0.14
1348,Exit long,2025-09-28 14:30,Close entry(s) order L,3998.63,1,4002.58,-3.95,-0.10,15.92,0.40,-5.13,-0.13,1420.13,0.14
1348,Entry long,2025-09-28 12:45,L,4002.58,1,4002.58,-3.95,-0.10,15.92,0.40,-5.13,-0.13,1420.13,0.14
1349,Exit long,2025-09-28 16:30,Close entry(s) order L,4003.74,1,4004.41,-0.67,-0.02,10.34,0.26,-4.01,-0.10,1419.46,0.14
1349,Entry long,2025-09-28 15:00,L,4004.41,1,4004.41,-0.67,-0.02,10.34,0.26,-4.01,-0.10,1419.46,0.14
1350,Exit long,2025-09-29 03:15,Close entry(s) order L,4032.25,1,3996.45,35.8,0.90,58.21,1.46,-2.84,-0.07,1455.26,0.15
1350,Entry long,2025-09-28 21:30,L,3996.45,1,3996.45,35.8,0.90,58.21,1.46,-2.84,-0.07,1455.26,0.15
1351,Exit long,2025-09-29 04:15,Close entry(s) order L,4035.81,1,4036.72,-0.91,-0.02,1.92,0.05,-2.96,-0.07,1454.35,0.15
1351,Entry long,2025-09-29 03:30,L,4036.72,1,4036.72,-0.91,-0.02,1.92,0.05,-2.96,-0.07,1454.35,0.15
1352,Exit long,2025-09-29 09:30,Close entry(s) order L,4117.94,1,4046.51,71.43,1.77,97.48,2.41,-6.37,-0.16,1525.78,0.15
1352,Entry long,2025-09-29 04:30,L,4046.51,1,4046.51,71.43,1.77,97.48,2.41,-6.37,-0.16,1525.78,0.15
1353,Exit long,2025-09-29 12:30,Close entry(s) order L,4112.15,1,4119.67,-7.52,-0.18,2.33,0.06,-8.25,-0.20,1518.26,0.15
1353,Entry long,2025-09-29 12:00,L,4119.67,1,4119.67,-7.52,-0.18,2.33,0.06,-8.25,-0.20,1518.26,0.15
1354,Exit long,2025-09-29 13:15,Close entry(s) order L,4106.9,1,4118.77,-11.87,-0.29,1.51,0.04,-15.42,-0.37,1506.39,0.15
1354,Entry long,2025-09-29 12:45,L,4118.77,1,4118.77,-11.87,-0.29,1.51,0.04,-15.42,-0.37,1506.39,0.15
1355,Exit long,2025-09-29 14:15,Close entry(s) order L,4097.99,1,4112.4,-14.41,-0.35,0.69,0.02,-19.01,-0.46,1491.98,0.15
1355,Entry long,2025-09-29 14:00,L,4112.4,1,4112.4,-14.41,-0.35,0.69,0.02,-19.01,-0.46,1491.98,0.15
1356,Exit long,2025-09-29 19:00,Close entry(s) order L,4114.38,1,4106.6,7.78,0.19,31.4,0.76,-0.36,-0.01,1499.76,0.15
1356,Entry long,2025-09-29 16:00,L,4106.6,1,4106.6,7.78,0.19,31.4,0.76,-0.36,-0.01,1499.76,0.15
1357,Exit long,2025-09-30 00:30,Close entry(s) order L,4156.53,1,4146.22,10.31,0.25,56.47,1.36,-6.12,-0.15,1510.07,0.15
1357,Entry long,2025-09-29 21:45,L,4146.22,1,4146.22,10.31,0.25,56.47,1.36,-6.12,-0.15,1510.07,0.15
1358,Exit long,2025-09-30 07:45,Close entry(s) order L,4213.31,1,4154.25,59.06,1.42,80.02,1.93,-0.01,0.00,1569.13,0.16
1358,Entry long,2025-09-30 02:45,L,4154.25,1,4154.25,59.06,1.42,80.02,1.93,-0.01,0.00,1569.13,0.16
1359,Exit long,2025-09-30 09:00,Close entry(s) order L,4203.71,1,4216.8,-13.09,-0.31,30.07,0.71,-20.79,-0.49,1556.04,0.16
1359,Entry long,2025-09-30 08:45,L,4216.8,1,4216.8,-13.09,-0.31,30.07,0.71,-20.79,-0.49,1556.04,0.16
1360,Exit long,2025-09-30 09:30,Close entry(s) order L,4210,1,4215.47,-5.47,-0.13,10.25,0.24,-12.77,-0.30,1550.57,0.16
1360,Entry long,2025-09-30 09:15,L,4215.47,1,4215.47,-5.47,-0.13,10.25,0.24,-12.77,-0.30,1550.57,0.16
1361,Exit long,2025-09-30 12:00,Close entry(s) order L,4196.17,1,4204.4,-8.23,-0.20,1.13,0.03,-8.59,-0.20,1542.34,0.15
1361,Entry long,2025-09-30 11:45,L,4204.4,1,4204.4,-8.23,-0.20,1.13,0.03,-8.59,-0.20,1542.34,0.15
1362,Exit long,2025-09-30 15:00,Close entry(s) order L,4188.07,1,4194.41,-6.34,-0.15,6.72,0.16,-7.64,-0.18,1536,0.15
1362,Entry long,2025-09-30 14:30,L,4194.41,1,4194.41,-6.34,-0.15,6.72,0.16,-7.64,-0.18,1536,0.15
1363,Exit long,2025-09-30 15:45,Close entry(s) order L,4176.08,1,4194.08,-18,-0.43,0.78,0.02,-22.08,-0.53,1518,0.15
1363,Entry long,2025-09-30 15:15,L,4194.08,1,4194.08,-18,-0.43,0.78,0.02,-22.08,-0.53,1518,0.15
1364,Exit long,2025-09-30 21:15,Close entry(s) order L,4154.23,1,4158.9,-4.67,-0.11,15.1,0.36,-11.9,-0.29,1513.33,0.15
1364,Entry long,2025-09-30 19:30,L,4158.9,1,4158.9,-4.67,-0.11,15.1,0.36,-11.9,-0.29,1513.33,0.15
1365,Exit long,2025-09-30 22:00,Close entry(s) order L,4152.29,1,4164.77,-12.48,-0.30,8.81,0.21,-26,-0.62,1500.85,0.15
1365,Entry long,2025-09-30 21:30,L,4164.77,1,4164.77,-12.48,-0.30,8.81,0.21,-26,-0.62,1500.85,0.15
1366,Exit long,2025-10-01 06:00,Close entry(s) order L,4150.22,1,4114.41,35.81,0.87,85.48,2.08,-13.17,-0.32,1536.66,0.15
1366,Entry long,2025-10-01 02:15,L,4114.41,1,4114.41,35.81,0.87,85.48,2.08,-13.17,-0.32,1536.66,0.15
1367,Exit long,2025-10-01 06:30,Close entry(s) order L,4153.51,1,4160.2,-6.69,-0.16,4.52,0.11,-7.93,-0.19,1529.97,0.15
1367,Entry long,2025-10-01 06:15,L,4160.2,1,4160.2,-6.69,-0.16,4.52,0.11,-7.93,-0.19,1529.97,0.15
1368,Exit long,2025-10-01 11:15,Close entry(s) order L,4148.56,1,4146.65,1.91,0.05,25.82,0.62,-6.71,-0.16,1531.88,0.15
1368,Entry long,2025-10-01 09:00,L,4146.65,1,4146.65,1.91,0.05,25.82,0.62,-6.71,-0.16,1531.88,0.15
1369,Exit long,2025-10-01 14:00,Close entry(s) order L,4142.36,1,4149.31,-6.95,-0.17,1.53,0.04,-7.31,-0.18,1524.93,0.15
1369,Entry long,2025-10-01 13:45,L,4149.31,1,4149.31,-6.95,-0.17,1.53,0.04,-7.31,-0.18,1524.93,0.15
1370,Exit long,2025-10-01 20:45,Close entry(s) order L,4288.76,1,4140.93,147.83,3.57,188.07,4.54,-3.45,-0.08,1672.76,0.17
1370,Entry long,2025-10-01 15:45,L,4140.93,1,4140.93,147.83,3.57,188.07,4.54,-3.45,-0.08,1672.76,0.17
1371,Exit long,2025-10-01 21:45,Close entry(s) order L,4291.85,1,4295.99,-4.14,-0.10,4.8,0.11,-9.42,-0.22,1668.62,0.17
1371,Entry long,2025-10-01 21:15,L,4295.99,1,4295.99,-4.14,-0.10,4.8,0.11,-9.42,-0.22,1668.62,0.17
1372,Exit long,2025-10-02 01:15,Close entry(s) order L,4311.27,1,4293.58,17.69,0.41,49.71,1.16,-4.58,-0.11,1686.31,0.17
1372,Entry long,2025-10-01 22:00,L,4293.58,1,4293.58,17.69,0.41,49.71,1.16,-4.58,-0.11,1686.31,0.17
1373,Exit long,2025-10-02 05:30,Close entry(s) order L,4317.58,1,4327,-9.42,-0.22,11.04,0.26,-16.19,-0.37,1676.89,0.17
1373,Entry long,2025-10-02 03:30,L,4327,1,4327,-9.42,-0.22,11.04,0.26,-16.19,-0.37,1676.89,0.17
1374,Exit long,2025-10-02 12:30,Close entry(s) order L,4368.22,1,4321.23,46.99,1.09,76.5,1.77,-1.59,-0.04,1723.88,0.17
1374,Entry long,2025-10-02 07:15,L,4321.23,1,4321.23,46.99,1.09,76.5,1.77,-1.59,-0.04,1723.88,0.17
1375,Exit long,2025-10-02 14:15,Close entry(s) order L,4374.99,1,4390.2,-15.21,-0.35,2.79,0.06,-18.33,-0.42,1708.67,0.17
1375,Entry long,2025-10-02 13:30,L,4390.2,1,4390.2,-15.21,-0.35,2.79,0.06,-18.33,-0.42,1708.67,0.17
1376,Exit long,2025-10-02 15:45,Close entry(s) order L,4382.16,1,4400.03,-17.87,-0.41,22.27,0.51,-17.87,-0.41,1690.8,0.17
1376,Entry long,2025-10-02 14:30,L,4400.03,1,4400.03,-17.87,-0.41,22.27,0.51,-17.87,-0.41,1690.8,0.17
1377,Exit long,2025-10-02 17:00,Close entry(s) order L,4385.68,1,4387.21,-1.53,-0.03,5.1,0.12,-3.85,-0.09,1689.27,0.17
1377,Entry long,2025-10-02 16:45,L,4387.21,1,4387.21,-1.53,-0.03,5.1,0.12,-3.85,-0.09,1689.27,0.17
1378,Exit long,2025-10-02 18:15,Close entry(s) order L,4382.49,1,4389,-6.51,-0.15,5.37,0.12,-9.6,-0.22,1682.76,0.17
1378,Entry long,2025-10-02 17:45,L,4389,1,4389,-6.51,-0.15,5.37,0.12,-9.6,-0.22,1682.76,0.17
1379,Exit long,2025-10-02 20:00,Close entry(s) order L,4377.24,1,4382.93,-5.69,-0.13,9.62,0.22,-7.81,-0.18,1677.07,0.17
1379,Entry long,2025-10-02 19:30,L,4382.93,1,4382.93,-5.69,-0.13,9.62,0.22,-7.81,-0.18,1677.07,0.17
1380,Exit long,2025-10-02 22:45,Close entry(s) order L,4384.28,1,4386.49,-2.21,-0.05,32.39,0.74,-9.49,-0.22,1674.86,0.17
1380,Entry long,2025-10-02 20:15,L,4386.49,1,4386.49,-2.21,-0.05,32.39,0.74,-9.49,-0.22,1674.86,0.17
1381,Exit long,2025-10-03 04:30,Close entry(s) order L,4480.49,1,4405.82,74.67,1.69,110.83,2.52,-15.38,-0.35,1749.53,0.17
1381,Entry long,2025-10-02 23:30,L,4405.82,1,4405.82,74.67,1.69,110.83,2.52,-15.38,-0.35,1749.53,0.17
1382,Exit long,2025-10-03 05:15,Close entry(s) order L,4486.13,1,4486.19,-0.06,0.00,8.57,0.19,-6.73,-0.15,1749.47,0.17
1382,Entry long,2025-10-03 04:45,L,4486.19,1,4486.19,-0.06,0.00,8.57,0.19,-6.73,-0.15,1749.47,0.17
1383,Exit long,2025-10-03 08:15,Close entry(s) order L,4466,1,4481.7,-15.7,-0.35,0.01,0.00,-18.5,-0.41,1733.77,0.17
1383,Entry long,2025-10-03 08:00,L,4481.7,1,4481.7,-15.7,-0.35,0.01,0.00,-18.5,-0.41,1733.77,0.17
1384,Exit long,2025-10-03 08:45,Close entry(s) order L,4466.89,1,4472.63,-5.74,-0.13,3.21,0.07,-6.63,-0.15,1728.03,0.17
1384,Entry long,2025-10-03 08:30,L,4472.63,1,4472.63,-5.74,-0.13,3.21,0.07,-6.63,-0.15,1728.03,0.17
1385,Exit long,2025-10-03 09:30,Close entry(s) order L,4466.6,1,4469.73,-3.13,-0.07,1.79,0.04,-10.72,-0.24,1724.9,0.17
1385,Entry long,2025-10-03 09:15,L,4469.73,1,4469.73,-3.13,-0.07,1.79,0.04,-10.72,-0.24,1724.9,0.17
1386,Exit long,2025-10-03 12:45,Close entry(s) order L,4491.55,1,4473.87,17.68,0.40,85.13,1.90,-9.55,-0.21,1742.58,0.17
1386,Entry long,2025-10-03 09:45,L,4473.87,1,4473.87,17.68,0.40,85.13,1.90,-9.55,-0.21,1742.58,0.17
1387,Exit long,2025-10-03 17:15,Close entry(s) order L,4458.12,1,4464.56,-6.44,-0.14,6.92,0.15,-10.56,-0.24,1736.14,0.17
1387,Entry long,2025-10-03 17:00,L,4464.56,1,4464.56,-6.44,-0.14,6.92,0.15,-10.56,-0.24,1736.14,0.17
1388,Exit long,2025-10-03 20:30,Close entry(s) order L,4471.86,1,4473.44,-1.58,-0.04,19.64,0.44,-9.94,-0.22,1734.56,0.17
1388,Entry long,2025-10-03 17:30,L,4473.44,1,4473.44,-1.58,-0.04,19.64,0.44,-9.94,-0.22,1734.56,0.17
1389,Exit long,2025-10-03 21:15,Close entry(s) order L,4465.43,1,4481.75,-16.32,-0.36,2.88,0.06,-35.57,-0.79,1718.24,0.17
1389,Entry long,2025-10-03 20:45,L,4481.75,1,4481.75,-16.32,-0.36,2.88,0.06,-35.57,-0.79,1718.24,0.17
1390,Exit long,2025-10-03 21:45,Close entry(s) order L,4469.45,1,4489.52,-20.07,-0.45,13.47,0.30,-25.44,-0.57,1698.17,0.17
1390,Entry long,2025-10-03 21:30,L,4489.52,1,4489.52,-20.07,-0.45,13.47,0.30,-25.44,-0.57,1698.17,0.17
1391,Exit long,2025-10-03 23:15,Close entry(s) order L,4465.98,1,4480.91,-14.93,-0.33,0,0.00,-25.4,-0.57,1683.24,0.17
1391,Entry long,2025-10-03 23:00,L,4480.91,1,4480.91,-14.93,-0.33,0,0.00,-25.4,-0.57,1683.24,0.17
1392,Exit long,2025-10-04 01:30,Close entry(s) order L,4496.56,1,4478.75,17.81,0.40,112.08,2.50,-18.64,-0.42,1701.05,0.17
1392,Entry long,2025-10-03 23:30,L,4478.75,1,4478.75,17.81,0.40,112.08,2.50,-18.64,-0.42,1701.05,0.17
1393,Exit long,2025-10-04 04:15,Close entry(s) order L,4502.21,1,4528.7,-26.49,-0.58,5.67,0.13,-37.33,-0.82,1674.56,0.17
1393,Entry long,2025-10-04 03:30,L,4528.7,1,4528.7,-26.49,-0.58,5.67,0.13,-37.33,-0.82,1674.56,0.17
1394,Exit long,2025-10-04 07:15,Close entry(s) order L,4515.79,1,4516.37,-0.58,-0.01,24.84,0.55,-4.15,-0.09,1673.98,0.17
1394,Entry long,2025-10-04 04:30,L,4516.37,1,4516.37,-0.58,-0.01,24.84,0.55,-4.15,-0.09,1673.98,0.17
1395,Exit long,2025-10-04 12:30,Close entry(s) order L,4478.52,1,4484.48,-5.96,-0.13,5.02,0.11,-5.96,-0.13,1668.02,0.17
1395,Entry long,2025-10-04 12:00,L,4484.48,1,4484.48,-5.96,-0.13,5.02,0.11,-5.96,-0.13,1668.02,0.17
1396,Exit long,2025-10-04 15:30,Close entry(s) order L,4498.12,1,4492.13,5.99,0.13,23.67,0.53,-4.01,-0.09,1674.01,0.17
1396,Entry long,2025-10-04 12:45,L,4492.13,1,4492.13,5.99,0.13,23.67,0.53,-4.01,-0.09,1674.01,0.17
1397,Exit long,2025-10-04 16:00,Close entry(s) order L,4496.24,1,4501.93,-5.69,-0.13,0.01,0.00,-10.25,-0.23,1668.32,0.17
1397,Entry long,2025-10-04 15:45,L,4501.93,1,4501.93,-5.69,-0.13,0.01,0.00,-10.25,-0.23,1668.32,0.17
1398,Exit long,2025-10-04 18:45,Close entry(s) order L,4486,1,4500.68,-14.68,-0.33,1.16,0.03,-17.36,-0.39,1653.64,0.17
1398,Entry long,2025-10-04 18:30,L,4500.68,1,4500.68,-14.68,-0.33,1.16,0.03,-17.36,-0.39,1653.64,0.17
1399,Exit long,2025-10-04 23:00,Close entry(s) order L,4468.26,1,4497.74,-29.48,-0.66,12.15,0.27,-30.72,-0.68,1624.16,0.16
1399,Entry long,2025-10-04 21:15,L,4497.74,1,4497.74,-29.48,-0.66,12.15,0.27,-30.72,-0.68,1624.16,0.16
1400,Exit long,2025-10-05 01:45,Close entry(s) order L,4455.4,1,4471.08,-15.68,-0.35,3.96,0.09,-20.19,-0.45,1608.48,0.16
1400,Entry long,2025-10-05 01:30,L,4471.08,1,4471.08,-15.68,-0.35,3.96,0.09,-20.19,-0.45,1608.48,0.16
1401,Exit long,2025-10-05 02:30,Close entry(s) order L,4458.52,1,4463,-4.48,-0.10,1.81,0.04,-12.84,-0.29,1604,0.16
1401,Entry long,2025-10-05 02:15,L,4463,1,4463,-4.48,-0.10,1.81,0.04,-12.84,-0.29,1604,0.16
1402,Exit long,2025-10-05 07:15,Close entry(s) order L,4480.54,1,4460.56,19.98,0.45,31.86,0.71,-3.6,-0.08,1623.98,0.16
1402,Entry long,2025-10-05 03:15,L,4460.56,1,4460.56,19.98,0.45,31.86,0.71,-3.6,-0.08,1623.98,0.16
1403,Exit long,2025-10-05 08:15,Close entry(s) order L,4481.94,1,4484.07,-2.13,-0.05,3.71,0.08,-4.07,-0.09,1621.85,0.16
1403,Entry long,2025-10-05 07:30,L,4484.07,1,4484.07,-2.13,-0.05,3.71,0.08,-4.07,-0.09,1621.85,0.16
1404,Exit long,2025-10-05 08:45,Close entry(s) order L,4477.89,1,4491.1,-13.21,-0.29,0.01,0.00,-13.41,-0.30,1608.64,0.16
1404,Entry long,2025-10-05 08:30,L,4491.1,1,4491.1,-13.21,-0.29,0.01,0.00,-13.41,-0.30,1608.64,0.16
1405,Exit long,2025-10-05 10:15,Close entry(s) order L,4481.46,1,4484.3,-2.84,-0.06,3.04,0.07,-5.73,-0.13,1605.8,0.16
1405,Entry long,2025-10-05 09:45,L,4484.3,1,4484.3,-2.84,-0.06,3.04,0.07,-5.73,-0.13,1605.8,0.16
1406,Exit long,2025-10-05 17:30,Close entry(s) order L,4573.73,1,4490.71,83.02,1.85,127.73,2.84,-0.21,0.00,1688.82,0.17
1406,Entry long,2025-10-05 10:30,L,4490.71,1,4490.71,83.02,1.85,127.73,2.84,-0.21,0.00,1688.82,0.17
1407,Exit long,2025-10-05 22:45,Close entry(s) order L,4534.53,1,4546.48,-11.95,-0.26,2.4,0.05,-16.7,-0.37,1676.87,0.17
1407,Entry long,2025-10-05 22:15,L,4546.48,1,4546.48,-11.95,-0.26,2.4,0.05,-16.7,-0.37,1676.87,0.17
1408,Exit long,2025-10-06 00:30,Close entry(s) order L,4533.29,1,4536.37,-3.08,-0.07,2.03,0.04,-6.71,-0.15,1673.79,0.17
1408,Entry long,2025-10-06 00:15,L,4536.37,1,4536.37,-3.08,-0.07,2.03,0.04,-6.71,-0.15,1673.79,0.17
1409,Exit long,2025-10-06 09:00,Close entry(s) order L,4497.79,1,4501.78,-3.99,-0.09,49.96,1.11,-15.73,-0.35,1669.8,0.17
1409,Entry long,2025-10-06 05:45,L,4501.78,1,4501.78,-3.99,-0.09,49.96,1.11,-15.73,-0.35,1669.8,0.17
1410,Exit long,2025-10-06 12:45,Close entry(s) order L,4527.14,1,4528.74,-1.6,-0.04,20.76,0.46,-25.15,-0.56,1668.2,0.17
1410,Entry long,2025-10-06 09:30,L,4528.74,1,4528.74,-1.6,-0.04,20.76,0.46,-25.15,-0.56,1668.2,0.17
1411,Exit long,2025-10-06 15:45,Close entry(s) order L,4536.37,1,4546.14,-9.77,-0.21,30.44,0.67,-19.68,-0.43,1658.43,0.17
1411,Entry long,2025-10-06 14:15,L,4546.14,1,4546.14,-9.77,-0.21,30.44,0.67,-19.68,-0.43,1658.43,0.17
1412,Exit long,2025-10-07 04:30,Close entry(s) order L,4699.16,1,4544.49,154.67,3.40,190.5,4.19,-6.17,-0.14,1813.1,0.18
1412,Entry long,2025-10-06 16:15,L,4544.49,1,4544.49,154.67,3.40,190.5,4.19,-6.17,-0.14,1813.1,0.18
1413,Exit long,2025-10-07 07:15,Close entry(s) order L,4690.14,1,4696.99,-6.85,-0.15,6.4,0.14,-9.69,-0.21,1806.25,0.18
1413,Entry long,2025-10-07 07:00,L,4696.99,1,4696.99,-6.85,-0.15,6.4,0.14,-9.69,-0.21,1806.25,0.18
1414,Exit long,2025-10-07 08:00,Close entry(s) order L,4682.42,1,4702.89,-20.47,-0.44,0.39,0.01,-20.89,-0.44,1785.78,0.18
1414,Entry long,2025-10-07 07:30,L,4702.89,1,4702.89,-20.47,-0.44,0.39,0.01,-20.89,-0.44,1785.78,0.18
1415,Exit long,2025-10-07 09:30,Close entry(s) order L,4677.13,1,4688.65,-11.52,-0.25,0.83,0.02,-28.62,-0.61,1774.26,0.18
1415,Entry long,2025-10-07 09:15,L,4688.65,1,4688.65,-11.52,-0.25,0.83,0.02,-28.62,-0.61,1774.26,0.18
1416,Exit long,2025-10-07 10:00,Close entry(s) order L,4674.25,1,4686.96,-12.71,-0.27,0,0.00,-15.96,-0.34,1761.55,0.18
1416,Entry long,2025-10-07 09:45,L,4686.96,1,4686.96,-12.71,-0.27,0,0.00,-15.96,-0.34,1761.55,0.18
1417,Exit long,2025-10-07 10:45,Close entry(s) order L,4675.4,1,4684.83,-9.43,-0.20,5.63,0.12,-12.22,-0.26,1752.12,0.18
1417,Entry long,2025-10-07 10:30,L,4684.83,1,4684.83,-9.43,-0.20,5.63,0.12,-12.22,-0.26,1752.12,0.18
1418,Exit long,2025-10-07 12:15,Close entry(s) order L,4680.97,1,4684.83,-3.86,-0.08,9.67,0.21,-8.27,-0.18,1748.26,0.17
1418,Entry long,2025-10-07 11:00,L,4684.83,1,4684.83,-3.86,-0.08,9.67,0.21,-8.27,-0.18,1748.26,0.17
1419,Exit long,2025-10-07 14:30,Close entry(s) order L,4675.02,1,4690.4,-15.38,-0.33,40.25,0.86,-15.38,-0.33,1732.88,0.17
1419,Entry long,2025-10-07 12:30,L,4690.4,1,4690.4,-15.38,-0.33,40.25,0.86,-15.38,-0.33,1732.88,0.17
1420,Exit long,2025-10-07 21:45,Close entry(s) order L,4685.7,1,4677.05,8.65,0.18,76.95,1.65,-10.38,-0.22,1741.53,0.17
1420,Entry long,2025-10-07 17:15,L,4677.05,1,4677.05,8.65,0.18,76.95,1.65,-10.38,-0.22,1741.53,0.17
1421,Exit long,2025-10-08 06:45,Close entry(s) order L,4493.66,1,4501.76,-8.1,-0.18,12.9,0.29,-24.04,-0.53,1733.43,0.17
1421,Entry long,2025-10-08 04:15,L,4501.76,1,4501.76,-8.1,-0.18,12.9,0.29,-24.04,-0.53,1733.43,0.17
1422,Exit long,2025-10-08 11:15,Close entry(s) order L,4461.72,1,4477.63,-15.91,-0.36,19.42,0.43,-22.63,-0.51,1717.52,0.17
1422,Entry long,2025-10-08 09:30,L,4477.63,1,4477.63,-15.91,-0.36,19.42,0.43,-22.63,-0.51,1717.52,0.17
1423,Exit long,2025-10-08 19:45,Close entry(s) order L,4482.87,1,4448.22,34.65,0.78,56.78,1.28,-8.18,-0.18,1752.17,0.18
1423,Entry long,2025-10-08 14:45,L,4448.22,1,4448.22,34.65,0.78,56.78,1.28,-8.18,-0.18,1752.17,0.18
1424,Exit long,2025-10-08 20:30,Close entry(s) order L,4478.19,1,4488.85,-10.66,-0.24,2,0.04,-18.01,-0.40,1741.51,0.17
1424,Entry long,2025-10-08 20:15,L,4488.85,1,4488.85,-10.66,-0.24,2,0.04,-18.01,-0.40,1741.51,0.17
1425,Exit long,2025-10-08 22:45,Close entry(s) order L,4463.87,1,4492.18,-28.31,-0.63,14.22,0.32,-36.79,-0.82,1713.2,0.17
1425,Entry long,2025-10-08 22:15,L,4492.18,1,4492.18,-28.31,-0.63,14.22,0.32,-36.79,-0.82,1713.2,0.17
1426,Exit long,2025-10-09 03:15,Close entry(s) order L,4501.12,1,4465.94,35.18,0.79,90.81,2.03,-3.72,-0.08,1748.38,0.17
1426,Entry long,2025-10-09 00:45,L,4465.94,1,4465.94,35.18,0.79,90.81,2.03,-3.72,-0.08,1748.38,0.17
1427,Exit long,2025-10-09 04:00,Close entry(s) order L,4512.65,1,4514.8,-2.15,-0.05,9.64,0.21,-8.4,-0.19,1746.23,0.17
1427,Entry long,2025-10-09 03:30,L,4514.8,1,4514.8,-2.15,-0.05,9.64,0.21,-8.4,-0.19,1746.23,0.17
1428,Exit long,2025-10-09 07:15,Close entry(s) order L,4511.54,1,4521.13,-9.59,-0.21,16.6,0.37,-14.51,-0.32,1736.64,0.17
1428,Entry long,2025-10-09 05:30,L,4521.13,1,4521.13,-9.59,-0.21,16.6,0.37,-14.51,-0.32,1736.64,0.17
1429,Exit long,2025-10-09 08:15,Close entry(s) order L,4515,1,4529.89,-14.89,-0.33,6.11,0.13,-17.89,-0.39,1721.75,0.17
1429,Entry long,2025-10-09 07:30,L,4529.89,1,4529.89,-14.89,-0.33,6.11,0.13,-17.89,-0.39,1721.75,0.17
1430,Exit long,2025-10-09 12:45,Close entry(s) order L,4444.43,1,4455.71,-11.28,-0.25,0.29,0.01,-13.54,-0.30,1710.47,0.17
1430,Entry long,2025-10-09 12:30,L,4455.71,1,4455.71,-11.28,-0.25,0.29,0.01,-13.54,-0.30,1710.47,0.17
1431,Exit long,2025-10-09 13:15,Close entry(s) order L,4440.39,1,4452.85,-12.46,-0.28,5.98,0.13,-12.46,-0.28,1698.01,0.17
1431,Entry long,2025-10-09 13:00,L,4452.85,1,4452.85,-12.46,-0.28,5.98,0.13,-12.46,-0.28,1698.01,0.17
1432,Exit long,2025-10-09 14:15,Close entry(s) order L,4436,1,4445.56,-9.56,-0.22,8.04,0.18,-16.96,-0.38,1688.45,0.17
1432,Entry long,2025-10-09 13:30,L,4445.56,1,4445.56,-9.56,-0.22,8.04,0.18,-16.96,-0.38,1688.45,0.17
1433,Exit long,2025-10-09 21:45,Close entry(s) order L,4366.46,1,4357.38,9.08,0.21,54.08,1.24,-0.97,-0.02,1697.53,0.17
1433,Entry long,2025-10-09 19:15,L,4357.38,1,4357.38,9.08,0.21,54.08,1.24,-0.97,-0.02,1697.53,0.17
1434,Exit long,2025-10-10 02:45,Close entry(s) order L,4309.36,1,4315.13,-5.77,-0.13,23.99,0.56,-9.96,-0.23,1691.76,0.17
1434,Entry long,2025-10-10 01:45,L,4315.13,1,4315.13,-5.77,-0.13,23.99,0.56,-9.96,-0.23,1691.76,0.17
1435,Exit long,2025-10-10 09:45,Close entry(s) order L,4371.88,1,4319.32,52.56,1.22,72.68,1.68,-6.29,-0.15,1744.32,0.17
1435,Entry long,2025-10-10 03:15,L,4319.32,1,4319.32,52.56,1.22,72.68,1.68,-6.29,-0.15,1744.32,0.17
1436,Exit long,2025-10-10 10:45,Close entry(s) order L,4366.86,1,4374.85,-7.99,-0.18,3.08,0.07,-12.92,-0.30,1736.33,0.17
1436,Entry long,2025-10-10 10:30,L,4374.85,1,4374.85,-7.99,-0.18,3.08,0.07,-12.92,-0.30,1736.33,0.17
1437,Exit long,2025-10-10 12:00,Close entry(s) order L,4345.01,1,4375.74,-30.73,-0.70,16.12,0.37,-35.13,-0.80,1705.6,0.17
1437,Entry long,2025-10-10 11:30,L,4375.74,1,4375.74,-30.73,-0.70,16.12,0.37,-35.13,-0.80,1705.6,0.17
1438,Exit long,2025-10-10 14:30,Close entry(s) order L,4349.79,1,4356.22,-6.43,-0.15,19.78,0.45,-7.45,-0.17,1699.17,0.17
1438,Entry long,2025-10-10 13:45,L,4356.22,1,4356.22,-6.43,-0.15,19.78,0.45,-7.45,-0.17,1699.17,0.17
1439,Exit long,2025-10-10 17:15,Close entry(s) order L,4336.83,1,4343.91,-7.08,-0.16,0.19,0.00,-11.79,-0.27,1692.09,0.17
1439,Entry long,2025-10-10 17:00,L,4343.91,1,4343.91,-7.08,-0.16,0.19,0.00,-11.79,-0.27,1692.09,0.17
1440,Exit long,2025-10-10 18:00,Close entry(s) order L,4319.98,1,4346.11,-26.13,-0.60,3.59,0.08,-30.32,-0.70,1665.96,0.17
1440,Entry long,2025-10-10 17:30,L,4346.11,1,4346.11,-26.13,-0.60,3.59,0.08,-30.32,-0.70,1665.96,0.17
1441,Exit long,2025-10-10 22:30,Close entry(s) order L,4324.54,1,4330.69,-6.15,-0.14,57.74,1.33,-12.32,-0.28,1659.81,0.17
1441,Entry long,2025-10-10 18:45,L,4330.69,1,4330.69,-6.15,-0.14,57.74,1.33,-12.32,-0.28,1659.81,0.17
1442,Exit long,2025-10-11 06:15,Close entry(s) order L,3895,1,3941.17,-46.17,-1.17,6.49,0.16,-121.17,-3.07,1613.64,0.16
1442,Entry long,2025-10-11 06:00,L,3941.17,1,3941.17,-46.17,-1.17,6.49,0.16,-121.17,-3.07,1613.64,0.16
1443,Exit long,2025-10-11 08:00,Close entry(s) order L,3820,1,3893.47,-73.47,-1.89,1.46,0.04,-94.91,-2.44,1540.17,0.15
1443,Entry long,2025-10-11 07:45,L,3893.47,1,3893.47,-73.47,-1.89,1.46,0.04,-94.91,-2.44,1540.17,0.15
1444,Exit long,2025-10-11 08:45,Close entry(s) order L,3839.9,1,3867,-27.1,-0.70,2.74,0.07,-66.9,-1.73,1513.07,0.15
1444,Entry long,2025-10-11 08:15,L,3867,1,3867,-27.1,-0.70,2.74,0.07,-66.9,-1.73,1513.07,0.15
1445,Exit long,2025-10-11 11:15,Close entry(s) order L,3788,1,3855.1,-67.1,-1.74,0.01,0.00,-81.13,-2.10,1445.97,0.14
1445,Entry long,2025-10-11 10:45,L,3855.1,1,3855.1,-67.1,-1.74,0.01,0.00,-81.13,-2.10,1445.97,0.14
1446,Exit long,2025-10-11 13:30,Close entry(s) order L,3767.13,1,3796.34,-29.21,-0.77,34.68,0.91,-36.12,-0.95,1416.76,0.14
1446,Entry long,2025-10-11 12:15,L,3796.34,1,3796.34,-29.21,-0.77,34.68,0.91,-36.12,-0.95,1416.76,0.14
1447,Exit long,2025-10-11 14:45,Close entry(s) order L,3785.81,1,3798.79,-12.98,-0.34,12.48,0.33,-20.46,-0.54,1403.78,0.14
1447,Entry long,2025-10-11 14:15,L,3798.79,1,3798.79,-12.98,-0.34,12.48,0.33,-20.46,-0.54,1403.78,0.14
1448,Exit long,2025-10-11 19:15,Close entry(s) order L,3811.43,1,3799.12,12.31,0.32,56.88,1.50,-14.4,-0.38,1416.09,0.14
1448,Entry long,2025-10-11 16:30,L,3799.12,1,3799.12,12.31,0.32,56.88,1.50,-14.4,-0.38,1416.09,0.14
1449,Exit long,2025-10-11 20:15,Close entry(s) order L,3827.89,1,3821.67,6.22,0.16,19.47,0.51,-8.58,-0.22,1422.31,0.14
1449,Entry long,2025-10-11 19:30,L,3821.67,1,3821.67,6.22,0.16,19.47,0.51,-8.58,-0.22,1422.31,0.14
1450,Exit long,2025-10-11 20:45,Close entry(s) order L,3823.02,1,3843.78,-20.76,-0.54,0,0.00,-27.18,-0.71,1401.55,0.14
1450,Entry long,2025-10-11 20:30,L,3843.78,1,3843.78,-20.76,-0.54,0,0.00,-27.18,-0.71,1401.55,0.14
1451,Exit long,2025-10-11 22:15,Close entry(s) order L,3818.99,1,3830.21,-11.22,-0.29,5.79,0.15,-16.67,-0.44,1390.33,0.14
1451,Entry long,2025-10-11 22:00,L,3830.21,1,3830.21,-11.22,-0.29,5.79,0.15,-16.67,-0.44,1390.33,0.14
1452,Exit long,2025-10-11 23:45,Close entry(s) order L,3815.99,1,3840.72,-24.73,-0.64,9.28,0.24,-25.68,-0.67,1365.6,0.14
1452,Entry long,2025-10-11 23:15,L,3840.72,1,3840.72,-24.73,-0.64,9.28,0.24,-25.68,-0.67,1365.6,0.14
1453,Exit long,2025-10-12 00:45,Close entry(s) order L,3810.37,1,3822.58,-12.21,-0.32,23.4,0.61,-15.17,-0.40,1353.39,0.14
1453,Entry long,2025-10-12 00:00,L,3822.58,1,3822.58,-12.21,-0.32,23.4,0.61,-15.17,-0.40,1353.39,0.14
1454,Exit long,2025-10-12 01:45,Close entry(s) order L,3817.93,1,3828.46,-10.53,-0.28,11.15,0.29,-17.46,-0.46,1342.86,0.13
1454,Entry long,2025-10-12 01:15,L,3828.46,1,3828.46,-10.53,-0.28,11.15,0.29,-17.46,-0.46,1342.86,0.13
1455,Exit long,2025-10-12 08:30,Close entry(s) order L,3717.78,1,3736.57,-18.79,-0.50,25.82,0.69,-23.07,-0.62,1324.07,0.13
1455,Entry long,2025-10-12 06:15,L,3736.57,1,3736.57,-18.79,-0.50,25.82,0.69,-23.07,-0.62,1324.07,0.13
1456,Exit long,2025-10-12 10:45,Close entry(s) order L,3723.5,1,3734.69,-11.19,-0.30,13.9,0.37,-19.19,-0.51,1312.88,0.13
1456,Entry long,2025-10-12 10:30,L,3734.69,1,3734.69,-11.19,-0.30,13.9,0.37,-19.19,-0.51,1312.88,0.13
1457,Exit long,2025-10-12 17:00,Close entry(s) order L,3820.53,1,3732.37,88.16,2.36,111.63,2.99,-6.77,-0.18,1401.04,0.14
1457,Entry long,2025-10-12 11:00,L,3732.37,1,3732.37,88.16,2.36,111.63,2.99,-6.77,-0.18,1401.04,0.14
1458,Exit long,2025-10-12 18:30,Close entry(s) order L,3818.79,1,3829.36,-10.57,-0.28,36.7,0.96,-16.48,-0.43,1390.47,0.14
1458,Entry long,2025-10-12 17:45,L,3829.36,1,3829.36,-10.57,-0.28,36.7,0.96,-16.48,-0.43,1390.47,0.14
1459,Exit long,2025-10-12 19:30,Close entry(s) order L,3818.96,1,3827.16,-8.2,-0.21,1.04,0.03,-14.63,-0.38,1382.27,0.14
1459,Entry long,2025-10-12 19:15,L,3827.16,1,3827.16,-8.2,-0.21,1.04,0.03,-14.63,-0.38,1382.27,0.14
1460,Exit long,2025-10-12 21:30,Close entry(s) order L,3812.79,1,3836.36,-23.57,-0.61,10.79,0.28,-36.79,-0.96,1358.7,0.14
1460,Entry long,2025-10-12 20:15,L,3836.36,1,3836.36,-23.57,-0.61,10.79,0.28,-36.79,-0.96,1358.7,0.14
1461,Exit long,2025-10-13 05:30,Close entry(s) order L,4120.03,1,3830.02,290.01,7.57,369.98,9.66,-14.34,-0.37,1648.71,0.16
1461,Entry long,2025-10-12 22:30,L,3830.02,1,3830.02,290.01,7.57,369.98,9.66,-14.34,-0.37,1648.71,0.16
1462,Exit long,2025-10-13 06:15,Close entry(s) order L,4128.27,1,4133.94,-5.67,-0.14,19.65,0.48,-25.09,-0.61,1643.04,0.16
1462,Entry long,2025-10-13 06:00,L,4133.94,1,4133.94,-5.67,-0.14,19.65,0.48,-25.09,-0.61,1643.04,0.16
1463,Exit long,2025-10-13 07:00,Close entry(s) order L,4132.99,1,4138.4,-5.41,-0.13,10.9,0.26,-8.4,-0.20,1637.63,0.16
1463,Entry long,2025-10-13 06:45,L,4138.4,1,4138.4,-5.41,-0.13,10.9,0.26,-8.4,-0.20,1637.63,0.16
1464,Exit long,2025-10-13 08:45,Close entry(s) order L,4130.03,1,4138.92,-8.89,-0.21,45.2,1.09,-15.35,-0.37,1628.74,0.16
1464,Entry long,2025-10-13 07:30,L,4138.92,1,4138.92,-8.89,-0.21,45.2,1.09,-15.35,-0.37,1628.74,0.16
1465,Exit long,2025-10-13 09:15,Close entry(s) order L,4134.19,1,4136.95,-2.76,-0.07,10.64,0.26,-12.95,-0.31,1625.98,0.16
1465,Entry long,2025-10-13 09:00,L,4136.95,1,4136.95,-2.76,-0.07,10.64,0.26,-12.95,-0.31,1625.98,0.16
1466,Exit long,2025-10-13 11:30,Close entry(s) order L,4154.08,1,4152.62,1.46,0.04,66.81,1.61,-1.74,-0.04,1627.44,0.16
1466,Entry long,2025-10-13 09:30,L,4152.62,1,4152.62,1.46,0.04,66.81,1.61,-1.74,-0.04,1627.44,0.16
1467,Exit long,2025-10-13 17:15,Close entry(s) order L,4147.37,1,4140.23,7.14,0.17,56.32,1.36,-1.42,-0.03,1634.58,0.16
1467,Entry long,2025-10-13 14:15,L,4140.23,1,4140.23,7.14,0.17,56.32,1.36,-1.42,-0.03,1634.58,0.16
1468,Exit long,2025-10-13 23:00,Close entry(s) order L,4093.79,1,4134.44,-40.65,-0.98,40.51,0.98,-55.63,-1.35,1593.93,0.16
1468,Entry long,2025-10-13 21:45,L,4134.44,1,4134.44,-40.65,-0.98,40.51,0.98,-55.63,-1.35,1593.93,0.16
1469,Exit long,2025-10-14 06:30,Close entry(s) order L,4251.32,1,4114.08,137.24,3.34,178.95,4.35,-3.36,-0.08,1731.17,0.17
1469,Entry long,2025-10-13 23:15,L,4114.08,1,4114.08,137.24,3.34,178.95,4.35,-3.36,-0.08,1731.17,0.17
1470,Exit long,2025-10-14 07:15,Close entry(s) order L,4254.25,1,4262.64,-8.39,-0.20,12.26,0.29,-10.69,-0.25,1722.78,0.17
1470,Entry long,2025-10-14 06:45,L,4262.64,1,4262.64,-8.39,-0.20,12.26,0.29,-10.69,-0.25,1722.78,0.17
1471,Exit long,2025-10-15 03:45,Close entry(s) order L,4055.24,1,3954,101.24,2.56,209.25,5.29,-15.8,-0.40,1824.02,0.18
1471,Entry long,2025-10-14 22:00,L,3954,1,3954,101.24,2.56,209.25,5.29,-15.8,-0.40,1824.02,0.18
1472,Exit long,2025-10-15 05:15,Close entry(s) order L,4095.44,1,4120,-24.56,-0.60,3.16,0.08,-29.49,-0.72,1799.46,0.18
1472,Entry long,2025-10-15 04:45,L,4120,1,4120,-24.56,-0.60,3.16,0.08,-29.49,-0.72,1799.46,0.18
1473,Exit long,2025-10-15 08:15,Close entry(s) order L,4111.91,1,4108.21,3.7,0.09,34.78,0.85,-10.95,-0.27,1803.16,0.18
1473,Entry long,2025-10-15 05:30,L,4108.21,1,4108.21,3.7,0.09,34.78,0.85,-10.95,-0.27,1803.16,0.18
1474,Exit long,2025-10-15 11:15,Close entry(s) order L,4101.64,1,4122.76,-21.12,-0.51,21.73,0.53,-29.23,-0.71,1782.04,0.18
1474,Entry long,2025-10-15 10:15,L,4122.76,1,4122.76,-21.12,-0.51,21.73,0.53,-29.23,-0.71,1782.04,0.18
1475,Exit long,2025-10-15 13:30,Close entry(s) order L,4104.21,1,4114.59,-10.38,-0.25,8.8,0.21,-14.59,-0.35,1771.66,0.18
1475,Entry long,2025-10-15 13:00,L,4114.59,1,4114.59,-10.38,-0.25,8.8,0.21,-14.59,-0.35,1771.66,0.18
1476,Exit long,2025-10-15 14:15,Close entry(s) order L,4098.7,1,4108.96,-10.26,-0.25,8.46,0.21,-22.57,-0.55,1761.4,0.18
1476,Entry long,2025-10-15 13:45,L,4108.96,1,4108.96,-10.26,-0.25,8.46,0.21,-22.57,-0.55,1761.4,0.18
1477,Exit long,2025-10-15 18:30,Close entry(s) order L,4125.66,1,4108.13,17.53,0.43,107.99,2.63,-6.35,-0.15,1778.93,0.18
1477,Entry long,2025-10-15 14:45,L,4108.13,1,4108.13,17.53,0.43,107.99,2.63,-6.35,-0.15,1778.93,0.18
1478,Exit long,2025-10-16 02:15,Close entry(s) order L,3980.07,1,3990.96,-10.89,-0.27,2.76,0.07,-23.17,-0.58,1768.04,0.18
1478,Entry long,2025-10-16 02:00,L,3990.96,1,3990.96,-10.89,-0.27,2.76,0.07,-23.17,-0.58,1768.04,0.18
1479,Exit long,2025-10-16 04:30,Close entry(s) order L,3958.42,1,3992.76,-34.34,-0.86,18.8,0.47,-38.69,-0.97,1733.7,0.17
1479,Entry long,2025-10-16 02:30,L,3992.76,1,3992.76,-34.34,-0.86,18.8,0.47,-38.69,-0.97,1733.7,0.17
1480,Exit long,2025-10-16 07:00,Close entry(s) order L,3959.68,1,3972.29,-12.61,-0.32,1.37,0.03,-21.47,-0.54,1721.09,0.17
1480,Entry long,2025-10-16 06:45,L,3972.29,1,3972.29,-12.61,-0.32,1.37,0.03,-21.47,-0.54,1721.09,0.17
1481,Exit long,2025-10-16 12:45,Close entry(s) order L,4006.51,1,3977.62,28.89,0.73,57.38,1.44,-13.03,-0.33,1749.98,0.17
1481,Entry long,2025-10-16 07:15,L,3977.62,1,3977.62,28.89,0.73,57.38,1.44,-13.03,-0.33,1749.98,0.17
1482,Exit long,2025-10-16 15:30,Close entry(s) order L,4001.2,1,4016.26,-15.06,-0.37,33.74,0.84,-15.67,-0.39,1734.92,0.17
1482,Entry long,2025-10-16 14:30,L,4016.26,1,4016.26,-15.06,-0.37,33.74,0.84,-15.67,-0.39,1734.92,0.17
1483,Exit long,2025-10-16 21:30,Close entry(s) order L,4043.8,1,4018.19,25.61,0.64,71.15,1.77,-4.82,-0.12,1760.53,0.18
1483,Entry long,2025-10-16 17:45,L,4018.19,1,4018.19,25.61,0.64,71.15,1.77,-4.82,-0.12,1760.53,0.18
1484,Exit long,2025-10-16 22:00,Close entry(s) order L,4018.87,1,4051.77,-32.9,-0.81,7.25,0.18,-50.41,-1.24,1727.63,0.17
1484,Entry long,2025-10-16 21:45,L,4051.77,1,4051.77,-32.9,-0.81,7.25,0.18,-50.41,-1.24,1727.63,0.17
1485,Exit long,2025-10-16 23:00,Close entry(s) order L,4013.83,1,4053.31,-39.48,-0.97,2.64,0.07,-43.88,-1.08,1688.15,0.17
1485,Entry long,2025-10-16 22:45,L,4053.31,1,4053.31,-39.48,-0.97,2.64,0.07,-43.88,-1.08,1688.15,0.17
1486,Exit long,2025-10-17 06:15,Close entry(s) order L,3865,1,3881.61,-16.61,-0.43,5.72,0.15,-18.18,-0.47,1671.54,0.17
1486,Entry long,2025-10-17 06:00,L,3881.61,1,3881.61,-16.61,-0.43,5.72,0.15,-18.18,-0.47,1671.54,0.17
1487,Exit long,2025-10-17 07:00,Close entry(s) order L,3863.25,1,3871.99,-8.74,-0.23,6.24,0.16,-10.39,-0.27,1662.8,0.17
1487,Entry long,2025-10-17 06:30,L,3871.99,1,3871.99,-8.74,-0.23,6.24,0.16,-10.39,-0.27,1662.8,0.17
1488,Exit long,2025-10-17 10:30,Close entry(s) order L,3901.02,1,3877.83,23.19,0.60,70.23,1.81,0,0.00,1685.99,0.17
1488,Entry long,2025-10-17 07:15,L,3877.83,1,3877.83,23.19,0.60,70.23,1.81,0,0.00,1685.99,0.17
1489,Exit long,2025-10-17 12:30,Close entry(s) order L,3919.66,1,3919.39,0.27,0.01,15.34,0.39,-5.96,-0.15,1686.26,0.17
1489,Entry long,2025-10-17 10:45,L,3919.39,1,3919.39,0.27,0.01,15.34,0.39,-5.96,-0.15,1686.26,0.17
1490,Exit long,2025-10-17 21:45,Close entry(s) order L,3752.76,1,3775.87,-23.11,-0.61,41.53,1.10,-37.72,-1.00,1663.15,0.17
1490,Entry long,2025-10-17 19:15,L,3775.87,1,3775.87,-23.11,-0.61,41.53,1.10,-37.72,-1.00,1663.15,0.17
1491,Exit long,2025-10-17 22:30,Close entry(s) order L,3755.15,1,3787.34,-32.19,-0.85,9.49,0.25,-36.68,-0.97,1630.96,0.16
1491,Entry long,2025-10-17 22:00,L,3787.34,1,3787.34,-32.19,-0.85,9.49,0.25,-36.68,-0.97,1630.96,0.16
1492,Exit long,2025-10-18 06:45,Close entry(s) order L,3847.55,1,3768.94,78.61,2.09,113.06,3.00,-26.34,-0.70,1709.57,0.17
1492,Entry long,2025-10-17 23:30,L,3768.94,1,3768.94,78.61,2.09,113.06,3.00,-26.34,-0.70,1709.57,0.17
1493,Exit long,2025-10-18 12:15,Close entry(s) order L,3850.55,1,3846.31,4.24,0.11,34.32,0.89,-3.91,-0.10,1713.81,0.17
1493,Entry long,2025-10-18 09:15,L,3846.31,1,3846.31,4.24,0.11,34.32,0.89,-3.91,-0.10,1713.81,0.17
1494,Exit long,2025-10-18 17:00,Close entry(s) order L,3874.54,1,3861.31,13.23,0.34,64.69,1.68,-2.14,-0.06,1727.04,0.17
1494,Entry long,2025-10-18 13:45,L,3861.31,1,3861.31,13.23,0.34,64.69,1.68,-2.14,-0.06,1727.04,0.17
1495,Exit long,2025-10-18 17:45,Close entry(s) order L,3876.95,1,3883.44,-6.49,-0.17,2.06,0.05,-10.44,-0.27,1720.55,0.17
1495,Entry long,2025-10-18 17:30,L,3883.44,1,3883.44,-6.49,-0.17,2.06,0.05,-10.44,-0.27,1720.55,0.17
1496,Exit long,2025-10-18 19:00,Close entry(s) order L,3874.75,1,3888.1,-13.35,-0.34,0,0.00,-21.13,-0.54,1707.2,0.17
1496,Entry long,2025-10-18 18:45,L,3888.1,1,3888.1,-13.35,-0.34,0,0.00,-21.13,-0.54,1707.2,0.17
1497,Exit long,2025-10-18 21:15,Close entry(s) order L,3872.41,1,3877.6,-5.19,-0.13,14.9,0.38,-11.69,-0.30,1702.01,0.17
1497,Entry long,2025-10-18 19:45,L,3877.6,1,3877.6,-5.19,-0.13,14.9,0.38,-11.69,-0.30,1702.01,0.17
1498,Exit long,2025-10-18 23:15,Close entry(s) order L,3870.4,1,3872.33,-1.93,-0.05,6.31,0.16,-3.8,-0.10,1700.08,0.17
1498,Entry long,2025-10-18 23:00,L,3872.33,1,3872.33,-1.93,-0.05,6.31,0.16,-3.8,-0.10,1700.08,0.17
1499,Exit long,2025-10-19 00:30,Close entry(s) order L,3866.38,1,3872.29,-5.91,-0.15,8.71,0.22,-11.64,-0.30,1694.17,0.17
1499,Entry long,2025-10-18 23:30,L,3872.29,1,3872.29,-5.91,-0.15,8.71,0.22,-11.64,-0.30,1694.17,0.17
1500,Exit long,2025-10-19 05:00,Close entry(s) order L,3884,1,3868.9,15.1,0.39,39.02,1.01,-0.58,-0.01,1709.27,0.17
1500,Entry long,2025-10-19 01:15,L,3868.9,1,3868.9,15.1,0.39,39.02,1.01,-0.58,-0.01,1709.27,0.17
1501,Exit long,2025-10-19 06:15,Close entry(s) order L,3884.32,1,3888.56,-4.24,-0.11,6.64,0.17,-6.7,-0.17,1705.03,0.17
1501,Entry long,2025-10-19 05:45,L,3888.56,1,3888.56,-4.24,-0.11,6.64,0.17,-6.7,-0.17,1705.03,0.17
1502,Exit long,2025-10-19 07:00,Close entry(s) order L,3884,1,3890.03,-6.03,-0.16,3.4,0.09,-8.89,-0.23,1699,0.17
1502,Entry long,2025-10-19 06:30,L,3890.03,1,3890.03,-6.03,-0.16,3.4,0.09,-8.89,-0.23,1699,0.17
1503,Exit long,2025-10-19 08:15,Close entry(s) order L,3882.68,1,3887.01,-4.33,-0.11,3.6,0.09,-6.97,-0.18,1694.67,0.17
1503,Entry long,2025-10-19 08:00,L,3887.01,1,3887.01,-4.33,-0.11,3.6,0.09,-6.97,-0.18,1694.67,0.17
1504,Exit long,2025-10-19 14:15,Close entry(s) order L,3887.96,1,3884.35,3.61,0.09,35.13,0.90,0,0.00,1698.28,0.17
1504,Entry long,2025-10-19 11:30,L,3884.35,1,3884.35,3.61,0.09,35.13,0.90,0,0.00,1698.28,0.17
1505,Exit long,2025-10-19 20:45,Close entry(s) order L,3913.86,1,3895.14,18.72,0.48,54.86,1.41,-6.37,-0.16,1717,0.17
1505,Entry long,2025-10-19 17:45,L,3895.14,1,3895.14,18.72,0.48,54.86,1.41,-6.37,-0.16,1717,0.17
1506,Exit long,2025-10-19 21:15,Close entry(s) order L,3915.92,1,3920.86,-4.94,-0.13,3.41,0.09,-8.88,-0.23,1712.06,0.17
1506,Entry long,2025-10-19 21:00,L,3920.86,1,3920.86,-4.94,-0.13,3.41,0.09,-8.88,-0.23,1712.06,0.17
1507,Exit long,2025-10-20 03:45,Close entry(s) order L,3983.34,1,3924.09,59.25,1.51,102.22,2.60,-0.71,-0.02,1771.31,0.18
1507,Entry long,2025-10-19 21:30,L,3924.09,1,3924.09,59.25,1.51,102.22,2.60,-0.71,-0.02,1771.31,0.18
1508,Exit long,2025-10-20 05:30,Close entry(s) order L,3984.61,1,3999.16,-14.55,-0.36,3.79,0.09,-14.58,-0.36,1756.76,0.18
1508,Entry long,2025-10-20 05:00,L,3999.16,1,3999.16,-14.55,-0.36,3.79,0.09,-14.58,-0.36,1756.76,0.18
1509,Exit long,2025-10-20 07:30,Close entry(s) order L,3992.24,1,3995.65,-3.41,-0.09,34.35,0.86,-8.91,-0.22,1753.35,0.18
1509,Entry long,2025-10-20 06:00,L,3995.65,1,3995.65,-3.41,-0.09,34.35,0.86,-8.91,-0.22,1753.35,0.18
1510,Exit long,2025-10-20 15:45,Close entry(s) order L,4058.79,1,3956.46,102.33,2.59,128.54,3.25,-10.64,-0.27,1855.68,0.19
1510,Entry long,2025-10-20 10:45,L,3956.46,1,3956.46,102.33,2.59,128.54,3.25,-10.64,-0.27,1855.68,0.19
1511,Exit long,2025-10-20 21:15,Close entry(s) order L,4028,1,4035.89,-7.89,-0.20,3.87,0.10,-7.89,-0.20,1847.79,0.18
1511,Entry long,2025-10-20 21:00,L,4035.89,1,4035.89,-7.89,-0.20,3.87,0.10,-7.89,-0.20,1847.79,0.18
1512,Exit long,2025-10-20 22:15,Close entry(s) order L,4025.35,1,4031.81,-6.46,-0.16,11.32,0.28,-8.33,-0.21,1841.33,0.18
1512,Entry long,2025-10-20 21:45,L,4031.81,1,4031.81,-6.46,-0.16,11.32,0.28,-8.33,-0.21,1841.33,0.18
1513,Exit long,2025-10-20 22:45,Close entry(s) order L,4029.23,1,4042.36,-13.13,-0.32,2.24,0.06,-18.97,-0.47,1828.2,0.18
1513,Entry long,2025-10-20 22:30,L,4042.36,1,4042.36,-13.13,-0.32,2.24,0.06,-18.97,-0.47,1828.2,0.18
1514,Exit long,2025-10-20 23:15,Close entry(s) order L,4022.36,1,4037.57,-15.21,-0.38,11.39,0.28,-15.35,-0.38,1812.99,0.18
1514,Entry long,2025-10-20 23:00,L,4037.57,1,4037.57,-15.21,-0.38,11.39,0.28,-15.35,-0.38,1812.99,0.18
1515,Exit long,2025-10-21 05:45,Close entry(s) order L,3978.25,1,3972.28,5.97,0.15,29.68,0.75,-14.83,-0.37,1818.96,0.18
1515,Entry long,2025-10-21 03:00,L,3972.28,1,3972.28,5.97,0.15,29.68,0.75,-14.83,-0.37,1818.96,0.18
1516,Exit long,2025-10-21 06:30,Close entry(s) order L,3979.56,1,3983.3,-3.74,-0.09,3.47,0.09,-4.3,-0.11,1815.22,0.18
1516,Entry long,2025-10-21 06:15,L,3983.3,1,3983.3,-3.74,-0.09,3.47,0.09,-4.3,-0.11,1815.22,0.18
1517,Exit long,2025-10-21 07:15,Close entry(s) order L,3978.71,1,3988.81,-10.1,-0.25,3.26,0.08,-12.24,-0.31,1805.12,0.18
1517,Entry long,2025-10-21 06:45,L,3988.81,1,3988.81,-10.1,-0.25,3.26,0.08,-12.24,-0.31,1805.12,0.18
1518,Exit long,2025-10-21 07:45,Close entry(s) order L,3979.61,1,3986.41,-6.8,-0.17,1.31,0.03,-9.62,-0.24,1798.32,0.18
1518,Entry long,2025-10-21 07:30,L,3986.41,1,3986.41,-6.8,-0.17,1.31,0.03,-9.62,-0.24,1798.32,0.18
1519,Exit long,2025-10-21 16:45,Close entry(s) order L,3856.56,1,3880.37,-23.81,-0.61,14.63,0.38,-28.86,-0.74,1774.51,0.18
1519,Entry long,2025-10-21 14:45,L,3880.37,1,3880.37,-23.81,-0.61,14.63,0.38,-28.86,-0.74,1774.51,0.18
1520,Exit long,2025-10-21 21:00,Close entry(s) order L,3878.89,1,3882.27,-3.38,-0.09,34.73,0.89,-14.27,-0.37,1771.13,0.18
1520,Entry long,2025-10-21 19:00,L,3882.27,1,3882.27,-3.38,-0.09,34.73,0.89,-14.27,-0.37,1771.13,0.18
1521,Exit long,2025-10-21 21:45,Close entry(s) order L,3875.61,1,3883.43,-7.82,-0.20,14.34,0.37,-16.5,-0.42,1763.31,0.18
1521,Entry long,2025-10-21 21:30,L,3883.43,1,3883.43,-7.82,-0.20,14.34,0.37,-16.5,-0.42,1763.31,0.18
1522,Exit long,2025-10-22 01:15,Close entry(s) order L,4013.23,1,3925.48,87.75,2.24,182.93,4.66,-14.25,-0.36,1851.06,0.19
1522,Entry long,2025-10-21 22:15,L,3925.48,1,3925.48,87.75,2.24,182.93,4.66,-14.25,-0.36,1851.06,0.19
1523,Exit long,2025-10-22 10:45,Close entry(s) order L,3863.7,1,3874.48,-10.78,-0.28,0.08,0.00,-13.91,-0.36,1840.28,0.18
1523,Entry long,2025-10-22 10:15,L,3874.48,1,3874.48,-10.78,-0.28,0.08,0.00,-13.91,-0.36,1840.28,0.18
1524,Exit long,2025-10-22 13:30,Close entry(s) order L,3848.12,1,3858.13,-10.01,-0.26,24.8,0.64,-22.44,-0.58,1830.27,0.18
1524,Entry long,2025-10-22 12:00,L,3858.13,1,3858.13,-10.01,-0.26,24.8,0.64,-22.44,-0.58,1830.27,0.18
1525,Exit long,2025-10-22 14:30,Close entry(s) order L,3858.49,1,3860.14,-1.65,-0.04,6.08,0.16,-7.66,-0.20,1828.62,0.18
1525,Entry long,2025-10-22 14:15,L,3860.14,1,3860.14,-1.65,-0.04,6.08,0.16,-7.66,-0.20,1828.62,0.18
1526,Exit long,2025-10-22 15:00,Close entry(s) order L,3851.54,1,3865.12,-13.58,-0.35,0,0.00,-14.12,-0.37,1815.04,0.18
1526,Entry long,2025-10-22 14:45,L,3865.12,1,3865.12,-13.58,-0.35,0,0.00,-14.12,-0.37,1815.04,0.18
1527,Exit long,2025-10-22 16:15,Close entry(s) order L,3853.93,1,3860.19,-6.26,-0.16,14.81,0.38,-6.69,-0.17,1808.78,0.18
1527,Entry long,2025-10-22 15:45,L,3860.19,1,3860.19,-6.26,-0.16,14.81,0.38,-6.69,-0.17,1808.78,0.18
1528,Exit long,2025-10-22 17:00,Close entry(s) order L,3852.4,1,3856.76,-4.36,-0.11,5.24,0.14,-7.17,-0.19,1804.42,0.18
1528,Entry long,2025-10-22 16:30,L,3856.76,1,3856.76,-4.36,-0.11,5.24,0.14,-7.17,-0.19,1804.42,0.18
1529,Exit long,2025-10-22 22:30,Close entry(s) order L,3810.5,1,3842.72,-32.22,-0.84,32.84,0.85,-60.72,-1.58,1772.2,0.18
1529,Entry long,2025-10-22 20:30,L,3842.72,1,3842.72,-32.22,-0.84,32.84,0.85,-60.72,-1.58,1772.2,0.18
1530,Exit long,2025-10-22 23:15,Close entry(s) order L,3825.99,1,3852.35,-26.36,-0.68,11.09,0.29,-29.27,-0.76,1745.84,0.17
1530,Entry long,2025-10-22 23:00,L,3852.35,1,3852.35,-26.36,-0.68,11.09,0.29,-29.27,-0.76,1745.84,0.17
1531,Exit long,2025-10-23 01:15,Close entry(s) order L,3832.49,1,3838.88,-6.39,-0.17,20.76,0.54,-29.78,-0.78,1739.45,0.17
1531,Entry long,2025-10-22 23:45,L,3838.88,1,3838.88,-6.39,-0.17,20.76,0.54,-29.78,-0.78,1739.45,0.17
1532,Exit long,2025-10-23 12:15,Close entry(s) order L,3821.22,1,3770.74,50.48,1.34,64.58,1.71,-0.74,-0.02,1789.93,0.18
1532,Entry long,2025-10-23 07:15,L,3770.74,1,3770.74,50.48,1.34,64.58,1.71,-0.74,-0.02,1789.93,0.18
1533,Exit long,2025-10-23 17:15,Close entry(s) order L,3874,1,3828.61,45.39,1.19,76.86,2.01,-5.21,-0.14,1835.32,0.18
1533,Entry long,2025-10-23 12:30,L,3828.61,1,3828.61,45.39,1.19,76.86,2.01,-5.21,-0.14,1835.32,0.18
1534,Exit long,2025-10-23 17:45,Close entry(s) order L,3882.6,1,3886.22,-3.62,-0.09,2.14,0.06,-5.62,-0.14,1831.7,0.18
1534,Entry long,2025-10-23 17:30,L,3886.22,1,3886.22,-3.62,-0.09,2.14,0.06,-5.62,-0.14,1831.7,0.18
1535,Exit long,2025-10-23 18:45,Close entry(s) order L,3880.37,1,3888.88,-8.51,-0.22,15.01,0.39,-14.3,-0.37,1823.19,0.18
1535,Entry long,2025-10-23 18:00,L,3888.88,1,3888.88,-8.51,-0.22,15.01,0.39,-14.3,-0.37,1823.19,0.18
1536,Exit long,2025-10-24 02:45,Close entry(s) order L,3874.17,1,3846.11,28.06,0.73,87.29,2.27,-4.94,-0.13,1851.25,0.19
1536,Entry long,2025-10-23 23:00,L,3846.11,1,3846.11,28.06,0.73,87.29,2.27,-4.94,-0.13,1851.25,0.19
1537,Exit long,2025-10-24 15:45,Close entry(s) order L,3946.89,1,3842.75,104.14,2.71,145.25,3.78,-0.44,-0.01,1955.39,0.20
1537,Entry long,2025-10-24 06:30,L,3842.75,1,3842.75,104.14,2.71,145.25,3.78,-0.44,-0.01,1955.39,0.20
1538,Exit long,2025-10-24 18:00,Close entry(s) order L,3956.87,1,3965.59,-8.72,-0.22,0.51,0.01,-13.29,-0.34,1946.67,0.19
1538,Entry long,2025-10-24 17:30,L,3965.59,1,3965.59,-8.72,-0.22,0.51,0.01,-13.29,-0.34,1946.67,0.19
1539,Exit long,2025-10-24 18:30,Close entry(s) order L,3947.46,1,3962.6,-15.14,-0.38,0.76,0.02,-17.3,-0.44,1931.53,0.19
1539,Entry long,2025-10-24 18:15,L,3962.6,1,3962.6,-15.14,-0.38,0.76,0.02,-17.3,-0.44,1931.53,0.19
1540,Exit long,2025-10-24 19:30,Close entry(s) order L,3953.69,1,3954.95,-1.26,-0.03,7.73,0.20,-3.95,-0.10,1930.27,0.19
1540,Entry long,2025-10-24 19:00,L,3954.95,1,3954.95,-1.26,-0.03,7.73,0.20,-3.95,-0.10,1930.27,0.19
1541,Exit long,2025-10-24 21:45,Close entry(s) order L,3933.98,1,3975.61,-41.63,-1.05,1.65,0.04,-46.23,-1.16,1888.64,0.19
1541,Entry long,2025-10-24 20:45,L,3975.61,1,3975.61,-41.63,-1.05,1.65,0.04,-46.23,-1.16,1888.64,0.19
1542,Exit long,2025-10-25 01:45,Close entry(s) order L,3894.44,1,3899.87,-5.43,-0.14,0.13,0.00,-8.68,-0.22,1883.21,0.19
1542,Entry long,2025-10-25 01:30,L,3899.87,1,3899.87,-5.43,-0.14,0.13,0.00,-8.68,-0.22,1883.21,0.19
1543,Exit long,2025-10-25 07:15,Close entry(s) order L,3924.66,1,3903.05,21.61,0.55,40.76,1.04,-1.23,-0.03,1904.82,0.19
1543,Entry long,2025-10-25 02:15,L,3903.05,1,3903.05,21.61,0.55,40.76,1.04,-1.23,-0.03,1904.82,0.19
1544,Exit long,2025-10-25 09:45,Close entry(s) order L,3923.78,1,3930.68,-6.9,-0.18,7.35,0.19,-8.5,-0.22,1897.92,0.19
1544,Entry long,2025-10-25 09:30,L,3930.68,1,3930.68,-6.9,-0.18,7.35,0.19,-8.5,-0.22,1897.92,0.19
1545,Exit long,2025-10-25 12:00,Close entry(s) order L,3919.42,1,3931.63,-12.21,-0.31,4.63,0.12,-14.41,-0.37,1885.71,0.19
1545,Entry long,2025-10-25 10:00,L,3931.63,1,3931.63,-12.21,-0.31,4.63,0.12,-14.41,-0.37,1885.71,0.19
1546,Exit long,2025-10-25 16:00,Close entry(s) order L,3927.3,1,3925.62,1.68,0.04,37.64,0.96,-2.87,-0.07,1887.39,0.19
1546,Entry long,2025-10-25 13:45,L,3925.62,1,3925.62,1.68,0.04,37.64,0.96,-2.87,-0.07,1887.39,0.19
1547,Exit long,2025-10-25 18:15,Close entry(s) order L,3932.6,1,3932.69,-0.09,0.00,22.31,0.57,-2.69,-0.07,1887.3,0.19
1547,Entry long,2025-10-25 16:15,L,3932.69,1,3932.69,-0.09,0.00,22.31,0.57,-2.69,-0.07,1887.3,0.19
1548,Exit long,2025-10-25 19:15,Close entry(s) order L,3938.6,1,3942.32,-3.72,-0.09,2.53,0.06,-5.72,-0.15,1883.58,0.19
1548,Entry long,2025-10-25 18:45,L,3942.32,1,3942.32,-3.72,-0.09,2.53,0.06,-5.72,-0.15,1883.58,0.19
1549,Exit long,2025-10-25 19:45,Close entry(s) order L,3939.74,1,3942.3,-2.56,-0.06,1.2,0.03,-4.9,-0.12,1881.02,0.19
1549,Entry long,2025-10-25 19:30,L,3942.3,1,3942.3,-2.56,-0.06,1.2,0.03,-4.9,-0.12,1881.02,0.19
1550,Exit long,2025-10-25 21:15,Close entry(s) order L,3941.04,1,3949.5,-8.46,-0.21,5.5,0.14,-13.6,-0.34,1872.56,0.19
1550,Entry long,2025-10-25 20:15,L,3949.5,1,3949.5,-8.46,-0.21,5.5,0.14,-13.6,-0.34,1872.56,0.19
1551,Exit long,2025-10-25 22:30,Close entry(s) order L,3938.89,1,3943.66,-4.77,-0.12,2.69,0.07,-6.27,-0.16,1867.79,0.19
1551,Entry long,2025-10-25 22:15,L,3943.66,1,3943.66,-4.77,-0.12,2.69,0.07,-6.27,-0.16,1867.79,0.19
1552,Exit long,2025-10-26 01:30,Close entry(s) order L,3932.27,1,3937.57,-5.3,-0.13,0,0.00,-5.3,-0.13,1862.49,0.19
1552,Entry long,2025-10-26 01:15,L,3937.57,1,3937.57,-5.3,-0.13,0,0.00,-5.3,-0.13,1862.49,0.19
1553,Exit long,2025-10-26 05:00,Close entry(s) order L,3943.7,1,3933.28,10.42,0.26,35.65,0.91,-5.63,-0.14,1872.91,0.19
1553,Entry long,2025-10-26 02:00,L,3933.28,1,3933.28,10.42,0.26,35.65,0.91,-5.63,-0.14,1872.91,0.19
1554,Exit long,2025-10-26 08:15,Close entry(s) order L,3948.15,1,3953.01,-4.86,-0.12,10.46,0.26,-8.84,-0.22,1868.05,0.19
1554,Entry long,2025-10-26 06:30,L,3953.01,1,3953.01,-4.86,-0.12,10.46,0.26,-8.84,-0.22,1868.05,0.19
1555,Exit long,2025-10-26 09:00,Close entry(s) order L,3948.2,1,3953.41,-5.21,-0.13,6.59,0.17,-6.13,-0.16,1862.84,0.19
1555,Entry long,2025-10-26 08:30,L,3953.41,1,3953.41,-5.21,-0.13,6.59,0.17,-6.13,-0.16,1862.84,0.19
1556,Exit long,2025-10-26 23:00,Close entry(s) order L,4065.58,1,3933.78,131.8,3.35,164.22,4.17,-0.63,-0.02,1994.64,0.20
1556,Entry long,2025-10-26 12:45,L,3933.78,1,3933.78,131.8,3.35,164.22,4.17,-0.63,-0.02,1994.64,0.20
1557,Exit long,2025-10-26 23:45,Close entry(s) order L,4067.43,1,4069.13,-1.7,-0.04,7.3,0.18,-7.29,-0.18,1992.94,0.20
1557,Entry long,2025-10-26 23:15,L,4069.13,1,4069.13,-1.7,-0.04,7.3,0.18,-7.29,-0.18,1992.94,0.20
1558,Exit long,2025-10-27 00:15,Close entry(s) order L,4058.61,1,4073.45,-14.84,-0.36,0.75,0.02,-15.99,-0.39,1978.1,0.20
1558,Entry long,2025-10-27 00:00,L,4073.45,1,4073.45,-14.84,-0.36,0.75,0.02,-15.99,-0.39,1978.1,0.20
1559,Exit long,2025-10-27 04:15,Close entry(s) order L,4062.08,1,4070.05,-7.97,-0.20,9.81,0.24,-12.69,-0.31,1970.13,0.20
1559,Entry long,2025-10-27 02:15,L,4070.05,1,4070.05,-7.97,-0.20,9.81,0.24,-12.69,-0.31,1970.13,0.20
1560,Exit long,2025-10-27 05:00,Close entry(s) order L,4060.17,1,4069.9,-9.73,-0.24,0.26,0.01,-9.77,-0.24,1960.4,0.20
1560,Entry long,2025-10-27 04:45,L,4069.9,1,4069.9,-9.73,-0.24,0.26,0.01,-9.77,-0.24,1960.4,0.20
1561,Exit long,2025-10-27 05:30,Close entry(s) order L,4060.2,1,4069.29,-9.09,-0.22,1.48,0.04,-12.24,-0.30,1951.31,0.20
1561,Entry long,2025-10-27 05:15,L,4069.29,1,4069.29,-9.09,-0.22,1.48,0.04,-12.24,-0.30,1951.31,0.20
1562,Exit long,2025-10-27 15:30,Close entry(s) order L,4220.01,1,4078.77,141.24,3.46,174.23,4.27,-3.77,-0.09,2092.55,0.21
1562,Entry long,2025-10-27 05:45,L,4078.77,1,4078.77,141.24,3.46,174.23,4.27,-3.77,-0.09,2092.55,0.21
1563,Exit long,2025-10-27 21:45,Close entry(s) order L,4145.58,1,4159.27,-13.69,-0.33,9.11,0.22,-34.26,-0.82,2078.86,0.21
1563,Entry long,2025-10-27 21:15,L,4159.27,1,4159.27,-13.69,-0.33,9.11,0.22,-34.26,-0.82,2078.86,0.21
1564,Exit long,2025-10-27 22:15,Close entry(s) order L,4147.38,1,4175.65,-28.27,-0.68,5.55,0.13,-38.84,-0.93,2050.59,0.21
1564,Entry long,2025-10-27 22:00,L,4175.65,1,4175.65,-28.27,-0.68,5.55,0.13,-38.84,-0.93,2050.59,0.21
1565,Exit long,2025-10-28 03:45,Close entry(s) order L,4197.86,1,4168.5,29.36,0.70,63.14,1.51,-15,-0.36,2079.95,0.21
1565,Entry long,2025-10-27 23:15,L,4168.5,1,4168.5,29.36,0.70,63.14,1.51,-15,-0.36,2079.95,0.21
1566,Exit long,2025-10-28 08:00,Close entry(s) order L,4118.46,1,4123.9,-5.44,-0.13,2.35,0.06,-8.12,-0.20,2074.51,0.21
1566,Entry long,2025-10-28 07:45,L,4123.9,1,4123.9,-5.44,-0.13,2.35,0.06,-8.12,-0.20,2074.51,0.21
1567,Exit long,2025-10-28 08:45,Close entry(s) order L,4118.24,1,4125.02,-6.78,-0.16,0,0.00,-15.02,-0.36,2067.73,0.21
1567,Entry long,2025-10-28 08:30,L,4125.02,1,4125.02,-6.78,-0.16,0,0.00,-15.02,-0.36,2067.73,0.21
1568,Exit long,2025-10-28 10:30,Close entry(s) order L,4117.03,1,4125.54,-8.51,-0.21,14.72,0.36,-17.04,-0.41,2059.22,0.21
1568,Entry long,2025-10-28 09:15,L,4125.54,1,4125.54,-8.51,-0.21,14.72,0.36,-17.04,-0.41,2059.22,0.21
1569,Exit long,2025-10-28 17:30,Close entry(s) order L,4103.46,1,4097.15,6.31,0.15,37.31,0.91,-0.27,-0.01,2065.53,0.21
1569,Entry long,2025-10-28 14:45,L,4097.15,1,4097.15,6.31,0.15,37.31,0.91,-0.27,-0.01,2065.53,0.21
1570,Exit long,2025-10-28 18:15,Close entry(s) order L,4113.97,1,4118.87,-4.9,-0.12,4.94,0.12,-10.31,-0.25,2060.63,0.21
1570,Entry long,2025-10-28 17:45,L,4118.87,1,4118.87,-4.9,-0.12,4.94,0.12,-10.31,-0.25,2060.63,0.21
1571,Exit long,2025-10-28 18:45,Close entry(s) order L,4111.29,1,4117.9,-6.61,-0.16,0.01,0.00,-11.33,-0.28,2054.02,0.21
1571,Entry long,2025-10-28 18:30,L,4117.9,1,4117.9,-6.61,-0.16,0.01,0.00,-11.33,-0.28,2054.02,0.21
1572,Exit long,2025-10-28 20:00,Close entry(s) order L,4110.11,1,4118.76,-8.65,-0.21,6.88,0.17,-11.06,-0.27,2045.37,0.20
1572,Entry long,2025-10-28 19:30,L,4118.76,1,4118.76,-8.65,-0.21,6.88,0.17,-11.06,-0.27,2045.37,0.20
1573,Exit long,2025-10-28 22:45,Close entry(s) order L,4105.77,1,4120,-14.23,-0.35,54.08,1.31,-19.97,-0.48,2031.14,0.20
1573,Entry long,2025-10-28 21:00,L,4120,1,4120,-14.23,-0.35,54.08,1.31,-19.97,-0.48,2031.14,0.20
1574,Exit long,2025-10-28 23:30,Close entry(s) order L,4111.14,1,4135.5,-24.36,-0.59,0,0.00,-25.5,-0.62,2006.78,0.20
1574,Entry long,2025-10-28 23:15,L,4135.5,1,4135.5,-24.36,-0.59,0,0.00,-25.5,-0.62,2006.78,0.20
1575,Exit long,2025-10-29 02:45,Close entry(s) order L,4107.33,1,4132.93,-25.6,-0.62,16.94,0.41,-29.12,-0.70,1981.18,0.20
1575,Entry long,2025-10-29 01:00,L,4132.93,1,4132.93,-25.6,-0.62,16.94,0.41,-29.12,-0.70,1981.18,0.20
1576,Exit long,2025-10-29 07:15,Close entry(s) order L,3982.47,1,3992.96,-10.49,-0.26,1.24,0.03,-13.35,-0.33,1970.69,0.20
1576,Entry long,2025-10-29 07:00,L,3992.96,1,3992.96,-10.49,-0.26,1.24,0.03,-13.35,-0.33,1970.69,0.20
1577,Exit long,2025-10-29 08:00,Close entry(s) order L,3977.56,1,3980.5,-2.94,-0.07,4.83,0.12,-3.5,-0.09,1967.75,0.20
1577,Entry long,2025-10-29 07:45,L,3980.5,1,3980.5,-2.94,-0.07,4.83,0.12,-3.5,-0.09,1967.75,0.20
1578,Exit long,2025-10-29 08:45,Close entry(s) order L,3980.58,1,3983.12,-2.54,-0.06,8.34,0.21,-6.12,-0.15,1965.21,0.20
1578,Entry long,2025-10-29 08:15,L,3983.12,1,3983.12,-2.54,-0.06,8.34,0.21,-6.12,-0.15,1965.21,0.20
1579,Exit long,2025-10-29 10:00,Close entry(s) order L,3980.34,1,3992.46,-12.12,-0.30,0,0.00,-19.96,-0.50,1953.09,0.20
1579,Entry long,2025-10-29 09:45,L,3992.46,1,3992.46,-12.12,-0.30,0,0.00,-19.96,-0.50,1953.09,0.20
1580,Exit long,2025-10-29 15:45,Close entry(s) order L,4013.52,1,3982.86,30.66,0.77,52.13,1.31,-3.98,-0.10,1983.75,0.20
1580,Entry long,2025-10-29 10:15,L,3982.86,1,3982.86,30.66,0.77,52.13,1.31,-3.98,-0.10,1983.75,0.20
1581,Exit long,2025-10-29 16:15,Close entry(s) order L,4010.16,1,4022.83,-12.67,-0.31,2,0.05,-12.68,-0.32,1971.08,0.20
1581,Entry long,2025-10-29 16:00,L,4022.83,1,4022.83,-12.67,-0.31,2,0.05,-12.68,-0.32,1971.08,0.20
1582,Exit long,2025-10-29 21:45,Close entry(s) order L,4000.93,1,4007.07,-6.14,-0.15,20.94,0.52,-17.92,-0.45,1964.94,0.20
1582,Entry long,2025-10-29 19:30,L,4007.07,1,4007.07,-6.14,-0.15,20.94,0.52,-17.92,-0.45,1964.94,0.20
1583,Exit long,2025-10-30 02:45,Close entry(s) order L,3861.09,1,4002.55,-141.46,-3.53,14.56,0.36,-166.55,-4.16,1823.48,0.18
1583,Entry long,2025-10-30 01:45,L,4002.55,1,4002.55,-141.46,-3.53,14.56,0.36,-166.55,-4.16,1823.48,0.18
1584,Exit long,2025-10-30 05:15,Close entry(s) order L,3929.7,1,3949.32,-19.62,-0.50,0.61,0.02,-20.92,-0.53,1803.86,0.18
1584,Entry long,2025-10-30 05:00,L,3949.32,1,3949.32,-19.62,-0.50,0.61,0.02,-20.92,-0.53,1803.86,0.18
1585,Exit long,2025-10-30 07:15,Close entry(s) order L,3911.01,1,3941.47,-30.46,-0.77,21.08,0.53,-30.47,-0.77,1773.4,0.18
1585,Entry long,2025-10-30 05:30,L,3941.47,1,3941.47,-30.46,-0.77,21.08,0.53,-30.47,-0.77,1773.4,0.18
1586,Exit long,2025-10-30 12:15,Close entry(s) order L,3885.68,1,3923.89,-38.21,-0.97,23.11,0.59,-43.5,-1.11,1735.19,0.17
1586,Entry long,2025-10-30 09:45,L,3923.89,1,3923.89,-38.21,-0.97,23.11,0.59,-43.5,-1.11,1735.19,0.17
1587,Exit long,2025-10-30 17:00,Close entry(s) order L,3919.65,1,3912.9,6.75,0.17,30.1,0.77,-17.73,-0.45,1741.94,0.17
1587,Entry long,2025-10-30 13:45,L,3912.9,1,3912.9,6.75,0.17,30.1,0.77,-17.73,-0.45,1741.94,0.17
1588,Exit long,2025-10-31 00:45,Close entry(s) order L,3778.05,1,3796.71,-18.66,-0.49,0.38,0.01,-22.24,-0.59,1723.28,0.17
1588,Entry long,2025-10-31 00:30,L,3796.71,1,3796.71,-18.66,-0.49,0.38,0.01,-22.24,-0.59,1723.28,0.17
1589,Exit long,2025-10-31 10:45,Close entry(s) order L,3816.78,1,3734.43,82.35,2.21,125.57,3.36,-3.63,-0.10,1805.63,0.18
1589,Entry long,2025-10-31 04:45,L,3734.43,1,3734.43,82.35,2.21,125.57,3.36,-3.63,-0.10,1805.63,0.18
1590,Exit long,2025-10-31 11:30,Close entry(s) order L,3825.91,1,3829.69,-3.78,-0.10,4.31,0.11,-5.87,-0.15,1801.85,0.18
1590,Entry long,2025-10-31 11:15,L,3829.69,1,3829.69,-3.78,-0.10,4.31,0.11,-5.87,-0.15,1801.85,0.18
1591,Exit long,2025-10-31 14:15,Close entry(s) order L,3833.71,1,3862.59,-28.88,-0.75,9.41,0.24,-32.59,-0.84,1772.97,0.18
1591,Entry long,2025-10-31 12:15,L,3862.59,1,3862.59,-28.88,-0.75,9.41,0.24,-32.59,-0.84,1772.97,0.18
1592,Exit long,2025-10-31 19:00,Close entry(s) order L,3834,1,3837.13,-3.13,-0.08,26.26,0.68,-6.13,-0.16,1769.84,0.18
1592,Entry long,2025-10-31 16:30,L,3837.13,1,3837.13,-3.13,-0.08,26.26,0.68,-6.13,-0.16,1769.84,0.18
1593,Exit long,2025-10-31 20:45,Close entry(s) order L,3844.4,1,3841.33,3.07,0.08,45.69,1.19,-5.93,-0.15,1772.91,0.18
1593,Entry long,2025-10-31 19:45,L,3841.33,1,3841.33,3.07,0.08,45.69,1.19,-5.93,-0.15,1772.91,0.18
1594,Exit long,2025-10-31 21:45,Close entry(s) order L,3834.2,1,3850.11,-15.91,-0.41,21.93,0.57,-20.11,-0.52,1757,0.18
1594,Entry long,2025-10-31 21:15,L,3850.11,1,3850.11,-15.91,-0.41,21.93,0.57,-20.11,-0.52,1757,0.18
1595,Exit long,2025-10-31 22:15,Close entry(s) order L,3846.35,1,3857.71,-11.36,-0.29,14.13,0.37,-13.47,-0.35,1745.64,0.17
1595,Entry long,2025-10-31 22:00,L,3857.71,1,3857.71,-11.36,-0.29,14.13,0.37,-13.47,-0.35,1745.64,0.17
1596,Exit long,2025-10-31 22:45,Close entry(s) order L,3849.09,1,3850.13,-1.04,-0.03,10.15,0.26,-6.5,-0.17,1744.6,0.17
1596,Entry long,2025-10-31 22:30,L,3850.13,1,3850.13,-1.04,-0.03,10.15,0.26,-6.5,-0.17,1744.6,0.17
1597,Exit long,2025-11-01 00:15,Close entry(s) order L,3850.4,1,3865.97,-15.57,-0.40,14.97,0.39,-20.25,-0.52,1729.03,0.17
1597,Entry long,2025-10-31 23:00,L,3865.97,1,3865.97,-15.57,-0.40,14.97,0.39,-20.25,-0.52,1729.03,0.17
1598,Exit long,2025-11-01 00:45,Close entry(s) order L,3847.59,1,3859.27,-11.68,-0.30,4.1,0.11,-13.26,-0.34,1717.35,0.17
1598,Entry long,2025-11-01 00:30,L,3859.27,1,3859.27,-11.68,-0.30,4.1,0.11,-13.26,-0.34,1717.35,0.17
1599,Exit long,2025-11-01 05:15,Close entry(s) order L,3841.11,1,3859.78,-18.67,-0.48,45.12,1.17,-24.76,-0.64,1698.68,0.17
1599,Entry long,2025-11-01 02:45,L,3859.78,1,3859.78,-18.67,-0.48,45.12,1.17,-24.76,-0.64,1698.68,0.17
1600,Exit long,2025-11-01 09:45,Close entry(s) order L,3845.99,1,3853.92,-7.93,-0.21,5.07,0.13,-11.51,-0.30,1690.75,0.17
1600,Entry long,2025-11-01 09:30,L,3853.92,1,3853.92,-7.93,-0.21,5.07,0.13,-11.51,-0.30,1690.75,0.17
1601,Exit long,2025-11-01 14:00,Close entry(s) order L,3853.97,1,3850.58,3.39,0.09,17.08,0.44,-1.06,-0.03,1694.14,0.17
1601,Entry long,2025-11-01 11:00,L,3850.58,1,3850.58,3.39,0.09,17.08,0.44,-1.06,-0.03,1694.14,0.17
1602,Exit long,2025-11-01 19:30,Close entry(s) order L,3871,1,3860.01,10.99,0.28,21.99,0.57,-2.82,-0.07,1705.13,0.17
1602,Entry long,2025-11-01 15:15,L,3860.01,1,3860.01,10.99,0.28,21.99,0.57,-2.82,-0.07,1705.13,0.17
1603,Exit long,2025-11-01 21:30,Close entry(s) order L,3873.01,1,3874.68,-1.67,-0.04,5.01,0.13,-3.19,-0.08,1703.46,0.17
1603,Entry long,2025-11-01 19:45,L,3874.68,1,3874.68,-1.67,-0.04,5.01,0.13,-3.19,-0.08,1703.46,0.17
1604,Exit long,2025-11-02 01:15,Close entry(s) order L,3879.55,1,3871.35,8.2,0.21,36.26,0.94,-4.55,-0.12,1711.66,0.17
1604,Entry long,2025-11-01 22:45,L,3871.35,1,3871.35,8.2,0.21,36.26,0.94,-4.55,-0.12,1711.66,0.17
1605,Exit long,2025-11-02 05:15,Close entry(s) order L,3874.68,1,3878.33,-3.65,-0.09,11.67,0.30,-4.07,-0.10,1708.01,0.17
1605,Entry long,2025-11-02 04:00,L,3878.33,1,3878.33,-3.65,-0.09,11.67,0.30,-4.07,-0.10,1708.01,0.17
1606,Exit long,2025-11-02 05:45,Close entry(s) order L,3875.01,1,3881.07,-6.06,-0.16,1.93,0.05,-6.07,-0.16,1701.95,0.17
1606,Entry long,2025-11-02 05:30,L,3881.07,1,3881.07,-6.06,-0.16,1.93,0.05,-6.07,-0.16,1701.95,0.17
1607,Exit long,2025-11-02 15:15,Close entry(s) order L,3894,1,3873,21,0.54,42.98,1.11,-7.14,-0.18,1722.95,0.17
1607,Entry long,2025-11-02 09:30,L,3873,1,3873,21,0.54,42.98,1.11,-7.14,-0.18,1722.95,0.17
1608,Exit long,2025-11-02 16:30,Close entry(s) order L,3896.88,1,3904.58,-7.7,-0.20,4.76,0.12,-9.58,-0.25,1715.25,0.17
1608,Entry long,2025-11-02 16:00,L,3904.58,1,3904.58,-7.7,-0.20,4.76,0.12,-9.58,-0.25,1715.25,0.17
1609,Exit long,2025-11-02 17:45,Close entry(s) order L,3875.34,1,3897.78,-22.44,-0.58,4.08,0.10,-33.33,-0.86,1692.81,0.17
1609,Entry long,2025-11-02 17:15,L,3897.78,1,3897.78,-22.44,-0.58,4.08,0.10,-33.33,-0.86,1692.81,0.17
1610,Exit long,2025-11-02 21:15,Close entry(s) order L,3869.3,1,3888.23,-18.93,-0.49,7.57,0.19,-20.23,-0.52,1673.88,0.17
1610,Entry long,2025-11-02 19:45,L,3888.23,1,3888.23,-18.93,-0.49,7.57,0.19,-20.23,-0.52,1673.88,0.17
1611,Exit long,2025-11-02 23:45,Close entry(s) order L,3856.98,1,3865.98,-9,-0.23,3.93,0.10,-12.98,-0.34,1664.88,0.17
1611,Entry long,2025-11-02 23:30,L,3865.98,1,3865.98,-9,-0.23,3.93,0.10,-12.98,-0.34,1664.88,0.17
1612,Exit long,2025-11-03 01:45,Close entry(s) order L,3854.5,1,3858.01,-3.51,-0.09,5.57,0.14,-8.73,-0.23,1661.37,0.17
1612,Entry long,2025-11-03 00:30,L,3858.01,1,3858.01,-3.51,-0.09,5.57,0.14,-8.73,-0.23,1661.37,0.17
1613,Exit long,2025-11-03 02:15,Close entry(s) order L,3855,1,3857.7,-2.7,-0.07,5.06,0.13,-2.7,-0.07,1658.67,0.17
1613,Entry long,2025-11-03 02:00,L,3857.7,1,3857.7,-2.7,-0.07,5.06,0.13,-2.7,-0.07,1658.67,0.17
1614,Exit long,2025-11-03 03:30,Close entry(s) order L,3848.64,1,3858.92,-10.28,-0.27,6.97,0.18,-10.58,-0.27,1648.39,0.16
1614,Entry long,2025-11-03 02:30,L,3858.92,1,3858.92,-10.28,-0.27,6.97,0.18,-10.58,-0.27,1648.39,0.16
1615,Exit long,2025-11-03 05:15,Close entry(s) order L,3849.83,1,3857.19,-7.36,-0.19,4.55,0.12,-8.22,-0.21,1641.03,0.16
1615,Entry long,2025-11-03 05:00,L,3857.19,1,3857.19,-7.36,-0.19,4.55,0.12,-8.22,-0.21,1641.03,0.16
1616,Exit long,2025-11-03 06:45,Close entry(s) order L,3848.43,1,3859.66,-11.23,-0.29,7.79,0.20,-17.25,-0.45,1629.8,0.16
1616,Entry long,2025-11-03 05:45,L,3859.66,1,3859.66,-11.23,-0.29,7.79,0.20,-17.25,-0.45,1629.8,0.16
1617,Exit long,2025-11-03 09:00,Close entry(s) order L,3863.31,1,3853.39,9.92,0.26,61.61,1.60,0,0.00,1639.72,0.16
1617,Entry long,2025-11-03 07:00,L,3853.39,1,3853.39,9.92,0.26,61.61,1.60,0,0.00,1639.72,0.16
1618,Exit long,2025-11-03 17:30,Close entry(s) order L,3712.21,1,3733.65,-21.44,-0.57,0,0.00,-28.78,-0.77,1618.28,0.16
1618,Entry long,2025-11-03 17:15,L,3733.65,1,3733.65,-21.44,-0.57,0,0.00,-28.78,-0.77,1618.28,0.16
1619,Exit long,2025-11-03 18:45,Close entry(s) order L,3702.31,1,3715.91,-13.6,-0.37,0,0.00,-14.91,-0.40,1604.68,0.16
1619,Entry long,2025-11-03 18:30,L,3715.91,1,3715.91,-13.6,-0.37,0,0.00,-14.91,-0.40,1604.68,0.16
1620,Exit long,2025-11-03 21:15,Close entry(s) order L,3699.97,1,3709,-9.03,-0.24,17.9,0.48,-17.52,-0.47,1595.65,0.16
1620,Entry long,2025-11-03 19:45,L,3709,1,3709,-9.03,-0.24,17.9,0.48,-17.52,-0.47,1595.65,0.16
1621,Exit long,2025-11-03 23:15,Close entry(s) order L,3708.58,1,3714.25,-5.67,-0.15,33.11,0.89,-11.25,-0.30,1589.98,0.16
1621,Entry long,2025-11-03 21:45,L,3714.25,1,3714.25,-5.67,-0.15,33.11,0.89,-11.25,-0.30,1589.98,0.16
1622,Exit long,2025-11-04 03:30,Close entry(s) order L,3622.56,1,3660.67,-38.11,-1.04,20.56,0.56,-41.9,-1.14,1551.87,0.16
1622,Entry long,2025-11-04 01:45,L,3660.67,1,3660.67,-38.11,-1.04,20.56,0.56,-41.9,-1.14,1551.87,0.16
1623,Exit long,2025-11-04 04:00,Close entry(s) order L,3629.61,1,3637.08,-7.47,-0.21,10.57,0.29,-9.8,-0.27,1544.4,0.15
1623,Entry long,2025-11-04 03:45,L,3637.08,1,3637.08,-7.47,-0.21,10.57,0.29,-9.8,-0.27,1544.4,0.15
1624,Exit long,2025-11-04 08:30,Close entry(s) order L,3566.54,1,3599.46,-32.92,-0.91,6.37,0.18,-33.51,-0.93,1511.48,0.15
1624,Entry long,2025-11-04 07:45,L,3599.46,1,3599.46,-32.92,-0.91,6.37,0.18,-33.51,-0.93,1511.48,0.15
1625,Exit long,2025-11-04 12:30,Close entry(s) order L,3636.17,1,3627.28,8.89,0.25,26.37,0.73,-21.57,-0.59,1520.37,0.15
1625,Entry long,2025-11-04 08:45,L,3627.28,1,3627.28,8.89,0.25,26.37,0.73,-21.57,-0.59,1520.37,0.15
1626,Exit long,2025-11-04 17:00,Close entry(s) order L,3494.72,1,3505.28,-10.56,-0.30,2.43,0.07,-19.91,-0.57,1509.81,0.15
1626,Entry long,2025-11-04 16:45,L,3505.28,1,3505.28,-10.56,-0.30,2.43,0.07,-19.91,-0.57,1509.81,0.15
1627,Exit long,2025-11-04 18:30,Close entry(s) order L,3484.02,1,3490.61,-6.59,-0.19,10.81,0.31,-11.45,-0.33,1503.22,0.15
1627,Entry long,2025-11-04 18:15,L,3490.61,1,3490.61,-6.59,-0.19,10.81,0.31,-11.45,-0.33,1503.22,0.15
1628,Exit long,2025-11-04 21:30,Close entry(s) order L,3497.67,1,3510.55,-12.88,-0.37,23.59,0.67,-19.63,-0.56,1490.34,0.15
1628,Entry long,2025-11-04 19:15,L,3510.55,1,3510.55,-12.88,-0.37,23.59,0.67,-19.63,-0.56,1490.34,0.15
1629,Exit long,2025-11-04 22:00,Close entry(s) order L,3505.4,1,3512.97,-7.57,-0.22,4.4,0.13,-9.08,-0.26,1482.77,0.15
1629,Entry long,2025-11-04 21:45,L,3512.97,1,3512.97,-7.57,-0.22,4.4,0.13,-9.08,-0.26,1482.77,0.15
1630,Exit long,2025-11-05 00:00,Close entry(s) order L,3505.99,1,3524.75,-18.76,-0.53,61.37,1.74,-32.03,-0.91,1464.01,0.15
1630,Entry long,2025-11-04 22:45,L,3524.75,1,3524.75,-18.76,-0.53,61.37,1.74,-32.03,-0.91,1464.01,0.15
1631,Exit long,2025-11-05 08:45,Close entry(s) order L,3227.73,1,3266.29,-38.56,-1.18,39.46,1.21,-40.18,-1.23,1425.45,0.14
1631,Entry long,2025-11-05 06:15,L,3266.29,1,3266.29,-38.56,-1.18,39.46,1.21,-40.18,-1.23,1425.45,0.14
1632,Exit long,2025-11-05 14:00,Close entry(s) order L,3324.07,1,3264.26,59.81,1.83,89.54,2.74,-14.26,-0.44,1485.26,0.15
1632,Entry long,2025-11-05 10:15,L,3264.26,1,3264.26,59.81,1.83,89.54,2.74,-14.26,-0.44,1485.26,0.15
1633,Exit long,2025-11-05 15:15,Close entry(s) order L,3323.3,1,3335.55,-12.25,-0.37,1.13,0.03,-18.55,-0.56,1473.01,0.15
1633,Entry long,2025-11-05 15:00,L,3335.55,1,3335.55,-12.25,-0.37,1.13,0.03,-18.55,-0.56,1473.01,0.15
1634,Exit long,2025-11-05 16:15,Close entry(s) order L,3314.43,1,3332.99,-18.56,-0.56,7.01,0.21,-22.99,-0.69,1454.45,0.15
1634,Entry long,2025-11-05 15:45,L,3332.99,1,3332.99,-18.56,-0.56,7.01,0.21,-22.99,-0.69,1454.45,0.15
1635,Exit long,2025-11-05 22:45,Close entry(s) order L,3331.31,1,3298.17,33.14,1.00,76.83,2.33,-2.49,-0.08,1487.59,0.15
1635,Entry long,2025-11-05 19:30,L,3298.17,1,3298.17,33.14,1.00,76.83,2.33,-2.49,-0.08,1487.59,0.15
1636,Exit long,2025-11-06 05:00,Close entry(s) order L,3449.51,1,3347.2,102.31,3.06,131.8,3.94,-15.51,-0.46,1589.9,0.16
1636,Entry long,2025-11-05 23:00,L,3347.2,1,3347.2,102.31,3.06,131.8,3.94,-15.51,-0.46,1589.9,0.16
1637,Exit long,2025-11-06 13:15,Close entry(s) order L,3421.87,1,3413.19,8.68,0.25,41.81,1.22,-0.01,0.00,1598.58,0.16
1637,Entry long,2025-11-06 10:45,L,3413.19,1,3413.19,8.68,0.25,41.81,1.22,-0.01,0.00,1598.58,0.16
1638,Exit long,2025-11-06 17:30,Close entry(s) order L,3384.86,1,3392.02,-7.16,-0.21,1.03,0.03,-8.26,-0.24,1591.42,0.16
1638,Entry long,2025-11-06 17:15,L,3392.02,1,3392.02,-7.16,-0.21,1.03,0.03,-8.26,-0.24,1591.42,0.16
1639,Exit long,2025-11-06 18:00,Close entry(s) order L,3381.51,1,3386.68,-5.17,-0.15,3.21,0.09,-9.68,-0.29,1586.25,0.16
1639,Entry long,2025-11-06 17:45,L,3386.68,1,3386.68,-5.17,-0.15,3.21,0.09,-9.68,-0.29,1586.25,0.16
1640,Exit long,2025-11-06 20:15,Close entry(s) order L,3387.41,1,3386.18,1.23,0.04,28.12,0.83,-7.48,-0.22,1587.48,0.16
1640,Entry long,2025-11-06 18:30,L,3386.18,1,3386.18,1.23,0.04,28.12,0.83,-7.48,-0.22,1587.48,0.16
1641,Exit long,2025-11-06 22:15,Close entry(s) order L,3365.04,1,3391,-25.96,-0.77,11.03,0.33,-36.3,-1.07,1561.52,0.16
1641,Entry long,2025-11-06 21:30,L,3391,1,3391,-25.96,-0.77,11.03,0.33,-36.3,-1.07,1561.52,0.16
1642,Exit long,2025-11-07 04:30,Close entry(s) order L,3306.53,1,3328.32,-21.79,-0.65,23.49,0.71,-34.93,-1.05,1539.73,0.15
1642,Entry long,2025-11-07 02:00,L,3328.32,1,3328.32,-21.79,-0.65,23.49,0.71,-34.93,-1.05,1539.73,0.15
1643,Exit long,2025-11-07 06:15,Close entry(s) order L,3311.12,1,3322.4,-11.28,-0.34,12.6,0.38,-11.69,-0.35,1528.45,0.15
1643,Entry long,2025-11-07 05:45,L,3322.4,1,3322.4,-11.28,-0.34,12.6,0.38,-11.69,-0.35,1528.45,0.15
1644,Exit long,2025-11-07 07:15,Close entry(s) order L,3311.26,1,3317.77,-6.51,-0.20,0.23,0.01,-18.32,-0.55,1521.94,0.15
1644,Entry long,2025-11-07 07:00,L,3317.77,1,3317.77,-6.51,-0.20,0.23,0.01,-18.32,-0.55,1521.94,0.15
1645,Exit long,2025-11-07 08:30,Close entry(s) order L,3299.89,1,3313.7,-13.81,-0.42,14.49,0.44,-21.7,-0.65,1508.13,0.15
1645,Entry long,2025-11-07 08:00,L,3313.7,1,3313.7,-13.81,-0.42,14.49,0.44,-21.7,-0.65,1508.13,0.15
1646,Exit long,2025-11-07 09:15,Close entry(s) order L,3308.52,1,3323.75,-15.23,-0.46,7.48,0.23,-30.14,-0.91,1492.9,0.15
1646,Entry long,2025-11-07 08:45,L,3323.75,1,3323.75,-15.23,-0.46,7.48,0.23,-30.14,-0.91,1492.9,0.15
1647,Exit long,2025-11-07 09:45,Close entry(s) order L,3290.64,1,3320.63,-29.99,-0.90,0.04,0.00,-47.59,-1.43,1462.91,0.15
1647,Entry long,2025-11-07 09:30,L,3320.63,1,3320.63,-29.99,-0.90,0.04,0.00,-47.59,-1.43,1462.91,0.15
1648,Exit long,2025-11-07 10:30,Close entry(s) order L,3303.91,1,3323.55,-19.64,-0.59,2.44,0.07,-20.95,-0.63,1443.27,0.14
1648,Entry long,2025-11-07 10:00,L,3323.55,1,3323.55,-19.64,-0.59,2.44,0.07,-20.95,-0.63,1443.27,0.14
1649,Exit long,2025-11-07 12:15,Close entry(s) order L,3328.4,1,3326.93,1.47,0.04,37.07,1.11,-5.12,-0.15,1444.74,0.14
1649,Entry long,2025-11-07 10:45,L,3326.93,1,3326.93,1.47,0.04,37.07,1.11,-5.12,-0.15,1444.74,0.14
1650,Exit long,2025-11-07 12:45,Close entry(s) order L,3329.4,1,3339.62,-10.22,-0.31,0,0.00,-21.47,-0.64,1434.52,0.14
1650,Entry long,2025-11-07 12:30,L,3339.62,1,3339.62,-10.22,-0.31,0,0.00,-21.47,-0.64,1434.52,0.14
1651,Exit long,2025-11-07 15:00,Close entry(s) order L,3346.3,1,3336.82,9.48,0.28,33.18,0.99,-0.69,-0.02,1444,0.14
1651,Entry long,2025-11-07 13:00,L,3336.82,1,3336.82,9.48,0.28,33.18,0.99,-0.69,-0.02,1444,0.14
1652,Exit long,2025-11-07 15:30,Close entry(s) order L,3343.91,1,3352.93,-9.02,-0.27,10.07,0.30,-14.85,-0.44,1434.98,0.14
1652,Entry long,2025-11-07 15:15,L,3352.93,1,3352.93,-9.02,-0.27,10.07,0.30,-14.85,-0.44,1434.98,0.14
1653,Exit long,2025-11-07 16:30,Close entry(s) order L,3348.26,1,3356.31,-8.05,-0.24,2.98,0.09,-14.98,-0.45,1426.93,0.14
1653,Entry long,2025-11-07 16:00,L,3356.31,1,3356.31,-8.05,-0.24,2.98,0.09,-14.98,-0.45,1426.93,0.14
1654,Exit long,2025-11-07 22:30,Close entry(s) order L,3229.47,1,3238.39,-8.92,-0.28,0.28,0.01,-14.89,-0.46,1418.01,0.14
1654,Entry long,2025-11-07 22:15,L,3238.39,1,3238.39,-8.92,-0.28,0.28,0.01,-14.89,-0.46,1418.01,0.14
1655,Exit long,2025-11-08 06:15,Close entry(s) order L,3447.93,1,3276,171.93,5.25,196.23,5.99,-21.76,-0.66,1589.94,0.16
1655,Entry long,2025-11-07 22:45,L,3276,1,3276,171.93,5.25,196.23,5.99,-21.76,-0.66,1589.94,0.16
1656,Exit long,2025-11-08 06:45,Close entry(s) order L,3447.65,1,3457.64,-9.99,-0.29,0.23,0.01,-12.69,-0.37,1579.95,0.16
1656,Entry long,2025-11-08 06:30,L,3457.64,1,3457.64,-9.99,-0.29,0.23,0.01,-12.69,-0.37,1579.95,0.16
1657,Exit long,2025-11-08 13:15,Close entry(s) order L,3445.31,1,3436.23,9.08,0.26,53.77,1.56,-5.21,-0.15,1589.03,0.16
1657,Entry long,2025-11-08 10:00,L,3436.23,1,3436.23,9.08,0.26,53.77,1.56,-5.21,-0.15,1589.03,0.16
1658,Exit long,2025-11-08 15:00,Close entry(s) order L,3443.75,1,3448.7,-4.95,-0.14,5.37,0.16,-7.83,-0.23,1584.08,0.16
1658,Entry long,2025-11-08 14:45,L,3448.7,1,3448.7,-4.95,-0.14,5.37,0.16,-7.83,-0.23,1584.08,0.16
1659,Exit long,2025-11-08 18:00,Close entry(s) order L,3438.32,1,3443.61,-5.29,-0.15,24.82,0.72,-9.57,-0.28,1578.79,0.16
1659,Entry long,2025-11-08 15:45,L,3443.61,1,3443.61,-5.29,-0.15,24.82,0.72,-9.57,-0.28,1578.79,0.16
1660,Exit long,2025-11-08 19:45,Close entry(s) order L,3418.32,1,3452.39,-34.07,-0.99,2.51,0.07,-34.87,-1.01,1544.72,0.15
1660,Entry long,2025-11-08 19:15,L,3452.39,1,3452.39,-34.07,-0.99,2.51,0.07,-34.87,-1.01,1544.72,0.15
1661,Exit long,2025-11-09 03:30,Close entry(s) order L,3371.76,1,3388.77,-17.01,-0.50,17.69,0.52,-27.28,-0.81,1527.71,0.15
1661,Entry long,2025-11-09 01:30,L,3388.77,1,3388.77,-17.01,-0.50,17.69,0.52,-27.28,-0.81,1527.71,0.15
1662,Exit long,2025-11-09 04:15,Close entry(s) order L,3380.83,1,3387.62,-6.79,-0.20,7.02,0.21,-9.22,-0.27,1520.92,0.15
1662,Entry long,2025-11-09 04:00,L,3387.62,1,3387.62,-6.79,-0.20,7.02,0.21,-9.22,-0.27,1520.92,0.15
1663,Exit long,2025-11-09 08:00,Close entry(s) order L,3400.08,1,3391.36,8.72,0.26,22.97,0.68,-1.82,-0.05,1529.64,0.15
1663,Entry long,2025-11-09 04:30,L,3391.36,1,3391.36,8.72,0.26,22.97,0.68,-1.82,-0.05,1529.64,0.15
1664,Exit long,2025-11-09 10:15,Close entry(s) order L,3392.07,1,3399.21,-7.14,-0.21,0,0.00,-10.77,-0.32,1522.5,0.15
1664,Entry long,2025-11-09 10:00,L,3399.21,1,3399.21,-7.14,-0.21,0,0.00,-10.77,-0.32,1522.5,0.15
1665,Exit long,2025-11-09 12:45,Close entry(s) order L,3374.13,1,3384.4,-10.27,-0.30,1.29,0.04,-11.59,-0.34,1512.23,0.15
1665,Entry long,2025-11-09 12:30,L,3384.4,1,3384.4,-10.27,-0.30,1.29,0.04,-11.59,-0.34,1512.23,0.15
1666,Exit long,2025-11-09 17:45,Close entry(s) order L,3413.09,1,3388.68,24.41,0.72,45.32,1.34,-0.01,0.00,1536.64,0.15
1666,Entry long,2025-11-09 13:15,L,3388.68,1,3388.68,24.41,0.72,45.32,1.34,-0.01,0.00,1536.64,0.15
1667,Exit long,2025-11-10 01:30,Close entry(s) order L,3513.93,1,3423,90.93,2.66,140.19,4.10,-9.25,-0.27,1627.57,0.16
1667,Entry long,2025-11-09 19:15,L,3423,1,3423,90.93,2.66,140.19,4.10,-9.25,-0.27,1627.57,0.16
1668,Exit long,2025-11-10 06:30,Close entry(s) order L,3567.99,1,3523.51,44.48,1.26,73.92,2.10,-0.82,-0.02,1672.05,0.17
1668,Entry long,2025-11-10 02:45,L,3523.51,1,3523.51,44.48,1.26,73.92,2.10,-0.82,-0.02,1672.05,0.17
1669,Exit long,2025-11-10 07:30,Close entry(s) order L,3576.73,1,3586.1,-9.37,-0.26,38.3,1.07,-12.86,-0.36,1662.68,0.17
1669,Entry long,2025-11-10 07:00,L,3586.1,1,3586.1,-9.37,-0.26,38.3,1.07,-12.86,-0.36,1662.68,0.17
1670,Exit long,2025-11-10 12:00,Close entry(s) order L,3626.44,1,3581.31,45.13,1.26,76.69,2.14,-32.43,-0.91,1707.81,0.17
1670,Entry long,2025-11-10 08:00,L,3581.31,1,3581.31,45.13,1.26,76.69,2.14,-32.43,-0.91,1707.81,0.17
1671,Exit long,2025-11-10 16:00,Close entry(s) order L,3607.51,1,3617.1,-9.59,-0.27,2.59,0.07,-12.1,-0.33,1698.22,0.17
1671,Entry long,2025-11-10 15:15,L,3617.1,1,3617.1,-9.59,-0.27,2.59,0.07,-12.1,-0.33,1698.22,0.17
1672,Exit long,2025-11-10 19:00,Close entry(s) order L,3605.08,1,3605.1,-0.02,0.00,25.2,0.70,-2.8,-0.08,1698.2,0.17
1672,Entry long,2025-11-10 17:30,L,3605.1,1,3605.1,-0.02,0.00,25.2,0.70,-2.8,-0.08,1698.2,0.17
1673,Exit long,2025-11-10 20:15,Close entry(s) order L,3592.17,1,3610,-17.83,-0.49,9.99,0.28,-28.32,-0.78,1680.37,0.17
1673,Entry long,2025-11-10 19:15,L,3610,1,3610,-17.83,-0.49,9.99,0.28,-28.32,-0.78,1680.37,0.17
1674,Exit long,2025-11-10 22:15,Close entry(s) order L,3598.23,1,3605.36,-7.13,-0.20,15.35,0.43,-10.09,-0.28,1673.24,0.17
1674,Entry long,2025-11-10 21:30,L,3605.36,1,3605.36,-7.13,-0.20,15.35,0.43,-10.09,-0.28,1673.24,0.17
1675,Exit long,2025-11-11 03:00,Close entry(s) order L,3530.75,1,3546.42,-15.67,-0.44,12.58,0.35,-15.91,-0.45,1657.57,0.17
1675,Entry long,2025-11-11 01:45,L,3546.42,1,3546.42,-15.67,-0.44,12.58,0.35,-15.91,-0.45,1657.57,0.17
1676,Exit long,2025-11-11 05:15,Close entry(s) order L,3545.89,1,3546.3,-0.41,-0.01,36.39,1.03,-11.84,-0.33,1657.16,0.17
1676,Entry long,2025-11-11 03:15,L,3546.3,1,3546.3,-0.41,-0.01,36.39,1.03,-11.84,-0.33,1657.16,0.17
1677,Exit long,2025-11-11 08:45,Close entry(s) order L,3556.44,1,3574.6,-18.16,-0.51,5.4,0.15,-23.49,-0.66,1639,0.16
1677,Entry long,2025-11-11 07:00,L,3574.6,1,3574.6,-18.16,-0.51,5.4,0.15,-23.49,-0.66,1639,0.16
1678,Exit long,2025-11-11 12:15,Close entry(s) order L,3588.8,1,3584.01,4.79,0.13,63.53,1.77,-26.86,-0.75,1643.79,0.16
1678,Entry long,2025-11-11 09:00,L,3584.01,1,3584.01,4.79,0.13,63.53,1.77,-26.86,-0.75,1643.79,0.16
1679,Exit long,2025-11-11 16:30,Close entry(s) order L,3550.97,1,3553.77,-2.8,-0.08,7.23,0.20,-3.76,-0.11,1640.99,0.16
1679,Entry long,2025-11-11 16:15,L,3553.77,1,3553.77,-2.8,-0.08,7.23,0.20,-3.76,-0.11,1640.99,0.16
1680,Exit long,2025-11-11 18:00,Close entry(s) order L,3553.96,1,3556.51,-2.55,-0.07,28.78,0.81,-6.98,-0.20,1638.44,0.16
1680,Entry long,2025-11-11 16:45,L,3556.51,1,3556.51,-2.55,-0.07,28.78,0.81,-6.98,-0.20,1638.44,0.16
1681,Exit long,2025-11-11 18:45,Close entry(s) order L,3556.62,1,3559.77,-3.15,-0.09,1.02,0.03,-13.27,-0.37,1635.29,0.16
1681,Entry long,2025-11-11 18:30,L,3559.77,1,3559.77,-3.15,-0.09,1.02,0.03,-13.27,-0.37,1635.29,0.16
1682,Exit long,2025-11-11 20:30,Close entry(s) order L,3564.44,1,3558.78,5.66,0.16,34.22,0.96,-0.35,-0.01,1640.95,0.16
1682,Entry long,2025-11-11 19:00,L,3558.78,1,3558.78,5.66,0.16,34.22,0.96,-0.35,-0.01,1640.95,0.16
1683,Exit long,2025-11-12 09:00,Close entry(s) order L,3416.65,1,3427.02,-10.37,-0.30,2.24,0.07,-12.02,-0.35,1630.58,0.16
1683,Entry long,2025-11-12 08:30,L,3427.02,1,3427.02,-10.37,-0.30,2.24,0.07,-12.02,-0.35,1630.58,0.16
1684,Exit long,2025-11-12 10:45,Close entry(s) order L,3423.07,1,3436.49,-13.42,-0.39,18.19,0.53,-19.72,-0.57,1617.16,0.16
1684,Entry long,2025-11-12 09:15,L,3436.49,1,3436.49,-13.42,-0.39,18.19,0.53,-19.72,-0.57,1617.16,0.16
1685,Exit long,2025-11-12 12:30,Close entry(s) order L,3432.35,1,3436,-3.65,-0.11,8.63,0.25,-5.45,-0.16,1613.51,0.16
1685,Entry long,2025-11-12 11:15,L,3436,1,3436,-3.65,-0.11,8.63,0.25,-5.45,-0.16,1613.51,0.16
1686,Exit long,2025-11-12 15:00,Close entry(s) order L,3436.67,1,3442.65,-5.98,-0.17,13.14,0.38,-5.99,-0.17,1607.53,0.16
1686,Entry long,2025-11-12 13:00,L,3442.65,1,3442.65,-5.98,-0.17,13.14,0.38,-5.99,-0.17,1607.53,0.16
1687,Exit long,2025-11-12 15:30,Close entry(s) order L,3443.05,1,3446.17,-3.12,-0.09,2.96,0.09,-6.85,-0.20,1604.41,0.16
1687,Entry long,2025-11-12 15:15,L,3446.17,1,3446.17,-3.12,-0.09,2.96,0.09,-6.85,-0.20,1604.41,0.16
1688,Exit long,2025-11-12 16:00,Close entry(s) order L,3426.51,1,3446,-19.49,-0.57,0.78,0.02,-23.83,-0.69,1584.92,0.16
1688,Entry long,2025-11-12 15:45,L,3446,1,3446,-19.49,-0.57,0.78,0.02,-23.83,-0.69,1584.92,0.16
1689,Exit long,2025-11-12 22:45,Close entry(s) order L,3546.38,1,3458,88.38,2.56,129.24,3.74,-4.45,-0.13,1673.3,0.17
1689,Entry long,2025-11-12 16:30,L,3458,1,3458,88.38,2.56,129.24,3.74,-4.45,-0.13,1673.3,0.17
1690,Exit long,2025-11-13 03:15,Close entry(s) order L,3392.25,1,3435.01,-42.76,-1.24,13.51,0.39,-45.01,-1.31,1630.54,0.16
1690,Entry long,2025-11-13 02:15,L,3435.01,1,3435.01,-42.76,-1.24,13.51,0.39,-45.01,-1.31,1630.54,0.16
1691,Exit long,2025-11-13 05:00,Close entry(s) order L,3415.24,1,3424.35,-9.11,-0.27,14.47,0.42,-15.66,-0.46,1621.43,0.16
1691,Entry long,2025-11-13 04:30,L,3424.35,1,3424.35,-9.11,-0.27,14.47,0.42,-15.66,-0.46,1621.43,0.16
1692,Exit long,2025-11-13 05:30,Close entry(s) order L,3415.46,1,3427.7,-12.24,-0.36,0.48,0.01,-12.69,-0.37,1609.19,0.16
1692,Entry long,2025-11-13 05:15,L,3427.7,1,3427.7,-12.24,-0.36,0.48,0.01,-12.69,-0.37,1609.19,0.16
1693,Exit long,2025-11-13 06:15,Close entry(s) order L,3394.99,1,3415.09,-20.1,-0.59,7.62,0.22,-25.08,-0.73,1589.09,0.16
1693,Entry long,2025-11-13 05:45,L,3415.09,1,3415.09,-20.1,-0.59,7.62,0.22,-25.08,-0.73,1589.09,0.16
1694,Exit long,2025-11-13 07:15,Close entry(s) order L,3409.35,1,3413.01,-3.66,-0.11,9.05,0.27,-8.01,-0.23,1585.43,0.16
1694,Entry long,2025-11-13 06:45,L,3413.01,1,3413.01,-3.66,-0.11,9.05,0.27,-8.01,-0.23,1585.43,0.16
1695,Exit long,2025-11-13 08:30,Close entry(s) order L,3403.13,1,3413.45,-10.32,-0.30,9.25,0.27,-10.45,-0.31,1575.11,0.16
1695,Entry long,2025-11-13 08:00,L,3413.45,1,3413.45,-10.32,-0.30,9.25,0.27,-10.45,-0.31,1575.11,0.16
1696,Exit long,2025-11-13 11:15,Close entry(s) order L,3400.33,1,3414.12,-13.79,-0.40,42.38,1.24,-21.09,-0.62,1561.32,0.16
1696,Entry long,2025-11-13 08:45,L,3414.12,1,3414.12,-13.79,-0.40,42.38,1.24,-21.09,-0.62,1561.32,0.16
1697,Exit long,2025-11-13 17:00,Close entry(s) order L,3522.85,1,3449.23,73.62,2.13,115.77,3.36,-17.21,-0.50,1634.94,0.16
1697,Entry long,2025-11-13 11:30,L,3449.23,1,3449.23,73.62,2.13,115.77,3.36,-17.21,-0.50,1634.94,0.16
1698,Exit long,2025-11-13 21:15,Close entry(s) order L,3489.53,1,3501.8,-12.27,-0.35,8.03,0.23,-12.47,-0.36,1622.67,0.16
1698,Entry long,2025-11-13 20:45,L,3501.8,1,3501.8,-12.27,-0.35,8.03,0.23,-12.47,-0.36,1622.67,0.16
1699,Exit long,2025-11-14 09:00,Close entry(s) order L,3199.22,1,3204.42,-5.2,-0.16,66.16,2.06,-18.61,-0.58,1617.47,0.16
1699,Entry long,2025-11-14 06:15,L,3204.42,1,3204.42,-5.2,-0.16,66.16,2.06,-18.61,-0.58,1617.47,0.16
1700,Exit long,2025-11-14 11:45,Close entry(s) order L,3212.41,1,3230.29,-17.88,-0.55,19.71,0.61,-20.06,-0.62,1599.59,0.16
1700,Entry long,2025-11-14 10:15,L,3230.29,1,3230.29,-17.88,-0.55,19.71,0.61,-20.06,-0.62,1599.59,0.16
1701,Exit long,2025-11-14 12:15,Close entry(s) order L,3212,1,3226.49,-14.49,-0.45,0.51,0.02,-18.47,-0.57,1585.1,0.16
1701,Entry long,2025-11-14 12:00,L,3226.49,1,3226.49,-14.49,-0.45,0.51,0.02,-18.47,-0.57,1585.1,0.16
1702,Exit long,2025-11-14 17:30,Close entry(s) order L,3186.65,1,3221.05,-34.4,-1.07,18.62,0.58,-45.26,-1.41,1550.7,0.16
1702,Entry long,2025-11-14 15:00,L,3221.05,1,3221.05,-34.4,-1.07,18.62,0.58,-45.26,-1.41,1550.7,0.16
1703,Exit long,2025-11-15 02:00,Close entry(s) order L,3178.55,1,3134.08,44.47,1.42,121.87,3.89,-28.41,-0.91,1595.17,0.16
1703,Entry long,2025-11-14 22:15,L,3134.08,1,3134.08,44.47,1.42,121.87,3.89,-28.41,-0.91,1595.17,0.16
1704,Exit long,2025-11-15 03:45,Close entry(s) order L,3188.64,1,3208.89,-20.25,-0.63,0.64,0.02,-21.12,-0.66,1574.92,0.16
1704,Entry long,2025-11-15 03:30,L,3208.89,1,3208.89,-20.25,-0.63,0.64,0.02,-21.12,-0.66,1574.92,0.16
1705,Exit long,2025-11-15 04:15,Close entry(s) order L,3188.39,1,3206.37,-17.98,-0.56,5.67,0.18,-21.56,-0.67,1556.94,0.16
1705,Entry long,2025-11-15 04:00,L,3206.37,1,3206.37,-17.98,-0.56,5.67,0.18,-21.56,-0.67,1556.94,0.16
1706,Exit long,2025-11-15 07:00,Close entry(s) order L,3157.72,1,3172.75,-15.03,-0.47,6.77,0.21,-26.3,-0.83,1541.91,0.15
1706,Entry long,2025-11-15 06:45,L,3172.75,1,3172.75,-15.03,-0.47,6.77,0.21,-26.3,-0.83,1541.91,0.15
1707,Exit long,2025-11-15 12:30,Close entry(s) order L,3171.69,1,3145.15,26.54,0.84,47.65,1.52,-4.1,-0.13,1568.45,0.16
1707,Entry long,2025-11-15 09:15,L,3145.15,1,3145.15,26.54,0.84,47.65,1.52,-4.1,-0.13,1568.45,0.16
1708,Exit long,2025-11-15 14:45,Close entry(s) order L,3168.68,1,3177.5,-8.82,-0.28,9.12,0.29,-11.73,-0.37,1559.63,0.16
1708,Entry long,2025-11-15 14:00,L,3177.5,1,3177.5,-8.82,-0.28,9.12,0.29,-11.73,-0.37,1559.63,0.16
1709,Exit long,2025-11-15 15:45,Close entry(s) order L,3171.83,1,3173.99,-2.16,-0.07,10.06,0.32,-5.53,-0.17,1557.47,0.16
1709,Entry long,2025-11-15 15:00,L,3173.99,1,3173.99,-2.16,-0.07,10.06,0.32,-5.53,-0.17,1557.47,0.16
1710,Exit long,2025-11-15 16:15,Close entry(s) order L,3164.98,1,3174.99,-10.01,-0.32,1.61,0.05,-13.2,-0.42,1547.46,0.15
1710,Entry long,2025-11-15 16:00,L,3174.99,1,3174.99,-10.01,-0.32,1.61,0.05,-13.2,-0.42,1547.46,0.15
1711,Exit long,2025-11-15 20:00,Close entry(s) order L,3151.21,1,3166.79,-15.58,-0.49,4.4,0.14,-21.43,-0.68,1531.88,0.15
1711,Entry long,2025-11-15 18:45,L,3166.79,1,3166.79,-15.58,-0.49,4.4,0.14,-21.43,-0.68,1531.88,0.15
1712,Exit long,2025-11-15 20:45,Close entry(s) order L,3155.85,1,3157.7,-1.85,-0.06,9.14,0.29,-4.31,-0.14,1530.03,0.15
1712,Entry long,2025-11-15 20:15,L,3157.7,1,3157.7,-1.85,-0.06,9.14,0.29,-4.31,-0.14,1530.03,0.15
1713,Exit long,2025-11-16 00:15,Close entry(s) order L,3172.7,1,3160.89,11.81,0.37,36.61,1.16,-3.22,-0.10,1541.84,0.15
1713,Entry long,2025-11-15 21:00,L,3160.89,1,3160.89,11.81,0.37,36.61,1.16,-3.22,-0.10,1541.84,0.15
1714,Exit long,2025-11-16 03:45,Close entry(s) order L,3196.31,1,3184.77,11.54,0.36,45.79,1.44,-4.07,-0.13,1553.38,0.16
1714,Entry long,2025-11-16 01:00,L,3184.77,1,3184.77,11.54,0.36,45.79,1.44,-4.07,-0.13,1553.38,0.16
1715,Exit long,2025-11-16 15:00,Close entry(s) order L,3199.9,1,3176.69,23.21,0.73,38.71,1.22,-2.91,-0.09,1576.59,0.16
1715,Entry long,2025-11-16 10:30,L,3176.69,1,3176.69,23.21,0.73,38.71,1.22,-2.91,-0.09,1576.59,0.16
1716,Exit long,2025-11-16 19:15,Close entry(s) order L,3198.55,1,3205.2,-6.65,-0.21,43.3,1.35,-15.2,-0.47,1569.94,0.16
1716,Entry long,2025-11-16 15:15,L,3205.2,1,3205.2,-6.65,-0.21,43.3,1.35,-15.2,-0.47,1569.94,0.16
1717,Exit long,2025-11-17 00:00,Close entry(s) order L,3103.52,1,3171.2,-67.68,-2.13,8.8,0.28,-75.36,-2.38,1502.26,0.15
1717,Entry long,2025-11-16 22:45,L,3171.2,1,3171.2,-67.68,-2.13,8.8,0.28,-75.36,-2.38,1502.26,0.15
1718,Exit long,2025-11-17 02:30,Close entry(s) order L,3093.72,1,3116.17,-22.45,-0.72,6.82,0.22,-28.12,-0.90,1479.81,0.15
1718,Entry long,2025-11-17 02:15,L,3116.17,1,3116.17,-22.45,-0.72,6.82,0.22,-28.12,-0.90,1479.81,0.15
1719,Exit long,2025-11-17 05:00,Close entry(s) order L,3088.14,1,3106.38,-18.24,-0.59,10.42,0.34,-22.27,-0.72,1461.57,0.15
1719,Entry long,2025-11-17 03:15,L,3106.38,1,3106.38,-18.24,-0.59,10.42,0.34,-22.27,-0.72,1461.57,0.15
1720,Exit long,2025-11-17 07:15,Close entry(s) order L,3063.88,1,3090.89,-27.01,-0.87,0.83,0.03,-89.88,-2.91,1434.56,0.14
1720,Entry long,2025-11-17 07:00,L,3090.89,1,3090.89,-27.01,-0.87,0.83,0.03,-89.88,-2.91,1434.56,0.14
1721,Exit long,2025-11-17 14:15,Close entry(s) order L,3174.89,1,3090.09,84.8,2.74,102.91,3.33,-22.32,-0.72,1519.36,0.15
1721,Entry long,2025-11-17 07:30,L,3090.09,1,3090.09,84.8,2.74,102.91,3.33,-22.32,-0.72,1519.36,0.15
1722,Exit long,2025-11-17 16:45,Close entry(s) order L,3187.69,1,3189,-1.31,-0.04,20.77,0.65,-8.31,-0.26,1518.05,0.15
1722,Entry long,2025-11-17 14:30,L,3189,1,3189,-1.31,-0.04,20.77,0.65,-8.31,-0.26,1518.05,0.15
1723,Exit long,2025-11-17 18:00,Close entry(s) order L,3193.81,1,3198.02,-4.21,-0.13,18.32,0.57,-6.66,-0.21,1513.84,0.15
1723,Entry long,2025-11-17 17:15,L,3198.02,1,3198.02,-4.21,-0.13,18.32,0.57,-6.66,-0.21,1513.84,0.15
1724,Exit long,2025-11-17 18:30,Close entry(s) order L,3194.22,1,3204.85,-10.63,-0.33,0.28,0.01,-12.64,-0.39,1503.21,0.15
1724,Entry long,2025-11-17 18:15,L,3204.85,1,3204.85,-10.63,-0.33,0.28,0.01,-12.64,-0.39,1503.21,0.15
1725,Exit long,2025-11-17 19:00,Close entry(s) order L,3195.53,1,3197.95,-2.42,-0.08,2.85,0.09,-3.51,-0.11,1500.79,0.15
1725,Entry long,2025-11-17 18:45,L,3197.95,1,3197.95,-2.42,-0.08,2.85,0.09,-3.51,-0.11,1500.79,0.15
1726,Exit long,2025-11-17 20:15,Close entry(s) order L,3190.33,1,3199.99,-9.66,-0.30,23.23,0.73,-14.88,-0.47,1491.13,0.15
1726,Entry long,2025-11-17 19:15,L,3199.99,1,3199.99,-9.66,-0.30,23.23,0.73,-14.88,-0.47,1491.13,0.15
1727,Exit long,2025-11-17 23:00,Close entry(s) order L,3150.45,1,3177.25,-26.8,-0.84,21.7,0.68,-36.25,-1.14,1464.33,0.15
1727,Entry long,2025-11-17 22:45,L,3177.25,1,3177.25,-26.8,-0.84,21.7,0.68,-36.25,-1.14,1464.33,0.15
1728,Exit long,2025-11-18 01:15,Close entry(s) order L,3114.32,1,3133.17,-18.85,-0.60,3.19,0.10,-21.17,-0.68,1445.48,0.14
1728,Entry long,2025-11-18 01:00,L,3133.17,1,3133.17,-18.85,-0.60,3.19,0.10,-21.17,-0.68,1445.48,0.14
1729,Exit long,2025-11-18 05:30,Close entry(s) order L,2995.79,1,3018.99,-23.2,-0.77,0.01,0.00,-37.07,-1.23,1422.28,0.14
1729,Entry long,2025-11-18 05:15,L,3018.99,1,3018.99,-23.2,-0.77,0.01,0.00,-37.07,-1.23,1422.28,0.14
1730,Exit long,2025-11-18 08:45,Close entry(s) order L,2997.65,1,3008.25,-10.6,-0.35,29.39,0.98,-15.94,-0.53,1411.68,0.14
1730,Entry long,2025-11-18 06:00,L,3008.25,1,3008.25,-10.6,-0.35,29.39,0.98,-15.94,-0.53,1411.68,0.14
1731,Exit long,2025-11-18 10:00,Close entry(s) order L,3016.73,1,3031.43,-14.7,-0.48,17.57,0.58,-18.79,-0.62,1396.98,0.14
1731,Entry long,2025-11-18 09:00,L,3031.43,1,3031.43,-14.7,-0.48,17.57,0.58,-18.79,-0.62,1396.98,0.14
1732,Exit long,2025-11-18 11:00,Close entry(s) order L,2984.41,1,3036.31,-51.9,-1.71,8.55,0.28,-59.29,-1.95,1345.08,0.13
1732,Entry long,2025-11-18 10:30,L,3036.31,1,3036.31,-51.9,-1.71,8.55,0.28,-59.29,-1.95,1345.08,0.13
1733,Exit long,2025-11-18 12:15,Close entry(s) order L,2994.71,1,3014,-19.29,-0.64,13.47,0.45,-20.47,-0.68,1325.79,0.13
1733,Entry long,2025-11-18 11:45,L,3014,1,3014,-19.29,-0.64,13.47,0.45,-20.47,-0.68,1325.79,0.13
1734,Exit long,2025-11-18 14:45,Close entry(s) order L,2975.28,1,3004.99,-29.71,-0.99,18.01,0.60,-32.71,-1.09,1296.08,0.13
1734,Entry long,2025-11-18 13:00,L,3004.99,1,3004.99,-29.71,-0.99,18.01,0.60,-32.71,-1.09,1296.08,0.13
1735,Exit long,2025-11-18 20:15,Close entry(s) order L,3038.99,1,3008.82,30.17,1.00,64.89,2.16,-5.82,-0.19,1326.25,0.13
1735,Entry long,2025-11-18 15:30,L,3008.82,1,3008.82,30.17,1.00,64.89,2.16,-5.82,-0.19,1326.25,0.13
1736,Exit long,2025-11-18 21:00,Close entry(s) order L,3048.04,1,3063.15,-15.11,-0.49,0.85,0.03,-23.15,-0.76,1311.14,0.13
1736,Entry long,2025-11-18 20:45,L,3063.15,1,3063.15,-15.11,-0.49,0.85,0.03,-23.15,-0.76,1311.14,0.13
1737,Exit long,2025-11-19 03:45,Close entry(s) order L,3144.4,1,3056.56,87.84,2.87,112.72,3.69,-24.56,-0.80,1398.98,0.14
1737,Entry long,2025-11-18 22:30,L,3056.56,1,3056.56,87.84,2.87,112.72,3.69,-24.56,-0.80,1398.98,0.14
1738,Exit long,2025-11-19 04:45,Close entry(s) order L,3131.21,1,3146.44,-15.23,-0.48,1.78,0.06,-16.34,-0.52,1383.75,0.14
1738,Entry long,2025-11-19 04:30,L,3146.44,1,3146.44,-15.23,-0.48,1.78,0.06,-16.34,-0.52,1383.75,0.14
1739,Exit long,2025-11-19 08:15,Close entry(s) order L,3102.34,1,3122.2,-19.86,-0.64,0.55,0.02,-21.95,-0.70,1363.89,0.14
1739,Entry long,2025-11-19 08:00,L,3122.2,1,3122.2,-19.86,-0.64,0.55,0.02,-21.95,-0.70,1363.89,0.14
1740,Exit long,2025-11-19 11:15,Close entry(s) order L,3105.06,1,3117.37,-12.31,-0.39,7.68,0.25,-15.29,-0.49,1351.58,0.14
1740,Entry long,2025-11-19 10:15,L,3117.37,1,3117.37,-12.31,-0.39,7.68,0.25,-15.29,-0.49,1351.58,0.14
1741,Exit long,2025-11-19 19:30,Close entry(s) order L,3086.08,1,3053.47,32.61,1.07,59.49,1.95,-7.45,-0.24,1384.19,0.14
1741,Entry long,2025-11-19 15:15,L,3053.47,1,3053.47,32.61,1.07,59.49,1.95,-7.45,-0.24,1384.19,0.14
1742,Exit long,2025-11-19 20:00,Close entry(s) order L,3082.5,1,3090.57,-8.07,-0.26,2.5,0.08,-14.74,-0.48,1376.12,0.14
1742,Entry long,2025-11-19 19:45,L,3090.57,1,3090.57,-8.07,-0.26,2.5,0.08,-14.74,-0.48,1376.12,0.14
1743,Exit long,2025-11-19 21:15,Close entry(s) order L,3090.12,1,3086.55,3.57,0.12,20.94,0.68,-5.9,-0.19,1379.69,0.14
1743,Entry long,2025-11-19 20:15,L,3086.55,1,3086.55,3.57,0.12,20.94,0.68,-5.9,-0.19,1379.69,0.14
1744,Exit long,2025-11-19 21:45,Close entry(s) order L,3075.8,1,3093.38,-17.58,-0.57,3.3,0.11,-25.33,-0.82,1362.11,0.14
1744,Entry long,2025-11-19 21:30,L,3093.38,1,3093.38,-17.58,-0.57,3.3,0.11,-25.33,-0.82,1362.11,0.14
1745,Exit long,2025-11-19 23:30,Close entry(s) order L,3033.32,1,3084.99,-51.67,-1.67,10.01,0.32,-60.02,-1.95,1310.44,0.13
1745,Entry long,2025-11-19 23:15,L,3084.99,1,3084.99,-51.67,-1.67,10.01,0.32,-60.02,-1.95,1310.44,0.13
1746,Exit long,2025-11-20 12:15,Close entry(s) order L,3029.27,1,2917.98,111.29,3.81,139.02,4.76,-11.98,-0.41,1421.73,0.14
1746,Entry long,2025-11-20 04:30,L,2917.98,1,2917.98,111.29,3.81,139.02,4.76,-11.98,-0.41,1421.73,0.14
1747,Exit long,2025-11-20 13:30,Close entry(s) order L,3036.44,1,3052.91,-16.47,-0.54,10.09,0.33,-17.2,-0.56,1405.26,0.14
1747,Entry long,2025-11-20 13:00,L,3052.91,1,3052.91,-16.47,-0.54,10.09,0.33,-17.2,-0.56,1405.26,0.14
1748,Exit long,2025-11-20 16:15,Close entry(s) order L,3026.74,1,3032.23,-5.49,-0.18,11.45,0.38,-6.15,-0.20,1399.77,0.14
1748,Entry long,2025-11-20 15:45,L,3032.23,1,3032.23,-5.49,-0.18,11.45,0.38,-6.15,-0.20,1399.77,0.14
1749,Exit long,2025-11-20 17:00,Close entry(s) order L,3029.33,1,3034.79,-5.46,-0.18,3.41,0.11,-7.79,-0.26,1394.31,0.14
1749,Entry long,2025-11-20 16:30,L,3034.79,1,3034.79,-5.46,-0.18,3.41,0.11,-7.79,-0.26,1394.31,0.14
1750,Exit long,2025-11-20 17:30,Close entry(s) order L,3012.77,1,3029.82,-17.05,-0.56,0.06,0.00,-19.21,-0.63,1377.26,0.14
1750,Entry long,2025-11-20 17:15,L,3029.82,1,3029.82,-17.05,-0.56,0.06,0.00,-19.21,-0.63,1377.26,0.14
1751,Exit long,2025-11-20 20:15,Close entry(s) order L,3011.1,1,3018.15,-7.05,-0.23,8.18,0.27,-8.16,-0.27,1370.21,0.14
1751,Entry long,2025-11-20 19:45,L,3018.15,1,3018.15,-7.05,-0.23,8.18,0.27,-8.16,-0.27,1370.21,0.14
1752,Exit long,2025-11-20 21:45,Close entry(s) order L,3000.35,1,3018.59,-18.24,-0.60,29.41,0.97,-21.89,-0.73,1351.97,0.14
1752,Entry long,2025-11-20 20:30,L,3018.59,1,3018.59,-18.24,-0.60,29.41,0.97,-21.89,-0.73,1351.97,0.14
1753,Exit long,2025-11-20 22:45,Close entry(s) order L,2991.94,1,3012.18,-20.24,-0.67,9.14,0.30,-36.75,-1.22,1331.73,0.13
1753,Entry long,2025-11-20 22:30,L,3012.18,1,3012.18,-20.24,-0.67,9.14,0.30,-36.75,-1.22,1331.73,0.13
1754,Exit long,2025-11-21 04:15,Close entry(s) order L,2821.3,1,2846.39,-25.09,-0.88,0,0.00,-28.39,-1.00,1306.64,0.13
1754,Entry long,2025-11-21 04:00,L,2846.39,1,2846.39,-25.09,-0.88,0,0.00,-28.39,-1.00,1306.64,0.13
1755,Exit long,2025-11-21 07:30,Close entry(s) order L,2863.44,1,2850.17,13.27,0.47,54.66,1.92,-22.05,-0.77,1319.91,0.13
1755,Entry long,2025-11-21 04:30,L,2850.17,1,2850.17,13.27,0.47,54.66,1.92,-22.05,-0.77,1319.91,0.13
1756,Exit long,2025-11-21 10:00,Close entry(s) order L,2861.04,1,2880.75,-19.71,-0.68,1.1,0.04,-22.71,-0.79,1300.2,0.13
1756,Entry long,2025-11-21 09:30,L,2880.75,1,2880.75,-19.71,-0.68,1.1,0.04,-22.71,-0.79,1300.2,0.13
1757,Exit long,2025-11-21 13:45,Close entry(s) order L,2805.08,1,2823.07,-17.99,-0.64,8.78,0.31,-23.35,-0.83,1282.21,0.13
1757,Entry long,2025-11-21 13:15,L,2823.07,1,2823.07,-17.99,-0.64,8.78,0.31,-23.35,-0.83,1282.21,0.13
1758,Exit long,2025-11-21 19:30,Close entry(s) order L,2709.49,1,2719.88,-10.39,-0.38,1.7,0.06,-10.78,-0.40,1271.82,0.13
1758,Entry long,2025-11-21 19:15,L,2719.88,1,2719.88,-10.39,-0.38,1.7,0.06,-10.78,-0.40,1271.82,0.13
1759,Exit long,2025-11-21 23:30,Close entry(s) order L,2728.26,1,2728.15,0.11,0.00,51.41,1.88,-18.15,-0.67,1271.93,0.13
1759,Entry long,2025-11-21 20:45,L,2728.15,1,2728.15,0.11,0.00,51.41,1.88,-18.15,-0.67,1271.93,0.13
1760,Exit long,2025-11-22 02:15,Close entry(s) order L,2728.92,1,2761.31,-32.39,-1.17,44.63,1.62,-38.08,-1.38,1239.54,0.12
1760,Entry long,2025-11-22 01:00,L,2761.31,1,2761.31,-32.39,-1.17,44.63,1.62,-38.08,-1.38,1239.54,0.12
1761,Exit long,2025-11-22 03:45,Close entry(s) order L,2754.59,1,2746.49,8.1,0.29,46.94,1.71,-3.12,-0.11,1247.64,0.12
1761,Entry long,2025-11-22 02:30,L,2746.49,1,2746.49,8.1,0.29,46.94,1.71,-3.12,-0.11,1247.64,0.12
1762,Exit long,2025-11-22 06:30,Close entry(s) order L,2750.43,1,2763.43,-13,-0.47,11.55,0.42,-16.23,-0.59,1234.64,0.12
1762,Entry long,2025-11-22 05:30,L,2763.43,1,2763.43,-13,-0.47,11.55,0.42,-16.23,-0.59,1234.64,0.12
1763,Exit long,2025-11-22 10:15,Close entry(s) order L,2759.99,1,2759.95,0.04,0.00,23.39,0.85,-7.67,-0.28,1234.68,0.12
1763,Entry long,2025-11-22 07:30,L,2759.95,1,2759.95,0.04,0.00,23.39,0.85,-7.67,-0.28,1234.68,0.12
1764,Exit long,2025-11-22 14:15,Close entry(s) order L,2741.82,1,2743.16,-1.34,-0.05,1.83,0.07,-12.05,-0.44,1233.34,0.12
1764,Entry long,2025-11-22 14:00,L,2743.16,1,2743.16,-1.34,-0.05,1.83,0.07,-12.05,-0.44,1233.34,0.12
1765,Exit long,2025-11-22 16:15,Close entry(s) order L,2745.64,1,2750,-4.36,-0.16,20,0.73,-6.89,-0.25,1228.98,0.12
1765,Entry long,2025-11-22 14:30,L,2750,1,2750,-4.36,-0.16,20,0.73,-6.89,-0.25,1228.98,0.12
1766,Exit long,2025-11-22 20:15,Close entry(s) order L,2715.16,1,2728,-12.84,-0.47,14.05,0.52,-15.85,-0.58,1216.14,0.12
1766,Entry long,2025-11-22 19:15,L,2728,1,2728,-12.84,-0.47,14.05,0.52,-15.85,-0.58,1216.14,0.12
1767,Exit long,2025-11-22 21:30,Close entry(s) order L,2716.98,1,2727.82,-10.84,-0.40,1.47,0.05,-14.17,-0.52,1205.3,0.12
1767,Entry long,2025-11-22 21:15,L,2727.82,1,2727.82,-10.84,-0.40,1.47,0.05,-14.17,-0.52,1205.3,0.12
1768,Exit long,2025-11-22 23:45,Close entry(s) order L,2728.57,1,2739.24,-10.67,-0.39,15.17,0.55,-14.24,-0.52,1194.63,0.12
1768,Entry long,2025-11-22 22:15,L,2739.24,1,2739.24,-10.67,-0.39,15.17,0.55,-14.24,-0.52,1194.63,0.12
1769,Exit long,2025-11-23 03:30,Close entry(s) order L,2749.42,1,2737.61,11.81,0.43,20.39,0.74,-3.7,-0.14,1206.44,0.12
1769,Entry long,2025-11-23 00:00,L,2737.61,1,2737.61,11.81,0.43,20.39,0.74,-3.7,-0.14,1206.44,0.12
1770,Exit long,2025-11-23 04:45,Close entry(s) order L,2741.94,1,2754.41,-12.47,-0.45,0.97,0.04,-12.94,-0.47,1193.97,0.12
1770,Entry long,2025-11-23 04:15,L,2754.41,1,2754.41,-12.47,-0.45,0.97,0.04,-12.94,-0.47,1193.97,0.12
1771,Exit long,2025-11-23 13:45,Close entry(s) order L,2815.8,1,2756.33,59.47,2.16,94.61,3.43,-1.32,-0.05,1253.44,0.13
1771,Entry long,2025-11-23 06:15,L,2756.33,1,2756.33,59.47,2.16,94.61,3.43,-1.32,-0.05,1253.44,0.13
1772,Exit long,2025-11-23 14:30,Close entry(s) order L,2819.42,1,2823.71,-4.29,-0.15,7.76,0.27,-6.17,-0.22,1249.15,0.12
1772,Entry long,2025-11-23 14:00,L,2823.71,1,2823.71,-4.29,-0.15,7.76,0.27,-6.17,-0.22,1249.15,0.12
1773,Exit long,2025-11-23 22:45,Close entry(s) order L,2826.94,1,2810,16.94,0.60,47,1.67,-8.67,-0.31,1266.09,0.13
1773,Entry long,2025-11-23 17:00,L,2810,1,2810,16.94,0.60,47,1.67,-8.67,-0.31,1266.09,0.13
1774,Exit long,2025-11-24 00:30,Close entry(s) order L,2821.39,1,2831.43,-10.04,-0.35,14.1,0.50,-13.33,-0.47,1256.05,0.13
1774,Entry long,2025-11-23 23:45,L,2831.43,1,2831.43,-10.04,-0.35,14.1,0.50,-13.33,-0.47,1256.05,0.13
1775,Exit long,2025-11-24 01:00,Close entry(s) order L,2798.66,1,2829.47,-30.81,-1.09,0.01,0.00,-33.41,-1.18,1225.24,0.12
1775,Entry long,2025-11-24 00:45,L,2829.47,1,2829.47,-30.81,-1.09,0.01,0.00,-33.41,-1.18,1225.24,0.12
1776,Exit long,2025-11-24 06:45,Close entry(s) order L,2829.59,1,2811.08,18.51,0.66,32.91,1.17,0,0.00,1243.75,0.12
1776,Entry long,2025-11-24 03:15,L,2811.08,1,2811.08,18.51,0.66,32.91,1.17,0,0.00,1243.75,0.12
1777,Exit long,2025-11-24 07:15,Close entry(s) order L,2813.67,1,2836.87,-23.2,-0.82,5.63,0.20,-24.59,-0.87,1220.55,0.12
1777,Entry long,2025-11-24 07:00,L,2836.87,1,2836.87,-23.2,-0.82,5.63,0.20,-24.59,-0.87,1220.55,0.12
1778,Exit long,2025-11-24 12:30,Close entry(s) order L,2813.64,1,2804.75,8.89,0.32,65.24,2.33,-3.76,-0.13,1229.44,0.12
1778,Entry long,2025-11-24 10:00,L,2804.75,1,2804.75,8.89,0.32,65.24,2.33,-3.76,-0.13,1229.44,0.12
1779,Exit long,2025-11-24 14:15,Close entry(s) order L,2838.04,1,2878.78,-40.74,-1.42,6.02,0.21,-44.33,-1.54,1188.7,0.12
1779,Entry long,2025-11-24 13:15,L,2878.78,1,2878.78,-40.74,-1.42,6.02,0.21,-44.33,-1.54,1188.7,0.12
1780,Exit long,2025-11-24 22:30,Close entry(s) order L,2796.69,1,2806.48,-9.79,-0.35,20.88,0.74,-11.3,-0.40,1178.91,0.12
1780,Entry long,2025-11-24 20:30,L,2806.48,1,2806.48,-9.79,-0.35,20.88,0.74,-11.3,-0.40,1178.91,0.12
1781,Exit long,2025-11-25 05:45,Close entry(s) order L,2954.26,1,2831.23,123.03,4.35,155.75,5.50,-20.37,-0.72,1301.94,0.13
1781,Entry long,2025-11-24 23:00,L,2831.23,1,2831.23,123.03,4.35,155.75,5.50,-20.37,-0.72,1301.94,0.13
1782,Exit long,2025-11-25 06:30,Close entry(s) order L,2959.78,1,2967.87,-8.09,-0.27,0.37,0.01,-13.16,-0.44,1293.85,0.13
1782,Entry long,2025-11-25 06:15,L,2967.87,1,2967.87,-8.09,-0.27,0.37,0.01,-13.16,-0.44,1293.85,0.13
1783,Exit long,2025-11-25 07:45,Close entry(s) order L,2961.45,1,2965.96,-4.51,-0.15,0.12,0.00,-10.79,-0.36,1289.34,0.13
1783,Entry long,2025-11-25 07:30,L,2965.96,1,2965.96,-4.51,-0.15,0.12,0.00,-10.79,-0.36,1289.34,0.13
1784,Exit long,2025-11-25 13:30,Close entry(s) order L,2920.26,1,2926.61,-6.35,-0.22,14.78,0.51,-9.71,-0.33,1282.99,0.13
1784,Entry long,2025-11-25 12:30,L,2926.61,1,2926.61,-6.35,-0.22,14.78,0.51,-9.71,-0.33,1282.99,0.13
1785,Exit long,2025-11-25 14:15,Close entry(s) order L,2922.25,1,2931,-8.75,-0.30,4.52,0.15,-12.1,-0.41,1274.24,0.13
1785,Entry long,2025-11-25 13:45,L,2931,1,2931,-8.75,-0.30,4.52,0.15,-12.1,-0.41,1274.24,0.13
1786,Exit long,2025-11-25 21:45,Close entry(s) order L,2903.5,1,2893.64,9.86,0.34,39.86,1.38,-6.94,-0.24,1284.1,0.13
1786,Entry long,2025-11-25 18:45,L,2893.64,1,2893.64,9.86,0.34,39.86,1.38,-6.94,-0.24,1284.1,0.13
1787,Exit long,2025-11-25 22:45,Close entry(s) order L,2878.89,1,2911.11,-32.22,-1.11,5.19,0.18,-35.11,-1.21,1251.88,0.13
1787,Entry long,2025-11-25 22:15,L,2911.11,1,2911.11,-32.22,-1.11,5.19,0.18,-35.11,-1.21,1251.88,0.13
1788,Exit long,2025-11-26 00:00,Close entry(s) order L,2894.19,1,2906.55,-12.36,-0.43,7.72,0.27,-19.11,-0.66,1239.52,0.12
1788,Entry long,2025-11-25 23:45,L,2906.55,1,2906.55,-12.36,-0.43,7.72,0.27,-19.11,-0.66,1239.52,0.12
1789,Exit long,2025-11-26 03:00,Close entry(s) order L,2922.89,1,2928.4,-5.51,-0.19,28.6,0.98,-13.15,-0.45,1234.01,0.12
1789,Entry long,2025-11-26 00:30,L,2928.4,1,2928.4,-5.51,-0.19,28.6,0.98,-13.15,-0.45,1234.01,0.12
1790,Exit long,2025-11-26 06:15,Close entry(s) order L,2910.64,1,2931.65,-21.01,-0.72,12.99,0.44,-26.06,-0.89,1213,0.12
1790,Entry long,2025-11-26 04:15,L,2931.65,1,2931.65,-21.01,-0.72,12.99,0.44,-26.06,-0.89,1213,0.12
1791,Exit long,2025-11-26 09:15,Close entry(s) order L,2951.44,1,2929.79,21.65,0.74,49.52,1.69,-3.34,-0.11,1234.65,0.12
1791,Entry long,2025-11-26 06:30,L,2929.79,1,2929.79,21.65,0.74,49.52,1.69,-3.34,-0.11,1234.65,0.12
1792,Exit long,2025-11-26 11:00,Close entry(s) order L,2955.42,1,2958.93,-3.51,-0.12,24.87,0.84,-3.74,-0.13,1231.14,0.12
1792,Entry long,2025-11-26 09:30,L,2958.93,1,2958.93,-3.51,-0.12,24.87,0.84,-3.74,-0.13,1231.14,0.12
1793,Exit long,2025-11-26 14:30,Close entry(s) order L,2937.76,1,2943.49,-5.73,-0.19,10.32,0.35,-10.1,-0.34,1225.41,0.12
1793,Entry long,2025-11-26 13:45,L,2943.49,1,2943.49,-5.73,-0.19,10.32,0.35,-10.1,-0.34,1225.41,0.12
1794,Exit long,2025-11-26 15:45,Close entry(s) order L,2936.38,1,2942.74,-6.36,-0.22,5.43,0.18,-9.39,-0.32,1219.05,0.12
1794,Entry long,2025-11-26 14:45,L,2942.74,1,2942.74,-6.36,-0.22,5.43,0.18,-9.39,-0.32,1219.05,0.12
1795,Exit long,2025-11-26 16:15,Close entry(s) order L,2930.96,1,2943.04,-12.08,-0.41,6.21,0.21,-14.74,-0.50,1206.97,0.12
1795,Entry long,2025-11-26 16:00,L,2943.04,1,2943.04,-12.08,-0.41,6.21,0.21,-14.74,-0.50,1206.97,0.12
1796,Exit long,2025-11-26 20:15,Close entry(s) order L,2891.66,1,2913.34,-21.68,-0.74,3.61,0.12,-25.3,-0.87,1185.29,0.12
1796,Entry long,2025-11-26 19:45,L,2913.34,1,2913.34,-21.68,-0.74,3.61,0.12,-25.3,-0.87,1185.29,0.12
1797,Exit long,2025-11-26 23:00,Close entry(s) order L,2909.33,1,2912.07,-2.74,-0.09,36.47,1.25,-9.07,-0.31,1182.55,0.12
1797,Entry long,2025-11-26 21:30,L,2912.07,1,2912.07,-2.74,-0.09,36.47,1.25,-9.07,-0.31,1182.55,0.12
1798,Exit long,2025-11-27 04:45,Close entry(s) order L,3009.68,1,2926.1,83.58,2.86,118.36,4.04,-18.1,-0.62,1266.13,0.13
1798,Entry long,2025-11-26 23:15,L,2926.1,1,2926.1,83.58,2.86,118.36,4.04,-18.1,-0.62,1266.13,0.13
1799,Exit long,2025-11-27 06:00,Close entry(s) order L,3020.64,1,3029.76,-9.12,-0.30,4.76,0.16,-10.67,-0.35,1257.01,0.13
1799,Entry long,2025-11-27 05:30,L,3029.76,1,3029.76,-9.12,-0.30,4.76,0.16,-10.67,-0.35,1257.01,0.13
1800,Exit long,2025-11-27 07:30,Close entry(s) order L,3017.11,1,3026.43,-9.32,-0.31,5.57,0.18,-9.96,-0.33,1247.69,0.12
1800,Entry long,2025-11-27 07:00,L,3026.43,1,3026.43,-9.32,-0.31,5.57,0.18,-9.96,-0.33,1247.69,0.12
1801,Exit long,2025-11-27 08:15,Close entry(s) order L,3010.73,1,3025.02,-14.29,-0.47,1.62,0.05,-23.02,-0.76,1233.4,0.12
1801,Entry long,2025-11-27 08:00,L,3025.02,1,3025.02,-14.29,-0.47,1.62,0.05,-23.02,-0.76,1233.4,0.12
1802,Exit long,2025-11-27 11:45,Close entry(s) order L,3031.58,1,3033.75,-2.17,-0.07,36.25,1.19,-7.5,-0.25,1231.23,0.12
1802,Entry long,2025-11-27 09:00,L,3033.75,1,3033.75,-2.17,-0.07,36.25,1.19,-7.5,-0.25,1231.23,0.12
1803,Exit long,2025-11-27 12:30,Close entry(s) order L,3037.47,1,3047.26,-9.79,-0.32,5.47,0.18,-11.55,-0.38,1221.44,0.12
1803,Entry long,2025-11-27 12:15,L,3047.26,1,3047.26,-9.79,-0.32,5.47,0.18,-11.55,-0.38,1221.44,0.12
1804,Exit long,2025-11-27 16:15,Close entry(s) order L,3020.12,1,3032.12,-12,-0.40,1.88,0.06,-12.89,-0.43,1209.44,0.12
1804,Entry long,2025-11-27 16:00,L,3032.12,1,3032.12,-12,-0.40,1.88,0.06,-12.89,-0.43,1209.44,0.12
1805,Exit long,2025-11-27 17:15,Close entry(s) order L,3025.51,1,3026.85,-1.34,-0.04,1.58,0.05,-2.82,-0.09,1208.1,0.12
1805,Entry long,2025-11-27 17:00,L,3026.85,1,3026.85,-1.34,-0.04,1.58,0.05,-2.82,-0.09,1208.1,0.12
1806,Exit long,2025-11-27 18:00,Close entry(s) order L,3026.19,1,3029.36,-3.17,-0.10,14.64,0.48,-4.34,-0.14,1204.93,0.12
1806,Entry long,2025-11-27 17:30,L,3029.36,1,3029.36,-3.17,-0.10,14.64,0.48,-4.34,-0.14,1204.93,0.12
1807,Exit long,2025-11-27 19:30,Close entry(s) order L,3026.73,1,3027.9,-1.17,-0.04,6.84,0.23,-7.76,-0.26,1203.76,0.12
1807,Entry long,2025-11-27 18:15,L,3027.9,1,3027.9,-1.17,-0.04,6.84,0.23,-7.76,-0.26,1203.76,0.12
1808,Exit long,2025-11-27 20:00,Close entry(s) order L,3026.75,1,3029.44,-2.69,-0.09,1.64,0.05,-2.88,-0.10,1201.07,0.12
1808,Entry long,2025-11-27 19:45,L,3029.44,1,3029.44,-2.69,-0.09,1.64,0.05,-2.88,-0.10,1201.07,0.12
1809,Exit long,2025-11-28 06:00,Close entry(s) order L,3030.82,1,3003.15,27.67,0.92,40.35,1.34,-6.1,-0.20,1228.74,0.12
1809,Entry long,2025-11-27 23:30,L,3003.15,1,3003.15,27.67,0.92,40.35,1.34,-6.1,-0.20,1228.74,0.12
1810,Exit long,2025-11-28 11:15,Close entry(s) order L,3003.31,1,3010.81,-7.5,-0.25,2.99,0.10,-8.79,-0.29,1221.24,0.12
1810,Entry long,2025-11-28 11:00,L,3010.81,1,3010.81,-7.5,-0.25,2.99,0.10,-8.79,-0.29,1221.24,0.12
1811,Exit long,2025-11-28 14:30,Close entry(s) order L,3010,1,3008.03,1.97,0.07,19.97,0.66,-4.32,-0.14,1223.21,0.12
1811,Entry long,2025-11-28 11:30,L,3008.03,1,3008.03,1.97,0.07,19.97,0.66,-4.32,-0.14,1223.21,0.12
1812,Exit long,2025-11-28 15:45,Close entry(s) order L,3009.24,1,3020.19,-10.95,-0.36,0.14,0.00,-15.71,-0.52,1212.26,0.12
1812,Entry long,2025-11-28 15:30,L,3020.19,1,3020.19,-10.95,-0.36,0.14,0.00,-15.71,-0.52,1212.26,0.12
1813,Exit long,2025-11-28 19:15,Close entry(s) order L,3032.75,1,3016.76,15.99,0.53,63.24,2.10,-2.91,-0.10,1228.25,0.12
1813,Entry long,2025-11-28 16:30,L,3016.76,1,3016.76,15.99,0.53,63.24,2.10,-2.91,-0.10,1228.25,0.12
1814,Exit long,2025-11-29 00:15,Close entry(s) order L,3056.62,1,3053.56,3.06,0.10,45.44,1.49,-3.55,-0.12,1231.31,0.12
1814,Entry long,2025-11-28 21:45,L,3053.56,1,3053.56,3.06,0.10,45.44,1.49,-3.55,-0.12,1231.31,0.12
1815,Exit long,2025-11-29 02:30,Close entry(s) order L,3035.87,1,3045.27,-9.4,-0.31,1.64,0.05,-15.07,-0.49,1221.91,0.12
1815,Entry long,2025-11-29 02:15,L,3045.27,1,3045.27,-9.4,-0.31,1.64,0.05,-15.07,-0.49,1221.91,0.12
1816,Exit long,2025-11-29 06:00,Close entry(s) order L,3035.02,1,3041.14,-6.12,-0.20,18.71,0.62,-7.14,-0.23,1215.79,0.12
1816,Entry long,2025-11-29 03:00,L,3041.14,1,3041.14,-6.12,-0.20,18.71,0.62,-7.14,-0.23,1215.79,0.12
1817,Exit long,2025-11-29 09:45,Close entry(s) order L,3034.39,1,3046.4,-12.01,-0.39,5.06,0.17,-15.6,-0.51,1203.78,0.12
1817,Entry long,2025-11-29 09:15,L,3046.4,1,3046.4,-12.01,-0.39,5.06,0.17,-15.6,-0.51,1203.78,0.12
1818,Exit long,2025-11-29 10:30,Close entry(s) order L,3032.13,1,3036.97,-4.84,-0.16,2.46,0.08,-4.97,-0.16,1198.94,0.12
1818,Entry long,2025-11-29 10:00,L,3036.97,1,3036.97,-4.84,-0.16,2.46,0.08,-4.97,-0.16,1198.94,0.12
1819,Exit long,2025-11-29 14:30,Close entry(s) order L,3013.5,1,3030.01,-16.51,-0.54,14.23,0.47,-19.01,-0.63,1182.43,0.12
1819,Entry long,2025-11-29 12:45,L,3030.01,1,3030.01,-16.51,-0.54,14.23,0.47,-19.01,-0.63,1182.43,0.12
1820,Exit long,2025-11-29 22:15,Close entry(s) order L,2994.6,1,2998.06,-3.46,-0.12,1.94,0.06,-6.57,-0.22,1178.97,0.12
1820,Entry long,2025-11-29 21:30,L,2998.06,1,2998.06,-3.46,-0.12,1.94,0.06,-6.57,-0.22,1178.97,0.12
1821,Exit long,2025-11-30 01:15,Close entry(s) order L,2995.67,1,2999.86,-4.19,-0.14,11.24,0.37,-7.48,-0.25,1174.78,0.12
1821,Entry long,2025-11-29 23:30,L,2999.86,1,2999.86,-4.19,-0.14,11.24,0.37,-7.48,-0.25,1174.78,0.12
1822,Exit long,2025-11-30 03:45,Close entry(s) order L,2989.65,1,2993.51,-3.86,-0.13,5.49,0.18,-6.51,-0.22,1170.92,0.12
1822,Entry long,2025-11-30 03:00,L,2993.51,1,2993.51,-3.86,-0.13,5.49,0.18,-6.51,-0.22,1170.92,0.12
1823,Exit long,2025-11-30 06:15,Close entry(s) order L,2983.4,1,2989.97,-6.57,-0.22,7.9,0.26,-9.17,-0.31,1164.35,0.12
1823,Entry long,2025-11-30 04:30,L,2989.97,1,2989.97,-6.57,-0.22,7.9,0.26,-9.17,-0.31,1164.35,0.12
1824,Exit long,2025-11-30 08:00,Close entry(s) order L,2987.96,1,2989.11,-1.15,-0.04,2.89,0.10,-2.76,-0.09,1163.2,0.12
1824,Entry long,2025-11-30 07:30,L,2989.11,1,2989.11,-1.15,-0.04,2.89,0.10,-2.76,-0.09,1163.2,0.12
1825,Exit long,2025-11-30 10:45,Close entry(s) order L,2995.75,1,2995.65,0.1,0.00,16.32,0.54,-2.94,-0.10,1163.3,0.12
1825,Entry long,2025-11-30 08:15,L,2995.65,1,2995.65,0.1,0.00,16.32,0.54,-2.94,-0.10,1163.3,0.12
1826,Exit long,2025-11-30 12:30,Close entry(s) order L,2996.69,1,3002.58,-5.89,-0.20,2.1,0.07,-7.38,-0.25,1157.41,0.12
1826,Entry long,2025-11-30 11:45,L,3002.58,1,3002.58,-5.89,-0.20,2.1,0.07,-7.38,-0.25,1157.41,0.12
1827,Exit long,2025-11-30 19:30,Close entry(s) order L,3003.51,1,2996.29,7.22,0.24,23,0.77,-1.59,-0.05,1164.63,0.12
1827,Entry long,2025-11-30 14:30,L,2996.29,1,2996.29,7.22,0.24,23,0.77,-1.59,-0.05,1164.63,0.12
1828,Exit long,2025-11-30 23:45,Close entry(s) order L,3027.02,1,3008.25,18.77,0.62,43.96,1.46,-2.71,-0.09,1183.4,0.12
1828,Entry long,2025-11-30 20:30,L,3008.25,1,3008.25,18.77,0.62,43.96,1.46,-2.71,-0.09,1183.4,0.12
1829,Exit long,2025-12-01 01:15,Close entry(s) order L,3033.24,1,3034.71,-1.47,-0.05,13.73,0.45,-4.59,-0.15,1181.93,0.12
1829,Entry long,2025-12-01 00:15,L,3034.71,1,3034.71,-1.47,-0.05,13.73,0.45,-4.59,-0.15,1181.93,0.12
1830,Exit long,2025-12-01 02:15,Close entry(s) order L,3033.53,1,3037.95,-4.42,-0.15,5.69,0.19,-6.47,-0.21,1177.51,0.12
1830,Entry long,2025-12-01 01:45,L,3037.95,1,3037.95,-4.42,-0.15,5.69,0.19,-6.47,-0.21,1177.51,0.12
1831,Exit long,2025-12-01 03:15,Close entry(s) order L,3033.22,1,3035.9,-2.68,-0.09,3.97,0.13,-5.67,-0.19,1174.83,0.12
1831,Entry long,2025-12-01 03:00,L,3035.9,1,3035.9,-2.68,-0.09,3.97,0.13,-5.67,-0.19,1174.83,0.12
1832,Exit long,2025-12-01 04:30,Close entry(s) order L,3028.84,1,3038.92,-10.08,-0.33,0.49,0.02,-10.57,-0.35,1164.75,0.12
1832,Entry long,2025-12-01 04:15,L,3038.92,1,3038.92,-10.08,-0.33,0.49,0.02,-10.57,-0.35,1164.75,0.12
1833,Exit long,2025-12-01 06:30,Close entry(s) order L,3027.05,1,3030.19,-3.14,-0.10,5.52,0.18,-6.83,-0.23,1161.61,0.12
1833,Entry long,2025-12-01 06:15,L,3030.19,1,3030.19,-3.14,-0.10,5.52,0.18,-6.83,-0.23,1161.61,0.12
1834,Exit long,2025-12-01 07:15,Close entry(s) order L,3019.41,1,3032.23,-12.82,-0.42,1.84,0.06,-17.13,-0.56,1148.79,0.11
1834,Entry long,2025-12-01 07:00,L,3032.23,1,3032.23,-12.82,-0.42,1.84,0.06,-17.13,-0.56,1148.79,0.11
1835,Exit long,2025-12-01 19:15,Close entry(s) order L,2835.99,1,2826.77,9.22,0.33,27.79,0.98,-8.29,-0.29,1158.01,0.12
1835,Entry long,2025-12-01 14:00,L,2826.77,1,2826.77,9.22,0.33,27.79,0.98,-8.29,-0.29,1158.01,0.12
1836,Exit long,2025-12-01 19:45,Close entry(s) order L,2836.2,1,2842.28,-6.08,-0.21,0.86,0.03,-7.2,-0.25,1151.93,0.12
1836,Entry long,2025-12-01 19:30,L,2842.28,1,2842.28,-6.08,-0.21,0.86,0.03,-7.2,-0.25,1151.93,0.12
1837,Exit long,2025-12-02 02:45,Close entry(s) order L,2726.68,1,2753.51,-26.83,-0.97,2.49,0.09,-30.52,-1.11,1125.1,0.11
1837,Entry long,2025-12-02 02:15,L,2753.51,1,2753.51,-26.83,-0.97,2.49,0.09,-30.52,-1.11,1125.1,0.11
1838,Exit long,2025-12-02 03:30,Close entry(s) order L,2737.97,1,2748.36,-10.39,-0.38,4.2,0.15,-15.36,-0.56,1114.71,0.11
1838,Entry long,2025-12-02 03:00,L,2748.36,1,2748.36,-10.39,-0.38,4.2,0.15,-15.36,-0.56,1114.71,0.11
1839,Exit long,2025-12-02 08:30,Close entry(s) order L,2789.29,1,2759.25,30.04,1.09,58.75,2.13,-18.25,-0.66,1144.75,0.11
1839,Entry long,2025-12-02 04:15,L,2759.25,1,2759.25,30.04,1.09,58.75,2.13,-18.25,-0.66,1144.75,0.11
1840,Exit long,2025-12-02 09:45,Close entry(s) order L,2795.89,1,2802.76,-6.87,-0.25,4.03,0.14,-8.2,-0.29,1137.88,0.11
1840,Entry long,2025-12-02 09:15,L,2802.76,1,2802.76,-6.87,-0.25,4.03,0.14,-8.2,-0.29,1137.88,0.11
1841,Exit long,2025-12-02 11:30,Close entry(s) order L,2789.56,1,2805,-15.44,-0.55,8,0.29,-19.14,-0.68,1122.44,0.11
1841,Entry long,2025-12-02 10:30,L,2805,1,2805,-15.44,-0.55,8,0.29,-19.14,-0.68,1122.44,0.11
1842,Exit long,2025-12-02 13:15,Close entry(s) order L,2801.87,1,2808.86,-6.99,-0.25,4.43,0.16,-12.86,-0.46,1115.45,0.11
1842,Entry long,2025-12-02 11:45,L,2808.86,1,2808.86,-6.99,-0.25,4.43,0.16,-12.86,-0.46,1115.45,0.11
1843,Exit long,2025-12-02 15:30,Close entry(s) order L,2803.74,1,2810.5,-6.76,-0.24,4.3,0.15,-7.46,-0.27,1108.69,0.11
1843,Entry long,2025-12-02 14:45,L,2810.5,1,2810.5,-6.76,-0.24,4.3,0.15,-7.46,-0.27,1108.69,0.11
1844,Exit long,2025-12-02 16:15,Close entry(s) order L,2794.23,1,2805.28,-11.05,-0.39,0.76,0.03,-12.95,-0.46,1097.64,0.11
1844,Entry long,2025-12-02 15:45,L,2805.28,1,2805.28,-11.05,-0.39,0.76,0.03,-12.95,-0.46,1097.64,0.11
1845,Exit long,2025-12-02 17:45,Close entry(s) order L,2796.43,1,2801.81,-5.38,-0.19,6.78,0.24,-6.78,-0.24,1092.26,0.11
1845,Entry long,2025-12-02 17:15,L,2801.81,1,2801.81,-5.38,-0.19,6.78,0.24,-6.78,-0.24,1092.26,0.11
1846,Exit long,2025-12-03 04:15,Close entry(s) order L,3003.09,1,2806.72,196.37,7.00,228.22,8.13,-3.71,-0.13,1288.63,0.13
1846,Entry long,2025-12-02 18:15,L,2806.72,1,2806.72,196.37,7.00,228.22,8.13,-3.71,-0.13,1288.63,0.13
1847,Exit long,2025-12-03 08:00,Close entry(s) order L,2994.63,1,3012.13,-17.5,-0.58,7.87,0.26,-22.2,-0.74,1271.13,0.13
1847,Entry long,2025-12-03 06:15,L,3012.13,1,3012.13,-17.5,-0.58,7.87,0.26,-22.2,-0.74,1271.13,0.13
1848,Exit long,2025-12-03 09:00,Close entry(s) order L,3001.72,1,3002.01,-0.29,-0.01,5.37,0.18,-4.16,-0.14,1270.84,0.13
1848,Entry long,2025-12-03 08:45,L,3002.01,1,3002.01,-0.29,-0.01,5.37,0.18,-4.16,-0.14,1270.84,0.13
1849,Exit long,2025-12-03 15:30,Close entry(s) order L,3057.5,1,3007.35,50.15,1.67,76.99,2.56,-2.7,-0.09,1320.99,0.13
1849,Entry long,2025-12-03 09:15,L,3007.35,1,3007.35,50.15,1.67,76.99,2.56,-2.7,-0.09,1320.99,0.13
1850,Exit long,2025-12-03 18:45,Close entry(s) order L,3052.23,1,3059.04,-6.81,-0.22,20.11,0.66,-9.7,-0.32,1314.18,0.13
1850,Entry long,2025-12-03 18:00,L,3059.04,1,3059.04,-6.81,-0.22,20.11,0.66,-9.7,-0.32,1314.18,0.13
1851,Exit long,2025-12-03 22:15,Close entry(s) order L,3047.15,1,3055.69,-8.54,-0.28,39.3,1.29,-25.69,-0.84,1305.64,0.13
1851,Entry long,2025-12-03 19:15,L,3055.69,1,3055.69,-8.54,-0.28,39.3,1.29,-25.69,-0.84,1305.64,0.13
1852,Exit long,2025-12-03 23:00,Close entry(s) order L,3074.8,1,3130.28,-55.48,-1.77,0.96,0.03,-60.59,-1.94,1250.16,0.13
1852,Entry long,2025-12-03 22:45,L,3130.28,1,3130.28,-55.48,-1.77,0.96,0.03,-60.59,-1.94,1250.16,0.13
1853,Exit long,2025-12-04 00:15,Close entry(s) order L,3068.61,1,3080.1,-11.49,-0.37,10.92,0.35,-17.38,-0.56,1238.67,0.12
1853,Entry long,2025-12-03 23:45,L,3080.1,1,3080.1,-11.49,-0.37,10.92,0.35,-17.38,-0.56,1238.67,0.12
1854,Exit long,2025-12-04 11:45,Close entry(s) order L,3205.96,1,3082.66,123.3,4.00,156.61,5.08,-1.38,-0.04,1361.97,0.14
1854,Entry long,2025-12-04 00:30,L,3082.66,1,3082.66,123.3,4.00,156.61,5.08,-1.38,-0.04,1361.97,0.14
1855,Exit long,2025-12-04 15:15,Close entry(s) order L,3188.49,1,3202.37,-13.88,-0.43,16.96,0.53,-23.35,-0.73,1348.09,0.13
1855,Entry long,2025-12-04 14:30,L,3202.37,1,3202.37,-13.88,-0.43,16.96,0.53,-23.35,-0.73,1348.09,0.13
1856,Exit long,2025-12-04 16:00,Close entry(s) order L,3189.01,1,3195.3,-6.29,-0.20,5.95,0.19,-7.69,-0.24,1341.8,0.13
1856,Entry long,2025-12-04 15:30,L,3195.3,1,3195.3,-6.29,-0.20,5.95,0.19,-7.69,-0.24,1341.8,0.13
1857,Exit long,2025-12-04 19:00,Close entry(s) order L,3187.28,1,3191.23,-3.95,-0.12,16.36,0.51,-7.68,-0.24,1337.85,0.13
1857,Entry long,2025-12-04 17:15,L,3191.23,1,3191.23,-3.95,-0.12,16.36,0.51,-7.68,-0.24,1337.85,0.13
1858,Exit long,2025-12-04 22:45,Close entry(s) order L,3175.01,1,3185.2,-10.19,-0.32,0.38,0.01,-19.98,-0.63,1327.66,0.13
1858,Entry long,2025-12-04 22:30,L,3185.2,1,3185.2,-10.19,-0.32,0.38,0.01,-19.98,-0.63,1327.66,0.13
1859,Exit long,2025-12-04 23:30,Close entry(s) order L,3171.93,1,3178.59,-6.66,-0.21,7.88,0.25,-16.09,-0.51,1321,0.13
1859,Entry long,2025-12-04 23:15,L,3178.59,1,3178.59,-6.66,-0.21,7.88,0.25,-16.09,-0.51,1321,0.13
1860,Exit long,2025-12-05 00:45,Close entry(s) order L,3178.52,1,3213.38,-34.86,-1.08,11.62,0.36,-41.2,-1.28,1286.14,0.13
1860,Entry long,2025-12-04 23:45,L,3213.38,1,3213.38,-34.86,-1.08,11.62,0.36,-41.2,-1.28,1286.14,0.13
1861,Exit long,2025-12-05 06:00,Close entry(s) order L,3121.99,1,3139.53,-17.54,-0.56,10.94,0.35,-22.42,-0.71,1268.6,0.13
1861,Entry long,2025-12-05 05:00,L,3139.53,1,3139.53,-17.54,-0.56,10.94,0.35,-22.42,-0.71,1268.6,0.13
1862,Exit long,2025-12-05 07:45,Close entry(s) order L,3131.9,1,3132.57,-0.67,-0.02,15.6,0.50,-5.8,-0.19,1267.93,0.13
1862,Entry long,2025-12-05 06:15,L,3132.57,1,3132.57,-0.67,-0.02,15.6,0.50,-5.8,-0.19,1267.93,0.13
1863,Exit long,2025-12-05 12:30,Close entry(s) order L,3167.8,1,3145.01,22.79,0.72,47.71,1.52,-2.99,-0.10,1290.72,0.13
1863,Entry long,2025-12-05 08:30,L,3145.01,1,3145.01,22.79,0.72,47.71,1.52,-2.99,-0.10,1290.72,0.13
1864,Exit long,2025-12-05 16:15,Close entry(s) order L,3161.26,1,3167.65,-6.39,-0.20,13.99,0.44,-7.65,-0.24,1284.33,0.13
1864,Entry long,2025-12-05 15:00,L,3167.65,1,3167.65,-6.39,-0.20,13.99,0.44,-7.65,-0.24,1284.33,0.13
1865,Exit long,2025-12-05 19:30,Close entry(s) order L,3128.09,1,3141.72,-13.63,-0.43,0.28,0.01,-20.86,-0.66,1270.7,0.13
1865,Entry long,2025-12-05 19:15,L,3141.72,1,3141.72,-13.63,-0.43,0.28,0.01,-20.86,-0.66,1270.7,0.13
1866,Exit long,2025-12-06 00:00,Close entry(s) order L,3105.39,1,3140,-34.61,-1.10,6.42,0.20,-46.95,-1.50,1236.09,0.12
1866,Entry long,2025-12-05 23:15,L,3140,1,3140,-34.61,-1.10,6.42,0.20,-46.95,-1.50,1236.09,0.12
1867,Exit long,2025-12-06 04:45,Close entry(s) order L,3022.22,1,3029.13,-6.91,-0.23,18.67,0.62,-7.33,-0.24,1229.18,0.12
1867,Entry long,2025-12-06 03:45,L,3029.13,1,3029.13,-6.91,-0.23,18.67,0.62,-7.33,-0.24,1229.18,0.12
1868,Exit long,2025-12-06 05:45,Close entry(s) order L,3023,1,3031.85,-8.85,-0.29,3.64,0.12,-10.53,-0.35,1220.33,0.12
1868,Entry long,2025-12-06 05:15,L,3031.85,1,3031.85,-8.85,-0.29,3.64,0.12,-10.53,-0.35,1220.33,0.12
1869,Exit long,2025-12-06 07:00,Close entry(s) order L,3025.44,1,3029.42,-3.98,-0.13,1.97,0.07,-5.41,-0.18,1216.35,0.12
1869,Entry long,2025-12-06 06:45,L,3029.42,1,3029.42,-3.98,-0.13,1.97,0.07,-5.41,-0.18,1216.35,0.12
1870,Exit long,2025-12-06 09:45,Close entry(s) order L,3021.06,1,3027.39,-6.33,-0.21,5.16,0.17,-9.84,-0.33,1210.02,0.12
1870,Entry long,2025-12-06 08:45,L,3027.39,1,3027.39,-6.33,-0.21,5.16,0.17,-9.84,-0.33,1210.02,0.12
1871,Exit long,2025-12-06 15:30,Close entry(s) order L,3027.67,1,3025.53,2.14,0.07,19.27,0.64,-8.5,-0.28,1212.16,0.12
1871,Entry long,2025-12-06 10:00,L,3025.53,1,3025.53,2.14,0.07,19.27,0.64,-8.5,-0.28,1212.16,0.12
1872,Exit long,2025-12-06 21:00,Close entry(s) order L,3030.37,1,3029.69,0.68,0.02,11.01,0.36,-5.88,-0.19,1212.84,0.12
1872,Entry long,2025-12-06 17:30,L,3029.69,1,3029.69,0.68,0.02,11.01,0.36,-5.88,-0.19,1212.84,0.12
1873,Exit long,2025-12-06 23:30,Close entry(s) order L,3033.6,1,3033.31,0.29,0.01,35.27,1.16,-8.31,-0.27,1213.13,0.12
1873,Entry long,2025-12-06 21:30,L,3033.31,1,3033.31,0.29,0.01,35.27,1.16,-8.31,-0.27,1213.13,0.12
1874,Exit long,2025-12-07 02:45,Close entry(s) order L,3045.71,1,3046.05,-0.34,-0.01,19.54,0.64,-8.1,-0.27,1212.79,0.12
1874,Entry long,2025-12-06 23:45,L,3046.05,1,3046.05,-0.34,-0.01,19.54,0.64,-8.1,-0.27,1212.79,0.12
1875,Exit long,2025-12-07 07:15,Close entry(s) order L,3036.13,1,3039.1,-2.97,-0.10,14.89,0.49,-8.21,-0.27,1209.82,0.12
1875,Entry long,2025-12-07 05:30,L,3039.1,1,3039.1,-2.97,-0.10,14.89,0.49,-8.21,-0.27,1209.82,0.12
1876,Exit long,2025-12-07 12:30,Close entry(s) order L,3047.86,1,3038.82,9.04,0.30,17.96,0.59,-0.66,-0.02,1218.86,0.12
1876,Entry long,2025-12-07 08:30,L,3038.82,1,3038.82,9.04,0.30,17.96,0.59,-0.66,-0.02,1218.86,0.12
1877,Exit long,2025-12-07 15:15,Close entry(s) order L,3036.65,1,3046.66,-10.01,-0.33,3.08,0.10,-13.3,-0.44,1208.85,0.12
1877,Entry long,2025-12-07 15:00,L,3046.66,1,3046.66,-10.01,-0.33,3.08,0.10,-13.3,-0.44,1208.85,0.12
1878,Exit long,2025-12-07 17:00,Close entry(s) order L,3033.28,1,3039.99,-6.71,-0.22,0.42,0.01,-7.32,-0.24,1202.14,0.12
1878,Entry long,2025-12-07 16:45,L,3039.99,1,3039.99,-6.71,-0.22,0.42,0.01,-7.32,-0.24,1202.14,0.12
1879,Exit long,2025-12-07 20:00,Close entry(s) order L,3034.52,1,3037.55,-3.03,-0.10,5.35,0.18,-8.29,-0.27,1199.11,0.12
1879,Entry long,2025-12-07 18:15,L,3037.55,1,3037.55,-3.03,-0.10,5.35,0.18,-8.29,-0.27,1199.11,0.12
1880,Exit long,2025-12-07 21:30,Close entry(s) order L,3028.84,1,3040.83,-11.99,-0.39,11.97,0.39,-15.15,-0.50,1187.12,0.12
1880,Entry long,2025-12-07 20:15,L,3040.83,1,3040.83,-11.99,-0.39,11.97,0.39,-15.15,-0.50,1187.12,0.12
1881,Exit long,2025-12-08 05:15,Close entry(s) order L,3129.74,1,3025.83,103.91,3.43,124.17,4.10,-28.24,-0.93,1291.03,0.13
1881,Entry long,2025-12-08 00:00,L,3025.83,1,3025.83,103.91,3.43,124.17,4.10,-28.24,-0.93,1291.03,0.13
1882,Exit long,2025-12-08 19:45,Close entry(s) order L,3142.52,1,3064.63,77.89,2.54,115.36,3.76,-7.87,-0.26,1368.92,0.14
1882,Entry long,2025-12-08 08:45,L,3064.63,1,3064.63,77.89,2.54,115.36,3.76,-7.87,-0.26,1368.92,0.14
1883,Exit long,2025-12-08 22:00,Close entry(s) order L,3144.65,1,3149.53,-4.88,-0.15,5.81,0.18,-8.18,-0.26,1364.04,0.14
1883,Entry long,2025-12-08 21:45,L,3149.53,1,3149.53,-4.88,-0.15,5.81,0.18,-8.18,-0.26,1364.04,0.14
1884,Exit long,2025-12-08 23:00,Close entry(s) order L,3126.82,1,3151.23,-24.41,-0.77,26.77,0.85,-28.18,-0.89,1339.63,0.13
1884,Entry long,2025-12-08 22:15,L,3151.23,1,3151.23,-24.41,-0.77,26.77,0.85,-28.18,-0.89,1339.63,0.13
1885,Exit long,2025-12-09 03:00,Close entry(s) order L,3091.13,1,3119.19,-28.06,-0.90,12.71,0.41,-53.02,-1.70,1311.57,0.13
1885,Entry long,2025-12-09 02:00,L,3119.19,1,3119.19,-28.06,-0.90,12.71,0.41,-53.02,-1.70,1311.57,0.13
1886,Exit long,2025-12-09 06:45,Close entry(s) order L,3123.39,1,3112.72,10.67,0.34,39.28,1.26,-2.6,-0.08,1322.24,0.13
1886,Entry long,2025-12-09 03:30,L,3112.72,1,3112.72,10.67,0.34,39.28,1.26,-2.6,-0.08,1322.24,0.13
1887,Exit long,2025-12-09 08:45,Close entry(s) order L,3120.92,1,3133.9,-12.98,-0.41,0.01,0.00,-17.9,-0.57,1309.26,0.13
1887,Entry long,2025-12-09 08:30,L,3133.9,1,3133.9,-12.98,-0.41,0.01,0.00,-17.9,-0.57,1309.26,0.13
1888,Exit long,2025-12-09 12:45,Close entry(s) order L,3104.52,1,3117.44,-12.92,-0.41,12.56,0.40,-15.1,-0.48,1296.34,0.13
1888,Entry long,2025-12-09 11:45,L,3117.44,1,3117.44,-12.92,-0.41,12.56,0.40,-15.1,-0.48,1296.34,0.13
1889,Exit long,2025-12-09 14:00,Close entry(s) order L,3106.96,1,3113.3,-6.34,-0.20,4.2,0.13,-10.23,-0.33,1290,0.13
1889,Entry long,2025-12-09 13:45,L,3113.3,1,3113.3,-6.34,-0.20,4.2,0.13,-10.23,-0.33,1290,0.13
1890,Exit long,2025-12-09 17:45,Close entry(s) order L,3104.64,1,3111.72,-7.08,-0.23,17.88,0.57,-9.72,-0.31,1282.92,0.13
1890,Entry long,2025-12-09 15:00,L,3111.72,1,3111.72,-7.08,-0.23,17.88,0.57,-9.72,-0.31,1282.92,0.13
1891,Exit long,2025-12-09 21:45,Close entry(s) order L,3108.59,1,3116.91,-8.32,-0.27,23.08,0.74,-9.31,-0.30,1274.6,0.13
1891,Entry long,2025-12-09 20:00,L,3116.91,1,3116.91,-8.32,-0.27,23.08,0.74,-9.31,-0.30,1274.6,0.13
1892,Exit long,2025-12-10 03:45,Close entry(s) order L,3351.81,1,3122.93,228.88,7.33,274.57,8.79,-4.92,-0.16,1503.48,0.15
1892,Entry long,2025-12-09 23:15,L,3122.93,1,3122.93,228.88,7.33,274.57,8.79,-4.92,-0.16,1503.48,0.15
1893,Exit long,2025-12-10 07:00,Close entry(s) order L,3326.92,1,3332.75,-5.83,-0.17,4.56,0.14,-8.17,-0.25,1497.65,0.15
1893,Entry long,2025-12-10 06:45,L,3332.75,1,3332.75,-5.83,-0.17,4.56,0.14,-8.17,-0.25,1497.65,0.15
1894,Exit long,2025-12-10 08:00,Close entry(s) order L,3316.5,1,3327.16,-10.66,-0.32,6.62,0.20,-10.67,-0.32,1486.99,0.15
1894,Entry long,2025-12-10 07:30,L,3327.16,1,3327.16,-10.66,-0.32,6.62,0.20,-10.67,-0.32,1486.99,0.15
1895,Exit long,2025-12-10 08:30,Close entry(s) order L,3319.05,1,3322.22,-3.17,-0.10,0.01,0.00,-16.72,-0.50,1483.82,0.15
1895,Entry long,2025-12-10 08:15,L,3322.22,1,3322.22,-3.17,-0.10,0.01,0.00,-16.72,-0.50,1483.82,0.15
1896,Exit long,2025-12-10 15:15,Close entry(s) order L,3317,1,3309.84,7.16,0.22,25.08,0.76,-5.91,-0.18,1490.98,0.15
1896,Entry long,2025-12-10 11:00,L,3309.84,1,3309.84,7.16,0.22,25.08,0.76,-5.91,-0.18,1490.98,0.15
1897,Exit long,2025-12-10 17:00,Close entry(s) order L,3320.54,1,3325.64,-5.1,-0.15,7.1,0.21,-5.12,-0.15,1485.88,0.15
1897,Entry long,2025-12-10 16:00,L,3325.64,1,3325.64,-5.1,-0.15,7.1,0.21,-5.12,-0.15,1485.88,0.15
1898,Exit long,2025-12-10 18:45,Close entry(s) order L,3318.15,1,3346.12,-27.97,-0.84,28.81,0.86,-35.41,-1.06,1457.91,0.15
1898,Entry long,2025-12-10 18:00,L,3346.12,1,3346.12,-27.97,-0.84,28.81,0.86,-35.41,-1.06,1457.91,0.15
1899,Exit long,2025-12-10 22:45,Close entry(s) order L,3319.5,1,3323.04,-3.54,-0.11,14.87,0.45,-13.04,-0.39,1454.37,0.15
1899,Entry long,2025-12-10 21:00,L,3323.04,1,3323.04,-3.54,-0.11,14.87,0.45,-13.04,-0.39,1454.37,0.15
1900,Exit long,2025-12-10 23:30,Close entry(s) order L,3321.49,1,3333.35,-11.86,-0.36,0.63,0.02,-16.55,-0.50,1442.51,0.14
1900,Entry long,2025-12-10 23:15,L,3333.35,1,3333.35,-11.86,-0.36,0.63,0.02,-16.55,-0.50,1442.51,0.14
1901,Exit long,2025-12-11 03:45,Close entry(s) order L,3364.95,1,3326.63,38.32,1.15,110.32,3.32,-7.15,-0.21,1480.83,0.15
1901,Entry long,2025-12-11 00:00,L,3326.63,1,3326.63,38.32,1.15,110.32,3.32,-7.15,-0.21,1480.83,0.15
1902,Exit long,2025-12-11 05:00,Close entry(s) order L,3354.17,1,3388.98,-34.81,-1.03,57.14,1.69,-44.69,-1.32,1446.02,0.14
1902,Entry long,2025-12-11 04:00,L,3388.98,1,3388.98,-34.81,-1.03,57.14,1.69,-44.69,-1.32,1446.02,0.14
1903,Exit long,2025-12-11 13:15,Close entry(s) order L,3193.7,1,3212.93,-19.23,-0.60,0,0.00,-20.43,-0.64,1426.79,0.14
1903,Entry long,2025-12-11 13:00,L,3212.93,1,3212.93,-19.23,-0.60,0,0.00,-20.43,-0.64,1426.79,0.14
1904,Exit long,2025-12-11 15:30,Close entry(s) order L,3198.94,1,3204.82,-5.88,-0.18,8.99,0.28,-12.35,-0.39,1420.91,0.14
1904,Entry long,2025-12-11 13:30,L,3204.82,1,3204.82,-5.88,-0.18,8.99,0.28,-12.35,-0.39,1420.91,0.14
1905,Exit long,2025-12-11 18:00,Close entry(s) order L,3197.46,1,3199.02,-1.56,-0.05,12.98,0.41,-7.46,-0.23,1419.35,0.14
1905,Entry long,2025-12-11 17:15,L,3199.02,1,3199.02,-1.56,-0.05,12.98,0.41,-7.46,-0.23,1419.35,0.14
1906,Exit long,2025-12-11 18:30,Close entry(s) order L,3193.6,1,3198.66,-5.06,-0.16,0.01,0.00,-10.67,-0.33,1414.29,0.14
1906,Entry long,2025-12-11 18:15,L,3198.66,1,3198.66,-5.06,-0.16,0.01,0.00,-10.67,-0.33,1414.29,0.14
1907,Exit long,2025-12-11 20:00,Close entry(s) order L,3191.29,1,3195.1,-3.81,-0.12,2.4,0.08,-3.81,-0.12,1410.48,0.14
1907,Entry long,2025-12-11 19:30,L,3195.1,1,3195.1,-3.81,-0.12,2.4,0.08,-3.81,-0.12,1410.48,0.14
1908,Exit long,2025-12-11 21:45,Close entry(s) order L,3192.21,1,3195.62,-3.41,-0.11,10.38,0.32,-8.89,-0.28,1407.07,0.14
1908,Entry long,2025-12-11 20:30,L,3195.62,1,3195.62,-3.41,-0.11,10.38,0.32,-8.89,-0.28,1407.07,0.14
1909,Exit long,2025-12-12 01:00,Close entry(s) order L,3173.89,1,3186.89,-13,-0.41,9.23,0.29,-18.52,-0.58,1394.07,0.14
1909,Entry long,2025-12-12 00:45,L,3186.89,1,3186.89,-13,-0.41,9.23,0.29,-18.52,-0.58,1394.07,0.14
1910,Exit long,2025-12-12 04:00,Close entry(s) order L,3192.69,1,3193.34,-0.65,-0.02,39.55,1.24,-16.01,-0.50,1393.42,0.14
1910,Entry long,2025-12-12 01:30,L,3193.34,1,3193.34,-0.65,-0.02,39.55,1.24,-16.01,-0.50,1393.42,0.14
1911,Exit long,2025-12-12 07:15,Close entry(s) order L,3226.56,1,3213.59,12.97,0.40,58.84,1.83,-17.94,-0.56,1406.39,0.14
1911,Entry long,2025-12-12 04:15,L,3213.59,1,3213.59,12.97,0.40,58.84,1.83,-17.94,-0.56,1406.39,0.14
1912,Exit long,2025-12-12 08:00,Close entry(s) order L,3235.78,1,3239.3,-3.52,-0.11,2.53,0.08,-8.5,-0.26,1402.87,0.14
1912,Entry long,2025-12-12 07:45,L,3239.3,1,3239.3,-3.52,-0.11,2.53,0.08,-8.5,-0.26,1402.87,0.14
1913,Exit long,2025-12-12 13:15,Close entry(s) order L,3237.9,1,3231.9,6,0.19,32.88,1.02,-6.49,-0.20,1408.87,0.14
1913,Entry long,2025-12-12 09:30,L,3231.9,1,3231.9,6,0.19,32.88,1.02,-6.49,-0.20,1408.87,0.14
1914,Exit long,2025-12-12 16:00,Close entry(s) order L,3244.99,1,3246.3,-1.31,-0.04,17.2,0.53,-4.92,-0.15,1407.56,0.14
1914,Entry long,2025-12-12 14:00,L,3246.3,1,3246.3,-1.31,-0.04,17.2,0.53,-4.92,-0.15,1407.56,0.14
1915,Exit long,2025-12-12 18:45,Close entry(s) order L,3243.56,1,3249.73,-6.17,-0.19,5.01,0.15,-11.47,-0.35,1401.39,0.14
1915,Entry long,2025-12-12 18:00,L,3249.73,1,3249.73,-6.17,-0.19,5.01,0.15,-11.47,-0.35,1401.39,0.14
1916,Exit long,2025-12-12 21:30,Close entry(s) order L,3239.27,1,3245.9,-6.63,-0.20,4.76,0.15,-8.56,-0.26,1394.76,0.14
1916,Entry long,2025-12-12 21:00,L,3245.9,1,3245.9,-6.63,-0.20,4.76,0.15,-8.56,-0.26,1394.76,0.14
1917,Exit long,2025-12-12 22:15,Close entry(s) order L,3234.23,1,3241.01,-6.78,-0.21,0,0.00,-7.67,-0.24,1387.98,0.14
1917,Entry long,2025-12-12 22:00,L,3241.01,1,3241.01,-6.78,-0.21,0,0.00,-7.67,-0.24,1387.98,0.14
1918,Exit long,2025-12-13 03:15,Close entry(s) order L,3068.07,1,3085.76,-17.69,-0.57,9.55,0.31,-19.76,-0.64,1370.29,0.14
1918,Entry long,2025-12-13 02:45,L,3085.76,1,3085.76,-17.69,-0.57,9.55,0.31,-19.76,-0.64,1370.29,0.14
1919,Exit long,2025-12-13 08:00,Close entry(s) order L,3083.34,1,3075.99,7.35,0.24,19.01,0.62,-2.09,-0.07,1377.64,0.14
1919,Entry long,2025-12-13 04:45,L,3075.99,1,3075.99,7.35,0.24,19.01,0.62,-2.09,-0.07,1377.64,0.14
1920,Exit long,2025-12-13 08:30,Close entry(s) order L,3085.56,1,3088.55,-2.99,-0.10,2.33,0.08,-3.55,-0.11,1374.65,0.14
1920,Entry long,2025-12-13 08:15,L,3088.55,1,3088.55,-2.99,-0.10,2.33,0.08,-3.55,-0.11,1374.65,0.14
1921,Exit long,2025-12-13 09:45,Close entry(s) order L,3079.12,1,3087.88,-8.76,-0.28,1.11,0.04,-9,-0.29,1365.89,0.14
1921,Entry long,2025-12-13 09:15,L,3087.88,1,3087.88,-8.76,-0.28,1.11,0.04,-9,-0.29,1365.89,0.14
1922,Exit long,2025-12-13 10:45,Close entry(s) order L,3084.24,1,3087.31,-3.07,-0.10,0,0.00,-4.99,-0.16,1362.82,0.14
1922,Entry long,2025-12-13 10:30,L,3087.31,1,3087.31,-3.07,-0.10,0,0.00,-4.99,-0.16,1362.82,0.14
1923,Exit long,2025-12-13 13:45,Close entry(s) order L,3085.35,1,3087.99,-2.64,-0.09,3.86,0.13,-5.81,-0.19,1360.18,0.14
1923,Entry long,2025-12-13 11:15,L,3087.99,1,3087.99,-2.64,-0.09,3.86,0.13,-5.81,-0.19,1360.18,0.14
1924,Exit long,2025-12-13 14:15,Close entry(s) order L,3085.92,1,3087.9,-1.98,-0.06,0.01,0.00,-3.03,-0.10,1358.2,0.14
1924,Entry long,2025-12-13 14:00,L,3087.9,1,3087.9,-1.98,-0.06,0.01,0.00,-3.03,-0.10,1358.2,0.14
1925,Exit long,2025-12-13 19:45,Close entry(s) order L,3117.77,1,3088.41,29.36,0.95,46.59,1.51,-0.13,0.00,1387.56,0.14
1925,Entry long,2025-12-13 14:45,L,3088.41,1,3088.41,29.36,0.95,46.59,1.51,-0.13,0.00,1387.56,0.14
1926,Exit long,2025-12-13 20:30,Close entry(s) order L,3114,1,3122.11,-8.11,-0.26,0.49,0.02,-8.11,-0.26,1379.45,0.14
1926,Entry long,2025-12-13 20:15,L,3122.11,1,3122.11,-8.11,-0.26,0.49,0.02,-8.11,-0.26,1379.45,0.14
1927,Exit long,2025-12-14 00:00,Close entry(s) order L,3108.1,1,3116.93,-8.83,-0.28,3.2,0.10,-13.92,-0.45,1370.62,0.14
1927,Entry long,2025-12-13 23:15,L,3116.93,1,3116.93,-8.83,-0.28,3.2,0.10,-13.92,-0.45,1370.62,0.14
1928,Exit long,2025-12-14 02:30,Close entry(s) order L,3105.2,1,3108.6,-3.4,-0.11,1.13,0.04,-4.54,-0.15,1367.22,0.14
1928,Entry long,2025-12-14 02:15,L,3108.6,1,3108.6,-3.4,-0.11,1.13,0.04,-4.54,-0.15,1367.22,0.14
1929,Exit long,2025-12-14 03:00,Close entry(s) order L,3100.42,1,3106.04,-5.62,-0.18,0.01,0.00,-8.29,-0.27,1361.6,0.14
1929,Entry long,2025-12-14 02:45,L,3106.04,1,3106.04,-5.62,-0.18,0.01,0.00,-8.29,-0.27,1361.6,0.14
1930,Exit long,2025-12-14 03:30,Close entry(s) order L,3102.95,1,3104.64,-1.69,-0.05,1.43,0.05,-2,-0.06,1359.91,0.14
1930,Entry long,2025-12-14 03:15,L,3104.64,1,3104.64,-1.69,-0.05,1.43,0.05,-2,-0.06,1359.91,0.14
1931,Exit long,2025-12-14 05:00,Close entry(s) order L,3103.04,1,3109.22,-6.18,-0.20,1.2,0.04,-8.15,-0.26,1353.73,0.14
1931,Entry long,2025-12-14 03:45,L,3109.22,1,3109.22,-6.18,-0.20,1.2,0.04,-8.15,-0.26,1353.73,0.14
1932,Exit long,2025-12-14 06:15,Close entry(s) order L,3104.3,1,3105,-0.7,-0.02,13.99,0.45,-5.49,-0.18,1353.03,0.14
1932,Entry long,2025-12-14 05:45,L,3105,1,3105,-0.7,-0.02,13.99,0.45,-5.49,-0.18,1353.03,0.14
1933,Exit long,2025-12-14 11:45,Close entry(s) order L,3118.39,1,3106.93,11.46,0.37,21.72,0.70,-5.66,-0.18,1364.49,0.14
1933,Entry long,2025-12-14 06:30,L,3106.93,1,3106.93,11.46,0.37,21.72,0.70,-5.66,-0.18,1364.49,0.14
1934,Exit long,2025-12-14 12:30,Close entry(s) order L,3117.91,1,3120.02,-2.11,-0.07,0.97,0.03,-2.72,-0.09,1362.38,0.14
1934,Entry long,2025-12-14 12:15,L,3120.02,1,3120.02,-2.11,-0.07,0.97,0.03,-2.72,-0.09,1362.38,0.14
1935,Exit long,2025-12-14 17:00,Close entry(s) order L,3109.7,1,3113.77,-4.07,-0.13,4.95,0.16,-6.21,-0.20,1358.31,0.14
1935,Entry long,2025-12-14 16:00,L,3113.77,1,3113.77,-4.07,-0.13,4.95,0.16,-6.21,-0.20,1358.31,0.14
1936,Exit long,2025-12-14 21:15,Close entry(s) order L,3089.72,1,3102.3,-12.58,-0.41,4.7,0.15,-26.63,-0.86,1345.73,0.13
1936,Entry long,2025-12-14 20:45,L,3102.3,1,3102.3,-12.58,-0.41,4.7,0.15,-26.63,-0.86,1345.73,0.13
1937,Exit long,2025-12-14 22:45,Close entry(s) order L,3076.15,1,3100.32,-24.17,-0.78,6.94,0.22,-26.05,-0.84,1321.56,0.13
1937,Entry long,2025-12-14 22:00,L,3100.32,1,3100.32,-24.17,-0.78,6.94,0.22,-26.05,-0.84,1321.56,0.13
1938,Exit long,2025-12-15 00:45,Close entry(s) order L,3085,1,3099.15,-14.15,-0.46,3.21,0.10,-17.4,-0.56,1307.41,0.13
1938,Entry long,2025-12-15 00:30,L,3099.15,1,3099.15,-14.15,-0.46,3.21,0.10,-17.4,-0.56,1307.41,0.13
1939,Exit long,2025-12-15 01:15,Close entry(s) order L,3078.6,1,3096.94,-18.34,-0.59,6.06,0.20,-24.21,-0.78,1289.07,0.13
1939,Entry long,2025-12-15 01:00,L,3096.94,1,3096.94,-18.34,-0.59,6.06,0.20,-24.21,-0.78,1289.07,0.13
1940,Exit long,2025-12-15 04:30,Close entry(s) order L,3087.94,1,3088.4,-0.46,-0.01,14.54,0.47,-27.02,-0.87,1288.61,0.13
1940,Entry long,2025-12-15 02:15,L,3088.4,1,3088.4,-0.46,-0.01,14.54,0.47,-27.02,-0.87,1288.61,0.13
1941,Exit long,2025-12-15 05:00,Close entry(s) order L,3081.22,1,3091.33,-10.11,-0.33,2.45,0.08,-11.33,-0.37,1278.5,0.13
1941,Entry long,2025-12-15 04:45,L,3091.33,1,3091.33,-10.11,-0.33,2.45,0.08,-11.33,-0.37,1278.5,0.13
1942,Exit long,2025-12-15 08:45,Close entry(s) order L,3060.42,1,3073.06,-12.64,-0.41,7.94,0.26,-17.27,-0.56,1265.86,0.13
1942,Entry long,2025-12-15 08:30,L,3073.06,1,3073.06,-12.64,-0.41,7.94,0.26,-17.27,-0.56,1265.86,0.13
1943,Exit long,2025-12-15 12:30,Close entry(s) order L,3107.32,1,3073.59,33.73,1.10,76.41,2.49,-8.53,-0.28,1299.59,0.13
1943,Entry long,2025-12-15 09:00,L,3073.59,1,3073.59,33.73,1.10,76.41,2.49,-8.53,-0.28,1299.59,0.13
1944,Exit long,2025-12-15 13:45,Close entry(s) order L,3115.84,1,3119.79,-3.95,-0.13,5.72,0.18,-4.78,-0.15,1295.64,0.13
1944,Entry long,2025-12-15 12:45,L,3119.79,1,3119.79,-3.95,-0.13,5.72,0.18,-4.78,-0.15,1295.64,0.13
1945,Exit long,2025-12-15 14:15,Close entry(s) order L,3115.95,1,3119.03,-3.08,-0.10,0.97,0.03,-5.11,-0.16,1292.56,0.13
1945,Entry long,2025-12-15 14:00,L,3119.03,1,3119.03,-3.08,-0.10,0.97,0.03,-5.11,-0.16,1292.56,0.13
1946,Exit long,2025-12-15 19:45,Close entry(s) order L,3145.98,1,3119.02,26.96,0.86,57.98,1.86,-0.01,0.00,1319.52,0.13
1946,Entry long,2025-12-15 14:30,L,3119.02,1,3119.02,26.96,0.86,57.98,1.86,-0.01,0.00,1319.52,0.13
1947,Exit long,2025-12-15 20:15,Close entry(s) order L,3147.75,1,3155.68,-7.93,-0.25,0.96,0.03,-8.68,-0.28,1311.59,0.13
1947,Entry long,2025-12-15 20:00,L,3155.68,1,3155.68,-7.93,-0.25,0.96,0.03,-8.68,-0.28,1311.59,0.13
1948,Exit long,2025-12-15 21:15,Close entry(s) order L,3140.95,1,3154.11,-13.16,-0.42,1.29,0.04,-19.04,-0.60,1298.43,0.13
1948,Entry long,2025-12-15 21:00,L,3154.11,1,3154.11,-13.16,-0.42,1.29,0.04,-19.04,-0.60,1298.43,0.13
1949,Exit long,2025-12-16 09:00,Close entry(s) order L,2941.43,1,2943.33,-1.9,-0.06,33.61,1.14,-9.33,-0.32,1296.53,0.13
1949,Entry long,2025-12-16 05:30,L,2943.33,1,2943.33,-1.9,-0.06,33.61,1.14,-9.33,-0.32,1296.53,0.13
1950,Exit long,2025-12-16 10:45,Close entry(s) order L,2953.88,1,2963.17,-9.29,-0.31,0.8,0.03,-11.4,-0.38,1287.24,0.13
1950,Entry long,2025-12-16 10:30,L,2963.17,1,2963.17,-9.29,-0.31,0.8,0.03,-11.4,-0.38,1287.24,0.13
1951,Exit long,2025-12-16 15:45,Close entry(s) order L,2918.73,1,2932.37,-13.64,-0.47,17.9,0.61,-16.2,-0.55,1273.6,0.13
1951,Entry long,2025-12-16 14:15,L,2932.37,1,2932.37,-13.64,-0.47,17.9,0.61,-16.2,-0.55,1273.6,0.13
1952,Exit long,2025-12-16 16:30,Close entry(s) order L,2927.48,1,2928.3,-0.82,-0.03,0.75,0.03,-10.05,-0.34,1272.78,0.13
1952,Entry long,2025-12-16 16:15,L,2928.3,1,2928.3,-0.82,-0.03,0.75,0.03,-10.05,-0.34,1272.78,0.13
1953,Exit long,2025-12-16 17:00,Close entry(s) order L,2929.54,1,2934.23,-4.69,-0.16,4.66,0.16,-9.96,-0.34,1268.09,0.13
1953,Entry long,2025-12-16 16:45,L,2934.23,1,2934.23,-4.69,-0.16,4.66,0.16,-9.96,-0.34,1268.09,0.13
1954,Exit long,2025-12-16 21:45,Close entry(s) order L,2931.23,1,2954.14,-22.91,-0.78,27.96,0.95,-36.31,-1.23,1245.18,0.12
1954,Entry long,2025-12-16 18:45,L,2954.14,1,2954.14,-22.91,-0.78,27.96,0.95,-36.31,-1.23,1245.18,0.12
1955,Exit long,2025-12-17 00:45,Close entry(s) order L,2931.91,1,2938.8,-6.89,-0.23,35.9,1.22,-15.43,-0.53,1238.29,0.12
1955,Entry long,2025-12-16 23:45,L,2938.8,1,2938.8,-6.89,-0.23,35.9,1.22,-15.43,-0.53,1238.29,0.12
1956,Exit long,2025-12-17 01:30,Close entry(s) order L,2930.01,1,2937.12,-7.11,-0.24,17.31,0.59,-11.79,-0.40,1231.18,0.12
1956,Entry long,2025-12-17 01:00,L,2937.12,1,2937.12,-7.11,-0.24,17.31,0.59,-11.79,-0.40,1231.18,0.12
1957,Exit long,2025-12-17 03:15,Close entry(s) order L,2924.08,1,2950.21,-26.13,-0.89,16.77,0.57,-27.33,-0.93,1205.05,0.12
1957,Entry long,2025-12-17 02:45,L,2950.21,1,2950.21,-26.13,-0.89,16.77,0.57,-27.33,-0.93,1205.05,0.12
1958,Exit long,2025-12-17 08:15,Close entry(s) order L,2949.89,1,2943.87,6.02,0.20,20.58,0.70,-7.41,-0.25,1211.07,0.12
1958,Entry long,2025-12-17 03:45,L,2943.87,1,2943.87,6.02,0.20,20.58,0.70,-7.41,-0.25,1211.07,0.12
1959,Exit long,2025-12-17 10:00,Close entry(s) order L,2952.67,1,2952.75,-0.08,0.00,20.77,0.70,-5.64,-0.19,1210.99,0.12
1959,Entry long,2025-12-17 09:15,L,2952.75,1,2952.75,-0.08,0.00,20.77,0.70,-5.64,-0.19,1210.99,0.12
1960,Exit long,2025-12-17 11:30,Close entry(s) order L,2949.97,1,2954.96,-4.99,-0.17,8.82,0.30,-5.57,-0.19,1206,0.12
1960,Entry long,2025-12-17 10:45,L,2954.96,1,2954.96,-4.99,-0.17,8.82,0.30,-5.57,-0.19,1206,0.12
1961,Exit long,2025-12-17 14:45,Close entry(s) order L,2934.57,1,2940,-5.43,-0.18,2.94,0.10,-6.36,-0.22,1200.57,0.12
1961,Entry long,2025-12-17 14:15,L,2940,1,2940,-5.43,-0.18,2.94,0.10,-6.36,-0.22,1200.57,0.12
1962,Exit long,2025-12-17 16:30,Close entry(s) order L,2928.35,1,2937,-8.65,-0.29,16.12,0.55,-11.41,-0.39,1191.92,0.12
1962,Entry long,2025-12-17 15:30,L,2937,1,2937,-8.65,-0.29,16.12,0.55,-11.41,-0.39,1191.92,0.12
1963,Exit long,2025-12-17 20:30,Close entry(s) order L,2924.62,1,2926.91,-2.29,-0.08,7.85,0.27,-4.59,-0.16,1189.63,0.12
1963,Entry long,2025-12-17 19:30,L,2926.91,1,2926.91,-2.29,-0.08,7.85,0.27,-4.59,-0.16,1189.63,0.12
1964,Exit long,2025-12-17 22:45,Close entry(s) order L,2925.85,1,2925.5,0.35,0.01,28.26,0.97,-3.7,-0.13,1189.98,0.12
1964,Entry long,2025-12-17 21:30,L,2925.5,1,2925.5,0.35,0.01,28.26,0.97,-3.7,-0.13,1189.98,0.12
1965,Exit long,2025-12-18 00:00,Close entry(s) order L,2903.23,1,2993.94,-90.71,-3.03,36.06,1.20,-101.94,-3.40,1099.27,0.11
1965,Entry long,2025-12-17 23:00,L,2993.94,1,2993.94,-90.71,-3.03,36.06,1.20,-101.94,-3.40,1099.27,0.11
1966,Exit long,2025-12-18 05:30,Close entry(s) order L,2819,1,2824.65,-5.65,-0.20,0,0.00,-10.26,-0.36,1093.62,0.11
1966,Entry long,2025-12-18 05:15,L,2824.65,1,2824.65,-5.65,-0.20,0,0.00,-10.26,-0.36,1093.62,0.11
1967,Exit long,2025-12-18 07:15,Close entry(s) order L,2820.47,1,2818.55,1.92,0.07,18.06,0.64,-6.83,-0.24,1095.54,0.11
1967,Entry long,2025-12-18 06:00,L,2818.55,1,2818.55,1.92,0.07,18.06,0.64,-6.83,-0.24,1095.54,0.11
1968,Exit long,2025-12-18 09:15,Close entry(s) order L,2827.68,1,2824.1,3.58,0.13,12.84,0.45,-4.1,-0.15,1099.12,0.11
1968,Entry long,2025-12-18 07:30,L,2824.1,1,2824.1,3.58,0.13,12.84,0.45,-4.1,-0.15,1099.12,0.11
1969,Exit long,2025-12-18 11:30,Close entry(s) order L,2825.58,1,2833.05,-7.47,-0.26,13.76,0.49,-8.29,-0.29,1091.65,0.11
1969,Entry long,2025-12-18 10:15,L,2833.05,1,2833.05,-7.47,-0.26,13.76,0.49,-8.29,-0.29,1091.65,0.11
1970,Exit long,2025-12-18 13:15,Close entry(s) order L,2827.65,1,2832.32,-4.67,-0.16,7.68,0.27,-6.01,-0.21,1086.98,0.11
1970,Entry long,2025-12-18 12:15,L,2832.32,1,2832.32,-4.67,-0.16,7.68,0.27,-6.01,-0.21,1086.98,0.11
1971,Exit long,2025-12-19 00:30,Close entry(s) order L,2934.76,1,2830.22,104.54,3.69,166.83,5.89,-2.84,-0.10,1191.52,0.12
1971,Entry long,2025-12-18 15:00,L,2830.22,1,2830.22,104.54,3.69,166.83,5.89,-2.84,-0.10,1191.52,0.12
1972,Exit long,2025-12-19 01:00,Close entry(s) order L,2942.57,1,2950.02,-7.45,-0.25,3.82,0.13,-9.5,-0.32,1184.07,0.12
1972,Entry long,2025-12-19 00:45,L,2950.02,1,2950.02,-7.45,-0.25,3.82,0.13,-9.5,-0.32,1184.07,0.12
1973,Exit long,2025-12-19 08:30,Close entry(s) order L,2823.36,1,2821.34,2.02,0.07,19.06,0.68,-10.14,-0.36,1186.09,0.12
1973,Entry long,2025-12-19 05:30,L,2821.34,1,2821.34,2.02,0.07,19.06,0.68,-10.14,-0.36,1186.09,0.12
1974,Exit long,2025-12-19 09:30,Close entry(s) order L,2820.48,1,2829.62,-9.14,-0.32,2.89,0.10,-9.49,-0.34,1176.95,0.12
1974,Entry long,2025-12-19 09:00,L,2829.62,1,2829.62,-9.14,-0.32,2.89,0.10,-9.49,-0.34,1176.95,0.12
1975,Exit long,2025-12-19 20:30,Close entry(s) order L,2955.96,1,2827.78,128.18,4.53,156.22,5.52,-3.69,-0.13,1305.13,0.13
1975,Entry long,2025-12-19 10:30,L,2827.78,1,2827.78,128.18,4.53,156.22,5.52,-3.69,-0.13,1305.13,0.13
1976,Exit long,2025-12-19 22:30,Close entry(s) order L,2959.04,1,2960.51,-1.47,-0.05,28.49,0.96,-10.48,-0.35,1303.66,0.13
1976,Entry long,2025-12-19 21:15,L,2960.51,1,2960.51,-1.47,-0.05,28.49,0.96,-10.48,-0.35,1303.66,0.13
1977,Exit long,2025-12-19 23:30,Close entry(s) order L,2965.1,1,2992.37,-27.27,-0.91,25.62,0.86,-41.37,-1.38,1276.39,0.13
1977,Entry long,2025-12-19 22:45,L,2992.37,1,2992.37,-27.27,-0.91,25.62,0.86,-41.37,-1.38,1276.39,0.13
1978,Exit long,2025-12-20 00:00,Close entry(s) order L,2963.48,1,2968.7,-5.22,-0.18,1.3,0.04,-12.08,-0.41,1271.17,0.13
1978,Entry long,2025-12-19 23:45,L,2968.7,1,2968.7,-5.22,-0.18,1.3,0.04,-12.08,-0.41,1271.17,0.13
1979,Exit long,2025-12-20 01:00,Close entry(s) order L,2965.52,1,2984.05,-18.53,-0.62,22.71,0.76,-26.05,-0.87,1252.64,0.13
1979,Entry long,2025-12-20 00:15,L,2984.05,1,2984.05,-18.53,-0.62,22.71,0.76,-26.05,-0.87,1252.64,0.13
1980,Exit long,2025-12-20 01:30,Close entry(s) order L,2968.75,1,2981.94,-13.19,-0.44,5.81,0.19,-13.71,-0.46,1239.45,0.12
1980,Entry long,2025-12-20 01:15,L,2981.94,1,2981.94,-13.19,-0.44,5.81,0.19,-13.71,-0.46,1239.45,0.12
1981,Exit long,2025-12-20 05:45,Close entry(s) order L,2978.95,1,2970.24,8.71,0.29,31.76,1.07,-0.97,-0.03,1248.16,0.12
1981,Entry long,2025-12-20 03:15,L,2970.24,1,2970.24,8.71,0.29,31.76,1.07,-0.97,-0.03,1248.16,0.12
1982,Exit long,2025-12-20 07:15,Close entry(s) order L,2981.81,1,2984.85,-3.04,-0.10,6.91,0.23,-4.7,-0.16,1245.12,0.12
1982,Entry long,2025-12-20 06:15,L,2984.85,1,2984.85,-3.04,-0.10,6.91,0.23,-4.7,-0.16,1245.12,0.12
1983,Exit long,2025-12-20 12:15,Close entry(s) order L,2980.4,1,2987.84,-7.44,-0.25,4.97,0.17,-8.09,-0.27,1237.68,0.12
1983,Entry long,2025-12-20 10:45,L,2987.84,1,2987.84,-7.44,-0.25,4.97,0.17,-8.09,-0.27,1237.68,0.12
1984,Exit long,2025-12-20 14:00,Close entry(s) order L,2979.06,1,2983.9,-4.84,-0.16,4.43,0.15,-5.32,-0.18,1232.84,0.12
1984,Entry long,2025-12-20 12:30,L,2983.9,1,2983.9,-4.84,-0.16,4.43,0.15,-5.32,-0.18,1232.84,0.12
1985,Exit long,2025-12-20 18:15,Close entry(s) order L,2981.62,1,2982.54,-0.92,-0.03,6.46,0.22,-2.16,-0.07,1231.92,0.12
1985,Entry long,2025-12-20 16:15,L,2982.54,1,2982.54,-0.92,-0.03,6.46,0.22,-2.16,-0.07,1231.92,0.12
1986,Exit long,2025-12-20 21:15,Close entry(s) order L,2976,1,2985.6,-9.6,-0.32,7.37,0.25,-10.59,-0.35,1222.32,0.12
1986,Entry long,2025-12-20 19:30,L,2985.6,1,2985.6,-9.6,-0.32,7.37,0.25,-10.59,-0.35,1222.32,0.12
1987,Exit long,2025-12-21 00:30,Close entry(s) order L,2973.95,1,2977.8,-3.85,-0.13,0.35,0.01,-4.17,-0.14,1218.47,0.12
1987,Entry long,2025-12-21 00:15,L,2977.8,1,2977.8,-3.85,-0.13,0.35,0.01,-4.17,-0.14,1218.47,0.12
1988,Exit long,2025-12-21 02:15,Close entry(s) order L,2974.97,1,2977.2,-2.23,-0.07,2.79,0.09,-4.2,-0.14,1216.24,0.12
1988,Entry long,2025-12-21 01:00,L,2977.2,1,2977.2,-2.23,-0.07,2.79,0.09,-4.2,-0.14,1216.24,0.12
1989,Exit long,2025-12-21 06:00,Close entry(s) order L,2977.51,1,2976.91,0.6,0.02,7.84,0.26,-3.58,-0.12,1216.84,0.12
1989,Entry long,2025-12-21 03:00,L,2976.91,1,2976.91,0.6,0.02,7.84,0.26,-3.58,-0.12,1216.84,0.12
1990,Exit long,2025-12-21 09:15,Close entry(s) order L,2974.49,1,2979.08,-4.59,-0.15,0.65,0.02,-5.98,-0.20,1212.25,0.12
1990,Entry long,2025-12-21 08:30,L,2979.08,1,2979.08,-4.59,-0.15,0.65,0.02,-5.98,-0.20,1212.25,0.12
1991,Exit long,2025-12-21 20:00,Close entry(s) order L,2995.16,1,2971.49,23.67,0.80,40.5,1.36,-1.92,-0.06,1235.92,0.12
1991,Entry long,2025-12-21 11:30,L,2971.49,1,2971.49,23.67,0.80,40.5,1.36,-1.92,-0.06,1235.92,0.12
1992,Exit long,2025-12-21 20:45,Close entry(s) order L,2984.59,1,2998.86,-14.27,-0.48,5.14,0.17,-17.61,-0.59,1221.65,0.12
1992,Entry long,2025-12-21 20:15,L,2998.86,1,2998.86,-14.27,-0.48,5.14,0.17,-17.61,-0.59,1221.65,0.12
1993,Exit long,2025-12-22 02:15,Close entry(s) order L,2969,1,2973.23,-4.23,-0.14,14.28,0.48,-7.3,-0.25,1217.42,0.12
1993,Entry long,2025-12-22 00:00,L,2973.23,1,2973.23,-4.23,-0.14,14.28,0.48,-7.3,-0.25,1217.42,0.12
1994,Exit long,2025-12-22 05:30,Close entry(s) order L,2984.61,1,2976.47,8.14,0.27,20.16,0.68,-2.47,-0.08,1225.56,0.12
1994,Entry long,2025-12-22 02:30,L,2976.47,1,2976.47,8.14,0.27,20.16,0.68,-2.47,-0.08,1225.56,0.12
1995,Exit long,2025-12-22 10:15,Close entry(s) order L,2992.54,1,2985.64,6.9,0.23,74.75,2.50,-19.64,-0.66,1232.46,0.12
1995,Entry long,2025-12-22 06:30,L,2985.64,1,2985.64,6.9,0.23,74.75,2.50,-19.64,-0.66,1232.46,0.12
1996,Exit long,2025-12-22 14:15,Close entry(s) order L,3025.55,1,3025.58,-0.03,0.00,15.93,0.53,-8.7,-0.29,1232.43,0.12
1996,Entry long,2025-12-22 11:30,L,3025.58,1,3025.58,-0.03,0.00,15.93,0.53,-8.7,-0.29,1232.43,0.12
1997,Exit long,2025-12-22 15:00,Close entry(s) order L,3023.17,1,3029,-5.83,-0.19,0,0.00,-5.83,-0.19,1226.6,0.12
1997,Entry long,2025-12-22 14:45,L,3029,1,3029,-5.83,-0.19,0,0.00,-5.83,-0.19,1226.6,0.12
1998,Exit long,2025-12-22 15:45,Close entry(s) order L,3029.63,1,3031.87,-2.24,-0.07,1.13,0.04,-5.43,-0.18,1224.36,0.12
1998,Entry long,2025-12-22 15:15,L,3031.87,1,3031.87,-2.24,-0.07,1.13,0.04,-5.43,-0.18,1224.36,0.12
1999,Exit long,2025-12-22 17:00,Close entry(s) order L,3026.41,1,3030,-3.59,-0.12,25,0.83,-6.43,-0.21,1220.77,0.12
1999,Entry long,2025-12-22 16:15,L,3030,1,3030,-3.59,-0.12,25,0.83,-6.43,-0.21,1220.77,0.12
2000,Exit long,2025-12-22 21:45,Close entry(s) order L,3047.04,1,3035.32,11.72,0.39,42.67,1.41,-5.2,-0.17,1232.49,0.12
2000,Entry long,2025-12-22 17:30,L,3035.32,1,3035.32,11.72,0.39,42.67,1.41,-5.2,-0.17,1232.49,0.12
2001,Exit long,2025-12-22 22:45,Close entry(s) order L,3045.82,1,3055.52,-9.7,-0.32,11.48,0.38,-27.78,-0.91,1222.79,0.12
2001,Entry long,2025-12-22 22:00,L,3055.52,1,3055.52,-9.7,-0.32,11.48,0.38,-27.78,-0.91,1222.79,0.12
2002,Exit long,2025-12-22 23:15,Close entry(s) order L,3036.28,1,3060.58,-24.3,-0.79,11.41,0.37,-24.58,-0.80,1198.49,0.12
2002,Entry long,2025-12-22 23:00,L,3060.58,1,3060.58,-24.3,-0.79,11.41,0.37,-24.58,-0.80,1198.49,0.12
2003,Exit long,2025-12-23 00:45,Close entry(s) order L,3039.28,1,3055.3,-16.02,-0.52,0,0.00,-18.66,-0.61,1182.47,0.12
2003,Entry long,2025-12-23 00:30,L,3055.3,1,3055.3,-16.02,-0.52,0,0.00,-18.66,-0.61,1182.47,0.12
2004,Exit long,2025-12-23 06:00,Close entry(s) order L,2987.09,1,2994.94,-7.85,-0.26,0.01,0.00,-12.54,-0.42,1174.62,0.12
2004,Entry long,2025-12-23 05:45,L,2994.94,1,2994.94,-7.85,-0.26,0.01,0.00,-12.54,-0.42,1174.62,0.12
2005,Exit long,2025-12-23 10:30,Close entry(s) order L,3012.63,1,2991.11,21.52,0.72,43.89,1.47,-4.08,-0.14,1196.14,0.12
2005,Entry long,2025-12-23 06:30,L,2991.11,1,2991.11,21.52,0.72,43.89,1.47,-4.08,-0.14,1196.14,0.12
2006,Exit long,2025-12-23 17:00,Close entry(s) order L,2960.99,1,2966.51,-5.52,-0.19,5.87,0.20,-8.07,-0.27,1190.62,0.12
2006,Entry long,2025-12-23 16:30,L,2966.51,1,2966.51,-5.52,-0.19,5.87,0.20,-8.07,-0.27,1190.62,0.12
2007,Exit long,2025-12-23 20:30,Close entry(s) order L,2957.56,1,2961.96,-4.4,-0.15,12.5,0.42,-6.54,-0.22,1186.22,0.12
2007,Entry long,2025-12-23 17:45,L,2961.96,1,2961.96,-4.4,-0.15,12.5,0.42,-6.54,-0.22,1186.22,0.12
2008,Exit long,2025-12-24 02:00,Close entry(s) order L,2909.4,1,2948.22,-38.82,-1.32,17.59,0.60,-40.22,-1.36,1147.4,0.11
2008,Entry long,2025-12-24 00:15,L,2948.22,1,2948.22,-38.82,-1.32,17.59,0.60,-40.22,-1.36,1147.4,0.11
2009,Exit long,2025-12-24 03:30,Close entry(s) order L,2933.19,1,2938.32,-5.13,-0.17,15.23,0.52,-6.32,-0.22,1142.27,0.11
2009,Entry long,2025-12-24 02:30,L,2938.32,1,2938.32,-5.13,-0.17,15.23,0.52,-6.32,-0.22,1142.27,0.11
2010,Exit long,2025-12-24 07:00,Close entry(s) order L,2959.86,1,2942.71,17.15,0.58,45.03,1.53,-3.52,-0.12,1159.42,0.12
2010,Entry long,2025-12-24 04:00,L,2942.71,1,2942.71,17.15,0.58,45.03,1.53,-3.52,-0.12,1159.42,0.12
2011,Exit long,2025-12-24 08:00,Close entry(s) order L,2963.29,1,2970.84,-7.55,-0.25,0.36,0.01,-9.16,-0.31,1151.87,0.12
2011,Entry long,2025-12-24 07:45,L,2970.84,1,2970.84,-7.55,-0.25,0.36,0.01,-9.16,-0.31,1151.87,0.12
2012,Exit long,2025-12-24 09:45,Close entry(s) order L,2961.91,1,2963.99,-2.08,-0.07,12.49,0.42,-4.71,-0.16,1149.79,0.11
2012,Entry long,2025-12-24 08:45,L,2963.99,1,2963.99,-2.08,-0.07,12.49,0.42,-4.71,-0.16,1149.79,0.11
2013,Exit long,2025-12-24 12:30,Close entry(s) order L,2943.65,1,2952.77,-9.12,-0.31,0.4,0.01,-10.76,-0.36,1140.67,0.11
2013,Entry long,2025-12-24 12:15,L,2952.77,1,2952.77,-9.12,-0.31,0.4,0.01,-10.76,-0.36,1140.67,0.11
2014,Exit long,2025-12-24 16:00,Close entry(s) order L,2931.49,1,2940.46,-8.97,-0.31,2.01,0.07,-9.11,-0.31,1131.7,0.11
2014,Entry long,2025-12-24 15:45,L,2940.46,1,2940.46,-8.97,-0.31,2.01,0.07,-9.11,-0.31,1131.7,0.11
2015,Exit long,2025-12-24 16:45,Close entry(s) order L,2929.57,1,2933,-3.43,-0.12,5.71,0.19,-12.8,-0.44,1128.27,0.11
2015,Entry long,2025-12-24 16:15,L,2933,1,2933,-3.43,-0.12,5.71,0.19,-12.8,-0.44,1128.27,0.11
2016,Exit long,2025-12-24 19:00,Close entry(s) order L,2926.76,1,2930.22,-3.46,-0.12,1.5,0.05,-4.22,-0.14,1124.81,0.11
2016,Entry long,2025-12-24 18:45,L,2930.22,1,2930.22,-3.46,-0.12,1.5,0.05,-4.22,-0.14,1124.81,0.11
2017,Exit long,2025-12-24 20:00,Close entry(s) order L,2923.96,1,2932.47,-8.51,-0.29,0.88,0.03,-8.73,-0.30,1116.3,0.11
2017,Entry long,2025-12-24 19:15,L,2932.47,1,2932.47,-8.51,-0.29,0.88,0.03,-8.73,-0.30,1116.3,0.11
2018,Exit long,2025-12-24 21:45,Close entry(s) order L,2926.77,1,2928.48,-1.71,-0.06,8.87,0.30,-5.48,-0.19,1114.59,0.11
2018,Entry long,2025-12-24 20:15,L,2928.48,1,2928.48,-1.71,-0.06,8.87,0.30,-5.48,-0.19,1114.59,0.11
2019,Exit long,2025-12-24 22:30,Close entry(s) order L,2926.8,1,2933.35,-6.55,-0.22,0.94,0.03,-7.85,-0.27,1108.04,0.11
2019,Entry long,2025-12-24 22:15,L,2933.35,1,2933.35,-6.55,-0.22,0.94,0.03,-7.85,-0.27,1108.04,0.11
2020,Exit long,2025-12-25 00:30,Close entry(s) order L,2921.1,1,2930.59,-9.49,-0.32,3.33,0.11,-10.55,-0.36,1098.55,0.11
2020,Entry long,2025-12-25 00:15,L,2930.59,1,2930.59,-9.49,-0.32,3.33,0.11,-10.55,-0.36,1098.55,0.11
2021,Exit long,2025-12-25 07:30,Close entry(s) order L,2946.72,1,2943.57,3.15,0.11,19.12,0.65,-14.66,-0.50,1101.7,0.11
2021,Entry long,2025-12-25 00:45,L,2943.57,1,2943.57,3.15,0.11,19.12,0.65,-14.66,-0.50,1101.7,0.11
2022,Exit long,2025-12-25 11:45,Close entry(s) order L,2943.99,1,2947.38,-3.39,-0.12,8.54,0.29,-6.08,-0.21,1098.31,0.11
2022,Entry long,2025-12-25 09:45,L,2947.38,1,2947.38,-3.39,-0.12,8.54,0.29,-6.08,-0.21,1098.31,0.11
2023,Exit long,2025-12-25 15:15,Close entry(s) order L,2940.36,1,2941.94,-1.58,-0.05,0.56,0.02,-1.84,-0.06,1096.73,0.11
2023,Entry long,2025-12-25 15:00,L,2941.94,1,2941.94,-1.58,-0.05,0.56,0.02,-1.84,-0.06,1096.73,0.11
2024,Exit long,2025-12-25 16:15,Close entry(s) order L,2937,1,2940.83,-3.83,-0.13,5.17,0.18,-3.83,-0.13,1092.9,0.11
2024,Entry long,2025-12-25 16:00,L,2940.83,1,2940.83,-3.83,-0.13,5.17,0.18,-3.83,-0.13,1092.9,0.11
2025,Exit long,2025-12-25 20:00,Close entry(s) order L,2923.51,1,2926.17,-2.66,-0.09,0.82,0.03,-3.75,-0.13,1090.24,0.11
2025,Entry long,2025-12-25 19:30,L,2926.17,1,2926.17,-2.66,-0.09,0.82,0.03,-3.75,-0.13,1090.24,0.11
2026,Exit long,2025-12-25 22:30,Close entry(s) order L,2922.99,1,2926.65,-3.66,-0.13,11.35,0.39,-8.13,-0.28,1086.58,0.11
2026,Entry long,2025-12-25 20:30,L,2926.65,1,2926.65,-3.66,-0.13,11.35,0.39,-8.13,-0.28,1086.58,0.11
2027,Exit long,2025-12-26 01:45,Close entry(s) order L,2946.91,1,2927.53,19.38,0.66,42.46,1.45,0,0.00,1105.96,0.11
2027,Entry long,2025-12-25 22:45,L,2927.53,1,2927.53,19.38,0.66,42.46,1.45,0,0.00,1105.96,0.11
2028,Exit long,2025-12-26 03:15,Close entry(s) order L,2952.25,1,2951.48,0.77,0.03,13.52,0.46,-2.05,-0.07,1106.73,0.11
2028,Entry long,2025-12-26 02:00,L,2951.48,1,2951.48,0.77,0.03,13.52,0.46,-2.05,-0.07,1106.73,0.11
2029,Exit long,2025-12-26 04:30,Close entry(s) order L,2945.59,1,2955.14,-9.55,-0.32,0.86,0.03,-12.11,-0.41,1097.18,0.11
2029,Entry long,2025-12-26 03:45,L,2955.14,1,2955.14,-9.55,-0.32,0.86,0.03,-12.11,-0.41,1097.18,0.11
2030,Exit long,2025-12-26 15:45,Close entry(s) order L,2965.36,1,2917.32,48.04,1.65,76.68,2.63,-1.32,-0.05,1145.22,0.11
2030,Entry long,2025-12-26 09:30,L,2917.32,1,2917.32,48.04,1.65,76.68,2.63,-1.32,-0.05,1145.22,0.11
2031,Exit long,2025-12-26 19:30,Close entry(s) order L,2964.07,1,2969.99,-5.92,-0.20,5.49,0.18,-9.03,-0.30,1139.3,0.11
2031,Entry long,2025-12-26 17:45,L,2969.99,1,2969.99,-5.92,-0.20,5.49,0.18,-9.03,-0.30,1139.3,0.11
2032,Exit long,2025-12-26 22:45,Close entry(s) order L,2955.8,1,2968.14,-12.34,-0.42,16.79,0.57,-17.14,-0.58,1126.96,0.11
2032,Entry long,2025-12-26 20:15,L,2968.14,1,2968.14,-12.34,-0.42,16.79,0.57,-17.14,-0.58,1126.96,0.11
2033,Exit long,2025-12-27 01:45,Close entry(s) order L,2923.68,1,2929.49,-5.81,-0.20,3.78,0.13,-7.96,-0.27,1121.15,0.11
2033,Entry long,2025-12-27 01:30,L,2929.49,1,2929.49,-5.81,-0.20,3.78,0.13,-7.96,-0.27,1121.15,0.11
2034,Exit long,2025-12-27 06:00,Close entry(s) order L,2923.65,1,2921.03,2.62,0.09,16.97,0.58,-4.03,-0.14,1123.77,0.11
2034,Entry long,2025-12-27 02:00,L,2921.03,1,2921.03,2.62,0.09,16.97,0.58,-4.03,-0.14,1123.77,0.11
2035,Exit long,2025-12-27 07:30,Close entry(s) order L,2926.49,1,2930.39,-3.9,-0.13,2.61,0.09,-4.92,-0.17,1119.87,0.11
2035,Entry long,2025-12-27 07:00,L,2930.39,1,2930.39,-3.9,-0.13,2.61,0.09,-4.92,-0.17,1119.87,0.11
2036,Exit long,2025-12-27 09:15,Close entry(s) order L,2925.37,1,2927.72,-2.35,-0.08,0.4,0.01,-2.72,-0.09,1117.52,0.11
2036,Entry long,2025-12-27 08:45,L,2927.72,1,2927.72,-2.35,-0.08,0.4,0.01,-2.72,-0.09,1117.52,0.11
2037,Exit long,2025-12-27 10:15,Close entry(s) order L,2924.73,1,2926.44,-1.71,-0.06,0.96,0.03,-3.39,-0.12,1115.81,0.11
2037,Entry long,2025-12-27 09:45,L,2926.44,1,2926.44,-1.71,-0.06,0.96,0.03,-3.39,-0.12,1115.81,0.11
2038,Exit long,2025-12-27 11:15,Close entry(s) order L,2924.87,1,2928.2,-3.33,-0.11,0.54,0.02,-4.17,-0.14,1112.48,0.11
2038,Entry long,2025-12-27 10:45,L,2928.2,1,2928.2,-3.33,-0.11,0.54,0.02,-4.17,-0.14,1112.48,0.11
2039,Exit long,2025-12-27 13:30,Close entry(s) order L,2927.98,1,2927.87,0.11,0.00,4.6,0.16,-1.13,-0.04,1112.59,0.11
2039,Entry long,2025-12-27 11:30,L,2927.87,1,2927.87,0.11,0.00,4.6,0.16,-1.13,-0.04,1112.59,0.11
2040,Exit long,2025-12-27 14:15,Close entry(s) order L,2927.61,1,2929.5,-1.89,-0.06,0.75,0.03,-2.97,-0.10,1110.7,0.11
2040,Entry long,2025-12-27 13:45,L,2929.5,1,2929.5,-1.89,-0.06,0.75,0.03,-2.97,-0.10,1110.7,0.11
2041,Exit long,2025-12-27 18:15,Close entry(s) order L,2931.25,1,2930.93,0.32,0.01,8.89,0.30,-0.64,-0.02,1111.02,0.11
2041,Entry long,2025-12-27 15:15,L,2930.93,1,2930.93,0.32,0.01,8.89,0.30,-0.64,-0.02,1111.02,0.11
2042,Exit long,2025-12-27 21:15,Close entry(s) order L,2928.1,1,2929.73,-1.63,-0.06,2.99,0.10,-2.74,-0.09,1109.39,0.11
2042,Entry long,2025-12-27 20:30,L,2929.73,1,2929.73,-1.63,-0.06,2.99,0.10,-2.74,-0.09,1109.39,0.11
2043,Exit long,2025-12-27 22:15,Close entry(s) order L,2927.1,1,2930.9,-3.8,-0.13,0.05,0.00,-4.9,-0.17,1105.59,0.11
2043,Entry long,2025-12-27 21:45,L,2930.9,1,2930.9,-3.8,-0.13,0.05,0.00,-4.9,-0.17,1105.59,0.11
2044,Exit long,2025-12-27 23:00,Close entry(s) order L,2928.33,1,2928.94,-0.61,-0.02,1.06,0.04,-1.5,-0.05,1104.98,0.11
2044,Entry long,2025-12-27 22:45,L,2928.94,1,2928.94,-0.61,-0.02,1.06,0.04,-1.5,-0.05,1104.98,0.11
2045,Exit long,2025-12-28 01:45,Close entry(s) order L,2924.71,1,2925.33,-0.62,-0.02,0.01,0.00,-1.63,-0.06,1104.36,0.11
2045,Entry long,2025-12-28 01:30,L,2925.33,1,2925.33,-0.62,-0.02,0.01,0.00,-1.63,-0.06,1104.36,0.11
2046,Exit long,2025-12-28 02:45,Close entry(s) order L,2924.39,1,2927.06,-2.67,-0.09,0.16,0.01,-2.86,-0.10,1101.69,0.11
2046,Entry long,2025-12-28 02:00,L,2927.06,1,2927.06,-2.67,-0.09,0.16,0.01,-2.86,-0.10,1101.69,0.11
2047,Exit long,2025-12-28 06:45,Close entry(s) order L,2930.67,1,2924.99,5.68,0.19,27.98,0.96,-0.4,-0.01,1107.37,0.11
2047,Entry long,2025-12-28 03:00,L,2924.99,1,2924.99,5.68,0.19,27.98,0.96,-0.4,-0.01,1107.37,0.11
2048,Exit long,2025-12-28 11:15,Close entry(s) order L,2944.22,1,2932,12.22,0.42,27.84,0.95,-0.55,-0.02,1119.59,0.11
2048,Entry long,2025-12-28 07:00,L,2932,1,2932,12.22,0.42,27.84,0.95,-0.55,-0.02,1119.59,0.11
2049,Exit long,2025-12-28 12:30,Close entry(s) order L,2942.56,1,2944.77,-2.21,-0.08,0.18,0.01,-3.65,-0.12,1117.38,0.11
2049,Entry long,2025-12-28 12:15,L,2944.77,1,2944.77,-2.21,-0.08,0.18,0.01,-3.65,-0.12,1117.38,0.11
2050,Exit long,2025-12-28 15:30,Close entry(s) order L,2937.51,1,2940.19,-2.68,-0.09,2.8,0.10,-3.91,-0.13,1114.7,0.11
2050,Entry long,2025-12-28 14:45,L,2940.19,1,2940.19,-2.68,-0.09,2.8,0.10,-3.91,-0.13,1114.7,0.11
2051,Exit long,2025-12-28 17:45,Close entry(s) order L,2933.92,1,2937.96,-4.04,-0.14,8.5,0.29,-7.95,-0.27,1110.66,0.11
2051,Entry long,2025-12-28 16:00,L,2937.96,1,2937.96,-4.04,-0.14,8.5,0.29,-7.95,-0.27,1110.66,0.11
2052,Exit long,2025-12-28 20:15,Close entry(s) order L,2940.35,1,2940.45,-0.1,0.00,5.38,0.18,-1.95,-0.07,1110.56,0.11
2052,Entry long,2025-12-28 18:15,L,2940.45,1,2940.45,-0.1,0.00,5.38,0.18,-1.95,-0.07,1110.56,0.11
2053,Exit long,2025-12-28 20:45,Close entry(s) order L,2938.78,1,2941.84,-3.06,-0.10,1.48,0.05,-5.64,-0.19,1107.5,0.11
2053,Entry long,2025-12-28 20:30,L,2941.84,1,2941.84,-3.06,-0.10,1.48,0.05,-5.64,-0.19,1107.5,0.11
2054,Exit long,2025-12-28 21:45,Close entry(s) order L,2940.89,1,2941.23,-0.34,-0.01,2.68,0.09,-0.74,-0.03,1107.16,0.11
2054,Entry long,2025-12-28 21:30,L,2941.23,1,2941.23,-0.34,-0.01,2.68,0.09,-0.74,-0.03,1107.16,0.11
2055,Exit long,2025-12-29 00:30,Close entry(s) order L,2941.35,1,2942.44,-1.09,-0.04,17.55,0.60,-3.93,-0.13,1106.07,0.11
2055,Entry long,2025-12-28 22:15,L,2942.44,1,2942.44,-1.09,-0.04,17.55,0.60,-3.93,-0.13,1106.07,0.11
2056,Exit long,2025-12-29 01:45,Close entry(s) order L,2946.94,1,2947.02,-0.08,0.00,2.98,0.10,-1.19,-0.04,1105.99,0.11
2056,Entry long,2025-12-29 01:15,L,2947.02,1,2947.02,-0.08,0.00,2.98,0.10,-1.19,-0.04,1105.99,0.11
2057,Exit long,2025-12-29 14:45,Close entry(s) order L,3035.46,1,2936.51,98.95,3.37,119.49,4.07,-2.87,-0.10,1204.94,0.12
2057,Entry long,2025-12-29 05:45,L,2936.51,1,2936.51,98.95,3.37,119.49,4.07,-2.87,-0.10,1204.94,0.12
2058,Exit long,2025-12-29 23:00,Close entry(s) order L,2927.23,1,2957.47,-30.24,-1.02,1.14,0.04,-36.47,-1.23,1174.7,0.12
2058,Entry long,2025-12-29 22:45,L,2957.47,1,2957.47,-30.24,-1.02,1.14,0.04,-36.47,-1.23,1174.7,0.12
2059,Exit long,2025-12-30 00:30,Close entry(s) order L,2926.71,1,2944.8,-18.09,-0.61,4.59,0.16,-21.27,-0.72,1156.61,0.12
2059,Entry long,2025-12-29 23:15,L,2944.8,1,2944.8,-18.09,-0.61,4.59,0.16,-21.27,-0.72,1156.61,0.12
2060,Exit long,2025-12-30 01:15,Close entry(s) order L,2933.2,1,2935.1,-1.9,-0.06,5.33,0.18,-2.8,-0.10,1154.71,0.12
2060,Entry long,2025-12-30 01:00,L,2935.1,1,2935.1,-1.9,-0.06,5.33,0.18,-2.8,-0.10,1154.71,0.12
2061,Exit long,2025-12-30 02:30,Close entry(s) order L,2934,1,2942.28,-8.28,-0.28,2.51,0.09,-9.27,-0.32,1146.43,0.11
2061,Entry long,2025-12-30 02:00,L,2942.28,1,2942.28,-8.28,-0.28,2.51,0.09,-9.27,-0.32,1146.43,0.11
2062,Exit long,2025-12-30 04:00,Close entry(s) order L,2930.88,1,2933.44,-2.56,-0.09,4.99,0.17,-7.63,-0.26,1143.87,0.11
2062,Entry long,2025-12-30 03:15,L,2933.44,1,2933.44,-2.56,-0.09,4.99,0.17,-7.63,-0.26,1143.87,0.11
2063,Exit long,2025-12-30 04:30,Close entry(s) order L,2930.64,1,2937.23,-6.59,-0.22,4.72,0.16,-6.95,-0.24,1137.28,0.11
2063,Entry long,2025-12-30 04:15,L,2937.23,1,2937.23,-6.59,-0.22,4.72,0.16,-6.95,-0.24,1137.28,0.11
2064,Exit long,2025-12-30 07:30,Close entry(s) order L,2932.73,1,2934.24,-1.51,-0.05,8.96,0.31,-5.08,-0.17,1135.77,0.11
2064,Entry long,2025-12-30 05:15,L,2934.24,1,2934.24,-1.51,-0.05,8.96,0.31,-5.08,-0.17,1135.77,0.11
2065,Exit long,2025-12-30 08:45,Close entry(s) order L,2934.32,1,2936.45,-2.13,-0.07,4.33,0.15,-6.4,-0.22,1133.64,0.11
2065,Entry long,2025-12-30 08:00,L,2936.45,1,2936.45,-2.13,-0.07,4.33,0.15,-6.4,-0.22,1133.64,0.11
2066,Exit long,2025-12-30 09:15,Close entry(s) order L,2934.02,1,2936.74,-2.72,-0.09,0.26,0.01,-5.25,-0.18,1130.92,0.11
2066,Entry long,2025-12-30 09:00,L,2936.74,1,2936.74,-2.72,-0.09,0.26,0.01,-5.25,-0.18,1130.92,0.11
2067,Exit long,2025-12-30 13:45,Close entry(s) order L,2937.8,1,2939.27,-1.47,-0.05,18.23,0.62,-3.57,-0.12,1129.45,0.11
2067,Entry long,2025-12-30 11:30,L,2939.27,1,2939.27,-1.47,-0.05,18.23,0.62,-3.57,-0.12,1129.45,0.11
2068,Exit long,2025-12-30 15:00,Close entry(s) order L,2944.63,1,2946.01,-1.38,-0.05,4.99,0.17,-2.93,-0.10,1128.07,0.11
2068,Entry long,2025-12-30 14:15,L,2946.01,1,2946.01,-1.38,-0.05,4.99,0.17,-2.93,-0.10,1128.07,0.11
2069,Exit long,2025-12-30 15:30,Close entry(s) order L,2945.66,1,2950.37,-4.71,-0.16,4.63,0.16,-6.2,-0.21,1123.36,0.11
2069,Entry long,2025-12-30 15:15,L,2950.37,1,2950.37,-4.71,-0.16,4.63,0.16,-6.2,-0.21,1123.36,0.11
2070,Exit long,2025-12-30 19:30,Close entry(s) order L,2975.77,1,2949.35,26.42,0.90,53.65,1.82,-0.54,-0.02,1149.78,0.11
2070,Entry long,2025-12-30 15:45,L,2949.35,1,2949.35,26.42,0.90,53.65,1.82,-0.54,-0.02,1149.78,0.11
2071,Exit long,2025-12-30 20:00,Close entry(s) order L,2977.85,1,2978.24,-0.39,-0.01,5.41,0.18,-5.41,-0.18,1149.39,0.11
2071,Entry long,2025-12-30 19:45,L,2978.24,1,2978.24,-0.39,-0.01,5.41,0.18,-5.41,-0.18,1149.39,0.11
2072,Exit long,2025-12-30 20:45,Close entry(s) order L,2977.44,1,2982.52,-5.08,-0.17,2.48,0.08,-5.52,-0.19,1144.31,0.11
2072,Entry long,2025-12-30 20:15,L,2982.52,1,2982.52,-5.08,-0.17,2.48,0.08,-5.52,-0.19,1144.31,0.11
2073,Exit long,2025-12-30 22:15,Close entry(s) order L,2973.91,1,2979.82,-5.91,-0.20,12.11,0.41,-18.82,-0.63,1138.4,0.11
2073,Entry long,2025-12-30 21:00,L,2979.82,1,2979.82,-5.91,-0.20,12.11,0.41,-18.82,-0.63,1138.4,0.11
2074,Exit long,2025-12-30 23:15,Close entry(s) order L,2974.4,1,2995.21,-20.81,-0.69,6.21,0.21,-26.26,-0.88,1117.59,0.11
2074,Entry long,2025-12-30 23:00,L,2995.21,1,2995.21,-20.81,-0.69,6.21,0.21,-26.26,-0.88,1117.59,0.11
2075,Exit long,2025-12-31 00:15,Close entry(s) order L,2980.33,1,2983.05,-2.72,-0.09,13.58,0.46,-5.03,-0.17,1114.87,0.11
2075,Entry long,2025-12-30 23:45,L,2983.05,1,2983.05,-2.72,-0.09,13.58,0.46,-5.03,-0.17,1114.87,0.11
2076,Exit long,2025-12-31 00:45,Close entry(s) order L,2978.2,1,2990.5,-12.3,-0.41,1.73,0.06,-16.78,-0.56,1102.57,0.11
2076,Entry long,2025-12-31 00:30,L,2990.5,1,2990.5,-12.3,-0.41,1.73,0.06,-16.78,-0.56,1102.57,0.11
2077,Exit long,2025-12-31 01:15,Close entry(s) order L,2978.28,1,2981.73,-3.45,-0.12,4.15,0.14,-3.46,-0.12,1099.12,0.11
2077,Entry long,2025-12-31 01:00,L,2981.73,1,2981.73,-3.45,-0.12,4.15,0.14,-3.46,-0.12,1099.12,0.11
2078,Exit long,2025-12-31 01:45,Close entry(s) order L,2980.04,1,2980.57,-0.53,-0.02,4.01,0.13,-1.57,-0.05,1098.59,0.11
2078,Entry long,2025-12-31 01:30,L,2980.57,1,2980.57,-0.53,-0.02,4.01,0.13,-1.57,-0.05,1098.59,0.11
2079,Exit long,2025-12-31 06:45,Close entry(s) order L,2964.99,1,2967.44,-2.45,-0.08,3.37,0.11,-3.44,-0.12,1096.14,0.11
2079,Entry long,2025-12-31 06:00,L,2967.44,1,2967.44,-2.45,-0.08,3.37,0.11,-3.44,-0.12,1096.14,0.11
2080,Exit long,2025-12-31 08:15,Close entry(s) order L,2965.08,1,2968.53,-3.45,-0.12,6.27,0.21,-4.53,-0.15,1092.69,0.11
2080,Entry long,2025-12-31 07:00,L,2968.53,1,2968.53,-3.45,-0.12,6.27,0.21,-4.53,-0.15,1092.69,0.11
2081,Exit long,2025-12-31 09:00,Close entry(s) order L,2965.16,1,2968.11,-2.95,-0.10,0.7,0.02,-6.17,-0.21,1089.74,0.11
2081,Entry long,2025-12-31 08:30,L,2968.11,1,2968.11,-2.95,-0.10,0.7,0.02,-6.17,-0.21,1089.74,0.11
2082,Exit long,2025-12-31 11:30,Close entry(s) order L,2973.46,1,2977.65,-4.19,-0.14,6.32,0.21,-4.94,-0.17,1085.55,0.11
2082,Entry long,2025-12-31 09:30,L,2977.65,1,2977.65,-4.19,-0.14,6.32,0.21,-4.94,-0.17,1085.55,0.11
2083,Exit long,2025-12-31 16:45,Close entry(s) order L,2965.81,1,2977.67,-11.86,-0.40,0.91,0.03,-15.46,-0.52,1073.69,0.11
2083,Entry long,2025-12-31 13:30,L,2977.67,1,2977.67,-11.86,-0.40,0.91,0.03,-15.46,-0.52,1073.69,0.11
2084,Exit long,2025-12-31 23:00,Close entry(s) order L,2992.49,1,2974.42,18.07,0.61,53.31,1.79,-0.42,-0.01,1091.76,0.11
2084,Entry long,2025-12-31 17:45,L,2974.42,1,2974.42,18.07,0.61,53.31,1.79,-0.42,-0.01,1091.76,0.11
2085,Exit long,2026-01-01 03:00,Close entry(s) order L,2973.15,1,2981.29,-8.14,-0.27,2.98,0.10,-10.96,-0.37,1083.62,0.11
2085,Entry long,2026-01-01 02:15,L,2981.29,1,2981.29,-8.14,-0.27,2.98,0.10,-10.96,-0.37,1083.62,0.11
2086,Exit long,2026-01-01 03:30,Close entry(s) order L,2975.51,1,2977.36,-1.85,-0.06,0.28,0.01,-5.61,-0.19,1081.77,0.11
2086,Entry long,2026-01-01 03:15,L,2977.36,1,2977.36,-1.85,-0.06,0.28,0.01,-5.61,-0.19,1081.77,0.11
2087,Exit long,2026-01-01 06:45,Close entry(s) order L,2975.34,1,2974.62,0.72,0.02,9.43,0.32,-1.1,-0.04,1082.49,0.11
2087,Entry long,2026-01-01 05:00,L,2974.62,1,2974.62,0.72,0.02,9.43,0.32,-1.1,-0.04,1082.49,0.11
2088,Exit long,2026-01-01 07:15,Close entry(s) order L,2972.9,1,2976.06,-3.16,-0.11,0,0.00,-4.25,-0.14,1079.33,0.11
2088,Entry long,2026-01-01 07:00,L,2976.06,1,2976.06,-3.16,-0.11,0,0.00,-4.25,-0.14,1079.33,0.11
2089,Exit long,2026-01-01 12:00,Close entry(s) order L,2979.01,1,2978.41,0.6,0.02,10.07,0.34,-1.35,-0.05,1079.93,0.11
2089,Entry long,2026-01-01 08:30,L,2978.41,1,2978.41,0.6,0.02,10.07,0.34,-1.35,-0.05,1079.93,0.11
2090,Exit long,2026-01-01 14:30,Close entry(s) order L,2978.11,1,2980.97,-2.86,-0.10,1.81,0.06,-4.13,-0.14,1077.07,0.11
2090,Entry long,2026-01-01 13:30,L,2980.97,1,2980.97,-2.86,-0.10,1.81,0.06,-4.13,-0.14,1077.07,0.11
2091,Exit long,2026-01-01 16:00,Close entry(s) order L,2977.18,1,2979.31,-2.13,-0.07,0.4,0.01,-2.53,-0.08,1074.94,0.11
2091,Entry long,2026-01-01 15:45,L,2979.31,1,2979.31,-2.13,-0.07,0.4,0.01,-2.53,-0.08,1074.94,0.11
2092,Exit long,2026-01-01 20:45,Close entry(s) order L,2982.9,1,2979.44,3.46,0.12,12.5,0.42,-0.64,-0.02,1078.4,0.11
2092,Entry long,2026-01-01 16:15,L,2979.44,1,2979.44,3.46,0.12,12.5,0.42,-0.64,-0.02,1078.4,0.11
2093,Exit long,2026-01-01 21:30,Close entry(s) order L,2982.18,1,2986.08,-3.9,-0.13,2.87,0.10,-3.9,-0.13,1074.5,0.11
2093,Entry long,2026-01-01 21:00,L,2986.08,1,2986.08,-3.9,-0.13,2.87,0.10,-3.9,-0.13,1074.5,0.11
2094,Exit long,2026-01-01 23:15,Close entry(s) order L,2981.38,1,2983.86,-2.48,-0.08,0.99,0.03,-4.54,-0.15,1072.02,0.11
2094,Entry long,2026-01-01 23:00,L,2983.86,1,2983.86,-2.48,-0.08,0.99,0.03,-4.54,-0.15,1072.02,0.11
2095,Exit long,2026-01-02 00:15,Close entry(s) order L,2983.33,1,2983.69,-0.36,-0.01,10.22,0.34,-1.28,-0.04,1071.66,0.11
2095,Entry long,2026-01-01 23:30,L,2983.69,1,2983.69,-0.36,-0.01,10.22,0.34,-1.28,-0.04,1071.66,0.11
2096,Exit long,2026-01-02 00:45,Close entry(s) order L,2980.8,1,2984.29,-3.49,-0.12,1.62,0.05,-3.63,-0.12,1068.17,0.11
2096,Entry long,2026-01-02 00:30,L,2984.29,1,2984.29,-3.49,-0.12,1.62,0.05,-3.63,-0.12,1068.17,0.11
2097,Exit long,2026-01-02 02:30,Close entry(s) order L,2985.47,1,2984.81,0.66,0.02,20.19,0.68,-1.14,-0.04,1068.83,0.11
2097,Entry long,2026-01-02 01:15,L,2984.81,1,2984.81,0.66,0.02,20.19,0.68,-1.14,-0.04,1068.83,0.11
2098,Exit long,2026-01-02 03:15,Close entry(s) order L,2986.38,1,2989.22,-2.84,-0.10,2.2,0.07,-3.15,-0.11,1065.99,0.11
2098,Entry long,2026-01-02 02:45,L,2989.22,1,2989.22,-2.84,-0.10,2.2,0.07,-3.15,-0.11,1065.99,0.11
2099,Exit long,2026-01-02 04:45,Close entry(s) order L,2987.95,1,2987.29,0.66,0.02,9.6,0.32,-0.68,-0.02,1066.65,0.11
2099,Entry long,2026-01-02 03:30,L,2987.29,1,2987.29,0.66,0.02,9.6,0.32,-0.68,-0.02,1066.65,0.11
2100,Exit long,2026-01-02 05:45,Close entry(s) order L,2987.02,1,2990.71,-3.69,-0.12,0.89,0.03,-3.69,-0.12,1062.96,0.11
2100,Entry long,2026-01-02 05:15,L,2990.71,1,2990.71,-3.69,-0.12,0.89,0.03,-3.69,-0.12,1062.96,0.11
2101,Exit long,2026-01-02 06:45,Close entry(s) order L,2989.8,1,2990.28,-0.48,-0.02,2.78,0.09,-4.38,-0.15,1062.48,0.11
2101,Entry long,2026-01-02 06:15,L,2990.28,1,2990.28,-0.48,-0.02,2.78,0.09,-4.38,-0.15,1062.48,0.11
2102,Exit long,2026-01-02 09:45,Close entry(s) order L,2999.09,1,2997.64,1.45,0.05,10.92,0.36,-8.06,-0.27,1063.93,0.11
2102,Entry long,2026-01-02 07:00,L,2997.64,1,2997.64,1.45,0.05,10.92,0.36,-8.06,-0.27,1063.93,0.11
2103,Exit long,2026-01-02 10:15,Close entry(s) order L,2996.23,1,3001.54,-5.31,-0.18,0.01,0.00,-6.1,-0.20,1058.62,0.11
2103,Entry long,2026-01-02 10:00,L,3001.54,1,3001.54,-5.31,-0.18,0.01,0.00,-6.1,-0.20,1058.62,0.11
2104,Exit long,2026-01-02 13:30,Close entry(s) order L,3008.54,1,3000.78,7.76,0.26,33.58,1.12,-2.42,-0.08,1066.38,0.11
2104,Entry long,2026-01-02 11:00,L,3000.78,1,3000.78,7.76,0.26,33.58,1.12,-2.42,-0.08,1066.38,0.11
2105,Exit long,2026-01-02 15:45,Close entry(s) order L,3018.01,1,3011.85,6.16,0.20,26.57,0.88,0,0.00,1072.54,0.11
2105,Entry long,2026-01-02 13:45,L,3011.85,1,3011.85,6.16,0.20,26.57,0.88,0,0.00,1072.54,0.11
2106,Exit long,2026-01-02 20:15,Close entry(s) order L,3046.51,1,3027.17,19.34,0.64,41.8,1.38,-6.25,-0.21,1091.88,0.11
2106,Entry long,2026-01-02 16:15,L,3027.17,1,3027.17,19.34,0.64,41.8,1.38,-6.25,-0.21,1091.88,0.11
2107,Exit long,2026-01-02 21:00,Close entry(s) order L,3047.4,1,3049.26,-1.86,-0.06,7.73,0.25,-1.93,-0.06,1090.02,0.11
2107,Entry long,2026-01-02 20:30,L,3049.26,1,3049.26,-1.86,-0.06,7.73,0.25,-1.93,-0.06,1090.02,0.11
2108,Exit long,2026-01-02 21:45,Close entry(s) order L,3050.05,1,3052.44,-2.39,-0.08,0.79,0.03,-5.54,-0.18,1087.63,0.11
2108,Entry long,2026-01-02 21:30,L,3052.44,1,3052.44,-2.39,-0.08,0.79,0.03,-5.54,-0.18,1087.63,0.11
2109,Exit long,2026-01-03 02:45,Close entry(s) order L,3110.52,1,3058.13,52.39,1.71,90.87,2.97,-9.11,-0.30,1140.02,0.11
2109,Entry long,2026-01-02 22:45,L,3058.13,1,3058.13,52.39,1.71,90.87,2.97,-9.11,-0.30,1140.02,0.11
2110,Exit long,2026-01-03 04:00,Close entry(s) order L,3122.46,1,3123.66,-1.2,-0.04,2.54,0.08,-3.9,-0.12,1138.82,0.11
2110,Entry long,2026-01-03 03:45,L,3123.66,1,3123.66,-1.2,-0.04,2.54,0.08,-3.9,-0.12,1138.82,0.11
2111,Exit long,2026-01-03 04:30,Close entry(s) order L,3120.07,1,3128.35,-8.28,-0.26,0,0.00,-10.18,-0.33,1130.54,0.11
2111,Entry long,2026-01-03 04:15,L,3128.35,1,3128.35,-8.28,-0.26,0,0.00,-10.18,-0.33,1130.54,0.11
2112,Exit long,2026-01-03 05:00,Close entry(s) order L,3116.32,1,3122.08,-5.76,-0.18,0.75,0.02,-12.23,-0.39,1124.78,0.11
2112,Entry long,2026-01-03 04:45,L,3122.08,1,3122.08,-5.76,-0.18,0.75,0.02,-12.23,-0.39,1124.78,0.11
2113,Exit long,2026-01-03 07:30,Close entry(s) order L,3122.82,1,3123.8,-0.98,-0.03,20.2,0.65,-2.65,-0.08,1123.8,0.11
2113,Entry long,2026-01-03 05:30,L,3123.8,1,3123.8,-0.98,-0.03,20.2,0.65,-2.65,-0.08,1123.8,0.11
2114,Exit long,2026-01-03 09:30,Close entry(s) order L,3123.32,1,3127.75,-4.43,-0.14,7.25,0.23,-6.84,-0.22,1119.37,0.11
2114,Entry long,2026-01-03 08:15,L,3127.75,1,3127.75,-4.43,-0.14,7.25,0.23,-6.84,-0.22,1119.37,0.11
2115,Exit long,2026-01-03 10:15,Close entry(s) order L,3120.21,1,3129.15,-8.94,-0.29,0.13,0.00,-10.97,-0.35,1110.43,0.11
2115,Entry long,2026-01-03 10:00,L,3129.15,1,3129.15,-8.94,-0.29,0.13,0.00,-10.97,-0.35,1110.43,0.11
2116,Exit long,2026-01-03 17:00,Close entry(s) order L,3094.51,1,3099.64,-5.13,-0.17,1.26,0.04,-5.99,-0.19,1105.3,0.11
2116,Entry long,2026-01-03 16:45,L,3099.64,1,3099.64,-5.13,-0.17,1.26,0.04,-5.99,-0.19,1105.3,0.11
2117,Exit long,2026-01-03 19:00,Close entry(s) order L,3096.12,1,3098.15,-2.03,-0.07,11.45,0.37,-2.53,-0.08,1103.27,0.11
2117,Entry long,2026-01-03 17:30,L,3098.15,1,3098.15,-2.03,-0.07,11.45,0.37,-2.53,-0.08,1103.27,0.11
2118,Exit long,2026-01-03 23:15,Close entry(s) order L,3100.48,1,3099.75,0.73,0.02,14.36,0.46,-5.18,-0.17,1104,0.11
2118,Entry long,2026-01-03 20:30,L,3099.75,1,3099.75,0.73,0.02,14.36,0.46,-5.18,-0.17,1104,0.11
2119,Exit long,2026-01-04 00:00,Close entry(s) order L,3099.91,1,3103.83,-3.92,-0.13,2.7,0.09,-5.17,-0.17,1100.08,0.11
2119,Entry long,2026-01-03 23:30,L,3103.83,1,3103.83,-3.92,-0.13,2.7,0.09,-5.17,-0.17,1100.08,0.11
2120,Exit long,2026-01-04 04:15,Close entry(s) order L,3106.99,1,3108.2,-1.21,-0.04,10.41,0.33,-4.4,-0.14,1098.87,0.11
2120,Entry long,2026-01-04 00:45,L,3108.2,1,3108.2,-1.21,-0.04,10.41,0.33,-4.4,-0.14,1098.87,0.11
2121,Exit long,2026-01-04 06:15,Close entry(s) order L,3112.61,1,3114.14,-1.53,-0.05,14.34,0.46,-2.56,-0.08,1097.34,0.11
2121,Entry long,2026-01-04 04:45,L,3114.14,1,3114.14,-1.53,-0.05,14.34,0.46,-2.56,-0.08,1097.34,0.11
2122,Exit long,2026-01-04 10:45,Close entry(s) order L,3141.25,1,3118.78,22.47,0.72,47.21,1.51,-1.12,-0.04,1119.81,0.11
2122,Entry long,2026-01-04 06:30,L,3118.78,1,3118.78,22.47,0.72,47.21,1.51,-1.12,-0.04,1119.81,0.11
2123,Exit long,2026-01-04 11:30,Close entry(s) order L,3141.38,1,3146.9,-5.52,-0.18,1.8,0.06,-6.05,-0.19,1114.29,0.11
2123,Entry long,2026-01-04 11:15,L,3146.9,1,3146.9,-5.52,-0.18,1.8,0.06,-6.05,-0.19,1114.29,0.11
2124,Exit long,2026-01-04 12:00,Close entry(s) order L,3145.73,1,3146.08,-0.35,-0.01,3.34,0.11,-0.54,-0.02,1113.94,0.11
2124,Entry long,2026-01-04 11:45,L,3146.08,1,3146.08,-0.35,-0.01,3.34,0.11,-0.54,-0.02,1113.94,0.11
2125,Exit long,2026-01-04 13:45,Close entry(s) order L,3145.59,1,3148.24,-2.65,-0.08,6,0.19,-5.54,-0.18,1111.29,0.11
2125,Entry long,2026-01-04 12:30,L,3148.24,1,3148.24,-2.65,-0.08,6,0.19,-5.54,-0.18,1111.29,0.11
2126,Exit long,2026-01-04 14:45,Close entry(s) order L,3140.25,1,3149.77,-9.52,-0.30,11.64,0.37,-11.3,-0.36,1101.77,0.11
2126,Entry long,2026-01-04 14:00,L,3149.77,1,3149.77,-9.52,-0.30,11.64,0.37,-11.3,-0.36,1101.77,0.11
2127,Exit long,2026-01-04 19:15,Close entry(s) order L,3139.25,1,3142,-2.75,-0.09,5.37,0.17,-3.48,-0.11,1099.02,0.11
2127,Entry long,2026-01-04 17:45,L,3142,1,3142,-2.75,-0.09,5.37,0.17,-3.48,-0.11,1099.02,0.11
2128,Exit long,2026-01-04 20:45,Close entry(s) order L,3132.5,1,3142.93,-10.43,-0.33,3.01,0.10,-10.43,-0.33,1088.59,0.11
2128,Entry long,2026-01-04 20:30,L,3142.93,1,3142.93,-10.43,-0.33,3.01,0.10,-10.43,-0.33,1088.59,0.11
2129,Exit long,2026-01-04 22:30,Close entry(s) order L,3135.5,1,3139.21,-3.71,-0.12,3.02,0.10,-6.89,-0.22,1084.88,0.11
2129,Entry long,2026-01-04 22:00,L,3139.21,1,3139.21,-3.71,-0.12,3.02,0.10,-6.89,-0.22,1084.88,0.11
2130,Exit long,2026-01-04 23:30,Close entry(s) order L,3135.43,1,3137.77,-2.34,-0.07,0.01,0.00,-3.98,-0.13,1082.54,0.11
2130,Entry long,2026-01-04 23:15,L,3137.77,1,3137.77,-2.34,-0.07,0.01,0.00,-3.98,-0.13,1082.54,0.11
2131,Exit long,2026-01-05 02:15,Close entry(s) order L,3131.08,1,3137.9,-6.82,-0.22,4.95,0.16,-7.9,-0.25,1075.72,0.11
2131,Entry long,2026-01-05 01:00,L,3137.9,1,3137.9,-6.82,-0.22,4.95,0.16,-7.9,-0.25,1075.72,0.11
2132,Exit long,2026-01-05 06:45,Close entry(s) order L,3135.83,1,3137.09,-1.26,-0.04,17.91,0.57,-1.78,-0.06,1074.46,0.11
2132,Entry long,2026-01-05 04:15,L,3137.09,1,3137.09,-1.26,-0.04,17.91,0.57,-1.78,-0.06,1074.46,0.11
2133,Exit long,2026-01-05 07:45,Close entry(s) order L,3137.33,1,3141.92,-4.59,-0.15,2,0.06,-5.19,-0.17,1069.87,0.11
2133,Entry long,2026-01-05 07:30,L,3141.92,1,3141.92,-4.59,-0.15,2,0.06,-5.19,-0.17,1069.87,0.11
2134,Exit long,2026-01-05 12:00,Close entry(s) order L,3184.75,1,3143.33,41.42,1.32,77.67,2.47,-1.83,-0.06,1111.29,0.11
2134,Entry long,2026-01-05 08:00,L,3143.33,1,3143.33,41.42,1.32,77.67,2.47,-1.83,-0.06,1111.29,0.11
2135,Exit long,2026-01-05 16:00,Close entry(s) order L,3156,1,3158.58,-2.58,-0.08,0.88,0.03,-2.58,-0.08,1108.71,0.11
2135,Entry long,2026-01-05 15:45,L,3158.58,1,3158.58,-2.58,-0.08,0.88,0.03,-2.58,-0.08,1108.71,0.11
2136,Exit long,2026-01-05 17:15,Close entry(s) order L,3153.5,1,3163.4,-9.9,-0.31,7.84,0.25,-10.32,-0.33,1098.81,0.11
2136,Entry long,2026-01-05 16:15,L,3163.4,1,3163.4,-9.9,-0.31,7.84,0.25,-10.32,-0.33,1098.81,0.11
2137,Exit long,2026-01-05 20:45,Close entry(s) order L,3166.6,1,3160.82,5.78,0.18,22.54,0.71,-3.05,-0.10,1104.59,0.11
2137,Entry long,2026-01-05 17:30,L,3160.82,1,3160.82,5.78,0.18,22.54,0.71,-3.05,-0.10,1104.59,0.11
2138,Exit long,2026-01-05 23:15,Close entry(s) order L,3161.08,1,3168,-6.92,-0.22,8.5,0.27,-20.95,-0.66,1097.67,0.11
2138,Entry long,2026-01-05 22:45,L,3168,1,3168,-6.92,-0.22,8.5,0.27,-20.95,-0.66,1097.67,0.11
2139,Exit long,2026-01-06 01:30,Close entry(s) order L,3164.62,1,3163.22,1.4,0.04,41.78,1.32,-6.21,-0.20,1099.07,0.11
2139,Entry long,2026-01-05 23:30,L,3163.22,1,3163.22,1.4,0.04,41.78,1.32,-6.21,-0.20,1099.07,0.11
2140,Exit long,2026-01-06 07:15,Close entry(s) order L,3231.79,1,3185.78,46.01,1.44,80.22,2.52,-2.11,-0.07,1145.08,0.11
2140,Entry long,2026-01-06 01:45,L,3185.78,1,3185.78,46.01,1.44,80.22,2.52,-2.11,-0.07,1145.08,0.11
2141,Exit long,2026-01-06 09:45,Close entry(s) order L,3226.21,1,3241.72,-15.51,-0.48,1.32,0.04,-16.58,-0.51,1129.57,0.11
2141,Entry long,2026-01-06 09:30,L,3241.72,1,3241.72,-15.51,-0.48,1.32,0.04,-16.58,-0.51,1129.57,0.11
2142,Exit long,2026-01-06 13:45,Close entry(s) order L,3217.52,1,3222.69,-5.17,-0.16,9.88,0.31,-7.08,-0.22,1124.4,0.11
2142,Entry long,2026-01-06 11:30,L,3222.69,1,3222.69,-5.17,-0.16,9.88,0.31,-7.08,-0.22,1124.4,0.11
2143,Exit long,2026-01-06 15:30,Close entry(s) order L,3220,1,3222.27,-2.27,-0.07,32.67,1.01,-5.82,-0.18,1122.13,0.11
2143,Entry long,2026-01-06 14:15,L,3222.27,1,3222.27,-2.27,-0.07,32.67,1.01,-5.82,-0.18,1122.13,0.11
2144,Exit long,2026-01-06 21:30,Close entry(s) order L,3233.64,1,3226.31,7.33,0.23,18.19,0.56,-3.02,-0.09,1129.46,0.11
2144,Entry long,2026-01-06 18:15,L,3226.31,1,3226.31,7.33,0.23,18.19,0.56,-3.02,-0.09,1129.46,0.11
2145,Exit long,2026-01-07 00:30,Close entry(s) order L,3247.2,1,3236.3,10.9,0.34,71.7,2.22,-0.01,0.00,1140.36,0.11
2145,Entry long,2026-01-06 22:00,L,3236.3,1,3236.3,10.9,0.34,71.7,2.22,-0.01,0.00,1140.36,0.11
2146,Exit long,2026-01-07 08:45,Close entry(s) order L,3273.21,1,3234.91,38.3,1.18,66.73,2.06,-2.1,-0.06,1178.66,0.12
2146,Entry long,2026-01-07 04:15,L,3234.91,1,3234.91,38.3,1.18,66.73,2.06,-2.1,-0.06,1178.66,0.12
2147,Exit long,2026-01-07 13:00,Close entry(s) order L,3255.01,1,3268.83,-13.82,-0.42,12.82,0.39,-16.83,-0.51,1164.84,0.12
2147,Entry long,2026-01-07 11:00,L,3268.83,1,3268.83,-13.82,-0.42,12.82,0.39,-16.83,-0.51,1164.84,0.12
2148,Exit long,2026-01-07 16:45,Close entry(s) order L,3253.17,1,3256.43,-3.26,-0.10,5.57,0.17,-4.98,-0.15,1161.58,0.12
2148,Entry long,2026-01-07 15:15,L,3256.43,1,3256.43,-3.26,-0.10,5.57,0.17,-4.98,-0.15,1161.58,0.12
2149,Exit long,2026-01-07 22:00,Close entry(s) order L,3210.69,1,3222,-11.31,-0.35,1,0.03,-13.87,-0.43,1150.27,0.12
2149,Entry long,2026-01-07 21:30,L,3222,1,3222,-11.31,-0.35,1,0.03,-13.87,-0.43,1150.27,0.12
2150,Exit long,2026-01-08 10:30,Close entry(s) order L,3167.96,1,3143.63,24.33,0.77,40.05,1.27,-3.09,-0.10,1174.6,0.12
2150,Entry long,2026-01-08 05:15,L,3143.63,1,3143.63,24.33,0.77,40.05,1.27,-3.09,-0.10,1174.6,0.12
2151,Exit long,2026-01-08 16:45,Close entry(s) order L,3124.39,1,3132.56,-8.17,-0.26,3.14,0.10,-9.76,-0.31,1166.43,0.12
2151,Entry long,2026-01-08 16:30,L,3132.56,1,3132.56,-8.17,-0.26,3.14,0.10,-9.76,-0.31,1166.43,0.12
2152,Exit long,2026-01-08 19:45,Close entry(s) order L,3113.11,1,3126.45,-13.34,-0.43,4.12,0.13,-15.55,-0.50,1153.09,0.12
2152,Entry long,2026-01-08 19:00,L,3126.45,1,3126.45,-13.34,-0.43,4.12,0.13,-15.55,-0.50,1153.09,0.12
2153,Exit long,2026-01-08 20:15,Close entry(s) order L,3101.81,1,3119.35,-17.54,-0.56,0.31,0.01,-27.35,-0.88,1135.55,0.11
2153,Entry long,2026-01-08 20:00,L,3119.35,1,3119.35,-17.54,-0.56,0.31,0.01,-27.35,-0.88,1135.55,0.11
2154,Exit long,2026-01-09 03:30,Close entry(s) order L,3115.09,1,3101.99,13.1,0.42,36.45,1.18,-16.74,-0.54,1148.65,0.11
2154,Entry long,2026-01-08 23:30,L,3101.99,1,3101.99,13.1,0.42,36.45,1.18,-16.74,-0.54,1148.65,0.11
2155,Exit long,2026-01-09 06:45,Close entry(s) order L,3109.99,1,3116.29,-6.3,-0.20,13.31,0.43,-10.23,-0.33,1142.35,0.11
2155,Entry long,2026-01-09 05:45,L,3116.29,1,3116.29,-6.3,-0.20,13.31,0.43,-10.23,-0.33,1142.35,0.11
2156,Exit long,2026-01-09 07:45,Close entry(s) order L,3107.99,1,3117.94,-9.95,-0.32,3.06,0.10,-10.18,-0.33,1132.4,0.11
2156,Entry long,2026-01-09 07:00,L,3117.94,1,3117.94,-9.95,-0.32,3.06,0.10,-10.18,-0.33,1132.4,0.11
2157,Exit long,2026-01-09 09:15,Close entry(s) order L,3113.49,1,3114.7,-1.21,-0.04,1.74,0.06,-2.22,-0.07,1131.19,0.11
2157,Entry long,2026-01-09 09:00,L,3114.7,1,3114.7,-1.21,-0.04,1.74,0.06,-2.22,-0.07,1131.19,0.11
2158,Exit long,2026-01-09 09:45,Close entry(s) order L,3097.81,1,3138.19,-40.38,-1.29,9.81,0.31,-60.73,-1.94,1090.81,0.11
2158,Entry long,2026-01-09 09:30,L,3138.19,1,3138.19,-40.38,-1.29,9.81,0.31,-60.73,-1.94,1090.81,0.11
2159,Exit long,2026-01-09 11:00,Close entry(s) order L,3107.96,1,3122.1,-14.14,-0.45,2.8,0.09,-16.98,-0.54,1076.67,0.11
2159,Entry long,2026-01-09 10:15,L,3122.1,1,3122.1,-14.14,-0.45,2.8,0.09,-16.98,-0.54,1076.67,0.11
2160,Exit long,2026-01-09 11:30,Close entry(s) order L,3106.16,1,3113.34,-7.18,-0.23,3.63,0.12,-12.31,-0.40,1069.49,0.11
2160,Entry long,2026-01-09 11:15,L,3113.34,1,3113.34,-7.18,-0.23,3.63,0.12,-12.31,-0.40,1069.49,0.11
2161,Exit long,2026-01-09 12:45,Close entry(s) order L,3113.32,1,3113.53,-0.21,-0.01,9.26,0.30,-2.59,-0.08,1069.28,0.11
2161,Entry long,2026-01-09 11:45,L,3113.53,1,3113.53,-0.21,-0.01,9.26,0.30,-2.59,-0.08,1069.28,0.11
2162,Exit long,2026-01-09 13:45,Close entry(s) order L,3114.04,1,3115.15,-1.11,-0.04,4.85,0.16,-2.96,-0.10,1068.17,0.11
2162,Entry long,2026-01-09 13:00,L,3115.15,1,3115.15,-1.11,-0.04,4.85,0.16,-2.96,-0.10,1068.17,0.11
2163,Exit long,2026-01-09 15:15,Close entry(s) order L,3117.28,1,3117.47,-0.19,-0.01,6.79,0.22,-1.47,-0.05,1067.98,0.11
2163,Entry long,2026-01-09 14:00,L,3117.47,1,3117.47,-0.19,-0.01,6.79,0.22,-1.47,-0.05,1067.98,0.11
2164,Exit long,2026-01-09 15:45,Close entry(s) order L,3114.47,1,3117.41,-2.94,-0.09,0.25,0.01,-5.41,-0.17,1065.04,0.11
2164,Entry long,2026-01-09 15:30,L,3117.41,1,3117.41,-2.94,-0.09,0.25,0.01,-5.41,-0.17,1065.04,0.11
2165,Exit long,2026-01-09 20:00,Close entry(s) order L,3089,1,3097.41,-8.41,-0.27,5.95,0.19,-10.6,-0.34,1056.63,0.11
2165,Entry long,2026-01-09 19:15,L,3097.41,1,3097.41,-8.41,-0.27,5.95,0.19,-10.6,-0.34,1056.63,0.11
2166,Exit long,2026-01-09 22:15,Close entry(s) order L,3080.7,1,3091.61,-10.91,-0.35,22.74,0.74,-15.61,-0.50,1045.72,0.10
2166,Entry long,2026-01-09 21:15,L,3091.61,1,3091.61,-10.91,-0.35,22.74,0.74,-15.61,-0.50,1045.72,0.10
2167,Exit long,2026-01-09 22:45,Close entry(s) order L,3070.89,1,3094.06,-23.17,-0.75,1.97,0.06,-25.75,-0.83,1022.55,0.10
2167,Entry long,2026-01-09 22:30,L,3094.06,1,3094.06,-23.17,-0.75,1.97,0.06,-25.75,-0.83,1022.55,0.10
2168,Exit long,2026-01-10 01:45,Close entry(s) order L,3105.98,1,3129.04,-23.06,-0.74,15.95,0.51,-34.7,-1.11,999.49,0.10
2168,Entry long,2026-01-09 23:30,L,3129.04,1,3129.04,-23.06,-0.74,15.95,0.51,-34.7,-1.11,999.49,0.10
2169,Exit long,2026-01-10 02:15,Close entry(s) order L,3106.89,1,3113.04,-6.15,-0.20,4.66,0.15,-9.09,-0.29,993.34,0.10
2169,Entry long,2026-01-10 02:00,L,3113.04,1,3113.04,-6.15,-0.20,4.66,0.15,-9.09,-0.29,993.34,0.10
2170,Exit long,2026-01-10 06:15,Close entry(s) order L,3078.54,1,3086.37,-7.83,-0.25,5.8,0.19,-13.83,-0.45,985.51,0.10
2170,Entry long,2026-01-10 05:30,L,3086.37,1,3086.37,-7.83,-0.25,5.8,0.19,-13.83,-0.45,985.51,0.10
2171,Exit long,2026-01-10 09:00,Close entry(s) order L,3082.39,1,3081.45,0.94,0.03,10.41,0.34,-1.35,-0.04,986.45,0.10
2171,Entry long,2026-01-10 06:30,L,3081.45,1,3081.45,0.94,0.03,10.41,0.34,-1.35,-0.04,986.45,0.10
2172,Exit long,2026-01-10 10:45,Close entry(s) order L,3082.63,1,3086.7,-4.07,-0.13,6.83,0.22,-4.65,-0.15,982.38,0.10
2172,Entry long,2026-01-10 09:15,L,3086.7,1,3086.7,-4.07,-0.13,6.83,0.22,-4.65,-0.15,982.38,0.10
2173,Exit long,2026-01-10 16:45,Close entry(s) order L,3087.58,1,3086.09,1.49,0.05,6.39,0.21,-3.96,-0.13,983.87,0.10
2173,Entry long,2026-01-10 13:45,L,3086.09,1,3086.09,1.49,0.05,6.39,0.21,-3.96,-0.13,983.87,0.10
2174,Exit long,2026-01-10 20:30,Close entry(s) order L,3095.16,1,3088.9,6.26,0.20,13.85,0.45,-0.9,-0.03,990.13,0.10
2174,Entry long,2026-01-10 17:00,L,3088.9,1,3088.9,6.26,0.20,13.85,0.45,-0.9,-0.03,990.13,0.10
2175,Exit long,2026-01-10 21:15,Close entry(s) order L,3095.33,1,3095.98,-0.65,-0.02,2.13,0.07,-1.07,-0.03,989.48,0.10
2175,Entry long,2026-01-10 20:45,L,3095.98,1,3095.98,-0.65,-0.02,2.13,0.07,-1.07,-0.03,989.48,0.10
2176,Exit long,2026-01-11 00:15,Close entry(s) order L,3093.13,1,3094.33,-1.2,-0.04,1.79,0.06,-1.73,-0.06,988.28,0.10
2176,Entry long,2026-01-10 23:45,L,3094.33,1,3094.33,-1.2,-0.04,1.79,0.06,-1.73,-0.06,988.28,0.10
2177,Exit long,2026-01-11 02:00,Close entry(s) order L,3091.32,1,3095.86,-4.54,-0.15,1.7,0.05,-5.2,-0.17,983.74,0.10
2177,Entry long,2026-01-11 00:45,L,3095.86,1,3095.86,-4.54,-0.15,1.7,0.05,-5.2,-0.17,983.74,0.10
2178,Exit long,2026-01-11 14:30,Close entry(s) order L,3092.66,1,3085.89,6.77,0.22,15.11,0.49,-2.66,-0.09,990.51,0.10
2178,Entry long,2026-01-11 07:30,L,3085.89,1,3085.89,6.77,0.22,15.11,0.49,-2.66,-0.09,990.51,0.10
2179,Exit long,2026-01-11 15:15,Close entry(s) order L,3094.09,1,3096.19,-2.1,-0.07,0.83,0.03,-2.65,-0.09,988.41,0.10
2179,Entry long,2026-01-11 15:00,L,3096.19,1,3096.19,-2.1,-0.07,0.83,0.03,-2.65,-0.09,988.41,0.10
2180,Exit long,2026-01-11 21:45,Close entry(s) order L,3105.93,1,3096,9.93,0.32,19.88,0.64,0,0.00,998.34,0.10
2180,Entry long,2026-01-11 16:30,L,3096,1,3096,9.93,0.32,19.88,0.64,0,0.00,998.34,0.10
2181,Exit long,2026-01-12 02:15,Close entry(s) order L,3120.93,1,3108.26,12.67,0.41,38.74,1.25,-0.13,0.00,1011.01,0.10
2181,Entry long,2026-01-11 22:00,L,3108.26,1,3108.26,12.67,0.41,38.74,1.25,-0.13,0.00,1011.01,0.10
2182,Exit long,2026-01-12 02:45,Close entry(s) order L,3122.44,1,3124.68,-2.24,-0.07,0,0.00,-5.37,-0.17,1008.77,0.10
2182,Entry long,2026-01-12 02:30,L,3124.68,1,3124.68,-2.24,-0.07,0,0.00,-5.37,-0.17,1008.77,0.10
2183,Exit long,2026-01-12 03:45,Close entry(s) order L,3121.44,1,3128.49,-7.05,-0.23,3.51,0.11,-7.48,-0.24,1001.72,0.10
2183,Entry long,2026-01-12 03:00,L,3128.49,1,3128.49,-7.05,-0.23,3.51,0.11,-7.48,-0.24,1001.72,0.10
2184,Exit long,2026-01-12 06:15,Close entry(s) order L,3109.72,1,3119.61,-9.89,-0.32,0.01,0.00,-14.46,-0.46,991.83,0.10
2184,Entry long,2026-01-12 06:00,L,3119.61,1,3119.61,-9.89,-0.32,0.01,0.00,-14.46,-0.46,991.83,0.10
2185,Exit long,2026-01-12 08:45,Close entry(s) order L,3104.78,1,3112.76,-7.98,-0.26,13.92,0.45,-10.58,-0.34,983.85,0.10
2185,Entry long,2026-01-12 07:30,L,3112.76,1,3112.76,-7.98,-0.26,13.92,0.45,-10.58,-0.34,983.85,0.10
2186,Exit long,2026-01-12 14:00,Close entry(s) order L,3157.57,1,3118.83,38.74,1.24,52.05,1.67,-6.63,-0.21,1022.59,0.10
2186,Entry long,2026-01-12 09:00,L,3118.83,1,3118.83,38.74,1.24,52.05,1.67,-6.63,-0.21,1022.59,0.10
2187,Exit long,2026-01-12 14:30,Close entry(s) order L,3156.08,1,3161.23,-5.15,-0.16,0.83,0.03,-6.24,-0.20,1017.44,0.10
2187,Entry long,2026-01-12 14:15,L,3161.23,1,3161.23,-5.15,-0.16,0.83,0.03,-6.24,-0.20,1017.44,0.10
2188,Exit long,2026-01-12 21:15,Close entry(s) order L,3106.42,1,3114.12,-7.7,-0.25,7.64,0.25,-8.66,-0.28,1009.74,0.10
2188,Entry long,2026-01-12 20:00,L,3114.12,1,3114.12,-7.7,-0.25,7.64,0.25,-8.66,-0.28,1009.74,0.10
2189,Exit long,2026-01-13 01:30,Close entry(s) order L,3112.55,1,3118.94,-6.39,-0.20,26.99,0.87,-9.94,-0.32,1003.35,0.10
2189,Entry long,2026-01-12 23:30,L,3118.94,1,3118.94,-6.39,-0.20,26.99,0.87,-9.94,-0.32,1003.35,0.10
2190,Exit long,2026-01-13 04:30,Close entry(s) order L,3109.89,1,3120.33,-10.44,-0.33,6.51,0.21,-12.88,-0.41,992.91,0.10
2190,Entry long,2026-01-13 04:00,L,3120.33,1,3120.33,-10.44,-0.33,6.51,0.21,-12.88,-0.41,992.91,0.10
2191,Exit long,2026-01-13 09:45,Close entry(s) order L,3092.18,1,3099.28,-7.1,-0.23,13.92,0.45,-9.1,-0.29,985.81,0.10
2191,Entry long,2026-01-13 08:15,L,3099.28,1,3099.28,-7.1,-0.23,13.92,0.45,-9.1,-0.29,985.81,0.10
2192,Exit long,2026-01-13 10:45,Close entry(s) order L,3098.09,1,3102.86,-4.77,-0.15,1.96,0.06,-5.86,-0.19,981.04,0.10
2192,Entry long,2026-01-13 10:15,L,3102.86,1,3102.86,-4.77,-0.15,1.96,0.06,-5.86,-0.19,981.04,0.10
2193,Exit long,2026-01-13 15:30,Close entry(s) order L,3127.01,1,3100.13,26.88,0.87,45.58,1.47,-0.31,-0.01,1007.92,0.10
2193,Entry long,2026-01-13 11:00,L,3100.13,1,3100.13,26.88,0.87,45.58,1.47,-0.31,-0.01,1007.92,0.10
2194,Exit long,2026-01-13 18:45,Close entry(s) order L,3129.99,1,3130.68,-0.69,-0.02,17.47,0.56,-3.45,-0.11,1007.23,0.10
2194,Entry long,2026-01-13 16:45,L,3130.68,1,3130.68,-0.69,-0.02,17.47,0.56,-3.45,-0.11,1007.23,0.10
2195,Exit long,2026-01-13 19:45,Close entry(s) order L,3131.66,1,3133.43,-1.77,-0.06,4.32,0.14,-2.98,-0.10,1005.46,0.10
2195,Entry long,2026-01-13 19:00,L,3133.43,1,3133.43,-1.77,-0.06,4.32,0.14,-2.98,-0.10,1005.46,0.10
2196,Exit long,2026-01-14 11:00,Close entry(s) order L,3325.58,1,3133.94,191.64,6.11,249.69,7.97,-6,-0.19,1197.1,0.12
2196,Entry long,2026-01-13 21:00,L,3133.94,1,3133.94,191.64,6.11,249.69,7.97,-6,-0.19,1197.1,0.12
2197,Exit long,2026-01-14 13:15,Close entry(s) order L,3334.99,1,3337.7,-2.71,-0.08,27.96,0.84,-4.7,-0.14,1194.39,0.12
2197,Entry long,2026-01-14 11:45,L,3337.7,1,3337.7,-2.71,-0.08,27.96,0.84,-4.7,-0.14,1194.39,0.12
2198,Exit long,2026-01-14 16:45,Close entry(s) order L,3326.69,1,3334.88,-8.19,-0.25,7.12,0.21,-8.58,-0.26,1186.2,0.12
2198,Entry long,2026-01-14 16:00,L,3334.88,1,3334.88,-8.19,-0.25,7.12,0.21,-8.58,-0.26,1186.2,0.12
2199,Exit long,2026-01-15 01:45,Close entry(s) order L,3350.32,1,3304.29,46.03,1.39,99.48,3.01,-10.01,-0.30,1232.23,0.12
2199,Entry long,2026-01-14 21:30,L,3304.29,1,3304.29,46.03,1.39,99.48,3.01,-10.01,-0.30,1232.23,0.12
2200,Exit long,2026-01-15 06:15,Close entry(s) order L,3361.99,1,3389.85,-27.86,-0.82,12.3,0.36,-34.99,-1.03,1204.37,0.12
2200,Entry long,2026-01-15 03:30,L,3389.85,1,3389.85,-27.86,-0.82,12.3,0.36,-34.99,-1.03,1204.37,0.12
2201,Exit long,2026-01-15 19:45,Close entry(s) order L,3349.28,1,3307.13,42.15,1.27,70.65,2.14,-6.6,-0.20,1246.52,0.12
2201,Entry long,2026-01-15 13:15,L,3307.13,1,3307.13,42.15,1.27,70.65,2.14,-6.6,-0.20,1246.52,0.12
2202,Exit long,2026-01-15 22:45,Close entry(s) order L,3333.23,1,3367.87,-34.64,-1.03,15.2,0.45,-36.03,-1.07,1211.88,0.12
2202,Entry long,2026-01-15 21:00,L,3367.87,1,3367.87,-34.64,-1.03,15.2,0.45,-36.03,-1.07,1211.88,0.12
2203,Exit long,2026-01-16 09:15,Close entry(s) order L,3303.95,1,3291.02,12.93,0.39,34.32,1.04,-0.14,0.00,1224.81,0.12
2203,Entry long,2026-01-16 05:15,L,3291.02,1,3291.02,12.93,0.39,34.32,1.04,-0.14,0.00,1224.81,0.12
2204,Exit long,2026-01-16 17:30,Close entry(s) order L,3310.77,1,3310,0.77,0.02,9.43,0.28,-10.48,-0.32,1225.58,0.12
2204,Entry long,2026-01-16 13:45,L,3310,1,3310,0.77,0.02,9.43,0.28,-10.48,-0.32,1225.58,0.12
2205,Exit long,2026-01-16 21:45,Close entry(s) order L,3302.77,1,3305.88,-3.11,-0.09,7.12,0.22,-12.59,-0.38,1222.47,0.12
2205,Entry long,2026-01-16 20:15,L,3305.88,1,3305.88,-3.11,-0.09,7.12,0.22,-12.59,-0.38,1222.47,0.12
2206,Exit long,2026-01-16 22:15,Close entry(s) order L,3301.99,1,3306.12,-4.13,-0.12,6.2,0.19,-5.12,-0.15,1218.34,0.12
2206,Entry long,2026-01-16 22:00,L,3306.12,1,3306.12,-4.13,-0.12,6.2,0.19,-5.12,-0.15,1218.34,0.12
2207,Exit long,2026-01-16 22:45,Close entry(s) order L,3292.87,1,3313.33,-20.46,-0.62,3.84,0.12,-25.35,-0.77,1197.88,0.12
2207,Entry long,2026-01-16 22:30,L,3313.33,1,3313.33,-20.46,-0.62,3.84,0.12,-25.35,-0.77,1197.88,0.12
2208,Exit long,2026-01-16 23:30,Close entry(s) order L,3287.58,1,3306.86,-19.28,-0.58,3.13,0.09,-24.34,-0.74,1178.6,0.12
2208,Entry long,2026-01-16 23:15,L,3306.86,1,3306.86,-19.28,-0.58,3.13,0.09,-24.34,-0.74,1178.6,0.12
2209,Exit long,2026-01-17 02:15,Close entry(s) order L,3279.46,1,3283.09,-3.63,-0.11,4.39,0.13,-7.8,-0.24,1174.97,0.12
2209,Entry long,2026-01-17 01:45,L,3283.09,1,3283.09,-3.63,-0.11,4.39,0.13,-7.8,-0.24,1174.97,0.12
2210,Exit long,2026-01-17 03:15,Close entry(s) order L,3273.81,1,3282.58,-8.77,-0.27,2.59,0.08,-9.45,-0.29,1166.2,0.12
2210,Entry long,2026-01-17 02:30,L,3282.58,1,3282.58,-8.77,-0.27,2.59,0.08,-9.45,-0.29,1166.2,0.12
2211,Exit long,2026-01-17 08:30,Close entry(s) order L,3291.01,1,3283.88,7.13,0.22,14.98,0.46,-2.46,-0.07,1173.33,0.12
2211,Entry long,2026-01-17 04:30,L,3283.88,1,3283.88,7.13,0.22,14.98,0.46,-2.46,-0.07,1173.33,0.12
2212,Exit long,2026-01-17 09:45,Close entry(s) order L,3287.85,1,3292.52,-4.67,-0.14,2.1,0.06,-6,-0.18,1168.66,0.12
2212,Entry long,2026-01-17 09:15,L,3292.52,1,3292.52,-4.67,-0.14,2.1,0.06,-6,-0.18,1168.66,0.12
2213,Exit long,2026-01-17 12:00,Close entry(s) order L,3288.12,1,3291.14,-3.02,-0.09,0.2,0.01,-4.82,-0.15,1165.64,0.12
2213,Entry long,2026-01-17 11:00,L,3291.14,1,3291.14,-3.02,-0.09,0.2,0.01,-4.82,-0.15,1165.64,0.12
2214,Exit long,2026-01-17 14:15,Close entry(s) order L,3288.24,1,3290.71,-2.47,-0.08,2.28,0.07,-3.68,-0.11,1163.17,0.12
2214,Entry long,2026-01-17 13:00,L,3290.71,1,3290.71,-2.47,-0.08,2.28,0.07,-3.68,-0.11,1163.17,0.12
2215,Exit long,2026-01-17 15:15,Close entry(s) order L,3288.74,1,3289.18,-0.44,-0.01,1.25,0.04,-3.36,-0.10,1162.73,0.12
2215,Entry long,2026-01-17 14:45,L,3289.18,1,3289.18,-0.44,-0.01,1.25,0.04,-3.36,-0.10,1162.73,0.12
2216,Exit long,2026-01-18 02:00,Close entry(s) order L,3317.84,1,3290.52,27.32,0.83,37.84,1.15,-2.52,-0.08,1190.05,0.12
2216,Entry long,2026-01-17 15:30,L,3290.52,1,3290.52,27.32,0.83,37.84,1.15,-2.52,-0.08,1190.05,0.12
2217,Exit long,2026-01-18 08:45,Close entry(s) order L,3305.55,1,3308.86,-3.31,-0.10,4.05,0.12,-3.95,-0.12,1186.74,0.12
2217,Entry long,2026-01-18 08:00,L,3308.86,1,3308.86,-3.31,-0.10,4.05,0.12,-3.95,-0.12,1186.74,0.12
2218,Exit long,2026-01-18 14:30,Close entry(s) order L,3311.55,1,3304.67,6.88,0.21,15.1,0.46,-0.7,-0.02,1193.62,0.12
2218,Entry long,2026-01-18 11:15,L,3304.67,1,3304.67,6.88,0.21,15.1,0.46,-0.7,-0.02,1193.62,0.12
2219,Exit long,2026-01-18 15:15,Close entry(s) order L,3306.52,1,3314.08,-7.56,-0.23,0.41,0.01,-9.88,-0.30,1186.06,0.12
2219,Entry long,2026-01-18 15:00,L,3314.08,1,3314.08,-7.56,-0.23,0.41,0.01,-9.88,-0.30,1186.06,0.12
2220,Exit long,2026-01-18 20:15,Close entry(s) order L,3318.31,1,3312.82,5.49,0.17,11.59,0.35,-1.77,-0.05,1191.55,0.12
2220,Entry long,2026-01-18 16:45,L,3312.82,1,3312.82,5.49,0.17,11.59,0.35,-1.77,-0.05,1191.55,0.12
2221,Exit long,2026-01-18 21:15,Close entry(s) order L,3318.48,1,3323.18,-4.7,-0.14,2.57,0.08,-8.18,-0.25,1186.85,0.12
2221,Entry long,2026-01-18 20:30,L,3323.18,1,3323.18,-4.7,-0.14,2.57,0.08,-8.18,-0.25,1186.85,0.12
2222,Exit long,2026-01-18 23:00,Close entry(s) order L,3323.51,1,3327,-3.49,-0.10,19.7,0.59,-5.98,-0.18,1183.36,0.12
2222,Entry long,2026-01-18 21:45,L,3327,1,3327,-3.49,-0.10,19.7,0.59,-5.98,-0.18,1183.36,0.12
2223,Exit long,2026-01-19 04:15,Close entry(s) order L,3342.55,1,3324.73,17.82,0.54,43.25,1.30,-2.24,-0.07,1201.18,0.12
2223,Entry long,2026-01-18 23:15,L,3324.73,1,3324.73,17.82,0.54,43.25,1.30,-2.24,-0.07,1201.18,0.12
2224,Exit long,2026-01-19 04:45,Close entry(s) order L,3340.85,1,3350.69,-9.84,-0.29,0,0.00,-15.2,-0.45,1191.34,0.12
2224,Entry long,2026-01-19 04:30,L,3350.69,1,3350.69,-9.84,-0.29,0,0.00,-15.2,-0.45,1191.34,0.12
2225,Exit long,2026-01-19 07:15,Close entry(s) order L,3327.56,1,3351.67,-24.11,-0.72,0.96,0.03,-30.45,-0.91,1167.23,0.12
2225,Entry long,2026-01-19 06:15,L,3351.67,1,3351.67,-24.11,-0.72,0.96,0.03,-30.45,-0.91,1167.23,0.12
2226,Exit long,2026-01-19 12:15,Close entry(s) order L,3206.53,1,3210.35,-3.82,-0.12,3.73,0.12,-5.79,-0.18,1163.41,0.12
2226,Entry long,2026-01-19 12:00,L,3210.35,1,3210.35,-3.82,-0.12,3.73,0.12,-5.79,-0.18,1163.41,0.12
2227,Exit long,2026-01-19 13:15,Close entry(s) order L,3202.83,1,3210.66,-7.83,-0.24,5.25,0.16,-9.46,-0.29,1155.58,0.12
2227,Entry long,2026-01-19 12:30,L,3210.66,1,3210.66,-7.83,-0.24,5.25,0.16,-9.46,-0.29,1155.58,0.12
2228,Exit long,2026-01-19 16:15,Close entry(s) order L,3196.5,1,3202.24,-5.74,-0.18,5.42,0.17,-6.24,-0.19,1149.84,0.11
2228,Entry long,2026-01-19 15:45,L,3202.24,1,3202.24,-5.74,-0.18,5.42,0.17,-6.24,-0.19,1149.84,0.11
2229,Exit long,2026-01-19 21:30,Close entry(s) order L,3213.53,1,3207.61,5.92,0.18,27.1,0.84,-3.82,-0.12,1155.76,0.12
2229,Entry long,2026-01-19 16:30,L,3207.61,1,3207.61,5.92,0.18,27.1,0.84,-3.82,-0.12,1155.76,0.12
2230,Exit long,2026-01-19 23:30,Close entry(s) order L,3210.49,1,3218.74,-8.25,-0.26,0.82,0.03,-10.51,-0.33,1147.51,0.11
2230,Entry long,2026-01-19 23:15,L,3218.74,1,3218.74,-8.25,-0.26,0.82,0.03,-10.51,-0.33,1147.51,0.11
2231,Exit long,2026-01-20 02:15,Close entry(s) order L,3211.81,1,3216.95,-5.14,-0.16,9.24,0.29,-7.49,-0.23,1142.37,0.11
2231,Entry long,2026-01-20 00:30,L,3216.95,1,3216.95,-5.14,-0.16,9.24,0.29,-7.49,-0.23,1142.37,0.11
2232,Exit long,2026-01-20 04:45,Close entry(s) order L,3215.51,1,3219.4,-3.89,-0.12,4.6,0.14,-5.4,-0.17,1138.48,0.11
2232,Entry long,2026-01-20 03:15,L,3219.4,1,3219.4,-3.89,-0.12,4.6,0.14,-5.4,-0.17,1138.48,0.11
2233,Exit long,2026-01-20 10:15,Close entry(s) order L,3184.19,1,3196.21,-12.02,-0.38,2.34,0.07,-14.21,-0.44,1126.46,0.11
2233,Entry long,2026-01-20 09:30,L,3196.21,1,3196.21,-12.02,-0.38,2.34,0.07,-14.21,-0.44,1126.46,0.11
2234,Exit long,2026-01-20 11:15,Close entry(s) order L,3185.64,1,3189.78,-4.14,-0.13,9.95,0.31,-8.51,-0.27,1122.32,0.11
2234,Entry long,2026-01-20 10:45,L,3189.78,1,3189.78,-4.14,-0.13,9.95,0.31,-8.51,-0.27,1122.32,0.11
2235,Exit long,2026-01-20 12:00,Close entry(s) order L,3187.41,1,3187.77,-0.36,-0.01,1.64,0.05,-2.98,-0.09,1121.96,0.11
2235,Entry long,2026-01-20 11:45,L,3187.77,1,3187.77,-0.36,-0.01,1.64,0.05,-2.98,-0.09,1121.96,0.11
2236,Exit long,2026-01-20 18:45,Close entry(s) order L,3100.66,1,3106.99,-6.33,-0.20,0.33,0.01,-7.98,-0.26,1115.63,0.11
2236,Entry long,2026-01-20 18:30,L,3106.99,1,3106.99,-6.33,-0.20,0.33,0.01,-7.98,-0.26,1115.63,0.11
2237,Exit long,2026-01-20 21:15,Close entry(s) order L,3092.82,1,3105.61,-12.79,-0.41,7.91,0.25,-15.61,-0.50,1102.84,0.11
2237,Entry long,2026-01-20 19:15,L,3105.61,1,3105.61,-12.79,-0.41,7.91,0.25,-15.61,-0.50,1102.84,0.11
2238,Exit long,2026-01-21 05:45,Close entry(s) order L,2992.97,1,3001.9,-8.93,-0.30,4.71,0.16,-13.76,-0.46,1093.91,0.11
2238,Entry long,2026-01-21 04:30,L,3001.9,1,3001.9,-8.93,-0.30,4.71,0.16,-13.76,-0.46,1093.91,0.11
2239,Exit long,2026-01-21 06:30,Close entry(s) order L,2984.67,1,2996,-11.33,-0.38,0.14,0.00,-16,-0.53,1082.58,0.11
2239,Entry long,2026-01-21 06:15,L,2996,1,2996,-11.33,-0.38,0.14,0.00,-16,-0.53,1082.58,0.11
2240,Exit long,2026-01-21 14:45,Close entry(s) order L,2980.71,1,2958.31,22.4,0.76,42.7,1.44,-4.69,-0.16,1104.98,0.11
2240,Entry long,2026-01-21 09:00,L,2958.31,1,2958.31,22.4,0.76,42.7,1.44,-4.69,-0.16,1104.98,0.11
2241,Exit long,2026-01-21 19:00,Close entry(s) order L,2962.34,1,2966.34,-4,-0.13,0.29,0.01,-4.15,-0.14,1100.98,0.11
2241,Entry long,2026-01-21 18:45,L,2966.34,1,2966.34,-4,-0.13,0.29,0.01,-4.15,-0.14,1100.98,0.11
2242,Exit long,2026-01-21 20:00,Close entry(s) order L,2942.17,1,2966.45,-24.28,-0.82,4.16,0.14,-31.45,-1.06,1076.7,0.11
2242,Entry long,2026-01-21 19:15,L,2966.45,1,2966.45,-24.28,-0.82,4.16,0.14,-31.45,-1.06,1076.7,0.11
2243,Exit long,2026-01-22 00:30,Close entry(s) order L,2960.44,1,2972.48,-12.04,-0.41,53.58,1.80,-25.88,-0.87,1064.66,0.11
2243,Entry long,2026-01-21 22:15,L,2972.48,1,2972.48,-12.04,-0.41,53.58,1.80,-25.88,-0.87,1064.66,0.11
2244,Exit long,2026-01-22 06:45,Close entry(s) order L,3014.81,1,2925.87,88.94,3.04,143.47,4.90,-11.13,-0.38,1153.6,0.12
2244,Entry long,2026-01-22 03:00,L,2925.87,1,2925.87,88.94,3.04,143.47,4.90,-11.13,-0.38,1153.6,0.12
2245,Exit long,2026-01-22 11:30,Close entry(s) order L,3015.46,1,3017.14,-1.68,-0.06,20.35,0.67,-5.52,-0.18,1151.92,0.12
2245,Entry long,2026-01-22 09:15,L,3017.14,1,3017.14,-1.68,-0.06,20.35,0.67,-5.52,-0.18,1151.92,0.12
2246,Exit long,2026-01-22 13:30,Close entry(s) order L,3015.75,1,3021.84,-6.09,-0.20,5.16,0.17,-6.52,-0.22,1145.83,0.11
2246,Entry long,2026-01-22 13:00,L,3021.84,1,3021.84,-6.09,-0.20,5.16,0.17,-6.52,-0.22,1145.83,0.11
2247,Exit long,2026-01-22 14:15,Close entry(s) order L,3016.97,1,3018.74,-1.77,-0.06,7.82,0.26,-9.7,-0.32,1144.06,0.11
2247,Entry long,2026-01-22 14:00,L,3018.74,1,3018.74,-1.77,-0.06,7.82,0.26,-9.7,-0.32,1144.06,0.11
2248,Exit long,2026-01-22 15:15,Close entry(s) order L,3010.87,1,3017.02,-6.15,-0.20,5.97,0.20,-6.52,-0.22,1137.91,0.11
2248,Entry long,2026-01-22 14:45,L,3017.02,1,3017.02,-6.15,-0.20,5.97,0.20,-6.52,-0.22,1137.91,0.11
2249,Exit long,2026-01-22 17:30,Close entry(s) order L,3004.88,1,3008.84,-3.96,-0.13,1.73,0.06,-5.5,-0.18,1133.95,0.11
2249,Entry long,2026-01-22 17:15,L,3008.84,1,3008.84,-3.96,-0.13,1.73,0.06,-5.5,-0.18,1133.95,0.11
2250,Exit long,2026-01-22 18:45,Close entry(s) order L,3000.01,1,3014.24,-14.23,-0.47,1.34,0.04,-15.6,-0.52,1119.72,0.11
2250,Entry long,2026-01-22 17:45,L,3014.24,1,3014.24,-14.23,-0.47,1.34,0.04,-15.6,-0.52,1119.72,0.11
2251,Exit long,2026-01-22 21:45,Close entry(s) order L,2967,1,2998.59,-31.59,-1.05,10.41,0.35,-37.14,-1.24,1088.13,0.11
2251,Entry long,2026-01-22 21:30,L,2998.59,1,2998.59,-31.59,-1.05,10.41,0.35,-37.14,-1.24,1088.13,0.11
2252,Exit long,2026-01-23 03:00,Close entry(s) order L,2938.26,1,2944.49,-6.23,-0.21,27.35,0.93,-7.48,-0.25,1081.9,0.11
2252,Entry long,2026-01-23 01:45,L,2944.49,1,2944.49,-6.23,-0.21,27.35,0.93,-7.48,-0.25,1081.9,0.11
2253,Exit long,2026-01-23 04:30,Close entry(s) order L,2936.4,1,2955.97,-19.57,-0.66,6.03,0.20,-21.75,-0.74,1062.33,0.11
2253,Entry long,2026-01-23 03:45,L,2955.97,1,2955.97,-19.57,-0.66,6.03,0.20,-21.75,-0.74,1062.33,0.11
2254,Exit long,2026-01-23 05:45,Close entry(s) order L,2943.48,1,2948.61,-5.13,-0.17,1.1,0.04,-5.33,-0.18,1057.2,0.11
2254,Entry long,2026-01-23 05:30,L,2948.61,1,2948.61,-5.13,-0.17,1.1,0.04,-5.33,-0.18,1057.2,0.11
2255,Exit long,2026-01-23 08:45,Close entry(s) order L,2948.44,1,2944.73,3.71,0.13,13.27,0.45,-5.7,-0.19,1060.91,0.11
2255,Entry long,2026-01-23 06:00,L,2944.73,1,2944.73,3.71,0.13,13.27,0.45,-5.7,-0.19,1060.91,0.11
2256,Exit long,2026-01-23 11:00,Close entry(s) order L,2951.41,1,2952.16,-0.75,-0.03,18.94,0.64,-1.01,-0.03,1060.16,0.11
2256,Entry long,2026-01-23 09:00,L,2952.16,1,2952.16,-0.75,-0.03,18.94,0.64,-1.01,-0.03,1060.16,0.11
2257,Exit long,2026-01-23 14:30,Close entry(s) order L,2944.8,1,2957.86,-13.06,-0.44,25.76,0.87,-21.15,-0.72,1047.1,0.10
2257,Entry long,2026-01-23 11:15,L,2957.86,1,2957.86,-13.06,-0.44,25.76,0.87,-21.15,-0.72,1047.1,0.10
2258,Exit long,2026-01-23 21:45,Close entry(s) order L,2934.01,1,2938.2,-4.19,-0.14,8.14,0.28,-12.59,-0.43,1042.91,0.10
2258,Entry long,2026-01-23 19:15,L,2938.2,1,2938.2,-4.19,-0.14,8.14,0.28,-12.59,-0.43,1042.91,0.10
2259,Exit long,2026-01-23 22:45,Close entry(s) order L,2907.15,1,2938.76,-31.61,-1.08,2.2,0.07,-48.56,-1.65,1011.3,0.10
2259,Entry long,2026-01-23 22:30,L,2938.76,1,2938.76,-31.61,-1.08,2.2,0.07,-48.56,-1.65,1011.3,0.10
2260,Exit long,2026-01-24 03:15,Close entry(s) order L,2976.52,1,2933.58,42.94,1.46,86.87,2.96,-0.99,-0.03,1054.24,0.11
2260,Entry long,2026-01-23 23:45,L,2933.58,1,2933.58,42.94,1.46,86.87,2.96,-0.99,-0.03,1054.24,0.11
2261,Exit long,2026-01-24 08:30,Close entry(s) order L,2950.64,1,2956.61,-5.97,-0.20,4.42,0.15,-7.22,-0.24,1048.27,0.10
2261,Entry long,2026-01-24 06:30,L,2956.61,1,2956.61,-5.97,-0.20,4.42,0.15,-7.22,-0.24,1048.27,0.10
2262,Exit long,2026-01-24 12:30,Close entry(s) order L,2958.66,1,2952.69,5.97,0.20,16.06,0.54,-2.3,-0.08,1054.24,0.11
2262,Entry long,2026-01-24 09:15,L,2952.69,1,2952.69,5.97,0.20,16.06,0.54,-2.3,-0.08,1054.24,0.11
2263,Exit long,2026-01-24 13:45,Close entry(s) order L,2957.8,1,2960.33,-2.53,-0.09,3.81,0.13,-3.99,-0.13,1051.71,0.11
2263,Entry long,2026-01-24 12:45,L,2960.33,1,2960.33,-2.53,-0.09,3.81,0.13,-3.99,-0.13,1051.71,0.11
2264,Exit long,2026-01-24 14:30,Close entry(s) order L,2959,1,2962.01,-3.01,-0.10,0,0.00,-3.66,-0.12,1048.7,0.10
2264,Entry long,2026-01-24 14:15,L,2962.01,1,2962.01,-3.01,-0.10,0,0.00,-3.66,-0.12,1048.7,0.10
2265,Exit long,2026-01-24 18:15,Close entry(s) order L,2958.4,1,2959.78,-1.38,-0.05,3.83,0.13,-1.46,-0.05,1047.32,0.10
2265,Entry long,2026-01-24 16:45,L,2959.78,1,2959.78,-1.38,-0.05,3.83,0.13,-1.46,-0.05,1047.32,0.10
2266,Exit long,2026-01-24 20:00,Close entry(s) order L,2959.93,1,2959.51,0.42,0.01,3.91,0.13,-0.37,-0.01,1047.74,0.10
2266,Entry long,2026-01-24 18:45,L,2959.51,1,2959.51,0.42,0.01,3.91,0.13,-0.37,-0.01,1047.74,0.10
2267,Exit long,2026-01-24 21:30,Close entry(s) order L,2959.52,1,2960.78,-1.26,-0.04,2.8,0.09,-2.78,-0.09,1046.48,0.10
2267,Entry long,2026-01-24 20:30,L,2960.78,1,2960.78,-1.26,-0.04,2.8,0.09,-2.78,-0.09,1046.48,0.10
2268,Exit long,2026-01-24 23:45,Close entry(s) order L,2958.12,1,2966.62,-8.5,-0.29,0,0.00,-9,-0.30,1037.98,0.10
2268,Entry long,2026-01-24 23:15,L,2966.62,1,2966.62,-8.5,-0.29,0,0.00,-9,-0.30,1037.98,0.10
2269,Exit long,2026-01-25 03:15,Close entry(s) order L,2956.87,1,2957.42,-0.55,-0.02,9.88,0.33,-2.14,-0.07,1037.43,0.10
2269,Entry long,2026-01-25 01:00,L,2957.42,1,2957.42,-0.55,-0.02,9.88,0.33,-2.14,-0.07,1037.43,0.10
2270,Exit long,2026-01-25 07:30,Close entry(s) order L,2956.18,1,2956.8,-0.62,-0.02,6.22,0.21,-3.76,-0.13,1036.81,0.10
2270,Entry long,2026-01-25 06:00,L,2956.8,1,2956.8,-0.62,-0.02,6.22,0.21,-3.76,-0.13,1036.81,0.10
2271,Exit long,2026-01-25 09:15,Close entry(s) order L,2955.82,1,2957.64,-1.82,-0.06,1.63,0.06,-2.95,-0.10,1034.99,0.10
2271,Entry long,2026-01-25 09:00,L,2957.64,1,2957.64,-1.82,-0.06,1.63,0.06,-2.95,-0.10,1034.99,0.10
2272,Exit long,2026-01-25 10:30,Close entry(s) order L,2952.11,1,2955.6,-3.49,-0.12,0.01,0.00,-3.5,-0.12,1031.5,0.10
2272,Entry long,2026-01-25 10:15,L,2955.6,1,2955.6,-3.49,-0.12,0.01,0.00,-3.5,-0.12,1031.5,0.10
2273,Exit long,2026-01-25 14:15,Close entry(s) order L,2935.87,1,2946.03,-10.16,-0.34,0.01,0.00,-12.32,-0.42,1021.34,0.10
2273,Entry long,2026-01-25 14:00,L,2946.03,1,2946.03,-10.16,-0.34,0.01,0.00,-12.32,-0.42,1021.34,0.10
2274,Exit long,2026-01-25 15:15,Close entry(s) order L,2938,1,2945.22,-7.22,-0.25,0.01,0.00,-7.38,-0.25,1014.12,0.10
2274,Entry long,2026-01-25 14:45,L,2945.22,1,2945.22,-7.22,-0.25,0.01,0.00,-7.38,-0.25,1014.12,0.10
2275,Exit long,2026-01-25 16:30,Close entry(s) order L,2940.67,1,2942.61,-1.94,-0.07,1.36,0.05,-1.94,-0.07,1012.18,0.10
2275,Entry long,2026-01-25 16:15,L,2942.61,1,2942.61,-1.94,-0.07,1.36,0.05,-1.94,-0.07,1012.18,0.10
2276,Exit long,2026-01-25 18:00,Close entry(s) order L,2934.55,1,2938,-3.45,-0.12,0.5,0.02,-3.66,-0.12,1008.73,0.10
2276,Entry long,2026-01-25 17:45,L,2938,1,2938,-3.45,-0.12,0.5,0.02,-3.66,-0.12,1008.73,0.10
2277,Exit long,2026-01-25 19:45,Close entry(s) order L,2933.94,1,2937.86,-3.92,-0.13,9.14,0.31,-5.28,-0.18,1004.81,0.10
2277,Entry long,2026-01-25 18:15,L,2937.86,1,2937.86,-3.92,-0.13,9.14,0.31,-5.28,-0.18,1004.81,0.10
2278,Exit long,2026-01-25 20:30,Close entry(s) order L,2937.65,1,2938.99,-1.34,-0.05,5.09,0.17,-7.89,-0.27,1003.47,0.10
2278,Entry long,2026-01-25 20:15,L,2938.99,1,2938.99,-1.34,-0.05,5.09,0.17,-7.89,-0.27,1003.47,0.10
2279,Exit long,2026-01-25 21:15,Close entry(s) order L,2938.54,1,2939.7,-1.16,-0.04,3.81,0.13,-2.34,-0.08,1002.31,0.10
2279,Entry long,2026-01-25 20:45,L,2939.7,1,2939.7,-1.16,-0.04,3.81,0.13,-2.34,-0.08,1002.31,0.10
2280,Exit long,2026-01-25 22:15,Close entry(s) order L,2937.16,1,2940.08,-2.92,-0.10,3.97,0.14,-6.49,-0.22,999.39,0.10
2280,Entry long,2026-01-25 21:45,L,2940.08,1,2940.08,-2.92,-0.10,3.97,0.14,-6.49,-0.22,999.39,0.10
2281,Exit long,2026-01-26 11:30,Close entry(s) order L,2852.66,1,2815.49,37.17,1.32,82.53,2.93,-4.77,-0.17,1036.56,0.10
2281,Entry long,2026-01-26 08:00,L,2815.49,1,2815.49,37.17,1.32,82.53,2.93,-4.77,-0.17,1036.56,0.10
2282,Exit long,2026-01-26 12:45,Close entry(s) order L,2862.15,1,2870.86,-8.71,-0.30,3.38,0.12,-8.78,-0.31,1027.85,0.10
2282,Entry long,2026-01-26 12:30,L,2870.86,1,2870.86,-8.71,-0.30,3.38,0.12,-8.78,-0.31,1027.85,0.10
2283,Exit long,2026-01-26 17:15,Close entry(s) order L,2892.8,1,2866.91,25.89,0.90,68.09,2.38,-3.62,-0.13,1053.74,0.11
2283,Entry long,2026-01-26 13:30,L,2866.91,1,2866.91,25.89,0.90,68.09,2.38,-3.62,-0.13,1053.74,0.11
2284,Exit long,2026-01-26 19:00,Close entry(s) order L,2894.85,1,2898.02,-3.17,-0.11,1.98,0.07,-3.61,-0.12,1050.57,0.11
2284,Entry long,2026-01-26 18:45,L,2898.02,1,2898.02,-3.17,-0.11,1.98,0.07,-3.61,-0.12,1050.57,0.11
2285,Exit long,2026-01-26 19:30,Close entry(s) order L,2888.85,1,2899,-10.15,-0.35,0,0.00,-10.72,-0.37,1040.42,0.10
2285,Entry long,2026-01-26 19:15,L,2899,1,2899,-10.15,-0.35,0,0.00,-10.72,-0.37,1040.42,0.10
2286,Exit long,2026-01-26 22:15,Close entry(s) order L,2884.03,1,2905.41,-21.38,-0.74,9.57,0.33,-25.95,-0.89,1019.04,0.10
2286,Entry long,2026-01-26 20:15,L,2905.41,1,2905.41,-21.38,-0.74,9.57,0.33,-25.95,-0.89,1019.04,0.10
2287,Exit long,2026-01-26 23:45,Close entry(s) order L,2891.86,1,2916.27,-24.41,-0.84,33.73,1.16,-31.33,-1.07,994.63,0.10
2287,Entry long,2026-01-26 22:45,L,2916.27,1,2916.27,-24.41,-0.84,33.73,1.16,-31.33,-1.07,994.63,0.10
2288,Exit long,2026-01-27 04:30,Close entry(s) order L,2915.41,1,2908.36,7.05,0.24,26.74,0.92,-1.36,-0.05,1001.68,0.10
2288,Entry long,2026-01-27 02:00,L,2908.36,1,2908.36,7.05,0.24,26.74,0.92,-1.36,-0.05,1001.68,0.10
2289,Exit long,2026-01-27 08:15,Close entry(s) order L,2921.24,1,2934.86,-13.62,-0.46,9.31,0.32,-17.85,-0.61,988.06,0.10
2289,Entry long,2026-01-27 05:45,L,2934.86,1,2934.86,-13.62,-0.46,9.31,0.32,-17.85,-0.61,988.06,0.10
2290,Exit long,2026-01-27 13:00,Close entry(s) order L,2939.41,1,2930.42,8.99,0.31,27.58,0.94,-2.6,-0.09,997.05,0.10
2290,Entry long,2026-01-27 09:30,L,2930.42,1,2930.42,8.99,0.31,27.58,0.94,-2.6,-0.09,997.05,0.10
2291,Exit long,2026-01-27 14:30,Close entry(s) order L,2932.65,1,2940.83,-8.18,-0.28,0.02,0.00,-9.53,-0.32,988.87,0.10
2291,Entry long,2026-01-27 14:15,L,2940.83,1,2940.83,-8.18,-0.28,0.02,0.00,-9.53,-0.32,988.87,0.10
2292,Exit long,2026-01-27 21:30,Close entry(s) order L,2907.12,1,2918.23,-11.11,-0.38,8.64,0.30,-13.23,-0.45,977.76,0.10
2292,Entry long,2026-01-27 19:45,L,2918.23,1,2918.23,-11.11,-0.38,8.64,0.30,-13.23,-0.45,977.76,0.10
2293,Exit long,2026-01-27 22:00,Close entry(s) order L,2911.35,1,2914.7,-3.35,-0.11,0.54,0.02,-8.02,-0.28,974.41,0.10
2293,Entry long,2026-01-27 21:45,L,2914.7,1,2914.7,-3.35,-0.11,0.54,0.02,-8.02,-0.28,974.41,0.10
2294,Exit long,2026-01-27 22:45,Close entry(s) order L,2909.79,1,2925.63,-15.84,-0.54,18.63,0.64,-20.13,-0.69,958.57,0.10
2294,Entry long,2026-01-27 22:15,L,2925.63,1,2925.63,-15.84,-0.54,18.63,0.64,-20.13,-0.69,958.57,0.10
2295,Exit long,2026-01-27 23:30,Close entry(s) order L,2914.58,1,2917.32,-2.74,-0.09,21.68,0.74,-5.66,-0.19,955.83,0.10
2295,Entry long,2026-01-27 23:00,L,2917.32,1,2917.32,-2.74,-0.09,21.68,0.74,-5.66,-0.19,955.83,0.10
2296,Exit long,2026-01-28 01:45,Close entry(s) order L,2920.26,1,2918.03,2.23,0.08,79.61,2.73,-0.16,-0.01,958.06,0.10
2296,Entry long,2026-01-27 23:45,L,2918.03,1,2918.03,2.23,0.08,79.61,2.73,-0.16,-0.01,958.06,0.10
2297,Exit long,2026-01-28 08:45,Close entry(s) order L,3014.96,1,2977.1,37.86,1.27,57.89,1.94,-13.29,-0.45,995.92,0.10
2297,Entry long,2026-01-28 03:00,L,2977.1,1,2977.1,37.86,1.27,57.89,1.94,-13.29,-0.45,995.92,0.10
2298,Exit long,2026-01-28 09:15,Close entry(s) order L,3017.45,1,3022.99,-5.54,-0.18,2.7,0.09,-6.07,-0.20,990.38,0.10
2298,Entry long,2026-01-28 09:00,L,3022.99,1,3022.99,-5.54,-0.18,2.7,0.09,-6.07,-0.20,990.38,0.10
2299,Exit long,2026-01-28 16:15,Close entry(s) order L,2997.79,1,3003.04,-5.25,-0.17,15.05,0.50,-6.36,-0.21,985.13,0.10
2299,Entry long,2026-01-28 14:00,L,3003.04,1,3003.04,-5.25,-0.17,15.05,0.50,-6.36,-0.21,985.13,0.10
2300,Exit long,2026-01-28 22:15,Close entry(s) order L,3029.1,1,3009.08,20.02,0.67,35.92,1.19,-1.95,-0.06,1005.15,0.10
2300,Entry long,2026-01-28 17:45,L,3009.08,1,3009.08,20.02,0.67,35.92,1.19,-1.95,-0.06,1005.15,0.10
2301,Exit long,2026-01-29 03:45,Close entry(s) order L,2998.68,1,3011.71,-13.03,-0.43,19.07,0.63,-16.55,-0.55,992.12,0.10
2301,Entry long,2026-01-29 01:45,L,3011.71,1,3011.71,-13.03,-0.43,19.07,0.63,-16.55,-0.55,992.12,0.10
2302,Exit long,2026-01-29 04:45,Close entry(s) order L,3012.6,1,3015.26,-2.66,-0.09,22.84,0.76,-4.61,-0.15,989.46,0.10
2302,Entry long,2026-01-29 04:00,L,3015.26,1,3015.26,-2.66,-0.09,22.84,0.76,-4.61,-0.15,989.46,0.10
2303,Exit long,2026-01-29 05:30,Close entry(s) order L,3013.03,1,3014.89,-1.86,-0.06,3.62,0.12,-3.25,-0.11,987.6,0.10
2303,Entry long,2026-01-29 05:15,L,3014.89,1,3014.89,-1.86,-0.06,3.62,0.12,-3.25,-0.11,987.6,0.10
2304,Exit long,2026-01-29 06:15,Close entry(s) order L,3012.05,1,3018.87,-6.82,-0.23,7.43,0.25,-7.06,-0.23,980.78,0.10
2304,Entry long,2026-01-29 05:45,L,3018.87,1,3018.87,-6.82,-0.23,7.43,0.25,-7.06,-0.23,980.78,0.10
2305,Exit long,2026-01-29 06:45,Close entry(s) order L,3009.46,1,3014.66,-5.2,-0.17,0.67,0.02,-6.5,-0.22,975.58,0.10
2305,Entry long,2026-01-29 06:30,L,3014.66,1,3014.66,-5.2,-0.17,0.67,0.02,-6.5,-0.22,975.58,0.10
2306,Exit long,2026-01-29 07:15,Close entry(s) order L,3013.82,1,3017.2,-3.38,-0.11,4.69,0.16,-3.57,-0.12,972.2,0.10
2306,Entry long,2026-01-29 07:00,L,3017.2,1,3017.2,-3.38,-0.11,4.69,0.16,-3.57,-0.12,972.2,0.10
2307,Exit long,2026-01-29 16:15,Close entry(s) order L,2946.51,1,2955.78,-9.27,-0.31,7.76,0.26,-11.88,-0.40,962.93,0.10
2307,Entry long,2026-01-29 14:30,L,2955.78,1,2955.78,-9.27,-0.31,7.76,0.26,-11.88,-0.40,962.93,0.10
2308,Exit long,2026-01-29 16:45,Close entry(s) order L,2953.84,1,2966.88,-13.04,-0.44,0.62,0.02,-16.59,-0.56,949.89,0.09
2308,Entry long,2026-01-29 16:30,L,2966.88,1,2966.88,-13.04,-0.44,0.62,0.02,-16.59,-0.56,949.89,0.09
2309,Exit long,2026-01-29 22:15,Close entry(s) order L,2930.9,1,2937.19,-6.29,-0.21,0,0.00,-7.17,-0.24,943.6,0.09
2309,Entry long,2026-01-29 21:30,L,2937.19,1,2937.19,-6.29,-0.21,0,0.00,-7.17,-0.24,943.6,0.09
2310,Exit long,2026-01-30 08:30,Close entry(s) order L,2806.1,1,2804.91,1.19,0.04,22.36,0.80,-4.24,-0.15,944.79,0.09
2310,Entry long,2026-01-30 05:00,L,2804.91,1,2804.91,1.19,0.04,22.36,0.80,-4.24,-0.15,944.79,0.09
2311,Exit long,2026-01-30 14:00,Close entry(s) order L,2745.78,1,2755.26,-9.48,-0.34,18.42,0.67,-9.8,-0.36,935.31,0.09
2311,Entry long,2026-01-30 12:15,L,2755.26,1,2755.26,-9.48,-0.34,18.42,0.67,-9.8,-0.36,935.31,0.09
2312,Exit long,2026-01-30 15:30,Close entry(s) order L,2737.5,1,2744.54,-7.04,-0.26,4.36,0.16,-7.52,-0.27,928.27,0.09
2312,Entry long,2026-01-30 15:15,L,2744.54,1,2744.54,-7.04,-0.26,4.36,0.16,-7.52,-0.27,928.27,0.09
2313,Exit long,2026-01-30 16:45,Close entry(s) order L,2732.11,1,2744.12,-12.01,-0.44,3.24,0.12,-23.11,-0.84,916.26,0.09
2313,Entry long,2026-01-30 16:15,L,2744.12,1,2744.12,-12.01,-0.44,3.24,0.12,-23.11,-0.84,916.26,0.09
2314,Exit long,2026-01-30 17:15,Close entry(s) order L,2731.45,1,2736.2,-4.75,-0.17,6.77,0.25,-6.07,-0.22,911.51,0.09
2314,Entry long,2026-01-30 17:00,L,2736.2,1,2736.2,-4.75,-0.17,6.77,0.25,-6.07,-0.22,911.51,0.09
2315,Exit long,2026-01-30 21:30,Close entry(s) order L,2735.06,1,2734.81,0.25,0.01,32.99,1.21,-8.41,-0.31,911.76,0.09
2315,Entry long,2026-01-30 19:00,L,2734.81,1,2734.81,0.25,0.01,32.99,1.21,-8.41,-0.31,911.76,0.09
2316,Exit long,2026-01-30 23:00,Close entry(s) order L,2736.38,1,2757.72,-21.34,-0.77,6.21,0.23,-30.72,-1.11,890.42,0.09
2316,Entry long,2026-01-30 22:45,L,2757.72,1,2757.72,-21.34,-0.77,6.21,0.23,-30.72,-1.11,890.42,0.09
2317,Exit long,2026-01-31 00:00,Close entry(s) order L,2727.63,1,2736.8,-9.17,-0.34,0.48,0.02,-11.24,-0.41,881.25,0.09
2317,Entry long,2026-01-30 23:45,L,2736.8,1,2736.8,-9.17,-0.34,0.48,0.02,-11.24,-0.41,881.25,0.09
2318,Exit long,2026-01-31 00:30,Close entry(s) order L,2732.1,1,2735.34,-3.24,-0.12,3.21,0.12,-31.37,-1.15,878.01,0.09
2318,Entry long,2026-01-31 00:15,L,2735.34,1,2735.34,-3.24,-0.12,3.21,0.12,-31.37,-1.15,878.01,0.09
2319,Exit long,2026-01-31 01:00,Close entry(s) order L,2725.5,1,2736.22,-10.72,-0.39,0.3,0.01,-15.45,-0.56,867.29,0.09
2319,Entry long,2026-01-31 00:45,L,2736.22,1,2736.22,-10.72,-0.39,0.3,0.01,-15.45,-0.56,867.29,0.09
2320,Exit long,2026-01-31 01:45,Close entry(s) order L,2719.77,1,2732.35,-12.58,-0.46,0.3,0.01,-20.19,-0.74,854.71,0.09
2320,Entry long,2026-01-31 01:30,L,2732.35,1,2732.35,-12.58,-0.46,0.3,0.01,-20.19,-0.74,854.71,0.09
2321,Exit long,2026-01-31 04:15,Close entry(s) order L,2718.4,1,2739.26,-20.86,-0.76,20.74,0.76,-30.19,-1.10,833.85,0.08
2321,Entry long,2026-01-31 03:00,L,2739.26,1,2739.26,-20.86,-0.76,20.74,0.76,-30.19,-1.10,833.85,0.08
2322,Exit long,2026-01-31 07:15,Close entry(s) order L,2697.99,1,2708.63,-10.64,-0.39,2.07,0.08,-12.4,-0.46,823.21,0.08
2322,Entry long,2026-01-31 07:00,L,2708.63,1,2708.63,-10.64,-0.39,2.07,0.08,-12.4,-0.46,823.21,0.08
2323,Exit long,2026-01-31 09:45,Close entry(s) order L,2703.93,1,2706.04,-2.11,-0.08,7.39,0.27,-6.84,-0.25,821.1,0.08
2323,Entry long,2026-01-31 07:45,L,2706.04,1,2706.04,-2.11,-0.08,7.39,0.27,-6.84,-0.25,821.1,0.08
2324,Exit long,2026-01-31 11:00,Close entry(s) order L,2700.73,1,2704.2,-3.47,-0.13,3.36,0.12,-3.82,-0.14,817.63,0.08
2324,Entry long,2026-01-31 10:45,L,2704.2,1,2704.2,-3.47,-0.13,3.36,0.12,-3.82,-0.14,817.63,0.08
2325,Exit long,2026-01-31 12:45,Close entry(s) order L,2696.79,1,2703.44,-6.65,-0.25,0,0.00,-6.65,-0.25,810.98,0.08
2325,Entry long,2026-01-31 12:30,L,2703.44,1,2703.44,-6.65,-0.25,0,0.00,-6.65,-0.25,810.98,0.08
2326,Exit long,2026-01-31 13:45,Close entry(s) order L,2697.57,1,2699.61,-2.04,-0.08,2.7,0.10,-2.04,-0.08,808.94,0.08
2326,Entry long,2026-01-31 13:30,L,2699.61,1,2699.61,-2.04,-0.08,2.7,0.10,-2.04,-0.08,808.94,0.08
2327,Exit long,2026-02-01 09:45,Close entry(s) order L,2435.53,1,2386.63,48.9,2.05,88.35,3.70,-6.6,-0.28,857.84,0.09
2327,Entry long,2026-02-01 05:15,L,2386.63,1,2386.63,48.9,2.05,88.35,3.70,-6.6,-0.28,857.84,0.09
2328,Exit long,2026-02-01 10:30,Close entry(s) order L,2444.83,1,2443.3,1.53,0.06,13.9,0.57,-4.82,-0.20,859.37,0.09
2328,Entry long,2026-02-01 10:00,L,2443.3,1,2443.3,1.53,0.06,13.9,0.57,-4.82,-0.20,859.37,0.09
2329,Exit long,2026-02-01 11:15,Close entry(s) order L,2448.09,1,2450.17,-2.08,-0.08,10.52,0.43,-5.29,-0.22,857.29,0.09
2329,Entry long,2026-02-01 10:45,L,2450.17,1,2450.17,-2.08,-0.08,10.52,0.43,-5.29,-0.22,857.29,0.09
2330,Exit long,2026-02-01 13:15,Close entry(s) order L,2439.92,1,2451.12,-11.2,-0.46,2.41,0.10,-17.11,-0.70,846.09,0.08
2330,Entry long,2026-02-01 12:15,L,2451.12,1,2451.12,-11.2,-0.46,2.41,0.10,-17.11,-0.70,846.09,0.08
2331,Exit long,2026-02-01 17:00,Close entry(s) order L,2411.72,1,2424.83,-13.11,-0.54,0,0.00,-13.83,-0.57,832.98,0.08
2331,Entry long,2026-02-01 16:45,L,2424.83,1,2424.83,-13.11,-0.54,0,0.00,-13.83,-0.57,832.98,0.08
2332,Exit long,2026-02-01 18:45,Close entry(s) order L,2384.32,1,2425.44,-41.12,-1.70,12.51,0.52,-41.79,-1.72,791.86,0.08
2332,Entry long,2026-02-01 17:45,L,2425.44,1,2425.44,-41.12,-1.70,12.51,0.52,-41.79,-1.72,791.86,0.08
2333,Exit long,2026-02-01 20:00,Close entry(s) order L,2410.65,1,2419,-8.35,-0.35,2.86,0.12,-10.87,-0.45,783.51,0.08
2333,Entry long,2026-02-01 19:45,L,2419,1,2419,-8.35,-0.35,2.86,0.12,-10.87,-0.45,783.51,0.08
2334,Exit long,2026-02-02 04:00,Close entry(s) order L,2319.29,1,2355.73,-36.44,-1.55,22.36,0.95,-51.14,-2.17,747.07,0.07
2334,Entry long,2026-02-02 02:15,L,2355.73,1,2355.73,-36.44,-1.55,22.36,0.95,-51.14,-2.17,747.07,0.07
2335,Exit long,2026-02-02 05:00,Close entry(s) order L,2315.08,1,2333.02,-17.94,-0.77,0.68,0.03,-21.02,-0.90,729.13,0.07
2335,Entry long,2026-02-02 04:45,L,2333.02,1,2333.02,-17.94,-0.77,0.68,0.03,-21.02,-0.90,729.13,0.07
2336,Exit long,2026-02-02 06:30,Close entry(s) order L,2313.59,1,2323.39,-9.8,-0.42,0.32,0.01,-32.26,-1.39,719.33,0.07
2336,Entry long,2026-02-02 06:15,L,2323.39,1,2323.39,-9.8,-0.42,0.32,0.01,-32.26,-1.39,719.33,0.07
2337,Exit long,2026-02-02 07:15,Close entry(s) order L,2257.65,1,2320.21,-62.56,-2.70,5.1,0.22,-102.21,-4.41,656.77,0.07
2337,Entry long,2026-02-02 06:45,L,2320.21,1,2320.21,-62.56,-2.70,5.1,0.22,-102.21,-4.41,656.77,0.07
2338,Exit long,2026-02-02 09:00,Close entry(s) order L,2291.44,1,2312.1,-20.66,-0.89,10.61,0.46,-26.08,-1.13,636.11,0.06
2338,Entry long,2026-02-02 08:30,L,2312.1,1,2312.1,-20.66,-0.89,10.61,0.46,-26.08,-1.13,636.11,0.06
2339,Exit long,2026-02-02 10:00,Close entry(s) order L,2289.43,1,2309.62,-20.19,-0.87,0.62,0.03,-24.37,-1.06,615.92,0.06
2339,Entry long,2026-02-02 09:30,L,2309.62,1,2309.62,-20.19,-0.87,0.62,0.03,-24.37,-1.06,615.92,0.06
2340,Exit long,2026-02-02 10:45,Close entry(s) order L,2273.42,1,2292.08,-18.66,-0.81,5.28,0.23,-25.68,-1.12,597.26,0.06
2340,Entry long,2026-02-02 10:30,L,2292.08,1,2292.08,-18.66,-0.81,5.28,0.23,-25.68,-1.12,597.26,0.06
2341,Exit long,2026-02-02 13:00,Close entry(s) order L,2239.71,1,2262.19,-22.48,-0.99,2.32,0.10,-23.6,-1.04,574.78,0.06
2341,Entry long,2026-02-02 12:30,L,2262.19,1,2262.19,-22.48,-0.99,2.32,0.10,-23.6,-1.04,574.78,0.06
2342,Exit long,2026-02-03 01:45,Close entry(s) order L,2352.25,1,2219.71,132.54,5.97,175.69,7.91,-14.21,-0.64,707.32,0.07
2342,Entry long,2026-02-02 14:45,L,2219.71,1,2219.71,132.54,5.97,175.69,7.91,-14.21,-0.64,707.32,0.07
2343,Exit long,2026-02-03 08:15,Close entry(s) order L,2332.52,1,2338.57,-6.05,-0.26,15.17,0.65,-15.08,-0.64,701.27,0.07
2343,Entry long,2026-02-03 05:45,L,2338.57,1,2338.57,-6.05,-0.26,15.17,0.65,-15.08,-0.64,701.27,0.07
2344,Exit long,2026-02-03 10:15,Close entry(s) order L,2327.59,1,2345.01,-17.42,-0.74,13.59,0.58,-18.77,-0.80,683.85,0.07
2344,Entry long,2026-02-03 08:30,L,2345.01,1,2345.01,-17.42,-0.74,13.59,0.58,-18.77,-0.80,683.85,0.07
2345,Exit long,2026-02-03 13:15,Close entry(s) order L,2325.71,1,2343.1,-17.39,-0.74,11.3,0.48,-18.22,-0.78,666.46,0.07
2345,Entry long,2026-02-03 12:00,L,2343.1,1,2343.1,-17.39,-0.74,11.3,0.48,-18.22,-0.78,666.46,0.07
2346,Exit long,2026-02-03 13:45,Close entry(s) order L,2322.11,1,2328.3,-6.19,-0.27,3.46,0.15,-9.79,-0.42,660.27,0.07
2346,Entry long,2026-02-03 13:30,L,2328.3,1,2328.3,-6.19,-0.27,3.46,0.15,-9.79,-0.42,660.27,0.07
2347,Exit long,2026-02-03 16:00,Close entry(s) order L,2322,1,2327.24,-5.24,-0.23,0.79,0.03,-7.83,-0.34,655.03,0.07
2347,Entry long,2026-02-03 15:45,L,2327.24,1,2327.24,-5.24,-0.23,0.79,0.03,-7.83,-0.34,655.03,0.07
2348,Exit long,2026-02-03 17:00,Close entry(s) order L,2314.62,1,2326.2,-11.58,-0.50,3.07,0.13,-12.95,-0.56,643.45,0.06
2348,Entry long,2026-02-03 16:30,L,2326.2,1,2326.2,-11.58,-0.50,3.07,0.13,-12.95,-0.56,643.45,0.06
2349,Exit long,2026-02-03 22:45,Close entry(s) order L,2281.54,1,2290.92,-9.38,-0.41,25.44,1.11,-17.92,-0.78,634.07,0.06
2349,Entry long,2026-02-03 20:15,L,2290.92,1,2290.92,-9.38,-0.41,25.44,1.11,-17.92,-0.78,634.07,0.06
2350,Exit long,2026-02-04 00:15,Close entry(s) order L,2276.66,1,2302.16,-25.5,-1.11,0.54,0.02,-29.16,-1.27,608.57,0.06
2350,Entry long,2026-02-04 00:00,L,2302.16,1,2302.16,-25.5,-1.11,0.54,0.02,-29.16,-1.27,608.57,0.06
2351,Exit long,2026-02-04 06:45,Close entry(s) order L,2253.71,1,2197.62,56.09,2.55,156.35,7.11,-11.62,-0.53,664.66,0.07
2351,Entry long,2026-02-04 03:45,L,2197.62,1,2197.62,56.09,2.55,156.35,7.11,-11.62,-0.53,664.66,0.07
2352,Exit long,2026-02-04 11:00,Close entry(s) order L,2250.62,1,2272.22,-21.6,-0.95,8.28,0.36,-31.02,-1.37,643.06,0.06
2352,Entry long,2026-02-04 09:15,L,2272.22,1,2272.22,-21.6,-0.95,8.28,0.36,-31.02,-1.37,643.06,0.06
2353,Exit long,2026-02-04 13:45,Close entry(s) order L,2263.19,1,2275.32,-12.13,-0.53,19.68,0.86,-14.71,-0.65,630.93,0.06
2353,Entry long,2026-02-04 11:15,L,2275.32,1,2275.32,-12.13,-0.53,19.68,0.86,-14.71,-0.65,630.93,0.06
2354,Exit long,2026-02-04 14:30,Close entry(s) order L,2269.04,1,2273.79,-4.75,-0.21,0.81,0.04,-10.61,-0.47,626.18,0.06
2354,Entry long,2026-02-04 14:15,L,2273.79,1,2273.79,-4.75,-0.21,0.81,0.04,-10.61,-0.47,626.18,0.06
2355,Exit long,2026-02-04 16:30,Close entry(s) order L,2269.34,1,2277.39,-8.05,-0.35,16.99,0.75,-15.05,-0.66,618.13,0.06
2355,Entry long,2026-02-04 14:45,L,2277.39,1,2277.39,-8.05,-0.35,16.99,0.75,-15.05,-0.66,618.13,0.06
2356,Exit long,2026-02-04 17:15,Close entry(s) order L,2269.46,1,2277.39,-7.93,-0.35,6.28,0.28,-8.36,-0.37,610.2,0.06
2356,Entry long,2026-02-04 16:45,L,2277.39,1,2277.39,-7.93,-0.35,6.28,0.28,-8.36,-0.37,610.2,0.06
2357,Exit long,2026-02-05 05:30,Close entry(s) order L,2142.41,1,2167.28,-24.87,-1.15,27.72,1.28,-35.09,-1.62,585.33,0.06
2357,Entry long,2026-02-05 02:45,L,2167.28,1,2167.28,-24.87,-1.15,27.72,1.28,-35.09,-1.62,585.33,0.06
2358,Exit long,2026-02-05 06:45,Close entry(s) order L,2129.05,1,2162.7,-33.65,-1.56,0.11,0.01,-38.29,-1.77,551.68,0.06
2358,Entry long,2026-02-05 06:30,L,2162.7,1,2162.7,-33.65,-1.56,0.11,0.01,-38.29,-1.77,551.68,0.06
2359,Exit long,2026-02-05 08:15,Close entry(s) order L,2136.76,1,2154.14,-17.38,-0.81,10.86,0.50,-18.48,-0.86,534.3,0.05
2359,Entry long,2026-02-05 07:30,L,2154.14,1,2154.14,-17.38,-0.81,10.86,0.50,-18.48,-0.86,534.3,0.05
2360,Exit long,2026-02-05 10:00,Close entry(s) order L,2147.79,1,2161.01,-13.22,-0.61,11.99,0.55,-39.12,-1.81,521.08,0.05
2360,Entry long,2026-02-05 08:30,L,2161.01,1,2161.01,-13.22,-0.61,11.99,0.55,-39.12,-1.81,521.08,0.05
2361,Exit long,2026-02-05 11:00,Close entry(s) order L,2123.31,1,2157.31,-34,-1.58,1.66,0.08,-39.2,-1.82,487.08,0.05
2361,Entry long,2026-02-05 10:45,L,2157.31,1,2157.31,-34,-1.58,1.66,0.08,-39.2,-1.82,487.08,0.05
2362,Exit long,2026-02-05 14:00,Close entry(s) order L,2100.44,1,2118.21,-17.77,-0.84,1.79,0.08,-28.86,-1.36,469.31,0.05
2362,Entry long,2026-02-05 13:45,L,2118.21,1,2118.21,-17.77,-0.84,1.79,0.08,-28.86,-1.36,469.31,0.05
2363,Exit long,2026-02-05 16:00,Close entry(s) order L,2090.56,1,2104.9,-14.34,-0.68,18.88,0.90,-20.2,-0.96,454.97,0.05
2363,Entry long,2026-02-05 15:15,L,2104.9,1,2104.9,-14.34,-0.68,18.88,0.90,-20.2,-0.96,454.97,0.05
2364,Exit long,2026-02-05 19:00,Close entry(s) order L,2096.49,1,2102.39,-5.9,-0.28,46.99,2.24,-17.79,-0.85,449.07,0.04
2364,Entry long,2026-02-05 16:15,L,2102.39,1,2102.39,-5.9,-0.28,46.99,2.24,-17.79,-0.85,449.07,0.04
2365,Exit long,2026-02-05 23:00,Close entry(s) order L,2045.37,1,2076.35,-30.98,-1.49,30.99,1.49,-35.02,-1.69,418.09,0.04
2365,Entry long,2026-02-05 22:30,L,2076.35,1,2076.35,-30.98,-1.49,30.99,1.49,-35.02,-1.69,418.09,0.04
2366,Exit long,2026-02-06 07:45,Close entry(s) order L,1843.53,1,1898.89,-55.36,-2.92,4.24,0.22,-61.19,-3.22,362.73,0.04
2366,Entry long,2026-02-06 07:15,L,1898.89,1,1898.89,-55.36,-2.92,4.24,0.22,-61.19,-3.22,362.73,0.04
2367,Exit long,2026-02-06 11:45,Close entry(s) order L,1889.77,1,1861.33,28.44,1.53,86.17,4.63,-12.72,-0.68,391.17,0.04
2367,Entry long,2026-02-06 08:45,L,1861.33,1,1861.33,28.44,1.53,86.17,4.63,-12.72,-0.68,391.17,0.04
2368,Exit long,2026-02-06 15:00,Close entry(s) order L,1907.54,1,1911,-3.46,-0.18,63.83,3.34,-12.41,-0.65,387.71,0.04
2368,Entry long,2026-02-06 12:30,L,1911,1,1911,-3.46,-0.18,63.83,3.34,-12.41,-0.65,387.71,0.04
2369,Exit long,2026-02-06 20:45,Close entry(s) order L,1921.75,1,1903.28,18.47,0.97,36.52,1.92,-1.33,-0.07,406.18,0.04
2369,Entry long,2026-02-06 17:30,L,1903.28,1,1903.28,18.47,0.97,36.52,1.92,-1.33,-0.07,406.18,0.04
2370,Exit long,2026-02-07 04:15,Close entry(s) order L,2052.02,1,1941.84,110.18,5.67,148.16,7.63,-9.84,-0.51,516.36,0.05
2370,Entry long,2026-02-06 21:15,L,1941.84,1,1941.84,110.18,5.67,148.16,7.63,-9.84,-0.51,516.36,0.05
2371,Exit long,2026-02-07 05:00,Close entry(s) order L,2053.19,1,2067.5,-14.31,-0.69,7.43,0.36,-16.23,-0.79,502.05,0.05
2371,Entry long,2026-02-07 04:45,L,2067.5,1,2067.5,-14.31,-0.69,7.43,0.36,-16.23,-0.79,502.05,0.05
2372,Exit long,2026-02-07 05:45,Close entry(s) order L,2049.74,1,2056.6,-6.86,-0.33,0.36,0.02,-11.2,-0.54,495.19,0.05
2372,Entry long,2026-02-07 05:30,L,2056.6,1,2056.6,-6.86,-0.33,0.36,0.02,-11.2,-0.54,495.19,0.05
2373,Exit long,2026-02-07 06:15,Close entry(s) order L,2051.77,1,2053.45,-1.68,-0.08,16.42,0.80,-8.37,-0.41,493.51,0.05
2373,Entry long,2026-02-07 06:00,L,2053.45,1,2053.45,-1.68,-0.08,16.42,0.80,-8.37,-0.41,493.51,0.05
2374,Exit long,2026-02-07 08:15,Close entry(s) order L,2051.57,1,2063.72,-12.15,-0.59,23.98,1.16,-18.77,-0.91,481.36,0.05
2374,Entry long,2026-02-07 06:30,L,2063.72,1,2063.72,-12.15,-0.59,23.98,1.16,-18.77,-0.91,481.36,0.05
2375,Exit long,2026-02-07 14:15,Close entry(s) order L,2081.73,1,2060.69,21.04,1.02,58.18,2.82,-13.37,-0.65,502.4,0.05
2375,Entry long,2026-02-07 10:00,L,2060.69,1,2060.69,21.04,1.02,58.18,2.82,-13.37,-0.65,502.4,0.05
2376,Exit long,2026-02-07 22:45,Close entry(s) order L,2029.48,1,2017.53,11.95,0.59,58.08,2.88,-1.66,-0.08,514.35,0.05
2376,Entry long,2026-02-07 20:00,L,2017.53,1,2017.53,11.95,0.59,58.08,2.88,-1.66,-0.08,514.35,0.05
2377,Exit long,2026-02-08 01:15,Close entry(s) order L,2040.12,1,2038.46,1.66,0.08,86.54,4.25,-29.46,-1.45,516.01,0.05
2377,Entry long,2026-02-07 23:15,L,2038.46,1,2038.46,1.66,0.08,86.54,4.25,-29.46,-1.45,516.01,0.05
2378,Exit long,2026-02-08 06:45,Close entry(s) order L,2090.21,1,2054.78,35.43,1.72,62.01,3.02,-4.53,-0.22,551.44,0.06
2378,Entry long,2026-02-08 01:30,L,2054.78,1,2054.78,35.43,1.72,62.01,3.02,-4.53,-0.22,551.44,0.06
2379,Exit long,2026-02-08 09:30,Close entry(s) order L,2083.19,1,2090.33,-7.14,-0.34,0.24,0.01,-9,-0.43,544.3,0.05
2379,Entry long,2026-02-08 09:15,L,2090.33,1,2090.33,-7.14,-0.34,0.24,0.01,-9,-0.43,544.3,0.05
2380,Exit long,2026-02-08 11:15,Close entry(s) order L,2084.85,1,2089.26,-4.41,-0.21,16.74,0.80,-8.67,-0.41,539.89,0.05
2380,Entry long,2026-02-08 09:45,L,2089.26,1,2089.26,-4.41,-0.21,16.74,0.80,-8.67,-0.41,539.89,0.05
2381,Exit long,2026-02-08 11:45,Close entry(s) order L,2084.37,1,2088.41,-4.04,-0.19,3.99,0.19,-5.41,-0.26,535.85,0.05
2381,Entry long,2026-02-08 11:30,L,2088.41,1,2088.41,-4.04,-0.19,3.99,0.19,-5.41,-0.26,535.85,0.05
2382,Exit long,2026-02-08 13:30,Close entry(s) order L,2083.93,1,2086.45,-2.52,-0.12,1.03,0.05,-7.75,-0.37,533.33,0.05
2382,Entry long,2026-02-08 13:00,L,2086.45,1,2086.45,-2.52,-0.12,1.03,0.05,-7.75,-0.37,533.33,0.05
2383,Exit long,2026-02-08 14:45,Close entry(s) order L,2080.43,1,2083.55,-3.12,-0.15,4.41,0.21,-7.66,-0.37,530.21,0.05
2383,Entry long,2026-02-08 14:00,L,2083.55,1,2083.55,-3.12,-0.15,4.41,0.21,-7.66,-0.37,530.21,0.05
2384,Exit long,2026-02-08 16:15,Close entry(s) order L,2079.9,1,2083.49,-3.59,-0.17,4.37,0.21,-5.95,-0.29,526.62,0.05
2384,Entry long,2026-02-08 16:00,L,2083.49,1,2083.49,-3.59,-0.17,4.37,0.21,-5.95,-0.29,526.62,0.05
2385,Exit long,2026-02-08 18:30,Close entry(s) order L,2089.67,1,2101.47,-11.8,-0.56,22.53,1.07,-19.47,-0.93,514.82,0.05
2385,Entry long,2026-02-08 16:30,L,2101.47,1,2101.47,-11.8,-0.56,22.53,1.07,-19.47,-0.93,514.82,0.05
2386,Exit long,2026-02-08 22:15,Close entry(s) order L,2119.34,1,2110,9.34,0.44,34.35,1.63,-4.28,-0.20,524.16,0.05
2386,Entry long,2026-02-08 19:15,L,2110,1,2110,9.34,0.44,34.35,1.63,-4.28,-0.20,524.16,0.05
2387,Exit long,2026-02-08 23:30,Close entry(s) order L,2101.54,1,2127.73,-26.19,-1.23,2.22,0.10,-31.73,-1.49,497.97,0.05
2387,Entry long,2026-02-08 23:00,L,2127.73,1,2127.73,-26.19,-1.23,2.22,0.10,-31.73,-1.49,497.97,0.05
2388,Exit long,2026-02-09 05:00,Close entry(s) order L,2103.49,1,2113.93,-10.44,-0.49,14.95,0.71,-15.55,-0.74,487.53,0.05
2388,Entry long,2026-02-09 02:45,L,2113.93,1,2113.93,-10.44,-0.49,14.95,0.71,-15.55,-0.74,487.53,0.05
2389,Exit long,2026-02-09 05:30,Close entry(s) order L,2107.47,1,2109.52,-2.05,-0.10,4.74,0.22,-2.39,-0.11,485.48,0.05
2389,Entry long,2026-02-09 05:15,L,2109.52,1,2109.52,-2.05,-0.10,4.74,0.22,-2.39,-0.11,485.48,0.05
2390,Exit long,2026-02-09 07:30,Close entry(s) order L,2091.11,1,2107.43,-16.32,-0.77,44.57,2.11,-27.22,-1.29,469.16,0.05
2390,Entry long,2026-02-09 07:00,L,2107.43,1,2107.43,-16.32,-0.77,44.57,2.11,-27.22,-1.29,469.16,0.05
2391,Exit long,2026-02-09 11:00,Close entry(s) order L,2080.44,1,2089.53,-9.09,-0.44,1.37,0.07,-10.46,-0.50,460.07,0.05
2391,Entry long,2026-02-09 10:45,L,2089.53,1,2089.53,-9.09,-0.44,1.37,0.07,-10.46,-0.50,460.07,0.05
2392,Exit long,2026-02-09 13:15,Close entry(s) order L,2082.99,1,2082.75,0.24,0.01,19.67,0.94,-1.94,-0.09,460.31,0.05
2392,Entry long,2026-02-09 11:15,L,2082.75,1,2082.75,0.24,0.01,19.67,0.94,-1.94,-0.09,460.31,0.05
2393,Exit long,2026-02-09 14:15,Close entry(s) order L,2089.28,1,2091.4,-2.12,-0.10,5.07,0.24,-8.78,-0.42,458.19,0.05
2393,Entry long,2026-02-09 13:30,L,2091.4,1,2091.4,-2.12,-0.10,5.07,0.24,-8.78,-0.42,458.19,0.05
2394,Exit long,2026-02-09 20:30,Close entry(s) order L,2031.98,1,2035.74,-3.76,-0.18,0,0.00,-5.55,-0.27,454.43,0.05
2394,Entry long,2026-02-09 20:15,L,2035.74,1,2035.74,-3.76,-0.18,0,0.00,-5.55,-0.27,454.43,0.05
2395,Exit long,2026-02-09 22:00,Close entry(s) order L,2021.68,1,2035.8,-14.12,-0.69,14.13,0.69,-14.28,-0.70,440.31,0.04
2395,Entry long,2026-02-09 20:45,L,2035.8,1,2035.8,-14.12,-0.69,14.13,0.69,-14.28,-0.70,440.31,0.04
2396,Exit long,2026-02-10 04:30,Close entry(s) order L,2118.79,1,2034.57,84.22,4.14,113.43,5.58,-3.28,-0.16,524.53,0.05
2396,Entry long,2026-02-09 22:45,L,2034.57,1,2034.57,84.22,4.14,113.43,5.58,-3.28,-0.16,524.53,0.05
2397,Exit long,2026-02-10 05:00,Close entry(s) order L,2123.68,1,2128.49,-4.81,-0.23,3.23,0.15,-5.17,-0.24,519.72,0.05
2397,Entry long,2026-02-10 04:45,L,2128.49,1,2128.49,-4.81,-0.23,3.23,0.15,-5.17,-0.24,519.72,0.05
2398,Exit long,2026-02-10 06:30,Close entry(s) order L,2117.07,1,2123.1,-6.03,-0.28,0,0.00,-11.09,-0.52,513.69,0.05
2398,Entry long,2026-02-10 06:15,L,2123.1,1,2123.1,-6.03,-0.28,0,0.00,-11.09,-0.52,513.69,0.05
2399,Exit long,2026-02-10 10:45,Close entry(s) order L,2103.83,1,2115.78,-11.95,-0.56,7.92,0.37,-12.49,-0.59,501.74,0.05
2399,Entry long,2026-02-10 09:30,L,2115.78,1,2115.78,-11.95,-0.56,7.92,0.37,-12.49,-0.59,501.74,0.05
2400,Exit long,2026-02-10 19:00,Close entry(s) order L,2012.73,1,2020.22,-7.49,-0.37,5.78,0.29,-11.98,-0.59,494.25,0.05
2400,Entry long,2026-02-10 17:15,L,2020.22,1,2020.22,-7.49,-0.37,5.78,0.29,-11.98,-0.59,494.25,0.05
2401,Exit long,2026-02-10 19:45,Close entry(s) order L,2007.91,1,2016.17,-8.26,-0.41,5.03,0.25,-14.15,-0.70,485.99,0.05
2401,Entry long,2026-02-10 19:30,L,2016.17,1,2016.17,-8.26,-0.41,5.03,0.25,-14.15,-0.70,485.99,0.05
2402,Exit long,2026-02-10 22:45,Close entry(s) order L,2002.18,1,2012.02,-9.84,-0.49,26.7,1.33,-28.25,-1.40,476.15,0.05
2402,Entry long,2026-02-10 21:30,L,2012.02,1,2012.02,-9.84,-0.49,26.7,1.33,-28.25,-1.40,476.15,0.05
2403,Exit long,2026-02-11 02:30,Close entry(s) order L,2005.92,1,2020.6,-14.68,-0.73,25.5,1.26,-18.51,-0.92,461.47,0.05
2403,Entry long,2026-02-10 23:30,L,2020.6,1,2020.6,-14.68,-0.73,25.5,1.26,-18.51,-0.92,461.47,0.05
2404,Exit long,2026-02-11 09:30,Close entry(s) order L,2016.76,1,2013.52,3.24,0.16,16.48,0.82,-3.07,-0.15,464.71,0.05
2404,Entry long,2026-02-11 06:30,L,2013.52,1,2013.52,3.24,0.16,16.48,0.82,-3.07,-0.15,464.71,0.05
2405,Exit long,2026-02-11 10:45,Close entry(s) order L,2021.68,1,2025.13,-3.45,-0.17,5.87,0.29,-4.94,-0.24,461.26,0.05
2405,Entry long,2026-02-11 09:45,L,2025.13,1,2025.13,-3.45,-0.17,5.87,0.29,-4.94,-0.24,461.26,0.05
2406,Exit long,2026-02-11 21:15,Close entry(s) order L,1944.97,1,1950.11,-5.14,-0.26,16.62,0.85,-8.99,-0.46,456.12,0.05
2406,Entry long,2026-02-11 19:30,L,1950.11,1,1950.11,-5.14,-0.26,16.62,0.85,-8.99,-0.46,456.12,0.05
2407,Exit long,2026-02-11 23:00,Close entry(s) order L,1942.31,1,1947.55,-5.24,-0.27,67.88,3.49,-11.38,-0.58,450.88,0.05
2407,Entry long,2026-02-11 21:30,L,1947.55,1,1947.55,-5.24,-0.27,67.88,3.49,-11.38,-0.58,450.88,0.05
2408,Exit long,2026-02-12 00:30,Close entry(s) order L,1934.85,1,1952.3,-17.45,-0.89,1.52,0.08,-19.33,-0.99,433.43,0.04
2408,Entry long,2026-02-12 00:15,L,1952.3,1,1952.3,-17.45,-0.89,1.52,0.08,-19.33,-0.99,433.43,0.04
2409,Exit long,2026-02-12 07:00,Close entry(s) order L,1950.29,1,1937.43,12.86,0.66,50.04,2.58,-4.84,-0.25,446.29,0.04
2409,Entry long,2026-02-12 02:30,L,1937.43,1,1937.43,12.86,0.66,50.04,2.58,-4.84,-0.25,446.29,0.04
2410,Exit long,2026-02-12 11:00,Close entry(s) order L,1957.83,1,1958.86,-1.03,-0.05,18.14,0.93,-4.18,-0.21,445.26,0.04
2410,Entry long,2026-02-12 08:45,L,1958.86,1,1958.86,-1.03,-0.05,18.14,0.93,-4.18,-0.21,445.26,0.04
2411,Exit long,2026-02-12 11:30,Close entry(s) order L,1961.1,1,1962.49,-1.39,-0.07,0.6,0.03,-6.04,-0.31,443.87,0.04
2411,Entry long,2026-02-12 11:15,L,1962.49,1,1962.49,-1.39,-0.07,0.6,0.03,-6.04,-0.31,443.87,0.04
2412,Exit long,2026-02-12 12:30,Close entry(s) order L,1962.91,1,1965.78,-2.87,-0.15,8.87,0.45,-3.63,-0.18,441,0.04
2412,Entry long,2026-02-12 11:45,L,1965.78,1,1965.78,-2.87,-0.15,8.87,0.45,-3.63,-0.18,441,0.04
2413,Exit long,2026-02-12 13:00,Close entry(s) order L,1964.77,1,1970.9,-6.13,-0.31,1.94,0.10,-6.22,-0.32,434.87,0.04
2413,Entry long,2026-02-12 12:45,L,1970.9,1,1970.9,-6.13,-0.31,1.94,0.10,-6.22,-0.32,434.87,0.04
2414,Exit long,2026-02-12 16:00,Close entry(s) order L,1966.97,1,1968,-1.03,-0.05,14.36,0.73,-3.2,-0.16,433.84,0.04
2414,Entry long,2026-02-12 13:45,L,1968,1,1968,-1.03,-0.05,14.36,0.73,-3.2,-0.16,433.84,0.04
2415,Exit long,2026-02-12 16:30,Close entry(s) order L,1958.73,1,1969,-10.27,-0.52,0,0.00,-12.81,-0.65,423.57,0.04
2415,Entry long,2026-02-12 16:15,L,1969,1,1969,-10.27,-0.52,0,0.00,-12.81,-0.65,423.57,0.04
2416,Exit long,2026-02-12 20:30,Close entry(s) order L,1983.74,1,1975.28,8.46,0.43,25.62,1.30,-5.33,-0.27,432.03,0.04
2416,Entry long,2026-02-12 17:30,L,1975.28,1,1975.28,8.46,0.43,25.62,1.30,-5.33,-0.27,432.03,0.04
2417,Exit long,2026-02-12 22:15,Close entry(s) order L,1983.75,1,1990.21,-6.46,-0.32,5.32,0.27,-10.13,-0.51,425.57,0.04
2417,Entry long,2026-02-12 21:45,L,1990.21,1,1990.21,-6.46,-0.32,5.32,0.27,-10.13,-0.51,425.57,0.04
2418,Exit long,2026-02-13 04:30,Close entry(s) order L,1917.27,1,1916.75,0.52,0.03,23.52,1.23,-1.55,-0.08,426.09,0.04
2418,Entry long,2026-02-13 03:15,L,1916.75,1,1916.75,0.52,0.03,23.52,1.23,-1.55,-0.08,426.09,0.04
2419,Exit long,2026-02-13 05:00,Close entry(s) order L,1914.58,1,1919.29,-4.71,-0.25,1.09,0.06,-11,-0.57,421.38,0.04
2419,Entry long,2026-02-13 04:45,L,1919.29,1,1919.29,-4.71,-0.25,1.09,0.06,-11,-0.57,421.38,0.04
2420,Exit long,2026-02-13 08:45,Close entry(s) order L,1931.41,1,1919.75,11.66,0.61,34.25,1.78,-4.06,-0.21,433.04,0.04
2420,Entry long,2026-02-13 05:15,L,1919.75,1,1919.75,11.66,0.61,34.25,1.78,-4.06,-0.21,433.04,0.04
2421,Exit long,2026-02-13 12:45,Close entry(s) order L,1946.46,1,1943.85,2.61,0.13,14.09,0.72,-8.08,-0.42,435.65,0.04
2421,Entry long,2026-02-13 09:15,L,1943.85,1,1943.85,2.61,0.13,14.09,0.72,-8.08,-0.42,435.65,0.04
2422,Exit long,2026-02-13 15:45,Close entry(s) order L,1932.7,1,1945.99,-13.29,-0.68,0.87,0.04,-14.28,-0.73,422.36,0.04
2422,Entry long,2026-02-13 15:15,L,1945.99,1,1945.99,-13.29,-0.68,0.87,0.04,-14.28,-0.73,422.36,0.04
2423,Exit long,2026-02-13 20:15,Close entry(s) order L,1954.63,1,1937.72,16.91,0.87,30.77,1.59,-1.98,-0.10,439.27,0.04
2423,Entry long,2026-02-13 16:15,L,1937.72,1,1937.72,16.91,0.87,30.77,1.59,-1.98,-0.10,439.27,0.04
2424,Exit long,2026-02-13 21:15,Close entry(s) order L,1957.52,1,1961.6,-4.08,-0.21,2.5,0.13,-6.71,-0.34,435.19,0.04
2424,Entry long,2026-02-13 20:30,L,1961.6,1,1961.6,-4.08,-0.21,2.5,0.13,-6.71,-0.34,435.19,0.04
2425,Exit long,2026-02-14 03:30,Close entry(s) order L,2052.93,1,1968.18,84.75,4.31,104.82,5.33,-5.97,-0.30,519.94,0.05
2425,Entry long,2026-02-13 21:30,L,1968.18,1,1968.18,84.75,4.31,104.82,5.33,-5.97,-0.30,519.94,0.05
2426,Exit long,2026-02-14 05:30,Close entry(s) order L,2050.53,1,2055.85,-5.32,-0.26,0,0.00,-5.8,-0.28,514.62,0.05
2426,Entry long,2026-02-14 05:15,L,2055.85,1,2055.85,-5.32,-0.26,0,0.00,-5.8,-0.28,514.62,0.05
2427,Exit long,2026-02-14 06:15,Close entry(s) order L,2044.69,1,2052.45,-7.76,-0.38,6.3,0.31,-9.31,-0.45,506.86,0.05
2427,Entry long,2026-02-14 05:45,L,2052.45,1,2052.45,-7.76,-0.38,6.3,0.31,-9.31,-0.45,506.86,0.05
2428,Exit long,2026-02-14 06:45,Close entry(s) order L,2049.01,1,2050.88,-1.87,-0.09,0.46,0.02,-4.88,-0.24,504.99,0.05
2428,Entry long,2026-02-14 06:30,L,2050.88,1,2050.88,-1.87,-0.09,0.46,0.02,-4.88,-0.24,504.99,0.05
2429,Exit long,2026-02-14 07:30,Close entry(s) order L,2049.35,1,2053.37,-4.02,-0.20,0.01,0.00,-5.17,-0.25,500.97,0.05
2429,Entry long,2026-02-14 07:00,L,2053.37,1,2053.37,-4.02,-0.20,0.01,0.00,-5.17,-0.25,500.97,0.05
2430,Exit long,2026-02-14 10:30,Close entry(s) order L,2049.01,1,2050.5,-1.49,-0.07,6.41,0.31,-3.41,-0.17,499.48,0.05
2430,Entry long,2026-02-14 08:45,L,2050.5,1,2050.5,-1.49,-0.07,6.41,0.31,-3.41,-0.17,499.48,0.05
2431,Exit long,2026-02-14 11:30,Close entry(s) order L,2050.56,1,2050.91,-0.35,-0.02,1.05,0.05,-2.87,-0.14,499.13,0.05
2431,Entry long,2026-02-14 11:15,L,2050.91,1,2050.91,-0.35,-0.02,1.05,0.05,-2.87,-0.14,499.13,0.05
2432,Exit long,2026-02-14 14:00,Close entry(s) order L,2050.1,1,2052.12,-2.02,-0.10,5.28,0.26,-2.53,-0.12,497.11,0.05
2432,Entry long,2026-02-14 11:45,L,2052.12,1,2052.12,-2.02,-0.10,5.28,0.26,-2.53,-0.12,497.11,0.05
2433,Exit long,2026-02-14 20:45,Close entry(s) order L,2077.37,1,2054.11,23.26,1.13,52.91,2.58,-4.67,-0.23,520.37,0.05
2433,Entry long,2026-02-14 15:30,L,2054.11,1,2054.11,23.26,1.13,52.91,2.58,-4.67,-0.23,520.37,0.05
2434,Exit long,2026-02-15 00:30,Close entry(s) order L,2071.45,1,2084,-12.55,-0.60,8.99,0.43,-17.4,-0.83,507.82,0.05
2434,Entry long,2026-02-14 23:00,L,2084,1,2084,-12.55,-0.60,8.99,0.43,-17.4,-0.83,507.82,0.05
2435,Exit long,2026-02-15 02:00,Close entry(s) order L,2079.27,1,2078.7,0.57,0.03,9.8,0.47,-2.89,-0.14,508.39,0.05
2435,Entry long,2026-02-15 00:45,L,2078.7,1,2078.7,0.57,0.03,9.8,0.47,-2.89,-0.14,508.39,0.05
2436,Exit long,2026-02-15 05:30,Close entry(s) order L,2083.46,1,2082.92,0.54,0.03,16.02,0.77,-5.84,-0.28,508.93,0.05
2436,Entry long,2026-02-15 02:45,L,2082.92,1,2082.92,0.54,0.03,16.02,0.77,-5.84,-0.28,508.93,0.05
2437,Exit long,2026-02-15 07:30,Close entry(s) order L,2087.46,1,2091.53,-4.07,-0.19,2.39,0.11,-9.19,-0.44,504.86,0.05
2437,Entry long,2026-02-15 06:15,L,2091.53,1,2091.53,-4.07,-0.19,2.39,0.11,-9.19,-0.44,504.86,0.05
2438,Exit long,2026-02-15 16:15,Close entry(s) order L,2084.01,1,2080.84,3.17,0.15,21.89,1.05,-12.65,-0.61,508.03,0.05
2438,Entry long,2026-02-15 12:15,L,2080.84,1,2080.84,3.17,0.15,21.89,1.05,-12.65,-0.61,508.03,0.05
2439,Exit long,2026-02-15 20:45,Close entry(s) order L,2060.24,1,2065.17,-4.93,-0.24,2.63,0.13,-8.17,-0.40,503.1,0.05
2439,Entry long,2026-02-15 20:30,L,2065.17,1,2065.17,-4.93,-0.24,2.63,0.13,-8.17,-0.40,503.1,0.05
2440,Exit long,2026-02-16 01:00,Close entry(s) order L,2005.36,1,2008.07,-2.71,-0.13,1.5,0.07,-3.87,-0.19,500.39,0.05
2440,Entry long,2026-02-16 00:45,L,2008.07,1,2008.07,-2.71,-0.13,1.5,0.07,-3.87,-0.19,500.39,0.05
2441,Exit long,2026-02-16 07:15,Close entry(s) order L,1950.73,1,1956.03,-5.3,-0.27,17.47,0.89,-13.29,-0.68,495.09,0.05
2441,Entry long,2026-02-16 05:15,L,1956.03,1,1956.03,-5.3,-0.27,17.47,0.89,-13.29,-0.68,495.09,0.05
2442,Exit long,2026-02-16 09:45,Close entry(s) order L,1960.34,1,1957.3,3.04,0.16,23.34,1.19,-1.54,-0.08,498.13,0.05
2442,Entry long,2026-02-16 07:30,L,1957.3,1,1957.3,3.04,0.16,23.34,1.19,-1.54,-0.08,498.13,0.05
2443,Exit long,2026-02-16 13:15,Close entry(s) order L,1959.96,1,1965.1,-5.14,-0.26,8.3,0.42,-5.54,-0.28,492.99,0.05
2443,Entry long,2026-02-16 12:15,L,1965.1,1,1965.1,-5.14,-0.26,8.3,0.42,-5.54,-0.28,492.99,0.05
2444,Exit long,2026-02-16 19:00,Close entry(s) order L,1977.98,1,1964.9,13.08,0.67,27.33,1.39,-2.36,-0.12,506.07,0.05
2444,Entry long,2026-02-16 14:45,L,1964.9,1,1964.9,13.08,0.67,27.33,1.39,-2.36,-0.12,506.07,0.05
2445,Exit long,2026-02-16 21:30,Close entry(s) order L,1975.74,1,1991.3,-15.56,-0.78,32,1.61,-21.77,-1.09,490.51,0.05
2445,Entry long,2026-02-16 20:30,L,1991.3,1,1991.3,-15.56,-0.78,32,1.61,-21.77,-1.09,490.51,0.05
2446,Exit long,2026-02-17 03:00,Close entry(s) order L,1968.14,1,1970.45,-2.31,-0.12,17.55,0.89,-10.23,-0.52,488.2,0.05
2446,Entry long,2026-02-17 00:30,L,1970.45,1,1970.45,-2.31,-0.12,17.55,0.89,-10.23,-0.52,488.2,0.05
2447,Exit long,2026-02-17 04:00,Close entry(s) order L,1973.37,1,1977.07,-3.7,-0.19,1.62,0.08,-5.07,-0.26,484.5,0.05
2447,Entry long,2026-02-17 03:45,L,1977.07,1,1977.07,-3.7,-0.19,1.62,0.08,-5.07,-0.26,484.5,0.05
2448,Exit long,2026-02-17 10:00,Close entry(s) order L,1990.7,1,1982.11,8.59,0.43,25.8,1.30,-3.96,-0.20,493.09,0.05
2448,Entry long,2026-02-17 04:30,L,1982.11,1,1982.11,8.59,0.43,25.8,1.30,-3.96,-0.20,493.09,0.05
2449,Exit long,2026-02-17 11:00,Close entry(s) order L,1997.8,1,2002.91,-5.11,-0.26,3.59,0.18,-5.36,-0.27,487.98,0.05
2449,Entry long,2026-02-17 10:15,L,2002.91,1,2002.91,-5.11,-0.26,3.59,0.18,-5.36,-0.27,487.98,0.05
2450,Exit long,2026-02-17 16:45,Close entry(s) order L,1977.25,1,1981.16,-3.91,-0.20,8.76,0.44,-8.86,-0.45,484.07,0.05
2450,Entry long,2026-02-17 15:45,L,1981.16,1,1981.16,-3.91,-0.20,8.76,0.44,-8.86,-0.45,484.07,0.05
2451,Exit long,2026-02-17 21:00,Close entry(s) order L,1968.8,1,1972,-3.2,-0.16,4.2,0.21,-6.25,-0.32,480.87,0.05
2451,Entry long,2026-02-17 20:15,L,1972,1,1972,-3.2,-0.16,4.2,0.21,-6.25,-0.32,480.87,0.05
2452,Exit long,2026-02-17 22:45,Close entry(s) order L,1960.76,1,1979.01,-18.25,-0.92,24.42,1.23,-26.17,-1.32,462.62,0.05
2452,Entry long,2026-02-17 21:15,L,1979.01,1,1979.01,-18.25,-0.92,24.42,1.23,-26.17,-1.32,462.62,0.05
2453,Exit long,2026-02-18 01:15,Close entry(s) order L,1964.47,1,1986.34,-21.87,-1.10,23.55,1.19,-28.76,-1.45,440.75,0.04
2453,Entry long,2026-02-18 00:15,L,1986.34,1,1986.34,-21.87,-1.10,23.55,1.19,-28.76,-1.45,440.75,0.04
2454,Exit long,2026-02-18 01:45,Close entry(s) order L,1959.06,1,1972.87,-13.81,-0.70,0.96,0.05,-14.36,-0.73,426.94,0.04
2454,Entry long,2026-02-18 01:30,L,1972.87,1,1972.87,-13.81,-0.70,0.96,0.05,-14.36,-0.73,426.94,0.04
2455,Exit long,2026-02-18 05:30,Close entry(s) order L,1994.54,1,1989,5.54,0.28,25.91,1.30,-3.41,-0.17,432.48,0.04
2455,Entry long,2026-02-18 02:30,L,1989,1,1989,5.54,0.28,25.91,1.30,-3.41,-0.17,432.48,0.04
2456,Exit long,2026-02-18 07:00,Close entry(s) order L,1992.9,1,1998.69,-5.79,-0.29,4.56,0.23,-7.13,-0.36,426.69,0.04
2456,Entry long,2026-02-18 06:00,L,1998.69,1,1998.69,-5.79,-0.29,4.56,0.23,-7.13,-0.36,426.69,0.04
2457,Exit long,2026-02-18 18:30,Close entry(s) order L,2011.2,1,1989.79,21.41,1.08,48.48,2.44,-4.38,-0.22,448.1,0.04
2457,Entry long,2026-02-18 10:45,L,1989.79,1,1989.79,21.41,1.08,48.48,2.44,-4.38,-0.22,448.1,0.04
2458,Exit long,2026-02-19 00:15,Close entry(s) order L,1967.48,1,1983.61,-16.13,-0.81,26.19,1.32,-19.61,-0.99,431.97,0.04
2458,Entry long,2026-02-18 23:15,L,1983.61,1,1983.61,-16.13,-0.81,26.19,1.32,-19.61,-0.99,431.97,0.04
2459,Exit long,2026-02-19 13:00,Close entry(s) order L,1968.51,1,1945.13,23.38,1.20,34.28,1.76,-1.78,-0.09,455.35,0.05
2459,Entry long,2026-02-19 06:45,L,1945.13,1,1945.13,23.38,1.20,34.28,1.76,-1.78,-0.09,455.35,0.05
2460,Exit long,2026-02-19 16:30,Close entry(s) order L,1971.92,1,1969.38,2.54,0.13,17.53,0.89,-0.38,-0.02,457.89,0.05
2460,Entry long,2026-02-19 14:00,L,1969.38,1,1969.38,2.54,0.13,17.53,0.89,-0.38,-0.02,457.89,0.05
2461,Exit long,2026-02-20 01:00,Close entry(s) order L,1920.96,1,1925.59,-4.63,-0.24,1.27,0.07,-8.09,-0.42,453.26,0.05
2461,Entry long,2026-02-20 00:45,L,1925.59,1,1925.59,-4.63,-0.24,1.27,0.07,-8.09,-0.42,453.26,0.05
2462,Exit long,2026-02-20 02:00,Close entry(s) order L,1919.59,1,1928.94,-9.35,-0.48,14.53,0.75,-19.51,-1.01,443.91,0.04
2462,Entry long,2026-02-20 01:15,L,1928.94,1,1928.94,-9.35,-0.48,14.53,0.75,-19.51,-1.01,443.91,0.04
2463,Exit long,2026-02-20 06:30,Close entry(s) order L,1938.72,1,1932.86,5.86,0.30,20.14,1.04,-7.11,-0.37,449.77,0.04
2463,Entry long,2026-02-20 02:15,L,1932.86,1,1932.86,5.86,0.30,20.14,1.04,-7.11,-0.37,449.77,0.04
2464,Exit long,2026-02-20 10:15,Close entry(s) order L,1951.49,1,1942.98,8.51,0.44,20.58,1.06,-1.74,-0.09,458.28,0.05
2464,Entry long,2026-02-20 07:00,L,1942.98,1,1942.98,8.51,0.44,20.58,1.06,-1.74,-0.09,458.28,0.05
2465,Exit long,2026-02-20 11:00,Close entry(s) order L,1948.63,1,1954,-5.37,-0.27,0,0.00,-5.38,-0.28,452.91,0.05
2465,Entry long,2026-02-20 10:45,L,1954,1,1954,-5.37,-0.27,0,0.00,-5.38,-0.28,452.91,0.05
2466,Exit long,2026-02-20 11:45,Close entry(s) order L,1954.2,1,1957.31,-3.11,-0.16,1.82,0.09,-3.75,-0.19,449.8,0.04
2466,Entry long,2026-02-20 11:30,L,1957.31,1,1957.31,-3.11,-0.16,1.82,0.09,-3.75,-0.19,449.8,0.04
2467,Exit long,2026-02-20 18:45,Close entry(s) order L,1961.24,1,1958.87,2.37,0.12,14.12,0.72,-10.56,-0.54,452.17,0.05
2467,Entry long,2026-02-20 13:45,L,1958.87,1,1958.87,2.37,0.12,14.12,0.72,-10.56,-0.54,452.17,0.05
2468,Exit long,2026-02-21 01:15,Close entry(s) order L,1946.45,1,1946.92,-0.47,-0.02,33.35,1.71,-12.36,-0.63,451.7,0.05
2468,Entry long,2026-02-20 22:45,L,1946.92,1,1946.92,-0.47,-0.02,33.35,1.71,-12.36,-0.63,451.7,0.05
2469,Exit long,2026-02-21 06:15,Close entry(s) order L,1964.49,1,1957.37,7.12,0.36,23.36,1.19,-3.25,-0.17,458.82,0.05
2469,Entry long,2026-02-21 01:45,L,1957.37,1,1957.37,7.12,0.36,23.36,1.19,-3.25,-0.17,458.82,0.05
2470,Exit long,2026-02-21 06:45,Close entry(s) order L,1967.4,1,1969.5,-2.1,-0.11,3.06,0.16,-2.8,-0.14,456.72,0.05
2470,Entry long,2026-02-21 06:30,L,1969.5,1,1969.5,-2.1,-0.11,3.06,0.16,-2.8,-0.14,456.72,0.05
2471,Exit long,2026-02-21 07:15,Close entry(s) order L,1967.36,1,1970.21,-2.85,-0.14,2.58,0.13,-3.1,-0.16,453.87,0.05
2471,Entry long,2026-02-21 07:00,L,1970.21,1,1970.21,-2.85,-0.14,2.58,0.13,-3.1,-0.16,453.87,0.05
2472,Exit long,2026-02-21 10:00,Close entry(s) order L,1965.37,1,1966.68,-1.31,-0.07,0.89,0.05,-2.13,-0.11,452.56,0.05
2472,Entry long,2026-02-21 09:45,L,1966.68,1,1966.68,-1.31,-0.07,0.89,0.05,-2.13,-0.11,452.56,0.05
2473,Exit long,2026-02-21 11:00,Close entry(s) order L,1964.76,1,1966.99,-2.23,-0.11,3,0.15,-2.67,-0.14,450.33,0.05
2473,Entry long,2026-02-21 10:15,L,1966.99,1,1966.99,-2.23,-0.11,3,0.15,-2.67,-0.14,450.33,0.05
2474,Exit long,2026-02-21 15:00,Close entry(s) order L,1960.5,1,1962.87,-2.37,-0.12,2.59,0.13,-3.55,-0.18,447.96,0.04
2474,Entry long,2026-02-21 13:30,L,1962.87,1,1962.87,-2.37,-0.12,2.59,0.13,-3.55,-0.18,447.96,0.04
2475,Exit long,2026-02-21 15:45,Close entry(s) order L,1960.8,1,1962.57,-1.77,-0.09,1.02,0.05,-2.21,-0.11,446.19,0.04
2475,Entry long,2026-02-21 15:15,L,1962.57,1,1962.57,-1.77,-0.09,1.02,0.05,-2.21,-0.11,446.19,0.04
2476,Exit long,2026-02-21 20:30,Close entry(s) order L,1970,1,1962,8,0.41,26.2,1.34,-0.74,-0.04,454.19,0.05
2476,Entry long,2026-02-21 16:00,L,1962,1,1962,8,0.41,26.2,1.34,-0.74,-0.04,454.19,0.05
2477,Exit long,2026-02-21 21:15,Close entry(s) order L,1973.45,1,1975.11,-1.66,-0.08,0.22,0.01,-2.98,-0.15,452.53,0.05
2477,Entry long,2026-02-21 21:00,L,1975.11,1,1975.11,-1.66,-0.08,0.22,0.01,-2.98,-0.15,452.53,0.05
2478,Exit long,2026-02-22 00:15,Close entry(s) order L,1980.79,1,1976.57,4.22,0.21,20.07,1.02,-2.07,-0.10,456.75,0.05
2478,Entry long,2026-02-21 21:30,L,1976.57,1,1976.57,4.22,0.21,20.07,1.02,-2.07,-0.10,456.75,0.05
2479,Exit long,2026-02-22 01:30,Close entry(s) order L,1985.01,1,1988,-2.99,-0.15,0.87,0.04,-4.68,-0.24,453.76,0.05
2479,Entry long,2026-02-22 00:45,L,1988,1,1988,-2.99,-0.15,0.87,0.04,-4.68,-0.24,453.76,0.05
2480,Exit long,2026-02-22 04:00,Close entry(s) order L,1987.48,1,1988.74,-1.26,-0.06,5.85,0.29,-1.99,-0.10,452.5,0.05
2480,Entry long,2026-02-22 01:45,L,1988.74,1,1988.74,-1.26,-0.06,5.85,0.29,-1.99,-0.10,452.5,0.05
2481,Exit long,2026-02-22 10:45,Close entry(s) order L,1972.94,1,1976.93,-3.99,-0.20,5.9,0.30,-4.87,-0.25,448.51,0.04
2481,Entry long,2026-02-22 09:30,L,1976.93,1,1976.93,-3.99,-0.20,5.9,0.30,-4.87,-0.25,448.51,0.04
2482,Exit long,2026-02-22 11:30,Close entry(s) order L,1969.77,1,1974.07,-4.3,-0.22,0.52,0.03,-7.85,-0.40,444.21,0.04
2482,Entry long,2026-02-22 11:15,L,1974.07,1,1974.07,-4.3,-0.22,0.52,0.03,-7.85,-0.40,444.21,0.04
2483,Exit long,2026-02-22 12:15,Close entry(s) order L,1974.01,1,1973.76,0.25,0.01,1.61,0.08,-0.38,-0.02,444.46,0.04
2483,Entry long,2026-02-22 12:00,L,1973.76,1,1973.76,0.25,0.01,1.61,0.08,-0.38,-0.02,444.46,0.04
2484,Exit long,2026-02-22 13:45,Close entry(s) order L,1972.24,1,1972.96,-0.72,-0.04,0.25,0.01,-1.35,-0.07,443.74,0.04
2484,Entry long,2026-02-22 13:30,L,1972.96,1,1972.96,-0.72,-0.04,0.25,0.01,-1.35,-0.07,443.74,0.04
2485,Exit long,2026-02-22 16:30,Close entry(s) order L,1972.24,1,1974.1,-1.86,-0.09,4.49,0.23,-3.47,-0.18,441.88,0.04
2485,Entry long,2026-02-22 14:00,L,1974.1,1,1974.1,-1.86,-0.09,4.49,0.23,-3.47,-0.18,441.88,0.04
2486,Exit long,2026-02-22 20:15,Close entry(s) order L,1972.91,1,1974.76,-1.85,-0.09,7.91,0.40,-3.66,-0.19,440.03,0.04
2486,Entry long,2026-02-22 18:00,L,1974.76,1,1974.76,-1.85,-0.09,7.91,0.40,-3.66,-0.19,440.03,0.04
2487,Exit long,2026-02-23 01:15,Close entry(s) order L,1947.5,1,1951.57,-4.07,-0.21,1.15,0.06,-4.22,-0.22,435.96,0.04
2487,Entry long,2026-02-23 01:00,L,1951.57,1,1951.57,-4.07,-0.21,1.15,0.06,-4.22,-0.22,435.96,0.04
2488,Exit long,2026-02-23 04:00,Close entry(s) order L,1942.81,1,1944.01,-1.2,-0.06,0.98,0.05,-1.97,-0.10,434.76,0.04
2488,Entry long,2026-02-23 03:45,L,1944.01,1,1944.01,-1.2,-0.06,0.98,0.05,-1.97,-0.10,434.76,0.04
2489,Exit long,2026-02-23 05:00,Close entry(s) order L,1940.02,1,1943.84,-3.82,-0.20,1.16,0.06,-4.92,-0.25,430.94,0.04
2489,Entry long,2026-02-23 04:30,L,1943.84,1,1943.84,-3.82,-0.20,1.16,0.06,-4.92,-0.25,430.94,0.04
2490,Exit long,2026-02-23 05:30,Close entry(s) order L,1940.38,1,1941.72,-1.34,-0.07,1.17,0.06,-1.72,-0.09,429.6,0.04
2490,Entry long,2026-02-23 05:15,L,1941.72,1,1941.72,-1.34,-0.07,1.17,0.06,-1.72,-0.09,429.6,0.04
2491,Exit long,2026-02-23 08:30,Close entry(s) order L,1947.41,1,1948.91,-1.5,-0.08,11.09,0.57,-3.81,-0.20,428.1,0.04
2491,Entry long,2026-02-23 05:45,L,1948.91,1,1948.91,-1.5,-0.08,11.09,0.57,-3.81,-0.20,428.1,0.04
2492,Exit long,2026-02-23 22:30,Close entry(s) order L,1916.02,1,1863.11,52.91,2.84,72.16,3.87,-2.19,-0.12,481.01,0.05
2492,Entry long,2026-02-23 13:15,L,1863.11,1,1863.11,52.91,2.84,72.16,3.87,-2.19,-0.12,481.01,0.05
2493,Exit long,2026-02-24 07:00,Close entry(s) order L,1859.08,1,1859.82,-0.74,-0.04,9.22,0.50,-2.29,-0.12,480.27,0.05
2493,Entry long,2026-02-24 05:00,L,1859.82,1,1859.82,-0.74,-0.04,9.22,0.50,-2.29,-0.12,480.27,0.05
2494,Exit long,2026-02-24 07:45,Close entry(s) order L,1850.7,1,1864.76,-14.06,-0.75,0.68,0.04,-15.11,-0.81,466.21,0.05
2494,Entry long,2026-02-24 07:15,L,1864.76,1,1864.76,-14.06,-0.75,0.68,0.04,-15.11,-0.81,466.21,0.05
2495,Exit long,2026-02-24 09:15,Close entry(s) order L,1844.73,1,1862.52,-17.79,-0.96,6.42,0.34,-21.21,-1.14,448.42,0.04
2495,Entry long,2026-02-24 08:15,L,1862.52,1,1862.52,-17.79,-0.96,6.42,0.34,-21.21,-1.14,448.42,0.04
2496,Exit long,2026-02-24 13:30,Close entry(s) order L,1817.7,1,1837.81,-20.11,-1.09,0.11,0.01,-24.81,-1.35,428.31,0.04
2496,Entry long,2026-02-24 13:15,L,1837.81,1,1837.81,-20.11,-1.09,0.11,0.01,-24.81,-1.35,428.31,0.04
2497,Exit long,2026-02-24 15:00,Close entry(s) order L,1819.97,1,1827.83,-7.86,-0.43,3.07,0.17,-11,-0.60,420.45,0.04
2497,Entry long,2026-02-24 14:30,L,1827.83,1,1827.83,-7.86,-0.43,3.07,0.17,-11,-0.60,420.45,0.04
2498,Exit long,2026-02-24 15:45,Close entry(s) order L,1823.05,1,1826.95,-3.9,-0.21,4.32,0.24,-7.77,-0.43,416.55,0.04
2498,Entry long,2026-02-24 15:15,L,1826.95,1,1826.95,-3.9,-0.21,4.32,0.24,-7.77,-0.43,416.55,0.04
2499,Exit long,2026-02-24 17:30,Close entry(s) order L,1823.44,1,1829.11,-5.67,-0.31,6.44,0.35,-8.29,-0.45,410.88,0.04
2499,Entry long,2026-02-24 16:30,L,1829.11,1,1829.11,-5.67,-0.31,6.44,0.35,-8.29,-0.45,410.88,0.04
2500,Exit long,2026-02-24 18:15,Close entry(s) order L,1824.9,1,1826.16,-1.26,-0.07,1.12,0.06,-4.54,-0.25,409.62,0.04
2500,Entry long,2026-02-24 18:00,L,1826.16,1,1826.16,-1.26,-0.07,1.12,0.06,-4.54,-0.25,409.62,0.04
2501,Exit long,2026-02-24 20:45,Close entry(s) order L,1822.85,1,1825.75,-2.9,-0.16,3.97,0.22,-5.67,-0.31,406.72,0.04
2501,Entry long,2026-02-24 20:00,L,1825.75,1,1825.75,-2.9,-0.16,3.97,0.22,-5.67,-0.31,406.72,0.04
2502,Exit long,2026-02-25 02:15,Close entry(s) order L,1845.99,1,1826.95,19.04,1.04,37.63,2.06,-1.21,-0.07,425.76,0.04
2502,Entry long,2026-02-24 22:45,L,1826.95,1,1826.95,19.04,1.04,37.63,2.06,-1.21,-0.07,425.76,0.04
2503,Exit long,2026-02-25 03:15,Close entry(s) order L,1848.67,1,1855.69,-7.02,-0.38,6.04,0.33,-8.21,-0.44,418.74,0.04
2503,Entry long,2026-02-25 02:45,L,1855.69,1,1855.69,-7.02,-0.38,6.04,0.33,-8.21,-0.44,418.74,0.04
2504,Exit long,2026-02-25 04:00,Close entry(s) order L,1851.56,1,1852.99,-1.43,-0.08,2.97,0.16,-2.23,-0.12,417.31,0.04
2504,Entry long,2026-02-25 03:45,L,1852.99,1,1852.99,-1.43,-0.08,2.97,0.16,-2.23,-0.12,417.31,0.04
2505,Exit long,2026-02-25 05:15,Close entry(s) order L,1852.19,1,1856.16,-3.97,-0.21,5.32,0.29,-7.5,-0.40,413.34,0.04
2505,Entry long,2026-02-25 04:30,L,1856.16,1,1856.16,-3.97,-0.21,5.32,0.29,-7.5,-0.40,413.34,0.04
2506,Exit long,2026-02-25 08:00,Close entry(s) order L,1851.1,1,1852.97,-1.87,-0.10,10.53,0.57,-2.43,-0.13,411.47,0.04
2506,Entry long,2026-02-25 06:00,L,1852.97,1,1852.97,-1.87,-0.10,10.53,0.57,-2.43,-0.13,411.47,0.04
2507,Exit long,2026-02-25 09:00,Close entry(s) order L,1850.95,1,1855.23,-4.28,-0.23,0.02,0.00,-5,-0.27,407.19,0.04
2507,Entry long,2026-02-25 08:45,L,1855.23,1,1855.23,-4.28,-0.23,0.02,0.00,-5,-0.27,407.19,0.04
2508,Exit long,2026-02-25 12:00,Close entry(s) order L,1905.38,1,1903.25,2.13,0.11,42.45,2.23,-5.45,-0.29,409.32,0.04
2508,Entry long,2026-02-25 09:15,L,1903.25,1,1903.25,2.13,0.11,42.45,2.23,-5.45,-0.29,409.32,0.04
2509,Exit long,2026-02-26 04:15,Close entry(s) order L,2062.37,1,1895.34,167.03,8.81,189.59,10.00,0,0.00,576.35,0.06
2509,Entry long,2026-02-25 16:30,L,1895.34,1,1895.34,167.03,8.81,189.59,10.00,0,0.00,576.35,0.06
2510,Exit long,2026-02-26 05:30,Close entry(s) order L,2066.73,1,2069.12,-2.39,-0.12,14.87,0.72,-2.72,-0.13,573.96,0.06
2510,Entry long,2026-02-26 04:45,L,2069.12,1,2069.12,-2.39,-0.12,14.87,0.72,-2.72,-0.13,573.96,0.06
2511,Exit long,2026-02-26 07:15,Close entry(s) order L,2080.72,1,2110.48,-29.76,-1.41,4.32,0.20,-37.92,-1.80,544.2,0.05
2511,Entry long,2026-02-26 05:45,L,2110.48,1,2110.48,-29.76,-1.41,4.32,0.20,-37.92,-1.80,544.2,0.05
2512,Exit long,2026-02-26 12:00,Close entry(s) order L,2053.15,1,2055.49,-2.34,-0.11,1.96,0.10,-2.37,-0.12,541.86,0.05
2512,Entry long,2026-02-26 11:45,L,2055.49,1,2055.49,-2.34,-0.11,1.96,0.10,-2.37,-0.12,541.86,0.05
2513,Exit long,2026-02-26 14:45,Close entry(s) order L,2060.64,1,2061.46,-0.82,-0.04,21.63,1.05,-6.05,-0.29,541.04,0.05
2513,Entry long,2026-02-26 12:15,L,2061.46,1,2061.46,-0.82,-0.04,21.63,1.05,-6.05,-0.29,541.04,0.05
2514,Exit long,2026-02-26 19:30,Close entry(s) order L,2058.58,1,2068.25,-9.67,-0.47,14.4,0.70,-12.14,-0.59,531.37,0.05
2514,Entry long,2026-02-26 17:15,L,2068.25,1,2068.25,-9.67,-0.47,14.4,0.70,-12.14,-0.59,531.37,0.05
2515,Exit long,2026-02-26 21:15,Close entry(s) order L,2064.06,1,2069.2,-5.14,-0.25,0.48,0.02,-7.12,-0.34,526.23,0.05
2515,Entry long,2026-02-26 21:00,L,2069.2,1,2069.2,-5.14,-0.25,0.48,0.02,-7.12,-0.34,526.23,0.05
2516,Exit long,2026-02-26 22:45,Close entry(s) order L,2058.72,1,2070.76,-12.04,-0.58,6.64,0.32,-18.47,-0.89,514.19,0.05
2516,Entry long,2026-02-26 21:30,L,2070.76,1,2070.76,-12.04,-0.58,6.64,0.32,-18.47,-0.89,514.19,0.05
2517,Exit long,2026-02-27 03:00,Close entry(s) order L,2003.11,1,2007.36,-4.25,-0.21,0.24,0.01,-7.86,-0.39,509.94,0.05
2517,Entry long,2026-02-27 02:45,L,2007.36,1,2007.36,-4.25,-0.21,0.24,0.01,-7.86,-0.39,509.94,0.05
2518,Exit long,2026-02-27 07:15,Close entry(s) order L,2028.98,1,2019.22,9.76,0.48,23.38,1.16,-2.52,-0.12,519.7,0.05
2518,Entry long,2026-02-27 03:15,L,2019.22,1,2019.22,9.76,0.48,23.38,1.16,-2.52,-0.12,519.7,0.05
2519,Exit long,2026-02-27 07:45,Close entry(s) order L,2026.38,1,2030.32,-3.94,-0.19,0.84,0.04,-5.29,-0.26,515.76,0.05
2519,Entry long,2026-02-27 07:30,L,2030.32,1,2030.32,-3.94,-0.19,0.84,0.04,-5.29,-0.26,515.76,0.05
2520,Exit long,2026-02-27 14:15,Close entry(s) order L,2036.52,1,2025.25,11.27,0.56,38.46,1.90,-6.94,-0.34,527.03,0.05
2520,Entry long,2026-02-27 10:30,L,2025.25,1,2025.25,11.27,0.56,38.46,1.90,-6.94,-0.34,527.03,0.05
2521,Exit long,2026-02-27 16:30,Close entry(s) order L,2036.29,1,2037.74,-1.45,-0.07,2.16,0.11,-4.89,-0.24,525.58,0.05
2521,Entry long,2026-02-27 16:15,L,2037.74,1,2037.74,-1.45,-0.07,2.16,0.11,-4.89,-0.24,525.58,0.05
2522,Exit long,2026-02-27 17:45,Close entry(s) order L,2018.83,1,2035.28,-16.45,-0.81,6.28,0.31,-18.69,-0.92,509.13,0.05
2522,Entry long,2026-02-27 17:15,L,2035.28,1,2035.28,-16.45,-0.81,6.28,0.31,-18.69,-0.92,509.13,0.05
2523,Exit long,2026-02-28 06:00,Close entry(s) order L,1920.31,1,1924.71,-4.4,-0.23,8.14,0.42,-8.9,-0.46,504.73,0.05
2523,Entry long,2026-02-28 04:15,L,1924.71,1,1924.71,-4.4,-0.23,8.14,0.42,-8.9,-0.46,504.73,0.05
2524,Exit long,2026-02-28 09:30,Close entry(s) order L,1924.47,1,1921.97,2.5,0.13,15.4,0.80,-0.41,-0.02,507.23,0.05
2524,Entry long,2026-02-28 07:15,L,1921.97,1,1921.97,2.5,0.13,15.4,0.80,-0.41,-0.02,507.23,0.05
2525,Exit long,2026-02-28 11:15,Close entry(s) order L,1927.01,1,1928.65,-1.64,-0.09,2.86,0.15,-3.05,-0.16,505.59,0.05
2525,Entry long,2026-02-28 10:30,L,1928.65,1,1928.65,-1.64,-0.09,2.86,0.15,-3.05,-0.16,505.59,0.05
2526,Exit long,2026-02-28 13:00,Close entry(s) order L,1924.24,1,1926.01,-1.77,-0.09,0.8,0.04,-3.65,-0.19,503.82,0.05
2526,Entry long,2026-02-28 12:45,L,1926.01,1,1926.01,-1.77,-0.09,0.8,0.04,-3.65,-0.19,503.82,0.05
2527,Exit long,2026-02-28 13:30,Close entry(s) order L,1922.04,1,1926.71,-4.67,-0.24,0.19,0.01,-4.98,-0.26,499.15,0.05
2527,Entry long,2026-02-28 13:15,L,1926.71,1,1926.71,-4.67,-0.24,0.19,0.01,-4.98,-0.26,499.15,0.05
2528,Exit long,2026-02-28 23:15,Close entry(s) order L,1874.63,1,1861.03,13.6,0.73,53.96,2.90,-2.26,-0.12,512.75,0.05
2528,Entry long,2026-02-28 18:45,L,1861.03,1,1861.03,13.6,0.73,53.96,2.90,-2.26,-0.12,512.75,0.05
2529,Exit long,2026-03-01 01:45,Close entry(s) order L,1889.7,1,1898.71,-9.01,-0.47,10.47,0.55,-14.58,-0.77,503.74,0.05
2529,Entry long,2026-02-28 23:30,L,1898.71,1,1898.71,-9.01,-0.47,10.47,0.55,-14.58,-0.77,503.74,0.05
2530,Exit long,2026-03-01 08:30,Close entry(s) order L,1957.58,1,1905.82,51.76,2.72,78.4,4.11,-5.64,-0.30,555.5,0.06
2530,Entry long,2026-03-01 02:00,L,1905.82,1,1905.82,51.76,2.72,78.4,4.11,-5.64,-0.30,555.5,0.06
2531,Exit long,2026-03-01 09:15,Close entry(s) order L,1948.03,1,1961.66,-13.63,-0.69,0.27,0.01,-16.89,-0.86,541.87,0.05
2531,Entry long,2026-03-01 09:00,L,1961.66,1,1961.66,-13.63,-0.69,0.27,0.01,-16.89,-0.86,541.87,0.05
2532,Exit long,2026-03-01 12:30,Close entry(s) order L,2011.05,1,1966.08,44.97,2.29,88.59,4.51,0,0.00,586.84,0.06
2532,Entry long,2026-03-01 09:45,L,1966.08,1,1966.08,44.97,2.29,88.59,4.51,0,0.00,586.84,0.06
2533,Exit long,2026-03-01 16:45,Close entry(s) order L,2000.9,1,2008.43,-7.53,-0.37,0,0.00,-7.96,-0.40,579.31,0.06
2533,Entry long,2026-03-01 16:15,L,2008.43,1,2008.43,-7.53,-0.37,0,0.00,-7.96,-0.40,579.31,0.06
2534,Exit long,2026-03-01 20:30,Close entry(s) order L,1979.84,1,1984.01,-4.17,-0.21,2.49,0.13,-5.74,-0.29,575.14,0.06
2534,Entry long,2026-03-01 20:15,L,1984.01,1,1984.01,-4.17,-0.21,2.49,0.13,-5.74,-0.29,575.14,0.06
2535,Exit long,2026-03-01 21:00,Close entry(s) order L,1977.48,1,1983.29,-5.81,-0.29,0,0.00,-7.59,-0.38,569.33,0.06
2535,Entry long,2026-03-01 20:45,L,1983.29,1,1983.29,-5.81,-0.29,0,0.00,-7.59,-0.38,569.33,0.06
2536,Exit long,2026-03-02 00:00,Close entry(s) order L,1992.3,1,2005.86,-13.56,-0.68,21.91,1.09,-14.86,-0.74,555.77,0.06
2536,Entry long,2026-03-01 22:00,L,2005.86,1,2005.86,-13.56,-0.68,21.91,1.09,-14.86,-0.74,555.77,0.06
2537,Exit long,2026-03-02 00:45,Close entry(s) order L,1999.03,1,1997.75,1.28,0.06,12.25,0.61,-3.71,-0.19,557.05,0.06
2537,Entry long,2026-03-02 00:15,L,1997.75,1,1997.75,1.28,0.06,12.25,0.61,-3.71,-0.19,557.05,0.06
2538,Exit long,2026-03-02 06:45,Close entry(s) order L,1928.74,1,1944.79,-16.05,-0.83,6.31,0.32,-31.39,-1.61,541,0.05
2538,Entry long,2026-03-02 06:15,L,1944.79,1,1944.79,-16.05,-0.83,6.31,0.32,-31.39,-1.61,541,0.05
2539,Exit long,2026-03-02 10:15,Close entry(s) order L,1944.17,1,1935.71,8.46,0.44,52.81,2.73,-5.43,-0.28,549.46,0.05
2539,Entry long,2026-03-02 07:15,L,1935.71,1,1935.71,8.46,0.44,52.81,2.73,-5.43,-0.28,549.46,0.05
2540,Exit long,2026-03-02 11:00,Close entry(s) order L,1954.47,1,1954.95,-0.48,-0.02,4.88,0.25,-4.81,-0.25,548.98,0.05
2540,Entry long,2026-03-02 10:45,L,1954.95,1,1954.95,-0.48,-0.02,4.88,0.25,-4.81,-0.25,548.98,0.05
2541,Exit long,2026-03-02 14:15,Close entry(s) order L,1968.22,1,1965.15,3.07,0.16,19.3,0.98,-5.05,-0.26,552.05,0.06
2541,Entry long,2026-03-02 11:15,L,1965.15,1,1965.15,3.07,0.16,19.3,0.98,-5.05,-0.26,552.05,0.06
2542,Exit long,2026-03-02 19:15,Close entry(s) order L,1935.7,1,1947.96,-12.26,-0.63,18.97,0.97,-13.26,-0.68,539.79,0.05
2542,Entry long,2026-03-02 17:00,L,1947.96,1,1947.96,-12.26,-0.63,18.97,0.97,-13.26,-0.68,539.79,0.05
2543,Exit long,2026-03-03 01:45,Close entry(s) order L,2028.1,1,1965.04,63.06,3.21,123.96,6.31,-8.27,-0.42,602.85,0.06
2543,Entry long,2026-03-02 22:45,L,1965.04,1,1965.04,63.06,3.21,123.96,6.31,-8.27,-0.42,602.85,0.06
2544,Exit long,2026-03-03 02:15,Close entry(s) order L,2038.04,1,2040.12,-2.08,-0.10,0.18,0.01,-17.46,-0.86,600.77,0.06
2544,Entry long,2026-03-03 02:00,L,2040.12,1,2040.12,-2.08,-0.10,0.18,0.01,-17.46,-0.86,600.77,0.06
2545,Exit long,2026-03-03 04:15,Close entry(s) order L,2031.01,1,2042.44,-11.43,-0.56,16.14,0.79,-19.18,-0.94,589.34,0.06
2545,Entry long,2026-03-03 04:00,L,2042.44,1,2042.44,-11.43,-0.56,16.14,0.79,-19.18,-0.94,589.34,0.06
2546,Exit long,2026-03-03 07:30,Close entry(s) order L,2036.61,1,2036.49,0.12,0.01,21.51,1.06,-8.15,-0.40,589.46,0.06
2546,Entry long,2026-03-03 04:30,L,2036.49,1,2036.49,0.12,0.01,21.51,1.06,-8.15,-0.40,589.46,0.06
2547,Exit long,2026-03-03 13:30,Close entry(s) order L,2006.02,1,2009.58,-3.56,-0.18,9.68,0.48,-6.11,-0.30,585.9,0.06
2547,Entry long,2026-03-03 13:15,L,2009.58,1,2009.58,-3.56,-0.18,9.68,0.48,-6.11,-0.30,585.9,0.06
2548,Exit long,2026-03-03 21:15,Close entry(s) order L,1949.2,1,1963.25,-14.05,-0.72,25.93,1.32,-14.88,-0.76,571.85,0.06
2548,Entry long,2026-03-03 19:45,L,1963.25,1,1963.25,-14.05,-0.72,25.93,1.32,-14.88,-0.76,571.85,0.06
2549,Exit long,2026-03-04 04:15,Close entry(s) order L,1977.94,1,1958.71,19.23,0.98,54.62,2.79,-1.29,-0.07,591.08,0.06
2549,Entry long,2026-03-03 23:45,L,1958.71,1,1958.71,19.23,0.98,54.62,2.79,-1.29,-0.07,591.08,0.06
2550,Exit long,2026-03-04 05:00,Close entry(s) order L,1977.33,1,1983.55,-6.22,-0.31,1.03,0.05,-15.09,-0.76,584.86,0.06
2550,Entry long,2026-03-04 04:45,L,1983.55,1,1983.55,-6.22,-0.31,1.03,0.05,-15.09,-0.76,584.86,0.06
2551,Exit long,2026-03-04 08:45,Close entry(s) order L,1963.24,1,1979.64,-16.4,-0.83,21.34,1.08,-19.64,-0.99,568.46,0.06
2551,Entry long,2026-03-04 06:15,L,1979.64,1,1979.64,-16.4,-0.83,21.34,1.08,-19.64,-0.99,568.46,0.06
2552,Exit long,2026-03-04 10:00,Close entry(s) order L,1980.76,1,1988.99,-8.23,-0.41,0.32,0.02,-9.95,-0.50,560.23,0.06
2552,Entry long,2026-03-04 09:45,L,1988.99,1,1988.99,-8.23,-0.41,0.32,0.02,-9.95,-0.50,560.23,0.06
2553,Exit long,2026-03-04 11:15,Close entry(s) order L,1974.88,1,1978.09,-3.21,-0.16,0.14,0.01,-9.21,-0.47,557.02,0.06
2553,Entry long,2026-03-04 11:00,L,1978.09,1,1978.09,-3.21,-0.16,0.14,0.01,-9.21,-0.47,557.02,0.06
2554,Exit long,2026-03-04 19:45,Close entry(s) order L,2053.14,1,1971.42,81.72,4.15,121.58,6.17,-9.31,-0.47,638.74,0.06
2554,Entry long,2026-03-04 13:45,L,1971.42,1,1971.42,81.72,4.15,121.58,6.17,-9.31,-0.47,638.74,0.06
2555,Exit long,2026-03-05 05:00,Close entry(s) order L,2148.49,1,2062.5,85.99,4.17,136.97,6.64,-2.35,-0.11,724.73,0.07
2555,Entry long,2026-03-04 21:45,L,2062.5,1,2062.5,85.99,4.17,136.97,6.64,-2.35,-0.11,724.73,0.07
2556,Exit long,2026-03-05 09:30,Close entry(s) order L,2126.34,1,2135.55,-9.21,-0.43,2.24,0.10,-16.52,-0.77,715.52,0.07
2556,Entry long,2026-03-05 09:15,L,2135.55,1,2135.55,-9.21,-0.43,2.24,0.10,-16.52,-0.77,715.52,0.07
2557,Exit long,2026-03-05 10:30,Close entry(s) order L,2125.47,1,2130.15,-4.68,-0.22,3.24,0.15,-6.95,-0.33,710.84,0.07
2557,Entry long,2026-03-05 10:15,L,2130.15,1,2130.15,-4.68,-0.22,3.24,0.15,-6.95,-0.33,710.84,0.07
2558,Exit long,2026-03-05 13:30,Close entry(s) order L,2118.49,1,2124.99,-6.5,-0.31,19.38,0.91,-9.61,-0.45,704.34,0.07
2558,Entry long,2026-03-05 12:15,L,2124.99,1,2124.99,-6.5,-0.31,19.38,0.91,-9.61,-0.45,704.34,0.07
2559,Exit long,2026-03-05 15:30,Close entry(s) order L,2125.29,1,2127.11,-1.82,-0.09,5.46,0.26,-3.78,-0.18,702.52,0.07
2559,Entry long,2026-03-05 15:00,L,2127.11,1,2127.11,-1.82,-0.09,5.46,0.26,-3.78,-0.18,702.52,0.07
2560,Exit long,2026-03-05 20:15,Close entry(s) order L,2132.63,1,2116.7,15.93,0.75,46.3,2.19,-1.39,-0.07,718.45,0.07
2560,Entry long,2026-03-05 17:00,L,2116.7,1,2116.7,15.93,0.75,46.3,2.19,-1.39,-0.07,718.45,0.07
2561,Exit long,2026-03-06 05:45,Close entry(s) order L,2080.82,1,2074.33,6.49,0.31,24.97,1.20,-5.37,-0.26,724.94,0.07
2561,Entry long,2026-03-06 02:45,L,2074.33,1,2074.33,6.49,0.31,24.97,1.20,-5.37,-0.26,724.94,0.07
2562,Exit long,2026-03-06 11:15,Close entry(s) order L,2077.44,1,2084.73,-7.29,-0.35,7.66,0.37,-9.58,-0.46,717.65,0.07
2562,Entry long,2026-03-06 09:45,L,2084.73,1,2084.73,-7.29,-0.35,7.66,0.37,-9.58,-0.46,717.65,0.07
2563,Exit long,2026-03-06 12:15,Close entry(s) order L,2076.97,1,2084.99,-8.02,-0.38,2.93,0.14,-8.57,-0.41,709.63,0.07
2563,Entry long,2026-03-06 11:30,L,2084.99,1,2084.99,-8.02,-0.38,2.93,0.14,-8.57,-0.41,709.63,0.07
2564,Exit long,2026-03-06 17:15,Close entry(s) order L,2063.74,1,2074.42,-10.68,-0.51,12.15,0.59,-12.41,-0.60,698.95,0.07
2564,Entry long,2026-03-06 14:45,L,2074.42,1,2074.42,-10.68,-0.51,12.15,0.59,-12.41,-0.60,698.95,0.07
2565,Exit long,2026-03-07 04:30,Close entry(s) order L,1972.77,1,1977.43,-4.66,-0.24,14.55,0.74,-6.26,-0.32,694.29,0.07
2565,Entry long,2026-03-07 02:15,L,1977.43,1,1977.43,-4.66,-0.24,14.55,0.74,-6.26,-0.32,694.29,0.07
2566,Exit long,2026-03-07 05:30,Close entry(s) order L,1973.98,1,1978.02,-4.04,-0.20,2.81,0.14,-7.44,-0.38,690.25,0.07
2566,Entry long,2026-03-07 04:45,L,1978.02,1,1978.02,-4.04,-0.20,2.81,0.14,-7.44,-0.38,690.25,0.07
2567,Exit long,2026-03-07 08:00,Close entry(s) order L,1977.66,1,1982.79,-5.13,-0.26,6.11,0.31,-7.02,-0.35,685.12,0.07
2567,Entry long,2026-03-07 06:00,L,1982.79,1,1982.79,-5.13,-0.26,6.11,0.31,-7.02,-0.35,685.12,0.07
2568,Exit long,2026-03-07 12:00,Close entry(s) order L,1979.15,1,1982.46,-3.31,-0.17,13.28,0.67,-3.76,-0.19,681.81,0.07
2568,Entry long,2026-03-07 11:00,L,1982.46,1,1982.46,-3.31,-0.17,13.28,0.67,-3.76,-0.19,681.81,0.07
2569,Exit long,2026-03-07 17:00,Close entry(s) order L,1976.67,1,1974.9,1.77,0.09,11.93,0.60,-1.06,-0.05,683.58,0.07
2569,Entry long,2026-03-07 15:30,L,1974.9,1,1974.9,1.77,0.09,11.93,0.60,-1.06,-0.05,683.58,0.07
2570,Exit long,2026-03-07 20:45,Close entry(s) order L,1982.75,1,1982.76,-0.01,0.00,11.07,0.56,-1.74,-0.09,683.57,0.07
2570,Entry long,2026-03-07 17:15,L,1982.76,1,1982.76,-0.01,0.00,11.07,0.56,-1.74,-0.09,683.57,0.07
2571,Exit long,2026-03-07 23:45,Close entry(s) order L,1977.48,1,1984.01,-6.53,-0.33,5.37,0.27,-9.01,-0.45,677.04,0.07
2571,Entry long,2026-03-07 22:45,L,1984.01,1,1984.01,-6.53,-0.33,5.37,0.27,-9.01,-0.45,677.04,0.07
2572,Exit long,2026-03-08 02:00,Close entry(s) order L,1976.56,1,1980.21,-3.65,-0.18,0.49,0.02,-5.33,-0.27,673.39,0.07
2572,Entry long,2026-03-08 01:30,L,1980.21,1,1980.21,-3.65,-0.18,0.49,0.02,-5.33,-0.27,673.39,0.07
2573,Exit long,2026-03-08 09:00,Close entry(s) order L,1967.93,1,1966.9,1.03,0.05,9.43,0.48,-9.59,-0.49,674.42,0.07
2573,Entry long,2026-03-08 05:15,L,1966.9,1,1966.9,1.03,0.05,9.43,0.48,-9.59,-0.49,674.42,0.07
2574,Exit long,2026-03-08 09:30,Close entry(s) order L,1967.36,1,1969.27,-1.91,-0.10,1.8,0.09,-1.91,-0.10,672.51,0.07
2574,Entry long,2026-03-08 09:15,L,1969.27,1,1969.27,-1.91,-0.10,1.8,0.09,-1.91,-0.10,672.51,0.07
2575,Exit long,2026-03-08 10:00,Close entry(s) order L,1968.05,1,1968.45,-0.4,-0.02,2.34,0.12,-1.14,-0.06,672.11,0.07
2575,Entry long,2026-03-08 09:45,L,1968.45,1,1968.45,-0.4,-0.02,2.34,0.12,-1.14,-0.06,672.11,0.07
2576,Exit long,2026-03-08 14:15,Close entry(s) order L,1945.5,1,1949.48,-3.98,-0.20,1.67,0.09,-4.7,-0.24,668.13,0.07
2576,Entry long,2026-03-08 13:45,L,1949.48,1,1949.48,-3.98,-0.20,1.67,0.09,-4.7,-0.24,668.13,0.07
2577,Exit long,2026-03-08 19:15,Close entry(s) order L,1955.19,1,1946.78,8.41,0.43,32.25,1.66,-2.91,-0.15,676.54,0.07
2577,Entry long,2026-03-08 14:45,L,1946.78,1,1946.78,8.41,0.43,32.25,1.66,-2.91,-0.15,676.54,0.07
2578,Exit long,2026-03-08 23:30,Close entry(s) order L,1938.01,1,1944.32,-6.31,-0.32,2.53,0.13,-6.32,-0.33,670.23,0.07
2578,Entry long,2026-03-08 23:00,L,1944.32,1,1944.32,-6.31,-0.32,2.53,0.13,-6.32,-0.33,670.23,0.07
2579,Exit long,2026-03-09 00:15,Close entry(s) order L,1940.26,1,1942.01,-1.75,-0.09,1.7,0.09,-2.55,-0.13,668.48,0.07
2579,Entry long,2026-03-09 00:00,L,1942.01,1,1942.01,-1.75,-0.09,1.7,0.09,-2.55,-0.13,668.48,0.07
2580,Exit long,2026-03-09 00:45,Close entry(s) order L,1938.37,1,1941.01,-2.64,-0.14,1.05,0.05,-7.43,-0.38,665.84,0.07
2580,Entry long,2026-03-09 00:30,L,1941.01,1,1941.01,-2.64,-0.14,1.05,0.05,-7.43,-0.38,665.84,0.07
2581,Exit long,2026-03-09 05:15,Close entry(s) order L,1947,1,1945.06,1.94,0.10,25.1,1.29,-3.63,-0.19,667.78,0.07
2581,Entry long,2026-03-09 03:15,L,1945.06,1,1945.06,1.94,0.10,25.1,1.29,-3.63,-0.19,667.78,0.07
2582,Exit long,2026-03-09 06:15,Close entry(s) order L,1927.72,1,1949.8,-22.08,-1.13,5.92,0.30,-43.17,-2.21,645.7,0.06
2582,Entry long,2026-03-09 05:30,L,1949.8,1,1949.8,-22.08,-1.13,5.92,0.30,-43.17,-2.21,645.7,0.06
2583,Exit long,2026-03-09 07:45,Close entry(s) order L,1937.81,1,1950.2,-12.39,-0.64,1.1,0.06,-13.05,-0.67,633.31,0.06
2583,Entry long,2026-03-09 07:30,L,1950.2,1,1950.2,-12.39,-0.64,1.1,0.06,-13.05,-0.67,633.31,0.06
2584,Exit long,2026-03-09 08:30,Close entry(s) order L,1941.34,1,1945.64,-4.3,-0.22,2.03,0.10,-17.44,-0.90,629.01,0.06
2584,Entry long,2026-03-09 08:15,L,1945.64,1,1945.64,-4.3,-0.22,2.03,0.10,-17.44,-0.90,629.01,0.06
2585,Exit long,2026-03-09 10:00,Close entry(s) order L,1944.92,1,1955.08,-10.16,-0.52,7.42,0.38,-13.68,-0.70,618.85,0.06
2585,Entry long,2026-03-09 08:45,L,1955.08,1,1955.08,-10.16,-0.52,7.42,0.38,-13.68,-0.70,618.85,0.06
2586,Exit long,2026-03-09 15:00,Close entry(s) order L,1984.01,1,1958.41,25.6,1.31,54.92,2.80,-2.6,-0.13,644.45,0.06
2586,Entry long,2026-03-09 10:45,L,1958.41,1,1958.41,25.6,1.31,54.92,2.80,-2.6,-0.13,644.45,0.06
2587,Exit long,2026-03-09 19:00,Close entry(s) order L,1994.52,1,1994.8,-0.28,-0.01,27.08,1.36,-9.29,-0.47,644.17,0.06
2587,Entry long,2026-03-09 16:30,L,1994.8,1,1994.8,-0.28,-0.01,27.08,1.36,-9.29,-0.47,644.17,0.06
2588,Exit long,2026-03-10 01:30,Close entry(s) order L,2019.84,1,2006.86,12.98,0.65,32.35,1.61,-9.46,-0.47,657.15,0.07
2588,Entry long,2026-03-09 20:30,L,2006.86,1,2006.86,12.98,0.65,32.35,1.61,-9.46,-0.47,657.15,0.07
2589,Exit long,2026-03-10 06:15,Close entry(s) order L,2022.34,1,2049.28,-26.94,-1.31,3.55,0.17,-32.8,-1.60,630.21,0.06
2589,Entry long,2026-03-10 03:30,L,2049.28,1,2049.28,-26.94,-1.31,3.55,0.17,-32.8,-1.60,630.21,0.06
2590,Exit long,2026-03-10 18:45,Close entry(s) order L,2056.71,1,2012.99,43.72,2.17,61.01,3.03,-7.36,-0.37,673.93,0.07
2590,Entry long,2026-03-10 08:30,L,2012.99,1,2012.99,43.72,2.17,61.01,3.03,-7.36,-0.37,673.93,0.07
2591,Exit long,2026-03-10 19:15,Close entry(s) order L,2057,1,2061.68,-4.68,-0.23,5.71,0.28,-5.58,-0.27,669.25,0.07
2591,Entry long,2026-03-10 19:00,L,2061.68,1,2061.68,-4.68,-0.23,5.71,0.28,-5.58,-0.27,669.25,0.07
2592,Exit long,2026-03-10 19:45,Close entry(s) order L,2060.43,1,2063.59,-3.16,-0.15,1.23,0.06,-4.58,-0.22,666.09,0.07
2592,Entry long,2026-03-10 19:30,L,2063.59,1,2063.59,-3.16,-0.15,1.23,0.06,-4.58,-0.22,666.09,0.07
2593,Exit long,2026-03-11 01:45,Close entry(s) order L,2064.59,1,2074.41,-9.82,-0.47,13.59,0.66,-17.27,-0.83,656.27,0.07
2593,Entry long,2026-03-10 23:00,L,2074.41,1,2074.41,-9.82,-0.47,13.59,0.66,-17.27,-0.83,656.27,0.07
2594,Exit long,2026-03-11 08:45,Close entry(s) order L,2028.81,1,2035.38,-6.57,-0.32,4.15,0.20,-8.18,-0.40,649.7,0.06
2594,Entry long,2026-03-11 08:00,L,2035.38,1,2035.38,-6.57,-0.32,4.15,0.20,-8.18,-0.40,649.7,0.06
2595,Exit long,2026-03-11 09:45,Close entry(s) order L,2031.13,1,2036.96,-5.83,-0.29,3.04,0.15,-9.55,-0.47,643.87,0.06
2595,Entry long,2026-03-11 09:00,L,2036.96,1,2036.96,-5.83,-0.29,3.04,0.15,-9.55,-0.47,643.87,0.06
2596,Exit long,2026-03-11 10:15,Close entry(s) order L,2032.7,1,2034.99,-2.29,-0.11,3.3,0.16,-2.6,-0.13,641.58,0.06
2596,Entry long,2026-03-11 10:00,L,2034.99,1,2034.99,-2.29,-0.11,3.3,0.16,-2.6,-0.13,641.58,0.06
2597,Exit long,2026-03-11 13:45,Close entry(s) order L,2016.23,1,2033.62,-17.39,-0.86,7.38,0.36,-23.62,-1.16,624.19,0.06
2597,Entry long,2026-03-11 12:30,L,2033.62,1,2033.62,-17.39,-0.86,7.38,0.36,-23.62,-1.16,624.19,0.06
2598,Exit long,2026-03-11 17:30,Close entry(s) order L,2017.21,1,2020.95,-3.74,-0.19,3.96,0.20,-4.45,-0.22,620.45,0.06
2598,Entry long,2026-03-11 16:45,L,2020.95,1,2020.95,-3.74,-0.19,3.96,0.20,-4.45,-0.22,620.45,0.06
2599,Exit long,2026-03-11 18:00,Close entry(s) order L,2016.96,1,2019.95,-2.99,-0.15,7.13,0.35,-5.93,-0.29,617.46,0.06
2599,Entry long,2026-03-11 17:45,L,2019.95,1,2019.95,-2.99,-0.15,7.13,0.35,-5.93,-0.29,617.46,0.06
2600,Exit long,2026-03-11 19:45,Close entry(s) order L,2020.32,1,2021.27,-0.95,-0.05,12.27,0.61,-3.04,-0.15,616.51,0.06
2600,Entry long,2026-03-11 18:15,L,2021.27,1,2021.27,-0.95,-0.05,12.27,0.61,-3.04,-0.15,616.51,0.06
2601,Exit long,2026-03-11 20:45,Close entry(s) order L,2021.33,1,2025.43,-4.1,-0.20,9.57,0.47,-7.43,-0.37,612.41,0.06
2601,Entry long,2026-03-11 20:30,L,2025.43,1,2025.43,-4.1,-0.20,9.57,0.47,-7.43,-0.37,612.41,0.06
2602,Exit long,2026-03-11 23:45,Close entry(s) order L,2038.85,1,2033.35,5.5,0.27,48.33,2.38,-4.51,-0.22,617.91,0.06
2602,Entry long,2026-03-11 21:15,L,2033.35,1,2033.35,5.5,0.27,48.33,2.38,-4.51,-0.22,617.91,0.06
2603,Exit long,2026-03-12 04:15,Close entry(s) order L,2067.95,1,2048.85,19.1,0.93,36.13,1.76,-3.71,-0.18,637.01,0.06
2603,Entry long,2026-03-12 00:00,L,2048.85,1,2048.85,19.1,0.93,36.13,1.76,-3.71,-0.18,637.01,0.06
2604,Exit long,2026-03-12 06:30,Close entry(s) order L,2067.55,1,2072.07,-4.52,-0.22,11.78,0.57,-5.52,-0.27,632.49,0.06
2604,Entry long,2026-03-12 06:00,L,2072.07,1,2072.07,-4.52,-0.22,11.78,0.57,-5.52,-0.27,632.49,0.06
2605,Exit long,2026-03-12 20:15,Close entry(s) order L,2058.69,1,2025.8,32.89,1.62,49.85,2.46,-2.3,-0.11,665.38,0.07
2605,Entry long,2026-03-12 14:00,L,2025.8,1,2025.8,32.89,1.62,49.85,2.46,-2.3,-0.11,665.38,0.07
2606,Exit long,2026-03-12 21:15,Close entry(s) order L,2063.92,1,2063.46,0.46,0.02,6.53,0.32,-5.69,-0.28,665.84,0.07
2606,Entry long,2026-03-12 20:30,L,2063.46,1,2063.46,0.46,0.02,6.53,0.32,-5.69,-0.28,665.84,0.07
2607,Exit long,2026-03-12 22:00,Close entry(s) order L,2064.54,1,2067.4,-2.86,-0.14,5.35,0.26,-13.16,-0.64,662.98,0.07
2607,Entry long,2026-03-12 21:45,L,2067.4,1,2067.4,-2.86,-0.14,5.35,0.26,-13.16,-0.64,662.98,0.07
2608,Exit long,2026-03-12 22:30,Close entry(s) order L,2057.59,1,2079.17,-21.58,-1.04,15.4,0.74,-22.6,-1.09,641.4,0.06
2608,Entry long,2026-03-12 22:15,L,2079.17,1,2079.17,-21.58,-1.04,15.4,0.74,-22.6,-1.09,641.4,0.06
2609,Exit long,2026-03-13 01:30,Close entry(s) order L,2060.6,1,2067.5,-6.9,-0.33,14.23,0.69,-12.3,-0.59,634.5,0.06
2609,Entry long,2026-03-12 23:30,L,2067.5,1,2067.5,-6.9,-0.33,14.23,0.69,-12.3,-0.59,634.5,0.06
2610,Exit long,2026-03-13 02:00,Close entry(s) order L,2057.27,1,2064.83,-7.56,-0.37,0.45,0.02,-10.83,-0.52,626.94,0.06
2610,Entry long,2026-03-13 01:45,L,2064.83,1,2064.83,-7.56,-0.37,0.45,0.02,-10.83,-0.52,626.94,0.06
2611,Exit long,2026-03-13 05:45,Close entry(s) order L,2059.7,1,2060.79,-1.09,-0.05,11.95,0.58,-4.37,-0.21,625.85,0.06
2611,Entry long,2026-03-13 03:30,L,2060.79,1,2060.79,-1.09,-0.05,11.95,0.58,-4.37,-0.21,625.85,0.06
2612,Exit long,2026-03-13 06:45,Close entry(s) order L,2059.9,1,2061.96,-2.06,-0.10,4.79,0.23,-2.58,-0.13,623.79,0.06
2612,Entry long,2026-03-13 06:00,L,2061.96,1,2061.96,-2.06,-0.10,4.79,0.23,-2.58,-0.13,623.79,0.06
2613,Exit long,2026-03-13 10:45,Close entry(s) order L,2107.38,1,2064.46,42.92,2.08,83.54,4.05,-0.65,-0.03,666.71,0.07
2613,Entry long,2026-03-13 07:00,L,2064.46,1,2064.46,42.92,2.08,83.54,4.05,-0.65,-0.03,666.71,0.07
2614,Exit long,2026-03-13 12:15,Close entry(s) order L,2114.22,1,2117.78,-3.56,-0.17,1.42,0.07,-4.36,-0.21,663.15,0.07
2614,Entry long,2026-03-13 12:00,L,2117.78,1,2117.78,-3.56,-0.17,1.42,0.07,-4.36,-0.21,663.15,0.07
2615,Exit long,2026-03-13 14:15,Close entry(s) order L,2108.36,1,2111.75,-3.39,-0.16,2.15,0.10,-6.74,-0.32,659.76,0.07
2615,Entry long,2026-03-13 13:45,L,2111.75,1,2111.75,-3.39,-0.16,2.15,0.10,-6.74,-0.32,659.76,0.07
2616,Exit long,2026-03-13 17:00,Close entry(s) order L,2098.97,1,2108.28,-9.31,-0.44,0.77,0.04,-11.79,-0.56,650.45,0.07
2616,Entry long,2026-03-13 16:45,L,2108.28,1,2108.28,-9.31,-0.44,0.77,0.04,-11.79,-0.56,650.45,0.07
2617,Exit long,2026-03-13 23:00,Close entry(s) order L,2150.4,1,2103.21,47.19,2.24,106.28,5.05,-8.08,-0.38,697.64,0.07
2617,Entry long,2026-03-13 17:15,L,2103.21,1,2103.21,47.19,2.24,106.28,5.05,-8.08,-0.38,697.64,0.07
2618,Exit long,2026-03-14 05:30,Close entry(s) order L,2104.82,1,2109.28,-4.46,-0.21,7.11,0.34,-6.75,-0.32,693.18,0.07
2618,Entry long,2026-03-14 04:30,L,2109.28,1,2109.28,-4.46,-0.21,7.11,0.34,-6.75,-0.32,693.18,0.07
2619,Exit long,2026-03-14 13:00,Close entry(s) order L,2089.3,1,2091.64,-2.34,-0.11,14.11,0.67,-11.58,-0.55,690.84,0.07
2619,Entry long,2026-03-14 09:30,L,2091.64,1,2091.64,-2.34,-0.11,14.11,0.67,-11.58,-0.55,690.84,0.07
2620,Exit long,2026-03-14 22:15,Close entry(s) order L,2073.05,1,2072.32,0.73,0.04,7.23,0.35,-3.98,-0.19,691.57,0.07
2620,Entry long,2026-03-14 19:30,L,2072.32,1,2072.32,0.73,0.04,7.23,0.35,-3.98,-0.19,691.57,0.07
2621,Exit long,2026-03-14 22:45,Close entry(s) order L,2069.43,1,2077.07,-7.64,-0.37,1.26,0.06,-8.64,-0.42,683.93,0.07
2621,Entry long,2026-03-14 22:30,L,2077.07,1,2077.07,-7.64,-0.37,1.26,0.06,-8.64,-0.42,683.93,0.07
2622,Exit long,2026-03-14 23:45,Close entry(s) order L,2072.54,1,2075.07,-2.53,-0.12,0,0.00,-4.67,-0.23,681.4,0.07
2622,Entry long,2026-03-14 23:30,L,2075.07,1,2075.07,-2.53,-0.12,0,0.00,-4.67,-0.23,681.4,0.07
2623,Exit long,2026-03-15 02:15,Close entry(s) order L,2072.5,1,2074.2,-1.7,-0.08,3.38,0.16,-2.19,-0.11,679.7,0.07
2623,Entry long,2026-03-15 00:30,L,2074.2,1,2074.2,-1.7,-0.08,3.38,0.16,-2.19,-0.11,679.7,0.07
2624,Exit long,2026-03-15 09:00,Close entry(s) order L,2086.82,1,2074.79,12.03,0.58,23.79,1.15,-1.15,-0.06,691.73,0.07
2624,Entry long,2026-03-15 02:45,L,2074.79,1,2074.79,12.03,0.58,23.79,1.15,-1.15,-0.06,691.73,0.07
2625,Exit long,2026-03-15 15:45,Close entry(s) order L,2104,1,2094.99,9.01,0.43,21.36,1.02,-6.32,-0.30,700.74,0.07
2625,Entry long,2026-03-15 10:15,L,2094.99,1,2094.99,9.01,0.43,21.36,1.02,-6.32,-0.30,700.74,0.07
2626,Exit long,2026-03-15 20:15,Close entry(s) order L,2114.93,1,2108.3,6.63,0.31,14.95,0.71,-1.67,-0.08,707.37,0.07
2626,Entry long,2026-03-15 16:15,L,2108.3,1,2108.3,6.63,0.31,14.95,0.71,-1.67,-0.08,707.37,0.07
2627,Exit long,2026-03-16 00:30,Close entry(s) order L,2091.69,1,2096.91,-5.22,-0.25,0.29,0.01,-8.72,-0.42,702.15,0.07
2627,Entry long,2026-03-16 00:15,L,2096.91,1,2096.91,-5.22,-0.25,0.29,0.01,-8.72,-0.42,702.15,0.07
2628,Exit long,2026-03-16 09:15,Close entry(s) order L,2164.95,1,2093.93,71.02,3.39,108.94,5.20,-1.28,-0.06,773.17,0.08
2628,Entry long,2026-03-16 01:15,L,2093.93,1,2093.93,71.02,3.39,108.94,5.20,-1.28,-0.06,773.17,0.08
2629,Exit long,2026-03-16 10:30,Close entry(s) order L,2172.67,1,2178.98,-6.31,-0.29,11,0.50,-9.98,-0.46,766.86,0.08
2629,Entry long,2026-03-16 09:30,L,2178.98,1,2178.98,-6.31,-0.29,11,0.50,-9.98,-0.46,766.86,0.08
2630,Exit long,2026-03-16 15:45,Close entry(s) order L,2252.6,1,2175.62,76.98,3.54,112.38,5.17,-2.84,-0.13,843.84,0.08
2630,Entry long,2026-03-16 10:45,L,2175.62,1,2175.62,76.98,3.54,112.38,5.17,-2.84,-0.13,843.84,0.08
2631,Exit long,2026-03-16 22:30,Close entry(s) order L,2279.65,1,2259.23,20.42,0.90,48.77,2.16,-4.06,-0.18,864.26,0.09
2631,Entry long,2026-03-16 18:00,L,2259.23,1,2259.23,20.42,0.90,48.77,2.16,-4.06,-0.18,864.26,0.09
2632,Exit long,2026-03-16 23:45,Close entry(s) order L,2282.69,1,2286.83,-4.14,-0.18,11.67,0.51,-10.8,-0.47,860.12,0.09
2632,Entry long,2026-03-16 23:00,L,2286.83,1,2286.83,-4.14,-0.18,11.67,0.51,-10.8,-0.47,860.12,0.09
2633,Exit long,2026-03-17 07:15,Close entry(s) order L,2338.51,1,2290.32,48.19,2.10,95.46,4.17,-3.88,-0.17,908.31,0.09
2633,Entry long,2026-03-17 00:45,L,2290.32,1,2290.32,48.19,2.10,95.46,4.17,-3.88,-0.17,908.31,0.09
2634,Exit long,2026-03-17 08:00,Close entry(s) order L,2351.66,1,2350.21,1.45,0.06,10.8,0.46,-4.96,-0.21,909.76,0.09
2634,Entry long,2026-03-17 07:30,L,2350.21,1,2350.21,1.45,0.06,10.8,0.46,-4.96,-0.21,909.76,0.09
2635,Exit long,2026-03-17 08:30,Close entry(s) order L,2353,1,2366.2,-13.2,-0.56,10.8,0.46,-25.58,-1.08,896.56,0.09
2635,Entry long,2026-03-17 08:15,L,2366.2,1,2366.2,-13.2,-0.56,10.8,0.46,-25.58,-1.08,896.56,0.09
2636,Exit long,2026-03-17 10:15,Close entry(s) order L,2348.22,1,2363.8,-15.58,-0.66,12.14,0.51,-20.37,-0.86,880.98,0.09
2636,Entry long,2026-03-17 09:15,L,2363.8,1,2363.8,-15.58,-0.66,12.14,0.51,-20.37,-0.86,880.98,0.09
2637,Exit long,2026-03-17 11:00,Close entry(s) order L,2349.96,1,2357.31,-7.35,-0.31,3.16,0.13,-8.06,-0.34,873.63,0.09
2637,Entry long,2026-03-17 10:45,L,2357.31,1,2357.31,-7.35,-0.31,3.16,0.13,-8.06,-0.34,873.63,0.09
2638,Exit long,2026-03-17 14:45,Close entry(s) order L,2309.44,1,2320.25,-10.81,-0.47,3.52,0.15,-13.91,-0.60,862.82,0.09
2638,Entry long,2026-03-17 14:30,L,2320.25,1,2320.25,-10.81,-0.47,3.52,0.15,-13.91,-0.60,862.82,0.09
2639,Exit long,2026-03-17 17:00,Close entry(s) order L,2319.52,1,2314.26,5.26,0.23,23.24,1.00,-0.16,-0.01,868.08,0.09
2639,Entry long,2026-03-17 15:00,L,2314.26,1,2314.26,5.26,0.23,23.24,1.00,-0.16,-0.01,868.08,0.09
2640,Exit long,2026-03-17 17:45,Close entry(s) order L,2322.02,1,2323.78,-1.76,-0.08,1.21,0.05,-6.8,-0.29,866.32,0.09
2640,Entry long,2026-03-17 17:30,L,2323.78,1,2323.78,-1.76,-0.08,1.21,0.05,-6.8,-0.29,866.32,0.09
2641,Exit long,2026-03-17 21:00,Close entry(s) order L,2314.62,1,2322.36,-7.74,-0.33,12.07,0.52,-10.64,-0.46,858.58,0.09
2641,Entry long,2026-03-17 19:15,L,2322.36,1,2322.36,-7.74,-0.33,12.07,0.52,-10.64,-0.46,858.58,0.09
2642,Exit long,2026-03-17 23:30,Close entry(s) order L,2322.29,1,2319.48,2.81,0.12,37.18,1.60,-4.51,-0.19,861.39,0.09
2642,Entry long,2026-03-17 21:30,L,2319.48,1,2319.48,2.81,0.12,37.18,1.60,-4.51,-0.19,861.39,0.09
2643,Exit long,2026-03-18 00:45,Close entry(s) order L,2324.83,1,2329.85,-5.02,-0.22,1.96,0.08,-10.3,-0.44,856.37,0.09
2643,Entry long,2026-03-18 00:30,L,2329.85,1,2329.85,-5.02,-0.22,1.96,0.08,-10.3,-0.44,856.37,0.09
2644,Exit long,2026-03-18 03:45,Close entry(s) order L,2324.55,1,2328.17,-3.62,-0.16,13.66,0.59,-4.74,-0.20,852.75,0.09
2644,Entry long,2026-03-18 01:30,L,2328.17,1,2328.17,-3.62,-0.16,13.66,0.59,-4.74,-0.20,852.75,0.09
2645,Exit long,2026-03-18 06:30,Close entry(s) order L,2327.56,1,2338.01,-10.45,-0.45,3.08,0.13,-10.76,-0.46,842.3,0.08
2645,Entry long,2026-03-18 05:15,L,2338.01,1,2338.01,-10.45,-0.45,3.08,0.13,-10.76,-0.46,842.3,0.08
2646,Exit long,2026-03-18 07:30,Close entry(s) order L,2326.48,1,2329.39,-2.91,-0.12,2.76,0.12,-6.19,-0.27,839.39,0.08
2646,Entry long,2026-03-18 07:15,L,2329.39,1,2329.39,-2.91,-0.12,2.76,0.12,-6.19,-0.27,839.39,0.08
2647,Exit long,2026-03-18 12:30,Close entry(s) order L,2331.44,1,2324.28,7.16,0.31,25.71,1.11,-2.46,-0.11,846.55,0.08
2647,Entry long,2026-03-18 09:15,L,2324.28,1,2324.28,7.16,0.31,25.71,1.11,-2.46,-0.11,846.55,0.08
2648,Exit long,2026-03-18 18:45,Close entry(s) order L,2313.14,1,2320.82,-7.68,-0.33,12.16,0.52,-9.42,-0.41,838.87,0.08
2648,Entry long,2026-03-18 16:45,L,2320.82,1,2320.82,-7.68,-0.33,12.16,0.52,-9.42,-0.41,838.87,0.08
2649,Exit long,2026-03-19 03:00,Close entry(s) order L,2180.26,1,2197.32,-17.06,-0.78,21.68,0.99,-22.77,-1.04,821.81,0.08
2649,Entry long,2026-03-19 01:30,L,2197.32,1,2197.32,-17.06,-0.78,21.68,0.99,-22.77,-1.04,821.81,0.08
2650,Exit long,2026-03-19 03:45,Close entry(s) order L,2190.67,1,2192.43,-1.76,-0.08,2.9,0.13,-4.35,-0.20,820.05,0.08
2650,Entry long,2026-03-19 03:30,L,2192.43,1,2192.43,-1.76,-0.08,2.9,0.13,-4.35,-0.20,820.05,0.08
2651,Exit long,2026-03-19 08:45,Close entry(s) order L,2191.38,1,2196.29,-4.91,-0.22,11.86,0.54,-10.7,-0.49,815.14,0.08
2651,Entry long,2026-03-19 05:30,L,2196.29,1,2196.29,-4.91,-0.22,11.86,0.54,-10.7,-0.49,815.14,0.08
2652,Exit long,2026-03-19 11:00,Close entry(s) order L,2195.6,1,2198.62,-3.02,-0.14,5.25,0.24,-11.04,-0.50,812.12,0.08
2652,Entry long,2026-03-19 09:45,L,2198.62,1,2198.62,-3.02,-0.14,5.25,0.24,-11.04,-0.50,812.12,0.08
2653,Exit long,2026-03-19 12:15,Close entry(s) order L,2200,1,2204.36,-4.36,-0.20,28.28,1.28,-8,-0.36,807.76,0.08
2653,Entry long,2026-03-19 11:15,L,2204.36,1,2204.36,-4.36,-0.20,28.28,1.28,-8,-0.36,807.76,0.08
2654,Exit long,2026-03-19 19:15,Close entry(s) order L,2169.49,1,2178.54,-9.05,-0.42,13.45,0.62,-12.35,-0.57,798.71,0.08
2654,Entry long,2026-03-19 17:30,L,2178.54,1,2178.54,-9.05,-0.42,13.45,0.62,-12.35,-0.57,798.71,0.08
2655,Exit long,2026-03-19 19:45,Close entry(s) order L,2166.53,1,2173.77,-7.24,-0.33,2.9,0.13,-9.22,-0.42,791.47,0.08
2655,Entry long,2026-03-19 19:30,L,2173.77,1,2173.77,-7.24,-0.33,2.9,0.13,-9.22,-0.42,791.47,0.08
2656,Exit long,2026-03-20 02:45,Close entry(s) order L,2115.71,1,2124.36,-8.65,-0.41,6.62,0.31,-11.94,-0.56,782.82,0.08
2656,Entry long,2026-03-20 01:30,L,2124.36,1,2124.36,-8.65,-0.41,6.62,0.31,-11.94,-0.56,782.82,0.08
2657,Exit long,2026-03-20 06:45,Close entry(s) order L,2137.6,1,2123.98,13.62,0.64,31.92,1.50,-0.31,-0.01,796.44,0.08
2657,Entry long,2026-03-20 03:00,L,2123.98,1,2123.98,13.62,0.64,31.92,1.50,-0.31,-0.01,796.44,0.08
2658,Exit long,2026-03-20 07:30,Close entry(s) order L,2141.38,1,2145.13,-3.75,-0.17,0,0.00,-9.9,-0.46,792.69,0.08
2658,Entry long,2026-03-20 07:15,L,2145.13,1,2145.13,-3.75,-0.17,0,0.00,-9.9,-0.46,792.69,0.08
2659,Exit long,2026-03-20 10:30,Close entry(s) order L,2138.1,1,2144.8,-6.7,-0.31,14.87,0.69,-9.36,-0.44,785.99,0.08
2659,Entry long,2026-03-20 08:45,L,2144.8,1,2144.8,-6.7,-0.31,14.87,0.69,-9.36,-0.44,785.99,0.08
2660,Exit long,2026-03-20 12:45,Close entry(s) order L,2139.29,1,2151.75,-12.46,-0.58,6.78,0.32,-13.74,-0.64,773.53,0.08
2660,Entry long,2026-03-20 11:30,L,2151.75,1,2151.75,-12.46,-0.58,6.78,0.32,-13.74,-0.64,773.53,0.08
2661,Exit long,2026-03-20 13:30,Close entry(s) order L,2142.24,1,2149.72,-7.48,-0.35,0.64,0.03,-8.35,-0.39,766.05,0.08
2661,Entry long,2026-03-20 13:15,L,2149.72,1,2149.72,-7.48,-0.35,0.64,0.03,-8.35,-0.39,766.05,0.08
2662,Exit long,2026-03-20 17:30,Close entry(s) order L,2141.24,1,2151.76,-10.52,-0.49,23.88,1.11,-13.91,-0.65,755.53,0.08
2662,Entry long,2026-03-20 15:45,L,2151.76,1,2151.76,-10.52,-0.49,23.88,1.11,-13.91,-0.65,755.53,0.08
2663,Exit long,2026-03-20 19:30,Close entry(s) order L,2148.78,1,2156.88,-8.1,-0.38,0.01,0.00,-9.69,-0.45,747.43,0.07
2663,Entry long,2026-03-20 19:15,L,2156.88,1,2156.88,-8.1,-0.38,0.01,0.00,-9.69,-0.45,747.43,0.07
2664,Exit long,2026-03-20 21:45,Close entry(s) order L,2140.05,1,2145.92,-5.87,-0.27,0,0.00,-23.99,-1.12,741.56,0.07
2664,Entry long,2026-03-20 21:30,L,2145.92,1,2145.92,-5.87,-0.27,0,0.00,-23.99,-1.12,741.56,0.07
2665,Exit long,2026-03-21 01:15,Close entry(s) order L,2132.19,1,2138.33,-6.14,-0.29,5.67,0.27,-8.85,-0.41,735.42,0.07
2665,Entry long,2026-03-21 00:15,L,2138.33,1,2138.33,-6.14,-0.29,5.67,0.27,-8.85,-0.41,735.42,0.07
2666,Exit long,2026-03-21 02:30,Close entry(s) order L,2124.65,1,2135.92,-11.27,-0.53,0.79,0.04,-12.78,-0.60,724.15,0.07
2666,Entry long,2026-03-21 02:00,L,2135.92,1,2135.92,-11.27,-0.53,0.79,0.04,-12.78,-0.60,724.15,0.07
2667,Exit long,2026-03-21 04:45,Close entry(s) order L,2127.54,1,2132.1,-4.56,-0.21,3.89,0.18,-9.2,-0.43,719.59,0.07
2667,Entry long,2026-03-21 04:00,L,2132.1,1,2132.1,-4.56,-0.21,3.89,0.18,-9.2,-0.43,719.59,0.07
2668,Exit long,2026-03-21 08:00,Close entry(s) order L,2145.08,1,2132.09,12.99,0.61,35.44,1.66,-2.5,-0.12,732.58,0.07
2668,Entry long,2026-03-21 05:00,L,2132.09,1,2132.09,12.99,0.61,35.44,1.66,-2.5,-0.12,732.58,0.07
2669,Exit long,2026-03-21 09:45,Close entry(s) order L,2148.41,1,2149.76,-1.35,-0.06,9.24,0.43,-2.19,-0.10,731.23,0.07
2669,Entry long,2026-03-21 08:30,L,2149.76,1,2149.76,-1.35,-0.06,9.24,0.43,-2.19,-0.10,731.23,0.07
2670,Exit long,2026-03-21 12:45,Close entry(s) order L,2151.17,1,2151.04,0.13,0.01,6.37,0.30,-2.47,-0.11,731.36,0.07
2670,Entry long,2026-03-21 10:30,L,2151.04,1,2151.04,0.13,0.01,6.37,0.30,-2.47,-0.11,731.36,0.07
2671,Exit long,2026-03-21 14:00,Close entry(s) order L,2152.14,1,2152.43,-0.29,-0.01,4.51,0.21,-0.97,-0.05,731.07,0.07
2671,Entry long,2026-03-21 13:15,L,2152.43,1,2152.43,-0.29,-0.01,4.51,0.21,-0.97,-0.05,731.07,0.07
2672,Exit long,2026-03-21 16:30,Close entry(s) order L,2149.32,1,2153.74,-4.42,-0.21,6.97,0.32,-4.63,-0.21,726.65,0.07
2672,Entry long,2026-03-21 14:30,L,2153.74,1,2153.74,-4.42,-0.21,6.97,0.32,-4.63,-0.21,726.65,0.07
2673,Exit long,2026-03-21 17:30,Close entry(s) order L,2154,1,2156.68,-2.68,-0.12,0,0.00,-2.89,-0.13,723.97,0.07
2673,Entry long,2026-03-21 17:15,L,2156.68,1,2156.68,-2.68,-0.12,0,0.00,-2.89,-0.13,723.97,0.07
2674,Exit long,2026-03-21 18:30,Close entry(s) order L,2154.1,1,2156.79,-2.69,-0.12,1.37,0.06,-4.24,-0.20,721.28,0.07
2674,Entry long,2026-03-21 17:45,L,2156.79,1,2156.79,-2.69,-0.12,1.37,0.06,-4.24,-0.20,721.28,0.07
2675,Exit long,2026-03-21 21:30,Close entry(s) order L,2154.98,1,2154.39,0.59,0.03,5.47,0.25,-1.34,-0.06,721.87,0.07
2675,Entry long,2026-03-21 19:30,L,2154.39,1,2154.39,0.59,0.03,5.47,0.25,-1.34,-0.06,721.87,0.07
2676,Exit long,2026-03-21 23:00,Close entry(s) order L,2151.08,1,2163.89,-12.81,-0.59,1.82,0.08,-14.8,-0.68,709.06,0.07
2676,Entry long,2026-03-21 22:15,L,2163.89,1,2163.89,-12.81,-0.59,1.82,0.08,-14.8,-0.68,709.06,0.07
2677,Exit long,2026-03-22 06:15,Close entry(s) order L,2151.55,1,2150.2,1.35,0.06,5.92,0.28,-2.13,-0.10,710.41,0.07
2677,Entry long,2026-03-22 02:30,L,2150.2,1,2150.2,1.35,0.06,5.92,0.28,-2.13,-0.10,710.41,0.07
2678,Exit long,2026-03-22 14:15,Close entry(s) order L,2109,1,2104.68,4.32,0.21,21.7,1.03,-7.88,-0.37,714.73,0.07
2678,Entry long,2026-03-22 10:30,L,2104.68,1,2104.68,4.32,0.21,21.7,1.03,-7.88,-0.37,714.73,0.07
2679,Exit long,2026-03-22 21:45,Close entry(s) order L,2075.26,1,2083.35,-8.09,-0.39,9.25,0.44,-12.52,-0.60,706.64,0.07
2679,Entry long,2026-03-22 20:30,L,2083.35,1,2083.35,-8.09,-0.39,9.25,0.44,-12.52,-0.60,706.64,0.07
2680,Exit long,2026-03-22 23:00,Close entry(s) order L,2076.97,1,2080,-3.03,-0.15,3.74,0.18,-5.72,-0.27,703.61,0.07
2680,Entry long,2026-03-22 22:30,L,2080,1,2080,-3.03,-0.15,3.74,0.18,-5.72,-0.27,703.61,0.07
2681,Exit long,2026-03-22 23:30,Close entry(s) order L,2078.76,1,2081.39,-2.63,-0.13,2.11,0.10,-5.33,-0.26,700.98,0.07
2681,Entry long,2026-03-22 23:15,L,2081.39,1,2081.39,-2.63,-0.13,2.11,0.10,-5.33,-0.26,700.98,0.07
2682,Exit long,2026-03-23 00:30,Close entry(s) order L,2078,1,2081.97,-3.97,-0.19,1.59,0.08,-4.91,-0.24,697.01,0.07
2682,Entry long,2026-03-23 00:00,L,2081.97,1,2081.97,-3.97,-0.19,1.59,0.08,-4.91,-0.24,697.01,0.07
2683,Exit long,2026-03-23 01:45,Close entry(s) order L,2077.48,1,2080.96,-3.48,-0.17,2.52,0.12,-4.78,-0.23,693.53,0.07
2683,Entry long,2026-03-23 01:00,L,2080.96,1,2080.96,-3.48,-0.17,2.52,0.12,-4.78,-0.23,693.53,0.07
2684,Exit long,2026-03-23 06:45,Close entry(s) order L,2053.78,1,2058.8,-5.02,-0.24,3.2,0.16,-6.06,-0.29,688.51,0.07
2684,Entry long,2026-03-23 06:30,L,2058.8,1,2058.8,-5.02,-0.24,3.2,0.16,-6.06,-0.29,688.51,0.07
2685,Exit long,2026-03-23 08:00,Close entry(s) order L,2052.86,1,2061.74,-8.88,-0.43,12.97,0.63,-11.73,-0.57,679.63,0.07
2685,Entry long,2026-03-23 07:00,L,2061.74,1,2061.74,-8.88,-0.43,12.97,0.63,-11.73,-0.57,679.63,0.07
2686,Exit long,2026-03-23 08:45,Close entry(s) order L,2044.98,1,2056.23,-11.25,-0.55,2.76,0.13,-21.85,-1.06,668.38,0.07
2686,Entry long,2026-03-23 08:15,L,2056.23,1,2056.23,-11.25,-0.55,2.76,0.13,-21.85,-1.06,668.38,0.07
2687,Exit long,2026-03-23 09:45,Close entry(s) order L,2054.15,1,2058.58,-4.43,-0.22,2.42,0.12,-8.09,-0.39,663.95,0.07
2687,Entry long,2026-03-23 09:30,L,2058.58,1,2058.58,-4.43,-0.22,2.42,0.12,-8.09,-0.39,663.95,0.07
2688,Exit long,2026-03-23 12:00,Close entry(s) order L,2051.55,1,2067.1,-15.55,-0.75,4.82,0.23,-16.46,-0.80,648.4,0.06
2688,Entry long,2026-03-23 10:30,L,2067.1,1,2067.1,-15.55,-0.75,4.82,0.23,-16.46,-0.80,648.4,0.06
2689,Exit long,2026-03-23 14:15,Close entry(s) order L,2057.7,1,2064.71,-7.01,-0.34,6.59,0.32,-8.66,-0.42,641.39,0.06
2689,Entry long,2026-03-23 13:00,L,2064.71,1,2064.71,-7.01,-0.34,6.59,0.32,-8.66,-0.42,641.39,0.06
2690,Exit long,2026-03-23 17:00,Close entry(s) order L,2046.85,1,2055.81,-8.96,-0.44,2.64,0.13,-13.51,-0.66,632.43,0.06
2690,Entry long,2026-03-23 16:15,L,2055.81,1,2055.81,-8.96,-0.44,2.64,0.13,-13.51,-0.66,632.43,0.06
2691,Exit long,2026-03-23 18:30,Close entry(s) order L,2043.92,1,2042.63,1.29,0.06,10.67,0.52,-1.88,-0.09,633.72,0.06
2691,Entry long,2026-03-23 18:00,L,2042.63,1,2042.63,1.29,0.06,10.67,0.52,-1.88,-0.09,633.72,0.06
2692,Exit long,2026-03-23 23:45,Close entry(s) order L,2149.07,1,2047.84,101.23,4.94,151.16,7.38,0,0.00,734.95,0.07
2692,Entry long,2026-03-23 19:00,L,2047.84,1,2047.84,101.23,4.94,151.16,7.38,0,0.00,734.95,0.07
2693,Exit long,2026-03-24 05:15,Close entry(s) order L,2153.68,1,2151.45,2.23,0.10,27.55,1.28,-7.32,-0.34,737.18,0.07
2693,Entry long,2026-03-24 02:00,L,2151.45,1,2151.45,2.23,0.10,27.55,1.28,-7.32,-0.34,737.18,0.07
2694,Exit long,2026-03-24 06:00,Close entry(s) order L,2156.96,1,2160.02,-3.06,-0.14,2.7,0.12,-4.45,-0.21,734.12,0.07
2694,Entry long,2026-03-24 05:45,L,2160.02,1,2160.02,-3.06,-0.14,2.7,0.12,-4.45,-0.21,734.12,0.07
2695,Exit long,2026-03-24 12:45,Close entry(s) order L,2134.3,1,2138.52,-4.22,-0.20,13.97,0.65,-7.36,-0.34,729.9,0.07
2695,Entry long,2026-03-24 11:30,L,2138.52,1,2138.52,-4.22,-0.20,13.97,0.65,-7.36,-0.34,729.9,0.07
2696,Exit long,2026-03-24 17:15,Close entry(s) order L,2146.85,1,2136.76,10.09,0.47,33.14,1.55,-2.76,-0.13,739.99,0.07
2696,Entry long,2026-03-24 14:15,L,2136.76,1,2136.76,10.09,0.47,33.14,1.55,-2.76,-0.13,739.99,0.07
2697,Exit long,2026-03-24 18:30,Close entry(s) order L,2155.2,1,2161.54,-6.34,-0.29,4.66,0.22,-7.2,-0.33,733.65,0.07
2697,Entry long,2026-03-24 17:45,L,2161.54,1,2161.54,-6.34,-0.29,4.66,0.22,-7.2,-0.33,733.65,0.07
2698,Exit long,2026-03-24 20:45,Close entry(s) order L,2160.4,1,2159.7,0.7,0.03,15.01,0.70,-9.07,-0.42,734.35,0.07
2698,Entry long,2026-03-24 18:45,L,2159.7,1,2159.7,0.7,0.03,15.01,0.70,-9.07,-0.42,734.35,0.07
2699,Exit long,2026-03-25 03:30,Close entry(s) order L,2119.56,1,2124.98,-5.42,-0.26,2.21,0.10,-6.45,-0.30,728.93,0.07
2699,Entry long,2026-03-25 03:15,L,2124.98,1,2124.98,-5.42,-0.26,2.21,0.10,-6.45,-0.30,728.93,0.07
2700,Exit long,2026-03-25 04:00,Close entry(s) order L,2115.96,1,2119.26,-3.3,-0.16,0.17,0.01,-6.03,-0.28,725.63,0.07
2700,Entry long,2026-03-25 03:45,L,2119.26,1,2119.26,-3.3,-0.16,0.17,0.01,-6.03,-0.28,725.63,0.07
2701,Exit long,2026-03-25 10:00,Close entry(s) order L,2155.51,1,2119.79,35.72,1.69,48.21,2.27,-0.49,-0.02,761.35,0.08
2701,Entry long,2026-03-25 04:15,L,2119.79,1,2119.79,35.72,1.69,48.21,2.27,-0.49,-0.02,761.35,0.08
2702,Exit long,2026-03-25 11:00,Close entry(s) order L,2154.58,1,2159.05,-4.47,-0.21,1.55,0.07,-5.65,-0.26,756.88,0.08
2702,Entry long,2026-03-25 10:45,L,2159.05,1,2159.05,-4.47,-0.21,1.55,0.07,-5.65,-0.26,756.88,0.08
2703,Exit long,2026-03-25 15:00,Close entry(s) order L,2162.46,1,2157.49,4.97,0.23,22.23,1.03,-1.92,-0.09,761.85,0.08
2703,Entry long,2026-03-25 12:00,L,2157.49,1,2157.49,4.97,0.23,22.23,1.03,-1.92,-0.09,761.85,0.08
2704,Exit long,2026-03-25 15:30,Close entry(s) order L,2166.89,1,2170.89,-4,-0.18,0.15,0.01,-4.24,-0.20,757.85,0.08
2704,Entry long,2026-03-25 15:15,L,2170.89,1,2170.89,-4,-0.18,0.15,0.01,-4.24,-0.20,757.85,0.08
2705,Exit long,2026-03-25 16:00,Close entry(s) order L,2163.71,1,2168.97,-5.26,-0.24,0.52,0.02,-10.82,-0.50,752.59,0.08
2705,Entry long,2026-03-25 15:45,L,2168.97,1,2168.97,-5.26,-0.24,0.52,0.02,-10.82,-0.50,752.59,0.08
2706,Exit long,2026-03-25 20:30,Close entry(s) order L,2170.98,1,2178.44,-7.46,-0.34,21.67,0.99,-13.07,-0.60,745.13,0.07
2706,Entry long,2026-03-25 16:30,L,2178.44,1,2178.44,-7.46,-0.34,21.67,0.99,-13.07,-0.60,745.13,0.07
2707,Exit long,2026-03-25 21:30,Close entry(s) order L,2181.5,1,2183.89,-2.39,-0.11,1.91,0.09,-4.21,-0.19,742.74,0.07
2707,Entry long,2026-03-25 21:15,L,2183.89,1,2183.89,-2.39,-0.11,1.91,0.09,-4.21,-0.19,742.74,0.07
2708,Exit long,2026-03-25 22:00,Close entry(s) order L,2183.31,1,2188.26,-4.95,-0.23,3.74,0.17,-7.4,-0.34,737.79,0.07
2708,Entry long,2026-03-25 21:45,L,2188.26,1,2188.26,-4.95,-0.23,3.74,0.17,-7.4,-0.34,737.79,0.07
2709,Exit long,2026-03-26 01:15,Close entry(s) order L,2169.78,1,2174.76,-4.98,-0.23,7.04,0.32,-7.55,-0.35,732.81,0.07
2709,Entry long,2026-03-26 00:30,L,2174.76,1,2174.76,-4.98,-0.23,7.04,0.32,-7.55,-0.35,732.81,0.07
2710,Exit long,2026-03-26 02:45,Close entry(s) order L,2163.31,1,2167.64,-4.33,-0.20,5.08,0.23,-5.41,-0.25,728.48,0.07
2710,Entry long,2026-03-26 02:15,L,2167.64,1,2167.64,-4.33,-0.20,5.08,0.23,-5.41,-0.25,728.48,0.07
2711,Exit long,2026-03-26 04:15,Close entry(s) order L,2165.03,1,2168.45,-3.42,-0.16,7.88,0.36,-4.37,-0.20,725.06,0.07
2711,Entry long,2026-03-26 03:15,L,2168.45,1,2168.45,-3.42,-0.16,7.88,0.36,-4.37,-0.20,725.06,0.07
2712,Exit long,2026-03-26 05:30,Close entry(s) order L,2163,1,2168.34,-5.34,-0.25,0.41,0.02,-8.3,-0.38,719.72,0.07
2712,Entry long,2026-03-26 05:15,L,2168.34,1,2168.34,-5.34,-0.25,0.41,0.02,-8.3,-0.38,719.72,0.07
2713,Exit long,2026-03-26 07:45,Close entry(s) order L,2165.01,1,2174.36,-9.35,-0.43,2.17,0.10,-10.25,-0.47,710.37,0.07
2713,Entry long,2026-03-26 06:45,L,2174.36,1,2174.36,-9.35,-0.43,2.17,0.10,-10.25,-0.47,710.37,0.07
2714,Exit long,2026-03-26 08:15,Close entry(s) order L,2166,1,2168,-2,-0.09,1,0.05,-3.88,-0.18,708.37,0.07
2714,Entry long,2026-03-26 08:00,L,2168,1,2168,-2,-0.09,1,0.05,-3.88,-0.18,708.37,0.07
2715,Exit long,2026-03-26 23:15,Close entry(s) order L,2058.31,1,2077.65,-19.34,-0.93,15.99,0.77,-20.16,-0.97,689.03,0.07
2715,Entry long,2026-03-26 21:15,L,2077.65,1,2077.65,-19.34,-0.93,15.99,0.77,-20.16,-0.97,689.03,0.07
2716,Exit long,2026-03-27 07:15,Close entry(s) order L,2062.31,1,2070.86,-8.55,-0.41,7.26,0.35,-17.46,-0.84,680.48,0.07
2716,Entry long,2026-03-27 04:15,L,2070.86,1,2070.86,-8.55,-0.41,7.26,0.35,-17.46,-0.84,680.48,0.07
2717,Exit long,2026-03-27 08:30,Close entry(s) order L,2059.2,1,2065.52,-6.32,-0.31,1.13,0.05,-7.73,-0.37,674.16,0.07
2717,Entry long,2026-03-27 08:15,L,2065.52,1,2065.52,-6.32,-0.31,1.13,0.05,-7.73,-0.37,674.16,0.07
2718,Exit long,2026-03-27 11:15,Close entry(s) order L,2060.61,1,2064.1,-3.49,-0.17,12.33,0.60,-6.04,-0.29,670.67,0.07
2718,Entry long,2026-03-27 09:00,L,2064.1,1,2064.1,-3.49,-0.17,12.33,0.60,-6.04,-0.29,670.67,0.07
2719,Exit long,2026-03-27 13:30,Close entry(s) order L,2057.96,1,2061.92,-3.96,-0.19,3.66,0.18,-6.2,-0.30,666.71,0.07
2719,Entry long,2026-03-27 13:15,L,2061.92,1,2061.92,-3.96,-0.19,3.66,0.18,-6.2,-0.30,666.71,0.07
2720,Exit long,2026-03-27 16:15,Close entry(s) order L,2062.01,1,2060.18,1.83,0.09,11.41,0.55,-2.86,-0.14,668.54,0.07
2720,Entry long,2026-03-27 14:00,L,2060.18,1,2060.18,1.83,0.09,11.41,0.55,-2.86,-0.14,668.54,0.07
2721,Exit long,2026-03-28 00:15,Close entry(s) order L,1986.12,1,1988.15,-2.03,-0.10,21.31,1.07,-7.63,-0.38,666.51,0.07
2721,Entry long,2026-03-27 23:00,L,1988.15,1,1988.15,-2.03,-0.10,21.31,1.07,-7.63,-0.38,666.51,0.07
2722,Exit long,2026-03-28 01:30,Close entry(s) order L,1982.51,1,1985.89,-3.38,-0.17,10.99,0.55,-4.56,-0.23,663.13,0.07
2722,Entry long,2026-03-28 01:00,L,1985.89,1,1985.89,-3.38,-0.17,10.99,0.55,-4.56,-0.23,663.13,0.07
2723,Exit long,2026-03-28 04:30,Close entry(s) order L,1982.49,1,1988.91,-6.42,-0.32,7.64,0.38,-10.82,-0.54,656.71,0.07
2723,Entry long,2026-03-28 03:30,L,1988.91,1,1988.91,-6.42,-0.32,7.64,0.38,-10.82,-0.54,656.71,0.07
2724,Exit long,2026-03-28 06:00,Close entry(s) order L,1984.71,1,1985.07,-0.36,-0.02,5.36,0.27,-1.75,-0.09,656.35,0.07
2724,Entry long,2026-03-28 05:00,L,1985.07,1,1985.07,-0.36,-0.02,5.36,0.27,-1.75,-0.09,656.35,0.07
2725,Exit long,2026-03-28 09:15,Close entry(s) order L,1985.84,1,1987.08,-1.24,-0.06,7.22,0.36,-3.41,-0.17,655.11,0.07
2725,Entry long,2026-03-28 07:30,L,1987.08,1,1987.08,-1.24,-0.06,7.22,0.36,-3.41,-0.17,655.11,0.07
2726,Exit long,2026-03-28 10:30,Close entry(s) order L,1984.28,1,1989.21,-4.93,-0.25,3.59,0.18,-5.61,-0.28,650.18,0.07
2726,Entry long,2026-03-28 10:00,L,1989.21,1,1989.21,-4.93,-0.25,3.59,0.18,-5.61,-0.28,650.18,0.07
2727,Exit long,2026-03-28 12:00,Close entry(s) order L,1987.95,1,1989.23,-1.28,-0.06,0.97,0.05,-2.21,-0.11,648.9,0.06
2727,Entry long,2026-03-28 11:30,L,1989.23,1,1989.23,-1.28,-0.06,0.97,0.05,-2.21,-0.11,648.9,0.06
2728,Exit long,2026-03-28 17:00,Close entry(s) order L,1998.2,1,1989.99,8.21,0.41,17.64,0.89,-3.12,-0.16,657.11,0.07
2728,Entry long,2026-03-28 12:30,L,1989.99,1,1989.99,8.21,0.41,17.64,0.89,-3.12,-0.16,657.11,0.07
2729,Exit long,2026-03-28 20:45,Close entry(s) order L,1995,1,1999.4,-4.4,-0.22,4.08,0.20,-8.17,-0.41,652.71,0.07
2729,Entry long,2026-03-28 20:15,L,1999.4,1,1999.4,-4.4,-0.22,4.08,0.20,-8.17,-0.41,652.71,0.07
2730,Exit long,2026-03-29 00:45,Close entry(s) order L,2022.84,1,1998.75,24.09,1.21,50.61,2.53,-0.28,-0.01,676.8,0.07
2730,Entry long,2026-03-28 21:00,L,1998.75,1,1998.75,24.09,1.21,50.61,2.53,-0.28,-0.01,676.8,0.07
2731,Exit long,2026-03-29 05:30,Close entry(s) order L,2018.59,1,2024.59,-6,-0.30,0.83,0.04,-7.13,-0.35,670.8,0.07
2731,Entry long,2026-03-29 04:15,L,2024.59,1,2024.59,-6,-0.30,0.83,0.04,-7.13,-0.35,670.8,0.07
2732,Exit long,2026-03-29 12:30,Close entry(s) order L,2005.11,1,2003.16,1.95,0.10,15.84,0.79,-5.16,-0.26,672.75,0.07
2732,Entry long,2026-03-29 09:15,L,2003.16,1,2003.16,1.95,0.10,15.84,0.79,-5.16,-0.26,672.75,0.07
2733,Exit long,2026-03-29 17:15,Close entry(s) order L,2002.6,1,2002.9,-0.3,-0.01,6.58,0.33,-3.79,-0.19,672.45,0.07
2733,Entry long,2026-03-29 15:45,L,2002.9,1,2002.9,-0.3,-0.01,6.58,0.33,-3.79,-0.19,672.45,0.07
2734,Exit long,2026-03-29 20:45,Close entry(s) order L,1998.16,1,2001.81,-3.65,-0.18,5.48,0.27,-5.58,-0.28,668.8,0.07
2734,Entry long,2026-03-29 19:15,L,2001.81,1,2001.81,-3.65,-0.18,5.48,0.27,-5.58,-0.28,668.8,0.07
2735,Exit long,2026-03-29 21:15,Close entry(s) order L,1988.52,1,2000.64,-12.12,-0.61,0.45,0.02,-18.43,-0.92,656.68,0.07
2735,Entry long,2026-03-29 21:00,L,2000.64,1,2000.64,-12.12,-0.61,0.45,0.02,-18.43,-0.92,656.68,0.07
2736,Exit long,2026-03-30 01:30,Close entry(s) order L,1989.42,1,1992.32,-2.9,-0.15,10.88,0.55,-5.82,-0.29,653.78,0.07
2736,Entry long,2026-03-30 00:15,L,1992.32,1,1992.32,-2.9,-0.15,10.88,0.55,-5.82,-0.29,653.78,0.07
2737,Exit long,2026-03-30 02:15,Close entry(s) order L,1993,1,1995.65,-2.65,-0.13,0.35,0.02,-4.8,-0.24,651.13,0.07
2737,Entry long,2026-03-30 01:45,L,1995.65,1,1995.65,-2.65,-0.13,0.35,0.02,-4.8,-0.24,651.13,0.07
2738,Exit long,2026-03-30 03:45,Close entry(s) order L,1994.35,1,1998,-3.65,-0.18,1.5,0.08,-4.66,-0.23,647.48,0.06
2738,Entry long,2026-03-30 02:45,L,1998,1,1998,-3.65,-0.18,1.5,0.08,-4.66,-0.23,647.48,0.06
2739,Exit long,2026-03-30 06:15,Close entry(s) order L,1991.28,1,1995.05,-3.77,-0.19,13.94,0.70,-7.95,-0.40,643.71,0.06
2739,Entry long,2026-03-30 04:00,L,1995.05,1,1995.05,-3.77,-0.19,13.94,0.70,-7.95,-0.40,643.71,0.06
2740,Exit long,2026-03-30 15:00,Close entry(s) order L,2041.5,1,2006.67,34.83,1.74,51.6,2.57,-16.33,-0.81,678.54,0.07
2740,Entry long,2026-03-30 08:30,L,2006.67,1,2006.67,34.83,1.74,51.6,2.57,-16.33,-0.81,678.54,0.07
2741,Exit long,2026-03-30 15:30,Close entry(s) order L,2043.71,1,2046.24,-2.53,-0.12,1.06,0.05,-3.45,-0.17,676.01,0.07
2741,Entry long,2026-03-30 15:15,L,2046.24,1,2046.24,-2.53,-0.12,1.06,0.05,-3.45,-0.17,676.01,0.07
2742,Exit long,2026-03-30 18:15,Close entry(s) order L,2052.64,1,2058.69,-6.05,-0.29,16.31,0.79,-7.69,-0.37,669.96,0.07
2742,Entry long,2026-03-30 16:00,L,2058.69,1,2058.69,-6.05,-0.29,16.31,0.79,-7.69,-0.37,669.96,0.07
2743,Exit long,2026-03-30 22:00,Close entry(s) order L,2059.95,1,2057.1,2.85,0.14,29.89,1.45,-0.33,-0.02,672.81,0.07
2743,Entry long,2026-03-30 19:00,L,2057.1,1,2057.1,2.85,0.14,29.89,1.45,-0.33,-0.02,672.81,0.07
2744,Exit long,2026-03-30 23:15,Close entry(s) order L,2065.87,1,2070.53,-4.66,-0.23,8.13,0.39,-6.53,-0.32,668.15,0.07
2744,Entry long,2026-03-30 23:00,L,2070.53,1,2070.53,-4.66,-0.23,8.13,0.39,-6.53,-0.32,668.15,0.07
2745,Exit long,2026-03-31 00:30,Close entry(s) order L,2063.01,1,2066.77,-3.76,-0.18,12.01,0.58,-5.32,-0.26,664.39,0.07
2745,Entry long,2026-03-30 23:30,L,2066.77,1,2066.77,-3.76,-0.18,12.01,0.58,-5.32,-0.26,664.39,0.07
2746,Exit long,2026-03-31 01:15,Close entry(s) order L,2059.03,1,2065.07,-6.04,-0.29,6.4,0.31,-6.64,-0.32,658.35,0.07
2746,Entry long,2026-03-31 01:00,L,2065.07,1,2065.07,-6.04,-0.29,6.4,0.31,-6.64,-0.32,658.35,0.07
2747,Exit long,2026-03-31 07:15,Close entry(s) order L,2020.21,1,2037.6,-17.39,-0.85,11.61,0.57,-25.01,-1.23,640.96,0.06
2747,Entry long,2026-03-31 05:15,L,2037.6,1,2037.6,-17.39,-0.85,11.61,0.57,-25.01,-1.23,640.96,0.06
2748,Exit long,2026-03-31 12:15,Close entry(s) order L,2064.82,1,2035.78,29.04,1.43,57.22,2.81,-4.7,-0.23,670,0.07
2748,Entry long,2026-03-31 09:00,L,2035.78,1,2035.78,29.04,1.43,57.22,2.81,-4.7,-0.23,670,0.07
2749,Exit long,2026-03-31 15:15,Close entry(s) order L,2050.38,1,2061.29,-10.91,-0.53,0.71,0.03,-13.26,-0.64,659.09,0.07
2749,Entry long,2026-03-31 15:00,L,2061.29,1,2061.29,-10.91,-0.53,0.71,0.03,-13.26,-0.64,659.09,0.07
2750,Exit long,2026-03-31 23:00,Close entry(s) order L,2045.2,1,2036.57,8.63,0.42,54.92,2.70,-2.68,-0.13,667.72,0.07
2750,Entry long,2026-03-31 19:30,L,2036.57,1,2036.57,8.63,0.42,54.92,2.70,-2.68,-0.13,667.72,0.07
2751,Exit long,2026-03-31 23:30,Close entry(s) order L,2059.47,1,2074.7,-15.23,-0.73,1.44,0.07,-17.26,-0.83,652.49,0.07
2751,Entry long,2026-03-31 23:15,L,2074.7,1,2074.7,-15.23,-0.73,1.44,0.07,-17.26,-0.83,652.49,0.07
2752,Exit long,2026-04-01 03:45,Close entry(s) order L,2095.31,1,2063.26,32.05,1.55,61.25,2.97,-3.04,-0.15,684.54,0.07
2752,Entry long,2026-04-01 00:15,L,2063.26,1,2063.26,32.05,1.55,61.25,2.97,-3.04,-0.15,684.54,0.07
2753,Exit long,2026-04-01 05:15,Close entry(s) order L,2096.49,1,2104.87,-8.38,-0.40,4.61,0.22,-10.98,-0.52,676.16,0.07
2753,Entry long,2026-04-01 04:15,L,2104.87,1,2104.87,-8.38,-0.40,4.61,0.22,-10.98,-0.52,676.16,0.07
2754,Exit long,2026-04-01 06:15,Close entry(s) order L,2098.93,1,2101.49,-2.56,-0.12,1.95,0.09,-8.84,-0.42,673.6,0.07
2754,Entry long,2026-04-01 06:00,L,2101.49,1,2101.49,-2.56,-0.12,1.95,0.09,-8.84,-0.42,673.6,0.07
2755,Exit long,2026-04-01 09:30,Close entry(s) order L,2098.66,1,2103.8,-5.14,-0.24,13.64,0.65,-8.2,-0.39,668.46,0.07
2755,Entry long,2026-04-01 07:45,L,2103.8,1,2103.8,-5.14,-0.24,13.64,0.65,-8.2,-0.39,668.46,0.07
2756,Exit long,2026-04-01 16:00,Close entry(s) order L,2130.13,1,2100.29,29.84,1.42,57.7,2.75,-5.75,-0.27,698.3,0.07
2756,Entry long,2026-04-01 11:15,L,2100.29,1,2100.29,29.84,1.42,57.7,2.75,-5.75,-0.27,698.3,0.07
2757,Exit long,2026-04-01 17:00,Close entry(s) order L,2136.03,1,2135.44,0.59,0.03,7.32,0.34,-3.68,-0.17,698.89,0.07
2757,Entry long,2026-04-01 16:30,L,2135.44,1,2135.44,0.59,0.03,7.32,0.34,-3.68,-0.17,698.89,0.07
2758,Exit long,2026-04-01 20:30,Close entry(s) order L,2131.92,1,2136.5,-4.58,-0.21,0.26,0.01,-8.34,-0.39,694.31,0.07
2758,Entry long,2026-04-01 19:15,L,2136.5,1,2136.5,-4.58,-0.21,0.26,0.01,-8.34,-0.39,694.31,0.07
2759,Exit long,2026-04-01 21:00,Close entry(s) order L,2129.89,1,2141,-11.11,-0.52,2.24,0.10,-14.72,-0.69,683.2,0.07
2759,Entry long,2026-04-01 20:45,L,2141,1,2141,-11.11,-0.52,2.24,0.10,-14.72,-0.69,683.2,0.07
2760,Exit long,2026-04-02 02:15,Close entry(s) order L,2130,1,2130.47,-0.47,-0.02,36.73,1.72,-8.24,-0.39,682.73,0.07
2760,Entry long,2026-04-01 23:30,L,2130.47,1,2130.47,-0.47,-0.02,36.73,1.72,-8.24,-0.39,682.73,0.07
2761,Exit long,2026-04-02 04:15,Close entry(s) order L,2135.51,1,2141.02,-5.51,-0.26,2.98,0.14,-11.82,-0.55,677.22,0.07
2761,Entry long,2026-04-02 03:30,L,2141.02,1,2141.02,-5.51,-0.26,2.98,0.14,-11.82,-0.55,677.22,0.07
2762,Exit long,2026-04-02 06:45,Close entry(s) order L,2144.28,1,2139.99,4.29,0.20,24.48,1.14,-0.43,-0.02,681.51,0.07
2762,Entry long,2026-04-02 04:45,L,2139.99,1,2139.99,4.29,0.20,24.48,1.14,-0.43,-0.02,681.51,0.07
2763,Exit long,2026-04-02 09:15,Close entry(s) order L,2139.3,1,2152.57,-13.27,-0.62,5.85,0.27,-34.29,-1.59,668.24,0.07
2763,Entry long,2026-04-02 08:45,L,2152.57,1,2152.57,-13.27,-0.62,5.85,0.27,-34.29,-1.59,668.24,0.07
2764,Exit long,2026-04-02 15:15,Close entry(s) order L,2044.07,1,2048.69,-4.62,-0.23,0.81,0.04,-5.8,-0.28,663.62,0.07
2764,Entry long,2026-04-02 15:00,L,2048.69,1,2048.69,-4.62,-0.23,0.81,0.04,-5.8,-0.28,663.62,0.07
2765,Exit long,2026-04-02 16:45,Close entry(s) order L,2044.97,1,2052.58,-7.61,-0.37,3.16,0.15,-8.47,-0.41,656.01,0.07
2765,Entry long,2026-04-02 15:45,L,2052.58,1,2052.58,-7.61,-0.37,3.16,0.15,-8.47,-0.41,656.01,0.07
2766,Exit long,2026-04-03 01:45,Close entry(s) order L,2058.23,1,2037.69,20.54,1.01,38.31,1.88,-6.14,-0.30,676.55,0.07
2766,Entry long,2026-04-02 22:00,L,2037.69,1,2037.69,20.54,1.01,38.31,1.88,-6.14,-0.30,676.55,0.07
2767,Exit long,2026-04-03 05:30,Close entry(s) order L,2058.47,1,2057.42,1.05,0.05,15.99,0.78,-3.78,-0.18,677.6,0.07
2767,Entry long,2026-04-03 03:00,L,2057.42,1,2057.42,1.05,0.05,15.99,0.78,-3.78,-0.18,677.6,0.07
2768,Exit long,2026-04-03 06:15,Close entry(s) order L,2060.71,1,2062.23,-1.52,-0.07,1.57,0.08,-2.77,-0.13,676.08,0.07
2768,Entry long,2026-04-03 06:00,L,2062.23,1,2062.23,-1.52,-0.07,1.57,0.08,-2.77,-0.13,676.08,0.07
2769,Exit long,2026-04-03 09:45,Close entry(s) order L,2047,1,2058.46,-11.46,-0.56,3.42,0.17,-14.37,-0.70,664.62,0.07
2769,Entry long,2026-04-03 09:30,L,2058.46,1,2058.46,-11.46,-0.56,3.42,0.17,-14.37,-0.70,664.62,0.07
2770,Exit long,2026-04-03 12:30,Close entry(s) order L,2050.15,1,2054.89,-4.74,-0.23,2.11,0.10,-4.93,-0.24,659.88,0.07
2770,Entry long,2026-04-03 11:15,L,2054.89,1,2054.89,-4.74,-0.23,2.11,0.10,-4.93,-0.24,659.88,0.07
2771,Exit long,2026-04-03 16:45,Close entry(s) order L,2059.31,1,2053.64,5.67,0.28,20.96,1.02,-7.48,-0.36,665.55,0.07
2771,Entry long,2026-04-03 13:00,L,2053.64,1,2053.64,5.67,0.28,20.96,1.02,-7.48,-0.36,665.55,0.07
2772,Exit long,2026-04-03 20:45,Close entry(s) order L,2057.6,1,2062.04,-4.44,-0.22,21.98,1.07,-6.49,-0.31,661.11,0.07
2772,Entry long,2026-04-03 19:45,L,2062.04,1,2062.04,-4.44,-0.22,21.98,1.07,-6.49,-0.31,661.11,0.07
2773,Exit long,2026-04-03 23:45,Close entry(s) order L,2049.63,1,2053.35,-3.72,-0.18,3.5,0.17,-5.26,-0.26,657.39,0.07
2773,Entry long,2026-04-03 23:00,L,2053.35,1,2053.35,-3.72,-0.18,3.5,0.17,-5.26,-0.26,657.39,0.07
2774,Exit long,2026-04-04 01:15,Close entry(s) order L,2051,1,2050.31,0.69,0.03,5.59,0.27,-1.73,-0.08,658.08,0.07
2774,Entry long,2026-04-04 00:00,L,2050.31,1,2050.31,0.69,0.03,5.59,0.27,-1.73,-0.08,658.08,0.07
2775,Exit long,2026-04-04 06:45,Close entry(s) order L,2053.27,1,2051.42,1.85,0.09,9.57,0.47,-0.59,-0.03,659.93,0.07
2775,Entry long,2026-04-04 04:00,L,2051.42,1,2051.42,1.85,0.09,9.57,0.47,-0.59,-0.03,659.93,0.07
2776,Exit long,2026-04-04 11:30,Close entry(s) order L,2050.14,1,2050.89,-0.75,-0.04,0.11,0.01,-1.26,-0.06,659.18,0.07
2776,Entry long,2026-04-04 11:15,L,2050.89,1,2050.89,-0.75,-0.04,0.11,0.01,-1.26,-0.06,659.18,0.07
2777,Exit long,2026-04-04 15:45,Close entry(s) order L,2051.81,1,2049.98,1.83,0.09,7.52,0.37,-0.54,-0.03,661.01,0.07
2777,Entry long,2026-04-04 12:30,L,2049.98,1,2049.98,1.83,0.09,7.52,0.37,-0.54,-0.03,661.01,0.07
2778,Exit long,2026-04-04 16:45,Close entry(s) order L,2050.75,1,2052.73,-1.98,-0.10,1.77,0.09,-2.11,-0.10,659.03,0.07
2778,Entry long,2026-04-04 16:00,L,2052.73,1,2052.73,-1.98,-0.10,1.77,0.09,-2.11,-0.10,659.03,0.07
2779,Exit long,2026-04-04 20:15,Close entry(s) order L,2049.17,1,2051.5,-2.33,-0.11,2.74,0.13,-2.77,-0.14,656.7,0.07
2779,Entry long,2026-04-04 18:45,L,2051.5,1,2051.5,-2.33,-0.11,2.74,0.13,-2.77,-0.14,656.7,0.07
2780,Exit long,2026-04-04 20:45,Close entry(s) order L,2047.32,1,2050.36,-3.04,-0.15,0.27,0.01,-3.36,-0.16,653.66,0.07
2780,Entry long,2026-04-04 20:30,L,2050.36,1,2050.36,-3.04,-0.15,0.27,0.01,-3.36,-0.16,653.66,0.07
2781,Exit long,2026-04-04 22:45,Close entry(s) order L,2048.37,1,2051.92,-3.55,-0.17,2.07,0.10,-8.92,-0.43,650.11,0.07
2781,Entry long,2026-04-04 21:45,L,2051.92,1,2051.92,-3.55,-0.17,2.07,0.10,-8.92,-0.43,650.11,0.07
2782,Exit long,2026-04-05 01:45,Close entry(s) order L,2054.16,1,2052.13,2.03,0.10,9.52,0.46,-0.74,-0.04,652.14,0.07
2782,Entry long,2026-04-04 23:00,L,2052.13,1,2052.13,2.03,0.10,9.52,0.46,-0.74,-0.04,652.14,0.07
2783,Exit long,2026-04-05 02:45,Close entry(s) order L,2054.55,1,2055.85,-1.3,-0.06,1.48,0.07,-1.55,-0.08,650.84,0.07
2783,Entry long,2026-04-05 02:00,L,2055.85,1,2055.85,-1.3,-0.06,1.48,0.07,-1.55,-0.08,650.84,0.07
2784,Exit long,2026-04-05 07:15,Close entry(s) order L,2065.05,1,2077.69,-12.64,-0.61,5.67,0.27,-19.06,-0.92,638.2,0.06
2784,Entry long,2026-04-05 03:15,L,2077.69,1,2077.69,-12.64,-0.61,5.67,0.27,-19.06,-0.92,638.2,0.06
2785,Exit long,2026-04-05 12:45,Close entry(s) order L,2054.28,1,2057.01,-2.73,-0.13,0,0.00,-3.18,-0.15,635.47,0.06
2785,Entry long,2026-04-05 12:30,L,2057.01,1,2057.01,-2.73,-0.13,0,0.00,-3.18,-0.15,635.47,0.06
2786,Exit long,2026-04-05 19:45,Close entry(s) order L,2040.26,1,2039.11,1.15,0.06,12.72,0.62,-0.11,-0.01,636.62,0.06
2786,Entry long,2026-04-05 17:15,L,2039.11,1,2039.11,1.15,0.06,12.72,0.62,-0.11,-0.01,636.62,0.06
2787,Exit long,2026-04-06 03:45,Close entry(s) order L,2057.98,1,2035.44,22.54,1.11,33.81,1.66,-2.37,-0.12,659.16,0.07
2787,Entry long,2026-04-05 22:00,L,2035.44,1,2035.44,22.54,1.11,33.81,1.66,-2.37,-0.12,659.16,0.07
2788,Exit long,2026-04-06 05:15,Close entry(s) order L,2059.66,1,2061,-1.34,-0.07,13.58,0.66,-2.95,-0.14,657.82,0.07
2788,Entry long,2026-04-06 04:00,L,2061,1,2061,-1.34,-0.07,13.58,0.66,-2.95,-0.14,657.82,0.07
2789,Exit long,2026-04-06 12:30,Close entry(s) order L,2126.44,1,2069.37,57.07,2.76,78.36,3.79,-0.6,-0.03,714.89,0.07
2789,Entry long,2026-04-06 06:45,L,2069.37,1,2069.37,57.07,2.76,78.36,3.79,-0.6,-0.03,714.89,0.07
2790,Exit long,2026-04-06 13:30,Close entry(s) order L,2129.88,1,2131.82,-1.94,-0.09,1.91,0.09,-3.82,-0.18,712.95,0.07
2790,Entry long,2026-04-06 12:45,L,2131.82,1,2131.82,-1.94,-0.09,1.91,0.09,-3.82,-0.18,712.95,0.07
2791,Exit long,2026-04-06 14:30,Close entry(s) order L,2120.42,1,2135.72,-15.3,-0.72,0,0.00,-16.49,-0.77,697.65,0.07
2791,Entry long,2026-04-06 14:15,L,2135.72,1,2135.72,-15.3,-0.72,0,0.00,-16.49,-0.77,697.65,0.07
2792,Exit long,2026-04-06 20:15,Close entry(s) order L,2147.66,1,2133.4,14.26,0.67,41.01,1.92,-4.3,-0.20,711.91,0.07
2792,Entry long,2026-04-06 15:30,L,2133.4,1,2133.4,14.26,0.67,41.01,1.92,-4.3,-0.20,711.91,0.07
2793,Exit long,2026-04-07 01:00,Close entry(s) order L,2139.25,1,2153.89,-14.64,-0.68,15.22,0.71,-14.78,-0.69,697.27,0.07
2793,Entry long,2026-04-06 22:30,L,2153.89,1,2153.89,-14.64,-0.68,15.22,0.71,-14.78,-0.69,697.27,0.07
2794,Exit long,2026-04-07 05:30,Close entry(s) order L,2144.17,1,2143.3,0.87,0.04,11.12,0.52,-4.1,-0.19,698.14,0.07
2794,Entry long,2026-04-07 04:00,L,2143.3,1,2143.3,0.87,0.04,11.12,0.52,-4.1,-0.19,698.14,0.07
2795,Exit long,2026-04-07 12:15,Close entry(s) order L,2104.82,1,2107.98,-3.16,-0.15,0.59,0.03,-4.22,-0.20,694.98,0.07
2795,Entry long,2026-04-07 11:30,L,2107.98,1,2107.98,-3.16,-0.15,0.59,0.03,-4.22,-0.20,694.98,0.07
2796,Exit long,2026-04-07 13:30,Close entry(s) order L,2105.55,1,2112.28,-6.73,-0.32,5.97,0.28,-6.85,-0.32,688.25,0.07
2796,Entry long,2026-04-07 12:45,L,2112.28,1,2112.28,-6.73,-0.32,5.97,0.28,-6.85,-0.32,688.25,0.07
2797,Exit long,2026-04-07 18:30,Close entry(s) order L,2105.64,1,2107.15,-1.51,-0.07,25.81,1.22,-3.85,-0.18,686.74,0.07
2797,Entry long,2026-04-07 16:15,L,2107.15,1,2107.15,-1.51,-0.07,25.81,1.22,-3.85,-0.18,686.74,0.07
2798,Exit long,2026-04-07 23:45,Close entry(s) order L,2075.9,1,2079.36,-3.46,-0.17,2.44,0.12,-4.78,-0.23,683.28,0.07
2798,Entry long,2026-04-07 23:30,L,2079.36,1,2079.36,-3.46,-0.17,2.44,0.12,-4.78,-0.23,683.28,0.07
2799,Exit long,2026-04-08 03:00,Close entry(s) order L,2085.31,1,2079.26,6.05,0.29,36.55,1.76,-2.85,-0.14,689.33,0.07
2799,Entry long,2026-04-08 00:00,L,2079.26,1,2079.26,6.05,0.29,36.55,1.76,-2.85,-0.14,689.33,0.07
2800,Exit long,2026-04-08 10:00,Close entry(s) order L,2233.38,1,2095.62,137.76,6.57,177.38,8.46,-6.12,-0.29,827.09,0.08
2800,Entry long,2026-04-08 03:30,L,2095.62,1,2095.62,137.76,6.57,177.38,8.46,-6.12,-0.29,827.09,0.08
2801,Exit long,2026-04-08 10:30,Close entry(s) order L,2235.23,1,2244.55,-9.32,-0.42,0.21,0.01,-15.18,-0.68,817.77,0.08
2801,Entry long,2026-04-08 10:15,L,2244.55,1,2244.55,-9.32,-0.42,0.21,0.01,-15.18,-0.68,817.77,0.08
2802,Exit long,2026-04-08 12:00,Close entry(s) order L,2233.89,1,2238.13,-4.24,-0.19,0,0.00,-5.46,-0.24,813.53,0.08
2802,Entry long,2026-04-08 11:30,L,2238.13,1,2238.13,-4.24,-0.19,0,0.00,-5.46,-0.24,813.53,0.08
2803,Exit long,2026-04-08 17:30,Close entry(s) order L,2249.43,1,2242.83,6.6,0.29,19.92,0.89,-8.7,-0.39,820.13,0.08
2803,Entry long,2026-04-08 12:15,L,2242.83,1,2242.83,6.6,0.29,19.92,0.89,-8.7,-0.39,820.13,0.08
2804,Exit long,2026-04-08 19:45,Close entry(s) order L,2240.42,1,2252.9,-12.48,-0.55,0,0.00,-17.07,-0.76,807.65,0.08
2804,Entry long,2026-04-08 19:30,L,2252.9,1,2252.9,-12.48,-0.55,0,0.00,-17.07,-0.76,807.65,0.08
2805,Exit long,2026-04-08 20:30,Close entry(s) order L,2247.1,1,2252.9,-5.8,-0.26,0.82,0.04,-11.62,-0.52,801.85,0.08
2805,Entry long,2026-04-08 20:15,L,2252.9,1,2252.9,-5.8,-0.26,0.82,0.04,-11.62,-0.52,801.85,0.08
2806,Exit long,2026-04-08 21:45,Close entry(s) order L,2234.04,1,2253.59,-19.55,-0.87,16.06,0.71,-20.23,-0.90,782.3,0.08
2806,Entry long,2026-04-08 20:45,L,2253.59,1,2253.59,-19.55,-0.87,16.06,0.71,-20.23,-0.90,782.3,0.08
2807,Exit long,2026-04-09 02:30,Close entry(s) order L,2212,1,2219.73,-7.73,-0.35,18.93,0.85,-8.88,-0.40,774.57,0.08
2807,Entry long,2026-04-09 01:00,L,2219.73,1,2219.73,-7.73,-0.35,18.93,0.85,-8.88,-0.40,774.57,0.08
2808,Exit long,2026-04-09 06:15,Close entry(s) order L,2208.95,1,2213.71,-4.76,-0.22,7.93,0.36,-6.13,-0.28,769.81,0.08
2808,Entry long,2026-04-09 05:15,L,2213.71,1,2213.71,-4.76,-0.22,7.93,0.36,-6.13,-0.28,769.81,0.08
2809,Exit long,2026-04-09 11:30,Close entry(s) order L,2177.42,1,2180.69,-3.27,-0.15,1.89,0.09,-5.52,-0.25,766.54,0.08
2809,Entry long,2026-04-09 11:00,L,2180.69,1,2180.69,-3.27,-0.15,1.89,0.09,-5.52,-0.25,766.54,0.08
2810,Exit long,2026-04-09 13:00,Close entry(s) order L,2176.66,1,2181.31,-4.65,-0.21,0.28,0.01,-6.31,-0.29,761.89,0.08
2810,Entry long,2026-04-09 12:00,L,2181.31,1,2181.31,-4.65,-0.21,0.28,0.01,-6.31,-0.29,761.89,0.08
2811,Exit long,2026-04-09 14:30,Close entry(s) order L,2176.38,1,2180.38,-4,-0.18,8.19,0.38,-5.31,-0.24,757.89,0.08
2811,Entry long,2026-04-09 13:30,L,2180.38,1,2180.38,-4,-0.18,8.19,0.38,-5.31,-0.24,757.89,0.08
2812,Exit long,2026-04-09 16:00,Close entry(s) order L,2179.97,1,2180.53,-0.56,-0.03,4.24,0.19,-1.87,-0.09,757.33,0.08
2812,Entry long,2026-04-09 15:00,L,2180.53,1,2180.53,-0.56,-0.03,4.24,0.19,-1.87,-0.09,757.33,0.08
2813,Exit long,2026-04-09 19:15,Close entry(s) order L,2184.66,1,2187.61,-2.95,-0.13,8.92,0.41,-9.48,-0.43,754.38,0.08
2813,Entry long,2026-04-09 16:45,L,2187.61,1,2187.61,-2.95,-0.13,8.92,0.41,-9.48,-0.43,754.38,0.08
2814,Exit long,2026-04-10 02:15,Close entry(s) order L,2206.32,1,2176.9,29.42,1.35,53.1,2.44,-8.7,-0.40,783.8,0.08
2814,Entry long,2026-04-09 23:00,L,2176.9,1,2176.9,29.42,1.35,53.1,2.44,-8.7,-0.40,783.8,0.08
2815,Exit long,2026-04-10 03:30,Close entry(s) order L,2206.32,1,2214.3,-7.98,-0.36,0.91,0.04,-11.1,-0.50,775.82,0.08
2815,Entry long,2026-04-10 03:15,L,2214.3,1,2214.3,-7.98,-0.36,0.91,0.04,-11.1,-0.50,775.82,0.08
2816,Exit long,2026-04-10 05:00,Close entry(s) order L,2212.08,1,2216.5,-4.42,-0.20,7.5,0.34,-7.29,-0.33,771.4,0.08
2816,Entry long,2026-04-10 03:45,L,2216.5,1,2216.5,-4.42,-0.20,7.5,0.34,-7.29,-0.33,771.4,0.08
2817,Exit long,2026-04-10 05:30,Close entry(s) order L,2208.73,1,2212.96,-4.23,-0.19,0.75,0.03,-5.9,-0.27,767.17,0.08
2817,Entry long,2026-04-10 05:15,L,2212.96,1,2212.96,-4.23,-0.19,0.75,0.03,-5.9,-0.27,767.17,0.08
2818,Exit long,2026-04-10 06:00,Close entry(s) order L,2209.64,1,2215.09,-5.45,-0.25,1.34,0.06,-6.45,-0.29,761.72,0.08
2818,Entry long,2026-04-10 05:45,L,2215.09,1,2215.09,-5.45,-0.25,1.34,0.06,-6.45,-0.29,761.72,0.08
2819,Exit long,2026-04-10 06:45,Close entry(s) order L,2210.83,1,2217.64,-6.81,-0.31,28.51,1.29,-7.23,-0.33,754.91,0.08
2819,Entry long,2026-04-10 06:15,L,2217.64,1,2217.64,-6.81,-0.31,28.51,1.29,-7.23,-0.33,754.91,0.08
2820,Exit long,2026-04-10 11:00,Close entry(s) order L,2187.94,1,2198.41,-10.47,-0.48,3.06,0.14,-12.77,-0.58,744.44,0.07
2820,Entry long,2026-04-10 09:45,L,2198.41,1,2198.41,-10.47,-0.48,3.06,0.14,-12.77,-0.58,744.44,0.07
2821,Exit long,2026-04-10 14:30,Close entry(s) order L,2189.79,1,2194.62,-4.83,-0.22,8.05,0.37,-5.62,-0.26,739.61,0.07
2821,Entry long,2026-04-10 13:00,L,2194.62,1,2194.62,-4.83,-0.22,8.05,0.37,-5.62,-0.26,739.61,0.07
2822,Exit long,2026-04-11 00:00,Close entry(s) order L,2223.23,1,2187.25,35.98,1.64,70.3,3.21,-0.25,-0.01,775.59,0.08
2822,Entry long,2026-04-10 17:15,L,2187.25,1,2187.25,35.98,1.64,70.3,3.21,-0.25,-0.01,775.59,0.08
2823,Exit long,2026-04-11 03:45,Close entry(s) order L,2243.57,1,2230.13,13.44,0.60,24.54,1.10,-0.96,-0.04,789.03,0.08
2823,Entry long,2026-04-11 00:15,L,2230.13,1,2230.13,13.44,0.60,24.54,1.10,-0.96,-0.04,789.03,0.08
2824,Exit long,2026-04-11 04:45,Close entry(s) order L,2246.35,1,2251.8,-5.45,-0.24,4.09,0.18,-10.32,-0.46,783.58,0.08
2824,Entry long,2026-04-11 04:00,L,2251.8,1,2251.8,-5.45,-0.24,4.09,0.18,-10.32,-0.46,783.58,0.08
2825,Exit long,2026-04-11 05:15,Close entry(s) order L,2245,1,2254.03,-9.03,-0.40,0.52,0.02,-10.55,-0.47,774.55,0.08
2825,Entry long,2026-04-11 05:00,L,2254.03,1,2254.03,-9.03,-0.40,0.52,0.02,-10.55,-0.47,774.55,0.08
2826,Exit long,2026-04-11 06:30,Close entry(s) order L,2246.38,1,2253.72,-7.34,-0.33,0.42,0.02,-7.71,-0.34,767.21,0.08
2826,Entry long,2026-04-11 06:00,L,2253.72,1,2253.72,-7.34,-0.33,0.42,0.02,-7.71,-0.34,767.21,0.08
2827,Exit long,2026-04-11 12:00,Close entry(s) order L,2235.94,1,2243.24,-7.3,-0.33,8.09,0.36,-9.59,-0.43,759.91,0.08
2827,Entry long,2026-04-11 10:00,L,2243.24,1,2243.24,-7.3,-0.33,8.09,0.36,-9.59,-0.43,759.91,0.08
2828,Exit long,2026-04-11 17:00,Close entry(s) order L,2231.51,1,2232.56,-1.05,-0.05,1.5,0.07,-1.77,-0.08,758.86,0.08
2828,Entry long,2026-04-11 16:30,L,2232.56,1,2232.56,-1.05,-0.05,1.5,0.07,-1.77,-0.08,758.86,0.08
2829,Exit long,2026-04-11 21:15,Close entry(s) order L,2234.61,1,2234,0.61,0.03,14.28,0.64,-1.8,-0.08,759.47,0.08
2829,Entry long,2026-04-11 17:15,L,2234,1,2234,0.61,0.03,14.28,0.64,-1.8,-0.08,759.47,0.08
2830,Exit long,2026-04-11 22:30,Close entry(s) order L,2239.93,1,2240.93,-1,-0.04,1.24,0.06,-1.68,-0.07,758.47,0.08
2830,Entry long,2026-04-11 22:15,L,2240.93,1,2240.93,-1,-0.04,1.24,0.06,-1.68,-0.07,758.47,0.08
2831,Exit long,2026-04-12 05:30,Close entry(s) order L,2297.34,1,2240.85,56.49,2.52,89.14,3.98,-0.88,-0.04,814.96,0.08
2831,Entry long,2026-04-11 23:00,L,2240.85,1,2240.85,56.49,2.52,89.14,3.98,-0.88,-0.04,814.96,0.08
2832,Exit long,2026-04-12 06:45,Close entry(s) order L,2295.81,1,2305.18,-9.37,-0.41,0.12,0.01,-17.41,-0.76,805.59,0.08
2832,Entry long,2026-04-12 06:30,L,2305.18,1,2305.18,-9.37,-0.41,0.12,0.01,-17.41,-0.76,805.59,0.08
2833,Exit long,2026-04-12 13:45,Close entry(s) order L,2214.42,1,2217.72,-3.3,-0.15,1.09,0.05,-4.53,-0.20,802.29,0.08
2833,Entry long,2026-04-12 13:30,L,2217.72,1,2217.72,-3.3,-0.15,1.09,0.05,-4.53,-0.20,802.29,0.08
2834,Exit long,2026-04-12 14:45,Close entry(s) order L,2214.25,1,2216,-1.75,-0.08,3.88,0.18,-2.3,-0.10,800.54,0.08
2834,Entry long,2026-04-12 14:00,L,2216,1,2216,-1.75,-0.08,3.88,0.18,-2.3,-0.10,800.54,0.08
2835,Exit long,2026-04-12 15:15,Close entry(s) order L,2212.8,1,2214.92,-2.12,-0.10,0.45,0.02,-3.57,-0.16,798.42,0.08
2835,Entry long,2026-04-12 15:00,L,2214.92,1,2214.92,-2.12,-0.10,0.45,0.02,-3.57,-0.16,798.42,0.08
2836,Exit long,2026-04-12 16:15,Close entry(s) order L,2214.81,1,2217.78,-2.97,-0.13,1.66,0.07,-3.93,-0.18,795.45,0.08
2836,Entry long,2026-04-12 15:45,L,2217.78,1,2217.78,-2.97,-0.13,1.66,0.07,-3.93,-0.18,795.45,0.08
2837,Exit long,2026-04-12 17:00,Close entry(s) order L,2212.94,1,2217.49,-4.55,-0.21,0.49,0.02,-7.07,-0.32,790.9,0.08
2837,Entry long,2026-04-12 16:30,L,2217.49,1,2217.49,-4.55,-0.21,0.49,0.02,-7.07,-0.32,790.9,0.08
2838,Exit long,2026-04-13 00:30,Close entry(s) order L,2185.35,1,2186.8,-1.45,-0.07,0,0.00,-5.14,-0.24,789.45,0.08
2838,Entry long,2026-04-13 00:15,L,2186.8,1,2186.8,-1.45,-0.07,0,0.00,-5.14,-0.24,789.45,0.08
2839,Exit long,2026-04-13 04:15,Close entry(s) order L,2194.46,1,2186.16,8.3,0.38,19.84,0.91,0,0.00,797.75,0.08
2839,Entry long,2026-04-13 01:00,L,2186.16,1,2186.16,8.3,0.38,19.84,0.91,0,0.00,797.75,0.08
2840,Exit long,2026-04-13 06:15,Close entry(s) order L,2195.56,1,2211.51,-15.95,-0.72,5.2,0.24,-25.94,-1.17,781.8,0.08
2840,Entry long,2026-04-13 04:45,L,2211.51,1,2211.51,-15.95,-0.72,5.2,0.24,-25.94,-1.17,781.8,0.08
2841,Exit long,2026-04-13 10:15,Close entry(s) order L,2193.12,1,2199.16,-6.04,-0.27,8.74,0.40,-7.78,-0.35,775.76,0.08
2841,Entry long,2026-04-13 08:30,L,2199.16,1,2199.16,-6.04,-0.27,8.74,0.40,-7.78,-0.35,775.76,0.08
2842,Exit long,2026-04-13 10:45,Close entry(s) order L,2192.67,1,2200.54,-7.87,-0.36,2.24,0.10,-8.32,-0.38,767.89,0.08
2842,Entry long,2026-04-13 10:30,L,2200.54,1,2200.54,-7.87,-0.36,2.24,0.10,-8.32,-0.38,767.89,0.08
2843,Exit long,2026-04-13 15:15,Close entry(s) order L,2191.91,1,2194.3,-2.39,-0.11,7.17,0.33,-2.91,-0.13,765.5,0.08
2843,Entry long,2026-04-13 14:15,L,2194.3,1,2194.3,-2.39,-0.11,7.17,0.33,-2.91,-0.13,765.5,0.08
2844,Exit long,2026-04-13 18:00,Close entry(s) order L,2187.07,1,2189.22,-2.15,-0.10,0.61,0.03,-3.09,-0.14,763.35,0.08
2844,Entry long,2026-04-13 17:30,L,2189.22,1,2189.22,-2.15,-0.10,0.61,0.03,-3.09,-0.14,763.35,0.08
2845,Exit long,2026-04-13 20:15,Close entry(s) order L,2185.64,1,2185.16,0.48,0.02,4.96,0.23,-2.65,-0.12,763.83,0.08
2845,Entry long,2026-04-13 19:15,L,2185.16,1,2185.16,0.48,0.02,4.96,0.23,-2.65,-0.12,763.83,0.08
2846,Exit long,2026-04-14 02:30,Close entry(s) order L,2221,1,2191.48,29.52,1.35,51.52,2.35,-11.48,-0.52,793.35,0.08
2846,Entry long,2026-04-13 21:00,L,2191.48,1,2191.48,29.52,1.35,51.52,2.35,-11.48,-0.52,793.35,0.08
2847,Exit long,2026-04-14 11:00,Close entry(s) order L,2366.51,1,2229.94,136.57,6.12,165.91,7.44,-3.25,-0.15,929.92,0.09
2847,Entry long,2026-04-14 02:45,L,2229.94,1,2229.94,136.57,6.12,165.91,7.44,-3.25,-0.15,929.92,0.09
2848,Exit long,2026-04-14 12:00,Close entry(s) order L,2364.69,1,2367.54,-2.85,-0.12,0.65,0.03,-3.76,-0.16,927.07,0.09
2848,Entry long,2026-04-14 11:45,L,2367.54,1,2367.54,-2.85,-0.12,0.65,0.03,-3.76,-0.16,927.07,0.09
2849,Exit long,2026-04-14 18:30,Close entry(s) order L,2382.43,1,2365.33,17.1,0.72,29.97,1.27,-1.33,-0.06,944.17,0.09
2849,Entry long,2026-04-14 14:30,L,2365.33,1,2365.33,17.1,0.72,29.97,1.27,-1.33,-0.06,944.17,0.09
2850,Exit long,2026-04-14 21:30,Close entry(s) order L,2372.47,1,2379.75,-7.28,-0.31,3.25,0.14,-7.32,-0.31,936.89,0.09
2850,Entry long,2026-04-14 21:15,L,2379.75,1,2379.75,-7.28,-0.31,3.25,0.14,-7.32,-0.31,936.89,0.09
2851,Exit long,2026-04-14 22:45,Close entry(s) order L,2370.06,1,2388.52,-18.46,-0.77,27.88,1.17,-24.05,-1.01,918.43,0.09
2851,Entry long,2026-04-14 21:45,L,2388.52,1,2388.52,-18.46,-0.77,27.88,1.17,-24.05,-1.01,918.43,0.09
2852,Exit long,2026-04-15 06:30,Close entry(s) order L,2313.23,1,2320.24,-7.01,-0.30,11.42,0.49,-7.9,-0.34,911.42,0.09
2852,Entry long,2026-04-15 05:30,L,2320.24,1,2320.24,-7.01,-0.30,11.42,0.49,-7.9,-0.34,911.42,0.09
2853,Exit long,2026-04-15 10:30,Close entry(s) order L,2324.67,1,2317.67,7,0.30,24.4,1.05,-1.63,-0.07,918.42,0.09
2853,Entry long,2026-04-15 07:15,L,2317.67,1,2317.67,7,0.30,24.4,1.05,-1.63,-0.07,918.42,0.09
2854,Exit long,2026-04-15 12:30,Close entry(s) order L,2328.82,1,2329.88,-1.06,-0.05,2.92,0.13,-3.4,-0.15,917.36,0.09
2854,Entry long,2026-04-15 12:15,L,2329.88,1,2329.88,-1.06,-0.05,2.92,0.13,-3.4,-0.15,917.36,0.09
2855,Exit long,2026-04-15 13:30,Close entry(s) order L,2321,1,2330.2,-9.2,-0.39,6.99,0.30,-10.93,-0.47,908.16,0.09
2855,Entry long,2026-04-15 12:45,L,2330.2,1,2330.2,-9.2,-0.39,6.99,0.30,-10.93,-0.47,908.16,0.09
2856,Exit long,2026-04-15 18:00,Close entry(s) order L,2319,1,2322.77,-3.77,-0.16,9.99,0.43,-5.4,-0.23,904.39,0.09
2856,Entry long,2026-04-15 16:30,L,2322.77,1,2322.77,-3.77,-0.16,9.99,0.43,-5.4,-0.23,904.39,0.09
2857,Exit long,2026-04-15 18:30,Close entry(s) order L,2313.14,1,2321.21,-8.07,-0.35,0.17,0.01,-9.07,-0.39,896.32,0.09
2857,Entry long,2026-04-15 18:15,L,2321.21,1,2321.21,-8.07,-0.35,0.17,0.01,-9.07,-0.39,896.32,0.09
2858,Exit long,2026-04-15 19:00,Close entry(s) order L,2315.72,1,2321.27,-5.55,-0.24,6.51,0.28,-7.27,-0.31,890.77,0.09
2858,Entry long,2026-04-15 18:45,L,2321.27,1,2321.27,-5.55,-0.24,6.51,0.28,-7.27,-0.31,890.77,0.09
2859,Exit long,2026-04-15 21:45,Close entry(s) order L,2317.37,1,2325.37,-8,-0.34,14.63,0.63,-8.95,-0.38,882.77,0.09
2859,Entry long,2026-04-15 19:15,L,2325.37,1,2325.37,-8,-0.34,14.63,0.63,-8.95,-0.38,882.77,0.09
2860,Exit long,2026-04-15 22:45,Close entry(s) order L,2327.96,1,2332.17,-4.21,-0.18,11.57,0.50,-5.86,-0.25,878.56,0.09
2860,Entry long,2026-04-15 22:15,L,2332.17,1,2332.17,-4.21,-0.18,11.57,0.50,-5.86,-0.25,878.56,0.09
2861,Exit long,2026-04-15 23:45,Close entry(s) order L,2331.21,1,2337.24,-6.03,-0.26,11.64,0.50,-18.01,-0.77,872.53,0.09
2861,Entry long,2026-04-15 23:00,L,2337.24,1,2337.24,-6.03,-0.26,11.64,0.50,-18.01,-0.77,872.53,0.09
2862,Exit long,2026-04-16 04:45,Close entry(s) order L,2356.7,1,2340.4,16.3,0.70,44.27,1.89,-6.64,-0.28,888.83,0.09
2862,Entry long,2026-04-16 00:15,L,2340.4,1,2340.4,16.3,0.70,44.27,1.89,-6.64,-0.28,888.83,0.09
2863,Exit long,2026-04-16 05:15,Close entry(s) order L,2352.46,1,2361.62,-9.16,-0.39,0.57,0.02,-9.2,-0.39,879.67,0.09
2863,Entry long,2026-04-16 05:00,L,2361.62,1,2361.62,-9.16,-0.39,0.57,0.02,-9.2,-0.39,879.67,0.09
2864,Exit long,2026-04-16 07:00,Close entry(s) order L,2362.58,1,2372.59,-10.01,-0.42,7.31,0.31,-11.16,-0.47,869.66,0.09
2864,Entry long,2026-04-16 06:15,L,2372.59,1,2372.59,-10.01,-0.42,7.31,0.31,-11.16,-0.47,869.66,0.09
2865,Exit long,2026-04-16 13:00,Close entry(s) order L,2352.72,1,2357.67,-4.95,-0.21,10.78,0.46,-11.08,-0.47,864.71,0.09
2865,Entry long,2026-04-16 10:30,L,2357.67,1,2357.67,-4.95,-0.21,10.78,0.46,-11.08,-0.47,864.71,0.09
2866,Exit long,2026-04-16 21:45,Close entry(s) order L,2335.7,1,2343.14,-7.44,-0.32,8.86,0.38,-11.98,-0.51,857.27,0.09
2866,Entry long,2026-04-16 20:15,L,2343.14,1,2343.14,-7.44,-0.32,8.86,0.38,-11.98,-0.51,857.27,0.09
2867,Exit long,2026-04-17 00:45,Close entry(s) order L,2320.17,1,2337.64,-17.47,-0.75,10.04,0.43,-22.63,-0.97,839.8,0.08
2867,Entry long,2026-04-16 23:45,L,2337.64,1,2337.64,-17.47,-0.75,10.04,0.43,-22.63,-0.97,839.8,0.08
2868,Exit long,2026-04-17 02:30,Close entry(s) order L,2325,1,2323.58,1.42,0.06,10.19,0.44,-6.5,-0.28,841.22,0.08
2868,Entry long,2026-04-17 01:30,L,2323.58,1,2323.58,1.42,0.06,10.19,0.44,-6.5,-0.28,841.22,0.08
2869,Exit long,2026-04-17 05:30,Close entry(s) order L,2339.39,1,2332.14,7.25,0.31,31.53,1.35,-0.01,0.00,848.47,0.08
2869,Entry long,2026-04-17 02:45,L,2332.14,1,2332.14,7.25,0.31,31.53,1.35,-0.01,0.00,848.47,0.08
2870,Exit long,2026-04-17 08:15,Close entry(s) order L,2341.85,1,2347.1,-5.25,-0.22,6.93,0.30,-5.96,-0.25,843.22,0.08
2870,Entry long,2026-04-17 07:30,L,2347.1,1,2347.1,-5.25,-0.22,6.93,0.30,-5.96,-0.25,843.22,0.08
2871,Exit long,2026-04-17 09:00,Close entry(s) order L,2343.29,1,2344.65,-1.36,-0.06,4.76,0.20,-2.43,-0.10,841.86,0.08
2871,Entry long,2026-04-17 08:30,L,2344.65,1,2344.65,-1.36,-0.06,4.76,0.20,-2.43,-0.10,841.86,0.08
2872,Exit long,2026-04-17 13:00,Close entry(s) order L,2327.8,1,2331.38,-3.58,-0.15,1.74,0.07,-4.22,-0.18,838.28,0.08
2872,Entry long,2026-04-17 12:45,L,2331.38,1,2331.38,-3.58,-0.15,1.74,0.07,-4.22,-0.18,838.28,0.08
2873,Exit long,2026-04-17 18:30,Close entry(s) order L,2340.94,1,2328.12,12.82,0.55,48.84,2.10,-1.2,-0.05,851.1,0.09
2873,Entry long,2026-04-17 14:45,L,2328.12,1,2328.12,12.82,0.55,48.84,2.10,-1.2,-0.05,851.1,0.09
2874,Exit long,2026-04-17 19:45,Close entry(s) order L,2348.65,1,2350.68,-2.03,-0.09,3.55,0.15,-3.38,-0.14,849.07,0.08
2874,Entry long,2026-04-17 19:30,L,2350.68,1,2350.68,-2.03,-0.09,3.55,0.15,-3.38,-0.14,849.07,0.08
2875,Exit long,2026-04-18 01:15,Close entry(s) order L,2436.17,1,2353.64,82.53,3.51,110.22,4.68,-5.64,-0.24,931.6,0.09
2875,Entry long,2026-04-17 20:00,L,2353.64,1,2353.64,82.53,3.51,110.22,4.68,-5.64,-0.24,931.6,0.09
2876,Exit long,2026-04-18 04:30,Close entry(s) order L,2426.99,1,2431.34,-4.35,-0.18,0.37,0.02,-5,-0.21,927.25,0.09
2876,Entry long,2026-04-18 04:15,L,2431.34,1,2431.34,-4.35,-0.18,0.37,0.02,-5,-0.21,927.25,0.09
2877,Exit long,2026-04-18 06:15,Close entry(s) order L,2424.95,1,2428.08,-3.13,-0.13,4.29,0.18,-10.47,-0.43,924.12,0.09
2877,Entry long,2026-04-18 05:15,L,2428.08,1,2428.08,-3.13,-0.13,4.29,0.18,-10.47,-0.43,924.12,0.09
2878,Exit long,2026-04-18 07:15,Close entry(s) order L,2427.89,1,2430.05,-2.16,-0.09,11.6,0.48,-3.35,-0.14,921.96,0.09
2878,Entry long,2026-04-18 06:30,L,2430.05,1,2430.05,-2.16,-0.09,11.6,0.48,-3.35,-0.14,921.96,0.09
2879,Exit long,2026-04-18 09:30,Close entry(s) order L,2422.87,1,2425.64,-2.77,-0.11,0,0.00,-3.56,-0.15,919.19,0.09
2879,Entry long,2026-04-18 09:15,L,2425.64,1,2425.64,-2.77,-0.11,0,0.00,-3.56,-0.15,919.19,0.09
2880,Exit long,2026-04-18 11:00,Close entry(s) order L,2418.29,1,2421,-2.71,-0.11,1,0.04,-3.81,-0.16,916.48,0.09
2880,Entry long,2026-04-18 10:30,L,2421,1,2421,-2.71,-0.11,1,0.04,-3.81,-0.16,916.48,0.09
2881,Exit long,2026-04-18 15:30,Close entry(s) order L,2404.83,1,2409.9,-5.07,-0.21,0.84,0.03,-5.11,-0.21,911.41,0.09
2881,Entry long,2026-04-18 14:45,L,2409.9,1,2409.9,-5.07,-0.21,0.84,0.03,-5.11,-0.21,911.41,0.09
2882,Exit long,2026-04-19 01:00,Close entry(s) order L,2359.17,1,2353.94,5.23,0.22,20.21,0.86,-6.39,-0.27,916.64,0.09
2882,Entry long,2026-04-18 22:00,L,2353.94,1,2353.94,5.23,0.22,20.21,0.86,-6.39,-0.27,916.64,0.09
2883,Exit long,2026-04-19 06:15,Close entry(s) order L,2347.79,1,2350.81,-3.02,-0.13,3.68,0.16,-4.97,-0.21,913.62,0.09
2883,Entry long,2026-04-19 05:15,L,2350.81,1,2350.81,-3.02,-0.13,3.68,0.16,-4.97,-0.21,913.62,0.09
2884,Exit long,2026-04-19 07:45,Close entry(s) order L,2351.5,1,2352.08,-0.58,-0.02,6.49,0.28,-2.04,-0.09,913.04,0.09
2884,Entry long,2026-04-19 06:30,L,2352.08,1,2352.08,-0.58,-0.02,6.49,0.28,-2.04,-0.09,913.04,0.09
2885,Exit long,2026-04-19 12:30,Close entry(s) order L,2340.41,1,2342.91,-2.5,-0.11,1.09,0.05,-2.91,-0.12,910.54,0.09
2885,Entry long,2026-04-19 12:15,L,2342.91,1,2342.91,-2.5,-0.11,1.09,0.05,-2.91,-0.12,910.54,0.09
2886,Exit long,2026-04-19 23:30,Close entry(s) order L,2333.52,1,2313.3,20.22,0.87,35.62,1.54,-1.09,-0.05,930.76,0.09
2886,Entry long,2026-04-19 18:45,L,2313.3,1,2313.3,20.22,0.87,35.62,1.54,-1.09,-0.05,930.76,0.09
2887,Exit long,2026-04-20 12:30,Close entry(s) order L,2280.69,1,2275.1,5.59,0.25,17.81,0.78,-4.7,-0.21,936.35,0.09
2887,Entry long,2026-04-20 08:30,L,2275.1,1,2275.1,5.59,0.25,17.81,0.78,-4.7,-0.21,936.35,0.09
2888,Exit long,2026-04-20 13:15,Close entry(s) order L,2272.1,1,2282.19,-10.09,-0.44,0,0.00,-14.19,-0.62,926.26,0.09
2888,Entry long,2026-04-20 13:00,L,2282.19,1,2282.19,-10.09,-0.44,0,0.00,-14.19,-0.62,926.26,0.09
2889,Exit long,2026-04-20 19:00,Close entry(s) order L,2302.12,1,2283.66,18.46,0.81,48.22,2.11,-4.21,-0.18,944.72,0.09
2889,Entry long,2026-04-20 14:45,L,2283.66,1,2283.66,18.46,0.81,48.22,2.11,-4.21,-0.18,944.72,0.09
2890,Exit long,2026-04-20 22:00,Close entry(s) order L,2309.46,1,2307.99,1.47,0.06,18.01,0.78,-7.99,-0.35,946.19,0.09
2890,Entry long,2026-04-20 19:15,L,2307.99,1,2307.99,1.47,0.06,18.01,0.78,-7.99,-0.35,946.19,0.09
2891,Exit long,2026-04-20 23:45,Close entry(s) order L,2306.62,1,2316.6,-9.98,-0.43,0,0.00,-10.97,-0.47,936.21,0.09
2891,Entry long,2026-04-20 23:30,L,2316.6,1,2316.6,-9.98,-0.43,0,0.00,-10.97,-0.47,936.21,0.09
2892,Exit long,2026-04-21 00:15,Close entry(s) order L,2306.5,1,2312.72,-6.22,-0.27,0.87,0.04,-7.36,-0.32,929.99,0.09
2892,Entry long,2026-04-21 00:00,L,2312.72,1,2312.72,-6.22,-0.27,0.87,0.04,-7.36,-0.32,929.99,0.09
2893,Exit long,2026-04-21 01:00,Close entry(s) order L,2298.99,1,2305.69,-6.7,-0.29,2.58,0.11,-8.57,-0.37,923.29,0.09
2893,Entry long,2026-04-21 00:45,L,2305.69,1,2305.69,-6.7,-0.29,2.58,0.11,-8.57,-0.37,923.29,0.09
2894,Exit long,2026-04-21 05:15,Close entry(s) order L,2323.72,1,2312.35,11.37,0.49,34.49,1.49,-5.83,-0.25,934.66,0.09
2894,Entry long,2026-04-21 01:15,L,2312.35,1,2312.35,11.37,0.49,34.49,1.49,-5.83,-0.25,934.66,0.09
2895,Exit long,2026-04-21 10:00,Close entry(s) order L,2313.78,1,2320.66,-6.88,-0.30,4.76,0.21,-9.55,-0.41,927.78,0.09
2895,Entry long,2026-04-21 09:00,L,2320.66,1,2320.66,-6.88,-0.30,4.76,0.21,-9.55,-0.41,927.78,0.09
2896,Exit long,2026-04-21 14:30,Close entry(s) order L,2308.72,1,2313.09,-4.37,-0.19,6.61,0.29,-6.68,-0.29,923.41,0.09
2896,Entry long,2026-04-21 13:00,L,2313.09,1,2313.09,-4.37,-0.19,6.61,0.29,-6.68,-0.29,923.41,0.09
2897,Exit long,2026-04-21 16:15,Close entry(s) order L,2314.83,1,2318.67,-3.84,-0.17,4.8,0.21,-8.5,-0.37,919.57,0.09
2897,Entry long,2026-04-21 14:45,L,2318.67,1,2318.67,-3.84,-0.17,4.8,0.21,-8.5,-0.37,919.57,0.09
2898,Exit long,2026-04-21 19:15,Close entry(s) order L,2316.74,1,2321.69,-4.95,-0.21,16.3,0.70,-7.62,-0.33,914.62,0.09
2898,Entry long,2026-04-21 16:30,L,2321.69,1,2321.69,-4.95,-0.21,16.3,0.70,-7.62,-0.33,914.62,0.09
2899,Exit long,2026-04-21 19:45,Close entry(s) order L,2321.39,1,2325.19,-3.8,-0.16,1.6,0.07,-4.48,-0.19,910.82,0.09
2899,Entry long,2026-04-21 19:30,L,2325.19,1,2325.19,-3.8,-0.16,1.6,0.07,-4.48,-0.19,910.82,0.09
2900,Exit long,2026-04-21 23:00,Close entry(s) order L,2297.92,1,2313.11,-15.19,-0.66,13.43,0.58,-19.8,-0.86,895.63,0.09
2900,Entry long,2026-04-21 22:30,L,2313.11,1,2313.11,-15.19,-0.66,13.43,0.58,-19.8,-0.86,895.63,0.09
2901,Exit long,2026-04-22 01:00,Close entry(s) order L,2306.15,1,2309.3,-3.15,-0.14,14.53,0.63,-4.28,-0.19,892.48,0.09
2901,Entry long,2026-04-22 00:00,L,2309.3,1,2309.3,-3.15,-0.14,14.53,0.63,-4.28,-0.19,892.48,0.09
2902,Exit long,2026-04-22 02:00,Close entry(s) order L,2305.13,1,2313.46,-8.33,-0.36,1.37,0.06,-11.73,-0.51,884.15,0.09
2902,Entry long,2026-04-22 01:45,L,2313.46,1,2313.46,-8.33,-0.36,1.37,0.06,-11.73,-0.51,884.15,0.09
2903,Exit long,2026-04-22 03:45,Close entry(s) order L,2287.72,1,2311.47,-23.75,-1.03,18.53,0.80,-25.89,-1.12,860.4,0.09
2903,Entry long,2026-04-22 03:00,L,2311.47,1,2311.47,-23.75,-1.03,18.53,0.80,-25.89,-1.12,860.4,0.09
2904,Exit long,2026-04-22 05:45,Close entry(s) order L,2308.76,1,2317.68,-8.92,-0.38,7.31,0.32,-9.21,-0.40,851.48,0.09
2904,Entry long,2026-04-22 04:15,L,2317.68,1,2317.68,-8.92,-0.38,7.31,0.32,-9.21,-0.40,851.48,0.09
2905,Exit long,2026-04-22 06:30,Close entry(s) order L,2305.78,1,2311.25,-5.47,-0.24,4.63,0.20,-8.47,-0.37,846.01,0.08
2905,Entry long,2026-04-22 06:00,L,2311.25,1,2311.25,-5.47,-0.24,4.63,0.20,-8.47,-0.37,846.01,0.08
2906,Exit long,2026-04-22 09:30,Close entry(s) order L,2312.62,1,2310.48,2.14,0.09,19.07,0.83,-4.4,-0.19,848.15,0.08
2906,Entry long,2026-04-22 06:45,L,2310.48,1,2310.48,2.14,0.09,19.07,0.83,-4.4,-0.19,848.15,0.08
2907,Exit long,2026-04-22 16:30,Close entry(s) order L,2384.8,1,2321.42,63.38,2.73,92.93,4.00,-2.49,-0.11,911.53,0.09
2907,Entry long,2026-04-22 10:00,L,2321.42,1,2321.42,63.38,2.73,92.93,4.00,-2.49,-0.11,911.53,0.09
2908,Exit long,2026-04-22 18:00,Close entry(s) order L,2386.64,1,2390.92,-4.28,-0.18,2.36,0.10,-7.41,-0.31,907.25,0.09
2908,Entry long,2026-04-22 17:15,L,2390.92,1,2390.92,-4.28,-0.18,2.36,0.10,-7.41,-0.31,907.25,0.09
2909,Exit long,2026-04-22 22:45,Close entry(s) order L,2394.9,1,2390.01,4.89,0.20,32.99,1.38,-4.51,-0.19,912.14,0.09
2909,Entry long,2026-04-22 18:30,L,2390.01,1,2390.01,4.89,0.20,32.99,1.38,-4.51,-0.19,912.14,0.09
2910,Exit long,2026-04-23 00:00,Close entry(s) order L,2402.69,1,2410.86,-8.17,-0.34,2.02,0.08,-9.19,-0.38,903.97,0.09
2910,Entry long,2026-04-22 23:45,L,2410.86,1,2410.86,-8.17,-0.34,2.02,0.08,-9.19,-0.38,903.97,0.09
2911,Exit long,2026-04-23 03:00,Close entry(s) order L,2396.1,1,2398.32,-2.22,-0.09,5.44,0.23,-4.46,-0.19,901.75,0.09
2911,Entry long,2026-04-23 02:00,L,2398.32,1,2398.32,-2.22,-0.09,5.44,0.23,-4.46,-0.19,901.75,0.09
2912,Exit long,2026-04-23 03:45,Close entry(s) order L,2394.89,1,2404.03,-9.14,-0.38,0.97,0.04,-12.64,-0.53,892.61,0.09
2912,Entry long,2026-04-23 03:30,L,2404.03,1,2404.03,-9.14,-0.38,0.97,0.04,-12.64,-0.53,892.61,0.09
2913,Exit long,2026-04-23 04:30,Close entry(s) order L,2396.81,1,2396.76,0.05,0.00,4.73,0.20,-6.27,-0.26,892.66,0.09
2913,Entry long,2026-04-23 04:00,L,2396.76,1,2396.76,0.05,0.00,4.73,0.20,-6.27,-0.26,892.66,0.09
2914,Exit long,2026-04-23 06:30,Close entry(s) order L,2396.08,1,2405.2,-9.12,-0.38,0,0.00,-10.15,-0.42,883.54,0.09
2914,Entry long,2026-04-23 05:45,L,2405.2,1,2405.2,-9.12,-0.38,0,0.00,-10.15,-0.42,883.54,0.09
2915,Exit long,2026-04-23 07:15,Close entry(s) order L,2396.42,1,2398.96,-2.54,-0.11,0.67,0.03,-7.19,-0.30,881,0.09
2915,Entry long,2026-04-23 07:00,L,2398.96,1,2398.96,-2.54,-0.11,0.67,0.03,-7.19,-0.30,881,0.09
2916,Exit long,2026-04-23 13:30,Close entry(s) order L,2345.41,1,2349.7,-4.29,-0.18,0.42,0.02,-5.38,-0.23,876.71,0.09
2916,Entry long,2026-04-23 13:15,L,2349.7,1,2349.7,-4.29,-0.18,0.42,0.02,-5.38,-0.23,876.71,0.09
2917,Exit long,2026-04-23 16:00,Close entry(s) order L,2342.81,1,2347.52,-4.71,-0.20,10.2,0.43,-8.61,-0.37,872,0.09
2917,Entry long,2026-04-23 14:00,L,2347.52,1,2347.52,-4.71,-0.20,10.2,0.43,-8.61,-0.37,872,0.09
2918,Exit long,2026-04-23 21:45,Close entry(s) order L,2319.57,1,2324.11,-4.54,-0.20,10.16,0.44,-5.81,-0.25,867.46,0.09
2918,Entry long,2026-04-23 19:45,L,2324.11,1,2324.11,-4.54,-0.20,10.16,0.44,-5.81,-0.25,867.46,0.09
2919,Exit long,2026-04-24 01:00,Close entry(s) order L,2325.06,1,2325.89,-0.83,-0.04,17.47,0.75,-3.86,-0.17,866.63,0.09
2919,Entry long,2026-04-23 22:30,L,2325.89,1,2325.89,-0.83,-0.04,17.47,0.75,-3.86,-0.17,866.63,0.09
2920,Exit long,2026-04-24 09:15,Close entry(s) order L,2324.48,1,2311.77,12.71,0.55,25.99,1.12,-0.35,-0.02,879.34,0.09
2920,Entry long,2026-04-24 04:00,L,2311.77,1,2311.77,12.71,0.55,25.99,1.12,-0.35,-0.02,879.34,0.09
2921,Exit long,2026-04-24 10:30,Close entry(s) order L,2323.85,1,2331.76,-7.91,-0.34,2.6,0.11,-8.76,-0.38,871.43,0.09
2921,Entry long,2026-04-24 10:00,L,2331.76,1,2331.76,-7.91,-0.34,2.6,0.11,-8.76,-0.38,871.43,0.09
2922,Exit long,2026-04-24 11:00,Close entry(s) order L,2318.47,1,2328.23,-9.76,-0.42,1.33,0.06,-15.28,-0.66,861.67,0.09
2922,Entry long,2026-04-24 10:45,L,2328.23,1,2328.23,-9.76,-0.42,1.33,0.06,-15.28,-0.66,861.67,0.09
2923,Exit long,2026-04-24 17:15,Close entry(s) order L,2306.88,1,2313.8,-6.92,-0.30,8.14,0.35,-12.14,-0.52,854.75,0.09
2923,Entry long,2026-04-24 14:00,L,2313.8,1,2313.8,-6.92,-0.30,8.14,0.35,-12.14,-0.52,854.75,0.09
2924,Exit long,2026-04-24 21:30,Close entry(s) order L,2321.94,1,2312.32,9.62,0.42,18.68,0.81,-1.23,-0.05,864.37,0.09
2924,Entry long,2026-04-24 18:30,L,2312.32,1,2312.32,9.62,0.42,18.68,0.81,-1.23,-0.05,864.37,0.09
2925,Exit long,2026-04-25 00:15,Close entry(s) order L,2315.65,1,2323.92,-8.27,-0.36,4.87,0.21,-8.41,-0.36,856.1,0.09
2925,Entry long,2026-04-24 23:45,L,2323.92,1,2323.92,-8.27,-0.36,4.87,0.21,-8.41,-0.36,856.1,0.09
2926,Exit long,2026-04-25 01:45,Close entry(s) order L,2313.23,1,2315.48,-2.25,-0.10,3.1,0.13,-8.21,-0.35,853.85,0.09
2926,Entry long,2026-04-25 01:00,L,2315.48,1,2315.48,-2.25,-0.10,3.1,0.13,-8.21,-0.35,853.85,0.09
2927,Exit long,2026-04-25 02:15,Close entry(s) order L,2313.23,1,2318.53,-5.3,-0.23,1.8,0.08,-5.88,-0.25,848.55,0.08
2927,Entry long,2026-04-25 02:00,L,2318.53,1,2318.53,-5.3,-0.23,1.8,0.08,-5.88,-0.25,848.55,0.08
2928,Exit long,2026-04-25 04:30,Close entry(s) order L,2315.65,1,2317.15,-1.5,-0.06,6.85,0.30,-3.68,-0.16,847.05,0.08
2928,Entry long,2026-04-25 02:45,L,2317.15,1,2317.15,-1.5,-0.06,6.85,0.30,-3.68,-0.16,847.05,0.08
2929,Exit long,2026-04-25 05:15,Close entry(s) order L,2314,1,2323.2,-9.2,-0.40,3.91,0.17,-9.57,-0.41,837.85,0.08
2929,Entry long,2026-04-25 04:45,L,2323.2,1,2323.2,-9.2,-0.40,3.91,0.17,-9.57,-0.41,837.85,0.08
2930,Exit long,2026-04-25 11:30,Close entry(s) order L,2315.1,1,2314.87,0.23,0.01,5.13,0.22,-1.8,-0.08,838.08,0.08
2930,Entry long,2026-04-25 09:00,L,2314.87,1,2314.87,0.23,0.01,5.13,0.22,-1.8,-0.08,838.08,0.08
2931,Exit long,2026-04-25 12:30,Close entry(s) order L,2316.63,1,2317,-0.37,-0.02,1.31,0.06,-1,-0.04,837.71,0.08
2931,Entry long,2026-04-25 11:45,L,2317,1,2317,-0.37,-0.02,1.31,0.06,-1,-0.04,837.71,0.08
2932,Exit long,2026-04-25 19:15,Close entry(s) order L,2315.94,1,2315.25,0.69,0.03,6.97,0.30,-0.63,-0.03,838.4,0.08
2932,Entry long,2026-04-25 15:45,L,2315.25,1,2315.25,0.69,0.03,6.97,0.30,-0.63,-0.03,838.4,0.08
2933,Exit long,2026-04-26 00:00,Close entry(s) order L,2306.64,1,2315.79,-9.15,-0.40,2.15,0.09,-16.81,-0.73,829.25,0.08
2933,Entry long,2026-04-25 21:15,L,2315.79,1,2315.79,-9.15,-0.40,2.15,0.09,-16.81,-0.73,829.25,0.08
2934,Exit long,2026-04-26 03:30,Close entry(s) order L,2307.9,1,2311.04,-3.14,-0.14,1.91,0.08,-3.2,-0.14,826.11,0.08
2934,Entry long,2026-04-26 02:30,L,2311.04,1,2311.04,-3.14,-0.14,1.91,0.08,-3.2,-0.14,826.11,0.08
2935,Exit long,2026-04-26 08:15,Close entry(s) order L,2315.47,1,2309.23,6.24,0.27,10.36,0.45,-0.73,-0.03,832.35,0.08
2935,Entry long,2026-04-26 04:15,L,2309.23,1,2309.23,6.24,0.27,10.36,0.45,-0.73,-0.03,832.35,0.08
2936,Exit long,2026-04-26 09:00,Close entry(s) order L,2314,1,2316.16,-2.16,-0.09,0.7,0.03,-6.16,-0.27,830.19,0.08
2936,Entry long,2026-04-26 08:45,L,2316.16,1,2316.16,-2.16,-0.09,0.7,0.03,-6.16,-0.27,830.19,0.08
2937,Exit long,2026-04-26 10:45,Close entry(s) order L,2314.4,1,2316.63,-2.23,-0.10,0.88,0.04,-2.23,-0.10,827.96,0.08
2937,Entry long,2026-04-26 10:15,L,2316.63,1,2316.63,-2.23,-0.10,0.88,0.04,-2.23,-0.10,827.96,0.08
2938,Exit long,2026-04-26 20:15,Close entry(s) order L,2329.3,1,2316.23,13.07,0.56,20.76,0.90,-0.1,0.00,841.03,0.08
2938,Entry long,2026-04-26 13:00,L,2316.23,1,2316.23,13.07,0.56,20.76,0.90,-0.1,0.00,841.03,0.08
2939,Exit long,2026-04-27 01:00,Close entry(s) order L,2341.59,1,2333.9,7.69,0.33,17.7,0.76,-1.82,-0.08,848.72,0.08
2939,Entry long,2026-04-26 21:45,L,2333.9,1,2333.9,7.69,0.33,17.7,0.76,-1.82,-0.08,848.72,0.08
2940,Exit long,2026-04-27 05:45,Close entry(s) order L,2355.86,1,2343.94,11.92,0.51,32.57,1.39,-1.22,-0.05,860.64,0.09
2940,Entry long,2026-04-27 01:15,L,2343.94,1,2343.94,11.92,0.51,32.57,1.39,-1.22,-0.05,860.64,0.09
2941,Exit long,2026-04-27 06:45,Close entry(s) order L,2359.23,1,2363.11,-3.88,-0.16,16.88,0.71,-11.3,-0.48,856.76,0.09
2941,Entry long,2026-04-27 06:00,L,2363.11,1,2363.11,-3.88,-0.16,16.88,0.71,-11.3,-0.48,856.76,0.09
2942,Exit long,2026-04-27 08:30,Close entry(s) order L,2361.72,1,2371.32,-9.6,-0.40,6.35,0.27,-15.2,-0.64,847.16,0.08
2942,Entry long,2026-04-27 07:45,L,2371.32,1,2371.32,-9.6,-0.40,6.35,0.27,-15.2,-0.64,847.16,0.08
2943,Exit long,2026-04-27 12:15,Close entry(s) order L,2389.74,1,2371.09,18.65,0.79,32.9,1.39,-1.62,-0.07,865.81,0.09
2943,Entry long,2026-04-27 08:45,L,2371.09,1,2371.09,18.65,0.79,32.9,1.39,-1.62,-0.07,865.81,0.09
2944,Exit long,2026-04-27 19:15,Close entry(s) order L,2316.99,1,2318.29,-1.3,-0.06,6,0.26,-4.29,-0.19,864.51,0.09
2944,Entry long,2026-04-27 17:00,L,2318.29,1,2318.29,-1.3,-0.06,6,0.26,-4.29,-0.19,864.51,0.09
2945,Exit long,2026-04-27 20:15,Close entry(s) order L,2318.42,1,2320,-1.58,-0.07,1.52,0.07,-4.85,-0.21,862.93,0.09
2945,Entry long,2026-04-27 19:30,L,2320,1,2320,-1.58,-0.07,1.52,0.07,-4.85,-0.21,862.93,0.09
2946,Exit long,2026-04-27 23:00,Close entry(s) order L,2313.82,1,2325.02,-11.2,-0.48,3.7,0.16,-14,-0.60,851.73,0.09
2946,Entry long,2026-04-27 22:45,L,2325.02,1,2325.02,-11.2,-0.48,3.7,0.16,-14,-0.60,851.73,0.09
2947,Exit long,2026-04-28 02:00,Close entry(s) order L,2285.19,1,2289.02,-3.83,-0.17,0.77,0.03,-4.02,-0.18,847.9,0.08
2947,Entry long,2026-04-28 01:45,L,2289.02,1,2289.02,-3.83,-0.17,0.77,0.03,-4.02,-0.18,847.9,0.08
2948,Exit long,2026-04-28 03:30,Close entry(s) order L,2278.8,1,2286.45,-7.65,-0.33,3.94,0.17,-8.12,-0.36,840.25,0.08
2948,Entry long,2026-04-28 02:15,L,2286.45,1,2286.45,-7.65,-0.33,3.94,0.17,-8.12,-0.36,840.25,0.08
2949,Exit long,2026-04-28 06:00,Close entry(s) order L,2285.89,1,2285.73,0.16,0.01,9.27,0.41,-0.72,-0.03,840.41,0.08
2949,Entry long,2026-04-28 03:45,L,2285.73,1,2285.73,0.16,0.01,9.27,0.41,-0.72,-0.03,840.41,0.08
2950,Exit long,2026-04-28 09:45,Close entry(s) order L,2297.65,1,2290.64,7.01,0.31,19.09,0.83,-1.3,-0.06,847.42,0.08
2950,Entry long,2026-04-28 06:30,L,2290.64,1,2290.64,7.01,0.31,19.09,0.83,-1.3,-0.06,847.42,0.08
2951,Exit long,2026-04-28 13:45,Close entry(s) order L,2286.89,1,2288.49,-1.6,-0.07,7.28,0.32,-3.47,-0.15,845.82,0.08
2951,Entry long,2026-04-28 13:15,L,2288.49,1,2288.49,-1.6,-0.07,7.28,0.32,-3.47,-0.15,845.82,0.08
2952,Exit long,2026-04-28 14:30,Close entry(s) order L,2284.6,1,2288.49,-3.89,-0.17,0.23,0.01,-6.39,-0.28,841.93,0.08
2952,Entry long,2026-04-28 14:15,L,2288.49,1,2288.49,-3.89,-0.17,0.23,0.01,-6.39,-0.28,841.93,0.08
2953,Exit long,2026-04-28 17:45,Close entry(s) order L,2281.65,1,2286.5,-4.85,-0.21,3.82,0.17,-4.85,-0.21,837.08,0.08
2953,Entry long,2026-04-28 16:00,L,2286.5,1,2286.5,-4.85,-0.21,3.82,0.17,-4.85,-0.21,837.08,0.08
2954,Exit long,2026-04-28 19:00,Close entry(s) order L,2283.45,1,2285,-1.55,-0.07,1.57,0.07,-2.71,-0.12,835.53,0.08
2954,Entry long,2026-04-28 18:45,L,2285,1,2285,-1.55,-0.07,1.57,0.07,-2.71,-0.12,835.53,0.08
2955,Exit long,2026-04-29 05:15,Close entry(s) order L,2290.4,1,2278.53,11.87,0.52,26.4,1.16,-5.53,-0.24,847.4,0.08
2955,Entry long,2026-04-29 00:00,L,2278.53,1,2278.53,11.87,0.52,26.4,1.16,-5.53,-0.24,847.4,0.08
2956,Exit long,2026-04-29 09:15,Close entry(s) order L,2283.37,1,2288.14,-4.77,-0.21,5.46,0.24,-7.34,-0.32,842.63,0.08
2956,Entry long,2026-04-29 08:45,L,2288.14,1,2288.14,-4.77,-0.21,5.46,0.24,-7.34,-0.32,842.63,0.08
2957,Exit long,2026-04-29 10:45,Close entry(s) order L,2285.66,1,2291.61,-5.95,-0.26,3.04,0.13,-8.48,-0.37,836.68,0.08
2957,Entry long,2026-04-29 10:00,L,2291.61,1,2291.61,-5.95,-0.26,3.04,0.13,-8.48,-0.37,836.68,0.08
2958,Exit long,2026-04-29 15:30,Close entry(s) order L,2322.25,1,2288.04,34.21,1.50,54.11,2.36,-1.36,-0.06,870.89,0.09
2958,Entry long,2026-04-29 11:00,L,2288.04,1,2288.04,34.21,1.50,54.11,2.36,-1.36,-0.06,870.89,0.09
2959,Exit long,2026-04-29 16:00,Close entry(s) order L,2322.83,1,2326.14,-3.31,-0.14,0.5,0.02,-5.52,-0.24,867.58,0.09
2959,Entry long,2026-04-29 15:45,L,2326.14,1,2326.14,-3.31,-0.14,0.5,0.02,-5.52,-0.24,867.58,0.09
2960,Exit long,2026-04-29 19:30,Close entry(s) order L,2328.97,1,2326.28,2.69,0.12,20.2,0.87,-0.8,-0.03,870.27,0.09
2960,Entry long,2026-04-29 17:15,L,2326.28,1,2326.28,2.69,0.12,20.2,0.87,-0.8,-0.03,870.27,0.09
2961,Exit long,2026-04-30 02:15,Close entry(s) order L,2240.34,1,2281.97,-41.63,-1.82,2.89,0.13,-56.28,-2.47,828.64,0.08
2961,Entry long,2026-04-30 02:00,L,2281.97,1,2281.97,-41.63,-1.82,2.89,0.13,-56.28,-2.47,828.64,0.08
2962,Exit long,2026-04-30 05:00,Close entry(s) order L,2239.39,1,2244.54,-5.15,-0.23,3.2,0.14,-5.3,-0.24,823.49,0.08
2962,Entry long,2026-04-30 04:45,L,2244.54,1,2244.54,-5.15,-0.23,3.2,0.14,-5.3,-0.24,823.49,0.08
2963,Exit long,2026-04-30 10:30,Close entry(s) order L,2261.82,1,2245.86,15.96,0.71,32.06,1.43,-2.86,-0.13,839.45,0.08
2963,Entry long,2026-04-30 05:15,L,2245.86,1,2245.86,15.96,0.71,32.06,1.43,-2.86,-0.13,839.45,0.08
2964,Exit long,2026-04-30 18:30,Close entry(s) order L,2255.67,1,2245.76,9.91,0.44,24.24,1.08,-4.46,-0.20,849.36,0.08
2964,Entry long,2026-04-30 14:30,L,2245.76,1,2245.76,9.91,0.44,24.24,1.08,-4.46,-0.20,849.36,0.08
2965,Exit long,2026-04-30 19:45,Close entry(s) order L,2257.1,1,2260.04,-2.94,-0.13,12.96,0.57,-3.96,-0.18,846.42,0.08
2965,Entry long,2026-04-30 18:45,L,2260.04,1,2260.04,-2.94,-0.13,12.96,0.57,-3.96,-0.18,846.42,0.08
2966,Exit long,2026-04-30 21:30,Close entry(s) order L,2257.93,1,2266.04,-8.11,-0.36,1.67,0.07,-9.97,-0.44,838.31,0.08
2966,Entry long,2026-04-30 20:30,L,2266.04,1,2266.04,-8.11,-0.36,1.67,0.07,-9.97,-0.44,838.31,0.08
2967,Exit long,2026-04-30 22:15,Close entry(s) order L,2260.63,1,2269.86,-9.23,-0.41,1.5,0.07,-13.14,-0.58,829.08,0.08
2967,Entry long,2026-04-30 21:45,L,2269.86,1,2269.86,-9.23,-0.41,1.5,0.07,-13.14,-0.58,829.08,0.08
2968,Exit long,2026-05-01 00:30,Close entry(s) order L,2260.83,1,2264.71,-3.88,-0.17,10.09,0.45,-6.66,-0.29,825.2,0.08
2968,Entry long,2026-04-30 23:15,L,2264.71,1,2264.71,-3.88,-0.17,10.09,0.45,-6.66,-0.29,825.2,0.08
2969,Exit long,2026-05-01 05:30,Close entry(s) order L,2256.85,1,2259.97,-3.12,-0.14,6.38,0.28,-3.97,-0.18,822.08,0.08
2969,Entry long,2026-05-01 02:45,L,2259.97,1,2259.97,-3.12,-0.14,6.38,0.28,-3.97,-0.18,822.08,0.08